theta,t_count,h_count,s_count,w_count
2.0323442582795139,98,98,54,7
4.9629896750276181,102,102,54,7
1.9627216218419381,98,99,59,0
5.7518525081862366,98,99,53,0
1.7435060613132318,96,96,42,2
1.6562414334643265,98,98,48,5
5.7835308047122806,94,95,58,3
3.9830061589860453,98,99,51,6
3.4953547821703967,100,101,53,3
0.1665436828827858,98,98,45,6
2.4566936723248571,100,100,50,2
5.2579238660427743,94,94,54,7
2.9452237787423705,96,96,52,0
0.6376704986083428,100,101,48,4
1.8642657326102152,100,101,58,0
1.6664763305538199,98,98,53,6
5.0585640446150419,100,100,56,0
0.5624306904835822,100,101,49,3
4.8727184918949975,98,99,55,0
2.1922448093861382,98,99,52,3
3.9792155194944088,98,99,47,2
0.1300947062027015,100,101,54,2
5.3549813279802265,100,101,43,3
0.4909859223357395,96,97,53,3
4.5120082505795427,98,98,51,2
1.6370100571150359,96,97,55,7
5.8896598885243261,100,100,54,2
0.3662085601682734,98,99,53,0
2.2597193035130347,108,109,48,2
1.0641250556715816,98,98,52,3
3.1283876224712159,98,98,45,6
1.2091411876358060,98,98,42,1
2.3854747901806639,100,100,54,0
2.7100119178604860,100,101,52,6
0.3764274119933561,98,98,50,5
2.5687490032769769,98,99,53,0
3.0708425992709105,100,101,60,4
3.4070347815029023,98,98,52,7
4.1469727819135125,100,100,52,0
0.0257423607566701,100,101,57,1
5.6695484941200434,98,99,46,3
3.8169465290975721,100,101,52,6
4.2419239473658523,98,99,63,0
1.4962311576476439,96,96,50,6
3.3562241330997495,98,99,42,7
3.6807374270958846,100,101,50,0
5.9432562400540192,98,98,58,3
4.3023511601404554,100,101,50,4
2.7287058225182084,100,100,40,6
3.9017992069908827,100,100,47,1
1.2786933735970847,100,101,54,0
2.7644741786215992,100,101,50,0
0.6853441811567231,100,101,54,6
5.5377114294053635,94,95,44,1
3.8058701300637754,100,101,51,5
0.4672923468866921,98,99,53,0
4.9778056447410091,102,102,55,2
1.3643329331624259,96,97,47,5
5.3369139843806384,98,99,54,1
2.1183851144008434,100,101,54,6
3.6488053634711628,100,100,47,7
1.4662187644443059,100,101,52,6
3.5274679618014506,100,101,55,5
0.1485650357696250,100,101,55,3
0.9725869016897003,98,98,45,0
0.3694614755995814,102,103,53,4
5.5997875780131610,100,101,47,3
5.0319079348488067,100,101,57,1
0.4781616225002039,100,101,46,4
6.1145286642495513,100,100,42,0
1.8340984304529713,100,101,53,1
4.6974769778100525,98,98,44,5
1.2179977031540108,100,101,60,0
5.9647577246280017,100,100,42,4
1.5182322106543564,98,99,43,4
5.4406613604688250,98,99,57,0
0.7889529262803050,96,97,45,7
0.2464177337912709,100,100,38,2
2.7936432728382137,96,97,54,2
4.4748424509590530,98,98,47,4
6.2300500665924332,100,101,50,2
2.8972364493120555,104,105,46,0
4.8348761554137303,100,101,53,1
3.1263399625769996,98,99,57,0
1.6402127107435667,96,96,50,6
6.1349873564601634,100,101,64,6
5.3531511246006271,100,101,47,1
0.5260890606737213,96,97,48,6
0.7931318167208238,96,97,43,5
3.1352092301051435,98,98,47,6
1.2113142666595269,100,101,46,0
4.9076813953370779,98,99,47,0
1.9568374846781831,100,100,58,4
5.3254260767183315,100,101,52,4
2.3148961086831950,98,98,53,2
5.4632279437577571,98,99,56,5
1.1640911335853648,100,100,48,2
5.1305479461751462,98,98,54,3
1.4746636485955169,100,101,55,7
3.6462974850655008,104,105,62,0
3.7048421203377564,100,101,50,6
0.3321159253558025,102,102,67,6
4.4378789425384122,98,99,46,5
3.7533855618376273,98,99,50,1
1.0743924554184763,98,99,46,1
0.1954169259117838,98,99,44,3
5.0756722274219754,96,97,53,5
5.2661974671287739,98,99,49,4
6.2572423969376620,100,100,51,3
2.1712881854925303,100,100,47,5
6.0552879447172225,98,99,35,2
0.7775871094029134,100,101,46,0
3.3323377394956033,96,97,50,2
6.2698959248823405,102,103,56,1
2.4272285172502190,98,99,59,4
1.7016865190900881,100,101,50,2
3.5254600878335549,98,99,50,3
3.8171551317319743,100,101,51,7
6.2607687942070882,102,102,58,5
1.0984687677922440,100,101,50,2
2.9396974168644139,98,99,58,7
0.9194761892384480,100,101,54,2
0.1135762225802645,100,100,44,2
5.6941187551221670,98,98,58,5
0.0205187826187128,98,98,56,7
4.9072931388449357,98,99,49,2
2.8986063880291320,100,101,59,3
2.6818432716957590,98,98,53,0
4.7282334070881626,102,103,54,7
4.7559375631945899,98,98,48,1
6.2726056905015364,98,99,52,7
0.5954754723124058,100,101,52,2
3.9065309173935190,100,101,44,0
5.6775036586059189,98,99,50,5
3.5294218612307566,100,101,54,0
5.6224754862832205,100,101,44,2
0.0965295981629607,100,101,59,3
3.1627982461098147,92,92,51,3
4.5742107486557053,100,101,50,6
5.6153104358942132,98,98,49,2
2.1119343024509982,98,98,54,5
2.5597782149958768,98,99,55,4
0.9366943215280509,100,101,51,7
5.6078569302883867,100,101,48,0
4.7332565987703417,98,98,48,5
1.8089205718583299,100,101,50,4
1.6285733032523932,96,97,60,0
5.2349640973257801,96,97,51,7
5.3599442071902024,98,98,49,4
4.8615243604601126,98,99,58,1
4.7715851551919650,100,101,61,5
2.8567208063659040,100,101,47,3
4.9085292337460000,100,101,58,4
3.7075173860340023,96,97,49,5
1.5450538129558677,96,97,48,6
5.2895476216697563,100,101,48,4
5.3852767481403356,98,99,53,4
5.3300721644430507,98,99,53,6
5.1660671751048133,100,101,49,7
3.1138316680685270,98,99,50,3
3.0718694527368000,96,97,54,4
5.3633885001810819,98,98,51,2
5.9301688686198659,100,100,54,4
6.0255640409353752,98,98,50,3
4.5025393543146475,96,97,44,0
3.6121004548779463,100,101,51,1
2.2837130235292991,100,101,46,6
2.8343124496965544,98,99,57,2
5.6351277854817052,98,99,53,6
5.2628266313529553,100,100,56,4
5.1919673300052995,100,100,39,5
4.1844207351124654,100,101,61,3
3.5174478971924694,100,101,44,4
1.5443683572968179,100,101,50,6
6.0618261975534118,98,98,60,1
2.5111000206381480,102,103,54,5
0.0465558634051735,100,100,55,3
0.5501866099055421,100,101,45,3
2.0446669445555994,96,96,49,7
2.1766450689896515,98,99,50,3
1.7978720456191406,100,100,47,5
2.3800513227418607,100,101,56,4
3.3101296221445922,100,101,53,1
5.1672272422101315,100,100,55,7
3.9420724980452335,98,99,54,7
5.8114998839984180,98,98,49,4
3.8675003183694128,100,100,52,6
4.3576967517866354,98,99,56,5
4.5759502219623407,100,100,64,6
4.9532332468189253,96,97,49,5
0.1478462563510203,96,97,58,4
3.3056510380586963,98,99,48,7
2.8696966178635894,100,101,50,2
5.0830707397076891,102,103,54,7
0.5545874715474173,102,103,42,5
3.7663614803122356,100,101,49,7
1.7311504703256391,98,99,63,2
2.1852386674658271,100,100,47,5
1.1061405471062420,94,95,40,1
0.5995079776937483,104,105,56,0
2.4814485553493677,98,99,48,3
0.9920486596063752,98,99,46,5
4.2807972891539690,102,103,61,2
5.9566618009355299,94,94,47,0
3.0664893830918696,104,105,53,1
2.3840691576127089,100,101,57,5
3.6969536080280010,98,99,56,3
5.3643477853240089,98,99,49,6
2.7687646260082777,98,99,49,4
2.6293577160878558,100,101,53,3
3.9608957042850670,96,97,55,1
2.7076280954141354,100,101,64,4
5.1064301144384920,98,98,54,1
2.0568869385926178,98,99,51,0
4.2567672889154746,100,100,42,4
0.4985592669584292,98,99,51,4
5.7448746342092649,100,101,54,6
4.3290191862653149,100,101,61,3
0.8850450632014039,96,97,54,0
0.9120999842000668,98,98,49,6
0.6958600360327984,100,100,57,7
0.9971445945976861,98,99,60,7
0.8933490230017674,96,97,48,0
4.3046189353118054,94,95,46,5
3.0859276304219874,100,101,49,3
1.4474992323346658,98,99,43,4
2.5255782515628069,98,99,59,0
4.4236994800665874,100,100,59,1
5.6513499003950818,94,95,52,3
6.1773361160011850,100,101,64,4
1.7570534473997008,100,100,53,3
1.7445743475882955,100,101,50,2
5.2109467897106470,98,99,55,0
2.3899767862418404,100,100,44,6
4.4219013243390339,100,101,43,1
0.9561675632980848,98,99,52,7
1.1323730898084445,98,99,46,3
0.2437809435260079,100,101,53,5
4.1695780027252969,98,99,51,4
1.7752572234443380,100,100,45,7
3.8058637658866736,98,99,51,4
4.3360016716605854,98,99,47,0
0.8790575710473123,100,101,40,6
5.0140487092669028,102,102,54,7
1.1941760245616206,98,99,49,4
2.6907560795985783,94,95,44,3
2.9686957459787817,98,99,55,2
0.9429710484233643,100,100,54,0
0.6989400412859097,98,98,47,2
3.7732287411957457,100,101,43,5
5.3191843238465975,102,103,58,5
4.9279164077846449,100,100,55,3
5.3550881789562546,96,97,48,4
4.5066933447327502,100,101,57,3
2.2220485487589974,100,101,50,2
3.2002773680612879,98,99,56,3
4.7441429120820988,100,101,46,2
2.8220326492813954,98,98,55,6
3.4264321453671416,98,98,53,6
3.2139980102479369,96,97,42,0
0.2042381144879620,100,101,45,5
2.8276504301650829,98,98,41,4
2.8927539596863885,98,98,55,2
3.6840578739636705,98,99,46,3
1.5404716063982458,102,103,58,3
1.5791404322287084,98,99,65,4
5.1237182077519394,100,101,46,2
2.0456684278107695,98,99,48,3
3.0006262038029079,98,98,46,5
3.5187196910129375,100,101,57,3
4.0684650284586690,96,97,54,4
1.1863584816052102,98,99,51,4
3.9903952314802349,96,97,62,2
3.0782536462585082,98,99,47,6
5.1656673577059369,96,96,45,5
1.1712238408265068,100,101,51,1
0.5564573638804886,98,99,49,0
3.4020986226534924,98,99,43,2
0.4902621711556053,98,99,56,7
3.4821786346913477,100,101,56,4
5.9960594455037759,100,101,47,5
5.7703425411725693,100,101,48,0
0.9199156391465561,96,96,56,0
2.5260829275184125,100,101,50,4
4.7026166995816423,100,100,64,0
0.7112108168516766,98,99,42,7
0.2307047191550672,100,101,56,2
3.8567488453614840,98,98,50,3
1.7563950354059303,102,103,49,2
2.5270990759634491,94,94,49,0
5.5214477779820630,96,97,58,4
3.9335840230269548,98,99,46,1
0.8610343092370880,100,101,50,4
4.8248392501428299,100,100,57,7
1.5525995349197381,98,99,50,5
4.2041575997304452,98,98,52,5
0.9572799495350961,100,101,47,1
2.4446615252864414,100,100,57,1
4.5499174668501530,90,91,51,0
1.6511560593021597,100,101,55,7
4.7993044467401651,100,101,56,2
6.2520384170184995,100,100,56,6
1.4961918553005777,100,101,44,0
6.1829100441022682,96,97,54,0
1.1733074534383428,98,99,51,6
5.9992707357232193,98,99,39,4
0.6550604181446449,96,97,50,6
2.3663743138700579,96,97,60,4
0.3939405737526592,96,97,56,6
1.9236236490361978,96,97,46,4
0.8043676985437964,100,101,54,0
2.9233432186328674,100,100,53,1
4.5537798255894097,96,96,51,7
3.8126137926158798,100,101,50,4
4.5207685307744132,98,98,53,2
2.6082776237214600,94,95,58,1
4.7518173989903749,98,99,53,2
1.2485442593733522,100,101,59,3
5.8147850359206705,96,96,49,7
5.5128046464518716,98,98,51,0
2.2728819193133836,96,97,53,5
2.8726458892560851,100,100,57,5
3.0137801807341424,98,99,53,0
1.8514144460855317,100,101,48,2
0.8567648526670436,100,101,41,7
0.7115096574803096,98,98,60,7
4.9400506281647676,100,100,57,3
4.9591405379497591,96,97,42,4
1.3487573568172282,94,95,43,0
5.4167622457376652,94,95,52,1
1.3064486297885189,100,100,62,4
5.3786968033720504,98,99,51,4
5.8562203496288499,98,99,50,3
4.5738645274835967,100,101,55,3
1.3010824641477099,100,100,63,7
0.5903270736749483,100,101,55,7
2.9280317768159936,98,99,53,4
0.9981431091672638,100,101,55,1
0.2298739189393088,94,95,48,1
6.2001467342980536,100,101,50,0
0.3127114288143356,98,99,53,2
1.5059950154337916,100,101,54,0
5.9003956542695439,100,100,43,3
4.5999069978008613,98,98,47,2
4.6876569190912321,98,99,50,3
5.6629606055762833,98,99,46,3
1.9189572564568662,102,102,56,1
5.3228712414166806,100,100,61,3
3.2966371469098554,102,102,47,4
5.2676122101367966,100,101,50,6
3.9030583083228692,98,98,48,3
5.1491314157124011,96,97,52,6
0.0391677648783513,98,98,52,5
5.0689871297208953,100,100,54,6
5.0802003554849184,100,101,57,3
5.7488197778028782,98,98,56,7
1.3223589586529436,98,99,48,1
0.1734870484556970,100,101,43,3
1.6260418332784128,100,100,57,7
2.9694359176300420,98,99,43,6
0.2870701780177750,98,99,46,1
4.1265978930989888,100,101,54,2
2.4826752193955404,100,100,43,3
2.1674210749195182,92,93,48,6
3.0439569193652978,98,98,47,0
2.7236953956912400,98,99,50,1
2.3347891460805554,98,98,57,4
5.7649966077909562,100,101,55,5
5.8869391382014911,96,96,57,1
3.2925650508570663,96,96,46,6
3.1944842072693009,100,101,45,7
2.1637933709142740,98,98,62,1
1.2459646484559037,102,103,49,6
2.7692765388836520,102,103,49,0
2.6395723247045431,100,101,53,1
1.8124017655914788,98,99,50,1
2.0892187714706378,92,93,41,1
3.9555215693115273,100,101,46,0
6.0030058528887693,100,100,54,0
3.9966113333613373,100,101,57,7
2.6160003424122436,98,98,50,3
1.5682286184407690,96,97,48,6
1.0202493820295713,100,100,50,2
3.0200305002517025,100,100,48,6
1.5066709333066195,100,100,48,6
4.7004698156235669,100,101,50,4
4.6176044763790598,98,99,47,6
2.0924627153685154,100,101,66,2
6.0479326648338168,96,96,48,6
3.5869192138081818,100,101,47,3
3.5510261956050084,100,100,60,6
4.1339454631449657,98,98,48,1
0.6437064232564694,100,101,53,5
1.5190487850143777,100,100,49,5
0.2208362310789036,100,101,53,1
4.3627350560827098,100,100,45,7
1.2228490169139905,100,101,58,6
4.7172751971833327,98,99,52,5
5.9884520445837515,100,101,54,2
2.8997906211645783,98,99,50,1
2.1111275256597031,98,98,50,3
3.5169042351517996,96,97,54,2
4.3897713661009279,96,96,52,6
4.4483948909978688,100,100,51,5
0.5833456292682222,100,101,60,4
3.5178522133044288,98,99,60,5
2.3311050280643513,102,103,50,5
4.3119970458597852,98,99,47,6
5.3467839937810631,100,100,46,4
0.5594593855869524,100,100,57,5
0.6030889175242978,94,95,46,5
1.5494676761648873,86,87,54,1
3.4235660194112141,98,99,56,1
5.6550354646601315,100,101,60,6
0.4615368945021988,96,97,48,0
2.8116156405882204,100,101,48,2
2.2636258253805477,102,103,54,7
4.8602092362703724,98,98,46,1
2.6395843987531054,98,99,59,0
2.4938733665864987,100,100,57,7
1.1301337433298952,100,100,55,5
2.1756433450363493,96,96,53,5
3.8589638553568935,100,101,50,0
6.2749281372768788,100,100,61,1
2.3747544029959000,102,103,57,0
6.2129209181340466,98,99,50,3
2.5685026002028737,96,97,43,3
3.7671579858275721,98,99,57,2
3.4634813492313259,98,98,51,6
2.4516210298229590,100,100,59,1
1.2751161249857335,98,99,58,3
4.6022725767050039,100,101,51,7
4.4834774543730882,100,101,62,4
1.6848624576707387,98,98,47,6
5.9690429305906765,98,98,49,4
1.1509720282100147,100,101,51,3
1.8444966382207932,100,100,47,3
1.0124952556931985,98,98,55,0
5.7012949199932486,98,98,45,4
1.2070431835719699,100,101,62,4
5.3789641560162815,100,100,46,6
4.2417446873942160,102,103,63,6
5.8039731438613833,98,98,52,7
3.2765642165788651,100,100,48,2
4.2076019785037566,98,99,46,7
5.9523637681479213,98,99,45,2
3.4067434914561501,98,98,46,3
2.0808342483190030,98,98,55,4
1.3242624742670877,98,99,54,5
3.8433143055494869,98,98,54,1
1.2049310868694141,98,99,59,4
1.3214137521939477,98,98,51,0
0.1973829837913509,100,101,53,1
0.6154969399466063,98,99,56,7
2.2935561269529141,100,101,55,7
3.3450575317321793,98,99,46,7
1.6926302614805364,98,99,39,0
5.7161194679073981,98,99,51,2
0.1230211393433526,100,100,49,7
2.2846998400201572,98,99,51,6
5.3569547846654286,98,99,49,4
0.0118094929270265,94,94,44,3
1.1041605421481933,98,98,52,5
4.4043220578539080,98,99,43,2
5.9309742423047407,100,100,58,2
5.1581273611308314,100,100,46,4
4.9672127909099322,100,101,47,1
1.6615522590092138,102,103,52,5
0.2773892778233467,100,100,51,3
2.7772405169622942,96,96,55,7
3.0016832535910933,100,101,53,1
4.6685893552542446,100,101,58,6
5.9439192825028204,96,97,50,6
5.5017809100342392,96,96,45,1
4.6052445304655425,96,96,51,7
0.1961963201923543,98,99,54,3
0.2375775664613448,98,99,54,5
2.5373295674373475,100,101,44,2
2.2836750132798693,98,98,43,4
3.8371967101894926,100,101,58,2
6.1723419942487716,100,100,50,6
2.5828880157051870,98,99,60,3
3.8448816384276463,96,97,52,4
3.6631025176011933,96,96,54,4
3.8653591054277219,98,98,58,3
1.1302861109054738,96,97,50,0
4.4444812256503452,98,98,53,2
4.8825485647447584,98,99,61,0
3.2311631943084635,98,99,51,6
1.0981547980534814,98,99,52,3
5.2467496283115684,98,99,47,6
5.6363575113832791,100,100,54,6
2.8596662718697048,98,98,52,5
3.3972349902331658,98,99,50,1
4.9354200108305424,98,99,52,5
1.8294630880719143,106,107,53,4
1.8461738977309436,100,101,50,4
1.8839162528895652,96,97,44,2
4.3715730382941382,98,99,59,2
3.6103184482900459,94,95,59,0
0.2969581353551096,98,99,47,2
2.2389564649452187,98,99,51,6
4.0116904312379846,98,99,61,2
1.5366674916681604,98,99,63,6
2.6703036975169052,100,101,43,3
4.9621954789769784,100,100,50,0
5.3691290793399480,96,97,44,0
0.2320023830229405,98,98,54,5
4.4386301904373262,100,101,57,1
0.2166820183584684,102,102,42,5
0.0844406294324968,98,98,54,7
0.9753856714583552,102,103,52,3
0.9200637293022769,96,97,48,6
0.3270983080765175,100,101,52,0
4.1939221707450605,98,99,54,5
5.2462361278053198,98,99,49,4
1.3377869254468975,100,101,54,4
6.1785767341490097,100,101,47,7
0.4452414250144467,100,100,51,3
1.6317862913510761,98,99,60,7
2.5692033492704525,100,100,49,1
4.8199633225223399,98,99,47,2
2.4073963263639677,98,99,38,5
3.2090413144835863,100,101,48,4
4.8582126614147105,98,98,44,1
3.0348787497166296,100,101,50,6
5.5538267528096688,98,99,54,7
0.2123777540810606,98,99,51,2
0.5958176410778190,94,94,43,0
2.9947252270264841,98,99,57,0
0.7670125513045667,98,98,55,0
0.4436637945626820,100,100,57,5
5.6597154247084713,106,106,53,0
5.9716559906135327,100,101,53,3
4.3974603154525838,92,93,50,6
1.8225157644661505,98,99,54,1
3.9081906306378880,100,101,48,6
5.9569952696063142,98,98,42,1
0.9634740498814947,100,101,56,6
2.4827634166890094,96,97,46,0
0.6879877091707034,98,99,51,0
4.8461229576704410,96,96,52,6
3.0378073780090422,100,100,48,0
2.6173187669495221,102,103,59,6
5.3999265169614858,100,100,48,4
0.2142284277063160,100,101,50,6
3.1865760333693496,100,101,49,3
3.5351277342321832,100,101,52,4
5.8429659510733520,96,96,52,2
3.4427439125550787,100,101,60,6
5.9010230182385870,100,101,60,0
1.5418099403464041,96,96,46,0
2.9383764215274062,102,102,52,5
5.9258017069454514,100,101,49,3
5.3156454574172898,96,97,54,6
5.1667161813648352,100,100,45,1
4.0106914431977012,98,99,55,0
1.3498831504839641,100,101,52,2
4.1244063439634511,100,101,49,3
6.0683385389118074,100,101,53,3
2.8894867944287093,100,101,44,2
4.8484547585146078,100,100,55,3
1.9891779585576770,98,99,52,5
2.7244376469458591,100,100,49,5
5.5290097135866532,96,97,47,1
0.7325716562638228,98,99,51,0
0.9268576362649872,100,101,53,1
1.4381723303937117,100,101,49,3
3.2459630922646219,96,97,57,3
2.0164809776583881,98,99,52,1
2.6768711035001913,100,101,51,7
1.2638756974187466,98,98,50,1
2.1763660935211009,98,98,52,3
2.5116861381280438,96,97,57,1
5.3134664507399085,98,98,54,5
4.8992278503133777,100,101,48,4
1.5378051819904230,100,100,54,0
3.6955362073116502,98,98,47,2
1.1524496458368267,96,97,51,3
2.8237045581598976,94,95,51,4
1.0821877178041888,100,100,50,2
3.8732051124401066,102,103,56,5
4.0501418198243773,94,95,46,1
6.1634798930220116,100,101,49,5
5.5551696143643658,96,96,57,1
1.6823360721555505,94,94,50,5
2.5720281879278279,100,101,51,7
0.9579389973935621,98,98,49,4
4.9810715032412078,100,101,61,5
4.4208829268445538,100,101,47,7
4.7463355422592954,98,99,46,3
1.5723632886119727,98,98,41,6
3.8418509066572191,100,100,55,5
4.2504136525651806,100,101,52,4
3.0749943456668287,98,99,53,6
0.9421279860120217,100,101,48,6
4.3785431007068327,100,100,43,5
1.9862908747513965,96,97,53,3
1.8226530656752753,100,101,48,0
2.1546375501533039,102,103,48,3
5.8586171582859574,100,100,44,6
2.9223357742128733,100,101,59,5
0.7630988021323830,100,100,47,7
4.8865693655024547,96,97,51,7
6.1138813120467406,100,101,46,6
3.5885996251689734,100,101,58,0
4.5583667295203183,100,100,46,6
4.8522033887062825,98,99,45,2
0.5744943939630979,98,99,61,4
6.0508711007368943,100,100,45,3
0.6437176443334245,92,93,55,1
3.4288322652513576,100,100,56,2
4.5867242883388997,96,97,46,6
2.4114386503930523,102,103,51,6
1.0654436910169351,94,95,47,4
5.3837710101413716,100,100,56,2
0.6794477249046863,100,101,58,4
3.0765164032629837,100,101,42,6
2.3762291404409468,94,95,44,7
1.0905864198608177,100,101,51,3
1.0966579889571295,100,101,53,3
3.2439825017843256,100,100,51,3
6.2805031125049204,102,102,60,3
3.5851881717546985,98,98,45,4
5.7962448293400213,96,97,46,4
5.5484720465927531,98,99,48,7
3.5025738934063138,96,97,52,4
3.2380338434362494,90,91,46,5
5.8889577520589373,100,100,47,7
2.1883158060936809,98,99,54,5
5.2511865150529200,98,99,46,1
1.4359866529926215,94,95,54,1
1.9531772633751958,98,99,48,1
4.6426958600374686,100,100,45,1
1.7913339109514557,100,100,57,7
4.0447897908211159,98,99,49,6
3.8455515188692839,98,99,47,2
0.1298828698809890,98,98,47,6
1.9282699356739457,98,99,59,0
1.7989993441844754,98,99,50,5
1.0721755048551507,96,97,58,0
3.1747729101082767,98,98,48,1
5.1794389211221006,98,98,50,7
5.1502263548021654,98,99,52,7
3.2717774313187564,98,98,46,1
0.3952920285493353,100,101,44,6
5.5451725320425913,104,105,56,6
4.9137221166222611,98,99,41,0
0.7111471695766785,94,95,45,2
4.3574413338889562,96,97,53,1
6.1591289617792304,100,101,50,2
5.7586670442609407,98,99,41,6
1.3671557755068842,98,99,53,0
0.4904579310087238,100,101,60,6
5.3445934567442155,98,99,48,5
2.7732864738755616,98,99,48,1
4.5981326127662605,100,100,53,5
1.9695014994191096,100,101,50,6
1.7827482552586660,100,101,57,3
4.7031598772749135,100,100,52,2
0.1441545669915334,98,99,43,0
1.0445779282084482,100,101,48,0
5.0231395809881851,100,101,50,0
1.5284971723804468,102,102,49,2
0.8110537631510720,98,99,57,4
0.2363512731210518,100,101,53,1
4.3509146398538858,98,98,52,5
0.0520475196189577,100,101,47,1
1.4437595395832621,98,99,50,7
1.3950949319581842,94,94,48,1
4.4501909427223199,100,100,51,7
4.4394761155920630,100,101,53,1
4.8907525662290992,100,100,54,6
3.8578487813525038,96,97,44,6
4.5646538629123032,98,98,41,2
1.4887008218700251,98,99,56,5
2.6583653721051301,100,101,53,1
2.5092117282998347,98,99,51,4
6.0062783350178730,98,99,57,2
0.7030810885495565,98,99,47,6
1.6709507795407226,98,98,54,1
3.1984924289575600,98,99,53,6
5.5005760673596660,94,95,52,7
0.5421311762880994,98,99,56,1
4.8996592418154847,100,100,56,0
2.7548929495417354,98,99,52,3
1.1717864269897873,98,98,51,0
1.1529459376520814,98,99,56,5
1.3554122212749238,98,98,64,3
1.2374421673217106,100,101,52,2
5.3899319033350910,100,101,52,0
4.2372514698919579,100,101,61,1
5.0354531540241299,100,101,57,5
0.0225379891532995,100,100,61,1
3.6144451676798202,98,99,64,3
4.6682013902743416,100,101,46,0
0.3590984771895053,96,97,49,1
2.1484408163126387,100,101,53,3
5.4765411597038005,100,101,49,7
5.4437932665093252,98,99,47,4
0.9729318573803560,94,95,51,2
0.5149183744319203,100,101,44,4
3.0754037215777212,98,99,54,1
0.5372511458519492,96,97,41,3
4.6902256602786414,100,100,50,6
5.3194801087119119,92,93,41,7
2.6982526503339810,98,99,54,3
1.7448378251535648,100,101,47,3
3.2354672795259463,98,99,52,5
3.1633036242937269,98,99,52,7
0.0290214371192421,98,99,59,2
2.9865918155632403,100,100,48,6
0.1956920755848287,94,95,50,7
4.3175830689224473,100,101,56,2
0.9878673991670945,98,99,57,0
2.8426233404086387,100,101,55,7
0.8310650376841647,98,99,54,5
3.3619365121268920,98,98,54,1
1.4263841189738256,96,96,57,3
0.7214093877770204,100,101,59,7
3.4430640661771106,100,100,43,5
3.5816851142763455,100,100,44,4
4.9567464803613355,98,98,51,6
5.0944432980341077,100,101,51,5
1.8209432316966283,98,99,62,5
3.5774658620090736,98,98,52,1
2.8745723509294572,100,100,43,3
4.1273705698654721,98,99,65,2
5.0736882631202249,100,101,46,4
4.9970088369534320,100,101,46,6
1.5454345214101335,100,101,58,6
1.6368174837199629,100,101,48,2
2.0591521253555038,98,99,49,0
2.3556595118917665,98,99,47,4
1.4919077277069330,102,103,59,2
1.4707599300047745,98,98,56,7
3.9768375583553661,98,99,63,4
3.0230487419958050,100,101,51,1
5.0023240492940921,98,99,56,1
5.8230160586041659,100,101,56,0
0.5273730280101687,98,99,51,2
6.2638409669969626,96,97,44,2
3.7124445729093467,98,99,55,4
5.2508061882591601,100,101,44,6
5.1759322268410530,98,99,43,6
5.9216071969805828,94,95,54,1
5.0614127594458314,96,97,41,5
4.9822678408302661,100,101,55,1
4.3223007220625593,98,98,47,0
5.9119120677952957,96,96,57,3
5.4357777018236106,98,99,63,6
3.3374073346340434,100,100,44,6
3.1778171705639435,98,98,62,1
4.6611846877026695,100,101,52,0
4.4329895353598685,100,101,49,7
5.3772135231535847,102,103,51,6
3.8862860722258032,100,100,57,3
1.2226718595892687,98,99,52,3
0.0931655207129351,98,99,52,5
5.1762944317624360,98,98,49,0
2.8019465256873377,98,99,49,0
5.0143780663487858,98,99,44,3
2.7033286391503180,100,101,56,6
2.8609599749457573,100,100,57,3
1.7966596886604518,100,100,57,7
0.5227635430191739,100,101,52,6
2.8871242403301420,100,101,49,5
4.7354865678427673,102,103,62,5
0.9112891324406022,100,101,54,6
3.7811217248524436,98,98,47,4
5.0474685592999240,98,99,45,6
2.8468112781646280,96,96,41,7
1.5766360746045927,94,94,43,0
3.3012171668369481,100,101,43,5
0.0043714651550860,98,99,49,0
3.1183943687265860,100,101,46,2
4.5183533164156309,98,99,58,1
0.5515055461711765,98,98,51,4
1.0258590596444916,98,99,51,4
3.2044825309073461,100,100,46,4
0.5096016185118004,98,99,55,4
2.2017793468480802,100,101,53,5
1.1309768102948099,98,99,44,5
0.7486020451462191,96,96,49,5
5.8045691936336974,98,98,52,5
5.7591059339259303,100,101,47,7
4.0636613105028765,94,95,52,5
5.0988898007392187,100,100,38,4
4.5236395977768948,96,97,52,0
1.5235051855038841,98,99,47,0
5.4247847410791890,100,101,45,5
1.6371800660957874,98,99,59,2
5.5799539080936862,98,99,48,7
3.5194020036183553,100,101,46,0
0.9086943408616406,96,97,46,0
3.0620818694949450,98,98,45,0
2.5503365472683561,100,101,48,0
5.1662341018232807,96,97,52,2
0.7042695372268498,100,100,55,3
3.8793339748255531,98,98,51,0
4.2181148817619585,98,99,51,4
5.3374004866425642,96,97,54,0
3.7320805708711497,100,101,54,0
3.5699762741428063,102,102,39,6
1.3409121963732080,100,101,53,3
3.2477149335976496,98,99,54,7
4.0704951279773294,96,97,54,2
2.8492436334854911,98,99,49,4
3.2614513235708267,100,101,51,5
5.7173554260067396,100,100,49,1
0.9594128100540368,98,99,53,2
3.9536838481246974,102,103,58,3
3.5449451418941882,98,98,56,7
2.6455615482319730,100,101,57,7
1.2841353493677716,98,98,51,6
1.0720984661641948,96,97,46,4
4.5236494319661338,98,99,51,4
3.8764548848001574,100,101,46,4
2.1258761575437832,100,101,50,6
5.9627995347844500,100,100,59,1
1.0767240861959659,98,98,49,0
5.6479218965054780,96,96,58,0
2.4225917190592310,98,99,56,5
4.4306592393243305,100,100,37,7
3.5886494345494540,98,99,52,7
2.2555005407676258,100,101,53,3
5.9661152322414432,100,100,46,6
6.1833267970627501,100,100,52,6
1.1758936215645035,96,97,53,5
1.4577770506506929,102,103,55,4
0.2253137412600033,96,97,48,0
3.6083842174110417,98,99,53,4
1.0910925965115230,96,96,53,5
6.2084133801035621,98,98,58,7
4.0732957498593230,100,101,46,4
1.2351547254948214,100,101,50,4
4.7473092445756695,100,100,61,3
2.9818926473595551,102,103,51,2
4.4498377667875619,96,96,45,5
4.6922938170621649,100,101,46,0
5.9905810285197676,100,100,52,4
2.1036596568929045,96,97,47,1
2.0669725349244192,100,100,57,5
4.7677766191661410,102,103,48,7
2.7198207323070815,98,99,51,2
5.7385002979815818,100,100,53,1
5.3047707529583930,100,100,53,7
1.0908452882451027,100,101,53,3
5.5733665304382098,96,97,54,2
3.1231590354127201,100,100,55,5
6.1811021742467638,96,97,47,3
1.9719854168069797,96,97,49,1
0.0330517225297607,98,99,51,4
0.7615050122208169,98,99,49,2
6.1504767329489942,98,99,39,2
6.1478710994953891,98,98,58,7
2.9854887065271756,100,100,47,3
1.6920549873593940,100,100,53,5
0.6747738690898383,100,101,49,3
5.4074619791531111,100,100,63,3
1.7911450182932360,96,96,55,5
6.2316865664680723,102,103,59,4
3.7366529964493704,96,96,39,5
5.3001468434814258,98,99,51,2
5.7555968562902002,100,101,40,6
4.9373786538225888,98,99,46,1
1.5046457369751816,102,102,53,6
2.9278969008691567,100,101,56,2
3.7121899169511492,100,101,51,3
6.1423768186457890,94,94,48,7
1.4961752674896811,90,91,43,4
2.4910659640776305,96,97,51,7
4.5114632759689899,100,100,45,5
1.7024914562728513,98,99,55,6
6.0396406295260512,94,95,50,5
6.1493860691736195,98,98,46,7
4.5917029433208585,100,101,55,1
1.9147711820092344,100,101,51,3
5.3086943956117043,98,99,47,4
0.2776517926760576,100,101,51,3
5.2646995627105282,96,97,45,7
4.1057474209013112,98,99,56,5
4.5505101610025971,98,98,47,2
0.4678235496249962,100,100,50,0
5.8566430992935077,100,101,47,3
5.1736454483964378,98,98,50,7
0.6274861587371957,102,103,48,7
2.8048481265543690,98,99,50,7
0.3069708035657082,100,100,57,3
2.9918978562374123,96,96,50,6
3.5706676019829158,100,101,56,4
4.7632455186280076,98,98,53,6
3.9446861451479780,100,101,55,7
3.7843931503875736,98,99,48,3
2.8404421756584504,98,98,53,2
5.9708004526536991,100,100,48,4
4.8055188531024644,96,96,54,0
4.4027792590000407,100,100,44,4
4.2003637737324553,100,101,62,0
2.0743360426634365,98,99,47,4
5.5699386124244858,102,102,48,1
0.6998385309184704,98,99,50,5
3.5039807337283611,100,100,49,3
0.8090903919171765,94,95,49,6
4.1540166511441932,100,101,54,4
2.7297672136157054,100,100,43,5
3.8567447185969179,100,101,49,1
5.4972919416330956,96,97,49,1
5.3018093832682833,98,98,44,1
3.0835539080951353,98,99,56,5
0.3629851403254251,96,97,46,6
4.1795700434159526,98,99,47,0
2.4185677559212353,100,101,49,5
3.5727851443134027,100,101,50,2
0.5336749009472341,100,101,45,3
1.4791596163524863,100,101,56,6
3.1530865337858809,96,96,54,6
1.5350051459268643,100,101,47,1
4.7570729664778328,106,107,60,7
2.9855106809670557,100,101,55,5
1.3859063640500646,100,101,52,4
1.3012264898014778,96,96,46,0
3.7918000061096775,102,103,65,6
3.9490738593149146,98,98,44,5
5.5683428294899624,102,103,50,3
2.8066634667246619,96,97,44,2
1.3483708789821591,100,101,47,3
6.0882908643712979,100,101,57,3
5.3408492959260974,100,101,52,4
4.0725351923636284,98,99,59,4
0.0222965198825229,100,101,45,1
4.2950111465016638,100,101,60,0
2.2384543955245237,100,100,45,7
4.7792204597510528,100,100,50,6
1.6629381679598405,100,101,47,3
1.1476520574049276,98,98,45,0
2.4992688388062634,98,99,52,5
0.1413509565468755,100,101,51,1
2.6350924157623101,98,99,50,7
5.4825850592906011,98,98,51,6
4.5171912071324609,100,100,45,3
1.5158670039630455,102,103,62,1
4.5446643746280433,102,102,54,5
5.8294873726445040,100,101,46,2
5.1778342760308194,98,98,54,5
3.1906829450850860,98,99,55,2
1.4170607273140774,96,96,48,6
2.6131840802463020,96,96,49,5
4.3539909362262543,100,100,53,7
1.5309504548983335,102,102,56,7
6.2560635426601250,98,98,57,6
0.8332008059959503,100,101,54,2
4.0129874303796127,100,101,51,1
3.5837980584369271,100,100,52,4
0.0579687356031563,100,101,54,2
5.3657695633099500,94,95,58,5
0.5822961308582233,98,99,47,0
5.3547669607280355,96,97,41,7
4.1188162571568254,94,94,43,4
5.9775555232855258,100,101,53,3
3.3744662584558553,102,102,59,2
1.8541187210951833,100,100,55,7
5.3387179341282600,100,101,54,2
3.4198361394059624,96,97,57,5
6.1174404017298869,100,101,54,0
4.2510553711777206,100,101,53,3
1.0872995033070436,98,99,51,0
4.0705821682597874,98,99,44,1
0.6229625011309191,96,97,57,1
5.4527341883639986,102,103,56,1
4.1924803930747725,100,101,45,7
4.4840339553442439,100,100,51,1
1.0310843614494838,98,99,57,4
0.7593676852527782,100,101,45,7
4.1442572133092401,100,100,55,1
2.0360830645249561,98,98,49,4
1.7911971821647465,102,103,51,0
3.4573768185658462,98,98,50,1
6.0170669594316628,98,99,48,3
3.3411572267541700,104,104,50,2
5.4629251670813481,100,100,54,0
4.5027048893256207,96,97,51,7
4.7927014199426328,100,101,49,7
5.2462097237752134,98,99,48,5
1.4507822488152282,98,99,55,4
2.8569823230635771,100,101,56,2
2.3433176966655815,96,97,55,1
1.1827122424592942,96,97,57,5
0.1837623075344879,92,93,51,7
2.6000238510240878,98,98,60,5
5.4345438594034476,100,100,52,4
3.5351768029199100,96,96,46,2
2.5870040139749948,94,95,45,6
0.2905389909815175,98,99,50,5
0.8880153162775978,100,100,51,3
1.0681109286132084,102,102,62,7
4.0899495935578294,98,99,48,5
3.2900812155104835,94,95,49,0
2.7387079197330930,94,95,60,5
0.3535778653988100,98,99,53,6
4.3069054369542608,100,101,56,2
5.3978339854583552,94,95,51,4
4.8395773652915679,98,98,58,1
3.7348803875280430,100,101,45,1
3.8136521158785071,102,103,59,2
4.6458470348431211,98,99,55,6
2.1546250360998509,98,99,54,5
5.5068145777451276,100,101,51,3
5.0681288873872132,98,99,52,1
3.6276029548191344,100,101,54,4
0.9241259310382675,102,103,58,1
5.3900561286314943,98,99,46,1
4.7541033209404508,100,101,54,6
0.5110536542556484,96,96,55,7
5.5074811189517634,100,100,58,4
3.5669023839758189,98,99,56,1
1.6673895531725931,98,98,49,4
5.6532189950831295,98,99,59,2
5.4773262583236235,98,99,52,3
3.3679314511956218,100,100,51,1
0.1810042606527249,98,99,48,1
1.8285977378053817,100,101,52,4
5.1272498114571938,98,99,50,1
3.5187007756831972,98,99,53,4
4.9175156263615563,100,101,48,6
3.3495456808623749,96,97,48,6
3.8396874740307085,102,103,52,5
6.0674568896999368,100,101,49,7
3.9537647971604795,100,100,46,2
2.7621296444012908,100,101,44,2
2.9756003931468444,98,98,54,5
2.8603735561070867,98,98,48,7
2.0556825102448362,100,101,51,7
1.0030590155469148,96,96,46,6
4.2546461020898763,100,101,53,1
1.3399298465704224,98,99,54,5
5.4253970707271373,94,94,45,4
3.5342669660560366,100,101,46,0
5.2355075013804324,98,98,54,7
5.1792909622118080,96,96,51,1
4.9951807418313630,98,98,54,7
4.7598272077366373,100,101,47,3
2.2652244643242860,98,98,43,0
3.0591747247299086,96,97,55,1
1.3748015330519270,100,100,51,1
2.3124568620390642,98,99,48,5
5.9019836171764197,100,101,44,6
2.4689185821522881,100,100,49,3
1.5957445474929131,98,99,59,0
6.1200415194920375,96,97,63,3
5.8094975772086741,98,98,52,7
4.7918402030152087,100,101,51,7
0.0409881412570819,102,103,52,7
3.9688165347814715,100,100,55,1
2.5826251541851097,100,100,44,0
5.6852418669074654,98,99,48,1
0.1116641044155053,98,99,55,6
2.5276901530051563,94,95,43,4
2.9504265260305358,98,98,53,2
0.2685778102856615,98,99,54,1
3.6286879264418950,98,99,52,1
6.2194179754249355,98,99,57,2
0.5755922476218106,100,101,54,4
2.8409496928380502,96,97,60,6
3.8291430395598693,96,96,50,6
3.6111353829229214,100,101,52,2
1.3360634897292560,98,99,52,1
3.5982221747769452,98,99,58,1
4.3381000402741678,100,100,54,2
2.4579441755827309,100,101,50,0
4.3906118997863750,100,101,53,7
0.5745858526001237,102,102,57,4
2.6102384791737125,96,96,47,1
6.0483887864875188,96,96,57,3
1.0991017624582984,100,100,45,3
6.0738794362825184,94,95,48,3
2.8806424342396357,100,101,48,6
4.9945722021860801,98,99,56,1
5.6669380408946042,100,101,51,7
2.6507651797710299,98,99,54,5
2.7715960548019738,100,100,53,1
2.2586607674927199,98,98,56,3
0.8848080355439208,98,99,54,5
6.1462668858866714,100,100,54,2
5.4529953072090080,96,97,54,0
2.3800277078266658,100,100,58,4
3.9018433191442679,100,101,58,2
2.8910901457396601,100,101,43,5
2.4891561073920898,100,101,54,2
4.7660670803646710,98,98,56,3
2.2440054094097150,98,99,47,6
1.7730470449865645,98,99,41,4
1.1306227652762726,100,101,60,0
2.9876519592947246,98,99,44,1
3.8300904346689126,94,94,39,2
3.3051649640616336,100,101,51,1
3.2472682946156519,100,101,41,7
0.7983402006927770,100,101,50,0
1.8368972491486655,100,101,46,6
0.5563180339556647,100,100,59,3
3.7747615995302235,96,96,52,4
3.6911338276434371,102,103,56,3
4.8025433315610107,96,97,48,6
1.5248930870812707,106,106,60,7
3.3807551226061636,100,101,54,6
4.5218471078721540,100,100,50,4
2.5986453023743858,102,103,55,2
1.3426233348382506,98,99,54,1
1.5657490879871174,100,101,55,3
6.0259985259797633,100,101,57,5
1.5358743387091982,102,103,50,3
1.2163535538478574,98,99,54,3
1.8530773841345807,100,101,53,7
5.0829591068071780,100,101,46,6
4.3323438113730051,98,99,47,2
4.9655836983822468,98,99,48,5
1.6537139215899259,100,100,56,4
5.0809223808882482,98,98,51,2
3.7454930699978268,100,100,48,0
3.2415908167512932,100,101,55,3
3.8677759684117556,100,101,51,7
3.9571388011126638,96,97,49,1
4.5698677816060806,96,97,43,1
2.2309817465112829,96,97,46,0
0.8645813662032991,94,94,50,3
1.6773234764925355,98,99,51,6
3.9570357166715380,100,101,46,2
1.0169978323367512,100,101,45,1
4.4713304625005845,100,100,48,2
4.7743333853698404,96,96,42,2
5.8981847169598955,96,97,54,6
4.1070592359668545,102,103,52,3
5.3093803270496922,100,101,55,1
0.4477489516486664,98,98,49,2
4.9956847271786033,100,100,57,1
1.2533003056093763,100,101,43,5
1.3635341992492152,98,99,53,6
2.7643435625163471,100,101,54,2
4.0477291109102991,100,100,50,4
2.7618253499218239,98,98,52,5
2.9689644830074311,96,97,50,0
4.1274174443539451,98,99,46,1
1.1254075769918621,100,101,53,3
1.1900896725183125,100,101,49,1
2.7677180162341544,100,101,58,4
1.4598595942815609,100,100,53,1
1.4407051935734829,98,99,68,3
5.4285789458321849,100,100,58,0
4.4979088581992466,100,100,51,1
4.4796297095664599,98,98,48,7
4.6917762693592273,94,95,45,6
5.5896550284264936,100,100,53,3
3.1935554024843071,100,101,57,3
3.8468471049924635,100,101,48,2
4.4644046950334850,96,96,47,7
4.1759877925842526,100,101,54,0
3.7507433089834450,100,101,53,3
5.3437663176065042,98,98,58,3
0.3946139946553043,100,100,52,0
0.3144277265499738,100,101,45,3
4.0280653349672129,98,99,47,2
0.6017530823206373,100,101,54,6
0.2339169682128273,100,101,48,2
2.8551770449432716,98,99,56,5
3.5018471253033336,98,98,58,3
2.4354563741736692,100,100,57,1
3.8840086382733929,100,101,53,7
5.9721050578970463,100,100,55,5
2.1122432556203443,100,101,60,4
0.9834148522617823,100,100,50,4
4.4195484187542222,100,100,56,0
4.2030387861761334,100,101,49,5
4.5920097919857383,94,95,55,2
0.7653462120840774,96,96,57,7
1.1071091327120253,96,97,53,5
3.4297015859546032,98,99,44,1
2.0674828321380789,102,102,54,7
2.3731919303056577,98,98,47,4
3.7023226248352090,100,101,55,5
5.4345705708047891,100,100,49,3
2.8075532472712941,92,92,44,2
2.5288579144710517,100,100,57,7
2.2207235056636332,100,101,55,1
5.3162240831571186,98,98,54,3
4.3155744524424549,100,101,55,1
1.2974534110085856,94,95,46,5
1.2565162855087755,98,99,47,0
2.3509999245784701,98,99,47,0
6.1266403500935178,98,99,54,1
6.1547547759507060,100,101,50,0
4.4198670641872173,100,101,58,2
4.4436285362948871,94,95,46,3
2.9284516170960990,100,101,54,2
1.9332804023422925,100,101,58,4
4.7679191251316437,100,100,52,4
2.0227623209089991,94,94,47,4
3.0804048747848878,94,95,45,2
3.6822995495584636,96,97,47,7
3.1975408189779091,100,100,56,4
1.9858904054440156,100,100,52,2
2.9793248294343546,100,100,43,7
5.4875617027630241,100,100,55,7
3.0433191362799570,98,99,54,7
5.3905442392594143,96,96,45,7
5.3248144792438072,100,100,58,2
2.1755082686020226,100,100,51,1
1.7873450562591502,100,101,47,3
6.2540237115625414,98,98,49,4
1.8039485938867430,98,98,55,4
2.0594564517548433,96,97,38,6
3.9600631761062202,100,101,60,6
4.2881188421480081,102,103,58,7
2.3188350301404754,100,101,59,3
0.7009332551952240,98,98,57,4
0.2131891912182190,100,100,44,0
5.1403545119849534,100,101,61,7
0.0197098021408630,98,99,49,0
0.2683275207133705,98,98,44,3
5.5968874704148890,100,101,56,0
2.0125878093220830,98,99,49,6
2.7343160217593976,98,98,37,6
5.2337324830816243,108,108,61,3
5.1182770729839513,98,98,52,7
2.9072620184171907,98,99,61,6
0.4614418229191156,100,101,51,3
4.6243489493338741,100,101,50,0
1.6648737813910055,94,94,44,3
4.7228704686705232,94,94,54,5
1.7715050438383724,102,102,46,5
1.8805119165045576,100,100,46,0
3.1335074448864191,96,97,61,7
2.5628151752490314,100,100,58,4
2.4183750667633310,100,101,53,5
1.8441690038850274,100,101,55,5
6.0011067826194742,98,99,55,2
2.3716206399951316,96,97,50,6
2.3601628255500962,96,97,48,6
0.4430814164291807,100,100,50,0
5.0659060620382945,100,100,54,0
4.0732627867972848,100,101,57,7
0.4298214400696995,96,97,46,6
1.7400876144442676,100,101,54,6
6.2562599402111774,100,101,63,5
0.2996765407955255,98,98,45,0
5.9858110844700931,98,99,53,4
3.5048015184841219,100,101,53,5
4.2862385776401624,100,101,48,6
3.8904193465140127,96,97,45,1
1.1244352135648810,98,99,62,1
5.1870526391015970,102,103,49,6
3.2486469234260289,100,101,51,5
5.1450856330515720,98,98,49,2
3.0011122074056455,96,96,44,2
3.7445091888810200,100,101,45,3
4.4699668720255028,100,101,56,0
3.0460106464078329,100,101,51,3
3.1174917206272865,98,99,46,5
2.4509851907335767,100,100,49,5
3.1159001919757774,98,98,52,5
5.1166804935744832,102,102,54,3
2.8611200081677728,98,99,58,3
1.3116088132661530,98,98,53,4
1.2308700405779134,98,98,62,5
5.6292370126455067,98,99,53,4
0.9341053731926456,94,95,52,1
5.9066447857535218,100,101,56,0
2.3315702929857625,100,100,48,6
1.8116627864904655,100,101,55,3
4.5722357436702614,100,101,56,4
4.8963137122757479,98,98,41,6
1.3295969753336214,92,93,41,1
5.5186256692803051,100,101,61,1
2.0867082887257244,100,101,51,1
5.1044287391811602,96,96,45,7
4.0591505270574517,100,101,49,1
4.3697979699521072,100,100,54,6
3.6254209323355751,100,100,52,4
1.4765420009509878,96,96,54,6
4.3410192545152233,100,101,56,2
5.8027826015359327,100,101,46,0
3.4829726887514196,100,101,56,2
4.4171325074458396,98,98,60,1
4.0984283446716168,94,95,47,6
6.0401403043165462,98,99,55,2
2.0953614477334779,96,97,48,6
2.7397893412102650,100,100,48,4
3.3192380224989324,100,101,59,3
2.1926026667523932,94,95,55,6
0.5819182938050494,98,99,52,5
4.3631183509456459,98,99,46,7
1.8949956814064284,96,96,54,6
3.7434385244243362,100,101,52,6
4.5352395879472196,98,99,61,6
1.6079454128255115,96,97,47,1
2.4830560881715136,98,99,46,1
3.6698884173518738,98,99,48,5
3.0558886646660186,100,100,54,6
5.7686613032121228,96,97,51,1
6.1606925954484266,100,101,52,4
2.8839329982838153,98,99,52,3
0.6189656432395318,100,100,58,2
1.7982804763105324,98,99,51,0
5.4371346216988918,98,99,54,1
2.5377098557959656,98,99,55,0
2.5840732466647198,100,101,54,4
3.0459897232984745,100,100,59,5
3.2592374489945768,100,101,47,7
4.7830918420879591,100,100,55,3
4.7933347137180400,96,97,59,3
3.9823563018967629,96,97,52,0
0.8278765315169379,98,98,49,6
0.9250654629119124,100,101,45,3
6.0917749953793408,100,101,48,0
5.0041949092883344,98,99,46,1
4.5428961399425818,100,101,53,7
1.2658653706863587,100,100,47,5
0.7439275216902484,100,100,51,1
3.7603324802248794,100,101,46,2
3.5248182513834512,100,100,57,5
4.3028828066281823,98,99,60,5
5.9464815726753137,98,99,43,6
1.1625985948298461,96,97,44,0
2.4090617574517661,100,101,59,3
5.4408555230635089,96,96,55,1
3.1892642018520383,102,103,52,5
2.0647975380425496,98,99,51,6
1.4957156527486888,100,101,50,2
2.1296547903850982,96,97,49,5
5.6894436569154578,100,101,58,4
1.1036807355701128,100,101,55,7
1.6049490061214353,98,99,50,7
4.4225256660182488,100,101,46,4
2.9882351518475692,100,101,51,1
4.9682693377909732,98,99,53,2
0.5592254595268603,102,103,60,1
5.1630497735243814,98,98,43,4
4.6535088086152943,98,98,55,4
2.0165812499349935,100,100,53,7
5.2338695602540879,96,97,49,1
3.0583782325284243,100,100,52,4
4.2505676235372274,96,97,52,4
3.1290625031631834,96,97,47,1
2.8196462774938129,98,99,38,1
4.5681875717668898,100,101,48,2
6.0044675475657323,100,101,54,2
2.4946291324258234,100,101,54,4
0.9060070466705700,104,105,53,5
0.2829154816037922,100,101,46,6
4.3563285279485324,100,101,52,2
1.2783390580634539,100,101,55,1
0.5843379903216452,102,102,55,2
4.4076738214783528,96,96,50,0
1.0700814568021182,100,101,52,6
1.3419548349803689,100,101,57,7
0.5976087870410928,102,102,51,6
4.5005511987515652,100,101,53,5
2.6897835907258356,100,101,57,7
3.3075562424908043,96,97,56,4
5.9331860472007305,98,99,42,3
5.3215568375432802,98,99,49,4
1.8343905848959932,100,101,58,0
0.0876823506765991,98,99,48,5
1.9954477549778713,98,99,56,5
1.4942619229279182,100,101,39,7
5.3540841982009626,98,99,50,1
2.9447224089208750,98,99,49,0
3.2976746394699834,98,99,51,6
1.0520388564869052,100,101,57,7
3.4485187334549967,94,95,53,0
3.4264150398944202,96,96,46,2
5.1411928779565139,98,99,50,3
5.8408944239585274,98,98,46,3
6.0691222471342012,100,101,51,3
1.6362730438807680,98,99,49,0
0.2146182816907185,98,98,57,0
3.3823789009638374,98,99,55,0
4.7852316966713548,100,101,42,4
4.9236943087464695,98,98,52,5
6.0147060436154325,100,101,57,5
5.6310624139944743,96,97,41,3
2.8363173066043430,96,97,45,1
1.9138526210837508,102,103,48,5
0.8560305300397700,98,98,48,3
4.0055115727792083,100,100,52,0
0.6664666284419771,100,101,54,0
2.1264961489051633,98,98,50,5
1.4084593511529020,96,96,50,0
0.2025669394076776,98,99,45,4
5.9465934129026659,102,102,46,1
5.5249158780342178,100,101,53,1
5.1823259548502509,96,97,49,7
3.0958627831022003,100,101,46,4
2.2029627314184945,100,100,53,7
2.3074601588914398,94,95,51,2
4.7947000008685210,98,99,54,5
3.3591413978404248,100,101,49,3
4.5030702272300163,98,99,52,5
5.0292841339919825,100,101,49,1
4.5876766026502445,94,95,59,0
4.6760905779233077,102,103,61,2
3.0584620478317164,98,98,49,6
0.0716636418078141,96,96,43,1
4.4450921743588347,100,101,44,4
2.9020988361781965,100,101,57,3
2.4472735708320861,100,101,58,6
5.9570594559788734,98,99,54,3
6.0471866205640543,100,100,57,3
5.2143150086594190,98,98,45,2
5.4250257251097498,98,99,46,3
2.0778022323405732,98,99,44,5
5.6497978822900805,100,101,48,2
6.0220642910495545,96,97,42,4
0.3582871477262202,100,101,54,4
0.3610862107039697,94,95,51,2
2.1353598007523162,102,103,50,7
1.5359485727859925,98,99,57,4
2.2203292944577755,100,101,53,3
2.1516741192346731,96,96,45,7
1.9271804767310534,96,96,44,0
5.3279329551481913,100,101,58,0
0.2157137040567135,100,101,50,4
3.5354165048028303,100,101,53,1
2.1180170333743078,98,99,52,1
2.4229636022830348,100,101,53,1
2.2736117669850242,98,99,60,3
5.7739268003758699,100,100,49,5
5.8936317490948893,100,100,52,6
0.2136906242303206,98,99,56,5
0.8949604262499407,100,100,62,6
3.9556986136003300,100,101,45,5
2.1625694716943658,98,99,54,5
2.0522297558034133,100,101,46,0
5.5089562702616099,96,97,55,3
0.1565716461360682,98,98,53,6
3.3990787115301653,100,101,55,3
2.8179766659177439,96,96,49,7
2.7064885793009452,100,101,52,6
5.6018428485794018,100,100,42,6
1.0427982522466863,98,99,62,3
5.2846203484337195,100,100,58,6
4.1000011683122084,94,95,47,0
5.9503583440502918,98,98,49,4
0.6824793872152745,90,91,49,0
4.5730558007545055,100,101,59,7
0.1954693205775473,100,100,63,5
0.3791619553781494,98,99,41,2
1.5295727919323412,98,99,54,7
5.3481587319811466,98,98,52,1
1.4395063717898215,98,99,50,3
1.8387911761166098,102,102,54,3
0.3456575266427002,96,96,50,2
2.3748881026367852,100,100,46,0
4.2052410138362797,100,101,54,2
5.7656743737777818,100,101,43,1
0.3205587867336033,98,98,43,2
4.6088889316548745,98,99,45,0
5.0296944764175313,96,96,49,5
4.8426927850904473,98,99,58,3
1.1304073486221442,100,100,44,0
5.0165598756862204,102,103,49,0
5.6884951967922648,96,97,42,2
1.7137519417322837,100,101,49,5
2.3275231472517723,100,101,57,3
0.8494087188084498,98,99,52,5
2.4778135503895982,96,96,39,1
1.5800782191103580,100,101,50,4
1.4817640403606229,100,101,51,3
3.2776040000646400,100,101,41,3
5.3114910645014204,98,99,38,1
3.5896781567504621,100,101,58,2
0.9298012022412465,100,101,54,2
0.5913455567425392,96,97,47,3
5.5988836262760122,98,99,40,1
6.2418055573869875,100,100,65,7
2.5954018024201657,96,97,49,5
1.5093867097247025,98,99,54,5
4.1944461121942318,100,100,49,5
1.2274499218983475,100,101,52,4
1.5386445585963906,100,101,53,1
1.7683739229161659,98,99,55,0
5.5518373646324255,100,100,49,5
2.2508446177000989,100,101,46,6
2.1778059027926009,96,97,43,3
0.6821439668542608,98,98,50,5
2.5150046433500175,98,99,57,0
1.5195360053299343,98,98,56,1
5.7425556182563122,102,103,51,0
5.9178638753109842,100,100,52,2
6.1549004600196282,98,98,51,2
2.6962164181531501,100,101,48,0
0.4034291183731167,98,99,44,7
4.0828342088518879,100,101,44,2
4.4613995560519148,98,99,48,3
2.0882440702656213,100,101,51,1
2.9203416627816856,96,97,54,4
4.2472020541668734,100,101,58,6
2.2925975551620050,100,100,50,4
3.3369658336374379,98,99,45,4
3.0001579250537116,100,101,50,4
4.8469786015338743,98,98,53,4
1.6598492176913795,100,100,53,1
3.6217762748534428,98,99,49,4
5.1396549550018840,98,99,51,4
4.8665858550336827,98,98,54,7
2.8311710005480211,98,99,51,2
2.6284859836909047,98,99,49,2
2.3399001308417153,100,101,59,5
1.3542646754490946,94,95,50,1
3.5737938859751690,100,101,58,6
3.0307462049347693,98,99,49,4
0.3633501570083897,96,97,44,2
4.2063625482568536,100,101,53,5
6.0615167999681603,100,101,52,6
1.6486122685066673,96,97,46,2
6.1396547624570514,100,101,58,6
2.3493729092561386,100,100,59,5
4.5069429005198556,100,101,52,0
5.0687343303031147,98,98,47,0
2.8380566540077448,100,101,54,2
4.3226480231548416,102,103,55,0
4.3119072435344714,100,101,48,2
3.4813041190808418,98,98,44,5
4.5260264042652851,98,98,56,5
5.3231375591173871,100,101,44,0
0.0522762954207500,98,99,48,5
0.3864992292439814,100,101,49,1
2.0022406872949734,100,101,55,5
1.9730495990552446,100,101,57,7
1.9282690188498468,100,101,61,3
3.3527031052460039,98,98,55,4
2.7096174876755041,100,101,49,3
5.4338337738520028,98,98,46,5
1.1113744950136664,100,101,46,0
2.9661685125489829,100,101,58,6
2.3987301712391842,94,95,43,0
5.9869971990371162,100,101,50,2
0.9763409843722930,100,101,48,0
2.7146878603254501,100,101,50,6
2.2725369484611302,100,101,53,1
0.1425114832801926,98,99,60,1
5.0080702272910322,98,99,37,4
0.7243020652446781,96,96,49,3
3.3716794717065768,100,100,51,5
5.0379399872938206,96,96,59,5
5.5322133656033081,98,98,43,0
5.9801639486862639,100,100,54,0
1.5272794281180080,98,99,54,7
4.0920676691653499,98,99,52,7
1.5787655342887632,98,98,63,0
5.8656807854390722,100,100,52,4
1.5727156260967443,98,99,57,4
2.2787077665716993,100,101,48,2
0.1175841172972650,98,99,52,5
0.5135885708530880,98,99,51,6
3.1233610920749499,94,95,46,3
6.1522553487111598,98,99,43,2
2.6035015573702354,100,101,58,2
1.1936965455318937,98,99,58,7
3.2170807002879860,98,99,55,2
5.8835054443893053,98,98,64,7
3.4100773241133626,98,99,52,5
5.8996488287028059,100,101,54,2
5.6573545377780317,98,99,45,2
1.3455108840161107,100,100,58,0
1.5204019395147006,98,99,53,0
5.6486622515312694,100,100,57,1
0.6934255513210158,98,99,57,6
0.1495553935912550,98,98,50,3
1.1939444360552229,96,97,53,3
4.9184821237884115,96,97,43,1
0.4885740340496111,100,100,55,1
5.8852893314870993,98,99,49,0
5.1973443278252534,98,99,48,7
2.3217098286262474,98,99,55,0
3.0739560377411377,100,100,55,7
4.5136128970171940,98,99,47,0
4.9376392945362690,100,101,60,4
2.1540434681067002,98,99,47,0
2.3682259739790781,100,101,52,6
1.8029227208614562,98,98,53,4
4.7410836092741002,98,99,51,6
4.7775415036796289,100,100,47,1
0.9197223832262185,96,97,47,3
5.5541989123408371,98,99,54,5
0.2979961890461594,96,96,55,5
2.4015589027623925,98,99,47,6
0.8070110334513472,98,99,57,0
3.3158167152636406,98,98,57,0
2.4994301145901514,98,99,50,5
4.2669136911956809,100,101,51,5
1.9421228596243927,98,99,46,7
0.3674365917818130,100,100,54,6
5.0150889671580110,96,96,49,7
1.5234521325208858,100,100,60,2
3.3608367121958245,94,94,52,7
6.2235515995983839,98,98,50,3
5.0074344994778341,100,101,49,3
2.9887035727745062,100,100,56,0
1.8696595182096014,100,100,56,2
5.0248138999064738,98,99,59,0
4.1866803693474894,100,100,50,2
3.3512858254328495,100,101,49,3
1.8446272442930469,100,101,56,6
2.8659630693616629,100,101,64,0
1.3032211745799358,94,94,46,3
3.5719332419950045,96,97,45,5
3.4862665670815849,98,98,50,5
3.9423178211751981,98,98,58,5
3.2415447880772708,98,99,43,2
5.0235126403597192,100,101,54,0
1.4690534012646133,100,100,54,2
4.7543673973677461,96,97,51,3
4.9565497849478239,100,100,57,3
1.6553721966524750,98,99,57,2
1.4070431100567460,98,99,51,2
1.9947375357882460,100,101,53,1
2.4174284329941993,98,99,45,6
3.7188742171506064,100,101,52,2
1.3347315498019741,98,99,50,1
5.9526483601112519,98,98,53,0
4.8891589443952199,100,101,48,2
2.9778574101492481,98,99,52,5
2.5434197034322605,98,99,54,7
2.8711153947866479,100,101,42,0
3.5889343162700373,100,100,53,7
2.1251169485217747,96,97,45,3
5.3412756493882512,96,97,54,2
1.9774191129966476,100,100,49,1
5.9972447619244127,100,101,58,6
1.5136474290038129,98,98,51,4
5.3460747489854974,100,101,58,4
2.0574217627508715,98,99,56,3
3.0292431228045333,100,101,55,7
3.6935613183055676,98,99,51,6
4.2800887979139466,100,100,62,0
2.9378557411593720,100,101,56,4
0.4412003455624484,100,100,60,0
1.4476832425698214,98,99,54,3
0.2604624762924037,96,97,43,5
1.9886737736214650,100,101,44,4
4.2061103519772107,96,96,48,4
4.6589445942319374,96,97,49,7
2.2816456160964953,98,99,56,3
4.6160657653516797,100,100,44,4
2.5893834067264372,96,96,45,5
4.9102826413204452,96,97,48,0
0.7210572250856012,100,101,60,6
4.5816892121949921,98,99,54,5
3.8938703061753115,100,101,53,3
1.5546997447075468,100,101,61,7
1.3893058588296918,100,101,53,5
3.7100807328423082,100,101,46,0
0.7602204483492452,98,99,51,2
5.8801177105979869,100,100,55,7
3.7692210032326776,94,95,53,2
3.6142702310978643,98,99,44,5
0.3485242699395368,98,98,43,6
0.6948258303959077,96,97,47,7
0.8149918100030225,100,101,53,5
1.3410324691556965,98,98,55,6
2.5242454312487421,98,98,48,3
5.3092919698476004,100,101,55,1
2.0308762336452366,100,100,43,7
2.4716968560968930,98,99,58,3
3.4784902028859919,98,98,51,6
3.2808514149753329,100,100,52,2
2.1556111273489726,100,100,53,1
4.2520276652610933,100,100,53,3
0.5097707055838954,98,99,50,1
2.4492744738265197,100,101,52,0
4.7049162153497148,98,99,48,1
4.0939611341596471,96,96,51,5
6.0452249159524554,100,101,56,2
0.4732052841025674,96,97,44,2
5.5056661826330933,100,101,55,7
3.0136935552944459,98,99,53,6
3.7015537541101402,100,100,49,7
3.0232460722865229,100,100,51,3
6.0615512663112030,96,97,56,0
2.9590474702113778,98,98,54,1
2.2352917341778324,96,96,45,1
5.7790668912078713,98,99,53,4
2.5822531343143886,100,101,51,3
5.5073499524856731,100,101,55,3
0.4806531769918087,100,100,55,5
0.2824840921030940,98,99,50,7
5.4484962232558969,100,101,42,4
1.4664533109005580,100,101,52,4
5.7436432712110683,96,96,53,3
0.6834370691746022,98,99,52,7
4.9967342650718312,100,101,54,6
3.7269709218528178,100,101,62,6
1.5003513980620045,94,95,45,4
4.6170451632266927,102,102,57,0
5.7752116768113453,98,99,56,1
3.6046222162079387,98,99,46,5
2.7844263758899932,98,99,44,7
5.8712831456740204,92,93,48,0
1.9195165101037679,98,99,47,4
5.7234723434656747,100,101,49,7
1.9867408635546679,98,98,44,5
3.8900100204769532,98,99,59,4
0.2278338514827661,94,95,40,5
0.8175518666731401,100,100,62,0
2.9464278195810443,94,94,47,2
4.7563340500454885,94,95,52,5
2.4345961593246388,98,99,53,0
0.7518341501046152,96,97,50,2
0.9906117234732450,96,96,52,0
5.0077213183883211,96,97,55,7
2.7138198544779066,100,101,45,7
2.1286731855406793,98,99,52,7
2.2660333838749263,98,99,49,6
4.3977167949404015,98,99,53,2
3.3368320461597607,98,99,55,4
6.1753769233061089,98,98,54,5
4.2952833124128205,98,99,54,5
3.8703167314112452,100,101,44,2
3.0750469340779878,100,101,45,7
0.9482674480154332,100,100,55,5
3.6009706530751209,98,98,47,2
1.6489248118437929,92,93,49,5
3.7408410017109617,102,103,56,5
4.0933717350731786,96,97,48,6
2.6933413354854601,102,102,57,4
3.2836652211688584,100,101,43,5
5.0824109919476301,100,101,49,5
4.6390283698795569,100,101,51,3
2.7309835661152206,98,99,51,6
0.9548608043196765,100,101,53,1
5.1491894510435170,100,100,50,4
4.5039462760146547,98,98,47,2
5.2004387342909748,98,98,54,3
1.9706831736063597,96,97,59,5
0.1165002100119698,92,93,50,6
5.4510505005013696,96,96,52,0
4.4674128576468402,100,101,55,7
2.5938782589273446,98,99,52,1
3.9804278618525264,98,98,42,3
4.5118298670906798,100,100,53,3
5.0015127834184012,98,99,59,6
2.2910249269432996,98,99,59,2
2.0949320348985752,96,97,56,0
3.7099878519436200,102,102,51,4
3.1294631983956775,98,99,41,6
5.7849653167604949,98,99,48,5
5.8228037454797512,100,101,54,6
2.2900790549853367,94,95,42,1
4.9580229205703521,98,98,47,2
0.2300285848510812,100,101,55,3
0.0733242831268851,100,101,61,7
1.5291560399820190,100,101,43,7
4.9375286581223206,98,99,59,4
0.2094539288414802,98,99,49,2
1.8060421878919906,100,100,50,4
2.3810448085112412,100,101,43,5
1.4924103828928450,100,101,48,6
1.9821341788071101,100,101,53,3
3.2741528949394154,100,101,49,1
0.9324680343638849,98,98,55,2
1.4600604684130061,100,101,52,2
5.2848918929515083,100,101,48,6
4.1319634789636712,100,101,54,6
5.3696141012289571,100,101,48,0
4.0543754246206865,98,99,45,0
0.8194598176759894,96,97,46,0
2.5341253680232043,100,101,59,1
1.4992678758252802,98,99,50,3
1.1385624840390955,100,101,56,2
2.7272596018237714,96,97,36,0
1.0669580691255787,102,102,50,7
6.2421772712678987,102,103,51,6
3.4506109991438634,102,103,52,1
1.4850204420485713,98,99,57,4
3.0327477575286110,100,101,59,3
6.0952601471885286,100,100,48,0
2.1030457580737245,102,102,47,4
4.9027326646143727,98,98,40,5
3.3793674695762870,98,99,54,1
1.2583727836077221,96,97,45,5
5.4818298814365773,98,99,42,7
1.6536631981607961,100,100,53,1
2.6566393508892454,94,94,43,4
1.5339940726739041,102,103,54,3
3.3924705355071656,100,101,49,3
0.2647919004092999,100,101,48,2
3.9044806438120294,98,99,49,4
3.4093246378394593,98,99,52,5
2.5518734922396185,100,100,65,7
0.0160052353980679,98,99,50,5
3.5377958783381827,98,99,51,4
2.0238539819728700,98,99,50,5
6.0427248899705237,96,96,42,4
3.4085944000057466,100,101,63,3
0.0159756485418801,98,99,40,3
3.6729513948864576,98,98,49,2
5.5634130542581017,100,101,56,6
3.5749409642247301,92,93,62,0
1.5056085064362157,98,99,50,5
2.0422089984659464,100,100,53,1
3.2562978179611721,98,99,51,6
1.7742088416540951,98,98,56,3
4.4256305102661271,100,101,51,3
4.2258543320499635,100,101,57,3
0.4729390453142618,100,101,59,7
5.6812335656029607,98,99,59,4
3.6332954001595033,100,101,56,0
4.5413836247585184,100,100,57,5
5.1926213452957990,100,101,52,0
3.0508235486808708,100,101,54,6
5.3666717301368747,100,101,52,2
2.7216233587214171,100,100,50,2
5.6207046686153985,100,101,51,3
1.3537031124526544,98,99,47,6
3.6794137582277870,98,99,49,2
2.1779840316319157,98,98,59,4
5.3252520280296363,98,99,60,7
2.5257691719667341,100,101,53,1
1.9082486911453473,98,98,54,7
0.1626040081141255,100,101,52,4
6.0573124445787476,98,99,46,7
3.3111892553756528,100,101,47,7
2.5719154132117694,98,99,55,4
5.6619185634703593,100,101,53,3
2.1233490440026035,98,99,50,3
0.6684772328835689,96,97,48,6
6.0960993264132348,100,101,56,0
1.1174325661018012,98,99,48,5
3.5277183394011811,100,100,55,3
6.0231612870432398,98,99,52,7
4.7404136740757989,98,98,55,6
2.2174438388578479,100,101,53,7
4.1975040903294962,100,100,54,4
5.3868594271258035,100,100,51,1
1.6994124684970844,100,100,46,6
1.1845597379082295,100,101,52,2
3.3695351912039109,98,98,54,5
2.8119816797999166,100,101,47,3
3.5815241877418376,96,97,53,3
5.2899918046745142,96,97,40,0
0.4465695272320939,100,101,45,3
4.3450186640573429,100,101,57,1
4.9321970018593104,98,99,56,7
1.4282258470590785,100,101,53,7
4.0441203720839276,100,100,47,1
2.4951413928331969,98,99,56,7
5.5455434768200220,98,99,49,0
1.5931967685470663,100,101,50,6
0.3701106774506874,98,99,52,7
3.5788879517916681,100,101,51,5
3.7203532502934404,100,101,49,1
5.3945371861639533,98,99,53,0
3.9517407422183868,98,99,50,7
1.1496050332069461,98,99,46,3
2.0223264413266318,98,99,46,5
3.5657249812692262,96,97,45,3
4.5533642067609286,100,101,47,1
3.4413115438288262,98,99,46,5
4.1741448051143148,100,101,45,1
5.2267399902066476,100,101,48,4
5.8881235352972352,100,100,59,5
4.9001247393698533,96,97,49,1
1.6146675003082622,98,98,48,7
2.5929064483208557,100,101,46,0
5.9536439709874607,98,98,45,4
4.1505224136488614,100,100,50,6
0.5070729500922537,98,99,36,3
4.7473927520421464,94,95,49,0
3.6093176664320228,102,102,53,2
5.6844867516529849,100,101,51,7
1.6868793443901202,98,98,49,6
4.5247777954947610,100,100,46,4
3.6132939388642509,98,99,61,4
5.5155365384819399,96,97,49,7
5.8475977695312684,100,101,44,0
4.0172042208198482,98,98,41,6
5.9086065342640532,100,101,51,3
2.6122089989290047,98,99,47,2
6.2592572861471183,94,95,53,0
3.7257289927311779,94,94,46,7
1.4305661010703514,100,101,55,3
5.7509292950680875,98,99,60,1
2.6969098389365240,98,99,49,4
6.0225602175438837,98,99,56,1
4.1647721543475003,96,97,50,2
3.3802132644906937,98,98,49,4
3.8209484361306716,98,98,46,5
5.6758343029337306,98,98,47,0
1.2782133969616425,96,96,55,3
6.1301011904597082,98,99,58,1
1.9372845698813639,96,97,46,6
5.7811061521301470,96,97,49,7
0.1587561473215829,100,101,48,2
1.7646338394016348,100,101,60,4
1.9379296114501932,98,99,46,3
5.4439910003953234,96,97,48,2
4.6409359169146098,100,101,57,7
1.4968028504607818,98,99,48,3
0.7612094975546138,98,99,56,3
5.4001422364557357,96,97,43,3
1.0153814036828259,98,99,49,2
6.0980998733385166,94,94,47,6
4.1212441604196597,100,101,53,7
5.6502407906236627,98,99,47,2
2.8384453540041075,98,98,53,4
4.4289935391172675,100,101,51,5
4.8866532071241879,100,100,52,0
2.1425327243221384,98,98,54,5
4.4460397387730746,100,101,42,6
4.5392961232821900,102,102,50,7
1.1044988803126123,98,99,54,3
4.1025934498356005,100,101,53,1
1.5432861141804284,96,97,50,4
1.9927389298082590,98,98,55,6
0.2031825712290635,98,99,44,5
0.0176024419770776,100,101,57,7
3.1967982674148629,96,96,57,5
1.4855610296748136,98,99,49,2
2.1394955299067897,100,101,46,6
5.5579222778284052,100,100,62,0
0.1855625193449233,100,101,44,0
4.0319183868064590,98,99,44,7
5.0325759913216617,100,101,50,4
5.5687388952017898,98,99,55,2
3.3422043710646201,100,100,48,2
5.4014937626252681,100,101,55,3
4.7566216358292870,100,101,50,6
5.8157225908113173,98,98,52,3
6.0476361289087661,100,101,50,0
3.8903126543876394,100,101,50,2
1.9941495777223244,98,99,52,5
2.2249700565678197,100,100,48,0
0.9128224231281981,98,99,46,1
3.0224707299493008,90,91,43,4
4.3386189765285943,98,98,46,1
0.8760885458016221,98,99,48,3
4.7843330738085204,102,102,63,0
3.8400266034987998,102,102,53,6
0.4159854883015245,96,96,42,6
3.9866103371982073,100,100,61,3
0.5197958649306669,94,94,58,7
5.9303065590480459,100,101,51,5
1.5391999031341850,100,101,57,3
5.5448677792914944,98,98,48,7
6.1818836133513457,100,101,51,7
0.0314994314712177,100,100,57,3
5.6981424961140119,100,101,48,0
4.5770121869655549,102,103,50,3
4.2125038538776582,98,99,39,0
1.8443601225795265,98,99,61,2
3.1165245075290628,98,99,57,6
2.8417899174446255,100,101,49,3
2.6073413288091793,100,100,48,0
0.4385698925704439,102,103,45,2
6.0283764976202576,98,99,55,2
3.0227201059199778,100,101,48,6
1.4973160189237977,98,98,54,5
4.1194601875926375,98,99,57,2
4.0201723016566175,102,102,46,1
2.5202426363848183,98,98,55,4
1.5766449809804632,96,97,55,5
0.0739433810426017,98,99,48,7
3.5578327467044413,100,101,44,0
5.7474151500939987,100,100,69,1
5.4952419625114315,100,101,50,6
4.8149644449041960,102,103,62,5
4.8067420338847073,100,101,56,6
1.2998888496954617,98,99,41,0
5.8304243763034735,98,98,47,2
1.2130705952410137,100,101,52,4
4.6453829013224999,100,101,55,5
5.7473248303332873,98,98,49,0
1.5031815371580592,100,101,61,3
4.2448698764795907,100,101,54,2
3.1626200448545521,98,99,53,4
4.5700686477905812,100,100,51,1
0.1756036989829142,98,98,55,0
1.0678853880114982,92,93,51,7
1.1071788826103188,102,103,49,0
2.8843384380372141,100,101,47,1
4.0044711303654923,100,101,54,2
6.2109811873976177,100,101,51,3
5.6607615425098992,92,92,55,5
0.6204844865114684,100,100,62,0
4.3854887630023631,98,98,54,1
5.5687941761364925,98,99,53,4
4.4770020967081710,100,101,47,7
3.7655593041990159,98,99,45,4
3.0675581524277953,96,97,44,2
1.6880661310058069,98,99,49,4
3.5902791465917221,100,101,57,5
4.6673770399985166,100,100,49,3
5.5784853219869417,100,100,60,4
3.4740687585413212,100,101,50,2
5.2006539047407045,94,95,54,7
5.2815225401396599,100,100,48,2
3.6663106087102104,98,99,55,6
2.0211516086406465,102,103,62,7
1.8695723949728569,100,101,50,0
1.6199381382800597,100,100,61,7
3.5699980278119416,102,103,44,1
4.9871641962084929,100,101,52,6
6.2673168905662822,98,99,59,0
2.6509734835130732,98,99,48,1
0.2459657164694069,100,101,53,5
4.7250955866168765,100,101,57,1
3.9800856831461537,98,99,57,0
0.5416683096359237,98,99,49,4
4.3492978780752622,100,101,52,4
5.9788941526495254,98,98,53,0
3.4076045375139143,96,96,43,1
3.4082345318483087,100,101,55,3
1.5146639010730951,98,99,55,6
5.9954157337072331,96,96,43,1
0.0623664602385966,98,98,48,1
4.5811840329760161,100,101,55,7
1.2654107350281643,98,98,47,0
3.6579977912040924,98,98,50,3
5.1814710603421323,98,99,52,5
1.3181629391723788,100,101,61,7
3.4608533208879462,94,95,43,6
2.4421664013915105,102,102,50,3
5.7335531273609348,100,101,43,5
4.5175426503680303,102,103,60,5
5.4253211670522701,102,103,52,1
1.4634917213690106,96,97,46,0
5.3046712020915709,102,103,58,1
6.2805791385462753,100,100,51,3
2.4301366521284451,98,99,52,7
3.8146061126811457,100,101,51,7
2.9029381282419444,100,101,56,0
3.2401089888728176,100,101,52,4
0.8841270977877814,96,97,44,2
1.2296829737292843,98,99,46,7
3.5659055564373299,100,101,51,3
1.7909398197301980,100,100,53,1
3.7332634809762633,100,101,44,2
1.8433312239954249,96,97,52,6
5.1749042473437266,102,103,56,3
2.7490075602879100,96,96,51,3
0.3473308925175337,100,101,58,0
3.8620380982451632,100,101,52,4
1.4270887171486819,100,101,63,3
4.8655450049085509,96,97,46,2
4.1929522379837030,100,101,50,2
3.9163122509045101,98,99,44,7
5.6995738993603178,100,101,55,7
3.1916204366697705,96,96,49,7
2.1637591686991398,98,99,53,0
6.1574628105309213,102,102,52,5
2.5791526149365027,102,102,49,0
0.2329037766061645,100,101,48,0
0.6344838405894130,100,101,52,0
3.1414386815401358,98,98,48,7
1.4412466240032551,100,101,49,5
1.4477700305835086,98,98,55,4
1.0997580519223475,100,101,56,0
5.7808118776680617,98,99,48,3
3.2102552488551925,98,98,51,0
0.1548374380582436,98,98,53,6
1.6098980234622853,100,100,58,0
5.9021029994736693,98,99,57,2
0.5063823703955526,98,99,55,0
3.3724516616395013,98,98,50,7
0.2409193438290820,96,97,57,5
0.7325701151209603,96,96,44,4
3.0294465274013547,98,98,40,3
4.8694396156996191,98,99,50,7
2.1653211276777640,96,96,44,6
4.4809421578181157,100,101,63,5
3.0890866903136400,98,99,56,1
2.7787409199004363,98,98,54,1
4.2994654095958111,100,101,54,2
4.2884238410336648,100,101,43,3
2.2656899444544814,100,100,61,3
1.5376624011540792,100,100,53,5
0.9584186908376073,102,102,52,7
2.7726100014974073,100,101,51,1
0.5608862857999865,98,99,53,0
5.9077955618671929,98,98,54,5
3.1699558918363868,98,98,46,1
4.2519487110758440,98,99,45,0
5.6237847483202268,98,99,61,4
3.3985767109743388,100,101,49,1
1.3867232657248025,96,96,45,1
3.1685084166449538,98,99,45,4
0.4009193874157312,92,93,53,7
3.5031708965181902,100,100,55,5
0.8670170221414872,100,100,44,6
5.2602952411951662,96,97,47,1
3.9016805990819345,102,103,55,4
5.9474871366215538,96,96,48,0
1.4950042682678568,96,97,41,7
0.5627861691150969,100,101,46,6
5.2060378175456146,98,99,45,6
5.3705400701426091,102,103,53,6
2.7497094132851414,100,100,44,4
5.9430425849780439,98,99,51,2
2.6643866677090662,100,101,47,3
1.0112880090178713,100,101,57,1
3.5610975545020223,100,100,48,2
1.7749045415597642,98,98,48,3
4.1804756460845383,100,101,49,7
5.9763601010836647,96,97,43,7
2.3364839153203261,100,101,57,5
0.2316863317407971,96,97,55,5
5.0761461886628823,100,101,56,0
1.6941292940175701,96,96,53,3
2.7912576695929125,98,99,49,0
4.7162094465569719,98,99,60,7
5.0795753407274367,100,101,48,4
2.7334763055562155,92,93,43,7
0.3550087781928672,100,101,56,0
4.9910677820452944,98,98,50,5
5.6000402822985480,100,101,50,4
4.0560460914389944,96,97,41,5
1.2559980618936033,100,101,52,4
1.5727050960566273,100,100,46,2
2.9617267009193968,100,101,45,3
1.8108414304724101,96,97,53,5
2.4695370270914472,100,100,54,2
5.4695429841724126,98,99,49,2
4.5136940416604086,96,96,56,6
5.5909513595483871,100,101,50,4
3.9978337075753752,98,99,56,7
2.8609982183298230,100,101,48,4
2.7538030136591529,96,97,56,6
4.0110135759386685,100,100,49,3
1.9794590294181078,98,99,52,1
5.3487476228946145,100,101,50,0
1.6810898448843188,100,100,43,5
1.4441449570630625,100,100,57,5
1.5664107077502987,100,100,54,4
0.9898486658583735,100,101,46,0
4.5472219709571622,96,97,46,4
6.2102115274067753,98,99,51,2
3.1716568445435822,98,99,54,1
3.7928105610752381,102,103,62,7
3.2684410500200944,98,99,56,1
3.6169491547047476,100,101,44,4
0.1797973721124370,100,101,51,7
4.3938472276902836,98,99,56,7
5.6076881778983561,98,99,58,7
3.1604414689769373,100,101,58,4
5.0429291599638537,98,99,54,5
6.1994693583270220,102,103,60,1
1.2675945813390346,98,99,47,2
6.0349819151525068,98,98,55,2
3.5442169444693419,96,97,47,5
0.8471987580326378,98,99,54,3
0.9598093097297756,98,99,44,5
4.1032888688432303,98,99,59,4
2.1234230645692742,100,101,53,7
3.1526301262975363,98,98,47,0
0.3867834705650910,102,103,49,6
2.2604529304146501,100,101,55,7
1.0159976205186938,98,99,49,0
0.7338215351618210,100,100,57,3
3.1569434250853790,100,101,50,2
3.6022088333732047,100,100,51,7
4.2817305672249040,98,99,52,1
1.6681854707514956,98,99,49,6
4.9092208998489344,98,98,58,5
2.0916994944900358,102,103,53,2
1.5489912564199553,98,98,39,6
3.8107745792597281,100,100,59,1
2.1646073410975943,96,97,40,4
0.2261071284456855,98,99,56,3
5.6596122992681499,100,101,59,1
3.6780375646669787,98,98,58,7
4.5842797505824739,98,99,60,5
0.0433580471494821,98,98,53,2
5.0413350049689214,98,99,56,7
4.0070742427403774,94,95,54,1
4.8524629389444094,98,99,53,0
5.0962842032990938,98,98,53,0
0.5550096474514882,96,97,42,2
5.4565196777803369,100,100,62,4
2.3726064500849198,98,99,55,0
1.9733154509392707,100,101,44,4
5.7443861352445538,100,101,57,5
0.4882952399774262,90,91,41,0
0.7592422238844529,96,97,52,6
3.4397866515583586,100,101,52,6
1.9769057779144377,100,100,56,4
2.2850457791507925,96,96,55,5
5.5790891308313784,98,98,57,2
0.1846839539558643,98,99,54,3
1.0461422328864252,100,100,50,2
5.0720535614934068,96,97,55,5
2.2895872103038979,100,101,57,7
5.7134486485596714,100,101,46,6
3.5104238236372356,96,97,50,2
3.9941538829968422,96,96,51,3
2.6734772158876625,98,99,49,4
4.7809022086086772,98,98,52,1
1.4478765233482689,96,97,65,1
5.4054162234562337,98,99,43,2
0.8808973418391807,106,107,53,0
2.4519188896020498,96,96,46,6
1.1148004387806096,100,101,52,0
5.4397392456720075,96,97,52,0
3.3553119149342967,98,99,57,6
5.2406763307134820,98,98,55,6
5.0169061219136584,98,99,45,0
3.2952077129329873,100,101,51,5
0.5768637363855157,100,100,50,0
2.6784618890205150,100,101,54,4
4.5277040968861186,100,101,49,7
1.9359853798157756,94,94,50,5
1.0045502309712926,100,101,59,7
5.5758618850120358,96,97,52,2
2.4888363376146341,100,100,49,3
2.2363199846564630,100,101,53,5
4.6827330146742465,100,100,53,1
5.7979520224299055,98,98,46,3
2.1418964101134019,100,101,59,1
3.9952864246641155,98,99,54,3
2.1532049212419939,98,99,47,6
5.7754599060218181,100,101,54,2
2.4102250250263086,96,97,53,5
5.2488503074664479,100,101,50,0
4.7088906554531231,100,100,46,0
3.7934660594504703,98,98,51,4
2.5859935361531892,100,101,45,1
1.0422612905021251,100,100,52,6
4.4587796624626099,98,98,54,1
2.9545185711019166,100,101,63,7
2.9314569943840123,100,101,56,2
0.5607139016661505,96,97,47,3
5.2835401918408138,94,95,59,0
1.1313127426275620,98,99,51,2
2.7283607756936470,98,99,42,3
1.8195224263698355,96,97,58,0
3.4455114027734068,100,100,46,4
2.5407820731415782,94,94,53,4
0.4132672244600565,98,99,48,7
1.6984481510370546,94,95,53,4
5.9417027579414921,100,101,52,6
2.7600613825786926,98,99,48,5
3.0021153478644069,98,98,53,2
5.5358930381931444,100,100,57,1
2.9067629746511439,98,98,50,1
5.8870995454948689,98,99,43,4
0.7986106717267023,100,101,53,7
4.4872282170822144,96,97,45,5
2.0305300406866267,98,98,56,1
5.5943222537073387,98,99,53,0
4.9165074584795221,98,99,50,5
5.2693523671627442,100,101,50,4
3.8237927536161505,100,101,45,7
5.7725304111095284,100,101,48,6
2.1003123867364115,98,99,49,0
4.1283875630761671,96,96,45,3
2.5899280411015093,100,101,60,2
5.6828838660963994,100,100,43,7
3.7957501383508117,100,101,53,5
5.0324972092009324,98,99,44,5
0.5588618283457256,98,99,56,1
3.8651261813052629,100,101,55,5
5.3498121877170552,98,98,46,7
4.9798294707784176,98,99,56,7
3.0735143024837437,96,96,46,4
5.6657599174682023,98,98,57,6
0.7544492951825913,98,99,59,0
0.1332822458812167,96,97,57,3
1.7239823095906359,100,101,46,0
3.7413937675672693,100,101,56,0
6.2411575363298102,98,98,54,7
3.9044146649326561,102,102,55,2
5.7751732582715407,96,97,46,6
2.4753370635963923,96,96,55,3
6.2040816690434069,96,97,46,0
5.6587214417956835,100,101,61,5
5.3849575280346142,100,101,48,2
2.9862611762927158,98,99,50,5
0.0349050731752406,98,98,51,6
1.2676685625352131,100,101,56,2
6.2588301332204956,100,101,55,3
3.2616155765826687,98,99,50,1
1.3025205336260910,100,101,54,2
4.2526498509229809,100,101,49,7
5.6221075682451351,98,99,52,7
5.3237806926670812,88,89,49,1
6.0679118215763284,96,97,43,1
0.7183193858737711,100,101,42,4
4.0302782715415288,100,101,51,1
4.5359678795089282,98,99,49,0
3.4728571082351660,98,99,53,4
4.3636668995539054,96,96,49,3
1.1704972288321167,98,98,47,0
6.0341702782229065,100,101,50,0
1.5059816849411451,96,97,50,2
2.1239003314552578,98,98,55,0
3.8310986427353595,98,99,58,1
5.0923831591889019,98,99,56,5
3.7796719773015437,98,99,54,5
0.7191135417149251,96,97,48,6
1.8158715765554609,98,99,54,5
5.2020985858839728,96,97,46,6
1.2837336463076527,96,97,47,3
0.2725380684520650,94,94,55,0
3.0907261972145967,100,100,62,6
2.8947711109260044,100,101,48,2
4.8144391673910194,100,100,48,0
3.5742891673903969,100,100,55,5
1.8536340037648440,100,101,47,5
4.0272186652005821,98,99,55,2
0.7855422658223739,96,96,58,4
0.9579549014918157,96,97,54,2
5.7618529282762108,98,98,53,0
1.5646865250374216,94,95,48,1
2.9305790981019464,100,100,50,2
5.4245251107737200,100,100,49,5
1.9402973734533357,96,96,55,7
2.9260990964954812,100,101,62,0
0.9106536726104234,98,99,50,7
2.3390229641797049,96,96,49,7
4.6947139269120273,100,100,46,4
4.2662213249909131,98,99,47,2
1.1700657613454177,96,97,47,3
2.9107631499203359,96,97,45,3
4.2647888718192002,98,99,53,4
2.5658461695082475,98,99,50,7
3.7092301803095671,98,98,48,7
6.0477600288976641,98,99,45,2
3.9644386832474723,100,100,55,7
1.6464945731895522,96,96,46,4
4.6690739387067648,100,100,52,6
3.2548162299135490,100,101,44,2
2.8704633948189948,98,99,37,4
5.3907710141096041,100,101,47,7
2.4875649897518937,98,99,44,7
0.5918636574907632,96,97,52,6
6.1397906156212461,100,101,45,7
5.1300695652670152,100,101,55,5
5.9222363346639462,96,97,48,6
0.3676749256543740,100,100,49,5
2.9310416890250020,100,101,50,6
4.1789552860545500,96,97,58,0
4.5762567696564904,98,98,45,4
0.8123930833408317,100,101,51,7
3.8812552799857638,94,94,40,1
2.5845389915873045,100,100,51,3
0.3276992387560399,98,99,49,4
0.9999260597845682,102,103,62,5
5.3354874321465413,96,97,51,5
1.5416942801261080,98,99,59,0
1.3340378623038107,100,101,44,6
1.5917745821719882,100,101,49,1
5.1023419285410592,96,96,56,0
1.9651869292837907,98,98,45,0
0.6174885192316892,98,98,49,6
4.5471994235791717,98,99,47,0
0.0292570453830132,96,97,57,5
5.4616396025823919,100,101,45,3
2.5368790374323518,100,101,43,5
1.6782392312118646,100,101,51,7
5.2935460503195193,98,98,51,2
3.1707746826992631,98,99,57,4
3.1818363129604643,100,101,51,5
0.5064003168124029,100,100,51,7
4.4567676139871306,100,101,51,5
3.4740617879373112,100,100,57,3
4.0606484940567444,98,99,54,1
1.1078178585784075,102,102,56,7
0.7507818220944265,102,102,52,3
1.6113953460968626,100,100,56,6
5.5199155257612746,100,100,53,1
0.0190429758052008,98,98,50,5
2.2932468862750390,100,100,47,7
2.1561945430477167,100,101,49,5
5.8342478451827269,94,94,46,3
2.1110264586013017,96,97,45,7
1.6818646785550158,100,100,45,7
4.4911256566242166,98,98,52,7
4.7432775760516286,98,98,53,2
3.1913694160662827,100,100,55,1
3.0344613481023326,100,101,50,0
4.2756240249189643,98,99,50,5
0.8847375362564671,100,101,55,3
0.4093009442720730,100,100,50,0
2.6374311682380052,98,99,55,0
1.3814212929150289,98,99,50,1
5.4282357899757159,98,99,52,5
0.9654210396796657,100,101,44,0
3.8377820855661251,98,99,60,5
2.3271576802214931,98,99,54,7
1.4363156593702260,98,99,47,2
1.0938213144213740,96,97,54,4
2.2306234266049954,100,101,57,5
5.0327807535507425,96,97,51,7
1.8338045877756626,98,99,49,6
5.8944133526214806,94,95,47,0
1.6585032360475016,98,99,49,0
0.6937884603253104,96,96,42,2
3.4732078390061623,100,101,42,6
4.9326096481620070,100,100,56,2
5.3254890738012950,96,97,52,6
2.5786727827893228,96,97,54,0
4.2719155250868548,100,100,48,4
2.8710369261665685,98,99,55,0
1.2391070110927536,100,101,50,0
0.1327615440190418,94,95,51,2
2.5447443309361386,100,100,47,3
3.5317263696104799,100,101,44,4
5.4969441009583564,98,99,51,4
5.3647356090530449,100,101,46,2
2.9724520427346661,100,100,47,5
5.6086176684241300,98,98,42,3
3.4483826550337859,102,103,50,1
4.1545196895299679,98,99,53,2
1.5880852900832452,96,96,43,1
0.3511386024304533,98,99,46,3
3.4393096880549536,98,99,50,1
1.1863495157405246,100,101,52,4
4.1530314611809427,94,95,39,4
1.8616777192435827,100,100,54,0
0.4856297985945237,98,98,55,4
1.9845162604136699,98,98,48,1
0.3073908292202677,100,100,46,4
5.5345332241211587,98,99,53,0
5.6009797310643119,98,99,48,5
0.7545051555513377,98,99,56,3
5.3584080789996085,100,101,50,6
2.5630837446705312,100,101,51,5
5.8322524793425030,100,100,53,3
1.4716147835480791,100,101,46,6
0.2159428959032904,100,101,53,7
1.4543603507640224,100,101,51,1
4.3092265608632898,102,103,48,7
6.2591491642761401,102,103,69,6
5.0464875131603320,100,101,56,0
5.7622161384076618,100,100,63,7
5.0780746551679607,98,99,48,7
6.1450959734100463,100,101,52,4
0.7370359911599101,96,97,50,4
2.5952092710425538,98,99,50,3
4.3741014563633209,98,99,63,4
6.2529672076372549,100,101,52,6
5.9098597480046431,100,100,53,3
5.8934009380706316,102,103,56,7
0.3430129199249203,98,99,46,3
5.3883246750792866,100,101,52,4
2.3875373313390589,100,101,44,0
5.5620091106786305,100,100,54,0
5.7220438435179704,96,97,52,2
2.7767343672588436,100,101,55,5
3.3911648208175889,100,100,49,7
4.0489398236988725,100,100,53,5
5.5333667368987074,96,97,55,1
3.9593497874948658,100,100,48,0
3.0346723544178138,100,100,46,4
1.6962574933425911,98,99,49,0
1.3698916508788124,102,103,54,3
2.5055012051316545,98,99,56,5
5.2652191309683509,98,99,51,0
5.6474557083567154,100,101,51,5
1.7242449957035679,96,97,45,5
0.5567561976774746,100,101,53,5
4.1752570881698379,96,97,55,1
2.0785946065575245,100,101,43,7
2.9279613919688416,96,96,50,6
1.7695199718230723,94,95,44,3
0.9267476532711878,96,96,43,1
2.5543844955015493,100,100,57,7
2.9428233806162218,98,99,49,2
2.9020561185394333,98,99,48,1
2.8284260598214490,104,104,59,1
5.4791452025433909,96,97,46,2
4.5596653114446193,100,100,55,3
0.5835894175956353,100,101,41,3
0.4399404559390565,100,101,59,5
5.4948713934388325,94,95,47,4
0.8737940191933881,98,99,45,2
3.7438563775168401,98,99,49,4
1.7119736988482643,100,100,49,7
1.9468836482517198,94,95,47,4
0.8397785980265952,100,100,61,1
1.0424650229060615,102,103,52,3
2.6640370540636229,100,101,47,1
2.5072853664154082,98,98,51,6
4.0426065834611249,102,103,56,7
5.6537760746396142,100,100,53,7
5.6718044667557432,98,99,52,7
5.9768926920989092,100,101,55,7
5.7595686324557356,102,103,52,3
3.2547553096176531,98,98,53,2
1.2900995733927141,100,101,55,3
0.0882452995907947,100,100,48,0
5.1991315270666085,100,100,58,4
1.2761286304281543,98,99,48,1
4.3347663341238096,98,99,53,6
4.9438342841592817,98,99,61,4
0.6055468971479341,98,98,54,1
4.9804461281810726,100,101,49,7
0.3755327738708915,98,98,44,7
2.5858778908129878,98,99,54,5
5.5886072252124785,94,94,54,7
3.8874742533148523,98,98,56,1
6.1569612930915154,100,101,46,2
3.4557551074000381,96,97,49,1
1.7900117595170906,100,101,45,3
0.0356327125705440,98,98,58,7
0.3095254790805636,98,98,39,4
3.8645063954173553,98,98,53,6
1.5714961404053938,100,100,56,6
2.4136382198331567,100,101,56,2
1.7844811206551734,100,101,50,2
3.1108528969285634,96,97,62,2
0.3382610737784875,102,103,53,4
2.3790922670625756,100,101,55,7
0.9621910406667753,100,101,45,3
5.1060430273265762,96,96,56,6
2.6093620165361813,96,97,53,5
4.0141192978910478,104,105,65,1
5.4013915728366246,98,99,50,3
5.7520502231790527,100,101,53,3
0.6402390786949779,100,101,48,4
5.9781436366801266,96,97,46,6
0.3811216097256523,100,101,55,1
1.1627090319093365,100,101,48,6
3.2136270394626378,96,97,48,4
3.6043565276957117,100,101,45,7
4.4920720013877427,98,99,52,5
3.3610037654126130,100,100,46,4
2.1309675927162210,100,101,45,1
1.4893232918472117,98,99,61,4
5.0270990898009611,100,101,50,2
4.8581121965618177,100,100,52,2
3.1537301847616614,98,99,53,6
5.2611906426916866,98,98,49,6
2.0604407282367454,100,101,51,3
4.3369890851427551,100,100,48,0
1.9836972463258473,102,103,47,2
1.8504370592325763,102,103,56,5
2.9055170365115868,100,100,46,2
4.5508182500525276,100,100,52,0
5.0413159559544320,98,98,49,0
1.8189847557659902,100,101,46,0
4.5029140410448134,98,98,57,2
0.0276930613650475,98,99,54,5
1.6036486601786546,96,97,52,4
6.2480725078294448,98,98,49,4
5.2165961728104282,96,97,56,0
2.2157190664530946,100,101,62,4
1.4319453943397673,98,99,47,2
4.5303040548566509,94,94,47,2
2.5340272472769461,100,101,44,0
1.1587736385239280,100,101,52,2
4.5570726070370773,100,100,54,4
3.6889593695648917,100,101,54,0
4.9425399533451486,98,98,42,7
2.2838045582674620,100,101,49,1
5.6164625661418563,98,99,54,3
0.0571673129637572,100,101,51,7
4.7061633769485889,96,97,49,7
0.8985245644095526,100,101,56,6
4.4395824884999140,100,101,56,0
0.2194028323128483,98,99,48,3
4.5119506382985515,100,101,45,5
5.7924457361999035,100,100,50,0
3.3410844891452474,98,98,48,1
1.6280747906796051,98,99,44,5
1.2063283819450907,100,101,53,1
5.3267459624467559,100,101,58,4
5.3406476934471829,100,101,67,1
3.8956210578419590,100,100,51,5
5.9704926165595040,96,97,50,4
3.4271410497291224,98,99,43,6
6.1327795569627561,86,86,44,3
2.3166543563080788,98,98,51,0
0.5321130720905219,100,101,62,4
3.8698150410943075,98,99,51,6
1.2171943045072142,100,101,49,3
0.6792411480409289,100,101,46,2
3.0060733806004767,98,99,52,7
4.4562263737555945,98,98,52,1
5.6856105300109121,96,97,54,2
0.4631419422981837,98,98,53,0
1.0749903310696731,100,100,61,1
3.1158601791942768,100,101,51,3
4.4183951245066311,96,97,55,7
0.3199488661014213,100,101,54,4
0.8068840700595254,94,95,49,6
2.4474301162042016,100,101,44,6
5.6744391934021285,100,101,50,0
2.0899797337589425,100,100,57,5
1.9114675825439260,94,95,44,1
1.4657351122097613,100,100,44,0
3.6032629703537631,98,98,56,1
4.9811521887214960,98,99,55,4
5.4729661667682317,98,99,52,1
5.6184016663363305,96,97,44,6
1.1821358128065678,102,102,49,4
0.8954552499239954,98,98,53,0
4.8237375895336445,98,99,57,6
4.2313682165839905,88,88,46,2
0.5375470928806387,102,103,53,4
0.8024777517691780,100,101,52,2
0.5951334397264109,98,99,44,1
1.6713917720194083,98,99,56,1
5.0591950173493654,98,98,49,4
4.0637251907386922,100,100,47,1
5.3658449789699496,100,101,45,5
2.6641083428055916,98,98,51,0
2.9509467484328646,102,103,59,2
5.1130608888689384,98,99,48,5
3.5961038644681853,96,96,50,0
1.1477094777539834,100,100,54,2
5.7766163144716822,96,96,46,4
2.5709253803391157,100,100,57,1
5.6697527302385256,100,101,46,0
4.9859550423972516,94,94,49,0
1.2039960064960755,98,99,55,6
0.4821060974862518,98,99,48,5
1.8975071137137918,98,99,60,7
2.4553147186146722,96,97,46,0
4.7632729230001267,100,101,54,0
5.3929545177436893,100,101,43,7
1.4426368881575038,98,99,52,7
2.1992750720232404,100,100,54,2
3.6960816198363196,98,99,54,3
5.0605894572573655,100,101,52,0
2.0990871860196512,96,97,40,4
3.7199826530187248,98,98,46,7
1.4702344721014411,100,101,56,0
5.9466380801445551,96,96,45,3
1.1721479165807263,100,101,53,3
3.6974554105514073,100,100,46,2
1.6906779780214347,100,100,41,7
1.3108367783127042,100,101,50,0
5.3379285144034689,98,99,53,0
5.5070148289155529,94,94,48,3
4.1263872413298763,102,103,52,1
2.0184147739376841,98,99,45,6
2.0390426780837645,100,101,49,1
5.5995419203844641,96,96,45,7
0.1649866143174572,102,102,57,2
2.6594789649971671,100,101,49,7
2.4902216886703523,98,99,59,6
0.3067606371313196,98,99,49,6
4.4299714142024120,98,99,51,6
3.6015099977135616,98,99,43,2
0.6259910946020280,100,100,52,2
1.7451426313403364,100,100,52,2
5.9003301868281497,98,98,50,7
0.8374477332297430,100,101,48,6
6.0087041918462987,98,99,46,7
1.8964589472902758,98,99,49,2
2.6427413881026607,100,100,48,4
2.5871735996610190,100,101,46,0
5.0773521384441480,96,96,47,7
0.0454222575896848,98,98,61,2
3.9678730550371561,98,99,47,0
0.3417603516444591,100,101,42,6
1.4479751786825605,98,99,50,3
5.0701672813318748,98,99,56,1
3.5770207873597344,94,95,47,0
1.7501605616714915,98,98,57,2
4.0153586336376259,100,101,56,4
5.2764294615732936,98,98,52,5
5.2932292375542378,100,101,51,5
4.3189843107386450,98,98,49,0
3.1051860260986697,98,99,58,3
1.7573166876346726,98,98,59,6
2.1117766352238720,100,101,42,6
6.2241663993653988,100,101,53,7
2.9897819017128047,100,101,63,7
0.2973975312113066,100,100,50,4
0.4574596338709955,100,101,58,0
1.7868376899783676,100,101,55,3
3.9781549694305003,100,101,52,4
3.1178620119788985,100,101,46,2
1.0594728254806827,98,98,49,2
2.2864430734080798,98,99,50,1
3.4667570266486507,98,98,46,5
4.2859290412559767,100,101,48,2
6.1450761963312344,96,97,41,5
2.3106004114957801,98,99,54,7
1.6314835761093780,100,101,51,7
2.1169688360184846,100,101,46,4
3.5330016922316920,100,101,54,6
1.5306250340043268,100,101,57,1
4.0487412867776307,98,99,47,6
2.8099354857432099,100,101,50,2
5.4435368241788522,98,99,55,6
4.4703613622857015,98,98,42,7
4.2953256119259331,98,99,58,1
0.2327112086899176,96,97,47,1
1.7174332099595233,100,101,53,7
2.0816014900824502,98,99,43,2
5.1339713620268226,100,101,52,0
5.9741792911429004,100,101,51,7
2.1269053740141728,98,99,48,3
3.5905238241389883,98,99,60,3
2.2865575161815657,100,101,45,3
0.4391738089003582,96,97,51,3
0.4353340941917379,100,101,61,5
4.0860220050868232,100,100,48,4
3.8749317349470469,100,100,57,3
0.9169588336048704,98,98,43,2
4.8114903831115772,102,103,45,6
3.7222664796632317,102,102,50,1
5.3591376921490035,100,101,49,1
4.7342362596262335,102,102,54,5
5.2683212806411177,100,101,53,3
2.6980916335181049,98,99,49,0
1.2303801052440304,96,96,47,7
0.0514544062062207,100,101,53,5
2.2209222229873991,100,101,56,6
2.8619800551866521,98,99,51,6
4.8227449579570951,100,101,55,1
0.1061022768136156,98,99,55,0
0.3012872444446336,96,97,48,6
1.8034887956616199,100,101,45,1
6.1127573418501315,100,101,53,7
1.7305669864555373,100,101,47,1
5.1743207935413000,98,99,51,0
1.6211730306189025,98,99,52,7
1.9869890137891020,100,101,60,4
3.2409966884170185,100,101,56,4
3.6314291728932875,102,103,58,5
5.0958934845540806,102,103,62,7
3.3445825036936374,100,100,42,2
2.4501395990076587,100,101,51,7
5.0146759351440906,100,101,55,1
4.9196789410983950,100,100,50,0
4.3890950594377047,98,99,47,0
2.8516367688780115,100,100,43,7
4.5487048303413333,100,100,59,7
0.9998958407715246,100,100,44,6
5.9549136231820592,100,100,43,3
4.6726450594644966,98,98,44,3
4.8105866043198908,98,99,46,3
0.3796058380128535,100,100,55,1
5.7864773674111447,96,97,48,2
6.1641904673233094,100,101,54,4
1.0516816934697073,100,101,51,3
2.2621910039156670,100,100,42,6
0.4008010266841603,98,99,45,4
3.9000800044452286,102,103,59,0
3.6106195123886398,100,101,53,7
0.1540374492311982,100,100,54,0
1.0255688822044497,100,101,53,5
5.5722506786117032,96,97,54,2
6.2619388387882156,98,98,50,3
5.6219738728965183,94,94,51,4
2.6419231030294759,100,101,52,0
5.4404796379817979,98,98,49,0
2.1930111274504687,100,101,43,1
4.1846780170932192,100,100,57,5
3.7391346962316661,98,99,48,1
3.4000111488501803,100,100,48,2
2.6939219467277358,98,99,56,3
1.5462198564952252,96,96,54,2
1.6871912135241220,100,101,51,5
0.5401206184813024,98,99,48,7
1.5959708893782796,98,99,46,3
5.1958100259190498,100,101,54,0
5.7553096892221474,98,99,52,5
5.5439811250319755,98,98,51,6
3.3114203911129061,100,101,54,2
4.2876907189893494,100,100,51,1
0.9131082384951660,98,99,49,2
2.9073752946095448,102,102,52,1
3.3413068212243568,98,98,51,4
2.0765275444335307,100,100,49,7
1.3188541165565499,96,97,37,7
4.7696955390825995,98,98,60,1
4.6816384469870345,100,101,45,7
5.4923849925905213,98,99,54,7
6.0979392670387584,100,101,55,3
0.2859165771965220,100,100,45,5
3.1098601105654611,98,98,49,6
4.3461369268955536,100,101,55,1
6.0459945240029649,94,94,51,6
3.7199510167770269,100,101,62,2
1.4224258898977342,98,99,47,4
5.3783129710711961,100,100,56,4
0.7821363363674602,100,101,56,0
6.2247072365580642,98,99,45,6
4.6655681920665675,100,101,55,5
3.0463172768574549,98,98,56,3
2.7924392130393159,96,96,53,7
5.8179314227247776,98,99,46,7
3.6922404669646864,98,99,53,0
0.2204071478936059,100,100,57,3
2.8118473948696248,100,100,46,0
3.2905532840331380,100,100,57,5
4.5779923398366025,100,101,44,0
4.5042068213694035,98,98,58,1
5.1029233869942194,100,101,53,5
4.5302510868832142,96,96,50,0
2.0777993431068995,100,101,58,6
2.9644633153844406,96,97,43,7
5.0433710920885115,100,101,58,6
3.2600477594202224,98,99,49,0
1.1159273960066265,98,98,55,6
6.0714156537253441,96,97,44,0
4.5836261994890997,96,96,50,0
0.1893937436550134,102,103,56,1
1.7297673469951329,98,99,55,4
3.4803522559467006,102,103,54,5
2.4634791079914269,98,99,45,6
6.2631472030746460,98,98,49,2
3.0996194170741052,100,101,51,7
5.3462447422147461,98,98,48,1
4.2288062893291558,96,97,44,2
0.9043870950427692,96,96,55,5
2.1325687485252773,100,101,55,5
2.9327843890477299,96,97,49,7
6.0596615081019642,96,97,43,3
4.6413088566405785,100,101,64,6
1.5574320433238478,98,99,58,7
3.1972996468284407,100,101,51,1
0.4543383694079368,100,101,52,2
3.3824831483889928,94,95,52,3
3.4937758990795622,104,105,46,6
3.2724759755969974,96,97,44,2
5.7371484351627018,98,98,54,7
4.8391928883999906,94,95,54,7
1.3073898789657683,100,101,53,5
0.9565314321019167,100,100,52,0
1.9469128976564833,100,100,47,5
1.4457253554251617,98,98,62,7
1.3536941362359249,98,98,56,1
0.3710100632000330,96,97,50,2
1.0384808745830310,100,101,47,7
0.1468117958736449,98,98,46,7
5.2561904932411636,100,101,54,0
5.8923930914908826,98,99,56,5
6.2206216353797013,100,100,55,7
2.0836546450931048,102,103,49,4
2.3843242078788225,102,102,49,4
0.0283193796268944,98,99,48,1
5.5928139194907747,100,101,49,1
2.8059858353572680,100,101,50,0
0.8481938388182925,102,103,58,5
6.0561735678181163,96,96,46,2
4.6672565471688863,100,101,51,1
4.5708938037552285,100,101,51,7
4.3442225745080290,98,99,47,6
2.5169802924273585,98,98,48,1
0.1803925791903118,98,98,46,1
6.2340194911336022,98,99,40,5
1.0486185997468307,98,99,58,3
1.7047259326836766,98,99,51,2
2.3830239533566302,102,103,57,0
4.7757407059589294,96,96,51,3
0.1886093145990149,98,99,49,2
1.1161154125821966,94,95,60,5
1.5929471758008320,98,99,43,2
0.2856330568213111,98,99,55,4
3.7655727530556704,100,101,58,4
1.9523289588508044,94,95,42,7
2.4087036382011986,98,99,58,1
5.6679680455828230,100,101,44,2
4.5169199053273505,98,99,47,2
3.9952621989310382,102,103,55,6
5.1486253940136848,100,101,43,7
1.1499907636189644,98,99,47,6
1.1180956898392600,96,96,51,7
5.4074778366028022,98,98,50,1
1.3828448862649512,102,103,39,4
2.5540201268097906,98,99,61,2
2.0038957685061982,100,100,59,1
5.9811013128421759,98,99,56,5
1.9915873863055782,96,97,52,4
2.4296328113022811,98,99,48,7
6.1296139372125626,96,96,54,2
3.2007518921606524,100,100,57,3
5.5922326758786856,98,99,59,4
3.7802734524964490,98,99,51,4
3.9944302134783221,100,101,50,2
0.4482099974777374,100,101,46,6
1.4980277431006626,98,99,55,0
2.4817472714807391,98,99,57,6
5.5077826291436986,94,94,47,4
2.6125960988564279,96,97,51,3
2.7862603325756505,100,100,50,0
2.3569426854338413,98,98,57,2
4.3717958653579618,98,98,59,4
3.2754318994279314,96,97,54,0
3.8859123420068880,100,101,56,2
3.5963102573184416,98,99,54,1
2.6180444557759088,92,93,55,7
4.5986320244897039,100,101,59,7
2.0333976799325630,98,99,48,1
5.4060497626585589,100,101,49,7
1.0508043520256478,100,101,53,7
1.3477604526176998,98,99,52,1
2.3728883459633718,96,97,45,7
4.2892496917631524,102,102,65,6
6.0817767635332514,98,98,48,5
1.6303855660314781,98,99,50,1
1.6953154789894855,98,99,52,7
4.4893356756918106,100,101,47,1
2.3958789333843065,96,97,46,6
3.3430234912139571,100,101,53,5
5.6585858891835263,100,101,51,1
0.0899765888131415,98,99,40,5
4.6097433270275232,94,95,51,6
3.8984236862408386,98,98,46,1
6.1670876476970271,100,101,44,4
1.5973946933400662,100,101,37,5
5.5651742996968849,100,100,50,4
1.8694536711736838,102,102,53,0
1.8900394573963732,100,101,48,6
3.8836855057816719,98,99,54,3
0.6248363329980495,92,93,47,7
2.3109131566556096,100,100,54,2
2.6300595682259011,96,97,45,3
4.9863349254489773,100,101,52,6
5.4307036292321680,98,98,58,7
5.5390061531465493,100,101,55,3
1.8932895265577514,96,96,40,0
1.8652116393460401,98,98,45,2
3.8669772490755210,98,99,45,0
4.2805479139781033,94,94,42,1
1.9801028903472084,100,101,58,0
5.7758802411411185,96,97,59,5
4.3733592969039998,100,100,56,0
0.3437788771800050,98,98,43,6
3.6741193011403208,98,98,54,1
4.0777266385772117,100,101,56,0
5.6074017598635617,100,100,49,1
5.4721683622093833,98,98,52,5
3.1879363115927086,98,99,55,0
0.0672013094820077,98,99,51,6
4.5637231370056517,100,100,53,7
1.8046998021968206,98,98,53,2
0.6868223947347381,98,98,47,2
4.7994735801780806,100,100,56,6
6.2008055094776351,100,101,51,5
6.0154427166654987,98,99,55,2
3.2829905278437055,100,100,55,3
3.9080525760393154,98,98,48,1
3.9670931136876995,98,99,52,5
4.3126337193882520,100,100,52,0
4.5913617296846603,98,99,48,5
2.9253227399380930,100,101,54,2
5.3777795378148845,98,99,51,2
3.6542308732747659,100,101,57,5
0.2379463226502200,96,96,48,0
2.0280700455034562,100,101,61,3
3.2739717118177230,100,100,46,4
0.3003581312484219,96,96,54,2
4.8053811243097844,102,103,65,6
0.1352745268432785,90,91,49,6
2.0396409167426550,96,96,47,5
2.6041029817879413,94,95,50,1
3.5401190479689917,100,101,55,1
2.6362952470763479,98,98,48,7
4.5956482024097536,96,97,50,0
2.5047140525645113,100,101,42,6
2.7040937476916280,98,99,55,4
3.5837006784758119,98,98,51,0
5.1192456439278162,96,97,50,4
3.3622500799376014,100,100,44,4
2.9621286245918586,96,97,51,7
2.0403267149895132,96,97,55,1
0.4780880637955071,100,101,52,0
1.2167237548734504,98,99,46,3
3.8691322070605718,96,96,55,5
3.4859963008801973,98,99,58,7
2.0406530736852853,100,100,56,0
2.6959128776627801,100,101,64,6
2.1692701831341523,98,98,44,3
4.9821185736526497,100,100,61,3
0.6401226270427994,100,101,54,0
3.6394878405485009,98,98,59,4
2.7932387669181677,100,100,50,2
4.5550432995175836,94,95,42,5
2.0264147020878047,100,101,48,0
0.7946566790479047,100,101,57,7
0.9499316821505364,98,98,49,2
2.7863669790803356,98,99,39,0
0.2601269916493388,98,98,47,2
4.3468348575667282,98,99,50,7
1.8851156352875131,100,101,55,7
4.5803986033325277,94,95,49,4
0.4524278173268976,100,100,47,3
5.9126055357431966,96,96,55,3
5.5284636726347669,100,100,45,1
1.3748690089742519,100,101,57,3
3.6322444716177622,98,99,44,7
3.8364770143263645,100,101,51,3
2.4022474672800271,100,101,50,6
3.1387133282784938,98,99,55,4
3.9966019616562285,100,101,51,3
2.1905601227835922,100,101,48,4
0.2204405012297240,100,101,55,3
3.5375844375324679,102,103,53,4
5.0401319064808048,98,99,57,2
5.4297575163424465,100,101,54,4
4.4526100903502783,100,101,50,0
4.4544432128102880,100,101,47,3
5.8565438615234848,96,96,41,5
2.9607809836356522,100,101,62,2
2.8054340559935111,100,100,51,1
2.8228716094736317,98,98,46,3
1.3218771587599532,100,100,42,0
1.3579118084093564,96,97,48,4
1.0127640506951381,100,100,53,5
3.6587111396434397,100,101,44,6
3.6504151862213807,100,101,62,0
2.2270771366326900,98,98,47,6
4.5658413122080663,100,101,56,2
6.0870721291703669,100,101,55,3
3.3215534577305843,98,99,50,1
3.9679167457555100,96,96,57,1
0.8892703641097387,96,97,53,1
3.0831005938381399,100,101,52,4
1.0652085143568153,98,99,54,3
3.7163432368722389,100,100,42,2
0.9857907092649258,100,100,57,7
0.2266003358081342,98,99,46,3
0.0462586382498101,98,99,51,2
3.4198870242785460,98,99,52,1
3.4797650127155721,96,96,49,1
5.5747011001651039,100,101,54,6
0.3299713952119888,98,99,45,2
3.5209634684973374,102,102,53,4
2.5679090294317892,102,103,42,7
4.9353567158491387,98,98,56,7
3.7743157412716442,98,98,52,5
2.0972834945943224,98,99,47,2
0.1583280908226529,98,98,47,0
3.7664206967000586,100,100,46,6
1.9961020233274260,100,101,58,6
5.6322916047968672,100,100,60,4
3.1874138009265001,100,101,49,1
5.8847365565869785,100,100,52,2
4.8989004638355924,96,97,47,5
0.1627901209550856,100,101,50,2
2.5078969093643795,100,101,49,5
2.2522325555989959,96,97,47,3
4.0364988108420858,100,101,52,2
2.5482507570196469,98,99,47,0
0.6933480586679752,100,100,53,5
4.0293471055337573,100,101,57,3
5.3579172282112291,102,103,46,7
4.6989859304282042,100,101,47,3
5.3963642734629511,100,100,43,3
1.2842361280587022,100,101,54,6
0.5466904229799961,100,100,53,1
5.6484304443350393,98,98,55,4
2.2150925926921960,98,99,58,7
3.5347615499134215,100,101,59,7
2.9212177325379174,100,101,56,6
5.3865267790500733,100,100,50,4
0.7221540240727208,98,99,45,6
1.4677847996814057,98,98,52,1
3.5216389304455706,98,98,55,0
5.3403890734587085,98,99,48,1
3.5966993396803297,100,101,61,3
4.6195428539711783,100,101,51,7
1.8507779880443433,96,96,45,5
5.4810049960928930,100,101,51,7
2.9033716187381930,100,100,58,6
0.3325398662475434,96,97,51,3
2.8851553256557505,98,99,50,5
4.9895005272628774,98,99,50,3
2.7923778535914585,100,101,46,2
4.1519958577889771,94,95,49,6
1.8414803842451979,100,101,52,6
3.2918893438186680,98,98,51,2
5.4106024578927974,98,99,50,7
2.2814014792873749,98,98,49,4
5.8480464434990633,98,99,49,2
1.1739635848628500,94,95,51,2
2.8814647354036098,98,99,41,2
3.9590296870021140,98,98,50,5
1.4721432194757675,96,97,50,4
0.4071018105373385,100,100,54,4
5.5453381132168724,102,103,64,3
2.6906214842788216,92,93,51,1
3.4969519819699935,102,102,56,5
6.0811027433016616,100,100,57,1
0.4381837217160846,98,99,42,7
3.1205957936417823,100,101,51,1
5.6063589538067387,98,98,51,6
5.3672471815769995,98,98,55,4
5.9031390546844875,98,98,51,4
2.0579104889076665,100,101,54,4
0.3030623834037260,96,97,61,5
5.0340001505233252,96,96,56,2
1.1687620161583110,100,101,44,6
5.5767209177494497,100,100,49,3
3.9588209184329246,98,99,52,3
3.4622231308986562,98,99,52,3
2.0630452310337337,100,101,49,7
1.4098507008079371,100,101,51,5
4.7159846767606277,100,101,47,5
2.2303199968243619,102,103,55,4
3.1707295755153706,100,101,47,3
5.6339703620295607,96,97,49,5
3.5235305711776124,100,101,66,2
5.6344811966309889,98,99,58,3
4.4806112909434788,96,97,54,2
2.4470200381528913,100,100,51,1
3.5131472435224875,100,101,58,4
5.9675395271906364,96,97,48,6
1.4221953202097328,98,99,55,4
5.0089961409145713,100,101,48,0
0.2875234297385587,96,96,51,5
4.6639023885769966,98,99,56,1
4.4864706615503041,98,99,46,5
0.9407848386125589,98,99,48,7
2.5215529793885469,98,99,54,1
4.6772294924227964,100,100,50,6
4.0447867015899481,98,98,45,6
5.3258716380095272,100,100,53,3
6.0551408480303071,98,99,45,4
5.8642892253058578,96,96,45,3
2.7602246151713965,98,99,48,5
0.6135045299607695,98,99,51,2
0.2790044986760295,96,96,48,6
0.3964358417048799,98,99,49,4
5.8379658495461104,102,102,57,0
2.7116143218185789,96,97,59,7
2.5886935012918366,100,100,49,5
3.1510553225159028,98,98,43,0
2.0860451796612240,102,103,52,3
4.0442115554028479,98,99,51,6
2.7423661246651854,102,102,44,1
4.6507990211610819,100,101,48,0
5.9682753895835434,102,103,54,1
0.0760674065662128,98,99,57,0
2.5940359309232015,96,97,56,6
0.3423077826890358,98,99,58,1
2.4900207730189359,100,101,52,6
1.8513376919404718,102,103,50,3
2.5493780812742761,96,97,61,7
5.3511429420966596,98,99,60,3
1.5260824253777379,98,99,52,5
3.5226556786636736,100,101,60,4
4.6057287028069780,100,101,55,7
0.3108806254937977,100,101,48,6
3.4470945528878953,98,99,53,0
1.5691170333607680,94,95,57,4
3.8544570332603048,98,99,47,2
2.9361401601561510,98,99,52,1
3.7633242321366689,100,101,54,6
0.5381544199073452,100,101,55,5
3.4130216910531086,100,101,49,7
4.7405321475363884,100,101,47,5
4.4892082784431393,96,97,47,5
0.5475899827666511,100,101,54,2
4.6240771492683379,94,94,50,3
3.3651404786113677,98,98,50,1
2.3089124330890360,98,99,52,1
5.9542757589638695,98,99,48,7
2.6286055636538861,96,96,42,4
3.0137124783051825,102,103,57,6
3.7885131020710290,98,98,46,1
0.6323647283282519,98,99,47,0
0.4453318776897670,96,97,54,4
3.9771648941939071,98,99,60,1
0.6910824934470221,98,99,56,5
2.8168332978650397,100,101,58,4
2.3310941411217803,98,98,51,6
3.3087876528090616,96,97,57,1
4.2447416549078829,92,93,52,4
5.3268012291997096,100,101,55,7
0.7827101265417067,98,99,50,1
1.1011532137823974,100,100,48,2
3.8190046211392170,96,97,53,1
4.1288111611128864,100,101,43,3
3.0452707686032099,98,99,55,4
3.2361674079403380,96,97,53,3
5.7049774993524558,100,100,57,5
1.5614032591399221,96,96,51,3
5.8668848233739261,98,99,46,1
1.6323007169565726,100,100,46,4
1.5272548883440396,100,101,54,4
0.6406371777461353,100,101,51,1
0.3587039743087889,98,99,54,1
5.5199319026321643,100,100,48,4
0.1608497821588396,98,99,54,5
1.1314412557876168,96,96,47,1
0.4819023373428091,100,101,46,6
5.0282586723129237,96,96,52,4
3.5648828964249151,98,99,52,5
4.0296267937860737,102,102,57,6
4.6564906770123660,100,101,51,1
1.1152081339265287,96,97,48,6
2.2533077142067235,96,97,46,6
4.1205609581991496,96,97,56,6
3.5655565577498085,98,99,55,2
6.2714458009800209,98,99,44,1
3.5775396342323345,100,101,53,3
5.6417317008106194,100,101,56,4
4.9798913263518569,100,101,47,1
0.0628899998256155,98,99,56,1
5.2473086601443422,100,101,56,6
2.3310243463158500,100,101,54,4
1.6296395564923685,100,101,61,3
5.5174592755391272,100,101,54,4
2.6560282850331292,98,98,40,1
2.7655945354102229,100,101,59,1
4.6375663213902971,100,101,50,0
4.1573780920387744,98,98,45,0
2.7815697787228228,94,94,54,3
2.2263454126329116,100,100,52,4
4.7280001873704078,100,101,45,7
6.0424634288890111,100,101,57,3
3.8535335571063665,100,101,49,7
2.1969945135536562,98,99,48,5
2.7487950486366750,100,101,60,4
4.0788821628795295,100,101,51,5
1.1617758240989893,96,96,48,2
1.4176363006013184,98,98,54,5
5.4379138302592667,96,97,44,0
4.1841689961991770,100,101,62,0
0.3335868072806483,100,100,52,4
4.1553803617760643,98,99,49,4
3.5856749891327877,100,101,59,5
5.4210157228001608,100,101,53,3
5.5539460261918023,98,99,50,7
1.5041571999902101,100,100,51,1
5.5811185316158776,96,97,53,1
0.6367059307498096,96,97,45,3
4.1090095196526661,98,98,37,4
3.2710547179789646,98,98,56,5
5.5559452939164844,100,100,57,3
2.5324652509452736,100,101,51,3
1.4383703521692437,98,99,64,1
2.4094847816251597,100,101,47,3
0.9775481267538632,100,101,53,7
0.2828811935852767,100,101,52,4
3.1067761701969787,98,98,44,1
5.3456553632527877,100,100,54,6
2.8439768034554871,100,101,47,1
2.1043702260312016,100,100,53,3
4.9862662550890295,98,99,57,0
5.5539552529274667,98,99,50,5
3.9548803058254900,100,101,49,1
0.1676831910984223,100,101,56,2
0.2391550733833240,100,101,54,0
2.2783103865055518,102,103,50,3
4.9950015172276290,100,101,58,6
0.3981515066422224,98,98,43,4
4.1794669490206342,100,101,55,1
3.2630939075799068,98,99,50,5
4.4124806446513043,100,101,48,2
3.9910648010887106,98,98,49,2
3.5154279274076150,98,98,54,5
0.3164556525109606,96,97,48,2
0.1819262527927380,96,96,52,2
2.0129377152485115,98,98,44,7
2.7000971338088333,98,99,48,5
3.8765819325717885,100,101,48,2
3.2745169175582864,98,99,46,1
5.9717271612135505,102,103,57,2
0.1714962504155555,98,98,54,5
0.3045020276085499,98,99,52,5
2.6849147711433958,100,101,56,4
4.6992486840237673,100,101,50,6
2.2413568038897753,94,95,49,4
4.9873955199002653,100,101,55,1
5.6153240147660330,102,102,52,1
2.3589151069052368,98,98,57,0
2.6233348504137290,102,103,65,6
0.0757635665120639,100,101,45,3
1.9197088363246995,94,94,51,4
0.0643662380550886,96,97,51,3
5.8180279555800762,98,98,54,3
4.3544718927191024,100,101,47,7
0.9287581483520126,100,100,46,2
3.3655775391812917,100,101,46,2
1.8075448809159107,100,101,55,7
3.5772192905197695,98,99,64,1
0.1133411952800379,100,101,48,0
4.8015091886210151,98,99,65,4
3.0363010938996844,100,100,49,1
5.4858202085215888,96,97,49,3
2.2821038577812995,98,99,53,0
4.9694592702248110,98,98,47,0
4.2327137664267678,98,99,55,2
1.7366707553344540,100,101,44,0
4.8340609981159881,98,99,50,7
5.8794241899519566,98,98,51,6
4.3618150737776613,96,96,47,3
1.3977299171011126,100,101,53,3
3.7990924432974555,100,101,50,2
5.7849165759062879,98,99,56,5
5.5755264082696891,100,100,55,7
3.7296913267399141,100,101,52,6
2.1909789139450457,98,99,51,2
2.7898130783562913,98,98,46,1
1.2577379803010968,98,98,46,3
3.8931637687618261,98,98,54,3
2.6630446670741867,96,97,46,2
4.1820057309709142,100,101,51,1
3.4954108832478550,100,100,47,1
4.9684663557168793,100,101,51,3
2.8258605645364292,100,101,51,5
3.2802312863465461,98,99,55,4
0.6250296032481587,96,97,43,5
1.8879262253828755,100,100,47,3
3.5397923250775372,100,101,48,2
2.3440054838827260,100,101,55,1
2.9240601612915449,100,101,49,5
3.0170322127122056,96,97,41,7
3.2115196495299165,94,95,44,1
1.5770637190970767,98,98,46,7
2.0148996577087517,104,105,58,6
2.6257420171113894,98,99,48,7
2.0832208883889427,100,101,47,3
4.6200507257317316,98,99,48,3
3.9754117622589029,94,94,50,3
5.8115254762181072,98,99,46,5
5.5447917898051342,100,100,55,1
2.4420178060441207,100,101,52,2
0.0409378344895502,98,98,45,6
5.0731952266487337,100,101,55,1
5.0890060115577311,98,99,55,6
5.4852857493176348,100,101,54,0
1.0478044751243865,100,101,48,2
6.0167485782181673,100,101,52,6
3.0819869145019134,98,99,54,5
0.4149135735735479,96,97,56,0
5.3322192858419077,100,101,48,2
2.0540086293101205,98,98,61,4
5.3528943774360265,98,98,43,4
4.2741540831305578,98,99,41,0
3.3998903668921190,100,101,58,2
3.1060365824197711,100,101,51,3
2.0868656912447356,94,94,59,4
4.1787367721071673,102,102,57,2
0.3465013136460692,96,97,50,0
0.5313513731378176,98,99,52,3
1.0674132338005675,98,99,51,2
0.3564890134650938,98,99,54,1
5.4390864716584462,96,97,63,7
1.9474398658910532,102,103,52,1
0.5654171503604570,100,101,62,6
4.5078460788403314,96,97,55,3
1.3259446571946618,98,99,55,2
3.7594236975264304,98,99,48,7
4.7777060719759019,98,99,51,0
2.5885702555042887,98,99,55,6
0.3838294615760021,100,101,60,4
4.2164105778245533,100,101,51,3
3.1996314696454973,100,101,52,6
2.6849275148011609,98,99,54,7
5.2204558147656632,100,101,56,2
1.0226939679871323,98,98,50,3
3.1171439284371854,98,99,59,4
2.6954603122448679,98,99,49,0
1.7386202181226558,100,100,54,4
3.6987844924656410,98,99,56,5
0.4573115355773018,100,101,59,3
5.7692434048267929,98,99,53,0
5.8052169077544207,100,101,52,2
1.0043103238779996,100,101,56,0
3.1232386400533740,102,103,62,1
0.8140220047789171,100,101,49,7
2.1073128882696439,94,94,46,5
2.8357955423239476,98,99,48,1
0.9122714103361347,100,101,52,2
0.2167557487091214,96,97,52,4
2.8036453152793128,100,101,42,6
5.1430410432492257,96,96,67,7
5.9051296175051569,98,98,53,4
3.1738612593368285,96,96,50,4
0.1918487466893077,98,99,50,1
1.0126972016038382,94,95,51,4
0.2121562890866234,102,103,50,7
3.9430794519675652,98,99,51,4
0.1593598690559465,100,101,55,5
5.6901985696228996,100,100,46,0
1.8327149276786221,102,102,57,0
2.0754438958997046,98,99,51,6
4.0548906714591011,100,101,49,3
0.0805341228352739,100,101,60,0
0.0369448541685996,98,98,45,6
6.1262331216440034,98,98,47,2
1.0722279595028847,94,94,59,0
2.0337554475615023,102,103,62,5
1.8765458264223891,100,101,47,1
1.2094133958899875,98,99,61,4
3.2899443625094467,100,100,53,3
4.3905235365562278,92,93,54,6
4.2688059585487617,98,99,52,5
5.0701952710710323,100,100,45,1
4.6827221832523280,100,101,55,1
2.2838135444071317,96,97,50,2
5.4474988075171202,100,101,49,1
1.1569648866522457,104,105,60,4
3.9932715640141141,100,100,51,7
4.5129642549485149,96,97,52,0
5.5188831142246260,98,99,56,7
1.2058628008951655,102,102,44,7
2.1228565875017567,98,98,48,5
1.7049488252534239,98,99,42,5
2.6444070529904371,100,100,50,0
1.9547448186931391,100,101,55,5
2.9208091020570919,98,99,52,7
1.8108525393703614,96,97,55,5
5.8753055838417811,96,96,57,7
0.3659620137714353,100,101,41,1
2.6112493546952233,100,100,53,7
2.2057851088008698,104,105,50,4
2.7162795573825433,94,95,53,2
3.8597491601619689,98,99,47,0
1.8342064642895850,98,99,46,5
0.1990479145833227,98,99,48,7
2.5113508057443750,100,100,65,3
1.5542593461402820,100,100,58,2
1.7430765432728961,96,97,53,7
5.9860846995592460,100,100,55,1
5.8985513164922754,100,100,48,2
3.9494508461279612,100,100,51,1
5.7989610328416026,98,98,56,7
3.1700103099133701,100,101,54,4
3.7792601483293491,96,97,54,2
5.0994072872818688,98,99,52,1
5.8318150073253046,100,101,51,1
2.8044572631637994,100,100,49,7
3.6525242106953941,102,103,43,4
4.7750003648363712,98,99,53,6
5.3637426197259019,100,100,56,2
0.2488023916614245,98,98,46,7
0.6466451699659072,100,100,51,1
4.5581504956260890,100,100,64,6
0.4274640695852578,96,96,48,2
2.8453001821773394,100,100,46,0
3.8295729730395132,100,101,44,0
2.4974670207383842,100,101,54,0
5.2326722707463107,100,101,43,7
1.3586091087097791,100,101,59,7
0.8531470031083281,100,101,47,1
5.9199080632534296,98,99,58,1
4.0236116391814560,100,101,52,2
5.9471213276275412,96,97,54,4
0.7586597059384629,100,101,54,4
1.1434513195082843,100,101,60,2
5.8726119852105052,102,103,56,1
4.0704402006905918,98,99,53,2
2.9220151167808428,100,100,50,4
4.6780345164586992,98,99,42,7
1.8376222052405335,98,99,45,0
1.4613326263934392,96,97,50,0
3.0578812208684760,98,98,52,1
4.1922860625603002,100,100,48,0
4.2114563952183559,100,101,51,5
5.8713318694941163,98,98,44,1
4.1711090473037293,98,99,53,2
2.8363481989639152,100,101,49,5
5.4591710241637719,100,100,53,5
5.8655218661553477,98,98,53,0
3.9362118300480917,100,101,58,4
0.3605468409810471,102,103,48,1
5.8069409851851539,100,100,46,6
2.9951834015117593,98,98,45,6
1.9698180294728613,100,101,53,5
4.6627410222339387,100,101,56,4
5.7875740378421971,98,98,53,0
3.2024096622993943,100,101,48,4
3.3804304064254502,96,97,46,2
4.2774586938534931,98,99,45,0
2.2088549620739206,98,99,39,0
3.6353886465300151,98,99,55,6
1.5021149139783365,100,101,56,2
6.2471156763295150,100,101,52,4
5.3376794670571934,100,101,46,0
3.0867493135045008,98,99,56,7
0.5996049456971315,96,97,57,5
5.5810123982368367,98,99,56,7
4.9175853794146924,98,98,54,7
0.6769263654883166,98,98,48,7
3.3457529424053316,98,99,54,5
3.1765329301612257,100,101,44,0
4.5973647357839935,98,98,48,3
3.9538857068101492,100,101,53,5
5.5354353867103514,98,98,51,4
2.8535985001627471,100,100,58,6
0.8919603424995924,94,95,39,0
3.8285554467633878,96,97,49,3
4.5676823866377392,98,99,56,7
4.5526854613233878,98,99,54,3
2.4688763646500487,100,101,45,1
1.2316792467026483,98,99,55,2
3.4016872761194166,100,101,47,7
1.0953942722191896,100,100,50,2
6.0255571928635412,96,97,53,7
2.6318661737116744,98,99,49,0
3.0841081303161730,100,101,58,0
4.8857150286190345,100,101,55,3
2.8269393214715897,96,96,49,1
2.9870432576394474,98,99,50,1
3.8486633037968891,100,100,55,3
4.2273324256850113,98,99,48,1
4.1813865479202716,98,98,63,6
0.7821763956867445,98,98,53,0
3.2635839912018425,94,94,38,1
2.8613974729749234,96,96,52,6
2.0803194147032285,96,97,51,5
5.0842065228523987,98,98,49,0
4.6152656848608551,96,96,50,2
4.2174315620710816,96,97,49,5
2.4055126051839131,94,94,48,5
2.9703066670013487,98,99,53,6
1.6160590431370754,100,100,52,2
0.3168694612039026,100,101,47,3
2.9170176052457606,98,99,50,5
2.0017289086239232,96,97,57,5
5.4100363606317323,98,99,54,7
2.9142786483943093,98,99,56,1
3.2851789300834389,100,101,49,1
4.7476701769415941,100,101,58,6
1.4848939784743749,96,96,54,2
2.9124300718470106,92,93,48,6
3.8798220571890201,100,101,48,2
0.9377812603878760,100,100,48,4
2.2289828970424455,100,101,45,3
6.2690237727101774,98,99,60,7
4.8219231146353625,98,98,56,3
0.4855302456059989,100,101,49,1
5.0247117926533811,100,101,66,6
3.1046852686852007,100,100,45,3
2.7365998502748563,98,99,52,3
1.7606607840941984,100,100,55,1
0.8845569797287746,100,101,56,0
0.4191086571958818,98,98,51,6
4.4866527735300235,92,93,43,3
2.3088750067426336,98,99,47,6
0.4017112951592935,98,99,59,2
4.9795205775704128,98,99,53,6
0.9309661108395600,100,101,50,6
4.3014803207071193,98,98,52,1
3.4242680947887463,100,101,44,2
2.6724134488492650,98,99,50,5
1.4467973312482989,98,99,47,6
0.7337210137165179,98,98,57,4
2.4139416096663520,96,96,45,3
5.5501025573243981,96,96,53,1
1.6174057799013126,98,99,52,7
3.2397325172880902,98,99,53,0
5.0107184225960770,96,97,54,4
1.5169656113583860,102,102,65,4
4.1220335213361823,100,101,58,0
3.3043470449160068,98,99,39,4
4.0558993436946569,100,101,53,5
4.1333231113818654,98,99,45,4
1.1941312608914139,98,99,49,2
1.5878899851999688,92,92,37,3
5.0365642336609540,98,99,53,6
6.2674049429003471,100,101,62,4
1.1529333406158855,98,98,50,7
0.5832522170051534,96,97,49,1
5.5637228375358303,100,100,48,4
3.1415537233755231,98,99,43,0
3.3132358960824835,94,94,43,6
0.9700166752750743,96,96,56,0
2.2138096048588340,100,101,51,7
2.2935100435892939,100,101,44,0
0.4047740011776683,98,99,55,0
0.8067392586614270,98,99,54,3
5.9674835610740873,100,100,49,5
4.2957107740280902,98,99,48,7
3.0639962553097457,100,101,46,2
1.2465590440606680,96,96,45,7
6.1209989850153717,98,98,50,5
1.4970228961777849,100,101,56,2
2.9743401390026469,100,101,55,3
1.4806440548871289,100,101,59,5
0.5756821712631546,98,99,57,6
2.6033651816461996,96,97,44,4
4.3189270897762038,98,99,53,6
5.7516552750245769,98,98,45,4
6.2281684759235079,100,101,50,2
2.5274075281624473,100,101,42,4
3.4846935053559127,100,100,49,3
6.2388444101561999,100,101,43,5
3.2280215423743628,98,98,46,3
1.4358544270875515,100,101,56,2
4.6808291689160519,96,97,58,2
2.1109728091135449,98,99,54,1
3.8882573368525097,100,101,51,3
2.7814573397966185,98,99,58,7
4.0973862769403340,100,100,53,7
0.1728402700903951,98,99,55,4
1.6001575716608878,100,101,57,3
3.8520220312527287,100,101,60,4
3.8301525293228948,98,98,51,2
2.4549369501377192,100,101,53,3
3.7830787128634635,94,95,58,7
5.3491135123440250,98,99,52,5
3.3614275951165951,96,96,47,1
3.8471157731207275,96,96,55,7
5.0679717791004304,100,100,55,3
5.9109119203406566,96,97,50,4
1.7602803277371410,100,101,50,0
2.5001044833066217,100,100,47,5
3.3692962089463192,96,97,49,3
3.1647855335503863,102,102,54,1
3.7558157926925770,100,101,55,1
4.7207050641972144,98,99,55,0
2.9474242374129345,96,96,48,2
1.6497641444367617,94,94,51,0
1.2170552812453503,100,101,52,6
4.0494151164449752,96,96,45,7
2.9702176025422733,98,98,51,6
4.9301081409177412,98,99,51,6
4.6794557179796596,98,98,58,7
1.5565942154427750,100,101,56,6
3.1688876268304500,100,101,60,0
1.1774410427347826,98,99,40,3
2.9698918293955896,100,101,55,3
1.6930943823525986,100,101,51,7
0.4661230121528843,98,99,54,5
0.2897390116271525,100,101,53,7
1.1964064428741157,98,99,47,4
4.0035257266485047,96,97,58,4
0.4876400669714501,98,99,57,4
4.3281144167934968,100,100,48,2
1.2416967378632002,100,101,62,0
5.3943446444680143,98,99,64,5
5.8252039050960045,102,103,47,6
1.2523357494933929,96,96,54,2
5.0462810686202557,100,100,51,5
1.1202791389628661,100,100,47,7
3.0014878398424325,96,96,49,5
4.9325168432136133,98,99,42,7
5.0888427189106151,100,101,49,5
2.6811776579267925,100,100,52,0
0.6423792751949060,100,101,56,0
0.6027658710047173,102,103,54,1
4.2930159945278685,100,101,55,1
1.5301812763909319,100,100,49,5
0.9000188688631652,98,99,59,2
1.0005523957100646,98,99,58,5
2.1357950860358397,98,99,51,4
5.0403803762542871,100,101,50,6
5.9339080204072738,98,98,47,6
3.5442737259272685,100,100,47,1
6.0015597479200364,100,100,52,2
4.4827297993750355,98,99,43,4
1.6924267919575844,98,99,53,6
1.3438329030995226,96,96,49,3
0.2244355266336012,100,101,45,1
2.4204547633325189,98,98,50,1
4.2699805885581981,100,101,55,1
2.0229094526589644,100,100,55,3
6.2502208352403841,102,103,56,5
1.1750606824749099,98,98,45,2
2.8622389310331093,100,101,48,2
5.2725809773424928,100,101,50,2
3.4724529933411206,96,97,44,6
1.7102412764820134,100,101,55,1
2.6794941793606526,98,98,47,0
4.3016846356443974,94,95,54,1
1.4056476503125519,100,101,61,7
3.4102834525861945,100,101,50,2
6.0399945430350419,100,101,56,2
2.3227420315103875,100,101,58,4
5.2518190564840319,102,103,52,3
3.4371528537409977,98,99,56,3
3.1661897610961112,98,99,47,2
3.8093287182577984,102,102,47,2
1.3972613708375341,100,100,49,3
4.7288462684279349,96,97,49,5
2.4238087934476922,100,101,41,3
4.6253448368769652,100,101,54,2
5.3609487212215257,98,98,47,6
0.3782510212964329,100,100,54,4
1.1302227171978101,100,101,49,1
2.3969803594625634,100,101,55,7
5.8850479544240208,98,98,53,0
0.7995997590810554,100,100,55,1
6.0160477087888049,98,98,46,5
3.0510942237052956,100,100,55,5
0.4708836616686320,96,96,53,7
4.5110561343898468,100,101,56,0
1.8451926442069195,98,99,45,6
0.3833211931899715,96,96,42,0
1.0130946511812984,90,91,43,4
5.9651795595527437,100,101,51,7
3.4696061505103124,100,101,52,4
4.7724615775042736,96,97,53,5
1.5727453910958527,100,100,45,7
1.4856229122272731,98,99,57,4
4.4048738076530345,100,100,42,6
4.3154403025417754,98,98,49,0
2.6022111244540320,98,99,54,3
6.0299808187220343,98,99,48,7
0.8434303212669865,100,100,60,4
4.7052091431278233,98,99,45,2
6.1309016144122443,100,101,48,6
5.7700675956108887,100,100,57,5
3.4891197416689144,96,97,56,6
5.6923133727030768,100,101,54,2
1.3915807416016224,96,97,50,6
1.8537360936028138,102,102,49,4
2.7768555279817635,100,101,44,2
4.9639416976479200,98,98,53,4
3.3602636650469448,100,101,43,7
2.9753198307144175,100,101,52,6
5.3324659602935887,98,99,42,3
3.6846401575501022,98,99,48,5
4.9510959172719469,94,95,48,3
5.5718423871780427,98,98,52,3
5.7293932478062626,100,100,59,5
4.0849216372755555,96,97,54,6
4.9675603351163016,98,98,50,5
4.6694357151800379,102,103,54,1
3.0790952654927741,98,99,57,4
6.0176229657105935,100,101,54,4
0.1522114438188712,98,99,56,3
5.2503220827178536,96,97,49,1
1.2896634021971123,98,99,56,1
2.4497376089241945,100,100,57,5
3.4509941703854872,100,101,61,3
2.6880525073363737,100,101,45,3
4.5231964955304225,100,100,54,0
0.7370183030879364,96,96,43,5
2.0325037614753354,98,98,57,6
5.4897715544143493,100,100,53,5
0.7725923078976549,96,97,48,0
2.0693893709665931,100,101,45,7
0.8164919148704463,100,100,51,5
6.0140333828532304,100,101,65,7
5.6054782700302184,98,99,55,4
0.4911994145798695,98,99,44,7
1.4310749052894920,98,99,48,3
1.3899138852766117,100,100,59,7
0.7508382860577848,98,99,47,0
4.4377836655228293,100,101,44,2
5.7613824805598552,98,99,55,0
1.0024365121218402,98,98,53,6
3.5970378981479674,100,100,55,5
1.9445734724245949,98,99,44,1
1.2184578329432711,100,101,47,5
4.8264966944222678,100,101,55,1
0.3173579610366917,100,101,47,1
5.2917312751707222,98,99,48,3
4.9327989281170375,100,100,53,3
2.9050853546761650,100,101,55,7
1.8853446935516800,100,101,54,6
1.3279092628983975,100,100,61,3
5.4049153385140407,96,96,43,5
6.0966452101927455,98,99,47,4
4.2167012616853405,98,99,52,5
2.4955642086918139,100,101,55,5
0.6479259139556353,94,95,45,0
0.5753610408791950,100,101,52,2
4.6183464186885459,98,98,48,3
5.5730711309750669,100,101,55,1
0.5985391232020384,100,101,56,6
3.0736804907566393,94,95,54,7
3.8651386521161641,98,99,47,4
1.0655059644271478,102,103,49,6
5.5000297129606732,98,99,52,3
6.0039882759701566,100,100,57,5
1.8602355710381382,94,94,54,1
6.0553697740335988,100,101,52,6
4.4853535691047011,100,100,55,3
2.9117835985913114,96,96,55,3
0.0088496926884771,100,100,58,4
2.4515957944304847,98,99,59,2
1.4732231745767663,100,100,47,7
1.0186845150222774,98,99,50,3
3.0989921937641833,100,100,54,2
0.8034240661533482,100,101,52,4
4.2387580394146065,96,97,55,5
0.9555120692354486,96,97,52,2
1.6994875183711111,100,101,56,6
0.3690620665426774,100,100,49,7
5.0446411626352923,96,97,56,2
2.0138759237795636,100,100,41,1
0.6164336248275972,98,99,52,5
5.3874446696866904,98,99,47,0
2.1077761114211229,100,100,45,5
1.0840915631574568,102,103,52,1
0.0927658633371937,96,96,50,2
5.8143355018968714,94,95,36,1
0.9225922938869864,98,99,53,4
0.2723031496028109,100,100,59,1
5.1704328740580960,98,98,49,0
3.0268592205826135,100,100,53,3
4.5018937418666525,98,99,59,2
4.8130210222912195,98,99,49,2
3.1069532904444745,102,103,57,0
1.8032861050204927,100,100,56,2
3.4565220476901310,100,101,56,0
1.5994116738621273,94,94,51,2
2.2420742829249072,100,101,52,4
5.3994221094767321,100,101,47,3
4.3446404974381299,98,99,42,7
4.6862991012557549,98,98,52,5
1.2539141744789541,100,100,61,7
0.3367072501929865,100,101,45,7
3.3774844259302776,98,99,48,7
1.4412403140344059,100,100,50,4
4.9591946242309435,98,99,59,2
5.4819962702129663,98,99,43,2
4.6139868969777877,96,97,46,2
1.0273717571313845,98,99,48,3
1.4987709215485507,100,101,54,0
0.0608333807415925,100,101,57,7
1.6577594873398518,102,102,45,4
4.7532561302999632,98,99,57,2
3.0508475586242860,98,98,54,7
4.7191448587745777,98,98,42,5
3.5361755843277138,96,96,48,6
4.0317149287869860,98,99,54,7
3.7361675141050816,98,99,54,5
5.3157929902047165,98,99,46,7
3.8152444992866137,100,101,57,1
2.5964688697514187,100,100,51,1
0.0509436159666145,98,99,48,1
0.2712674258324187,100,101,58,2
2.8943496487375411,100,100,58,6
4.5735621459259610,100,101,55,1
4.6889732545730416,98,98,52,1
4.7518380371768041,100,101,47,1
2.6767936772156031,98,99,52,5
4.7292527252763605,98,99,54,3
0.3636487120418446,100,100,55,3
0.8856186022920353,100,101,56,6
3.1172112080501138,98,99,52,3
4.3992125128441284,100,100,43,5
5.1619615603695053,100,101,59,1
5.7482152870908587,100,101,54,0
3.4184064223038013,96,97,48,4
5.6509152190640535,98,99,55,0
3.5085527618801033,94,95,55,0
4.1686814820785356,100,101,52,2
0.8649990723565489,102,103,56,1
6.1162385422512857,98,98,49,6
0.1615435638889908,96,97,53,5
3.3058545085760058,100,101,47,1
4.7794960085848457,96,97,53,1
0.0572166550343224,100,101,42,6
2.7248729809949102,98,99,43,0
2.3324631726124139,100,101,53,1
2.4600482001809247,98,99,55,0
3.5212411465955546,90,91,45,2
5.1490798837987448,96,97,45,7
3.5862527452979589,100,101,57,7
3.9327837895369857,100,101,50,6
0.8020162529846959,98,99,52,3
3.3110180404416441,98,99,53,4
0.3502312168055977,100,101,47,5
1.7520684051982032,96,97,57,3
1.4687357677484336,98,99,49,4
3.9440690004270120,94,95,57,2
3.5352388450170009,98,99,54,1
4.3053603860792746,98,99,56,1
2.4733235768594652,98,98,47,6
3.2681686078329544,100,101,51,5
1.6492088692211426,96,96,50,0
1.2905133530591366,96,97,50,6
2.7949904551139078,98,98,46,5
0.4899945777974312,100,100,55,7
4.7716948437236271,98,98,52,5
4.5206523529415783,100,101,56,0
1.9888017633383288,100,101,49,3
5.8831781156140037,102,103,48,1
3.6437223539302543,96,97,40,6
0.3548959936360748,102,103,52,5
1.2568161318606297,100,101,57,3
4.0224319807187197,100,101,55,1
0.5545035054596590,100,101,46,2
2.1837026227833927,94,95,56,1
1.0542035946932631,96,96,45,5
1.5513530183224635,100,101,43,5
2.1567835974293152,96,97,49,1
6.1586268968945062,96,96,48,2
4.4130057815811004,100,101,47,3
1.2336971165040709,100,100,52,0
4.4208439034681168,100,100,56,0
0.2375490272681525,98,99,55,0
3.2133211519004390,100,101,51,1
2.8066592886633535,100,101,49,5
0.5345842319817043,100,100,55,7
1.4799247132458524,96,97,36,4
0.1287757503945448,100,100,44,6
3.6148602208633918,100,101,55,7
0.9246943534011768,96,97,56,2
2.0207932909172261,98,99,57,6
3.3190506799005641,100,100,50,2
1.1332741170846163,98,99,53,6
2.7100743123820061,96,97,47,3
4.2971938736316035,96,97,53,7
6.2645594085763472,100,100,52,6
0.0205507801240324,100,101,55,7
5.1990169535780799,98,99,51,6
4.6202770164900953,100,101,55,3
4.1074509495552940,98,99,42,7
1.3353549015496133,100,101,41,5
3.7712711781363306,98,98,51,2
3.5080729859327024,100,100,44,0
6.2814885335858204,100,101,45,5
0.9537874255889359,100,100,50,4
1.0943906886479899,100,101,54,0
0.9408695639229212,100,100,61,5
1.5620694909952875,100,101,46,0
2.1238136581537965,100,101,51,3
5.1295733544046547,100,100,62,6
3.0511834981137782,98,99,49,6
1.4884625397588076,100,101,52,0
5.4537755286684853,100,101,59,1
3.9704344131288778,100,100,49,1
5.0394517002587831,100,100,57,1
5.2549115018126367,96,96,52,2
0.6478541966900595,100,101,54,2
2.4684727942471962,96,97,50,4
0.3447684940306841,98,98,44,5
5.0210701779683751,98,99,34,3
2.8946843962373512,98,99,49,2
4.3404128563768332,96,97,50,4
5.6058036640958129,100,100,55,7
3.5475579981228931,98,98,49,6
5.1289534798984260,98,98,58,3
0.7210977457633405,100,101,46,6
2.6279302105309790,100,100,48,0
4.1990753571116848,100,101,51,7
4.5893888615615106,96,96,49,1
0.2619678233035018,98,99,56,7
5.6509084429319278,100,100,45,7
5.4564715034958375,100,100,59,5
2.2456043278998834,98,98,54,3
2.0439052555086779,96,97,57,1
3.8432494868703646,98,98,54,1
0.3000714608905940,100,101,55,5
4.2683787683266603,96,97,49,5
5.5384510858469680,92,93,48,6
2.3028785520382447,100,100,53,7
2.9966287127019480,100,101,54,0
4.4814064226749917,100,101,52,2
1.4501698897355446,100,101,62,4
0.3143390949514789,98,99,54,1
2.0325918052570322,98,98,46,5
5.9057729716053826,98,98,44,7
3.0405721316486298,100,100,51,1
2.4030336803420793,100,101,55,3
3.0643255577517095,100,100,48,4
3.6849599318218162,100,101,53,3
5.2855819302403191,98,99,52,5
6.1895186595680096,100,101,48,4
1.2684256792995223,100,101,52,4
4.5313504557548638,98,99,49,0
4.6375470112896000,102,103,46,7
0.8640963724731178,98,99,63,4
0.8375529550577521,98,99,40,3
3.9172951071445987,96,96,41,3
4.7982487162037764,102,103,56,3
4.2680318474791852,96,97,58,4
0.7732277024816233,94,94,45,2
1.6376737541082704,100,101,51,5
4.2565709521417414,100,101,67,3
5.7073214218988495,100,100,47,7
4.2299988193938356,98,98,46,7
5.7338605123027442,98,98,47,0
5.1911154307173364,98,99,59,4
6.1000146925557956,98,98,48,7
2.1198391195849200,98,99,57,2
2.5178276556275638,96,97,59,7
2.9817432750261781,96,97,52,2
4.4210959275633241,96,97,49,5
5.5785528338183008,98,99,52,5
5.1368181106979414,98,99,50,3
5.2029742341502638,96,97,40,6
1.3885059861953406,102,103,53,4
1.4856155797932602,98,99,51,6
0.5268787360444608,100,100,55,1
2.4785253319775413,96,97,49,5
5.4712924096847830,98,99,42,1
5.2845721974168134,100,100,53,3
1.6569110264969187,98,98,49,4
0.5359631311779149,96,97,52,2
4.6284521448502733,100,100,46,4
1.2295935502920468,100,100,54,4
4.0988023214791962,102,103,55,6
2.3891896514970608,102,103,47,4
0.2852400495577724,100,101,56,6
2.9314442325245293,100,101,53,5
5.5917774261022508,100,101,36,2
5.6293712051647686,98,99,50,1
1.0307032557829501,98,99,65,4
2.2120079171008524,100,100,56,2
1.6671676230026835,98,99,50,1
1.0025646286731815,98,98,42,7
4.1798552876831492,100,101,51,1
5.7808047539522773,102,103,48,3
0.2859002115337850,98,98,58,1
1.2600144609010331,100,101,58,2
1.6724154499933348,100,101,50,0
4.7439510645945830,100,100,50,0
4.5761137950991966,98,99,59,4
5.8255680993596775,100,100,49,1
2.5567335656097825,96,96,48,6
3.8036213643459598,98,99,51,6
4.3588205497189234,100,101,52,2
1.5285092627435304,100,101,50,2
5.3057811556650272,100,101,52,0
4.4693413028816860,98,98,48,3
2.5686542297657606,98,98,50,5
2.5249979594669321,100,101,41,7
1.6545741266218628,98,98,52,5
1.5098997083939416,100,100,48,4
1.2650099461497777,98,98,48,1
1.3742788739365033,96,96,56,0
2.0467264037125186,100,100,53,7
1.8777971338695705,100,101,48,2
0.0302093310779193,98,99,59,0
0.8062344373428361,100,101,48,0
1.7156890884185818,98,99,47,6
5.3734245893722843,98,99,51,0
6.0565480456379266,102,103,60,5
4.7874739777294364,100,101,60,0
6.1755890550240302,100,100,43,7
4.7830765484762985,98,99,54,3
0.9913726611027961,98,99,52,1
1.0058823326290278,100,101,50,6
3.4894402512992229,98,99,42,7
3.0289452745537067,98,99,59,4
1.9470061946272972,98,99,54,7
5.4114645489920719,98,98,48,1
6.0034033974195831,98,98,47,0
4.9164957107516996,98,99,52,3
1.1753606949533901,98,98,55,4
0.5563895949389920,98,99,53,2
5.2859450455488908,100,101,51,7
0.8131979486322284,96,97,62,0
5.9130712535299104,100,101,50,0
5.6508184837177620,94,95,49,4
3.7974625601648593,94,94,53,2
3.1270078779180888,98,98,46,3
0.1294078224225401,102,103,59,2
2.2597584367231836,98,99,50,5
2.7066200898448249,102,102,47,4
3.9584935695935046,100,100,53,5
1.6790798981366466,96,97,45,1
1.5072989235240755,98,98,52,7
5.4000897785092592,94,95,56,1
3.6914666031616190,98,99,58,5
4.6426909930649121,94,95,57,4
4.1113439522488902,100,101,56,6
1.8227034959798423,98,98,55,6
3.6915584431483719,98,98,45,6
2.7742408452814238,100,101,41,1
0.9936306964619578,98,99,51,6
0.0777175654741773,98,98,51,0
1.1070660159945536,96,96,49,5
4.0615888128855877,100,100,49,5
3.4874398280829189,96,97,51,3
1.1007761659496857,100,101,64,0
1.9187277763047912,100,101,55,3
0.6238582498890156,94,94,54,1
3.2127717418762289,98,99,57,6
1.8637338004051502,100,101,50,2
2.7633688836227361,100,101,58,4
5.7145853519489389,100,101,51,1
1.0771384776486788,98,99,53,6
3.3101712359361901,98,99,54,1
3.7459238586917500,100,101,47,1
3.2109693618790698,96,96,51,3
4.3323078873730552,98,99,52,5
1.6122100939409794,100,101,45,3
3.2521100097935256,100,100,55,1
0.7864049576187719,100,100,59,3
5.7540636989280483,96,96,47,3
2.6709970290860903,98,98,47,4
0.1370627557322173,98,99,57,0
5.3423700850659372,98,98,59,0
3.3085345391139804,98,99,46,1
6.0505742374988936,100,101,50,2
1.6040244773502006,100,101,44,2
0.3439681452844732,100,101,58,4
1.5857522257748979,96,96,52,2
2.1827247173811908,100,101,58,4
1.7780451661309691,96,97,54,6
1.9676283373932939,100,100,58,2
2.3820429474908527,98,99,43,2
2.8737613161874123,100,100,65,1
0.1747252031963847,100,101,52,4
3.1868341153376916,98,99,52,1
1.2506557791637571,98,99,46,7
3.2576592892088478,100,101,53,5
3.5261674305686608,100,100,44,0
5.2061778714402829,100,100,51,1
4.3318526862144688,100,101,53,3
1.0329241950763781,98,99,49,0
0.9393265392260597,98,99,54,7
4.8158886227855806,100,100,47,5
3.1302059530494084,98,99,55,6
3.8212059405741221,100,101,42,0
0.9281678568255658,100,101,47,5
5.4874255668737124,102,102,50,7
3.5519578965108587,96,97,53,3
3.1370304656006787,96,96,49,1
3.4801760529824719,98,99,52,1
5.1569484103607177,100,100,58,0
5.3446682525508162,96,97,41,5
3.9880697115540431,98,99,55,0
4.3506180996979005,100,100,56,6
4.8757091412185112,100,101,52,6
0.2123473492505448,98,99,50,3
2.6358822077375224,100,101,59,1
2.0038648488285444,94,94,49,4
0.4460291907163392,100,101,49,5
4.6014326380148995,100,100,48,2
0.4240075657003986,100,100,46,4
0.6593029877230292,94,95,50,1
5.0478752833533820,102,102,56,7
4.7797350605806947,98,99,55,2
0.7380013805908703,100,100,54,2
0.0800424893959371,98,99,56,7
3.9543075711275351,98,99,52,1
1.4306789436817517,100,100,55,7
5.2969849040557566,98,99,52,5
2.7492282730678910,98,99,51,6
4.3850357961846580,98,99,53,0
5.1196591330906580,96,96,52,4
1.2124124456583183,96,97,53,7
1.3819327759697317,96,96,48,4
2.0873854874282536,100,101,50,4
2.9233136077415538,98,99,53,6
0.9212123500942543,100,101,57,7
2.0919981535780341,98,99,51,4
4.4278794690603265,100,101,47,1
5.4245311094416619,100,101,58,0
3.3634452999046531,100,101,39,3
1.3309063697596075,98,99,48,3
4.8344515568869610,98,99,55,6
2.9576430693016982,102,103,53,6
2.8875098904193690,96,96,47,1
4.8762252858850337,98,99,47,2
1.3847748550933514,98,99,58,7
6.0880031301769471,98,99,50,7
0.3737621522452187,100,101,42,4
5.2322913525863184,96,97,52,6
3.6496074231392819,98,99,45,2
0.2778279823972479,100,101,51,7
6.0792450401494245,98,98,56,7
2.0492233191513480,100,101,52,2
3.7028456594086037,94,95,49,2
0.1506531074884751,96,96,49,7
2.0882520886300728,104,105,54,2
5.6209780135392755,104,105,50,2
5.3959627437986022,98,99,49,6
4.1462822917092543,96,96,57,3
6.1083371661729435,100,101,52,0
4.5837954590767032,96,97,47,7
4.1327901611732987,102,102,62,5
2.8273396886863762,96,97,57,1
0.0665499155922723,98,99,45,6
4.0925093006238598,98,99,55,0
2.3211853010441308,100,101,55,7
0.1475281611685638,98,98,45,0
1.8675887410360794,94,94,51,0
5.1713804702919948,98,98,56,5
5.7357423672011523,98,98,47,6
2.6700032320782534,100,101,45,5
0.8476440803748700,100,101,52,6
3.3266159992123012,100,101,45,5
4.2457281858016005,98,99,54,1
3.2234103246305259,98,99,51,6
4.8336660217675531,100,101,49,1
2.9378067918410311,98,98,52,5
5.6695944883194747,98,99,42,3
5.9621070900610160,100,101,69,5
1.2605533703650087,98,99,53,6
5.7741585426653455,100,101,51,3
2.9126270421228542,100,100,51,7
0.2529975707564286,100,101,50,2
2.1383345632528705,98,99,57,0
4.6392527957165912,100,101,56,2
0.1725580886711001,96,97,51,7
5.6747806773949652,98,99,50,7
2.3676564748703228,98,99,48,7
5.1746759876623969,100,100,54,0
5.5534807613735744,98,98,62,5
4.0563045707368932,96,96,54,4
6.1771209523018253,100,100,46,0
0.2138006620081088,96,96,44,4
3.6945107656905760,100,101,45,3
4.6819820623582791,100,101,57,1
5.2618523139127218,102,102,50,7
6.0730752190733437,100,100,37,7
0.9853560153107092,100,100,48,6
0.2631181680342148,100,100,37,1
3.1165379502174000,98,99,40,3
2.0546257588637249,98,99,46,1
6.0939567907329115,98,98,53,6
2.2186689757551221,100,100,50,4
2.4124081314194341,94,94,52,3
4.2602106227410861,98,99,45,0
3.4750238648336524,102,103,58,5
3.1852731714017808,96,97,53,1
0.9306627387347985,100,101,61,3
5.4621863820078662,96,96,52,2
1.7199254512643307,96,97,54,6
5.5850860809716831,98,99,51,6
0.3555790330495997,100,101,62,4
0.8076655580695027,100,101,55,5
2.9469183881050425,100,101,54,6
6.0128823036049024,98,99,56,3
1.8780356142095551,94,95,48,1
1.4508183984226841,98,98,56,7
4.7217747367099321,98,99,53,6
5.8748102744941155,100,100,50,6
3.2191436052993034,98,99,42,5
0.9152104445763676,98,98,47,6
2.5933545800432434,102,103,52,1
1.7251732923504504,98,99,51,6
3.0288605917343765,98,99,55,0
3.3972672249560945,100,100,54,0
3.5385748730502624,100,101,53,7
4.6258749468312583,98,98,47,4
5.8065855453457047,100,100,58,6
5.1375288611863521,100,101,55,5
1.7858093366791570,100,101,53,3
3.1958058720072362,98,99,46,1
4.1034029653806732,98,98,64,1
0.9638832314165636,100,101,48,0
5.7854137215857611,100,101,57,3
0.5065410937743928,100,101,55,7
1.0896084906957646,100,101,48,0
5.2283634132239367,96,97,55,1
5.9915103469443824,100,101,54,2
1.7233777611831613,100,100,44,2
6.0668052236601646,104,104,50,4
5.0512090321485683,100,101,52,6
5.5277729201638932,100,100,53,5
0.3207161056888014,94,95,46,3
0.4239822299413976,100,100,59,3
4.8350531019968992,96,97,52,4
5.2650155994012620,102,102,50,3
0.0509345620936111,100,101,54,2
4.4114756309486456,100,101,57,3
5.4221126873347743,98,99,52,3
3.8768037162202393,98,99,53,0
1.6624682205695247,100,101,44,4
2.7507223220621726,98,98,56,3
3.7373728443311172,104,104,45,1
1.6201589162970464,100,100,48,6
0.0648758963824834,98,99,52,7
3.0079782933426134,100,101,51,5
1.1939295053075412,100,101,49,7
6.1647152145118378,100,101,60,4
2.0703194370985933,96,97,52,0
1.6193025666984584,98,98,40,5
0.8802847990267587,98,99,46,5
0.5248785024433579,100,101,59,1
2.1971274238656457,96,97,46,2
2.7408242836177821,100,100,50,2
5.4576584005830586,100,101,55,7
1.6878112511701688,98,99,50,3
1.2698677685001989,98,98,57,0
5.8450093801233294,98,98,50,7
2.3457285985154854,100,100,53,7
4.2717242673600913,98,99,45,6
1.7916404604706186,100,100,47,5
4.3985544306169135,96,97,50,0
1.2616493003252141,100,101,54,6
1.9445021339077733,98,98,47,6
2.5710529622860934,100,101,52,4
0.0075646254469208,98,99,60,7
0.7332630550726029,98,98,56,5
3.8257238751342264,100,100,44,0
3.5600431193226258,98,98,52,7
0.9607133691387212,98,98,43,2
5.7889622620789023,100,101,55,1
0.2197111753094826,102,103,55,0
5.5656051316755839,98,98,52,5
3.6502975309296595,96,97,55,3
2.1537461897304411,98,99,54,7
2.0832904121257121,98,99,60,7
4.5425735865670616,98,99,48,3
1.2356180694648091,98,99,53,0
4.9463549774100626,100,101,51,5
4.1849990746730423,100,101,53,5
6.2481279581611311,98,99,60,3
2.3939052384025894,98,98,48,1
6.0429775774799053,98,99,45,6
0.1426613410110140,98,99,56,3
0.5377799789820317,100,100,50,0
5.9680385692331255,96,96,47,7
1.9904310170897304,94,94,45,0
4.5469819759522059,96,97,51,5
2.8701656116175136,96,97,57,3
5.0910523719243326,100,101,48,2
2.4879445031027632,94,95,52,1
1.9085146157400896,98,98,57,2
3.3860615529955318,96,97,51,5
3.4413881198273639,98,99,51,6
3.4605206096616588,98,98,47,4
1.8290948263793332,100,101,47,1
3.8295804879116058,100,100,63,1
5.7019015784146472,98,98,44,5
5.6958942238159462,98,99,46,3
5.6502416413602665,94,95,48,5
2.9213839301732949,96,96,44,2
3.1185981069046362,94,95,48,5
2.2889637823402857,98,99,48,1
0.4511045989685337,98,99,53,4
5.2299833122977937,100,101,44,2
1.7468088498207852,100,101,48,4
5.9036089471575250,102,103,60,5
0.4506847924193271,98,99,51,2
1.7844303312227432,100,101,56,4
5.5890083944218709,100,101,53,3
4.7284641708808133,98,99,38,5
4.5340459764624779,100,101,58,4
4.7148204802491751,102,103,51,0
0.8186567729431244,98,99,65,4
2.6232809949704823,98,99,49,0
1.8362849977685971,100,100,55,3
4.7207583760963159,98,98,53,4
2.4666848062711608,96,97,49,5
3.2451420674722695,100,101,55,3
5.8412679966249312,96,97,49,7
1.1392108442382300,100,101,48,0
4.6405231466445462,98,98,50,7
5.2027425769235176,100,100,54,4
2.7445260562454807,100,101,60,6
0.4670339179744371,98,99,49,0
2.9187257297103786,98,98,46,5
2.5749367785995245,98,98,47,6
1.4559099817317360,96,97,49,5
1.4832298342012529,100,100,48,4
5.8593912088387183,100,101,48,2
2.6305616529847238,100,100,49,7
4.1428201861121963,100,101,55,3
2.0466703678173279,100,101,57,7
0.4720385645083205,102,102,55,2
3.7784733232898375,98,98,43,2
2.2799673585203712,100,101,47,5
5.8796416928738751,98,99,51,6
6.2310298353591769,96,97,56,6
5.7251669764369311,98,98,48,5
4.3308038464749199,98,99,62,3
1.1956845841041557,104,105,47,5
3.7630437777893322,100,100,56,4
0.6915802522717912,100,101,54,2
4.5085654338505261,100,100,49,5
3.9759775465792848,100,100,49,1
2.4795993426064538,100,101,45,3
2.4727383921170434,100,101,55,7
3.5041262449239663,98,99,55,6
0.8385721252220903,98,99,48,7
0.5336460753762914,98,99,49,2
1.5221540907561166,96,96,56,4
5.5900530154932966,96,96,48,2
5.9932591731707952,102,103,48,5
1.4023953311476161,100,100,51,5
4.8652068222497862,100,100,55,7
0.4419521342630918,100,100,46,4
3.7042473566515244,102,103,51,2
2.7281943833660951,98,98,49,0
2.5811133132814885,100,101,47,7
2.1382876241731461,98,98,45,6
4.4153747311697309,100,100,46,6
3.5216034570785766,98,99,48,3
1.2548530490695859,98,98,46,1
4.5467229775108846,100,101,53,1
1.0647287472694604,100,101,54,2
0.2022160026807497,98,98,52,7
3.4440828091831754,98,98,52,7
1.6433346040180552,98,99,54,1
1.8728007958291337,98,99,56,5
5.5816028777614672,100,101,58,4
4.6776875432767380,96,96,48,2
4.9603068692034498,98,98,47,6
3.2834055445213650,100,101,51,5
3.0949918014748814,100,101,45,7
2.6834640355614687,100,101,52,4
4.8595850678692809,100,101,51,7
0.7770751476640311,94,94,43,6
1.0831631816301848,100,100,57,1
2.9901127709694015,98,99,57,0
1.7776183181310206,98,98,56,3
6.2187713244841509,98,99,45,6
3.5631054722619409,92,92,49,7
4.8514833597505369,100,101,53,5
1.6174253922980468,98,99,54,7
3.3364508289005301,100,101,57,3
5.8160341698296962,94,95,55,6
6.1712074310503997,98,98,51,4
1.9321376162640149,98,99,44,5
6.1631646279824199,98,99,49,6
2.9488911707055654,98,99,45,2
4.4551342597773109,100,101,56,4
4.6058375184297482,98,98,47,6
3.7875993860875199,102,102,58,1
5.7525275453450666,100,101,39,3
4.2806571531995505,98,98,58,3
3.5343213299117684,100,101,50,6
6.1013166752038241,98,98,51,2
2.4643724044326576,98,98,50,1
2.1114302543094068,98,99,53,0
3.5427330352675588,100,100,43,3
2.8765112106038009,100,101,56,2
0.9826105695076367,102,103,54,3
2.1432881961794599,100,101,48,4
0.4569091902525896,100,101,45,7
2.2992736816915116,98,99,50,3
0.6612326793779171,96,96,57,5
4.2623875639523385,98,99,51,6
0.7727258064681843,96,97,50,2
2.0683746211738621,98,99,47,2
2.4653911928647347,88,89,47,1
0.8008096786443651,100,101,54,6
0.6626188565227920,100,101,47,3
4.9796626605116794,100,101,46,6
0.8731872017930211,100,100,53,5
3.6002403216770849,100,101,53,3
0.3726680629339814,100,100,44,4
0.0340911315200103,100,100,55,7
5.4912992896209776,100,101,53,7
4.1480295655695825,100,101,49,7
0.8552675349130539,96,96,55,7
1.2616065791893876,98,99,54,3
5.0257808420255241,100,101,49,1
3.7504661496453249,104,104,57,5
3.1614055796374747,96,96,55,5
4.5633537485431992,98,99,53,2
2.9324336072254771,100,101,55,5
3.2267756436326462,100,101,54,6
0.6669852457539250,98,99,60,1
1.4315484231671434,100,101,50,6
2.4779324318097520,92,93,52,6
2.1898041520648590,98,99,53,2
1.6862893923872306,92,93,52,2
3.5579692998892924,98,98,52,7
2.9244564888397453,98,98,52,3
3.1343368483302130,100,100,56,2
3.1338249647017249,98,99,58,5
3.2067151501818931,100,101,48,4
3.1418708068248264,100,101,54,2
4.5174952979944552,100,101,48,0
4.0012651470095042,98,98,50,7
6.0578711658148396,98,98,52,7
1.4355279243463666,98,98,54,1
1.6245940477699208,100,101,58,4
4.0179341665634460,98,98,53,0
2.3626932147185271,98,99,50,1
0.0915497067248147,100,100,53,1
5.0873128946874226,98,99,55,0
0.7599559457214976,100,100,61,5
0.8003114420285543,100,101,50,4
2.8815729697847696,98,98,46,1
4.2511324713280896,100,100,47,7
5.2657565891531251,100,100,47,5
3.1996292451753088,100,100,60,2
4.4941671821967297,100,100,53,1
4.3202502001628265,92,93,47,3
3.4516341264622441,100,100,45,7
0.8607977812409759,98,99,54,5
4.9569360660384483,100,101,54,0
3.7089835053477005,100,101,57,5
0.3000017597824444,98,98,58,7
2.6283626086953773,102,103,52,3
2.2849221652295673,100,101,46,0
5.5127733738227178,102,103,52,3
4.0067582534052892,100,101,51,5
2.5325408286383690,98,98,47,2
3.2344555247869193,98,99,52,7
1.5832121535393593,96,97,61,7
2.4373319271736396,100,100,45,7
2.2434543767440616,98,99,57,6
0.6573458539800153,98,99,50,1
2.1572495868960972,90,90,44,3
0.7741298493974480,100,101,50,0
5.3693058166668663,100,101,50,0
3.5108874899418772,100,101,48,0
2.1759017167992258,100,101,53,7
2.0886943184888307,98,98,52,3
6.0809080327039515,100,101,47,3
3.5921618351184352,100,101,56,0
1.6256299695036567,100,101,51,1
5.1107264639904564,96,97,66,0
2.0416101118687684,102,103,54,3
3.0029029292461753,100,101,53,5
4.7609376059177420,100,101,45,3
2.0330751919468000,96,96,49,7
5.7801248344175375,98,99,53,6
0.7188203306836864,100,100,52,2
5.4392829716319673,98,99,44,5
4.2041626927781532,100,100,48,6
5.7486673163352089,100,101,60,0
4.7753118492400786,100,101,51,5
1.7235128016227681,102,103,53,4
0.5954095074652158,98,99,49,4
5.5697970300799424,94,95,51,0
6.1655188992910475,98,98,51,4
6.2812443748354321,102,103,49,4
4.1141218136297271,100,100,54,4
0.0524786877285764,96,97,49,5
2.2966842152368629,100,101,55,5
4.0310371709058170,100,100,51,7
6.0125661206121599,100,101,59,3
0.6299269184437737,100,101,49,1
2.0121920220912841,98,98,52,7
1.4362711487465802,98,99,47,2
0.5582704064216679,100,101,49,5
0.8721063086681209,98,98,54,5
1.7312885600231294,102,102,56,7
0.3469102716763637,100,100,56,6
4.3497433707664444,100,101,59,7
5.9044432829015765,98,99,55,6
2.1168906404351153,100,100,58,6
4.3849558349093067,100,101,56,4
6.1297263855870368,96,96,46,4
2.4041661696503098,96,97,53,5
3.9852438070194331,100,101,43,1
3.9988731952318153,100,100,52,2
0.9937162194922475,100,101,47,7
4.1058727016575531,98,99,57,2
4.6974980645772222,102,102,51,4
5.6283654319348262,100,101,55,7
0.6319148935299459,100,101,53,3
3.7383615894240658,100,101,55,3
1.4848350950087998,96,97,50,0
3.1823801887643559,100,101,54,2
3.9450542270381570,98,99,50,7
4.1660572990064297,94,94,48,5
1.8229561232771263,98,98,48,1
5.6494821130258321,96,97,56,6
4.2284470260453801,100,100,51,3
0.3261358882166466,98,98,51,4
6.0948173576293172,100,100,43,7
3.3696204452362917,94,95,54,1
0.8532254758467948,96,96,45,7
4.3830296884368662,100,101,48,0
0.7354927255998279,100,101,51,5
4.0485627879985397,98,98,46,1
2.3922340663109378,98,99,44,5
2.3325480587612315,96,96,40,2
3.0061005417653388,100,101,46,6
0.6417651413354272,100,101,51,5
0.2281245103589667,100,101,52,2
0.8299119443210151,100,101,47,5
3.4674478359481915,96,96,51,3
4.4522013963968643,98,99,51,4
3.4999922768609846,100,100,55,7
4.4686019111980029,100,101,53,3
3.1440587426173279,100,101,59,7
2.3998635479216688,96,97,51,1
5.5557327385362960,100,101,49,5
3.6809654736388167,100,101,53,7
0.8583260006898035,100,101,59,3
1.6299716662587944,100,100,59,7
5.2271492810809130,100,101,49,3
4.0946781624347057,98,99,57,2
2.4013343830649463,94,94,53,0
1.8455012126441073,100,101,61,7
0.2075577626311965,98,99,46,7
3.7091773571203674,98,99,51,6
5.3979308727637925,100,101,51,5
3.8161334752134106,100,101,44,6
1.7704560778912299,100,100,50,2
5.0289057680303051,100,100,51,3
1.4807509187385810,100,100,53,1
4.6688203037001621,98,99,39,2
2.5185150885348349,98,99,47,6
1.1701588833941232,100,101,54,4
0.8381564796136569,98,99,47,0
4.9631876587136734,100,101,53,1
3.2495316956408598,100,100,50,0
2.9726745739410250,100,101,58,6
4.3260062438154350,98,99,46,5
6.1881067616054439,100,100,53,1
4.2803337208878576,100,101,50,4
0.8654253225904270,100,101,56,0
1.5663301570569315,98,99,50,5
1.2634234456718443,96,97,46,2
5.8999049557743293,96,97,47,1
4.0330054946744811,96,97,49,7
2.9359086345136571,100,100,56,0
1.5349501022124159,100,101,50,0
3.8330899070566757,100,100,55,7
1.2245114752677417,100,101,59,3
5.6318772364326843,100,101,54,4
6.0226476061553704,100,101,60,4
2.3919661613403984,100,101,49,7
0.3845823392075354,100,100,48,6
3.2268039307381793,96,97,46,4
1.4687884438477041,96,97,41,1
5.9234418026584708,98,98,47,2
5.4995893746431532,98,98,51,2
3.2641776196239376,100,100,53,5
0.4293955230009631,98,98,55,2
2.4523126587721285,98,98,51,2
2.4040557458150342,100,101,57,1
2.2773635268022763,100,100,46,4
5.0446811627320107,100,101,57,7
5.4403902150345251,100,101,51,7
1.9255357084893199,98,99,48,3
2.9817417186242379,96,96,54,4
4.7034477839840454,96,97,48,6
4.4655387737665038,100,101,56,0
5.9494773788115776,100,100,59,1
5.0613122515744706,100,101,56,0
3.2559287513976014,100,101,43,3
4.2867629691125995,96,97,44,2
1.5973076637036072,98,99,53,6
2.8936338003487827,98,98,40,3
0.2390329826756815,102,103,63,6
5.0781693036793349,96,97,53,5
5.5970629201075726,100,101,52,4
1.6539690257277517,96,96,45,1
0.5800243697221681,98,99,52,3
1.2193897674460188,98,99,58,1
5.3914669852673063,100,101,46,6
0.7037061045684279,94,95,54,1
2.9321075151491560,100,101,51,5
0.5536401522184916,100,101,51,1
3.9669449523762887,98,98,64,1
3.9918711677334415,98,99,57,0
4.7722314055499844,100,100,55,1
0.0392295717917140,100,101,57,5
4.0288336497299451,100,100,56,4
2.2474714825445643,94,95,52,3
0.1333843656410941,92,93,43,1
3.5235004570875281,100,101,50,0
2.9107721706355965,102,102,56,5
0.6492040595200820,98,98,49,0
5.5597036839282428,104,104,52,4
4.2439873882454151,98,98,48,3
4.9445506576942027,96,97,38,2
0.9359834543077927,100,101,65,1
3.7542818347038658,98,99,47,6
2.3835429367719079,100,101,57,5
0.6739989814872324,100,101,51,5
3.0560311335361705,98,99,46,5
3.7198786537323767,96,97,48,4
2.4268350642580678,98,98,49,6
4.9756107819641340,100,101,56,0
3.5917379540291972,96,97,46,4
5.9205084275598283,100,101,60,6
5.9595890682547168,96,96,46,0
1.2060909715294266,100,101,54,4
4.6380359028636740,102,103,58,1
2.0074375447898354,98,98,48,3
4.1599431926291395,96,97,54,0
2.6967240541525985,96,97,45,3
2.1884310033908272,100,101,55,7
3.8410114377735107,100,100,49,1
4.4672960114195428,100,100,51,5
0.3651043676648171,98,99,55,2
0.8747953342845392,98,99,38,7
3.3827530197983693,96,97,49,5
3.5846499472414375,96,96,48,0
0.6892088056570093,100,100,56,0
2.6723082710734589,100,100,55,1
3.9922840604168566,100,101,52,2
4.7738146505915511,96,97,50,4
0.9710730556646838,102,102,59,6
5.8841305575747356,100,101,58,0
5.4153649476894659,100,100,62,4
3.1829700479200222,100,101,58,4
4.6712556673585537,98,98,57,4
6.1847252143503706,102,103,48,1
5.1469493008004346,98,98,57,4
3.7206333348564704,100,101,52,0
5.1375566743036858,98,99,50,5
1.4170403962843088,100,100,53,3
2.9270791483468828,96,97,51,7
3.6448302096535765,100,101,53,5
1.7147232219314856,100,100,50,4
1.0951456099935744,98,98,47,2
4.8420152430184116,98,99,48,7
2.1536804870058668,94,95,44,1
2.4745826699664275,102,102,62,7
4.5213662136669335,98,98,47,0
1.1727160834957220,98,99,44,3
1.0282629201038502,100,101,54,4
0.2958935428298763,96,97,53,3
1.2267216080757348,98,99,57,6
5.4246069126408978,98,98,54,7
0.5002986477391144,100,100,56,4
0.1114093036059700,98,98,50,5
2.8896548915047435,98,99,48,1
3.8654641329594992,98,99,57,0
0.1160725265177672,98,99,53,2
4.1330000684296468,98,98,42,3
1.9847393746258055,98,98,57,4
1.2304779093636851,98,98,50,1
5.2320728750523191,96,96,49,7
4.4415922760141440,100,101,52,6
0.4155622653084879,98,99,43,0
4.1726700219510180,100,101,58,4
3.8771889518379008,98,99,48,7
1.7987664392806517,98,98,54,3
1.4794266914001275,98,98,56,5
0.6297873406735834,100,101,53,3
2.7455897058652461,100,101,52,2
4.7172333358022964,94,95,38,7
2.9513551809185450,98,99,49,4
0.9157460844772477,100,101,47,1
4.4736536442889454,102,103,49,2
3.5120180693871985,98,99,45,6
5.6685556763962719,98,99,51,6
1.2311882135476655,98,98,61,4
2.9012961881912327,100,101,54,2
6.0233192094088137,98,99,42,1
3.1034884894083219,100,100,52,6
1.6881308318357000,96,97,47,5
5.5474081046250925,100,101,42,6
1.3948985327049335,92,93,50,0
0.6415931019151563,100,101,53,7
3.5746925084468986,98,99,46,3
0.8486464649226303,98,99,55,4
4.4973151395331143,100,101,44,6
2.7231592097431534,98,98,44,1
3.8467426894263972,100,101,49,1
0.4860096707797485,98,99,51,0
0.0065656000043577,100,101,53,1
5.9645672197532571,98,98,58,7
3.6102974089567827,100,100,45,3
4.3779574379998172,100,101,55,5
3.1518244645053239,100,101,55,5
4.2903223897102052,100,101,60,0
4.1450173687875562,94,95,51,0
5.2934602717886747,100,101,52,2
2.8887540853740408,98,98,54,1
4.1331307603490268,98,98,48,5
5.3362324978897204,98,99,51,2
1.5365333734759492,98,99,54,7
4.1600591976331431,100,100,46,6
0.8454292842956923,94,95,50,3
5.0371926054746652,100,101,54,0
0.1342344725776126,100,101,52,0
5.6479057836184694,102,103,50,5
0.4974227877543894,98,99,57,2
5.2872512959918208,96,96,52,6
2.5332998553817827,100,101,59,7
4.2490629029378146,98,98,55,4
3.2096654507554940,100,101,59,7
5.9362636614981747,98,99,47,2
2.4205187170879765,100,101,48,6
2.7792232189135357,96,97,53,1
0.2204162844562479,100,101,56,4
5.9587285370195353,98,98,45,6
5.0416489003223282,100,101,49,7
4.5416319053061924,98,99,48,3
2.6937221851614899,100,100,42,2
2.0960124403129021,98,99,53,0
5.6075202617196753,100,101,50,2
3.3363885166795630,100,101,46,4
0.3489141235764618,94,94,50,5
4.9566485264282454,96,97,44,2
0.1748935909363119,100,101,49,1
1.3026416421839442,100,101,57,1
3.9002301929845049,98,99,61,2
5.1907415187042600,98,98,46,7
0.8949813491735110,98,99,52,1
1.8068542067957452,98,99,48,7
5.3906609974034501,98,98,44,7
5.5658627508520091,98,99,46,1
1.4011039419521174,98,98,60,5
4.5853809473285407,98,99,48,7
3.2914718002610557,100,101,57,5
5.9308846710919223,100,100,49,7
2.3920161756053617,98,99,46,7
4.8321228376735448,100,101,51,3
2.2149694374820417,94,95,59,4
2.3126147556236289,100,100,52,4
1.1872049259410646,100,100,56,2
3.7427478256512434,96,97,52,0
5.2572845855576285,100,101,60,4
4.8913927130953994,100,101,53,3
2.4323578531288175,100,101,55,5
5.8041323469351394,98,99,46,1
2.3016894926850511,98,99,57,6
2.9160981970435396,98,99,51,0
3.8779885028653038,98,98,59,4
0.3493173019429550,98,98,49,0
3.9005795240256140,98,98,51,2
4.2884443412104805,96,96,49,1
1.4866695067106421,98,98,51,4
2.8710001481443923,100,101,55,1
2.6382466101527347,98,99,51,0
0.8093225532350735,104,104,57,3
4.1723205560579615,98,98,50,7
3.0879062646304467,98,99,51,2
1.3777209170874432,100,101,55,5
4.7710161822275063,100,100,48,4
0.5842305576236999,98,99,46,3
5.4880897723389372,96,96,53,7
0.8201933134906150,98,99,48,5
1.9435679102203269,100,101,54,0
5.6979931520591229,98,99,47,2
0.3467775782365489,100,101,43,3
4.9707880535567197,96,97,52,6
4.7045885390528799,100,101,55,1
5.4528228419418854,98,99,43,0
4.9885270784794367,94,95,47,6
5.2520349208333590,100,100,53,5
0.7773862654620324,102,102,52,1
0.4784904241558406,100,101,52,2
3.3315533970007363,96,97,68,0
5.2806817455349648,100,101,53,1
0.5886679941133771,98,99,48,5
1.1034267698543718,98,99,58,3
2.0175299357019765,96,97,57,3
0.9509550231829949,102,103,49,0
4.5062182502504022,98,99,53,0
1.4120787027529169,100,101,52,2
2.7525577695663448,98,98,56,5
5.7841187615832075,100,100,50,6
6.1575597094016272,96,96,55,5
3.3154835017331621,100,101,52,4
3.0715311308479745,100,101,48,4
1.1930045421338249,96,97,47,3
4.4594279604364306,102,102,60,7
2.5986363496043552,96,97,50,4
3.0463357433345557,102,102,50,5
1.7397934372398751,98,99,47,4
2.1117054151203791,98,99,44,3
4.7153494168822290,100,100,43,3
4.6399182404652377,98,99,50,5
1.2811315263234009,96,97,50,2
1.3543531343879838,100,100,64,4
0.0197739507434657,96,97,58,0
5.3309447670347074,100,101,55,1
3.9347014029525429,98,98,46,3
5.5243331517486549,98,98,49,2
0.9235988894951493,102,102,41,2
2.2203624825447501,98,99,45,6
0.6104599033816730,98,99,51,0
0.8120244499045361,98,99,48,1
3.2158359834882684,94,95,46,7
1.8720266707563504,98,99,52,1
5.1064043603528448,98,99,49,0
1.1418999655042184,98,99,55,0
3.1477875530087647,96,97,45,3
3.7433912897970916,98,98,48,7
3.4606874639864418,98,99,52,5
1.3300534681318741,98,99,51,0
2.0851051014198507,102,103,49,0
2.7876898814177515,100,101,58,2
5.6245266596481551,100,101,55,1
1.5172236087861688,98,99,46,1
4.9467827777748647,100,101,50,6
0.5076944556572116,100,101,53,3
0.5583948096853566,98,99,51,0
5.1851200589783755,92,93,58,4
3.8560479589526144,98,98,54,1
2.9079834615665496,98,99,54,3
1.1091781407619949,96,97,55,7
1.1553341375131159,102,103,51,0
3.0818575024804962,96,97,52,4
1.6701969583010046,96,97,58,4
3.4572744188569149,100,101,61,1
0.6645942980103647,96,96,54,0
4.5177846513279674,98,99,57,0
2.9218016474829125,102,103,52,3
5.0873199840696142,96,97,55,3
4.1259507002416083,100,100,48,2
3.1657051586966629,100,100,49,5
4.8357786860308805,98,99,55,0
0.6053271912504904,100,101,50,2
0.9299252662363585,96,97,54,6
3.9819483740943564,100,101,52,2
2.4289027440126709,98,99,54,1
1.9322556477098942,96,97,51,1
4.1844910041979340,96,97,50,6
1.5492008534806871,100,100,50,6
6.2198966757914409,96,96,58,6
4.8346043839240149,96,97,49,7
4.9424452336729532,100,100,62,0
4.7524753618064874,100,100,53,7
1.7841597216272531,98,99,55,0
0.3418903026108627,98,98,44,5
4.3503987395419648,96,96,47,3
0.1823632947528528,98,99,50,1
1.0599312052757681,100,101,48,0
1.1912658556010465,94,95,45,0
1.8216334908389238,100,100,58,2
3.8878181330062800,100,101,43,3
4.3265935133331457,98,99,60,1
0.3810781134634336,100,100,54,6
5.3039930609325960,98,99,53,6
6.0806277048310520,100,101,52,2
4.2795375249299612,100,100,55,5
6.1648373825441425,102,103,56,5
1.9068799139433581,100,101,54,0
0.3758087963637861,98,98,56,5
1.0035971344579329,102,102,60,7
4.5950736833199608,100,101,41,7
4.3594840285757108,98,98,43,2
5.7430987571534660,98,98,53,0
0.1078457426227504,100,100,53,7
6.1235032482023479,98,99,52,5
5.7407568118589127,100,101,54,2
2.5832518624729679,94,95,46,3
3.4564543281846607,100,101,52,0
4.8971527241464496,100,101,49,1
0.0911329804379284,98,98,53,6
6.2117872629974658,98,99,51,0
2.3816089031278249,100,100,38,4
3.9837130700023420,100,101,61,1
3.0915715179361181,96,97,56,6
3.4127542786101088,96,96,58,6
1.5614508063542434,98,98,49,6
5.1033965599665967,98,98,50,3
1.3520718901736712,98,98,54,5
4.6625866559128237,100,101,62,4
1.2752985543098634,102,102,46,7
4.7207684072100733,100,100,52,4
0.8605851608748513,98,99,57,2
5.7220758852297307,96,97,52,6
5.0578968785095428,100,101,45,3
3.4899863402983673,100,101,52,2
5.0292350525167686,96,97,51,5
1.0429630995297188,100,101,49,3
2.3241179005093158,98,99,48,3
3.0215576221297984,94,95,45,4
1.5016097182420742,100,100,49,7
4.9852518033932629,100,100,46,0
3.1919487715152277,100,101,45,5
2.0678457147788953,100,100,52,0
4.2779939212494993,98,98,61,4
6.0996239882872239,100,101,58,6
0.7196595169086791,100,101,53,1
2.9788492707721383,100,101,54,0
3.5973944802345423,96,97,51,7
5.0598278654963167,98,99,54,7
5.1678765581960846,100,101,46,4
6.1435638442779776,98,98,45,4
4.2349677646687454,100,101,52,2
0.3597774422306063,100,101,48,2
4.4700284972895679,96,97,52,6
4.1980789798401643,100,100,53,5
1.0898103134431194,98,99,50,1
2.8863309387086842,100,101,61,3
1.7785547939029993,100,101,54,2
3.9925644995931191,98,99,54,5
3.1087274695948390,100,101,42,2
1.0039724470187423,100,101,53,5
3.5193023830774575,98,98,52,7
3.1534680414902678,100,100,56,0
0.7952557888919510,100,101,46,2
6.2229283183783819,98,99,61,6
3.5048292121270674,100,101,52,0
0.8252220434105664,96,96,50,6
5.2302381557322333,98,99,50,3
4.8353847275655895,98,99,53,4
4.8257289707963897,100,101,45,7
4.4182113257893940,98,98,48,7
0.3060941887179591,100,100,53,7
2.5418604241493772,94,95,48,3
6.1770897013115942,98,99,51,2
2.6443650307464357,100,100,52,6
6.0908387010007088,98,98,49,0
2.3991079390388141,98,98,52,3
5.6469335427956402,112,113,54,2
5.6814200862862929,96,96,54,6
5.8225124470519605,100,101,56,2
3.7116396620855210,100,101,50,4
5.1490822704943175,100,101,58,6
4.2031148623272356,98,99,52,3
5.6528610564802282,98,99,45,2
3.7449977976816284,98,99,44,3
6.2189588612454330,98,99,54,1
1.3814147010093627,98,99,60,3
1.3369597913171114,102,103,53,0
0.9201318725271533,98,98,61,2
2.9958314919872140,96,97,47,3
5.4880157664654901,100,101,54,6
2.0902352415610683,98,98,54,7
5.2882691473434349,100,100,55,5
3.1362954799779565,100,101,51,1
2.3983646714751758,94,95,44,3
3.7011592523076531,98,99,47,6
4.6152971919119361,98,98,58,1
2.7943285164581968,100,101,60,0
3.4822614966294827,100,101,44,4
6.1411687388779468,98,99,53,4
3.0578264662676768,100,101,44,4
1.2489748743305877,98,98,46,1
4.0365389665988278,100,101,54,0
3.4705732307446087,100,100,55,1
0.2117334243320028,98,99,57,0
5.3387804048412244,98,99,54,1
6.2553038349650327,98,98,53,2
1.9686472290273653,98,99,54,1
1.6916837926331529,100,101,59,7
0.0647772599807598,96,97,54,0
3.2264882903448218,96,97,38,4
0.3091728830279877,102,102,46,1
6.0650321793784121,100,101,49,1
4.3114145324799056,104,104,65,7
3.5117929249661870,92,92,56,6
0.9517626975245038,96,96,60,0
0.1476297870601834,98,98,48,3
1.7033823412795779,98,99,54,5
4.3364081118926681,102,103,53,4
4.5832083597738826,96,97,42,2
0.0424808730108017,100,101,45,3
0.1363729750545769,98,98,50,3
