theta,t_count,h_count,s_count,w_count
5.5728394444658083,98,98,48,3
1.1359529553226861,96,96,48,6
3.0439031086197006,96,97,48,6
6.2729719068898415,96,97,51,1
0.2829261363130270,98,99,41,0
4.7028569751772258,100,100,56,0
0.2224133118897658,98,98,52,3
5.6128205115713685,92,93,53,5
0.9589033893082780,98,98,50,5
0.0832505249732640,96,97,52,6
6.1908688512421648,100,101,56,6
2.9370562989197380,100,100,51,7
6.0121507419227633,98,98,53,0
0.9628775220205389,100,101,52,4
6.2552605101969299,96,97,52,0
0.6852580826368418,98,99,56,5
5.5853754548566084,100,100,46,4
1.2870952185546713,96,96,44,2
4.2835976776710165,98,99,41,0
1.6810161348949171,96,97,50,4
4.9036960712963396,96,97,54,0
2.5233729173568702,98,99,51,6
1.2724251552994816,98,99,55,4
0.7760402915789179,102,102,57,6
5.4730661846068580,96,96,49,7
5.9840594336982278,98,99,51,0
0.7675177395875860,98,98,51,2
1.4220505289506005,100,101,43,3
3.2289930850821622,98,98,54,7
5.4516986134719803,100,100,50,2
2.4348856908315732,90,91,49,2
5.9296260945986683,98,99,59,0
3.7304603482046153,100,101,43,1
4.6479269274378119,98,99,56,1
1.6004810887245098,98,99,53,6
0.9985575425538683,98,99,48,7
4.0260368159459121,98,99,53,4
0.9877791279715263,98,99,52,5
1.3775679256258342,98,98,60,5
4.1795719192126484,100,101,65,1
0.8474284225392230,100,100,50,2
2.2010098751181122,100,101,51,5
2.0797572030013716,96,96,54,0
1.6110283339074762,98,99,52,1
4.9669006256949473,96,96,58,6
5.8837838215058760,96,97,48,2
1.5852286603431929,96,96,56,6
1.0678810126379998,100,101,55,1
0.4430981310888976,100,100,56,0
2.2882460129477904,98,99,47,6
5.6750676486260208,96,96,49,5
2.1485440133173772,98,99,52,5
0.8296682644604744,98,99,47,6
2.4298535581114180,98,98,49,4
5.0571047455205411,96,97,47,3
0.1463377776884914,90,91,44,1
1.6736720309853765,100,100,50,2
1.3715444370155141,100,101,61,1
3.7992075031037835,98,99,52,3
0.3639358658870752,100,101,55,7
0.4117475110449422,90,91,42,3
2.2998031949509903,96,97,46,6
5.7429432077753937,100,100,50,4
2.8355471912273558,94,94,47,6
0.7604418538085894,98,98,58,5
2.8369035396326638,98,98,54,1
4.7233576795999435,100,101,47,5
0.3000490651071394,92,93,42,2
5.8268702583193210,98,99,52,1
0.5272778606328037,96,97,42,4
5.6600315780339070,96,97,45,1
3.4253520377499833,94,94,46,1
5.1032032268063405,98,99,53,2
1.1201575006479250,96,96,41,1
5.1698087782726851,100,101,48,0
0.3504591478389068,100,101,55,7
6.0670816839200485,100,101,60,6
4.4246324904414243,98,99,44,3
0.4125513793845474,96,97,48,6
1.5676864227616587,100,101,46,0
0.9031177681655117,98,98,56,1
0.6852202862367586,96,97,44,0
0.0411912508109871,98,99,61,6
1.3221148488385666,96,97,54,4
1.5065047428939076,96,97,49,5
2.3000788340733282,100,101,62,4
1.4978119966920167,98,98,45,6
4.3352517929033301,98,99,49,0
6.0823899001943937,96,96,50,2
5.6320491658022052,100,101,46,2
2.4860171519764425,94,95,44,1
2.6968878728406316,94,95,51,2
1.2595908507259626,92,93,54,0
2.5973319190465514,100,101,58,6
4.3940327592405728,86,86,37,6
3.1207087289622004,96,97,51,3
5.1863950469083395,100,100,43,1
1.1054371249980857,98,99,53,6
2.9238670733111065,98,99,45,4
3.1841102167126891,96,96,54,4
1.2336950794385373,98,99,45,2
0.7172818653067620,98,98,60,1
3.5379551053218909,98,99,55,2
0.9875822341936439,96,97,50,6
2.8218757745399614,98,99,59,2
1.6536747660649127,96,97,48,2
3.3654764197396769,96,97,44,2
1.1630857721260590,98,99,51,4
2.6945818937262587,100,100,51,1
4.9450507761023852,100,101,47,1
5.3231344319465608,98,98,42,1
5.4331019672449017,100,100,47,1
0.8987296201782867,98,99,60,5
3.1831894608909703,98,99,54,3
3.3818739732465253,96,97,55,5
1.8666337371234754,92,92,46,4
5.1954256472196949,98,99,59,0
5.6173192279587099,96,96,53,5
3.4052211311856446,100,101,48,0
3.4856124707315743,98,99,43,2
1.3888813483941469,98,99,53,4
2.7433128721213089,96,97,50,2
1.5873193799806924,98,99,46,1
4.4248547047312847,98,98,50,7
5.6412431470423972,98,99,48,3
4.4814360616642119,96,97,48,0
2.3615124198767630,100,101,54,6
4.6015850123636053,98,98,43,4
4.4148999145372105,94,95,48,1
0.1394596914217642,98,99,47,2
5.5614348674650609,98,99,44,5
0.8864069334744877,100,100,55,3
5.8254831449733606,98,98,52,5
4.2538958087638816,100,101,46,4
1.4046952052306363,98,98,53,2
0.4323715004437967,100,100,48,6
0.3154343457101522,96,97,53,3
5.3029650817022480,100,101,58,2
5.1521950745328331,98,98,48,5
1.5031533585117622,98,99,45,2
5.9223832969484311,94,94,45,0
4.3951560972025234,98,98,55,4
1.6146932059420263,94,94,36,1
3.3009969031783890,100,100,53,7
1.5431817035667836,96,97,55,1
4.8888506675264942,100,100,53,1
5.1529581024848472,100,100,47,7
3.8893433390095162,100,100,56,4
0.0598890825694798,98,99,60,7
1.9387803083782940,98,98,49,6
4.0652343977821817,96,97,50,2
3.9694809552170653,100,100,52,4
3.5848413344894245,96,96,54,4
4.2683686710468196,96,97,57,1
2.7940298924549434,98,98,55,4
1.6664459046305058,100,101,49,5
3.5718426282474338,96,97,52,4
5.1846419404329662,98,98,46,1
1.1080348091543128,100,100,45,1
4.0816881699129848,100,101,57,1
0.2784880910184781,98,99,54,1
2.9705178879761203,98,99,49,6
3.0486849786713361,100,101,49,3
5.6557954196135096,98,98,44,3
3.6705053790223467,96,97,56,4
2.3673046971252183,98,99,49,4
1.7828818596364049,100,101,46,0
4.5527857371616776,98,99,51,6
2.6284063731241196,98,98,53,4
5.7467506224532992,100,100,55,1
0.4314648196817412,98,98,57,2
2.5387441275507530,94,94,45,2
4.7546220611064252,98,98,36,1
4.3024235735971708,94,95,46,3
6.0437587521037193,100,101,53,3
4.1119315514460153,102,102,48,1
1.8431633079061700,96,97,53,5
1.7089052027939560,98,99,53,2
3.4298661447861880,98,98,50,5
0.1340153389614390,98,99,45,6
2.7259497361456608,100,101,50,0
4.1416964376028105,98,99,55,4
0.4021646848564983,98,98,48,3
4.0487970333914136,94,95,44,7
5.3369175805686320,100,101,50,6
4.8763617847585294,98,98,47,6
6.0717405348116760,98,98,57,2
3.1870890221937391,98,99,46,1
1.1507882969610461,98,99,49,0
1.4383797539670473,94,94,58,5
1.4264301612322960,98,99,51,4
3.4072424481657322,98,99,57,0
3.8938940161220792,100,101,54,0
5.2090763007908905,98,99,51,4
1.2529298256825399,96,97,49,3
4.6366443866529465,98,99,57,6
1.3409528272557902,96,97,53,7
5.7330680290569642,96,97,54,0
2.1987713825707771,98,98,49,4
3.9819672540611224,94,95,50,5
1.7459959518261745,94,94,53,2
1.1626222171122429,98,98,55,4
0.4227124862848371,98,99,49,6
6.1463425403367360,96,97,44,0
6.1141859680180293,98,99,49,2
0.9984400412704022,92,92,40,6
5.9567208208054021,100,101,50,0
1.7078292538682744,98,98,46,7
4.5472376547933511,98,98,57,6
4.4651711813098460,98,99,54,7
3.0952571001623479,96,97,49,3
5.7050340913492379,96,96,53,3
1.0149497626138317,96,96,54,6
1.3084161451597089,96,97,47,3
0.0972643118929782,98,99,49,0
5.6422890744182590,98,99,46,5
1.5860982428253092,100,101,49,3
4.4612913053112733,98,99,46,1
0.3073488256158582,98,99,54,3
4.0155387947907624,98,99,63,4
0.6683201991103795,100,101,52,2
5.4865341293926670,98,99,48,7
1.4504410910158188,98,99,54,7
0.5662378623335940,98,98,49,2
5.4658417071313936,98,99,49,6
1.5446441822504442,100,100,49,7
2.4243989849983598,98,99,41,2
2.2832775629582307,94,94,48,5
3.4513241760582725,100,100,56,6
2.2784698479195686,98,99,41,4
3.2023425498730633,96,97,51,3
1.6171486168060871,92,93,45,1
6.2589278234418364,100,101,55,5
5.6906206090569400,96,97,44,2
5.3143552314162674,100,101,48,4
1.4575115971712123,100,100,49,1
1.5910041542507676,100,101,46,6
4.9655468994720060,98,99,54,7
5.9283887789001888,98,99,58,1
3.5508972615733003,102,103,59,4
0.2370792275177546,100,100,52,4
1.5390305776765387,96,96,55,3
3.6462622207957471,98,99,54,5
1.6325192454314461,94,94,50,3
0.9066386525418599,98,98,46,1
4.5531199945772221,94,95,38,1
2.7224973636836705,98,98,49,0
0.3140931781095879,98,99,58,1
0.1987115975202906,98,99,52,1
2.6129267780962877,100,101,59,1
2.3631291845036766,96,97,42,4
4.7511310452815581,100,101,45,5
3.4874132689570616,98,99,52,1
0.1633979702803971,98,99,55,4
0.5707583249853997,98,99,49,6
5.9489573163588583,100,100,45,1
2.8354152754893303,96,97,51,5
2.0959501239169418,98,99,60,7
1.2982661990999191,102,102,58,1
1.3846941753650821,98,99,57,6
4.3125934516170670,100,101,51,7
6.2012642560808908,98,99,50,7
2.0448062077283491,98,98,55,0
6.2403658173699634,96,97,53,5
3.9750015452309109,98,99,52,5
2.3631637685374418,96,97,46,2
1.2595971739201868,98,98,56,5
6.0041967632698929,98,98,54,1
5.3203937551052993,100,100,61,1
2.3578350814397599,96,97,43,3
5.2219131084099555,98,99,41,6
2.9823998051111129,100,101,45,3
6.2404709337736115,98,99,47,4
3.3640094936584219,98,98,51,2
3.2900245764586296,100,101,58,2
0.8052797919330431,98,99,56,3
5.5949807578743957,100,101,44,0
3.2874358001478652,100,101,57,5
4.6440798417649427,98,98,49,0
0.0437269420715203,98,98,48,1
5.2009985336478479,100,101,57,1
3.1452852257404116,100,100,47,5
3.0396662367316378,98,99,50,3
0.6476657411394207,100,100,54,2
0.1442841799129304,98,98,60,1
1.6669220200704919,98,99,54,5
2.6026857899258862,100,101,57,5
0.0368592750784350,100,101,44,0
0.6713100715953129,98,98,51,2
4.8278286667740904,98,99,51,2
1.9677314532535455,98,99,54,1
3.0166889422303260,96,97,51,1
1.3038728947050697,94,95,42,3
0.2549523201568753,98,98,53,0
4.9632337834212938,96,97,47,7
3.3149891310203370,100,100,51,5
0.5539784506586235,96,97,45,5
2.1320649566389425,98,98,55,2
3.9253016278154669,98,99,51,0
0.5254382723591952,94,95,42,7
4.6771456821880202,98,99,50,5
1.5783834271816342,98,99,51,6
2.5068033589195040,98,98,39,6
2.9853041771619422,98,99,47,0
3.6699074560688119,98,99,55,0
4.9707946270033014,100,101,56,2
6.0626295919612865,98,99,49,0
5.8754049299060709,98,99,47,6
3.7268466922051324,96,96,47,5
5.7160254782487447,96,97,51,1
1.1563612064772388,98,99,47,2
5.1119652498482058,100,101,57,5
5.2020534872461983,100,101,53,7
3.0736427082664943,96,96,48,0
2.1506964996687965,98,99,51,4
0.7049320938076911,98,99,46,5
1.5253520189660639,94,95,49,2
1.5717486134360041,98,99,47,6
0.4704271880107085,100,101,52,6
2.0665085123708709,96,97,54,6
5.3940411236509052,98,99,56,5
2.9057412492698313,98,98,54,1
3.2434223115444616,98,98,53,0
3.5868124588202983,98,98,50,3
0.9048426497226242,98,99,45,6
1.3534229175587582,96,96,48,4
4.3192130763385217,100,101,49,3
4.6431835844132330,98,99,60,5
1.2541783816795558,98,99,58,1
4.1421723375295851,98,98,42,5
1.0278412375727661,98,99,54,5
6.1833870947171938,98,98,52,3
2.9506113495076414,100,101,51,1
0.2247788796654016,100,101,52,0
0.0219278609021081,98,99,56,7
3.5280654428506999,98,98,49,0
1.9375307953971734,96,96,48,6
2.5264628510913196,102,103,58,7
4.4389648995720377,100,101,50,6
1.9104296457342187,98,98,48,1
0.0822062669197236,96,97,53,5
5.2758648532877475,94,94,50,3
5.3133750679928902,96,96,54,4
1.0870045784240570,100,100,51,5
0.6462837953748350,100,100,55,7
6.0580513131210969,98,99,54,5
2.0688943787823795,100,101,50,2
2.6698879495618195,98,98,51,6
4.4281009086322110,96,97,40,4
1.2009116225461689,100,100,61,1
1.1286035480259737,100,101,55,1
5.2772190890827293,96,96,54,6
5.2788580564220542,100,101,51,5
4.3376894866139430,98,99,55,4
4.8603897472650779,102,103,49,6
1.6082285598884398,98,99,45,0
2.3134823214914251,98,99,53,6
0.0351248015156916,98,98,46,5
0.2433901878110138,100,100,50,2
6.1882557035271395,98,99,59,2
3.9173828705588947,98,99,39,4
3.1732803057869736,94,94,45,4
3.9763598851422861,98,98,62,1
2.6586763307507377,100,101,53,7
3.7821438556650104,94,95,43,6
3.8579050660496690,98,99,46,1
4.2298047577784317,96,97,52,0
1.2576552955137295,96,96,41,7
2.3928207814776279,92,93,47,3
1.2578370266058090,100,101,50,2
4.0283359003006636,98,99,45,4
0.1599924521921511,92,93,54,6
3.5492396024310620,98,99,50,3
3.2552305294191033,96,97,51,3
6.1121171732990103,98,99,55,6
5.7757097210617365,98,99,52,3
5.0153594057916111,98,98,47,4
5.6269454177471916,96,97,49,5
1.2927537010051424,100,101,55,7
0.2809318048926200,98,99,49,4
2.4924678603470123,100,101,51,7
4.3564483734509647,100,101,43,1
2.1040209243984096,96,96,54,6
0.1983707836946315,98,99,56,3
5.1141500671156441,98,99,51,0
5.8283957779888569,98,98,46,5
2.7783346582943298,98,98,51,6
1.1038000891818065,100,101,47,5
4.2718059725263755,98,99,62,7
5.6864974402862734,100,100,49,1
5.3903093652715954,98,99,44,1
2.8704318364073780,98,98,56,5
1.0720679661339700,96,97,61,1
1.1669703633680777,98,99,44,7
0.6567924947529263,100,101,58,4
0.0281421778793018,98,99,53,0
0.8139315261629384,98,98,46,1
1.9243133270552484,98,99,48,1
2.2545837171689027,100,100,60,2
2.7359384961134325,96,97,45,1
0.0573927510114007,100,101,52,4
0.6961224947737309,98,98,56,1
6.0747107216393958,98,99,55,4
5.0191028880858823,98,99,58,5
4.5064907182654013,98,99,45,2
0.3845207671461531,100,101,54,2
2.2506872210121975,98,99,49,0
2.5562861669645751,98,99,47,0
0.2702298061368441,96,97,49,3
4.9934771092741101,100,100,50,6
4.2398994799381731,98,99,48,3
0.3898949068147829,100,100,52,4
1.4038029004543868,98,99,43,4
3.5527727821209614,94,94,60,7
5.3692682234922096,94,95,57,4
3.7557337534505071,96,97,53,1
0.9440384038603798,98,98,50,3
1.1774542440295175,98,99,57,2
0.7948876540324507,100,100,52,4
6.0650033570820989,96,97,53,7
3.6522623964012273,100,101,51,5
5.4805010060771213,100,101,62,6
6.1347177377385362,100,100,53,7
3.9116270068631165,98,98,45,6
3.9586144183584309,98,98,45,6
1.9197421941054782,98,99,62,7
1.3427233083151140,96,97,47,5
1.6268787406573098,98,98,52,3
2.2682448081249120,98,98,57,4
5.0048458180077198,98,99,55,0
2.6963563642692030,96,96,58,6
2.5607510394963739,100,101,50,6
4.9992703774324090,98,99,42,1
2.1762391887519006,98,99,46,3
3.6745664411182166,98,98,53,6
4.8219984535771605,98,99,47,6
2.6838835232158931,98,99,51,2
0.0470128051989925,100,100,42,6
1.2926473277699559,100,100,54,2
2.2475468709243680,98,99,59,0
1.4958484113289003,100,101,47,7
0.5495182657184648,96,96,45,7
1.2378529521662138,100,101,57,5
3.7647648095261421,100,100,54,0
3.6745186631058355,98,99,56,7
1.0199916281280930,100,101,45,5
4.0312816322106286,98,99,49,2
0.9142392136037467,98,99,48,3
5.8584723498596309,96,96,45,5
2.8938625879033673,100,100,42,6
3.2448387744626279,98,98,46,1
5.3878234291691545,96,97,56,2
3.2934261004518954,104,104,45,1
3.2341771015237515,100,101,47,3
1.4064280887440359,98,98,56,1
0.0943236843582351,100,100,33,5
6.2799096006737223,100,101,57,3
0.1225856142081753,98,99,52,5
4.2597122076945340,100,101,47,3
2.7963730047869522,100,101,48,6
3.0255567543698421,98,98,58,7
3.3578547601581699,98,99,54,5
5.8935697941603369,96,97,47,1
6.0711734334063374,100,100,56,0
2.0761868681761144,96,97,52,6
4.5040923486655204,100,101,52,2
2.4206719529379086,94,94,38,1
1.3566399726069980,98,99,48,5
4.6201149934911649,100,100,59,1
3.3685882730597276,100,101,53,7
1.1510977949397432,98,99,39,6
1.5968146764647666,98,99,48,7
3.4547623089772181,98,99,49,4
0.0883082118895992,100,101,51,7
4.0350003548415447,100,101,47,1
2.3722526607814229,100,101,52,4
0.5269030523175928,98,99,51,0
3.5088985911630428,98,99,51,2
5.7832731983104377,98,98,51,2
1.1095444400990437,98,98,52,1
3.7990289357558997,98,99,54,1
3.9971805049891018,96,96,50,0
5.3256125648254988,100,101,70,2
4.2085837866405615,100,101,55,1
6.0129402701493904,100,101,56,0
2.1386413279405811,98,99,48,5
3.5323715005169816,100,101,56,6
1.0704154292031727,98,99,53,2
1.9897737819477708,94,94,55,6
4.7331541137352335,96,96,52,0
4.3379037060869665,100,100,59,7
0.9648286603261214,98,99,55,2
6.2029249513731601,96,97,53,5
2.9706273493184780,100,101,61,1
1.9260914377456826,100,101,52,4
4.8006033191001878,96,96,43,5
3.6495913301139731,98,99,55,6
4.6488662666810585,100,101,47,1
0.0146598548691772,100,101,59,1
3.5615789310710899,98,99,56,7
4.0038318419164005,94,95,51,2
3.4256148600944361,100,100,46,0
1.0048476483891244,96,96,45,5
1.6471852565032286,100,101,52,6
5.3800355937716891,100,101,62,4
1.8526335136328123,98,99,58,3
0.0655755255872099,98,99,52,3
1.1995864898029063,100,101,51,5
0.7830745821439130,96,96,59,1
0.5613662848526676,100,101,49,5
2.9879563508087501,98,99,55,6
5.4784494521836109,96,97,53,1
2.2277897609422510,96,96,54,0
0.8621210436630852,100,101,50,2
5.5774808987818307,98,98,52,7
5.7889278225419449,94,95,45,4
5.5198779201231973,98,99,52,5
0.1746597634808551,96,96,44,6
3.7001268108346821,96,97,52,6
4.9076647491917482,94,94,53,6
4.9194665732520537,98,99,47,0
3.2126878769509903,98,99,54,1
4.1754206313636200,96,97,51,5
5.4010407012037840,98,98,38,1
2.0436924494266790,98,99,43,2
1.2797388821955662,98,98,51,0
3.5927465511751930,96,97,48,0
1.7331757264848593,100,100,51,3
0.4441840071756488,100,100,53,1
5.7093624842662170,98,99,54,1
3.4859867065264716,98,99,57,2
5.1444656505096908,98,99,51,2
0.1744729395867004,94,94,48,7
1.2427136846537543,98,99,53,6
5.3238686544937739,102,103,63,0
4.5680399744679745,96,97,52,4
5.5849916577601775,100,100,63,3
0.8767713725424916,98,98,46,5
1.4136415365928146,98,99,58,3
4.3832115213988452,98,98,49,4
2.8491377290411948,100,101,58,6
3.0695795614244230,100,100,66,2
2.7012366387599855,100,101,45,3
4.4753441150667026,96,97,52,2
5.6125860248043864,96,97,40,4
2.0417225327028481,98,99,61,6
1.4941388662849995,100,101,54,2
3.8759531376165266,98,99,56,3
2.2235692085678980,100,101,41,3
4.1151222685546891,100,101,56,0
1.8353156073050572,96,97,44,2
5.2069902292144521,100,101,48,4
1.8687980177759340,100,101,49,3
2.8743996334448489,94,94,43,4
4.6984058337789723,100,101,54,2
4.8507268325461519,100,100,53,7
4.9354307321740825,100,101,51,7
4.0969268747391636,96,96,53,5
1.9285160672039277,96,96,57,3
1.9214744020518217,98,99,45,2
2.2217647699950938,98,98,50,7
2.1425713066054457,98,98,54,3
3.1953273801529711,100,101,51,7
2.4559082376458554,98,98,41,4
5.4434634652127620,94,94,47,0
4.9739618598700055,98,99,55,0
3.6025433841145191,98,99,51,0
0.9946319810946437,96,97,47,3
4.1906298101636770,96,97,50,2
6.0795546956973912,96,96,55,3
2.0517293531864245,98,99,45,2
4.2015050372819758,96,97,54,0
5.5884827351783422,100,101,52,6
1.6213196490292678,96,97,49,7
0.3383016943168660,102,103,57,2
2.4280953601711586,98,98,56,3
3.3780446295959203,98,99,48,7
0.7283328826476724,96,96,57,7
3.1751211027041757,98,99,44,5
4.6529475673866685,100,101,46,0
5.9732387682831103,94,95,60,3
4.1473113978876439,98,99,53,6
3.5913271097573554,94,95,54,7
0.2587320807405051,94,95,50,1
2.0401062328900097,98,99,50,7
0.4904686165845680,92,93,46,4
5.4650068960211682,98,99,43,6
5.2341443129837995,96,96,55,5
4.4084073321991601,100,101,51,3
2.2299241542473567,98,98,51,0
1.8487402252525456,96,96,51,5
0.1432474408628224,98,99,56,1
5.6129955130279576,94,95,40,1
0.0322938179262809,98,99,53,6
4.5395552644197146,98,99,48,7
2.6337184080205387,96,97,49,5
0.8474162389235486,100,101,46,2
3.4303119180307391,100,101,56,4
2.2538958961409490,96,97,45,1
4.4009021241606368,100,101,56,6
4.6325833159165972,94,94,46,5
0.6736769653852108,94,95,51,0
2.4653537860429666,100,101,47,5
0.2195991059700906,96,97,55,1
3.6964969660488718,100,101,48,2
1.3695470244821180,100,100,60,2
5.1723308221417863,100,100,51,7
0.4952621664101898,92,92,50,0
4.6959697656266464,98,99,54,5
1.1092357364475680,100,100,52,6
5.5538796541855779,96,97,62,4
1.4319190942157063,98,98,50,1
3.6431281974954461,98,98,53,0
4.4662861490311316,96,97,50,6
1.7573344020561488,94,95,46,1
2.3815076084467504,94,94,54,3
3.5009933190061733,100,101,58,6
1.0686107264808269,98,98,52,5
4.2890117522604934,98,98,53,6
6.1532330159053767,98,99,58,3
4.8467721821385199,98,98,50,5
0.7855029160719951,98,99,52,5
6.0896561410802033,94,95,51,4
3.3322875414229816,98,98,51,0
4.3683871423411222,96,97,50,4
2.3343849049669170,98,99,51,0
1.7506966080932773,100,101,48,0
5.9967589404505857,100,100,56,6
1.0244662177639123,96,97,53,7
1.2673348170685577,94,95,62,7
0.4886235683786897,98,99,56,7
5.0974127776160021,98,99,46,7
5.2039734890270211,100,100,60,2
6.0289837521434375,100,101,50,2
2.5854956898275647,96,97,48,6
2.0935604473265155,100,101,55,7
6.2422873862609114,100,100,47,5
2.2732780677573214,98,99,54,1
5.0901654696877827,98,99,39,6
3.4566317993899665,98,99,49,6
3.1327881960214268,98,99,49,4
2.7847952575277946,100,100,41,3
4.9521080080553039,98,98,52,5
0.2243037206725043,96,97,50,4
4.2781127248101907,100,101,55,5
2.7573244284802625,98,98,49,0
0.7775948547937340,98,98,51,4
2.5521726075797062,98,99,50,3
3.9461695134710029,92,93,41,7
4.6390714158992941,96,97,51,7
2.4462662368806298,98,99,52,5
5.3971707976901904,100,101,49,1
0.3267940837727951,98,99,48,5
2.6070043537632381,96,96,55,1
3.3608081620920904,98,99,42,5
4.9789706223385650,100,101,50,4
5.3336115484568607,100,101,61,3
1.0341281458472962,100,101,55,7
4.4035488413227810,96,97,45,5
0.9871369978839113,100,101,54,4
0.5980456867799312,100,101,49,7
3.8374851541683586,98,99,50,7
2.0588985096454411,102,103,44,7
4.2340480216651075,100,101,60,2
0.2642210519815824,94,95,56,7
4.2133287752954125,94,94,48,5
6.1832194734549555,96,97,52,0
2.8031188232314874,100,100,50,6
0.5005744763856826,98,99,55,4
0.6227524518262281,98,99,53,0
0.3296046492291717,100,100,44,6
0.4103878785026511,98,99,57,2
4.5194040898053816,100,101,55,5
4.3490018658281162,98,99,52,7
1.3983750087685067,98,99,48,7
0.7175161157640434,100,101,53,1
2.9387031604344567,96,97,46,2
4.6371814313718902,98,99,55,0
4.5504598191809524,98,98,50,5
2.6466555185211216,98,99,56,7
1.0668445578704129,98,98,51,0
3.4702039809020939,98,99,60,3
3.4977878270976994,98,98,45,4
4.7986327860307609,100,100,49,1
4.8161442009572593,96,97,45,5
0.3240167268589232,96,97,47,7
0.6617690998736216,96,97,55,7
2.6983585541958748,100,101,45,3
5.4305391265291618,100,100,46,6
4.2001272008873949,98,99,46,3
2.8348099546706038,100,101,60,6
1.6077562460241568,100,101,46,2
0.8265725242468963,98,99,40,5
3.4619633192979204,100,101,48,6
2.7700909084556109,94,94,52,3
0.4742034144185250,98,99,45,6
2.9933619038866026,102,103,50,1
5.7088442435585760,96,96,39,7
5.1207108558699952,98,99,52,3
4.6731708507449090,98,99,49,0
3.0938703963478473,98,99,47,6
3.1641764295534145,94,94,58,1
0.4543544132627881,98,99,50,7
1.0233142294289213,98,99,51,2
0.1961998737676295,98,99,49,4
1.0760560452900789,98,98,55,0
3.0563821667313333,100,101,52,0
2.3955323474741927,96,97,36,4
3.5363235189689757,100,101,46,0
0.1940664812313181,96,97,49,3
5.2216414470944192,98,99,52,1
4.2362138105503604,98,99,40,3
1.3859079993429635,100,101,60,0
1.5628393106742982,98,99,46,1
1.2249996868297779,96,97,54,4
1.0458756633158806,98,99,55,0
2.6020049535773446,98,99,44,1
4.2702597431767142,96,96,55,7
2.1475280233028751,94,95,46,1
1.8231925912227243,96,96,47,3
4.9498159720512254,100,101,53,5
5.1060805350956526,96,97,52,2
4.9463460596535151,98,98,50,5
2.8587983636610619,96,97,49,5
1.3469809451326518,92,93,45,3
4.6829636414972011,96,96,43,7
2.4500231493237372,98,98,45,2
3.2707973089512494,100,100,48,4
5.1392587647762022,100,101,54,6
4.4222757786619793,98,99,58,7
3.4967312201828280,98,99,44,5
0.7970137795692975,98,99,53,6
1.4866491059366904,100,101,60,6
2.4019158718399551,98,99,53,0
2.9384826743349364,100,101,56,0
4.2690239040134630,100,100,50,6
0.8774059919103326,98,99,50,5
3.1999881089493516,100,100,49,3
1.9420709144387254,98,98,51,4
4.7835060643852421,100,100,46,6
6.1754651082913945,92,92,47,5
4.4221180123658907,100,101,50,4
4.7189711569087311,98,99,50,7
5.3694331246948765,100,101,49,5
5.3516913553206891,98,98,49,2
2.6079241768143122,98,99,57,6
5.2321187580410609,98,98,49,2
2.0082567272571996,102,103,50,5
1.7142348078093874,96,97,48,6
5.8088295834571841,96,97,55,5
4.9228455744520838,94,95,61,4
5.7855666755470772,100,101,46,0
2.6165744105469924,96,97,59,7
5.7560554570820912,96,97,54,4
5.8795063987424783,94,94,41,2
3.6664171628563493,96,97,51,5
4.2761801771860064,94,95,50,5
3.9686693728002136,90,90,40,3
6.1019818183667178,98,98,58,3
3.8399241317169652,96,96,43,7
3.9565215704422840,98,99,56,7
2.4378834492067440,100,100,45,3
0.1271009733930276,98,98,38,3
3.1463319192509602,98,98,48,7
1.6541325570880001,94,95,43,6
2.7365535757787098,98,98,48,7
5.3707428956042476,96,96,52,0
3.2220723019538831,98,99,48,7
1.9886573720732315,100,100,43,5
2.2293006381450513,100,101,49,1
1.5781326895594077,98,99,54,7
3.4525547318573793,100,101,55,1
2.1486821246635408,98,99,49,6
0.9457198286114260,98,99,54,5
0.3083238210548253,98,98,52,3
0.0199575490160079,98,98,53,6
5.9496309130441603,100,101,46,4
5.6951718108697298,98,99,48,1
1.9131130115246850,96,97,56,0
0.6221358540893631,96,96,41,1
5.0660930381013394,94,95,39,4
5.7593400855686490,96,96,50,0
1.1459432596468659,94,94,52,3
1.1633258658123062,100,101,59,5
5.5068638574345865,100,100,56,4
2.2992177094639885,98,99,48,3
1.6256148166276871,96,97,53,5
0.8814431956095433,98,98,55,2
1.4468873012597774,100,101,46,6
5.0238946096294868,98,99,47,4
6.0929729258151593,100,100,54,6
1.9514840726357001,98,99,58,5
1.7846661528530616,100,100,53,5
5.3131192524110000,100,101,69,7
5.9484947176443770,96,97,42,0
0.1584592757309316,92,93,38,2
1.5480318575319347,98,99,53,6
4.1734905855169337,92,92,46,6
4.2432572928779111,100,100,50,2
4.6648145885033694,98,99,47,6
5.0116733665920652,100,101,51,5
4.9957642518765981,94,95,49,0
5.0739683119455332,96,96,50,4
6.0271836024840928,94,95,44,1
1.1193692918423181,100,101,41,1
4.1844065571954285,98,99,45,4
5.6789181888940838,100,100,40,2
6.2150583384868217,98,99,39,6
3.2500231358630240,96,96,45,1
4.6584030941709278,100,100,58,0
0.5740054697436791,100,101,60,2
6.1725683552629302,100,101,54,0
5.9202222573420702,96,96,63,5
3.4547489376625036,98,98,53,4
3.1988401902769321,96,96,51,1
3.3625803901305433,100,101,55,5
6.1836194502596866,98,98,56,7
0.8952001957857829,98,99,50,3
5.7785251087243452,98,99,53,6
0.6422587607727505,100,101,45,1
3.9210856362189448,96,97,43,1
4.5110030216615948,98,99,51,0
0.6452775920283232,98,99,50,3
2.2323984120758720,98,99,43,6
6.0156440458745850,96,96,42,0
3.3924845769878225,98,98,59,4
4.5884456345543478,98,99,57,2
2.9957505522002719,98,98,57,6
3.4547406125077265,100,101,45,5
3.7285839132494552,102,103,49,0
0.4524290426558965,98,98,48,1
3.1010756222849074,98,99,53,6
1.0576899427081434,98,99,46,1
3.3045981967078291,98,99,57,0
3.9279194508041386,98,99,43,6
2.2038967969301142,100,101,48,6
2.6748280605514134,96,96,55,1
0.9489842065327373,100,101,54,0
6.1686443755038587,100,101,52,0
4.7375480359606099,94,94,52,3
1.8963718865830379,100,101,60,4
2.4911992347903058,98,99,50,7
2.5067342459644739,100,101,46,0
4.5612120914292120,98,98,51,6
1.0746189549885774,96,97,51,3
3.8001943556255782,98,99,62,3
3.8846852922828941,100,101,42,4
2.4856803016728959,102,102,54,7
3.5038385602740725,100,100,53,7
1.2110909089836925,100,101,53,1
0.9370139818328913,96,97,60,0
0.9473820000126301,98,99,62,3
5.5881659603867178,98,98,50,3
3.1758615059086761,96,97,41,1
5.9481055791816786,98,99,47,2
6.1153393738809960,100,101,43,7
0.1628923209097781,98,99,63,4
4.7683827327675621,94,95,50,7
3.4793896627424212,100,101,57,5
2.4019319815673414,100,101,56,6
2.7165207004009697,98,99,51,0
0.0854667567859415,96,96,48,2
2.2126908079062630,100,101,50,6
0.4438751351775709,98,99,47,6
0.5030168636148721,98,98,51,2
0.1911861717635673,100,100,47,5
1.4391082264271655,96,97,50,2
3.6440042280757146,98,99,49,2
3.4463578665114403,98,99,58,1
2.1059225764090814,100,101,51,7
4.0109680093625615,98,98,51,0
0.0180048831970683,92,93,44,0
0.3573836853037138,98,98,59,2
4.1126480091260520,98,99,52,7
3.9393752013527932,94,95,52,1
3.0705358082603205,98,98,57,2
1.8182736372139243,100,101,38,0
3.8837382014053712,98,99,50,1
0.2170398844317085,96,96,46,0
2.5072290187283692,98,98,46,5
4.9929025613742706,100,101,53,7
3.6127824589562239,98,99,58,1
2.1888972961161728,100,101,49,7
4.3629241673908252,98,99,51,0
0.5714682198689146,98,99,49,0
5.9665188489489669,100,101,51,7
1.0592625041472574,98,99,53,4
6.0588710326723474,94,95,42,1
3.5061498138854819,98,99,51,0
0.4091530261859456,96,97,51,7
4.4289988482807257,96,97,47,7
1.7313055515469995,100,101,54,6
1.2771914480719824,100,101,59,1
2.7702825291263458,98,99,53,0
4.1584275294967297,98,99,50,3
3.5338205468023314,100,100,62,6
4.5419213248996035,98,99,57,2
1.3375323557416914,98,98,58,5
5.8931364420282488,100,101,55,5
1.8727921831249184,96,96,51,3
1.6311626994579873,96,97,49,3
5.7686142248172292,100,101,56,2
5.3368668244917670,94,95,43,2
2.1396210860747948,98,99,48,3
4.5781002556565928,98,99,53,4
6.0935321560080205,96,97,57,3
1.7698811227302464,96,97,51,1
3.4781082191337660,98,98,57,0
5.2543777302925188,98,98,46,3
3.6158655855108490,98,99,50,3
4.1138777379914515,100,101,55,1
5.2671534763500834,98,98,53,4
5.3236043276945688,100,101,52,4
2.6012893789322016,96,97,48,2
3.8025102364350634,98,98,57,0
5.5641276250991449,96,97,56,2
1.6169880689944180,100,101,56,6
2.8941168397988566,98,98,60,1
1.8994476024780096,100,100,58,4
5.7410084397227621,100,100,50,4
2.3153381302795046,98,98,55,6
2.5959563936603485,94,95,43,0
0.2905885251468162,100,100,55,5
2.3569820027000641,96,97,48,0
1.3573101999617243,98,99,55,4
4.1712896579720038,98,99,47,0
5.3710329506448984,100,100,55,1
5.7454863987759195,96,96,50,4
1.9955576004705757,98,99,42,3
0.7354476951437381,100,100,55,5
1.4365210775802069,98,98,49,6
4.3194799212639214,98,99,58,7
5.1482877123398803,96,97,48,6
0.1204656414589805,102,103,59,2
2.0934485492081976,98,98,49,4
4.7017055118128424,98,99,50,7
4.2638001644313848,98,99,51,2
4.5503867016350323,100,101,60,2
0.3841041052207138,100,100,54,6
0.4903310019977483,100,101,52,4
5.8007829570259073,98,98,48,3
2.2495941745210120,100,100,50,0
2.0178019822705973,96,96,44,0
5.6317976064301991,98,98,56,3
2.1339222306276326,100,100,58,2
3.6920892162428229,100,101,51,7
1.9665335094696588,98,99,54,5
1.9647603394398954,98,98,56,5
5.0061899090420745,98,98,51,6
3.6852511814537379,96,96,55,5
5.6386107521986224,100,101,50,4
3.4893730098649209,98,99,50,1
5.8352053860410393,100,101,41,1
6.0831014738564866,98,98,54,1
1.6771180924802642,98,99,53,2
5.1439294645716842,98,99,57,2
6.1843074186496283,98,99,51,0
5.8113823298864826,98,99,50,7
2.2782275495996056,98,99,57,6
2.4624983979998842,98,99,43,6
5.5596298946159681,98,98,62,7
3.7799441022465423,98,99,57,2
1.4557899924295588,102,103,57,6
2.5064067091821047,98,99,52,1
1.8020379235487056,98,98,44,5
3.8929916249638410,98,99,45,4
5.5286888293000729,96,97,48,0
0.5170732560270614,102,103,54,5
0.3956368043417121,98,98,57,0
4.9417727438083379,98,98,62,3
3.6807714414753638,100,101,54,6
2.0894230207588862,100,101,55,5
2.8526705956934237,96,96,45,1
4.2080306830321383,96,97,52,2
1.9265989106801524,98,98,41,2
5.7181887924452708,100,100,54,2
0.5292307326003393,98,99,53,0
3.3209705195817745,98,99,54,3
5.5950842781626724,98,98,49,6
3.2485859962040586,100,101,43,7
2.0131472109361472,98,99,49,4
1.3936835589856373,100,100,49,7
2.4320294862701046,96,96,43,5
0.1815972338913083,100,101,65,3
1.9255600951153056,100,101,52,6
3.4479295615485648,96,97,53,7
2.7617623442124430,98,98,56,7
5.0058367767984233,98,99,59,4
2.6719843243981329,98,99,52,1
0.4224907963799537,96,97,51,7
6.2200828681382845,98,98,46,3
4.8146564906796963,98,98,50,1
1.3662487430391552,98,99,49,4
3.1306195686046534,100,101,53,3
3.2296882681889962,100,100,48,4
2.9967194159972186,100,101,51,1
5.8488748447462946,100,101,59,5
1.0290553832734270,98,99,57,6
4.4719139265747634,96,97,45,3
2.8757204918162800,96,96,51,1
4.9417291707515929,98,98,44,1
4.1423244004113844,98,98,56,5
0.9718924079963515,98,99,56,7
2.8275884216127531,98,99,52,7
6.0661389088933682,98,98,54,5
2.0112756900496920,100,100,54,2
1.0601927753088598,100,100,50,2
1.7771676774249650,96,96,52,4
3.3461348456201438,102,103,58,1
2.3276326460897589,100,101,37,3
1.2049770086023928,96,96,55,5
6.2483826364581976,100,101,51,5
4.9474772584533673,100,101,52,6
0.4982959824110123,98,99,56,7
2.3978437798177010,96,97,47,7
0.5559817734274721,98,98,43,2
5.3053502785229734,100,100,53,5
0.7845642606118185,98,99,53,0
0.4862489704684241,98,99,53,2
3.0246205622090967,100,101,50,0
1.2207302972358471,98,98,54,3
3.6819441500079773,96,97,55,7
1.8815387807963460,102,102,61,0
3.2928311769479142,96,96,47,5
0.6981789771149569,98,98,51,4
2.6385237991015176,98,99,53,2
5.6564373412378250,98,98,50,3
1.7105648526852695,94,95,46,3
2.9039839336335764,100,101,53,3
5.8906457400286696,98,99,40,3
3.5338761593952595,98,99,42,7
0.8295109346425463,98,99,48,3
2.5876895902495600,98,98,50,5
0.9315455246466988,98,98,47,4
5.7642420555834546,100,101,51,3
5.1550643884177729,100,101,55,7
0.9782571743274483,100,101,49,3
2.0204159905423649,96,97,44,0
4.2703086566876483,96,97,59,7
4.5786662693404168,98,98,51,6
1.7874303449183206,98,99,52,7
4.1824660086367675,92,93,48,0
0.8849590796119056,98,98,44,7
1.5474048616806004,96,96,48,0
3.9075813905737298,94,95,38,1
3.5321402372247821,100,100,53,1
2.6442043924500762,100,101,61,1
0.8189498446214951,98,98,55,2
5.7117853517256529,98,99,48,3
2.1732038848797997,98,98,47,0
3.4707562438186126,100,101,62,2
1.1154379705227977,98,99,52,3
4.1872044888732836,102,103,52,7
2.1442682029611948,94,94,46,7
5.6843195861609388,100,100,52,4
5.4766096844541980,96,96,47,3
2.6538908481067258,98,99,51,6
6.0757771915178393,98,99,61,6
1.0189210636732133,98,99,46,7
3.6515689983099753,96,97,57,5
2.5805463059206351,100,101,65,7
3.1920342712164067,98,99,48,1
1.9650459797173072,98,99,52,3
2.3530576151519504,98,99,55,2
5.7112249119881149,100,101,60,4
4.9262124387347743,100,101,46,4
3.3960826054604301,92,93,49,5
0.5990457036808182,98,98,53,2
5.9963149318907520,94,94,42,1
5.7107952481017721,98,98,49,4
1.8809253424549217,98,99,60,3
1.5066794884585382,98,99,51,0
1.1043800967702118,100,101,55,1
4.9235945789535993,96,96,52,6
5.1539593434336659,100,101,51,1
4.6283436719737283,98,99,51,0
0.3205207419000823,100,101,49,3
5.6762107618813005,100,101,42,4
4.7792915185951710,100,101,53,7
5.6390067640586850,94,95,43,2
3.1287296047890099,100,100,46,6
4.0939488284891556,98,98,48,3
4.6254719803085989,94,94,49,4
1.2933515683508705,100,101,47,1
2.9600361904833972,100,100,50,6
4.9978789024112027,96,97,54,6
2.4839719847311605,98,99,57,2
0.7882507206201889,96,96,43,3
1.1825324429615676,96,97,43,7
3.8523562958438009,100,101,48,4
6.0905472839265098,98,99,47,6
4.9713850761818374,100,101,57,5
1.3350049199852432,100,101,61,3
5.2166321592001532,98,99,49,4
2.3363437900309019,98,99,45,6
4.2860107922963984,98,99,46,1
4.7826658310362271,98,99,48,7
4.5211558300072028,98,99,48,7
5.2564557933798230,92,92,37,1
0.3530739912879970,98,99,44,7
3.3180329874998344,100,101,51,5
4.6982800365654587,96,96,54,6
2.2856765774642751,98,98,54,1
1.4602595433181815,98,99,44,3
5.9790940348199140,96,97,41,3
0.3817061449359039,98,99,54,7
0.9529098673617435,98,98,62,7
1.8386110334187775,100,101,49,5
0.9762436529178903,96,97,50,0
5.1423185186400051,98,99,50,3
1.3178371121217609,100,101,47,1
0.2634502749568162,98,99,62,1
4.5335986349302111,100,101,44,2
1.4542571551837773,96,97,46,2
1.9950965337528408,98,99,57,4
0.6758949395234214,98,98,46,5
5.6921389577063009,98,98,53,2
3.1357577416134723,98,98,55,0
2.7447282370589186,98,99,52,7
2.2253900256768313,96,97,54,2
1.7749203325393668,98,99,46,5
3.4234676393149868,98,99,52,7
0.8275519537705280,96,96,51,1
4.2809753502107757,98,99,54,1
1.9309153336302447,96,96,42,0
4.4179471037729456,94,95,47,2
2.4895951650577413,98,99,57,4
0.1856839984413469,98,98,52,5
2.7014002956770504,96,97,51,3
0.6841963996001706,98,99,50,7
4.7255620721898923,98,98,42,1
4.5589258721797679,100,101,53,5
3.9332269157136195,96,97,57,1
0.6808721096095877,100,101,50,0
0.2853990110074849,96,97,50,2
2.3118787985410703,96,97,44,6
5.7351211081353553,96,97,57,1
3.4638072110569977,94,94,39,0
3.4385582991551011,100,101,45,1
5.6033252037198515,98,99,54,3
4.5043464363885839,96,97,58,0
4.3556582713317313,94,94,43,2
4.9801151389488512,94,95,52,1
1.2014320623006960,98,98,51,4
4.1377550068656888,100,101,51,3
1.7833256729021725,100,100,50,4
1.4928937331393153,98,99,57,4
6.0319018731996001,98,98,51,6
0.6415730584129447,98,99,50,5
4.3674784582686437,98,99,47,0
3.6744907093901285,98,99,43,4
4.4975130778226013,98,98,43,4
0.0611271413066039,100,101,49,3
3.6045259934343532,98,99,48,3
3.7887196978352353,98,98,51,6
3.2901125949201733,98,98,55,4
3.1701083052920418,98,99,45,0
1.8562734667761502,96,97,47,7
0.7467212944922537,98,99,47,6
1.4624374783363492,98,98,51,6
1.2250294076804848,98,99,47,6
2.2544707800593153,98,98,45,0
2.2738033185148985,104,105,46,0
0.9321932004757627,100,101,54,4
5.2358348694646342,98,98,43,6
5.4492620226362627,98,99,50,1
1.2867851778085329,98,98,58,3
2.2796510460845916,96,97,53,7
5.9225973085972621,98,98,54,5
0.8668971262694273,96,96,47,5
4.1271811226286328,98,98,47,0
0.9705557512962583,96,97,53,1
3.8615908654287971,92,93,58,0
5.1470757554967381,94,94,45,2
2.8818800271346592,98,98,58,5
4.9458778086284854,98,99,61,4
1.5572248660328953,98,98,47,0
2.0045588028039716,100,101,53,3
0.8813311893189906,96,96,50,6
0.6403486193981087,100,100,53,3
2.7056854752357316,98,98,47,0
0.1100983846460011,100,100,46,4
6.2084774486312648,100,101,58,6
1.4461734066981722,98,99,51,2
0.7314451901350708,100,100,46,4
3.6719873227036706,100,101,59,7
0.0816367277110562,94,95,48,7
4.9306727525811276,100,100,54,6
2.6355933967534275,98,99,54,5
3.2760359683599889,100,101,52,4
5.0784590727564796,98,98,47,4
2.6027218793221043,100,100,60,6
4.4566985375767638,94,94,46,5
2.2339424611058454,100,101,42,4
0.1412651427256213,98,99,57,6
5.1904307322072203,98,99,46,5
0.7206193950219256,100,101,56,0
4.5923369369537896,98,99,50,7
1.7948853095599826,96,97,51,5
1.8480225272979454,98,98,47,2
4.0568492792104811,98,99,50,1
5.2344923056038830,98,99,58,7
2.8702545898500569,100,101,58,2
3.0781165378086293,100,101,53,1
3.7323352597375270,98,99,53,4
1.2640774847349867,100,101,55,7
2.3652396329214764,98,99,47,4
5.3070177066197504,96,97,52,4
3.2062181479848912,96,97,51,3
4.1863925180210462,92,93,56,0
6.2381447490134052,98,99,49,4
1.1340089410492777,100,101,50,6
5.6712574273461280,100,100,55,3
3.0396426417167159,100,101,59,5
4.2508518783739984,98,98,44,3
1.8112408905846473,100,100,48,2
1.8380905183523097,100,101,61,7
2.6572946069390273,92,92,58,0
1.5390465716597856,96,97,61,1
1.2557454490063156,100,101,47,3
1.5403865446085978,100,101,48,4
6.1142411537718431,100,100,44,4
1.0035048641123807,98,98,47,6
4.8079089372494526,96,96,50,0
4.1933246096564307,96,97,49,5
2.2136964071044583,104,104,48,6
6.2674638761003054,100,100,49,7
2.6686030418659366,100,101,39,1
6.2831469685931918,94,95,56,3
2.7441221408159970,98,99,46,7
2.2409013519978704,98,98,47,6
5.0172006232110320,96,97,47,5
1.8864456755980297,98,99,57,2
3.5171238634714777,98,98,50,5
1.5905606106965289,100,100,43,3
6.1722155523489413,98,99,45,6
2.9236126123342268,98,99,53,6
4.9622923019555945,98,98,60,3
4.4820033240472563,98,98,61,4
5.0272391879446188,94,95,46,5
3.8264051369533600,98,99,49,4
3.7311845249981501,100,101,49,7
5.3807842581296601,98,98,44,7
1.7185754280812993,96,96,51,5
4.5501763194936506,98,98,47,6
4.7196326069466332,98,99,56,7
5.1006388226785555,98,99,47,0
2.4762799069032715,98,99,54,7
4.8711196952586064,94,94,46,7
5.5669060310550726,98,99,38,5
4.7296586484175078,100,101,48,4
0.5201275436868802,100,100,48,2
0.5240220391925986,94,94,42,7
3.4891707323357370,94,95,51,6
6.2261103186073257,96,97,57,3
3.7277884779410200,98,98,55,2
4.4127853021716250,96,97,56,0
5.0235226827708921,98,99,42,5
5.3517544017504983,98,99,51,0
1.8773007622094713,96,97,60,6
4.5780587260718004,92,93,49,3
5.1748697697290922,98,98,48,7
4.7123011148980183,98,99,50,3
2.1512882774466022,100,101,51,3
5.4354638937824191,98,99,58,5
5.6206063408301175,98,98,56,5
3.8249195140759791,98,99,53,6
1.5902808300451896,100,100,56,4
0.5984852201956876,98,98,54,7
3.6092833967716125,92,93,55,3
1.7244743058453633,96,97,46,6
5.2387454568938381,96,97,50,0
2.0659629054506001,98,99,49,6
2.4598132912243198,92,93,49,5
0.4977010164965890,100,100,43,5
2.0943869770622361,98,99,47,2
1.4124680662188382,100,101,53,3
0.6531857092173814,98,99,55,2
2.5229560933240709,98,99,57,2
2.5291517902957192,96,96,58,4
3.8786561219313942,98,98,48,1
4.5603236539737360,98,99,59,2
2.3711563326518781,96,97,58,2
1.3284504190585693,96,97,57,1
1.0952789414848090,100,101,60,2
4.0161154151490681,98,99,44,3
2.3727313396990413,98,99,49,2
1.6200994579128527,100,101,40,4
0.6369917702168474,98,99,49,2
0.4869825867014082,98,98,50,1
3.0295974993560804,100,101,46,2
4.4704569709707034,94,94,40,1
5.4308264725805913,100,101,48,6
6.0949895566041405,98,98,46,7
3.2485402828360299,98,99,46,1
5.3287466502579521,100,101,49,1
0.7277252308200022,96,96,50,6
4.1896746734469010,100,100,48,0
5.1474852693767010,98,99,53,4
2.5714537674891482,100,100,53,1
2.2715318339102426,98,99,56,7
3.5213717459278069,100,100,58,4
4.5574430420591376,98,99,51,6
5.6681276586791842,102,103,59,4
4.1233725225727227,98,99,57,6
4.7060618305382143,96,96,46,0
0.8701878341078543,96,97,53,7
3.6970762540465345,96,97,50,0
2.4747405741167952,98,98,46,5
1.5079757941413805,98,98,45,2
5.1286084830099039,98,99,52,7
5.6292176772949825,98,99,56,1
0.2457403426928927,96,96,56,4
0.5005348567048833,92,92,45,5
5.4913353217901824,98,98,53,2
5.3028036344877796,100,101,53,5
3.0484369100711928,98,98,51,0
0.6670905860388683,98,98,57,2
4.1588392815452950,100,101,58,6
4.9610163019709947,94,95,52,1
0.2623023168133853,98,99,50,3
2.7929794248688578,98,99,52,7
3.9631788453535930,98,99,51,4
1.0231791749243970,98,99,50,7
3.3186366404679895,98,98,53,4
1.6302226636197084,100,101,52,0
2.3099886236821265,100,100,51,3
5.7338484009169770,98,99,49,4
3.9706710954053932,98,99,50,5
0.6343547990190401,96,96,42,6
3.9123578535507861,100,101,47,5
1.3932462182035812,98,99,43,0
2.0516690111565827,100,100,47,5
3.9506030367979861,100,101,55,3
0.8132517505278894,98,99,54,5
2.8859786456115430,100,100,58,4
4.8905612264047384,98,98,49,2
5.7107799062153912,96,97,50,6
3.0539422390794337,100,100,63,3
3.4561220632924687,96,97,54,4
3.1793296758088578,98,98,54,5
0.5345338391652626,98,98,49,6
3.8576360436284731,98,98,44,5
4.1988240890223425,100,101,57,7
3.6322949907689508,100,100,53,3
5.2104364057183252,100,101,50,6
2.2045391775840795,98,98,58,7
2.7413046102321919,100,101,54,2
0.0241562289325482,98,98,44,3
2.1333998811710031,98,99,53,6
3.9043722269020100,96,97,52,2
3.9568915793437340,100,100,49,5
1.3119246582827662,84,85,36,0
3.9540484811980403,100,100,49,3
3.2943833357114132,100,101,54,4
0.0043389672644576,100,101,51,3
3.8281414239429492,96,97,48,4
4.9476500258173113,98,99,49,4
4.2435504872467975,98,98,46,1
5.7818836124307937,98,98,46,1
0.3734441794355032,98,98,49,0
2.1054558499182976,98,99,50,7
3.0672438396408772,96,97,50,0
2.6811624346216907,98,99,48,5
1.9881911493617674,98,98,49,6
0.7274203946167264,98,99,56,5
2.0626609877024653,100,101,58,4
2.1462804708806713,96,97,51,7
0.6160406154107133,96,96,51,3
4.1832945367806733,100,101,62,6
1.9749012157171824,100,100,44,2
2.6665625092220631,100,101,52,4
5.5742872254929798,94,95,39,2
5.0770554363997915,100,101,48,2
2.8476000701385806,98,98,50,7
0.7135760157677536,96,97,47,1
2.1613100641291401,96,97,53,7
5.8934549725212690,96,96,47,5
2.6706069240837560,98,99,43,0
4.1040900801163254,100,101,46,6
4.4180868999279506,100,100,54,6
3.5344157933861995,92,93,59,7
3.3241110401271694,98,99,54,1
1.2620974906639970,98,99,48,5
3.7815300417054467,98,99,46,7
2.1143717026412552,98,98,55,2
0.9429230519162377,98,98,48,3
0.6930673704927228,98,99,62,3
6.2224025583294544,94,95,44,1
4.8261446011586289,98,99,53,0
6.0872949798636391,96,97,50,4
4.9019818435946156,94,94,50,3
4.9780000361617267,100,101,54,6
5.6137410990616745,98,99,51,2
6.1346352092797076,92,92,49,5
6.2188873367278825,96,97,49,1
4.4797322134036683,98,98,53,0
0.6954690910149325,98,99,46,7
2.8186784668916971,96,97,38,0
1.1559183858717132,96,97,42,0
4.6993163621070551,100,101,43,7
4.3489784998921612,94,94,54,5
1.6781235188623553,98,99,45,0
4.4373047430286485,96,96,58,2
1.8138467194699934,98,99,45,2
5.6605921508468775,98,99,48,7
4.6493751257272349,98,99,47,2
4.5037252021527552,100,101,60,4
5.0889600334169351,98,99,53,2
3.6661627518962336,96,97,56,2
1.0193353296840206,100,101,52,0
4.6289357981644192,96,97,49,1
1.7927576871388906,96,97,46,6
0.1136318802867850,96,97,47,7
2.6973251173296400,96,96,59,1
5.1383209049855871,98,99,56,1
0.0758879447716223,98,99,48,7
4.9556579257928686,96,97,55,3
2.4059459516399229,100,100,59,1
2.5564240056902130,98,98,46,7
3.1320768817209208,98,99,44,1
2.4563041504829610,96,96,53,1
1.9100604787981457,98,98,57,0
5.4192703867090417,98,99,42,5
6.0959526413940353,98,99,61,2
4.3204685379989911,98,99,62,1
0.1027782398753192,98,98,52,5
2.2928925514270517,96,96,54,0
4.3762294756377589,96,96,52,4
2.3918069151227939,100,100,43,1
3.4418207357123292,94,94,52,7
0.7007115838151587,98,98,62,5
4.4241195186526365,92,92,49,7
6.1024189043229677,98,99,56,7
1.9850876772621138,96,97,43,7
2.7565036839474999,98,99,52,5
4.7481438513117267,98,99,49,6
1.6027364218163866,100,101,51,1
4.8277307311162030,94,95,44,1
5.5439236682594872,96,96,52,4
3.1056641906698390,100,101,56,0
3.2434399102217562,98,99,48,5
5.8649603744655421,100,100,54,0
4.1506066858064381,98,99,45,4
1.9051342084974778,98,98,55,4
5.9204178201778364,96,97,45,3
3.2086232011147673,100,100,51,3
6.1988725146867534,100,101,60,4
0.3427676511111956,100,101,50,4
0.4786155325507263,92,93,56,2
5.8877785106684364,98,99,50,3
3.6771857332164939,98,99,53,6
5.9296023547910730,100,101,53,1
1.6139255536032933,102,103,58,1
3.2036486499880796,98,99,53,4
2.7242135769359686,98,98,47,6
4.9134132024496076,96,97,54,0
0.1123048523317744,98,99,48,7
0.7397851637446082,96,96,46,6
4.0002200220956965,96,97,59,7
4.0879189426634666,96,96,56,6
5.3076561114206235,100,101,57,3
1.4552654496245456,100,101,47,7
6.0880348626858103,100,101,52,6
2.6294482015896263,100,101,57,3
1.3597968517470631,98,99,57,2
0.4151149101922660,96,96,42,6
1.2614686233806767,100,101,59,7
2.1892481635510532,98,98,38,1
6.1665972544422898,100,100,52,2
3.9619474923439553,98,99,50,1
1.2956167846450077,96,96,51,3
0.5654462031721224,100,101,48,0
3.8057282956320275,100,101,54,6
1.3953913133774729,100,101,42,6
3.6514012762174133,98,99,47,2
5.8068486370109431,98,99,61,2
3.4775095659846817,100,100,51,1
2.7794976838515497,100,101,57,7
3.5168973471026734,98,99,51,0
1.0876405407382730,96,97,53,3
3.9341714330232884,100,100,48,0
5.1125294250813553,94,95,41,4
2.0880332309061882,96,96,53,7
2.0479006210811206,98,99,49,0
4.5361301595892680,100,101,53,5
1.7615960385498182,100,100,48,2
2.0045965047126693,98,99,50,3
6.2180528869394784,100,101,47,5
0.5864752226831622,94,94,54,7
5.8240986340595038,102,103,62,7
5.0711996320936974,98,98,57,0
2.9395367140503090,96,96,55,3
3.0206393227324941,100,100,54,4
2.3497939282231415,94,95,55,0
4.4021655798097274,96,97,53,5
2.8963827561613300,100,100,36,0
5.2472576680048979,100,100,52,2
4.5511809329777702,98,99,47,6
0.8952598066019934,98,98,56,7
2.9660664680921816,98,99,52,3
4.9598150856106047,98,98,54,5
0.9409980915460336,94,94,57,0
2.8520139909684206,98,98,56,5
4.1319589461855450,98,99,52,5
0.9496769612660970,98,99,59,4
6.0410610167410290,100,101,53,1
0.4613123157853344,102,103,50,3
4.2065004235352417,100,101,55,3
0.2983342617949442,100,101,52,2
4.7876733594258818,96,97,51,7
6.1651436250638980,98,99,52,5
4.9601633794553353,100,101,54,2
2.2825672454842589,100,100,56,0
3.4958107129336478,100,101,45,1
4.6964596747731928,96,96,57,1
4.7930995748633780,100,101,51,5
1.1582042570833389,98,99,63,4
0.6426346009132374,98,99,52,7
0.7645146986095491,100,100,50,4
5.3061309747261491,100,100,50,6
3.1422647690556991,94,95,53,4
3.5120521049786784,98,99,58,7
0.9679330576759428,100,100,47,7
4.1544759980118426,98,99,52,7
3.1938305262221669,96,96,44,2
4.9741164849701542,96,97,45,1
6.2149802280206927,100,101,51,5
2.6834916390525376,100,101,46,6
5.3233434237038884,98,99,51,0
0.2873099171197679,98,98,46,7
5.3986913326071271,98,98,56,5
5.2548280720917218,94,94,49,6
1.5736067783945593,96,97,42,6
1.2397302542009325,100,101,55,3
5.1125670537299319,100,101,52,0
2.1189452745172792,98,98,47,2
2.0792612559452941,98,98,52,1
4.1581552073872974,98,98,52,3
2.8645708498368041,94,94,42,7
2.0356505237894140,96,97,56,0
2.3142157844967368,96,97,54,4
1.2515593428198253,98,99,47,0
5.7726925459265610,98,99,46,1
0.5556376110441270,98,98,46,5
1.1385186077726224,98,98,51,0
4.5475049902637821,96,97,50,2
2.0141603602152620,94,95,54,5
5.0905587416616758,100,101,58,2
5.2717387045553794,98,98,47,0
4.3357247672443453,98,99,45,2
1.4700731628947610,98,99,52,3
3.6595717749339873,96,97,57,5
2.5906468126670483,96,97,49,3
1.1351833624924947,100,101,52,0
6.2059215117732496,100,101,53,1
2.4468022658866690,96,97,54,0
4.9148050205027953,98,99,45,2
0.5416060179480650,98,99,48,1
0.0727726085534187,96,97,56,2
0.7237532711277799,100,100,52,2
2.4670124259127295,100,100,53,7
2.0198901065640453,98,99,61,4
4.9782916233148091,100,100,47,3
4.3019301543440074,98,99,58,3
2.2398205713847776,100,101,54,6
0.2023423069091450,94,95,57,0
2.7798785592192496,98,99,55,4
1.8165441218087970,100,101,47,7
0.3257594000648943,102,103,53,2
4.3737384338334895,96,97,47,7
0.0076991961911334,98,98,56,7
3.6446388633721778,96,96,47,3
6.0138785177108254,100,100,54,6
5.2046954885527530,98,98,49,6
5.6422403851682983,98,99,49,4
4.9452469231991838,98,99,52,5
2.9218980599030782,98,99,51,0
5.1559223596342996,98,98,52,5
5.8914958350111375,100,100,48,4
1.2714008342543397,98,98,49,6
2.5774801244066654,98,98,55,6
1.0514641417264807,104,105,56,2
1.5120872398004468,92,93,42,4
1.5852600789985047,92,93,40,0
0.3176961061972678,100,100,51,3
4.5196183881716419,98,98,49,6
0.4984829447714515,96,97,48,6
1.9004357783014223,98,99,48,5
0.1379697552507116,98,98,40,5
0.1994695095800373,96,97,51,7
1.5061422086138532,96,96,50,4
3.4377411950989480,96,97,50,6
2.7744205839073164,96,97,55,3
4.1350565390716634,96,97,55,1
3.7944523341691805,98,99,51,4
3.9441538209865006,100,101,50,6
2.9436435381525428,98,99,51,6
4.5379587864920738,98,99,54,3
2.9823859166098137,96,96,51,1
3.3889088875806457,100,101,59,5
1.7106220473173792,94,95,54,5
0.1794920564874608,98,98,58,3
3.0811263951929049,98,99,53,6
0.6833066734334505,100,101,57,5
0.6348441036971699,100,101,51,5
1.2964650106768487,98,99,41,6
4.2158127141619959,94,95,51,4
2.9532637902958836,100,101,73,3
4.2900467661998976,100,100,49,1
2.3728244553342228,100,101,53,7
5.6411722545607645,98,99,59,0
3.3374155186163832,98,98,52,3
2.9290201857080898,96,97,52,0
3.4100886946953470,102,103,46,7
5.5201344926926899,96,97,50,6
0.0272076742954220,100,100,51,5
1.0078527218652871,98,99,54,7
5.1719137014316203,96,97,51,5
5.1216844723321442,100,101,45,1
0.1059984441317833,98,99,45,0
1.6268925530260034,100,100,52,6
1.9683004426225945,96,97,50,0
2.2247633268080449,92,93,49,5
4.1553702951906537,98,99,44,1
2.4458247538485560,96,97,56,2
0.1019335489863477,100,101,47,5
4.6994356992503761,98,98,44,3
3.0709440065977440,98,99,49,4
0.9701008340769703,96,96,42,4
3.1948037950551966,98,98,47,4
0.4702385724471851,94,94,48,7
3.9554479231737050,98,99,54,1
4.6030619944933466,98,98,61,4
0.6038250624194929,94,95,47,2
0.1142210890147898,96,96,57,7
0.6106190047321194,94,94,41,6
3.8887799527425875,94,95,47,2
5.0025146271647891,98,98,46,3
4.2890143490510324,96,97,52,6
1.3497436031691246,94,95,49,4
2.2400246439973333,98,99,57,6
2.1390149775423404,98,98,52,7
4.6298781985197737,96,97,55,5
3.0440954201456787,94,95,41,4
3.6514090540712023,94,95,51,4
5.7190930476432902,98,98,42,3
3.9936935920781660,98,99,47,4
1.9618590280224879,98,99,55,4
4.8251853648262157,98,99,50,3
5.9952425816452237,98,99,47,6
4.7962673863728584,100,100,51,3
4.5603624610261768,98,99,58,5
6.1639586082863511,98,99,67,4
0.9392850146321777,94,95,59,0
2.6792670032551675,100,100,60,0
6.0143566490812868,96,97,50,2
3.9612707084094629,98,99,58,5
1.2755538223017717,94,95,49,2
4.3141276348103945,98,99,42,7
5.8972140752085549,96,96,62,6
2.8185484787865991,100,101,49,3
5.5433580357117815,100,101,47,7
4.1653411858702976,100,101,44,4
4.0418109079114695,96,96,56,0
0.1475429100629543,92,93,47,3
4.9924898342216242,98,99,49,2
5.9702405514860581,98,98,53,6
4.2386625450366964,100,100,40,4
3.0428054494458991,98,99,56,5
5.6090956088025559,100,101,49,1
6.1486647864935167,100,101,50,4
4.6474573244444892,98,98,51,2
2.1785289687984757,100,101,52,2
1.9364578818063123,98,99,51,2
4.4734636287518166,100,100,42,4
4.5554329317488520,100,101,49,5
2.0516068314526748,100,101,57,7
1.4660687590129349,100,101,61,3
5.3047864575175447,98,98,56,1
0.8760265812089577,100,101,52,4
0.0893585025070464,98,99,48,7
3.7992292852202394,96,97,51,5
4.8609056298684603,98,99,43,6
3.3708568363451268,98,99,48,7
0.3302371735981069,98,99,51,6
4.7670644529087829,98,99,51,6
3.8550204837796653,92,93,43,1
1.9347948275946998,98,98,52,3
4.5121203407164003,100,101,56,0
1.8892171421652679,98,99,51,6
3.9606518129225012,100,100,47,3
6.0507898258136317,98,99,55,2
1.8969474146497800,96,97,48,4
4.1959564756492105,98,99,54,5
0.9514803691900610,98,99,56,1
0.3600033772693910,98,98,53,6
2.8608200818814571,98,98,46,7
3.9432580487925248,98,99,56,5
1.0006720442709003,98,98,48,1
2.8258332312651415,98,98,57,4
4.4075029700077462,96,96,49,1
1.6808265976786176,98,98,56,3
3.8148211121257436,100,100,50,2
1.1442553258833548,100,100,45,7
4.5550997284187371,98,99,53,6
3.7003558750990848,96,97,54,0
3.4611990089981233,98,98,53,4
5.4324207190178369,98,98,55,2
3.8201528306672654,96,97,54,2
0.6019515003442595,98,99,52,1
0.0806214359362601,100,101,45,3
3.5163306697110008,98,98,53,2
1.2126171309941753,98,99,64,7
1.5445768777843323,98,99,51,4
1.7386891383265561,98,99,50,5
3.2837808289900625,100,100,55,5
3.7880876716768817,96,96,43,7
4.0334331663258425,98,99,55,0
1.8403244916371673,98,99,61,6
1.5742703797701112,98,99,49,4
0.9108845109818068,96,96,53,3
2.6050996310916665,98,99,44,5
0.0134621047052027,98,99,47,0
3.4975922666028514,98,99,52,3
2.1305093922405614,98,99,50,7
3.1847247722113980,98,98,62,5
1.9826011452480683,98,99,47,0
4.7127524135277632,100,100,57,5
1.7455545409282047,98,99,49,0
3.3329809024774826,96,97,50,2
3.0957982921874252,98,99,50,5
3.3099473392671350,100,100,55,3
3.2642435925384423,100,100,52,6
2.1856359153716136,104,104,48,0
2.8864341241205818,96,97,55,1
2.3957589928073890,96,96,44,2
5.1365521854395721,100,101,52,6
1.6123932250617281,94,95,48,5
4.2941535245756839,100,101,46,0
3.5488823730817862,100,101,54,0
1.9277167482493289,98,98,49,6
1.7910342626724984,102,102,57,4
6.1843727407246529,98,98,50,5
3.8053352578508020,100,101,54,6
4.4694232144558939,98,99,41,4
1.6483592606336197,96,97,47,7
0.8053926649017646,98,99,40,7
3.0052565884471600,100,100,47,1
2.9634990801245529,98,99,52,5
4.3634270233013899,98,99,52,7
6.0963284864949374,98,98,47,0
2.1310530194358184,98,99,52,7
1.9585945867903225,102,102,61,0
1.2464785841196802,98,99,45,0
2.5852331313704604,98,98,53,0
3.0766042387562305,98,98,54,7
2.9101403893911657,98,98,52,5
0.3459433981711648,96,97,52,4
4.6320583342595913,100,101,60,0
5.7338384208659976,96,96,49,7
4.6781443234733295,98,99,60,5
1.8643528177308282,94,95,52,5
5.1838401886084426,94,94,50,1
2.4759315806786533,98,99,56,5
0.6989174641864350,98,98,47,2
4.9149270440207191,100,100,48,2
5.6155287256156434,98,98,58,7
0.6041974040038651,98,99,51,2
0.4865053546151835,98,99,50,3
0.8406219825567054,100,101,62,0
4.7721094536579205,100,101,55,3
3.7326198922203986,98,99,49,2
2.9234209822584942,98,99,55,4
4.3928643563668359,98,99,45,2
2.7466736812055839,100,100,60,4
1.7294244031109096,98,98,44,1
0.7226863220915940,98,99,52,1
2.6372024756799672,100,101,59,3
3.4163365318868353,98,98,50,5
2.8507341005047104,96,97,51,3
1.9644106912631174,98,99,55,4
0.8264204208428489,98,99,60,1
0.7626773624766710,98,98,45,0
2.1062298830772730,96,96,52,0
3.5627391112129954,100,101,55,7
1.2531911750368037,102,103,59,2
1.6770535146702303,96,96,52,0
2.3270200838272950,96,96,51,1
2.2314834100212644,98,99,51,2
1.3698410390688249,96,97,58,0
1.9047513751534959,100,100,63,5
4.7303512152768388,98,99,52,3
2.1561676811748840,98,99,47,0
1.3781282648985549,96,97,50,2
1.5797934582366526,100,101,60,4
5.3206028605073552,98,99,52,3
3.7388566534184902,98,98,55,2
2.7781323895352883,96,97,52,0
3.4379054218704019,98,98,50,5
3.6384702886193732,96,97,48,0
5.8829442258263596,100,101,61,3
2.0564646244821909,98,98,44,3
3.7737473024061576,104,105,48,0
3.8877066844263783,96,96,48,2
1.7454903605051471,98,99,48,3
0.9322456169503441,98,99,54,7
6.2659367276837328,100,101,52,2
2.6609591187118045,100,101,56,6
1.9965946808817896,92,93,43,1
4.1797315115259916,98,99,54,5
2.0930824987119450,98,98,47,2
2.4899782032211015,94,95,54,7
2.3881688475123792,98,99,37,2
3.6181083633380648,96,96,51,3
5.3919626398139275,96,96,43,7
3.3256354482027239,98,98,51,4
1.1373112939670138,100,101,55,1
5.5787551151417301,96,97,52,6
1.7964234095727525,98,98,53,0
4.2840776722437761,98,99,51,6
3.5104089305454678,94,95,39,2
4.8347954447645218,100,101,45,3
1.1340397845870052,98,99,55,6
1.9039986259237012,98,99,49,2
4.3154235746956662,98,98,52,1
5.4526562621289996,100,101,47,7
4.7418341409428031,100,101,55,7
5.6647017267014155,98,98,49,4
3.4628745977600830,98,99,43,0
2.9563903219202130,100,101,54,0
4.5054498023898919,98,98,52,7
1.4831097803144775,100,101,54,0
3.2584169622196733,98,98,46,3
5.1568100719652277,96,97,51,5
6.2485098183422725,96,97,51,3
5.4449452470885005,98,99,49,0
3.3157849602999905,98,99,57,2
1.3466289067325907,92,93,49,5
3.4240627770514904,96,97,52,2
3.6183091366727362,96,96,50,0
2.2828274020289077,100,101,55,3
2.5046177469964883,96,97,46,6
5.9037743062905967,98,98,50,3
4.5192128149237689,100,101,51,5
4.2372723877714478,96,97,55,7
4.3099564386451377,96,97,61,7
0.9880660718759328,100,101,54,6
0.2367681070377108,94,95,46,5
4.0936628298782267,100,101,58,6
1.6128970064816204,94,94,49,4
3.6030761814654411,98,99,48,5
1.5629674182469386,92,93,47,3
1.5082993416758572,98,99,50,1
2.5581329829002222,92,93,44,4
1.7777815092713021,100,101,57,3
2.4698187077001106,96,97,54,2
1.2631270734060620,96,96,44,2
0.0051778722264064,100,101,47,3
4.9856477626321603,96,97,51,5
0.5711436898862409,98,99,52,3
4.7511881335201904,98,99,49,4
0.4201950050474073,100,101,56,2
5.8717816246953678,96,96,48,4
3.6154769233115571,96,96,52,4
0.8550831723946815,98,99,49,0
1.8626078359507088,98,99,54,3
5.5785671388226952,100,100,46,0
4.6021887777698174,98,98,48,7
0.0165557981474663,98,99,61,6
1.3602883937960362,98,99,61,0
5.7172644079223742,102,103,66,5
0.2700600380297022,98,99,50,3
0.6407719212314383,96,97,49,1
4.8583060946219643,96,97,47,7
5.4105066239532738,98,99,48,3
3.8648562113670692,98,99,58,5
0.6428242123929168,96,96,45,3
5.4894956929722900,96,97,45,1
1.9511732297764961,100,101,53,3
4.0187313421478708,100,101,61,3
4.9177951778925966,98,99,60,7
4.1076359339192976,98,98,60,5
5.5718340108518465,98,98,45,2
3.7429840623069501,100,101,52,2
4.9952850177394685,96,96,50,2
3.6749071070257466,98,98,53,2
0.2915084577687961,96,96,51,3
5.9854007417570632,98,98,45,6
0.8215066649040161,98,99,49,4
3.4071698086181450,100,101,38,0
1.4647664827377145,98,98,45,4
1.9832961666272884,98,99,51,0
5.1035663000431848,98,99,59,4
3.0744500861155188,100,101,47,7
2.8257770897619974,96,97,47,1
2.9496230641679526,96,96,41,7
0.3805308847437040,102,102,63,6
2.9717196574475255,100,100,54,6
5.4059225211595443,98,99,59,0
2.3720216809540360,100,101,58,4
2.6638358900395041,98,98,45,6
1.1539994782612446,98,99,50,5
3.2078113479697126,98,98,55,0
4.6851623420075308,98,99,55,0
5.8463828580991235,100,101,54,6
3.0227271900277706,98,99,61,0
6.1796478496024818,98,98,44,5
2.7725060141616549,100,101,51,3
0.4003847523714179,96,97,60,4
4.4502764542060396,94,95,54,1
3.3054375254778852,96,96,52,2
1.4002473631037062,100,100,54,6
3.3508236542902958,98,99,52,3
1.3360689908706473,96,97,55,5
4.8338690834085112,98,99,41,0
4.5570550363174664,100,101,56,6
3.1100069775099981,100,100,46,6
1.4244065179156689,98,99,50,1
4.3008669790130361,100,101,61,7
0.9088389196545812,98,99,62,3
4.6477607228985134,98,99,53,6
0.0209864755304532,100,100,52,4
2.9582889463046760,100,101,46,0
1.7044394738366579,98,99,52,1
0.7386392801387767,98,99,57,4
2.3091585606103648,98,99,51,0
0.6012438433103293,98,99,50,3
4.8522029324138725,98,99,53,2
2.0820920811569197,100,101,49,1
4.7999578083435859,98,99,54,7
3.5028651258835284,100,100,56,4
4.7858635988325622,98,99,46,1
3.3667425107980433,100,101,54,2
2.6600418948748739,98,98,56,1
5.5947023027604805,98,98,59,4
3.7195559294420835,96,97,46,6
6.1756172165173808,98,99,49,2
0.6143051158812040,100,101,59,3
4.1669359225646803,98,99,53,4
0.8632183302680663,100,101,52,4
1.1123389143566738,98,99,46,1
0.6195516542103390,98,99,45,4
5.4503055583381270,98,99,51,6
0.1200477325975011,100,100,60,0
5.4147034768508409,96,97,60,2
2.3031709780162175,96,96,48,6
4.0024620292384787,98,98,54,3
4.5864341706526224,98,98,50,5
5.1666118341164493,96,97,40,0
6.0765078547351381,100,101,45,1
1.1736467234594024,98,99,53,6
3.0877503032398246,98,99,57,4
2.8941225237867383,96,97,52,6
2.3703182679742563,90,91,48,1
2.8377124837251566,100,101,56,0
0.5529625967894994,100,101,46,6
2.9151413108475936,98,99,49,2
0.6222929046779850,98,99,50,3
3.2148762930846160,100,100,46,6
1.6832849553082889,100,101,56,6
2.9732073748670378,96,96,52,6
3.8087902789074652,98,99,49,2
3.0962890303773611,98,99,53,0
1.6048977354351937,98,98,48,7
5.6497070126707216,98,98,51,4
5.9030483716491924,98,99,46,7
5.1229245480350043,96,97,54,6
1.5041779238620474,100,100,54,6
2.1813426986171858,100,101,56,0
4.8057255180987388,100,101,62,0
1.3632349522515683,98,99,54,5
3.1940170048829750,96,97,52,4
3.7200395421916252,102,103,56,3
5.4297739976339852,100,100,53,1
3.3173821288170902,98,99,48,1
2.9507142408825602,98,98,45,4
5.5211410112333139,100,101,52,2
5.7994302121113890,104,104,53,5
5.7647947506872965,98,99,52,1
5.2359487209970386,100,101,59,3
3.8376119436314902,96,97,55,3
5.1401854509219413,98,99,45,0
0.7167886197053118,96,97,50,2
4.8930017170195308,100,101,57,7
3.1161434536932937,98,99,56,1
4.0699331873443656,96,97,53,5
3.5302633873583313,96,97,52,4
1.1507197408580034,96,96,45,1
5.5922169689621217,98,99,49,2
3.4014971685245783,100,100,47,7
4.5161476993993430,100,101,47,7
5.3350931923530194,98,99,58,7
4.8043520947428533,100,101,49,1
1.4858397961725869,100,101,49,7
2.8974687211774293,94,95,48,5
1.9660488799022908,98,99,48,7
3.6924336375401881,100,101,46,2
0.9017890053974865,98,98,48,7
1.2528614572826813,96,97,46,4
0.1323464173358376,100,100,53,7
1.4365061873517930,96,96,47,1
0.7267627971873547,100,101,52,2
1.9807418490888304,96,97,53,3
1.5065464906713990,100,101,50,4
6.2808632338106163,96,96,49,5
2.9175092685975121,96,97,53,1
6.1871336622774162,100,101,55,1
4.8686455436838338,98,99,52,7
4.7665767913937467,98,99,61,6
2.2096386790409981,96,97,49,5
4.6616629367997779,98,99,42,3
3.1205558614103084,96,97,52,6
4.9278495113718321,98,99,55,2
2.2294927559172293,96,96,53,7
3.6341417054243181,98,98,46,7
0.5427858715841303,100,100,49,3
2.9493457640427767,98,99,43,6
6.0969726551889654,98,99,47,0
2.4784987133051768,98,99,42,7
2.8355042867677951,96,96,56,2
0.2992211961980080,94,95,47,2
1.9992418088114066,98,99,45,2
2.4207424832282571,98,99,54,7
6.2781519019128815,96,96,49,1
5.1506363057364286,98,98,44,5
2.4657229206994704,98,98,62,5
3.2040840872057834,98,98,54,1
2.5686974695471698,102,102,54,5
3.3968954354034846,98,99,46,7
3.7040743310338451,100,101,49,3
0.2020678196010480,98,98,55,6
3.3545182633507307,100,101,50,6
0.3898724999681024,100,101,55,7
0.7481521713701916,98,99,59,4
4.4043079270712155,96,96,39,5
1.8784331291312324,100,100,41,1
0.0719405578590933,96,97,42,6
3.2551461358387037,100,101,52,4
0.2651260400837744,100,100,57,7
0.2004652181755698,98,98,49,2
3.7774361969195391,98,99,43,4
0.5225532793444843,98,99,51,6
1.0811928179512102,96,97,47,5
4.5859489420951478,94,95,43,6
3.4635986094448881,98,98,53,0
0.0686306430392372,100,101,55,7
1.8654127771143114,98,99,50,5
3.9354342544060961,100,101,44,6
2.5592736100307967,100,100,43,5
0.4706601762511354,94,95,54,1
6.1526351910551629,98,98,53,2
1.2345621652234990,98,99,63,4
6.2507146317975257,98,99,51,0
2.3217390314817457,98,98,54,1
5.8569556562259715,98,99,56,1
0.0016533511048776,98,98,47,4
4.5326581803308512,96,97,48,4
2.6466417296249283,98,99,50,5
1.1470220022493836,98,98,41,4
5.6410791498292490,96,97,57,3
5.6654414629053749,102,103,53,2
4.5747322443917016,100,100,52,0
5.0676420518648921,100,100,54,6
5.7965284459650874,100,101,52,2
0.6726674449773018,96,97,55,7
3.3064517845303709,98,99,57,2
0.1006362123257925,98,99,51,0
0.8042302397686852,100,100,49,5
6.0288566980916007,92,93,47,3
4.5117336068587841,100,100,51,3
0.8507745677046833,100,100,53,5
4.1357769157248434,96,97,49,7
2.1340023730562163,100,101,55,3
3.4195840168302754,98,98,40,3
3.9340986334490720,98,98,43,6
1.7828404444868606,98,98,44,1
3.1125645972598237,98,98,49,2
3.6768571315972012,98,99,43,6
4.8259447811148872,100,101,48,0
0.9792143162886217,98,99,49,2
3.2439668131493176,96,97,56,6
4.3378319357673769,100,101,46,2
1.9450631839694399,98,98,41,2
4.9852005289899610,100,101,54,6
5.0049127187641389,96,97,47,3
4.4322242179550191,100,101,57,7
3.2012904218531193,98,99,52,3
1.7868156059660369,98,98,51,0
0.7745261428318296,98,99,48,5
2.0952977202850254,98,99,53,6
1.2716769376004509,98,99,45,6
5.5982041662595154,98,99,52,7
5.1970638349938563,100,101,52,6
5.4229749662477991,98,98,49,6
0.9242080304218450,98,99,59,6
0.7617995003335107,96,96,53,7
4.5549091153394050,98,99,41,4
5.7061747167004286,100,101,44,6
5.9982625150173483,98,99,41,0
0.3248540262964920,98,99,57,2
0.0143349164743555,96,97,47,5
4.3971778109939361,98,99,56,7
2.2053179281182191,98,99,51,4
0.1046303056754728,96,97,53,5
5.2403328717606659,98,99,57,2
2.4261639147455289,100,100,60,2
4.2956707144779687,96,97,45,7
1.3734693850699582,94,95,46,5
3.0990816429341166,100,101,53,5
4.6239029804572782,98,99,54,1
2.4779085118840389,98,99,59,0
1.0259374545476445,98,99,40,3
1.6289745703701242,96,96,51,1
5.6515695448586305,98,99,53,6
6.0876609206481920,100,101,51,5
2.2821416103245542,100,100,57,7
2.5780817396722440,96,97,40,4
1.9074573777846746,98,98,43,2
3.5193832096191291,98,99,43,4
3.9142402430794254,102,103,54,7
1.7034614567876833,96,96,55,7
3.5583543856626365,98,99,53,6
5.9615926008784426,100,100,43,3
6.1423898099653966,98,99,46,3
5.6999715995117990,96,97,60,6
2.7145609004459419,98,98,52,5
5.1569611026807864,98,98,48,1
0.2712496565312752,100,101,53,1
4.1503156283505440,98,98,66,3
0.9157589968717972,94,94,50,5
1.5971585014765046,100,100,47,7
1.7634815873699432,100,101,50,0
3.5886425629973195,98,98,53,2
6.0749030068215442,96,96,49,1
5.3108296265672417,88,89,39,7
5.4278591096470761,98,98,52,1
4.4482477627791139,98,98,48,5
6.0700560517925179,98,98,53,6
1.7628881640704295,100,101,49,1
6.1626103762678719,98,99,54,3
2.0088577367164682,100,101,47,3
3.6025143840697122,100,101,46,2
2.7031588030610378,100,101,61,1
4.8832335855781794,96,96,41,7
4.1008777594964103,98,98,55,0
2.1935862202030747,98,99,52,3
3.3262218027490853,98,99,41,0
1.6041571399894599,100,101,47,7
5.9903635853498045,98,98,52,1
5.2807411002155575,98,98,42,7
3.6106647148015569,100,101,48,6
2.9174779604649608,98,98,48,1
0.1505491282497248,104,105,50,4
3.1673691299519011,98,98,48,7
1.8617283235521460,100,100,62,2
0.2199682757738082,98,98,55,6
1.7215019594427314,94,95,50,7
5.4337445638356217,100,100,60,2
3.7524624808070719,96,97,51,3
1.4025924424685856,96,96,46,6
2.1189430402443246,100,100,52,0
2.1927646165554062,94,95,51,0
5.3399757445304843,96,97,52,6
3.7368638774450589,98,99,47,4
6.1016892987592151,98,99,46,1
4.3460024272684814,94,95,50,5
2.0181427842105557,98,99,44,3
3.2264065519230054,98,99,64,1
4.7488600851722840,98,99,52,7
0.8091564608722515,98,98,56,1
4.7708828190849042,96,97,51,7
2.7293837969018631,100,100,54,6
2.3871836860510194,96,97,46,6
2.5177311468386723,100,101,49,1
3.0468220453238830,100,100,60,0
2.6501184367482602,96,97,57,5
1.7744556096940214,100,101,52,2
2.9658384276227969,94,95,49,6
0.5660731089492842,100,100,51,5
6.2337207795091460,100,101,47,1
5.8680992865483796,98,98,53,2
1.0009824163427825,98,99,53,4
3.4865728690972402,98,99,58,7
5.7961771701928573,98,99,59,0
1.4428147904588400,100,100,53,7
2.2386677486342133,98,98,52,3
1.4133801744274244,96,96,54,6
5.6575675170651145,96,96,49,3
0.3927689227393487,98,99,48,1
5.3600433319216991,98,99,52,7
4.7613420841049141,98,98,42,1
3.0459371008430747,98,98,59,4
5.4788242712182305,102,102,48,5
5.0512641955656363,100,101,55,5
6.0512595856843756,98,99,52,1
3.7149188537143258,102,103,58,7
4.6346234447989456,98,99,54,3
2.5658143480942379,98,98,54,7
0.6323973277232625,100,101,53,3
3.3800427725437556,100,101,53,3
1.8059776275722772,98,99,53,0
2.7521288558628116,98,99,44,3
1.6974356694407906,96,96,55,1
2.4061885774581837,94,95,55,0
5.6705763051602398,94,95,45,2
1.3166790083259161,100,101,46,0
1.5495800828199733,100,101,52,6
0.3182208958396028,98,98,52,3
5.7667453504390984,98,98,51,6
0.9381450884281503,100,100,53,1
2.1016454258197506,98,98,51,0
3.1234514218555942,96,97,48,4
2.5733584353170000,98,99,45,2
5.4826478411272630,98,98,61,0
0.5757633996091460,98,98,41,2
3.7964299724811044,98,99,57,4
5.4801399200490710,100,101,54,4
0.4609319877968043,96,97,52,6
3.1082596367403057,96,96,49,1
5.7108214084347191,100,100,51,5
3.4080887101558117,98,98,50,5
1.4384238843427379,98,99,51,6
5.7456759507116644,96,96,54,4
5.3269423498579425,100,101,52,4
4.9797512564491440,98,99,51,6
1.1275240816040624,98,99,52,5
5.1399154414814294,100,100,56,2
2.9722278156923037,96,97,42,0
3.8433528432787427,98,99,55,6
3.5363820430636363,98,98,48,5
0.2419912158899667,100,100,49,7
2.7939124550716348,98,98,49,2
2.3633604920011679,100,101,59,3
2.4151497103434241,98,99,58,3
5.4951923515658949,94,95,39,2
0.1552568810768592,96,97,44,2
4.5557343808018338,98,99,55,2
3.7138880999211588,100,100,37,3
4.9073386983250158,98,99,44,1
3.4454734043792108,100,101,54,2
5.7184391511362751,94,95,53,0
3.3747687873269725,98,99,55,4
4.2101979534768201,96,97,50,2
1.7610895142569702,98,98,53,0
4.3174021350579004,100,100,50,0
3.7444946372335393,96,96,56,4
6.1697330532967323,98,99,56,3
0.7158266237866335,98,98,51,2
3.1735602969062482,100,101,51,5
1.8837774832464673,98,99,49,0
0.7472824417340266,96,97,58,0
6.1277930267046115,100,100,52,4
5.4155908742806167,98,99,42,1
1.7368864894727840,98,99,52,3
1.6469669826156317,94,95,47,0
0.8687673221036081,98,99,50,3
4.9368677196135353,100,100,50,0
0.5083547287540603,96,97,49,5
3.1637187162507345,98,98,59,6
3.5862664574597183,100,101,53,3
2.2709440570428758,102,102,50,3
6.0136899557216594,96,97,50,4
5.4695017003947406,96,97,49,7
0.6912555780686326,96,97,52,2
1.3111385585815578,96,97,54,4
3.5453878725193504,100,101,50,6
2.4161402992910248,98,99,48,1
6.1526840778877920,98,99,52,5
4.7166620450947621,96,96,45,7
0.3735605327598164,100,101,52,0
5.1567937532411294,100,100,52,0
5.7896126508791870,98,99,45,0
4.8725868090501159,98,99,45,6
3.3320250871291885,92,92,38,2
4.5836081162201845,96,96,52,0
5.4077944942455378,98,99,50,3
3.8250051858477976,96,97,53,7
0.7271282573233313,98,99,53,2
4.6851991590044513,100,100,55,5
3.6845497849988877,100,101,49,1
2.0147267733448695,98,99,54,5
0.3229542180144783,100,100,49,3
2.3936959689421133,96,96,48,4
5.7616070305753722,102,103,57,2
0.6966460757087157,96,96,46,2
3.2258330522696119,102,103,43,4
2.9149587702278716,92,93,41,7
0.9782667694180961,100,101,58,6
4.1491056642824127,98,99,53,4
2.7473611584895017,100,101,49,1
5.0378009920322322,94,95,53,6
1.7735921506926124,98,99,51,0
4.5571980593508252,96,97,47,3
1.6038686213600521,100,100,44,4
4.8616223705140493,96,96,54,2
1.5124051161713699,94,94,46,5
1.9082658502163434,96,97,46,2
0.1109036435717483,98,99,50,5
0.3651879979166466,98,98,43,4
0.1523729211098601,96,96,43,5
5.2780181055625288,98,98,49,6
0.7114042429736001,100,101,53,5
4.3817028801242621,100,100,46,4
3.1225179043872551,98,99,49,2
5.2805709431840793,98,98,40,7
5.3855037428511139,98,98,59,4
5.5254403861595138,98,98,58,5
6.1843955595519393,98,99,45,6
1.0738813995423506,100,101,54,2
3.4770890179302727,98,98,44,3
3.5642158665620354,100,101,55,1
4.1846416180798593,98,98,46,3
6.2160660555623712,100,100,45,1
3.3726504803464907,98,99,53,0
0.2716991359789311,98,99,52,5
4.0942388281370654,96,96,64,0
0.6407518874116982,98,98,47,0
4.7447182818826690,100,101,51,5
0.8938668055794894,96,97,48,0
3.6239792286724546,98,99,56,5
4.1636358761156540,98,99,62,1
4.7867840109308304,98,98,55,6
2.5860376469274731,100,101,51,3
4.4559765948237446,100,101,45,7
2.5497533185083174,98,99,46,1
2.1131339934091948,96,97,43,7
0.2033391394517887,96,97,49,1
4.3354564947315524,100,100,44,2
5.7176505021429360,96,96,48,0
3.2027512966799265,90,90,44,7
2.0609881140158457,100,101,56,0
3.3394608078476065,98,99,58,1
1.0558742180698910,100,101,51,1
3.4797577636230730,98,99,55,6
5.0041110548810561,98,99,51,2
6.1175368364456020,98,99,48,3
3.0020471818145680,100,100,51,7
1.5401593764999302,98,99,45,0
4.6376127465589185,100,101,65,7
3.7530498837805135,96,97,47,1
0.2892650351734687,98,98,56,1
0.7237555585706293,98,99,49,4
1.2472321169409859,96,96,54,0
2.5252479445901388,100,101,52,6
0.5948329471226308,98,99,61,0
0.1568990317233848,98,99,49,6
0.9756381289630831,98,99,56,1
4.8118308761254687,98,98,54,7
1.3300875003717951,100,101,56,0
3.1557860049834758,100,101,60,4
4.4866033582372902,100,101,52,4
5.6686342488354322,94,94,40,5
2.4075539614662254,98,98,46,3
2.5289959144220324,98,99,52,5
1.9750115886168029,98,99,51,6
5.8468457610200755,100,101,61,5
1.7533705804009965,100,101,53,1
3.8655915522498350,98,99,43,0
2.2732347800766162,100,101,52,4
0.4422056772758348,98,99,44,3
3.6498708020653412,102,102,61,2
2.7063813835805433,96,96,56,6
0.2826721499396992,96,97,54,0
1.4487490525801157,96,97,49,7
5.9522136499588996,102,102,51,6
5.7486461110764555,98,99,52,7
3.3129047711161417,98,98,59,6
4.8335532185236900,98,98,53,4
2.0344766677116448,100,101,51,5
1.1469190747485591,98,98,45,0
5.3459226540999865,98,98,55,6
5.3597456789070028,100,100,54,0
3.3200601357082906,100,100,54,2
2.9794407580613358,98,99,59,4
2.0328209910786366,96,97,50,6
3.8135379507748470,100,101,46,4
2.2820392829040266,98,99,50,7
4.3678225085648954,100,100,57,3
2.2763198245183971,104,105,52,2
3.9155496549931219,98,99,52,1
0.1266392825932746,98,99,44,3
2.8849369120865940,98,99,42,3
4.0088606503303064,90,91,46,7
3.0381743383076700,96,97,62,6
5.8650062789976554,98,99,62,7
0.5049669781599335,98,99,55,2
4.3698037081128520,92,93,52,2
0.4947572794542344,100,101,50,4
3.7556695315052155,98,99,57,4
1.8654554928967459,98,99,59,6
4.0254686333996377,98,99,53,2
3.3351891441281079,100,100,50,2
5.6682631885039072,100,101,60,4
0.8252807582926776,94,95,51,0
4.5608904626282953,100,100,44,2
2.4271762294725514,98,99,57,4
5.2065587217572959,96,97,45,1
0.1293527952737406,98,99,36,1
1.9109066532054875,98,99,54,3
0.3936551757747269,98,99,44,5
3.0676390667693791,96,96,50,6
5.0312222350852442,94,95,52,7
6.0386755959623777,92,93,43,3
1.3002562103201660,98,99,54,7
3.5886750567525070,100,101,47,3
4.6763224422958833,98,98,47,2
3.6834237173004678,98,99,41,6
0.2843759971648270,100,101,52,4
1.8353170210102194,94,94,42,3
5.5941432578173957,100,101,53,3
2.9217412126292777,100,101,48,0
5.7716447906486694,98,98,57,0
6.1835756227679495,100,101,56,4
0.6506713869982129,98,99,53,2
3.8147895726035026,100,101,56,2
2.5849070830839098,100,101,52,4
0.5371690643459957,98,99,46,7
1.8980504761479691,96,97,50,2
5.1273924684416441,96,97,59,5
0.5175804366683007,100,101,47,5
2.4709744465201107,98,99,52,3
0.8997239736094923,100,100,48,2
5.3403393310047917,98,98,43,4
5.8795285270211037,98,98,51,2
0.6971476369776211,98,98,50,5
6.2112358761858344,96,96,47,3
3.6405290484686925,98,99,54,1
5.2052420074953405,96,97,54,2
1.1069388326848075,100,100,49,7
5.2230459604476351,96,97,56,2
0.0997822527500852,98,99,60,7
4.3703006515633325,98,98,55,2
2.8371928481239923,96,97,44,6
5.5249312730249533,98,99,49,4
2.7086312643680910,96,96,57,3
0.9190461220957101,100,101,57,1
2.6663382316830067,100,100,54,4
4.0048491541118452,100,101,50,4
0.2006788923528215,100,101,45,1
1.2416402040121193,96,96,55,3
4.2657580442138086,98,98,54,1
5.8993952383708690,98,99,48,7
4.8254303649935357,100,101,46,6
1.9669406838931764,98,99,49,4
3.0461404925900686,98,99,45,6
2.2311694884963629,96,96,49,3
5.4889380474520095,98,98,61,4
2.3006575969340770,98,99,47,6
5.6682090828698861,96,96,41,7
3.3693637311108660,96,96,47,5
5.0535448532009895,100,101,53,7
2.5456750536279764,100,100,52,0
4.3040147309307848,100,101,49,1
0.3420280284707270,98,98,58,7
4.7775614184999533,98,99,48,5
5.1084107795372535,96,96,51,5
5.5390979180768962,100,100,59,7
5.7133258779730989,100,101,46,6
0.2569183830321946,100,101,56,6
2.3114065153480348,96,97,56,6
0.4184352027221772,98,99,51,4
3.0094630908053377,98,99,43,4
3.3859790828319523,100,100,51,3
6.0127918468876809,98,98,40,7
4.1043431243019501,98,98,53,2
5.1391611591389035,96,96,51,5
0.5857202071599655,98,99,41,6
6.0741823533905990,100,101,47,7
2.9153860917265728,98,99,54,3
0.6731652371577773,98,99,45,4
2.9878020112568882,100,101,46,6
2.6953054178103137,98,99,54,1
5.6308183868482162,98,99,60,3
1.9020115228208685,100,100,54,4
3.4784901685818297,98,99,52,3
6.0587108435696040,96,97,46,0
2.2442829852512838,98,98,42,1
4.5148320571638383,100,101,54,6
6.1577848672499247,98,99,55,0
5.6569537259427696,96,96,46,2
1.1770944538440913,98,99,46,3
6.1464596954396375,98,99,51,2
4.6258440164420955,100,100,49,7
3.4895295815396836,98,98,44,7
3.4574130803826773,100,101,43,5
3.7484063848638880,98,98,45,2
3.2219747332658302,98,99,51,6
3.5482868994446615,98,98,51,4
4.5115103265516661,100,101,59,1
1.0802936959531277,100,101,53,1
1.6333662676112535,98,98,53,2
3.2798320482233829,94,95,42,7
3.1982379084009143,100,100,45,3
5.2892206805915185,96,97,49,1
2.6967858690036439,98,99,43,4
3.5887109941893764,98,99,49,2
0.8699068501173091,96,97,46,4
3.5625342673378104,100,101,49,3
3.1936995692738588,96,97,49,1
2.7313785481733834,100,101,52,0
1.5138190727914489,98,98,56,1
4.3576746881378252,98,98,49,4
1.4501004713718852,98,99,42,1
1.5767842107393004,100,100,48,2
0.6127308266511382,96,96,52,0
4.6798969351499595,96,96,47,3
5.7158468381124541,96,96,48,0
3.5690315256980196,96,96,45,5
1.0249273019911154,96,97,52,2
0.0146409421264044,98,99,56,1
0.1250279996411739,92,92,45,1
2.0655867109780006,98,99,49,6
4.7368737179299210,100,100,56,6
6.2571191507797108,100,101,55,5
1.5768028564957848,98,99,48,3
3.3124650562528424,98,98,38,7
2.5057050221777897,94,94,52,5
5.6952914349282509,92,92,52,4
5.7301311692966834,98,98,48,7
3.0887557245413926,100,100,59,5
1.9690597741915581,98,99,56,5
1.6916571084289869,98,99,55,4
5.9585115779351980,98,98,56,3
3.3055934227164103,98,99,44,7
5.5088547827734908,96,97,45,3
0.5297862128464162,98,99,53,0
6.2345537559595936,100,101,49,5
1.1121528295708589,98,99,42,1
3.3621010290397977,100,100,53,7
1.5021325883426522,98,99,53,0
1.1525205385268322,100,101,50,6
4.6926199665083743,98,99,43,4
1.8209778795458806,98,98,55,0
5.3588735187512535,98,99,61,4
6.2179506762377805,92,93,50,0
1.9518089952403419,96,97,45,7
4.1228739976353195,100,101,55,5
4.9095842591963814,98,99,50,1
3.0351160161629367,98,99,49,2
1.2058148451493083,100,101,58,0
4.4649483589720393,96,97,57,5
4.9299030914193560,98,98,50,3
1.8578033116624817,98,99,52,3
0.8465254002736454,94,95,48,5
1.2661497935662893,98,99,53,4
1.9939654875684312,98,99,51,2
1.3016193955250568,100,101,55,5
1.4636588446416228,100,100,54,2
0.0503877325429192,98,98,47,6
4.4281417360481194,100,100,57,5
0.5805096303870320,100,101,46,4
4.4812307527103723,100,101,53,3
3.8034662836189668,100,101,48,4
2.2250704907929864,98,99,49,4
0.9013386668165233,96,97,44,0
0.1819414216347102,98,99,58,3
4.3525191280643947,98,98,50,5
5.6431122940350651,98,99,51,0
2.5949708655237740,98,99,47,2
0.7442712879879809,98,98,58,3
0.3361837909474880,98,99,57,4
5.7972688583763299,98,99,47,4
0.8514220072191081,98,98,45,2
3.5901561495939118,98,99,54,5
5.2920588993156077,96,96,45,3
5.2888652051633525,98,98,50,3
5.4344980119109447,96,97,45,3
0.0917808889000139,100,100,58,2
4.5085293621501705,98,99,48,1
4.7761131897938460,98,99,48,1
0.1004600177928170,100,101,55,5
3.3268555667013295,100,100,49,3
0.9763370438460853,98,99,48,3
1.6975775004781823,98,99,52,3
3.5086312750751367,100,100,50,4
5.3506826357791075,100,100,57,3
1.5951789235599623,96,97,54,2
0.4673640651118056,96,97,53,5
3.9960799804582927,96,96,50,4
4.2119629695911120,96,97,45,3
0.2344899050696979,100,100,59,1
2.6463498206335410,96,96,48,6
6.1207153434450365,100,100,59,7
5.4786818796611234,98,98,46,5
1.4496703458960367,96,97,47,1
2.7837818882621979,100,101,57,5
3.4553618698453437,96,97,49,7
3.5559579202579696,98,99,56,1
6.2305621455956040,98,99,49,0
2.2551497371974287,98,99,47,0
0.1327359991016439,100,100,55,3
5.6086384518471784,96,97,52,0
3.3930906154636506,100,101,57,1
1.7882988237747874,98,99,50,5
5.7464307987307226,100,101,43,5
5.4046913115608124,100,100,55,1
3.8770557861243589,98,98,58,7
3.7074586378892169,98,99,47,6
3.8763692638651626,100,101,52,0
0.9627220489302865,100,100,57,1
4.7374377563727021,98,98,52,1
2.4481782844527955,94,95,48,7
4.7441987354248774,96,97,59,5
4.3518725475641311,96,96,55,1
4.9162579796710162,98,99,55,4
5.4862346715851844,100,100,56,4
1.6655705803652363,98,98,50,1
4.6341421055546155,98,99,44,3
5.4662236704716758,96,97,52,2
0.4831046010595232,100,101,53,1
1.1049141805521530,96,97,57,3
5.9347544430611201,100,100,48,4
5.5024447098336200,96,97,53,1
0.2734063068463294,100,100,49,7
5.5274409946365042,98,98,50,1
3.6523312572106335,98,99,50,1
0.9986001983956665,96,96,62,0
1.3603430129444725,100,101,58,6
3.9587696868091529,98,99,43,2
6.0324193166250462,98,99,55,0
6.0864008208386844,94,95,48,1
1.3109691479715853,98,99,47,2
0.2586257723180462,100,101,58,2
2.8490439009090736,98,98,46,3
2.1669093590101434,100,100,57,1
1.5110462219775063,98,99,46,1
5.6723611583155691,98,99,64,7
1.7585522422525026,96,97,40,4
1.9218040400756071,98,99,52,7
1.0955047312030475,100,101,53,7
4.9921808810547583,96,96,52,4
0.4475168424575493,96,97,54,2
0.8437627424023831,94,94,46,7
0.7775138816418635,98,99,53,6
0.0257915936667202,96,97,47,7
4.3212209728506457,94,95,54,7
3.1253537983251483,100,100,53,5
0.0425876732795021,98,99,44,3
1.2528551362259965,98,98,44,3
1.2439983296052246,94,94,48,7
3.3259325744762456,100,100,54,6
3.9462192556090483,96,97,37,5
5.5410870497984472,98,99,60,7
4.0565601141623411,98,98,53,0
3.1313673576928793,100,101,60,0
0.5162739138960956,96,97,37,3
6.0856906445765295,98,99,50,3
3.6954021295952475,96,97,50,6
2.3213708486566915,94,94,42,3
3.8510841572750447,96,97,55,7
2.7954912558442286,98,98,46,1
0.4108601756608191,100,101,52,2
2.8935256350678440,96,97,53,5
3.1708639831961443,100,101,51,5
3.8097524737078206,98,98,45,0
1.7189439363040562,100,101,59,5
1.4979812581390224,98,99,48,1
4.4263517364647829,100,101,57,5
3.1396063727577843,92,93,46,0
1.1630616769950717,98,99,59,6
0.5822422875870030,98,99,43,6
3.1357374641630473,98,99,54,7
1.2468748517140429,98,99,53,4
1.1989067604329806,100,101,57,1
3.2365846614463658,98,98,52,3
2.1830300529571582,100,100,61,7
4.8502622209415751,98,99,42,3
4.5544590258153113,100,101,64,4
3.2706653531415282,98,99,46,1
6.0233574285144957,96,97,55,1
0.2383192161608593,98,99,54,3
4.6184767172484333,98,99,50,3
3.5775715408061814,98,99,48,1
3.4565977899985718,98,99,48,5
4.0260741621313212,98,99,54,7
4.4068715321712926,98,99,47,6
6.0187164199780572,98,98,49,6
3.2305657024453756,98,99,52,7
3.9833152858462366,110,110,57,2
3.6397170657885018,100,101,47,7
5.2681529039198578,100,101,51,7
4.9430860834208001,102,103,48,5
0.7445274080427617,100,101,51,5
1.6545894408796011,100,100,53,3
4.9017013071676852,98,98,50,7
6.1152624619216178,98,99,40,7
4.4408259450754786,96,97,54,2
1.3775958828908135,98,98,42,7
5.2276063996493898,98,98,39,6
1.4751949728530742,98,98,50,1
5.7940375594905662,100,100,52,2
0.2613515306679190,98,98,54,3
3.1067087550865526,98,98,59,4
0.4338751441936626,100,101,58,0
1.2336781933112100,96,96,51,5
4.9057077434566656,102,102,54,3
1.2475010203073529,96,97,43,1
0.9065367366307973,98,98,55,6
0.6702186531233547,100,100,48,6
4.0862838740454102,100,101,51,3
0.1874511660298032,98,99,48,1
1.3981904632492235,100,100,56,0
1.6670051872512057,94,95,56,5
5.6405526759243196,100,101,53,1
5.1548051646600683,100,101,49,1
3.6284378899433878,100,100,43,5
5.3217660383665972,98,99,48,3
0.0690995702591152,98,98,55,6
1.6189242299207693,100,101,59,1
6.1185063925124892,98,99,55,0
3.2094269149439087,98,99,56,7
4.7202786066813527,98,99,47,6
5.6691395047337769,98,99,56,7
6.0248212244651418,98,98,55,2
5.8672308743323089,100,101,53,3
1.4897297115978216,98,99,43,2
5.9655797774870667,98,98,47,6
0.4908424189379666,98,99,52,7
3.9878128434569802,100,100,53,5
3.5815338652286588,98,98,51,4
3.2549152356498716,98,98,40,3
6.2222613881537905,98,99,53,4
4.7156737517812282,100,101,59,3
3.9803518330257441,98,99,50,1
6.2280380912118440,96,96,51,5
0.8415081159010266,100,101,51,7
2.3857864301398837,100,101,54,0
2.5572746607057719,98,99,50,1
4.3133725155402720,98,99,44,1
0.5683978674859240,98,99,59,6
2.1842395337495910,98,98,53,0
5.0540007243460847,98,99,54,5
0.9030884300783838,98,98,44,5
4.2810058537997451,96,96,51,5
5.1102279998755034,94,94,44,1
0.1721713946582527,98,99,50,7
4.2666290524914512,100,101,41,3
3.0835306867227104,100,100,53,7
3.8873460003060449,100,101,50,6
3.7788420382950454,96,97,50,2
5.7162407224346516,100,100,46,0
4.4038613558985453,98,99,52,5
2.2438599795714658,96,97,36,6
0.6859140494650342,96,96,40,4
3.1792550405655828,98,99,44,1
0.9841464949006790,102,103,60,7
1.2440769010736006,100,100,56,0
1.9511167276533123,102,103,40,7
5.0449187875034811,96,97,48,2
5.8655786313724461,100,101,49,5
1.2050365819698907,94,94,52,3
3.6705864752507846,100,100,57,1
1.8528322918302982,100,101,51,7
3.3240923533883615,98,99,46,7
2.9768437637823237,100,101,53,5
2.0290517694627725,96,97,53,7
0.5445077218332501,98,99,50,7
4.0023526992959786,98,99,56,3
5.6974290235417238,98,99,54,7
4.6834324304031982,100,101,49,3
2.9384065156466708,98,98,48,7
0.5224813981597842,96,97,43,7
3.9090843758578293,98,99,50,3
0.6688678061548899,98,98,56,1
1.6271960165926203,98,98,41,0
3.7214723163198342,100,100,55,3
5.0596034040207591,98,98,58,7
0.0493038410473777,98,99,51,6
5.5571459360938018,100,101,50,6
2.1307688380786813,96,97,47,3
1.7022708383981899,96,96,51,3
3.9753174731188601,98,99,50,1
4.3209914276136772,96,97,49,7
5.6202093179739059,98,99,49,6
2.3514305493665724,98,99,51,6
5.8407046897768673,98,98,49,6
3.9603554500141662,98,99,46,7
1.9071967547679887,96,96,49,7
5.6905402247216319,98,99,45,4
0.5529675786890078,100,101,58,0
2.0307515407984624,98,99,44,1
2.9671154353895042,98,99,46,7
1.2067522929048795,98,99,59,2
0.6582233262078854,98,99,45,6
1.6902544199162879,98,98,52,7
5.5691605044080204,100,101,55,5
5.7012035681995208,98,99,53,6
1.4366147347199913,96,97,36,0
3.7647418987299344,98,99,46,1
2.1896417371142283,96,97,51,1
2.5284550459793951,96,96,52,2
1.1164511544813913,98,98,48,1
4.3021555075304931,100,100,54,6
4.4988452048800127,98,98,47,2
3.0948682858523702,98,98,58,3
1.1955195385768420,98,98,58,1
3.8532808469337052,100,101,61,7
0.9900078812767807,98,98,44,1
4.8369488443177930,98,99,56,1
4.1656626006714639,98,99,53,2
2.7589465908691220,98,99,56,1
1.1571783445125028,100,101,49,3
6.0878475029287582,98,98,50,7
4.5216618849448569,96,97,48,4
2.3604756786138088,98,98,55,0
0.2755811743647986,94,94,44,3
4.5876156525692089,96,97,48,4
3.5129682162293001,94,95,44,3
4.9812280041887789,92,92,41,1
0.6741755552264421,100,101,48,2
1.1959243639963011,98,99,46,7
3.7139255781794698,98,98,49,0
4.8761780463058395,98,98,52,3
3.3311649953931841,98,99,49,0
3.1478625251706100,98,99,50,7
1.0055003814643488,96,96,39,5
3.2793294900143826,100,101,55,1
4.2601152070244108,100,101,48,6
5.6287925765195039,98,99,50,1
0.0215574919252118,98,98,48,1
0.1209233555560636,98,99,44,5
1.2766049880052561,98,98,50,1
4.7788328487265304,100,101,47,5
5.8528460096547912,96,97,44,0
0.9484475654563861,100,100,46,2
0.0209667467265837,96,97,50,4
2.3158093653519938,96,97,46,0
5.6099044495433867,98,99,52,3
1.3157448912499670,98,99,52,1
5.8635048612917542,96,96,47,3
1.1545076591683647,100,101,42,2
5.4166171605549369,100,100,50,6
1.7541438574616415,98,99,48,3
4.9742806660362762,98,99,44,7
3.2780335880239084,94,94,49,4
2.4920745142311147,100,101,51,5
4.3334349420600882,100,101,57,3
0.2997684335145981,98,98,52,7
0.9886879365446224,94,95,55,2
3.0809356459127089,102,103,58,7
4.6319082045767921,98,98,51,2
4.1661139541447998,102,102,51,2
1.0236995491294818,100,100,47,7
2.7865502141391927,96,96,50,0
5.4372908442347443,98,98,39,6
3.5664129374945812,94,95,53,0
3.9381017696746334,100,101,47,3
4.9992973672679799,100,101,59,1
0.1260138116947875,98,98,44,5
2.3610083575878309,96,97,55,5
0.8319323973636010,100,101,48,6
1.5924493715623584,98,98,42,3
1.5509084484932365,100,101,56,2
2.6037942830969465,96,96,52,0
3.9366083031637626,100,100,52,2
0.9591422193097756,98,99,62,1
3.6121509609766358,100,101,53,7
4.7266573337087632,100,101,56,4
0.4825577207480591,98,99,49,6
0.6969871297799987,96,97,53,5
2.2283673132297026,100,100,55,1
5.2724457577743653,96,96,49,3
4.2253780089057393,100,101,56,4
3.6655099837760323,98,98,61,2
1.2492079967499792,98,99,47,4
2.3796645799322675,100,100,49,5
3.7501302219176851,98,99,53,6
3.0312859142312405,100,101,50,4
6.0058034349601419,98,99,51,6
4.2203375424972815,98,99,61,4
0.3076931332925510,98,99,53,4
4.6701934821952396,98,98,51,0
0.8439776929737406,100,101,53,5
4.7333492921465314,98,98,58,7
3.2473047269725215,100,100,50,4
5.8738589962017675,100,101,44,0
0.6575075849248575,100,101,50,4
4.3234495087669158,100,101,52,6
2.8739736659786148,100,101,54,0
5.8022914045453371,98,99,49,2
2.5157568381656490,100,101,48,6
2.4429009337911101,96,97,53,3
4.4309668860106504,100,101,51,5
3.1851907362373706,98,99,56,1
1.8826476879186675,96,97,52,6
2.9518150694395118,98,98,46,5
5.0842820141112322,98,99,49,0
5.1418841836520128,98,99,57,0
4.3697519188447513,98,99,49,2
1.3103688987227464,98,99,56,1
3.9775063432601558,96,97,50,0
2.9508148575846374,98,98,46,3
3.8523460775833898,98,99,62,3
0.7267361218560694,98,99,50,1
4.5790029241406378,100,101,53,1
5.2434679876259045,96,97,52,4
2.2575133427368148,98,98,40,7
4.1963332805736453,100,101,54,2
4.7513447596581662,98,99,48,3
5.4014263043661224,100,101,49,5
4.1356819020262447,100,101,61,5
2.2902141214597846,92,92,43,7
1.8801995428998315,98,99,49,2
4.9128031818887123,98,99,56,1
4.3441765468162643,100,101,45,7
3.9427020340806131,96,96,50,0
4.8103975800742145,96,96,51,1
3.9659364468586777,96,96,49,5
0.1773139312767938,100,100,51,7
5.3841989215254964,98,99,56,1
1.0575633689721122,100,101,49,1
4.8329167347021089,100,100,45,5
0.8451251336234333,94,95,48,3
1.5514932431476802,100,101,51,5
5.1879521218662408,98,99,50,7
3.4146181881031676,96,97,49,5
4.5497256660934413,98,99,55,0
2.5846926422147307,98,99,46,3
4.6930077337833218,98,99,51,4
1.3166292934055841,98,98,55,4
1.6659769023787867,100,101,63,7
5.3618840002209494,100,100,52,4
1.7646488008138737,100,101,54,6
0.9902175500772956,98,98,52,7
4.8427180416107634,96,97,50,6
4.4135532608663635,100,101,50,0
0.5631427489773150,96,97,48,6
2.2604973073077255,96,96,49,7
6.1753542766238549,98,98,55,4
0.5665081341879580,100,100,48,0
4.3657707524966058,96,96,53,5
5.8622863624618722,100,101,58,6
4.8965247851291664,100,101,56,0
2.8015484269749353,100,100,55,1
3.3885248116360978,100,101,55,3
5.8191706179937750,96,96,52,0
5.4012985319861757,100,100,45,3
5.3377801886639666,100,101,57,3
6.1383461450158698,94,95,50,5
3.0913302941783436,100,101,50,4
6.2057402995280082,98,98,58,7
5.2400044478091976,100,101,50,0
0.1187762381365463,94,94,43,2
2.9892257274390439,100,100,60,4
3.3419942759417589,102,103,52,5
4.5434736828667388,96,97,53,7
5.6513555153513426,100,101,48,0
2.2667404913795672,102,102,64,1
5.3285806319309561,96,97,44,0
4.0196133960315210,100,101,50,4
5.8204407167605083,100,100,55,1
3.7831674842386378,98,99,58,1
2.5145340138398411,96,97,56,4
2.1865261417818407,100,101,55,5
5.2563230500377172,98,99,55,2
5.4429743107185526,94,95,45,2
4.4976488786754789,96,97,55,1
0.0862190641986049,100,101,51,1
4.9950650899583522,98,99,48,5
4.7822150928342566,94,95,51,0
1.3901808586187072,100,101,53,3
3.0849807795453392,98,99,51,6
4.3355804370909903,100,101,52,0
3.2820305045516904,100,101,58,4
0.7126268670855410,98,99,47,6
3.7243193842464160,98,99,45,6
0.0556489944833671,98,99,49,2
4.5941071789640873,98,99,49,0
4.0904529553667439,96,97,43,7
0.1710019149769305,98,98,54,1
1.4435518700746035,98,99,48,1
4.6592091700692624,98,98,45,0
5.3805265227678793,98,99,44,3
6.0508783450416699,96,97,45,3
4.2935851054215544,98,98,50,1
3.2109118696718415,94,94,54,1
5.2564458997128094,98,99,47,2
5.6587671947805305,96,97,44,0
4.4132825640198670,100,101,56,6
5.0081680094258916,98,99,45,4
0.4966534926893605,100,100,59,5
2.6866472176022200,96,96,44,0
3.0334777123301850,96,97,53,1
4.3478475331391442,98,99,58,7
1.5625401528410376,98,98,46,3
1.2730707403988932,100,101,55,1
5.9034127320513106,100,100,51,7
2.8319171029980428,100,101,62,0
3.7531372274298533,98,99,61,0
1.8752704162743059,98,98,56,5
5.7201755045679477,98,98,41,2
5.8139856119075830,98,98,51,0
1.7018952612344629,96,97,53,3
1.6079127629576975,98,99,44,7
2.1991035620074375,102,103,49,2
0.2303629734497902,100,101,61,1
4.8095197780682959,100,101,53,5
5.1683398953441007,96,96,46,6
0.4503858384998143,94,95,47,0
4.1508059849208756,98,99,45,2
4.3197631005544430,100,101,46,6
4.4629404761055937,98,99,45,0
0.4516730950374861,100,101,49,1
1.4532244187603656,96,97,52,0
0.8745908509805638,100,101,59,7
5.0392760502899741,100,101,45,3
5.1408993215225447,92,93,40,0
0.9822973369203789,100,100,54,0
5.0668737433883324,94,94,40,3
3.9031695208892336,100,101,52,2
4.5600673387504091,98,98,49,6
3.9609645475533806,98,98,55,6
4.7639404383425399,98,98,43,6
4.2481764907869675,98,98,47,0
3.6960132905928234,100,101,49,7
2.3712692705816658,100,101,49,7
0.2174235400757678,98,99,58,5
0.3131012069079375,100,101,58,6
2.8448199596128574,94,94,44,7
5.3313460143373499,100,101,55,5
3.8228606190402497,96,97,51,5
0.9874906031001230,98,99,54,7
3.8840239928842593,100,101,51,1
6.2715187077662593,100,100,47,1
2.1461124492463437,98,99,41,4
3.1922439283147139,96,97,49,5
6.2322659826213833,100,100,59,1
4.1258058318386093,96,96,49,7
4.1641219805805640,94,95,48,5
3.6424740287268338,98,98,47,0
5.5481329679968123,100,101,60,0
4.4456051574760842,98,98,58,7
3.2039416403336567,98,98,44,3
2.4283851436802704,98,99,48,1
5.2158035772082583,96,96,49,1
5.9731607388668824,100,101,53,5
1.7755840179432743,96,97,51,1
2.6900943935509676,98,99,48,3
3.8594744479551255,94,95,45,0
5.5761862259483435,98,99,51,2
4.5048216057015082,96,96,53,1
0.8509905111736679,96,96,41,1
5.3520134831312296,96,96,46,0
4.9022159465728778,96,97,53,3
5.9659217127034578,100,101,55,3
3.2795079078968201,102,103,50,1
2.6291348835550448,100,101,55,1
4.7839162366291514,98,99,47,6
1.8974904169902169,100,101,53,3
0.1243500586221842,98,99,50,1
1.2538097060549913,98,99,44,5
2.7363200321788694,98,98,64,7
2.4387948599663511,100,101,59,3
2.4511954625976289,98,99,54,7
0.6356996573471173,98,99,56,7
5.1299635863224795,100,101,61,5
5.0264974270165190,94,95,50,3
0.9478175424016252,94,95,46,5
3.8785424725019015,100,101,47,7
4.2333928783408457,98,99,53,2
0.2085891342018904,100,101,52,4
3.0170930751698322,98,99,49,4
5.7779482042647485,98,99,46,1
1.4406296383499206,100,101,48,6
4.7979967099755951,98,99,60,1
1.8936268655518673,98,98,50,3
4.7251814899686018,98,99,51,4
4.0328066739538402,96,97,39,1
5.5942667385474509,94,94,52,1
2.1581681605859213,98,99,49,4
0.4628625762936864,100,101,65,1
5.4735803901848525,96,97,59,3
4.9784241134333431,100,100,47,5
0.6253732415450683,98,99,48,1
0.9241894520463320,100,100,54,4
3.7510239360588797,100,101,52,2
2.9460998837981238,98,98,46,3
4.7628410311798062,98,99,51,4
2.0449031625812246,100,100,52,6
3.2216832261970172,96,97,45,3
5.0427153816594945,98,99,53,2
5.1954217764986046,98,99,54,5
3.1152371498878098,98,98,55,2
5.3882895110606777,98,98,47,0
3.2404018570187807,98,99,52,7
4.1580206707109459,98,99,54,5
3.0688903547768360,100,101,56,4
0.2064273339851277,98,99,47,6
6.2635416849503009,98,98,52,7
5.1053277411859472,98,99,57,2
2.5267731583244131,98,98,52,5
2.7251600590053924,100,101,47,1
1.4620290529244226,98,99,49,6
0.7257106541865080,98,99,51,4
4.7260799978018078,98,99,50,3
3.6607941030972118,100,101,58,6
2.0005231200770952,98,98,54,3
4.0943477228225111,98,99,47,2
2.1919040670784184,98,99,48,7
2.8582716490488380,98,98,48,3
5.0471046232196306,100,101,47,3
2.6087384098362314,98,98,56,5
1.9205821176489664,98,98,48,7
1.7700309005134072,96,97,59,1
3.8844154949533136,94,95,55,6
1.9722768640517940,98,99,46,7
1.1179938858492768,100,101,55,5
4.3770162717161343,100,101,50,6
1.8678462348399463,100,100,40,6
1.1076400996670850,100,100,49,7
5.6016952480338977,96,96,44,0
3.8172481899328510,96,97,50,6
4.2954978651050393,96,97,50,2
1.9628229439739153,100,101,54,6
3.7414802357590973,100,100,56,0
1.3554309689181243,98,99,60,7
0.9574433721076203,98,99,48,7
0.1267271761422090,96,97,52,6
4.4801172329356325,98,99,57,4
1.8882511340843537,98,98,52,1
5.7259410557593098,100,100,54,2
2.9884595609103446,96,97,41,3
3.0464787599463028,100,100,49,1
0.6968463098085393,96,97,50,0
5.5031098492166182,98,98,54,1
2.3746476266857863,90,91,44,5
5.6038648136055382,98,98,52,7
3.1511651627281290,98,98,55,0
6.1475606202277975,100,100,58,0
3.0880783594571621,100,100,54,4
2.7068940173552423,96,96,51,3
4.8443036784273419,98,98,59,2
5.4115579836899430,98,99,46,1
2.4777501288937502,96,97,46,4
0.5291920502596610,96,96,52,6
5.2719766315975471,96,97,51,7
5.5078419266308378,98,98,49,4
3.7927800593942194,98,99,47,2
1.6745370364531993,92,92,51,1
5.8573901856400248,98,99,50,1
2.3225086194569213,98,98,51,2
6.0421832344013513,100,100,46,0
3.8867239595538674,98,98,40,1
2.1756732398702798,94,95,45,4
0.2758771725691334,98,98,50,5
0.3976338914331217,98,99,53,4
3.7048885712454851,100,101,51,3
4.7917476452471446,94,95,49,2
5.1350373119159860,94,95,50,3
1.1393312617360147,98,99,52,3
2.1947965417854736,100,101,54,0
5.7050770384269329,100,100,50,4
5.9629449834277857,98,99,47,6
5.8221248109152013,100,101,44,0
5.3528748777597608,100,101,57,3
4.2899915350853846,102,103,55,6
1.3313251189680544,100,100,58,0
2.3450232510489126,98,99,48,5
5.1805753091108189,102,102,47,4
3.0644830617707286,98,99,59,0
2.3426931660616832,98,98,56,1
5.0742970222775305,98,99,55,4
0.6610028714824197,100,101,54,0
1.5124767714668559,98,98,52,7
3.0837809283302411,98,99,49,2
5.7386290223137699,98,98,42,1
4.1842059572361290,98,99,43,0
5.8542972954849448,98,99,52,5
6.2784364925742269,100,100,54,0
1.3285486992440640,98,99,46,1
5.4590650629523036,96,97,48,6
5.2130290437225000,96,96,42,4
2.9154667804137127,98,98,46,3
5.3025950836721831,98,98,56,1
0.7454838804411457,100,101,51,1
2.5198387117901802,96,97,47,1
5.1661886863465325,98,98,38,5
3.1731623633701314,98,99,57,2
5.3138075976926009,100,100,57,1
4.9105689194386333,100,100,54,2
1.8317135857330069,96,97,54,2
5.0579268392848675,100,101,50,6
0.8793889686316435,100,100,47,7
2.2679260472782898,98,99,49,6
0.5328184020596313,100,101,54,0
1.4671538401466706,98,99,51,0
2.1060528564716723,98,98,52,1
1.2059910006017429,92,93,49,1
4.3999214534139934,100,101,62,2
2.4018323650137461,98,99,55,6
0.2910201855591610,98,99,55,0
3.8171807132578857,100,101,47,3
1.4843093314012210,96,97,48,0
3.7023489208689395,94,95,53,2
5.1691014160656854,96,97,47,5
1.1935303892783919,94,95,53,4
1.8282480495197657,100,101,47,7
0.7801579973690598,96,97,49,7
5.5829360196449640,96,97,46,4
3.1672819251667597,94,95,50,7
1.3099153398390899,94,94,62,3
1.8367829979652170,98,99,53,2
0.5064966545913966,100,100,59,1
5.4339667895197836,100,101,50,2
1.0436837550365483,96,96,50,4
4.4720197036859455,98,98,48,3
0.1169905835894179,98,99,45,6
3.5631480916939835,94,95,54,3
1.5872782956979337,98,98,53,2
2.0136572061158167,98,99,53,2
4.7372737954785187,100,101,52,4
6.1027041190365656,100,100,42,4
3.8055015797939116,96,97,47,7
3.1444830646364572,96,97,50,6
4.6397676232329932,98,99,68,5
3.0881453373759409,96,96,43,1
0.2036841199794222,98,99,46,3
1.6338408870019427,98,99,52,1
0.7847228912704719,96,97,44,2
1.6444201180194060,96,97,58,6
2.3371137652174574,98,99,55,4
3.1597799550532923,98,99,54,7
0.6123744562243697,96,96,58,2
0.6756493332964058,100,100,49,1
0.5493985037680811,100,101,47,1
4.7456283953759932,98,99,52,5
1.4872250444373736,98,99,56,3
5.5223345981117111,98,99,57,0
1.7906915549898541,98,99,50,7
1.8902052503068378,104,104,53,5
5.9401589426478543,96,96,49,5
4.5858360563604688,100,101,43,7
3.2406812991860514,98,99,53,4
1.6348619414715655,96,97,47,3
4.5525173246658417,100,100,41,3
4.5438280844404657,100,101,47,7
1.1269290113627544,102,102,44,3
4.9283917199265561,98,98,50,1
5.7367989146794738,100,100,55,1
1.0336865924019398,100,101,54,2
5.4023623763261304,98,98,60,7
1.2046237064450329,100,101,53,1
0.4343577262052611,98,98,55,0
0.0618894609311145,96,97,45,1
5.7936327790609363,100,100,45,7
3.6758721786706761,100,101,57,7
0.7057460866017381,96,97,55,7
4.7943041502823922,96,97,45,5
3.6289368845743297,96,96,57,1
3.4270048320342452,96,97,49,1
3.5186997327153260,98,98,51,4
2.3920313186119997,100,101,62,4
0.1195942957432838,100,101,60,2
2.1350194793693911,96,97,50,0
5.3158181401475533,96,97,57,1
4.4339565514296222,100,100,48,4
1.4879692667010260,98,98,47,4
2.9750861686166177,96,97,43,5
0.7934798561337326,98,98,42,1
4.5160068167514318,98,98,44,7
3.7398409944049686,100,101,54,4
1.6853219696144972,98,99,53,0
0.7369651297006462,92,93,55,7
3.5363994933525955,98,99,51,0
5.9344867813120601,94,95,48,7
0.9020552433379068,98,99,57,4
4.1639956135632881,100,100,50,0
3.1666428813101004,98,98,39,2
2.7740641028138464,100,100,46,4
5.1704393387883147,100,101,52,0
3.8641652587702588,98,99,54,5
2.6767221377453732,98,99,53,2
4.5318300339056616,98,99,45,0
2.5550806194340567,100,101,47,5
5.0876166942486991,96,97,63,5
0.0160821135940608,98,99,66,7
0.0971612797051705,100,100,56,2
3.7372953880374560,98,98,55,0
1.8825288330126522,98,99,48,7
5.4559075907815346,100,100,54,2
0.1478147875986963,100,100,54,2
1.1539025406586512,98,98,62,1
5.3845533487477075,104,105,55,1
6.2655268820329759,100,101,55,1
3.0107421290020389,98,99,54,3
4.5161343418910160,94,95,45,2
5.9434847396308701,94,95,51,2
3.7799996134853533,96,97,45,7
1.8358571028229944,98,98,53,2
4.0770096934977333,98,98,46,1
2.3488903811894621,96,96,42,4
0.9233713623157920,98,98,41,2
4.9720554349526518,94,94,47,4
1.1535310345103624,92,92,54,0
1.2658584877152859,100,100,55,7
4.5404837148797359,96,97,59,3
5.8879009664110118,96,97,37,3
1.0313443356159766,98,99,56,3
5.9633756252506078,96,97,60,6
4.6519306991146623,98,99,48,5
3.0622463724395219,98,99,52,7
1.9430295404236473,98,99,43,0
6.0760969653710193,98,98,50,1
0.4081913421525186,96,97,60,6
2.1934470529598928,98,99,55,2
4.8972662098873707,98,98,50,5
4.1610141482856262,98,98,48,3
6.1218483198394509,94,95,48,7
5.7476129913415326,94,95,50,3
5.1042106132749465,98,98,52,5
1.6297680142066873,100,100,58,0
5.8965543576099524,100,101,55,3
2.0274228842557291,98,98,49,0
1.4936788917631258,92,93,47,7
0.2902362528690752,100,101,53,1
1.4742643218162770,100,101,50,0
0.8613488920383068,98,99,41,2
4.8458893609028619,98,99,54,5
4.5701266579567950,98,98,52,1
2.7207588139666439,100,101,41,5
6.0156628465711837,100,100,54,2
4.9047168621351718,96,96,47,1
5.7653658762545090,94,95,53,2
1.1456854284674853,100,100,49,3
0.2082216053843362,96,96,53,5
0.0260721624417536,100,101,47,1
0.4840947793614804,98,99,48,5
5.6346138123918728,98,99,49,4
2.7030870623689096,98,99,55,4
4.9704600962477370,98,99,56,5
2.4436776916624172,100,101,58,2
3.9501365604866416,98,99,46,1
5.5031177265793696,100,101,49,1
0.1507358289811404,98,99,51,6
2.2895392375171473,94,95,58,7
0.0184511173456452,100,101,67,1
4.1607022686250748,98,99,61,2
0.0038968590537268,100,101,57,1
3.3329384880857580,98,99,43,2
2.5720973857736174,98,98,46,7
3.9233306401279839,100,100,52,4
5.6339792168957432,98,99,61,4
2.1011109152780043,94,95,49,4
5.3403793564175857,98,98,50,3
4.6516501409761783,98,99,55,2
5.2940568552324523,98,98,49,4
1.8784969648827170,94,95,49,2
5.6102382825956836,96,97,43,1
0.4504671321276302,98,99,41,2
3.8036228525006308,100,101,56,0
0.7312194918881123,100,101,44,2
1.1862402259830147,98,99,54,1
5.1217875156998636,96,96,54,2
5.6103011774298395,98,99,52,7
3.4232701108839882,102,103,61,2
3.3399735128388253,98,99,53,0
0.1735164498857584,96,97,51,5
1.8093838398354973,96,97,45,5
1.2939706290313635,96,96,42,0
3.6031028617159127,96,97,47,5
5.3479537246767137,98,99,44,7
0.3334585155523618,98,98,49,6
0.5375574242412772,98,99,54,1
2.9965037438927609,96,97,50,6
2.6452225694424514,100,101,53,7
0.8414039436099059,98,99,56,7
0.0525749012706686,100,101,49,1
5.1681246780524690,96,97,44,2
2.2249568317200090,96,97,45,5
5.1228393831404997,100,101,54,0
4.6077121439982109,94,95,56,1
5.2589936789949849,96,96,59,5
3.6006436098908683,98,99,50,3
0.2845827167477525,98,98,51,2
4.3644035048725396,96,97,49,7
0.9611574497564565,104,105,56,2
5.6766038094857745,100,101,51,7
2.9926737148396616,98,99,54,5
2.5214675459875751,96,97,53,5
0.2474874195569785,102,102,45,2
2.7176193575578056,98,98,50,1
1.3184006546737526,98,99,47,6
2.9612511132732404,98,99,48,5
4.4446840043098010,98,99,57,4
5.7620248735444894,100,100,59,5
4.4801628998603693,100,100,48,0
2.2785041979189469,98,99,47,4
6.1780277486844408,98,98,51,2
0.8704159269560949,98,99,45,4
3.8716632739854555,98,99,43,2
0.2180521079034638,94,94,49,0
0.0183559746768583,100,100,49,7
1.7867203724864451,96,97,56,2
1.1297997609200239,98,99,53,2
3.3640626615379308,98,98,51,2
2.4354130887328296,98,99,52,7
1.7377469069180993,98,98,49,2
1.7753995477251983,98,98,53,2
1.9512850140076563,100,100,61,3
1.3028701482008289,98,98,59,6
0.6040776823944934,96,97,52,0
5.9554658658397353,100,101,54,6
3.2068372939234404,100,101,55,5
1.6421867207484671,98,99,59,0
0.2958588039764901,98,99,51,6
5.9316399864213993,98,98,53,2
2.3300539513712555,100,100,47,7
5.3776001562554612,98,99,49,2
1.7855236889165464,98,98,50,5
3.2972399402286507,98,99,51,6
4.8842969884742438,100,101,50,2
5.3637872019642661,98,98,50,1
0.0701052767698941,100,101,49,5
0.7440617792316959,98,98,52,5
4.4153227717559345,96,96,55,3
0.1615379260856255,102,103,53,0
3.7674576092918799,100,101,64,4
6.1180326289354792,100,101,54,6
5.8807650003073269,98,99,46,5
0.9893097644858224,96,97,42,2
0.8173028257107681,100,101,46,2
1.7591148478003749,96,97,52,6
3.2931783415854454,96,97,50,0
1.1695817710066432,98,98,48,7
0.8504920239344886,100,101,61,3
5.9585937329473841,100,101,59,5
3.1947628310255629,94,95,46,1
2.3655887548281020,96,97,43,5
0.9622620446973099,100,100,44,2
2.0246025912992662,98,99,57,2
0.6265442602553926,96,96,40,4
3.7097086135967552,98,99,56,3
5.5691697175884238,98,99,44,7
4.7800772006440253,98,98,54,5
4.6057983621527132,100,100,42,2
4.2173798361210242,98,99,49,6
6.0767280900114136,100,101,53,3
3.7437976149768653,100,101,45,7
3.2538361401903382,96,97,45,7
5.8158086141136591,98,99,53,6
3.9356236228544415,98,99,51,2
1.6296386673441829,98,98,57,6
2.8781542552779378,98,99,49,2
5.0674940661731620,98,98,50,3
3.8379331029514079,100,101,51,3
2.2943614228109181,98,98,53,6
5.0593433392970191,100,100,54,4
3.1383303775594289,98,98,46,5
1.4628356572270034,100,101,60,0
0.9358438767636393,100,101,55,5
2.0589212533244567,98,99,52,1
0.9582925620314159,98,99,56,1
2.6307714656358274,98,99,58,3
5.8109225179478461,98,98,48,1
1.8502364028214848,98,99,58,7
1.8142493217727647,98,99,39,2
4.8254960653719614,98,98,43,4
5.7382535818648952,96,97,64,6
2.6784924399017922,94,95,51,6
0.4303830138212625,100,101,44,6
3.9606985758436677,98,99,45,2
0.7445179678461922,98,99,52,3
5.3763903044095276,98,99,46,7
4.4312985205432538,98,98,53,0
3.4092086225285052,98,99,49,0
5.0003877527924656,96,97,50,4
2.5390578314875962,100,101,46,4
2.8243511295928938,96,97,50,6
1.6625289864461055,100,100,52,2
1.2534649020775956,96,97,61,7
3.3947524074448574,100,101,52,0
1.1369226926839704,98,98,46,7
2.6292880395143521,98,98,51,4
3.6443914768682122,96,97,50,2
5.6291328965687244,96,97,58,6
4.1341394364925463,98,99,59,4
4.1681678203804129,98,99,61,6
1.6909889469347901,96,97,52,6
0.9909035874549138,98,99,51,4
6.2242062871107606,100,101,49,7
3.2756951589277201,98,99,50,7
1.3235349048743430,98,98,53,6
3.8399827585714106,100,101,49,3
1.7280298221686203,98,99,48,1
1.0413123367912844,100,101,49,5
5.9356900433669848,98,99,60,7
2.6240810102670560,98,99,56,1
5.5890249260673484,98,98,63,0
5.0830440752872095,96,97,47,1
4.3729652457148678,102,103,61,0
3.2759227511526983,94,95,47,2
1.1472648052773780,100,101,44,0
4.6952115844593951,100,101,60,6
1.7209969969846990,98,98,42,1
2.5807042800320188,100,100,51,7
3.4010374657499294,98,99,50,7
5.3289724481270531,94,95,45,4
3.1046116570282800,96,97,64,6
0.5174504188657272,98,99,57,4
1.5188533917700735,100,100,51,7
4.6420027941507724,100,101,54,4
2.3164759607140173,98,98,46,5
5.0143171145374392,100,101,48,4
0.7234800794194288,100,100,56,0
0.4544617219108321,100,101,50,0
2.5853645384343649,100,101,45,1
1.9615705657577815,100,101,51,7
5.7953448856421934,100,101,51,5
5.0385619689562668,98,99,58,5
0.7142585503078119,98,99,53,2
2.9801047174737163,100,100,61,1
0.3309349101447054,96,96,57,7
5.1118324750545616,98,99,47,2
3.1090894572026317,98,99,56,5
2.4517740273395501,96,97,46,0
5.3181701916490667,100,101,47,3
0.1118237441135010,98,98,49,4
2.0896914743806874,98,98,58,1
4.7339790993184279,100,100,47,5
0.9314821863753908,94,95,63,0
1.4855291214499227,100,101,48,2
5.5715492455413429,98,99,41,2
5.8106485356584159,100,100,53,3
5.7256304182394375,98,99,51,2
1.9631824610505373,100,100,50,0
2.8339303030826648,98,99,57,6
3.2901379673486155,98,98,47,4
1.6019983688727588,90,90,48,7
0.7142250999972792,98,99,56,3
4.6782499159941278,100,101,55,1
5.7322222921637991,98,99,53,2
2.2372459246915719,98,99,53,4
3.9678152282473831,92,93,41,1
0.2627200812707616,98,98,48,5
4.5836900264512277,98,98,51,0
4.3834367365022588,100,101,56,0
1.1203874477914437,100,101,59,1
1.7633051177975283,98,99,57,0
0.5941256780946323,98,98,53,6
1.8460022954770814,100,101,64,0
6.2004707712882636,100,101,57,5
3.8684762698408917,98,99,52,3
5.3180579341785137,96,96,54,2
3.8974544444682340,100,101,48,0
4.3755367363651398,96,97,52,6
2.5257807337674820,96,96,57,3
5.3648795096828694,96,97,53,3
1.6226321310108616,96,97,48,0
3.5051000132080441,98,99,55,4
3.8827159292731412,94,95,49,0
3.2373271612363057,96,96,54,0
4.2226155183439165,98,99,48,5
5.0693282198211262,100,100,49,1
0.8008145055402999,98,99,46,3
3.2783118213808424,100,101,44,6
3.1841412217049485,98,98,44,5
5.1217633223850125,100,101,50,2
0.2287680732715507,98,98,47,6
6.0960831319354449,98,98,50,7
5.0765633806481301,100,101,46,2
2.4244829412850080,98,99,58,7
5.2620329480059311,98,99,63,0
4.2324128705565833,98,99,48,7
5.0531034906611989,96,97,46,0
1.0657969220511812,98,98,42,7
0.5987125061005732,100,101,53,3
1.3601960419453933,98,98,58,5
2.5184124764754143,98,98,47,4
4.8654167583903893,100,101,52,6
4.3077616740550200,98,99,47,0
0.1008860789248617,98,99,52,3
3.9064808257256280,100,101,49,7
3.6953014247410345,98,98,45,2
3.3008086450453371,98,99,53,2
0.5040102605642331,100,101,52,2
3.1314445368489587,92,92,45,1
3.9411103389113107,98,99,47,6
0.3222183704182826,96,97,55,3
0.3222864067443808,100,101,53,1
1.9138268193879715,98,99,48,3
0.9628580318095213,96,97,44,0
2.1173065522780621,100,100,52,4
0.0356416886639593,100,100,51,3
3.0252831218709435,98,98,43,0
4.8544143798134245,92,93,52,0
5.1383251356894393,94,94,57,4
5.3278921258539222,100,101,55,7
3.5805993733988046,100,100,56,6
3.7916435721603081,98,99,40,3
2.7440191100576765,98,99,48,1
3.3657762822155939,100,101,45,3
5.7194131161238566,94,94,43,6
1.0059272317489956,98,99,59,6
0.5120020683041021,98,99,45,6
1.0017413517662370,96,96,48,6
0.8122923581460475,96,97,57,3
1.6723696876340481,98,99,45,0
5.0978532642995562,96,97,56,0
4.4565072565349428,100,101,50,2
3.9224022009187389,100,100,52,0
5.7993301117098914,100,100,47,1
0.5331223985291390,98,98,46,1
4.1358101155306546,98,99,55,4
6.2102658214172992,100,100,51,3
0.9634799399883974,100,100,51,3
3.6081558963217848,98,99,40,5
5.1418829082726774,100,100,52,4
2.0258716283095564,98,99,54,1
3.2531261878284385,94,95,59,0
2.8969913134708767,96,97,58,4
2.6315263594418514,98,98,51,4
1.2484921266997362,96,97,43,1
3.5020031417892770,100,100,40,0
3.1533657300171178,96,96,45,7
5.6924056215525800,96,96,62,2
5.1248318134490738,92,92,56,4
3.0249024178370369,98,99,46,7
0.5742183807194270,98,98,56,5
3.9782783387926770,100,100,43,7
2.7550575738379446,98,99,46,5
4.8753035275670191,98,98,51,4
0.7328002335362546,98,98,51,6
4.8162066422115082,96,97,43,7
0.1169601093254101,104,105,65,7
5.0177953649928773,98,99,50,3
0.9772696138213569,98,99,49,0
2.0843097249116469,98,99,54,5
0.8358150149142453,98,98,49,0
1.8493406015813383,96,96,40,6
5.7092781078946073,98,98,45,6
4.0781123274998041,100,101,40,6
5.1540807567974447,96,97,47,5
3.7748146487046093,98,99,53,6
5.7227407322875763,98,99,49,2
2.2816418969311374,100,101,56,0
5.2198985420828219,98,99,49,6
2.1723222305478509,96,96,51,7
4.1052417554581462,100,101,48,0
5.3354254419245581,100,100,46,4
0.3174154661911800,98,99,47,6
2.9989261091235697,98,99,44,1
3.8862869349447609,96,97,52,2
0.7373733490563376,100,101,60,2
3.4429917592921324,98,99,50,5
5.9039415478311890,98,99,59,4
4.2269412477284867,102,103,41,6
4.4521756856483892,94,95,41,6
1.6799794943200925,96,97,53,3
4.2593045573364581,98,98,54,1
1.2396739028184838,98,99,43,6
2.1260166483993146,100,101,51,1
5.9321676676119885,100,101,57,5
6.0583436600019427,96,96,45,7
4.1712966853893274,92,92,46,2
3.1004007807966842,96,97,47,7
4.4457260511380019,98,99,43,2
1.0259616141180683,100,101,45,3
4.2211887126096679,98,99,52,5
4.4332939300960801,98,99,54,3
2.7213338433979608,98,99,57,4
2.1612168068239850,100,100,55,1
1.0827141579920021,100,101,53,5
6.0726872026588889,98,99,47,0
2.8359938281782662,98,99,50,7
5.9554925246807286,98,98,54,3
1.0852223912327241,98,99,47,4
1.5725695740742596,98,98,44,5
3.6198190215991337,98,99,59,4
5.5522462076028862,100,101,59,7
0.0557864439991006,100,100,45,3
0.4163200769343756,94,94,48,7
0.7687153459439966,98,99,51,6
1.0989375025194938,94,95,49,0
4.1758900607579879,100,100,53,1
0.8724337800511555,100,100,61,1
1.4629253602454193,98,99,52,7
4.4303327479644654,100,101,56,6
1.6641211644202936,98,99,54,7
3.6580828103744980,102,103,52,3
4.8071326391072420,96,97,56,6
5.2969915960514848,98,99,47,2
6.2360294854865037,98,99,57,4
2.1090357453491304,98,98,42,7
4.9015285175322418,100,100,45,1
5.6114562192064490,96,97,44,0
4.7108865193288150,98,98,51,6
4.3384329170659965,96,96,47,5
2.0643930579317122,98,98,42,7
5.6855041368508550,100,101,49,3
3.0652224033581428,98,99,46,1
1.5136822612013983,100,100,58,4
6.0071140239018597,98,98,44,7
4.2189995566487459,98,99,55,2
3.5426558317952050,96,97,51,3
0.7699950519659469,96,97,49,1
4.2154037328889498,98,98,44,7
1.8445618349126105,100,100,57,5
6.2621564974089141,98,99,49,4
1.1293389102970708,98,99,53,4
2.2849544815727376,100,101,44,6
0.6236453725853922,100,101,61,3
4.2626376867912539,96,97,51,3
3.6545528608113420,100,101,56,0
5.2513186307748603,94,95,48,5
2.6330624611087319,96,96,49,7
1.1051698792086393,98,99,57,4
1.4537288914254536,98,98,54,1
0.1153725891497831,102,102,55,0
0.0352377906856492,100,101,50,2
2.1851515393852674,96,96,42,4
0.1450218893471102,100,101,45,7
0.6297050488761095,100,100,53,1
0.9119612873933545,100,101,54,6
1.8599406433931420,100,101,56,2
3.8623604463760759,100,101,37,3
4.6243670191182957,98,99,50,3
0.9842337728071334,96,97,54,2
1.6847806514871093,94,94,53,2
1.8729935577457859,98,99,58,1
4.9008506442965389,98,99,47,0
4.9393392297391676,98,98,56,7
5.3217456127637384,94,95,52,3
4.6610283496090625,92,93,53,5
1.4248362585016947,98,99,51,2
3.5331544343665331,100,100,59,1
2.3750049785049119,98,99,55,2
1.3165051752747565,98,99,51,2
1.3608908587810242,102,103,56,1
5.8201636960560155,98,99,45,6
3.6376280830537135,98,98,55,4
2.7668010676529784,100,100,47,1
5.8174130955278134,96,97,49,3
0.8730525792753385,100,100,51,3
1.6383914707285692,98,98,48,7
3.6506456406876904,100,101,52,2
3.9662222011951815,100,100,52,0
2.7656128066704606,98,98,53,6
3.4814759571312730,98,98,51,0
5.0918474790163177,98,99,52,3
1.4107069339487450,98,99,55,0
5.7295064253051686,98,99,56,7
5.4633669672866825,98,98,49,2
3.5436505008811765,96,96,57,1
1.7451302836570222,98,99,49,4
4.2067995417428161,98,98,50,5
5.7192939572148500,96,96,44,0
4.6825856594254329,98,98,57,0
2.5468892510658301,100,101,47,1
4.6809473294699036,100,101,47,7
4.9969841515103139,98,99,53,4
1.3454185721591676,98,99,49,2
3.8155176304768634,98,99,53,0
3.9201119941971601,100,101,51,3
0.6772203495474443,98,99,54,3
4.3837291338847901,100,101,51,1
3.8028244148196628,98,98,44,7
0.1756134664826513,98,98,55,4
5.1178199774313482,100,101,48,2
2.5850623590815118,98,99,57,2
1.5760252431146518,98,99,52,5
4.2780704356026655,98,99,55,0
1.8380240488113593,96,96,52,6
0.8887717811376230,96,96,53,3
2.2849943878050123,98,98,48,5
0.6024559982764478,98,99,57,2
0.4711287186481424,100,101,47,5
6.0154780207604892,98,98,55,6
1.1814474663620806,98,98,52,1
1.2352713648111129,98,99,57,4
1.3558722097566165,92,92,49,5
4.3570997316376623,98,99,53,2
5.2810486124728522,98,99,57,0
3.4643191428267861,100,101,52,2
2.5694943192104094,98,99,53,2
6.2203178816826385,96,96,44,2
5.3085883610718136,100,101,50,0
2.1875015729621179,96,96,50,4
1.3020289062300583,98,98,51,0
4.6793826313631106,94,94,47,0
5.0121135076422814,96,97,45,3
3.0305988915408610,92,93,49,5
2.6042188754822564,100,100,47,7
3.1330593802521824,98,99,47,2
2.5268772353077433,100,100,46,6
4.4852081299913884,96,97,50,4
1.1390545516425543,98,98,52,7
0.6452872116657929,98,99,52,7
2.3465709175559435,98,98,48,1
1.4942749090158511,98,98,47,6
2.0946627851821478,102,103,60,5
5.8651416803905301,100,100,51,1
4.7425777219212044,100,100,52,0
5.5590725253702526,96,97,47,3
4.0886394880411787,86,86,43,4
0.8924436633339887,98,98,43,0
4.7857400062152875,98,98,44,1
2.6134980008137205,96,96,55,5
6.2433572490991232,98,98,54,7
3.6829022648563217,96,97,49,1
2.1644084434505229,98,99,55,6
3.4389763945527632,98,99,52,3
3.6366269370367315,96,96,50,4
0.4287452384894153,100,100,49,1
0.5170546449214749,98,99,49,2
3.1062062061989044,96,97,53,7
1.5888542737282694,98,99,52,3
4.2520329929543816,98,99,59,0
0.6760352803796208,98,99,54,1
4.1246505946720120,102,102,51,4
6.1960872830435658,98,99,55,4
4.1146512218216431,98,99,41,0
3.6613902662388669,98,99,50,1
3.9255457063262424,98,98,49,2
3.8670433999956568,98,98,47,2
4.7777649741592105,94,94,32,1
0.3808497977769035,102,103,58,1
3.6911136591983955,94,95,49,6
2.6463887246965547,96,96,57,3
0.6827672320710267,98,99,56,3
2.5815736804456253,100,101,45,7
1.9455093428427099,100,101,47,7
3.2628227807005792,98,99,52,3
0.2393909125490192,98,98,56,7
3.7964407972424463,100,101,62,4
2.8853540474371733,102,103,57,2
0.6070992325147324,98,99,55,0
6.0315989273428077,90,91,44,3
1.4989501021813822,98,99,47,2
5.5636807952893186,98,99,46,5
1.6410873917593862,98,98,51,2
1.9143087489489901,94,95,41,0
2.0644084438993366,96,97,50,6
1.5329171960175385,98,98,51,0
0.5272960696448648,98,99,47,2
0.3266906757371004,98,99,52,5
2.6926366227361145,98,99,47,0
1.8474052494124085,98,99,51,4
1.7032355211621233,94,95,46,5
0.0571292824040674,98,98,50,3
2.6286167500443582,100,100,51,5
6.2728044076133882,98,99,50,7
2.9635283854113559,98,99,47,2
1.4176960805379546,98,99,53,4
1.1524178017046081,100,101,43,5
1.1336823560210318,100,100,52,6
5.1148808667611592,100,101,49,7
3.4221024465301157,98,99,58,1
0.7473058320144425,100,100,62,2
3.6325936715354170,102,103,62,3
1.6184410110777949,98,99,52,1
1.2087115190818585,100,101,48,0
6.2099707823073231,98,98,51,0
2.7475798536384324,92,93,43,1
4.6352336432895473,100,101,45,7
6.0906568025272900,98,99,51,0
3.1383783055652019,94,95,54,7
1.0600932968948951,100,101,42,6
5.1930527475216373,96,97,53,5
1.2421781358539179,96,96,51,1
0.2290097078850251,100,101,51,1
0.2889338814401181,98,98,49,6
5.3264949069782874,100,101,46,2
6.0526700507763218,98,98,50,5
3.1536553887969654,102,103,53,2
3.6360432641320357,98,99,53,2
1.5540910244329931,98,99,52,5
2.9981231736160914,94,94,50,7
0.0335016656161808,98,99,52,3
3.3703074731151470,100,101,55,5
1.6309105845471825,96,97,50,0
2.0665161599377773,100,100,57,7
4.9263148217297941,96,97,48,6
2.5387946536716548,100,100,56,0
1.5882831270414515,102,102,50,7
5.7467533527144745,100,100,49,7
2.5455327230344231,96,96,57,7
3.4436132085375903,98,99,54,1
3.0837917775613586,96,96,50,2
3.9582519992199745,100,101,52,0
5.9731528640068952,100,101,53,1
3.1176984964928343,100,100,45,1
3.1203419573011151,96,97,58,0
1.6376282501039285,98,99,51,6
3.2054938971070324,100,100,44,2
1.0927487512841159,98,99,49,0
5.0907142735989064,100,101,53,5
1.0130800056546965,96,97,60,0
3.0456794210738583,96,96,46,2
5.9429796082303046,96,97,52,4
0.9897953492905134,96,96,46,2
0.2976659785928332,102,102,43,2
5.2527831137049050,96,96,45,7
3.9627796254689605,98,99,57,0
4.4699872181113207,98,98,47,0
2.2875138067440348,98,98,52,7
1.3288217837614476,100,101,50,2
3.9483589404171249,98,98,47,0
4.9619463735911769,98,98,55,0
5.9099750780452460,98,99,49,4
4.5740764988352289,100,101,46,2
4.6112475580124981,98,99,55,6
4.9669374597960978,100,101,51,7
2.8335929820297334,100,101,57,5
0.5996440480302609,96,97,55,1
3.0959454690356729,100,100,46,6
1.7222101263903018,96,97,47,3
5.1077952229949881,98,99,47,2
3.2480699165741083,90,91,50,5
4.8754948752541294,98,99,48,5
1.6592063643964998,98,98,56,3
5.6936712952685546,100,101,55,5
2.6440418895944453,96,96,53,5
4.0319666917165105,98,99,49,6
4.4447586688733889,100,101,55,7
5.9622180222223031,94,95,46,5
5.9831710529124171,98,98,44,3
5.6756110719232638,98,98,50,1
1.7426473201317854,98,98,46,3
5.9150599859951054,98,98,43,4
0.6960878304174447,98,99,47,4
2.4104809110137797,100,101,61,3
3.6503218472240988,100,101,58,2
4.9255892411005737,100,101,55,5
1.4018482349808938,98,99,54,5
2.0531286390421393,98,99,55,2
3.7779115471600280,98,99,43,0
6.2490923745496811,98,98,47,0
5.9420113689052982,98,98,47,6
0.6171736141615466,98,98,55,2
2.6181917873185636,94,94,56,7
2.1788109652311416,92,93,49,7
0.3412810299539088,98,98,52,5
3.0113324794236487,98,99,47,6
0.5398936993848885,96,97,55,1
2.0376048020561437,98,99,51,4
4.3502097503201353,98,99,47,4
5.0794230034696728,98,99,55,6
3.5739464155112737,98,99,53,4
2.8125052900347631,100,101,50,0
2.8596806149562974,100,101,51,5
3.1917414037396159,98,99,53,0
4.5947744528770720,98,99,49,6
4.0458306873536980,100,101,50,4
4.4899996569837359,98,99,51,0
0.4803776907471082,96,97,45,1
2.2065281069942562,100,101,53,3
6.1298500951562298,98,99,55,0
0.9716639798093003,98,98,55,2
4.8135003846032953,100,101,47,7
6.1270241651487982,94,94,45,4
3.0249880816589796,100,101,49,5
4.2429054112615070,98,99,48,3
5.3100087301934087,96,97,51,7
1.2631945104371081,98,98,57,4
2.2069585101483700,100,101,51,1
1.1592605855592941,102,103,55,4
5.6619932041868601,94,94,38,5
3.4161312702317446,94,95,51,6
4.4724599637679443,96,96,40,6
0.3504510703448909,94,95,47,6
4.2021608444361940,92,92,36,4
1.8720668121822002,100,101,58,6
5.0669877938081402,92,93,48,4
5.3118674813351072,96,96,50,0
0.2367609893622529,100,101,57,1
5.8228269425557766,100,100,52,0
5.4981858386020566,98,98,56,7
1.1218535372455534,98,99,54,1
0.6787210939124870,98,99,52,5
2.4403228055850357,98,98,53,4
3.0919977008637467,98,99,62,5
0.5605224244174772,98,98,56,7
1.6417710951585891,100,100,51,3
3.0798159142000672,98,98,42,3
1.2394955820291160,100,101,50,2
3.1136758965781475,100,100,56,0
1.2661173259931053,98,98,48,5
3.7628535126420624,94,94,50,5
5.8520120007397018,100,100,58,4
1.0761211719335779,100,101,49,3
2.9171305444509246,100,101,62,0
3.0465749756946976,96,97,39,3
1.0157246614951154,98,98,54,3
0.3737554604325541,96,97,49,3
0.2512219978702484,100,101,63,5
4.9937833057974466,98,98,42,1
4.9076380516274254,98,99,50,7
3.4327690005886971,100,101,49,5
1.9219624906766677,98,98,52,1
2.6001135631939465,100,101,56,6
3.9583011979901781,100,101,55,7
3.4349783443471722,98,99,48,7
3.1046205015450470,100,101,48,0
0.4390234193162306,98,98,42,5
4.4580220843249005,96,96,54,6
5.9818673847196742,100,101,51,5
2.1163748025753026,100,101,57,7
6.2342130637412936,100,101,51,1
4.4722273283058955,98,99,61,2
3.3842433778088719,96,97,54,6
3.0594662465765197,96,97,51,7
5.0910994040896238,98,99,48,1
2.9014495183284250,100,101,51,5
1.1068581307691276,98,99,54,1
2.6444165725125224,96,97,51,1
0.1151778737911806,98,99,56,5
5.7139968711498703,100,100,54,2
2.6327872395288874,98,99,49,4
1.0600676012257420,94,94,49,4
1.5263486036415630,98,98,54,1
2.8297414462122861,96,96,44,0
4.6277629037780548,100,101,52,0
0.7291065567346586,102,102,50,7
3.4563176787881775,94,95,51,2
2.3971051223376620,98,99,57,0
0.0562284711152161,96,96,50,0
0.5128767034778726,96,97,44,4
0.5282317255831230,96,97,49,1
3.0587192430464896,98,99,47,2
1.2822295756776911,98,99,50,3
5.0198363611472487,96,97,45,1
2.8684268268278421,98,99,52,7
5.1393065412993559,98,98,55,2
3.8973201595962186,96,97,52,4
4.4427706354515255,100,101,55,1
0.5423230544335610,100,100,43,1
2.8097864071724485,94,94,53,0
0.4340990216409536,98,99,60,3
4.9321727758780973,96,97,50,0
4.0483770981154823,92,92,40,2
0.9786627502285676,100,101,52,6
4.1606319772238107,96,97,47,7
3.4449413138776723,96,97,51,7
1.5524321547628970,98,99,42,5
1.9572479363784774,96,97,44,0
3.6764403207339109,98,99,45,0
5.7797420474337562,98,99,52,3
1.4475833945710515,98,99,56,5
6.1610459786636627,92,92,48,6
1.4496596304032732,94,95,56,3
3.2891246384484960,96,97,50,4
1.5067404172455054,98,99,53,4
6.0431435014404071,98,98,48,1
1.0458624118821642,96,96,53,1
2.2107591940098525,98,99,53,4
2.7941300252246681,100,101,55,5
5.6284606196751596,98,98,51,4
3.1559050225599066,100,101,43,3
3.4333560766317728,94,95,57,2
3.0786647282318884,98,98,52,7
1.0004993050103830,98,99,47,6
2.2825271103475120,100,101,54,2
3.7451996043657432,100,101,50,2
0.7868414189921332,98,98,49,0
3.3037451092531489,94,94,55,4
6.2190422477630776,100,101,54,4
1.7772353018670148,98,99,49,4
0.9444260837378953,100,100,46,2
4.0542465691570291,98,99,44,1
4.6784388439878697,98,98,45,2
1.2189599066344745,98,99,49,4
2.6895077857980483,98,99,59,4
2.0180053882807645,96,96,50,6
5.9369255514490691,96,97,54,4
3.3351161646815197,98,99,49,4
1.6189346243830700,98,99,56,3
6.1767677095894875,96,96,59,3
1.8687955802027594,100,101,55,3
5.2443683275846631,98,99,53,2
1.1775944776080911,100,101,56,6
3.0906924875259731,102,102,58,1
3.4026509586134868,98,99,47,4
3.6166801030422402,96,96,49,7
0.8375871565152240,92,93,56,6
0.8322961925758400,100,100,48,6
1.7134828238234221,100,101,41,5
1.3329673334906034,98,98,55,4
2.9168864940390504,100,100,53,3
0.6223382149151130,98,99,48,1
0.8401718686517317,98,99,64,5
4.2400168045669178,98,99,43,2
1.2613880375236566,100,101,50,2
2.8114382147107979,96,97,46,0
3.8491224105637833,100,101,54,2
3.4727161843449590,96,97,52,0
3.0917158295337264,98,99,58,5
2.7835994996209350,98,99,51,2
4.9215328102476041,98,98,54,5
6.2450965458600489,98,99,54,1
6.1443697105710866,98,99,45,0
0.9597889869592627,98,99,51,0
4.1063013585763564,98,99,51,2
4.6947266079582883,102,103,47,2
0.7828243904452726,100,101,57,7
4.9815914639196492,100,100,54,2
2.1547713890370770,100,100,46,0
1.4780237932234748,98,98,56,5
0.6026633177101798,98,98,54,1
1.5574716006498963,98,98,46,3
0.2268707228592010,96,97,49,1
3.9018614177658972,100,100,59,3
0.6621144417034588,98,99,52,7
4.0071719866365063,98,99,46,1
0.5303953667654192,94,94,47,6
4.3612352307412996,96,97,41,7
1.1257835621891257,98,99,47,0
0.0109587908763992,100,100,45,7
3.2499161540305144,100,101,54,0
2.8714456225024469,100,101,55,1
0.8653000763512044,98,99,48,7
2.8658386998550860,100,101,42,6
1.2007111726179271,98,99,54,3
2.5351228666412942,96,97,55,3
4.3238496384904490,100,101,56,0
6.1486435323590225,100,101,52,0
6.2220191175996824,98,99,50,7
2.9828716460823723,100,100,52,6
1.2931154155207225,98,99,45,4
1.8765143023499866,96,96,57,1
2.3164791495569639,98,98,48,3
5.1784456392621356,98,98,58,1
4.3236217223680029,98,99,48,5
4.0738026197330344,96,96,49,3
4.4111718286836563,98,99,57,0
3.3066346513839404,98,99,56,7
4.9619731779020366,100,100,49,7
4.3112632947791072,96,96,58,2
5.4374757652998573,98,99,52,7
0.3338025186149279,98,99,62,3
4.2381142403327230,100,101,57,5
2.0734857497020682,100,100,58,4
1.4799481387385762,100,101,44,2
1.2476037285143837,96,97,50,2
4.0656576874014370,100,101,47,5
2.7447951473537779,100,101,52,6
4.6799071107541499,96,97,55,1
1.8312710605112794,98,99,48,1
1.6469632686218421,98,98,55,6
5.3602471821549997,100,100,54,0
3.2646877816896627,96,96,51,3
4.7720440445437520,100,101,56,6
5.4127813403329181,98,98,43,6
3.8854132928105596,100,101,48,0
3.4277630923834668,100,101,57,3
5.2614145099973699,100,101,51,1
0.2845078273690480,98,99,50,3
3.0844164158069369,98,99,40,7
4.0814538309936816,100,101,48,0
4.6587127220201117,98,98,60,1
1.3248893635741912,98,99,50,5
2.8980042118997162,96,96,43,5
4.4567199400857316,100,101,49,5
2.3014948047657460,100,101,53,7
5.2777185144084209,96,97,58,0
5.5385966549981704,98,98,63,4
3.3742921013374199,96,97,49,7
1.8890294917148318,96,96,48,2
4.5637176501476739,96,97,58,4
0.2544572889998993,94,95,49,0
4.7944441153268311,94,94,52,5
6.0750655320000790,100,101,51,7
4.3756693539084806,96,96,50,2
3.3424470196651539,100,101,53,3
1.0787185075343286,98,98,44,7
4.8843661663902749,98,99,48,7
3.9434508135775217,98,99,40,7
0.6793048672505781,98,98,41,0
2.6899567448420751,100,100,49,5
5.4731325460683209,98,99,51,0
0.2428555780555413,102,102,55,2
0.5427334779300244,100,100,47,3
4.6228430434612600,100,100,60,0
5.8689291711182818,96,97,50,4
2.2209347821575394,100,101,58,2
3.3168270284419532,102,103,46,7
0.0410542372404353,96,97,50,6
0.4596350526431884,96,97,47,5
6.1346629779049229,98,98,50,3
0.2567249914376175,98,99,53,6
4.9300982422324786,98,99,49,6
1.5392448049379348,98,98,49,0
2.8272852632389975,96,96,44,6
3.2637880565592599,96,97,59,5
2.8657361864121054,100,101,44,6
5.9803020345965727,96,97,56,2
3.8151595679678749,100,100,47,5
5.0911461017724138,100,100,48,2
3.7216028125652754,98,99,55,6
4.9032470315402712,94,95,50,1
1.3033912473604199,96,96,49,1
5.4049187217261618,98,98,50,5
1.6943534597558936,94,95,51,4
2.8485012515825319,94,95,49,6
4.1392648418150353,96,97,48,0
2.7479902670236269,96,96,52,2
1.8324514794670643,94,95,43,0
1.1977578047455253,100,100,48,6
1.1003758338433884,98,99,46,5
4.7036170035416980,96,97,44,6
4.0554689318001245,98,99,61,2
6.1063970311200997,98,99,47,6
5.7788917130007258,100,101,56,2
0.1310883192103025,100,101,54,2
5.8437836460427945,98,99,44,7
2.8267045428947779,98,98,54,1
0.2814543468432968,98,99,51,2
5.0565634524628429,98,99,52,5
5.2209306405130347,96,97,48,0
0.2899065634131810,96,96,56,4
1.6378664430709899,100,100,50,6
5.3158834792564189,98,99,58,5
3.4292188366061205,98,99,46,5
1.8020245139982256,96,97,48,0
6.0988149848472011,98,99,48,7
4.9672546170544578,100,101,56,0
6.1060819483192654,100,100,56,4
5.0496979215650573,98,99,50,7
1.0335348534881614,98,98,47,4
1.3085857859846166,100,101,50,4
0.4872237839261349,98,99,49,4
6.0172664567379428,100,101,55,7
0.4952511928090488,100,101,49,3
0.8433440701695596,96,96,45,7
3.6139739274775695,98,99,47,0
2.3695809316262015,98,99,53,2
5.7268682654093830,100,101,61,3
5.2939427517438169,100,101,54,0
4.1930610996377951,94,95,47,2
4.8869261633404761,100,101,49,5
2.9390552981920037,100,101,51,1
0.4607812529320088,96,97,38,4
2.1995754367505516,98,99,56,3
3.9185009648782407,98,99,49,2
5.2569410283530607,98,99,54,3
1.5388697230919657,96,96,46,4
4.3198920614830190,96,96,47,7
5.2197957864061291,98,98,50,7
3.7187674547190626,98,98,53,4
0.3004758921321587,96,97,53,7
0.0090112882482003,100,101,51,7
1.0893193222232498,100,101,53,3
5.6000540683258739,102,103,60,1
3.1505528192899410,98,98,57,0
2.3288561241051458,98,98,53,4
3.7413878172389796,96,96,51,5
1.9981168957187356,96,97,49,1
4.0414258439492770,98,98,51,0
4.7866528731854849,94,95,52,1
2.1708182599493062,96,96,51,3
4.8676517461298765,98,99,45,4
6.0891859744160763,96,97,49,7
3.6935745220766907,100,100,52,2
2.6814139914555741,100,101,51,5
5.2926967652133712,98,99,50,7
5.5659037213028162,98,98,50,5
5.7019435579145785,100,100,56,2
2.4029177135242947,98,99,54,1
1.3844718903457811,100,101,50,0
2.5014427314463719,98,99,53,4
0.0375341562954907,100,101,51,5
4.5654937795226056,100,101,56,0
3.5132962585481065,96,96,48,0
1.3671904492083320,98,99,49,0
2.5234995414670012,98,98,57,6
1.3932152643131706,96,96,49,7
0.5207382126011414,100,101,57,5
6.0920217037130877,98,99,49,0
3.5894938121701458,94,94,45,2
6.1615526330367008,94,95,43,4
1.8561329861822713,100,101,53,3
3.7063706884567220,102,102,59,2
1.1316302384378829,98,99,53,4
0.3613649663393415,100,101,49,1
2.2774014334182198,96,97,47,3
5.1891598652243767,96,97,58,0
1.0393865006856597,98,98,56,5
0.6274039873413280,100,100,58,2
4.8195734729450583,98,98,53,2
1.6092381585942328,94,95,53,0
3.2549764475973824,98,98,44,1
0.1376773788750866,98,99,55,0
2.5592767447543525,96,97,60,6
1.9671839069551278,98,99,55,2
0.8602221386602851,100,100,52,0
1.2443147054066201,98,99,51,2
0.1726146772141755,98,99,49,0
0.4709350983011212,100,101,46,4
6.2672587083575735,100,101,51,5
5.0407982110859004,98,99,49,0
5.5914924747542045,100,101,48,6
1.2157638157465311,100,101,49,5
4.9485827111619676,98,98,49,6
0.3804634175685292,100,100,52,0
2.0717739325321025,98,98,49,0
2.8136346728281802,98,99,60,7
0.0404456904677178,94,95,48,3
4.4097600074638397,98,99,55,0
6.1383350042893019,100,100,54,6
4.0451569203959199,100,101,55,5
1.8365744374773194,98,99,47,6
2.8434472506762929,98,99,59,4
3.0256821163994139,98,99,49,4
4.3620837583129530,98,99,54,5
2.6981706770284135,100,101,50,6
2.6689735970792059,96,97,54,4
3.1558234243713752,98,99,44,3
3.9974397717420831,96,96,47,5
3.8756052702938955,98,98,51,4
6.1587583934841215,100,101,41,3
4.3429215399451877,100,101,51,3
5.5590541362581938,94,94,41,2
4.2796748177668933,98,98,53,0
1.9655687465441352,98,99,53,6
4.0384223591603394,98,99,61,2
4.8092950682226983,100,100,50,2
0.9090342401425373,100,100,52,4
1.1497751638120925,98,99,55,6
0.8869061497275796,96,97,43,1
1.8510879772005895,96,97,57,3
5.4359600880326369,98,99,55,4
5.8351418363326424,98,98,50,7
3.3441347263074865,100,101,67,1
3.4100095448795757,98,99,57,6
5.4014416119743940,98,99,44,7
4.5247465762466108,98,99,48,1
6.2555642694132478,100,101,59,1
2.7629003712943883,96,96,52,6
4.1013290599556793,100,101,54,4
2.9537400937311009,98,99,56,7
3.5533158214279248,100,100,50,4
3.4114733169495892,98,99,53,6
5.5879448885745466,98,99,55,2
5.6207278374175011,100,101,52,6
4.2847979577498698,98,99,49,6
0.7530090000373050,96,97,48,2
6.0238506255760633,100,101,45,1
0.5821366639542471,100,101,59,7
2.1284384810108632,96,96,45,5
3.8488555931237198,96,97,51,7
4.8405134570599442,98,99,46,3
0.5838036036643837,100,101,49,1
5.3744520326062695,98,99,44,1
1.1673860379533132,98,99,51,0
0.3857419958307794,100,100,52,2
0.9936195783646822,96,96,49,7
0.9955430962651386,100,101,58,6
6.2803246352938391,100,100,42,4
1.3954051024530800,98,98,54,1
0.3276927801153542,98,99,49,2
1.3987070856977075,98,98,41,0
0.3603875686132525,100,101,41,5
3.9863620654424921,100,101,49,1
4.0527331813648928,98,98,36,7
2.4202139388347632,96,97,57,3
1.5879402115868901,100,101,55,1
5.1453600366050463,102,103,60,7
1.7679083209338167,98,98,48,5
1.5835433073203453,98,99,50,5
3.4316670365523931,100,100,49,1
1.4841027502769581,98,98,51,2
4.9582729917703805,98,98,47,6
1.4414100800179095,96,97,51,1
5.4790475908393867,96,97,48,6
1.8916714442427920,96,97,49,5
6.0713000106192014,98,99,48,5
4.3806467516745009,98,99,48,1
5.1276307112227544,96,96,49,5
3.4459804051996068,98,98,57,4
0.0280252902776222,98,99,46,1
5.7576865422578054,98,99,53,2
2.8291252557576745,98,99,49,6
3.2226789054416702,98,99,51,2
2.2042391418961418,98,98,50,3
1.6871667705442970,100,101,47,3
5.2219454808350818,98,98,50,7
3.5993318147186595,100,100,57,7
1.0546414684196741,98,99,66,7
2.0530844301995748,92,93,44,4
0.0898173507949905,100,100,48,6
4.7593221347751316,98,99,41,0
3.5713535183641860,98,99,54,7
2.7734897242986065,100,101,59,1
0.2894361263071666,98,99,51,0
2.5872485173248001,98,98,56,3
5.0553514695828072,100,101,54,4
2.9518857415317084,98,99,52,5
6.2279374810713941,100,101,45,7
2.2697022194087717,98,99,50,5
1.5051119078237989,96,96,44,2
2.4082400607477599,96,96,47,1
2.5402351628480626,100,100,45,7
6.1188294606634122,96,97,49,7
4.4028506235055334,100,101,49,5
0.8556628347569483,98,98,54,1
1.0189670695428494,100,100,43,3
2.6409117226328247,100,100,60,2
5.6701043590386107,96,97,46,0
3.6641957288888305,98,99,47,2
3.4888091100960770,98,99,49,0
1.8872620462888963,94,94,47,4
6.1974011651565091,100,100,53,3
5.4002793934328794,98,98,50,1
0.1956568723000421,98,99,44,3
3.5040219258400089,88,89,44,0
4.6067762798640288,100,100,44,4
4.0552912070906162,98,98,49,6
3.4601581839287276,98,98,54,5
5.8517594607040246,98,99,40,3
4.8420182736473878,98,98,52,7
2.9953507167487756,94,95,54,3
3.4576833986563851,100,101,49,3
0.9072661778070359,96,97,45,5
3.5235277732808945,100,101,49,1
5.6678075630442830,98,98,59,6
2.8087103531561315,98,99,48,7
3.9246311998546051,98,99,55,6
0.8265842491377559,100,100,54,2
6.1288754935380885,100,101,52,2
1.7851406903634368,94,94,47,2
0.3229169998844428,98,98,45,6
3.5101551850667851,94,95,48,7
3.0139273706357534,98,99,44,1
3.9726826445875361,100,101,43,7
5.1190364308544201,98,99,54,5
1.0393231141320121,98,99,52,1
3.3949662991999396,100,101,52,2
5.3829727194418711,96,96,45,7
0.3990371025375705,98,99,46,3
1.5031929466147136,98,99,41,4
2.1608274373144036,98,99,54,3
3.5293842800845043,98,99,50,7
1.4159525989737438,96,97,46,0
0.0338588312911136,98,98,46,3
1.0484578513478862,98,99,58,3
2.6469004869638759,96,97,56,2
3.5090111407413387,98,99,54,1
3.8653859254963168,100,101,53,5
2.9730072414155497,98,99,47,0
3.4192455884431188,98,99,50,5
1.4341052742845104,96,96,45,1
1.8120923496001680,98,98,55,2
0.8416689111969483,100,101,54,2
3.1510918075714756,100,100,50,6
1.7792361459884347,100,100,47,1
5.6273582854438624,98,99,53,0
4.0691686002388394,100,100,50,4
5.1364807297480004,100,101,50,6
0.6366937548240111,98,99,49,6
3.7731259910527357,98,99,41,2
0.2368431912921547,100,101,61,3
3.6073987523682298,100,101,45,3
5.8518850297759162,102,103,53,0
3.7555849050196337,96,97,46,4
4.7191273245737984,98,99,53,2
4.6213660000072094,96,97,54,2
1.2011276489359672,100,101,52,6
1.9643048225928947,94,95,57,0
4.7077741894717766,100,101,44,4
4.0451370852997623,98,98,54,7
3.6208966510900069,100,100,50,2
4.5752179655807312,100,101,53,3
5.7497699523196131,98,99,47,0
4.5901268931943751,100,101,50,0
2.1400981001439696,98,99,49,4
0.3259224901248584,98,99,49,4
4.0793797295857361,96,97,58,0
4.8021489942824918,98,99,53,2
1.4561629131570202,100,101,54,6
5.8882594092112939,100,101,56,6
4.3308379925737839,100,101,49,5
0.8565022970796106,100,100,46,2
2.4114643430869127,100,101,49,1
1.0684760724735096,100,101,54,0
1.0013741873958835,96,96,52,6
5.5406964385706612,96,97,44,4
5.2133393269291135,98,98,58,3
1.1183104571038918,98,98,51,6
3.7713980908682680,100,101,56,4
4.2560064862592650,100,101,57,5
2.1734564295833807,96,97,51,3
1.6282396860542265,96,97,55,1
2.9760180088459065,98,99,44,1
1.4095568830441458,98,99,55,6
5.5077797298875604,98,99,57,2
4.1940706188104100,94,95,60,3
2.5409186082468147,98,99,42,3
3.8198968659415482,102,103,61,2
1.4852945274141089,88,88,47,3
2.7651086651327192,98,99,55,2
5.9813773647794370,98,98,54,1
2.0828280939863770,96,97,53,1
5.6988537835231874,100,101,55,5
2.8129855291910553,98,98,46,3
0.3730991286149718,98,99,52,3
0.1680476971490045,98,98,42,5
0.3919594153488526,98,99,54,1
3.2434813847107575,98,99,56,1
5.4288259120653048,98,99,52,1
0.0298477388971336,96,97,50,4
1.7438712886284704,100,100,50,6
0.4900275845085593,98,99,40,3
0.4810076100445903,92,93,49,5
1.3744306933316426,98,98,51,6
2.5558057459054067,100,101,47,1
4.8826982186225187,98,99,54,7
3.6383515677838689,98,98,48,7
3.5451278625884952,96,97,56,4
1.9698140067144576,98,99,59,6
0.8377670320155018,98,99,57,2
2.9036100534609912,100,101,64,4
1.3836251685662522,100,100,46,2
6.1078523499772466,96,97,45,5
1.1975536928472881,100,101,49,1
1.8045146343632734,100,101,54,2
5.3081810181933857,98,99,53,0
2.2958358279625166,96,97,50,0
1.5924354123819808,100,101,56,2
5.8987269421363600,100,101,49,7
3.5706336240280776,100,100,50,2
2.1645382664918649,100,100,47,1
1.2125591610107247,98,98,47,2
3.8863135596666605,96,96,41,5
0.0392407369239657,96,97,51,3
3.0877872812562419,96,96,53,5
4.6899353136791788,96,97,42,0
3.9006502510272294,96,97,48,6
1.9998006842459617,96,97,55,1
0.1728088185303156,100,100,50,6
2.8641014508547236,98,98,53,0
0.3182683268177795,100,101,51,5
4.5854589594892232,100,101,49,5
4.6612678926838713,98,99,58,3
0.0508935143645520,98,99,55,2
1.9232723059067145,98,99,47,2
0.3584451478064012,98,98,49,0
3.1879873719484300,96,97,43,3
6.0388589349563837,98,99,51,2
0.7974237019087305,100,101,57,1
0.0253145627093378,96,97,52,0
1.3586967505505496,100,100,54,0
5.4914726924518664,98,99,47,0
4.3772535321493633,96,97,52,4
3.5560478971010587,100,101,55,1
5.1614859885036068,100,101,49,7
0.6151143746457313,96,97,51,1
4.3380034449018980,98,99,49,2
3.8708398203718635,98,99,62,5
4.1440486005303194,88,89,41,1
6.1442684338945357,98,99,52,3
2.0520857380722983,100,101,47,1
6.0588058320762439,86,87,48,5
2.6573991980690495,98,99,51,6
1.2839832832467999,98,98,62,5
1.4683360754040864,100,100,58,4
5.7113065042635967,96,96,47,1
0.2496866735371639,96,97,52,2
4.3439558768585904,96,96,49,3
2.7141296778877511,100,101,51,7
1.5912858092819582,96,96,51,5
1.5965638085927880,98,99,53,2
1.7246299466878090,100,101,52,6
1.5071578215112538,100,100,51,7
3.1096497215293888,100,101,53,3
2.0096683097930823,98,98,52,7
6.0643967657774622,96,97,41,7
1.9813678992940311,98,98,54,3
4.0998109213533915,100,101,51,3
5.8577953563744707,96,97,48,4
0.2230685991946101,100,100,47,5
3.7129812569336704,100,101,51,3
4.8036007233981683,96,97,48,2
3.9279961912861587,100,101,52,4
0.6327750394917625,100,101,39,3
0.6887552708258432,98,99,60,7
2.6012088480858240,98,99,43,4
6.1887709059597258,98,99,46,5
0.2687582780162151,98,99,48,7
3.8522632694813836,98,98,44,1
2.4623387745065437,100,101,42,4
5.4282646620331345,98,98,45,0
2.0217488501343492,98,99,47,0
1.8263154211723582,100,100,58,0
1.4040109559275133,96,97,44,0
6.1081705835019680,100,101,51,3
5.2335516014666759,100,101,67,5
0.4309174548955528,96,97,56,6
4.6386034939959462,94,94,45,6
4.3707993355352137,100,101,45,5
5.5265323470321288,98,99,43,0
0.6372734789371264,98,98,50,1
4.5001975075163552,98,98,56,1
2.9614645519100087,98,99,49,0
4.6793244931683207,96,97,52,2
0.2915165212327325,96,97,54,2
4.9632404761698128,100,101,46,2
0.4033627426634687,98,99,46,3
2.1129845836898906,100,101,48,6
5.4237274915683740,98,99,58,7
4.4018131962932001,96,97,47,1
1.9831690722491517,100,101,50,6
3.4456318023799901,100,101,46,0
2.0501821546076635,98,98,45,0
4.2849991380577030,98,99,54,1
4.2996850303886278,100,101,51,1
2.2634534683530507,96,97,48,6
3.8704019037505457,96,97,48,2
0.7143520601042815,98,99,45,6
2.9114993995466287,100,101,49,1
4.6211413995642276,98,99,38,3
2.2524165606194675,96,97,56,6
5.6486755952297054,98,98,56,1
2.9558917959345545,98,99,47,2
5.7178601332618761,98,99,49,6
0.3772224190511804,98,99,55,0
3.6187201219890697,102,103,51,4
6.0917981103230288,96,97,54,4
0.4757820622670567,100,101,56,6
5.1902426790614316,94,94,52,5
5.0365907518229482,98,99,55,0
5.1500934446691815,100,101,49,1
4.9175263126994118,96,97,47,5
2.5291686296444627,100,100,49,1
5.0169924620254482,90,91,48,7
4.1920249218265742,100,101,51,3
2.0022636919427796,94,94,33,2
2.3554424641097969,98,99,54,1
3.3644057126690967,98,99,57,4
0.9377631831263405,98,98,44,7
4.0490462983485047,98,99,54,5
2.9789288016636406,98,98,49,2
5.2502977009134417,100,101,51,5
5.3448345623129994,94,94,45,4
1.5086661788141400,94,95,44,1
1.1269534797832570,98,99,56,7
0.3083165690376882,100,101,55,7
2.7091938275594809,96,97,39,5
4.4062234527579012,98,99,55,0
0.5557377033526821,98,99,63,6
3.1896006838996751,96,97,50,6
0.3137708728772096,98,99,46,5
3.4966075936108556,100,100,53,3
4.8701075548522885,100,100,46,4
1.3250596841932474,98,98,50,7
1.3583889754316503,100,100,63,3
4.4283607980172208,98,99,50,5
1.1141204069237245,92,93,50,2
6.2755145515329982,94,94,51,4
1.0682514634575198,98,98,52,7
2.8295333185703675,98,99,56,5
5.1039703581684588,100,101,51,5
5.2081446858646459,100,100,48,0
1.6823846970607734,98,99,56,1
1.0091277506210627,98,98,45,2
3.1069591373830341,94,95,50,7
2.5288991761007646,96,97,43,3
3.5769260815485140,98,99,51,0
5.9468915934801325,98,99,50,1
5.3724713497834919,98,99,47,2
0.2377312914717723,98,99,45,2
5.7691409134279326,100,101,51,3
5.1125766767020329,92,93,52,2
0.3007979486465340,96,96,55,3
5.2720474925392393,98,99,62,5
2.7869629214866691,96,96,49,7
3.9546782349291143,98,98,66,3
1.8599307474509628,100,101,48,4
3.4826682185912921,98,99,48,1
4.7820243481999096,96,96,48,2
4.9155636890737382,90,91,44,5
1.2417528229551020,98,99,55,6
0.8780507861852360,98,98,49,0
0.2064631731390925,98,99,45,4
2.9115008507469207,94,95,46,7
0.7571953305461261,96,97,42,4
1.1151122758190641,98,98,55,2
5.1667053837265184,98,99,52,7
4.2640031045351723,96,96,48,4
6.1468074178756540,100,100,57,5
0.2528220628669108,96,97,49,5
2.1123422415032569,100,101,53,3
1.7464288373306096,98,98,56,5
4.0127488087151884,98,99,54,1
3.2088415458522004,100,101,62,6
1.2194971810218784,98,99,55,2
2.3754283640945504,96,97,50,2
0.0800063479130983,100,101,49,1
3.3886781073002203,94,95,55,2
5.6150388398120032,96,96,49,5
2.6606353914877876,98,98,50,3
3.8175251335031528,98,99,56,1
4.1729363576698431,98,99,42,7
0.5093166585933999,98,99,46,3
4.5830666229338934,98,99,52,7
3.3384851926827426,98,99,37,0
5.4819066151725542,100,100,41,5
4.8206989738050918,100,100,60,4
5.4313981454795819,100,101,54,4
0.5743240328285015,98,98,59,4
3.3619848685778995,98,98,62,7
5.2107174857212328,98,99,40,3
6.1106669903205963,96,97,55,3
2.4930268459517779,94,95,51,0
5.8698866509827017,94,94,49,4
4.5146620426532831,96,96,45,1
2.0614183434199047,98,99,47,4
2.5552589195427555,94,94,49,6
5.2155372808374016,98,98,52,7
5.4992969295037408,100,101,55,5
4.3596008220719868,98,98,52,5
3.7474467350799765,98,98,45,0
0.3813415607117941,98,98,44,7
1.5642728986002870,96,97,54,6
1.2515576911379611,98,98,45,0
3.7800397066025329,96,96,49,3
5.9807970933783423,98,99,57,6
0.5217600494119943,100,100,61,1
4.5344329273598731,96,97,40,6
5.3753522756676810,100,100,55,1
4.4865465507421849,98,99,52,5
1.9535750205806854,98,99,49,2
1.4365527153895281,96,96,49,5
3.6103095440182411,100,101,52,4
1.9500518780433240,94,95,57,6
6.0176641969195259,100,101,48,2
2.1823153225767165,96,97,54,6
5.6560982365375896,98,98,50,5
0.2345146112505206,100,101,50,2
1.4482876578878106,98,99,56,1
1.5964324468153186,96,96,45,1
0.8107874607487222,100,100,47,7
5.4674916073290305,94,95,44,5
1.9456572524081392,100,100,47,5
0.5061385224195507,100,100,52,4
4.8716990859497322,98,98,59,2
4.1319383052287355,100,100,50,6
3.8263764344144544,100,100,51,5
1.4733175616745187,98,98,51,0
0.9393296329846963,94,95,44,5
1.1510022647090699,98,99,52,5
0.1632664838823566,102,103,55,0
4.5890264270758978,92,93,55,3
3.6441964603571995,98,99,36,7
2.9073183964148113,98,98,44,1
0.8724349432550428,98,99,48,5
6.2815416025782724,100,100,53,5
1.7852790094278408,98,98,45,2
3.1866988185113150,98,99,51,0
2.4476088515893633,100,101,46,6
1.4719417509121302,98,99,53,6
1.9680534728742660,96,97,43,7
5.7108402585834037,98,99,50,1
2.2968706135172559,98,99,54,7
1.1058160843967479,98,98,52,1
4.3408786432063966,100,101,54,0
3.9867146097726263,98,99,50,3
5.5596398520271899,98,99,61,2
6.0410968383288575,98,99,64,5
2.6050183481577358,100,101,49,5
3.4616570391413508,96,96,43,5
3.6866715339074134,98,98,47,6
2.6178938676765697,96,97,51,3
4.0626258600343901,98,99,50,1
3.9684484357947287,96,97,55,1
1.3338762819541219,96,97,49,7
0.7283940727356013,92,93,54,0
3.3291667899991926,98,99,47,6
1.9562492644513805,96,97,53,1
5.6543845638458050,98,99,57,0
0.0120214157696204,96,97,42,0
3.3036061486069057,98,99,53,6
4.5229661528226792,98,99,52,7
4.8813111543082384,98,99,51,4
2.8770374308896942,98,99,51,0
2.9180248845512802,98,99,54,7
6.0868814045510664,98,99,44,3
2.0800146466112350,98,99,51,0
0.5810256253441296,98,98,44,1
0.8384009229298254,100,100,62,6
1.1754906967248397,98,99,54,5
1.6358815333011081,98,98,47,0
1.6789550573448986,100,101,54,2
5.7859169145952558,98,99,48,5
5.8912151506080477,98,99,54,3
3.0783694347425072,98,99,54,3
0.9333508903537336,100,100,46,4
3.3867771377982043,96,97,54,6
1.5418538515151770,98,99,48,7
4.2496599262333303,96,96,47,5
0.2044487145926538,98,99,56,7
6.1922689031178164,94,94,42,7
1.4100620911060744,96,97,46,6
5.5926658073912927,98,99,53,0
1.5163072844117500,98,99,47,2
3.6993474134193947,98,99,45,4
0.4937068715338527,100,101,44,2
4.1215548903634662,98,99,49,6
2.5862981631486357,100,100,50,6
2.4459241863601298,100,101,54,0
6.1563100499835199,98,99,53,6
5.7780147269122857,100,101,60,2
2.6691975263018430,94,95,50,1
1.2107333379715883,100,101,58,0
5.9679388293686522,98,99,47,0
5.3455053199993872,100,101,45,7
1.3018088472167313,98,99,45,0
4.5585506929364890,96,97,58,0
1.4787500885184865,98,99,46,5
5.2177318826446690,98,98,52,3
2.5592735700082443,100,100,49,7
3.7710779898487790,100,101,56,6
3.5958485968498834,94,95,45,0
4.3059322581806052,96,97,41,5
1.2720176917268062,98,99,54,5
0.3589116817113383,96,96,53,1
5.7005182615886048,98,99,51,0
0.4094856942233706,96,97,51,1
4.1544142469219105,98,99,40,7
3.5330913005529094,98,98,49,2
1.7493870655442227,100,101,56,2
2.8281617141538966,96,97,42,2
1.7569030567506119,100,100,61,3
4.2774843006615768,96,97,51,7
3.1821644120974835,96,97,52,2
4.8309694050461056,100,101,54,2
4.9742695876248453,98,99,56,1
5.3167688251440044,100,100,52,6
0.3361192499595969,100,100,53,3
4.3473675729013008,98,99,48,7
2.4636256375631960,96,97,61,7
2.4329328515667692,100,101,45,3
4.3350101976076836,98,99,57,6
5.2428205211658900,100,100,42,0
1.2818704965638601,100,101,51,1
0.7349565125559914,100,100,51,7
0.8040817292393205,90,90,51,0
0.2006651810182344,100,101,50,6
4.1231905913723592,98,98,47,0
3.4084639576993294,96,97,52,4
4.2031308330686183,100,100,49,7
5.4282391874232712,98,99,41,6
5.9109238533079118,98,99,47,2
3.4879344684248630,98,99,50,3
2.2368426304173514,98,99,52,5
0.2070369005282649,98,99,51,0
1.3957889146346341,100,100,57,3
6.0642026622636429,98,98,53,6
0.6501383024226444,98,99,50,7
5.1724076599733211,100,101,55,5
2.2971836392669753,96,97,57,3
0.5326201536314655,94,95,45,2
4.2185903994738281,100,100,54,6
2.0550051442463753,98,99,60,5
3.0528509890715028,100,100,57,7
5.8541440830205831,96,96,47,1
0.6591387933364627,100,101,47,3
2.2375147829204711,100,100,51,1
2.9625351626879457,98,98,46,7
5.2944510911209210,100,101,50,0
5.7192664830789628,94,95,49,4
2.6772367642557842,98,99,60,3
2.6009572400826717,98,98,52,5
5.8678542044007571,98,98,39,4
2.9659220598078346,104,104,46,6
3.7391675530348492,92,93,52,0
3.0436870392711626,98,99,62,3
6.2167614169374845,98,99,48,5
6.0733330148035876,96,97,57,1
4.6178243857341723,96,97,43,3
4.7944043781728940,100,101,52,2
4.0525306747139354,96,96,40,2
5.7857687704879357,98,99,54,3
3.2903887196491457,96,97,46,6
2.2474681051526595,98,98,58,1
3.0559233393191088,98,98,54,7
3.4880767292713153,98,99,51,6
2.2681439424253136,98,99,52,3
4.8198964715924530,100,100,49,7
0.8506851767449682,98,99,49,0
2.3658928527176371,98,99,42,1
3.1257167046513681,100,101,43,5
5.4516818063590184,96,97,48,2
4.9224799546756079,96,96,53,1
3.7448422293178920,100,101,57,7
4.9150089036152433,100,101,44,2
5.6048384764620058,98,99,49,4
2.2217234467288161,96,97,50,0
6.1158091535965582,100,101,50,0
3.8172688419492222,98,99,53,6
6.1641063606105204,98,98,55,4
5.3938615927331908,98,99,56,1
1.2086681976640201,98,98,44,1
0.7095597917525572,98,99,51,0
0.5750016196036271,100,100,51,3
2.1304058050971304,96,97,44,0
3.8381200509202169,100,100,50,6
5.1604160924957663,98,99,36,5
5.4144857371534520,100,101,47,1
2.9527962520333926,98,99,50,5
5.4911145321750654,98,99,41,4
1.7305294896378589,98,99,47,2
4.5129996067269591,100,101,50,0
6.2061028580487241,98,98,57,0
0.6609606150383865,98,98,47,4
2.3612351676074681,98,99,51,4
2.7558336242432029,100,101,48,4
2.3618434132225752,98,98,51,2
3.3382064980950292,100,100,51,7
4.3554467850226075,96,97,51,7
6.1041561816695067,98,98,51,4
2.4800571363532162,96,97,52,4
0.0081142773968489,96,97,44,6
6.2161386303089818,96,97,55,5
2.8403603880176140,100,100,53,7
3.7799809447392736,94,94,48,3
4.1388040146240233,98,99,47,0
2.6233821844328427,100,101,43,5
0.2105821602059990,96,97,40,0
0.3214503467148858,100,101,52,6
3.5029310009524735,98,99,52,3
2.0825207484983843,98,99,44,7
1.3529351130694169,98,99,53,6
3.1121441517978412,98,99,48,3
2.4021594918947384,96,97,50,0
3.2247244028627362,98,99,46,7
0.9120037014220591,98,99,54,5
3.5983338942922418,98,99,48,5
2.3621904670135643,100,101,47,3
5.2252519000130269,100,100,50,4
3.3881231003737344,98,99,51,0
5.3907551913850300,100,101,48,2
3.8976849679361560,100,100,53,5
1.8499773100179113,100,101,59,1
3.8124023757107151,98,98,46,1
1.4271065726597527,96,97,61,5
5.0062258465770375,98,99,59,2
3.1709539688255375,98,98,43,4
5.6430287428090988,100,101,55,5
2.8961701780057139,100,101,54,0
5.3363015868170676,100,100,42,2
3.7767566278752147,100,101,50,4
1.1232387746330568,98,98,52,5
2.0905182037846082,98,98,55,2
4.5681574496415349,100,101,56,4
3.7603639353620419,96,96,52,0
4.2196837402477660,100,101,52,6
1.0348621215580343,96,96,54,2
0.1915245788165451,96,97,47,1
0.3420156560901110,100,101,51,7
1.5377794718642768,96,97,52,6
4.6025619997147391,98,99,50,7
0.4936788129788234,96,97,51,7
1.3593825092063199,102,102,45,6
5.5635151880257379,98,99,53,4
0.0255969308059295,100,101,61,5
5.3437538302508942,96,97,50,4
3.6919113653646551,98,98,50,5
4.6010171272377569,100,101,54,0
1.5031369099471623,102,103,61,2
0.8674068279218409,100,100,53,7
4.1010705283819480,100,101,45,1
0.6262790466722462,98,98,42,5
5.8695832249611559,98,99,57,2
2.3867303249273411,100,100,49,5
4.0279935137334322,100,101,46,4
6.0846674202012823,98,98,47,2
0.8149820851518427,98,99,48,5
4.0418710026134219,98,98,54,3
2.3857000355254927,98,98,43,6
5.3561178064956119,96,97,50,2
1.0145136552908856,98,99,51,4
3.4876966354160026,98,99,49,2
3.0823169150662872,96,96,51,1
5.6589416788533358,96,97,47,3
6.2218683851668946,98,99,50,5
1.2242998246918122,98,99,56,5
5.7996117734406827,100,100,53,3
4.5870885595875750,98,98,53,6
0.8065767993072949,96,96,52,2
0.0602427798584337,96,96,56,0
5.8945259800570584,98,99,53,6
3.3106553930328015,98,98,62,1
3.6262736717872732,98,99,55,2
6.0096103532253196,98,99,57,0
3.0161805867814886,98,99,47,4
3.6045716621537114,98,99,49,2
4.8293993785274516,96,97,49,1
0.1575530524947557,98,99,54,5
4.8786720182099064,98,99,54,1
3.8073022686939000,94,94,48,1
1.3727233677882207,100,100,49,5
2.1511699145558962,98,99,50,3
3.6154539903929308,100,100,51,5
4.9978175530561053,98,99,53,0
5.9839234534870966,98,99,59,6
1.4542033485509513,98,99,51,2
2.0753832714787315,102,102,57,6
0.3061594104196546,98,99,61,6
4.4314785195016153,98,98,50,3
1.5493328609330250,98,98,48,7
