theta,t_count,h_count,s_count,w_count
0.3021880426122506,92,93,57,1
2.2604623508830479,96,97,51,1
3.2287094633080984,90,91,39,6
4.9254433274242766,96,96,47,3
6.0198662900835798,96,97,51,7
1.7713335173168026,96,96,55,1
4.4455515290227465,94,95,48,7
5.6519010824093794,92,93,48,0
0.8012220081815271,96,97,42,6
2.1056050964647208,96,97,59,7
0.9697761351437373,94,94,44,1
1.9398563963564794,94,94,33,4
0.7091502210760585,94,95,49,2
4.1367445220094501,96,97,59,1
1.4753197813776817,88,88,46,2
3.3317886748746606,98,99,49,6
3.5265584758524087,94,95,44,5
2.7604689635861379,94,94,42,1
4.0924321240435031,92,93,47,3
2.6249724489345767,94,95,53,6
3.3259889871801454,92,93,54,2
4.5160190397947861,92,92,45,7
5.8259648584377883,92,93,52,0
2.0476512311194046,96,96,50,4
4.8575544342036459,92,92,39,1
4.7677261149691743,96,97,49,7
0.1547822851127931,90,91,56,7
2.5926539430790458,94,94,42,7
5.5984011795384747,94,95,45,6
2.1746219334675523,94,95,49,0
0.6887027657964333,94,94,47,4
3.9481473518296819,92,93,47,3
1.2999455163295339,96,97,51,7
1.5567971651231562,92,93,50,2
4.4719386936297072,92,93,47,7
1.7493158417901942,94,95,44,5
1.2916306741940751,96,97,48,2
1.4485357445455407,96,96,48,0
5.0088943553157810,96,97,57,5
1.3269994875346771,96,97,54,0
3.5226493879380034,84,84,45,5
2.5437111675196018,92,93,42,2
3.6616315445278067,92,93,52,2
5.9642748819086506,92,93,38,0
0.5119991586556959,96,97,48,4
0.2204245688954198,94,95,51,2
0.9042826837318765,96,97,56,4
5.1986327425775425,96,97,58,0
0.5364807178489526,96,97,51,5
5.1920219205019240,96,97,48,2
1.4849069369484484,94,94,47,0
1.6157505011354210,94,94,47,6
0.6680795189932897,94,95,52,7
4.5040258118088845,94,95,56,7
5.2329657282740092,94,95,52,3
5.8746406884202793,96,97,43,3
0.5715066063661733,94,94,41,6
2.7666792784766669,90,90,41,0
1.7286307315633518,94,95,49,4
3.4630131389753482,88,89,50,4
0.8508538626551621,90,90,42,5
3.7858962352513492,94,95,50,1
0.0263895870086388,90,90,50,1
3.1736854371526295,92,93,48,0
0.0951723691689748,94,95,48,7
1.8860560740661099,88,89,52,6
3.7611044260795716,94,95,47,4
0.6150899870721189,94,95,43,6
0.6234878323354092,96,96,56,0
4.6022275795184537,94,94,52,7
4.1306507633005722,94,95,44,5
4.7416292715553174,96,97,40,2
3.3953685938905127,96,97,47,3
1.9161523527995259,92,93,47,3
4.2915187068530294,94,95,41,4
5.8853392033289884,94,95,59,2
1.1464614512086508,94,94,49,6
4.9635430232945197,96,97,49,1
0.8206604232784385,94,95,46,1
1.5554138279652181,94,95,49,4
0.1211848891267722,94,94,56,1
2.8058825733667043,94,94,49,0
0.9573534702512595,94,95,48,5
2.0598855510796032,92,92,49,3
3.1050491820018875,94,94,45,6
6.2110119136129827,96,97,50,6
4.7394284097489452,94,95,41,6
0.6439460067997660,94,95,47,4
3.4348540616236258,94,95,44,3
4.7217651053825156,96,97,41,5
5.5941419037935560,94,95,49,4
5.4978404578345010,96,96,51,3
5.1807590643640333,94,95,52,1
3.9561102036965310,94,95,55,0
3.3930150549398954,94,95,40,1
4.3715108179969908,94,94,40,3
3.0619270630204265,88,88,44,4
1.1395847942866988,92,92,49,3
5.7918507171015738,94,95,49,4
2.0950002823813483,94,95,51,6
4.3598687835533925,94,95,55,0
0.6270966137377688,94,95,58,1
1.5209242326945129,96,96,54,6
5.6941218059062599,100,101,48,4
5.3673890444397552,96,97,44,4
0.1549934811197431,94,95,57,2
0.8778592400193428,96,96,51,3
5.3504457556076837,96,97,49,1
3.6276608954828413,92,92,45,3
1.6767139849701354,90,91,51,2
3.9075874230496224,90,90,42,1
2.4202227119654984,94,95,49,6
2.0002630237035284,94,95,56,5
1.4609591432390698,94,95,40,1
1.6483459453829934,92,93,44,6
0.8061163995348375,94,95,48,7
3.7453713800545567,94,94,50,7
1.4895999468796888,94,95,43,0
1.7065889073654001,94,95,55,2
5.0929442992296741,94,95,40,3
4.2737290966350168,90,90,53,6
4.5959492652719636,90,91,45,4
4.8910073266945364,90,91,47,4
1.4357427101378184,94,94,57,2
2.5550124013544631,94,95,46,3
2.9422535843931428,94,94,47,4
4.5020649928040948,94,94,37,0
2.6686474270612641,92,93,52,4
0.5440110369280913,98,98,44,7
5.0523062880743259,92,93,52,0
1.6492843665815935,96,97,47,5
4.7659631301408982,96,97,46,2
5.8371840183208814,96,97,47,3
4.0922537851570153,94,95,43,2
1.2537951730475161,94,94,52,1
1.3904470830107365,88,89,44,4
0.9369425267730128,90,91,43,2
3.6814429850213308,94,94,40,5
0.6743269262077267,92,92,43,3
6.0560807581478748,92,92,49,7
4.8611105624614579,96,97,51,3
4.4511260581522514,92,93,42,4
3.7335499490504658,92,93,57,3
4.6226765532864036,98,98,47,6
4.2938407721586156,94,95,53,4
3.0580999042142194,94,95,53,6
5.3136092133141091,94,95,41,2
3.4937552205160931,94,94,43,0
4.8479721899067121,96,96,47,3
3.6114760854708567,88,89,52,4
1.3647082929214871,94,94,49,2
0.3000091729493178,96,97,43,5
4.5375257226992192,94,94,43,2
5.6451775954876924,92,93,48,6
2.7329491739521847,96,97,44,0
5.8533899911030582,94,94,50,5
5.3027144952094192,92,93,43,5
2.3268547113607156,94,94,49,2
1.9039653284570057,94,95,63,4
1.0737902879681887,94,95,57,4
5.1934373566945702,96,97,48,6
3.7302965292775649,96,97,49,7
6.1021561940911120,94,94,45,2
1.6160773639244228,94,95,51,2
4.4910045311125417,94,94,46,3
5.3420080113863575,96,96,48,6
3.6553491986875368,92,92,52,4
3.1203203236488588,96,97,58,0
1.5299981348561291,92,93,58,6
0.5186985560397366,90,91,44,3
6.2139854914190682,92,93,40,2
1.5822813963400877,94,95,46,1
2.1029536703151672,92,92,59,7
1.4327493753760410,92,92,53,1
4.0882464052033152,92,93,45,5
5.0962700310500173,88,89,46,4
5.4028773110438086,96,96,45,7
1.6669968710826228,90,91,57,6
1.5420481967187294,96,97,50,2
2.8068581296430559,94,94,46,7
0.3312692775025917,94,95,44,1
0.0988933365684693,94,95,50,3
4.3304731126704494,90,91,48,3
5.1065556268146253,88,89,46,6
1.9283419482562696,94,94,50,5
5.5656075126622699,92,93,56,0
0.0868470812504794,94,95,55,0
4.3632369438371112,90,91,55,0
3.7213683841825933,94,94,56,3
2.4988848701508863,88,89,41,5
5.9109340082345447,94,95,50,1
4.0218482261735087,90,90,55,4
4.7460624173348380,92,93,51,7
2.3288752441739602,92,92,50,0
1.9832767865847054,94,95,51,2
5.8149212420552363,96,97,53,3
3.8059379467139642,94,94,50,1
0.8304177559335554,92,93,49,1
3.6481524799065110,94,95,45,2
0.5701304337503605,94,94,49,2
4.2189234806658540,94,94,46,5
1.4160237907788880,94,94,41,4
3.3288033491117068,94,95,55,6
4.4089165600187341,92,92,54,6
0.2593025887542453,94,95,54,3
3.0554071577330397,86,87,40,3
3.9920278077288960,94,95,45,6
0.5094442979067728,92,92,44,0
3.2531279302703542,94,94,46,1
1.9006866332759274,94,95,53,6
4.9339018616857446,90,90,43,4
3.1258009727897509,94,95,59,4
4.0961266672163532,94,95,49,4
4.2444735582680773,92,93,50,6
1.9619485449564669,94,95,51,6
0.2370268294136699,94,95,44,7
2.2824247694600803,96,97,56,2
6.2748892894462553,92,93,43,7
5.1702059776033549,96,96,38,4
4.3469856470520316,94,95,49,0
6.0045552983584045,98,99,51,6
1.6556904809087707,96,97,51,1
4.1443602931706680,96,97,48,0
0.9741231841744513,96,97,56,2
4.3420904671211824,96,97,53,5
4.2673846569682139,94,95,51,6
2.1632058524510716,92,92,55,1
4.0447575103228406,96,97,57,1
1.7824326006239564,90,91,36,1
4.6637928696769553,96,97,41,1
2.5421938942086513,96,96,50,2
1.6982676119035458,94,95,49,0
3.4921800580803524,94,95,45,6
0.2059495450965497,94,94,48,7
2.0433805128124591,94,95,45,2
3.0384852908309146,94,94,60,5
6.0659054186198915,94,94,45,2
1.2076496821090981,92,93,52,4
5.1138553364566901,94,94,43,0
5.9630047819464451,96,96,45,1
4.6422056610024791,92,92,55,5
2.1815963862722834,92,93,46,2
0.6069495265468997,94,95,50,7
0.9691521703653431,92,92,47,7
5.0556317034264042,94,94,49,2
5.9581823549347410,94,95,40,3
2.8153197910121648,96,96,48,4
4.7697594715551057,94,94,42,1
2.6896704484707592,94,95,51,4
6.0795088038218310,96,97,58,6
5.3632908160709860,96,96,51,3
2.4050140848056523,94,95,39,6
0.7907994269469150,94,95,60,7
2.1931756003285030,92,93,54,2
5.8840504102081175,96,97,61,1
0.2644829559529855,92,92,54,2
3.2038023346709834,92,93,46,4
5.3730931541522828,96,96,52,2
2.6909492892310456,92,92,49,5
5.6335978011930194,92,93,53,7
1.4031967616214578,94,95,52,3
1.9333608682534200,98,99,45,2
5.2475239941303649,92,93,52,2
5.5566649565310078,94,95,49,4
0.5183246625978375,94,95,50,7
3.1570589121891701,92,93,46,4
4.6644626122159023,96,97,54,2
6.2440723394838047,100,101,45,5
5.7769599585219655,94,94,52,3
0.6891483896465169,92,93,43,1
0.8608854224301784,94,94,53,2
4.4910142253637098,94,95,45,0
0.9536525763393119,96,97,50,4
1.6117478724220871,94,95,49,2
2.4060522976277454,94,95,35,0
4.9543597064875229,96,96,39,7
2.1598493928705218,90,91,50,7
1.9000005602841390,92,92,38,0
5.1379767326555408,88,89,42,2
4.4846124221677490,88,89,55,7
3.1500196171035535,94,95,44,3
2.8332305066105419,94,95,50,1
4.9031769304499715,92,93,52,2
1.0527622904240432,94,95,54,7
5.2950278459559899,92,93,50,0
0.8346908896224370,94,94,45,2
5.8912468491886267,94,95,46,5
5.7628490261555045,94,94,51,2
3.6370165804091905,94,95,39,2
1.3936637152295117,96,96,45,1
2.8189942862124822,94,95,42,7
3.0375056496735260,94,95,44,1
3.3379328134552426,92,92,45,3
6.1491968761817200,90,91,44,7
6.0834958294346428,96,97,46,4
6.1173307354637512,94,95,59,4
1.7942388955204673,94,95,51,2
1.9660304365684507,94,95,45,4
1.7009009031604445,92,92,53,3
5.2688837438715037,96,97,39,3
0.2996173313075106,94,95,47,2
5.2618245358287687,90,90,53,4
3.7713495079082082,90,90,49,6
5.1311929364695708,96,97,54,4
4.3903660616058326,94,95,43,6
6.1164064898515624,94,95,46,7
1.5163774656868270,94,95,52,5
0.8952146630043263,88,88,49,7
5.3572002610051461,94,95,44,5
2.0734301231689303,94,95,47,6
5.6876307749397839,98,99,43,6
4.3094461087321809,94,94,52,1
3.9160865014734818,94,95,44,5
0.2510134496761525,96,97,47,5
5.0283141687604189,96,96,48,6
1.5182485839204103,90,91,43,2
5.2334663690053835,98,98,47,0
1.2850171635622010,92,93,43,1
0.9143240934951936,92,93,44,2
6.1323053895720205,94,95,50,7
1.8076513807280823,96,96,45,5
5.8247172612437570,94,95,49,4
3.8481740105036533,92,93,45,5
2.2503482049409134,90,91,43,4
4.8014069921846190,92,92,58,4
3.1898680546043128,96,97,56,2
5.9459485873199966,92,92,48,0
3.4495702465274865,96,97,53,7
2.6750879063359703,92,92,38,6
4.3033014530990279,96,96,53,7
0.5747992616530408,94,95,48,3
5.9368088815418512,94,94,51,6
1.7411209042763380,92,92,49,3
5.1058409081170213,94,94,48,5
2.1005241109175050,94,95,47,4
4.5304790754897919,94,95,55,0
2.3141187624718347,96,97,51,5
1.3365330556583721,94,95,55,0
1.0662108375389829,92,92,48,2
5.8421547700367702,92,92,47,1
5.6078755817500303,94,95,49,6
1.7074606047511249,90,91,52,5
5.9795211340590422,102,103,49,4
3.3407409511179762,94,95,55,0
2.9678463951369585,96,97,52,2
4.1436085687018460,94,95,57,6
5.7122076677182072,96,97,37,1
4.5974584984565405,94,95,47,6
1.7451036311855297,92,92,44,4
4.7407481015123620,90,90,51,0
2.7967101672231580,94,95,46,5
5.0470550785923667,94,95,51,2
2.2855199926314560,92,93,49,3
3.7140133973880665,92,92,55,7
5.7668094100917031,92,93,49,7
3.3600527015356145,94,95,59,6
2.0545050050607800,90,90,45,6
0.9112804630873411,90,90,47,6
1.1638406758547934,94,95,50,5
5.8742787705127171,96,97,49,7
2.2431539126171631,94,94,56,5
0.5013575852259279,92,92,52,2
4.8050691938640755,96,96,52,0
4.1720923235640743,94,94,45,4
5.1059359104636668,94,94,51,6
3.1108418245899134,92,92,44,0
6.0275365564015537,96,97,50,2
0.3517229621810148,94,94,43,4
5.9869687113646339,96,97,49,3
0.4316335341283908,92,93,36,0
1.4324393916046045,92,93,54,0
0.2727679020393483,96,97,58,2
4.5526284242082902,92,93,43,1
0.2102214731979809,94,95,38,3
3.2374531997516116,94,95,52,1
0.5082853569036253,94,95,48,3
3.8746704767625424,92,93,45,1
1.0703439361641334,94,95,53,2
0.7104753098102538,94,94,55,4
4.8341353224440917,92,93,46,2
5.2903534843405122,94,95,52,1
1.5524924595997511,90,90,43,2
2.3136244308742744,90,91,52,7
4.4194659602904363,98,98,49,0
3.0134361400502283,96,97,50,4
0.4454897658078324,96,97,40,4
5.2250913091625417,94,95,50,3
5.7467218957923585,94,95,51,6
0.3440408320430223,94,95,50,5
1.8710761407813454,100,100,53,5
1.9441062713884085,94,95,44,3
1.1307308947190737,94,95,55,4
1.7920815538463550,94,95,57,4
2.0242975180532734,96,96,56,2
3.5283252588896463,94,94,58,7
5.4682547454228336,94,94,47,4
0.3215307695222180,94,95,49,2
0.7180185837757970,94,94,55,6
0.2814487070665422,92,93,60,2
2.7620676896068752,90,91,40,1
4.2681934415580747,94,94,48,7
3.4465243259871614,94,94,46,1
0.4358745030130784,96,96,51,1
6.0763761497183753,96,97,44,0
1.8541646547884196,96,97,47,1
5.2305275402136813,94,95,56,5
5.5485647863440963,96,97,44,2
0.0623298196065386,96,96,52,2
3.1616911322267245,96,97,47,5
3.4340658230549335,94,95,54,5
1.3020096545911100,92,93,53,3
0.6148522372051292,96,97,54,0
4.5924837851267322,96,97,59,5
3.0622314615957302,90,90,46,3
4.2875965281199901,94,95,51,2
3.7491239105159555,94,95,48,5
2.2187772126953864,92,93,50,6
5.5441766804168706,86,87,47,2
1.3150552708430072,92,92,51,5
5.4199032570841634,92,93,51,5
3.6088061191276730,96,97,57,5
3.5141741929539698,96,97,51,3
0.5701587563287013,94,95,42,5
0.0131073078332830,94,95,49,6
1.2068449846234692,92,93,50,6
4.2415922762877365,96,97,43,3
4.2106596104568919,92,93,35,5
1.3133538304240477,94,95,52,3
1.7118883158522911,90,90,41,6
2.3717071191343564,92,93,58,2
4.4707856552356500,96,96,50,2
5.5804597919407648,94,95,45,4
4.0652491306012752,94,95,49,6
4.0585496577520610,92,92,57,5
1.2408813321431627,92,92,46,4
2.1338085289884932,94,95,48,1
4.0766379921124756,96,97,49,1
1.6623445940757333,94,95,49,0
0.4898082040608842,94,95,49,2
4.6307482213063063,94,95,50,3
2.4109926078430659,94,94,49,4
3.9362203101493511,94,94,56,5
5.8486881046759409,92,93,46,4
2.6143285608670594,94,94,41,0
3.8957740372385525,96,96,47,7
5.4911789553514359,94,95,46,5
4.1379010836822827,94,94,52,3
4.8526809242954672,92,92,47,1
3.2528343064194232,96,97,37,3
5.0848902552588067,94,95,46,7
0.7377129038863227,94,95,50,3
0.1029569581642306,94,95,51,4
2.4949512173835751,94,95,48,5
1.6833593939580360,96,97,52,6
5.3846364560863442,96,97,56,0
4.9394777777832495,94,95,45,2
1.7552240348959074,94,95,42,1
2.2795632712456806,94,95,49,4
0.3641492696856504,94,94,41,4
0.0114805830333203,92,93,50,0
3.0638012807395891,96,96,48,2
0.3866463102687993,94,95,52,3
0.6535559809666082,94,95,52,7
4.4411186687973752,94,94,48,3
3.1377885999462736,94,94,50,7
5.8436852240052444,96,97,61,7
1.2121671854418419,96,97,43,3
6.1504982465832763,94,94,52,3
4.2814655646303228,94,95,51,6
5.6337565481008687,96,97,49,5
3.4225485926356027,94,94,54,1
1.0490273925856084,94,95,52,3
1.5195100611919556,94,95,49,0
0.3779387236256090,94,94,46,5
1.6307573109096565,96,97,53,7
0.6439248379911104,96,97,56,0
2.7880077737454947,92,92,45,3
2.7576986744498444,92,93,43,3
0.2567207544962916,96,97,47,7
1.3258383967989495,96,97,51,3
3.0845612079919325,96,96,58,2
1.1134746481774667,92,93,56,6
0.6263830409492485,94,94,43,2
4.3654147972595583,94,95,52,3
5.4270117249028331,88,89,48,6
2.8415802981314853,94,95,43,6
3.1342779503794880,92,93,53,5
0.2615206293712113,96,97,54,6
0.5903893585326432,94,94,50,5
4.8391739367562305,92,93,48,6
2.6179894607621548,94,95,47,0
2.5261605689191700,94,94,45,0
2.6664551475400082,96,97,51,5
5.4046647848868288,94,94,48,1
3.4802255079489335,96,97,59,3
4.0077235393403701,96,96,43,1
0.4603118753718455,96,97,45,3
2.4150939383681478,94,94,54,3
0.3258799176612173,92,93,40,4
3.1855510128054050,92,93,38,4
1.7355515521264084,94,95,47,4
5.8722734734905524,90,90,39,6
4.8710089281797933,94,94,49,6
5.0248688971347129,96,97,43,7
4.4693371560552766,96,96,58,4
2.0897879108977406,92,92,41,1
1.8640327500075258,92,93,47,1
0.9512765498331905,92,92,49,7
4.4007188699625894,92,92,49,7
5.8677916003165338,94,95,49,2
5.6690577958119386,92,93,48,4
4.8461568612076684,96,97,45,7
4.0966014348748478,96,97,56,4
0.0427015299259019,94,94,41,0
1.9633505740640782,92,93,42,6
4.3073330061246562,94,95,46,1
3.1111759763129339,94,94,56,5
0.5079396797049534,96,96,51,7
2.6124766345899171,94,94,45,6
3.2037010747433312,94,94,47,2
4.4758441764206109,96,96,52,4
3.2169502612948717,94,94,44,1
3.2151418312426627,96,97,52,6
4.8388534865234742,92,93,47,3
6.0361348637037002,94,95,44,5
1.2099761996258152,96,97,46,4
1.6064863529591971,92,93,45,7
5.0875754642519073,92,93,56,4
5.6447878032952667,96,96,43,3
2.3430826661983555,96,97,47,5
3.0416037652712227,92,93,57,3
5.0256633171801548,88,89,46,6
1.8309812350840655,94,95,47,0
0.2132231327147481,94,95,45,2
5.7256905589029783,92,92,45,7
2.6369658569207441,96,97,56,4
2.4595112161047097,92,93,52,0
0.7293586077121272,96,96,48,6
4.8689525647325560,98,98,47,0
3.5799084499863270,94,95,48,1
3.2091340699592821,92,93,46,0
1.5308550565449790,90,91,55,4
3.3717358121769219,88,89,49,7
0.7454902122874322,92,93,48,2
1.3784299059928522,90,90,51,4
1.5008251254965983,94,95,51,6
5.5978239276798103,92,93,46,6
2.0053134464917157,96,97,51,5
1.3916407663890051,92,93,49,3
4.9931511067087717,90,91,48,5
2.1399990178009438,96,97,46,2
1.0101177809658015,94,94,49,0
0.8776565333663126,94,95,49,0
3.3115646562605563,94,94,51,4
1.2382363611200204,94,95,49,0
1.1226852341462084,96,97,50,4
2.4745688496990743,92,92,48,6
4.9109019088343304,88,89,53,3
2.3166472091329338,92,93,47,3
0.8713331876897619,96,96,54,2
3.5097625296468040,86,87,42,7
0.7323181049831357,94,95,45,2
3.0578518417060203,94,95,41,0
0.4820894463728384,92,93,44,0
0.2067556654003546,96,97,51,1
5.5413455360043535,88,89,52,4
6.2522494660546242,94,94,42,1
2.1477311385664350,94,94,60,1
5.4233661779350903,90,91,46,5
2.9498267987712152,94,94,52,5
5.4853577311438837,90,91,46,1
2.2320909644795925,92,93,48,2
3.5167629966417566,96,97,60,0
2.2216957665975099,92,93,47,1
0.6029377152627009,96,96,52,4
1.2796697179056953,96,96,52,6
0.6070447991233230,94,95,55,0
1.5637510773912091,92,93,47,5
2.3047830796316244,96,97,52,0
4.3506662103255360,90,90,36,7
1.4697499818525193,94,95,50,7
2.2628134041684644,90,90,45,6
6.1672271065353863,94,95,48,1
0.8954746743570769,94,95,40,7
5.6318004719553691,96,97,45,7
1.5147061554413281,94,95,45,2
2.2120220970291520,96,97,47,3
0.2677882775607291,88,89,53,1
1.3738223088788970,90,91,45,2
5.6724134356280436,92,93,45,3
0.5907430324964194,92,92,49,1
0.3248190117205397,94,95,50,7
4.3118542221733565,96,97,44,0
6.1511293633517825,90,90,43,6
4.9903208920150810,92,92,61,5
0.1200300497182561,90,91,56,7
5.4623926776937637,94,95,57,6
1.7419121996468931,94,95,48,5
1.6456448678904492,96,97,45,5
5.4542320798217663,96,97,51,1
1.8425768114303405,92,93,44,0
3.7279162186013890,92,92,38,4
4.0269475281185656,94,95,52,7
3.9844520088279003,94,94,47,0
6.1337348119430137,94,95,46,5
0.3722073571255523,92,92,52,6
1.4512184546355187,92,92,48,2
1.1419668518873549,92,92,55,1
2.9324064036570627,92,93,45,1
3.8122641532550330,96,97,58,2
1.7458994697607524,90,91,42,3
0.4920789993817323,92,93,45,3
1.6851617448684593,96,97,56,4
0.8654930727658162,96,96,58,4
1.3150718663454370,92,93,51,7
4.4338983715657543,94,95,49,6
4.8519061497430922,90,90,50,3
4.7454176097136145,94,94,48,3
1.6076494132762709,94,95,46,1
1.1107726285987145,96,97,50,6
2.2821336864101585,96,97,55,7
3.0538984790688963,90,90,50,3
1.8822014367539606,92,92,38,0
2.1717085962444318,94,94,50,3
3.9253749590099121,94,95,42,3
2.6742935962834786,94,94,40,1
0.7020607130469062,94,95,51,2
2.0085751835522725,92,93,40,2
6.2810679827923250,94,95,50,5
5.9848490124246245,94,95,52,5
5.6662114393291425,94,95,48,5
2.9684241898422306,96,96,42,6
2.8501704256612133,90,91,46,3
2.6734327753863321,96,97,54,2
1.9783120881811256,92,92,45,3
3.3735027384334022,92,93,51,5
4.0224725895434021,94,95,52,5
3.7783736380658937,94,94,52,7
5.9669450944776372,90,91,44,3
3.4734669692488560,90,91,46,3
0.7139691739796377,94,95,52,3
3.5631183616539723,90,91,47,4
2.0117315841244277,96,97,54,6
0.4133486062026107,96,97,50,6
5.6636431205871363,94,95,51,4
0.2511521315551168,92,92,36,6
3.5148416170673937,96,97,48,0
5.4221777454262909,94,95,52,7
3.9159788233116752,92,92,51,1
2.8001678759050410,94,95,45,4
2.9418970214894347,92,92,49,5
1.9624949951634119,94,95,53,2
4.0631099284471794,94,94,51,4
3.8943765941228814,92,92,39,7
6.2142648948324535,94,95,50,5
1.7841501138574032,92,93,40,0
3.1021640564401904,92,93,60,6
4.4310957954356747,94,94,49,2
0.7495873127940519,94,95,48,5
0.3063176468267805,96,96,49,3
0.3929008148942926,94,95,58,3
5.2646853855056897,92,93,59,7
4.3018775783982903,94,94,53,0
2.0789784877032416,98,99,51,0
1.9031681879876314,94,94,44,7
3.7754281036561452,96,97,48,4
1.8858318994588552,94,95,40,7
5.8895059800739400,94,94,46,5
3.7978786960601911,96,97,49,3
4.5188643725643676,96,97,52,6
4.2512438955440315,96,96,53,3
4.0194623620073537,92,93,48,6
1.9340480455085927,94,95,49,6
3.4246990004503397,94,95,43,0
6.0028228970998052,94,95,54,7
4.4840162449931542,94,95,45,4
0.1875032940513496,96,96,48,2
3.3972394799681660,94,94,54,3
5.7868398764403466,94,95,43,6
3.5578996980086215,96,97,54,2
2.1894219809287510,96,96,50,6
0.8504815075804365,94,95,56,7
0.9422927684021316,92,93,59,1
3.8770412920618855,88,89,53,5
4.4030610088675770,96,97,47,5
6.2794197866184422,92,93,44,4
6.1830342758353654,92,93,61,3
3.1555320639930402,92,93,40,0
6.0320099427122242,92,93,48,0
2.5583791282117296,94,95,57,0
4.7486100055480778,92,93,50,2
5.0880979659621079,96,96,58,4
2.2258758625744397,94,95,50,3
0.6197703461279969,94,95,49,6
5.2646488370839357,92,93,54,4
6.2229679315956954,94,94,42,7
5.4629102071259723,96,96,58,2
4.6659173634034792,88,89,57,1
5.3845050715780731,92,93,47,7
1.4096186679219340,92,93,49,1
2.8275898277852223,92,92,51,1
3.2698529627183235,94,95,55,4
3.7149615330967496,92,93,40,2
0.3844091178634176,94,95,46,7
5.7379275807105250,94,95,52,5
1.0023594071668978,96,97,47,1
6.2220632398232443,92,92,47,7
4.9183237422682264,94,95,42,7
3.2242025716534255,94,94,51,6
0.6841915166506644,96,97,50,4
0.2944712533212997,94,94,55,0
5.3043540167470420,96,96,53,7
5.7096642825675143,92,93,39,5
2.2613057590950851,90,91,50,5
4.3723391442002129,96,97,46,6
3.3441919176826729,94,95,50,3
1.1984285724794772,82,83,57,4
4.1861909840022919,94,94,45,2
2.5991974471824060,92,93,46,2
2.5779989984818954,94,95,57,0
5.0111580757501253,92,93,49,1
2.7214389334724580,92,93,43,1
3.8736920262165384,90,90,45,4
2.3494936145571979,96,97,55,3
1.5477748228867110,94,94,54,5
3.5618864117362854,96,97,50,6
5.3917393705548724,96,96,53,3
1.7349213540517345,96,97,44,6
5.5792719143461236,94,95,49,4
4.6801395493661548,92,92,54,2
3.6621465907750723,92,93,43,5
0.8996246570861668,94,94,43,6
0.6879146830873352,92,92,53,1
4.7836572349620488,96,97,47,3
6.2612167792838562,94,95,45,0
3.2519356562861703,92,93,55,5
1.3983234209393107,94,95,49,6
2.9856159088249004,92,93,49,7
1.8906945280894800,90,91,55,6
1.3502722225526222,94,95,59,0
3.8252058144175978,96,96,48,4
2.1075095128032388,96,97,57,1
3.2785216695299111,90,91,50,7
0.1434898491570393,92,93,51,5
1.2665518820028492,94,95,48,3
0.5460042610626885,92,93,53,3
5.5432213844209661,94,94,45,6
1.6105770341034329,92,93,39,3
3.1802396703509750,96,97,48,0
3.6740405444310773,94,95,48,3
1.5581435681288136,96,97,54,2
5.9375371109150441,92,92,46,0
4.8084294947881849,94,95,39,4
0.4427580703190818,92,93,42,4
4.2257663693898513,92,92,48,0
5.2734839583852544,92,92,44,6
5.4659646527149235,92,93,45,1
4.9478587456984400,90,91,43,0
4.1467238238347486,94,95,52,3
0.0477537086396886,94,95,44,7
0.4041166245169009,94,94,57,4
5.6763986378785720,94,95,51,2
5.4503249467266954,94,94,53,2
4.0378039930211154,94,94,40,3
3.2008237695751962,94,95,52,3
2.5436186814708739,96,97,52,2
2.5566826837040297,94,95,51,6
1.2833692687442955,94,95,42,3
0.3036900102674699,94,94,47,0
2.5307128907523353,94,95,51,2
0.2095837116634127,92,92,47,3
5.1507917823747125,94,94,52,3
5.2284846559688054,96,97,61,5
2.7715332338828333,96,97,52,6
6.0308335821868244,92,92,44,4
5.4879807327057586,96,96,50,6
5.1866413820151012,90,91,45,0
0.2000415340969174,98,99,40,3
1.1073127378273857,94,94,56,7
4.8458540645674955,92,93,52,2
2.1445484101597105,94,95,49,4
0.1437397144237685,94,95,51,2
2.4057365503639287,96,97,52,4
2.3516095098251477,94,95,55,6
3.6372473528880036,94,95,47,6
1.4777754386759607,94,94,44,5
1.2860659338781204,94,95,46,5
4.1268742246060510,94,94,42,7
3.9312264750624681,96,97,44,0
0.6854504918620269,94,94,51,0
3.8491018256414158,94,95,47,6
1.6531954405595140,96,96,52,4
2.4502943115335443,92,93,39,3
2.6035103203766483,96,97,47,1
4.4787409593663279,98,99,50,7
3.1472410284316537,92,93,52,6
3.0111839336256829,94,95,54,5
5.4367601408622024,96,97,48,6
0.8628560468273637,96,97,52,0
2.9697434889573975,96,96,38,6
4.8732166988606318,94,94,54,1
5.2721352462510263,94,95,53,6
0.9106897593233072,94,95,46,1
2.2028542962140039,94,95,43,0
4.4256944916032062,96,97,46,6
6.1026959996730579,94,94,50,5
5.0780334906878153,94,95,44,7
2.7610915926838535,94,95,53,0
3.8516395650221686,98,99,53,2
6.0287010751031067,94,94,49,4
3.7913498352497874,92,92,53,5
5.2659365802642926,92,93,57,5
3.6012441794071561,96,96,51,7
6.0525250192483755,92,92,48,0
0.3195395286615289,94,94,42,5
4.3673401237753167,94,95,54,5
3.5011768847514579,94,95,53,6
1.7141244554088495,92,93,51,7
1.1023875619371826,86,87,50,7
0.2165621980215629,94,95,58,3
2.2580711101833746,94,95,49,4
5.4082885193445618,92,92,34,6
0.1836379543718245,94,95,52,1
5.6735841081322969,94,95,50,7
2.0164647988890012,94,95,56,3
2.7270198391739591,94,95,52,3
4.8368661324278905,94,94,43,2
0.9105243565861408,94,95,52,3
5.8285033869441438,94,95,57,4
3.9578658885673499,94,95,42,1
6.0092524262267606,94,94,42,5
5.4370563722562251,94,94,41,4
6.1765219800995110,94,95,61,6
5.4976701219853830,96,97,62,2
0.3159967521567818,94,94,50,1
5.7711492556623689,88,89,42,6
1.3139253251129466,94,95,52,3
4.1757490378526407,94,95,50,1
0.7928893187171300,94,95,48,3
3.6825673093159859,94,95,50,5
6.1805673728968138,92,93,56,6
5.2062905780671453,94,95,41,6
4.0310605451980219,96,96,54,6
3.1157804740269954,94,95,52,1
1.3996896754077086,96,96,58,6
5.4076395624389395,94,94,57,2
2.1368757826979925,98,99,49,0
4.8032275386622603,94,95,57,2
2.2734943690495579,94,95,45,0
1.1000330682352246,94,94,45,0
3.3980798300622030,94,95,47,2
1.2594982180354297,92,93,48,6
3.4745061983602192,96,96,47,1
1.3186934060644746,92,92,48,4
5.7575544888371226,94,95,54,7
3.6004456184121421,94,95,57,2
0.9835801458484170,96,97,48,2
2.1553221064199377,96,97,51,5
5.1849112315603536,92,92,41,7
4.2873913050687804,94,95,50,1
0.8278617666775683,96,97,45,3
6.0745136749626285,94,95,38,1
1.5663872465551900,94,94,47,2
4.8800667159476001,94,95,53,6
0.7278447061740639,94,94,44,7
3.5847083314155412,94,95,49,0
5.4387181893921337,96,96,48,6
1.0363484167607269,96,97,51,1
2.7440869286184837,96,96,45,7
0.6921139780746847,94,95,42,5
5.6038139298247653,96,96,51,7
5.6712252593948680,92,93,48,4
1.2825045280143710,92,93,53,1
5.5003138296168048,92,93,48,0
4.4268116811156375,92,92,56,6
0.7088355389675915,94,95,38,3
4.5271578426666927,92,92,49,1
4.0239705870274376,96,96,52,4
5.7154091612931008,90,91,51,6
6.1504572568412126,94,95,48,3
1.9956784906538358,94,95,43,0
5.9270779061443752,94,95,45,4
0.1055285627722397,94,95,39,0
2.7440245983606948,96,96,60,4
3.8896045343429351,92,93,47,7
2.0427098772370673,96,97,47,5
5.4386967147682883,94,95,47,4
5.6325924349580152,92,93,41,1
5.7417530958558851,94,94,52,1
2.1039177860976546,96,97,45,3
1.2435835509102977,92,92,51,1
5.8031037779741785,94,95,48,5
3.8012222490062904,94,95,46,3
4.0464612384548628,94,95,52,5
4.6694678156853948,94,94,51,4
0.4358505580784520,96,96,54,2
4.9709538256386949,92,93,48,0
2.6353071471431857,94,94,47,0
3.3487831048311332,92,93,46,4
5.0018040226874856,92,93,46,2
4.0701465652274429,90,90,46,5
5.6103947876481941,88,88,41,3
1.2916217108706880,94,94,44,7
5.7935556822821779,94,95,49,0
1.3521692006209098,90,91,44,1
5.8703665383026333,94,95,51,0
2.4317918723076639,94,94,46,3
4.8304422048281923,94,95,52,1
0.2290767230802145,96,96,47,3
1.4128293609382869,94,95,42,7
6.1936833789384877,96,97,50,4
3.5512947248194653,92,93,40,4
1.1238916160839545,92,93,53,5
0.2937325086841878,88,89,43,7
0.8717845255346225,94,95,50,3
5.4824217933866350,94,95,54,3
3.7206027261765549,94,95,46,5
3.7892864598653437,90,90,47,2
1.7495525566773680,92,93,58,4
3.0461870264513728,94,95,55,6
5.7345667848160318,94,95,55,2
4.9306107442276339,94,95,48,7
4.3209022110629212,94,94,53,0
0.5772482476981445,92,93,47,5
4.5199312615284173,92,92,52,0
0.4298313094718126,96,97,58,6
5.3392409338277700,96,96,58,4
2.3381432377328339,98,98,54,1
0.6913319220568881,94,95,57,2
5.0284289745359452,92,92,49,3
1.2071067203671284,96,96,44,2
3.6823271958123307,92,93,47,5
0.3540408146972268,96,96,50,4
4.2155392960360460,94,95,47,0
3.4941379695306849,94,95,46,7
1.9931559042068103,94,95,44,5
1.3519813583771501,96,97,50,2
2.1528832593245717,92,93,48,2
5.1585895442717105,96,96,42,2
5.2786414912051054,92,92,46,0
4.4485191601761018,92,93,52,6
0.2063255390969033,96,97,44,4
3.2363078168146719,94,95,55,6
3.3483101399545836,92,93,44,0
0.7738213166974305,90,91,44,7
1.6028853134676004,96,96,51,7
1.6583736985896247,96,97,47,5
1.2467686482984293,96,97,47,7
3.6023781476942687,94,94,52,3
1.3561418222257828,90,90,54,5
5.9845894855095247,94,95,43,0
5.6980147349915589,88,88,44,2
3.8339953419833304,96,97,51,1
1.5159756164864293,90,91,41,2
5.4073921137056136,94,94,54,5
4.8985180525497922,96,96,61,3
3.7295850226720773,94,95,45,4
0.7651901486450396,90,91,52,5
0.5300439582777642,96,96,45,3
4.2119618250434847,92,92,46,0
6.0542594434097241,92,93,48,0
5.7562452858253295,94,95,44,5
0.6592320664182765,98,99,48,7
4.8871754863931578,92,93,50,2
0.6811269486582276,94,94,50,7
1.7308225092366232,94,94,47,0
5.8750244411457624,94,95,41,2
1.1944384068416407,94,94,49,0
3.7480361649357747,92,93,58,4
3.4233577648978146,94,95,53,4
1.2422577265342039,94,94,40,5
0.3247954440668957,92,92,37,3
1.4971982657544356,96,97,45,7
5.3554516809942330,94,95,48,1
0.3610162417767745,94,95,43,6
0.5976650697341773,90,90,42,5
4.6669705278205305,92,93,52,4
1.1893923960041917,94,95,49,4
0.2567372688024788,92,93,45,3
0.8719055023681563,94,95,48,3
5.3319701660592607,92,93,48,6
2.9111266272621741,94,95,48,7
2.3278209282679976,92,93,45,1
3.9610489917569116,92,92,47,5
0.4528222981475071,94,95,53,2
4.4212699426996727,90,90,40,7
3.3608293536570470,94,95,40,5
5.8286296506124611,94,95,48,7
1.0739270108097492,92,93,46,2
0.8764726933252912,94,94,50,1
0.3723609928818714,96,97,55,7
3.0299204283672800,94,95,54,7
5.8308674170186388,94,94,45,2
0.0684406717548077,94,95,49,0
3.3832889088287725,92,93,46,4
3.5973282935343174,92,92,41,1
0.1997885505394137,92,92,41,5
2.6378062572867282,94,94,44,1
2.3263824838606988,96,97,47,7
0.4879478525853792,94,94,53,0
6.0545714141854052,96,97,54,0
5.9094603914539627,90,91,44,5
5.5305322141646878,94,94,48,7
0.7667606612038591,94,95,58,5
1.2245558302677035,92,93,43,3
4.5231637099327147,94,95,49,6
1.5091979926745018,94,95,58,3
4.5729628198409982,96,97,50,2
5.0334407454353736,96,97,42,2
2.3586187992822860,94,94,50,5
4.8604349529977151,88,88,49,1
2.3272957522908535,94,95,55,4
3.5329627848304357,94,95,42,7
1.1501863417873714,92,92,40,0
3.1130156208401161,94,95,46,1
6.1288947437476047,94,95,50,5
5.9705599520482648,96,97,42,0
3.3862912830498773,88,88,49,1
0.1012052397795181,94,94,54,5
3.8519782048069966,92,92,47,3
5.4394875658096939,94,95,44,1
3.3738083593187800,90,90,53,0
5.7272464165102095,90,91,35,0
1.3466773594748849,94,95,45,4
4.9807986112918323,94,95,48,1
5.5763497350590772,94,95,54,5
5.6713105704260673,94,94,41,0
2.1699278330614402,92,93,48,2
4.8059662337364264,94,95,40,5
0.7872006908775485,88,88,49,5
1.6035079577257636,96,97,51,5
1.8341217213454442,96,96,52,6
5.5592869379010228,94,95,48,1
2.0295427533834087,92,93,47,3
3.8178792448229619,94,95,47,0
5.7210086526829382,92,92,47,5
1.6448917940751715,92,92,49,5
2.0065153557844702,94,95,40,7
1.7612049200898565,94,95,50,5
2.7568059980728834,92,93,47,7
2.1653164945321515,92,92,37,7
6.1442618602920289,90,91,52,5
4.0391766139429155,92,93,54,6
0.4189194960125483,94,95,44,7
0.5946439062035904,92,92,45,7
4.8607731618413634,90,90,49,2
4.6563908009899242,90,91,48,7
4.2368035899682264,94,94,43,6
0.5582183626438239,94,95,52,5
1.4921120028163339,94,94,56,1
3.3501222052360640,92,93,47,1
5.0601861135556234,90,91,54,7
2.8157892060703222,96,97,54,6
2.2349589184356415,94,94,51,0
2.2501618620863093,94,94,48,7
0.2985365037033216,92,93,54,2
4.9108359615260468,98,98,54,7
1.4675383508699329,94,95,48,1
1.4139965737123037,92,93,59,7
4.9509130920925495,90,90,51,2
3.6045800782671700,92,93,52,6
6.2500323024079538,90,91,48,3
1.5167586573196308,96,96,51,5
2.9155662892398824,92,92,52,2
4.7675986530589487,94,94,45,4
1.5166453467072769,94,95,46,7
3.7561899457659456,96,97,47,7
4.2736783091755894,94,95,49,4
6.1528354198797226,96,97,44,0
4.0920128344488029,94,95,42,3
4.4755340961455996,94,95,52,1
5.9351706197891092,94,95,41,0
0.0709211492107468,94,95,44,3
1.5982430438450259,96,97,53,1
1.9475564830250969,94,95,48,1
3.0787069017051607,94,95,47,4
3.1110531395303269,96,97,39,1
0.0869756200476043,94,95,47,0
2.3421084841596178,90,91,42,7
2.8423488093415279,94,94,48,3
3.5750991955595985,92,92,55,3
1.1237588381992278,96,97,48,2
2.2345016368973534,92,93,44,2
1.9792820646980098,88,89,53,3
6.2611602712446750,92,93,35,5
4.6961533990738475,96,97,51,3
1.6774086423611951,94,94,55,4
1.7515892798311250,96,97,44,0
3.9114991948725448,96,96,44,4
5.1508359344717238,96,96,49,1
5.2227830929645878,92,92,42,4
6.2522785556724392,96,96,48,6
6.2626946893910178,92,93,44,2
5.4790116448159827,94,95,48,5
2.8640407353189534,92,93,47,1
2.6589962290837281,92,92,37,3
4.0413561226928287,94,95,58,3
0.6584597964231316,92,93,40,0
5.6210015013234784,92,93,44,2
0.3657662465427934,94,94,43,4
4.6720496304464261,94,94,50,7
5.2122366605027848,88,89,52,0
4.7605445889086822,98,99,61,6
2.9849985629980607,92,92,48,0
2.4649288214072280,94,95,45,4
1.1364519561914563,94,95,52,1
3.1965874840035884,92,92,42,6
6.2481175743742625,92,93,49,7
4.5466321347011229,94,95,53,2
0.1023170142132984,92,93,49,7
3.9832686142265605,94,95,48,5
0.9104000222678826,94,95,42,7
6.1009504228428879,84,84,40,6
0.3082558086816263,94,95,44,7
1.0780306198007044,96,97,50,2
5.4600106519874698,94,95,45,4
4.2224737877110305,94,94,46,1
0.7666068030691294,94,95,48,7
0.9080184330721275,98,98,54,7
6.2214028798314152,94,94,54,5
1.4782575227565722,92,93,48,2
5.1232079925721541,94,95,34,5
1.9348007070877258,94,95,54,3
4.1947019941414503,96,96,44,4
1.8640000285721736,88,89,42,0
0.0288218245406240,94,94,56,7
1.4703596311940155,92,93,50,6
1.7656238199774894,94,95,46,7
0.3770660939071379,94,94,48,7
0.3011136329245118,92,93,41,7
3.5640115531175751,96,97,44,2
5.4091691371890116,92,93,46,0
6.1570137528326185,94,95,44,3
2.5574407353359372,90,91,52,7
4.7845063767438107,96,96,54,0
0.6079285582849316,92,93,55,5
4.0170295244273513,90,90,57,2
4.2308168761910752,94,94,47,4
4.7258022349563449,94,95,58,3
3.9550345080637226,92,93,37,5
2.6043441236100255,96,97,56,2
0.0115479464107157,94,95,48,3
3.7477784439244139,94,95,46,5
3.1617231398767842,96,96,54,2
3.9792196610871251,92,93,56,2
5.0442733271524878,96,97,56,0
5.3140926978497296,92,93,48,4
2.4418009761261916,94,95,49,2
4.3691034602679624,94,95,44,3
0.1403890604851565,96,96,51,7
5.0416716792347538,96,96,53,7
2.3206138056646388,94,95,51,4
2.5395969204945867,94,94,56,5
3.7063855796293179,94,95,51,6
0.4845402863128644,94,95,54,7
4.1862070763862897,94,95,62,1
4.7802255889930274,96,97,58,0
0.5848938236698786,90,90,53,4
4.8575645207306097,90,91,47,6
2.7199671903870164,92,92,40,2
4.1143945972842682,92,93,39,7
3.3545431688111478,96,97,45,7
1.7485698822523288,94,95,48,3
3.1549090766990138,94,94,52,5
3.2052642434730969,94,95,46,7
2.0575336551248036,92,93,48,4
4.6733385582503804,94,95,49,4
1.8184272596178974,94,95,49,2
5.9139382310927706,92,92,39,1
4.0625542275080804,92,93,55,7
4.3092593463086111,92,93,50,6
6.2778946795116894,96,96,47,1
4.1676424171787243,92,93,45,5
0.9560186962793614,92,93,52,6
4.2973487810332260,94,95,48,1
2.7126345593064878,90,90,49,0
4.2616262101723699,92,93,41,7
4.9981331556828508,92,93,46,6
4.1083385889733126,94,94,48,7
1.6926464083187622,94,95,50,1
2.5579346629443322,92,93,40,2
1.2369172594716769,96,96,58,0
5.2717043020358316,96,97,58,2
0.0469619687825657,94,95,46,7
4.6129964619057242,94,95,39,2
2.1353528081432809,96,96,56,0
0.5686282461471492,96,96,53,5
3.3145170773426362,94,95,44,5
1.2813783123003928,96,97,52,6
4.5680328733830473,94,95,57,0
2.7941793295413806,94,95,47,0
0.5526616299801401,94,94,47,0
3.8666964700178097,96,97,51,3
1.2516298324491180,92,92,49,7
2.9446474003715668,94,95,54,3
5.3711064264556327,94,95,47,0
5.2924929120366846,94,95,50,1
0.7317666004879773,88,89,37,1
2.6597692437882796,92,93,52,4
0.3835221496313645,94,94,40,7
2.5614539169851964,96,96,47,5
1.5256339302751032,94,95,52,1
1.7301656029629695,94,94,57,2
0.2862383382631680,94,95,43,2
5.7388131065914214,94,95,51,0
4.6657031314401145,94,94,49,2
1.8530008398592535,94,94,44,5
2.6431376638542963,94,95,45,6
0.6097089389480512,96,97,55,5
1.3326288710295300,92,92,47,7
5.6943667831973919,92,93,36,2
3.8492971684607507,94,94,47,4
4.9834992278721000,94,95,49,2
0.9584326167502500,92,92,50,6
5.8816853486443614,96,97,55,1
4.6703249996075256,94,95,47,0
3.8069433583605972,96,97,50,6
1.0777520369328590,96,96,39,5
5.1386309652833955,96,97,49,5
4.2563884872711553,92,93,48,0
2.2698462895822304,92,93,52,2
0.7032547621530700,92,93,48,4
1.2893194461042707,94,95,47,6
4.4141904710920841,92,93,49,3
4.9011462096936809,94,94,39,0
4.3117508455717308,96,96,47,7
0.6093483431908493,94,94,50,1
2.8917540056837852,90,91,46,1
4.6596074286990721,96,97,41,7
4.2152620300189367,94,95,56,1
1.0547699113768449,96,96,51,7
2.5087330398782073,96,96,54,6
0.9537151854520087,94,94,51,6
2.0361337670012563,96,97,49,1
3.7816575824458192,94,95,55,6
2.8742044879555118,94,95,57,4
1.0930301990089406,94,95,48,5
6.1914049442033585,94,95,50,5
5.7429739927503602,92,93,42,6
1.7111923509784883,96,96,48,0
4.7683147839833042,96,97,55,1
6.2436801283720031,96,97,57,5
4.1000604119556288,96,97,49,7
1.8947677128613969,94,95,42,7
0.6814791836946511,92,93,48,2
6.1461564989607744,92,93,52,0
2.9876693178242268,96,96,55,3
0.4992774936650268,94,95,51,0
1.6185519339358578,94,94,41,2
1.6595622713343172,94,94,56,7
3.5978176614202928,94,95,59,4
4.8724887072548091,92,93,52,0
5.9139049887080981,92,92,55,5
4.9459106535386210,88,89,49,5
3.8076191411999649,94,95,56,5
5.2752483202103457,90,91,47,0
3.0370783781588298,96,96,55,1
2.0974058360372441,96,97,46,6
5.2312537389390217,96,97,57,5
1.9308483700180690,94,95,53,4
0.7638686448127334,90,90,43,4
2.0107090997997079,94,95,51,6
0.9567263362964360,96,97,46,0
0.4960181662562234,94,94,46,1
4.9129888136956588,94,95,45,6
5.8541872639937749,92,93,50,6
5.0231351302215792,92,93,45,7
2.0961090601816350,90,90,50,1
2.2385284201215212,90,91,47,2
5.1457570109993016,94,95,57,6
0.1473428666072331,94,94,51,6
1.9399605394941410,94,95,55,0
5.5578355222332343,94,94,49,4
1.7185982541397993,94,95,57,0
5.3819994181800688,94,94,51,6
0.6975524753431502,84,84,41,7
3.5997138958380717,92,93,51,1
0.7559306615061083,94,94,43,2
2.9289232763036241,94,95,55,0
0.0770612715393636,92,93,44,2
4.2295880643800672,94,95,43,4
1.9962522702609311,94,94,52,1
4.3442402197901018,94,95,53,0
2.5621371015288759,90,91,51,2
4.9829070375917013,96,97,50,6
1.9984947450114108,94,95,47,2
6.1970053857416696,94,94,50,1
5.8933455201823230,94,94,54,7
2.2256380837682466,94,95,43,4
0.6801059594039617,94,95,55,0
2.4498938511735648,94,95,50,3
0.8443804111845179,96,97,54,6
4.6279988661331775,94,95,45,4
3.1851594727733801,94,95,40,3
1.3756511071229773,96,96,47,3
3.3785478712550385,96,97,47,3
3.0827015828188551,96,97,41,1
2.8492173807412517,96,97,54,2
5.3299442160213122,94,95,46,7
5.0889394178908391,90,91,53,4
0.7376530384335283,94,95,56,3
4.5020876637690561,96,97,41,3
3.5141545404405230,96,96,42,0
6.0210845756513773,92,92,48,0
4.4768191234886121,94,95,48,5
4.5013166199743395,94,94,52,7
2.8706930782015170,96,97,49,5
4.1992654174691308,96,97,60,4
5.8891449256014061,94,95,49,2
1.2698968041041454,96,96,42,0
1.1077881892314105,90,91,40,7
3.4273475497478194,94,95,49,2
2.4687017893896299,90,91,47,4
4.2329254600479249,92,93,49,5
0.8865478195580213,94,95,54,1
4.6498526750121707,90,91,49,6
1.4947777369885327,92,93,57,1
5.1746310245088836,94,95,59,2
3.0597047192503033,98,99,61,4
0.8997080653342351,96,97,49,7
2.3266074412214754,94,94,49,4
1.2625634820589799,94,94,52,5
3.7158180324884325,94,95,49,4
1.7213115164971549,92,92,42,0
1.8864834214959674,90,91,39,2
3.1434381189937435,92,93,55,1
2.5068765735678831,94,95,39,0
0.0709596112563596,94,95,42,1
3.5285397601590036,96,96,59,7
3.3995987566051391,94,95,42,7
1.5544175351646530,88,89,45,5
5.1225585130472000,90,91,47,0
2.0060757361501804,94,95,53,4
4.4188399421789999,94,95,52,3
5.0504495010800747,96,97,58,6
3.5709371049117626,94,94,38,3
5.9262379100820857,96,97,62,0
5.9068876289657712,98,99,47,4
1.8000488885483723,94,95,52,1
4.5463310438803068,94,95,49,2
0.5081999704778462,94,95,50,5
0.4464997892444227,94,95,46,3
0.2261947368324816,90,91,52,5
1.7076373371736904,92,93,49,7
0.2292356339178174,94,95,57,2
5.5046242354189259,92,92,52,6
5.0979409429704532,92,93,48,6
0.8010817852294353,94,95,53,6
4.3691029884772208,94,95,52,5
0.8516814909242302,96,96,59,5
0.9676695635345465,90,91,43,6
0.9699492233064091,94,94,53,4
0.1515189838341121,92,93,49,3
4.0954041316263394,94,94,49,4
5.7736337774838855,94,95,44,5
3.2677241989690442,94,95,50,1
6.0719802263667537,94,95,47,2
4.0404660024958252,96,96,49,1
5.0454947969720099,94,95,49,4
3.2316625945602002,94,94,43,6
1.7245196538403496,92,93,52,6
1.3452358029001303,94,94,50,3
1.0502712896678008,92,93,64,0
5.5224641582369234,94,95,50,1
0.7054337445303280,88,89,49,7
0.0696267337280563,92,92,46,2
4.0718031828825634,90,90,50,5
5.9571600334796102,96,97,51,1
5.2929442761181402,98,98,56,5
2.0048953067352615,96,96,50,2
4.5610148820922500,92,93,46,6
1.4328179648750254,88,89,45,3
3.0512334283859106,94,95,48,7
2.1644501894641985,88,89,42,2
2.4576043868421209,92,93,40,0
2.2843563341615822,94,95,44,3
5.2516785464307034,90,91,54,3
4.0681476056779440,94,95,47,6
4.6529705219282729,94,95,44,7
1.8703090813608478,92,93,50,0
1.3855300729530124,90,91,46,5
4.5018977610784301,94,95,44,7
2.7318047455047982,92,92,48,0
6.1920793525253135,94,94,45,2
4.2160564240850080,94,95,49,6
5.3809622835164044,94,94,43,0
0.4324867436769260,100,101,53,7
5.2512790224334269,94,94,59,4
4.4888438992452411,94,95,43,2
3.1562036403842875,94,94,48,1
5.7425168745182908,98,99,57,6
1.3283744390590342,90,90,40,3
3.9542667726583112,94,94,48,3
2.3356314546455228,86,87,50,1
5.9184483125576737,94,94,52,3
5.3904535084751775,96,97,45,7
2.7464608063139000,94,95,51,6
0.9227988168071408,92,93,46,6
1.9571400706821562,92,92,47,3
6.1980552274746330,94,94,42,5
0.0844021621408040,94,95,49,0
0.7898466312210543,94,95,46,3
2.6503978681251605,92,93,46,4
5.3849443438385158,96,97,52,2
2.0667884559214129,94,95,48,1
4.2493971538166688,94,95,45,6
2.4914238318595516,94,95,56,1
5.5539675516662292,94,95,48,3
3.0119201803138411,92,93,53,7
0.0750164363054655,94,95,33,2
4.5519473017203271,94,94,46,7
4.9073170109319824,94,95,43,6
6.0129682466890815,94,94,52,5
0.8184200393782159,94,95,59,4
1.0445523828552621,94,94,47,0
3.7160438126537416,94,94,59,2
0.1325257423220042,84,85,45,7
4.7680349804646873,94,95,52,1
3.5064848921396705,92,92,50,4
2.3317606155307007,94,95,38,7
4.9172573545938043,94,95,47,4
6.2485176328810033,96,97,53,1
1.0348793139168821,94,95,57,0
3.0522416447938228,94,95,45,0
3.8552309347266265,94,95,50,1
3.2911123893645287,94,95,53,0
2.1501669513267765,92,92,47,3
3.9257996280284639,96,97,51,5
0.4085069626213437,94,94,48,3
1.5004826651086682,94,95,47,6
4.5219139981682943,96,97,42,6
6.1861802295646919,94,95,53,0
2.9474398578870344,96,97,58,4
6.0583141999672803,94,95,54,3
1.7094724265849639,94,94,61,2
0.3047393564894213,96,97,52,6
1.1596049657379111,96,97,48,2
2.0116140134988050,94,95,57,4
3.3458229127027423,96,96,39,7
4.8852430632557660,94,94,46,1
2.2923466302158073,92,93,50,0
4.5083699324482529,94,95,43,6
4.9815727015339561,92,92,46,6
1.3712984367414458,94,94,45,2
6.2599213896807218,96,97,50,4
4.5568529283182473,94,95,52,3
2.1622298693248347,90,90,43,2
5.7311750966399497,94,94,47,2
4.5460136977907410,94,95,50,3
4.0615718102121967,92,93,55,1
2.8291368496323739,94,95,49,6
2.2921359788475404,92,93,40,6
3.0371435535209268,94,94,41,2
4.6645938890776772,88,89,47,5
3.9155589937925055,96,97,49,5
5.4281293331954750,94,95,49,2
3.6003539893473357,94,95,44,7
2.6633987751685235,94,95,54,5
1.0721080693941019,94,94,49,0
5.6813012237655069,94,95,48,3
4.8760184473061221,86,86,47,0
0.1789328590213619,94,95,53,4
5.1623250009315012,98,99,43,6
5.1351759907290395,94,94,56,5
3.9566985175081362,92,93,51,7
3.0520886729758261,92,93,59,5
4.4156040658776758,94,95,49,4
2.8840430358144826,90,91,49,4
2.6573752319924031,94,95,48,3
2.3797238657074882,94,95,59,4
5.5026735642442794,92,93,45,5
2.7018445690883155,98,99,55,2
3.3825410823973407,92,93,40,6
0.6985985467397782,94,95,44,1
4.3623704547680084,96,97,50,0
4.0976251254247469,96,97,48,0
5.8675539997608563,92,92,49,5
0.0657750684573893,96,96,51,7
6.0655757101234880,94,95,46,3
5.4691922541441587,92,93,54,2
0.1567266187480720,96,97,52,4
3.1047734207824553,92,93,46,2
3.4854703307929471,96,97,40,4
1.5438347343842798,94,94,51,6
2.0483294924174249,92,93,45,5
3.6122946521742123,94,95,45,2
3.4261774567102252,94,95,52,1
5.9478260206438209,96,97,38,2
1.1650148859109213,96,97,55,3
5.3154703274554116,96,97,55,5
3.8324695058966887,94,94,46,1
1.2923712540803709,96,97,48,0
0.9501131893508939,94,94,51,0
5.5398546707866911,96,97,45,3
2.2902697153404401,94,94,62,7
2.4521660915249637,86,86,42,1
4.8028814704351293,94,95,49,2
3.4455784835350465,94,95,43,0
4.2978008711523339,94,95,49,0
6.1616545412099040,94,95,49,4
6.0342857941053296,92,93,40,4
2.4153127584179308,94,95,49,2
5.8486933853836582,94,94,43,2
1.8981288202570807,94,95,48,5
2.2365070626323766,94,95,44,1
0.5590597424848999,92,93,52,4
5.7629807870673568,96,97,42,6
2.3286879363699273,94,94,50,7
4.4814911108478244,96,96,52,2
4.2816364815626233,94,95,42,3
0.3862819406991002,94,94,46,3
3.7468724672618072,92,92,42,4
4.8910756121731795,94,94,50,3
3.6438325763938586,94,94,47,0
5.7695359217609843,94,95,48,1
5.3907952878565260,94,94,53,2
2.8068222930171083,94,95,49,0
3.1708857538578163,92,93,52,4
5.2963927179121439,96,97,56,4
0.8302049301945457,98,98,48,5
5.2009410897041040,94,95,46,7
4.1504560467211196,90,91,49,4
1.1582207649223517,94,95,55,0
1.4905645345056873,96,97,45,5
1.7449914774224022,94,95,40,3
0.2254938770188104,94,95,50,5
4.6026589482719320,94,95,52,3
2.1998760614225210,96,97,43,5
1.9744077314838600,94,95,55,0
6.0522029373741724,94,95,57,0
1.9392333584114640,92,93,47,5
3.9235688757043650,88,89,48,4
5.3324152151477699,94,95,45,6
1.2556012187987105,94,95,41,4
3.5946298919163122,94,95,46,1
3.9769933589841076,90,90,48,1
2.0876300486968242,94,95,59,0
4.9497105946614566,98,99,58,5
5.8832280594988458,94,95,46,3
2.1708989261420890,94,95,56,5
0.7820414651697049,94,95,46,7
6.0533321555535808,94,95,57,2
1.0325882987199597,92,92,51,7
2.1551149069204776,96,97,53,1
3.8894757769040447,92,93,49,1
2.7004924865231925,94,95,47,6
3.3536197042022149,94,94,53,4
3.1812176900506581,90,91,43,2
1.9232344166024238,94,95,37,6
5.4003613971490241,98,98,52,7
5.7047360687109165,90,91,47,6
3.6730104719718359,92,93,50,4
5.2498892433788553,94,94,54,1
1.5241932414087167,94,95,59,2
4.1200973135350303,94,95,49,0
5.2810909478393580,94,95,50,3
3.1888120816668772,94,95,50,3
4.9004554126917235,94,94,50,5
1.9195224202450425,92,93,45,1
5.3320669940260741,94,95,53,0
3.9449149117181022,96,97,53,7
3.5757622239049951,96,97,45,5
5.5861548166765580,94,94,51,6
3.2872340474979804,92,93,48,4
2.8890491735538562,90,91,50,7
4.6631030853554876,94,95,53,0
4.6971528828340432,94,95,54,3
1.8112390914357992,94,94,50,5
3.9650853683526566,100,100,45,7
0.9375119637540815,94,94,40,3
1.8003096261142117,94,94,40,1
2.7269050321417536,96,97,49,5
2.9571409624025282,94,94,46,3
4.0674995607401581,90,91,41,0
4.8820237455039388,96,96,49,7
1.2482214143118862,92,93,51,1
5.2692734167802087,96,96,55,3
5.1257698352647241,90,91,42,7
2.7143211252018098,94,95,51,6
1.4884437328311937,92,92,53,1
3.0801130682402844,94,95,53,2
0.8606211996921349,92,92,47,1
5.0735848388521783,96,97,59,3
2.2246717228958106,94,94,52,5
5.4748088324668016,90,91,47,6
1.1004177839605511,92,93,50,6
2.9395446940938288,86,86,49,4
4.8969746390807378,96,96,50,0
4.5593110272105832,94,95,53,0
6.0019258780110034,92,92,54,4
5.4148101568402947,94,95,47,6
1.2553722904804625,92,93,52,4
4.3189350009909697,94,95,49,4
3.3494434450909671,96,97,51,7
4.4846117715142277,96,97,51,7
5.7703619663327732,94,95,47,2
2.0598517148102524,96,97,52,2
2.8621471706442438,92,92,45,7
4.1858978373066300,92,93,57,3
1.1987292620848702,92,92,50,2
4.7459442199740733,94,95,50,1
4.5695544819209699,92,93,52,4
4.7147014043618922,96,97,51,5
5.1650911583215935,92,93,46,4
1.9569638238557379,96,97,47,5
1.6075338701046182,94,94,48,7
2.1687424463491727,92,93,52,0
0.7914463761761602,92,93,45,1
1.4392289937363567,94,95,47,0
4.5195454415869420,96,97,52,0
4.9406697919490314,96,97,52,4
5.6851903754206088,92,93,46,0
1.2693211213083453,94,94,43,4
4.9378509515184961,94,94,49,6
0.0550890259760902,94,95,44,3
2.1205946758974381,92,93,54,6
0.4446806239129862,94,95,53,2
4.7663706782187525,92,93,44,2
2.5812059132897653,94,94,44,5
5.9965243995595889,92,93,45,5
1.8997162889473831,98,98,44,5
3.2407440774448419,92,93,46,0
2.8678686158137201,90,91,50,5
1.6265324237420886,94,95,49,4
1.4545596340732205,92,92,53,3
5.7425542626870039,94,95,48,3
4.8574003233364325,94,94,51,6
0.7584479307745866,92,93,48,4
5.4757742548416317,96,97,51,5
1.8887224469354347,94,94,43,0
2.3162955002877403,94,94,44,5
1.5336103432506250,94,95,47,0
0.7113460608850288,92,92,44,4
6.2770954105564369,96,96,46,2
2.8141323334625943,92,93,45,7
3.0880225962204841,94,95,53,0
3.8424871364152251,90,91,46,1
5.1828764821945175,92,92,44,0
2.2076535517989453,92,93,53,3
0.4445644275792902,94,95,54,3
1.0955014948012316,94,95,54,7
2.3824374124143959,96,97,48,0
1.8875298301468910,92,92,49,1
0.7168887963365702,92,93,46,4
0.8841293048358836,96,97,50,6
4.5992885563344457,96,97,45,1
2.7947719888187743,96,97,46,2
0.2289020654241459,96,97,51,5
2.1866636420249144,94,95,48,1
3.2245582960175923,96,97,55,3
1.7573113741755173,96,97,49,5
3.0548902585215041,94,94,47,4
1.9772138276567166,90,90,48,1
2.1029375796271466,94,94,50,3
4.1581302250591436,94,95,49,2
2.4785202677301035,96,97,42,2
2.0665469462382293,92,92,59,5
0.1413146479602939,94,95,49,0
5.7927438322051730,94,95,48,1
6.1477810630850946,94,94,44,7
3.4840839283789484,90,90,52,1
6.0226694891522028,96,97,51,5
0.0334204925688913,92,92,51,3
2.4259215087789321,94,94,50,1
5.8536519586022822,92,92,45,5
0.3973410432629687,96,97,56,4
0.5811367002021184,94,94,45,2
2.9030347426243148,92,93,47,3
5.5773483121597396,94,95,49,6
3.3833103993388609,90,90,50,5
1.4647655897316856,90,91,39,4
0.8180943242771881,92,93,48,0
4.4673587962935128,94,95,38,5
5.4661033294718866,96,97,50,6
0.2092175859997686,92,93,48,2
5.2063290900707404,92,93,50,4
1.1389181112775801,96,97,55,5
2.9603244186794808,92,92,49,5
5.1034693033568086,94,95,54,7
1.1225003167369834,94,95,49,4
1.0256046028387540,92,93,41,7
5.3050712881675919,90,90,42,7
2.1557573392349068,94,95,49,6
4.8008307031341166,90,91,47,2
3.9135301031573597,96,96,51,7
0.3703460726452716,92,93,49,7
0.6982905456612156,94,95,49,6
2.5550564164078549,94,95,50,7
3.5050502838151090,96,96,44,4
4.4397651937771450,90,91,53,4
5.8221236560823684,96,97,51,7
0.1005494103209379,92,93,44,6
0.4425152063654091,94,95,46,5
2.2638008885491412,94,95,47,4
4.5535188506920035,92,93,55,1
1.2307464430396879,96,97,44,4
2.9866525481107962,96,96,49,7
1.1601983864594216,96,97,54,0
2.0167059042315758,96,97,47,1
2.2122758454287981,92,93,47,7
2.3275850779686196,94,94,51,0
1.2918320295106807,94,94,43,4
0.5330653369131628,94,94,48,3
4.8781585445218756,96,97,50,0
5.2669006820787478,92,93,40,2
0.8275819609835606,94,95,42,7
3.5015282226835289,94,95,58,1
5.7971359762672012,94,95,39,2
0.7023399253455144,94,95,47,0
4.9057397004893568,94,94,50,3
3.2442859670098927,96,96,48,0
3.6337744085318402,100,100,47,5
5.8682664978358972,92,93,53,5
5.4511301159987173,94,95,46,1
0.3288526157316867,92,93,45,1
1.5731749772535903,90,91,40,7
1.5006756876897758,90,91,43,2
2.6099121384164472,94,95,50,1
0.0887113607107914,96,96,51,7
1.8668870526150816,86,87,46,1
0.2914801879629137,96,97,48,2
2.7796842775988613,90,91,43,2
1.4151426451591671,94,95,47,0
5.5259533684151227,94,95,52,7
0.6674320441149937,90,91,44,7
0.1551341033313501,92,92,46,0
0.8200219544302434,92,92,51,3
2.3843731666424701,94,95,45,6
0.0861271404867513,92,92,46,6
0.8100514642630134,94,95,46,5
3.3005221197485182,98,98,50,7
3.5894075912056844,94,95,52,3
6.2016687130851587,92,92,51,1
3.4137028438617607,94,95,46,5
0.1041808160090234,96,97,55,5
4.0261453975046795,92,92,51,1
2.4646686122636958,94,94,50,5
2.9051565126070806,92,92,52,6
5.0096344518914426,96,96,46,2
3.4636602632821618,94,94,49,4
4.3789888074296961,94,95,49,4
4.8829065257942368,96,97,48,0
3.9387593052423999,94,94,48,1
2.7682137528045292,92,92,46,4
1.1485132378507261,90,91,55,6
5.2505025686403703,94,95,38,5
1.0160734534173437,92,93,45,3
4.1292337128763483,90,91,52,5
3.2438516479008044,94,95,48,5
4.2791380543517183,94,94,42,3
5.1634899555720937,94,95,49,6
2.0196722345820546,94,95,52,5
3.0055110625248189,92,93,48,0
4.7707711923328580,94,95,54,5
1.2812838682959320,96,96,42,0
6.2421368891546472,94,95,44,7
1.6333053853858288,94,94,50,7
2.4637091141666971,90,91,56,5
1.8959922543951746,90,91,47,0
5.0724782084685565,90,91,52,5
2.7479758966304937,94,94,54,5
0.9774869257973362,92,93,50,0
0.1396562480130756,94,95,49,6
5.2198776526799335,90,90,57,4
6.1287275958122356,92,93,53,5
0.0798701077222595,94,95,44,1
3.1161881364996464,92,93,52,2
1.1361255437148321,96,97,50,2
0.5763963915577553,96,97,51,7
6.1092233068580208,94,94,44,5
5.2015421232910661,92,93,45,7
5.9551411167649659,92,93,53,7
6.0346017092784621,98,99,59,6
4.3549990133228746,92,93,52,4
6.0358838895503100,92,93,48,2
6.2689486549864633,94,94,43,0
2.8012776486341675,94,95,58,1
1.7466377423473052,92,93,47,1
1.2699252223749424,98,99,47,4
2.3111382603139079,94,94,41,2
4.5736053786889750,92,93,46,4
5.0729964042592686,94,94,55,2
3.9089157868857192,92,93,57,3
4.4786511627437200,96,96,45,7
6.0766275885662546,88,88,42,2
1.0615524771743754,90,91,41,2
3.3609469524333457,96,96,49,7
5.9744453898280341,96,97,46,0
3.5434997862232969,92,93,57,5
1.9403203634614612,96,97,45,3
0.9443313463402844,92,92,47,5
3.2618375464714888,94,95,54,5
5.5789488641971960,94,95,45,2
3.6403196445494497,96,96,49,5
3.4081212650626069,96,96,63,3
0.6176861907470784,96,97,47,7
2.3640942197137709,94,95,52,5
4.8911170173085079,98,99,55,6
4.7937814831363887,92,92,39,1
5.4293627728381368,96,97,42,0
0.4365065019432228,94,94,57,0
1.7047829001354382,94,95,51,4
3.8653581129629062,94,94,44,3
1.1883675718970539,94,95,50,5
4.3277067422077478,96,97,58,4
3.3942319748848626,90,91,48,3
3.0440001503011849,94,95,45,6
4.4961291877800580,96,97,51,7
5.5513542857758811,96,96,59,5
1.1345563443468498,96,97,57,5
1.2923058882257603,94,94,51,0
4.6389291387820428,92,92,49,1
3.9199724839077641,94,95,49,0
5.6234814804379489,92,92,40,0
5.9726811003937605,92,93,53,5
2.6114143939099583,94,95,48,7
1.9026930469343220,94,95,45,0
0.9941181305103437,92,93,47,1
0.0632567316848128,96,97,56,0
2.4087245064102025,94,94,50,5
4.7175456070742232,90,91,50,3
1.7131128912280456,90,91,40,7
3.4015730788280991,92,93,48,6
0.2270787372380515,92,93,47,1
1.9820568341219211,96,96,49,5
2.4170256117977558,94,95,58,5
4.2272441921794286,94,95,55,4
3.1029833889477381,94,94,40,3
2.1240043757766438,92,93,44,0
0.7182883738060125,90,91,55,0
4.0722698459215252,94,95,50,7
2.9132600687497425,96,97,57,7
1.7087174812106918,96,96,48,4
3.6185869268340669,88,88,44,4
3.6728625649769913,94,94,59,4
3.2028440120583865,94,95,47,0
3.6757540959543595,94,95,54,5
1.4070903098813949,94,94,57,4
5.9582214896857701,92,92,40,2
5.6545854837914620,96,96,55,1
4.4002445010972888,94,94,51,4
1.1580154977824639,96,97,56,2
3.9876438502266094,94,94,56,5
5.0648370112527177,92,92,42,4
2.0027812878138342,92,92,50,6
4.4578081259423001,94,95,51,4
0.5473965615476752,94,94,44,7
1.5887994757002695,96,97,47,3
3.4571340545921241,94,94,48,3
4.5927446449269942,88,88,44,0
5.2227529766047702,96,97,49,5
1.9266366745115262,90,91,46,7
2.9920080978995083,92,92,53,3
2.5193112490459093,92,93,43,3
4.8690117353081428,96,97,54,2
3.2662543389259295,90,91,50,1
2.7028970968568724,96,96,46,4
3.7463586124421449,94,95,47,4
5.9255513231315176,90,91,49,2
2.6747320442348257,92,92,51,1
5.3632597420577852,94,95,48,1
0.9199034745256174,94,95,57,2
5.5902096460493285,96,96,45,3
1.4514524862100415,92,92,52,4
5.0753433056298736,94,95,60,7
2.4651419537392854,94,94,46,5
1.1247958027613703,94,95,52,7
3.9175988611486541,94,95,49,2
3.8483963372458900,94,95,52,7
3.3688237903016582,92,92,45,7
4.7924856430284324,92,93,52,6
5.7216898144878954,94,95,51,4
2.2113984808901570,94,94,51,4
3.0826713936321863,94,95,42,1
0.6685431333029476,94,95,50,3
3.2227828205192819,96,96,53,7
4.3520331490240913,94,95,54,3
0.5381659302566796,90,91,41,2
2.4590086371912352,88,88,40,0
6.0108011120613938,92,93,50,2
4.0750203154551494,92,93,46,0
0.9139714362551736,94,95,52,7
4.3839497239142036,94,94,44,3
0.9458420810953349,94,95,44,3
0.3504106014813362,94,95,48,3
0.5725125384895308,94,95,61,2
4.0376427800372907,90,91,42,3
0.5547913883910583,94,95,55,4
1.9087860418440508,96,96,53,1
4.0288841164502029,94,95,52,1
2.9897414621318803,94,94,54,7
3.8496923605920745,92,92,50,6
5.4173967136709731,96,97,45,7
0.0739459191111621,88,88,46,4
2.9307401123231114,92,93,55,5
6.0288061971154008,94,95,53,2
5.6977524060464857,92,93,45,7
2.4970216009028587,94,95,48,1
3.1449647410547579,88,88,44,2
1.8734273269877002,92,93,44,4
3.0588178357178815,90,91,44,5
3.0153470713931263,94,95,54,5
0.9687053795921924,96,97,45,7
3.4460493872643734,94,95,50,5
1.1204746316678920,96,97,55,7
5.6731679101276740,94,94,46,3
4.3807180092072882,92,93,48,2
2.2609908347530898,94,95,45,4
0.6451398062214557,92,92,44,4
1.0399199740113498,92,93,46,0
2.3232312916313997,94,95,62,5
5.4894754609189862,94,94,46,1
3.6124311876437640,94,94,55,4
5.3790961616177553,96,97,54,0
2.7095700265421638,94,94,50,7
2.1896623884065836,96,97,44,0
4.3939778279155748,94,94,46,5
0.1721641959387103,94,95,52,7
0.5271236913741344,94,94,52,3
3.0389478617974817,98,99,48,5
3.7094587293156138,96,97,49,1
0.5748712016711353,92,93,53,5
5.4213132474872028,96,97,52,2
0.0690692076708005,96,97,54,2
0.2277437967469757,92,93,47,7
5.2399537524910027,96,97,49,3
4.9326761449821577,96,96,45,1
2.3017934825376747,96,97,51,1
2.2718839167523335,94,95,52,3
0.3828474885353046,94,94,47,2
2.8030079494485407,96,97,50,2
5.8146605641020415,94,95,47,2
2.6314898672300746,94,94,51,2
1.8596014814780564,94,95,55,4
5.7045877126936109,92,92,49,1
4.9473226447977314,96,97,52,4
3.1041808202718020,94,95,45,0
0.2403455253593711,92,92,42,6
0.2886009389301225,96,97,45,5
4.7459456845824777,94,95,46,7
1.6087293978290502,94,95,64,7
2.5597427200123435,94,94,38,5
2.4955223376480133,94,95,46,5
1.5340573108727680,94,94,41,4
2.3739943054568871,94,95,48,3
4.6741941019769060,96,97,48,6
4.2522484766312907,94,95,50,5
5.8398778577857087,94,94,51,0
5.0853044287836093,94,94,49,0
1.6155723044333552,94,95,54,3
4.2395165360219274,94,95,43,2
2.6733348219753639,94,95,52,5
3.2746949150818518,94,94,52,1
2.1234683977439657,96,97,55,3
5.5524686291151557,96,96,52,6
1.4540125477695744,96,97,52,6
5.0411055706416121,92,92,57,7
5.4777799937158687,96,96,41,1
4.8858491377925057,96,96,53,7
0.4668400310198101,94,94,42,7
6.0966708435553016,94,95,47,6
3.5850823958178468,90,91,45,6
2.4948471967196588,94,94,42,5
0.1927162382815573,94,94,43,2
5.2040189721865096,94,95,55,6
3.5311012289461741,96,97,47,5
5.1223493178218140,92,93,46,2
4.5611861808821903,92,93,48,0
5.4526637275939462,94,95,47,6
5.2738838014138816,92,93,44,6
1.9141783607499550,94,94,44,5
0.3775029591271787,94,95,46,3
1.6395103725938911,96,96,53,3
4.5530205163816344,94,94,51,6
4.8029123486908283,94,94,53,2
3.5206431008368599,94,95,51,2
1.7535271568420996,90,90,45,4
2.0571711682374145,94,95,49,4
2.7481811860962964,96,96,58,2
5.8042353951641452,96,97,53,5
0.1341414601892792,94,94,51,6
6.1553566589161521,94,95,51,6
2.2780726250237890,92,92,51,5
3.1744047829070126,94,95,52,7
4.1056923990865064,96,97,56,6
0.2791954502198147,92,93,49,3
2.2353896816878511,94,94,53,6
2.4156446568860011,94,94,41,2
0.6622677931606777,94,95,53,0
3.8631830731928827,90,90,50,5
2.1251113965993689,94,95,50,1
2.8566930364425946,90,91,42,5
2.7263204028315853,94,95,49,2
3.1330590771010409,94,95,54,3
4.1980308178404337,92,93,50,2
1.7523178504427661,94,95,49,4
0.0289506850675690,94,94,51,2
4.8862343962267110,90,91,40,5
3.8701492819367966,94,95,55,4
4.7828263567822766,96,97,51,5
1.1238449984150922,94,95,51,2
1.3256768817265967,94,95,57,2
4.3751922664110641,92,93,53,7
4.3761587077316575,90,91,45,2
0.3275866940894651,94,94,63,2
4.7763249864379844,92,93,53,3
4.1135655031787364,92,93,46,2
5.1913266677802516,96,97,60,2
3.7463565420458362,94,95,47,2
5.0691015739482674,90,91,47,6
2.0112773289906145,90,90,44,7
1.9303900966842253,90,91,47,6
2.2262760647331072,94,95,47,4
5.1414401284951143,92,92,48,2
1.9730417228585799,92,92,43,1
2.5230934878919045,96,97,48,0
1.7733620749415409,94,95,46,5
0.8495309160961904,96,97,49,5
1.6450970926239978,94,95,54,1
4.7334806268664087,96,97,49,7
2.8436418783256947,92,92,44,2
0.1822500374608151,92,93,36,4
4.5298386537060029,94,94,48,3
4.1682249126197517,94,95,54,7
4.8972563739520414,94,95,46,3
4.2224063409060841,92,93,48,0
1.4221387607686140,94,94,44,1
4.3932428405593349,94,94,51,2
2.9824461833715250,92,92,47,3
1.1693481669701320,94,94,45,0
4.2804935339149388,94,95,45,4
3.7269377890900341,94,94,49,4
1.8352791601739462,96,97,56,4
5.5934941911504188,92,93,42,2
1.5774893780432937,94,94,54,7
0.9650395022412650,88,89,48,6
2.7260301877989037,94,95,57,0
4.5232939231597067,94,94,41,4
4.4616598883160847,94,94,51,0
0.2935598771258103,94,94,46,3
2.4027954530241646,94,95,40,7
5.1588021736395904,94,95,55,4
0.1903940996797821,94,95,42,1
6.0656823256172343,94,95,51,6
3.7406869523423860,88,89,50,6
5.8155721839774763,96,96,55,1
4.2678696374738463,94,95,41,6
6.1253549877757631,94,95,44,5
0.7635775463165425,92,92,49,7
0.7653261348590388,94,95,48,3
5.3199811784595328,94,95,55,6
3.4237911953786235,92,92,43,3
2.4723767260110470,92,92,44,0
3.9889140931607576,90,90,39,2
6.2365955212488418,92,93,48,6
1.9529356689933024,96,97,44,2
2.0509760538344590,92,92,37,1
1.0655417083246310,96,96,40,6
1.4407408151447740,96,96,52,4
4.3078285368742861,96,97,53,5
0.2665737857024665,94,95,51,0
5.4953073579811784,88,88,58,2
6.0828682901125548,96,97,49,3
2.9035357558445622,94,95,45,0
0.8241362770206536,94,95,49,0
1.2186918765923078,94,94,40,1
2.1899914613565565,92,93,50,2
3.9067975379961428,96,97,48,6
5.1617247437420195,96,97,44,4
1.4425835042840291,94,95,43,6
5.9000228191354420,94,95,64,1
5.0756321511210523,96,97,52,4
1.8829288706701484,94,95,48,7
2.8612705245744490,90,90,54,7
4.8313622178450562,94,95,56,5
4.4235715390356436,92,92,38,6
4.9866313126404691,90,91,44,1
4.2117155228862693,94,94,47,0
0.5599248104790910,92,93,46,0
2.7388963864322475,94,95,42,3
4.3946427901184588,94,95,45,2
1.3205376414978440,96,97,46,6
0.5006289359745135,96,97,50,6
0.2913110609693219,92,93,48,6
4.4430185083060918,90,91,46,1
5.6339858661254567,92,93,43,1
1.1596473297294652,94,95,52,7
5.3773539561280730,92,93,52,2
3.2894253676426208,94,95,51,2
3.5454061708158138,94,94,49,0
5.7278241965406238,94,95,50,7
4.6049277166097671,94,94,38,1
3.6521953315139868,94,94,53,4
4.7773624161213828,94,95,36,5
5.9209601304173889,96,97,58,0
1.7602606756201788,94,95,58,7
0.4783792497057242,96,96,41,7
3.2342891475823627,94,94,48,1
3.4372249387447904,94,95,52,7
5.9071134758596813,90,91,44,3
5.5809200953166407,90,91,46,3
4.6993566268482443,94,95,47,4
2.2613786858584950,90,91,49,6
1.7985318459429309,94,95,55,2
4.0235751803723749,94,95,52,3
1.4539165543927461,96,96,56,2
5.0587075744180945,96,96,55,3
2.1619196023193621,92,93,54,0
3.5321508579067329,94,95,48,3
1.6959556432171412,94,95,53,4
0.2137954398831903,94,95,46,1
3.5906935515353879,94,95,56,7
4.5534006323287652,96,96,49,1
1.9171441406813530,92,93,42,4
5.5875094758317152,92,93,58,6
0.2371300384625694,94,94,49,4
1.7614129335547111,94,95,47,2
1.4962646108237105,92,92,49,5
4.7639975554142744,96,96,47,7
3.1703528864863002,92,92,49,7
4.7271538180721739,92,93,49,3
3.2326488106891231,94,94,56,5
2.8342696203002267,94,95,44,7
2.2851602844782297,94,95,51,4
6.0795926568772538,92,92,43,5
5.8168641784208823,92,93,49,1
1.1352782180234626,90,90,51,4
0.5647270901362834,96,97,49,1
0.6979016489443594,94,95,42,5
0.4046286945456741,94,94,36,3
5.6367665385136032,94,95,50,3
2.9567019951671680,94,95,47,0
2.5814752429770760,96,97,45,5
6.1637987802948091,92,93,47,1
3.4166788564326556,90,90,45,0
1.0518463990492977,96,97,51,7
4.1497288862418440,96,97,49,7
3.3727171202436002,94,95,45,2
0.4445489539358941,94,94,49,0
2.2799137631962449,96,97,47,1
2.1816782006638560,94,94,52,1
6.0686298548995561,94,95,62,5
2.7663263314637869,86,86,36,1
6.2423686262387728,94,95,39,0
2.4289453516748942,94,95,50,3
4.4783452957659025,94,94,49,0
3.9483791300107498,94,95,53,4
2.3418577323973122,94,95,51,4
4.0740091481674794,96,97,51,3
4.4743801407680213,94,95,49,4
0.6134446076988105,92,93,52,0
0.8897737976918182,94,95,51,4
3.4902317202784254,94,95,43,2
5.4711222431566959,92,93,52,0
1.4308102702020102,92,93,52,2
2.7117489102891947,92,92,53,5
0.4266272998818953,92,93,49,7
2.4977980114854130,92,93,54,0
0.5790995066553358,90,91,46,5
1.0031019364945584,94,95,58,7
4.8720489232553614,96,96,54,2
5.1065325957823111,92,93,44,2
3.4194758381650732,94,94,50,3
2.4799944866222692,92,92,39,5
0.6687117882238282,94,94,48,5
6.1702262015572238,92,93,56,0
3.6611169617882360,94,94,45,6
0.8796575518930146,94,94,52,1
4.3412572728472067,92,92,40,6
0.7736364355536454,94,95,56,7
1.8246129295399625,94,95,45,0
5.0070353845423394,94,95,51,2
3.3969660492051239,92,92,45,7
1.1004890946899402,94,94,53,2
0.6041371594234648,94,95,52,5
5.3009906660565633,90,90,48,7
4.5510372912838610,92,92,51,3
1.1104090209621689,96,97,60,2
3.1473592520935831,94,95,44,5
1.6458737390517151,94,95,48,7
1.2025670671289730,96,97,53,1
3.9778800032276180,92,93,47,3
0.9326618251966969,96,96,41,1
0.0930945342337139,94,94,45,2
3.9375929693192062,94,95,37,6
3.0770340542214383,96,96,58,6
3.8987288736347478,96,97,50,4
3.8368104994065337,96,96,57,3
4.2399419252432224,92,92,55,5
2.9977085288132406,92,93,43,5
5.7400216210238080,92,93,53,7
1.7357893536668842,94,95,53,6
5.4903715740188552,94,94,46,1
0.5535991384438024,94,94,45,0
4.9283307777194985,94,94,50,7
3.6353636492214192,92,92,42,2
5.2625080999675085,94,95,50,7
5.4427220685202276,92,93,47,1
1.6542735910683988,96,97,45,5
5.2480692089039316,94,95,58,5
0.1621326931503722,92,93,52,2
3.8118613992578618,92,93,49,1
4.7809420211825389,94,95,53,2
5.6772070626593445,98,99,46,5
3.4518986894831865,94,95,46,5
2.9783608927301386,94,94,43,4
4.8818670065177088,94,95,65,4
1.5721675008433709,94,95,45,6
5.3434901604939853,94,94,52,1
1.6090502963659310,94,95,56,5
0.1440020446250987,92,93,53,7
0.4282835308732336,90,91,42,3
1.1176263263885655,94,95,49,2
1.9700836101025481,92,93,42,6
4.5731452399107981,92,93,51,7
6.2340002513520929,92,93,56,6
4.6539777876026891,92,93,44,2
3.9077427936295397,94,94,59,2
2.6782711177684897,96,97,52,0
3.1392529418495321,94,95,42,7
4.1600341027569199,96,97,41,1
4.4272414415216792,94,95,41,0
1.5703203688726932,92,92,51,5
3.0613478956341842,90,91,45,6
1.4447384519075399,94,94,52,7
3.1055433304460305,90,90,50,1
5.4757711508376872,92,92,46,2
5.8659222004718030,96,96,44,2
4.3340197607714757,94,95,49,0
2.8018662713126581,94,95,36,5
3.0668382075485350,92,93,41,7
3.4813108425928001,94,95,54,3
3.8437600530029390,96,97,50,0
1.0880533954017484,96,97,56,4
2.5735157963570376,94,95,59,6
4.3537457887424100,96,97,45,5
0.2949203264999849,92,93,58,4
1.2171088058518447,92,92,42,2
5.9905035216085913,94,95,51,4
0.6058622544842703,96,97,59,1
4.6299882821532377,94,95,53,2
0.5425247407986730,94,95,48,7
2.8028094760692657,94,95,52,3
4.1446362009907540,94,95,43,2
2.1973765500836078,92,93,48,0
0.9536796851123041,96,97,45,7
1.0857141548048665,90,90,50,3
5.9547507393398202,92,92,57,1
5.5462280143666511,96,97,57,1
3.5932385003157599,94,95,49,0
5.7603095654002798,96,97,46,0
5.3656639751615280,88,89,49,1
4.2305668240902534,94,95,49,2
2.1234202608612374,96,97,58,0
0.6801065327464388,92,93,49,1
1.6713943862472744,94,95,58,3
5.1451982667694613,96,96,50,4
0.3698102793072580,88,89,51,5
0.0440097242124616,94,95,48,7
4.1125318322650868,94,94,55,6
5.2474191368658927,94,95,38,1
2.6557682041999024,96,96,50,0
4.0333396348918944,94,95,57,0
4.3674673571860119,88,89,41,7
4.7200857841255788,94,94,52,1
3.1150306346932974,96,97,63,1
0.7273467762189104,86,86,44,7
4.0385972596837121,96,96,43,1
1.5552255839828848,94,95,44,7
3.8210479271277951,94,94,44,3
2.0104687082223882,94,95,47,0
1.0094685571380908,94,95,42,1
4.3854846019036975,94,94,42,1
0.5494000583693885,96,97,52,0
0.7664011527443337,94,95,41,0
6.1202868535489108,90,91,43,2
2.0907171670001805,94,95,47,6
5.6965999225046042,92,93,44,6
3.7588180379778020,92,92,55,5
0.3308879095255626,98,99,49,2
1.0082157715401077,96,97,56,2
1.4232994679565487,94,94,51,2
2.9285835027741820,94,95,54,5
5.3475027307176566,92,92,36,6
2.8014107977311267,96,97,52,4
2.7087036331786933,96,96,49,5
3.9901924582857449,90,91,44,1
5.2042297869987442,92,93,53,1
0.9450885429702996,94,95,52,5
1.2803308551560533,92,93,47,5
3.0429697418974087,94,94,54,1
5.0146638926264711,94,95,43,4
2.5928450487678680,94,95,48,7
0.2153022978021848,94,95,43,2
5.5662386333992044,94,95,39,0
5.9405118753708868,94,94,46,3
3.5769745524168828,94,95,52,7
3.9021127944754759,94,95,50,5
1.7245427711261114,94,95,48,3
2.2936369673477732,96,96,46,2
2.8022999208070316,96,96,54,2
1.4586927136676808,94,95,54,3
2.1506490513306580,96,97,50,4
1.7649251277396827,90,91,41,2
5.9050283891505435,94,95,49,4
2.0928698875212790,96,96,52,4
3.6138515388259345,94,94,57,6
3.5975235205307032,94,95,42,1
5.8382693535261696,94,95,52,7
3.2532265190844942,94,94,56,5
5.7810369637047554,92,93,48,6
5.2902678605467290,94,95,56,3
3.1541346644410071,94,94,43,6
0.5224085207349443,94,95,53,6
2.2718817395268469,94,94,62,1
0.5683077962722919,92,92,57,3
5.2601154633802061,96,97,57,1
5.5000456400677473,94,94,47,0
3.8141186708164470,96,97,55,7
1.2154402778415807,94,94,50,3
1.1891775605330213,94,94,44,1
3.9857552227884026,96,97,56,2
3.5351324554050430,92,92,46,4
6.1844913585321848,96,97,55,7
6.0347181645184342,94,95,45,4
4.2454290790985585,92,92,43,1
3.1886629269568032,96,97,61,1
4.5469246113715016,96,96,59,3
2.9751781575383198,96,97,56,2
4.3256035562404440,96,97,47,1
5.8118182308700286,96,97,58,0
5.2659408362924172,94,94,43,2
1.1543288892675456,92,92,47,5
3.8476360326777894,92,92,43,1
1.6007963468028958,94,95,45,4
1.4177352692604617,94,94,43,0
1.0080904328003983,92,92,51,3
3.0387023632811121,94,95,50,1
1.8250396397430642,90,90,46,3
5.0001815721370901,94,95,55,0
1.6149911285861938,90,91,48,5
0.0087165872826064,94,95,55,6
3.6862528396644216,94,94,56,3
2.7483973495446712,92,93,41,3
5.4403400391532175,92,93,56,6
5.2522193998978173,94,95,49,0
5.0983673547070367,90,90,48,5
1.7443323303758878,94,95,50,7
4.5199998858575210,96,97,48,6
0.2437128089624129,94,94,41,2
2.8017243015310176,94,95,57,0
3.0947350070969719,94,94,51,0
4.9206634217901675,94,95,46,3
2.9026676330267382,94,95,47,0
1.7826455211449233,90,90,49,6
1.9871705834320905,94,95,61,4
0.6724158818294738,96,97,53,7
5.4623723511143680,96,96,57,5
5.7282055621828194,94,94,51,2
0.3960280098500937,92,93,48,2
1.1667546699917306,90,90,53,0
3.6558489351388777,92,93,40,4
2.3632401362953446,92,92,46,4
1.7337199293526089,96,97,49,3
2.0684028260094460,96,97,51,5
4.6670066702034534,96,97,46,4
2.4066233991026982,90,91,38,1
2.4013669799314301,94,95,48,3
3.0785165252698254,92,93,50,2
0.2157847337672632,96,96,51,5
0.5727884785220214,92,93,46,0
3.1235931035669933,96,96,58,0
0.8832249309157139,94,94,51,0
2.9693200891201141,96,97,58,6
6.0524451949865847,94,95,46,5
2.3010369615194146,94,95,46,3
0.2191767011312283,94,94,47,6
5.3313577634950660,92,93,51,1
0.2694902275551192,94,95,46,1
3.7102016518644283,94,95,53,0
4.7853677355190580,96,96,49,3
4.7470811854329193,92,93,47,3
1.5641915084218911,94,95,36,5
5.1301368881336220,94,95,57,0
5.8470067084746358,92,93,53,3
4.5322007423832025,96,96,58,2
2.0357208178698873,92,93,57,1
0.2151833554065219,94,95,51,4
0.8758563914942263,94,95,36,1
2.2271433022840990,92,92,45,3
4.0471153197994640,94,95,49,6
0.3433183890603729,94,94,54,3
5.4879706135384261,92,92,48,2
3.9055042854884898,96,97,44,0
6.1367653845729242,94,94,45,6
3.3381785967708910,94,95,47,0
4.2283309185786520,96,97,56,4
0.9626784271015554,94,95,46,5
4.4956410136962699,94,95,55,2
0.1432970954826935,94,95,52,3
5.7711030259966636,92,92,45,5
2.9484711136027424,94,95,42,1
3.4283290087576557,94,95,49,2
3.6181640531388441,92,93,50,6
3.7253440504220814,94,95,44,5
3.2336966409398031,92,92,46,0
1.5484523264675008,94,95,64,1
3.6136673052440953,90,90,45,4
0.7398899464679779,90,90,42,5
2.4918878727310880,94,94,44,1
3.8714409214907501,84,85,49,3
4.5937829584526737,94,95,55,6
4.5720618529789379,94,94,49,2
4.7100605978779528,96,97,47,5
4.6478821828279804,92,93,42,2
4.0823449312791773,96,97,50,4
1.3420004665010039,92,93,54,2
4.4987692991134498,96,97,51,3
3.5960214008134561,96,96,45,7
5.8309734851892800,96,97,46,6
2.6934484222541490,94,95,43,6
5.7813091133809129,94,94,54,1
4.9839167982845352,90,90,46,7
1.5367058918078087,96,97,51,3
1.9287991951902430,94,95,48,5
4.1423793237920119,92,93,53,7
5.2274829071934272,90,91,50,3
1.3872682378085575,92,93,50,0
5.3619931345830745,92,93,46,2
0.1739835184293360,94,94,49,4
2.0494858515593659,92,92,60,4
3.2751388732844560,94,95,55,6
5.2634084883382517,96,96,43,7
4.6181097450078079,94,95,45,4
4.3511403120674155,94,95,52,5
4.0691919658675149,92,92,57,5
5.3014765107591302,92,93,53,7
4.0917738948186395,94,95,43,4
0.7012957844737000,92,93,52,2
6.1612315363123695,94,95,48,1
4.0725065042775741,94,95,42,3
0.1709767587080253,102,102,54,3
1.9160642105234231,94,94,45,2
1.6867301029184005,92,92,46,2
3.0685184939444849,94,95,43,4
5.5632059377576955,92,92,57,1
4.1863277415585287,90,90,51,2
2.9178010104095287,94,94,51,6
5.0495109269797078,92,93,44,0
2.6724147717982758,94,94,58,3
1.9924417685490665,96,97,48,2
3.0269729888014836,92,93,47,7
2.4756940975741606,94,95,48,5
1.4749443235434556,94,94,47,2
4.1271941048991936,94,94,36,7
4.4248249791046348,94,95,55,2
2.0909837675420122,92,93,48,0
4.1739933894001222,96,96,53,1
4.6497593568752400,96,97,53,1
6.1815359704175359,94,95,47,4
4.2056926513940374,96,97,44,6
5.6197562074357732,92,93,43,3
6.2065701213933462,96,97,57,1
4.8698371974371719,94,94,47,4
5.3009588438422357,94,95,54,1
3.7656812587420290,92,93,34,2
4.7201200680597362,94,95,53,0
4.4232925004766024,94,94,45,6
1.0344665054700470,88,88,45,1
3.0362744306894327,94,95,46,7
1.5853582272846145,92,92,42,2
3.7195122523661288,92,93,40,6
5.3684962946568504,94,94,51,2
4.8411416579410300,92,92,48,2
4.1853515669799792,94,95,51,4
1.4959569054598199,92,92,51,5
3.6154287799067730,94,94,51,6
1.5227466274183195,94,95,55,0
4.2915234638539248,94,95,58,1
4.3122713332839924,96,97,44,4
2.5563605163584038,94,94,40,7
4.8639732465745258,94,95,52,5
0.2696863632291935,92,92,57,3
0.9193547126266257,96,96,51,7
2.1710710778300664,94,95,47,0
3.8091443160376657,94,95,41,2
2.9612647802902763,94,95,50,7
3.1998122699456077,94,95,50,5
1.5022642534178836,94,95,44,1
5.8403646681389283,96,96,48,0
2.8388286542818619,88,89,50,2
1.4856463600314695,94,94,50,5
4.3297235915414909,94,95,53,4
5.8331432068497406,94,95,48,1
3.8953764549433401,94,94,50,3
2.8030166723043943,94,95,49,0
3.0360445556871292,94,94,47,2
3.3770260043289122,96,97,57,5
3.7948474912637331,94,95,53,4
0.5999610976508725,96,97,47,7
2.8467040182637944,96,97,46,2
5.5194050497622404,94,95,51,0
6.2505985682620366,96,96,54,2
3.4732242847491976,94,94,52,5
5.3931804169552047,96,97,48,4
0.6971445597942689,94,95,56,5
3.9620220733867408,92,93,41,7
1.0490721839437283,94,95,42,1
2.6192135683874378,94,95,51,4
0.8405343034364384,96,97,41,1
5.6252623552974876,92,92,37,5
0.1010876731695105,92,93,44,4
5.3942092617614037,90,90,44,1
5.4511863763411483,94,95,49,0
3.3859802994927120,92,93,56,4
0.6644914609636270,94,95,51,4
2.2158999427807267,94,95,53,0
0.8983447190146324,92,92,40,2
2.4137508995800463,92,93,53,3
1.4233039789677184,92,93,43,5
2.3828431220896422,94,94,41,4
2.0907240921418420,94,94,54,3
5.5415804704027156,92,92,47,7
3.4145951880377443,96,97,51,7
0.7215658637067794,96,96,48,4
6.1083916523527906,94,94,49,4
4.4288098458506280,94,95,52,3
4.4514695029670506,94,95,52,3
5.4442240596878708,92,92,41,7
2.8995872026959328,96,96,55,1
0.5618503748754681,96,97,44,0
3.3152348718787299,96,97,49,5
1.4693417362575276,94,94,43,0
6.1824658274572055,96,96,47,3
0.9615674243117978,92,93,43,7
1.7077618772644310,94,95,44,5
0.5937243228669759,94,95,48,1
1.1563290279994214,94,94,52,5
2.0312648388046921,94,95,50,7
0.2439891157229765,96,97,52,4
4.8749588059877027,96,97,45,1
0.7126344728204489,94,94,54,5
0.2672756618222732,94,94,46,7
2.3150498982734371,92,93,50,0
2.3642083072005633,92,93,52,2
4.1076755658420412,96,97,51,3
0.9720889689901168,96,97,53,5
0.1338705165583915,92,93,43,5
1.1858044283045597,94,95,54,1
5.0245622618177679,94,95,52,1
1.8010231988511696,96,97,46,2
5.8000737844781138,94,95,60,7
2.5195007234029489,94,95,56,3
2.6827951098611034,90,91,46,5
2.8364316167516077,94,94,52,1
0.8478802147982789,94,95,52,3
1.0697267289837513,92,93,49,7
5.9828553205800352,88,88,50,4
1.7441409783967878,96,97,42,0
3.2078994750716285,92,93,54,0
6.1824230748405737,94,94,53,2
0.9702993787174090,90,91,44,7
3.2831768533640484,92,93,57,5
2.8166023793004031,92,93,53,1
3.0184140480457202,90,90,46,3
2.3597806231256100,92,93,50,2
5.9128118236745095,92,93,46,2
5.5052135268992011,92,92,49,5
0.4671465919561592,96,97,64,0
1.4465881043907483,92,93,57,5
4.7534241733784359,94,95,57,4
0.3056512017774009,94,94,48,7
1.0622497997761979,94,94,49,2
0.7933193102773780,96,97,47,1
1.2324387800072401,94,95,48,7
4.3825962281834379,96,97,56,0
5.7549944552175845,94,95,47,2
1.7524410913989468,96,97,41,5
2.2047916439688917,96,96,54,6
1.1885258635123928,96,96,41,3
4.1894445183059839,92,92,46,6
1.1053622603730755,94,95,51,2
4.5886008576967612,96,97,57,3
5.6102903101802069,96,96,55,7
4.0786775567949940,94,95,48,7
1.5434930089491439,94,95,57,2
1.3742467631143158,94,95,51,6
4.7752924393127030,92,92,47,3
1.2471332401947128,92,93,49,5
1.5878509299617272,92,93,45,1
5.5518739890717335,92,93,48,0
4.1098852944547017,92,93,55,3
3.5012519218386458,94,95,48,3
1.4575658726530007,92,92,46,0
4.3843957577910180,92,93,38,2
2.0818968712269514,96,97,51,5
5.5465007256941581,88,89,42,6
5.4749910078519735,94,95,51,6
5.0874796080678717,94,94,57,2
5.3257371047765325,94,94,52,1
6.1671407914296141,94,94,48,5
2.5681980513038765,94,95,47,4
4.4211140538617846,94,94,52,1
1.7347528672002048,94,95,50,5
2.2973491751388635,94,94,53,6
2.7018406287632999,94,95,45,2
0.8852055436195898,94,95,56,1
4.8158175435332211,96,97,47,5
1.6937340094041364,94,94,50,5
5.4916747171497233,94,95,41,0
2.7986494163178794,96,97,51,5
1.1356498832616559,96,96,41,5
2.6758022498645007,96,97,48,0
5.2037141724002050,92,93,52,0
2.6252115111336054,94,95,52,5
4.9984506089600798,92,93,58,4
3.9816882348436851,94,95,50,7
4.0897007418035782,96,97,52,0
2.4650342556893965,96,97,50,0
0.5456672790274495,96,97,50,0
2.8142247386479209,96,97,52,6
3.9162986392076453,92,93,49,1
0.6649111961458082,92,93,46,6
0.6089140475577813,92,93,52,0
4.4184391668558112,94,94,51,4
4.9653141877506082,94,95,46,5
1.1907553938291771,94,95,57,6
0.1227296886541830,92,93,49,7
4.5847789241193837,92,93,54,4
4.9008005594639963,94,94,52,3
4.6908401401177784,94,94,61,0
2.8723908010307375,94,94,41,4
4.1759605230557160,96,97,46,0
4.6254713186569232,92,93,48,0
0.2041217085141371,96,97,50,0
2.4677114107398657,92,92,47,7
2.9989257488707621,94,95,42,5
5.8072263947000975,94,95,49,2
3.0020099425944449,96,97,52,2
4.6455244680222947,94,95,49,6
5.1402101131236133,92,92,46,4
0.8742007160107657,96,97,48,2
4.9580386361020601,90,91,52,5
1.9218101134021717,92,92,46,0
5.1630784715232201,94,95,52,1
0.8016532896985783,94,95,54,7
2.9943371210364091,94,95,54,1
5.6473582497393426,94,95,47,6
2.3345235706504255,96,96,48,6
3.2381851889590685,94,94,40,1
4.0368150978483044,94,94,48,1
3.4713727868046744,94,94,49,4
0.3862853924851633,96,96,42,6
1.1757715845867980,92,92,43,7
0.7972281462282886,92,93,48,4
2.6852849679024771,94,95,53,6
2.5892476852745658,94,95,51,2
4.2595175850714773,90,91,47,0
2.9606729326025305,94,94,44,1
6.0789239934527100,94,95,51,2
1.7459258887859661,90,91,48,5
3.0132270849541603,94,94,49,0
3.3990811703668409,92,92,47,5
1.5884458275194282,92,92,44,0
1.9514622272400297,90,91,49,0
1.2208883581744399,94,94,60,5
3.4702604108405786,94,94,41,2
3.6570224718938231,94,94,51,0
1.5623866607622832,94,95,52,1
0.6572368259779412,86,86,60,1
5.7040855337072740,96,96,55,1
0.1789702417939188,90,91,53,2
6.2657017211829800,94,95,53,0
1.4475593559120530,94,95,61,6
2.7485240539797777,94,94,50,3
3.2491639181623766,94,95,45,0
1.9366016041694134,94,95,50,1
3.0967622316111227,94,95,48,3
2.5449563852678865,92,93,50,0
4.5208075430973720,92,92,55,3
0.4649788656815318,90,91,44,3
3.2942754391852205,96,97,49,1
3.3263079744469475,92,93,50,6
6.0334914503989650,96,97,48,0
2.8656455263772731,92,93,52,6
3.0928487182892468,92,93,48,6
3.9814451841055720,96,96,53,5
2.8188913389537253,96,97,56,2
2.4256958050042319,96,96,49,3
0.4056183354397598,94,95,49,6
4.4943459239315571,90,90,48,7
2.4872208152016473,94,95,55,6
4.3303337788838370,90,90,50,1
0.8731397556684868,96,96,60,4
5.2222826293404125,94,95,58,3
1.7043927413889779,94,95,55,6
1.2428146914879756,92,93,47,3
1.7226042117253746,94,95,47,2
4.2099754957596618,96,97,58,2
1.0288676972722712,92,92,49,1
3.0915607011053479,92,93,50,6
3.0680910737138274,94,94,46,7
2.8219384454285565,96,97,58,4
5.1425247122614790,92,93,45,1
0.0836818869709046,94,95,48,5
4.9890485204070556,94,94,44,3
2.5139796223477209,96,97,54,0
5.2604062344687961,94,95,51,6
5.1989259850740082,92,92,48,4
4.3607254844756564,94,95,53,4
4.2457295921033946,92,92,51,5
3.8171444547029356,96,96,53,7
0.1300527009403840,94,95,54,1
3.6096500320468707,92,93,47,7
2.1846030892774384,96,96,45,1
1.0318839877024568,94,95,43,0
2.9258875976800751,94,94,43,6
2.5642383412842644,94,94,54,3
0.7339558772845400,92,92,51,7
2.8377130057967408,94,94,40,5
4.9447322727233276,88,89,59,5
5.9838899826251408,94,95,43,6
5.1008166708923390,92,93,59,1
3.3714390420945644,92,93,47,7
4.8584213668561471,92,93,51,7
1.3415579760673506,94,94,41,2
3.9862174080731463,94,95,44,7
3.9141260706210419,94,95,56,5
0.5979020904624612,94,94,41,6
4.4097823489628691,92,93,51,5
2.9172832421287547,94,95,51,4
0.4241310052593420,94,94,48,3
5.0234319613872298,92,92,48,6
2.0092946721006197,94,95,59,0
4.8321875282615263,92,92,56,6
1.5300233839387887,94,94,62,7
0.1452182773615860,90,91,45,6
5.2257318549213290,92,92,48,4
3.7316472928456661,96,97,50,6
3.5125937001964229,94,95,47,0
0.2213202919251260,92,93,58,4
2.8847460482305962,94,94,47,6
3.2764243085760918,92,93,48,4
2.2215694984356746,96,97,61,3
5.8579195837353231,98,99,57,0
1.3538225844228051,92,93,47,1
6.0633084919956870,94,94,40,1
5.6372985880564288,94,95,43,0
4.6574423644759158,92,93,42,2
4.1927859929170506,94,95,48,7
1.8041084656007780,90,90,47,6
5.4873929573797611,94,94,55,2
5.8798373465412377,96,97,50,0
4.8364139021981796,94,95,49,4
4.6160830026902770,96,96,48,4
1.8521990951568303,90,91,43,6
0.1965914564898625,94,94,54,1
4.2038523365720959,94,95,50,7
2.0058349060664216,92,92,51,1
1.8306658714678961,96,97,55,1
0.5345519632279384,94,94,49,0
4.5918619476615499,92,92,44,0
2.3990559535260458,92,93,40,6
3.1618799016904298,96,97,59,1
0.4589990130267422,96,96,54,4
1.2304382450388673,96,97,50,4
2.9983872104746081,94,94,44,5
5.7620854560422066,92,93,42,6
0.1311848698220635,90,90,38,7
1.5504626185785748,90,91,53,4
3.2888203181963838,90,91,43,4
4.1402862945271126,94,95,47,0
3.5689488489428323,96,96,64,0
3.3008836389578415,94,95,51,4
4.1755116856787282,92,93,56,4
5.5035547994816394,94,95,50,3
2.0226764109713757,94,95,46,3
0.7914088426851504,92,92,51,5
0.4103444621969075,94,95,51,2
0.2044964382835142,94,95,52,7
5.0580685745371392,94,94,44,1
3.7010647381446948,94,95,52,7
0.9765332464502271,94,95,48,5
0.7130039952098499,92,93,50,4
0.2565861835713000,96,96,48,2
0.3006262505554633,94,94,51,6
6.1997869989046244,94,94,51,0
3.2845901759228613,96,96,42,2
4.9737020481944914,92,93,49,1
4.2413622234113397,92,93,57,5
6.2532644252705403,94,95,49,6
3.0062287725040560,96,97,50,4
0.3517371700044362,96,97,50,4
1.9540129338881158,92,93,44,0
3.4969016412024825,94,95,48,3
5.9896653540917617,94,95,46,1
5.1619304300209112,92,93,58,0
2.1923452193955297,96,97,52,4
4.0523038982934283,94,95,50,5
5.2263743167639971,94,95,43,0
1.4410812500149077,92,93,53,1
5.3256725255042747,94,95,49,4
3.0500004061879147,94,95,52,1
2.6012194407241283,94,95,55,6
1.5240770848333494,94,94,53,6
2.5530487081059046,94,95,42,3
6.1826709926671626,94,95,48,3
4.4841566752928017,94,94,41,0
1.6173831031247257,94,95,51,2
3.2417655022088421,96,97,42,4
5.7640070361830906,96,97,51,5
3.1512001373706560,92,92,53,1
5.2737950763623092,94,95,48,3
2.7870748683214486,94,95,48,3
5.6383373407384205,96,97,49,3
2.4001768663460945,94,94,49,6
5.8131489878367386,94,95,50,3
0.7443121996203143,94,94,44,7
0.4358833949608012,92,93,42,2
4.7046986621906743,96,96,39,7
2.8566513167926577,96,97,45,1
0.3039367125507021,94,94,41,6
1.5968634789348435,94,95,56,5
6.2244388708979201,92,93,56,0
4.5956402630619442,92,93,53,5
3.6584754087280875,96,97,51,1
0.1755280954666895,92,93,38,0
0.7186303096951198,92,92,49,1
2.5777040253024390,94,94,50,1
5.5816183536688317,96,97,55,1
3.4696734488757524,96,96,53,3
1.0611037538597075,94,95,53,2
2.7030800223613749,94,95,59,2
4.6616161459701670,94,94,50,3
3.0413760069984144,92,93,50,0
1.6290103946975492,98,98,55,4
2.1296341907664083,94,94,52,5
0.9083558265133250,94,95,49,4
4.2627735289690278,94,94,47,0
6.0093745377325707,90,90,40,5
0.7126334421748133,96,97,45,1
2.6151721863822188,90,91,47,2
3.7820243002540397,96,96,46,6
1.1833270732134333,96,97,53,5
5.1081463542488148,94,95,50,5
0.9029608904429771,94,95,49,0
0.6481469984542303,94,95,47,6
1.0888984390714973,92,93,48,0
2.3893976442114977,94,95,52,3
1.7208048855860916,94,94,47,4
3.5524052520692235,92,93,53,7
3.8439895288220587,88,88,45,1
2.0476451320575073,96,97,51,5
0.0160508966849643,92,92,48,0
5.5878672960718276,96,97,49,3
5.6662474591862919,94,94,42,3
3.9802349115630573,94,95,48,7
4.2761747554107572,94,95,49,0
4.2691459752185503,94,94,56,1
1.1200349988156288,86,87,39,0
3.6578902428464826,86,87,33,4
0.5101759019887468,90,91,45,2
0.1939378907519637,94,95,47,0
5.7006191488815521,94,95,51,2
3.0244689989733056,92,93,44,6
1.9573379700675679,88,89,48,4
0.9980331340346797,94,95,45,6
3.6397920994049771,92,92,50,0
3.2977309309042413,96,97,52,0
2.2954875862334592,94,95,44,3
5.1381629938060120,94,95,48,3
4.7558877820849466,94,95,38,7
3.2954653131737142,92,93,49,3
2.5611290121867447,96,96,45,7
5.1744808132050419,94,95,50,7
3.0564006953553999,92,92,51,3
3.2328732599221874,94,95,46,3
3.1937691184358701,94,95,39,2
3.5792607603097291,94,95,50,3
4.0565719873350998,92,92,45,3
1.7207138201147172,92,93,45,3
1.4138553673827701,86,87,40,7
5.1890106507429410,92,93,49,7
1.9428258635494744,94,95,49,0
4.2750350075288779,90,91,47,0
2.6224775382173036,90,91,48,5
2.3035182771916767,96,97,48,6
5.9025510993010144,94,94,55,4
5.3530898202159269,94,94,60,5
1.4994349835008831,96,97,47,3
2.2830772774075201,94,95,54,3
2.7768968575015887,92,92,44,0
5.6590077961011565,88,89,44,0
0.6884533140472566,88,89,44,4
4.7980672722357482,92,92,45,5
3.4927896590857825,92,93,44,4
2.5888716801423741,90,91,43,2
5.2719424421445344,86,86,46,7
3.1747030195913228,94,94,52,3
3.1315363058182046,90,91,41,2
6.0738736366644321,94,95,53,4
6.0474133316501115,92,93,53,7
3.7991726056563149,94,94,51,6
4.8370234817243380,96,96,42,6
3.3280989558004959,94,95,48,3
1.0704405715193035,94,95,53,2
1.5457531585691966,94,94,48,5
5.4148103794772959,94,95,47,2
0.8228053426034666,94,95,46,1
3.3884502834614101,94,94,43,6
0.9772501391574470,94,94,43,2
2.1055222256867112,94,95,48,1
1.5313362697274975,94,95,38,7
1.9767036462589931,94,95,51,6
1.4571013938509159,96,97,46,4
5.8119420497828420,92,93,42,0
2.6604416739857735,94,95,51,6
4.7115739310447537,94,95,57,4
3.5003663119188722,96,96,57,7
0.6524488744508682,92,93,55,7
3.1360104680520160,92,92,45,3
0.7724439897939360,96,97,46,4
4.0891799051022328,92,93,52,4
3.3181975227714107,94,94,54,7
3.6481856966849824,96,97,53,5
0.4823167293869528,94,95,49,2
5.4736728541233868,96,97,55,5
2.8613682487077967,90,91,47,6
3.5026882009302716,94,95,56,5
1.2417308583760533,88,88,37,5
4.1286551414834332,92,93,47,5
2.2612677463802937,94,94,51,0
5.2304671359930426,96,97,54,4
3.8974920946784959,96,97,49,3
0.9712215264310696,90,90,40,7
2.3277363214757125,92,93,45,1
4.6654151753221402,96,96,60,0
1.5665604618408733,92,92,56,4
0.3696116176502954,94,94,40,3
1.4713703205612203,96,96,52,0
0.0097809230347097,94,94,48,1
0.1731867172736058,92,93,55,3
0.2350454803343428,94,95,46,3
2.9974967943509960,92,93,51,7
3.5210397149476313,94,94,40,7
3.4654192150474201,96,97,56,6
4.7379171455571329,96,97,52,4
2.9803927218709481,94,95,46,7
3.5937951251361526,92,93,47,3
2.9129545664685237,94,94,44,5
0.9277825778169135,94,95,44,5
5.8704523388359124,96,96,59,7
6.0512663701576814,94,95,57,0
2.2963365292138556,94,95,56,5
2.9545979623779735,86,87,41,4
5.5704890002335450,94,95,47,2
1.8242289825632010,96,96,52,6
4.5309897914320683,94,95,47,0
2.4779646057434981,92,93,50,2
3.5385599289964564,94,94,44,7
0.2944293427585525,94,95,51,2
4.4300115712651573,94,95,50,7
4.6653307495608933,92,92,49,3
6.2591058485050155,92,92,44,6
5.3530388041377588,92,93,43,7
0.2213935555767668,94,95,48,1
1.8010130172666277,94,95,53,4
4.2240040371039145,92,93,47,1
4.4492534287064336,94,95,55,6
4.4227734609862308,88,89,42,2
2.9838442428448535,92,93,51,7
4.9856528556400486,90,90,35,6
5.2579726320116320,90,90,43,0
4.6451289187090063,94,95,55,2
5.5548346862859530,94,95,51,4
4.1199458946824361,94,94,45,0
0.5597699819448506,96,96,45,1
4.7605950751827777,96,97,46,6
1.2268981945273221,92,93,52,4
5.5714974706272660,94,95,48,5
4.6684835124662412,94,94,43,0
0.4111250481683346,92,93,49,1
3.1444763147433319,92,93,40,0
0.3820289878051691,96,97,51,1
4.8557111748751351,94,95,49,0
3.3198717181316382,92,93,51,5
0.0748927571315509,96,97,52,0
4.7840633471981704,94,94,46,1
4.7380073411420458,90,90,45,6
1.2273065937032093,94,95,59,0
5.9614854598663634,94,94,49,2
5.6423996234721230,96,96,64,0
2.3766282895055726,92,93,44,6
3.1807059465807210,94,94,48,3
3.2118199542730026,96,97,54,2
3.8903922378098090,92,93,50,2
3.0200359241535795,94,95,47,6
2.7088646805020309,94,95,53,6
5.2100722313570191,90,90,58,7
5.5417333857486630,92,93,56,6
5.1279072693455419,94,95,57,2
1.0425333257768972,94,95,53,2
4.9988084483913209,94,95,40,1
3.0344909666336930,96,97,45,1
5.6352219717932304,92,93,50,2
0.2343847335488393,94,94,47,4
5.6973317220879451,92,93,47,5
6.1227858367355994,94,94,51,2
1.6012507462430241,94,94,35,4
0.6495403972814867,96,97,52,6
6.1625395251482002,92,93,46,0
0.6206426426167876,94,95,45,0
5.4022511127081714,94,95,43,0
5.5928232416817005,96,97,62,4
2.2196826296646806,92,93,41,7
2.1815723689987947,92,93,51,1
5.5986480093358040,96,96,62,4
5.6035288190489680,94,95,52,3
3.9824713154434295,94,94,42,7
5.2016883577092727,94,95,39,4
3.1248650726759588,94,95,42,1
2.7453017389243670,96,97,45,7
3.8108979890298924,92,93,44,2
1.1644356250763221,94,95,48,1
0.3371958358766654,96,97,47,5
0.5835028133420438,94,94,52,1
2.5564384158387297,96,97,42,2
0.2271381764326734,94,95,47,6
4.0734109058876937,92,93,50,2
3.4718112419281097,92,92,41,7
3.1470860150973956,88,89,51,3
1.6057512424573224,92,93,48,6
5.0370398475460405,94,95,48,1
0.9876838711194983,94,95,46,3
3.2516994904384111,96,97,52,4
5.5063456679402876,94,94,39,2
5.7761097244608397,94,95,53,0
0.2807409189783647,94,94,51,2
4.0422109627892979,92,93,41,7
3.8531578315923927,94,94,49,6
2.9633415554320219,96,97,55,7
5.0371621710504657,96,97,41,3
4.5829900693563328,94,94,54,7
1.0218821200611958,96,96,55,1
1.4118517093344738,90,91,42,1
3.7527230868314492,94,95,41,2
0.6220304404552220,94,95,47,0
3.7083756949075659,96,97,57,1
0.8016534550930570,94,95,57,0
4.6250399496693575,92,92,46,0
3.3239337664150459,92,92,52,4
6.2175587023945678,90,91,45,6
5.0491138086768768,92,93,51,5
5.8159429195078047,94,94,43,2
0.7715229666817164,96,97,51,1
4.1189809674128828,92,93,41,3
5.5235148951345705,94,95,41,4
2.5819006718027993,94,95,58,1
2.8471284171824611,96,96,52,6
1.8786506211830287,94,95,45,0
4.0595528493946444,94,95,62,5
1.6407395342455846,94,95,46,5
1.7285332063018983,96,97,45,1
5.2924369904974737,96,96,59,5
0.0381402095131815,92,92,44,0
4.3290905510573650,90,90,49,6
6.2274208436049427,94,94,57,2
6.1809407728476220,96,96,45,1
0.2987539342876084,92,93,43,3
1.3167263964052796,96,97,54,2
0.1904701296356008,94,95,52,5
5.2419361951284440,94,94,47,0
0.9646297080265230,94,95,51,4
3.3951339411589303,92,93,41,5
5.6022014378148661,94,94,41,2
2.3103826260777702,96,97,44,4
4.3737287177340267,94,95,46,3
5.9798644175124549,96,96,52,2
2.0483282147632429,94,95,46,1
5.7701618508140307,94,95,68,7
3.0075879521505664,96,97,52,4
3.7934081347752975,96,96,59,3
1.4841354033193828,92,93,49,7
4.6540752297780745,96,97,55,1
2.4849267489055920,94,95,43,4
5.1756600515259725,92,92,50,2
5.1604667048510624,94,95,51,6
5.2746472458714049,92,93,44,4
6.0605997494869923,92,93,42,2
1.4379786101480525,94,95,49,6
4.3082950527565806,96,97,46,6
4.8441621833015942,94,95,38,1
0.1424008603544549,94,95,50,3
2.1776389989725011,92,92,46,0
5.9631095447107292,94,95,54,3
1.7275695901721295,92,93,52,4
3.8893418209688249,96,96,50,4
3.6423015031887496,94,94,51,6
4.5032061994566073,94,94,51,0
0.5552211164449942,96,96,59,5
2.6933990345115033,94,95,52,1
1.1831872848029270,92,93,47,7
4.4576428853716852,96,97,58,2
3.8401913212044341,92,93,45,5
4.0340863663084745,94,95,47,2
0.1795718780777975,92,93,49,3
1.5145259779050799,92,92,45,7
5.6281836175594186,96,97,60,2
3.0677598856018293,92,93,51,5
5.1198922163202827,88,89,54,0
2.5427203686920525,94,94,60,7
1.8367146765290836,86,87,50,1
0.7591262007083708,94,95,49,4
5.7792704130541068,94,94,53,0
4.2326428994316601,94,95,50,7
2.5119436023071038,92,93,39,7
4.3087327506538236,92,93,48,6
5.4543650778852708,92,93,49,1
1.1203182416787500,94,95,49,2
1.9801462743031566,94,95,48,1
1.5918850847739681,94,95,50,5
0.4564421264515268,90,90,49,2
1.9644436032419030,90,91,51,6
1.5001611265483183,94,95,53,6
4.5054204354499250,94,94,55,2
1.5913874274949600,92,92,47,5
0.6051485599268609,92,93,43,3
1.0549456304717193,94,95,45,0
5.2379909630982002,94,95,44,3
5.8572952958196467,94,94,63,4
3.3785095305645392,92,93,51,7
1.2884294503478591,96,96,55,3
4.4249433927944217,94,94,56,3
2.2591613671224291,94,95,52,3
1.7009666238657275,94,95,45,2
4.3809017914040851,94,94,46,5
2.6935644681082391,92,93,47,7
4.0890464091991063,94,94,45,2
1.9193416128319127,90,91,47,2
3.5832728395922011,92,92,49,5
4.0130688356550834,94,95,56,5
5.1928164540573256,96,97,49,5
1.1294096493730241,96,97,60,4
2.8965837128760210,90,90,47,2
0.0372556401036760,94,95,51,4
4.7261126348698959,98,98,48,7
3.5059396005450085,94,95,50,7
4.1515043381021188,98,99,49,6
5.6964970373675561,92,93,41,7
3.0565237845454196,94,95,46,5
2.3119473198333842,94,95,48,5
5.8453357049604513,92,93,58,6
0.8533401662896827,88,89,51,1
1.5850512517050397,94,95,55,0
2.1561037799369922,92,93,46,4
5.9662420495006625,92,92,52,0
1.8342694529064074,94,95,65,0
4.8138703368193356,94,95,46,3
5.0504702997193807,94,95,49,0
3.1916953900151226,96,96,50,0
5.2349179591819341,92,93,54,4
2.2899633874135268,94,95,51,0
2.6108932270773346,94,95,51,6
0.1996250029118206,92,93,54,4
5.9859516899225076,94,95,50,1
4.3995998978534150,96,97,60,6
4.4784807188881617,94,94,48,1
3.4116444859382824,94,94,48,1
2.0542628780846521,90,90,43,4
3.6532739212133443,96,96,47,7
1.5216581542763055,92,93,51,7
2.7006325928322461,94,95,53,2
5.1180903203885038,94,94,42,1
5.0279419061730009,92,93,45,3
3.5610416932756390,94,95,55,4
5.2505917374074764,94,94,57,2
0.9348871795587207,94,95,51,4
1.0883259703011396,88,89,37,3
3.6928657981506183,94,95,55,4
2.7048629467896763,94,95,48,5
2.7278091974210441,96,96,56,6
0.4969557624265264,94,95,44,3
0.5078488833746035,88,88,42,0
5.4011238711361544,96,97,44,6
3.4346895780802980,92,92,42,0
5.6873152489792629,92,93,58,2
2.7268629357740162,94,95,50,5
6.1017144281666829,96,96,49,7
5.8457892184035138,92,93,51,3
6.1465441692289113,94,95,57,2
5.1201836930022004,92,93,43,1
1.0677766908403155,92,93,46,0
4.8862969463028563,92,92,46,0
3.8413042289201358,94,94,46,3
0.5624427677661423,96,96,48,6
0.4783539096790287,92,93,41,7
3.8883784704977713,88,89,43,1
4.8589214131799272,96,96,42,2
2.7399180759555466,94,95,48,5
0.4539637238284993,92,93,46,6
4.6924741263381744,94,94,53,0
2.2037890152339505,96,97,55,3
4.7482146028464314,94,95,53,2
0.0986509397325645,94,95,56,1
0.6398226576354805,96,97,56,0
0.3776256061767521,96,97,44,4
1.7321647980741188,94,94,49,2
5.0439690292075579,94,95,55,2
0.3688246080929659,94,95,59,4
1.9742589473896712,92,93,42,0
3.8975109364180072,90,91,45,6
3.9923514605645090,94,95,48,1
4.7730677561917148,96,96,42,2
0.7793620078644812,94,95,51,4
2.0691962630562153,92,93,56,4
3.0557942605386237,92,93,43,3
0.1872193830173927,94,95,46,7
6.2046989354001791,92,93,47,5
0.0058416407020806,94,95,45,2
4.8465757566117462,90,91,51,2
2.2729583378081606,92,93,57,5
5.5015928211271330,96,97,51,1
5.2737162585742192,94,94,45,4
3.4312868306449524,96,96,45,7
0.3052054918389093,94,95,47,2
0.8560847517113985,96,96,51,7
1.7072495437019259,94,94,48,1
0.0208110148656306,92,92,47,3
1.0231182438232436,94,95,43,2
0.2405968406702044,94,95,43,0
2.5708751640943328,94,94,49,2
0.8284055762659202,94,94,49,4
1.4187164844509972,92,93,53,3
1.0952021712834701,98,99,52,3
0.0653084722267897,94,95,54,1
5.2683630118041380,98,99,43,6
4.7316109283196806,94,95,48,1
4.9063623191040158,90,91,50,5
3.0987267580185462,92,92,50,2
0.8930626169441876,92,93,44,4
3.0426431710403081,94,95,52,5
4.4501777367008177,94,95,47,6
2.5157738938077396,94,94,37,6
0.3741370603782258,92,92,45,7
0.8874747037491149,92,92,46,0
2.8635575615863478,92,93,49,1
5.8152332678836061,96,97,40,4
4.6571927822149064,94,95,54,3
0.5889415651136962,94,95,45,0
5.3336490391055538,92,92,48,2
2.6135076045342016,96,96,49,7
4.0032799298577606,94,94,55,2
3.6132404070507951,94,95,49,0
5.8536244859762858,94,95,47,6
2.6622263361848715,94,95,49,4
3.2082471332746785,94,95,45,0
4.9431664204366870,92,93,50,6
0.0379291857149797,94,95,48,1
5.7280024401803180,96,97,40,0
1.7684532653848697,94,95,49,0
3.1680741357275002,92,92,57,3
1.4892936670121379,96,97,59,3
5.1963222069311135,94,95,50,5
1.5553596653024879,94,95,49,4
1.3777222514148983,94,95,47,6
0.8525412492384501,94,95,47,0
1.3685133150716218,94,95,52,3
2.1132003222838787,90,90,48,5
5.0836586101496355,92,92,42,4
4.6573464705004533,92,93,48,2
2.0309409530014118,92,92,50,0
2.2760416920429316,94,95,44,5
0.3797133543587871,96,96,63,5
1.6282211206341619,90,91,44,7
2.8008657290062757,94,95,52,3
4.5263001437631649,94,94,51,2
4.3854036495861441,94,95,52,7
0.5428465614099134,94,95,49,0
1.6558208663369327,94,95,43,4
5.6896315267591042,94,94,53,0
1.0895997008133083,96,96,60,0
1.1959309919607606,92,93,50,6
2.8237482873559028,94,95,49,6
2.9003285101038796,94,95,43,0
0.9630056072296489,92,93,58,4
5.2401682378333314,90,91,47,4
3.5138682618364125,94,94,53,2
0.8386549708683033,94,94,48,5
1.2446850068466175,94,95,51,2
5.0352731179462555,96,97,47,7
2.1820298487991261,94,94,47,2
0.7803344430371313,94,95,50,7
0.2186194343099430,94,94,38,7
2.5800750434123501,92,93,42,0
3.7718513651440291,92,93,44,2
2.3107079652291893,90,91,56,3
5.9034851089665610,96,97,51,1
2.3300949082522400,94,94,42,5
5.3634272487307788,96,96,55,7
4.3017264404935078,94,95,47,4
1.1806021125163788,92,93,55,5
5.5594094530488745,94,95,52,7
0.5693913549962287,94,95,57,4
6.0076955444567250,92,93,41,5
1.5221083381795388,90,91,44,3
6.1331346415699324,94,95,47,4
4.9246339240931452,92,93,40,6
2.1422235078121976,92,92,48,6
2.6489378716695291,94,95,49,0
6.1655580105056176,94,94,50,3
4.3441926309350904,94,95,45,2
1.1276738045037757,96,96,56,4
2.2115841862140888,94,95,50,7
1.4451456987123670,96,97,49,7
3.7933962448023313,94,94,43,2
1.3764996131216245,90,91,44,5
2.2262762754373298,94,95,44,3
5.4688470053003391,94,94,48,7
0.8173887849890912,94,94,40,5
5.1034018771631491,96,97,44,4
2.5167943792145064,94,95,42,3
2.5837644084397535,92,93,43,1
5.3346730570537853,94,94,40,1
1.1815468138028156,94,95,46,3
2.9532530761264808,92,93,55,1
5.5845690356647983,96,97,55,5
0.7620722866127551,94,94,50,5
3.5221392639864577,94,94,56,7
3.0189606437660546,92,92,44,0
2.3337176564123712,94,95,53,0
3.1181680638667695,96,97,45,3
2.6286643065124222,94,94,38,3
2.1217766257583532,96,97,47,1
2.1111153217356273,94,95,49,2
5.9641165089188295,94,95,47,6
1.9157945918614769,94,95,54,7
4.9743294447181778,94,94,44,5
3.4713865349120399,94,95,46,3
4.0677663977424885,96,97,52,2
0.4934399079225644,94,95,46,5
3.9717130426793079,94,94,53,0
3.4815204522524961,90,91,43,0
2.8014091981006062,94,95,49,0
3.4502261887754209,88,88,49,7
0.3178442628143871,94,94,54,7
2.9019041858682906,94,95,45,4
2.7421635992436948,90,90,51,4
3.3668443663887184,96,96,55,1
4.8344263340188567,92,93,38,6
0.5657838965634794,90,91,53,6
5.4738343687725912,94,95,58,3
4.2532447517000742,96,96,51,3
5.7126089495109724,96,96,52,6
4.9901997009604138,96,96,54,0
3.4436184374789822,92,93,54,4
5.9401795138981672,94,95,52,3
5.6699835789425634,92,92,46,4
0.0028262238939202,92,93,47,5
4.3665418381897885,96,97,52,2
3.3275595505833073,92,93,42,4
1.2653333193979079,94,95,44,3
6.0155656421531525,94,94,46,3
3.1243602286154752,92,92,42,4
3.1058102077779721,94,94,54,3
6.2547828791046056,94,95,51,0
0.2892183929684755,94,94,48,1
6.1778273283131186,96,96,59,3
6.1341104169891834,96,96,53,3
3.2171963675034649,96,96,51,5
0.8353813993568734,90,91,48,1
2.3242573351117670,92,92,46,2
1.6042343198866262,92,93,46,2
0.5785820749304558,92,93,45,7
2.8161256705112279,86,87,44,5
3.1940477446034579,98,98,53,6
4.9040119912612141,94,95,48,1
5.3633663730851939,94,94,51,4
0.4030882869405992,96,97,51,1
4.4339377941333549,90,91,41,4
5.2180977461934166,92,92,49,3
1.8953881260461716,92,93,45,3
1.7877375295636742,94,95,53,0
2.7408869832107161,94,95,45,0
0.4599592647632447,88,89,49,7
1.2479057951124366,94,95,40,5
5.2296790150746872,94,94,46,3
3.9356455203760485,92,93,51,1
1.5293572892309608,94,95,49,0
2.5341920121730173,96,97,57,1
5.9075757806315625,94,95,46,5
4.7757910969895869,94,95,51,0
5.6019619547729240,94,95,45,4
0.5776465502562330,92,93,52,4
6.0256937794553149,96,97,52,4
2.8157004984428400,94,95,50,7
4.3123540442248967,94,95,47,6
4.7910415292115882,96,97,45,5
2.8130338192743993,96,97,58,4
3.7336515805264971,88,89,42,4
1.6870574401820970,94,95,49,6
1.2807657881286558,96,97,52,2
0.1082338149437507,92,92,44,0
0.4562520347772904,96,97,46,4
6.0680404261964584,94,94,51,4
5.7567587580769048,94,95,48,3
4.9532848774207157,94,94,52,3
2.8963525379650843,92,92,47,7
1.2234456233726194,94,95,52,7
1.1784945647223386,96,96,55,5
4.8862902011746083,88,89,49,1
4.3271203496575890,92,92,46,4
3.5600109311129562,94,95,47,4
3.1224739460371858,96,97,45,3
2.1608031709770250,96,96,49,7
5.2286091884351462,92,93,49,3
3.6880299770127252,94,95,45,4
5.8714617225088945,96,97,58,6
0.1237155341144036,96,96,49,1
0.3986061992585337,92,93,46,0
1.0577490787230077,94,95,56,7
0.9166146829357730,94,95,57,4
4.1246912405487430,94,95,45,2
3.2992764705223534,94,95,46,7
2.1625441324883914,92,93,51,3
2.1900041444107181,92,93,46,2
2.0128954496168103,94,95,49,6
2.7447457639954638,92,93,56,2
1.3809063754883621,94,94,52,7
5.5583230462876863,94,95,55,2
5.0310936433276012,94,95,46,7
3.0017362495493609,90,91,43,2
1.5715055108480624,96,97,53,5
4.5289703595401285,94,95,52,1
6.0758389154126640,94,94,53,2
2.9102820417425295,92,92,50,6
3.9889260276554146,94,94,51,2
1.4755878806365870,92,93,42,4
6.1353408701805039,90,91,52,7
5.3224343171194128,94,94,55,0
0.1856993931357080,94,94,47,4
5.3932758257762448,94,95,50,1
5.0442404478013465,92,93,52,0
6.0453608608540037,94,94,44,5
4.9817776388413009,94,95,46,3
5.3521015598821826,92,93,57,3
0.6501683356210486,92,92,55,7
6.0716557020673498,94,94,44,7
5.5433594490811515,94,95,59,4
1.1656423687061619,96,97,44,0
0.4794680157858700,94,94,49,6
3.7484626251479680,94,94,49,2
4.0491693265168971,94,94,45,4
5.8474789101070970,90,90,45,4
1.6440930852834243,92,92,57,7
0.1846098348701063,92,93,47,1
5.8877574092294518,92,92,52,2
6.0285810511763307,94,95,46,5
1.7726646700426953,96,97,47,1
5.7005406937980974,92,93,46,4
1.1915791648609113,92,93,53,3
3.1414697479857256,94,94,57,0
4.3635664641583514,90,91,44,3
5.9018815782410163,90,91,35,4
1.9580236207480386,94,95,49,0
3.7929292827228180,94,95,43,4
0.3216044546133233,90,91,38,3
5.8608477322996881,94,94,53,0
0.5525030332861806,96,97,55,5
1.9170039104097683,92,93,58,2
4.1722830678572107,92,93,49,3
4.5147653702785115,96,97,46,0
0.7749596709173345,96,97,50,0
2.6666950809073442,96,96,53,1
5.0227262650482283,92,92,39,1
1.1278047681093790,96,97,47,1
3.2040860914150047,94,95,43,2
4.9627298640918012,90,90,48,3
2.1312926582273355,92,93,45,3
5.2177400557443185,94,95,46,7
5.6578546310998545,94,95,44,1
5.6977532790357062,94,95,44,5
5.2601310613720802,94,94,47,0
6.0191523250146011,94,95,50,3
0.7367126224113661,96,96,51,3
5.1673496280936764,96,96,52,4
0.5402116446287850,90,91,42,7
4.7375907796814305,94,94,49,0
5.4252823405388595,94,95,42,1
3.0584058824341294,94,95,47,2
5.4484068892308999,96,97,42,6
1.9039242801719922,94,95,49,6
2.0013569047609754,96,96,55,1
2.2583945227433295,94,95,52,3
4.3135269951098509,92,92,48,6
2.8811456336758838,94,94,51,6
4.1394252088519501,94,95,54,3
0.7583800308894856,94,94,49,6
3.0297112021344623,96,97,52,4
3.5445359533876801,94,95,50,3
5.7014074260746410,94,94,39,6
3.7696370972406892,96,96,54,0
6.1940118584403763,94,95,43,0
0.9482434818995179,96,97,42,6
4.6226572034733397,94,95,45,0
5.1109884473403966,94,94,59,4
1.3916131401761553,92,92,50,6
5.2130842704823364,90,91,41,4
5.7680629956802250,96,97,53,5
2.6063170567012683,90,91,53,4
4.9366167481145977,94,94,48,1
2.1797813138820801,94,95,49,4
5.3301029934796214,96,97,51,1
0.7958508259846349,94,94,40,1
4.0137557595647637,92,93,55,7
4.7769858509295373,92,93,51,7
5.5409960161701219,90,91,54,7
1.6062130008058348,96,96,46,0
1.6299678425876418,90,91,47,4
3.3509289959337409,96,97,62,6
0.9282051992216521,96,96,58,4
3.5347962156998527,92,92,49,5
1.4686171016137695,94,95,42,1
2.7909337123170039,96,97,48,0
5.2167111000186406,94,95,52,5
5.0632762253050627,92,92,49,1
4.6258183052550788,94,95,50,7
4.8677852461554441,94,95,49,4
2.6738169061032178,96,97,55,7
5.9384362655250893,96,96,53,1
1.0603245379100130,94,94,46,3
2.1137751794242834,92,93,45,3
3.9686742742983956,94,95,48,1
2.6561369219703916,94,95,42,1
4.2301596870695377,94,95,39,4
0.5694577129883216,92,93,38,4
2.4439511035059032,94,95,50,3
1.4543256453663420,90,91,45,0
4.4738161950807624,94,94,52,7
2.1949303164902112,92,93,53,5
3.8152903762952275,96,97,44,4
0.1378458569628054,92,92,40,0
4.5384592250238951,92,93,47,3
3.6095674837638438,94,94,35,6
1.7420353250813010,94,94,60,1
0.3182023758443586,94,94,56,3
5.4946684718084811,94,95,45,0
5.0716134849965719,96,97,52,4
2.4748682407978504,96,97,53,3
1.6427959795358784,96,97,60,2
0.4975625068037910,96,96,53,1
1.7022639948127771,92,93,51,1
3.0188147841026072,94,94,52,1
4.2550656507322167,94,95,53,2
6.1428300931450606,94,95,43,4
3.3310572767856019,92,93,48,0
4.5620575456941115,96,97,47,5
1.4807819980475003,94,95,52,7
1.7816803481583501,92,93,43,1
1.1300515238596172,94,95,47,6
2.3419180682801799,92,93,55,5
0.3067392628778837,94,95,53,4
1.0071162743744180,92,92,45,1
0.9611847103300583,96,97,48,6
2.3460953716495503,94,94,47,2
3.8676975946604619,90,90,50,3
2.0385103047458903,94,94,47,0
0.8388345460822848,94,95,60,7
2.9159998628457853,96,96,42,0
4.2324700409561666,96,97,54,4
5.8138509086510535,94,95,48,7
4.7401071033127673,94,95,51,2
2.5562748420279013,96,97,47,5
3.6233873045765033,90,91,44,7
1.5544900864567126,94,94,51,6
3.3156064637929679,92,93,46,2
0.4598522040157501,96,97,56,2
3.0220131933105954,94,95,55,4
0.3686834123625728,96,97,54,4
1.2813024536145332,96,96,49,7
6.0734219263922125,94,95,46,5
2.7913834919760592,92,92,41,3
3.0384138149036710,100,101,60,0
2.9202660577127797,98,99,59,6
1.6216406842845013,94,94,48,7
0.2902862333290800,94,95,48,7
4.6145764069100172,96,97,49,3
1.1462510272960169,92,93,48,0
5.3558011349475567,92,93,58,2
5.4204915978089403,96,97,54,6
1.5785338982091193,92,93,45,7
3.5609133701601858,94,95,47,0
6.1813468360009542,94,94,48,1
2.4458493645704160,94,95,52,7
5.2509062274629326,92,92,42,0
2.8482246088368508,94,94,54,1
3.9982729584505150,92,92,45,5
5.8999867156334735,92,93,49,7
5.1096534944681054,94,94,45,0
0.4126535897497852,96,97,49,7
3.7013970162539289,92,93,42,0
1.9690658107930346,92,93,48,0
2.5997487066032692,96,96,48,2
2.3611226479729166,94,95,52,1
4.9367251921057882,94,95,53,6
0.4623121318309841,94,95,49,0
3.2016999659216254,96,97,56,2
2.4248060873935242,94,95,51,4
0.6805014369574339,94,95,49,0
3.3711898064825205,94,94,44,5
5.4058306640877962,96,97,53,3
5.0388683475309524,98,99,48,3
0.6991311273671900,88,89,52,4
0.9353652930545433,94,95,45,0
3.7488457392743011,92,92,49,3
4.0903376135710063,94,95,49,2
0.9673410998910069,94,95,38,5
4.7977169801325168,94,95,51,6
5.1968735360796945,96,97,54,0
0.8054695986565896,94,94,50,3
1.1985901208663392,98,99,49,4
5.1867497696467399,94,94,52,3
3.4108268469371192,90,91,49,4
1.3965700279246354,94,95,44,7
4.4520809290304380,96,97,42,6
2.0882115410719511,92,93,46,2
0.0661664163620135,96,96,53,5
0.7329034865224070,94,94,42,1
3.9177292437373410,90,90,45,2
5.9975338060228074,92,92,44,6
2.0098185211149970,94,94,52,1
5.5458532130214575,92,93,48,2
2.7668048147901305,94,95,50,1
5.6033188951042092,96,97,53,5
5.4789113907935185,92,93,39,7
4.0665612046175736,94,95,51,6
3.1983671796548121,96,96,44,0
0.5963754422501581,94,95,50,5
1.3315653569884303,90,91,47,4
5.0163689191949956,96,97,48,0
6.2803726322699376,94,95,42,1
2.3078694578379793,92,93,51,3
2.7711546604626460,92,92,47,7
1.7747642556749985,88,89,48,2
3.2692594356739013,96,97,42,0
3.2575047792364678,90,91,47,4
1.5368710853425918,92,93,59,3
3.3198257316006847,96,97,39,5
3.5697110413186621,90,91,50,1
1.6548813536239393,94,95,47,0
1.1342776224893263,94,94,50,5
5.8030799363367356,94,94,51,6
1.2482981595225218,94,95,46,1
4.2846335090231120,88,89,45,3
2.3906073452680134,94,94,53,4
2.4006335262163949,94,95,53,0
4.9470115821648220,96,97,51,3
5.7426532207973793,92,93,51,1
1.2622795576922874,94,94,56,7
3.2574827335347738,92,93,56,6
4.3905290155983501,96,97,51,3
5.8496612479441046,92,93,44,4
1.6816263003884773,94,95,39,2
1.3039749477200351,96,96,45,1
6.1887943837973012,96,97,44,4
3.6388971482262766,92,93,40,4
1.2655280343400945,90,90,48,5
3.1465655651555502,92,93,46,6
0.7561860589773343,96,97,54,6
2.6175817784610103,92,92,43,7
0.6588643451795118,96,97,50,4
2.5006389388000061,94,95,49,6
2.1021680495640056,94,94,52,3
5.6739298719981379,94,94,49,4
1.1341775949940303,94,94,41,0
1.9720628403027254,90,91,49,6
1.0780654045960181,92,93,49,3
3.9796013540007360,92,93,46,4
1.2754648167699290,92,93,50,6
3.9701381316768543,94,95,53,2
1.6688834615535362,96,96,43,3
0.9039907603503373,94,95,55,4
1.8584503610958469,94,95,48,3
3.8885958108412471,92,92,49,1
6.1500089185874929,94,95,43,4
4.6873107772665144,94,95,61,6
5.5650029690675469,98,98,48,3
0.6646670873179111,88,89,48,2
4.6256795225734972,94,95,55,4
0.9352595786986139,94,94,52,1
2.1224334666942188,94,94,51,0
5.4157100687225093,94,94,40,3
3.3599822958923564,94,94,44,5
2.9655887738575979,94,95,49,4
3.3012224128021139,92,92,49,7
5.5389124615637373,92,93,41,5
0.0476942804218967,94,95,53,2
3.7351686997465015,94,95,50,7
1.0894012228884959,94,95,42,1
2.4538297523273402,94,95,43,4
5.6899252448631277,94,95,57,0
0.3881939968716329,94,94,50,5
3.9332366587016669,94,95,50,1
0.7602521503425304,94,94,48,3
1.2669090398576968,100,100,49,1
1.0504050565074339,94,95,49,0
4.4972060266401135,94,94,44,7
0.8560787100836258,94,94,55,0
5.8210843240487815,92,92,52,6
5.3298523875046335,92,93,47,7
2.3890896240573487,92,93,65,3
6.2059293771459902,96,96,44,4
4.7339321769874472,96,96,42,6
5.7277268841329478,90,91,53,2
4.0051963901243575,94,94,49,0
4.7336785950891942,90,91,40,7
5.1019330555031237,92,93,47,1
4.8155691625025394,92,92,47,3
2.6566749460359822,92,92,44,6
5.6449924932913405,96,96,51,5
4.8218966901622560,94,94,47,2
5.6031886303792886,94,95,47,4
5.8573852076056738,94,95,49,0
4.7603378103023672,94,94,56,7
1.1437111298559353,96,97,58,0
0.8311987310253490,96,96,55,5
6.1649675840013165,94,95,48,7
3.2560974488777488,94,94,47,6
1.5553009562295592,90,91,41,4
2.6929776211222975,94,94,46,5
5.9233052356115836,96,96,39,1
1.7650189283006514,94,95,52,5
2.0321942722957962,86,86,40,7
3.5050670404372788,94,95,50,3
1.4620217709611332,94,95,48,7
2.0425741376543667,96,97,45,1
0.7751419079900628,94,95,46,1
0.4270173335648496,94,95,53,0
0.9395141699803580,92,93,56,6
5.6229179512045535,96,97,52,0
1.2325814036469203,92,93,43,7
3.5250312151266061,96,97,50,6
2.4030237398593486,94,94,55,0
0.4455887072572988,92,92,56,4
4.5090165661680421,92,92,45,7
2.3636754000465885,94,95,49,4
2.8409714992335369,92,93,41,3
4.5687879497019397,98,99,45,4
2.4727821964213268,96,97,53,5
3.5087144703833055,92,92,43,5
0.8109756602084142,94,94,46,5
5.2673468089252431,92,93,60,0
5.0976966660234426,94,95,45,0
0.4902534005441685,96,97,55,7
1.1819161867782007,94,95,46,1
2.0230142077628002,96,96,50,6
5.6194362254517083,94,95,47,4
3.3782823470355607,92,92,52,0
1.9915374079844439,94,95,56,7
0.8216884679567237,92,93,53,7
2.4058934894360267,86,87,42,7
0.2696730319599536,94,94,48,1
5.0252947418200007,92,93,50,6
2.9697457632752848,90,91,55,2
3.0595228123571916,96,96,55,5
6.2134572546521927,90,90,52,7
5.7784725019159220,94,95,48,5
4.4033540612000106,94,95,53,4
2.7101692960379298,94,95,46,3
3.5019329273081246,98,99,49,0
4.0954123365166257,92,93,49,3
3.8287261911519854,96,97,36,0
5.8260148724555556,92,93,44,4
0.7740515252019329,96,96,53,5
2.1929555877864408,94,94,43,0
5.5636743864539220,94,95,52,3
1.6108786685053846,94,94,43,4
4.4747679815440877,94,95,41,2
0.6044296629432852,86,87,46,7
3.7865177959121512,96,96,46,2
1.0835994462252561,94,95,47,6
1.7718849131980918,96,96,41,5
1.9314754347720768,92,93,41,7
0.8275966713473547,92,93,50,0
5.6300445816214015,94,95,44,1
0.5779817421242043,96,97,39,1
4.1530397846123561,96,97,52,2
0.2175618663649476,92,93,53,3
3.3606165559931540,92,92,45,1
1.2913395322355730,92,92,52,0
2.7201808008907356,90,91,44,1
4.5694555247498601,92,93,41,5
1.9885026668778856,94,95,53,2
4.6623401933771307,96,97,58,4
3.2223895335309116,94,95,54,5
2.7871067960817766,94,94,43,6
5.0330666663670121,94,95,46,3
0.7240453362206948,94,94,49,6
5.8744514395653651,94,95,45,2
3.4184580559253241,94,95,48,7
4.1601176462021821,96,97,46,2
4.8470393422206266,96,97,54,4
4.9719244892480994,92,92,59,5
6.2243335499077528,96,97,47,5
2.3744202120438094,94,95,52,5
3.0393717834035185,102,102,51,0
1.1445484878873111,94,95,52,5
3.2126909836387667,94,95,55,6
1.7915081263118386,96,96,43,3
4.2592933798648911,92,92,42,4
4.4369610295535038,90,90,52,5
5.4013161294332708,94,95,45,2
4.8624747269150923,92,93,43,3
1.0995267124777492,96,96,53,5
5.0898545009150720,94,95,44,3
3.4095833546813701,96,97,52,6
3.1731982757858912,94,95,53,0
0.2259999751010700,92,93,44,4
0.3535423797035922,96,96,57,3
3.4092721665700365,94,95,52,3
5.6196468767317000,94,95,53,0
2.6817869218126478,92,93,52,0
1.7498464194365579,92,93,47,3
3.4171883189613044,88,89,51,5
4.3413890899703320,94,94,49,0
4.5889930787528499,92,93,51,7
3.5413649112231624,90,90,50,3
0.2178618946506294,92,92,53,1
0.9528221785332527,92,93,55,3
1.3327412456836856,94,95,45,4
1.5945232359507122,94,94,49,2
4.1181959581952832,94,95,52,7
3.2435573822084347,96,97,57,7
5.9568212124988333,92,92,45,3
5.3679294585363158,94,95,47,6
3.2553618846173009,92,93,48,0
1.0316642912026861,92,92,47,7
2.2007248753853963,94,94,51,6
4.8245898887744660,92,93,51,7
2.1275803644309166,94,95,56,7
1.4513338693628552,94,95,41,2
3.3376250634633160,96,97,52,2
0.9311671029302157,94,94,50,3
2.1987677301339397,96,96,49,1
3.9544015001034971,94,95,41,0
2.8100354326700230,94,94,52,3
6.1444836487613266,92,93,56,2
3.9272400913545029,86,87,45,0
1.9334690956531217,94,95,56,3
6.2617564152885317,96,96,48,6
1.5714659338892776,92,93,46,2
2.3442110651061712,88,88,55,3
1.4905664199430613,94,95,42,5
5.7657452815247900,94,95,49,4
5.0121168743389157,96,96,50,0
5.4281945780015004,96,96,47,5
5.1743881961936493,96,97,50,6
5.5268624627165082,94,95,47,2
5.0883822353178383,96,97,44,0
4.8761308307180062,96,97,50,4
1.3432649690015601,94,94,54,7
3.2235201096189283,94,95,52,5
5.1026565249901461,96,96,55,3
0.1875520050086489,96,97,59,7
0.9196523357448506,92,92,42,4
3.6899118926960446,92,93,54,4
0.8969512626353331,96,97,46,6
1.1729274677199735,94,94,36,1
3.1232220691290160,94,94,48,1
0.5520493423541283,94,95,58,1
4.1155157529159769,94,94,45,4
4.8123975991717618,92,93,48,4
5.9351169545718578,90,91,54,3
2.1983859194444433,92,93,48,4
0.5066773966723868,92,93,48,6
2.9149208850219566,94,95,54,5
3.5181389156115705,92,93,51,1
1.4109107224320205,96,97,61,3
5.4816774175506868,98,99,45,6
0.8698893072425022,94,95,50,7
4.1305136628190997,92,93,42,4
1.1484016722737846,96,97,51,1
1.5542610680240427,92,93,52,0
2.2149865147153029,94,95,48,5
0.8586106920862850,94,95,59,4
4.5899985406341344,92,92,50,2
3.8437962601528763,94,95,56,1
5.8403048024552513,88,88,47,7
2.3594143071090494,94,95,55,6
5.4807998960128330,94,95,45,0
5.4030264136996236,94,95,51,6
3.0045315372153274,92,93,53,7
5.5467740138814348,96,96,48,0
2.9712779299794780,88,88,43,5
5.0620665828483755,92,92,54,0
3.9889527416949133,96,96,40,6
1.7380808385400019,92,92,46,0
2.4747962449644869,88,89,48,6
1.8931250779740501,92,93,47,1
0.3379541936170649,94,95,56,1
0.2662325467915304,94,95,51,0
4.4841284496729488,94,94,48,5
3.4369130133976009,94,94,44,1
4.4735880483076436,94,95,48,7
5.6892463265827713,92,93,56,0
4.8779841449615740,92,93,55,3
6.2426943609442445,94,94,42,3
1.1150862631693337,94,95,43,4
5.9643610819721493,96,97,54,2
0.1522400346510050,94,95,51,0
3.1936561122449016,94,94,51,0
0.6399979243909230,94,95,52,5
2.0345601508500941,94,95,49,6
1.4474627647534859,92,93,48,0
0.9706693470185014,96,96,49,5
5.6423466060058036,90,90,41,0
5.2488263682558127,92,93,53,5
0.2107542049338146,94,95,50,3
3.2090110769356830,92,93,50,0
5.8564220080118403,92,92,49,3
2.5211056401776166,94,94,52,7
1.5652626614700162,92,92,45,3
5.0158930889117022,94,94,47,0
0.9376662377936031,94,95,48,3
1.3706782987963153,92,93,46,2
0.3281126129843249,94,95,44,1
3.3310915765562972,94,95,53,6
6.0271627944255535,94,95,49,2
0.1937075942916569,96,97,39,7
0.0403735635984147,94,94,58,5
3.5649049896244729,94,95,43,6
2.3598880383246850,94,95,44,5
4.1707597058379191,94,95,39,2
3.2618275352325479,94,95,54,3
1.3797336779174754,92,93,48,0
3.0540071819358592,96,97,44,0
4.0330320679836618,94,95,49,4
5.5351460420287886,94,95,46,5
5.9829822104524863,94,95,49,6
0.4861386147404423,96,97,60,6
5.4122966479437746,96,97,51,5
0.7825032622483713,90,91,48,7
0.0598619748980715,94,94,56,1
4.5096625247852877,94,95,51,6
5.7548465178238777,94,95,52,3
3.2004663437893295,94,95,49,0
2.6907002730139955,94,95,46,1
2.1404724363948811,94,94,46,1
5.5584279728736830,94,95,52,1
3.8520891196628591,96,97,49,3
3.7983141323327141,88,88,48,4
1.1696031001292093,94,94,46,7
6.1398696510779480,94,94,52,1
0.9283390448111418,96,97,43,7
3.2911563167987170,94,95,44,1
2.2117433584609056,94,95,45,4
3.4692302262325967,92,92,52,0
3.6823633165788592,96,96,44,6
0.2206076701077032,94,94,50,1
3.6538170651312094,94,94,51,6
1.0880127213135447,94,95,47,6
3.4252536564770697,96,97,48,0
2.7576564612063059,94,94,47,0
2.7611733643314764,90,90,46,5
5.8353772597022227,94,95,43,6
1.4897363613472805,92,93,56,0
1.0457664711965611,94,95,42,3
2.1898623687220877,94,94,46,7
1.3503081985959373,96,97,52,6
3.4010205852658673,98,99,49,2
0.4765462590520438,94,94,53,6
4.1447338274255134,94,94,56,3
0.7525402051093409,96,96,61,7
2.1452547403849831,94,94,46,1
3.4641534692131080,94,94,51,0
4.6852984598572354,96,97,55,7
0.9131234604939805,96,97,44,2
4.9811099292882695,96,97,47,5
3.3901762591062252,94,94,47,2
2.9441958428743717,96,97,49,5
4.7331572932074204,96,96,50,0
3.3815754313129855,92,93,54,6
1.8959586722803334,96,97,48,6
6.2822895151688236,94,95,54,7
0.4057317825903163,94,95,48,3
1.5908376986892292,90,91,39,2
3.7630033183361862,88,89,42,0
6.2522133905838588,96,97,46,6
5.8102887168928339,96,96,44,6
2.6098662150763765,94,95,49,0
5.9747159533030478,94,95,51,6
1.1411883440564632,92,93,47,3
1.6619119214916895,96,96,52,4
5.0241141086225962,92,93,48,6
1.3169559835024511,94,95,49,6
2.5276143612088617,94,95,48,3
4.4913276292246946,90,91,51,6
2.6778418261623580,92,93,48,6
5.0784696297784180,90,91,45,6
1.5392765160802808,92,93,55,3
0.3874416255759604,94,94,54,1
4.4191545667139813,94,94,49,4
2.0472532804203243,94,94,49,4
1.6473681660553696,94,95,47,2
0.2650104500464917,96,97,49,3
4.4972712964323724,94,94,50,5
3.7576553193283466,92,93,48,6
1.4819955152952009,96,96,41,1
0.4900819935420561,92,93,43,1
0.2437899782390350,96,96,50,6
2.9487584155765765,94,94,42,5
3.3089348063464676,94,95,55,4
5.8371903267356178,96,97,48,2
5.9609743539951952,96,96,49,1
1.4118710145728457,96,97,51,7
5.3215679418207573,94,94,50,3
2.8991090249145408,96,96,53,5
2.1884599962509230,92,93,43,7
6.1328415680104911,96,97,47,7
1.9590275035833278,94,95,58,5
3.3965983313501997,94,94,58,5
0.0814550906300555,92,93,42,0
4.9397509875835217,96,97,48,4
0.9139625320140293,96,96,49,5
4.2561796511253185,96,97,52,2
1.8703045938373990,90,91,40,3
2.7292213895839508,92,92,42,2
1.7701622000612944,96,97,50,4
6.1568027162448367,92,93,59,7
0.8244228529220875,96,96,47,3
5.4008694551229119,90,91,51,2
4.9642841891705061,96,97,51,5
1.9315556396937805,94,95,45,6
3.0705404903555058,94,95,55,4
3.9055807027761142,96,97,52,6
5.4372409433309947,94,94,43,4
2.2324979874697859,92,93,44,0
0.6483520279609035,92,92,43,1
2.7167815650830214,94,95,45,2
5.1380361953028881,94,95,48,3
1.3993250838473508,94,94,44,1
0.2337519321095139,98,99,50,7
2.7306387484611472,92,92,45,5
5.7752374855280610,96,96,51,3
0.9194755828425718,92,93,51,1
0.7576789143286509,96,97,43,5
2.9278529166236367,90,91,38,5
1.9279950580274272,94,94,44,5
0.2220965317009847,94,95,52,5
4.2079947921445280,92,93,46,6
2.6363878683581983,94,94,41,2
4.9180212527843326,96,97,49,3
6.0655613659506358,90,91,54,3
5.8944338439904920,90,91,44,7
4.1278563509618040,92,93,53,5
4.0267594379075016,94,95,58,5
2.4862941720567573,92,92,60,2
3.1468611061658578,92,93,40,0
3.3470616523282497,96,97,50,0
0.7535483380329113,96,96,56,2
0.4574199917824980,88,89,37,7
5.8267809490702591,96,97,46,0
2.4848688955610152,92,93,52,4
1.7512670233837955,96,97,47,1
2.8413657985088432,94,94,49,4
5.5475003407724692,94,95,55,0
2.4077328398573261,96,96,53,1
3.2611473041962751,94,94,48,1
0.3339882510262882,94,95,49,4
4.1100940382961113,94,94,51,6
3.2296653519108549,96,97,46,0
5.9471727976418576,94,94,47,6
0.6545099521086506,94,94,46,1
5.8771173291601224,92,92,49,7
3.6033089339943092,96,97,46,6
2.9845516709608217,94,94,52,7
4.0039267938280858,94,95,38,5
3.0995347878585164,94,95,38,7
2.3588170938411741,96,96,55,5
0.9665310373891224,94,95,47,2
2.7167401881543523,92,92,52,4
1.8886227003132730,94,95,50,5
1.8074946247481374,94,94,42,7
4.0596354071738308,94,95,47,2
1.7164392570788680,94,95,55,6
3.9441867061255937,94,95,50,3
5.1884769027990147,92,92,60,2
1.0257418990272211,94,95,51,6
0.6560131304868635,94,94,57,0
4.3368422693242943,94,94,44,1
5.6476592119120976,94,94,49,2
5.7173436815328484,94,95,38,5
5.1047731835062864,96,97,44,2
2.7099005984139590,94,94,49,4
4.0146664902513889,90,90,48,7
3.9086348549308467,90,91,44,5
4.0587197160039485,94,95,53,0
0.5968871664568647,92,93,45,1
6.1796068696984241,90,91,42,3
2.3473093359374695,90,90,51,6
4.0282133866508234,94,94,48,5
5.4114349155991652,94,95,50,5
1.9262263576943475,94,95,45,2
3.8800860243646174,96,96,49,3
2.5559991048252186,94,95,50,5
3.5523692228092338,92,93,47,3
2.7649954572231259,94,95,49,4
2.0095068889025618,94,94,49,2
4.2736246582012711,92,93,49,7
0.6932542357085115,96,97,51,3
2.1464432783891336,94,94,48,3
4.8722841219383177,88,89,46,2
3.5877768138251160,92,92,52,2
2.7406763245968828,90,91,44,5
5.9713990364647556,94,94,47,4
1.7147609091310905,94,94,50,1
0.8206273399221612,94,95,50,5
4.2652700192249355,94,95,54,5
3.4595912930238004,94,94,40,1
1.9338214998140939,94,94,53,4
4.5259188851412357,90,91,43,2
0.5225852106245530,90,90,45,6
5.9411089336090095,92,92,49,5
3.6643233403518649,90,91,43,0
1.3530473433572163,94,94,52,5
0.8117510686122761,94,95,40,3
5.3899301984840902,92,92,57,3
3.0346916568631181,94,95,54,5
3.0158824488511358,94,94,57,6
2.8105622100307635,92,93,48,0
5.6399865948402894,88,89,55,5
1.4580622350996142,96,97,47,5
0.9220300946354318,92,93,44,0
2.1649692371559750,94,95,44,1
3.5944893909011166,96,97,52,0
1.5803448653692915,92,92,44,4
5.2342247884645516,90,91,54,7
5.0689166454109955,90,91,46,3
0.7206939499717591,94,95,39,2
4.2316638161112126,94,94,46,3
0.7691640003984260,94,95,51,4
2.3690133860131484,92,92,45,5
3.2718630309429941,96,97,44,4
4.6163289173022548,96,97,54,2
5.3433073280240340,94,95,42,5
4.6363109024375051,88,89,42,4
5.2800953248501639,90,91,47,6
1.5246022853641172,94,95,52,7
4.3145700930320015,94,95,49,2
0.1908620569219457,92,93,50,6
3.9941271832587231,96,97,58,2
0.0024433505041526,94,95,47,4
4.3182004394377058,90,91,51,6
1.3181949430350393,92,93,47,3
0.8972482398795901,94,95,52,1
5.5783344136718895,94,95,50,7
1.4390961419387236,94,95,53,0
1.4968899765471053,92,92,47,5
0.9916923532055703,96,97,49,1
3.4035236866041934,96,97,51,7
1.7141434920721426,96,97,48,6
1.2102952265326112,92,93,48,4
1.9044501908454863,94,94,61,0
0.9488434618028825,96,96,52,2
4.3428901029294682,90,91,54,1
5.5682248883510992,92,93,43,5
1.8061733915525939,94,95,50,3
0.1171491499730175,96,96,55,3
4.3773376539379409,92,93,37,1
0.3790126034530320,96,97,52,2
3.6078144626022892,92,93,43,7
2.0805806085841398,94,94,56,5
5.3854005982830673,92,92,46,6
5.8442233478035197,94,94,44,3
2.0280454663978933,88,89,42,2
5.9378562032590718,96,97,46,4
4.6803455313416471,94,95,42,1
0.9756342610293872,98,98,58,5
5.0519581469599144,90,91,44,3
5.8368380695742212,90,90,53,6
4.3744675595874041,86,86,46,3
3.8077594964428556,92,92,41,1
1.3424878129365891,90,90,48,7
3.7596487919378423,94,95,53,6
0.2306588927363183,96,97,51,7
5.0647987339724496,94,95,49,6
1.7965181986338374,92,92,51,3
1.1178034928608307,94,95,56,3
2.0882245636721266,96,96,47,3
2.6679143060562556,94,95,43,4
5.2063081336647032,94,95,54,3
4.9881271995617551,90,90,52,7
0.4277880542235172,94,95,53,6
2.8989862289024773,92,93,59,3
3.9321964896806199,92,93,46,6
6.0707965427466659,92,93,40,2
1.6376961143046622,96,97,48,2
3.7597126311025635,92,93,59,5
5.7388677216667423,90,91,42,1
0.1264413573652839,94,94,44,3
5.6156765508158273,94,94,51,0
0.1759269443793439,96,97,55,3
5.4332834911963870,96,97,53,5
4.6842341582078202,94,94,45,4
2.5701689965478636,96,97,44,2
4.0202368716426902,94,95,53,4
0.6776721183939359,92,92,57,7
4.6053361872701686,92,92,49,7
0.5475412009771748,96,96,51,1
1.9215812095957863,92,92,48,2
0.2996196251944972,88,88,52,2
3.8283218906413246,94,95,44,5
5.7617295578456318,94,95,42,7
2.5652416149816069,94,94,51,2
4.0408092076701196,94,95,48,1
5.4201325004713841,92,93,49,1
1.4139808028880210,92,93,46,4
5.9744289936664208,92,92,48,6
4.9297362226446726,94,95,41,4
1.4553378383439872,94,95,49,4
1.5458898855175478,94,94,47,2
1.2604723577172623,94,95,46,5
1.5565406356469598,94,95,46,5
0.8994671740418179,92,93,43,7
1.4098830565588396,92,93,51,7
6.1339485271958099,96,96,46,2
0.0829994605050619,94,95,53,4
3.9530037316379456,92,93,44,6
5.7407591840824708,92,92,52,2
3.3416959578922425,94,94,51,0
0.4955755821999037,94,95,57,0
2.2532631324351198,92,92,46,4
4.4827889532110454,96,96,39,5
2.2105845992011703,96,96,52,4
0.0874425646628216,94,95,44,1
4.9897983580784446,94,94,47,4
6.2090905144236022,94,95,51,4
3.2889991122035931,94,94,51,6
4.4338487033318712,94,95,47,4
1.2450879618002506,94,95,54,1
1.0606762126589089,94,95,43,4
4.2070418118158157,94,95,51,2
3.7625466912729588,96,97,54,0
1.0017485162575428,92,93,42,2
0.9758738686978551,94,95,50,3
5.9122267169436249,92,92,45,7
0.2419227132127913,94,95,49,4
2.2247791013285840,92,93,49,5
4.6067673388211201,94,95,44,3
5.2499873264748960,92,93,50,0
6.2315022939861837,92,92,54,0
1.6265289238733642,92,93,47,1
0.9521701719348064,98,99,50,5
2.4498468910599143,94,95,49,0
3.9375794783843485,94,95,50,7
3.6338014272168966,96,97,49,5
2.6980788881020028,94,94,47,4
5.0413969787635340,94,95,46,1
2.8598646790090978,94,95,50,3
4.1432148784695642,96,97,44,0
4.6049695397339443,96,97,48,2
0.6658095668744713,96,97,48,4
4.4591790994272751,94,95,46,7
5.7788039327951770,92,93,40,0
4.8864354433180770,94,95,52,3
1.1870586865723654,96,96,52,6
4.4331256954968428,90,91,44,1
5.0265948957613427,96,96,51,5
1.4191949031336177,94,95,46,7
3.7013647555864924,92,92,43,1
5.9564887228613106,96,97,53,1
1.1101924263249983,92,93,48,6
4.7788720370973659,92,93,53,5
5.8371081142145904,92,93,49,1
1.1512820908248929,94,95,45,6
1.7985549423590754,94,94,57,2
1.0284323672538416,94,94,55,0
1.6790085280126170,94,95,50,5
3.1626757000117172,96,96,42,0
1.8802977617121337,90,91,49,0
0.5194546471102278,94,94,43,6
5.2120680842908653,96,97,53,7
0.0504887896234976,92,92,41,1
4.1158070921731342,90,91,61,6
2.4990293540376975,96,97,49,7
3.1851051303708902,96,96,48,0
2.5281192439242219,94,95,54,1
1.4636596549778227,94,95,46,7
3.5076356942776625,92,92,45,7
3.2952613652247740,94,95,53,4
5.9957563754315641,96,97,53,7
5.2811249058254655,94,94,49,6
1.0482696520147641,94,95,46,1
5.1619509304178051,96,97,49,7
5.6162096224825717,94,95,49,2
1.5218786194258307,94,95,45,6
6.2368365817592757,90,90,56,5
2.8754580274400499,96,97,45,7
3.3892339930094009,94,95,51,0
4.0185557141755739,96,97,52,4
5.7463857776191229,94,94,50,5
4.6745734255824578,94,95,53,4
4.5451661370809537,92,93,54,2
3.8947775463948213,94,95,42,7
5.5938672311845687,94,94,54,1
5.0062951843280237,94,95,44,3
3.0173724261365051,94,94,37,2
5.7369869320560980,96,97,40,4
2.8272408469002763,94,95,51,6
4.7493187070640852,94,94,46,3
4.7740955970001595,96,96,50,2
4.0887796308056643,96,97,45,5
2.6214292865777979,92,93,54,0
0.4745763969971461,94,95,45,6
3.1711700066287487,96,97,59,3
1.4529664633816646,92,93,51,7
4.8226166480841828,94,95,49,4
3.1047083634409844,94,94,55,4
5.1902471371971703,92,93,48,2
3.0609840325954050,96,96,40,6
5.5052610689305439,94,95,40,5
4.8259295502644335,94,94,53,4
2.8652513098556192,94,94,40,1
0.3292409568557023,94,95,53,0
2.5280149844739643,94,95,50,7
6.1332265875486840,94,95,43,2
6.1721673839134565,96,96,58,2
1.0529235969653299,94,95,46,5
4.8931694387905456,94,95,54,3
2.4153517465606278,94,95,50,3
3.0503130601487460,96,97,46,6
4.4060812998837759,96,97,46,2
5.3700587757341260,92,93,38,0
0.6437794024042345,94,95,45,4
1.6842357559895489,96,96,49,5
4.9549500938671613,94,94,44,5
6.1333553031280283,94,94,34,1
2.6387377745120721,94,95,54,5
5.9691939156085434,96,96,45,3
1.5250567879380497,92,93,51,7
2.7572857049872845,94,94,49,0
1.4285478666536575,96,96,54,0
1.4660155926600547,94,94,41,0
5.5854810302249964,94,94,44,7
2.2240135053205883,92,92,50,0
2.0964274856448459,94,94,49,2
1.4311669675754060,94,94,41,6
2.0019798997014977,96,97,53,3
1.1925740031670433,94,94,46,3
5.9974875059815078,96,96,45,3
4.0277598183125409,92,93,57,7
4.3072007210444525,90,91,41,2
1.2860221036793726,94,95,37,4
1.2464521155484909,96,97,49,7
1.7387517833804265,92,92,51,3
2.1803133385046389,94,95,46,3
5.8800875318648327,94,95,56,7
0.2444279890323026,92,92,54,2
1.6686371342394393,94,95,55,2
3.9873034646509886,96,96,49,3
5.1653310644698704,94,95,51,4
0.4987182675873365,94,95,50,5
6.2506772551314151,92,93,43,1
3.8846949698062949,92,93,54,2
0.7771452310113459,96,96,41,3
4.5368410994724853,92,93,46,0
3.9848876384322294,92,93,50,6
3.3934010651910032,92,92,50,4
3.4051133466795722,96,97,50,4
5.4262757630179603,96,97,63,5
5.2264404655239778,92,93,51,7
3.0388645616209784,94,95,46,1
5.9100763992619267,92,93,53,5
0.5986392568531165,94,94,44,3
5.4678714753952242,96,97,47,5
0.5736039250385276,92,92,41,1
2.3242158728140838,94,95,49,4
4.1322294346392434,94,95,48,7
4.4882746034133394,90,91,39,0
1.7500371074447998,96,97,52,0
0.7816016200999428,94,94,48,3
3.9078404015635693,94,95,44,7
1.2406550862991157,92,92,47,7
0.8623800942876774,94,94,46,5
2.6939855052240387,96,96,54,6
2.8173340633465687,94,95,52,7
3.7063662295288853,92,92,46,2
1.6486151427394578,94,94,51,6
2.3250840523924530,94,95,51,4
5.6244306201807728,92,92,46,4
1.9189043041252363,94,95,42,1
1.3951828944542053,94,94,49,0
4.8088141454717199,96,97,46,2
4.0792437133079638,94,95,55,6
1.9512861620187707,94,95,55,6
1.4953119217765882,92,93,52,6
0.9653676509380564,94,94,57,6
3.2676103073733893,94,95,54,5
6.2108916110040910,94,95,46,1
4.8417762972512080,92,93,48,6
6.0490944465783683,94,95,50,1
4.8379766756663098,96,96,44,2
3.0623316275393266,98,98,50,3
4.9116351475601476,92,93,52,6
4.3005252917030230,92,92,49,7
4.0133021822478234,92,93,38,2
4.1880884347773026,92,93,47,3
3.4992823855814663,96,97,45,1
0.0359948767338178,94,95,62,7
3.9494683014023675,94,94,50,5
1.0801268960517525,92,93,48,6
6.1664453359574081,94,94,49,6
0.7782330200936481,92,93,51,7
3.1801546240236838,98,99,57,6
3.6047153745158882,94,95,43,2
1.5828373245411860,92,93,57,5
6.2007625561792814,90,91,48,1
0.8108988833789775,92,93,49,3
4.0765532831688516,96,96,52,0
6.1418240899375602,94,95,54,1
4.6544422174312574,96,97,56,6
2.6444963775365498,96,97,50,2
3.9384312441717140,96,96,54,0
5.8790228866919128,94,95,44,3
2.0770145662570103,90,91,46,3
3.7507890296327169,94,94,54,1
3.3315266233247272,94,95,53,4
2.5666590486146217,92,93,52,2
1.3497510774929162,96,97,51,1
0.6267134128645834,96,96,55,3
5.1149072593030684,92,92,56,0
5.2243768684279202,94,95,47,6
0.9333597702757295,94,95,44,7
0.9622693103184651,90,91,53,4
0.9438892447037204,94,95,53,4
4.3972404384733865,94,94,36,3
4.7616918853637165,90,90,49,0
3.1924154000682261,94,95,43,4
4.5525591124928271,88,89,44,4
2.0236284776697131,94,95,54,5
4.8873002515569937,94,95,48,3
2.0872254882818075,94,95,51,0
0.5741496315504838,98,98,63,4
6.2389883152799364,94,95,44,7
3.3633266193817999,96,97,52,2
1.0175773369255621,94,95,48,5
5.6556799660813910,88,88,39,3
4.0091545660358960,96,97,55,1
5.9328561532001132,94,95,41,0
3.8380901982371283,92,92,57,5
6.1980096525094828,94,94,40,1
4.6252696618223617,94,95,49,6
4.3147316792236863,94,95,44,3
3.3966063368765012,94,95,48,1
0.3004885913140910,94,95,47,6
5.6157213614847006,94,94,42,3
4.8913909080678701,94,95,54,1
4.4735157733800328,94,95,50,5
3.3455690541650185,96,96,45,3
3.8302443035782070,92,92,45,3
2.7241990278131296,104,105,54,6
5.1093497948336077,92,93,39,5
3.2808050666132176,94,95,45,2
5.9148598330939324,96,96,49,5
2.5443476031428216,92,93,42,0
1.7257396200878179,96,97,52,2
2.6652924485489566,94,94,49,4
2.3711031544055574,96,97,46,2
0.7010935873443077,90,91,46,3
2.8122762776635417,88,88,37,5
6.0928021973916673,96,97,54,4
5.5818441252235544,92,92,42,6
4.0718919213549745,94,95,52,5
0.4148121262403174,92,93,46,6
0.6169466703982969,94,95,53,0
3.7240758285273472,94,94,43,4
3.6113501651864977,94,95,56,5
2.2210265151340933,94,94,44,3
4.0177261281458989,92,93,51,7
4.3302505481248028,94,95,56,1
0.8511131759189644,94,95,52,7
2.3560827024708861,94,95,54,5
1.5372266738293130,94,94,48,1
3.7451551250230293,92,93,51,3
2.4611161872589635,96,96,56,0
3.1572913959623787,84,85,41,7
4.9855782663839907,96,97,50,0
5.1186547186428175,94,95,50,3
0.5666036921840778,92,93,49,5
1.1555410761456477,94,95,44,5
5.9492569374536810,94,95,41,2
2.3733843385979063,94,95,38,5
5.3991294617678527,96,97,55,5
0.4457846445003641,94,95,51,2
1.0019979553407783,94,95,51,6
5.6933627630085937,94,95,56,3
6.0365028943126235,94,95,48,1
0.7247331887619665,94,95,54,1
5.1701990793592589,92,93,49,3
1.5277256037520439,94,95,49,2
2.0011171164973418,96,97,45,5
3.7061288893901425,94,95,56,5
5.1394847987199288,96,97,60,0
0.4795625929801505,96,97,52,6
1.5176210729442070,90,91,38,5
1.8311601605739354,94,95,53,2
5.2911678439217278,94,95,53,4
4.5416547174317072,94,94,52,3
1.9569572009882366,94,95,58,3
4.9960772855887852,92,92,42,6
0.0326265477535098,94,95,52,7
0.9712833456039079,94,94,38,5
5.5076625936281154,96,97,53,1
2.6815473874148017,90,91,50,3
0.3784186743429398,94,94,46,7
0.5610068307934677,90,90,47,6
1.5366370508989537,94,94,55,2
3.6669979673205835,96,97,41,1
5.5270377809075120,94,94,41,0
5.1902537595149001,90,91,51,4
1.6022310181410646,94,95,51,4
2.4775826121766551,92,93,56,6
5.2172360026310471,94,95,58,5
1.0259133843850534,92,93,49,3
5.3753056901609524,94,94,42,3
5.0162104826467315,94,94,43,0
2.7899391710669836,92,93,48,4
0.0431959011688761,92,93,46,0
1.5286008733311551,94,95,52,7
3.9712520527378268,100,101,54,2
0.8631334815412790,92,93,46,0
2.4966283919167784,94,95,52,3
3.3680053024898795,94,95,51,2
1.2001130076211044,94,95,63,4
0.9960551400213721,94,95,52,3
2.9091248722609064,92,93,37,7
5.8289737172134419,92,92,46,0
1.9173143191724979,96,97,54,2
5.9847445742984160,96,96,49,7
3.4459845306992904,94,95,56,3
1.9302900458564360,94,94,43,4
5.6163579530059797,94,95,47,2
4.6132040351749808,88,89,53,3
3.4282511345079856,94,95,51,2
0.1633458233310087,92,92,53,1
5.2256832844477312,92,93,47,1
2.6975887488343830,94,94,46,5
3.0547036091160922,94,94,43,6
4.2560378481048105,94,95,56,7
3.8622858146477408,94,95,55,4
4.4902234438092030,94,95,53,2
3.6367466731257609,92,93,56,6
0.3367241989445559,94,95,53,4
5.8984261468807713,96,96,49,1
1.4413124920447240,94,95,52,5
5.6108044792559149,94,94,50,5
4.2438823923582589,96,97,44,4
3.3209629413619353,92,93,55,3
1.5539451466094734,94,95,50,5
0.1080378326903478,96,97,57,5
2.1009748591369619,90,90,46,3
1.0603884240691226,96,96,67,7
2.9352087183466176,92,93,42,4
5.4902045028714701,94,94,47,0
2.7846443198832942,96,96,42,0
2.5308260021639111,94,94,47,0
0.8494876962448017,94,95,47,4
4.1974648352626955,94,94,43,6
3.7553076551418383,92,93,54,6
5.3172549469535380,94,95,44,1
2.4016390498410733,92,93,52,6
4.9328898395634253,94,94,49,2
4.8101316425590417,96,96,47,3
0.5812608666829893,90,91,54,5
0.9124955230516993,94,94,45,6
2.9016370756820069,94,95,51,6
3.8783074188042521,94,94,55,2
1.2054733244933573,94,94,39,0
5.7552598288559684,92,93,48,6
1.5661261210230750,94,94,50,5
5.7789876102591711,94,94,44,3
1.3857497969830295,92,93,41,7
2.3286818891788199,92,93,36,6
0.4478209505657460,92,93,41,3
2.4342845969926108,96,97,48,4
1.3224028962649197,94,94,52,5
0.2723539429316288,94,95,52,1
2.9728130792658005,94,95,53,4
5.4893149420578347,92,93,58,4
5.5459746726453982,94,95,41,6
5.6520004654073839,94,94,47,2
0.0581712836871478,96,97,56,2
5.8404796170689988,96,96,47,5
2.1564859605608158,94,94,41,0
1.5255797783353149,94,95,50,5
4.0508472847096977,94,95,40,1
1.6388846563346737,94,95,52,1
0.9419024021718586,96,96,48,4
4.4011848862776786,92,92,46,4
5.9767784077551873,94,95,45,6
2.6781878226593809,92,93,56,0
4.0725148590442588,92,93,53,1
2.4886365584341905,92,93,48,6
1.6918052641856642,88,89,46,0
6.1285553367920489,96,96,46,2
5.5052754926282779,96,97,47,1
1.9894365067214352,94,95,48,5
2.5291382700655740,96,97,48,6
3.4575186194692868,96,97,49,5
0.3252203211351035,96,96,49,5
3.2686204172598221,94,94,40,5
1.4607004061767594,92,93,49,5
1.8601209385624069,94,94,57,2
2.7286837685300198,94,95,48,7
0.3666968837527466,96,97,55,7
4.3930344944866473,94,94,54,1
0.6898713858042533,96,97,42,2
2.7010867852686977,96,96,53,7
0.6700627499785211,94,95,56,3
5.4194399653440319,92,93,50,4
4.2721465596943844,92,92,54,4
3.2400712366313669,90,91,43,2
4.4926279034135188,92,93,54,4
2.2539111058036316,94,94,47,6
3.3596151496041213,96,96,50,0
3.0689527295033496,94,95,42,1
0.3946247584877362,96,96,55,1
5.9690763036522059,96,96,47,5
1.1954528242928295,94,95,52,3
4.0566200112201294,94,94,48,7
0.4528106010345388,96,97,48,2
4.6426620382253345,94,95,46,1
4.8086472249177667,96,96,45,7
5.4381353632364826,92,92,47,7
4.7409327070199758,90,90,50,3
3.6623479763683107,94,95,54,5
4.2054374760759003,94,94,43,0
0.6051273647750232,96,96,52,0
4.9892447442528312,96,96,44,4
0.3424376701255952,94,94,51,2
5.6818154257975504,92,93,48,0
1.2419737675796969,92,92,52,4
3.6070082991603600,94,95,40,7
3.7850875585988191,96,97,44,2
5.9661647602267482,96,96,53,7
3.7761231880087136,94,95,44,5
0.7589264490196508,92,93,49,3
1.6599009931597879,92,92,48,0
6.1640710100296197,96,97,40,0
1.0265757980932018,96,97,48,2
0.3726448224892536,94,95,54,3
3.7885311058678752,96,97,47,3
1.6721235374414083,94,95,53,6
4.7060577034956248,96,97,45,7
2.4263339374991588,90,91,52,3
3.0476798718262645,92,92,44,6
0.5760695296941130,94,95,43,0
2.9167939758731678,84,84,44,4
0.2490839816683288,94,94,49,6
1.4265336211392237,94,95,55,2
5.7174610804353900,92,93,35,5
5.9214459602590166,92,92,51,5
1.4878388096315540,94,94,50,1
5.9806085127344026,96,97,50,2
5.0208820638337368,94,95,48,7
4.5212289665776311,94,95,50,5
1.3069105422642662,88,89,44,4
2.7621336777353789,94,95,49,2
3.5559345524198704,92,93,52,6
4.3199994339734777,94,95,54,5
5.7118197142918419,96,97,54,4
2.2238425183484898,98,99,51,2
0.7582856750266196,92,93,46,6
5.9440439896582467,96,97,55,3
0.9171919142413781,90,91,53,2
4.9956886502564224,88,88,37,7
2.0126529153790460,94,95,38,7
4.4200723953861925,92,93,45,5
1.6864387231142894,92,93,53,5
0.1751631566018275,92,93,51,3
5.7469463027529617,94,95,57,2
2.1041576320326953,94,95,52,3
5.7974048234643938,96,96,46,4
2.4935526014942728,90,91,53,6
2.9961856197778567,96,96,51,1
4.5710144897111258,94,95,55,2
6.2716631133096739,92,93,48,0
1.5785062332724278,90,90,52,3
1.0064978538640865,94,95,38,1
2.8576311974787645,92,92,43,7
3.8248033948024580,94,94,54,7
2.0402205744871718,94,95,48,7
2.1034434789301497,92,93,50,4
1.0895418570422055,94,95,57,0
5.5355333556780391,94,95,51,2
4.3281427983052012,96,96,57,3
3.7417215377693189,90,90,44,5
0.4048137101673537,92,92,37,5
5.3103404892948962,92,93,50,0
0.5826138088217503,90,90,38,7
1.3840175402255295,94,95,53,6
3.7907681874188643,94,95,50,7
3.1351050218075907,92,93,59,3
5.1256938424951919,92,92,47,7
0.4414970867082263,94,95,49,0
2.0834952982777213,94,95,51,0
3.3779779790438087,92,92,49,3
4.8920485290353088,94,95,49,4
2.5430959741618633,94,95,49,2
1.1164010758658833,92,92,37,1
4.4576422335589694,92,92,44,0
5.4862620971512257,94,94,58,7
5.4135872649394727,94,95,40,1
5.1544935597547177,90,91,56,5
3.6697655863663421,92,93,66,4
1.6192207522207753,94,95,45,6
5.6415501463747662,92,92,57,3
1.3877069122491485,94,95,48,7
4.7043742004319933,92,93,50,6
3.6634168412363119,94,95,57,0
5.3487704483628695,92,93,46,4
0.6666449969579450,96,97,56,0
3.2759773870463000,92,92,38,4
3.6220906259322501,96,97,52,0
4.4632521486187677,94,95,49,6
4.1329534992277850,90,91,42,1
2.7700393015031715,94,94,48,3
1.3322478227262444,96,97,47,5
0.6644105378731763,90,91,50,7
1.7346242474995628,94,94,44,1
4.3769742158014511,90,90,49,2
0.1939435299471951,94,95,46,7
0.9279519496079072,94,95,43,2
1.9694735766575582,94,95,46,3
0.2967671718757295,92,93,52,0
2.1056935561404013,94,95,52,1
4.1064911933464003,94,95,41,0
2.7932220993948387,92,93,50,4
0.9884190560484373,92,93,45,5
4.7137305997607157,96,97,49,3
1.8036497866758197,94,95,47,4
3.0375697233052130,94,95,45,2
5.3770621820961875,92,93,45,1
2.2008629852281940,96,97,48,4
4.7257999514397948,92,93,51,7
0.1540132860604592,92,93,47,7
2.6359124402903680,96,97,43,1
2.4409531935292801,86,87,42,1
3.6781148292744974,94,95,58,1
3.2863794116145733,94,95,50,3
5.1133425834316260,92,93,49,5
4.3881309737212177,100,100,48,6
4.4605836629938800,94,95,51,4
1.2690366573133016,94,95,48,1
3.9922087964894981,96,97,50,4
5.5541823341587273,92,93,56,0
3.2360760432907161,94,95,55,2
3.4318328367949764,94,95,57,0
0.9552732988559776,92,93,55,7
2.9704139462502788,94,95,53,2
0.7787207306517304,90,91,47,0
6.1250186601200474,94,94,50,5
4.7140815094225728,92,93,53,7
2.4445943723944143,94,95,57,0
2.6351831070406622,94,95,51,2
1.8676698272375472,94,95,45,6
0.6285985875934159,92,93,49,7
3.5222078415462201,94,95,52,1
2.1673712190218524,96,97,47,5
5.0573594802700086,96,97,49,5
1.8267039939350502,94,95,46,5
2.0751464460184543,96,96,46,0
4.8422594639610939,94,95,62,7
4.5690540723045450,94,95,46,1
5.5362026304581731,96,96,46,4
6.1990505934550111,94,95,56,5
4.9617026018978878,94,94,46,7
0.2654084375198750,96,97,55,7
3.4582747932987261,92,92,48,6
5.0537770421411290,94,95,43,2
3.9157748388049258,96,97,46,4
5.5078325631869074,94,95,51,4
2.7784305708258139,94,94,51,6
0.1052090792561611,94,94,43,2
4.3215784072241581,94,95,54,1
0.1272078210465065,94,94,42,7
2.8699971220897211,94,94,44,1
5.0840159321886178,94,94,50,5
1.5780366972653359,94,95,47,2
1.1189125781075147,96,97,55,5
3.8528633855253460,94,94,50,7
0.9581569891883497,94,94,44,3
1.8653531908382210,96,97,60,0
5.5887077105167693,96,97,50,2
1.7557068505221098,92,93,44,2
4.0799369217592600,94,95,45,6
4.9534708904480489,92,93,49,7
5.2175804753926656,92,93,43,1
0.2789973729451468,96,97,47,7
0.7928632667525213,100,100,47,5
0.4349596313420512,90,91,54,1
4.3997960955047288,96,97,50,4
5.8273511220601311,90,90,47,0
4.9380534407889147,94,95,52,1
6.0710570772255839,94,95,50,1
4.9200910134714109,96,97,48,4
4.7699587921074773,94,95,51,6
5.8004301029334444,92,93,45,7
1.2871927797979894,94,95,46,7
4.8698224840693030,94,95,49,6
5.6223649681685925,96,96,61,3
2.4630168960769114,94,94,55,0
0.5443690084781615,88,89,50,0
2.9528461592225272,96,96,40,6
6.2496703134002889,96,96,46,6
4.2312710309058934,92,93,46,2
0.5424975438788854,94,95,49,2
5.8799098072730285,94,94,49,0
1.0847057823595341,94,94,47,6
1.0486992602929093,94,95,53,0
3.4335896077369070,96,97,44,0
3.1337725345336951,94,94,48,1
4.8224388974483068,96,96,54,4
3.7277219407225211,96,97,58,6
5.1051968092466176,94,94,48,5
0.0095510824338237,96,96,50,2
2.6970143211218280,90,90,39,0
5.0384867791087844,94,95,47,0
1.4633374781402799,92,93,53,5
4.7104258499768061,94,95,39,0
3.2423640606586028,94,94,49,4
1.7790090684614848,92,92,47,3
0.4870464761980123,96,96,51,3
1.0694329138749656,94,95,48,7
1.3295481420627953,94,94,50,1
2.8858883176570758,94,95,58,5
4.5345610539441150,94,95,43,2
3.9775287481427397,94,95,48,1
4.9191232800345404,94,94,53,4
5.7650022929182212,96,97,51,1
2.9538497117668641,92,92,46,4
5.1654132490332838,92,93,42,0
5.9295905526115229,94,95,51,0
4.5569034555740542,94,95,46,5
3.2316346022267064,94,95,46,5
1.1664073799559544,90,91,41,6
5.8019409194432026,92,93,36,2
0.4779827966188833,92,92,38,0
4.5197357232562281,94,95,46,5
0.2960618328074870,94,95,53,0
3.4680487467919998,92,92,58,2
0.9584993845734849,94,94,51,6
2.1766217038117923,92,93,45,7
0.4675587993002528,94,94,47,2
4.5940092966528283,92,93,57,1
1.2952144350805928,94,95,51,2
4.6048967203060167,94,95,36,3
1.3364590010099502,94,95,49,4
5.9386066157565880,92,92,47,1
5.5797451252016259,94,94,50,7
2.3831458197195605,94,95,47,0
2.5218350608186646,90,90,36,3
1.2684738787476468,94,95,39,4
5.5997340884032250,96,96,44,4
3.1694702694673014,94,95,51,4
5.1524434867464342,94,94,44,3
5.3034943524683440,94,95,46,3
3.6258148591059243,94,95,44,3
1.8982002325085683,96,96,42,4
1.3064994635719045,92,93,42,2
1.1317708976057084,94,95,43,2
3.2879287371406627,94,94,48,1
2.6879668521564128,94,95,46,1
0.2781821326822194,92,92,43,3
2.0241224759242811,86,86,52,5
1.0929276660170379,94,94,40,3
5.6372295401073211,96,97,45,5
2.0645648622071029,94,94,48,7
2.2528452956412721,92,92,45,3
4.1870386353591673,92,92,46,6
2.0106387532871564,94,95,49,4
3.5201496042739602,94,95,48,5
4.4607863022113783,94,94,50,5
5.0526766631011899,94,95,44,3
0.1543247322569925,94,94,56,7
4.1961402264657943,94,95,45,6
1.4963270893690408,92,93,51,1
0.9177335950639287,92,92,46,6
0.5383190614024407,94,95,52,1
1.0967484387376878,94,95,51,4
4.9011526871865865,96,96,56,4
0.3290053536694090,96,97,44,2
3.9647364207162319,90,91,41,4
5.8271941339053495,94,95,45,6
2.7978462325979074,90,90,40,3
5.4998441840931260,92,93,43,5
1.8120571792528304,92,92,50,4
2.3966560901697722,92,92,46,6
1.7409695276034121,92,93,40,0
1.3368277631192331,90,90,41,4
6.1986398616078917,94,94,51,4
4.0172498815163529,94,95,54,3
2.4553457033042934,96,96,54,6
4.1866706666571352,94,95,44,1
0.2467783717148840,90,91,49,4
1.8823311656716417,96,97,50,6
3.9306153146248159,94,95,53,0
2.8804495833067780,90,90,42,1
3.1216581686293385,90,91,35,4
5.1041462882192672,96,97,44,4
5.7925272717010738,94,95,44,1
6.0628978971884111,92,93,43,7
3.9866701261948001,92,92,46,4
2.0118179175430142,94,95,49,4
2.6483704957458740,90,90,51,2
4.0664787355238108,94,94,49,0
4.1136192099338071,96,96,51,1
6.0719004292256322,90,91,53,6
0.7728579355923036,92,93,53,7
5.8492024117222732,92,93,47,1
5.6795359595426200,96,97,49,7
2.5654433274389210,94,95,42,1
0.4767640156498337,94,95,53,0
4.5321221208748428,94,95,46,1
2.1445083088287933,92,93,56,0
0.4034727733878584,94,95,49,6
3.4573029369105583,92,93,36,0
1.0410381854263882,94,95,51,0
0.9956874584308032,92,92,51,5
6.2231395624346604,94,94,48,3
0.7339407329352977,94,95,49,6
4.8364584305425709,96,97,50,6
5.2932033770302498,94,95,53,4
4.1016353836419750,98,99,58,1
6.0826615331047922,96,96,53,7
3.0258568754335471,94,95,55,6
0.8490264308457427,98,99,60,1
2.4023409684075587,94,95,56,5
1.8707107545735668,94,95,51,0
4.3522461685266283,96,97,50,4
0.5364612940120698,96,97,46,0
5.7094941348572332,96,97,48,4
2.2319570424841051,92,93,50,0
5.9464223556352342,96,97,52,4
1.3019064517445740,92,93,52,0
1.1447756696259332,94,95,46,3
3.8883417847859363,94,94,42,7
3.1374336260893703,96,97,47,3
1.2178967294671117,94,95,51,4
1.6484716767522227,96,96,46,2
0.7745629305556808,94,94,47,6
6.0116435528341983,94,94,38,7
2.6397561457459275,94,94,54,5
1.8312304591785880,94,94,44,3
0.9292920564304409,96,97,50,2
4.8665153101183005,94,94,47,4
5.7606044033197019,94,95,44,5
0.3558872975198450,94,95,51,2
4.2980280088052734,90,91,42,3
4.7365470360905348,94,95,47,2
3.7174372598102341,94,94,50,5
4.7634499016603478,94,95,49,4
4.2610126180887811,92,93,39,7
0.9918506689407013,94,95,42,3
2.2755278306394091,94,94,57,0
0.7049033440586371,96,97,50,0
5.4738312036392536,92,92,40,4
3.5192435940018374,96,97,57,7
5.5958172425840864,92,92,48,2
2.5940803014745635,94,95,41,0
4.0105570323122395,94,94,41,0
2.6523111057029420,92,92,43,7
1.5230791440569054,92,93,54,0
2.7059491586477824,96,97,44,4
6.2786161250019239,94,95,48,5
1.9620559512122595,92,92,47,5
2.4319091207919858,92,93,42,2
4.1710648457052955,94,95,52,5
0.1771925654573256,94,95,49,4
0.3077924333847841,90,90,55,0
1.3075495503892769,90,90,36,1
6.0895256570689567,90,91,46,1
4.7025112768818111,94,94,40,7
3.8665090181190243,98,98,45,4
5.0813639138729583,92,93,38,4
0.1683042809046650,96,97,54,4
5.5920402300981982,98,98,42,3
4.1499457395782500,96,97,47,3
0.1395324959832378,96,97,43,1
4.6162384221319561,94,95,51,6
4.3671006776919539,94,94,61,6
5.8927554326511657,94,95,45,2
1.9467419048711838,96,96,43,1
4.2775337530153843,96,97,45,1
1.6424523836553526,94,95,45,6
3.1691890422512454,94,95,52,1
5.6814744099157153,92,93,42,4
4.2714029991779574,94,95,57,0
4.4171472165891439,92,93,51,7
0.8360051381660720,94,95,50,3
5.1019584436902905,94,95,55,2
