theta,t_count,h_count,s_count,w_count
5.8972997805969998,94,95,49,4
3.4731746183578429,98,99,51,6
0.2366864676775941,96,97,51,3
6.2081058738074164,96,97,54,0
5.1189787476192192,96,97,49,5
5.7278362683308295,94,94,46,1
4.9817839315731876,96,97,49,1
5.6722150925241861,96,97,54,2
6.1448310863545563,96,97,53,5
3.5200300933706443,96,97,48,0
3.0297466741739312,98,98,45,6
5.9819820158833785,98,99,45,4
4.3264804700465849,98,99,44,3
6.2499350134674581,94,94,41,2
1.9100609408451750,94,95,50,3
2.6586387929975559,94,95,53,4
1.4841263938409601,94,95,50,7
4.3653303859055272,96,96,43,5
3.1156642297017600,98,98,51,6
0.0212900446100100,98,99,51,6
1.5393744816338941,96,97,51,7
4.2310041686833948,96,96,54,2
3.1424209069583560,98,99,58,3
6.0763214539049653,96,97,50,0
1.4650866100525282,96,96,51,1
0.3999838320757634,94,94,47,2
3.8851346640453892,96,97,46,2
4.6698623635378587,96,96,45,5
0.6705267544621768,96,97,52,0
1.2808361178659096,94,95,53,2
2.1096756949860223,96,97,54,6
3.6960269360281259,94,95,49,4
0.6150780188000105,94,95,45,2
3.8156535054360323,94,95,44,7
5.2107437083024140,96,97,53,5
0.6326555781322631,96,97,50,4
6.2469719409308455,96,97,56,6
2.0913269731236284,96,97,49,5
5.8336651504181889,98,99,44,7
0.3597365096607728,96,97,45,7
5.6038940890583202,98,99,52,1
1.4323055273060077,96,97,43,7
3.1195452014412113,96,97,60,6
3.3022411683782718,96,97,52,6
5.1614103680728558,98,98,58,3
1.1724959292357768,96,97,57,5
2.3593378722161700,90,90,48,5
3.7612565565481670,94,94,51,6
2.3475404735517635,98,98,48,7
1.7097417278454698,96,96,54,4
0.6990048814521437,96,96,53,5
2.3710905490175218,96,97,53,1
0.0994308801285852,96,97,52,6
3.8688620463407482,98,98,43,0
3.1289881778460269,98,99,59,6
2.5580835825873200,100,101,48,0
1.0577673645281163,98,98,53,6
1.0947700094999169,96,97,53,1
2.5233870374403757,96,96,53,7
2.4317409095877203,98,99,47,6
4.7420752862232947,96,96,48,6
4.9342590402667073,96,97,50,0
5.8178871377761503,92,93,46,2
3.5428223995565555,96,97,51,1
1.8208123463262575,96,96,51,7
4.5719267648457045,96,96,53,5
5.5102710922311742,96,96,42,6
2.7001071134426962,96,97,42,4
2.8230497481267065,98,99,48,1
4.7674073351071531,98,99,46,1
5.4472728024641643,98,99,51,2
2.2143993589935613,92,93,42,2
5.4679787770529646,94,95,52,3
0.1636789041772214,94,95,49,2
0.4420075756026707,92,93,49,5
0.2326272061527568,94,95,53,6
5.5487665538680453,96,97,55,3
1.0496194580211431,98,99,48,7
5.7979950158311064,96,97,54,0
6.0551033178580278,96,97,53,1
0.3652941166790848,94,95,55,0
2.2344662159113260,98,99,57,4
1.1115490887661181,98,99,37,6
0.9380138187440831,94,95,50,5
1.9659265352344437,94,95,48,1
5.4706696139387212,98,99,41,4
0.6209878454813308,96,97,52,0
5.9701422379811664,94,94,49,0
2.1306411038703206,96,97,56,6
6.0221757023396112,96,97,48,4
4.0692314693812994,96,96,52,6
4.2359807925428550,96,96,52,6
5.4877293750381160,96,96,41,1
1.9161807311424048,98,98,61,6
4.5898501363865023,98,98,47,2
1.6513681640665419,94,95,52,3
0.5887600044388580,96,96,47,7
3.1153107119514556,98,98,57,2
1.8298575668355124,92,92,46,2
5.4155277576037717,94,95,53,2
1.4491170574848551,96,97,49,7
1.8083291124354723,98,98,47,2
3.4793064837562264,92,93,55,5
2.8983965427779017,96,96,54,2
4.2411234732126868,98,99,61,0
1.7974510848927074,100,100,51,7
2.2215812210288379,96,97,59,1
6.0679620594383783,98,99,63,0
4.1688514898556805,96,96,41,3
4.8154444952481121,96,97,56,4
3.9466861812987113,98,99,45,4
4.8742557918346696,94,95,44,1
4.9632197235247695,96,97,57,5
0.3785147504829554,98,98,46,3
4.1996446029131853,98,99,47,4
0.7224096701787434,98,98,53,4
1.1961093725882557,94,94,51,2
3.6802129056075414,96,96,42,6
2.7747031374652802,88,89,44,0
4.1838896456770094,98,98,55,4
3.9203317372933046,96,97,50,4
3.9266768689154987,96,96,51,7
4.1393949062840054,94,95,57,6
4.6264188976664622,96,97,44,2
6.1632600304135829,96,97,47,5
5.4920078162255157,96,96,50,2
4.2838981098589208,96,96,57,1
4.1632931576880408,96,97,58,0
2.6818787587183262,100,101,59,5
0.0596269134158205,98,99,59,6
1.7145031513154383,92,92,41,3
4.9785510542226543,98,98,50,3
1.9859021987306877,96,97,51,5
0.9039864288832123,96,96,48,6
0.7074025297211535,92,92,44,0
0.8806462064369566,98,99,53,2
5.6778898825959550,94,95,43,2
4.4794578989526199,98,99,60,1
3.2407768565407724,98,98,49,6
0.6677668617288984,96,97,51,1
0.1417067433032708,98,99,44,3
2.2775977187472614,98,98,45,2
1.4481560410169645,94,95,50,1
1.5938773950115017,102,103,47,0
5.5183288998775994,96,97,53,1
0.9212451018383780,94,94,39,0
0.0041682873080906,94,95,46,5
1.0202665116347063,100,101,48,0
4.8507693365131983,94,95,47,2
4.7558362591084897,96,97,49,7
5.4933465286849064,94,95,48,7
6.1239135843729455,96,97,51,1
2.3020732781239439,96,96,50,4
3.0070235185615237,98,99,55,2
3.2198509314819712,94,95,52,5
2.5732707641233858,98,98,52,5
3.1177825327481501,94,95,58,1
0.5253174282595314,96,97,47,3
6.0187112908335321,98,99,58,3
1.7916086960680124,94,94,45,6
4.1900592800988630,94,95,48,7
1.5998263899086664,96,97,51,1
0.9699962674437157,96,97,47,5
5.2103451013616722,98,99,44,1
5.0011848280397757,96,97,49,5
3.0725945384468849,90,90,47,0
5.5284431447111793,98,99,54,5
3.4632840777777623,98,98,54,1
5.7747853134450420,96,97,50,4
0.2127455160610690,96,97,48,4
5.4650903626171861,96,96,49,7
3.1845231293763407,94,95,54,1
4.8227548532043842,98,98,52,7
4.6169918268852657,96,96,42,6
4.2808972287129690,96,97,46,6
5.2267713404722986,96,96,49,5
6.0273696367233640,96,97,59,5
2.1061311524743433,94,95,51,2
3.2229491464944919,96,97,53,7
5.5656323819152860,94,95,44,5
1.1935187317024634,96,97,47,7
2.6503223718151188,98,99,46,3
5.7711255076174188,94,95,44,1
4.8433974842732388,94,94,47,4
2.2586895920321837,98,99,49,2
1.2849344272634760,96,96,49,1
2.2676999656369126,96,97,54,0
4.0486361041841530,96,96,50,2
3.2833117849610556,94,95,49,6
4.5029390219586780,96,97,48,6
3.9647410674657833,96,97,49,3
5.7041417503274898,98,98,57,6
0.9537338538879514,98,99,54,5
2.7534445774397938,98,99,45,6
3.9503924067983864,90,91,46,5
4.3677030279458178,98,98,49,4
6.1207211635864311,98,99,57,4
3.3626809975606342,96,96,53,1
0.9901359489986906,98,99,47,2
0.1258605525066232,96,97,57,7
5.4093179663660038,96,97,56,2
2.6801896036786617,96,97,51,7
1.8825688328467431,96,97,43,3
5.1162777018989614,98,99,59,6
0.0598906001968113,98,99,55,2
2.4955406379083986,94,95,54,7
6.1541860801342461,94,95,53,4
1.7788410080423416,96,96,46,6
1.4632142210311425,98,98,48,1
2.8769092718909213,96,97,49,3
1.0273088218649058,96,97,52,4
5.2064227016517615,94,95,54,5
2.9587372100627740,98,98,51,0
0.4681269878769689,96,97,47,3
5.2894517693422491,96,96,41,5
3.9462440991547192,96,96,54,0
1.0673040298998286,96,97,47,5
4.4213653739914713,96,96,60,0
4.2580935438379157,100,101,52,4
3.2909044583506648,96,97,48,2
0.3748447823708272,96,96,48,4
4.3900099101399919,96,96,51,5
0.7218773723470981,96,96,49,1
4.4708459291266500,92,93,55,1
1.8517092256016436,94,95,46,3
0.0200884111437349,94,94,45,4
3.7357117878744757,96,96,60,6
0.6479687469190042,94,95,50,7
5.5975367621746113,100,101,58,6
4.0535013274296299,98,99,43,2
1.8174718919134678,96,97,45,5
3.4273336213247059,98,99,49,6
4.0265717072512253,96,97,47,3
5.0961881352376235,96,96,49,7
1.4203787334916071,98,98,51,6
4.0766472340799709,94,94,41,4
1.0537254525338178,98,99,48,7
4.5833499704321738,96,97,47,7
2.8422277209926796,96,96,51,1
5.1939246797227776,96,96,53,1
1.0890783515377389,96,97,53,5
0.6940593326611880,94,95,51,0
3.1486819156002435,96,96,43,3
1.7919058714487290,96,97,50,0
5.3680227178049096,98,99,55,4
0.5569485007292535,94,94,46,3
5.1370126794821713,92,92,45,3
1.4447933744065828,96,96,57,1
1.7586914074969262,96,96,46,2
1.1218331423193195,96,97,40,0
3.2385391805493993,94,94,50,3
3.1026694740778051,94,95,48,3
2.2879492057891002,96,96,47,3
4.0761430030712704,98,99,50,1
3.3606328187820460,92,92,56,0
1.6612115183857543,94,95,44,7
5.9576247197283987,96,97,43,7
3.0765176947609469,94,95,57,4
0.6448031945930917,98,99,52,3
6.0039664914036734,96,96,42,4
1.7377923500892298,94,95,52,5
1.2460500076378758,96,96,51,3
2.6113706885704131,98,99,50,5
6.0164140222399851,96,96,49,7
0.9170163052533383,98,99,42,1
4.2073579902906841,96,97,48,2
3.8313607670214007,94,95,53,0
3.0544213408232856,96,96,52,6
4.7788741133884853,96,96,53,1
0.2148625198802107,98,99,51,6
5.5078586480842846,96,97,51,5
1.5412825508927219,100,100,54,4
2.2467777346422029,96,97,55,5
3.1929706583645796,98,99,61,4
3.3443460464321340,94,95,54,1
0.3974407619637573,98,99,43,4
4.2657842582410757,96,96,58,0
0.9026872751850668,96,96,43,1
5.0180946376774713,98,98,47,4
5.9231401504671526,94,95,50,5
0.7699707174241877,96,96,49,3
3.6533349376750706,94,95,42,7
0.3665738024994967,96,96,46,0
0.3313622450915213,94,95,44,5
3.2275420985832710,96,97,50,6
4.9904430133318298,96,97,54,0
1.1157005125325494,98,99,48,3
6.2481265281012028,98,99,45,2
2.2103719174047454,94,94,48,1
1.2843588593458588,96,97,54,4
5.5142479318447233,96,97,52,6
2.8386402374467288,94,95,45,4
0.8677338989061402,96,96,48,6
3.4412386547418783,96,97,53,5
1.2244435347096176,98,99,55,6
5.7267224255159537,98,99,52,7
3.1790846406073423,96,97,45,3
5.7644463776119714,96,96,58,0
5.5035799132578855,96,97,55,5
0.2101903633705916,94,95,52,1
0.4363910735421678,96,97,51,1
0.4794443523987406,94,94,35,6
5.5886001287689142,96,97,51,5
3.7165345002741970,92,93,43,3
0.6929978367951347,94,95,57,0
6.1928136337724640,96,96,48,0
2.8559857021638444,96,97,54,4
5.0761099752329910,96,97,63,7
1.6806795266136914,90,91,44,3
4.3040586167078896,96,97,49,1
3.5096633947932063,98,98,52,5
4.6070771647070385,98,99,43,2
0.9561986055512135,96,96,45,5
0.7434690118439017,96,97,50,6
0.8891644430902338,94,95,43,6
1.5406667632031072,104,105,51,7
3.6767235253642365,98,99,55,2
4.8657616304874143,96,97,59,5
2.8432688531728334,92,93,48,0
4.3933426893481275,96,97,42,4
2.2279538059898019,96,97,53,5
1.0507480144956181,96,96,45,3
2.6174296198313081,94,95,55,4
3.5101679927580167,98,99,44,3
2.2291371976577889,94,94,51,2
5.6906975187553295,96,96,43,5
2.4386073593536812,98,98,48,7
6.1993407748010929,94,95,44,5
0.9139514901990557,96,96,61,5
4.3503109258216321,96,97,55,1
1.6970745991979197,96,97,54,6
2.7149899007516898,98,99,54,1
4.0399455243714870,96,97,48,0
1.4353369055666820,92,92,45,7
0.5362959768175669,96,97,53,3
0.7783622187156158,92,92,46,4
2.2948067817120772,96,97,61,1
4.5123510574903110,94,95,52,5
3.8049404231475714,96,96,52,6
3.5995347041229628,96,96,47,5
0.8584012933299895,96,97,49,3
5.8133985117824576,94,95,54,5
4.2898605859743446,96,97,49,5
0.9896821564180369,98,99,52,7
4.3677594382551881,96,96,44,0
0.3653550767132047,98,98,51,0
0.5667458267751818,94,95,51,4
1.2408377734361908,96,97,58,4
0.1548532126820597,98,98,49,2
6.0208684088863738,92,92,49,3
0.6506371454209002,94,94,50,1
0.8355628637297922,98,99,44,5
0.6303242618809078,94,95,54,3
4.7186512145384709,94,95,42,1
3.4634336031555342,98,99,38,5
3.9225081173503544,94,94,44,3
6.2300304108494062,96,96,47,3
3.2096106103497575,96,97,43,1
5.0801325811563309,98,99,63,0
5.7812464064909683,100,101,49,7
5.0721466565471962,98,99,51,2
3.5158052608147945,96,96,42,4
1.7820241533116463,96,97,54,6
5.1322338529251326,94,95,42,3
0.6836666440248113,96,96,49,7
2.8322109895120620,92,93,48,2
1.7043612417133742,96,97,47,5
4.8334813176126392,96,97,44,6
2.8147409457099828,96,97,50,0
0.1634462892397233,94,95,49,4
3.4117352716859553,96,96,45,7
4.8689079260634571,96,97,53,1
5.4100503222682441,92,93,54,4
2.4016833611904409,98,99,52,3
3.8518034853918524,96,96,52,6
2.0896750961889268,98,99,50,7
2.5995676885329595,94,95,48,3
4.3688351708314244,92,93,50,2
4.9943856790392287,98,99,46,3
3.0872959452188979,94,94,54,1
4.3346286748115412,98,98,51,6
4.0686545583093761,98,98,53,4
4.1364728186755553,96,97,58,2
3.3538266404091672,98,99,48,5
2.9341129916967401,98,98,47,6
2.2334480801556920,96,97,59,1
2.4998632994843684,92,93,45,3
6.2613292156422080,98,99,45,0
5.3793554518362763,98,98,49,2
3.8854363814548911,96,96,52,6
0.8277471106327490,100,101,49,3
2.4652681359010238,98,99,49,4
0.4509914812080691,98,99,48,1
6.1143529530463487,94,95,52,5
0.6181065209992748,98,98,55,6
1.1601514855837367,94,95,41,4
2.3227477339609930,94,94,44,1
5.7337886050817923,98,99,54,1
3.2736691672225922,92,92,49,1
3.3727201914092841,96,96,52,4
1.1539138894823979,98,98,57,4
2.4225910911358817,96,96,50,0
5.2885517932462571,98,99,48,3
6.2095014924761420,98,99,58,7
5.9307582686287823,94,95,51,4
4.3250531626839797,96,96,49,1
0.4581036924919928,98,98,47,2
3.6001453651396940,96,97,48,2
4.1975314472139047,94,95,65,4
0.0022500695382601,98,98,46,3
1.4631965160388329,96,97,47,5
0.5081827612889894,98,99,50,7
5.0983815605243930,96,97,42,6
0.3670323133843499,98,99,56,3
0.0162133262339710,94,95,49,4
3.7226746830904562,96,97,51,5
2.4310238704154279,96,97,42,2
0.9413269159184808,96,96,53,1
3.6161988452419109,96,97,49,7
1.2844280723823285,98,99,56,7
3.7417068717758544,96,96,44,4
5.1044263901344342,98,98,53,2
5.5899726237463598,96,97,51,3
3.5347523771054905,96,96,48,4
0.1580815704022987,98,99,56,5
5.1599990808687011,100,101,49,5
3.0038814126013711,98,99,46,7
3.7949121374996571,96,97,44,0
2.3132676361848477,96,97,51,5
4.9316752386361458,98,99,47,2
1.7779145817275777,94,95,54,7
5.3706533946411739,94,95,49,2
2.7613613700000137,96,97,45,7
0.7850258699769566,94,94,43,2
1.9646672551887254,98,99,41,6
3.1066347717435088,96,96,48,4
0.1763008479434811,96,97,43,7
2.3448353367200050,96,96,62,0
4.1147588859861006,96,97,50,4
3.2393561696603519,98,98,51,2
2.5810695379653081,96,96,58,2
6.1131561548980038,96,97,56,4
4.1880048752745207,94,95,54,1
1.3397020336628296,96,97,61,7
1.5202091698271090,98,99,57,4
4.6490016533223182,98,99,56,7
4.5213882690248246,96,97,45,7
3.0715359644782971,96,97,50,0
6.2294658827008300,98,99,51,0
4.1721121795947917,98,99,49,2
3.0938864560851105,98,98,45,2
4.5578174428137528,96,96,51,5
1.9134114525057735,94,95,48,5
2.7021342935767110,96,97,53,3
0.4754535484446950,96,97,40,6
3.6187030391125168,96,96,54,6
5.1369896641106774,96,97,61,5
1.0881889627108663,92,92,41,1
4.5922158016933885,92,93,44,0
3.5629965856468435,94,94,52,3
6.0951465551979656,94,94,48,1
4.7576849050895476,96,97,48,2
4.9309040256775116,96,97,55,1
4.8829192632509955,96,97,48,0
4.5170999671611458,98,98,48,7
4.4664625079702667,94,95,53,4
2.4088294904530274,98,98,48,5
5.9071753504363853,96,96,49,3
2.1016598979536001,96,97,50,6
3.2156215277871225,96,96,47,1
0.2071789067084942,98,99,53,0
1.0299987987635186,94,95,58,5
5.0814931833061570,98,98,49,0
3.0365494605220302,96,97,47,7
6.0197713691681454,96,97,47,1
2.5496846380166023,98,99,46,3
0.5376365297476713,94,95,53,4
2.4620854806479353,98,99,55,6
4.1120047801209383,98,99,52,7
5.4348157521749743,94,95,49,4
2.4091883493079989,98,99,53,6
2.5835364887465992,94,95,52,3
0.2495387793657017,98,98,45,4
1.9858746260006452,94,95,42,5
4.3144806894998116,96,97,47,3
3.4097471822641707,94,95,48,1
1.6568800804627575,96,96,50,6
3.5858535690133047,96,97,37,3
3.8056439878270356,98,98,42,1
0.5907160292635906,96,97,53,7
0.4695519114803938,98,98,50,7
0.7058923418245319,100,101,47,3
3.7361656995030907,94,94,50,7
0.5449824034430063,96,97,53,7
3.0341012684739117,98,98,59,2
3.9833105818070984,96,97,52,4
1.6524934843967267,96,97,42,4
4.3113242704351453,96,96,59,3
2.6645715215064709,96,96,52,4
5.7251856674602513,94,95,52,3
4.7853680100981801,98,99,55,0
1.0358395712949289,98,99,51,0
1.2149575658412413,96,97,57,3
0.1533377190284345,98,99,60,7
4.4830456359460058,98,99,50,5
5.9173243956287180,98,98,51,0
6.1443089597283782,96,97,58,4
1.8043627362189067,96,96,45,1
4.6622090842008630,94,95,42,1
3.4168236302055366,94,95,46,1
2.3417452360154796,96,96,48,0
2.9602276210591958,98,99,52,3
0.3707886253487025,94,94,48,5
1.1642679252607095,92,93,48,2
3.2590125934903171,96,97,44,4
3.3783088948306084,96,97,47,5
4.8112034218164395,98,98,37,6
5.7302465971600665,94,95,49,0
0.7907335101542775,92,93,50,4
0.5863760557586197,94,95,42,3
3.4784082815047532,96,97,45,7
3.5128549859532150,94,95,55,4
1.0912578292506547,94,94,54,3
2.2157347353925316,94,95,47,6
4.7703979205996916,94,95,50,5
1.1597138964848088,96,97,48,0
1.2551063299727705,96,97,54,2
0.0226477899012641,94,94,52,1
4.7927854042764304,96,97,48,2
5.8246311624481555,98,99,51,6
1.1879662518715501,98,99,50,7
6.0791759354295731,96,97,57,1
0.6678112610110049,96,97,59,5
6.1566072890577326,94,95,49,0
2.9147773205289944,96,96,46,6
5.2223377065323566,96,97,50,6
4.1830109986265409,98,99,54,1
5.0225646462512863,92,93,51,1
5.2737660357211800,94,95,57,4
0.7204897501027721,94,95,52,1
1.0742044234580703,96,97,46,2
4.4557547287592243,94,95,52,7
0.6382273550580869,98,99,48,1
3.6282843536889446,98,98,56,3
2.5426385023955977,96,96,49,1
6.1707395158143399,98,98,50,5
0.8785026510870290,96,97,46,0
0.6132380607434934,96,97,56,6
5.8414259215099040,100,101,63,3
5.6693914104629117,94,95,58,1
1.5447872477529745,96,97,54,0
5.8443846852820238,98,99,47,4
0.7840418089530033,96,97,61,3
4.4192632960901070,96,97,47,5
4.7627123456374303,94,95,43,4
2.9381807364851982,98,99,53,6
1.1690946313948201,94,95,49,2
5.8108119988576972,98,99,52,5
0.3203641619965518,94,95,52,5
5.3721493925140065,96,96,46,4
5.5233094209557496,100,101,46,4
5.4782505948179585,94,94,42,1
0.8329707385150530,96,96,52,6
3.7249097962065512,96,96,57,3
3.5004277743993275,94,94,55,6
1.4519161045249005,96,97,47,1
1.3680300861585570,98,99,48,5
4.9797793961742833,96,97,51,5
5.5114512988219282,96,97,49,7
3.2938007813942982,94,95,49,6
0.1387453415308494,98,98,52,7
5.9462903900286728,96,97,50,6
5.3232957553269999,96,96,58,4
0.9926328829842697,96,97,50,4
0.7116041314948479,90,90,46,3
2.5458819188729529,98,99,52,5
2.3790292769879469,98,99,44,7
0.3446451762254653,96,96,62,4
3.9691430167946984,96,97,44,0
1.2604409742626621,96,97,49,1
1.3406401851294787,96,97,46,6
0.2262112363791610,98,99,53,6
4.5212396742037289,96,96,49,7
0.2122437131753918,96,97,45,1
1.3986776862207080,96,96,50,2
3.7525185523352600,94,95,57,0
2.1068045978967240,98,98,51,2
0.0022676301311914,96,97,52,6
4.7095397157576455,96,97,46,4
2.6641196730540870,98,98,57,0
5.3622690701757225,96,96,54,0
2.5575743642792101,96,97,49,7
5.6661621235667612,94,95,54,3
5.0357976943581519,98,99,54,7
1.7868752158486971,98,99,55,6
5.1494784525494381,96,97,56,2
4.4220064627731457,98,99,44,7
2.1424052567691017,98,98,50,1
4.7972767636528992,94,94,52,1
3.5140928535277216,94,95,57,4
3.5585238329548958,92,92,46,0
1.8325920841527619,96,97,49,3
5.5892317156727538,96,96,50,2
2.3529101167199800,98,99,52,1
2.2970579082889921,96,97,47,5
3.3133193506775291,98,98,47,0
6.2375420989273875,98,99,45,6
5.5970862780427364,98,98,47,0
0.4409719264090478,98,99,47,4
5.7007642212158229,96,97,55,5
5.2921301450917948,98,99,52,3
0.8496197443257181,96,96,57,5
4.7036787646753835,96,97,61,1
1.9670193315563074,98,99,47,0
4.5847698178005452,98,99,57,4
3.0778292103584892,96,97,55,5
0.5197481251318650,96,97,46,0
3.5001622400708978,94,94,50,3
4.2524134382510841,96,96,46,0
6.1070454945838009,96,97,45,7
4.0196148930827906,98,99,49,6
2.2640733566379909,96,96,56,4
0.0167919935894514,96,97,47,5
5.8098288989128699,100,101,43,3
5.3354409206975255,96,96,49,1
0.2875474914195743,94,95,51,0
2.8425867543136341,94,94,47,6
5.0729566977197225,98,98,54,1
4.9154078784163904,98,99,53,4
5.0057181402137862,96,97,54,4
4.4658762249842443,96,96,52,4
6.1809222638806860,94,95,48,1
3.9298977151107808,98,98,47,0
3.0985628871089297,96,97,47,7
0.8728178789882639,98,99,51,4
0.3128933542210446,98,99,60,3
1.2179352363481937,96,97,42,4
5.9763683438290975,98,99,59,2
4.1217184885458531,96,97,46,6
2.1989218106195598,96,97,51,5
5.1959871313241246,96,97,41,5
5.7669050160188418,98,99,52,3
4.0233833105770946,98,99,43,6
0.7405299684255173,96,96,52,0
5.9692723578115006,96,96,46,4
5.5654548185152137,92,93,42,6
1.3294629017404387,98,98,61,0
6.2788225961413371,96,96,49,7
2.6097132072010920,92,92,40,6
4.2106225928999059,92,92,46,4
1.0555373639445786,96,96,53,7
0.0059318145250977,96,97,49,3
3.0325612212972226,96,97,56,2
4.4549582676366928,90,90,45,0
1.1631705311560854,96,96,55,5
0.4117233891635633,96,97,45,5
4.5747211131209937,98,98,49,6
3.0630470703885906,96,97,49,1
6.0039854369723846,96,97,49,7
2.0429063026349441,96,97,57,5
6.0848841143212349,94,95,50,1
5.9964484398711155,96,97,50,0
2.0223530639057543,94,95,45,2
6.0662161059443882,98,98,51,6
1.2578333236835653,96,96,42,6
1.1941473672179181,96,96,58,4
0.6542834729089824,94,95,50,1
2.1265797134060005,96,97,64,2
0.5736979869832433,96,97,57,3
5.5841189454646702,94,95,54,1
4.8445743495194025,96,97,47,1
3.6114621570689196,96,96,55,1
0.0324089787616427,98,98,43,0
4.4993820306183041,98,98,54,3
4.6189588836875686,98,99,56,1
1.3842766607447714,96,97,58,4
6.0084956137017640,98,99,51,4
2.7668361034471278,98,99,54,5
2.6336614159884837,96,97,56,4
5.5722478750695554,96,97,53,3
0.9664393079541020,96,96,50,6
5.4357695073128207,94,95,55,2
4.9796017788689548,96,96,41,1
4.8343623881944318,96,97,55,3
1.5188605362226351,96,97,47,5
1.0088576023855957,96,97,50,2
0.2962825116833854,94,94,37,0
4.3672015071861292,98,99,54,5
1.7296586128160401,96,97,51,1
5.8596595475839353,98,99,45,6
1.5560441046273055,98,99,48,3
1.2402246015245650,94,94,48,1
2.2184234312851014,96,97,54,0
2.4362014334092823,86,87,47,2
0.1813807933380907,96,96,55,5
1.0667445843389656,96,96,51,5
5.8080295604858581,94,94,47,2
2.9126472788538100,96,97,48,0
1.4489894662956666,96,96,54,4
0.7433528616493137,100,101,58,0
4.7245310014518047,96,96,49,3
3.1916084848990338,88,89,44,6
3.9757729415386711,102,103,46,1
1.1957502523498296,94,95,51,0
1.5174973835794370,96,97,54,4
0.2200750219446441,92,93,52,6
3.0617872857033510,96,96,44,0
1.7425764491311782,96,97,47,5
0.6580533531128593,96,96,50,4
0.5301231258193987,96,97,50,0
2.1921690922481791,96,96,46,4
2.1210135591588979,94,95,47,0
2.8829931894577383,100,101,56,0
0.5433098480880739,94,95,44,1
3.2057236917799163,98,99,47,0
2.5789505941772441,94,95,55,0
5.0642805449894119,96,96,52,2
0.4017893906260275,96,97,51,5
1.3016719540229584,96,97,46,4
3.1635622703486215,94,94,48,1
0.3322822435925532,92,93,44,6
4.8946424312499435,98,98,58,5
5.1454833507175879,98,98,48,3
5.1506057773498766,92,93,48,2
4.9634288935802928,96,97,53,1
6.0390464487087412,90,91,47,2
2.1465736305841778,94,95,53,2
1.0494394875111293,96,96,53,5
2.4125047847250980,98,98,47,4
2.5870272717978153,96,96,53,3
4.3143348524880052,98,99,53,0
2.6112877948768611,98,98,49,4
1.9373467709699723,98,98,44,5
5.3348355293153489,94,95,45,0
5.9254495942512992,98,98,54,1
0.2265974710310976,98,99,62,5
5.7884999475308447,96,97,46,0
0.2565630357388123,96,97,51,1
2.4422339488888589,98,99,46,5
5.6419442401270565,96,97,54,0
1.4753354074245384,94,95,52,1
0.7725893878660238,96,97,55,5
1.3507061211970879,98,99,57,4
4.7649930319002696,94,94,49,2
2.5970704250064052,98,99,48,1
5.8345572019237597,96,97,42,6
0.8199179057282028,98,99,58,5
4.8258621336943035,96,96,55,1
1.1827756283952808,98,99,49,4
1.2779543793154649,96,97,47,1
5.9334152979204386,96,96,43,1
3.8424183682852808,98,99,48,7
4.4268411783882513,94,95,39,2
4.8957834218529896,96,97,47,1
2.7354054480869157,96,97,48,2
0.6353305527119080,98,99,50,1
4.5635050992433843,98,99,55,4
1.7877417144413421,98,98,47,2
2.3646913643582503,98,99,54,1
2.7665793920720771,98,99,47,0
5.4067960138680142,96,96,46,0
3.7414858122637411,98,98,49,6
0.9527960655579009,96,96,48,2
4.0389206435132028,92,93,58,6
0.2149591844200285,96,97,48,0
5.8960967310448993,96,97,53,3
6.0367290095470940,96,97,50,4
4.5203055994271777,96,96,48,0
1.3883954381976522,96,97,44,4
3.0276596628283783,96,96,51,3
5.7126229487968612,96,97,49,3
2.8588744937137891,98,99,57,4
6.2415018059071503,94,94,48,3
2.4626861057646612,96,96,48,6
4.6088808824661056,96,97,51,5
2.3128657210686363,96,97,48,4
1.3712760655213887,96,97,52,4
5.0567614694947602,96,97,46,0
2.8361947121963196,92,93,49,5
1.0629053107557329,102,103,54,1
3.3977215570098966,96,96,60,4
2.0318596121112860,98,98,54,7
1.2196192260189529,98,99,49,2
3.3586240923380792,94,94,51,2
3.1076653701769699,96,97,46,4
4.0151916244316146,94,95,49,6
2.8740456820214582,94,95,52,7
1.2411408621454432,98,99,56,3
4.3681716781288022,98,98,49,0
4.8443724163918702,96,97,55,7
5.2774502122957028,96,96,61,3
0.4985432924289683,96,96,50,2
4.0243366935339386,96,97,60,6
3.5551740860503922,96,96,47,3
3.4648545558965456,96,96,54,4
4.4986715532565773,96,97,51,3
1.2600297119763204,98,98,49,6
6.2732436073055808,96,97,52,2
0.3810465552468257,96,96,46,0
3.6974790521300065,96,97,41,3
0.1294367950623028,96,97,54,0
5.4890539906334954,98,99,48,3
4.9422275584289448,96,97,45,3
0.9437102224014216,90,91,44,5
3.0107326325517656,100,100,54,2
2.1010456136128282,96,97,47,5
1.4620659042821227,98,99,53,0
2.5117026414240695,98,98,50,5
1.5348925706600474,102,103,53,4
0.5219345381905081,98,99,54,5
2.5927745568648546,98,98,47,2
1.6414342561175004,96,96,49,5
2.1425539404895964,94,94,51,6
2.7700578358498182,96,97,52,0
3.2115322184031241,92,93,54,6
2.1400533397867365,96,97,42,0
2.2394814707772368,98,99,51,2
0.3998579654536290,98,99,43,6
0.6419283441060049,96,96,59,7
0.0083387513488716,98,99,49,2
6.1809563116920341,96,96,47,7
4.1809912216448586,96,97,46,2
2.8126038221487875,94,94,48,5
3.8171424336019810,96,96,50,6
4.9025603849667343,94,95,48,3
3.4812646097234166,96,96,43,7
4.3637753268993418,90,90,47,2
1.3993183427232294,94,95,47,2
0.6018154758244028,96,97,53,3
4.6739733164624191,96,97,48,0
2.3075081168839389,98,99,44,7
4.0782579927084317,96,97,41,5
5.5723661497426376,98,99,45,2
1.5532333288814517,94,94,48,3
2.9371765011855735,96,97,50,2
5.1901236936525201,98,98,57,4
4.6231375665201702,98,99,54,3
2.2480870264978772,96,97,48,0
1.9363971396060908,98,98,56,3
1.9980051624288366,98,99,53,0
6.2785968374038479,96,96,49,3
5.4869523284716877,96,96,53,5
4.2200573008797306,94,95,47,4
3.8529681361372323,98,99,55,2
0.3116423265297376,96,96,39,3
2.1027843639799717,96,97,44,4
2.4303259748002919,94,95,55,4
6.1862292003409163,92,93,46,4
5.6033391644569779,98,99,50,7
2.2138726556844932,94,95,52,7
0.1771279239181752,96,96,42,6
1.0330719506347645,98,98,45,4
6.1637624112020948,96,97,54,4
5.3845763593410432,98,99,47,6
2.1674326037094449,96,96,49,5
0.1276088833163401,96,97,46,2
4.4851561539446845,94,95,41,0
1.8018008655884710,90,90,52,3
1.2554995539144824,96,97,50,4
3.0942337178076569,98,99,47,4
1.2286814364718632,96,96,48,0
0.2360657826886211,92,92,53,1
5.4901060286567551,98,98,56,3
1.0310282171370468,96,97,49,7
1.4686215369546995,96,96,52,2
4.4306297296680244,98,99,51,4
4.9763901858735764,98,99,47,6
6.1056098207983540,96,97,45,3
5.7139993637512898,96,96,45,7
6.0370935699933019,96,97,47,7
2.0284757800742130,96,96,49,1
3.8830494189285498,96,97,48,2
2.4202242556130749,96,97,45,3
6.0520901756962893,94,94,50,3
5.9728139550500510,96,97,50,2
2.8694127525247461,96,97,51,7
3.4055397427446397,98,98,53,2
0.7507580355530733,96,97,45,7
2.9005650712342899,98,99,54,1
5.1262000942737176,94,95,51,6
1.2540949718891248,98,99,49,2
2.7326566024544414,96,97,47,5
6.0348684678032471,98,99,54,1
0.0852725318107467,96,97,51,1
5.9390646682264938,92,93,51,5
1.0757421525037125,94,95,54,5
1.6138842895803998,98,99,57,6
4.8624344852908452,98,99,49,2
4.0017657573932954,98,99,49,0
2.7759393674001154,98,98,56,1
4.1501918677379255,96,96,45,1
5.6116678655926506,96,96,50,0
6.0690504495945961,92,93,54,6
1.2956646296903260,94,95,49,6
3.5168465174123749,94,94,55,4
4.4194601442323842,102,103,63,0
4.8883707082319221,96,96,47,1
1.7308760055841250,98,98,46,5
6.2089308380146679,96,96,53,1
2.8272025534650225,96,97,55,7
6.2784098101769752,96,97,53,3
1.4230289333571438,98,99,56,5
4.8352869312196516,100,101,49,1
5.3051172626133125,96,96,56,4
6.1424889115657466,98,99,45,2
0.2246586724927435,96,97,52,2
0.4537085389892469,94,95,45,4
1.8085812673241515,100,101,60,2
2.7585000262214994,98,99,45,6
3.5105114651874398,98,99,49,4
2.6665251096353551,92,93,41,1
3.7689531194215604,94,95,53,6
0.5844660286179661,96,97,45,7
3.3218818300402400,96,97,45,1
1.3146299277025431,96,97,47,3
1.4812166902090502,96,96,55,1
2.1244852515955879,94,95,46,1
5.3026812418728451,94,95,44,1
0.4946696655134465,96,97,46,2
4.0635262532729710,98,99,54,5
0.9913678533814010,96,96,58,4
3.7177570121121182,96,97,50,6
1.2258649769260832,94,94,48,1
4.5816648246921226,98,99,50,3
1.9355176555016851,98,98,49,6
6.2197180292806502,94,95,47,6
1.1760557916267727,96,96,48,4
3.7757043870533842,96,97,48,2
4.3478080450257739,94,95,51,0
5.2002519121795343,96,97,42,0
3.9045794166846428,98,99,54,3
5.5323536818102026,96,96,59,1
4.5755736482217868,98,99,57,2
3.9042878405413250,98,99,51,4
4.5117559837298815,96,97,54,0
3.6384908667133384,92,93,47,5
1.6431784170395223,98,99,55,2
2.7786146414102837,94,95,52,5
5.0107523238329703,94,95,55,0
3.6537847117609745,98,99,57,4
6.0891922494593045,96,97,50,2
1.4853518693472414,94,95,54,3
0.7734256953181096,92,93,46,4
3.3276317077961401,96,96,44,4
2.4385280765410400,96,97,49,1
1.6521050696369508,92,93,59,7
3.1734162905554291,98,98,58,5
3.8852230400631567,96,97,57,3
0.8172272475710427,94,94,39,6
1.2961655782002783,96,96,51,5
2.1840840656335545,96,97,60,0
2.1046983410598581,96,97,46,6
4.5057568026053216,98,99,55,6
5.7150305549369529,96,97,49,5
4.5535530271694116,98,99,47,2
0.4911317407385738,96,97,56,0
4.6808354181731682,96,96,51,7
6.1259487993428410,98,98,44,3
2.5125965656812346,96,96,49,3
2.2139332268880727,96,97,49,7
0.7981590371055582,96,96,51,1
4.5878535128754745,94,95,57,6
2.2000136003521207,94,95,53,2
5.6862136736231319,94,95,50,3
4.7661091382440581,98,99,45,6
2.5491863545902622,96,96,40,2
3.6957682845855535,98,99,55,0
3.3858707824224905,98,99,60,3
1.7154680659413013,98,99,47,4
5.8775817436405164,92,93,46,2
1.9221091189889328,98,99,55,0
0.1580039086625673,98,99,43,4
1.9764352644203096,96,97,51,1
4.7978837542331636,98,99,44,5
1.6145534553884997,100,101,62,4
4.3189729920195505,98,98,53,2
1.9879191794476894,90,91,49,2
3.9901774030915464,96,96,40,4
5.5793903991491103,96,97,57,7
4.4726780570207278,96,97,48,4
1.1626051674782123,96,97,47,1
5.9113863765653978,96,96,51,1
5.5673937301760290,96,96,62,4
0.5397687134153994,98,98,55,2
5.8570619829025041,96,96,53,5
0.1076514103694662,96,96,46,2
2.2036140668956170,96,97,59,1
4.7453567413751516,96,97,49,5
5.7429154819657482,96,97,40,0
4.3733800744230349,96,97,47,5
3.7919715005616323,92,93,53,3
4.6393430388528856,94,95,39,2
5.2524114535400788,94,94,52,7
2.9917624859340317,96,97,55,5
3.2705675866822261,98,99,51,6
5.6741174903711880,96,97,42,0
2.0978195298661810,98,99,52,1
0.2810537918612860,96,96,53,7
0.0597943610586710,98,98,49,6
0.4086845170514164,98,99,50,7
0.1508275658820834,96,96,63,3
3.6254656495378041,98,99,52,3
3.6647828010293790,98,98,53,4
3.1883217226643676,96,97,58,2
0.3109658696480278,98,98,53,0
2.7944064628058984,98,98,56,1
1.7089020506589259,96,97,54,4
0.6112032976498686,96,97,48,0
5.1288578742386282,98,99,50,3
4.1023644998333424,96,97,45,7
5.8353901955839573,98,99,46,1
0.3778599713616290,96,96,44,0
3.4526094632652788,98,99,51,4
3.3463228988515210,98,98,49,4
1.6857170484816333,94,94,49,2
0.0564850876027325,96,96,54,0
2.8710056940923971,94,95,56,3
4.6028816389392304,94,95,53,4
5.1084689500553848,96,97,49,1
2.9888495249941531,96,96,56,0
2.3641093922922911,96,96,46,4
2.6142501949969184,98,99,53,6
5.0646164055956433,98,98,49,0
3.0315991495038652,96,97,56,4
3.6451196274219977,94,94,42,1
3.4425143391859532,96,96,45,7
1.8536485032095547,98,99,49,6
5.3526925890088899,94,95,54,1
0.4167698047351868,96,96,45,7
4.3056602126047032,98,99,50,1
5.8988353494133801,94,94,43,4
1.8681590993447381,92,93,52,2
0.8064529338401621,94,94,47,4
1.1755052799624499,96,96,53,1
2.8197085030804399,96,97,47,7
0.9218223789948740,94,95,58,1
1.6017375508834495,94,94,46,1
4.9585540277351132,96,96,44,6
5.8674761120117038,96,96,43,3
3.8931986051469156,96,97,54,4
5.3718708485482489,96,97,51,3
3.2833249611251798,98,99,51,0
0.4819531671089561,98,99,51,6
3.2689464192503950,96,96,55,5
4.1208799043005753,96,97,39,3
2.5059667947318087,98,99,44,7
0.0455643258227729,98,98,47,0
3.3952005395665008,98,98,47,4
2.8646178030763219,96,97,46,4
3.0412771636570168,94,95,48,1
1.6552744254838190,96,96,47,5
5.2299639432612910,92,92,40,6
1.2679054176133542,94,95,47,0
4.1968853250748408,98,99,47,4
0.4185791298680216,94,94,45,4
0.1795273050247587,94,94,46,5
6.1243549824793044,98,99,48,1
1.3346666296455469,96,97,64,2
3.0527823710020141,98,98,51,0
4.2276984842568757,94,95,53,4
4.5471554321856171,92,92,45,5
2.4263153190316711,92,93,45,3
3.9459903346498324,92,93,45,1
5.2346258701839119,98,99,49,4
3.2634418257673503,96,97,55,3
3.5557091907730518,96,97,43,3
4.8991972481589388,94,95,57,6
5.2117559137681537,96,96,47,3
4.4551116588501447,92,93,45,5
1.2616516150653516,92,92,40,0
2.9553049037336931,100,101,52,6
5.0888486747683528,94,95,55,4
2.9134595383777393,96,97,54,4
4.7253679124278944,98,99,48,3
1.5513972670720406,98,98,48,7
4.1334611942388015,94,95,46,1
6.1155545009354428,92,92,45,3
3.1308015161619167,96,96,47,3
5.0689510683300147,98,99,55,4
3.0510277369593890,96,97,48,2
5.0267423475332169,96,97,51,1
5.8379243051692935,98,98,51,4
2.5476960701027234,98,99,55,6
0.0455488270905165,98,99,50,1
5.1014459600904356,96,97,46,4
5.7153120319601349,96,96,47,7
5.6995048619362247,98,99,44,5
5.4084445411664896,96,97,52,6
3.9496266649036484,96,97,56,2
1.7602787928153643,98,99,48,3
0.0272404054731875,96,97,54,4
5.1130759085873221,96,96,49,7
0.1578742829994530,96,97,54,0
1.1014116700248429,98,99,61,4
4.6472770647899520,98,99,52,5
5.6517253820230007,98,99,60,3
1.1019876274483231,96,97,53,1
5.9011421494603891,96,97,45,3
1.3804394227991048,96,96,50,4
1.5581794295250149,94,95,46,7
4.3514674285082116,96,97,42,0
1.1456473012401138,98,98,52,5
1.8178906738308775,98,99,63,6
2.2908329115587600,98,99,47,4
3.9088634179864439,98,98,49,2
3.5881822824334040,94,95,52,5
5.4167916440599333,96,97,47,7
0.7655446448923626,98,98,50,1
2.9246630461801275,90,91,54,7
1.4336088132723357,96,96,54,0
5.4828967069134320,98,99,51,2
0.8136807753704298,94,94,46,1
4.7694270648547104,98,98,48,1
4.2737671324123223,98,98,53,4
4.6746728165216211,98,98,53,0
1.7999993275144301,96,96,41,5
4.6623787151768026,94,95,44,5
0.5813473099380917,96,96,48,2
5.5070068722647552,96,97,49,3
4.3803647847987062,96,97,42,4
1.9723388119402245,98,98,58,7
1.6097789034388565,96,96,46,0
1.0899395968859409,88,89,52,6
3.0049880655439707,92,92,43,7
6.0026443112425696,98,98,48,7
1.5206755053948136,94,95,54,3
0.5467555262108961,96,97,44,2
0.9315943606514056,94,95,50,3
3.7846883240500029,94,95,56,7
5.8856099912964694,94,95,46,7
1.0388162374816181,98,98,55,4
5.5512394503488336,98,99,48,7
5.1773331026010085,96,96,36,4
0.5339435410744031,96,96,49,3
5.3340991274203384,96,97,45,7
3.5902174781279608,96,96,53,1
1.8948186576015875,96,97,51,1
4.7250373751958534,96,97,46,0
2.5831791408590719,96,96,52,0
0.7442797052460474,94,95,45,6
2.6520837007111187,94,94,51,0
1.6755135184407242,98,98,49,2
2.3496356003790790,96,97,48,6
1.0460772827668625,96,97,46,6
2.7249530827012904,96,97,40,4
3.7419288157101556,98,99,52,5
0.1443932906618161,98,99,52,3
1.1497021446398423,98,99,56,7
4.0429351373518152,92,93,54,4
4.5711713721352547,96,96,52,2
2.9442989686878609,92,92,43,1
1.6518276050565612,96,97,53,1
5.1112038810542009,98,98,49,4
1.8941666621563755,96,97,58,2
2.2360520576853058,94,95,58,1
5.0558193269699219,96,96,53,7
5.3112008244694699,96,96,43,3
4.7928269991340278,96,96,52,6
5.8745436018312756,94,94,50,7
4.0711483378184106,96,97,48,2
3.5632107532543729,94,95,49,2
6.1649495667836627,98,99,51,0
5.0971466784878317,94,95,44,1
1.6624657374805283,96,97,57,3
0.1033605808091006,94,94,48,3
4.0506241792392572,98,99,46,5
5.1831566138621836,96,97,53,3
3.6320715720671832,96,97,49,5
4.6604150623489584,96,96,41,5
5.8761954097662672,96,97,43,3
0.7688814413032800,96,97,45,5
5.7641435627258133,94,94,41,6
3.7704624544336416,98,99,53,0
3.3556937688723152,94,94,49,2
3.9069664281954939,96,96,55,3
0.6458572250792937,96,97,45,5
4.0755522316116908,96,96,52,6
3.6653447315179517,94,95,45,6
6.1587043744953363,90,91,45,0
4.7082276094513134,92,93,55,1
3.8387263756199386,96,96,49,5
3.8109888289569946,94,94,49,4
3.2379077607997133,96,97,47,1
2.8555138672523150,96,96,49,7
1.1336597392996661,96,97,50,2
3.9233617073775067,90,91,40,3
3.6711667341505523,98,98,50,5
5.8635822766348538,90,91,41,6
4.6097907849801114,94,94,57,2
0.0916666896744894,98,98,46,7
4.9210622525825691,96,97,48,6
6.0490615662814236,98,99,47,0
2.6139296577677165,96,97,51,5
4.3819025734471611,92,93,47,7
4.4252249146834748,94,94,51,2
0.3250408430716887,94,95,46,5
0.5973752676593529,92,92,50,6
2.2997014660453621,94,95,47,0
4.0168595987832578,94,95,46,7
0.9062155257317311,98,99,50,1
4.7541387075352990,96,97,39,1
5.6094946272845609,102,103,56,7
1.7267571568776987,96,97,44,2
1.7617405630978025,96,97,51,3
3.0818744251610322,88,89,47,7
4.2847004085650031,98,99,54,7
5.0069484141249037,96,97,54,0
3.0311076497891212,98,98,55,6
0.9455811089176192,98,99,45,2
5.4766304857270125,98,99,50,5
5.7337070490879327,94,95,51,0
3.5224761234771544,96,96,51,5
3.5881206305235023,98,99,56,3
3.4425428259948410,98,99,45,0
0.9163205968941043,94,95,46,3
5.7255560029199737,90,91,55,0
1.1193266085436926,98,99,51,4
3.7777556989345524,96,97,56,0
1.8479017466480530,96,97,54,6
2.7893191735785412,96,96,54,2
2.0709962426330493,96,96,55,3
0.4554574101629418,94,95,40,7
5.6056940441403507,96,96,38,0
4.7497733856720750,94,95,54,1
3.5095400924003606,94,94,51,4
4.9963933213584610,94,95,43,2
4.8211748421583254,94,94,40,1
5.5614345380639820,96,97,43,5
1.6384151486228284,96,97,42,0
3.1500344310873132,96,96,51,1
6.1383459726414111,96,96,58,6
0.8995420695392978,96,96,48,0
0.6833551989612472,94,95,44,1
5.3589422529324588,96,97,47,3
5.9659654854394288,96,97,43,7
5.4410873631508840,96,96,49,3
2.4819903415774487,96,97,50,6
2.1943496516512311,94,95,49,4
2.7984531918174382,96,97,51,1
1.0884970025068297,98,98,49,2
4.1198427393863666,96,97,47,1
0.8621581755205420,100,101,48,0
5.5634908317886644,94,94,55,0
5.5664978898116635,96,97,48,2
5.5661450350009272,96,97,48,0
3.9363268089234507,98,99,47,0
5.0104963120101900,98,99,48,7
4.3060875146677962,96,96,46,6
1.9333152209083411,98,99,52,3
6.1877304352166318,96,97,52,6
2.0961721043010719,98,99,62,7
3.8684999380219387,96,97,53,7
3.4497179536914637,96,96,53,3
5.6839524543640536,94,95,48,5
2.2944859416973502,96,97,50,6
5.3519388666997489,92,93,43,3
2.1750031194571444,96,96,42,6
3.6469509898714692,94,95,50,3
3.1716157397868061,96,96,57,5
1.4790513651160977,96,97,45,7
5.0478452103756242,96,97,50,0
1.4368927843011945,96,97,39,1
1.2802593220821168,98,98,55,0
4.6353376408925762,90,91,57,4
0.2400877516021718,96,96,52,6
2.7746585468395555,98,99,49,6
2.7249722232403553,94,95,50,1
2.1337507655876236,96,97,48,4
2.7413655344950358,98,99,57,6
3.5234672893810703,96,97,41,7
1.8663114964523269,98,99,49,0
3.6679793949556325,98,99,49,2
2.6339720036926089,94,95,45,0
0.1495964404965089,98,99,53,6
4.8263641151856636,96,96,49,3
0.2203737025017001,96,96,45,1
4.7046099196250193,96,97,53,3
0.2084955913109509,94,94,51,6
4.3848937947264721,98,99,46,3
3.9354887314844769,98,99,49,6
2.9456067852327541,98,99,48,7
4.2659338845099111,92,92,46,0
3.8834565059224233,96,96,42,2
2.8962929307317302,88,88,45,1
3.6918134910768186,96,97,56,4
4.6014219623860972,98,99,48,5
2.6157524448128013,94,94,51,2
5.5342111666650178,96,97,51,1
4.2877798204887565,98,99,48,3
0.3379892864089859,96,96,49,5
0.9759828984968196,96,96,48,6
1.4984337344469782,96,96,58,6
2.7285680732109596,96,96,43,3
2.6516596741821434,98,99,50,5
3.0219083050071434,98,99,45,6
4.8213281162920003,96,97,45,7
5.1047089844646427,98,99,56,3
2.6820254322736665,96,97,43,7
0.1704735428212002,96,97,48,4
0.0683572110250492,96,96,40,2
4.5389658333286267,98,98,52,7
2.6767754678498066,98,99,55,6
0.0393832906795462,98,99,58,3
3.5727453385564245,94,94,46,7
5.3908926405880706,98,99,56,7
2.1499316606844414,98,99,47,6
4.6690970819323461,96,97,61,5
0.3738456277107228,96,97,55,7
4.0312988642392025,98,98,53,2
2.0994395625232807,94,95,49,2
4.3540098766583757,92,93,56,0
1.2030698968064597,98,98,51,4
3.0613332074839446,96,97,43,3
1.4370190979803421,96,97,55,3
0.1115283091997410,90,90,52,1
2.9147774392803729,96,96,52,4
4.4835273125139166,98,98,44,1
5.9685272009362240,94,94,43,6
4.4066008015277660,96,96,51,5
4.5421159089496186,96,97,50,6
4.0853883422794786,94,95,50,5
2.5937517088203550,96,97,44,2
3.0631084035001948,98,99,49,6
3.9512337040097303,96,97,61,3
5.7149007600379136,94,95,55,4
3.3793677041146357,94,94,55,6
5.3132567451694914,98,98,55,2
5.4687918186529734,96,97,49,5
3.8271163753507778,96,97,44,4
2.8609569536451476,94,94,41,2
2.8015382640348925,98,99,59,6
2.9818415847648398,92,92,47,3
0.1504554758293771,98,98,51,0
3.4709589814107411,96,97,44,6
3.0089289227472147,96,96,49,1
1.6748349638903992,94,95,42,5
1.8517025292242626,96,97,47,1
1.2049381618144592,96,97,51,5
0.3449348276864595,96,97,52,6
0.9980651998070018,96,97,46,6
1.5799942734078685,98,99,52,7
2.2034224058681358,96,97,59,7
2.5469312671066850,92,92,50,6
4.3160047650091462,98,98,51,4
2.5719617211068249,94,94,52,7
4.4767683184586051,96,97,43,7
1.9604355675817013,96,97,51,7
0.6780660308949527,100,101,62,2
5.0675995153574833,98,99,49,4
1.1184423672629045,98,98,43,6
2.2422932183861786,96,97,43,3
3.2390262933706633,96,97,47,1
6.1719412463575285,98,99,53,2
1.4185947812828092,98,99,44,7
5.3470775322413413,96,96,41,5
0.6348503040413970,96,97,47,1
4.4177064450538968,96,96,45,7
0.1955461622614962,98,99,47,4
1.3695555581089156,94,94,51,2
2.4441278031448248,94,95,47,4
0.2022981400776503,96,97,51,3
2.0351365430021060,96,97,58,0
1.9998228978696397,96,97,64,4
4.1382164298241504,92,93,58,4
1.9060062762615508,98,98,44,3
4.5452431643966635,96,96,51,5
1.8177322958961208,98,98,45,2
4.5615810499411404,98,99,60,1
2.3940440477716782,92,93,43,5
4.6833650884038613,98,99,48,5
5.4367603568253893,96,97,53,5
2.1066735921662914,96,97,39,1
4.8786465488905293,96,96,44,4
3.9184776067124103,98,99,57,2
2.7290811566026858,96,96,49,7
0.9637540201280409,88,89,44,0
1.2897351786401825,100,101,56,4
1.8972951406941245,96,96,48,4
3.1575521937107318,96,97,59,1
5.8756395066613836,100,100,42,6
1.0050069636056229,94,95,45,0
2.0370119042272847,94,95,54,5
1.9713119374834620,94,95,43,4
6.1491622319535670,96,97,49,3
5.8822348122336203,96,97,53,1
5.2391732169580658,96,96,54,2
4.7124191217722045,96,96,47,3
4.0864303479667718,96,97,51,5
4.1596932646730176,98,99,60,3
1.8497251264107746,98,98,45,0
1.5051317441443532,98,98,46,5
3.3038477806105839,96,97,50,4
1.5290607834409999,90,91,45,4
4.1035886042552860,96,97,57,5
2.5908286045718696,96,97,49,5
5.7347618793984001,96,97,56,2
4.9610605863869273,98,99,55,4
4.3807106486510534,98,98,51,0
1.6962346117574263,98,99,57,2
5.7984675520513509,92,93,43,3
2.2605832566562105,98,99,54,5
3.6203721076780635,96,96,54,0
0.0805900398259868,92,93,46,4
2.0354906339665826,98,99,46,5
3.3716154524109356,96,97,48,2
5.6304624505369167,96,97,51,7
5.6287812211202635,100,101,61,7
2.5861764684835484,98,98,44,3
4.2471449388041540,96,97,49,7
6.0235047118976830,98,99,52,1
5.9195019038249823,98,99,45,0
6.0282515093152975,94,94,52,1
0.5625740752392954,96,97,52,4
2.9940711393256123,98,99,47,0
1.6691913245655567,94,95,44,5
2.9956802214917841,98,98,44,3
5.9679769260340017,96,96,43,5
3.8008874187606891,96,96,50,0
6.2771697164825424,96,96,57,7
3.7538299960086379,94,95,41,0
3.5305277899208170,88,89,46,6
5.5498625289345247,96,97,42,4
6.0202612636379857,96,97,41,1
5.6577954191812116,96,97,51,3
1.8433052329984609,96,97,51,1
3.4154100947440336,96,97,59,7
3.8636158094285147,94,94,61,2
3.9956707828961981,96,97,50,4
3.5915729285132669,94,95,47,0
1.9284333900250656,96,97,56,6
1.0325633094617661,96,96,47,5
0.0184459098788931,96,97,50,4
3.4659115230476085,94,95,52,1
1.9278421851024876,96,96,41,1
4.5811345284190121,96,96,48,6
2.3325253322751944,94,95,56,5
4.3263608839177321,96,97,55,1
3.7007704976804803,96,97,58,0
3.3447488284488402,98,99,59,2
2.3232551649369970,96,97,47,7
0.0631832818454940,98,99,55,4
3.5665928412198649,94,94,51,6
0.9770018388018212,94,95,54,1
3.0362882167034320,94,95,54,3
0.2016781062463753,94,94,50,3
3.9921112412148885,96,97,53,5
2.1357884650124235,98,99,53,2
0.2218606865457711,96,97,52,4
2.1818259928701451,98,98,45,0
3.7025213419560368,96,97,52,0
0.3958463202424415,98,98,55,2
2.0224233775521649,96,97,48,2
5.2112006679392282,94,95,53,0
2.7326005854764448,98,99,52,7
2.7820346400211617,98,99,56,1
6.2085885406184902,96,96,43,5
0.7260409059401483,96,96,44,4
0.7958834664544082,96,96,49,3
4.4707307689257805,98,99,52,5
1.9905655094068893,96,96,40,4
3.0719635705073038,94,95,54,3
4.2572225975700215,96,97,52,0
5.4587669588216885,98,99,51,2
0.5588851604629808,96,97,46,2
2.8653515169482326,96,97,60,4
0.5452689784214380,98,99,52,5
0.1823424079293395,96,97,51,5
3.8349931588655028,96,97,51,7
2.5759586749991881,98,98,55,6
5.9529324340147189,98,99,62,7
3.3914186657293994,96,96,54,2
2.5534749934444099,94,95,56,5
3.3145423983394688,96,97,57,5
0.7524836112527568,96,97,50,2
0.0184156397465271,96,97,51,3
5.9988349384414352,96,97,51,7
3.8546053889804290,96,97,52,0
3.7507575539603666,92,93,49,1
5.2402040212555816,94,94,45,2
0.7868982360534522,96,97,45,7
4.4798244001038778,94,95,51,2
3.0838869197994487,96,97,51,3
1.6822999341340283,98,99,58,1
6.2326035356282095,96,97,50,4
5.8048529743071429,96,97,58,2
3.7982700940234366,96,97,53,3
2.4488990207186996,96,96,55,1
0.0571589471186497,96,97,44,0
0.9173622092734233,98,98,43,2
5.5424662747009661,96,97,46,4
0.8438643885119103,98,99,42,3
2.1688503466479077,98,98,44,7
1.6222981660220381,96,97,46,4
0.0308797789252682,96,97,44,2
2.1688151973877368,92,93,42,4
5.0881598878311003,98,99,46,1
5.6227431928208480,94,95,54,3
5.4562231777941266,98,99,47,2
0.5905343716006743,98,98,57,4
2.9798669665537947,94,95,50,3
1.4322462966563392,98,99,53,2
4.1827165041200853,96,96,50,6
2.5186091893422882,94,95,46,1
4.7540467082313453,92,92,44,6
3.8194180709599186,98,99,58,5
5.5759535550925410,96,97,57,7
4.0765176695021514,94,95,50,5
2.2900580898594303,94,95,49,6
4.5220182449304271,96,97,55,3
2.0003484556754367,94,94,48,7
0.5089888137448690,98,99,50,7
0.4314096677295163,98,98,51,4
4.7980646011155397,96,97,52,6
2.1530688273817296,96,97,44,4
1.0584408575149638,98,99,58,1
4.7301085317532152,96,96,45,1
3.9334189217892779,96,97,50,0
6.0262409362251024,98,99,46,5
2.4173983554884289,96,96,49,3
0.7789480779864614,94,95,50,7
1.7683116014222064,96,97,45,1
5.4940944333949631,94,94,45,6
0.4013226935592495,96,97,48,2
6.0994143720821148,94,95,56,7
0.5958455486554539,96,97,45,7
1.7176990916077670,96,96,48,2
0.2116848299235908,96,96,42,2
0.8012997238341606,96,96,44,6
3.5736967086076672,96,97,44,2
2.9530616166160515,96,96,43,7
3.9712806209098135,98,98,45,0
2.6587049547767054,96,96,60,6
4.5996160617019672,96,97,56,6
4.7565356768594640,94,94,51,2
2.3858617847246548,96,96,52,4
1.5588585117534666,96,96,47,7
1.6067891470341658,96,97,44,2
5.2292509188979635,96,96,49,7
2.8967361591590404,94,94,51,0
3.8710586404123979,96,97,40,4
3.8273885060051938,96,97,47,7
3.8911124428250528,98,98,53,0
4.6938771767428102,96,96,47,3
4.1791931894426799,96,97,43,7
3.7645765201711963,92,93,41,7
2.0176589540557677,96,97,50,4
2.8073564201963843,98,99,44,5
1.1007618531226695,98,99,51,6
0.5089143472845857,94,94,44,5
3.7671779754154473,96,97,47,5
0.2420191082677330,98,98,55,2
2.2966471136751694,98,99,58,7
3.6124741532670548,96,96,48,2
0.6837600836411101,96,96,44,0
0.4085984321065948,96,96,50,4
3.8788258062145644,96,97,48,6
3.7536748145856449,94,94,55,2
3.0894551430021528,94,95,58,1
3.7848460451979897,94,94,40,7
1.8286814553847452,94,95,50,5
1.0841369251727739,96,97,55,3
1.5131476813820255,96,97,46,0
5.6622354694379373,96,97,55,7
5.6509454103125263,98,98,52,5
1.8174700151428584,96,96,51,1
4.6047880063608426,96,96,44,0
0.0983155449938710,98,98,52,3
5.7379892887812369,96,97,53,1
2.0659139422948312,92,93,47,1
4.1435290680145869,94,95,56,1
0.1481799363295435,98,99,58,3
4.8310177712649809,94,95,47,6
2.9805759617734306,96,96,49,3
5.6564253423661830,94,95,48,1
2.8735848869578327,92,93,43,5
4.6543901442784845,96,97,45,1
5.8835189107782204,94,94,47,4
2.3114080153375536,96,97,52,2
1.1159791134990840,96,96,45,3
0.7955892380563362,98,98,57,4
2.0698430162692376,96,96,54,0
5.6107498945213390,98,99,53,4
6.1911480758221691,90,91,39,6
1.5336869386752032,94,95,53,6
6.1547695815707275,96,97,56,0
3.6901341411587816,94,95,63,6
4.7963994530596468,98,99,44,5
1.3569162109555342,92,93,45,7
3.2062880403582232,96,96,50,2
3.5686189360189249,94,95,51,4
3.7586432935266796,98,99,55,4
3.6097514767444943,96,96,39,7
0.0388710586648418,96,97,51,3
3.1555138412153934,96,97,48,2
1.1062387862208263,94,95,46,1
4.7984126052101663,98,98,55,2
2.7085152248950086,98,99,46,1
0.6770915583336053,96,97,50,0
4.7232055679976046,92,92,48,4
4.8676766466933783,96,96,60,0
5.2650633312956643,96,97,47,3
5.3689877243610473,96,96,54,4
3.3008766510295482,96,97,48,2
3.6359797455768206,96,97,51,5
1.0445700107019251,92,93,44,2
4.6795687566051001,98,99,50,1
6.0111176047178274,94,95,52,3
4.6177093939299922,98,99,57,2
6.2517905362411668,94,94,53,2
0.6728004819747677,98,99,56,3
0.8747305597436476,92,93,54,0
0.8706562423368948,98,99,51,2
6.0476577375800069,96,97,47,3
3.7987541932558799,98,99,43,0
0.4155427630871599,96,96,47,3
0.9153210449797553,98,99,50,5
3.3486810468998418,96,97,40,0
1.8906984384598808,98,99,52,7
1.0720533951544633,96,97,53,7
2.0886798022200512,94,95,56,7
0.4229618209122190,94,95,47,4
4.3373543168572395,98,99,57,2
1.9190345085790039,98,99,53,0
0.4623640064257096,96,97,57,3
1.6220897606893665,98,99,47,0
4.4611639765907833,98,99,46,3
3.6398137490300027,98,98,48,5
4.7403667381632202,94,95,47,2
5.9664702358849073,96,97,53,5
2.1433512127004275,96,96,51,7
3.3683238181922142,98,99,52,1
0.1647264277980930,96,97,53,1
5.1047412182832010,98,99,51,0
3.3700345878049403,96,97,47,3
2.9492964399456185,98,99,52,1
5.0319811370914280,96,96,50,2
4.3336656691020616,96,96,49,3
3.9362446086907856,96,97,47,7
0.9399072283114200,96,97,42,2
2.5374970438090263,96,97,50,0
1.6126916287445587,96,97,58,2
1.1418671138740681,96,97,46,2
3.9734992756768612,94,94,45,0
3.9560921194912337,96,97,51,1
1.8870184667818395,94,94,45,4
1.5823859557858595,100,101,52,6
4.0490801876869611,92,93,56,2
4.3487084932522455,98,98,46,3
4.2800833255531607,98,99,53,6
5.2086093078434654,98,99,43,0
0.5553579725861841,94,95,44,1
4.0988098689744215,96,97,45,7
0.7167493364875481,96,97,50,4
5.1173409915007886,98,99,57,4
5.0617343913066923,92,92,61,5
5.9324691412635611,98,98,48,7
4.5217943254453399,96,97,55,1
0.0148436422077972,96,97,45,3
1.4625401389886954,92,93,47,7
4.5468905435486073,96,97,49,5
6.1559249093164157,94,95,57,6
0.0608705397088470,96,97,44,0
1.9814762493596612,96,97,50,0
0.2706396718985681,96,96,56,0
5.6130888150000775,98,98,54,7
6.0575067443393582,96,97,49,3
4.7940909753734671,94,95,44,3
1.8036584155695872,94,95,51,6
1.7013097288936687,92,92,44,0
3.7165964335527359,94,95,55,4
2.7184457295144315,98,99,48,5
5.4429453676661419,96,97,48,2
2.2514636358290745,96,96,51,5
5.7722017938135064,98,99,42,3
3.2427093889877137,94,95,57,6
4.6190738957510744,98,98,57,2
5.1334264867310102,98,98,54,1
0.8248688001156773,92,93,49,1
0.7564838095175236,96,97,47,7
5.3659513245751684,96,97,49,5
1.9077922199195074,100,100,48,2
0.9674795504654969,98,99,49,4
4.7410818612816508,96,96,51,3
0.4829219014569122,98,99,54,5
2.5215213661664881,94,95,49,2
1.1028611490777085,100,101,52,0
1.9993993256896556,98,99,47,4
5.0730517271298545,96,96,46,4
4.0686608304213623,90,91,49,4
3.7690683806205314,96,96,47,5
4.8421972813585743,98,98,56,7
4.2288737546329767,96,96,47,7
1.8775942147226974,98,99,60,5
5.2913832991420957,96,97,40,2
3.3879510291896060,98,99,52,7
1.6643071524062831,90,91,42,1
3.0384927128776584,94,95,45,0
5.0160167399135833,96,97,49,3
2.8752704692535072,96,97,47,5
3.2337200338005490,96,96,46,0
6.0025447244262882,98,99,53,2
3.7257904047866770,98,99,53,0
2.0245436515908257,98,98,53,6
2.1416932406593627,94,95,53,0
0.1804817110743490,92,93,41,3
1.0672008589682791,98,99,55,6
1.5299890704770651,92,93,37,1
6.0095789021689106,98,99,44,1
5.2815973987728864,98,99,42,7
5.7627309248932566,96,97,53,7
5.1668843336396000,98,99,59,2
5.1554753914739093,98,98,43,2
2.4941616550601058,92,93,44,2
1.9173439609916694,96,97,47,1
2.7346994239871143,98,99,48,5
1.5710061744673049,96,97,47,7
5.6815135738360167,98,99,46,3
2.8014452535899550,98,98,57,4
0.6098521722309679,94,95,54,7
6.1947641811980390,90,91,46,7
4.0835743133410167,94,94,53,0
2.2800164845130069,98,99,52,7
6.1122335153429699,96,96,44,6
0.5585037467726413,94,95,49,2
6.1093755051961143,96,96,44,6
0.5310457813609548,98,98,49,0
0.9349785058308405,94,94,49,6
1.6658553735118971,96,96,54,6
2.8634525632107595,96,96,51,1
4.4608885623066872,98,99,55,0
4.7679914445221456,96,96,47,3
5.7876058599667903,94,95,53,2
1.8550486548034486,96,97,47,1
2.6984707643027730,92,93,54,2
2.3644107651411654,98,98,57,4
1.4899102258602883,96,96,53,1
2.9903115572621610,96,97,58,2
3.8503006314166961,96,97,60,6
6.1105070878386556,98,98,52,1
0.4345023912020897,94,94,57,2
2.7504788068135086,94,94,47,2
2.7565963383377770,98,99,55,4
0.7277442745036442,96,97,51,1
4.7446596959537937,98,98,48,7
6.0487747062806925,100,100,55,7
2.8994218116965174,98,99,49,2
4.5369360260938389,96,97,46,4
2.5181835963218075,98,98,48,3
2.3225347972116328,98,98,47,6
5.3797531367502556,94,94,42,5
5.4772844321732075,100,101,54,6
1.8956105139370059,96,97,48,2
2.0042128508662533,96,97,47,5
4.3458607939305134,94,94,56,5
2.5523820019512691,94,95,54,1
2.3380160816192808,96,97,47,3
1.8775789597423833,98,99,41,6
3.8673311728857307,96,96,51,7
6.2111011382015340,96,97,58,2
0.7877799456334479,96,97,49,3
0.8479810564501280,94,94,45,0
3.4883747635472857,94,94,55,2
4.8209360089529172,96,97,55,1
5.9183370579957293,98,99,53,4
5.5388615563244601,96,96,59,1
4.6046727518696517,92,93,52,0
4.6081906302872824,96,96,49,1
2.2047964153914235,98,98,59,4
0.3450178493088941,98,99,48,3
5.2022702642623289,96,96,45,5
1.2525479575119602,96,97,43,3
5.1641411037395732,96,97,41,3
6.2404958175602729,96,97,46,0
3.8169157303860701,98,98,50,3
5.2693117031313763,96,97,45,7
2.6246625013363154,96,97,57,3
0.0463640317180819,94,95,47,2
0.5546532327336080,96,96,59,5
4.6568396698614576,96,97,49,7
2.2574361602283082,98,98,43,4
0.8746343950446857,96,96,59,1
0.9094722628431036,96,97,46,4
1.9011910530882767,98,98,51,4
5.4128488116540776,94,94,47,4
4.1144971772497625,98,99,63,4
1.5987299136756179,98,99,54,1
4.6180641222153644,96,97,55,1
4.1552824011612293,96,97,47,1
0.9796201957565607,96,96,53,7
5.9779967269616234,98,99,46,1
1.8644737054144425,96,97,54,6
4.2496821313239286,96,97,44,2
5.6129037774991657,98,99,56,7
2.6468012811926438,98,98,53,2
0.7682540942961599,96,97,48,4
5.7987213789902219,100,101,50,6
3.2221410202328591,98,98,47,4
1.6904070600870806,92,92,54,0
4.9516302467855517,96,96,48,4
6.1953287005364626,98,99,48,1
4.1083440677437970,92,93,50,0
4.8503813566655580,98,99,55,2
3.4837378525951164,98,98,52,7
4.9188432313974397,98,98,48,7
0.9621356037996072,96,96,52,0
0.4570640528679532,92,93,52,4
1.3964815462216960,96,96,45,1
2.7657315274610474,98,99,51,2
4.4247927972993804,98,99,50,5
3.2264186675312283,94,95,49,6
1.2674801251913239,98,99,41,4
0.1627126654892554,90,91,40,5
3.2433519580110648,96,97,62,0
6.1429778917503839,94,95,54,7
2.0228809831379855,96,97,53,5
3.3554136858393004,96,97,49,7
0.8045226551819505,96,97,54,6
5.1374817166673656,94,95,51,2
5.4302749463041664,90,90,52,1
3.1241209358948732,96,97,45,7
3.1045551461354055,94,95,45,6
0.5668787897699098,98,99,56,7
6.2486163979658871,96,97,53,5
6.1449931551249692,98,98,53,4
5.4264014205184159,96,97,52,0
2.4744924253248133,98,98,58,3
3.7891193279845892,100,101,44,0
5.7759291271694000,98,99,48,1
5.2828377187904767,96,97,57,7
6.1484792579497123,94,95,55,4
0.7838958260455726,96,97,42,0
1.0831781128610269,96,97,47,5
0.4299765306452142,98,98,51,2
2.4454989907321947,92,93,49,5
0.8112165167625143,96,97,53,5
3.4736869603821674,94,94,48,3
6.1198205948500117,96,96,49,1
4.4651816456312554,94,95,42,5
4.4720823003712544,96,97,51,5
1.8295067753522802,98,99,51,4
3.3388899291854921,96,97,48,0
3.7201913723583120,94,95,44,7
6.2687279881897524,96,96,55,3
2.1373823012819675,98,98,50,1
5.7036498329137277,98,99,45,4
3.1049806931761861,98,99,47,2
0.5560201296298125,96,97,44,6
1.8006795540940215,94,94,53,6
1.2681226465537123,96,97,61,1
1.6745607310669230,98,99,57,6
1.0427471675073008,96,97,48,4
0.5270155325636229,96,97,48,4
1.3651682661489066,96,97,52,6
2.6906695499725704,98,98,65,2
0.1293227453422901,96,97,42,6
3.4825630120253459,96,96,58,0
3.5003041739422871,96,97,54,6
4.7881467618187843,96,97,50,6
1.8868122712572764,96,97,47,1
3.3005583563692915,94,95,50,1
1.0782614560116692,94,95,44,1
1.2449260565600981,96,96,49,3
4.2440071933359507,98,98,39,4
2.3703815040309482,98,99,44,3
5.1228438446353231,96,96,44,0
1.7845374430486092,96,97,60,2
2.7286881518161512,98,99,58,5
0.7415835021138502,96,96,47,7
1.9727306330833592,98,99,51,4
2.9108188225135505,96,97,50,6
5.0930156046825337,96,96,47,5
1.2410809309354616,94,94,42,5
3.1338630503519824,92,93,45,1
2.6451162162699751,96,97,47,1
0.9305068006269076,94,95,47,4
4.7235294610950662,96,97,49,3
2.3112675039196131,98,98,50,5
3.3424026418814732,96,97,47,3
4.7809854225322415,96,97,52,2
3.9667059828781328,98,99,46,1
3.5720382698342159,96,96,52,0
6.0343604051184272,94,95,52,7
5.6411842931554927,98,99,51,6
0.8631817058952374,96,96,52,4
5.8600685388156082,98,99,49,2
5.6690880617238797,94,95,59,0
6.1053276337262599,98,99,57,4
2.4121349314184894,96,97,52,4
2.4167225186597574,96,97,49,1
2.0428211867174588,96,97,46,4
2.4182780442583325,94,95,39,0
3.8690802865943308,94,94,38,5
4.8259669200311723,98,98,50,1
2.2687739933059454,94,95,52,7
1.7933527715096480,98,99,49,6
1.5661746428478129,98,98,50,5
5.5863356514773317,96,97,44,6
4.5279045079468361,96,96,55,7
5.3460540958739262,96,97,53,5
3.2612178466296400,98,98,49,4
4.6468364779301066,96,96,52,0
2.0435926839963532,98,99,58,3
1.8509763161520152,96,97,53,1
2.5096024503370375,96,97,42,0
5.9813772240874270,98,99,52,5
1.7791341227487887,94,95,44,7
1.6836363072428020,96,96,57,7
2.1557741488327111,96,97,56,6
5.3556110623261697,96,96,44,4
5.4242043925544046,98,99,39,6
1.7236394641612776,96,97,58,6
5.0477325025987714,96,97,52,2
3.7922733539198994,100,101,56,6
2.7949514235920701,96,96,42,2
5.5409942163536439,94,95,48,1
1.9314052734262115,98,99,60,3
5.1474413420899943,96,96,42,6
0.3190112067593142,98,99,53,2
4.7291588852730868,94,94,47,6
3.8869364470610184,98,99,53,2
1.1132991125362139,94,94,49,6
2.8724877190474665,96,97,53,1
0.5405025162389258,96,97,53,3
4.5005985435776310,96,97,51,3
3.8145873899013880,98,98,55,4
5.6797142287582822,94,95,46,1
3.3973480083659160,94,95,45,2
0.4067442723834355,98,99,51,4
1.0318813651255638,98,99,50,1
3.3416591415014745,96,96,50,6
3.1532408243118426,96,96,42,6
2.0224099664673174,96,96,48,6
3.8303788451681577,98,98,54,5
0.8822035668966780,96,97,41,3
4.8000216864759269,96,97,45,3
1.9366358682986768,98,99,48,5
1.0551165360666710,96,97,57,3
0.2259118113945055,98,98,59,2
3.9953466207087480,96,96,48,4
4.5959314036171541,96,96,57,7
4.5198189445573593,98,99,56,1
4.4696630201145719,92,92,53,1
1.1996785256394396,98,98,42,7
1.0039465739485258,92,93,52,4
4.2990476385490037,96,96,50,4
5.7032858262598651,96,96,55,7
0.8197531401079391,96,97,50,2
6.0151365615570969,94,94,46,3
0.4765265055399074,98,99,45,6
1.1886171617205716,96,97,49,1
1.8448316702044205,98,99,54,7
1.2472689560866832,94,95,45,2
5.4240834920944652,96,96,40,6
0.8479320061486748,92,93,55,5
1.7888949003361314,90,90,44,7
0.2740878764228917,94,95,51,6
5.8373600197564262,98,99,55,6
2.1758641341472313,92,93,37,5
1.5473743083729623,94,95,60,5
4.9867990451731306,96,96,45,7
5.8540304349031498,94,95,45,0
4.7594567030779578,96,97,51,1
6.1823550261715043,96,96,54,0
5.2904579392551225,96,97,54,6
3.3617469823657773,96,97,51,7
5.4902796449161135,96,96,47,5
6.1501086831711245,96,97,52,2
2.9399588381442112,96,97,59,5
6.1826239885987606,94,94,48,3
2.6863261646255974,94,95,59,4
2.4970978700383473,98,98,50,3
0.8577956412559128,98,99,52,1
5.6124894276852206,96,96,52,0
2.5169489438087886,94,94,57,4
3.6783216729025656,96,96,40,0
0.5290911021618923,98,99,43,6
3.7716693022203107,96,97,57,1
5.1859675490964978,96,97,56,2
5.2435050203805229,96,96,45,7
3.2645493746008749,98,99,49,6
4.6468644578159548,102,102,47,6
3.2023193906190315,96,97,59,5
5.6530896282168186,94,95,60,5
5.4279898131224966,96,96,51,5
4.3343702420621675,94,94,53,2
3.1954493441010738,94,94,44,3
3.4022869578702957,98,98,62,3
1.0337287682114180,96,97,50,0
3.1275752142380209,96,97,53,1
4.5788944806074872,96,96,52,0
0.7738863492476387,98,98,58,3
0.9093966104078274,96,97,45,5
2.7715975190244935,96,97,40,4
4.6213783630714227,94,95,50,5
2.9802999234754171,96,97,49,3
0.1953798596553422,96,97,53,5
1.7018460923948688,94,94,53,2
3.2558428920174300,98,98,56,3
5.8459921994605946,96,96,44,6
3.2444860536242608,96,97,51,7
3.6653934761675693,96,97,44,4
3.5986312996393051,98,99,60,3
5.0671262744079772,96,96,59,1
1.7460537296544734,94,95,52,1
2.4336107249383216,98,99,48,3
1.5187836789584963,96,97,53,1
3.1320680808504076,96,97,45,5
1.6760887682276429,96,97,59,5
5.5499832064327981,98,99,59,0
3.8445377214799459,96,97,45,7
1.5446606458589192,96,97,45,7
3.1032015706557026,98,99,56,5
5.5246811517048684,98,99,52,3
1.2545309661142439,98,99,51,4
1.0130359622753193,96,96,53,1
1.2047066715571373,96,96,53,3
5.8501255382556385,94,95,52,1
5.2340655902232012,96,96,56,2
2.3668987106969568,94,94,52,5
5.5108314232901989,96,97,54,2
4.3008419012934969,98,98,50,3
3.9745691942769379,96,97,54,4
4.2265553310470265,98,98,51,6
5.5858995551203661,96,97,50,6
4.7803416490691175,96,96,43,1
1.4319689457171398,94,94,41,0
1.5816545945011697,94,95,45,0
2.7707411154558779,96,96,50,0
5.4010007091183150,98,99,52,5
1.2073257152441419,96,97,51,1
6.1784903534754987,98,98,55,0
4.7421402911591874,96,96,52,6
2.8400495800249748,96,96,44,6
4.1727455835465799,98,99,47,6
3.1533917061411243,98,99,49,2
1.2885090177922127,96,97,47,5
5.8533998346548852,94,95,48,3
3.9524190258752689,96,96,54,4
5.8403432240105815,94,94,46,5
5.7546587082585559,96,97,45,1
4.8955212401377572,96,97,49,1
4.2975222696899475,96,96,54,4
3.4791751041725156,96,96,47,7
5.5043572705224202,96,97,49,5
2.9799422182149020,94,95,48,5
1.4669434467804963,96,97,55,5
4.4893699172961012,98,99,51,0
3.4468156042471780,98,99,50,5
0.8415720112671854,94,95,44,7
1.3234646325634649,98,98,60,7
0.0719681752162598,96,97,55,3
1.7868754346537299,94,95,59,2
0.8600040302667115,98,99,43,2
3.5879154310704409,96,96,53,3
3.9368805552817561,96,96,55,1
0.3672512630360331,94,94,36,1
3.9888779934189826,94,95,45,4
3.0882944682555373,94,95,51,2
0.4233234717187921,98,99,53,4
0.3290469545105176,98,98,50,7
4.2027068779382235,96,97,50,6
3.2598824189163964,98,99,55,6
2.2585245301530450,98,98,41,2
4.5591422902984471,98,98,44,1
3.8613168495950432,96,97,49,3
3.0394118043371381,96,97,56,0
1.9821000836445493,96,97,47,7
4.6762230933764828,94,95,47,0
2.0683333960728212,92,93,44,2
5.1828885447805293,96,97,52,4
4.8154829703192172,98,98,54,7
5.1297480228512216,96,97,48,4
1.0665230601124580,94,94,49,4
1.8582250688396746,96,97,54,0
5.3565517438655332,98,99,53,4
3.3339430014207805,96,97,50,0
1.1218783690655192,96,97,53,1
2.9806672094449453,96,97,54,0
1.3297587915884512,94,95,47,2
3.9153251354416727,96,96,51,3
4.5826611042045231,96,97,55,7
0.3390804237135849,98,99,44,3
3.9948696700153166,92,93,52,0
1.4680338021088941,90,91,43,0
5.4951000275207900,96,97,50,0
3.9347440187246043,94,95,45,2
5.8111903103716633,94,95,53,0
2.1337867049555568,96,96,39,5
2.1213580134977543,98,98,53,6
4.9820934456447130,94,95,49,2
1.0288576680942596,92,93,61,5
5.9468383174366739,94,95,45,4
5.5231356633756876,96,96,61,3
4.3934059931383027,96,96,45,5
5.3145815504928473,98,99,46,7
4.2409858539533136,96,96,48,6
3.9237029017460898,98,99,51,6
1.5659919997520617,96,97,54,6
0.0404794042998893,96,96,44,2
5.1167582352589909,96,97,50,6
2.5599643924090452,96,97,50,4
6.0753234531137332,98,99,51,0
1.5924659719786767,96,97,48,2
2.4518534184002729,94,95,53,0
1.8586155055812601,92,93,48,6
6.0177318856793951,96,97,43,5
5.2954173551362897,96,97,51,7
5.4996470745909738,94,95,40,3
0.9969483708149863,98,99,46,7
2.4935034612500599,96,97,56,6
3.5123471192325146,96,97,56,2
1.9351874958695556,96,96,56,4
1.2531045299710706,96,97,51,7
6.2496639744961069,96,97,57,7
2.8281628395606320,94,95,44,1
6.0779021749616184,96,97,46,0
4.0376372363395534,96,97,52,2
1.5493407597146602,98,99,47,2
2.4179508490896997,98,98,57,0
0.1851471733600236,96,97,54,4
0.2083513380985132,96,97,44,4
2.1867835223623313,96,97,35,5
5.6049234788519637,94,94,53,0
6.1629731969591601,98,98,44,7
5.7723219789557652,98,99,56,5
1.7427361816871656,90,91,52,1
3.6070680383470175,94,95,45,2
1.6329022055408122,96,97,43,3
0.8692613902045014,96,97,54,6
1.2135540314233140,92,92,43,7
5.7787474528399221,96,97,52,2
6.0852623676764548,94,95,51,4
4.9618125377718121,98,99,43,6
5.8825808450183974,96,97,47,7
5.1337348486247656,94,94,51,0
4.7025955067392662,98,99,54,5
2.9117239117254301,92,93,44,0
0.7215049850409972,94,95,45,2
5.8497290980576899,96,97,54,2
0.5899861495326447,98,98,50,7
6.1748112494239402,98,99,35,4
4.5213041908570810,96,97,52,4
0.5942308421940127,94,95,54,3
2.2944641035848159,96,97,43,1
3.9718261649298827,96,97,52,6
0.3434185603271152,94,95,52,5
0.5207624843593952,94,95,58,7
2.1337565318861165,94,95,45,0
5.5243318294726240,94,94,50,7
5.3340212288362574,94,95,53,0
2.1942000897377287,96,96,47,3
1.9831691968135676,98,98,48,5
4.4554921068786841,96,97,50,0
0.9125348987529526,96,97,47,1
2.8438732425091686,96,97,46,6
1.3748118726591660,98,99,58,5
0.2695330269685702,96,97,55,1
1.7489947838069779,94,94,52,1
3.7633996999549479,94,94,48,7
5.3418218877632073,96,97,51,5
4.6415500890318970,94,95,48,5
0.2049721109624864,92,93,56,2
2.0525779513370854,98,98,48,5
3.1199239266901513,96,97,54,6
1.3279896923896828,96,97,39,3
3.5798566112351033,96,97,60,6
1.9298755700676462,96,96,48,0
3.4679901189408455,98,99,52,7
2.9096443453567709,98,99,44,3
5.1863256627273824,98,98,46,7
4.3897700457759301,96,96,39,3
2.5878653504190945,96,97,50,2
0.8897719170512506,98,98,47,6
5.0302657561156741,94,95,46,3
3.1091762232532543,98,98,53,0
0.9045117754325380,102,102,55,4
3.7754136149223188,96,96,43,7
1.6167364907064534,96,97,55,3
4.4640135838140900,96,97,49,3
5.4966483801595141,92,93,53,5
1.5830896636122187,96,97,45,1
1.6222926776617930,98,98,42,7
1.8841751413768590,98,98,49,6
5.4382247398814743,96,97,51,3
1.1636354351725033,96,96,52,2
1.2070263954060607,96,97,40,4
2.5951024570619219,96,97,56,4
1.1624881781463836,96,97,53,1
0.8508861743224448,96,97,48,0
2.8204986294363366,94,94,42,5
5.7809290359384162,98,99,54,1
1.5540269195949874,96,97,49,1
1.9389071068105310,96,97,45,3
0.1493846626361356,96,97,55,7
1.7350562899343507,96,96,49,5
0.8355572933725524,90,90,48,5
5.5627265204292167,96,96,57,7
5.9629740298268210,98,99,54,5
2.3347395127705215,96,97,51,7
2.0727585303142457,96,97,50,0
2.7941537020203429,96,96,54,4
2.8477940319933897,98,99,49,0
3.1227794835345946,96,97,44,6
0.2088670336644374,98,98,54,3
3.1631517226010804,98,99,46,3
3.2507906754075755,96,96,48,2
3.0836205451612635,96,96,42,0
0.4071870321810899,94,95,55,0
2.5919311565955816,98,99,55,6
1.6391129514221099,96,97,54,6
5.3170253376637513,92,93,49,7
1.3974754983520465,96,97,50,2
0.9499966440973822,98,99,46,3
5.3494774672101633,94,95,51,4
0.4665743850673683,94,95,52,3
3.6715277808013407,98,98,50,3
3.8144381468443265,98,98,45,6
4.0992864413776893,98,99,47,4
2.9007254355471539,94,94,51,0
0.8599664879074116,96,97,52,6
1.4754151924553283,98,98,62,1
3.5576113836195371,96,96,53,1
3.3978864716294654,94,95,51,4
0.7649646020638615,98,99,58,3
0.0543256090111429,92,93,42,2
4.2624765299055394,96,97,55,3
3.9182597130054182,96,96,46,2
4.4324091100211076,98,98,53,4
4.8400763245342588,94,95,47,6
6.2459856696157914,90,91,47,2
0.3624542339973610,98,98,51,0
0.1281081323995300,98,99,48,1
1.9055841999698651,96,97,59,7
4.2501352911314170,96,97,52,4
1.1270050804148004,96,97,57,7
1.9387643969569173,96,97,52,6
3.3803918069078458,96,96,52,6
2.2903926620925112,96,97,49,3
2.9162778809222725,98,99,47,0
1.2175413928409256,96,97,51,5
2.6537709799192104,96,97,54,6
2.2593209441611699,92,93,38,6
2.8915841595524667,96,97,47,1
4.7389519562133806,94,95,42,5
2.9566860583167891,96,96,45,7
1.4292848292455014,94,95,52,7
2.9288056669902369,96,97,46,6
0.8099301754582823,96,96,58,2
5.9935066721792305,96,96,62,4
3.1272721394238059,94,95,48,1
1.9446926926900434,94,95,50,5
5.5543497085151046,98,98,43,6
0.5691608907187132,98,99,47,2
2.3086248450354176,98,98,56,3
4.8465788197694577,96,96,50,4
1.0347812232699463,96,97,49,3
3.9855162665237227,92,92,42,4
0.1084354293926395,96,97,46,2
5.4785818321537496,96,96,51,1
0.5563177809065444,96,97,51,5
2.6543328453102260,96,97,51,7
4.0057599975692479,94,95,52,3
1.3965383697109013,98,98,47,6
0.2727401082201628,96,97,46,6
2.5134056011944557,96,96,48,6
3.3307214744924911,94,95,47,4
1.8245725169848741,96,96,52,4
4.8534491784272813,96,97,50,4
1.6366450563618049,98,99,48,3
1.2460702438043745,96,97,57,7
2.7957887671313664,98,99,50,3
4.4335956592685468,96,97,46,4
3.2407986697357698,96,96,51,1
2.3512215267080894,98,98,49,4
4.4254984728129729,96,97,44,6
0.6353496426209870,98,99,45,4
5.6368120431891482,96,97,51,1
5.8795093589420304,98,99,47,6
0.5098626469982713,94,95,44,5
5.8564949362065626,98,98,52,5
4.7204048493715147,96,96,53,5
0.3278797936526232,96,97,52,6
2.5563655135963885,96,97,45,7
1.5995959611138635,96,97,46,6
2.6571834924159594,96,97,47,7
3.2149012855848085,90,90,41,0
4.5158078195555467,94,94,51,4
0.0070151397836980,96,96,51,1
1.8835746282806074,94,95,55,6
4.9524901468281799,96,97,42,6
2.9207560049081676,96,97,56,2
3.3407410585305142,96,96,44,2
3.9178644270928915,96,97,51,7
2.6398978951865724,96,96,49,5
5.2629360762292112,96,97,48,2
0.0179714802976057,98,99,50,7
3.7427703706104523,94,95,44,3
4.4517430288606805,98,98,57,2
4.5566725139556601,96,97,42,0
3.7258006126936687,98,99,54,5
0.7327474722386959,98,99,50,1
5.5597399542673402,96,97,53,3
2.0758416849862291,94,94,49,6
5.3572230279064668,98,98,52,7
0.6826372677072661,96,97,52,2
1.4667167111068844,94,94,50,3
4.2814289402037238,98,98,53,4
0.0798306872103381,98,99,48,7
5.1248058483195642,98,99,53,2
3.8071282663890758,98,99,49,0
3.9097847466054749,96,96,54,6
4.7255778734032221,94,94,53,0
5.9925051328046406,92,93,53,5
0.6255532251652413,92,93,40,4
0.7487430392668415,96,96,52,2
0.0260030472650256,94,94,48,7
4.5453381088259368,98,99,53,6
5.0935429432643504,96,97,51,7
2.8502066549653886,92,92,53,3
5.0774470851996822,98,98,47,6
4.2220693388046611,96,97,52,4
1.3193162720444356,94,95,52,7
2.0982920416848212,98,99,56,5
1.0069514927618850,98,99,52,7
0.5888886386081454,96,97,52,0
1.2793745090046880,94,95,53,6
4.5246384827234172,94,95,52,3
1.6924718038205315,96,97,39,5
3.4343489408849535,94,94,47,2
2.3057058916635400,94,95,50,7
2.1314356872547213,96,96,51,1
3.9122253871828363,94,95,38,1
4.2740761158401126,96,97,51,5
4.4887711623305382,96,97,58,0
1.0471827603893005,96,96,45,3
5.0301675816812121,98,98,57,2
3.3330397879476408,96,96,51,7
5.0605886242104514,96,97,50,6
2.3865707104611258,96,96,47,1
3.3887476407177437,94,95,47,0
5.7825627693209851,98,99,50,3
6.2458538097711740,96,97,53,1
0.4189684176932010,96,96,60,6
3.3796991497354272,96,97,48,6
4.0472445026590780,94,95,52,3
1.6904563265158854,96,96,53,1
3.5028339450082133,96,97,52,6
5.7109362297948731,98,99,50,1
4.6870551650880357,94,95,51,6
1.8211132161390877,98,99,44,5
0.1272141282015198,94,95,52,5
2.6268447797672274,96,97,51,5
5.7118369758013197,94,95,57,0
4.3006983863094925,98,99,50,5
4.5627555619236677,98,99,54,3
4.6197830183473876,96,96,43,1
4.9266000805452048,96,97,63,3
1.1581391994731178,92,92,53,1
0.4445667676055933,96,97,54,6
4.5387732476496332,96,97,56,4
5.6860218450721876,96,97,48,0
5.6937206976249968,96,97,50,4
3.9184601990536430,96,97,47,3
0.0179550250783432,98,99,52,3
3.7732005960131074,96,96,46,0
3.7309995776043086,96,97,51,1
2.3484732973563505,96,96,49,7
4.9393399699748217,98,98,54,3
4.9888431934436692,96,97,57,3
4.0451123400600695,96,96,49,1
3.8162382765684599,96,97,42,4
0.4569507016694000,92,93,54,4
0.0200893850295006,94,94,48,3
1.3896757208602226,98,99,60,5
5.7101680371620889,98,98,50,5
5.3372127272343581,98,99,53,4
5.7191549403757280,98,98,47,6
2.7268271169758669,94,95,50,1
6.0254527583321424,94,95,45,0
1.9657111398147706,98,99,53,4
3.1958200656036175,96,96,38,0
2.2164303559293868,96,97,47,7
2.3033655766881913,94,95,53,6
4.9785396898421217,94,94,52,7
2.3546636963511829,94,94,54,5
4.1734538400705992,98,99,58,1
3.3242572973789559,96,97,42,4
5.0849413268449872,96,96,60,2
6.2428747208036475,98,98,54,3
5.5199178553504433,96,97,43,1
4.2633670722275063,100,101,48,2
4.7566552075311694,100,101,48,2
4.8063777896151416,96,96,50,4
3.7326938158909977,96,97,51,1
5.8908938680333804,96,97,43,1
4.7206207288949518,92,93,58,0
1.8749190573278440,96,97,52,6
0.1022090321306407,96,96,44,6
0.8648741557481515,92,93,53,1
3.3182028968977448,98,98,55,4
2.8653862902475984,98,98,52,3
5.9504211472917952,98,99,55,4
1.3198640457553630,100,101,51,1
0.9663106820379577,96,96,45,7
1.3508888617500074,98,99,45,0
6.0845422786474739,92,93,40,6
1.6263929797320329,96,97,57,1
3.9311456600750994,98,99,56,7
4.4063005458727407,98,99,48,3
1.8408343071109119,96,97,49,7
4.3114595460486953,94,94,48,5
4.8541433501248763,96,96,47,5
5.2969764647438788,94,95,46,7
3.9357020186390992,98,98,60,7
5.3439306807968086,96,97,52,2
2.4956156153719742,94,95,42,5
0.4951630952434390,94,94,60,5
3.8027962701798490,94,95,40,7
3.3218079666592804,98,99,40,5
5.5180348692449313,94,95,48,3
4.9824923881402263,98,99,53,2
2.4743975393701074,96,97,45,5
5.9836191949506148,94,94,50,7
2.7093070437914664,96,96,56,2
2.8055992239635112,98,98,45,6
1.9322503670856814,96,97,55,7
0.2833031545867180,94,94,43,4
0.0805761742531671,96,97,45,5
0.2934538068907951,98,99,54,7
3.1623757745114731,96,96,59,3
5.5343572328050099,98,99,50,1
1.4981137959569280,96,97,61,7
5.9143940123843857,96,96,51,5
2.5509909953417655,96,96,48,6
1.0829319993679432,94,95,48,1
1.9490592394338015,94,94,39,4
1.8903178839874963,96,96,51,7
2.7115864614109557,98,99,51,0
3.5460942452746558,96,96,45,5
0.1948832419341970,94,95,45,0
1.2107510136776301,98,99,49,0
5.1274268933258584,96,96,39,3
5.8162086264994910,96,96,49,3
1.9087783727717229,96,97,45,3
5.1785193217351182,98,99,50,3
1.0517439068087138,92,92,50,4
1.6215378000256024,96,96,51,5
2.4732753999435348,94,94,47,0
0.0670815921801258,94,95,42,1
5.2017848188509612,100,100,54,6
4.6065282079665613,94,94,44,7
0.4601839194089080,96,96,41,1
6.0659388019336955,98,98,56,7
3.0484232380150607,96,96,54,4
3.6986588568612202,96,97,41,7
5.6827283358954714,92,92,43,7
3.5805945992608494,96,96,43,7
2.4777076724479961,94,94,60,7
5.8846711866522270,92,93,52,4
0.2278251329781580,98,99,54,3
2.2805993388973014,96,97,41,5
2.4659785541746890,96,97,50,6
3.8487479412635870,96,97,50,2
0.0804583745794279,92,93,51,1
2.0812110944717745,98,99,50,5
4.4892816784201690,94,95,50,7
5.0745740092549196,98,99,43,0
6.1032353198662470,96,97,46,2
1.5187506922593759,96,96,49,3
5.2997242816438108,100,101,43,3
0.5566023024786907,96,96,51,1
1.4651102410511230,96,96,60,4
0.2777004606716602,98,99,48,5
1.6941735946782128,98,99,39,4
0.9123547584758190,94,95,47,0
0.6778766250332395,98,99,51,6
1.8030266704706508,98,98,49,6
3.1700378499660316,96,97,57,1
1.8783787554563764,94,95,47,6
0.6516250070558901,98,99,52,3
2.9530578765345910,96,97,55,5
3.8443025116810445,98,98,53,6
1.6811736303628917,98,99,45,6
3.3658337734207380,96,97,49,5
1.9067027706140667,96,97,53,7
3.3805183741940659,98,99,50,1
5.1595995408934616,94,94,39,4
3.8292289951325875,94,95,46,3
2.5134195326946260,96,96,60,0
0.4692447704584994,98,98,50,1
3.2880797338263381,96,96,44,2
2.1861583944696985,96,96,52,4
1.8872140117871039,98,99,50,3
6.2118117715819272,88,88,52,4
6.0078259538580445,92,92,51,7
2.8713725075366598,98,99,50,7
4.6344466692245527,94,94,44,1
6.1623827610638395,96,96,55,7
2.6055009733305674,96,97,51,3
3.3771196568496311,96,97,44,6
4.3181823971457129,98,99,51,6
5.5886746643526140,94,95,55,4
5.9923131804988490,98,99,53,0
1.5383210710271515,96,97,49,1
5.3579534473691091,96,97,47,1
4.5110711044350769,96,96,49,1
1.0693411703698552,96,97,54,4
5.7580092927528508,96,96,54,6
3.0585900020688723,98,99,45,2
1.0264172657441240,98,98,46,5
3.1281479815191795,94,94,52,3
3.7466447411808570,96,96,42,0
4.7051477453959025,98,99,53,2
6.0754023003233071,96,97,48,6
3.5624461453622120,98,98,53,6
5.3102884005497879,96,97,44,2
0.4273720942024894,98,98,46,1
5.5372249517651886,98,98,52,3
1.0661063534974904,96,97,51,7
4.9496372235378860,90,90,35,2
4.5994991239001841,94,94,54,1
1.7195406849057209,94,94,42,3
1.5760663908125827,96,97,55,5
0.0275496741499824,96,96,49,3
0.2500574539219000,96,96,56,6
1.8452471628978362,98,99,59,6
1.6749587104659891,98,99,51,6
4.1222576139643961,98,99,51,4
0.4844319541083230,96,97,48,4
0.0746128061556923,98,99,47,6
1.0907065828982705,96,96,45,7
0.9485165138840714,98,99,57,2
1.3473250239298673,98,99,52,3
2.5549370936451599,96,96,48,2
5.4170195670268919,96,97,55,3
0.6880799480428610,98,99,52,7
2.3605045738611001,94,95,54,7
2.7155563903250499,98,98,61,4
5.5715469320123789,98,98,52,5
0.0934217860694903,98,98,48,7
0.9845011862308455,96,97,48,6
0.4380792687628546,94,94,42,3
5.3200136254636146,98,98,53,4
0.1597245235094542,98,98,52,5
3.0297073129936885,98,99,55,2
3.4951051688760804,98,98,52,5
0.5508934681116674,100,101,59,3
1.6107788193908845,96,97,58,0
4.0238519161958095,92,93,55,5
0.2657454419520102,98,99,50,7
0.4851652435168906,98,99,47,6
5.6903380916888713,94,95,49,0
1.5134783235817446,98,99,51,2
5.9753366185016263,96,96,58,4
2.3434541180492152,98,99,45,2
5.5140319315806430,98,98,48,7
4.9595070369778345,90,90,44,1
0.7686639190155075,94,95,48,7
6.2020371587254788,92,92,46,0
3.8736278951378402,94,95,57,0
1.3052455934152825,104,105,57,5
0.9268316225836905,96,97,41,1
3.8801236139451101,98,99,47,0
4.4449783637386844,98,99,51,2
1.8991758866810227,96,97,51,5
1.6598895349452074,98,98,55,6
2.8476102180003804,94,95,60,7
4.9924002149978897,98,99,46,5
1.4022620267333590,96,97,51,7
5.7984281862506872,98,98,56,1
1.6363399325452179,96,97,54,6
0.3198991719745056,96,97,48,0
1.8098466266674258,98,98,46,7
0.0293683795249600,92,92,60,2
3.1056408893923702,94,95,42,1
4.5329313025749025,96,96,54,4
6.0829576776856724,94,95,47,6
2.1714890132268372,94,95,52,7
1.5542033425527833,96,97,50,0
5.6192145301374472,98,99,52,3
4.0073460169011907,92,93,48,2
3.5701529593624204,94,95,53,6
1.6203781426619885,96,97,56,4
5.2813652237347011,96,96,40,4
6.1798137348896933,98,99,44,7
4.1777095762159542,96,97,45,5
5.6206112851806180,96,96,43,5
0.2968179285746031,96,97,47,1
4.5832535356854365,98,98,49,6
2.8948120936437234,96,97,40,0
2.8392728591212326,98,99,44,1
0.0227233198975611,96,97,53,3
1.1966119382750189,94,95,52,7
1.4141083143109487,96,96,56,2
2.3291315915593418,98,98,63,6
3.9218601133035818,98,99,45,0
5.8260036963773105,96,97,54,0
0.7386515101800422,96,96,40,2
4.2166276848831066,94,95,44,5
4.6199349011452577,98,99,51,4
0.5557619444887244,94,95,51,6
6.0531457058912350,96,96,46,2
5.2910450566914617,98,99,58,1
0.7265058758227410,94,94,44,7
6.0039514301603196,98,99,43,4
1.2513224184333236,98,99,59,0
2.5180861738912532,98,99,54,5
0.6799460330432817,96,97,46,2
4.9363419094234997,96,97,48,4
1.9889095403460031,98,99,55,4
1.6196168282808221,94,94,48,5
3.2364073747377655,96,97,48,2
4.2061527295190286,98,99,53,0
2.7727861588852534,96,96,54,2
0.9592008095045823,94,95,44,5
0.4285949601701449,96,96,46,2
5.3838765363682599,96,97,55,7
4.4168872338643572,98,99,44,7
4.0598108677842610,92,93,54,0
5.7751203537199256,96,97,52,6
5.9342793990301415,94,95,52,1
3.1666354686439022,98,99,50,3
5.8149063551367739,94,95,41,0
2.9614010830582536,94,95,56,7
2.4881904413752101,94,95,49,0
3.8057339664366276,96,97,48,0
2.0736412067849783,94,94,49,0
2.8162231076022697,96,97,62,0
3.6989318125132025,98,99,51,6
4.5847405556532941,96,97,50,2
2.0361090640643802,94,94,46,5
6.2273966174664519,96,97,57,5
3.0669388546613008,94,95,51,4
5.4318231645846975,96,97,57,3
4.0143715774841464,96,97,54,2
4.5624189656530598,98,98,56,5
1.8734673260131387,96,97,45,1
1.9364571239999111,98,98,42,5
5.3428840320076452,96,97,55,5
1.0967806442281949,96,97,51,5
1.1483335857296557,98,98,48,5
4.9569382962622957,96,97,41,3
4.6448037969593221,92,93,40,2
2.0716204246982999,96,97,49,3
0.7268114111140407,96,97,52,6
6.0057923083174405,96,97,54,2
3.8357156465110767,98,99,53,0
3.5953470909084295,96,97,46,4
5.8438277304358168,96,97,44,4
5.3389764194413454,96,97,47,3
3.2705967654523209,100,101,49,5
3.2897016598994906,96,97,59,3
4.7723106518185254,96,97,50,2
0.7498954957288572,96,97,50,6
0.1741466635850124,94,95,48,1
4.6268589908811313,98,98,54,3
4.7451476612086037,96,97,43,5
1.2851415751959878,96,97,52,4
3.6805490372240803,96,97,53,3
2.7389527183397062,98,99,47,2
2.1271130774638114,96,97,40,2
1.6397038366867633,94,95,48,5
0.0189658916218540,96,97,48,0
2.6796703409950076,98,98,61,4
0.6405902158527252,96,97,47,5
3.5403543776326272,94,95,47,4
1.5866531926494027,96,96,47,5
2.5973873595838328,98,99,47,2
3.8528129048457913,96,97,53,1
3.0120557069361169,96,97,52,2
0.2842614961053794,98,99,53,0
3.5155394177101158,96,97,45,1
5.4454763487769711,98,99,39,4
3.4953268447125527,94,95,52,7
4.2068702809117413,96,97,46,6
0.4188461164128908,92,92,44,2
0.5280278715813713,94,94,42,1
2.8636325664225359,98,98,44,5
2.1032821584717181,94,94,51,2
0.4010695919073163,96,96,43,7
0.3569764883992821,94,94,43,4
4.1719971768728072,92,92,49,1
2.3374475342548360,94,94,46,7
5.2631575593186986,96,97,50,4
5.3858871429809874,96,97,53,3
3.9486095600610609,96,97,57,5
5.2128914911266042,96,97,48,6
6.1696051701436607,96,97,55,1
4.0670799923946923,94,94,55,2
3.5259170422265078,96,97,49,1
2.4418241964294443,94,94,47,0
4.2049020996783346,100,100,48,6
4.4224377551627434,96,96,64,4
1.6725454695846296,94,94,41,2
5.1803778340096001,94,95,37,6
4.9351066887690749,96,97,46,4
4.8643322870706838,94,95,52,7
2.6414518864242127,98,98,56,7
0.5914952084757286,92,93,48,6
0.6577271928261845,96,97,50,2
4.9610269373547906,96,96,54,2
0.2358653027402854,98,99,53,2
5.3482199450934811,98,98,47,2
2.2507748425317806,86,87,33,6
3.7641767918362072,94,95,47,6
4.4593243157524149,94,95,51,2
1.8347255341750044,96,96,40,2
6.2104432606276569,98,98,49,0
1.0916171778672761,96,97,46,4
3.5266868524590027,94,94,55,6
6.1225534380343989,90,90,54,1
0.4737624672845129,96,97,44,2
2.9587110482942705,96,97,50,0
1.3271502650039542,96,97,62,0
0.3438482406958978,98,98,45,4
2.9673767491511560,96,96,50,6
2.9443991820948132,94,94,53,6
3.4105018332369035,98,99,46,7
0.4905612332728385,92,92,55,5
0.7857095379145638,98,99,43,2
5.0587479010433576,98,98,56,5
3.8045998132536067,94,95,47,2
6.0793625701182261,94,95,40,7
4.3857350805315916,94,95,49,4
4.4408639720295975,96,96,39,5
3.2829545229208756,96,96,56,6
4.0423368438030529,96,96,46,4
2.1736286490587147,96,97,53,5
5.9679616282619543,96,96,45,7
1.5492283913231317,96,96,48,0
5.1607843665097137,96,97,54,0
2.8715626204175231,96,96,59,5
5.3267856511871274,96,97,49,5
5.3809097571548845,96,96,48,0
3.5063635887960207,98,98,51,4
2.4212424063057538,96,97,49,7
2.7837178715325686,98,98,60,1
0.2141873616243754,98,99,52,3
2.2897861410632854,96,97,44,6
2.8741168207197179,96,96,42,2
2.6841082216014835,96,97,43,3
0.9960287569301469,96,96,50,4
5.5211629549020076,92,93,54,0
1.6733768953469237,98,98,41,4
3.2563637322636274,98,99,56,1
4.6299489263568203,96,96,43,3
1.7326964211639619,96,96,48,4
3.1552367495828118,94,94,51,4
5.4384814287867176,96,97,39,7
1.2899921171192466,94,95,53,6
3.9442942073236207,94,95,49,4
5.9247052026920519,92,93,53,3
5.5741573001518718,96,96,57,3
5.4042834807955966,96,97,42,0
1.9547211199609318,98,99,44,3
2.3480137617401264,94,95,46,1
3.1644473205356749,94,95,47,6
0.1434476690629737,96,97,62,6
3.7626652342222289,92,93,51,1
0.1231037817646369,96,97,45,3
0.8946378428998357,98,99,50,3
0.4771805757721103,96,97,47,7
4.6749777768168883,96,96,50,0
1.6257326508629113,98,98,54,5
2.3950921259557796,98,98,38,7
5.9481824809047579,96,97,54,0
1.4254732459847508,96,97,49,1
3.1507294954166034,98,99,45,4
3.8416943827678032,94,95,52,1
5.2705209587738713,96,97,45,1
4.9328621280563585,98,99,59,0
2.1194855576311857,96,97,52,4
0.1714082858043753,88,89,49,5
1.7572783663310949,96,97,51,3
1.2889710593256984,96,96,50,2
3.1208907109490913,98,99,59,2
5.6743152358258175,98,99,53,0
5.0854132876963822,98,99,54,5
6.0078921595792538,96,97,53,7
4.8329418866772933,94,94,50,5
0.1966170709746428,98,99,59,2
6.0590030519782818,94,94,44,1
5.0094998072958505,98,99,37,2
5.0003046501256589,88,89,51,3
0.1832439733553004,96,97,48,2
0.5412020992379308,98,98,47,0
4.2684304435989571,96,97,49,1
2.0175420449549870,98,98,56,5
3.8083735279153084,94,95,48,7
0.4982978908359746,94,94,50,3
5.0313971487026370,96,96,48,6
0.1208994744329233,96,97,54,2
5.3510120350135804,96,97,49,7
2.2020076172245369,92,93,45,1
3.3315529908346750,96,97,44,4
3.8818126247970954,98,99,46,7
4.5851264248295891,96,96,52,6
0.0743901827354246,94,95,41,2
4.4363986323085998,96,97,52,6
0.8479718618352311,98,98,47,2
5.7341362657526238,98,99,54,7
6.2548251388400287,96,96,41,3
2.8190148443203986,94,94,54,7
6.1180874258483087,96,96,42,2
2.8803010584013844,94,94,45,4
1.7922486651735248,98,98,37,0
2.9010160582054447,96,96,45,3
2.5356997129870331,94,94,51,4
1.0238817420273316,98,98,48,1
1.5381030568141840,96,97,55,5
1.0780804926387333,94,95,48,5
1.4824557651140808,96,96,46,6
3.9924907966565639,98,98,49,4
1.1355199412104715,96,97,49,1
3.1201007865966255,98,99,57,0
4.7275178791090875,96,97,45,3
4.5733130283356536,94,95,43,0
1.8184744223044125,98,99,55,6
3.9568344178767396,100,101,49,5
6.1933819633611291,94,95,57,4
4.8824666624328810,92,93,45,7
2.3342172288749379,94,95,53,2
0.3497415742461442,96,97,51,1
0.1313407612826745,98,98,49,4
2.5062155904948025,96,97,53,3
4.7458282841070627,96,96,50,2
0.7684789074544239,96,97,58,0
2.8839505366323972,96,96,49,5
3.1272859984193819,96,97,48,6
0.6639041615294222,98,99,53,0
4.4247483355021382,94,95,47,4
5.1193617972486845,98,99,65,0
5.0675001243825042,96,97,51,3
3.2003407041034269,96,96,49,5
3.7531096873008871,94,95,41,6
1.3879051479082751,96,97,56,0
0.8799295624936745,98,98,51,4
2.4536298336916467,90,91,52,5
6.0145363647399437,98,99,50,5
4.4118043088665253,96,97,52,4
1.8824246937263018,98,99,55,4
2.1065695399500814,94,95,51,6
5.5786696772595548,96,97,61,5
0.9374383283792700,90,91,34,5
0.2766089314319297,102,103,59,2
5.7736326435861027,96,97,43,1
5.9113880658279969,96,97,39,5
5.2627554958857541,96,97,58,0
2.9843321219819510,96,97,50,4
2.7799501300429603,94,95,56,3
2.6961483933882318,98,98,47,0
5.1292329542218926,92,92,43,3
2.8404178709344570,94,94,48,7
2.7026274855847117,98,98,51,0
1.9712389624165800,96,97,50,6
3.2485235596424915,94,95,51,0
2.8385347092275062,98,99,51,6
2.9484594535837734,96,97,52,4
1.4145168808782158,94,94,59,0
2.1360795986512446,98,98,54,3
6.2055591517785578,98,99,48,3
2.4092425262677062,94,94,55,0
5.2874678434380886,98,99,39,0
5.8932760334529970,98,98,50,5
0.7243809195876109,96,97,47,7
1.0906884244960904,96,96,54,2
5.2886327175035035,98,99,46,3
3.1179964276972507,96,97,49,3
3.9823185518083175,92,92,42,2
0.7530036726415722,92,93,56,4
5.4538059446845804,96,96,43,7
5.7414312124333309,96,97,55,1
5.9593350561592855,94,95,45,4
2.5537191112912558,96,96,56,6
2.1251128874069161,94,94,55,4
4.4989281923719595,92,93,46,6
4.9995797139392391,98,98,43,6
4.0760208780936189,94,95,46,1
6.1393296151777479,96,97,50,6
2.8140159665816631,96,97,57,3
2.3752964665193499,96,97,52,2
3.6798229100184447,96,96,48,6
3.6837059450376799,96,96,50,6
0.4219898147636817,96,97,54,4
3.7849886605727385,96,97,55,7
2.3189677018623973,96,96,48,2
5.0168521838828770,98,98,52,3
3.8184264779272157,92,92,50,2
0.8710562385180824,96,97,40,0
1.7782464471536921,92,92,43,1
2.9076823092101329,94,95,46,5
3.6736212301694922,94,95,53,4
0.0176584074597420,94,95,48,1
2.6156648643067126,94,95,51,2
3.2017968693247800,96,97,50,2
5.4022526734601231,96,96,63,1
2.2173820235420907,96,97,56,0
2.6288054212897265,96,97,60,6
2.0117599725833775,98,99,50,1
2.5664107458122811,96,97,55,1
4.0487650183312898,90,90,45,2
5.5081034258699200,96,96,57,1
2.6855997710335129,98,98,50,3
4.6079361721090217,96,97,58,6
3.5290123796787656,98,98,44,3
2.6738299580690037,90,91,42,3
0.6146571767278536,96,97,55,1
4.2734474194142251,96,97,51,1
1.9090543164980709,96,97,45,3
4.4662069261021102,96,97,61,3
1.3731047395549540,98,98,46,3
5.9083143361382504,98,99,52,5
5.8557585474885459,96,97,40,4
1.4819582118054149,94,95,51,6
3.6163916859732419,96,97,55,5
1.6651772239163112,96,96,44,6
5.5386654572947194,96,96,51,5
1.6826211336809909,98,99,59,2
6.0896751014633868,96,97,46,0
1.7210497448212922,96,97,47,5
2.0564031025671441,94,94,42,3
5.5289454170148407,96,97,46,4
0.9399186460075486,98,99,53,2
5.0541748065344088,96,97,54,2
0.4935991219352281,98,98,58,1
0.2680466820204770,94,95,47,2
4.6718167955294074,94,95,47,4
1.7045883930288459,94,94,48,7
3.4701629409291894,98,99,50,5
1.7068168119642169,96,96,42,6
4.4292692717941620,96,96,50,2
5.5408832385299869,94,95,50,5
3.6153003600843587,94,94,53,2
3.2488716129516919,98,98,56,3
3.4019266449395604,94,95,50,7
3.1156035947770513,92,93,53,1
3.8564939450071547,96,97,48,6
5.9309036708232501,98,99,50,3
3.4918982064655721,98,99,58,1
2.2514550632990979,96,96,47,3
2.6487281355123478,98,99,47,4
0.3644118879306675,98,98,50,1
5.7002894994677957,96,97,48,4
5.9698267707212285,90,90,47,2
5.6282796043130396,96,97,55,1
2.7985504931868412,96,96,47,5
2.3114389521273142,100,101,54,6
1.4481038537408404,96,97,51,3
0.1204190297318883,96,97,50,6
6.1385133385090880,98,99,58,1
5.1492348391850280,94,95,48,7
1.4383290939357731,94,94,42,3
5.7548787600542459,94,95,59,2
5.6300787735332767,96,97,50,6
0.9930177739570188,96,97,57,3
2.4867786106258811,96,97,42,6
1.9788600920948087,94,94,49,4
4.8678037692089822,98,99,50,7
0.1492310454858650,98,99,61,4
4.0727386587970891,96,97,48,2
6.0930646839064924,98,99,43,4
3.3814088709595369,98,99,48,3
1.3259159216065066,96,96,49,7
2.3833589302519536,98,98,55,4
0.8396844026462523,98,98,55,4
5.4066707115566510,98,99,51,6
5.4942316711293921,98,99,46,1
5.1521480257511110,94,94,56,1
3.2265570956718994,98,98,47,2
1.5252842035873428,96,97,54,6
0.8041483747163278,96,97,52,0
4.3332380388648808,92,92,50,6
1.8229098315019738,98,99,49,2
3.3861190056472590,98,99,48,7
5.4792074356405456,96,96,42,6
4.6920776901949344,96,97,45,5
0.6498245070154473,94,94,54,3
4.7403128143546684,96,96,47,1
6.1845562578102271,98,99,61,0
4.1128538397534733,94,94,52,1
1.9514672651828371,96,97,50,0
0.0541368755073784,96,97,39,7
5.3218275267325019,98,99,51,4
2.7563112512549548,94,94,40,7
5.9999976486750226,98,99,53,4
1.7907150768087485,98,99,48,3
1.5948163746041926,92,92,54,2
3.7332450638105485,98,99,52,1
1.3570312457080975,100,101,56,6
1.2069088194998330,96,96,42,6
0.6119824494339068,96,96,54,6
1.7023449180244759,96,96,51,5
4.9139065645165019,96,97,48,4
4.8677738558608645,98,98,46,1
6.1177077293461171,98,98,51,0
2.3962089576269472,96,96,42,2
2.5319081649316963,96,97,51,7
1.8474606694016338,92,93,54,4
4.9028824777276689,96,97,49,5
5.6981782898725575,102,103,58,5
5.9996583707058502,96,96,46,0
2.5450772184500989,94,95,43,6
1.2195614762033318,98,98,52,1
2.8524584929052748,92,92,52,0
0.8073920858405872,98,98,44,5
3.7956734767649132,96,97,44,6
0.0945676500888845,98,98,51,2
3.5663775044062560,98,98,46,3
4.2627397701869558,96,96,55,3
1.4010058360689053,96,96,43,3
5.0042952052388729,94,94,47,0
1.1839240694254918,88,88,50,0
3.0113168415021576,96,97,51,1
1.9012760660833978,94,94,49,6
2.8600356642507685,96,97,53,5
5.3482716576920719,98,98,49,4
0.7824778268138946,98,99,51,4
1.7286081400908511,94,95,45,0
5.5546095215349585,96,96,45,5
4.0329892523327766,94,95,49,4
1.7537687834360365,96,97,50,0
2.2422605768587180,96,97,51,5
0.3424411261813939,96,97,61,3
5.8021245819798883,94,95,49,0
1.3164734344155931,98,99,53,4
0.3160839244356152,94,95,53,4
2.0868825236843840,96,96,50,4
3.9936552817464714,98,99,51,2
5.4805773996486886,96,97,47,5
5.7428549842946452,98,98,39,2
6.0059421525406727,92,92,52,6
3.4996582049942520,94,95,49,2
5.6455412899282642,98,99,54,7
4.4340636004050795,96,97,44,4
1.3719162455741081,94,95,60,1
5.2459705493347206,90,91,45,6
2.6347353302408276,96,97,56,4
2.5534727455142030,96,96,52,6
6.1920470725242174,96,97,52,4
1.8537004425333603,98,99,53,0
3.8667889096493542,96,96,50,0
1.2530085427965625,96,97,51,3
3.0024252373141040,92,93,52,0
1.6411905435934366,94,94,50,3
5.3603966277102124,96,97,49,5
4.3766206804605252,96,96,56,6
0.8362952379282921,98,99,44,5
2.6634511503584664,90,91,43,6
4.9972163127928706,98,98,49,0
2.0538917680567246,96,96,51,3
1.4908753531485985,98,98,49,2
4.7904979443720030,98,99,55,0
5.3226590563457110,98,99,62,7
3.6011013733799921,96,97,44,6
5.1669353010578689,86,87,38,7
0.0888588929381775,94,94,48,3
1.9317359808773804,96,97,51,1
3.8085845703447947,92,92,42,4
1.5210525925330625,96,97,54,6
3.0872055756814891,96,97,41,7
2.9981502448264581,100,100,52,6
3.0041325698648351,98,99,58,5
2.0546763578781881,98,99,50,3
0.5522604244414915,96,96,54,2
2.6466220917433834,96,97,41,7
0.2877703576255291,96,96,48,4
2.8794739955419395,94,94,38,5
4.6045820315719652,94,94,43,6
3.9609055659783516,96,97,51,5
1.2859380764476920,96,97,45,5
0.0431529809111002,98,99,49,6
4.1201736519167111,98,99,58,3
3.9858061479037281,96,97,48,4
2.3791361133588689,96,97,49,3
6.2445440776887509,96,97,54,4
3.6331686479689722,96,97,44,4
2.1123482157675992,96,96,44,4
4.5351466207025668,98,99,50,5
4.0393522968855349,94,95,47,4
3.7741733202525189,98,99,52,1
4.8647633298318196,92,93,43,7
5.7299929004959829,94,95,44,7
5.9843388674295657,94,94,48,7
1.1473089381691632,98,99,45,4
3.2088344196531411,100,101,47,3
2.6288289142615753,98,99,55,4
1.9235015819660675,96,97,48,6
3.2408331965529564,96,97,62,2
5.8921272502662712,98,99,56,3
4.2200267253972221,94,94,49,2
2.2019235092696396,94,95,55,2
1.0973400427009743,98,98,48,7
4.8875078608579052,98,99,58,5
2.6284183035472668,96,97,45,1
1.8015799425982602,98,98,54,7
0.3756149004730455,98,99,61,2
4.5001409759393658,94,95,37,4
5.4328294169087492,94,95,59,4
2.0371203144234502,98,98,55,0
1.8136701459120517,96,97,47,7
0.7480042846407994,94,94,53,2
5.6426666131109737,96,97,57,3
0.7355711895201337,96,97,50,4
2.6924852578739209,96,96,47,7
3.0792401903145352,98,99,50,1
4.3771775794992616,96,96,40,6
5.7381088091575227,98,98,51,4
4.0580803679507804,96,96,57,3
1.5926557424961310,92,93,43,1
2.8517806262685714,96,97,51,5
5.0758638480784866,96,96,49,1
0.4273644937376155,96,97,43,3
0.2901522479208492,96,96,42,4
4.4884415843658854,96,97,51,1
5.4561324423895075,98,99,48,5
1.7465033205127285,94,95,54,1
1.9667553998436367,96,97,50,2
0.8034570909210682,98,99,46,1
3.9970986763656615,94,94,48,1
6.2148982624952867,94,95,61,4
4.9115816238650227,92,93,51,1
5.3201395977592236,98,98,57,6
1.6806205689079934,98,99,54,3
4.5726462948910305,98,98,70,1
5.8312978622648748,94,95,50,5
6.0656132989184455,98,98,41,2
1.1529864834751973,98,99,49,0
2.7345935199513938,92,92,40,0
1.2031276102009936,100,101,62,0
2.9315174329596991,98,99,50,5
2.0741272499546599,96,96,55,7
4.4877600010952170,98,99,55,4
5.0498246548583525,88,89,46,4
3.7800372154917605,92,93,50,6
4.0368122679413476,96,97,44,6
6.2761593205809891,98,99,60,5
0.5901331831905384,96,97,52,0
6.1566160418176210,98,99,51,6
5.1285398942086591,90,91,48,3
1.1793452664970587,90,91,43,2
4.4102856284136038,94,95,52,5
1.5994086999089798,96,96,55,7
1.7081812574036974,96,97,42,2
3.4774190337413344,96,96,51,5
1.7246235725383827,94,95,40,7
2.3702249449772212,96,96,46,6
6.2114336751500634,94,95,47,0
3.0430625507643034,92,93,40,6
4.1436529323750149,96,97,48,4
3.8066632638397722,94,95,51,4
4.3308444963384156,94,95,48,1
5.0999103557083041,98,99,53,2
4.7085517805234991,98,99,55,0
5.2119300401258499,94,95,47,0
3.8152598749466691,94,94,50,5
2.9011128467864400,98,99,52,1
5.7242827983567226,94,94,53,2
5.8277126044326071,98,98,57,6
0.5107349449582917,96,97,47,7
6.1674359168669302,96,97,59,7
1.3298113927747348,94,95,51,6
4.6009069434097283,92,93,50,0
6.0136449668864582,96,97,42,6
0.0838265922668587,100,101,50,0
2.1321560435001388,94,95,55,4
3.8807902316823188,96,97,48,4
2.4193518651935042,98,98,46,3
3.2279490440352254,96,97,45,7
5.1702512155425033,96,97,42,2
1.2068220755060330,96,97,56,0
4.7198267189433221,92,93,37,7
2.1991385357269952,100,100,62,4
4.6511358505440441,96,96,41,5
4.5721960082891950,96,97,57,1
2.2649818844055911,94,95,42,7
2.7847603598525237,92,93,42,0
3.3207444487089868,96,97,55,3
5.9866330744235796,94,95,59,0
5.4118911374925078,94,94,49,0
4.6835576063986943,96,97,47,7
1.3344630917671632,96,97,46,4
4.8335761700620212,98,98,47,6
6.1570907620251676,98,99,52,7
5.7681619211666035,96,97,50,6
2.6395146905319971,94,95,54,7
2.8282356392642303,94,95,52,1
2.7118997383323400,94,95,51,6
3.0504494005715088,94,95,50,5
2.6877441171780356,96,97,58,2
1.7067053056370118,94,95,54,7
2.1296064750319594,96,97,52,4
3.9987333318010556,98,99,52,3
2.6338506257583876,96,97,46,0
4.6854698625882989,96,97,53,3
0.3623167616983271,98,98,46,1
1.4308618703266556,96,96,44,4
0.4994965756579124,96,97,47,1
4.7553043333333385,96,96,49,1
4.0606695755698885,96,97,48,0
3.7783781782173063,96,97,55,5
1.1221019017906719,96,96,40,0
6.2036223773297623,98,99,57,6
1.0265680915126263,100,101,52,2
2.8315286782220821,94,95,45,2
0.1882147528247843,96,97,49,3
2.5879930705906986,98,99,55,6
1.5176363620510716,96,96,48,0
2.6912555377836638,98,98,57,4
1.5735750727084485,98,99,46,3
4.0350191141908054,96,96,54,0
0.9454013674113196,96,97,44,2
4.2559470377145816,96,96,59,5
0.7122370898570721,94,95,46,5
0.7362630969248087,98,99,45,0
5.7344332757740082,98,99,49,4
2.2450869251041254,96,96,53,3
0.4690409245943048,92,93,46,4
1.7224340098851778,98,98,55,2
4.2093170099357859,96,97,51,5
1.0140524817818399,96,97,55,1
2.5730085252069554,96,97,44,4
4.8960200995192906,96,97,50,0
2.8869929110702151,94,95,50,3
5.6533672833629236,96,96,43,3
4.1543842440558683,98,99,51,0
4.1619887516345857,96,97,39,7
5.0613080222590678,96,97,42,0
4.0356708752091306,96,97,52,2
0.0575747911901749,94,94,50,7
5.7465367835195238,94,94,51,0
2.7948637186582799,98,99,46,1
1.2241458304438517,94,95,53,0
0.5573996720286040,96,96,48,4
0.8572313023108948,94,95,43,0
4.4304288800635430,96,97,46,2
2.8027241061352273,96,97,53,5
2.3902654424040906,96,97,53,1
0.2204582620787353,98,99,47,6
1.8395725650428085,94,95,52,7
0.5350384289741428,96,97,58,4
1.4237209151744699,98,99,54,3
2.8982586823002188,96,97,56,0
4.8534949383574375,98,98,48,1
2.0786987068850222,98,98,44,5
3.7053030166433643,94,94,48,3
3.6947117956860693,98,99,54,1
5.5990571475038582,94,95,55,2
2.2938056440945447,98,99,50,7
3.8343369044313853,98,98,43,4
1.6548088097681648,96,96,52,0
1.0613559958925660,96,96,50,4
0.2421631879290193,94,95,50,1
4.3150464484940647,94,95,46,3
4.7733153546719640,92,93,49,7
0.6416373571901411,96,96,42,2
3.4155749722347912,94,94,50,3
2.7593883245536053,96,97,50,0
4.3817966177334657,96,96,49,5
1.8852487157905342,94,95,47,4
2.2349348481685150,90,91,50,5
2.7183880828943470,94,95,46,5
4.1970708928652645,94,94,49,4
2.5428049691180439,98,99,59,4
1.6788077991546311,94,95,49,4
3.6668593525535984,92,93,44,6
0.2462668549824579,92,92,50,4
0.8041673803030105,102,103,58,3
1.4228257314656318,96,96,52,6
0.5795516097913644,96,96,54,2
1.3211701629583930,96,97,50,6
5.2262467743506678,94,95,47,4
0.4004555214151862,98,99,54,5
1.8255065555119614,98,99,50,5
4.1888421104395182,96,96,42,6
2.1872062363987776,94,95,49,4
0.7127167098688999,98,99,43,4
1.9853069452186829,92,93,47,1
3.6384607012927335,98,98,50,1
2.8238323702123185,98,98,46,5
0.2379432117696698,96,96,59,7
2.5940208353995624,96,97,49,7
6.1083531122666912,100,101,55,5
4.9537441840496559,94,95,41,2
2.4648216367330114,98,98,48,3
2.1368706657293313,96,97,52,6
2.4517033485479871,96,96,50,2
1.7578799737232116,94,94,50,5
5.8246246810052584,96,96,36,4
5.1083427936654342,88,88,46,4
4.9036783921268654,96,96,55,5
0.1164826466053095,96,97,46,6
0.0516142388431501,96,97,44,0
0.7199312019164206,98,99,51,2
0.9362605330007377,98,98,53,6
5.8671344274331769,96,96,42,2
3.1682261453336369,96,97,39,7
5.0291545125063140,98,99,60,3
2.4070658508688667,98,99,52,7
6.2510347374881015,92,93,54,0
4.5629989651126523,98,99,49,4
0.7217962509285817,96,97,50,6
5.1669350749027911,92,92,54,4
5.9868975127328854,96,96,52,4
0.4916014922801074,96,97,43,3
3.5095153275469921,98,98,50,1
2.8715024298158056,94,95,55,4
5.2479670902192899,98,99,45,2
2.1897901043216210,98,99,48,5
4.7274778026733841,94,94,43,0
5.8206729448121868,96,96,46,0
0.1023738070010686,94,95,45,2
1.2592933213396045,98,98,49,4
3.1029063729172592,96,97,45,5
4.2421047563095735,96,97,51,1
2.9546993475504206,98,99,60,1
0.1910165657952990,94,95,49,6
3.9716832712477825,96,97,46,2
4.7447225603345000,96,96,46,2
4.6665594568364588,100,100,42,0
3.9345271688519987,96,96,54,4
0.9811699743020922,98,99,56,3
2.6229399612109763,96,97,59,3
1.3231718940632458,96,96,43,5
1.3428815634826252,98,98,42,7
2.5014535689450441,98,99,51,6
6.0839815696318480,98,98,52,7
4.4541068361748444,96,97,46,4
6.0244061177637196,98,98,49,6
0.1435032168824009,96,97,53,7
3.6498187935943762,98,99,47,2
2.6421365401401924,94,94,52,3
1.6801345251770399,96,96,51,3
0.6901927397898217,98,99,47,0
1.3066563923773586,94,95,46,1
4.4017648166182388,96,96,48,0
5.0745784635588578,96,96,45,1
5.2946390195392228,98,99,50,3
2.4149605363506916,96,97,38,4
5.0761347197623712,92,93,48,4
2.7253506104735159,96,97,53,7
4.8651765121752106,98,99,58,7
0.8957136979809143,98,99,48,7
1.8708556551173372,98,99,52,5
4.8659151759036021,96,96,49,5
5.4542352342131437,96,96,57,7
3.1218041995293198,98,99,49,6
2.7405372991198380,98,99,50,7
6.1058746634015355,98,99,51,2
2.3684803573870385,96,97,52,4
1.5123896936746710,96,97,49,7
1.3000038024278959,98,98,55,0
1.7223032586496585,96,97,40,6
1.5163598671063074,98,99,53,6
2.4425900887418432,92,93,48,6
4.8898463826111280,96,97,51,3
5.7557276858860256,96,96,46,2
5.9332445148821096,94,95,47,2
0.0128134780292471,92,93,47,5
1.8097897275374393,94,94,49,0
3.1708813036106411,92,92,49,5
0.4157167869905068,98,99,57,4
5.5441751942505695,96,97,54,2
3.6367599643752868,96,96,59,3
3.6795403590819649,96,96,45,7
3.2376941830098573,98,99,53,0
1.0937461674345612,96,97,44,2
1.2830400325670128,98,98,49,4
1.4135361999017768,96,96,49,3
4.8647581651578671,96,96,45,7
0.7740711101163127,96,96,42,6
4.6753778223403986,94,95,45,2
5.0082937045313161,94,95,47,0
5.5856969151353937,96,97,46,0
4.8151819329573433,98,98,48,7
5.8652362151280935,94,95,44,1
2.9869917733258924,98,98,52,5
4.7110879721495262,96,96,42,4
3.2586292319259305,98,99,57,0
1.2099296162374398,96,96,47,3
5.6888501869108925,96,97,44,4
1.3278765004443849,98,99,54,5
1.9394500141543218,96,96,48,6
4.5291492407891365,98,99,51,6
6.0827357661369588,92,93,48,0
5.3421820643067166,96,97,56,2
5.2107035697811339,98,99,52,7
1.0149322930193219,98,99,46,5
3.1183229072598948,98,99,58,5
0.0826831454293070,94,95,48,3
5.1104126446517943,94,95,50,1
3.0114491288002534,96,97,49,5
1.0038782582554615,94,95,43,6
6.0895319855771604,94,95,48,7
5.2592756789567119,94,94,55,6
0.1718766822191800,96,96,54,0
4.5912508806723871,96,97,49,5
5.3837161326913154,96,96,45,7
5.2200415336958388,98,98,45,6
0.6858580132211091,96,97,49,7
4.3208934778073056,98,98,49,4
4.6234747789086148,96,96,56,0
0.3645990396805936,98,98,50,5
2.7476256062978637,94,94,37,4
0.7018705270848787,94,94,52,7
0.8702646517270201,94,95,52,7
1.9850812177139803,96,97,53,3
5.8430770740137747,94,95,50,7
1.9230574283977635,94,94,43,0
3.4010627963560642,98,99,50,3
3.9857974679880672,98,99,55,0
1.2009174496127031,94,95,41,2
2.9882365772367288,98,99,58,5
2.8285858705163154,98,98,44,1
2.2385541231014239,96,97,51,5
1.6375179724042603,94,94,53,6
0.5915165994387019,96,97,51,7
3.5949023516361391,98,99,54,3
4.3983879237506871,98,98,43,2
2.7676274284098605,98,99,57,2
5.6972437605179351,94,94,51,0
2.1636360960874685,96,97,59,5
2.6761637621149861,98,98,50,1
4.2195275832682473,94,95,51,4
2.9813400101839540,96,97,51,5
5.1699100165076546,94,95,45,4
1.0112449783068416,96,97,55,7
2.9321948784019849,98,99,49,2
2.6257823974741012,94,95,48,5
1.4765553188995515,96,97,47,5
4.9600225996810972,96,97,55,5
1.3371159461811921,98,98,56,1
0.0117212311759686,96,96,52,2
2.0469616556487460,96,97,49,7
2.3215607269191643,96,97,50,4
3.0617135307612746,90,91,56,7
0.4509847772845548,94,95,42,5
2.2354233656852291,98,99,53,0
3.1057714399468668,92,92,40,4
0.6190147525126728,96,97,49,5
0.7446692269520424,94,95,47,6
4.8183587201063105,96,97,51,5
3.5200668039023020,94,94,48,1
2.2434711457311027,96,96,51,3
2.3941693251809082,98,98,58,5
5.5681804826166790,92,92,49,7
2.2750462099943092,96,96,46,4
5.4455578284742012,96,96,46,4
5.3635768825104373,98,99,56,1
0.6926197744264916,96,96,52,6
3.0363158207126397,98,99,47,4
1.9727890303476086,98,99,52,1
0.2365418482395480,100,101,62,2
6.1696723137593592,96,97,48,0
4.9477361956885524,90,90,43,2
0.6479941620533756,96,97,58,4
4.2480910999333679,96,96,51,7
1.1402833683419873,92,93,53,7
0.8985012599375019,96,97,54,4
2.6166199830562400,96,97,57,7
5.1088621000825212,98,99,53,6
2.4324612835203050,96,96,46,0
0.9359634091506976,98,99,49,2
2.0548534890558745,96,97,55,5
5.2192753048311333,96,97,39,7
1.3242745254190937,90,91,52,3
4.9100816964813623,98,98,51,4
1.7657460599356409,96,97,62,6
4.3830887915302350,98,98,56,3
0.9316678278689712,98,98,43,4
2.9873727966392041,96,97,51,5
0.5891588487439733,96,96,34,4
3.0654307735477495,94,94,51,6
3.6623586350722892,96,96,50,2
0.8530522915402263,98,98,51,0
5.1249859775796835,92,92,45,3
2.9182487682505571,92,93,43,3
2.8319833431778330,98,99,58,3
3.9431387550654322,92,92,35,3
5.8836446992018763,96,96,47,5
0.4984867873662738,96,97,50,2
1.0412416547420562,94,95,44,3
4.8347724282909805,90,90,41,4
5.0093376184972565,96,96,52,0
1.4838479666051638,94,94,46,7
4.5107842702466350,94,95,47,0
0.6153148055552163,98,98,59,2
0.9916531942582655,98,99,54,1
0.6580594851884509,94,94,48,1
1.2943775323402029,102,103,58,1
0.2668711340836351,96,96,45,3
1.1202499195022559,94,95,48,1
2.8019551974416133,94,95,42,7
5.4298988461286806,96,97,44,4
2.5533646444404390,98,99,59,4
4.9930144904461624,96,97,56,6
6.1563618093008659,96,97,51,7
0.7091576245070129,98,98,50,1
0.7260410569317278,96,96,42,0
2.3059378313240706,96,97,47,5
0.4319071085895070,96,97,51,7
3.0619955072180249,96,97,50,2
6.1936585099853820,98,98,50,1
2.9459397851310309,98,99,53,2
2.1075384198763198,94,95,50,5
5.2647266159776089,96,97,43,5
3.1244318719085493,96,97,47,7
1.1665668491311942,94,94,54,3
3.0803552688732969,94,95,46,5
3.6398845578332812,98,99,51,6
4.6649318188018540,96,97,55,3
0.4276862530338584,96,97,50,4
6.2776194898811717,92,92,51,1
0.4140714761499037,98,98,40,7
0.6887970979865958,96,97,55,1
4.1666420792940473,96,97,45,3
3.4268684944029100,96,97,47,1
4.9580552059743530,98,98,49,0
2.6488493829837068,94,95,41,6
1.5539649783171781,98,99,56,1
5.3980153512193603,94,95,40,1
4.0091736176516486,98,99,43,2
2.4915898198059039,94,94,62,3
3.3581952594753148,94,95,52,5
2.1017221231286394,98,98,51,4
2.4078729677687041,94,95,52,7
3.0135522730637154,94,94,54,7
4.1885025136965561,96,96,42,6
6.2203920695512220,98,99,57,0
0.4648738423821821,96,96,49,7
3.7666084723831572,94,94,60,3
1.0039611186575395,98,98,58,7
3.0222692217110092,98,99,54,3
2.2236354640339653,96,96,57,1
3.2488935374555488,96,97,45,7
1.2413384974637116,90,91,45,0
4.8872532267771831,98,99,55,6
2.5683260302597510,96,97,56,0
0.8949500305449326,98,98,48,5
5.9164554929270503,96,97,53,3
5.6620446200743570,98,98,63,0
3.6987834358316962,94,95,40,1
3.4727154350162381,96,97,48,4
2.3370471294771327,92,92,51,3
5.2957266485386345,94,95,43,0
2.6724368399844352,94,95,54,1
3.0499317063135329,96,97,52,4
4.8164037231931545,96,97,47,1
2.3313890163448523,92,93,47,5
3.2759796987555689,94,95,44,7
4.0938463805866547,98,99,47,4
0.5318911389445788,98,99,45,0
3.9194852954981543,98,99,54,7
3.1467975654994826,98,98,52,3
4.5499065514349253,92,93,54,6
4.0010137792307221,96,96,50,0
2.8873925899569550,92,92,48,6
4.2517263929175266,98,99,56,1
0.0522282441169910,96,97,53,7
1.0306284098520178,94,95,40,1
3.3325771200935099,94,95,50,5
5.0053855903240558,94,95,43,6
4.0393560128360111,98,98,47,6
0.3066020192901273,94,95,53,4
1.5494876963776112,92,92,41,1
4.3929539071681329,94,95,47,0
2.8839814633560810,98,99,54,5
3.9740702662647838,96,96,51,7
1.0284269127754004,98,99,44,5
0.4559899969999713,98,98,51,6
5.2396729624042822,96,97,53,3
4.6897237687791442,96,97,49,7
2.2462939285332859,94,95,39,2
5.1907094583277980,94,95,57,4
3.6514881483201598,100,100,52,6
1.5385786755449715,96,97,49,3
5.8427974736580985,94,95,51,0
5.4047736012278254,94,95,53,2
1.7478925020686016,96,97,48,0
2.3122371374313415,98,98,54,1
5.8349587347240996,98,99,48,1
0.0089577315931933,96,97,48,0
1.3524922164368391,96,97,47,5
6.2004246938267675,96,96,49,5
5.6459609418951402,94,94,54,5
5.4073900220823621,98,99,45,2
3.5556412985833687,96,97,51,3
6.1886169786349807,94,95,52,7
0.5963425656208388,98,99,55,6
2.5749803925923724,96,97,61,5
4.2842738889889906,96,96,55,7
0.4511876913792937,96,97,48,0
2.5729631423298986,96,97,57,7
1.5077599484867423,94,95,45,2
4.4022752895554040,96,96,52,0
3.0815008297734963,94,95,43,6
4.9650208988121101,98,98,38,7
3.4890301813673683,96,97,48,6
4.2906190301592373,94,94,50,1
4.1622444168425119,98,99,55,2
0.1282677759913506,94,95,49,0
0.9505799837363198,98,98,52,7
4.5067555384189806,96,96,42,0
0.0363600573919512,94,95,52,5
6.2553036740900163,94,94,54,1
0.0898798420817765,96,97,53,3
1.8686450399929875,98,98,49,2
3.1024818663998137,100,101,54,4
5.8456670298562114,96,96,51,7
5.6328132763598902,96,96,50,2
2.2478775469370578,96,96,43,3
3.6915398601390175,96,97,48,2
1.7929289192353435,96,97,47,7
0.3324039317647664,98,99,55,0
5.3821187909888826,96,96,43,1
4.6555824123601397,98,99,48,7
0.5051561926613808,98,99,58,1
4.9333638635941606,96,97,56,6
5.5817818581070169,96,97,49,3
2.8825369178811755,98,99,58,5
3.4487053724149281,96,96,47,5
5.2267816164446899,94,94,53,4
2.4205606138343487,98,99,55,2
3.3603339964968235,96,97,44,0
3.1732534774713690,98,99,47,0
5.2615879546744155,96,97,61,3
5.1487850092474305,96,96,42,2
1.3449983098477791,94,95,44,1
3.2444946011602576,96,97,41,3
5.3296859996857942,96,97,59,7
0.5682360214422131,96,96,48,2
0.6394218170672952,96,96,44,0
5.8532218558188633,94,95,48,3
3.3014840188499139,98,99,48,7
3.7377141603749000,96,97,42,2
5.4306958792774198,96,97,60,6
2.0823992127961639,96,97,45,3
6.1960464470600192,96,97,46,2
5.3519032809885703,98,98,54,7
2.6812209300578518,98,99,53,2
2.4095240553713970,96,97,44,2
5.4021424598123025,96,97,53,1
0.2953879235926923,96,97,49,1
5.7380969917107576,96,96,52,2
6.0470058758426291,98,99,45,6
2.5879417960810578,96,96,41,7
6.2336782913687534,98,99,50,7
5.7882131609794465,98,98,57,4
0.9313902583031373,96,96,58,4
3.4008659947623379,92,92,55,1
0.2474896741305055,96,97,47,1
3.6651229027376253,98,99,53,6
2.3312020282036006,96,97,44,6
2.2358102755129883,96,96,64,4
4.1969944337482685,96,96,54,0
1.5003981583369059,94,95,50,7
1.9084225953681551,98,98,59,6
3.2132299324007003,96,96,58,4
0.3215115450578949,98,98,53,6
3.1076226495632451,94,94,53,6
1.6820444912656916,98,99,55,4
3.7160795134899494,96,97,54,6
1.6887380990352778,98,99,55,0
2.7502694640121748,96,97,53,7
1.4257079797303822,98,99,37,4
5.4813788279355480,96,97,45,3
4.2176133977367343,92,93,48,0
5.5575855830469187,98,98,62,3
3.7882158955052105,96,97,51,7
3.4871301184637136,96,97,48,6
4.3932892469905731,94,95,45,6
4.5562317286012002,94,95,62,3
4.3483610457299520,98,98,52,1
2.1541372503663627,98,99,52,7
3.7950263095740526,96,97,50,6
3.2791665570534914,96,96,52,4
4.5648794937296575,96,97,41,1
3.6502647358256723,96,97,45,5
1.2534707085520862,98,99,46,7
4.1156049545251410,90,90,43,6
0.3860086894612460,96,97,45,3
0.3929923842030936,96,96,49,3
3.6913876528469656,96,96,56,0
3.2593759491305687,96,97,50,6
0.6517379758427199,98,99,53,0
2.1276658092962246,94,95,50,1
0.2294353135712411,98,99,61,4
6.0801809523406876,92,93,56,0
2.3169651597075496,96,96,46,2
5.7633783454194507,96,97,50,0
3.1542367077500479,98,99,51,0
3.5361716107931698,96,97,50,0
5.5312810884934605,96,96,43,1
1.3837307171186199,96,97,48,2
5.8745038028521055,94,95,50,1
4.2805512569173398,94,95,39,0
4.4473491624422312,96,97,56,4
3.6184797992639135,92,93,50,2
5.9017840620423216,96,97,46,6
1.1013641267572902,96,97,48,6
5.1850064804505482,96,96,43,3
6.0449454869630390,98,98,48,1
4.1561721370447691,96,97,48,4
3.1283682413537037,96,97,57,5
5.6985683115345580,96,96,50,4
3.0945111577272066,98,99,52,5
5.2262491955144998,98,99,50,5
3.2803891526228703,98,99,57,6
0.5433801189067706,94,94,50,7
5.0157118348689265,98,98,47,2
3.5210497563636380,96,96,39,1
2.8290424288274103,98,99,50,7
3.3437946605628501,98,99,50,5
5.6275364406736701,96,97,55,7
3.3601729177518664,94,95,56,7
5.2087232659037852,98,99,46,7
5.3724504287573227,96,96,52,0
3.3437646943705612,92,93,53,5
3.8927250172335297,96,97,48,2
6.2379156800354130,94,95,54,7
4.5913309109193747,96,97,56,2
5.3138563297132908,96,97,48,2
5.1405071227271479,90,91,58,5
2.5684392682287189,92,93,49,7
5.1684605288344923,98,98,51,4
6.1736978442163961,94,94,47,6
5.0989426281092083,96,96,48,4
0.9448836804205409,96,97,51,1
1.8176902551153693,94,95,52,3
0.3359388560597303,98,99,52,1
4.2488277394808955,98,98,49,0
3.5061680483605189,96,97,56,6
0.5846492823223506,98,99,57,4
1.2288958488933659,96,96,55,3
2.3482374862269149,96,97,43,3
2.7800636006514861,96,96,46,0
0.0053105934154052,96,97,49,5
0.7446246243328919,98,98,60,1
3.8059875291606708,98,99,57,6
0.9329499989898526,96,97,44,2
0.6069316458131759,92,93,52,4
3.1085813208925641,98,99,42,5
5.4157937125712747,92,93,52,2
3.5514789252726802,92,93,40,0
6.1501529568952753,98,99,44,3
2.3670687708023599,96,97,50,2
0.2686285783017685,94,95,50,1
1.7359178338911236,98,98,44,3
0.7936655948014751,96,97,58,0
0.5472355916612586,98,98,57,4
4.4328388938269994,96,97,48,0
1.5501624444981428,94,95,51,2
4.7260489694779233,98,99,56,3
5.1091067755545998,96,96,49,1
4.8692316779246090,98,98,49,2
4.2230193907779503,98,98,51,6
4.2606816346462217,94,95,51,2
5.9806108415430357,98,99,43,2
0.5932214694211129,96,97,49,5
3.6235056587624737,92,93,48,6
2.7324422689097481,96,96,51,7
2.4826158842648169,92,93,39,1
3.4619783290193618,96,97,60,0
0.1380591057948370,96,96,51,7
5.6788779720998113,96,97,51,1
6.2728652693796025,92,92,55,1
0.4674918404310564,98,98,52,5
1.8688944478831608,98,98,48,1
4.1613954840288709,98,99,51,0
4.6092657101720267,96,97,49,3
3.1658764511401412,98,98,44,1
0.6621642539521350,96,97,51,3
4.4026197017972342,98,98,46,5
4.8021692990592664,96,96,57,5
1.2997407049378285,94,94,55,4
1.9092151261370740,96,97,44,4
1.9375022128482864,98,99,57,2
3.7705162354732740,96,97,48,2
3.9987518551616863,96,97,50,4
2.9546587960719748,92,92,46,6
0.4830785625390445,96,97,45,7
6.1848215972440235,98,99,55,4
4.7291078225814589,98,99,48,1
2.0905227729987437,98,98,50,1
4.9905963446686288,96,97,54,2
5.1167246312677488,98,99,42,5
2.0927061499666393,96,97,43,1
4.2535822755425228,98,98,52,5
5.0306206604604515,98,98,44,5
3.1178528518130642,100,101,51,7
4.4984772938009963,98,99,45,4
4.8007585233701002,96,97,60,0
3.1461776170547857,96,97,47,3
3.2816901811239738,96,97,48,2
1.8220952265871588,96,96,38,2
1.7144767507517820,98,99,56,7
2.8865806415587234,96,97,48,0
3.3709626836088669,98,99,52,7
2.6998285238098712,96,96,52,0
3.6758035309135257,98,98,47,0
5.9323336990897992,96,97,50,0
1.9514392306221178,94,95,51,2
3.4898611764836098,98,99,48,3
3.3172483226954723,98,99,49,2
1.3313407268517177,94,95,49,2
5.3449317082443519,94,94,49,6
2.1305011371162825,96,97,57,5
1.0989124014301583,96,96,53,5
3.6101208264575861,98,99,45,2
3.4084595451640194,100,101,51,7
2.6147995790251524,94,95,48,1
2.3352677772873540,98,99,48,5
4.3268850615029004,98,99,48,7
0.4040350529576190,98,99,62,3
0.4518172324624766,98,99,63,4
5.1571486822096730,94,95,58,1
0.8151164599530224,100,100,55,7
0.5539100097264223,100,101,56,4
0.8703455454244990,96,97,54,2
1.4977278095869795,100,101,44,4
2.5184621668914664,98,99,46,1
4.0498050127210856,96,97,47,5
4.7406061816233018,96,97,46,4
5.1000661094882673,96,96,51,5
3.7595826208575578,96,96,45,1
4.7752751568717384,94,95,57,2
2.4059921840929248,92,93,53,3
2.5427040436412689,96,97,51,3
0.1196515627973423,94,95,54,1
5.4321156668989277,98,99,46,1
0.5839508375418067,94,95,50,7
5.4559113331007865,96,96,46,4
4.6290106456014959,98,99,50,7
2.3813981707897178,96,97,44,0
2.4446048990615621,94,94,57,2
4.4646372990138250,96,96,55,1
0.9126345812522542,98,99,53,4
5.4567365981664686,96,96,48,6
2.2085367390920649,98,99,50,7
0.9195822810084394,96,97,50,4
0.7880713486474543,96,96,52,0
5.2392612978946467,94,95,40,3
2.2215323995321334,96,96,49,1
1.6919613892189223,96,96,46,4
1.8078568687312169,94,95,42,3
5.9442851504339229,98,98,58,3
4.6202370932485319,86,87,40,3
0.7112598229954192,98,99,58,7
3.4636339621965186,98,99,52,3
5.4579208936730756,98,98,49,2
3.7538359493719931,96,96,41,3
0.3313330928656830,98,98,51,2
0.9709156239069446,98,99,53,4
1.8724622936210624,96,97,43,7
2.2701447083080302,98,99,54,1
2.9278499401361264,94,94,51,4
6.0158672804278419,96,96,47,3
2.2632081813869558,96,97,39,7
1.5154229605926326,92,93,45,5
3.2519673714796959,98,98,52,5
5.8810697159877297,96,97,46,4
4.3693343744575559,98,99,50,7
4.9711298173968403,96,97,46,2
4.3197734334677396,92,92,42,2
4.3331414379888766,96,97,49,7
6.1560110199849847,94,94,51,0
1.3182584129886570,96,97,45,3
4.6215551776409622,96,97,48,2
1.0444330794432291,98,98,49,4
0.2623678447054861,94,95,52,1
0.9782799027614451,96,97,58,2
2.6435173268508829,96,97,48,4
2.2920223278172771,96,96,42,6
5.7574281554377489,96,97,55,7
4.9833449000634120,96,97,44,6
4.2993029417388220,92,93,48,0
4.7007714521968316,94,95,49,0
0.9133936872094185,96,96,48,4
6.2107219509049925,98,99,51,4
5.7322148152651966,96,96,53,5
0.2541691522833556,98,99,52,7
0.7050770948049397,96,96,55,1
4.6866156037010516,96,97,55,5
4.8895501171186098,96,96,40,6
6.0365338066756191,96,97,56,4
2.5518244703000379,96,96,47,5
2.9107292412896464,96,97,53,5
1.0995248697705251,88,89,36,0
5.5866088991850269,96,97,40,4
0.2630611833714510,98,99,47,0
3.1178280483845251,92,93,43,1
2.1115787029800228,96,97,52,2
2.7268456408974409,96,97,57,1
5.6532171711045978,94,94,47,0
4.2879522368505079,96,97,47,5
6.1431397439273354,96,97,51,7
1.4516501773952351,92,92,43,1
0.3695467904831380,92,93,55,3
0.7029760297650770,98,99,51,2
2.2916656863220912,98,98,50,1
1.6188288008141039,96,96,44,2
4.0305778106899242,96,97,51,3
0.6424448409092219,94,94,42,7
0.8106834824196812,98,98,51,0
4.2145324852793502,98,98,51,6
1.7606873312797371,96,97,49,1
0.7143239422542250,96,97,42,2
5.4139249180360798,96,97,42,4
2.1747877376649294,98,99,39,0
1.8646752217108955,96,97,55,1
0.2652059564596497,92,92,49,3
0.4615484444507914,98,98,50,5
4.9410600726150422,98,98,45,6
3.8907406344687523,96,97,49,7
4.9672231916753198,94,94,46,3
4.9629355873986789,96,96,55,5
2.6732332688484206,88,89,38,4
3.3722122369108489,96,96,43,3
1.4630698622294553,98,99,50,3
3.4955597123283799,92,92,47,3
0.5702319931490898,96,97,57,1
2.7109806291154568,96,97,54,6
5.5468548857740840,96,97,48,4
0.6835536197658454,96,97,49,7
4.6664764666527256,98,98,52,3
0.4139218147941902,98,99,47,0
5.1132006420032212,94,94,56,7
2.8152562780312649,96,97,44,6
1.1043268650228331,98,99,54,3
0.3581703886576352,96,96,55,5
0.3793229188934365,94,95,57,2
4.5098944576706801,96,96,45,5
5.4977012879414664,96,96,44,4
2.0401853776016345,96,97,56,4
3.0829559638751443,94,95,44,1
0.5404379689370676,98,98,59,6
2.6964952367060393,98,98,46,1
0.0092949864185800,98,99,47,6
3.0710491141049792,92,93,51,1
6.1944155544561594,98,99,50,3
1.5481269263960082,96,97,51,5
0.7042962455602171,96,97,48,0
3.8772833841458239,98,99,54,5
3.8981669359792743,96,96,54,0
0.5728409897528971,94,95,52,7
4.5809676867328255,96,97,50,4
2.0127731396279733,98,99,52,1
2.8332708390230468,98,98,62,5
5.9723079930798271,96,96,41,1
5.8873842759489703,98,99,47,2
0.8196980122836347,98,99,52,5
3.7986183514376530,96,96,49,1
2.9497171273562430,96,96,40,2
1.9529574526439657,100,100,54,4
3.7693466519855736,92,93,39,7
4.1850654253430859,96,96,51,3
4.5967321631853384,98,98,49,2
0.1897621328606698,98,99,51,2
2.2993270391661693,98,99,51,0
4.9221001718099737,98,98,58,5
4.5142769806728671,100,101,53,1
0.9746037637770911,92,93,54,2
2.5851497667452792,94,95,47,4
5.6778821148651497,96,97,57,5
1.4975907590319422,94,95,48,5
0.2991986442022150,94,94,51,2
0.3679458968217185,98,99,52,1
0.6930583450020128,92,93,54,0
4.8380173653935845,96,96,47,5
0.2520489475142703,98,99,48,3
0.8945065058909776,96,97,42,0
0.7245722812185937,96,96,47,3
3.7305426997843680,96,97,39,1
0.6149794442771451,94,94,62,5
3.1433647916480809,98,99,49,6
6.2652148565398074,96,96,48,2
3.6505472360300533,98,99,45,0
6.2512690615067470,98,99,51,6
4.6888594885880366,94,94,49,4
3.4791321735780598,92,93,45,7
0.6806855390882365,96,97,52,6
4.3239242451469835,96,96,51,5
5.3817502748721564,98,98,45,2
3.9041810280505129,98,99,55,0
5.5134581248605636,98,99,54,1
3.1309652435991642,92,93,39,5
3.7886628593000795,96,97,60,0
0.0749128777374542,98,99,46,5
0.8895367031703607,96,97,50,0
3.6421945279506827,96,96,54,6
3.4081238528813977,92,93,45,5
5.8887476504113785,96,97,48,4
2.1214922708835644,96,97,55,3
2.0567438803999414,96,96,49,7
0.4396951569185510,98,99,58,1
5.1610255036947033,94,95,52,3
3.0757577574046495,94,94,51,2
3.7213223295074607,98,98,44,3
2.2655060058368570,98,98,57,0
0.2872047691502908,98,98,49,6
5.4233557160488202,98,99,48,5
3.0707285537396243,96,97,50,0
4.3256883286296581,96,97,50,4
3.6776812999393060,94,95,52,5
4.8756387335057978,96,96,35,1
0.5543287994150549,98,99,53,2
0.0226012203217088,94,94,46,7
3.3799364380839343,96,97,50,6
2.8030673035008995,98,99,53,6
0.6449127615833387,98,99,50,5
2.5606847851782817,94,95,51,6
0.9612121533566644,100,100,50,2
4.8470051841834181,94,95,49,2
4.0502801451943835,98,99,52,5
1.7431451325941305,96,97,41,1
6.1659915596859864,98,99,49,0
0.1438496617142001,94,95,52,1
5.5373465885360327,98,99,59,4
5.8731854356895772,94,94,53,6
1.8369378674510155,96,96,55,3
5.8127053735046834,94,95,50,5
5.2429377866820133,98,99,51,2
4.1969444655552195,96,96,52,2
4.8459852674477331,96,96,48,6
2.4754447471040146,96,97,43,1
4.7044460138519124,98,99,52,5
3.0534404034936062,96,96,50,4
5.9497736794673486,96,97,50,6
4.5134079434855634,96,97,48,4
1.1959926898991107,98,98,48,1
0.0364585138088918,96,97,56,4
5.6648551654193078,96,96,55,3
5.6444535313244772,96,96,47,3
0.7288999307885548,98,98,56,3
5.7645369628329401,100,101,52,4
3.2654330459939707,96,97,46,4
2.8298215382561858,96,97,44,2
4.2742282263523768,96,97,48,6
1.2368455097472910,98,99,53,0
1.1205728426064572,96,97,47,7
3.5975922406786687,100,101,52,0
5.6177813673446870,96,97,51,7
5.6483242770311231,90,91,47,2
4.0307868570216376,98,99,50,5
5.8416961436311023,96,96,51,1
6.1692861376596566,96,96,48,2
3.9540330609852923,96,97,46,2
5.6066366234917639,98,98,42,1
1.3834064314849956,92,93,56,6
0.2877366047500489,96,97,49,1
1.6258935948929369,96,96,40,2
0.5645601084866331,94,95,39,6
0.1602109253718089,96,97,55,5
1.2677734016498092,98,98,63,6
0.6449978137620010,92,93,55,5
5.3800239762700146,94,95,49,4
2.4725316899887457,92,93,52,0
5.8896453251440324,92,93,44,6
0.5548357316667422,98,99,47,0
2.8383519104690302,98,99,48,7
0.4800264801176048,94,95,48,7
1.5603586567745082,94,95,60,5
5.4945531060325843,96,97,58,4
4.4679327035626670,94,95,48,1
1.7696556073038419,98,99,52,3
5.2246694900690471,94,95,51,0
2.0600899096183776,94,94,47,4
1.2950801008827126,96,97,49,7
5.6953986708242867,98,99,56,7
3.6682585131678507,96,96,47,1
5.3422763256462380,100,101,48,4
0.6351602301422949,96,97,50,2
2.6324612811091597,98,99,43,2
2.3674701680747221,98,99,53,4
5.0484604031066906,96,97,49,7
4.0060097559739187,96,96,43,7
4.1889351257143970,98,98,49,0
0.2659774323390297,96,96,40,0
3.0348213814425633,94,95,40,5
5.0488611691927918,98,99,53,4
0.3560924935704268,94,95,48,5
2.6537741706536946,96,97,45,1
0.6347635905070990,100,101,47,5
0.9629540734768971,96,97,59,3
2.6954585779707227,96,96,47,5
4.6198992265733212,94,95,47,2
4.0108716120800603,96,97,46,2
2.5102065588806872,94,95,45,4
5.8155661193388903,94,94,60,3
1.3307276645031789,98,99,47,2
5.3157027391138660,90,90,36,7
2.1517894462566707,98,99,48,7
1.0700356232993562,96,96,55,1
5.8794633590999643,98,99,47,0
4.5604791600045749,96,97,55,5
2.1692090063698162,98,99,43,4
3.5015527223471423,94,95,60,1
6.1763191988673842,96,97,44,2
0.3249742259627562,90,90,48,1
5.8288712336530120,92,93,44,6
6.0573826729193438,98,99,43,6
5.4323480370065313,94,95,52,7
5.9701533759797201,96,97,53,3
3.9458405897175668,96,97,46,2
0.5978398792160022,98,99,57,0
4.1614283320718721,96,97,48,6
4.5513200240728384,94,95,41,4
2.2775283857454087,96,97,46,6
2.0734590974148110,98,99,45,4
3.2573874207627647,98,98,56,3
2.9369127296832525,98,99,53,6
3.9054613275536019,96,97,36,4
2.0376138219541038,94,94,57,2
4.7074776754805674,96,96,38,2
1.6770891417669811,94,94,50,7
3.5190008908100019,94,94,44,5
1.0753021344273832,96,97,56,6
4.6022756116701746,96,97,53,1
4.3040583146476461,96,97,49,7
0.6135186963314229,92,93,52,0
1.4192174771568593,98,99,49,4
3.1769905511315542,96,96,51,5
2.1891554928958152,98,99,48,1
4.6757688658548142,96,97,46,6
1.3337885359325066,96,96,47,5
3.4496771501262780,96,96,44,6
2.6753267157764906,98,99,52,1
5.5614587211243327,98,99,54,1
0.7022117832604269,98,99,56,1
1.1340079934355662,98,98,48,7
5.0356416326772901,94,95,52,3
4.5552551407445598,98,99,56,5
4.7103169680349826,98,99,61,0
0.2352210124635910,94,95,50,3
4.9348295779570437,98,99,45,4
5.3407149432035235,96,97,59,1
2.0910664339707483,98,99,48,1
1.6234951510761035,96,97,40,0
5.0293552399746453,98,98,47,0
3.5686630306262082,98,98,49,4
3.5734610477694608,96,97,45,1
5.9195449124882824,98,99,50,7
5.7770376633248626,96,97,50,4
0.3088686095095654,98,98,49,6
5.1692201656679488,96,96,42,4
5.5357688794426121,96,96,46,2
3.2329739529322645,94,95,41,4
3.2455988637762205,96,96,48,0
1.2963416765871270,96,96,52,4
1.7283019933884991,96,97,48,4
0.7070997052863501,98,98,47,0
1.4291448633104986,94,95,43,0
5.2372198610219538,96,97,54,6
2.8113466827718536,96,97,49,1
3.6776477715567184,98,99,50,3
6.1156336038181296,96,97,46,0
1.6147059258586050,98,99,54,7
4.4243104230509651,94,95,49,2
4.1134676443795675,98,99,53,2
4.6046257058817570,92,93,41,1
0.3009628216285248,98,99,49,2
2.0841037243281253,90,91,44,7
3.7646499419767858,96,96,41,3
1.0303160919807390,96,97,48,4
1.3922329423774651,96,96,50,2
2.4349475527556663,92,93,46,4
3.5953285010180380,96,97,46,4
4.6443037760489396,96,97,53,7
5.6819711061881648,92,93,60,6
3.5622477283659815,96,97,49,7
1.2168313415710919,98,99,53,0
1.5890771197236153,94,94,46,3
1.7904395429459936,96,97,43,5
0.1491399005606160,94,95,46,7
2.7927238885434096,96,97,60,4
1.3452076255980969,96,97,40,0
3.2529859379644512,98,98,53,0
3.4961718023267623,94,94,49,6
5.9618740747530214,96,96,45,7
4.2601768724183344,96,97,49,3
4.7880051406426922,96,97,47,7
5.0084462875009175,98,99,46,1
3.2805288301991169,94,95,57,2
4.5091082413681107,96,97,52,6
5.1405212823950599,94,95,57,6
5.3050671857475891,96,96,57,1
0.4541558675667168,98,99,52,7
1.6417643194567537,98,98,52,7
2.9867453641768447,96,96,40,2
1.4360812634175086,94,94,39,0
0.8094630078412370,96,97,43,1
0.6433135295563720,96,97,45,3
4.8528478365999730,96,96,50,4
0.3053295626278848,98,99,57,0
3.4343113798001506,96,97,55,5
3.3720114020539733,96,97,46,2
0.3643053847561085,96,97,59,1
0.2323237116165303,94,95,44,3
0.1125415937255616,96,97,44,0
0.7759986222820699,96,97,47,7
5.3375908348344669,94,94,38,1
5.4808346141687458,96,97,43,7
3.6531121666204043,96,97,49,7
2.5374889648942180,94,94,46,1
4.3899747728792633,96,97,48,2
1.7842800327130190,98,98,47,4
5.9057619440439959,96,96,51,1
0.1433177846437023,94,95,41,6
4.1711991667101040,94,95,58,7
5.5371739571860283,98,99,57,6
5.5333768779495767,96,97,58,2
5.2043913226296263,98,98,47,4
3.8947503832391694,94,95,42,3
0.0829667626216095,96,96,48,0
4.6022937177113619,98,99,57,6
3.3352736033627477,98,99,49,4
1.5767176303819463,94,95,52,5
4.9897702973123952,96,97,53,7
4.3293981615188599,98,99,55,6
3.0518536629926616,96,97,39,3
1.8674565794442739,96,97,57,3
4.6930647296732948,96,96,55,7
5.9103752250296573,96,96,52,6
3.4111944416133295,96,97,53,7
2.9324563104481545,96,97,57,3
3.1624998472452970,94,95,47,4
3.9454832458073317,98,98,52,1
1.6720800042866721,96,97,56,0
2.8614363493640385,96,97,57,7
1.4449134157894039,94,94,50,1
2.5756935370530685,94,95,48,1
6.1975913570940904,94,95,57,0
1.9544192382666299,96,97,54,2
1.6988182889809738,96,97,48,2
0.9146963758243737,98,99,42,5
0.9723932180189232,96,97,47,7
3.0415301426292696,94,95,50,5
3.4482718930790766,96,96,48,6
3.3254006099140478,96,97,42,0
5.8049344492940911,98,99,54,7
2.7641556145236823,96,97,45,5
3.1278240792601482,94,95,54,3
5.2716978509208809,94,94,42,1
4.4515095119298422,96,96,58,6
1.7138683124620129,96,97,52,2
5.2047893702299355,96,96,54,6
3.5657509467272210,96,97,38,2
6.0953670427365809,98,99,58,1
4.1670787588631875,92,93,43,1
1.4387159216073548,96,97,55,5
3.6936025128688299,96,97,43,1
4.6613121146937129,98,98,52,7
2.4266783463412076,96,97,53,3
1.2906587786134991,92,93,55,5
4.1158527905470672,96,97,39,1
2.2448604362920355,98,99,49,2
6.0309880355517107,92,92,43,1
5.6262493022858804,90,90,45,0
1.1468857399059786,98,98,51,4
6.1719441427754038,92,92,48,4
0.3443089105025858,92,93,49,7
5.8904273732125567,98,99,41,2
4.7339542991546306,98,99,51,4
5.2390308092984732,94,95,50,5
0.5998102398278938,94,94,51,0
3.8164373283312329,92,92,50,2
2.7387518551259680,98,98,44,3
4.2713034994145627,98,99,51,2
1.3673728914143390,92,92,47,1
4.5118269331158158,94,94,46,1
3.2655692754979091,94,95,40,7
0.5704070564586646,98,98,47,2
4.4287262492705439,96,96,52,0
6.2176771832193269,94,94,52,7
3.3092000510192126,98,99,48,3
6.0557428592056572,96,96,42,0
4.3921117879977780,96,96,51,7
1.3266541934286986,98,99,53,0
4.0416705172826886,96,97,56,0
5.0997527123747695,98,99,58,3
0.1882436115472112,96,97,50,6
2.5464549796062195,98,99,54,1
1.1034393903118553,98,99,54,1
0.6561255826977170,96,97,52,4
1.2342300203177154,96,97,58,2
6.2668233517429632,94,95,36,3
4.2818759229632288,98,99,50,3
1.4823408121452639,96,97,51,5
0.3347703320733136,96,96,46,0
1.0501498778657874,88,88,48,0
0.4084128608118083,94,94,46,3
4.7256025622212192,96,97,52,2
0.5201775141393762,96,96,47,1
0.1187018888319982,98,98,46,1
2.4430272169353380,96,96,47,7
2.0580144581275621,96,97,42,6
1.0184967706013743,94,94,54,5
1.1680105207982101,94,95,47,6
5.7308472212542734,94,94,52,3
3.6502183628405813,94,95,49,6
1.3853597211145428,94,94,46,7
4.0833968517621759,98,99,57,0
4.7824574641233868,96,97,50,2
3.9969629484401938,102,102,51,2
4.6813381863150711,98,99,41,4
2.3143527133268704,96,97,40,4
2.0644029276198981,92,93,54,6
5.9663475964504809,96,97,55,3
2.7989832977431690,96,97,59,1
0.5844453381236624,96,97,48,2
3.4897898359494008,96,97,54,0
3.3900231722493812,96,96,51,7
0.9014281282934837,96,97,44,4
3.9242421087356716,96,96,50,4
5.7138688242319651,98,99,48,5
5.8917732658346562,96,96,54,6
2.3411869766677413,96,97,53,1
4.9129218285207044,96,97,55,1
4.5854619941451888,96,97,46,4
2.4911708813275859,94,94,43,2
3.2485387470492522,96,96,47,3
0.1052143713173187,94,95,41,2
2.5969884258270421,98,99,60,5
1.8364611475345105,96,97,51,5
1.2850854436726293,94,95,43,6
4.7120227280863141,96,97,58,6
3.5251972378943477,96,97,51,3
0.2343341605065542,96,97,44,2
4.3920332332808671,96,96,47,1
2.1851089092258951,98,98,51,6
0.9614189555240644,96,96,43,7
5.8406081577417179,98,98,59,0
0.5813644794408144,96,97,47,3
0.6527182917456932,94,95,51,4
3.0710715310429966,98,99,40,3
3.3800526366158365,96,96,49,5
2.7479199087570665,98,98,48,7
4.6745250684332227,96,97,44,0
0.6418475219699226,96,96,51,1
5.9892280259983046,96,97,56,6
2.4708611797519602,92,93,49,1
5.6054251604153142,96,97,52,0
5.6455625266200666,96,97,51,3
1.3232224269385828,94,95,50,1
1.9106283932197228,96,96,47,1
4.0302367563857473,98,99,58,7
1.8215500945528282,94,95,49,2
2.1477001892402843,96,97,55,3
3.0922085778845672,100,101,53,3
4.0989885953780147,96,96,50,2
2.4189001608464968,96,96,58,0
3.6929982940273764,94,94,45,4
3.8079589023723299,94,95,49,0
1.4543739463465704,98,99,55,6
0.3394940315509017,96,97,46,6
1.8576036975659389,92,93,39,5
1.2694645107489746,94,95,54,1
5.4728783478001644,96,97,54,2
3.9544756700548240,94,95,52,3
2.4550551796027089,92,93,43,7
5.1080910123065939,96,97,53,3
5.0197338505230240,96,97,53,5
0.9130025271237652,96,97,39,7
4.5240527813348139,96,96,43,1
1.6239014680940098,94,95,44,1
4.5243022892370108,96,97,47,1
0.0185206690907045,96,96,56,6
5.8623044980661314,98,99,51,2
3.0383145200538628,96,96,62,0
0.7402318352374856,96,97,48,4
5.9833044351147651,98,98,49,4
4.0672359115570114,92,93,46,2
3.1614309303867061,94,94,38,5
1.8054936239764368,96,96,50,6
1.0546087571948812,96,96,47,5
4.9885798846383356,94,94,49,4
6.1936026090265548,100,101,52,4
0.8484483655461105,96,97,47,7
4.3525190872445769,94,94,36,1
5.6955082962504857,92,93,49,1
5.5105948247658754,98,99,45,2
2.2600001884504519,96,97,55,1
3.2970839093448494,94,94,56,5
2.2004658915580522,96,97,54,6
3.1310419200569335,98,98,51,0
3.7051820584642896,96,97,48,0
4.8629895407824639,96,96,57,5
4.8850401654473679,100,100,51,1
2.2717865310767853,98,98,57,6
3.7761643523306043,98,99,51,0
5.0689752582142154,98,98,56,5
0.7335141566715077,96,96,44,2
4.2415062152683083,98,99,48,3
2.8955340824236777,100,101,52,0
5.2737463413714307,94,95,53,2
1.9153220348443132,94,95,40,1
2.6465850118976935,96,97,44,6
4.8600794239817517,98,98,58,7
0.3529104244723642,98,99,53,2
2.8493560557800492,94,94,49,2
6.1024432367851169,96,97,50,0
2.9611633856738986,92,93,46,2
2.8049920922944742,96,97,53,5
1.1196080739258754,98,98,50,5
3.5707845602017967,98,98,53,4
5.7409874477457778,96,97,38,2
5.1495386730200634,96,96,51,5
1.9800619812181044,98,98,48,7
0.2373593819359156,96,97,42,2
4.0070895261608808,92,93,37,7
1.5361374256869695,96,96,51,1
4.9282240665604329,98,99,41,4
2.0676067827962008,96,96,45,5
1.2549886039315488,96,97,55,7
0.7477588550914968,96,97,39,7
4.0514957020356679,96,97,50,4
0.3170643457705130,96,97,48,2
4.2425881441599431,96,97,51,7
3.4677410168095357,98,99,58,1
5.7421808175179789,94,94,50,7
5.7218576228017728,96,96,47,1
0.3698576262398691,96,96,51,5
3.7851646062290665,96,96,52,4
5.9744820076043759,94,94,54,5
1.2797156397974507,98,99,51,4
3.7520129434448308,94,95,46,1
3.5409653539280472,94,94,52,7
3.6647700264145171,96,96,46,4
1.8309274958339952,94,94,59,4
0.0185399949213398,96,96,54,4
1.1339186323754218,98,99,50,1
4.2357023913741552,98,99,56,5
3.6895749612679998,96,97,60,4
5.9967685469497232,94,95,48,5
3.1606426427983254,96,97,61,1
0.9661443515599898,96,96,44,2
5.9749161858083077,98,99,58,1
1.1244615558347260,102,103,57,2
5.0688620259338846,92,92,48,2
0.1757113307321628,92,93,45,1
4.3276790358333415,94,95,42,3
3.6808997415195526,98,99,51,4
3.3497085307267227,98,99,52,1
4.0690973884460204,96,97,46,0
3.2196561825394121,96,97,51,7
5.3039609931342531,96,96,60,0
5.6115581348770922,94,95,47,2
5.2377733927048586,98,99,52,3
5.9921272369570655,98,98,50,5
4.9714149696574657,92,92,39,7
3.8984563116365103,98,99,59,6
3.9775261087454865,98,98,48,1
4.1696196872922959,96,97,47,1
1.8920832535537155,98,98,48,3
1.4155149830942850,96,97,52,2
2.6441667359201420,96,97,52,2
6.1475596988794781,98,99,53,2
5.4553595404480477,96,97,57,5
4.5645379719514914,96,97,52,6
0.5801959695217205,96,96,51,3
5.5067052097555553,96,97,51,1
1.0971317539796941,90,91,41,4
2.7759160799071401,96,97,55,7
3.8892855549769871,98,98,52,7
1.3582066667977470,94,95,49,2
1.0847092004832715,94,95,49,0
4.2642284164549862,96,97,60,2
1.8475596815813440,98,98,46,7
1.8481434841818161,96,96,49,3
5.1234959153844031,96,97,58,0
2.1904533699973059,96,97,41,7
1.2985266320626954,94,94,44,1
3.8281296142617007,96,96,51,1
1.1306341853516841,98,99,57,0
5.9420787139490603,90,91,49,4
4.0985887386612943,96,96,42,4
3.5894539464722448,94,95,44,1
4.9232196656114793,96,96,56,6
3.1259368429480596,94,95,49,6
0.1733518765743952,88,89,46,4
3.9361059805213232,92,93,46,2
3.0467502724886812,96,97,52,0
3.2228837384469191,96,96,51,1
3.4669093998111435,98,99,44,1
4.3330762325050793,96,97,48,0
2.2513032138212457,96,97,50,2
5.4527004572468813,96,96,53,5
2.6888194454584857,96,96,51,5
4.5122392551442294,98,99,55,6
3.4055643962546278,96,97,46,6
4.3109628770905637,92,93,44,2
5.6973178125125932,98,99,51,4
1.3934330372868309,96,97,53,1
2.0958461177032364,96,96,48,6
0.1290792189520175,98,99,52,5
0.2959680352869484,96,97,52,4
4.8731210963036737,98,99,45,6
2.0536052002930876,96,97,54,6
1.2549821426249039,96,97,60,0
4.1994984366380566,96,97,45,5
3.1912650741157980,96,97,53,5
2.8416684046107523,98,99,49,4
3.6660262548682518,96,96,46,0
5.7756943824141773,98,99,54,5
6.2202023605398420,90,90,52,3
1.4690183146917932,98,99,56,3
5.5655527253546078,100,100,51,7
4.3981407821185732,96,97,42,6
4.6697997976918941,94,95,51,4
3.7549495660285048,96,97,49,3
3.4257600781438389,96,97,49,3
4.9873079878746713,96,97,40,4
4.2872595492245695,96,97,52,4
5.6463601932064895,96,97,48,4
4.4725476111316587,98,98,47,0
0.4779833141957103,96,97,47,1
1.1474165423164773,86,87,47,0
4.7304414817582296,98,99,50,3
2.6865205681020039,96,96,49,1
5.2507971185426605,98,98,49,4
2.4631210455764685,94,94,47,4
4.0965192093787559,96,96,50,6
2.0101058289306430,96,97,48,2
1.4441727279757031,96,96,46,6
5.0458313120469205,96,97,55,1
1.1185124272573899,98,99,45,4
4.8754059178389664,94,94,56,7
0.1965005480438800,98,98,54,1
4.4887537630718164,96,97,51,5
0.1543313379120246,96,97,53,3
4.9396378435821244,98,99,53,0
4.8845693738631137,92,93,49,5
3.9858437670391225,98,99,47,2
2.1566600316480651,94,95,56,5
4.5704606316414571,96,97,49,5
2.0220933070462985,92,93,57,7
1.0255904558117042,98,99,47,6
3.8660741193649217,96,97,45,3
4.2594150604093244,98,99,51,6
0.8553277366243784,96,97,57,3
1.5536287640122615,96,97,49,7
2.9153736222136448,96,97,51,5
1.7024835017732980,94,95,48,3
2.3206966004767700,94,95,48,7
0.7371224717838850,96,97,56,6
1.7280789640129171,98,99,56,1
3.8891567632752158,102,102,55,0
3.1114781499175597,94,94,51,0
5.3770495315607647,96,97,48,6
2.7549423544374161,90,90,54,1
3.6758748060187378,96,96,59,3
1.1803934018517730,94,95,50,3
1.9059482312006579,96,97,48,0
2.0007364761380066,96,96,47,7
3.7744328561205545,94,94,51,6
6.1664632068531677,96,96,46,0
0.9476090817105268,96,97,40,0
2.9165299318156670,96,97,44,0
2.6162317933066879,94,95,51,2
2.5323876917116008,96,96,49,1
5.1960532484506432,92,93,43,7
2.4902130639371918,98,99,44,3
1.3743962125840159,96,97,51,7
5.4193929787031250,96,97,54,6
0.1585196072322467,96,96,47,5
5.5990198832734022,96,97,46,4
2.0681859870360237,96,97,45,1
5.2415790681157608,94,95,53,6
3.8693482985680330,90,90,42,1
6.2110392601519591,94,95,53,0
5.1267704052383563,94,95,37,4
0.9590152980742634,96,97,50,2
2.8421161105585964,94,95,43,2
3.2439639577633228,96,97,45,3
3.2669640560982045,98,99,53,6
5.0770221373023690,94,95,51,0
2.1197650512278670,98,99,60,1
2.0995190308663170,94,95,52,5
3.4437518243054539,96,97,41,7
3.7727158356419750,98,98,52,5
2.2104406430051582,96,97,42,2
4.6965527997099610,94,95,50,7
1.5997092478495265,98,99,44,3
3.9513494986384226,96,96,49,3
4.9292472221575414,96,97,43,3
3.1178562924778048,98,99,47,2
3.3972961640693939,98,98,60,3
2.0454366479190331,96,97,55,5
6.2118163741663777,96,96,43,3
1.8380692220138219,96,97,55,1
0.9864950561168316,96,97,54,2
4.7702559265842019,96,96,50,6
2.6861742074050987,96,97,51,3
3.6456491143884766,96,96,47,1
1.4529497259169089,94,95,51,6
5.8301566526554689,96,96,45,1
3.0774008394928356,96,97,43,3
3.7277449347470415,96,97,55,1
2.9579910442382999,96,97,52,6
1.1584397971373039,96,96,53,7
6.2255962142348515,96,97,53,5
4.3403437429580931,96,97,47,7
3.4987523603353994,98,99,67,6
4.9782372136000221,92,93,50,6
6.2084693704064247,96,97,48,4
0.7419441841941232,98,98,51,6
3.4692915469723724,94,95,45,6
0.1271619896238647,96,97,48,2
5.9204826262281385,94,95,43,2
1.3147286939690725,96,97,51,5
0.6479913163316821,100,101,52,4
0.2277002544098077,98,99,44,7
0.3412820691374126,98,98,43,4
0.7380184031438733,96,97,56,2
1.9191678696882508,96,96,50,4
4.0784782624936380,94,95,46,5
6.1613083217154925,98,99,55,2
4.4484347893192142,98,99,45,2
3.3068372751768904,94,94,35,2
0.6482655894293636,96,97,52,4
5.4236079940452946,94,95,52,1
5.8340188627199439,96,97,48,6
6.0400376093681762,96,97,61,1
3.4426847663519022,94,95,48,1
5.9663211843263806,98,99,49,0
5.1659858373934400,96,96,51,1
4.7125548278458913,96,97,59,3
2.4858258015270946,98,99,51,4
5.0053084985170457,96,97,49,5
4.5907316897737322,92,93,44,2
0.0714298087409307,94,95,47,2
4.6478436121364908,94,95,48,7
6.1174983366022113,98,99,48,5
5.3341526323354165,94,95,49,2
3.7175187269381627,98,98,51,0
3.7515187247984283,94,94,39,0
4.5057018820300732,96,97,53,5
4.2810918070904398,98,99,55,2
1.3952905005159175,98,99,50,3
5.6579752412222595,98,98,50,3
3.2737611363222126,94,95,49,4
5.4064971330842102,96,97,48,6
3.3572041048084480,94,95,41,4
1.3288619652543827,96,97,50,4
4.3451150375611487,98,99,48,3
2.7638987323606297,100,101,46,2
4.3220209042093307,94,95,43,2
4.5356400795283047,96,97,53,7
6.2333849105003507,96,96,46,0
2.8715602769875157,96,96,54,2
5.7718964743537295,98,99,41,2
4.6604185492193029,98,98,52,5
4.9517800985567826,96,97,51,7
0.4596341799544699,96,97,52,0
4.7456133184124916,90,91,49,0
5.4265379463930197,96,97,61,3
5.9017084986937132,96,96,46,2
0.8683352869210189,94,95,52,3
2.7292292480747640,96,97,53,7
4.9670198380135089,94,95,45,4
4.5021169354091448,96,97,55,5
0.7274582620273756,96,96,45,1
3.6438081658494008,96,97,55,5
5.4774504016565810,94,94,44,1
5.2589916453089085,96,96,55,5
2.6682576123773409,98,99,55,6
2.3532745137875342,96,96,42,6
2.0838889369584663,92,93,43,1
0.6104198425966293,96,96,53,1
3.5397690637312413,96,97,46,2
5.1236499511174571,98,99,49,0
2.4107692270001575,98,99,50,3
2.5688997812897787,96,97,51,3
5.4174237771576763,92,93,49,1
2.3551631036353569,94,95,49,6
0.2621220781162495,94,94,51,0
4.6056213372676922,96,97,46,6
2.1862327403321791,100,101,55,7
4.1458868577371577,96,96,43,1
5.5790344158141121,96,97,47,7
5.9294243294020399,98,99,50,5
2.9172437265137918,94,95,52,3
5.6938995137541841,96,97,52,6
1.6062583164649695,98,99,54,5
3.6969702622094087,96,97,46,6
0.9630318974395617,96,96,47,1
1.6338421200101922,98,99,61,2
2.3587632301142860,96,96,50,4
0.8830414179010959,96,96,52,6
4.7646398415870985,96,97,59,5
5.5114964767534484,98,99,57,6
1.2299649323071236,96,96,43,5
0.4862518104070866,96,96,45,5
0.8798135750344280,96,97,48,2
5.1942582138407838,94,95,43,2
0.8927856165609672,96,97,53,7
3.1176393186941875,96,96,51,3
1.4112649946138009,96,96,50,4
1.4937347111898891,96,97,57,7
4.3318837228625471,96,96,47,7
4.4437635702452942,90,91,49,0
0.5162108604279021,96,97,51,3
4.4471712554475902,94,95,43,0
3.0441480523269782,92,93,48,0
0.9983490942932451,92,92,53,1
3.1641193516777948,98,99,50,5
3.6618503569729781,94,95,50,5
4.7166833764356912,94,95,50,3
0.6985067958215053,98,99,52,1
2.9203765352990469,98,98,44,1
3.6075308152543801,98,98,52,5
3.5035692156574996,92,93,54,2
3.0776017375156903,98,99,48,1
5.0578161475642425,96,96,52,0
0.1346170841830837,98,99,51,4
3.7338685226964867,94,95,39,2
6.1236437568902682,98,99,53,0
4.6993980318976725,98,99,43,2
0.1388381297034169,98,99,51,4
6.1665952762463041,98,99,56,5
4.5324632615936231,96,97,49,1
3.6769830683908467,94,94,52,7
5.3532679442948155,96,97,53,1
3.4526395130604954,96,97,50,6
3.6868829744024461,94,95,43,6
4.3238513623925758,96,96,53,3
1.1401354089460023,96,97,54,6
3.9120468646215985,94,94,43,0
2.7997780266787347,98,99,52,3
6.2357421954525574,96,96,49,1
6.0109789325792864,100,101,54,4
5.5456726886187999,98,99,47,2
3.8444650857204281,94,94,43,4
5.1742086007669297,98,98,59,2
0.9629844051869703,98,98,47,0
2.3435558574084183,96,97,56,0
5.3109101198492450,94,95,54,3
0.0540821766014787,92,93,43,7
0.8036879836566050,96,97,58,4
4.4415224325878695,94,95,48,7
0.4754335474216900,94,94,53,2
3.3185181454837727,90,91,40,7
6.1808675379028539,96,96,52,0
0.5839422045566599,92,93,46,2
1.2540355247310739,98,98,51,2
2.4030303736626437,96,97,49,1
1.2626773693177669,92,92,46,2
6.1800109668195100,96,96,56,4
0.9321898710014106,100,101,56,2
3.6538507850363091,94,95,52,1
2.0713953855660261,92,92,54,2
1.4649371404102705,96,96,51,1
2.0808226087485839,96,97,52,2
5.0932560761997880,94,95,48,5
4.4299303537448775,98,98,47,6
2.1741312799480830,98,99,50,7
5.1185063772791830,98,98,45,6
0.4599087769390230,98,99,52,1
6.2289691122627735,96,97,45,5
1.0390980645961347,96,96,52,4
5.0909374326787145,94,95,42,3
3.3034610322884284,96,96,46,0
1.7597603892273133,98,98,50,1
3.9718258382141642,96,96,43,5
4.3248700720995688,98,98,45,4
2.9042581707532897,98,99,52,1
2.0957303431345311,94,95,55,0
3.3275551902574438,96,96,47,1
4.1792048439486305,98,98,51,0
5.0704517943057352,96,97,52,4
5.8508805541474391,96,96,47,3
0.2279488069010628,96,97,50,0
6.1555015082437956,98,99,59,4
4.4015465705942205,98,98,45,2
4.5793317868599894,98,99,50,1
1.0474077903090664,98,99,52,7
1.3245135951014266,98,99,49,6
3.2821018276651492,96,97,50,2
1.1208398876714620,96,96,43,1
1.1923724120973036,96,97,54,2
5.1157605252556371,96,96,44,2
1.4817789218244635,98,99,54,3
2.3203921888877299,92,93,46,6
0.6449920020822677,98,99,45,2
6.1544946080353586,98,99,55,4
5.7158230949220155,92,93,47,1
0.0717701798667566,96,97,52,0
2.4319913603847523,98,99,54,3
4.8576644829351032,94,95,53,4
5.7384349811235156,98,98,51,2
2.0015207784502511,98,99,56,1
4.4705392326725351,96,97,53,7
4.5649683550608753,94,95,55,0
5.5689689053248701,96,97,46,2
4.9913966008820738,96,97,50,0
0.7508003678990367,98,98,49,4
2.7123548353831661,100,100,60,6
0.6062968851367682,94,95,49,0
5.2494694339612762,98,99,38,5
4.3330050209253521,94,94,53,6
3.8932331786899406,96,97,55,5
2.6728590915782724,96,96,54,4
1.9910197436999340,96,97,49,7
5.2017019625033170,96,97,52,2
0.4193164163541752,94,94,54,1
5.8320454139916844,102,103,52,7
4.0176571400624672,98,99,48,7
4.3005952256079594,96,97,55,1
3.5318768187783394,96,97,44,4
0.7511348538461310,96,97,52,4
5.0573092551003151,96,96,55,5
5.0026309308133809,96,97,45,3
5.3831614228563547,96,97,53,7
0.4515707431019012,94,94,48,1
5.2098294670186949,94,95,45,0
4.3155340585655262,92,93,43,5
5.8536961132528527,98,98,56,1
3.9343077116847538,96,96,53,1
1.7983574749495241,96,97,49,5
0.4276371595696329,96,97,50,4
0.1164671547579709,94,94,50,5
2.4534955118086552,98,99,50,7
2.6355845119225658,94,95,48,7
2.8810784035969017,92,93,49,5
5.7677676088287493,96,97,51,5
0.3510619712586792,96,96,53,1
1.4453424206903596,92,93,49,7
5.9374653534211239,96,96,56,6
1.5844661443739891,96,97,50,2
2.6679483461230862,94,94,50,7
1.0560900333014795,98,98,45,2
2.6714096933878806,98,98,55,2
2.8905167864614989,92,92,52,4
3.2523394045987808,96,97,51,1
1.7684573648920627,98,98,54,5
5.2699955059658876,94,94,50,1
4.4701698192455694,98,99,50,5
2.6184183804824204,96,97,49,1
1.2406342502477703,96,97,47,1
3.8990705185855337,96,97,58,0
0.3613564475866127,98,99,55,6
0.1527043214579992,96,97,48,2
5.3723043479140431,98,99,50,5
5.1995274126612552,96,96,49,7
5.4387047425931252,96,97,53,7
1.3354214889949287,96,97,42,2
5.3448481265112120,96,97,48,4
6.2152639707818755,96,96,56,6
0.2991318112226912,94,95,45,0
2.8012534553745914,96,97,43,1
1.7004249050468940,98,99,45,0
0.0272865711723516,94,94,48,3
4.1546100675700099,98,99,38,5
2.2066710060229355,96,97,41,5
4.3093968809891976,96,97,51,7
2.2404031003556231,98,99,51,4
2.4796227510115294,92,93,51,1
6.2050076284583602,92,93,54,2
2.6355659232225030,94,95,58,7
2.1733324238716776,96,97,41,1
2.5077539490870109,88,89,42,6
1.3989240837539443,98,99,47,4
2.3469267764557569,96,96,58,2
4.9649491762295730,96,97,50,2
1.1761224506996788,96,96,51,1
4.3419733908537603,96,96,49,1
5.1053186864056093,94,95,48,7
2.7091276485030527,98,99,50,7
0.7277298413644934,96,97,45,5
4.5779992113395434,96,96,49,3
2.2374217982174183,98,99,51,4
1.9392094915782403,96,96,48,4
5.8397109321617977,96,96,54,6
1.6645980800851246,98,99,55,2
5.0024117812627580,96,97,48,6
3.1819307955116729,98,99,47,4
5.1685140662997542,96,96,48,4
2.7255542917183639,94,94,47,6
3.9055309014074227,98,99,48,1
3.7171090593292426,90,91,50,5
6.0764615074450994,96,97,44,4
4.7134820837176639,98,99,56,5
0.7682286806902158,96,97,52,2
1.2700226678723530,96,96,39,7
5.4748687406320853,96,97,51,7
0.7561307747047917,96,97,43,7
1.9789941361733594,96,97,49,5
5.0764615088075367,98,99,54,1
1.7213724992216932,94,95,51,4
4.1532450907151750,96,96,49,7
0.8979310420421465,94,95,49,0
4.3036463160367981,98,98,52,5
3.5169908878591052,96,97,55,3
3.2558831693755979,98,98,57,0
2.9497496386848017,94,95,44,1
5.4646771467114439,94,95,44,7
0.4194122682277147,94,95,44,7
2.3384950910292384,96,96,50,2
0.3997177204608068,94,95,42,3
2.8987241999276181,98,99,48,3
5.6208661403482205,98,99,54,5
6.1909046727538843,96,96,43,3
1.1619536417038121,98,99,58,1
4.3518005346528232,94,94,49,2
0.5722721837463882,96,96,48,4
3.1384807539601223,96,97,44,4
2.2708260576489203,94,95,41,0
1.1422717371981268,98,98,55,2
3.8469937109260632,98,99,43,4
3.1064482936108724,96,96,51,7
1.6336107370248651,94,95,47,0
1.9842095755477134,94,95,45,6
5.2203360482848336,96,97,47,3
6.2469685589411998,96,96,49,1
0.4537098488852176,98,98,60,7
1.8383214355765172,96,97,48,6
3.4338757117456042,96,97,54,0
1.7211303870406589,96,97,53,5
5.3064920421486059,92,93,44,0
2.1215812435474124,96,97,42,4
0.9120529445065048,96,96,54,2
5.0812681109064153,96,97,56,0
1.5781202728949346,96,96,48,6
5.6022631776004790,98,99,47,0
2.5329801197483652,92,92,52,6
5.1733496023592469,98,99,54,1
5.5289242382590063,94,95,42,3
5.9655322409402753,100,101,50,4
0.0471694392056584,94,95,47,0
4.5538239679598345,96,96,41,5
5.7531767131176386,98,99,43,0
2.7556748010094467,96,97,54,6
0.8127433756191217,100,101,50,0
6.0823784213320131,98,99,49,4
0.3134230435344446,98,99,50,3
3.5992763165297532,96,96,41,3
5.4374066910501107,98,99,51,0
2.7285473719837321,96,96,47,3
1.9969152561999171,96,97,48,0
0.9483986702093066,96,97,46,0
2.7692088291179409,98,99,55,4
3.8762366705520561,98,99,48,1
0.7814670176257583,98,99,50,7
1.8924126599519702,96,97,48,6
1.5916866219839410,96,97,51,7
0.4498950175551247,94,95,53,2
4.4557588876323742,96,97,48,2
3.7370624251614850,94,95,49,0
2.9473768225392365,96,97,47,1
5.9324096501025663,96,96,43,1
4.6027656993282147,98,98,45,4
2.3780122967977544,98,99,55,6
1.4108746644381986,96,96,39,7
2.0247941170235060,94,95,52,7
1.2088254769646549,96,97,62,4
5.4260356653084303,94,95,48,1
0.1471828168829053,100,100,50,6
2.3291368907239689,96,97,52,2
1.8442035886598664,94,94,43,4
5.4002339071933818,96,96,54,4
4.2276551371224667,96,96,52,6
3.3321517885734999,98,99,44,7
2.1379904875902667,98,99,50,1
2.7221395809302749,96,97,47,1
5.9600522151093411,98,98,48,5
2.3724176830214629,96,96,40,2
2.3559067631679023,98,98,57,0
3.6781521245981836,94,95,50,5
0.0618991879435932,94,95,43,2
5.8723156544949253,96,96,43,3
4.4534249798873429,96,96,50,4
4.4172657857365731,94,94,59,4
4.9146401978675849,98,99,51,0
4.6440141864059310,94,95,51,2
5.0658422740941820,98,99,48,7
4.8589079745155495,94,95,40,5
3.0887496026169430,96,96,45,7
1.6035991004876182,98,99,52,5
3.5286484634858586,96,96,49,1
3.1795155152129069,96,97,48,0
4.5872633273033729,96,97,49,3
1.0678260019640127,96,96,43,7
4.5515002991824085,94,94,44,7
2.0749229927413979,94,94,52,5
5.3810892046427066,98,98,53,2
4.3717129214669646,94,95,44,5
5.7343537359927277,92,93,47,7
5.2400544037734242,96,97,47,3
0.6674068521999197,96,97,50,0
4.0104289716683761,96,96,46,0
1.2657501264159967,96,97,38,6
2.4737928027155185,94,94,52,3
5.5151413539831546,98,98,47,0
1.0343860937757021,96,97,51,1
3.8973520118332230,98,98,57,4
3.7363995313500258,96,97,43,3
0.9260147559075561,96,96,39,7
1.4794898953876097,100,100,51,5
1.0982253163296900,96,97,52,2
5.8770806307035839,96,96,51,1
1.7428288491329298,94,95,52,5
