theta,t_count,h_count,s_count,w_count
5.0924876067290858,96,96,50,4
6.1689463374906275,100,100,51,7
0.7404138395437513,94,95,44,7
0.2308014551537489,96,97,52,2
3.4184518583836980,96,96,53,1
3.1940199846325568,96,96,41,1
0.4390923426441191,100,101,60,6
2.8934078924030202,100,101,48,2
2.3078571134323043,100,101,55,5
3.1978244784181027,100,101,54,6
3.1661231145585185,100,101,54,0
3.4063515944632328,100,101,52,0
1.6348055670670794,100,101,46,6
3.1346068703254355,98,99,48,3
6.0420585763721304,102,103,44,1
4.5595998418798418,100,101,54,0
4.1227017682022433,96,97,53,7
1.4510061585859295,100,101,49,1
4.7740047533442613,100,100,41,5
5.1845838838281688,96,97,48,2
4.4436810699091600,102,103,54,1
3.0652044727508008,96,97,48,6
5.1900786840641615,98,98,53,2
1.0157804898991583,98,99,53,0
5.1362448243070240,100,101,49,3
2.6622140839151722,98,98,50,7
0.3863138755795436,96,97,42,2
1.1265030156779392,96,97,56,6
2.5030318145456962,100,101,58,6
3.2423894234469222,100,101,55,3
1.1261642594408754,100,101,55,5
3.6061701740230894,98,99,45,4
2.7213812358315415,100,101,46,4
1.3240000387451447,100,101,57,3
4.5380090709789203,98,99,50,7
1.5797239631404354,98,99,49,2
4.5246338780845949,100,101,49,5
4.9341181421435492,98,98,46,5
3.0048616589937378,100,101,61,1
4.1682765369084143,98,99,45,6
4.3129227740390892,98,99,51,6
0.3053658459786614,100,101,60,4
1.3505722938447711,100,101,46,4
5.3859978641183863,100,100,48,6
1.5009630205575499,100,101,58,4
1.4324471577376543,100,100,55,3
2.8216145549473102,98,99,47,6
3.3555592825583389,98,98,58,5
3.3213413396150968,100,100,38,0
2.2901321829235366,100,101,47,1
1.8293039732867886,98,98,54,5
4.3308388648685607,100,101,55,3
3.3864423372167396,100,101,55,3
3.1426633083335878,100,100,57,7
6.0088063621069443,96,97,50,2
5.1973766307145244,100,100,49,5
4.8407533494412176,96,97,48,0
5.1006495774095573,100,100,53,3
0.6212051705913784,96,97,54,2
5.0560241928408773,100,100,53,5
4.3755512034165109,98,99,48,5
1.8673896921418325,104,104,54,0
1.7870979610924358,96,96,48,2
1.2877537268944694,98,99,48,7
6.0904457131987852,100,101,44,6
5.8682380329643085,100,101,44,4
0.8665633835592188,100,101,52,4
1.2647074457652394,96,97,59,5
1.0074553124414729,98,98,44,5
5.6224533602843589,100,101,48,2
2.1913496252730043,98,99,52,1
2.9496581123280361,100,101,54,0
0.9094665748955081,96,97,54,6
5.1694474226704976,100,101,54,0
4.1507539805544535,100,101,49,3
3.6948939876853508,98,99,57,6
2.3553868741070851,100,101,55,3
1.1575549780640744,100,101,52,4
0.8082878142731963,98,99,47,2
2.1592365844019574,98,99,50,1
1.1599922265002949,100,101,55,5
3.7322308705379990,100,101,51,5
3.4784547678065976,100,101,52,6
5.7322478001605646,100,101,50,2
3.9348600366853863,100,101,50,6
2.2772346471255092,100,101,45,3
3.6697489103530980,96,97,48,6
0.1800917150285959,98,99,41,6
6.0643902214926326,94,95,52,3
5.8250446271503096,98,99,58,3
2.7182790112801167,102,103,47,4
0.7003166143593922,96,97,39,7
6.2518289835333665,102,103,56,5
3.5438092709131905,98,98,54,3
2.8905784579420617,98,99,51,6
4.7258654639219584,98,99,56,7
4.6996464355251897,100,100,46,2
2.1218344775596631,100,100,46,4
1.4320539567033490,98,98,55,0
5.6442616786167692,98,99,51,6
2.4587600638088136,100,101,58,0
4.2027264660100494,100,101,59,3
4.0530824483227246,100,100,59,1
6.1091793780149715,96,96,51,1
3.7384917012636669,100,101,50,0
4.5664611208924297,96,96,44,6
3.4537919979991671,100,100,47,1
0.5121378972951328,98,98,46,7
5.3661479065543753,100,100,58,2
4.6312137198568095,100,101,47,5
4.7429946153736866,102,103,47,4
1.5438898434574102,100,100,56,6
5.2048197517024519,100,101,50,4
3.8881326258243654,100,101,49,3
4.1782011300598070,100,101,59,1
2.0252700850321421,96,97,53,7
5.1118190226866211,100,101,45,5
2.1682931993119787,100,101,51,1
5.6257764922611209,100,100,52,0
2.9797978140137280,98,98,64,3
4.5744621074442886,92,93,53,5
1.0367765295731854,98,98,41,0
2.6235117925989782,98,99,50,3
1.1251803612438782,100,101,52,4
5.6921014085983748,98,99,46,3
3.4309205442959603,100,101,54,4
3.3678571148612644,98,99,54,3
0.3016752073454658,100,101,51,1
0.8701498562199345,98,98,50,7
4.4774072853514468,98,99,46,7
3.7328141678454969,98,99,52,1
4.2018633223139510,102,103,60,7
0.5885738814123656,98,99,44,7
3.1200871046019354,100,101,46,0
5.4707456903985445,100,101,60,6
1.2207603429844720,94,95,43,4
4.8027121338493588,100,101,47,3
6.2784992172862220,100,101,58,2
2.5330892132729157,100,101,50,6
4.8167064660370187,100,101,55,3
3.9992691556395563,100,100,50,2
2.9359871854853874,100,101,53,5
0.3379723819916927,102,102,58,5
0.7785408916328194,100,100,42,2
1.8786306614662720,100,101,48,4
1.8136413985506090,100,100,64,4
3.9288398929674537,94,95,51,6
3.2204150652298753,100,101,46,0
0.9981341057100601,98,99,48,3
3.0300727331166719,96,97,49,7
0.8064459701634565,100,100,43,1
3.9672017372602002,100,101,56,4
3.0973210128481052,98,98,50,7
3.8056771870603616,100,101,46,4
0.8384999104685985,100,101,52,0
5.4929779685340101,100,101,40,2
5.2159755303859168,102,102,52,5
3.4373956665219856,100,100,54,6
2.1726302230782100,102,103,54,1
1.4567476963392456,100,101,54,4
2.2682646954708146,98,98,54,7
5.5572260589115885,100,100,46,0
3.8681832649721049,98,98,40,3
2.5748892645826258,98,99,50,7
5.6183157100658212,98,99,47,6
4.0779203324319209,98,99,53,0
2.0211332944942901,96,97,45,7
1.8343441334476860,98,99,50,3
3.5087485289130851,102,103,56,7
1.1150357424197910,98,99,47,2
2.9929688375419059,100,101,52,0
5.4791424968318525,100,101,46,0
1.3744505002101133,100,100,54,2
4.7888818750196256,98,98,41,2
1.8329438114030292,98,99,58,1
3.9929500010622609,96,96,55,1
4.5151423233223822,98,99,51,6
0.0484041390047589,100,100,55,1
2.4480792814523746,98,99,50,7
1.3623407933601077,100,101,60,6
0.9106883883258466,98,99,52,3
5.7943941965427843,96,97,49,5
4.6752867741116448,102,103,61,2
1.5044842484925984,100,101,56,4
2.2657137891140491,96,97,55,7
1.2561218100273113,100,101,47,7
1.6469233874117548,98,98,59,2
2.5413001772441675,98,98,56,7
2.6659599569232189,96,97,51,3
0.7021908974182448,100,101,55,1
2.7251403794918168,96,97,52,6
5.4722704034741909,98,99,52,1
2.0277026489422103,102,103,52,7
4.2174069667198948,100,100,50,4
5.4270848645672940,100,101,50,0
3.3038015969626016,98,99,49,0
0.1755867991781701,98,99,52,5
0.5082700806880623,96,96,45,1
0.2004775531853936,100,101,52,2
0.9851190257621196,102,103,54,1
1.7841506987799254,102,103,59,2
0.6344042064142307,98,99,50,7
5.4064903799773543,100,100,55,1
5.9159938414304918,98,99,56,5
2.1742368946068802,100,101,53,5
2.9702403461376945,98,99,54,1
5.6264081236990435,98,98,50,5
3.6983754678491381,96,97,49,1
0.8499272025448554,98,99,49,6
0.8279660568012318,98,98,57,2
3.2995539695593568,98,98,50,1
1.3840598620276616,98,99,45,4
4.0104229426093783,98,98,45,2
3.2880049115027830,100,101,48,4
1.0639209101143456,96,97,48,6
1.9530139398710442,100,100,58,0
2.3333706937374874,100,100,45,1
2.2512836179445421,100,101,55,1
3.4552228670848915,98,99,49,2
2.1367032226048330,98,99,50,3
0.9871407163388256,100,100,47,1
4.9457719123192376,98,99,45,0
1.0840579724382859,98,98,52,1
1.5180295707900351,100,100,51,3
3.0359673522575976,100,101,44,4
6.2332965802137075,98,99,54,7
3.6573605205284987,98,98,53,6
2.1872108105618344,98,99,55,4
3.0427711402150459,98,98,52,1
5.6808587455799584,102,103,53,0
1.2205878639131347,94,95,47,0
2.7832969443093676,96,97,45,1
4.1150563091467527,98,99,54,1
3.4243177802967280,100,101,59,1
5.5079729150624148,100,100,55,5
2.7779635344743125,100,101,48,0
2.4389123366056453,102,103,50,3
3.8844292898872386,94,94,50,3
0.7481542650345586,100,101,51,3
5.0723510831841123,98,99,56,1
5.2697785021251073,94,94,45,6
3.8778296751019203,100,100,54,2
1.4864656257129383,100,100,46,0
3.2380122534715676,102,103,50,7
0.8007514559137968,100,101,51,5
5.8455119497079080,100,101,53,3
0.5397613601445582,100,100,52,0
4.4022546407497094,100,101,54,2
2.5407403558074333,100,100,63,1
1.1266243074194640,98,99,48,1
3.2453373903079554,100,101,53,1
5.8759737710465512,98,98,48,7
1.2404475093794276,96,96,44,4
5.7853591168152523,100,101,49,7
3.3971295811055540,100,101,60,0
1.5965604739180050,98,99,50,5
1.8371280826648215,96,97,50,6
4.7226899774752491,98,99,50,7
4.1676517652043286,100,101,48,2
0.2530937672034267,100,101,50,2
2.0893416097766537,100,101,49,5
4.9451398609825477,96,97,50,0
4.9692723589917565,98,98,46,5
6.1379931871691547,94,95,56,3
2.1409792777817951,98,98,53,0
6.0205212096030083,100,100,58,4
6.0405299494908613,102,103,49,2
0.7100821112097355,100,101,50,6
0.9194713244166359,98,99,53,6
5.2141780638976938,100,100,47,3
3.5326481148999935,98,98,52,7
4.7376646307990304,94,95,50,5
4.0590875410185880,98,99,59,2
1.1077466073218418,96,96,47,1
5.3482434832568879,96,97,56,0
6.2326873675223711,102,102,50,5
4.4869516211621105,100,100,56,0
2.7163283376605865,102,102,44,5
4.7549111243647824,98,99,48,5
3.6613869783044177,100,101,54,0
2.1426792900957436,100,101,49,1
2.5381261730172784,100,100,63,1
3.6852360095161290,100,101,55,3
6.0913997024926800,96,97,42,0
3.5064643707107956,96,96,56,6
2.5112580946120246,92,92,41,7
4.7218701645542653,100,101,55,3
3.9345041015251350,102,103,64,7
3.2689281370976779,100,101,57,7
6.1023904803046749,98,99,58,7
2.3295529827684343,98,99,52,7
2.2471012542002029,96,97,46,0
2.7592398019941600,96,97,52,4
1.9487487573805089,98,98,45,2
3.4186614584519934,96,97,52,0
0.2897501842627078,96,97,56,6
3.9219612684703202,98,99,50,1
4.5279161494549163,98,98,43,6
1.6746342572843702,100,100,46,2
0.9039209542671316,100,101,53,7
3.5251247528834848,98,99,50,3
5.2088033541684675,100,101,54,2
2.0818781217490301,98,99,48,5
6.0070700425448669,98,99,53,6
4.8760456400629852,100,101,48,0
6.2434855086165735,98,99,52,5
2.9046846671002067,100,100,51,3
0.2027486527335527,98,99,54,5
0.2806423506616563,100,100,46,2
4.7759534962409997,100,101,54,6
4.3163329679299283,96,97,56,0
0.6282836667569971,98,98,53,2
4.8643971794672849,98,99,51,4
0.6512891650810773,100,101,50,0
2.5350879339000807,100,101,55,1
6.1588082484947790,98,98,51,0
3.2511501618472383,98,98,56,1
3.0022868541223451,98,98,60,3
2.9484586618639383,94,95,54,3
3.2034623984003789,94,95,54,5
0.8813314400280358,100,100,48,6
0.3484185586465050,100,101,55,5
3.2098084162972942,100,101,51,1
1.1041043329115041,100,100,56,6
0.5717616358558549,100,100,55,3
1.4032672879326900,94,95,54,7
3.9569627285435245,98,98,51,6
5.1132920164828928,100,101,48,6
1.6026779727435709,100,100,57,3
1.5610519317161977,100,101,46,0
4.3152043201385251,98,99,52,3
5.6464469406884970,100,101,62,4
2.6269478809011733,100,101,51,3
1.2468672803205034,94,95,39,0
1.4308603423436557,100,101,44,2
3.4073585858048538,98,98,35,0
2.3718608993912524,96,97,49,3
1.6535243561161759,98,99,51,2
4.6864023019562548,98,98,59,6
1.1963297517598168,98,99,49,2
2.7213683775466513,100,101,55,1
4.2767340903632212,98,98,49,4
0.2591793594040935,96,97,48,4
0.5785134841998267,100,101,55,5
4.2682239595785152,100,101,62,6
3.3997706383539681,100,100,49,1
5.2624014327927888,98,99,52,1
2.6084865456413371,98,99,48,7
3.3749780161897056,102,102,45,2
1.9929753821580154,98,98,55,6
2.4333138148636206,98,98,48,3
0.0194676254089980,98,98,42,3
1.0248252744425803,98,98,47,0
3.7901604593873781,98,98,39,2
6.0284236876958612,100,101,58,6
4.7016292633176890,100,100,55,7
3.2716853888221404,96,96,43,5
3.8571294424121776,100,101,52,0
5.3323037114228669,102,103,48,7
5.4961984603235798,100,101,41,7
0.4699745939420089,100,100,45,3
3.2204484894446095,100,100,57,5
2.7237075560444146,98,99,54,3
1.5595237174336294,100,101,40,4
2.9838299370972736,100,101,43,1
5.9110747503058514,100,101,51,7
4.5776919192383376,100,101,47,3
3.6579596491073443,100,101,53,7
2.4665483347701764,94,94,52,1
1.9007952287002765,100,101,43,1
1.2599438860499030,100,101,51,1
2.1904413065435593,102,103,54,3
5.0882190594950041,98,99,53,2
0.4919409714659811,96,97,52,2
4.2121146650099073,100,101,49,5
3.1282835266329680,96,96,50,6
0.8644655884933210,100,100,57,7
2.1282654611533656,100,101,54,6
0.2066907542281892,100,101,50,2
4.7878272705997071,100,100,51,3
3.4222854370776994,98,99,43,0
5.4742883997871647,100,101,50,2
1.0023355727187444,98,99,50,3
6.2216041427691540,100,101,56,6
0.8453339205654051,98,99,50,7
0.7070465996834264,98,99,49,4
1.0290268827126607,100,100,55,7
1.4458515849904308,100,100,49,5
0.6584645828279984,94,95,49,6
1.5676283626124496,98,98,52,5
4.1080287256186345,100,100,50,4
0.6497205638646246,102,102,61,0
4.9018209384887239,104,105,49,5
6.0905469085431587,98,98,47,0
2.1703882911746364,102,103,40,3
1.1031038378744793,98,99,52,3
3.9225495879398764,98,99,41,0
1.3792469530752700,96,97,46,0
1.7380950965051751,98,99,42,5
6.1674214712120063,96,97,52,2
2.5884777359002391,98,99,58,5
0.7728586887452051,98,99,51,6
3.0906314525458813,98,98,42,3
1.2143732478053928,100,100,52,4
2.4243924420050735,100,101,56,0
4.4171276450095043,100,100,46,0
3.7929138985400002,98,98,52,3
3.3937751442629875,100,101,56,0
2.3620357064528701,98,99,51,2
4.8668361214080695,98,99,53,2
5.5612773809098961,104,104,69,1
5.1830105383148624,98,99,42,5
5.1113795001691162,100,101,56,2
2.8939169409117644,98,98,47,2
0.3134485765677678,100,101,60,4
5.5573836607594043,98,99,49,6
3.8491554763189808,100,101,53,3
5.0303993572974255,100,101,56,4
0.2525722295560454,102,103,52,3
1.0502449573103596,100,100,49,1
1.3881886781935835,100,101,50,6
6.0805916286214909,100,101,48,2
4.0305138277632313,96,96,43,7
4.6263525493014717,96,97,54,2
0.0885850986498836,100,100,46,6
0.6042838997799568,100,100,45,5
0.6884021117151876,98,98,48,7
4.6846404654188332,100,100,53,5
6.1684423418545027,96,96,50,6
2.5777388590793033,100,100,53,1
0.6738099886022764,98,99,59,4
0.7092885632183457,100,101,55,3
1.8131391581843728,104,105,46,6
1.7866020947878076,94,95,48,5
1.5774238939652785,98,99,41,2
3.5182856980389570,98,98,49,0
4.9303674690597612,94,95,65,0
1.6635872237439793,98,99,53,2
1.9726318293411120,94,94,48,5
1.6469817830669786,100,100,49,1
2.0824150091303175,98,98,47,4
0.2935176931587213,98,99,57,4
5.2297272811999775,102,103,55,0
0.9124726612415169,98,99,55,2
2.5428632998000151,98,99,57,6
4.6075931298512902,100,101,44,2
3.8889071469288483,96,97,58,4
1.5470726138209110,98,98,50,5
1.3360662478115952,98,98,46,7
4.5167289734603271,98,99,51,0
4.2172431873052503,98,99,54,1
1.9442798065349856,98,99,47,0
4.0470624579770140,96,97,56,2
3.3133022201150362,98,99,40,3
3.0707101663960370,96,97,45,7
3.4139753897397203,94,95,54,3
0.8349752107060787,98,98,51,0
1.3967263833786974,98,99,49,2
3.4033262418145021,98,99,52,3
1.0200802824995174,96,97,42,4
3.5771548078246069,100,101,51,5
1.3236860412726308,100,100,53,3
3.6989672772868492,102,103,45,2
5.6173897355374383,100,101,46,2
4.6633840038603465,100,101,46,2
1.2140501228187284,102,103,52,3
6.2494832702608205,100,101,53,7
6.2502087131882140,102,102,59,2
2.5322498801351387,98,99,49,2
3.5564712975326764,100,101,46,2
0.9208692229033908,102,102,46,3
5.4682702243492116,100,101,49,1
3.1900641425388585,98,99,55,0
1.0703762319954948,100,100,49,5
6.0157140903050772,100,101,53,5
1.7992062085064329,100,100,51,7
5.8573765547808483,100,100,51,5
3.7246208579113893,96,96,51,7
1.2989246634917970,100,100,57,3
3.3290788060606924,96,96,48,0
5.9347365020467766,98,99,51,6
1.6707831659055434,92,93,57,5
2.5558832384813899,98,99,46,3
5.7086103816872260,96,97,55,5
0.8727458637834600,98,98,52,3
6.1546985942848851,96,97,54,6
0.8642418131053817,100,101,49,1
0.5579921385279714,98,99,55,4
4.6088565585580534,100,100,50,6
6.1071579137887753,98,99,46,7
5.0591239428846890,100,101,39,7
3.9196812490451340,100,101,48,2
2.7859303138562250,98,98,51,4
1.0683664443406906,100,101,53,7
0.6182378053268405,100,100,48,6
5.9058637080667493,98,98,57,2
0.3742001861447279,98,99,44,7
2.3084224651374790,104,105,59,1
2.8960500038323862,100,101,48,2
3.4218469464973134,98,98,51,0
3.0371805651662460,100,101,48,4
0.4334917777092067,102,103,57,2
1.1228255537522858,96,96,54,0
1.0099840924559491,100,101,42,0
1.5246839918943631,96,96,59,3
2.0156868729090367,96,96,50,0
5.1888673164571344,100,101,59,3
5.2190001660759329,98,99,49,4
5.5505794977016611,98,99,55,6
4.6378698133548477,98,99,47,0
4.5435526526006624,98,98,51,6
0.6874213954231947,96,97,48,4
1.7116787270397411,100,100,61,3
3.4337744612664558,98,98,52,7
5.9768234591710989,100,100,48,0
1.0860481029990849,98,98,45,0
3.8778875867159321,100,101,52,4
5.4746673222221016,98,99,52,3
3.1056056963187118,100,100,43,5
3.4297563546924423,100,101,63,7
3.7987870896981750,98,98,57,0
3.2126371643362166,98,99,49,2
3.6980539172272584,98,99,48,7
0.0886761179009092,98,98,51,6
0.2093204347571211,98,99,43,2
2.1842796815346541,98,99,43,4
4.4251504444057419,98,98,48,3
1.0547729122733371,98,99,56,1
4.9900728943878017,98,99,49,4
1.9547253327673761,98,98,54,3
3.5634139914350569,98,98,50,5
4.9901136091630773,94,95,49,4
1.5148568492189922,100,100,47,7
2.5779320583192082,98,99,47,0
0.1008080409953471,100,100,51,3
1.2855116496094807,98,99,43,4
1.4053319552751742,96,97,52,0
5.6727437849672997,96,97,53,7
3.6450906436679125,98,98,44,5
1.7213486229719199,100,101,54,6
4.7486559939829096,102,102,62,3
0.9833412396143990,98,99,52,1
2.3163148897108963,100,101,51,5
4.2066173136066505,98,98,42,5
1.9582620180398784,100,101,52,6
4.1008823584587182,100,101,49,3
3.2029053360360513,98,98,49,2
5.2310482917584160,100,100,55,5
6.2593035549917806,96,97,47,7
6.1497182755366575,102,102,53,4
3.2406851518462334,100,101,49,1
5.9793358754959129,98,99,56,3
5.6334649126738050,96,97,58,4
5.7565087413469778,100,101,58,6
1.9776591554780758,100,101,48,4
4.1633440048920196,98,98,55,2
2.3452927651735109,100,100,54,0
5.2225265806769396,96,97,45,1
0.5299661291602182,100,100,52,0
0.4233237171946296,98,99,49,2
4.9145244442006488,96,97,52,4
5.0766331944150034,100,101,51,7
5.3587898277993071,100,101,53,7
0.7292262997854863,98,98,49,2
4.3079296919373906,100,101,60,4
3.2496254034834613,94,95,57,4
3.4376824947272953,100,101,53,3
3.2038987868160791,96,97,53,3
5.8030244251931666,98,99,53,0
6.1855642263839741,100,100,50,4
0.7836831789592780,98,99,52,5
4.2177448930120551,100,101,48,0
3.1599048236594616,96,97,53,3
0.1074402612516295,98,98,55,6
3.6529264944911803,100,101,48,6
1.0130404781691005,100,101,43,7
1.8796422356405413,98,98,52,1
4.4097390824441884,98,99,52,7
4.2902899624749127,100,101,51,3
2.0398752489609686,100,100,49,5
2.0378038023446052,100,100,53,5
3.4367012841159594,100,101,57,3
5.7166728224889845,98,99,48,5
0.0322988421578706,100,101,48,2
5.4828743279529943,100,101,60,6
5.1856031188991878,98,99,52,5
5.7883244404768073,100,101,47,5
0.5577792282750074,102,103,56,3
3.3751207903570091,96,97,55,1
0.6899485101839697,100,101,49,3
3.1014382728985876,96,96,56,2
2.6561421834903016,92,93,51,7
2.3463450212895878,96,97,44,4
0.8915976716751367,100,101,46,4
3.4224652353481639,98,99,57,6
2.1265428139490501,96,97,50,2
4.1709049496669923,94,95,50,5
0.3698367626771070,98,98,48,5
5.8528110400192519,98,98,49,2
0.8785163303249394,98,99,48,5
5.3430830015853026,100,101,57,1
5.6180723467353619,96,96,51,5
2.9066022696683764,92,93,54,6
3.9133920926550836,100,101,51,5
1.1040915330138086,100,101,55,7
4.7899597033479875,100,100,54,2
5.0568534347052836,100,100,50,0
5.6310437848901476,98,99,62,5
3.6989676580261013,98,98,53,2
0.7837447794768895,98,99,48,1
5.5049269388607467,98,99,48,1
4.5218138534629047,98,98,55,6
2.1010775477843069,100,101,49,1
1.5776756553012272,100,101,54,0
5.9441085599152075,100,100,51,7
0.7123333864752176,98,98,48,7
4.8538357856449785,100,100,57,7
0.2286806996553618,100,101,45,1
6.2826000734673091,98,99,51,4
5.2632789936145263,98,99,62,5
1.1613269749725239,100,101,45,5
3.0547077298647807,98,99,54,3
1.4688232296250965,98,99,54,3
4.7923883528634379,100,101,51,1
2.4323600654370172,94,94,63,6
4.1669340044448280,94,94,46,3
3.3887985136296295,100,101,56,6
4.7159507991564160,100,101,56,0
0.8902520070132004,100,100,52,4
5.1169595285868166,98,99,53,2
0.2408992996137323,98,99,45,4
3.9556129609696153,98,98,46,1
4.0372824832173828,100,101,48,2
2.3117594511309720,98,98,58,7
0.0930216503884684,98,98,46,7
2.0536362428801023,96,97,58,6
0.6347163623687455,98,99,45,0
0.0307372050134485,100,100,55,1
4.1223385857104171,98,99,51,0
5.6655878703400919,100,101,64,0
3.7499761210040865,100,101,55,5
2.7635585637093918,96,96,48,2
3.6509309968392158,98,99,54,3
5.8639660482685514,100,100,46,6
2.4352570016710073,100,101,51,7
2.4018466636181044,102,102,43,4
1.5850204452427010,100,100,56,6
0.6087001032189053,98,99,55,6
2.0113753461267119,98,99,62,1
1.1016324791540917,96,97,49,3
2.7751939509448738,100,101,47,3
3.9571585529857791,98,98,57,2
2.9958674389634581,98,99,55,0
6.2653116482289519,98,98,49,6
1.7390406961945195,100,100,51,1
3.0554439665378887,102,103,48,1
2.2738618142424367,98,99,52,3
0.4839590896246598,98,99,50,5
4.4196790899905682,98,99,53,4
4.8499532155761660,98,99,51,6
4.8275606659414709,104,105,59,5
4.2689389763649626,98,99,52,3
1.8799293433508404,100,101,47,1
1.3455538909868443,98,99,48,5
2.3076629817727548,100,101,52,2
3.4855371941488649,100,100,50,6
0.2886447099851260,98,98,47,0
4.1006849371057736,100,100,50,4
2.0850978412124288,98,98,48,5
1.5405398428124468,94,94,48,7
0.9293529093466495,98,99,56,1
5.2317212302961016,98,99,42,3
4.8083564826904164,96,97,47,7
0.0533962813863775,100,101,56,6
0.3942714149839339,98,99,44,5
5.1576884150591313,98,98,57,2
2.3546115078916467,102,102,40,7
4.5876185837856287,100,101,54,4
2.4068117909446278,100,101,54,2
2.7431929792936485,100,100,52,4
1.0847259428510874,98,99,48,1
5.7858188146874046,100,101,64,0
2.9346506549655933,98,99,57,6
5.6335906639332700,100,101,57,7
3.6624898022333658,98,98,56,7
1.7572504808596912,100,100,67,7
4.0806025194706290,98,99,56,5
3.0457325869645868,100,101,48,2
1.1704326479136207,100,101,49,7
0.0952338668465918,98,98,51,6
0.1003058351619968,100,101,45,5
6.0343160164749179,100,101,56,6
4.2714862637540056,98,98,48,1
4.2083313715927693,96,97,45,3
3.8389415366920518,98,98,56,5
3.6564916233473004,100,101,47,1
1.1898585703193501,96,97,48,2
0.5568932113128520,100,100,55,5
2.8297244243747870,98,99,49,0
4.8587154064100719,100,101,48,6
1.5105979537008474,100,101,45,1
6.1737498242928863,100,101,47,1
4.2448524893584922,96,97,48,2
5.4599469502532036,96,97,45,7
0.6226590971719672,98,99,50,5
1.5742968521534031,96,97,46,4
3.7587145892268676,102,103,53,2
3.9594894579537709,100,101,53,5
4.9634946244765361,98,98,48,3
1.2995605908363632,98,99,44,7
1.4014015256654477,100,100,50,4
0.9823920183214456,98,99,50,5
2.0893953577528372,96,97,42,4
0.0576432555144874,98,99,58,3
4.1692241879704834,100,101,57,1
3.3754592594858446,98,98,56,7
5.4760059735409312,98,99,63,6
4.8656080801991894,96,97,53,5
3.3817853985979753,100,101,47,3
5.2124786351535990,100,101,58,4
4.1486339377732522,100,101,51,3
4.0020085085655044,100,101,55,3
0.0890125920516781,98,99,52,5
2.1640578014643808,100,101,47,7
4.3016671736220404,100,101,53,1
0.5530862240616783,100,100,46,0
4.7335736693212569,100,101,57,1
5.7308238823656072,98,99,54,3
2.7492266206444667,100,100,48,0
2.0215981612448157,100,101,48,6
0.0695630983954564,100,101,56,0
2.7489580564844269,96,97,40,4
2.8607629947122590,98,98,53,6
1.1889589243407566,98,99,55,0
0.4301926569071127,98,98,49,0
1.7728240353009468,102,103,50,1
1.0972758340525675,96,97,59,3
0.8025388671256410,96,96,53,7
3.1906547734760440,100,100,59,3
2.9891471938254277,100,101,59,3
1.7913022413474207,100,101,44,6
3.0436554835322109,98,99,49,4
4.4210414975994086,98,98,52,1
5.9943484639168965,100,101,47,7
0.3927266175472255,100,100,46,4
0.3036670236985096,100,101,51,1
3.8167951148601862,102,103,50,1
2.6181666649275379,100,101,49,1
2.7197380449553967,102,102,53,0
3.3952062411374895,98,98,50,3
3.8630497990795396,98,99,44,1
5.4011179884823370,98,99,54,5
5.8329445780864821,98,99,42,1
0.5852019427558859,98,99,53,0
5.6770445170980874,96,97,44,0
1.7603445720882871,100,101,58,0
5.8017869930339687,100,101,47,7
3.3970102188947813,108,109,59,5
2.4661313484973899,98,98,55,4
2.5078994618732939,100,101,56,6
2.1319155200944975,98,99,50,3
5.2639149562076764,100,101,55,3
2.7379853601898918,100,100,45,7
1.4870481814019814,100,101,49,3
5.8514885776520487,100,101,61,1
3.1216049204895482,100,100,51,1
0.0866096149525922,98,99,53,4
1.0036066010746425,100,101,51,1
0.9263632769498131,100,101,56,4
2.3993256381131176,98,99,57,4
4.7697662280510249,98,98,54,1
1.3634234852852665,98,99,51,4
2.1758487944094158,98,99,60,1
3.9924477911048286,102,103,52,3
2.4832242215843410,98,98,52,1
2.0010941584422799,98,99,50,3
3.1059891579485255,98,99,42,1
2.1231770851778875,100,101,50,0
5.3650844257205463,100,101,48,4
0.7226540883402583,98,98,56,5
0.9414475218412599,98,99,50,7
3.4768293207050807,100,100,50,6
4.0967792568982757,100,101,57,5
3.7975020737720278,98,98,47,2
2.3555677587636215,98,98,52,3
1.1337098078910248,98,98,57,2
1.3586049725047942,100,101,51,1
2.1018328603581220,98,99,48,5
4.2609378809124729,96,97,51,5
0.7092618330994365,98,99,54,3
1.3419692664344176,100,101,52,0
2.7803514047705860,100,101,49,5
0.3121574145540529,100,100,50,6
1.4768652113219287,98,99,54,3
2.1824169779000884,100,101,52,0
4.7910758409954664,98,99,47,6
2.5870208113476676,100,100,43,7
0.7105556187547628,102,103,49,4
3.3280368413135464,98,99,44,7
2.0375741540972205,100,101,49,3
2.3769896988603869,100,101,48,4
2.8999339629149525,96,97,54,4
1.0093297864179747,100,101,54,6
2.4492018495329382,94,95,56,3
3.0331819811849923,98,99,49,4
2.3170353911037860,100,101,46,0
1.6020594276379918,100,101,57,3
5.5496765465039504,104,105,51,5
2.1644830074767025,92,92,45,1
2.5553064132655443,100,101,58,4
2.7217502191554037,98,99,53,6
1.1562683699275245,98,99,41,2
0.5860151140720412,98,99,50,7
4.9880469544998238,94,95,54,1
1.1715922115242710,98,98,45,6
2.0551849359420284,102,103,48,7
1.7964461657900823,94,95,51,0
1.4256572013230095,100,101,52,6
3.1358881083117929,100,101,56,0
1.7001766481643781,98,99,52,5
1.8756078227903319,98,98,51,4
1.9668423663477150,100,101,48,0
5.2733338798407958,100,100,49,1
3.9598685922649355,98,98,52,3
1.7663095421456150,98,99,52,5
0.9722732215349951,100,101,55,3
2.8967463579746111,102,103,52,3
3.8571150848047564,100,100,44,6
4.3974433071248997,98,99,60,1
2.4456884596563819,100,101,46,2
3.0666140761001937,100,101,54,2
3.2172176993258170,100,100,51,3
0.5521539683969272,100,101,51,5
0.2875042994451783,98,99,53,4
2.2839206352295758,100,100,47,1
4.3761567117567681,100,101,55,3
2.8265642807762172,100,100,52,0
0.3918746199188627,100,101,49,1
4.5384252136163958,100,101,61,3
1.0336035696553101,92,93,59,7
4.5658725484545837,100,101,43,5
0.3639812758519057,100,100,56,6
1.7050008673199908,100,101,53,7
5.6338517191182200,100,101,52,0
5.0842733341686808,98,99,55,2
4.3789384590069158,98,99,55,2
6.0168186574426024,100,100,52,6
3.8857804599043035,96,97,58,0
2.5967415094789725,100,101,58,2
5.3838514327649918,100,100,58,4
4.3080729399275635,100,101,56,0
2.0147349372522916,96,97,51,5
1.8004596567137559,100,101,43,5
2.0319279797392698,98,99,54,1
5.3895384389855954,98,99,64,7
3.6832204265602657,102,102,61,0
0.6535391735399112,100,101,48,2
5.7144842475300939,98,98,57,2
2.3686056412951189,100,101,51,1
1.7719245538969430,98,98,49,4
1.2282743527712039,98,99,46,7
0.2287016036646998,100,100,46,0
3.8627508555125338,100,101,62,2
4.4082263851550501,100,101,47,7
3.6097403232440546,100,101,61,5
5.0406255067831029,98,98,47,4
2.4729148899340556,100,101,55,5
2.0173572715108894,94,95,52,5
3.6192980619482786,96,97,54,0
1.1745624965845629,100,101,53,5
1.1439038167761597,98,99,47,4
1.5480598279417608,100,101,46,6
5.5181790895564848,98,99,44,3
4.8998276189041956,100,101,51,3
4.9926007364158886,100,101,45,5
0.4251972080818543,100,101,51,1
1.3478656405829530,100,100,62,6
1.5923098942604001,98,99,46,7
1.6968593805073540,98,99,53,0
3.5894712719999746,100,101,46,2
3.8207405276226791,100,100,52,0
1.9108447849842403,98,98,46,7
2.2430366065662661,100,101,60,4
1.1491839516422491,100,100,43,7
5.9160838045738453,100,100,41,5
4.2623843319226102,98,98,50,5
6.2677114016175164,100,100,46,0
2.9119043217781679,100,101,53,5
3.1767769663030925,100,101,54,2
4.1496559683857894,98,98,48,1
1.2056653792391194,96,97,51,7
5.6918162016404974,100,101,52,4
2.6795695441620113,96,96,55,7
2.3881487304926430,98,99,50,3
2.2323021238186369,98,99,59,0
0.5902508276458429,100,100,52,6
5.8559755955528257,100,101,59,3
1.8711372277098848,100,100,56,4
6.2223197094710070,98,99,46,3
5.0663579172216382,98,99,54,3
1.5400567149809972,98,98,64,3
1.0309665982046525,100,101,50,4
1.6552767497342733,102,102,46,1
1.2553994164213309,98,98,45,0
6.2517223622873841,100,100,57,5
2.1531141623899290,96,96,54,0
3.1736755827209295,98,99,38,7
0.3511882979069111,100,100,45,7
5.0919053781905692,100,101,60,6
1.7234404455646017,100,100,49,7
4.7703337086548085,98,99,58,3
0.1611691240189813,96,96,42,4
1.0107574309062719,100,101,55,3
1.9385912067866407,100,101,57,5
2.1373183085829632,100,101,52,0
2.4265093767637627,94,95,60,1
6.0262782614451531,100,101,53,3
4.0098019974908672,100,101,55,3
2.0841644051708457,102,103,42,5
5.9425233687356540,98,99,57,2
5.2348060533951113,102,103,55,0
4.9540948876263791,98,99,56,7
1.4963592031133861,98,99,42,1
5.7373635766365858,98,99,49,6
0.5887768495699423,96,97,51,7
1.0047597061767060,98,98,60,1
1.5993874999163811,100,101,48,2
5.2172304310637045,98,99,53,6
5.7953864054072470,100,100,49,3
0.1462397970270410,100,101,54,6
0.1425243287575658,96,96,49,1
1.2143828597238580,100,101,57,5
3.9541782126065632,100,101,54,2
1.4328037678426591,98,99,48,1
3.4120674712722865,100,101,54,6
3.7505976793166740,100,100,53,1
0.6577097208211329,100,101,51,3
4.0308435718939100,100,101,50,6
0.9133118234918705,100,100,48,4
3.0055401073956611,98,99,53,6
0.0856673001450819,98,98,60,5
3.2251340188500830,100,100,48,4
1.5093016583711476,100,101,50,2
5.0128489359709461,100,101,48,6
6.2608120067699291,96,97,52,0
2.8672364995658572,100,100,43,7
3.9167362329795998,98,99,47,6
3.9272798506711717,102,102,60,1
2.8926632152015657,96,96,52,4
2.3584888602645342,98,99,56,5
2.0206971634351278,96,97,57,3
6.0768983557756879,98,99,55,4
1.3662220769871389,100,101,51,1
0.0474029362794064,98,99,50,3
0.6754842544362417,96,97,49,1
3.7741982420849056,94,95,44,7
0.8545763126716508,100,101,47,3
2.9249191847403289,98,99,49,4
4.5440135858279493,98,98,50,3
1.6079367832754192,98,98,50,1
1.5481342097025994,98,98,52,1
3.8181968965362687,98,99,52,1
6.2093584627793419,100,101,56,4
6.2035379106563804,96,96,57,7
5.9656711255689734,100,100,48,6
4.0310759626626647,102,103,50,7
2.0492967772383226,100,101,46,2
2.7437021017289744,96,96,45,1
0.7583885353085300,98,99,54,7
2.5685465475775167,98,99,51,6
1.9569450966182764,100,101,52,6
4.8512046121236523,98,98,53,2
5.5520650167363836,96,97,49,7
5.4918841705842638,102,102,59,2
4.3326060990426178,98,99,58,7
1.1762558902840474,98,99,58,5
0.7245848150106394,102,103,60,1
6.0073917817317284,100,101,42,6
0.7336477511329699,98,99,50,7
0.6564531222492112,98,99,54,5
4.3149324659663346,100,100,57,5
4.2831915089283408,96,97,46,0
2.5163107952138568,94,94,45,0
0.1788393896413185,94,94,47,2
2.3197092311752412,100,101,49,5
0.4970747621227192,96,97,40,4
0.1287406096005644,100,101,48,2
5.4375268769736902,96,97,49,1
1.6357677408032907,94,95,43,6
5.0115229179322940,98,99,59,2
3.5532965616869623,100,100,55,1
0.9251507929740017,100,100,51,3
1.8500367193867451,98,99,46,1
4.1342289286538536,100,101,51,3
1.8060412801872112,102,103,47,4
3.7490452055258054,98,99,53,2
0.8117490016208518,100,100,50,0
3.7953311526662161,98,99,47,6
3.4959405707213547,96,97,52,4
4.8612613796281563,100,101,62,2
5.8847579544706345,98,99,47,2
5.2798377414120408,96,97,45,5
0.1122800499828018,100,101,54,0
2.3700903265765088,100,100,56,4
4.3458704301961442,102,103,63,2
4.8435667630414114,100,101,51,3
4.1652699285613801,98,99,50,5
2.7872001177109973,96,96,44,6
3.5995947211541846,94,95,42,1
2.5376061390159834,102,102,59,0
3.7194255554048112,100,101,55,5
5.2741144418601760,98,99,49,6
1.4582369580582926,100,100,49,1
4.9623946590814780,102,102,48,1
5.9408443026550293,96,96,43,3
0.8658292627070150,98,99,49,6
0.2152721597101667,98,99,52,5
3.3412696776895756,96,96,48,0
5.2575864007296236,100,100,50,0
0.1747917961089522,98,98,45,6
1.5852729036742692,96,97,47,3
4.8023852766205684,98,99,58,3
0.9196420316045125,100,100,45,3
3.0141640434973707,98,98,53,4
1.0479134350439308,100,101,59,3
4.5590407133517665,100,101,62,2
2.4064798818800024,96,97,49,7
0.1229250933726049,100,101,49,7
0.6467019330304847,96,96,50,4
0.2234565985499197,102,103,47,6
4.3441168141677400,100,101,57,3
5.4548048738976691,100,101,51,5
3.4937794642274929,100,100,44,6
0.6204694434429048,100,101,54,2
3.0966961926053354,100,101,57,7
6.1933092186519216,100,101,52,6
1.9203040006521419,98,99,58,3
5.3821323053563344,98,98,43,2
5.6998620135604900,100,101,45,5
5.7695801312215815,100,100,52,2
6.1600734114398774,98,99,53,2
1.6016852289705588,100,100,51,5
0.1521538367543999,98,99,45,6
1.0528914854514255,98,98,48,5
2.9479508733363451,104,104,46,2
0.1733050166993949,100,100,51,1
2.9963074171978517,98,98,50,1
5.1832675370436325,98,99,52,7
4.8474447853612732,92,93,49,7
1.7559195039240081,100,101,60,4
2.9362962848294947,96,97,49,5
3.1640801827651530,100,100,50,2
5.5007784924165080,98,99,58,5
0.5901108541658021,100,101,54,4
0.3299804162861791,98,99,52,7
4.6213253351759862,98,98,52,3
2.5546589820216856,100,100,55,1
1.6402640324831290,96,96,49,5
2.5102409038617735,98,99,48,5
4.7004999183879850,100,101,54,4
1.9640372058858400,98,98,52,5
2.4386070035202452,100,100,55,1
5.6823448638810774,100,101,55,3
5.7387577135776642,100,101,56,4
3.1551315722242648,102,102,48,3
4.3520763681108638,100,100,54,6
4.8811658239003037,98,99,48,3
5.5538260152776004,96,96,52,6
2.8980489644591634,100,101,56,6
3.4013879620367193,98,99,51,2
1.0194071584302633,102,103,58,3
2.6818437321570192,100,101,52,6
0.2828187149805543,98,99,54,3
0.7560697470472670,98,99,60,7
6.0544972738165184,98,99,43,2
5.4801058355658778,100,101,50,6
0.7221003028889059,96,97,39,1
4.2070798601061696,98,99,46,1
6.1878326614769064,96,97,44,2
3.2276741811000833,100,100,51,1
4.0025071455029497,100,101,46,2
1.5556692684237357,98,98,60,5
0.0272886589512370,98,98,49,4
5.0837995922955619,98,99,56,7
4.0607962828748203,96,97,51,1
3.0877128662061546,98,98,50,1
4.1415272972885342,100,101,40,6
5.8772592441862557,100,101,58,4
2.7106422047448206,98,99,46,7
3.8290326059126034,96,96,53,7
0.0884654863972553,98,99,47,6
3.7813737279174227,100,101,53,1
3.7298666405530208,100,101,41,3
0.2778057674245949,100,101,55,1
2.4988795324829791,98,98,56,5
3.6129006234534979,100,101,47,7
2.8589336177446576,98,99,53,2
4.7875518351430424,98,99,42,5
5.2204986279474799,100,101,45,5
1.0255416373854160,102,103,56,7
0.4840033916039443,102,102,57,4
3.8408689659483572,96,96,47,1
3.8564860582419311,98,99,59,0
0.9321461574113642,100,101,50,2
3.7027677264511469,98,99,50,7
3.4105235177834761,100,101,57,1
2.6496100903104964,100,100,52,2
2.4428917135337658,96,96,48,4
4.4714299487042251,96,97,53,7
3.9846094992876213,100,101,44,6
2.2612699222127466,100,101,52,4
0.3837249730905088,98,99,46,3
3.3480297101866565,98,98,54,7
5.6752458729377544,100,101,48,2
3.0378285691451379,100,101,57,7
1.7772867373427754,100,100,46,2
3.7231589765030044,98,99,44,7
3.7185082254050821,98,99,58,7
2.2650793571305377,100,101,48,4
5.6145493732941727,92,92,51,7
0.1336287782044917,94,95,46,1
6.1335567076889488,98,98,54,7
3.4269238799923767,98,99,46,5
1.1437723569735128,100,101,51,1
1.4755897202398007,98,98,50,7
1.6979566614234680,96,97,48,0
4.0624057207506112,100,101,56,4
2.3701336075324284,102,102,50,3
3.7977791323698367,100,100,49,7
5.3690687521505529,96,97,51,1
0.0886381295437990,100,100,58,4
0.5963081924021583,98,99,52,7
5.5631290848900106,100,100,56,6
1.7113527319477004,100,100,55,7
6.1469567614396032,96,97,50,4
1.8939613461542084,100,101,49,3
1.2518376114953214,100,100,46,2
0.4651103144305577,98,98,49,4
6.0173721586884561,100,101,51,5
4.6944066632003842,100,100,50,0
4.9325066520844230,98,98,53,2
4.3556620520873324,98,99,46,3
5.2686683074427041,100,100,47,1
4.3684139478967650,98,99,50,3
3.9401812534085021,100,100,54,4
0.5127708979147674,100,100,57,3
5.8252164613567574,100,101,45,1
0.1057044790432165,100,100,62,2
1.1597102151721927,102,102,58,5
1.9381358115489913,96,97,49,5
2.6151218152887230,96,96,54,2
2.4113042934613977,100,101,50,6
0.3902577331736261,104,105,50,0
2.4571654561941556,98,98,42,5
5.1197792808071076,100,101,55,5
1.1261854303766257,96,97,53,5
1.2183181007419865,98,99,48,1
0.7911854993730513,96,97,50,2
5.2719010046813208,100,100,54,0
0.8800582923916151,100,101,46,2
4.6806663074397097,100,100,65,5
0.4990225145338331,92,93,44,0
0.8340814705769175,100,100,56,4
2.5291089934927591,98,99,50,1
3.1466875932697924,100,100,53,5
4.8632667883083727,100,100,54,6
0.5552951665650041,100,101,59,1
3.0716091140404660,98,99,54,7
0.4034640455614844,94,95,50,3
0.0138887078021753,100,101,47,7
0.7788013357220614,100,101,54,6
5.3258890025630947,100,100,58,4
0.4420390765336042,98,98,56,1
6.1038845578070742,100,101,57,3
0.2381999843518703,98,99,51,0
3.1327780486925594,96,96,37,5
1.3516652540091318,98,99,47,4
5.7984240160909719,98,98,48,1
1.7887257427389545,98,98,55,0
5.0244418160258579,98,98,47,0
5.9075027847145387,100,101,46,4
2.2523037144979594,100,101,58,0
6.1946083217160464,100,101,53,5
5.3748179586750551,100,101,52,2
4.2720831878642329,100,101,55,7
3.5287252064888031,100,100,45,5
6.0347219490499429,98,99,48,5
1.5157648899977516,98,99,53,2
4.0630820283723068,100,101,46,4
5.7827751594934584,98,99,47,0
1.3151500998008570,94,95,38,1
3.1659366692397257,98,98,54,1
4.8238973505708680,98,98,47,6
0.2219093706900165,100,101,53,1
1.1981261799586993,98,99,53,4
2.7164607950837456,96,97,47,5
2.4277208695444772,100,101,53,3
4.2141480949921055,100,101,52,0
2.4105599673753053,98,98,52,5
0.3125370186183285,96,97,49,1
1.4974767584833744,102,103,52,7
1.6220004838153426,100,100,52,0
2.2622112145435755,98,98,54,7
1.0939460879623961,100,101,52,0
0.7604889885011407,98,99,50,3
3.9150310652865068,100,101,53,5
3.9645718659999032,100,101,53,5
0.6918974106640338,98,99,52,3
3.1869013837634959,98,98,53,4
4.3435836487327961,98,99,52,7
1.6998633657814817,100,101,53,5
0.3320913277914112,96,97,48,4
5.1794895110559649,94,95,46,5
4.5884372911908553,98,98,48,5
4.5080687605439351,100,101,55,3
5.0499360069000137,98,98,53,2
0.4389882483266593,100,101,48,4
1.4834001665583330,100,101,55,3
3.4571850343148709,96,96,47,5
5.9789787463482318,98,98,52,5
2.3920940746917485,100,100,51,1
1.4609392362298574,104,105,56,4
3.5086262207789445,100,100,45,3
6.0910025980138816,98,98,48,1
2.0994962713652328,98,98,55,0
2.8878200941106096,92,93,58,4
3.4797584543484872,100,100,57,7
1.5354021675837346,98,99,46,3
3.8642857763390621,100,101,37,3
1.8607525569911283,98,99,42,1
1.9306308767859039,100,101,57,7
2.1755561290164249,96,97,49,1
0.9823402157747749,100,101,48,0
2.1066051070445959,100,101,48,2
5.1199679138452137,100,101,53,1
5.2815481800779329,102,103,46,7
1.8839041699099082,100,101,50,4
2.5152197654990212,102,103,52,5
5.2130145990696413,98,99,54,1
4.0780819751235722,98,99,46,1
2.5512289657675429,102,103,56,3
2.8177666376726962,98,99,59,6
0.8408260738336092,98,98,50,7
4.5910726438880856,96,97,47,7
4.7343665085782733,100,101,45,1
4.7563231379372919,94,95,43,4
0.4676410842472133,98,98,50,1
4.1805598803626536,100,100,48,2
3.5989946811579494,100,100,43,5
3.2117297870456318,96,97,49,1
2.7756078297093616,100,101,46,4
1.1327228942246246,96,97,43,5
2.3946018686192656,98,98,58,3
4.0989186286572092,100,101,62,0
5.8762015430572703,100,101,50,6
5.7000179879835011,98,99,46,5
0.8088321227304796,106,106,54,5
5.1629678521989106,100,100,54,6
0.7301822475578453,98,99,49,2
4.0754596246048029,100,100,53,7
0.9246860574309232,98,98,53,2
0.7453553013077577,100,101,52,2
5.8227308940101690,100,100,57,1
3.5547922933642990,100,100,50,0
1.9771315719545652,100,101,61,5
0.8180624048866358,98,99,56,3
3.9414132580685401,98,99,56,5
1.8805777617300636,98,99,53,4
5.3756616103708978,100,100,44,2
3.9059490711963791,100,101,42,6
1.7595214248450717,94,95,53,6
0.1410951527153719,94,94,47,4
1.3648217464913504,98,99,57,4
2.3235199033849021,100,101,53,5
3.5621898504193918,98,98,57,2
5.3203471577258581,98,99,55,0
1.2616433049425415,100,101,55,1
4.3176406953078388,98,99,53,2
6.2371286900003664,100,100,43,3
3.8065451346714005,100,100,46,4
1.5180648813628761,98,99,46,5
3.0387648070507209,98,99,50,7
3.8039903553775822,100,101,49,1
6.1195640787163281,96,96,46,4
3.9059734290727897,98,99,54,3
1.3247993570168641,100,101,54,0
4.6511277935095494,100,101,41,5
0.2599784522002624,98,99,55,4
3.2081721387536284,100,101,44,6
4.9640639973280374,98,99,40,1
1.8090138531992279,98,99,52,1
5.6868261173925188,98,99,49,6
0.4152375009961407,98,99,57,6
5.6485418107391503,98,99,52,7
1.8144177144761044,100,101,47,7
3.3382062220679862,100,101,54,6
6.1738285662847669,96,96,47,3
6.2510152906020329,94,95,46,7
3.7798531546729444,98,98,42,3
3.7414048640767246,98,99,51,4
3.8211900956178018,96,96,46,4
2.2086711961185737,102,102,53,6
0.9964619293298840,100,100,42,4
0.0129732796930504,98,99,51,6
5.8758185756632608,98,99,50,5
5.8117235865485615,100,101,51,3
5.9223034194143169,102,103,50,1
1.5082323009387977,98,99,53,0
3.6075373293066240,98,99,57,0
2.3492848878918586,98,99,51,2
5.4204959321852551,96,97,48,0
0.2649649028353194,96,97,58,2
3.7643457285674313,100,101,59,1
4.8330466742296103,100,100,46,0
1.1437135932689495,100,101,49,1
0.0804882897070707,100,100,37,5
2.6203687816198427,100,100,55,1
1.5583721026542570,98,99,55,4
5.0094582612144816,96,97,43,1
2.7912222812976260,100,100,55,7
4.8548070836810329,100,100,65,1
5.2661370824292666,98,98,59,2
2.2538402613116029,100,101,41,5
2.4569921378203832,98,99,54,7
4.4539163087698297,100,100,48,2
2.7748426833299740,92,92,54,6
4.5826394096712564,96,96,51,1
0.7383830565039802,98,99,49,6
1.2393270557223957,100,101,54,2
4.3084542921374727,98,99,56,5
1.0602881526518702,98,98,47,0
2.8378633650613319,96,96,54,2
0.7447369025519061,96,97,48,4
0.1675142246508531,94,94,47,4
0.2835714320563820,98,99,47,0
1.6297406005796364,100,100,38,4
1.7706150101773812,102,102,52,3
4.8083541707989248,100,101,52,4
2.4240448278872102,100,101,55,7
1.2712214510999675,98,99,49,6
1.6705512984824986,100,100,51,1
2.1016667316153095,100,101,53,1
2.3200398714139250,98,99,45,2
5.7489451552236339,98,99,52,3
3.9744858793053424,96,97,58,4
3.6396886379174731,100,100,45,5
3.6909949174203720,100,100,49,1
4.7932898048598203,96,96,40,6
6.2670816714234832,100,101,49,5
0.7806230641191745,98,98,55,0
2.1964878105243169,98,98,46,7
0.6057462417573426,96,97,54,4
1.2649889566794099,100,100,59,1
1.4016170718387113,100,101,51,1
0.1334162208412389,98,99,46,1
4.8783016451265713,94,95,54,1
0.8706656402719594,100,100,52,4
1.9528045501251183,100,101,59,7
5.1022789415490575,100,101,50,4
6.1778330136874970,100,101,56,6
5.8912060005692410,98,99,53,0
1.4724150459345899,100,101,49,1
4.4062800510319597,98,98,51,0
3.4842540787861203,96,97,53,3
4.5862957867947740,100,101,51,7
3.4837937211248864,100,100,45,7
4.8941525790005400,98,99,53,2
1.8067316584389366,98,99,41,4
4.7655684380070733,100,100,59,3
2.1530873936564672,98,99,45,2
5.1877261481191326,100,101,48,0
1.6860997224324985,100,101,53,1
4.8806742573992734,100,101,56,0
3.0336956399008033,100,101,50,4
5.7087986312222645,98,98,51,0
5.9334342907324418,98,99,54,5
5.1958089787480990,102,102,51,6
2.4970204962326656,100,100,45,1
1.5708351877478195,96,97,46,0
2.7744993897580792,96,96,46,6
1.1924196823399094,98,98,53,2
5.4632119179692964,100,101,47,5
3.9773790003743410,100,100,50,0
3.9083984964306508,98,98,61,0
4.4098391011376021,96,97,53,3
4.0485210479383422,100,101,52,6
4.9221010913726246,98,98,52,5
1.3252259514374478,100,101,54,0
2.2570283868633565,98,98,43,4
1.4506882893270272,100,101,58,0
4.5881681467323965,98,98,54,3
4.9947170863102892,100,101,49,5
2.9666099456549899,100,101,48,0
3.9891762465499556,100,101,53,1
2.5607078486940371,100,100,48,6
4.6511650705334029,98,99,55,6
1.5112041938568781,98,99,39,0
5.3883692996426671,100,100,56,2
5.3951309120182529,98,98,51,2
5.6884955976847884,102,103,51,0
5.4026035080660346,100,100,58,0
0.5592375270206450,96,97,52,0
1.2027431311199555,94,95,44,7
4.6140391129278200,100,100,54,6
5.4580225573638703,98,99,49,2
1.9902744083235961,100,101,53,3
6.0445378256239639,98,99,60,3
0.4901197539643907,100,100,53,7
1.1095124511883985,104,104,60,0
3.1121136527361313,100,101,49,3
3.1857847760877598,98,98,61,0
5.3268210401345355,100,101,50,0
5.2579241976387259,98,99,53,2
0.4362975777089885,98,99,51,0
0.0139097470651891,98,98,54,1
2.4013861587937386,100,101,55,1
5.2872740705926198,100,101,56,0
1.4551759471901238,100,100,54,6
4.2588893945919244,96,97,55,3
3.0087029380127612,102,102,47,4
2.1863143911082141,96,96,44,0
0.3411108237876440,98,99,56,7
1.8652062317894871,98,99,62,5
3.0086094466899986,100,100,53,5
2.9270615313310664,98,99,57,0
1.6458504043678861,98,99,53,4
3.7683532388371623,100,100,53,1
2.3653621015282247,102,103,47,2
0.9216134414153119,98,99,49,4
2.6848458038127956,96,96,45,7
4.4784555320247517,100,101,49,3
4.3063366308692244,100,100,45,5
5.6617232792022376,100,100,48,0
0.3117047189393859,100,100,46,0
3.9865277027615549,98,99,55,0
1.0797346889369479,98,99,52,7
2.6820668959224081,98,99,55,0
2.4455511302677264,98,99,44,5
3.0060194712391231,100,101,54,6
4.4855675096378400,98,99,52,5
0.0256979561208578,100,100,55,7
6.2507437238823762,96,96,54,2
3.6044454327112803,100,101,59,1
1.5391442592361471,94,95,56,5
3.9107439600683938,100,101,54,6
0.0862427960846472,96,97,50,6
5.5395135512631315,100,101,53,7
3.9675529285762008,98,99,47,4
2.4292914737316176,100,101,53,3
2.3625864217942238,98,99,56,7
0.2312860858146550,100,101,55,5
0.2992468802158457,100,101,49,3
4.0146812467623549,100,100,58,6
4.0037900907914885,100,101,59,5
0.7315358157107815,96,96,46,6
2.0473725377461887,96,97,46,2
3.8962716816968133,98,99,43,0
2.8019565646952929,98,99,58,5
1.7769287925080466,100,101,46,6
1.3720186869075044,98,99,52,7
0.3771244998615861,98,99,47,2
3.5851478515999768,98,99,51,0
5.6127665691407209,98,98,52,1
2.9587379684610471,98,99,55,4
3.4483453774968340,100,101,56,6
2.3956535196573259,98,98,52,7
4.7928110723831008,96,97,58,6
2.9189897936068050,94,95,53,2
3.9421819088797494,102,103,58,7
3.2666466664079774,96,97,56,2
3.1407466240856801,98,99,51,2
3.3488930520763112,98,99,44,7
1.0615716394409118,100,100,61,3
3.5467173742700049,100,100,58,4
0.5190405709867504,96,97,44,6
1.0434648397741644,98,98,49,2
1.6197698834806331,100,100,44,6
0.8610936117380509,94,95,52,1
4.7002307849171414,98,99,47,6
3.4814605819221338,100,101,65,5
4.2829066690650146,98,99,47,6
4.5245272254717426,96,97,55,3
5.1996858838923030,98,98,40,5
0.6322518695958250,100,101,63,5
2.0000565831386194,98,99,58,3
0.8912698374137042,100,100,66,2
5.4152623716882493,102,102,60,3
0.2368239994689715,96,97,51,5
5.9117628084896845,96,97,56,2
4.8068980459839956,100,101,51,7
4.2409122967359334,98,99,44,7
4.3767500993726154,100,101,57,5
3.3155429302726578,98,98,51,6
2.4636359918030966,96,97,54,0
0.4197524510599447,98,98,56,5
2.8624774977161680,100,101,50,0
0.7283101307954344,96,96,53,7
1.7808247504563020,94,95,48,7
3.8540453398581560,100,101,51,1
3.2082274730224842,102,103,58,7
1.7431503953821379,100,101,58,4
6.0528203538693282,100,100,53,5
0.9081473953204050,100,101,51,3
2.3570107855360218,100,101,49,3
5.8218718286359001,98,98,42,7
1.2168479714099540,94,95,50,1
2.8301902743578808,100,100,47,5
2.9012491785488845,98,98,46,3
1.2389814658330141,98,98,57,2
2.2391316431043697,100,100,61,3
1.4923035714919370,100,101,46,4
1.8940550341049667,100,101,54,6
0.5699896607159443,98,98,47,2
1.4100911002921983,98,99,46,7
5.9261478144692248,100,101,50,2
1.8778572556135908,100,101,47,5
2.2436973760029564,100,100,58,0
1.3047665583700392,98,99,46,3
5.3880327383729565,100,101,51,3
4.1782646836413253,96,96,45,3
1.9298305976037395,100,101,58,0
0.6856170780013110,98,99,51,6
2.2517928009763177,98,98,55,0
2.9317980508132857,100,101,53,7
0.0187416347020413,98,99,57,2
3.8069662283056753,98,99,54,5
2.4553645651667568,100,100,58,6
4.5030233174711780,102,102,52,3
5.7220108718523761,98,99,49,4
3.9014966701363432,98,98,53,2
4.0526750639245455,100,100,57,7
3.1680164648111284,100,101,56,2
5.6867524013058244,98,99,56,3
5.9904752494772486,102,103,52,5
0.6421688405699398,98,98,46,1
1.2372723311639426,100,101,50,0
5.2906884229890840,94,95,52,5
2.2393817931821651,98,99,53,2
4.4698309985965023,100,100,55,1
3.3481773714622460,102,103,50,1
2.6149201781157418,98,99,50,5
0.3933745635211134,96,97,53,3
1.3669671257511762,100,100,40,0
0.9278756140028859,98,98,52,1
5.6846911017466066,98,99,52,1
0.4971182434256716,98,99,50,3
4.7164267225329111,98,98,50,1
3.9454614169280311,98,99,57,2
0.1891180577544288,98,98,53,0
2.6255507067223864,92,92,51,5
5.9804122057384346,98,99,52,7
4.7093408177368969,98,99,51,6
3.8267063565222892,102,103,52,7
0.0647097238945248,98,99,59,0
0.2784012421250493,102,102,53,6
0.8251457152230228,96,96,59,1
5.3839354266550892,96,97,56,6
2.7092455185387867,98,98,52,7
3.5561769944913739,100,100,58,4
3.7348585065398026,102,102,56,7
2.3378018002763463,100,101,51,5
5.4539933916423520,92,92,38,2
5.3614885860285302,98,99,47,6
0.8073889651783159,98,98,47,2
1.2205365095171890,98,99,53,6
4.0496035953251273,96,96,48,4
2.9957828147695302,100,101,59,1
3.4541205769546659,98,99,41,2
5.1771187060595336,98,99,60,3
5.0531198037742353,100,101,53,1
2.9704491638479151,100,101,51,5
2.3314166408857058,96,97,45,5
5.6265998811795326,98,99,49,4
5.1664330554484339,100,100,43,5
4.1635335676758629,94,95,47,0
3.8287396843826809,100,101,43,5
4.7233327829893090,94,94,55,2
1.2655633602370515,92,93,54,6
2.9352926842819183,96,97,52,2
3.1990573924374046,100,101,51,1
1.3646427118420110,100,101,52,6
1.8237538315670612,98,99,47,0
2.5004847323039026,96,97,52,0
1.9164766637975081,96,96,47,7
5.5802844723426315,100,101,56,2
4.7233585213906428,100,101,50,0
3.0178408505958814,100,101,54,6
4.1036526172999803,98,99,61,6
2.6137576380882823,98,99,49,2
0.3548774961912167,100,101,50,2
0.1139831021732423,98,98,58,3
5.6143825359352384,94,94,41,2
2.5859596116939429,98,99,59,2
5.3924719270223083,96,96,51,5
2.2680432735050231,98,98,52,3
0.8900640174655098,98,99,47,2
1.1966492646017277,96,97,47,7
3.0101494443386074,96,96,50,0
0.9990006346473801,100,101,47,1
1.9393158134662261,100,101,51,7
0.3327651967638928,94,94,52,5
6.1269924512705183,100,100,46,4
1.3761026107051029,96,97,52,6
2.9534359840155937,98,99,48,7
5.3272293969452829,98,99,48,5
4.6564557607414976,100,101,54,0
3.0973239515470388,100,100,58,0
0.8300155087928096,100,101,48,6
0.1257991657119215,98,99,45,4
2.4733271889677972,100,100,59,5
2.9482825015251310,100,101,55,7
5.3259868847633358,102,103,50,5
1.6610129614936120,100,101,52,4
1.3760884395274051,100,101,57,5
2.7094150824351892,102,102,54,3
5.6581988939116528,98,98,49,2
4.0468013019136020,100,101,53,7
1.2550685286634258,98,98,53,2
4.9676721948180678,98,98,58,5
2.8429813731616473,98,98,54,1
1.9285951731743898,98,99,69,4
1.9312229058220771,98,98,33,4
3.3643475063789321,98,98,50,1
2.4998021872188452,98,99,47,6
1.9954890180193763,100,101,58,4
1.7058854524069309,100,101,54,4
1.1639676711985985,98,99,44,1
2.1110489977806757,100,101,55,1
3.8911611797475136,98,99,54,5
3.3604877121242773,100,100,48,6
5.3303048333339964,100,100,52,6
6.0613737864479038,92,92,55,3
3.2643361276626277,100,101,51,1
0.8435293678442357,98,99,58,5
1.9463795611245744,96,96,46,0
2.6958945422036238,100,101,51,1
5.5587307983647740,98,99,60,5
0.5335151074822413,100,101,52,4
2.3120449356091153,100,101,51,7
4.9067986183777821,98,98,46,5
2.7567349317495977,100,101,57,5
2.7492787066929774,102,103,60,7
3.2027986018075478,98,99,50,7
1.6201909590255648,94,95,57,6
0.9478440912409173,98,98,45,0
4.7790535497247131,100,100,47,1
3.9072400360386403,102,102,61,4
5.2125223273860897,98,98,53,2
3.0166974880367206,100,101,53,3
5.4463091420505405,100,101,50,0
2.2718054094906832,100,100,47,1
4.9808449458800208,96,96,54,4
4.1059019184468690,100,101,53,3
2.7591399324516015,98,99,38,3
5.5605604231536852,100,101,50,2
4.2022052356122561,98,99,47,6
0.6130017426208185,100,101,52,2
4.7384249740562803,98,99,55,6
5.6289997802772778,98,99,45,4
4.0434522457333637,100,100,44,2
3.7279736183762862,102,103,52,5
3.4158164191568439,96,96,47,5
0.2841724786960052,100,100,50,2
3.6955161602319766,96,97,52,2
3.1299150580380766,100,101,65,3
1.6707417142210559,100,101,52,0
5.2706734721327155,100,101,46,2
3.6965795300463542,100,101,60,0
3.7947532726521964,98,99,47,0
2.5060576167934467,98,99,45,4
3.8940372013367766,100,101,51,3
1.2664640531488132,98,98,58,7
0.4890503146016819,100,100,41,7
3.5890346292515805,98,99,48,7
3.7519556134944625,100,100,47,1
2.6755093532378855,100,101,54,4
0.6599787838530238,98,98,56,3
2.1281643869721361,96,97,44,0
1.5009736562282392,98,98,51,0
3.4281687048462297,98,99,44,5
3.0251689036187526,100,101,54,4
4.3238804554913459,96,97,46,6
3.6853132605188743,100,100,49,3
3.7521922605809368,100,101,58,2
3.9419290296143723,96,97,55,1
4.2634659241954340,98,99,43,6
4.8086368675509847,98,99,55,6
4.4354771140397968,98,98,51,0
6.2624390457403116,100,101,50,2
1.2421987892050930,102,103,52,3
2.9323017019240076,96,97,55,1
2.6457679160894658,98,98,53,4
6.1618263215165703,98,99,42,5
5.4871948364573919,94,94,45,6
6.1537879542663019,98,98,57,0
0.7985609790967965,100,100,53,5
6.2325155291888370,96,97,49,5
2.7587860930273833,100,100,55,1
5.6679548328675979,98,98,52,1
4.3944694909226376,94,95,59,4
5.9327857870130272,96,97,51,1
4.0331453646214559,98,99,55,2
1.7099521787089875,100,100,55,5
1.0910774476496730,98,99,58,5
3.9589601662535467,100,101,45,3
2.8345213945850443,98,99,53,0
3.8848645086620648,100,100,59,7
0.8392537238544822,98,99,48,3
2.2676093438179796,100,101,57,1
1.4708205108028474,98,99,49,4
2.8094722850356324,102,102,47,2
1.7297969986651556,100,101,62,4
2.9359579532838724,100,100,49,3
4.7836307496298778,100,101,54,0
3.1258864157415549,94,95,52,5
1.7482562671848199,92,92,45,1
1.8023498344032056,100,101,60,6
1.4822036274612056,96,97,47,3
0.2546049504782607,100,101,50,6
5.4084273360540216,98,99,51,4
1.3577119446987451,100,101,55,3
0.6863734902571514,98,99,54,7
2.2826637232119209,98,99,58,7
4.2410894331515596,100,100,57,5
3.9132627091187975,98,99,54,7
5.6885178696518439,96,97,57,5
4.2988912880398384,96,97,53,5
5.2068585423511990,98,99,53,4
5.4814867881033491,100,100,50,6
1.2124021856129705,100,100,49,3
3.1125481777985979,98,99,53,6
1.6693405267725516,100,101,48,6
5.2100710107396750,98,99,48,7
5.4700537027015166,102,102,52,3
2.5898458137685920,100,100,51,1
5.2525421429097259,100,100,53,1
2.4800301370502966,102,102,57,0
6.0806798414938852,98,99,51,6
0.9812396992401825,98,98,56,7
2.9915222026529973,100,100,54,6
2.0860530426357515,94,95,49,6
3.4811739007175517,96,96,54,4
3.4936412734307805,96,97,53,1
1.9817690075111860,100,101,55,1
4.5353177642283491,100,100,49,3
2.8464599822653995,100,100,53,1
3.7262977411066354,98,98,45,0
0.8596912943389312,98,99,61,4
0.6484079486203379,102,103,63,0
3.4634229670348144,98,99,48,3
4.2725712293167781,100,100,44,4
2.5730201808842801,100,100,47,3
6.0484767094902310,102,103,49,4
0.2902703122476462,98,99,50,5
0.0927421637165363,102,102,61,0
5.2101266090721241,100,101,57,1
5.6162072300214838,98,99,51,0
5.9575415256119104,98,99,53,2
0.2048776038826708,98,99,57,0
4.5012066726537556,100,101,51,3
0.7944963478698840,98,99,50,1
0.7839862120342284,98,99,56,3
5.1056212891842314,98,99,54,5
2.5818812696407529,98,99,49,2
0.8108740429179222,100,101,56,6
4.9324899212804132,96,97,54,0
5.5448616166498681,98,99,60,5
5.2075408188352323,98,99,53,0
4.9065287843693310,96,97,45,7
1.3469793278977469,102,103,59,6
4.2078833727929332,96,97,52,0
3.5112187947654920,100,101,55,1
1.2352936718993399,98,99,50,1
0.6811171517263487,100,101,51,5
6.0829362322678806,98,98,49,0
0.1996845179860542,98,99,56,7
2.9376862749531027,98,99,59,4
2.0928265421491794,100,101,57,1
0.5319149495443337,98,99,49,0
5.5340651785443029,98,99,52,1
4.0365628285976909,100,101,57,5
2.3346401911280608,100,100,46,4
3.7550745524595213,98,98,50,5
0.7757383249562619,100,101,49,5
6.0576122951640423,98,99,57,0
4.4863164369740529,98,99,60,5
6.2467715509742181,100,100,53,3
0.7686533847086763,98,99,50,1
0.0345351067479784,98,99,59,2
0.7621596288621728,100,101,50,0
4.0044627917641051,94,95,50,1
2.2848649422642344,100,101,41,3
2.2474717964703768,100,100,57,1
1.1074279804076956,100,100,55,5
1.2688745136769652,100,101,49,7
0.9778798247742062,98,99,46,3
5.9298611647106663,98,99,56,3
0.5414432450449389,98,99,49,4
5.5125050170294472,100,100,47,3
5.6386394322325968,100,101,51,5
4.5111755649950860,98,99,49,0
2.0594039669733695,98,98,48,7
1.4804834134833205,92,93,51,5
5.5410255886436719,100,101,51,3
2.0195690429768582,100,100,50,2
4.0918147782454053,98,98,48,7
2.4646570234622067,94,95,42,5
2.5197447010342926,98,99,51,6
3.6546543797042288,100,101,53,5
4.5433112933861279,100,101,54,0
5.2833419184292110,100,100,48,4
2.2980355238286876,92,93,44,0
3.4989291060022127,100,101,45,7
5.3395272076425222,98,98,52,7
6.2495994250514340,96,97,49,3
5.0315771973328305,100,100,63,1
0.2192396442625950,102,103,50,7
3.0783630147857015,100,101,57,1
5.1360478681796806,100,100,56,0
3.4742547916114539,100,100,49,7
2.0166532113370046,96,96,51,5
5.9710954686756139,100,100,51,3
3.5776760898970159,100,101,57,1
4.4878336157289525,96,96,50,0
0.5025248757736692,100,100,52,4
5.0721431552222453,100,101,60,4
2.2004932813361693,98,98,44,7
0.0145941343372727,98,98,65,4
5.3188766839204229,100,101,54,6
1.7431886887999342,98,99,42,3
3.9608134817395668,100,101,47,1
1.6984255259776191,98,98,52,3
5.2392411242058374,104,105,57,1
3.0049210554311077,100,101,50,4
3.1615484161732432,98,98,48,5
2.5449886537517052,98,99,49,6
4.5766060128019070,96,97,48,2
5.9236313142674621,100,100,52,2
4.8188168022319235,100,101,52,2
2.5910938195780950,100,101,48,4
0.1255162780533274,96,97,56,4
1.5520391102987761,98,99,51,6
6.2560799276269936,96,97,54,0
4.9358629129561411,94,95,60,3
5.0492315982920033,100,101,53,5
5.2292338450086895,100,101,62,0
5.8948073977313635,98,98,51,2
2.0785391254364978,102,103,57,6
5.6614889074498844,100,101,39,5
4.2228145179556238,100,101,51,1
5.1929546045452346,100,100,49,1
4.5616815019982324,94,94,56,1
1.7445156566431477,100,100,44,4
1.8229441404756082,100,100,48,6
4.4595310833020783,100,101,55,5
4.6908291946983178,98,99,56,1
5.5144714655813303,100,101,46,6
4.1153136552324598,100,100,41,1
0.2461058808225414,100,100,49,3
4.1891817656714609,98,98,43,4
0.3451089673840375,100,101,48,6
4.6574473783164292,94,95,51,4
1.6758137871659879,98,98,60,3
5.9004404198998968,100,101,40,6
2.2895926150563288,100,101,53,1
5.9824403491674651,96,96,46,4
0.3510876806573871,98,98,43,6
3.0414183749287051,98,99,53,4
1.0270476371225288,102,103,55,0
2.3817388119236713,100,101,46,2
4.0837215453818496,100,101,52,2
3.4991484918044002,100,101,53,7
1.3797891927876611,102,103,62,7
5.8244106680377516,100,100,49,1
3.7685305072956776,100,101,59,5
2.4113475514801510,96,97,52,4
3.5860635295665308,96,97,60,0
0.9322723815406070,98,99,63,2
1.1295311255552980,100,101,55,7
4.3417816606519688,98,99,42,3
2.9975794348162119,100,100,58,2
2.6485619681726846,100,101,55,1
6.2045174493441140,98,99,47,0
4.1069444774972981,96,97,53,5
1.0237629303157019,98,98,51,0
5.6584344827551245,98,99,47,6
1.6306484840563686,100,100,57,3
5.0828164588364730,96,96,49,7
3.0711895310028043,94,95,44,5
1.1075513853023422,102,103,61,2
3.4370707666205926,102,102,54,7
3.6083368242836218,100,101,60,6
3.4271348922818707,102,102,50,1
4.1761770677517145,96,96,45,1
1.3149627529611194,98,98,50,5
1.9842055794628508,94,94,47,0
1.8991030432715874,100,101,46,0
5.9609559288533847,100,100,57,3
5.7866300822772176,100,101,51,3
2.2065569637104603,104,104,52,6
5.3666291277857461,100,101,46,4
3.6164889813665702,96,96,46,6
4.8605724955192251,98,98,50,7
0.2764679271127365,100,101,58,4
5.1762949441854103,96,96,48,2
4.5941674642322683,100,101,41,7
3.4753959685844107,98,98,47,0
4.7040724034792847,102,103,55,6
2.3634733020496128,96,96,50,0
2.9572303838739824,96,96,53,7
1.1587009291505543,98,99,44,3
3.5396299003753264,100,100,44,0
1.3084758145850732,98,99,52,1
3.6420330906665157,92,93,53,5
6.1994187717255684,98,99,47,4
5.1744954360745021,100,101,48,4
5.5050124146728585,100,101,54,6
2.8382746730921684,100,101,49,1
0.4887798687187073,100,101,49,5
1.9472276836918356,96,97,53,1
5.0471447068346933,98,99,50,5
2.2028901548394275,98,98,57,2
5.7157388805744125,100,101,48,6
3.6307123903217779,100,101,60,4
4.4515288420996191,96,96,49,1
3.2694093859238995,94,95,40,1
6.0584491312110842,100,101,55,7
1.8257259221624085,100,101,55,3
2.7096270030886012,100,101,58,6
6.0945852127291342,100,101,55,3
3.7543944910099287,100,100,52,0
2.6562423560906985,96,96,40,0
4.5527403369726303,100,100,47,3
4.5563193235673465,98,98,41,0
4.1628988310419475,98,99,58,5
4.5799724732955802,100,101,54,2
3.6771968268846913,100,100,51,5
6.2621665573535674,96,97,50,6
4.9659729538875927,98,98,57,0
2.8480809910438629,100,101,49,1
3.7150916430675052,98,98,54,5
1.4114267176150099,98,99,49,2
6.1378352806976784,100,101,46,0
3.3102560005185628,98,99,54,3
4.0094494476026590,100,101,50,0
5.1517199476546667,98,99,53,2
5.0313526016959864,96,97,48,6
1.3466216700246643,100,101,52,6
2.2574435089323401,96,96,50,6
3.8656975551029684,96,97,39,5
0.7202847788713421,100,101,57,7
0.2069719224538604,98,99,47,0
0.7977445998076287,98,98,43,2
3.8507369840728733,100,101,44,4
4.2466887470053498,98,98,53,6
0.2808938328105789,100,101,50,6
1.0609414430211157,96,96,45,7
3.7981787803612455,98,99,44,7
0.0365057433153268,100,101,51,3
3.6947202345794898,96,96,46,4
5.1276228888970490,100,100,37,7
1.9762439726973888,100,100,59,1
3.9348654226071638,98,99,51,6
4.3891811110642474,100,101,59,1
0.1680455635670568,100,101,50,0
1.0801151467123860,96,96,56,2
2.6971490524465400,98,99,42,3
4.9519062997137926,96,97,48,0
3.3239353151259072,100,101,50,0
5.1705577634561859,96,97,46,2
3.3000294837164637,100,101,66,4
3.8562913727234212,94,95,49,0
3.1596976704280415,100,101,49,3
0.0495360190252711,98,99,48,1
0.9826332395658336,98,99,58,1
0.5557753836206666,98,98,58,1
4.2523819075497258,98,99,50,7
1.9658665200502992,100,101,59,1
4.9574896521044023,98,99,39,2
5.1576203500654767,98,99,45,6
4.2404184220527164,94,94,44,5
4.8649053533014870,98,99,55,6
0.2252062073862965,98,98,53,2
2.9379524752917785,100,101,54,0
3.5173059379635672,98,98,57,4
4.3317192966333300,100,100,47,5
2.2630063651940957,100,101,51,3
2.0219047024386798,100,100,56,2
1.4954300876704409,98,99,46,7
3.7714654406478454,100,101,49,3
3.1318150400261060,100,101,56,6
3.0661191691266150,96,97,48,6
0.3716824495389964,98,98,47,6
4.3039491662481657,94,95,52,3
0.0125460528953047,100,100,46,2
0.2769109078198940,100,101,55,7
3.3918970970150903,98,98,47,0
1.8662550299297409,94,95,46,1
4.3911911894988043,102,103,53,2
5.0599367804318964,100,100,44,6
5.7680052003147759,96,97,48,0
0.3490875674996702,98,98,52,1
5.2241990274959447,98,99,52,7
6.0473539320946967,96,97,47,7
2.4955517303644634,100,101,53,1
2.3947941146308422,100,100,47,7
6.0496111421468148,100,101,62,2
3.2464083662693448,98,99,49,2
2.6931259125401059,96,97,44,4
4.1103407282255171,100,101,51,5
0.2924148114646736,98,98,45,6
4.2885014346089783,100,101,51,7
3.2213614133658890,102,103,61,4
3.3785178532732258,98,99,61,0
4.8634143511973891,98,99,53,6
3.0533314428798959,100,101,56,6
3.9929866872051356,100,101,44,2
1.5132579351212641,98,99,42,1
2.6123101522768919,100,101,38,0
1.0860525514687844,96,97,47,1
4.4270376601744985,100,101,58,4
3.1731008150987829,100,101,51,1
0.4866933977148921,98,99,55,4
2.0324536316816473,98,99,47,2
2.9963925862001974,98,99,54,5
0.5572961033111297,100,101,55,1
4.1087107952441686,98,98,53,2
0.3661097424314532,98,98,47,0
1.9430887167157243,100,100,49,7
3.2286131612002227,92,93,32,0
2.2504320983925625,100,101,45,1
5.6395508518498314,96,96,52,4
5.4785799185196682,104,105,55,5
4.9495659544144788,100,101,59,5
0.8091531732864152,100,101,56,6
5.8965797562890288,98,99,50,7
3.4681159773235750,98,99,48,3
2.5851121408826061,102,103,53,6
6.2073027439433961,100,100,54,6
0.3582171910319634,100,101,53,1
1.2590513914500359,100,100,60,0
2.2354798646386107,98,99,58,3
6.1849269913507712,100,101,59,5
0.8486276417427713,100,101,54,0
5.9209116129346615,100,100,54,4
0.5383900420175274,100,101,43,3
2.8415284731041797,96,96,59,3
5.5272732147156045,98,99,47,4
5.3806821845953952,98,98,53,2
3.9452335823740197,98,99,49,6
2.5038977463361141,100,101,48,0
5.8903888042806987,98,98,52,3
5.2519882637574602,100,101,57,3
5.8257300578295172,98,99,53,6
0.2539668197613280,98,98,50,3
0.1841420724405944,98,98,63,6
3.3396096637007862,100,100,57,7
2.3802218487066678,100,101,43,1
4.8490315487036106,98,98,49,0
1.9543177708939048,100,101,58,0
5.5130799613873132,92,93,43,7
4.5121525061230763,98,98,55,0
1.0278726321683795,98,98,46,5
1.2580846274441442,94,95,44,7
2.7389425922776791,98,99,47,6
0.6082422899840021,100,101,55,1
0.6175629737721339,98,98,49,0
1.4575477821861720,100,101,65,7
5.5971131227251245,98,98,47,2
3.4100742548339049,98,98,50,1
1.8675662547727063,94,94,50,5
2.9314142496069961,100,101,54,4
5.0591529777180879,98,99,63,4
4.1216686234949540,98,98,59,6
1.0123813025163422,96,96,54,6
2.8071901897415525,100,101,51,3
4.5248286570469025,98,99,55,2
2.0608917709815815,96,97,46,0
4.1406612557257505,98,99,56,5
4.8796302762028541,100,101,58,0
5.3026192880477350,100,100,49,3
4.1743893029037906,100,101,57,5
5.8276175600796298,98,99,53,6
1.9292738670647536,98,99,58,3
3.8772943835609031,100,100,55,1
0.1426639096538997,94,94,47,4
4.1054936076829893,98,99,47,6
5.3213466333583703,98,98,47,0
4.8532279898171895,100,101,51,7
0.9771703719691851,96,97,51,7
1.6755646280406562,98,99,55,6
4.6226484010072921,96,96,45,3
2.2201476875099320,98,98,49,4
3.7283879331800986,96,96,45,7
3.4615178159215771,100,100,52,4
5.6999084609654327,100,100,52,2
1.4774106727495384,100,101,57,5
3.4100646237663428,98,98,53,6
3.3110236022949189,100,100,50,0
3.4010250050778539,100,100,56,2
2.6999832139072226,98,99,52,1
1.6519434698380115,100,101,57,3
4.2799855131836066,100,100,46,2
1.9404222456830396,100,100,52,0
5.9735613121421141,100,101,53,7
0.5522250674378829,98,98,52,3
1.8331716219127117,102,103,57,2
0.7615904156089635,100,100,54,2
1.1203892258880770,100,100,46,4
0.1272854110797731,98,99,44,1
2.4914059754664724,94,95,53,4
4.8190591692092379,96,97,53,3
1.7087874342370886,96,97,53,1
2.1368469990953498,100,101,50,0
4.5104390001503631,96,97,48,6
1.2813575133853785,100,100,53,1
6.1035577257446478,98,99,52,7
3.9095549218729975,100,101,51,7
4.0166117146194331,98,99,51,2
4.5661180686834131,98,99,54,5
0.3244269927381459,98,98,53,6
2.1619963376109057,100,101,59,7
2.1302874361435942,100,101,50,2
0.3289904184354376,92,93,47,3
0.4594297362406808,100,101,58,4
3.4965758133748839,98,99,51,4
3.5999618006828618,100,101,45,5
6.2574306407265210,100,101,52,0
2.1370308266877136,100,101,50,4
1.7104283970523197,98,98,50,3
3.3685700330217889,98,98,54,7
1.5267307282990430,100,101,50,6
0.1053567853701785,100,101,46,0
3.9383187498793188,100,101,54,0
4.7646434032210916,100,101,58,4
2.1276429415710587,100,100,46,4
0.2094466410866165,98,99,51,4
3.3603950442416695,100,100,50,2
6.1728350851384066,102,103,55,2
3.6572675768758121,100,101,53,1
6.1972630391020092,100,101,50,0
4.3411564375328195,94,95,42,3
5.4666438474336951,100,101,50,0
0.4503302933084884,98,98,43,4
0.5293642870362916,96,97,48,2
4.8699600102156575,100,101,48,4
5.6626300514441130,98,99,51,4
3.8001530194625341,100,100,49,5
2.2860557956989846,100,100,52,6
3.2972044717729836,100,100,61,7
4.6760784736231997,100,101,49,3
5.2169275409166316,98,99,49,2
2.2897516521555663,96,97,45,3
1.3746486325323732,96,97,41,1
4.9966697100652526,100,100,46,4
0.2177217021068152,94,94,45,2
2.7982767254292495,98,98,49,4
0.7649243292493547,100,100,52,4
1.7899550331874254,98,99,50,3
5.3577495505442485,98,99,48,7
4.2744840545705394,98,98,49,0
5.6431885845564054,100,100,40,0
1.8172920361318914,98,99,54,5
5.9445880324872045,100,100,41,7
3.7589058798231574,94,95,53,4
5.8221892827389246,96,97,39,3
5.7166544329319713,98,99,44,1
4.7816367503027912,98,99,50,5
4.7864092282991990,94,94,41,6
3.9786231815143109,100,101,51,1
3.5252881607115722,98,98,51,4
5.5164191348368599,100,101,40,0
5.2602146554985802,100,101,56,4
3.5567936648533331,90,91,55,0
5.9427896179915027,100,100,55,3
1.9092104785896498,98,99,57,2
1.1381053167655710,100,100,51,1
5.8156500090736127,100,101,45,5
1.4140082833494168,100,101,49,5
3.6400497990788447,102,103,56,3
3.1200072870929034,102,103,56,1
6.0045231111123725,100,101,56,0
4.7974902722659678,100,100,55,3
0.6747989259943513,100,101,51,1
1.9202676726061700,100,101,59,1
3.0774529746425832,96,97,59,3
1.9036234808480650,100,100,46,4
3.9111574542122489,100,101,44,2
1.0635374866761418,102,103,59,0
4.0568655186229909,96,97,44,2
0.0309096607698554,96,97,55,1
4.9376456383989238,100,100,54,0
6.1634988990585198,100,101,60,0
5.5690759857565642,100,101,54,6
0.6069793064531336,98,99,56,3
5.6591110996678609,100,100,58,2
2.3491280958131946,94,94,47,0
2.5095741039608921,98,99,52,7
0.3779114509077507,98,99,57,0
4.3928974753858618,98,99,43,4
4.5949365353921277,96,97,51,1
1.0994143238324787,98,98,56,1
1.4101232048766539,102,103,56,1
1.9873340331154357,98,99,52,3
5.8208352334422120,94,95,51,4
4.3313275822596191,98,98,50,5
3.4455237289599516,98,99,60,1
5.4257705504239144,100,101,43,3
3.1994003360024510,94,95,46,7
0.4559344732320230,100,100,47,3
6.0700893685278290,100,101,51,5
0.4416733711987066,98,98,60,7
3.3713017487834942,102,103,52,7
1.5816330523498718,98,99,54,1
4.2655356599845495,100,101,59,1
5.9459052456034103,98,99,48,5
0.4424649535182721,100,100,41,7
0.7411366862894878,98,99,46,7
5.3106603071461445,98,99,46,1
3.7196123702205557,98,99,43,2
4.4611151752457916,100,101,56,4
2.3766268919573457,98,99,57,0
1.4179594343702449,100,101,48,6
5.7987085870725368,100,101,50,2
3.9902004325440856,98,99,47,2
4.4696875296776675,100,101,51,5
3.5118641564689721,98,99,48,1
0.5337211925045684,98,99,52,1
0.4157243738331824,98,99,47,0
5.5041557791744271,98,98,47,6
3.4803956713205899,98,99,43,0
1.8754828339743013,96,97,55,7
5.9658477091908946,96,97,48,4
5.9178008890400724,104,105,54,2
3.8948393329678304,100,101,57,3
0.7963645322131856,96,97,50,2
3.7068485426955293,94,95,49,2
5.7205263210420316,100,101,59,3
3.9273945110130026,100,101,56,0
1.9825652679321519,96,96,48,2
3.0789816495705224,98,98,51,0
4.3872736926989422,98,99,51,0
5.0867033629117717,100,101,51,1
2.0371681922612495,100,101,52,6
5.4158263731435374,100,101,52,4
5.6295052595138193,100,101,48,0
4.9361124821354485,96,97,58,0
1.3458673888536921,98,99,66,3
6.0280782401210162,96,97,53,1
3.3469743443473701,96,97,48,4
4.3202626285501307,98,98,51,4
4.1052367408452914,100,101,54,0
5.7277540203652419,98,99,57,2
1.9478673470412764,98,99,60,1
2.1262720220433788,102,103,55,6
5.7036711308738859,98,98,43,0
3.4742377758711265,98,99,48,7
2.3830114069528392,98,99,54,3
1.4139882861887580,96,97,58,0
4.0010432156559279,100,100,52,6
0.6802774335394418,98,99,56,7
5.3561135957064900,100,101,51,3
4.8481292293404961,100,101,55,7
3.9368917970230699,98,99,40,1
6.0704066465566822,100,101,44,6
2.0410491434340150,100,100,57,3
5.7558548215150864,100,101,40,6
4.3404641585100538,98,99,54,7
2.8114244707457057,90,91,42,5
5.0965091603682726,98,99,54,3
2.2069178631289610,96,97,46,2
2.5974887289612258,96,96,48,4
3.2574483668693106,100,101,46,6
5.1454494426592099,98,98,49,2
3.3191308311404835,96,97,48,4
6.1060597790845534,96,97,49,3
2.5868678019603153,100,101,55,3
5.7522595997812251,100,101,49,7
6.0976331885988850,100,101,50,2
1.0722319725689191,98,99,55,6
3.6923052841112374,98,99,53,2
3.5408032390553719,100,101,55,3
6.1395759522626969,100,100,63,5
1.7893005572112362,98,98,50,7
2.2849512147722724,98,99,55,2
3.4027725792944827,98,99,45,0
2.0697480172461580,96,97,50,0
6.0703712651853623,100,101,52,2
2.8207714169460334,98,99,48,1
3.5515219636745585,100,101,54,0
1.9872269169341001,100,100,47,1
4.6904320547432432,98,99,57,2
3.2446098834990109,100,101,56,6
4.1094489573086834,96,97,46,6
1.1012556738942219,100,101,54,6
5.8766778492853993,98,99,51,4
2.9117224410178033,98,99,44,5
3.1544905392513951,100,101,44,4
0.4777897819162825,100,100,60,2
2.2530677200953853,98,98,53,2
3.1338618465691543,98,99,61,2
4.5121769140771368,98,99,51,6
2.1397635437905844,98,99,47,4
5.9769778354513310,96,96,51,7
2.7348637295116562,102,103,55,6
3.0537560564908901,102,103,51,0
3.7097236556787450,96,97,59,1
2.6695779218304745,98,99,54,1
1.0101620936404156,96,97,52,2
1.1051539167143583,100,101,44,0
5.1339602025500293,100,101,60,6
3.9163214882381632,102,103,53,6
4.0882674364434610,96,97,49,1
3.2349242679686614,100,101,49,1
1.9058979618030010,100,100,55,5
2.2193904651991492,102,103,47,0
3.9506936498002916,98,99,37,6
1.3105086723724051,100,100,56,0
1.8518179293043973,96,97,50,0
5.7429147572067265,100,100,54,4
5.3159275513321642,100,101,51,5
5.5176048513866487,98,99,45,4
4.5964770227680463,100,101,40,0
0.5361473081340860,100,101,45,5
0.1106461947352574,92,92,50,0
3.3941044981015756,104,105,60,2
0.1618438621474254,98,99,48,3
2.7733956327657765,98,99,45,6
1.3873382667825367,100,100,56,0
5.0633591930537962,96,96,45,5
5.5822480027187495,96,97,55,1
5.4116593364225469,98,99,48,5
0.5924624962728343,100,100,48,2
0.5860532763914756,98,99,53,4
4.8909345340981325,100,101,48,6
1.1869061414393811,98,99,48,5
2.9289468199629032,96,97,45,7
1.0399162342053063,98,98,57,4
2.4187119661644614,96,97,48,6
5.2207902431590769,100,100,44,2
1.2102937774700009,100,101,53,3
5.6257339287049293,98,98,43,6
5.0695570031931210,98,98,56,5
5.7928734074798722,98,99,52,5
1.1592302039482019,98,99,57,0
1.4058798341370575,100,101,55,1
0.4859487482644403,98,98,56,5
5.0644643520475663,100,101,57,1
0.8669728276551401,96,97,49,7
6.0512464290448076,98,99,51,6
3.5154446511033375,92,93,48,4
4.7960740749024255,100,101,54,6
6.1952030671475198,94,94,46,1
0.1748321389021956,98,98,54,1
1.8213160199092271,98,99,57,4
4.4140316087397000,100,100,51,1
5.4103469039550420,96,96,55,1
3.7479708361440123,96,97,49,1
1.7586659974863008,100,100,49,1
5.0310937775597067,102,103,54,5
1.0578496864074569,102,102,63,2
2.5850078543503976,100,101,59,7
1.0553733920673658,98,99,51,6
1.7590314438573647,98,98,49,2
0.9823180242883611,98,98,48,1
3.3511648528029241,94,95,50,5
1.4358548533353950,102,102,47,4
1.0802567681277453,98,98,50,3
2.8628230430745045,100,100,48,0
1.2768948398263986,100,100,58,6
2.6479338183976635,96,97,50,6
4.4990074998709320,100,101,46,2
3.3277931292540166,100,100,51,7
3.0574586268773256,98,99,51,2
3.5632950046599867,102,102,54,5
1.9843739475472779,96,97,50,4
3.8376339446066239,98,98,51,4
5.4205750905349976,100,101,58,0
0.2781433171501176,94,94,46,5
5.0287963903368755,96,97,47,5
0.6030853776762463,96,97,52,4
5.3215184326029226,98,99,58,7
4.8509313501253404,96,97,49,7
4.5677028496513987,100,100,58,4
5.1223768613139651,100,100,48,0
2.3106075592503363,100,101,51,1
4.5341948127967733,102,102,41,6
2.4577315316133603,94,95,49,4
4.9856552765720217,98,98,49,2
0.5391565878363929,98,99,46,7
0.5127218578276835,96,97,55,1
2.0939234661487145,98,99,49,0
4.9640147987102292,94,95,45,6
4.6688109108452611,98,99,45,4
2.7483511880938067,98,99,57,4
4.8019392329750659,100,101,54,0
1.2027760216468166,98,98,44,7
6.2763722322895656,96,96,52,6
0.2185192936363138,94,95,52,5
5.9549615969098593,94,95,55,2
3.5885795816013721,98,99,51,6
3.1092655504566808,102,103,57,0
1.2545593542604190,98,98,53,2
3.7957546532605728,94,95,41,6
1.2555905930413866,100,100,44,2
0.1699505643727594,96,97,52,0
1.8978473872035397,98,99,59,4
4.4243330670545324,100,101,58,6
0.2171340834395692,100,100,51,5
1.9596138949809234,94,95,52,5
1.7228218565227813,96,97,59,3
4.3503453048351028,100,100,56,6
5.5038460093540378,96,97,46,0
4.1519120037134076,102,103,47,6
0.7032222702735668,94,95,55,6
5.3322845202207123,100,101,51,7
0.0964216468315853,100,101,51,3
4.4239746990147779,98,99,48,1
3.9846390195607424,96,96,43,3
0.2980465119745965,98,99,56,1
6.0979081106893300,100,101,55,3
2.1197424097960686,100,101,57,7
2.1575473648641799,100,101,49,3
2.7625736389388473,100,100,52,0
3.6163843594429501,98,99,62,1
3.1395913845495302,100,101,51,7
6.1582032139661695,98,99,56,5
0.0666344550816976,100,101,54,4
2.0997216175917344,96,97,55,7
5.0945965589227473,98,99,45,6
5.3322887889103505,98,98,48,3
1.8434451509748284,96,97,56,6
0.2256051232067015,100,101,61,1
4.8885282357605542,100,100,64,4
5.9846887842487195,94,95,56,3
1.4782047231783244,100,100,50,2
2.2408708577461764,98,99,51,4
2.6632072019727384,98,98,47,0
4.0872460046959578,98,99,56,3
3.6954366641486538,96,96,46,6
3.5243818839216723,96,97,50,0
4.7427259992720829,98,98,48,5
4.8635167971870183,100,101,55,7
3.8123818366935702,98,99,52,7
4.5482753309337260,100,100,49,5
1.4579285333971741,100,100,55,3
2.2647120353935888,96,97,46,6
5.0269240973082372,100,100,60,4
3.1294503770347015,96,96,55,1
3.2343374299086545,96,97,52,6
4.5308192437249390,100,101,57,3
0.3353116795597774,100,101,62,2
4.1429724832219286,98,98,54,3
3.8202465027342436,96,97,54,0
2.7937927729810283,98,99,54,3
0.2130485591242250,98,99,43,6
2.6903851423105585,102,103,51,2
3.0464337770546313,100,100,60,6
0.8090301456531284,100,101,52,0
6.2432592631342905,98,99,48,7
4.2150463680889958,100,101,45,7
0.7825126145373241,98,99,49,0
4.6723353163048706,100,100,61,3
4.5499695325436074,98,98,51,2
1.6166139177123739,100,100,51,5
2.9192084801629758,100,101,50,2
6.2397996351825835,98,99,50,1
3.4719321153783613,100,100,50,2
5.7080938228579683,98,99,51,2
5.7756298847975271,100,101,56,6
4.4156276632631952,100,100,44,6
0.8923561914149348,98,98,49,0
1.0025448470099485,98,99,53,0
4.7826330009918827,94,95,41,4
2.1468338586924718,98,99,56,5
2.7912080275829116,102,103,55,4
4.4609670863631372,100,101,54,4
5.0557541757560909,100,101,51,7
4.5398770284497605,98,99,56,7
6.1506170132778957,100,101,52,2
3.8857072533933645,98,98,49,0
4.4430761058244288,100,100,49,7
5.4206367724628848,100,100,52,0
5.5470720512834415,100,101,50,0
1.5143163852983790,102,103,48,7
4.6952822136057266,100,101,48,2
6.1206932385913007,98,99,53,6
3.0756305200079783,100,100,47,1
5.6524175522529285,96,96,49,3
1.4434493811223332,96,96,47,7
5.8394223448046869,100,101,58,4
1.4410874556019513,100,100,51,1
5.3144124530999362,98,99,55,2
3.6125053632314525,100,101,52,0
2.1193963788465111,100,101,55,7
3.6384041776988552,98,99,47,2
0.7452849234754286,98,98,45,6
3.1038069806052171,98,99,60,1
2.7536243204230599,96,96,45,5
0.8259287790968254,100,101,41,3
1.2405874463736433,98,98,43,2
0.9975531962888987,96,97,49,1
1.7542264821886810,100,101,53,7
5.5797223739011521,98,98,48,1
5.5402888652839941,98,98,45,0
4.1420191702777416,102,102,59,2
3.1711917646325758,100,101,54,4
2.7208968891506702,96,97,48,0
4.3339910341014320,98,99,47,2
0.2843967465853911,100,100,55,5
4.7142316779977449,100,100,49,5
1.9504592480833185,100,101,48,2
1.9675494721576563,98,98,48,3
5.9288664474738990,100,101,55,7
1.5727024732629915,96,96,54,0
2.4339120285903300,102,103,51,4
1.6720574765702680,100,100,52,2
0.7170049643589523,98,99,43,6
1.2295647351989147,100,101,54,2
5.5064387490431850,98,99,42,7
3.1437274242054829,98,99,50,7
3.8678966918310720,94,95,46,1
3.9565822735692326,98,99,47,4
2.0013036530113166,98,98,56,1
5.4948495336415792,100,101,56,0
4.4915997027634305,100,100,57,1
0.1908336059525385,96,97,55,5
1.3536714157497869,100,100,48,6
2.5889562633205712,98,99,60,7
2.3061661568109582,98,99,45,0
0.3304140603911059,98,99,52,7
0.9810500974291306,100,100,42,0
0.3155008932534588,98,99,51,0
2.1496513557527073,100,101,48,6
4.4568324675398054,100,101,54,4
4.3462844943888017,100,101,40,4
3.2307500767668755,94,95,51,0
2.7560717581744694,98,98,66,1
5.1444480025922683,98,98,47,0
3.0850824940404666,100,101,59,1
2.3460115887383317,98,99,45,6
2.8166767668739507,98,99,55,2
3.5587980483695789,100,100,61,5
1.3263835762405709,100,100,53,3
4.8171938724016750,98,99,55,2
3.9037990753255065,98,99,56,5
4.3449291987104530,100,101,53,7
1.4213954382083649,98,98,61,0
4.2160964132494936,98,99,50,1
5.4503709894949983,100,101,55,1
5.8290095604511816,96,97,50,6
6.2831485688709421,98,99,36,3
3.0875626676960728,98,99,57,2
1.7162748186219376,96,97,42,0
2.9345596192181183,96,96,52,0
3.5662678548568891,100,101,56,6
5.3936976966058134,98,99,58,5
4.6613385724251524,100,101,46,0
0.1454307675586008,100,101,56,0
1.6393555583142092,98,98,44,3
6.1665344928429597,100,101,53,7
3.8213841645666760,100,100,56,2
1.9094459640329924,102,103,55,6
5.7899931627564900,100,100,58,2
1.1020809771464395,100,100,50,2
2.3835049024719974,96,97,46,4
1.3443909033568475,94,95,52,5
3.3345712321144041,100,100,54,6
5.7233495612191430,102,103,56,5
1.7053478640598092,98,98,48,7
2.1121660177845376,100,100,55,1
5.8126684972723046,100,101,44,6
1.8902175793449265,100,101,51,3
5.1446956709249259,98,98,53,4
3.3900808780614966,100,101,49,1
1.9802177796787017,100,101,51,1
1.8108300567033455,98,98,51,4
0.0033770537775848,100,101,46,4
5.8103957989075337,100,101,45,3
2.0719169315348265,96,96,48,2
5.3448340291590162,100,101,51,5
0.4218541631716559,94,95,57,4
3.6758629445663265,98,99,46,3
0.7053816441652804,100,101,41,7
2.4421739286263335,96,96,55,5
3.5281917600853534,100,101,50,2
3.9228158106166653,98,98,46,3
3.0307573236307621,98,98,50,7
4.2649195401942759,98,99,51,4
6.2168333207014834,94,95,58,1
2.9637403649602496,100,100,60,6
1.2344363059350736,100,100,48,2
3.9120006755836245,100,100,45,1
0.3431330141762426,98,98,56,1
3.0731853997024543,100,101,47,7
3.8346711045073483,100,100,44,6
2.7843878255213830,96,97,44,4
4.9060005557482960,94,95,44,3
2.2925065110346390,96,96,57,5
5.6470188721625840,100,101,49,3
0.1603310887112503,96,97,51,5
5.0926209904699284,96,96,44,6
4.6044818006653445,100,101,51,1
2.4352092613249128,96,97,44,0
1.7016322297440705,100,100,49,5
4.5727936926734882,100,100,53,7
3.7785849136833121,100,100,53,5
3.0630037868214659,96,97,54,0
3.8418145150651957,94,94,50,3
3.7580567424652442,100,100,45,5
0.4658347953525842,98,99,48,3
2.8288803507379616,98,99,45,2
0.3968136845706132,100,101,47,3
3.3646138572333362,94,95,49,6
0.7985334412922419,100,101,53,5
5.3895516536048715,100,100,56,6
3.7980408062514988,94,95,54,5
5.4331903724058197,98,99,50,5
0.8014139359982869,100,101,64,0
1.9328346487867301,98,99,59,6
1.5816791508488832,102,103,53,0
4.1762485633592474,102,102,62,5
3.7716190037990551,98,98,44,3
1.0379210110381918,100,101,55,5
3.3208375720556029,102,103,56,5
0.7785119033565215,98,99,47,0
3.4846268448339823,98,99,49,6
5.3159474499165986,100,101,56,2
1.7301622248152682,102,103,52,1
4.7352550578313917,100,101,55,3
3.5335657622875121,98,99,40,7
0.6800715057046268,96,97,55,3
4.8014373892786804,96,96,47,7
3.4355599719296843,100,100,39,5
1.8341884265530715,96,97,55,7
1.1925682090426528,100,100,53,5
4.4878568028033063,100,101,54,4
4.2760681307749966,100,100,48,6
2.7777985998472294,100,101,53,7
2.5590235259895251,100,100,56,0
5.4560613719593798,98,99,47,2
0.6491437415789982,102,103,51,6
0.7697838313670468,96,96,53,3
0.2599898789168190,98,99,57,4
2.9825322786433675,100,101,44,4
4.7936847647005205,96,96,53,1
0.5881225660661430,96,97,44,4
1.0620092402792594,100,101,55,3
2.4362055159600886,100,100,46,6
2.8473204941582733,98,99,48,3
6.2268177584219089,98,99,54,5
0.9911631447345939,100,101,49,1
2.0699265915022860,100,100,50,6
0.3419585837194674,102,102,49,2
0.0151853846371238,98,99,49,6
0.5946210067048397,98,99,48,3
2.2402222994186669,98,99,58,3
0.2674473449338443,98,99,48,7
3.4669970129670005,98,99,52,7
2.6846526466072769,96,96,55,3
1.0163859221261100,98,98,45,0
2.8064031941857714,98,98,57,2
2.8063215093339404,100,101,47,3
0.8805921051735481,98,99,53,4
5.3554784798057913,98,99,50,5
3.3589552288752706,100,100,53,7
2.9575175265460181,98,99,54,7
5.4058477450009104,98,99,51,2
2.1915096710622830,104,105,58,4
5.0429295266999770,98,99,40,1
6.2745395039105913,100,101,52,0
1.0076592248585485,100,101,54,2
1.8469408809281993,98,98,51,2
2.9483343452611841,100,100,54,0
1.2909908811714526,100,101,50,4
2.4079968224978630,100,101,49,3
4.2708421287674865,100,101,49,5
3.9740314701773758,100,101,53,7
1.3074541815453387,100,100,52,6
0.1471004074973957,100,101,43,7
3.6406710811411185,100,101,53,1
2.4500196931829907,98,99,55,6
4.9641511066783828,98,99,50,1
0.1414066480453664,96,97,56,6
1.1705119947244049,102,103,55,0
1.9896410780502407,102,102,49,2
1.3607495449910636,98,99,51,4
1.4146976875631303,98,99,54,3
1.6414869114897610,98,99,47,2
2.1454211897478292,100,101,55,3
0.5298282874198672,98,98,49,0
1.2921632389329365,98,99,50,3
2.8280156255034008,100,101,52,6
1.2634023240929233,100,100,53,1
3.5837986217605295,98,99,50,7
5.0737375983907747,98,99,54,5
4.8912975481988727,98,99,57,0
2.5036702018578412,98,99,62,1
2.6671843066745913,100,100,56,4
4.2120373796925588,100,101,43,7
2.4710978909622225,98,98,51,0
3.6784421004886263,96,96,48,2
4.0045186834082758,96,97,58,2
4.6302855346762364,98,99,57,6
3.7240507111427759,100,100,49,1
0.5230344922846784,100,100,52,6
3.7206005851021402,100,101,49,3
4.2955799292282881,98,99,63,4
4.7914815250022960,98,99,52,3
0.5328523805970922,100,100,48,6
2.3935430792942793,100,101,60,6
5.9670762692492074,98,98,51,4
0.4406936756662359,100,101,57,3
2.7461194996375990,100,101,51,1
0.8109999972690485,106,107,57,2
1.4072216342917805,98,99,48,1
2.0026224026297617,98,99,54,1
2.5682992155571878,100,100,51,1
2.0876844757535995,100,101,46,6
0.3955883752298784,100,101,43,1
4.3043462808446424,98,99,50,3
3.4340626644612637,100,101,56,4
4.9608320584476298,98,98,44,5
5.5287936838675042,98,99,53,6
6.0811330287776402,100,100,56,0
4.5662951216214189,96,97,54,4
1.3880373238725192,90,91,54,1
0.9298117938266159,98,98,54,3
5.6675425690172361,100,101,46,2
4.6226880331886031,94,95,46,5
4.4400834550884722,100,100,59,7
4.7667540503508086,100,100,46,2
1.9657463036183012,100,100,46,2
5.2049427845446106,98,98,51,6
3.4506150588099280,98,99,44,5
4.4347539957066369,100,101,53,1
0.3805990277416388,100,101,48,4
2.3237792440356722,98,99,46,7
1.9835213521255053,100,101,48,6
3.5065131683716628,100,101,51,1
3.0796265010753712,100,101,53,7
3.5628482381254405,100,101,46,0
5.8050877234358049,96,96,53,1
4.7216586917934178,100,100,50,0
3.4434554097142369,100,100,59,5
2.2785633078327976,100,101,58,4
4.1491451022597126,98,98,56,3
3.6876162195442772,100,100,42,2
0.5598117754121114,96,96,57,7
1.7521051376219956,94,95,51,2
5.4374319764112924,102,103,63,2
5.1912540192069407,100,100,50,6
2.0848928509324942,100,101,42,6
2.0496644061339051,100,101,54,2
2.6121746095460847,98,99,51,0
1.5528529993906799,100,101,53,7
1.0150731446084102,100,100,49,5
3.8394062192472989,98,99,50,1
0.1753385706555317,102,103,57,2
5.4085380342357618,98,98,53,2
0.5293762718630942,98,99,52,1
5.2343044421523519,98,99,51,2
1.2496808680617428,102,102,52,5
4.5191193999187291,100,101,39,7
1.7346700839166886,100,101,49,1
4.9916898883522673,96,96,52,4
0.0822781774277599,102,103,53,0
3.8562199038027107,98,99,50,1
1.7284201001900592,96,97,53,7
1.9946078005602630,96,97,41,3
4.4915481958581482,98,99,53,4
2.2330099821793774,98,98,51,6
4.0512985795059784,100,100,50,0
3.7727309744484749,100,101,48,4
0.2448639226870026,100,100,46,6
1.2197553781477384,92,93,52,4
1.6117297089014069,96,96,51,1
0.2276263993308907,98,99,52,3
1.2866659091899602,100,101,61,3
2.7835477341666897,96,97,49,3
1.6614783695350352,102,103,46,7
0.4575492082626467,98,98,40,1
2.1444907491857337,100,100,48,4
1.6826097612064481,100,101,50,6
1.4469161037704448,98,99,61,0
6.2613912916217815,94,95,55,0
4.0297602417548637,100,100,55,3
4.5354170695185188,98,98,45,4
4.0549612142651439,102,103,40,3
3.2933447050343125,98,98,57,4
0.9718058463612441,100,101,60,4
2.2185177175965420,94,95,52,1
3.5690777565775509,98,99,45,0
0.2980727932751643,100,101,48,0
3.7243072478067054,96,97,57,1
4.9499619871166178,98,99,56,1
2.8803613138911639,96,96,56,4
0.3158846197238939,100,101,51,3
5.0658389994942405,100,100,44,2
0.6076805641219039,102,102,58,1
6.0748059287023208,98,99,56,7
4.3113948506098003,100,101,55,1
4.9119667515793077,96,97,50,4
5.3343475934668634,98,98,51,0
5.6314533374485887,98,99,49,6
2.4384794423859959,98,99,50,3
1.4188891810786051,100,101,54,4
3.0957458396057085,100,100,49,5
1.0811280280591991,100,101,51,5
2.0502247749102493,100,100,55,1
3.1006638037772523,98,99,52,3
3.9394103381729981,100,101,50,6
3.6086860189151224,94,95,47,0
3.1225617203988683,100,101,45,7
4.6388500393119632,98,99,50,3
2.1829899897083513,100,100,51,5
6.2677672962968494,98,99,56,5
3.8790901363613148,100,100,49,1
1.2738675378226643,98,99,48,1
3.2841365909019555,96,97,48,0
0.2376995594931205,100,100,47,5
1.1118150159959117,100,101,50,6
5.0618782757508498,98,99,39,4
5.0504416875608360,98,99,57,2
2.2664249906448113,100,100,53,5
0.5524372004060688,100,101,47,1
5.2251258180852229,100,100,57,3
4.1498686494775745,100,101,49,5
5.2432910271281159,98,98,52,7
4.0418073332796469,98,99,51,4
0.8054962455991785,98,99,44,5
2.1787304012112316,98,99,54,5
2.6586927269771352,100,100,48,0
3.1801045908634520,94,95,46,7
4.4287774411263854,98,99,53,6
3.5109470914321106,100,101,54,4
1.6418860293345718,100,101,51,3
3.1465482020177551,102,103,49,0
3.9043275910329340,98,98,46,3
5.8259762866314020,100,101,59,1
0.3980482559358057,94,95,41,2
5.9500704376294999,98,99,56,3
1.7271467729504466,100,101,47,5
4.6533944512691701,100,101,50,4
0.2086111128990690,100,100,57,5
1.2567540120748686,100,101,49,1
0.5652106237546246,100,101,40,4
6.2599396138791619,98,99,43,4
3.1411882056618095,98,99,56,7
0.1117712435433833,102,102,54,3
5.9850420560376918,96,97,44,4
1.9010812362110898,100,101,46,6
3.5416956670446735,96,97,48,6
3.2512240545234690,100,101,52,6
1.4015617528809523,98,99,53,0
0.9261094697671951,102,102,57,4
1.2955239442395985,98,98,50,7
1.7554972379657654,100,100,54,0
4.0661217895237014,100,100,45,5
5.4138400335635826,98,99,55,0
2.0340907023272701,94,95,44,7
3.7131290155196788,96,97,43,7
0.1084066054188266,100,101,61,3
3.2825530908060578,98,98,53,0
5.1077124442687083,98,98,55,0
3.0088027254843310,100,101,52,0
4.0062203521306357,100,101,49,3
1.5850922503287184,100,101,57,5
0.0902135321524722,100,101,54,4
4.9248406627139785,100,101,45,1
4.5658929874049372,100,101,53,1
1.9432967952487070,100,101,51,7
4.9678257075507135,102,102,49,2
0.6807822045324935,98,99,56,1
2.7960243546790946,96,97,49,1
0.8008245618925021,98,99,54,5
1.2351455413486838,100,100,55,1
4.3400479769221700,98,98,51,0
3.9010537015824536,98,98,57,0
0.0291983533907443,98,99,46,7
4.4810298565410962,100,100,49,7
2.5041176940772134,100,100,59,3
0.2652193998262459,96,97,42,6
4.6294251453111750,94,95,44,5
3.6190545532324885,98,98,36,1
1.9629131981496768,98,99,51,4
0.3486735672692886,98,98,45,0
2.6472975079549363,98,99,41,2
5.7251902982313672,96,97,47,5
4.8930275920828175,98,98,59,0
4.2944504225006135,98,99,52,1
3.2414819386126412,98,99,46,7
2.9442054973444405,100,101,45,5
3.7880967347107197,96,97,50,4
1.7046552498852432,96,97,57,5
5.8415404926309895,98,99,53,6
5.7062736940360219,104,104,62,4
2.5499713328550335,98,99,46,5
1.4124296824779807,96,97,48,6
4.5645210598931047,100,101,45,1
3.3976933565725771,96,96,57,7
4.6359602640708486,98,99,63,2
0.2140011210574909,96,97,46,4
0.0956985952310462,96,97,54,6
4.0056027004710435,100,100,51,5
5.7715747413046952,102,102,53,4
3.9387298776870909,98,98,53,4
1.1330616065221200,98,99,53,0
5.6970860291211958,98,99,54,5
2.0250237886656905,98,99,54,1
2.3608412747075036,100,100,55,5
0.0044390904337841,98,99,46,5
4.6594488618033703,98,99,55,4
4.9908003839879882,100,101,47,1
0.1728998054958271,98,99,57,6
5.7228814928664207,98,98,55,4
1.4796000214333409,100,101,46,6
6.0256084626016451,98,98,52,1
2.4420685485661529,98,99,59,0
5.4793206778781798,96,96,51,7
0.8371404487754552,98,99,60,1
5.0453873414129955,98,98,50,5
2.4523142693314317,100,101,55,1
2.1541014593361307,102,103,49,6
5.1355675179206273,100,101,47,1
4.4381386511660743,102,102,63,2
1.6444660200779169,98,99,50,7
2.7743165233208402,96,97,52,2
3.0059666155495499,98,98,56,3
2.0849294855379354,100,101,43,3
5.5245861727985783,102,102,52,1
5.8275739690968402,92,93,40,6
5.0948272744653629,98,99,46,5
3.5778711385340931,98,98,52,7
2.1436642600249121,98,98,56,1
2.4072789599896081,100,101,58,4
3.7706210339656803,102,103,49,4
4.1017443482433542,92,92,43,3
6.0514173385133780,98,98,51,2
4.4627482764171358,100,101,48,4
2.4456513854377571,100,101,50,0
3.3984486463430068,102,103,55,4
1.6164710084801373,102,102,43,0
3.7683279047436828,100,101,50,0
1.7778114222098254,98,98,49,2
4.4349603017352148,98,99,51,6
5.8834024765925355,98,99,61,2
2.1888751137199174,98,99,54,5
6.1778285243459576,100,101,44,4
1.6209292608327304,100,101,46,4
5.6657788347689317,100,100,50,2
4.6085367552697329,98,99,54,1
0.4904095637338583,94,94,52,3
3.1316105000899319,98,99,49,0
0.3634025319515391,96,97,44,2
4.9872188420632648,96,97,46,2
5.9093096356880572,98,99,51,4
1.2933394926858142,100,101,54,4
3.9317451808002759,100,100,53,5
2.1386821130436173,100,101,54,6
2.4727422199796676,100,101,58,6
5.6926578547028086,100,101,51,1
0.7771781485646705,96,97,41,5
3.7647250660280940,100,101,50,2
5.2186168644805981,98,99,52,5
1.8579024534220321,98,99,50,7
4.5544858804713177,98,99,47,6
3.7199130216952963,100,100,58,2
1.8062942428617725,100,100,54,2
2.7451629005222746,98,99,54,3
5.3136026176812834,98,99,54,3
2.1434691158989825,96,97,54,6
1.1064650783044798,98,99,44,3
3.6354240899074037,100,101,56,0
2.2612261063705050,98,99,45,2
3.9406207065062566,94,95,50,5
2.7413599413309511,100,101,51,3
1.7751994223316423,98,99,45,0
2.6079704526577512,98,99,48,3
5.5876730608879592,100,101,56,4
1.4506176971385099,100,101,50,6
5.3416891587233177,96,97,45,1
2.1165072267021703,96,96,51,3
3.2542508997174715,98,98,56,3
1.9994580945115277,98,99,54,1
5.6826436815821104,104,105,58,0
2.9525921542351665,98,98,55,6
3.7257706014826613,100,100,55,3
2.9691833022680902,102,103,54,5
1.5585723519383166,100,100,47,7
4.1175078493680823,98,99,55,6
6.1022926692038428,100,101,46,2
3.3991881760209859,98,99,54,1
5.7152285986341145,98,99,53,0
3.2887226460277188,98,99,53,0
3.3744488844171543,100,101,44,0
0.8839753756037910,94,95,53,0
2.4919774922415403,98,99,42,1
1.6612355357165081,100,101,46,2
0.0242038806987944,100,100,51,5
4.8613699313866636,96,97,43,1
0.1191803875218323,98,99,60,7
1.5409952690695907,100,101,52,6
1.9659181449078345,102,103,51,6
4.1619079886733097,98,99,45,2
3.5236532594380798,98,99,50,1
1.6143901743032529,98,99,53,6
4.6557066386670058,100,101,56,2
4.1577336298296199,100,101,52,2
0.2860841720253591,98,99,51,0
0.9378248791144983,100,101,57,7
5.5314757608167930,98,98,49,0
2.4601845615279068,94,95,46,3
3.2581097468133033,92,93,38,2
0.1718019971592575,100,101,51,1
3.8467480196746742,98,99,43,6
2.7273633055458157,98,99,55,6
1.5557945482045137,108,108,48,0
0.7499872044532282,98,98,46,3
2.1781870877794232,100,101,51,1
5.5316832212541991,98,99,60,5
5.4883118868049907,100,100,57,1
4.4911897945230592,98,99,60,5
4.4719078289352785,96,97,52,4
0.7450467958010659,100,100,60,6
3.9661796532252978,100,101,40,4
5.3223306427642294,96,96,52,0
5.5147195299222966,98,98,51,0
4.7263726641523380,100,101,47,1
5.2382431868781891,100,101,46,6
3.4673907126959005,96,96,45,1
4.4600615019888750,98,99,54,5
5.4409109901843173,98,98,49,4
3.2624743868516313,100,100,38,0
2.6238919606731859,100,100,50,6
1.3317374174316299,98,98,51,2
0.8388913689358233,98,99,52,1
6.0371495296166078,98,99,51,0
6.0395040153843018,102,103,58,7
0.7472312109619119,100,100,49,7
1.0847660029525499,98,98,50,3
1.0466776204355426,96,96,54,0
1.5324560975514854,100,101,52,6
5.9078157202207047,100,100,45,3
2.5411101850553584,98,99,43,2
5.1253942737385403,100,101,54,4
0.7723264496874479,98,99,43,6
0.8215282839903811,98,99,56,1
0.1863678794941468,100,101,50,6
1.1692477428703172,104,105,55,3
2.6250044830209966,102,103,56,5
5.2324401826704161,98,99,60,7
5.3240434898066216,96,96,47,7
1.3392274792925531,98,98,57,4
3.3759164123622103,98,98,52,1
6.0057503433723136,100,100,49,1
0.6451549564098775,98,99,48,3
4.7452104518723610,100,100,55,5
3.1525313104481461,98,99,57,2
6.2452538599756693,94,95,46,1
2.1683135061757457,100,100,55,5
2.2877286616312653,98,99,52,7
1.6120810043483293,98,98,47,0
3.9686651717457586,98,99,51,2
2.0379394003121214,100,101,59,1
4.2077589605185919,100,100,57,3
3.0605477211616452,100,101,53,3
1.5944900120052110,98,98,50,7
4.5961597073029052,98,99,50,7
6.2424616662577810,96,97,42,2
6.0146720858838689,100,100,44,0
5.0928329911488683,100,100,46,2
3.8245296557871900,96,97,50,2
2.6838480334433030,100,101,52,2
1.7850096866878802,88,88,47,1
2.0595128143574444,102,103,57,0
3.6838897366136152,98,99,50,3
5.7230942462790173,100,101,50,2
3.2832059783150305,98,98,56,5
1.2959623071047406,96,97,51,5
1.0085041114836182,98,99,54,5
4.1659490155217469,98,98,41,6
2.7020443421322851,96,97,53,5
5.5215018950877512,98,98,49,4
5.5598129344561995,102,103,53,6
5.5903222845444134,94,95,53,2
5.5929439115186375,100,101,58,2
1.9008369710116655,96,96,48,0
0.3618607505205780,96,96,48,0
3.5983595363954617,92,92,46,0
0.9841380602289225,98,98,54,7
2.4142832513558004,100,101,58,0
4.1504396366822558,100,101,56,6
0.5055004212536850,98,99,56,7
3.4671411784446473,96,96,46,4
2.4685230389260497,100,100,48,2
4.2958942533130973,98,98,47,0
4.0076643656794229,100,101,43,1
3.3103684756458724,100,101,42,0
3.4274022680263321,100,101,54,6
2.4869847742006845,98,99,49,6
2.3670495716601296,96,97,45,3
2.6530502935522122,98,99,44,3
2.7204239518524487,100,100,61,5
0.3739184170191175,100,100,49,3
3.9382607824197922,98,99,54,5
5.8449680772695825,98,98,46,7
2.1620749348700810,98,99,54,1
0.2985791211089254,100,101,55,1
1.9038225073314914,98,99,43,4
0.2284873533864332,100,101,51,5
5.0529662406179749,98,98,53,0
5.6962646148521214,96,97,59,5
3.0020379882780266,102,103,53,0
4.6513156546194860,100,100,54,0
1.5685405300964190,98,98,51,4
6.1384542573766208,98,98,52,3
2.7894915963104991,100,101,62,4
5.2098266340386097,102,103,60,5
4.4954261518244545,102,103,53,0
2.1000691750479259,100,101,60,6
0.4985160743169120,100,101,57,5
3.3908716723392347,96,97,48,4
0.7070338898550211,96,96,51,1
5.9616153372643126,100,101,50,2
3.4820070279627040,104,105,54,0
3.2383609063337455,100,101,49,1
1.1339157420277093,94,95,49,0
5.4917859885939206,98,99,53,0
4.8908365121895514,100,100,50,6
2.2889169032439756,100,101,58,0
0.0757707823355365,90,91,45,4
1.0817867988388183,100,101,48,6
1.8432193245964257,98,99,54,1
2.1326662717865519,98,99,55,2
4.3076908718039011,98,99,52,7
5.6733634165922719,100,101,48,2
3.1562696267665546,96,97,50,4
2.8375101167995318,100,101,52,2
5.6480586562308401,100,101,54,0
3.3441789832116027,96,97,43,7
0.0142220446785239,100,100,61,5
3.0235741179298796,100,100,50,4
3.5095726178578257,102,102,54,5
4.4902361659540331,98,99,50,7
0.2680612966395163,100,101,56,6
3.9769201629927853,102,103,45,0
0.9169264640855902,100,100,46,6
3.4239364904674430,100,101,48,2
3.9122187722586923,96,96,43,1
1.9593728261781567,96,97,42,4
5.0274268134875699,102,103,59,6
6.1307754293437000,100,101,52,2
0.1329118120153125,100,101,53,7
1.6420619949602724,98,98,45,0
6.1350415477371074,100,100,61,3
0.3071877481254400,100,100,51,3
5.1663211452401452,90,90,46,5
4.1734078000061938,96,97,62,4
1.9822478258041409,98,99,45,2
0.1352501496173132,96,97,47,5
3.6498661316247967,100,100,55,5
4.7979128515000546,96,96,50,4
3.2713651359922435,96,96,49,7
3.6006642516803398,100,101,59,3
2.8361655942130195,102,102,52,7
3.7214819851767880,96,97,54,2
5.6508644828012180,96,97,49,3
5.1101629455214699,100,100,53,5
0.8086182118275128,100,100,48,0
5.5682669428708742,96,96,47,5
0.6228036852287383,100,101,46,4
0.0375066980039608,100,100,56,6
5.5418529300285329,100,101,49,7
3.6980585742088539,96,97,57,7
0.5615019855467693,98,98,50,7
1.6020803243960846,96,97,55,5
4.1930734525669004,98,98,55,6
2.7625161292176728,92,93,55,3
6.1637631380309763,98,99,49,6
5.1948084385833706,98,98,53,0
4.1692205700122624,94,95,48,1
2.4340663005322742,98,99,53,0
1.2153100596826421,100,100,58,6
0.0128415039471587,100,101,57,1
1.1539779372278001,98,98,53,0
6.1796042756361365,100,100,61,7
1.2258652375729739,98,99,44,1
2.0380390905424091,100,100,58,2
4.2771168611250108,98,99,60,5
4.0750225379021447,98,99,46,7
2.5057741043665400,100,101,47,3
1.1800059641975698,100,101,55,3
3.5136925875669336,96,97,58,4
2.1591723629180728,100,101,45,3
0.3741394168904953,98,98,56,7
4.3777415094437524,100,101,52,4
5.6708276698450248,100,101,49,1
5.8548492713240048,98,98,46,5
1.0078952436069877,94,95,38,3
4.1063997716469656,100,101,55,3
4.7046602606046894,100,101,51,5
5.3058215321544520,100,100,52,4
4.3414200112961536,100,101,50,2
2.1932498366262019,100,100,51,1
5.5331063960694031,100,101,56,2
3.0981193555753483,100,100,45,1
3.5637960192451796,100,100,54,2
2.6451203995684009,98,99,58,1
2.9069363917036455,98,99,51,4
1.6870478896146075,100,101,58,4
0.1281427525553973,100,101,54,4
3.5997475126871095,98,98,48,7
1.7289258504207954,100,101,54,0
3.0101413877898811,100,101,59,1
1.0102785404131442,100,101,50,4
4.6136900001567955,102,102,44,7
0.3015596958522681,98,99,51,6
0.1977627002089790,98,99,51,6
3.4479655807223271,92,93,51,7
5.8414715969358690,100,100,55,7
5.2447577606847027,98,98,46,1
5.3482930805630975,94,94,51,2
3.4150006004791558,100,101,44,4
0.2642459250643028,100,101,54,6
1.4444678238956530,98,99,54,7
6.2788477376913319,98,98,51,2
4.6859836391997778,98,98,47,4
5.1599283684346435,100,101,49,7
3.2145877766720208,100,101,51,7
4.3236628994923256,98,98,40,7
5.4836914442615621,96,97,60,2
5.0913607323589725,98,99,58,3
4.9361888683915591,100,101,56,2
0.2197558859548271,100,101,44,2
0.6311437655559631,100,101,46,4
3.9455645637511974,98,99,52,1
3.5087940654832384,100,100,56,2
5.7481624438536105,102,103,53,4
4.9757830739129369,100,100,56,6
5.7954822680361433,100,101,52,4
5.9994552220663033,98,99,46,5
5.1908001508341002,100,100,45,3
4.3187060520554459,100,101,50,4
4.6371269970575382,100,101,52,4
1.8577173252510388,100,101,53,7
4.9941468778064984,100,101,59,3
4.0267939364990442,100,101,47,1
2.4862940246236369,98,99,50,1
2.9758464862159446,96,96,53,5
2.7903486725462203,100,101,58,4
5.8121509306558483,100,100,49,1
3.8657300022104923,98,99,56,5
1.7554851392809514,100,100,46,6
2.6780996133043820,98,99,46,7
5.4790041039992561,100,101,44,2
2.1743580959865829,100,101,52,6
5.9399180940044056,96,96,45,3
3.9818108496681166,98,98,53,2
4.5650549296999650,102,102,51,6
0.0819547323517335,96,97,55,7
3.4107538397245816,100,100,50,2
6.2809852427546948,100,100,64,2
4.1411664435025175,96,97,43,7
3.8220527961410067,100,100,60,6
3.3334504612519864,98,98,45,2
1.0271932610871914,100,100,50,6
4.6298159028253618,98,98,46,1
0.5463193958202961,98,98,51,2
1.0605601218316543,98,99,54,3
4.7302966737773273,96,96,50,6
3.1822392555923815,96,97,51,7
4.7575363996035351,102,103,56,3
1.0110993743217369,102,103,50,7
1.9135219803723800,98,99,50,3
3.0260728044224079,98,99,56,3
5.8872655555007460,100,101,43,5
4.4439257512630341,100,101,60,4
5.3771531790501639,100,100,54,2
3.1623705687210095,100,100,49,7
3.8801402722106690,98,99,54,3
5.9609290405038395,98,98,51,6
0.1539278422704777,98,99,45,0
2.9988990701432141,98,99,49,6
0.8376453622803059,98,98,45,6
4.6428720895991313,98,98,36,5
1.7637916634438096,98,98,62,7
5.4536272411748392,102,102,54,5
3.8903759537341180,96,97,45,7
3.0110970031949345,100,101,39,5
0.0647752120155620,96,97,41,5
5.4970950381053880,98,99,57,6
2.0619927713339230,98,98,50,3
0.4434930987713878,98,99,55,0
2.1621482730610602,100,100,56,0
4.0212091196853015,96,97,46,6
4.8966394717179984,98,99,53,4
4.9457560148734769,100,101,47,7
3.0122682187705787,96,97,45,1
4.1759003266714929,98,98,47,2
2.7302039240027529,100,101,52,0
4.8439462648941287,98,99,51,0
2.3940696083003781,100,100,48,2
3.8321266497536945,100,100,47,1
4.4764000298464346,96,97,49,1
5.8106309329436669,98,99,60,5
2.5355093004830072,102,103,52,7
6.0457616653207058,96,97,53,1
5.5160961839088865,98,99,44,5
5.2288204309056727,100,101,54,2
4.9240255462297720,100,101,54,6
5.4982057756673681,98,98,58,3
1.7926148111115541,92,93,41,1
5.9337279111529773,100,101,45,7
1.3280695515087857,98,98,52,7
0.3761094171175122,100,101,47,5
3.8252193595746276,100,101,57,3
5.6726687955339301,100,101,52,2
2.4783134875139905,96,96,49,1
1.0948913161910947,100,100,50,0
4.8172233016407935,96,96,55,5
4.7259479053500497,90,90,45,4
4.6376794688660370,98,99,45,0
4.6814242025149895,100,101,61,7
1.2781216372222097,100,101,48,4
0.0288352817664902,100,100,49,7
0.1967531832327098,96,97,46,4
5.2051571630375202,98,99,51,0
3.2082811174792671,98,99,50,3
6.0494502487143667,100,101,59,5
1.9076878907490669,98,98,52,5
1.8636281127551875,96,97,49,1
2.9649411490177786,100,101,57,1
4.8847567295595420,98,99,47,4
1.3260988595927117,100,101,46,0
1.4302589391626290,96,97,48,0
0.6560103610017594,98,98,55,0
0.2923912075256490,98,99,48,5
1.3072607409442281,100,101,55,1
4.6967803141360536,98,99,56,5
4.0335160332677189,100,101,58,6
0.2445931293679543,96,97,55,3
1.0763012521403117,98,99,46,3
0.1228695626647966,98,98,49,2
4.4705800127633921,94,94,47,6
2.5598345409412735,96,97,53,3
2.7182128230912497,100,101,56,0
2.3967373675384138,94,95,60,5
6.0346249983703402,100,100,47,7
3.6509653816995566,100,101,61,7
2.8262214377628392,100,100,43,1
1.0697251586719472,96,97,56,0
0.8060117660150448,100,100,47,1
4.7752497262803333,102,103,48,7
1.1637576810073433,100,100,57,7
1.6250983192010819,102,103,50,3
4.6516483610390571,100,101,41,3
3.0744346873527184,100,100,58,4
2.9519453042121944,94,94,53,6
5.1958591533019955,100,101,52,0
5.0972587126572844,96,97,48,4
5.8612437653342946,98,99,48,5
3.3790243071442143,100,100,54,6
2.9332520063981358,100,100,59,7
0.7363814136301435,98,99,51,2
0.8551235854143309,98,98,43,4
4.4343103185241182,98,99,58,5
5.4083074804895652,98,99,42,3
2.5225950913837178,100,101,55,3
4.8210556270233722,98,98,56,5
0.8427637234268137,100,101,61,7
1.6974785540546466,96,96,43,7
5.0182293249288836,100,100,54,4
2.1237371717996250,100,100,49,1
5.1540521987694454,100,101,57,7
3.7151029919717216,98,98,45,4
1.7748600631764246,100,101,56,6
5.0558765207342642,100,100,58,2
3.6807023991597858,100,101,58,6
2.4480571984182147,100,101,50,0
3.8242382212509392,98,99,53,6
6.0782120299186673,98,99,55,6
5.0895894853593013,98,99,58,1
5.5559846423410857,100,101,47,7
0.0227904205649365,100,101,51,7
4.6076094304924622,98,99,52,7
0.7176547555526956,98,98,55,2
4.0348573919103039,102,102,65,2
3.2789338087830755,98,99,54,7
4.0095754851432259,98,99,53,4
0.8064710208143058,102,102,65,4
1.1711483963101850,98,99,59,4
4.1488491579433120,98,98,39,4
1.6708762568409519,94,94,52,5
2.7052371615565676,102,102,55,0
5.6535184534235903,100,101,49,3
5.4446817444032227,100,101,47,3
2.9262415258278676,96,96,46,2
6.1434076792156711,96,97,39,3
1.1399595473358988,98,99,49,2
5.5974346459104769,98,99,44,5
5.9201102215281809,96,97,48,2
0.2363775957138836,96,96,52,2
0.6364019825923437,96,96,47,1
0.7357249572903717,98,99,57,6
0.6740171884545263,100,101,50,4
5.5915756600339117,100,101,52,2
0.1678963086367114,98,98,50,5
5.7471523423025070,98,99,61,0
3.6035965948257505,98,99,54,5
6.2736753226675184,98,99,53,2
2.7352081674905762,100,101,48,2
3.5551222096171085,98,99,61,6
1.6891894196349222,100,101,44,6
0.4534577504416382,98,99,45,2
1.8334899187734546,98,98,49,6
0.0920141985789430,98,99,46,7
1.8318251890419774,98,98,51,6
3.4916213000104834,94,95,57,2
2.7065202291213808,100,101,46,0
1.1528984198033534,98,99,50,5
4.2778082907590171,98,99,53,0
5.5045235655775970,96,97,40,2
0.8507981465637152,98,99,47,6
0.3529521575119244,96,96,46,4
2.2408817495831124,100,101,48,2
5.4518647159327864,94,95,43,4
3.2778664976147400,100,100,54,4
5.0924280185171655,102,103,46,3
5.7836386689587806,94,95,47,4
1.5353851239709273,100,100,59,5
1.4071257931247576,98,98,54,1
0.6651453553743865,100,100,41,5
3.4576764218028107,100,101,48,0
1.7832425283842435,98,99,46,3
4.2889821400788533,100,101,51,5
0.5068108992905220,100,101,52,6
0.2532706073959913,94,95,58,1
0.2677138549855418,100,101,57,5
4.9725270151202690,100,101,54,0
0.8844287058757910,98,99,49,6
0.7385346615703035,96,97,54,4
1.7907052087261002,100,101,58,0
5.3151906447496380,98,98,55,2
3.0396274988849972,100,100,45,5
4.9931917704100837,100,100,60,6
1.7039651447207245,100,101,52,2
5.5818436756016805,100,100,45,5
0.2900081714836167,98,99,54,7
0.3880711982402315,98,99,57,0
3.0623371274206677,100,100,60,6
1.0169107639098922,94,95,50,7
5.3938300881858252,96,96,46,6
6.1894538572540512,98,98,56,3
4.8274684991855983,100,101,50,4
0.9457834807359879,98,99,52,3
2.2175194650303172,98,98,47,4
5.3480099802664895,98,98,43,2
2.7589946176532640,98,99,49,2
3.9054060896130598,98,99,50,5
5.9934233665042358,98,99,56,1
3.5087609812043881,98,99,55,4
1.1202995533458668,98,99,49,6
3.5285151828250121,98,99,46,5
0.9931394564463475,100,100,43,3
6.0936807512018740,98,99,42,5
3.8498867714639013,98,99,55,0
4.5613469252015406,100,101,56,6
1.1406182301984595,102,102,52,1
0.4075131159974602,98,98,51,2
5.4203788914650124,98,99,52,3
2.4617226263342307,100,100,61,3
4.1335594559725113,98,99,47,0
1.7732492307202270,94,95,42,5
5.9507733199345081,100,101,50,2
2.3602322289561801,100,101,56,0
5.0441980722276973,98,98,52,7
0.0499856597037662,98,99,56,7
4.6855779737433529,102,103,41,0
3.7875170222122279,98,98,52,7
0.5314077590142612,100,101,51,3
4.5559973585058691,98,98,51,0
0.7764236079986301,98,99,53,2
3.3819500591886307,98,99,47,0
1.7469497589055245,100,100,51,5
0.6220758073561757,100,101,53,1
5.5173572333536143,100,100,63,1
0.9801391287892489,98,98,49,6
1.6036998757255227,96,97,53,3
1.1562733105528524,102,102,59,4
0.2985759968046687,96,97,59,5
6.1313368126171630,100,101,58,2
1.5632453151250583,100,101,55,3
4.1657865835074714,100,101,53,1
3.0541104544579865,100,100,48,4
4.7970239377644930,98,99,48,3
5.8055357942711554,100,101,49,3
1.0726542655019831,100,100,53,3
3.0238500554028529,100,101,61,7
4.3067120466545488,98,99,48,5
4.2575783936605154,98,98,50,1
5.6574703703338241,98,98,43,0
2.0284994725735279,96,97,44,6
2.8465062603382747,98,99,45,6
1.1881630516586690,98,99,44,1
1.8546371221828541,96,97,46,4
6.2229055463208791,96,96,55,1
6.0398818497015103,100,101,60,0
3.3308301359316506,98,99,57,6
2.4922416950735986,100,101,49,3
1.3449236715195347,98,99,52,5
4.2341888081373913,98,99,49,6
1.3912540711138457,98,98,54,3
5.3817515554008306,100,101,53,3
1.0562988817473302,100,101,59,7
3.0966554714320145,98,99,46,7
1.2294385942038386,100,101,48,0
1.6913817064376822,100,100,46,0
0.3559503416180806,100,101,56,6
2.2932010153432261,100,100,49,3
0.7374067133353907,98,99,52,7
5.1442887291901416,98,99,40,7
0.5536121221915326,98,98,49,4
3.8248831022950198,98,98,48,7
0.9629615990592154,96,97,54,0
4.8809460639959132,100,100,55,7
0.9669505496673333,98,99,46,5
5.3312355110371428,98,99,45,4
3.3766327420132431,98,99,54,7
3.2503679108783325,98,99,52,3
2.3253461350446232,98,98,44,5
2.2950982558687003,100,100,51,1
2.7549636631016057,98,98,63,4
0.2394433153286336,100,101,45,3
1.9197196719086889,100,101,56,4
3.7177205761348007,100,100,47,5
5.1432831045273995,100,101,57,3
5.3303364480713569,92,93,52,0
0.1073686274177600,100,101,52,6
4.9024937318428918,98,99,46,7
1.0148679445623781,100,101,49,1
4.8075206066046032,98,99,44,3
5.2854999248076284,96,96,45,5
0.3440054176564919,100,100,51,3
2.7375822205064604,98,99,46,3
3.6092706745038523,100,100,44,6
1.6379379973285273,102,103,48,1
4.5330634851233853,100,100,47,3
6.1900942869612354,102,102,58,5
4.9299322134518482,98,99,46,7
0.2221099265333669,98,99,48,1
0.8554771107279350,96,96,47,7
3.2196048338918959,94,95,46,5
4.0892655415245311,100,101,59,7
5.3823011012680606,96,96,51,3
5.1540784882302741,94,95,52,1
6.2044169170596621,96,96,48,0
3.8832548612683397,102,102,54,1
3.1201218768741250,98,99,42,1
1.7915261456960909,98,98,47,4
5.3846906195287758,98,99,48,3
2.8783209490191672,100,101,55,1
2.7507712174153403,100,100,51,5
3.6706955857876711,100,101,56,2
1.5461183370255969,98,99,52,5
2.9661933298473460,98,99,56,5
0.8725240493406295,100,101,65,7
2.7107069345601151,98,99,46,3
2.3594022298859163,100,101,41,7
3.2831890773399115,98,99,48,7
2.0702487831492085,100,100,50,6
3.5237919069296395,100,100,46,2
1.7371119076012560,100,101,49,7
3.3005407022200925,102,103,55,4
4.0169732475206201,96,97,45,1
3.1343537378598501,100,100,53,3
4.7515505744682027,98,99,48,5
2.8872541591991512,98,99,45,2
4.0217381037123943,102,102,60,5
2.1547069430220502,100,101,47,5
0.0123027555689297,96,97,48,4
0.7300816454057701,98,99,53,0
1.9745335590232915,102,103,54,1
2.9840988583986006,98,98,60,1
3.9307384539551924,100,101,56,6
1.9959114263982871,96,97,58,4
6.0642921251300184,98,99,49,4
1.7378692006844212,100,100,49,1
4.3570524649702049,100,101,54,0
4.3152374495131705,100,101,55,1
5.6769617564849524,96,96,42,2
5.2853456514398722,96,97,42,6
5.7357823906925862,98,98,55,2
5.4215090675529751,100,101,58,6
5.8119080152276918,98,99,56,3
1.4492170701147495,100,100,47,3
2.1259645948516961,98,99,56,1
2.5883032907910590,96,97,58,4
0.3496209904588616,96,97,44,4
5.0361390586849613,100,100,46,6
0.7990331051528652,98,99,54,7
4.6955042442551251,102,103,62,5
1.1001595625309022,100,101,49,3
0.9738127150968047,98,99,43,6
3.2779874697406579,100,100,51,5
0.3088331363635889,100,100,46,6
5.9395091072085320,100,101,48,0
5.1797795392510029,94,95,48,3
4.9561858326370265,100,100,47,7
4.1317973251061275,100,100,48,2
2.8241058987509655,98,99,55,0
5.2076090992378674,94,95,53,4
3.1165108664839347,98,99,50,1
4.3555387215615839,98,98,49,4
5.3661743224769269,96,97,39,7
3.1828040468437306,100,101,53,3
1.5737753241289840,98,98,54,1
4.1568637197443232,100,100,50,4
2.2588216930176683,100,101,48,0
1.8240805815110284,102,103,62,1
0.0961050087245365,98,99,57,4
3.9817074533506598,100,101,57,7
4.3613199956540418,96,96,49,7
1.4618509116031044,100,101,52,4
1.6248124506852513,98,99,43,2
2.6085041214297919,98,98,49,2
1.4383405277482455,98,99,51,4
2.3907004317507417,100,101,53,1
0.2381556914016253,96,96,51,1
1.2874768154467449,98,99,50,3
5.4716368874685086,98,98,57,0
2.6073914453916975,98,99,51,0
5.3946749415252544,100,100,37,5
0.3969433203458221,98,98,50,5
0.6666339652588065,102,103,48,5
2.4638552694827172,100,100,50,4
6.1941039347401539,100,101,50,0
0.8900199243528027,100,100,45,3
2.0279791938034926,98,99,48,1
5.2468661805351413,98,99,54,3
3.6146148602592443,100,100,51,5
2.1566347275354993,100,101,47,3
3.0900898295174581,100,101,54,0
5.0677556602476388,96,97,55,7
5.8189786734551570,100,100,58,4
4.9594859289264841,100,100,53,5
6.2468962122290534,96,96,46,2
0.3415721481158833,96,97,50,6
6.0339586418695532,100,101,48,6
0.4935281857307783,98,99,55,6
1.1942334983389404,98,98,43,6
4.9398482602299421,96,97,49,3
0.9047720346258857,98,99,47,0
1.2986352156566465,102,103,53,2
4.0977297827715233,102,102,52,1
2.0970788337577595,98,98,54,3
4.6833229123427413,100,101,42,6
0.6603587790603994,100,101,51,3
0.9450289160801570,98,99,54,5
0.9777098567272398,96,96,39,7
5.1407481520438632,96,96,54,0
0.3199967475148309,98,98,50,1
2.1579163360529932,100,101,40,6
3.6714455730385014,96,97,56,0
3.1582748434370740,98,98,52,7
2.2372902415211864,98,99,55,4
3.7026834495236098,98,99,53,6
5.8624844247891961,96,97,47,1
0.8818766052656921,100,101,60,4
3.3697859841495483,100,100,43,5
2.3469101919536577,100,100,60,0
2.8779114772372725,98,98,51,4
5.9781712039206321,98,99,56,7
6.2119929505970291,100,100,64,2
1.1573366838092773,96,96,52,4
2.6837152027850206,98,99,51,6
1.4445846081223974,98,98,49,4
1.1456960490996975,98,98,52,1
4.3904304439692101,100,101,51,1
0.3734517342629509,96,97,51,3
1.2273193087895549,100,101,47,5
3.3414520068563465,100,101,45,7
2.5938115888161706,98,99,60,5
5.6908192589602722,100,101,50,0
2.5646192792104925,98,98,47,2
5.5193485426170898,98,98,51,0
5.5255881154062623,96,97,52,6
4.1316267740665396,96,97,40,0
1.1879070443666710,98,98,44,1
5.6602146561580966,100,100,62,6
1.5832984164837096,102,103,50,7
0.9018121400957901,98,99,48,1
4.7015142996266279,100,100,53,1
4.3919623149536804,100,101,64,2
4.5139212151561967,100,101,45,5
4.0873384978303200,100,101,55,5
5.3229629235005325,100,101,46,6
2.9297002173285804,98,99,48,1
3.0432561672425287,102,103,45,2
0.5171608833520954,100,100,45,5
5.6538009222273669,100,100,49,3
2.9261450804614642,98,98,45,2
2.8201981592172882,98,98,61,0
1.3395123570680740,100,101,50,6
3.3626688569048619,102,103,59,0
2.8034105614171976,100,101,50,2
1.0355744028355065,98,98,58,1
1.0500702900735683,98,99,46,7
5.2729710472864308,100,101,56,0
4.4945829925072625,98,98,44,7
4.9343424780573679,98,99,56,5
3.4898264513281454,98,99,50,1
5.4057759705845037,100,100,54,2
1.4248655318912566,100,101,50,0
4.1176605327494400,98,98,49,0
1.4371430355939154,102,102,48,5
4.0518189755443057,98,99,42,3
2.3813167711875622,98,99,52,5
0.6782079051795686,100,101,55,1
5.7652415307538636,100,101,53,3
0.9833473925061375,100,101,60,0
6.0416421084165686,98,99,42,1
5.8431863001216646,102,103,51,0
3.8270991500573075,100,101,53,3
3.2851534043082977,98,99,53,6
1.8123633401157708,100,101,55,1
3.5780025069816750,100,100,45,1
5.1557554582575662,100,101,55,7
5.0580166534842776,96,97,49,5
0.5476205046675455,100,101,54,2
2.1710498052609073,96,97,62,0
1.8282644188735577,98,98,58,1
0.3291862228932942,100,101,53,1
2.9527492054708606,100,101,60,4
1.9601734865856071,100,100,59,1
3.8398158433784872,102,102,49,4
3.6420251969770701,94,95,38,1
3.2543576673266830,100,101,53,1
1.4157162126262721,96,97,40,4
1.6623106797111793,96,97,54,4
5.7547778514147501,102,103,64,1
2.6408446307049691,94,95,52,7
5.9331085283284244,98,99,55,0
4.3426204137540871,100,101,50,2
2.2422548571614582,98,99,47,6
0.7658183579519235,100,101,50,0
2.1508503743223026,98,98,49,2
2.1015259038627048,100,100,53,3
2.5646127168823027,98,99,51,4
1.2794435814077747,98,99,53,6
1.1201524557563307,98,99,52,3
2.6508209502246971,92,93,56,0
2.7673714765623876,100,101,57,7
4.4665119253746131,98,98,43,2
1.8699785085981633,100,101,41,5
3.4167922615556341,98,99,39,6
4.9836850722731914,90,91,48,3
5.7075144715336013,100,101,63,1
3.0433531506343074,98,99,54,3
0.0621641777913117,98,99,50,1
5.5597296636551308,98,99,54,1
0.5923835092576843,94,95,50,5
1.8016888303441341,98,98,52,7
2.3124456909608924,98,99,54,1
2.0442655054818224,98,99,54,1
3.6040243780665064,100,100,54,4
0.2272100986454754,98,99,52,1
1.8386214468610731,96,96,47,7
5.8091304137768720,102,103,51,2
4.3380394616491085,96,97,39,3
3.1197235028477177,100,101,58,6
1.3573807232604238,100,100,52,2
4.8060545023816799,100,101,57,1
6.1560012331669265,100,100,51,1
1.5670917021662765,98,99,45,2
4.5230245741170876,100,101,56,4
4.6475674141936150,96,96,52,0
4.6024929016711491,100,101,57,7
5.3431939597989242,100,101,53,7
5.2005593850594822,100,100,51,1
0.4134843963662365,100,101,47,7
0.8380062084801629,100,100,40,0
3.8295608922519970,98,98,54,7
4.1172280760716733,98,99,41,2
4.1603031080205026,98,99,50,3
2.1045574327359859,98,99,55,2
5.7536974858877796,98,99,48,7
1.6053640300740406,98,99,49,4
3.7256560142253772,96,97,49,3
0.7280131818783695,100,100,52,4
4.0041749330753600,96,96,48,2
0.9986393269038399,98,99,48,7
5.0157878988247333,100,101,56,4
0.3526268635379143,100,100,57,1
2.0537951872761013,98,99,48,1
5.9749891954719967,100,100,44,4
3.9070958057850058,96,97,62,4
5.0306627025365218,100,100,58,2
4.5579603658417929,100,100,49,7
5.2115771963328452,100,101,54,2
5.4723020344278837,100,100,54,0
1.3561602036987770,100,101,59,5
1.3591752760379321,100,101,52,6
0.3007715695472621,98,99,59,6
2.8271895038235315,100,101,45,5
2.8335935188848027,96,96,55,5
2.1468780379075305,98,99,56,3
6.0453849406679172,98,98,48,1
0.3053433436700930,100,101,48,0
5.5815141917801618,92,93,49,5
3.7134316195449739,98,99,50,3
1.6100369484697328,98,99,47,6
6.2700196264629486,100,100,51,1
1.5512886921605646,100,101,56,0
5.8970634502096235,100,101,54,2
1.7082816322234546,100,101,53,7
1.4236534303543524,98,98,60,3
6.2504032142761643,100,101,54,2
5.6419196164889884,98,99,44,1
1.0979521064398778,96,97,51,7
5.7538724599900046,98,99,50,1
3.4159324220934937,98,99,44,1
0.9306222556174888,100,100,48,6
0.5028140733252777,100,100,54,2
3.0820416885174953,98,99,50,5
2.2960297230903510,98,99,50,3
3.2672334652799693,98,99,43,0
3.6435614723077498,100,101,52,6
0.6951801786252788,100,100,49,5
5.0416998886740529,98,99,51,0
6.1765419716328678,98,99,49,2
4.5259634806658742,98,99,40,7
4.9249591558530428,100,100,54,0
0.3883968293390822,98,98,41,4
4.6561381718722483,98,99,50,5
5.4665241447350663,98,99,56,3
2.6708947770631490,102,103,53,4
5.4095233925540214,98,98,57,6
0.6380031012325904,94,94,51,6
4.9128132657444343,100,101,55,1
2.9391437586040996,100,100,34,6
5.9899472097370507,100,101,51,1
3.2791756157852245,98,98,48,7
3.7247070694415108,98,99,49,2
1.1452125558075832,100,101,50,4
3.9319669499322085,100,100,47,5
0.8543170566961060,96,97,58,2
2.8739778403356580,94,95,44,3
0.0603048315967244,100,101,49,1
2.9995077373101129,98,98,50,3
0.7243424782481109,100,100,50,2
2.0628381117682895,98,98,40,1
2.9016601183576944,100,101,52,6
1.0878064939229546,96,96,51,1
1.5047437764885372,96,96,49,5
4.5027669746976100,98,99,52,5
6.2564339352367142,100,101,51,1
4.7088749596465718,98,99,64,1
2.4934779590449354,98,99,52,7
0.5591427269210862,98,99,57,2
0.2313820225346598,100,101,49,5
1.3120150281590726,98,99,41,6
4.8578654307684976,98,98,47,4
5.5341147621919227,100,101,58,2
2.3588003250871106,100,101,49,5
1.7662112421904956,98,99,50,3
2.5832843073121188,100,101,56,4
5.1113945747051641,100,101,52,4
2.1065152466380392,96,97,44,0
4.5253822940729140,100,101,55,3
2.2877301599673041,96,97,51,3
4.6901285556326995,100,100,52,0
3.2356376542177232,100,100,50,2
2.2519496528576024,102,103,56,5
1.9289068199849575,94,94,57,4
2.7541782477170775,96,97,57,1
4.8929985996175427,98,99,45,0
4.2854141240635872,98,99,41,0
3.4221533965648256,94,95,40,7
1.3077498865427595,94,94,49,0
5.8079552058738795,100,100,52,4
3.6808618351405431,92,93,53,3
4.3928868459391550,98,99,48,7
1.7501517799552451,100,101,53,5
1.3253379062002886,98,98,48,5
5.4176341663843388,96,97,57,7
1.2439461044175726,100,101,51,1
3.6129160431707961,96,97,42,0
4.6092476396464841,100,101,57,5
3.3182895519321911,98,98,55,4
3.4558639192717018,100,101,58,0
0.2662437849423008,100,101,53,5
1.1085177412426572,100,101,52,6
1.5620746956418181,98,98,52,1
3.6538886142061306,96,97,50,6
3.0967685610571469,100,100,51,7
3.6111765196417949,100,101,51,3
0.7372264011286701,98,99,47,2
5.5682967686332860,98,98,54,1
3.0489657779293551,98,99,43,2
5.2040681496910732,100,101,48,4
5.6234073140378067,98,98,48,3
0.7259907152262838,100,101,46,6
2.1138873329973413,98,99,45,0
4.5676584932182402,100,100,44,6
2.3525555342641518,98,99,65,6
3.5284947768319084,98,98,54,5
2.9102275428164992,100,101,49,3
2.8013328591140514,100,101,60,4
4.4583741758903992,100,101,44,6
5.5746568700944836,100,101,53,1
4.1789054276722641,102,103,54,7
0.8809405342409913,100,101,47,7
3.1254607560631786,100,100,60,4
6.2370929850020307,100,101,52,0
3.4506193543928703,98,98,52,7
0.1893420908045600,98,98,38,1
2.3360165776890924,96,96,58,6
0.0989993481308459,98,99,53,4
5.0623086167714879,100,101,52,6
5.5211264726114315,100,101,46,6
2.6971499843060944,98,99,52,3
2.2732465172668146,96,97,54,2
0.0431083640729765,102,103,61,4
1.6513793239638859,96,97,56,4
4.2155180435911577,98,99,56,1
1.9936078666837203,98,99,43,0
5.0212665615764580,94,95,50,5
2.0527259296840157,100,101,58,2
2.3001216431440543,98,98,51,0
0.2454380787238325,100,101,45,5
3.3889121285219312,100,100,49,1
1.0535919674351559,98,99,53,6
2.0640242270573825,100,101,50,4
5.7293991245575793,100,101,58,2
0.4839718114925977,96,97,51,1
4.3888664041261247,100,100,56,4
6.0580657137445675,100,100,43,7
6.1787624065134032,100,101,53,3
2.4909585479699556,98,98,48,3
2.9228288708674905,100,101,48,0
4.8266438449657842,96,96,46,6
3.3794434902010311,98,99,44,7
3.1179423874388741,100,100,49,3
2.5539177983712884,102,103,52,1
0.3730467584437748,98,98,47,2
2.0533648226243146,98,99,48,3
5.1704044986511022,98,99,50,1
2.6873033242175541,96,97,42,6
5.6745124285569934,96,96,50,0
6.0920076895962554,98,99,43,0
3.6392944032833570,98,98,51,6
3.2970073933895900,96,96,46,4
2.4299287028522234,102,102,58,1
4.8514051995255274,98,99,47,6
1.6650408399124565,96,96,49,1
0.3118099604655029,98,99,65,0
2.5197695991829852,98,98,49,2
0.7144559538594389,100,100,46,4
0.4535949237771776,98,98,44,7
6.1677095823047603,100,101,48,0
3.8646295096115089,98,99,45,2
5.6653297760788055,98,99,52,3
3.6759655229461892,98,98,45,0
0.6431159796121664,98,99,48,7
5.2483977849741317,98,99,59,2
5.9761368500900192,100,100,53,3
2.7788793743370488,100,100,60,0
3.2582420879319929,100,101,45,5
4.0062994842606061,98,98,50,1
2.8799459868580581,98,99,46,1
1.7016060072937205,98,99,60,7
5.2647745779307096,98,99,47,2
5.4596341915541338,100,101,48,6
1.0588290533547573,100,101,52,4
0.1763477107547763,98,99,56,7
1.9395256584003708,98,99,57,6
6.0560675231834047,98,99,50,7
3.9506445918982971,94,94,48,7
4.1719960305921893,100,101,58,6
1.5874283594672740,98,99,61,4
2.4629951596412818,102,102,55,0
3.9004735560401720,92,93,50,4
2.0293517011597504,98,98,61,4
1.1481358472240948,98,99,57,0
5.0036134976654676,100,100,46,2
2.6719550533344085,100,101,55,7
5.5501479758652250,98,98,52,7
3.6854106064587917,102,102,48,5
5.0911921684058177,98,99,54,7
3.2959791474349109,100,101,53,3
3.1865017062331398,100,101,53,3
0.5509673972170321,100,101,50,6
5.0220129304054835,100,100,60,6
6.1172275317855878,92,92,48,2
2.5165921337330297,98,99,50,5
5.9804595918721368,100,101,61,3
1.1798750240201281,96,97,55,1
0.3869055639730413,98,99,48,7
1.5795284607528375,98,98,55,2
3.0355883906808221,98,99,64,1
0.3872507832824332,100,101,50,6
1.9558231641686319,98,98,49,2
4.0647311528795367,100,101,43,1
0.9581148944894176,100,100,51,3
3.7592943531241891,100,101,54,4
3.3163634911894873,98,98,50,7
3.5600643450989851,98,98,41,2
2.3856973355105895,100,101,42,2
5.7222219795381575,96,97,46,2
2.1472171910819480,102,102,55,0
4.6284887232564724,100,101,57,7
3.7388858383560337,100,100,50,4
1.1189625105749887,98,98,56,1
3.4805909680610236,96,97,54,6
2.8846994950991829,98,98,51,2
4.0154411421136933,100,101,50,2
3.7483570492006670,96,97,48,0
4.6327479817263972,100,101,53,3
3.0960423406248117,98,99,49,6
5.5056375979736565,100,101,53,7
0.3645770471385255,96,96,48,4
1.2646235207818544,100,101,55,5
0.9820663473927488,98,99,57,0
5.3617870160568621,102,103,50,3
4.2375407746477247,96,96,47,5
5.8475250433079839,100,101,51,7
1.9467416835760214,98,99,53,2
2.8374056001437018,98,99,47,4
3.4102074592328955,98,98,54,1
5.7168231365501194,96,97,56,4
4.4804804306081945,102,102,45,2
1.6981498814193383,96,96,47,1
5.8061151893195184,100,101,53,1
1.9835648376925916,98,98,47,4
5.0992133780129567,100,101,48,0
6.2794297757013453,96,97,48,6
4.4489924432429540,100,101,45,1
4.2697929020532239,100,101,67,5
5.1459226045466941,100,101,43,7
4.4487511398305077,98,99,52,5
0.8723849625348953,98,99,48,1
3.4488458576350749,100,101,52,0
1.3791525958979618,98,99,52,7
1.2940325044230230,98,99,46,1
0.6123996120173419,98,98,45,0
0.9086579527526151,100,101,53,5
1.1825570653652309,98,98,50,3
1.3631285299066220,98,99,46,7
5.9180985955800613,100,100,53,5
1.6083047803786521,98,99,53,0
1.2251735256808234,98,99,51,4
2.9424481399239313,102,102,49,6
0.2785043492557527,100,100,53,3
2.3065931051074524,100,101,50,0
2.3251482802125309,98,98,51,6
3.3710034325947715,100,101,51,7
4.8065162287942114,98,99,55,0
3.5068986741915431,98,99,58,5
1.4563637637658950,100,101,55,3
3.0615432951931441,100,100,57,3
1.6448094940987721,100,101,51,5
0.3172397267555490,100,101,52,2
3.0878445542231190,100,101,61,7
0.6831486371019876,98,99,54,1
4.8287670256060382,100,101,57,3
0.8825669405008042,98,99,49,0
1.1702978477453916,96,96,46,4
4.5289717577057882,98,98,54,7
3.5691472412442633,98,98,48,1
0.6019086706068871,100,101,47,5
0.2724660916215311,98,98,52,7
1.3013110118047688,100,100,60,0
4.1097802844464226,98,99,52,5
2.2855417054205005,100,101,47,5
4.3687187879382412,100,101,57,3
3.9465702484924043,98,99,54,5
3.0574726822739668,100,100,47,1
4.8096251495299400,94,95,47,2
0.0768185898595124,90,90,54,1
4.8707777018180973,100,101,48,2
1.0694359608595918,98,99,61,0
4.3687430002151793,100,101,49,1
2.6585757956095390,100,100,56,2
3.1911566142490635,94,94,56,3
1.6072411763057448,98,99,49,6
5.8839199291713236,98,98,51,4
3.9643282227128789,98,98,60,1
2.2757161525907583,100,100,57,1
0.0571710561542122,98,98,55,6
0.6521055925655275,102,103,50,7
2.1419906275189242,98,99,52,5
5.7523201663860775,96,97,55,7
1.9691977965967713,100,101,51,3
1.1448745234254394,100,100,55,3
3.9883138392297606,100,100,57,5
6.1899240560156574,98,99,45,4
2.7943747344638861,100,101,62,4
5.9809174023562992,98,98,48,7
3.3290335652387069,102,102,55,0
0.3345103776402978,96,97,47,1
5.7967826168176115,94,95,52,5
1.6090763085140019,100,100,49,3
0.5526517897229639,98,98,49,2
5.7923318155615213,98,98,49,0
5.6633113933749923,100,100,58,4
1.4370630326720906,96,97,57,5
5.3783986752655508,96,97,43,7
2.3672757177134587,100,101,49,3
0.6171590015501571,100,101,64,0
5.3440388297635151,100,101,53,7
3.9171132328141169,98,98,60,5
1.6321432679275547,100,101,43,3
2.4284827238320763,102,103,61,6
0.7788729144696631,100,101,54,0
0.1666636972424738,98,99,58,5
0.0276121620533078,100,100,50,6
5.7577243246573984,98,99,49,6
2.3590249863198758,98,99,52,7
4.3017650856364371,100,101,49,7
3.2042516248957664,98,99,49,0
4.5978538155692226,98,99,53,4
3.8058281104068099,94,94,46,3
3.3796316888073759,94,95,48,3
2.9165770975384726,100,101,51,3
0.8219816407197897,102,102,57,2
0.0938413175073700,96,96,52,0
6.2474428382653375,94,94,47,2
5.0036460826177462,100,100,49,3
0.3631229561686504,98,98,55,6
1.6180784799858037,100,101,49,5
1.6869967618675272,96,97,55,3
4.8980755614537363,100,100,51,1
0.1781319453954482,98,99,46,7
6.2455211924955529,100,100,45,1
3.2065037258223184,102,103,62,3
2.8107138314345899,100,101,59,1
1.3988782829140893,102,103,59,6
0.7387973025861233,98,98,50,3
0.3057060643004472,98,98,48,3
1.9005110534416669,100,101,53,3
3.4922620012385477,100,100,51,7
2.1945510319147599,96,97,53,5
0.3403416109880807,100,100,46,0
3.2265936217184814,98,98,52,3
3.2785791578170720,96,96,48,6
4.4779754248029908,100,101,58,2
2.0039538408637187,98,99,52,7
5.3945363254647676,100,101,51,3
4.4376451096795035,100,101,67,1
5.3236753855435479,98,99,59,4
2.8202780249755275,100,100,41,5
3.8427067460794437,96,97,43,1
5.9571516560171425,100,100,47,1
1.4662362538011253,96,97,43,1
4.2057043360569182,98,99,55,0
2.4352629610160417,98,99,49,4
4.9724116176334077,100,101,57,5
4.0717535368119506,100,101,61,1
1.6898898620063916,98,99,47,6
2.4429036198059824,98,99,65,4
3.9925964795848459,96,97,46,4
2.5266255774849213,100,100,52,4
1.0910561078917065,100,101,53,5
1.1725804574959411,98,99,58,3
4.7210351035552209,98,99,47,6
0.5144007692575854,98,99,44,1
0.4556261673983213,100,100,48,6
2.4906328584942736,100,101,48,0
3.4379700993275679,96,97,49,1
0.2957470867229072,104,104,62,0
5.2746492901174591,102,102,52,7
1.1712411216947869,100,101,39,7
4.5012042546012401,102,103,59,6
5.9392428629022112,100,101,52,2
4.9867631432331674,98,98,47,2
2.5228937435777792,100,101,50,0
2.3779439821995338,100,100,51,3
0.1569410524424971,94,95,54,3
4.1473739820119633,100,100,48,6
0.8810306169048164,100,100,53,7
0.6282846035273455,100,101,60,2
2.9767533401229622,100,100,53,5
2.0320112580725085,102,103,47,2
5.8910163251556638,98,99,52,5
1.0239172855372984,98,98,57,4
1.1326259936652574,96,97,52,2
3.2049746999410456,100,101,54,6
0.9646126929401857,98,98,47,4
3.8138763188166322,100,101,52,6
3.4739890835736742,96,96,51,5
0.3876785557640904,100,101,57,7
0.9069447823468403,98,98,55,2
5.1857736245790562,96,97,46,2
1.2308047042096657,96,97,49,7
2.2690211485140810,98,98,54,7
1.2908509571950055,102,103,51,6
5.7283856446227803,98,99,48,7
2.0109633059446921,100,101,45,7
0.7693245297413989,100,100,46,0
5.7688577676021460,98,99,46,3
2.8968642019102315,100,101,47,5
0.5962222076683970,100,101,53,7
5.3339676216913308,100,101,51,3
4.1574913935164144,94,94,44,5
2.4029936777924616,100,100,48,0
5.6178255839181528,102,102,50,1
5.8199764471620687,100,100,50,4
6.0617304045004081,96,96,45,7
1.1139099388599156,102,102,47,2
1.5427239478876276,96,96,46,4
5.5698727764278155,102,103,48,3
1.1038523363566504,98,99,49,0
6.1014746470544177,98,99,50,5
6.1039879335077849,98,98,54,1
3.9832734165326693,98,99,56,3
1.9841994571913686,94,95,49,2
4.9203196918672445,100,100,49,1
0.7943314093222861,96,97,52,0
3.1049359827393772,98,99,49,0
0.6494895536139389,102,103,46,3
6.2553188003795483,98,99,42,1
4.1343308131123635,100,101,49,5
1.9742513118012535,100,101,52,6
0.1777027492411090,100,100,55,3
4.0089561718415574,100,101,48,4
4.3464928370311577,100,100,57,7
1.4683111749301965,100,101,57,7
3.1205285779772924,102,103,68,3
2.7034491540058001,98,99,51,0
0.5773428150337387,100,100,53,3
2.8177489635800450,100,100,53,3
5.5109752053581058,100,100,51,3
6.1554309866559906,98,99,47,0
3.2785254133807968,100,101,52,6
1.0308416990330389,94,94,50,1
5.5164282361729988,100,101,64,6
0.0306215014312401,98,99,51,2
5.9285483639132144,100,101,52,6
4.2552274761862101,100,100,51,3
5.0185468173071595,98,99,48,3
0.6152637395026240,100,101,54,2
2.5939653492949755,100,100,61,7
3.5536598170481102,100,100,51,5
2.5799551185862275,100,101,50,2
2.8579778508780582,100,100,50,2
2.8363491929440605,100,101,48,2
5.4616085497526523,98,99,51,2
0.6641320141415610,100,101,51,7
5.2883905604475396,94,95,52,5
5.6675388163605671,98,99,52,7
3.4717613573812351,98,99,48,5
1.3345921965337286,100,101,58,6
5.5652726889054271,100,100,50,2
4.4182441637676675,98,98,55,6
2.2563974954321013,96,96,56,6
2.4089238050925155,100,100,48,2
3.5305189656449496,98,99,47,4
1.4825398560017808,98,99,50,7
0.3261457629719891,100,101,52,0
2.6605068093500619,96,97,38,4
1.3237200210820161,98,99,44,3
2.2942999624938096,98,99,47,2
1.8261883032777608,100,100,58,4
0.2835233895585708,98,99,47,4
5.3437559134414103,100,101,49,5
2.3178215624267109,98,99,45,6
1.0271492686786750,100,101,49,7
4.7876238177929746,100,100,47,1
4.4533969178104504,96,97,62,6
1.0923984875856123,100,101,59,7
1.4534460234953501,98,99,46,7
1.6516434318367430,98,99,53,6
4.2859550822200019,98,98,53,4
0.4951304234797799,100,101,58,6
0.0209770654542817,96,97,50,6
3.9373598502802682,100,101,54,4
0.2184300373393167,98,99,43,2
0.4098819609247664,100,101,50,6
1.7631624753043222,100,101,49,7
4.8392335129334398,102,103,58,3
5.0331592050537077,100,101,63,5
0.5452948815927200,94,95,51,6
1.5263632737307213,96,96,44,0
2.5449481933862237,98,99,63,6
4.3702804177500143,96,96,54,2
3.5847241963318885,102,102,50,1
1.7120098949883706,98,98,56,1
2.5225813616788813,100,100,60,2
3.0630559280415008,100,100,54,0
0.9229560302198504,100,101,45,1
1.6395523091568402,96,97,40,4
2.4968991478759488,100,101,52,2
0.8145896981258015,98,99,52,3
1.0454221555941754,98,98,52,1
2.7806666969123937,98,99,59,6
0.2800756770720382,100,100,52,6
3.4010264462167425,98,99,48,7
0.4573200541749173,102,103,48,5
4.7256413046007921,96,97,42,6
2.6644739084045819,102,103,52,5
0.2739932596770279,96,97,55,3
0.8923411571131294,98,99,52,5
3.0531182230872616,102,102,54,7
3.3408979684185098,100,100,48,2
4.9966547987576426,98,99,51,2
5.4176360006943334,102,103,49,4
0.8585334101906089,100,101,53,7
5.6765910167748856,100,100,57,7
1.7999066162705677,98,98,57,2
1.7497343576740030,100,101,51,1
2.2396053896111092,100,100,50,0
5.9620256946240060,98,99,49,0
3.3922887633175733,100,100,46,4
0.9115839633006992,98,98,56,7
0.2363502289322432,100,100,59,7
5.7544257224806579,100,100,55,3
5.1076932904170249,94,95,51,4
2.7008990210458426,98,98,46,1
3.3912886087324590,96,96,49,1
1.8916536367225509,102,103,46,3
5.5985948284793547,100,101,50,0
5.3374562585364425,96,97,46,2
0.8077741398139774,98,99,45,4
0.5827869257874955,100,101,56,0
5.3528761352466256,102,102,47,0
3.0509170725564947,100,101,53,7
1.7314270276254249,96,97,50,6
3.0315755063968020,100,101,47,5
6.0099974564474214,96,97,50,2
1.9846149236748194,92,92,44,0
0.1428181062863661,98,98,52,5
5.3338693007986882,96,96,50,2
4.9886658638830639,100,101,50,4
1.4497019787911773,98,99,53,4
6.2000429391113565,96,97,49,5
5.9404697890574614,98,99,50,3
3.2611251778787276,100,100,56,2
4.6820035886537212,98,99,46,1
2.5998061693787058,100,101,50,2
5.4842780510336890,100,100,59,1
1.4267015234015425,98,99,60,5
2.7180758681479218,100,101,52,4
0.5558431617330188,100,101,49,3
4.1608718529844424,100,101,50,6
1.5038520356998990,98,98,62,7
0.7343441723143692,96,97,41,1
2.5312264730530809,98,99,56,3
4.7600077841380140,98,98,45,0
1.8106556843944592,100,101,49,5
4.2279551993028237,100,101,49,5
1.3231792393911863,98,98,46,3
2.0168984384368218,100,101,55,7
2.2139946225449214,100,101,57,7
2.7873765409664024,96,96,53,1
1.9448073973348441,100,101,50,2
0.8847896076927185,100,101,52,6
4.0966612717882347,100,101,58,0
4.8524778908857877,98,99,51,0
4.6235207721298650,94,95,42,1
5.6997583922031962,98,99,47,4
3.9823522714322537,98,99,48,5
0.8427899197269827,98,98,54,5
1.3848902529821310,100,101,54,0
1.3665449757590391,98,98,48,7
2.6359817372663632,96,96,46,6
5.4230910373620853,102,102,45,6
0.0366409428399347,98,99,48,5
4.0006535081630110,100,101,42,6
5.4513929793748970,96,96,53,7
0.6243185909281050,98,99,45,4
5.8084355686752183,100,100,53,7
2.6085642207675432,98,99,49,2
6.2020864513425975,98,99,51,6
1.8831255729413001,100,100,54,0
3.8335488500711032,98,98,56,1
2.7279724135686805,98,99,53,0
3.8427067416486258,102,102,49,6
6.2652745497787352,96,97,50,4
4.4678845511861098,98,99,49,2
1.1018475141424029,96,96,49,7
1.6784818933837413,100,101,60,2
5.2118406020798353,100,101,46,4
1.1727735536871022,98,99,47,2
2.3289683950574509,100,101,47,3
2.6506802092584363,98,99,49,6
0.8070797968536950,98,98,47,6
4.7259819212634691,100,101,56,2
2.5211261971396679,92,93,51,3
1.6506252004363475,100,101,55,5
4.8336570210505467,98,99,63,6
2.0898134300968509,100,100,53,1
2.7187670399329011,98,98,47,4
5.7404616461006102,98,99,50,1
1.7145909111600366,100,100,57,1
6.2554558306224370,92,92,45,5
5.1120483347798684,96,96,51,1
4.7569750482906166,100,101,51,3
0.7548188822510272,100,101,59,1
0.7622381772293018,100,101,56,0
2.1471217474398756,100,101,47,5
1.3864569069470591,98,99,48,7
0.9936390374075265,96,97,47,3
3.2146872810986906,98,99,53,4
1.7982684615037108,96,97,42,6
5.0896179596322737,98,99,48,7
1.3336662665003038,100,100,55,5
4.8079349766625725,98,99,55,6
3.8357503073366352,100,101,42,0
2.8737750123193382,100,100,47,1
1.4096159342791090,100,101,53,7
0.9438462930868452,100,100,49,1
3.3503333825421713,100,101,55,5
2.4127741943185304,106,106,59,2
5.9450195017699148,98,99,49,2
4.4398939090869023,98,98,50,5
0.2985713596747886,100,101,56,2
2.2305861907054028,98,99,61,4
0.3293385360079840,96,97,43,1
4.9383074021365907,100,100,52,0
3.5173696802603209,100,101,54,0
2.1475485444190934,100,101,61,3
0.9794275486941780,100,101,54,6
4.1725109264235636,102,102,56,3
3.7907498191749953,100,100,53,1
5.8574627826989349,98,99,50,1
5.1080550242620708,96,97,54,0
3.4252715521938897,94,94,60,3
2.9509138793969769,96,97,55,7
0.4498785480153139,100,101,55,1
3.6139129843435716,100,101,50,4
0.4237872808125729,100,101,49,7
5.1541560691196695,100,101,52,6
1.0096974929859204,100,101,55,1
0.3729893778546300,100,100,44,6
5.1162622956206949,96,96,50,2
5.1670618864410542,96,96,51,5
4.5629551006005302,100,100,55,5
4.6329233626529804,98,98,60,7
4.7022416975829691,100,100,46,0
0.0841117036711039,96,96,42,4
3.8192839467459656,100,100,57,1
4.5677935458911803,98,99,50,7
1.6875733882546580,98,99,49,0
5.1425427496929039,100,100,48,4
3.4232973054015217,100,101,58,6
5.0663644667978911,98,99,49,4
1.3702983622013514,100,101,60,2
5.4070666996889001,100,100,56,4
0.8830898526140579,102,102,43,4
5.1174203078946210,100,101,53,1
4.7492935086688943,100,101,53,1
2.4917750082943444,100,101,54,6
0.2894456636498015,98,99,50,5
3.6056817643293200,98,98,51,4
5.2698780965440886,100,100,50,4
2.9696469431846655,98,99,58,1
1.4778478145536789,100,100,61,5
3.6980649067857976,96,97,50,6
4.1642921124954695,100,100,47,5
0.3715245377849534,100,101,55,5
3.8601317367685311,98,98,61,0
2.3760675711811676,100,101,44,0
0.8127249256722019,106,106,48,3
2.0691062506419549,100,101,55,7
3.1078167643328989,98,99,50,5
5.2779606589464532,100,101,51,7
2.3167970333600172,100,101,46,2
6.0821786233269277,98,99,59,2
2.1264568945406976,100,101,55,5
5.8358589040354012,100,101,58,2
2.1348182063069241,96,97,55,3
3.2206680562078027,100,101,46,2
4.2194228888179888,98,99,50,3
0.5265141387284252,102,103,58,5
3.5016449885486756,98,99,47,6
1.1557227468145017,100,100,58,2
0.2956348863245872,102,103,56,7
2.9587449297911030,100,101,48,0
1.1706730519578681,100,101,56,6
5.3080368799085198,98,99,47,2
0.5600235429826720,96,97,51,5
2.3334399612742027,98,99,50,5
5.8517118921474269,100,101,53,7
3.5011584059923559,100,101,54,2
2.2109298668383315,100,101,42,6
3.7838903539325943,98,99,59,2
2.7432916108127596,100,101,49,1
4.4499147638954071,94,94,48,1
3.8960572336859967,88,89,29,1
3.7016732464821795,102,103,59,6
5.4704714599356690,98,99,57,2
1.4198009927449604,98,98,52,3
3.4063957525685105,102,103,54,5
5.0249881399077845,96,97,52,4
5.3392502679564160,100,101,50,4
0.9602416286507413,100,101,46,0
3.0274803820379628,94,94,43,0
1.1468088667745067,98,98,55,6
3.4375765875975381,100,100,48,4
6.1518051839355881,98,98,59,0
5.6548832844513726,98,98,43,0
6.0117612636372453,98,98,49,4
1.2200855705394611,100,101,59,3
4.9864250335482430,98,98,45,0
2.5215160430599446,96,96,49,1
1.4697818677318151,96,96,44,0
3.5686516879505077,100,101,53,3
0.3089649032262751,100,101,45,3
5.1324485536847746,98,98,56,7
5.9710098147972461,98,98,54,1
1.3329070129933760,100,101,53,3
6.2491739145121379,100,101,56,4
2.5335128293122939,98,98,48,1
3.7537031569242911,100,101,42,4
2.0795491697805772,96,97,43,5
2.6685015169803705,100,100,54,2
4.7794043426189461,94,95,38,1
1.3231392750212281,100,101,65,1
0.8209109355379217,102,103,56,7
5.7424772169082399,100,101,55,3
4.8858480961678374,100,100,54,4
4.2552686020801191,100,101,49,1
4.4914934975338570,100,101,55,5
0.9031218555667331,98,98,50,3
0.2071224468196073,94,95,52,1
5.7982054693539968,100,100,49,7
4.3445931026880507,100,101,48,2
2.8929221332963238,100,101,49,1
5.6086496505836605,100,101,52,4
0.9667382959166595,98,99,55,4
1.7873600680894295,100,100,51,5
0.2872813132748627,100,101,51,1
4.8911642565749984,96,96,49,7
0.5212529144958699,98,99,48,5
2.0093059952743451,94,95,50,3
6.0664092714503433,96,97,49,3
3.1664599105786211,100,100,58,4
2.5482708321802354,100,101,50,0
1.1925964826065050,98,99,51,6
2.7172519788233074,98,98,60,1
3.3263953136592210,100,101,46,0
2.9818789084872974,100,101,58,2
5.5923943331695902,98,99,44,7
3.7428132698688894,100,101,55,5
4.3759269911855903,98,98,43,2
2.6697098621655866,94,94,50,7
0.2084819443569794,98,98,42,7
2.3549277030349605,98,99,52,5
3.0880933523452021,100,101,56,4
0.8870678445048997,98,99,51,4
2.4146908117112589,98,98,44,7
1.9942905278325220,100,101,50,0
1.7069763981195727,98,99,59,6
5.5608546043052742,98,98,51,6
4.3912143283068099,100,101,47,7
5.5057028256123060,98,98,52,7
4.1779810858612576,98,98,63,4
1.5325693326549141,98,99,55,2
4.7385375994779411,100,100,53,3
0.9442285483494173,96,97,47,1
4.9650490843443400,102,102,55,2
3.6782521974339977,100,101,47,1
2.8450093248620458,102,103,52,5
4.0598631383045891,100,101,52,0
4.0331505106410406,100,101,49,3
1.5999972619077614,96,97,44,2
3.4487149240168136,100,100,54,2
1.7843684749304878,98,99,56,5
0.9701523268567613,100,100,52,6
1.7360236221530458,102,102,37,4
1.7411433339861848,100,101,52,0
3.7722978793763633,100,101,60,2
3.9476276958014975,98,99,48,5
0.1219124337680457,98,99,46,1
2.3669747359076734,100,100,61,3
3.7795054009101769,96,96,47,3
5.4823965444637510,98,98,58,1
4.9046619993593259,100,101,48,6
6.2114944211662841,100,101,49,1
2.4418703276497218,102,103,56,5
0.0769144935818558,98,99,49,0
5.2804963989198352,98,99,56,7
3.1147961323673199,98,98,58,1
1.7857776454549399,98,99,54,3
5.0274468638576577,100,100,53,3
3.8895395175543954,100,101,54,6
5.4873935485485354,98,99,46,5
3.9223307128135056,98,99,55,2
5.4949766682535373,98,99,49,6
2.2986222664618778,100,101,50,6
1.5736313425252526,98,99,47,0
4.5400137893674444,100,100,48,2
3.2098269234503078,98,99,43,6
3.9455686236702223,96,96,54,2
2.5205284833038224,98,99,57,6
5.0562541158652818,98,98,46,3
3.3262425205107795,98,98,44,5
6.1562053748917416,98,98,49,6
4.1739768207169137,100,100,59,7
5.0552490505828720,98,98,52,1
0.0937895481503784,98,98,47,4
3.5451807178399535,96,96,39,3
0.1185001018688720,98,99,46,1
1.7299610307953155,100,101,52,6
1.2945606174358308,98,98,55,0
4.5554963126881161,100,101,63,1
5.3032424486000957,102,103,51,2
0.9067616793399286,98,99,50,3
1.3718621919027545,96,97,59,3
0.3443026821884180,98,98,52,3
1.2233472652386594,98,99,51,2
4.2792693162433961,100,101,65,3
4.3546845853651055,100,101,47,7
0.2984733917039882,98,99,49,6
3.4489854506165472,98,99,53,6
0.4005329370201380,100,100,56,0
2.7417124194105509,100,100,45,5
6.0314234719247928,102,103,60,1
6.0776977719141829,96,96,49,3
5.8323725852056700,100,101,49,1
1.2700454914793486,100,101,51,7
1.4767466378453320,100,100,47,3
1.1937861472661884,98,98,54,3
2.8786735279468956,98,98,48,7
1.5082756248761457,96,97,47,5
0.2002283906514280,100,100,55,7
4.7916492473963448,96,97,49,5
3.6687140760844055,98,99,50,3
3.0973756588766750,98,98,51,4
3.1710043806432906,100,101,51,3
3.7874049496099533,100,101,52,6
4.9732262845458299,98,99,51,2
3.7583874778651039,100,101,55,5
5.9985830249749981,94,94,52,1
2.7819269328691902,98,98,50,1
3.0635067548250521,98,98,50,1
3.1066855322962965,102,102,53,0
3.7542579891341372,98,98,57,0
1.8662471821823916,96,97,53,5
1.1561867809695092,96,97,47,7
4.3783521554796145,100,101,55,3
1.4052041754750888,100,101,49,1
4.4604077912607236,98,99,49,2
4.8057022301905068,100,101,54,6
2.2648513790650666,98,99,59,2
3.3284337709289691,92,93,42,4
4.1822061822977084,96,96,51,3
5.1820398240985526,102,103,51,4
2.5047150690724402,100,101,44,6
1.8258972077082447,100,100,45,1
6.0243385224908774,98,98,45,6
1.9927749573383648,102,103,57,4
5.5433387617573899,100,101,46,6
0.6364072729931886,100,101,42,2
1.5628790638161580,100,101,49,5
1.8786209395391218,102,102,51,2
3.7122987964907130,98,99,46,7
2.1526675268565372,98,99,55,2
3.8218326082978615,100,101,44,4
2.1164375732244118,98,99,52,3
5.8755637162576884,100,100,53,1
4.1040033340198390,100,100,50,0
3.3566794961389754,102,102,62,7
6.0200279870299331,98,99,52,3
0.8218153798857279,100,101,61,5
5.4717391822110786,98,99,49,2
3.0364738597575940,100,101,52,4
5.3488998968593773,100,101,45,1
1.5758654947001991,100,101,43,7
4.6921672537275345,100,100,51,7
2.1146786307575183,92,93,40,0
5.0163580998361983,98,99,56,1
3.5841638755287240,102,102,50,3
1.9456115231673254,100,100,43,5
1.2847653204817366,102,102,50,3
4.3684730059178101,100,101,56,6
1.9309996556903137,96,96,44,4
0.9260039776018141,98,99,51,4
3.8036742674833692,98,99,50,3
0.0145933962415210,102,102,54,1
1.8178054096174499,100,101,53,7
4.2599197378850127,98,99,49,0
1.9929628247275626,100,100,40,0
0.8435661790138884,100,101,51,5
0.0040068064109797,98,99,54,5
2.8580538338393899,100,101,50,2
3.8266455939485051,96,96,47,7
2.6206900852625341,102,103,58,1
1.9390172073298551,100,101,47,7
5.2094886043692652,100,100,47,3
2.2064104417554087,96,96,50,6
2.0748337872700917,100,101,47,7
4.7919679208640060,98,99,58,3
1.4583439359282244,96,97,41,7
0.0481412598185593,98,98,55,2
5.6298584685757849,100,100,53,1
3.8792115574943127,98,99,56,1
1.9442264724820300,94,95,53,6
0.2843159288902423,98,99,49,6
1.5410688063543545,98,99,43,0
3.3924787830300542,100,101,49,5
5.0001326339420435,98,98,55,4
3.7584504419924261,100,101,50,6
0.3315761955607372,100,100,44,2
4.5818382948183771,100,101,53,5
3.8708626917519608,100,101,45,5
0.5879198923746782,100,101,49,3
4.7021715111137619,94,95,55,0
0.9962040166202888,102,102,51,4
1.6976575376141771,102,102,57,4
3.5254580128118671,96,96,58,2
5.3841415809175608,100,101,51,5
5.4623883050798909,100,101,48,6
1.0659520020199684,98,98,58,1
0.0360952278592000,96,97,45,7
1.7836673119124529,98,99,50,5
4.8130215304909845,98,99,52,5
2.6413187385468579,102,103,57,2
4.7783891588301266,100,101,55,7
1.5237502456286727,96,97,44,6
4.5153804291495963,100,101,56,4
2.5630985186392516,100,100,51,7
0.8073093010772716,98,99,48,5
1.5726124807797237,98,99,55,0
5.2758873717973147,100,101,53,7
3.2547541651673058,94,94,57,0
2.7459159896201575,100,100,57,7
5.4318916854801831,100,101,43,5
6.1980773310483919,98,99,48,1
1.4161616443122478,98,99,54,1
1.4107648095276202,98,99,43,0
4.7206408168668315,98,99,51,2
1.5522967861781352,98,99,47,6
2.3778775308104825,96,96,55,5
0.4598882635195958,100,101,50,4
2.6137893005963027,92,93,45,7
1.5810103684166588,100,101,50,6
0.9099731706748199,98,99,51,4
0.0930551973568750,100,101,53,7
2.5879921672522075,100,100,50,6
5.4849680679941759,100,101,50,2
1.9607127810416682,100,100,58,6
2.5536782255007306,100,101,54,4
5.6754572221056421,94,94,51,6
1.1587928289908966,100,101,55,1
3.5372913506290500,100,101,60,4
1.9527909164966599,100,101,50,0
0.9955857385059608,96,97,49,5
2.9537707722864437,96,97,56,4
1.9475719383229282,96,97,52,4
0.4286206535104712,98,98,54,5
0.6805946200796049,102,103,47,4
1.0572774186231686,100,101,57,5
1.4190697393527392,98,99,55,4
3.5141314538964794,100,100,57,5
0.7049254626391528,98,98,50,3
0.1187514323097077,98,99,48,5
1.9219351463837955,98,98,47,4
1.9587111093207079,98,98,56,7
0.3684577323483179,98,99,62,3
1.9381731063665548,98,99,56,7
5.7043327670583999,98,99,55,4
1.5946429531269584,100,101,55,3
1.0812066454743319,100,100,57,1
1.0426906325084568,100,101,55,5
2.5938985702849284,100,101,59,3
4.7661732958672776,96,97,54,0
3.1769128781751892,98,99,50,5
5.1527097033382780,98,99,50,5
3.1495131521675059,100,101,53,3
0.1812964668730815,100,101,50,0
1.9594103658406157,100,100,48,6
0.6278879901335949,98,99,60,5
4.3435928920219888,100,101,56,6
1.5055157161360386,96,97,47,5
5.3357402826767482,104,104,55,7
2.5410409988802183,100,100,52,6
2.3916821673278532,96,96,38,6
0.6822119141173586,96,96,37,5
4.7542985061435807,98,98,52,7
2.8556851680200599,100,100,39,5
6.0692093047046560,100,101,47,3
3.5219533986248535,96,96,42,0
0.8087811187893654,96,97,58,6
3.4961004246660092,98,98,41,6
0.8455217667811810,100,101,47,3
3.7851022387455235,94,94,50,7
4.1398565995807850,100,100,55,3
1.3964229970709727,96,97,47,1
0.4541483552188936,98,98,57,0
4.3156014614076321,100,101,59,5
2.8171015187687867,98,98,44,3
4.7141083134478530,102,102,47,2
1.0340984992587110,100,101,59,1
1.3130011535682142,102,102,52,5
0.2696482265910157,100,101,48,4
0.3634474147757206,100,100,55,5
2.4877849435193280,100,101,57,5
6.1057388860366668,100,101,53,1
6.0427245552332494,100,101,58,4
5.6919123482676435,98,99,49,6
3.0568881908211853,100,101,55,3
2.4307054429609578,100,101,44,2
2.7410457049724704,108,109,49,5
0.2504718316604702,94,94,56,7
0.8752763409269758,98,98,57,4
0.1159825205916543,102,102,54,1
0.3424126000682631,98,99,48,1
3.8102085222244453,100,101,51,5
4.0385435153880209,98,99,52,5
4.0455867337919127,98,99,47,4
1.4586074035481982,98,98,52,5
1.5689284211799246,98,99,60,7
5.7834721783252530,94,95,50,5
6.1242610166449403,100,101,60,6
1.4830928704115123,98,99,43,2
2.7009939993617951,100,101,50,2
3.3368914051678966,100,100,61,1
3.0744246793381982,100,101,51,1
1.8352173617348393,102,103,50,7
3.2068575499722805,92,93,54,6
5.1493830270084846,92,93,42,2
2.6027180387336553,98,99,57,4
1.1034870420700034,90,91,49,2
0.6185577246339775,100,100,56,4
2.3663122193247035,96,97,47,3
5.0946325074494343,100,101,49,7
4.3000120241809103,100,101,48,4
0.3982250348522010,100,101,55,3
5.0921139524160672,98,98,52,5
2.5530011518335209,100,100,40,4
0.0916665024618133,100,100,58,4
5.4255656672729708,98,99,53,0
2.1444097423568627,100,101,56,6
2.0288501247311919,100,101,48,4
2.7287791722642596,96,97,57,3
0.6626250258652832,98,98,45,6
0.6345956521526853,96,96,46,6
5.5768592310161376,100,101,48,6
1.8440140167456653,100,101,61,3
5.3404316709324871,98,99,50,1
3.8087325640703220,98,99,49,0
2.3459557402079656,94,95,53,0
0.2712015877083203,100,101,60,4
5.5098737782741916,100,100,54,2
0.2985885246710896,100,101,50,0
5.9695140273158538,96,97,55,3
1.3291066704190146,100,101,48,4
2.8796485149820747,96,96,59,5
5.0854981716473997,96,96,52,4
2.7696145095460007,96,97,50,6
5.4568111140023410,100,101,59,1
0.5055834281245070,100,101,61,7
3.7951617605083774,98,99,62,7
0.3455887504312096,98,98,42,5
2.2776656459235833,96,96,50,0
4.8743264876569548,98,99,50,1
2.0514637792837451,98,98,48,7
6.1448088174815005,100,100,56,2
3.6038671647163794,98,99,54,5
1.6262915168057575,100,101,52,6
0.8765829356646793,98,99,52,7
2.1490704656198507,96,97,48,2
5.4638680677406057,100,101,53,3
1.1451629084930066,100,101,51,7
5.0951329841065256,94,95,58,7
4.6586065162939772,98,99,47,4
5.0920976149429862,98,98,49,4
5.1325332632364260,100,101,60,6
4.0001963841410495,102,102,54,7
3.0085757720423296,100,101,52,6
3.1892349239323114,96,96,42,2
0.3677314951684111,100,101,62,6
0.9112609084572982,100,100,59,1
1.7927899047616687,100,101,57,3
1.1378460765135259,98,98,49,4
2.4993156816286968,96,97,58,6
2.0297948558069008,96,97,55,1
4.6836490083807831,98,99,49,6
5.0698584300811680,100,100,47,7
1.3417938032351633,98,99,60,5
2.1858648626158144,100,100,52,4
5.7244673720116852,100,100,39,3
1.1553147762385843,100,100,61,5
6.2189283594040310,100,101,49,3
0.2105000637480255,98,99,54,1
0.7067329178382589,100,101,50,4
4.7327621225660330,96,97,47,3
3.6721844580828331,98,99,52,3
1.7130416866249005,100,101,55,7
1.2195515360433418,100,101,55,5
0.4408715888230361,100,100,54,2
5.5531357439543036,98,99,53,0
4.2096618363321605,100,101,54,4
1.8409387475221299,98,99,42,7
6.2178246999372293,100,101,57,5
3.5287868350383449,100,100,57,7
4.3043544428661988,98,98,48,5
0.8064345084274814,102,102,49,6
1.4913951441031332,98,99,52,3
0.3669253088977702,98,98,55,2
0.7068010963032206,98,99,55,0
1.3424241864881414,100,100,50,6
4.7937259912192918,100,101,55,1
5.6960709498114426,100,101,52,2
1.3783297969253867,100,101,57,3
1.7182735537877118,102,103,56,5
5.6065838129201575,100,100,54,6
4.4658982689840654,98,99,48,1
1.8707197950654606,100,101,48,2
0.0170694453787263,98,99,52,1
6.1212928913101177,98,99,54,1
5.0096665037444357,96,97,50,2
1.0985355946305955,98,99,50,5
4.3412810450957116,100,101,53,7
3.0889188962869332,100,100,56,2
2.2341546642322125,100,100,56,4
5.4054877290710985,100,100,54,2
4.1879343969822918,98,98,48,3
5.9944103421926904,100,100,53,1
0.5192548339082034,100,101,58,0
5.0162247611087665,102,102,50,1
4.1703325785825918,98,99,53,2
4.5177577876873096,100,100,43,1
4.1318958239327879,98,99,49,4
4.5968260473993086,96,97,48,0
2.2080418323081603,100,101,50,6
2.4557684959171282,100,101,57,7
0.4661054972533065,98,98,42,3
0.0547245436717761,100,101,59,1
1.4012764666080439,100,101,51,1
2.6187321656164593,100,101,46,0
1.4367949347561411,100,101,53,5
1.4695613097452518,98,99,52,1
1.0534022521259576,100,100,44,0
4.4416776928854205,98,99,50,1
0.1858869225286127,98,99,42,3
1.7181554164606210,102,103,41,0
5.8163217101834324,98,98,54,5
6.0789480905944124,96,96,44,6
2.1987748821054285,102,103,55,2
1.8078371715024071,100,101,56,4
1.1481132774486695,98,98,48,3
2.4525754624693006,94,95,43,6
5.3270897033884053,98,99,48,1
3.0611064029365891,100,101,48,6
3.6583214683880354,98,99,52,1
5.2406911097166935,94,95,50,5
5.7568641355917833,96,97,50,2
4.2725845218112877,100,101,53,5
5.3181412667960979,100,101,53,7
3.8743390278326357,96,96,54,0
3.5757338024387946,98,99,44,1
4.7211087133463785,94,95,41,0
5.6703817487746644,98,99,47,4
1.4174986986205234,96,97,49,3
6.2644200715459117,100,100,52,0
2.9742741404654662,98,98,60,1
0.5864029675534655,100,101,46,0
4.4364626454823011,100,100,50,2
3.4222003306550799,92,93,60,4
0.0205138267637268,100,101,55,3
4.6643090378491996,92,93,46,0
5.0080113752106925,100,101,43,3
4.0549312304609781,96,97,44,2
3.4717421949318292,98,99,55,4
3.6335408002442442,100,100,55,3
5.8427897867320686,100,101,61,7
2.2977946130779050,98,99,54,1
4.8542355597447573,100,101,58,2
3.7284838742492892,100,101,61,3
2.4844407939682740,98,98,41,0
1.7026184248446585,98,98,53,6
1.5715243324009878,96,97,51,7
5.0301388755232361,98,99,53,2
3.3653067200000990,100,101,56,6
3.2944852150547193,98,98,49,4
5.3068220321168678,94,95,50,5
4.1003436256934389,100,101,44,2
0.1743117610226886,96,96,47,3
4.3469521802143500,98,98,54,1
4.3577956091856231,100,100,50,0
3.7214335220997663,102,103,61,4
3.4846091770867442,96,97,53,1
3.0227263915237161,98,98,50,5
2.5369741155871872,98,99,42,7
6.0940670909290615,100,100,61,3
3.1574658493862842,96,97,51,3
3.4045683440204799,96,97,56,2
5.9516697667624658,98,99,55,4
4.7362860969724503,100,101,52,2
2.4414185383172939,100,101,62,2
0.1459556899630228,102,102,43,2
4.6046275063814823,98,99,56,1
2.6796161258727289,100,101,54,4
0.3942157716237399,98,99,55,2
4.9440595789835404,100,101,63,5
5.3456302511455700,100,100,47,3
3.8525286318171306,100,100,57,1
