theta,t_count,h_count,s_count,w_count
0.2352520642231814,92,92,49,7
5.9472312686473048,96,96,49,3
2.7747864953033843,96,97,60,6
3.6817903313496632,94,94,36,7
3.7279779505702924,90,91,58,5
4.4958884278754576,92,93,48,6
1.5669556625297976,94,95,50,3
3.1472675195742275,96,97,55,5
2.2146047507864091,92,92,41,3
4.6894138821203857,94,95,53,6
0.8768154934549364,94,94,50,7
2.5389225716742292,94,94,40,7
5.8613931561036638,96,97,51,1
1.8147433368581600,94,95,48,3
2.4907260288513853,94,95,49,2
0.3894548070083498,94,95,52,5
2.4394559988205362,94,94,53,4
1.6573388292075031,92,93,54,0
5.9160486089879880,92,93,48,4
5.4214812000099304,92,93,50,6
1.4471428795675811,92,93,51,3
5.3019793045484445,96,96,44,6
0.2982049842916181,92,92,46,6
0.5035466224808115,92,92,42,4
1.3402128128772730,92,92,48,2
3.4097207171880606,94,94,48,1
6.0273860671719053,92,93,39,3
4.3148870075046490,96,96,56,2
4.3491910655249280,94,94,42,5
4.4073789279826840,90,91,52,7
5.4770683141094683,92,93,52,2
5.5914831601007737,92,93,52,0
5.5571023604319327,90,91,49,0
1.4259482208774985,92,93,63,3
1.1312229369797386,92,93,44,0
4.5436588533834152,94,95,52,7
0.8889800198966987,96,97,48,0
2.0599363463888833,94,94,47,6
4.7730968812138101,94,95,46,3
4.3978483648353057,94,94,48,5
5.5683946634827768,96,97,55,7
3.7708904454506724,94,95,39,6
5.0208698301406720,96,97,48,2
3.7238336007181982,94,95,40,5
2.6198051546576857,92,93,45,3
1.7971006162043461,94,95,53,4
5.7592884664114194,96,97,50,0
6.2446409669869025,92,93,60,0
5.5488482137545612,94,95,48,3
4.5122155141526346,92,93,49,1
4.4612457858323848,92,93,50,4
1.3941145732003914,92,93,60,4
4.1069321673410455,88,89,49,3
0.7748555890059404,94,94,46,7
5.2987973655722334,94,95,47,0
6.2385517841180418,96,97,50,4
2.0406179385434231,94,95,53,0
4.2636416432036448,92,93,38,6
1.5520222617751274,94,95,49,0
2.2000766452102183,96,96,43,1
1.3796568605133919,94,94,49,6
5.7987204192980091,94,95,47,4
2.5773051887525882,94,95,41,2
3.6064553381849680,90,91,49,2
3.7796649878389807,96,97,54,6
6.0546544450466158,94,95,49,4
0.0565375029242302,96,97,49,5
0.3856080151080779,94,95,49,2
3.2888457283985555,94,95,51,0
5.8601729322915643,94,95,48,1
2.6518734228873146,94,95,48,3
3.8098193418722230,96,96,51,1
0.9887505752179913,92,93,44,0
6.0766647775073928,92,92,40,2
3.8853172703585104,92,92,47,5
6.2168731036043505,94,95,47,2
0.3376294200453009,96,97,43,3
4.7454153308954119,92,92,51,3
3.0427470626009181,92,92,41,7
4.2989426566835069,96,96,54,2
3.5232802443162954,92,93,51,7
2.0016466406706233,94,95,50,7
4.8780656717538804,94,95,45,6
4.3043841713255162,92,93,48,6
2.6206529114445103,96,97,46,4
2.6031525344273407,94,94,49,4
1.5831542269611556,94,95,45,6
3.0361433547424150,90,90,44,7
5.0261033748980726,90,91,45,6
5.7128622837349594,94,95,45,2
4.1211483838580714,96,96,50,2
2.8424650826508486,96,97,42,2
3.7620269223746274,94,94,58,1
0.7627189949176246,92,93,55,1
2.8265286065773556,94,95,58,1
5.6538412723700224,92,92,47,7
6.2469837439285314,96,97,53,1
3.0959962412681890,94,95,50,5
3.9261404792939474,94,95,48,5
0.1632416727744861,94,94,50,5
6.1510519149919061,90,90,50,5
4.7474113699391873,94,95,46,1
1.8144868679703736,94,95,53,6
3.0748685155117630,94,94,48,5
2.0831398757294473,94,95,44,1
1.7236875263015634,96,96,46,2
3.5361092767950542,92,93,52,0
0.9284950354263189,94,95,51,4
4.2131589417888122,90,91,46,1
3.4977281702822087,94,94,54,5
3.5833667763902675,94,95,46,5
5.3610550781410513,88,89,47,5
0.1954559505584470,94,94,54,7
2.4796586676997601,94,94,55,6
4.3333581880208341,96,97,48,2
0.9177126016993991,90,91,45,0
5.1130875032360112,98,99,48,1
2.4554859053924178,94,94,54,1
3.4841757885006044,94,94,42,5
1.3234661920125770,96,96,53,5
3.1827557515701144,92,93,49,3
0.8885973481554261,94,94,52,1
3.1044372394530457,94,95,47,2
1.8136855725917853,96,96,43,5
3.5376309718008758,92,93,48,6
0.8125941438383503,96,97,50,6
0.4392237019824690,94,95,52,5
2.8690112860483792,94,95,41,6
5.7952107543601024,94,95,47,0
0.3503891115694136,94,95,45,4
4.8169244189264209,96,96,56,2
2.8601679693464259,92,93,48,6
5.7041791556851900,96,96,51,7
2.1746922694102340,96,97,48,2
2.5667648655695880,96,97,54,0
1.9335992778931612,96,96,55,3
3.6225914655219635,96,97,52,4
1.3331446787233761,96,97,57,5
0.7061747775036483,94,95,44,1
2.2361637499788465,94,94,49,6
0.5532571654711304,96,97,46,4
0.2257090365299383,94,95,58,5
2.2691886452931822,92,93,44,2
1.7258112121583928,94,95,37,0
3.7117296932663666,94,95,40,1
6.0301919228726186,94,95,43,0
5.0409745076346706,94,94,45,4
2.6716419779303360,94,94,44,1
2.9185877521266845,94,94,51,4
4.7410793646568559,92,93,41,7
4.1288973982054449,94,94,48,7
0.0033710151393800,94,95,52,7
5.8541688963162679,96,97,52,4
2.2135483798687181,94,94,54,1
3.7258410393480106,96,97,53,1
0.2377456034771394,94,95,45,6
5.5841772709038322,96,97,46,6
2.1631819178773197,96,97,58,0
4.5626612772940458,94,95,47,6
3.3612477343292149,92,93,53,5
3.5117713508962187,94,94,43,2
0.8864804140065958,92,92,50,6
2.5954379962845264,94,95,51,6
1.5627570036095406,96,97,52,4
4.2062628121300509,92,92,53,5
0.8080236368165897,92,92,44,4
3.6797143693177863,96,97,52,6
1.0343211611811203,94,95,58,7
4.2576186989278355,96,97,57,7
2.1962987362909585,94,94,48,1
1.1450130105413692,94,94,41,4
4.2206180191347071,94,94,52,5
1.5113474909408082,90,91,45,2
1.1047402236506265,92,93,43,1
1.7073444453642650,94,94,47,6
3.5295011638467897,92,93,42,6
6.2027657576117923,90,91,47,2
2.8568568618636156,94,95,49,4
1.0649745641029078,96,97,50,4
3.0816626966301501,98,98,55,4
0.6503065560297836,92,93,46,4
4.6152287830564074,92,93,47,3
4.8689989391982289,94,94,44,1
0.7222138609843878,96,96,45,7
1.8806291808901314,96,97,48,2
5.4584522792803511,92,93,49,1
3.0498184822983041,92,92,45,1
5.0662027819739892,96,96,46,6
5.7681236174411135,94,95,44,1
4.3880712262231203,92,93,40,0
3.3074049283364775,92,93,50,0
2.1126312857272027,88,89,56,2
5.1330049651829723,94,95,51,0
3.9587754424085060,94,94,51,4
3.5942349902458162,94,95,53,0
4.5268478665507663,88,89,36,6
4.7386665524303480,94,95,45,0
2.0167750226073813,94,94,56,3
4.2407563790466742,92,92,49,5
0.8367666440614518,94,95,51,4
3.6985112686814925,94,94,49,4
5.9268023012515911,92,93,41,5
5.6120144785233119,94,95,53,6
3.1599985013786895,94,94,40,7
0.5145566928641154,94,94,54,5
3.2736418600842070,96,97,42,6
5.1168931570139566,96,97,53,1
1.3763081885909332,94,95,48,3
3.9471882430329503,94,95,50,3
2.2552962132493999,90,90,52,1
4.7166552585926418,92,93,50,0
3.1233739280881587,96,97,50,2
1.4757561718888148,94,95,43,0
3.1594737577656433,94,95,41,4
2.6478698987582789,88,88,50,6
5.1966502310604472,94,95,57,4
0.5731081687988364,94,95,51,2
5.1993239389307888,86,86,41,2
4.3562838362500145,94,94,45,4
0.9415647317577470,90,91,40,7
2.8058363751023085,94,95,42,5
1.8176508293107345,96,96,49,3
4.5658456856734615,92,93,47,1
0.1101987049191990,94,94,53,0
2.4757155532227313,96,96,41,1
0.9862454465504360,94,95,47,0
0.5074762596372466,90,90,50,5
3.5747606986273541,94,95,42,1
3.4755460274728347,92,93,42,6
2.8316597115651505,92,92,50,4
5.2381631586718038,96,96,54,4
5.1193186353006546,96,97,43,7
0.2561047645882782,94,95,38,1
6.0481099267379994,94,95,56,5
0.1726251450688009,92,93,48,4
5.0305196453064669,92,92,51,5
2.0176784694273056,94,94,51,6
3.8947833559599450,92,93,55,3
2.2187888867661649,94,95,45,2
2.9243366945319971,96,97,41,5
4.5700900591786047,94,94,34,5
4.2683259378879956,94,95,49,2
4.0125381844035335,92,93,54,2
6.0570321646697138,90,90,52,1
2.8765069644800718,92,93,53,7
0.9498071654401048,94,95,54,7
0.1200941368220904,88,89,47,1
3.9310056142725855,94,95,44,1
3.4438971454806793,90,90,39,2
2.7288123654032672,94,95,55,2
4.5992185265264451,94,95,54,5
6.2238523269276689,96,96,52,2
5.5021827158112950,92,92,50,4
0.9776197979173205,90,90,48,3
3.1897321532002798,92,92,46,2
5.4854128996225047,94,95,53,6
4.9142017872960890,94,94,50,3
3.7107691456525842,94,94,43,6
4.3932192601813984,94,94,54,5
3.3681646318323781,92,92,50,4
1.6762138062240557,94,95,46,1
1.2718905311023869,92,93,58,2
3.2605443114010213,92,93,47,7
3.5447233861280480,94,95,64,1
4.8496484775941058,94,95,48,5
2.1361133735361277,90,90,51,4
5.4670126930557243,96,97,57,3
0.4760761810109190,94,95,48,7
4.1223469750685586,88,89,48,4
1.6476281032388325,94,95,41,0
5.0224872207421027,96,96,58,6
1.2939416431243573,94,94,47,0
5.3913948364047588,96,96,50,6
2.7849641325887537,94,95,45,6
4.2033095301579309,94,94,43,6
6.2222389484859502,96,97,49,7
5.0014295707476304,88,89,48,4
3.9262939536136883,92,93,46,4
5.4260848498036163,94,95,43,0
0.3389350847331312,94,95,50,3
4.3749583788748811,96,97,47,3
5.1411764942227345,96,97,51,1
4.9615407927403066,94,94,53,4
5.0454047048912871,94,95,46,1
1.8731682363680975,94,94,63,4
3.2889727183123929,100,100,56,6
4.5145697815223551,94,94,54,5
3.6091921250391650,94,95,47,2
0.1502281476190825,96,96,42,4
5.1538711077069932,96,97,52,0
5.6082645917629641,94,95,55,4
2.5287675671561960,92,93,51,7
4.5886307147673042,98,99,54,7
3.7783844518786109,94,95,50,7
1.0442421551807914,94,95,52,3
4.7652832236243814,94,95,38,3
4.9471187163401895,94,95,49,4
6.1525114884736976,90,91,49,4
0.3738759601016928,96,97,56,6
3.6086105608188563,94,95,54,1
5.8437166985585272,92,92,50,6
1.0604985431500360,94,95,47,4
0.9476731277902632,94,95,54,7
4.3861142016574757,94,94,44,3
1.2424665496326794,94,95,43,2
5.0661572612798889,92,93,42,4
2.1273627923876384,90,91,47,2
5.9239978951719490,92,93,42,4
5.7546642725382640,96,96,37,7
5.8720243147288436,90,91,43,6
3.4465329688178032,94,94,45,4
0.6654521385750815,94,95,49,4
2.0799731638828449,94,94,38,1
4.7206026063583764,94,94,47,6
3.7832745833093862,94,94,50,3
4.4874106409222163,94,94,40,5
2.7977016347346995,92,93,58,0
4.9620657164431092,92,92,40,4
0.2603898944882096,92,92,47,5
2.3555352367213533,94,95,48,5
1.0598484416818548,94,94,47,4
1.0328210543670229,92,92,52,4
2.3277712922204903,94,95,49,2
4.5036275787121411,94,94,55,4
4.5974158065696171,92,93,47,7
4.4586527795688253,94,95,48,1
1.2381019980487349,96,97,46,2
2.2285996447355334,94,95,51,6
3.5309257180646245,92,93,45,3
1.9364570078846204,94,94,56,1
2.8327741543004339,94,95,49,6
1.1446345073376183,94,94,51,6
3.3137049462528463,92,93,44,2
3.9621622864638590,96,97,62,4
3.5048503659978358,94,95,53,4
0.0430551658573433,94,95,50,3
3.9138053789534011,94,95,46,3
1.9626093689505693,94,95,50,7
0.9395605084240013,96,97,43,3
2.1952484298016572,96,97,51,7
6.1321989121345446,94,95,49,0
3.2078533186580782,92,93,56,6
3.4093069395517981,94,94,54,7
0.1114304464604424,96,97,53,1
3.2552927969085608,94,94,49,0
0.9669837472834383,96,96,42,4
4.0269754294062432,94,95,45,2
3.7934503660655898,94,94,48,3
0.2995146686136206,94,95,47,2
4.2240128266678116,92,93,35,7
5.0269976350878416,88,88,42,0
1.9871708975846294,92,93,47,7
2.4812402573851626,92,93,42,4
4.5759126952982507,94,95,42,5
1.7951639160107256,92,92,50,2
4.2560968279450062,96,97,51,7
3.9277256461261376,92,93,51,3
0.8634353438569974,94,95,49,2
6.2408468818142797,96,97,58,6
5.1700784879494250,94,95,55,2
4.7918812052522224,92,92,50,0
4.9650398398568303,90,91,50,1
1.4420457325115641,92,93,49,1
5.4299028968158920,96,97,50,2
0.2926120478312619,94,95,48,7
6.1517333696230949,94,95,57,4
5.9251572099554943,92,93,51,3
2.2975514824860235,94,95,40,5
1.9960881884103363,94,94,44,5
1.1465242858167284,94,95,44,3
2.8668668304494607,92,92,48,4
1.3486360621414162,96,96,50,6
0.8392801844766175,94,95,51,0
5.1694586837752050,94,95,50,3
2.3367781801116476,96,97,46,4
1.1204527411610337,90,91,49,4
6.0123336519562853,94,95,53,0
3.9030225250563557,96,97,49,3
3.4783019705282596,92,93,50,6
5.9842145425278908,92,92,47,7
2.2786280263278660,94,94,45,2
3.3824067147678059,94,95,39,0
5.4678974947375965,94,94,57,4
2.9406335233453489,92,92,51,1
4.7562235261743560,92,93,41,1
2.2849888779760237,90,90,47,4
0.3656336964028817,96,96,43,5
5.4836418494759256,92,93,49,5
6.1428299157394610,92,92,47,1
2.2155173962523405,94,94,48,3
0.8293265681777743,96,97,48,0
2.9932388218776280,90,90,49,0
0.6362916584999897,94,94,48,1
6.0463337443137304,92,93,45,5
4.1053300896607485,94,94,39,4
1.4934599041944594,94,95,48,7
1.2680509183463122,96,96,50,2
3.4923878306315586,92,92,44,2
1.3584663324914954,94,95,57,4
3.7680940288267193,94,95,47,2
5.0466847137656305,94,95,51,2
4.9954361692641021,94,95,50,5
3.1328497554983028,88,89,49,3
4.7716075534899831,94,95,47,4
4.0621581310005652,92,92,50,0
5.5320097594544295,94,94,43,0
1.2802913233223876,88,89,50,4
1.3021492731570579,92,93,47,5
5.4554359868331534,96,96,54,2
3.4660328092853594,90,91,53,0
4.7054865163059221,92,92,44,2
4.4412930526967251,94,94,51,2
2.4058804521839479,96,97,50,4
3.0812232956080510,96,97,57,7
3.8805019150524154,88,89,37,3
4.3912434997464862,86,87,39,2
1.6523613059798630,94,95,48,3
3.1824150439146157,94,94,42,7
5.3462480109386910,94,94,53,2
1.9055363714379103,96,96,47,7
4.2136006429193449,88,89,34,6
4.8850063500626923,94,95,50,5
3.5126987458391876,94,95,45,6
3.0134178624892760,96,97,50,2
2.2216582106001916,94,94,54,3
5.9247776073206273,94,95,54,3
2.7109344688142762,94,94,43,6
4.8051888528169036,94,95,48,3
5.0256420503821522,90,91,45,2
5.5215724692886168,86,87,42,3
4.7562837611643642,94,95,48,1
4.6360482085022738,92,93,53,1
2.2822020771503322,92,93,50,0
1.1545127170651395,96,96,48,0
4.4237987285236526,90,90,46,5
6.1177434095730296,94,95,52,7
2.6178222036700727,96,97,54,0
3.8098146880891064,94,95,53,0
3.9464577918907673,94,95,53,0
1.8951070634366107,94,95,45,2
4.6450632831592049,94,95,55,6
3.7759426319472209,94,95,37,0
6.0198472050438534,92,93,49,5
0.8615267537806816,94,95,53,6
4.5864593124115611,92,93,48,2
3.0972384393337986,94,95,52,3
3.2292286858671853,94,95,51,2
3.2115938953348522,96,97,50,6
2.6866501089284394,92,93,51,7
1.9516946973308233,92,93,50,2
0.7401722278901165,94,94,42,1
2.7447290755374025,90,91,49,6
3.4243510570560209,96,97,52,6
3.8908838872408631,92,93,47,5
3.9431964537410193,94,95,49,6
2.5356514434987591,94,95,37,4
6.1566029415254269,98,99,49,2
4.4022694171612775,96,96,50,6
2.6711743099912519,94,94,62,3
4.0496581114366013,94,94,56,5
4.0008001763687018,94,95,55,2
2.1506251652061570,96,96,52,2
2.6985363769931809,94,95,57,2
3.9041810814931353,92,93,47,5
3.4926769418166161,96,97,54,0
6.1947229074012222,94,94,54,3
0.7417304161548313,96,97,50,2
5.0176950710922474,92,93,43,7
0.2660163301608447,94,95,58,5
0.1474173326138033,92,93,48,4
3.7066323854457743,94,95,49,0
4.1151985368365898,92,93,43,7
0.4778914398328772,90,90,42,3
3.4999427254386961,92,93,43,7
5.5746193082460014,96,97,49,5
1.0792228932430692,90,91,52,3
1.5587437963628534,94,94,48,5
0.0528741418913221,90,91,53,4
1.4802702384666195,96,97,40,4
6.2796041641305704,92,93,41,7
2.4345189869069328,96,97,53,3
0.2381102591309788,92,93,49,5
0.1670463206449339,96,96,48,2
1.2149114991406580,94,95,51,4
1.0117750238124223,92,93,42,4
4.8867004278261632,96,97,51,3
4.1022272534312032,96,97,50,4
1.4013653761932534,94,95,42,5
1.1521983733159462,96,97,53,7
0.3833516775973776,94,95,54,7
1.3502690010637726,96,96,45,1
2.8707460049130362,96,97,46,0
4.5835885307610242,96,96,50,0
2.1496634439062112,94,95,49,4
5.7279908747678556,90,91,46,5
4.9879489593392634,96,96,45,5
1.0029290454783950,92,93,48,6
4.0488818587839086,96,96,49,5
5.1104882977351247,96,97,45,3
1.5720997495527651,92,93,43,5
0.5269535190508264,94,95,46,3
0.7283399315120699,92,93,47,3
0.5975022710586622,92,92,54,0
4.2305812219033045,94,95,46,7
2.2624141560914843,94,95,56,7
5.8164187199451112,94,94,50,1
3.0115822365457556,90,91,50,1
5.2502323405271625,92,93,51,7
5.0852664112294255,88,89,39,1
3.0117044731667248,92,93,57,3
3.6982078275963088,86,87,45,6
4.4125836043832090,90,91,41,4
4.3616897687399909,94,94,61,2
0.7235147388648743,94,95,52,5
0.4683002702190042,92,92,43,3
4.9979869006732534,94,95,46,5
2.4546379014637756,94,95,38,5
5.9924293401551161,92,92,47,1
5.9584881838283623,94,95,44,3
6.2157647970856864,96,97,50,0
0.7447798993969598,94,95,38,1
2.9098365446067000,96,96,51,3
3.2653324852224359,90,91,45,2
5.7713850339859967,100,100,59,1
3.3483024306669131,92,93,56,2
4.1840926221540791,94,94,42,1
2.2241223247472237,96,97,48,0
5.6197487683465770,94,95,52,7
0.0969659635872737,92,93,45,3
2.1008844967072946,94,94,46,7
5.9520313883918652,94,95,41,6
4.7446183115285612,92,93,59,5
5.8926082164305749,90,90,47,0
2.2623500657995428,92,93,47,1
5.4044879532703742,92,92,41,3
0.5968275466227498,94,95,54,7
3.1602628701799933,94,95,42,5
5.2643742210091098,88,89,52,4
5.6259413131651073,92,93,51,1
0.7999371053051767,96,96,45,5
5.7207687096251458,94,95,54,5
4.5473274367014413,94,95,53,2
2.7446228444394891,92,93,55,7
1.2332600562854994,92,93,44,4
2.2024516542541348,94,95,46,1
1.3672051373880212,96,97,50,6
1.0108070529333708,96,96,36,4
1.9892563995128589,94,95,51,4
6.0522574981278616,94,94,49,6
1.3695145869388163,96,97,46,4
1.0187301640867548,98,99,53,2
3.8727640221278592,94,95,44,5
3.0247852172661180,92,92,47,5
1.8121796516035198,94,94,40,1
2.7692322542463397,96,96,46,0
1.3023156316925513,96,96,45,5
5.6000693585937933,90,91,46,5
4.2436793109774431,92,92,49,7
0.0407017163327466,96,96,51,7
3.5733172355222251,92,93,49,1
0.8290780352495773,94,94,52,3
5.0019129772531210,94,94,45,4
5.9939031634310336,94,95,45,4
0.7249114809763388,90,90,44,7
4.7730621351099405,94,95,49,0
0.0735274564321113,92,93,48,0
3.2133886164470544,90,90,47,4
0.2384474591793176,92,93,51,5
0.3936385932512702,94,95,52,1
1.8287162325552868,90,91,43,2
4.6821558065855111,94,95,47,6
1.6775821290756230,90,91,41,4
0.2417795533203856,94,95,36,1
1.1901018204404781,92,93,51,7
0.8125027236282990,96,96,53,3
0.4907422187427656,92,93,47,3
1.9930243808367547,94,95,47,2
0.7091363777131385,92,92,55,5
4.8755054438451815,96,96,48,4
3.6011758194047618,94,94,48,7
1.5639170055396827,96,96,46,4
4.4637998437489328,96,97,50,6
3.2120099658416681,94,95,51,2
0.3539528386256739,94,95,46,3
6.0028164315652290,94,95,44,1
5.5244511260356521,96,97,50,0
1.6745825483191974,94,94,42,7
5.0208747687802298,92,93,51,7
1.2628857867653278,94,94,42,1
1.7983307024689161,90,91,50,7
2.1500826162939126,92,93,46,6
0.7255730940075726,90,90,47,6
0.3664308530144302,94,95,53,0
3.2935762696488120,94,95,52,1
3.5963633808383655,94,94,50,5
4.6271813924155056,94,95,47,4
5.8123827398905767,94,95,49,6
5.1636202384571197,94,94,46,1
1.1218624078152086,100,101,50,6
3.8456991766397177,92,93,42,4
1.8835887849558206,94,95,47,6
4.0094148328667663,88,89,46,0
4.9317542431388635,92,93,47,7
2.2475747879964296,94,95,40,7
2.0778525121907943,96,96,58,4
6.2323860543000302,96,96,45,3
2.9080581291623346,94,95,51,2
3.5182457639999494,94,94,56,1
2.9636834321044909,94,94,53,6
1.4822238908529894,94,94,54,3
2.6197931173870521,96,97,46,0
0.0059922836929759,90,91,48,1
4.8008269680535491,94,95,60,3
0.2126229571065498,94,95,49,6
3.7517704387436295,94,95,36,1
4.8916671081694902,94,95,41,0
4.2812415083170849,94,94,46,5
6.1921732641575851,94,94,54,7
0.3219819002279091,90,91,47,0
3.7258220088909937,86,87,52,3
5.4163117025178158,94,95,44,7
1.3713627859033835,94,95,51,4
3.8072095799376116,90,90,46,3
3.8857404931588948,96,97,46,0
4.4037424236660208,94,95,44,3
0.4058581292378006,94,95,46,5
5.3967964593398925,90,90,48,7
1.5150025107478522,98,99,47,2
6.2216301809450840,94,95,45,4
5.0657082862226543,96,96,49,1
3.2935731042406355,90,90,47,0
3.1684290739213159,92,92,61,7
4.3125450615302707,94,95,54,7
3.8182473042367793,94,95,55,6
3.9518584375499950,96,97,59,1
2.0947718040339893,96,97,53,7
5.6280506667217507,90,91,47,0
0.4716846246297954,90,91,42,3
2.1172107814672398,96,97,51,7
1.9635330632426871,94,95,45,0
0.5481043641278578,96,97,50,4
2.3696069325259046,96,96,48,4
4.0708870949240525,94,94,45,6
5.4430681039257642,90,90,48,5
1.3741067701854388,96,97,51,5
3.9534722516007057,94,95,46,3
2.5757247284470601,96,97,48,2
0.5972279191981386,96,97,42,2
3.6639640080286329,94,95,60,5
3.5434912932676061,94,94,51,0
4.9612095408324839,96,97,51,5
4.8440705693788901,94,94,52,5
2.4060602989505866,94,95,46,5
2.8774409434791548,94,95,63,2
1.5492987175150585,96,97,45,7
4.8417384082857824,94,95,48,3
1.1962984239380143,96,97,48,2
5.9147389172155220,92,93,43,1
0.5264470846801123,92,93,42,2
2.6149591759008075,94,95,52,3
5.2967275586571612,96,97,43,7
3.5228757811969644,94,95,58,3
3.5603982919679966,96,96,53,3
0.3116459646854820,94,95,52,3
6.2031769435333288,94,95,48,5
4.4968896483384642,92,93,43,1
2.4494701778879020,94,95,38,7
3.0444295472855343,94,94,45,2
0.0249643970796394,94,95,46,5
4.2214970586803817,92,92,48,2
1.7778581227916366,90,90,47,6
5.9332818462723118,94,95,50,7
5.2896213169622008,94,95,50,5
0.3580236043914354,94,94,50,3
3.7151003191498133,94,94,54,1
1.1286234456262751,94,94,43,0
1.8314218250686907,92,93,54,6
0.0149116973018389,94,95,45,0
4.9092764059496874,92,93,43,7
3.2037507195247881,96,96,48,6
2.1911996276754850,92,92,49,5
0.8227392648169802,92,93,51,5
5.1758914150361868,96,97,52,6
4.2392364587782874,94,95,43,4
2.8428821856629778,96,97,45,7
3.4258977630143046,92,92,39,3
3.5165664515720660,94,94,48,7
0.8362288593742462,88,88,35,1
6.0396579197150739,92,93,51,5
2.5236022369654014,94,94,48,3
4.4068501293323150,96,96,54,2
5.0477887904335947,94,94,49,2
3.5780168639683132,94,94,45,4
1.9245675450168165,94,95,51,2
1.8313173957935360,94,95,44,3
1.5627926525495932,94,95,46,7
3.5298981994462992,94,95,43,0
3.1116399163802937,94,95,46,7
4.1767983351574207,88,88,53,3
1.1960393647081831,94,95,64,7
1.7162438496024683,96,97,44,2
1.4559259969716880,94,95,51,6
4.4546025954465716,94,95,49,0
3.5243980988840580,92,93,49,5
1.6139095004391275,94,94,42,7
2.2854392289754148,94,95,44,1
4.8521493676835314,92,92,51,7
2.8173743833199225,90,91,49,6
5.6804584852336895,96,96,48,4
0.3324270225961563,96,96,50,0
5.2958649557590993,90,91,49,6
5.7168659526088632,92,92,45,7
2.1799919163040853,96,97,48,6
2.8493605869545289,96,97,53,3
0.2080869705689419,94,95,45,4
0.4511704535629547,94,95,55,0
1.7712561643062195,90,91,42,7
5.3549440998460875,92,93,45,1
3.9039132333983591,94,95,52,7
1.2924884506729415,92,93,47,7
4.5152041178317148,94,95,47,6
1.0228851376601487,90,91,61,4
1.7595068617331875,94,95,48,7
1.9849003869007449,94,95,49,0
4.6061385261200432,94,94,52,3
3.1019419200399763,94,94,50,1
0.9962657900540504,94,95,48,1
4.8667262954606718,88,89,57,1
4.8058166230965700,90,90,49,2
4.8755179580618284,92,93,45,1
1.9972470974840861,96,97,45,1
2.0532316933406656,92,92,47,3
5.2199972299178281,92,93,52,0
3.0223349527350858,92,93,46,2
0.9289053819073135,90,91,47,2
2.9772896918776088,96,96,53,1
2.8118945516389542,94,95,51,0
1.5306278661945996,92,93,52,6
2.7795573719027451,94,95,56,3
0.8379572598119011,96,97,49,7
5.0779557594674047,94,95,58,1
2.6677997852659665,94,95,41,4
2.4589611813688927,92,92,47,5
2.2620670936744198,94,95,47,0
3.2950105813761752,94,95,51,0
5.0372201080037389,92,92,49,3
2.6320650008710675,92,93,46,4
5.1810711698625296,94,94,50,5
4.6813354392994402,86,86,36,5
0.7297267757715072,94,94,48,3
4.1705230641799940,92,93,46,0
0.2341943888364729,96,97,55,1
1.3024739695583494,96,97,47,7
3.6999605887466003,92,93,54,0
4.0889204379592003,88,89,43,1
4.8424400598986912,92,93,49,3
5.4606322405599421,96,97,47,5
2.6622967354673412,94,95,45,6
2.0565673254981660,94,95,45,6
5.8631782255290634,92,93,53,7
3.6871786208231359,90,90,49,2
4.6762562848388987,96,97,50,4
0.8661050847416163,94,95,48,1
5.5285603882421057,96,97,47,7
2.9293121525886487,92,93,51,5
3.3652304083874962,94,94,36,7
0.3347205776711668,94,95,65,4
2.2582994830833263,94,95,46,5
2.3626243911552485,94,95,49,6
4.0150546516644328,96,96,51,3
3.3059305891260253,94,94,52,1
1.6009350778109750,94,94,46,1
4.3480792048498387,94,94,47,4
2.9869100868260499,90,91,45,4
4.8087408229874669,96,97,50,4
0.4435923253129804,94,95,47,2
4.2337320318213800,92,93,49,5
3.0749263835288922,92,93,51,5
4.2675112083330680,92,93,55,5
2.2425937555239610,92,92,34,4
5.4876241589898198,94,94,50,3
2.6103531041724271,88,88,42,0
2.4220754081858948,94,95,51,4
1.6526727084357566,92,93,45,1
4.7971441227003178,94,95,53,2
3.7007364356791421,92,92,52,0
5.4128247051881031,96,97,56,4
0.9681487220300108,92,93,46,2
2.7169518522065390,94,94,54,3
0.2806026593380269,92,93,44,4
0.1628128919892881,96,97,48,2
5.1388984424885269,94,94,43,4
4.8803969985891555,90,90,43,4
1.7225421699104513,94,94,49,0
2.1395728034211947,94,94,44,3
5.4157231818190947,92,92,46,2
2.7779259585446399,94,95,49,4
2.1007100760400501,94,94,54,3
4.5217069038530262,94,95,47,4
2.6550019797674089,94,94,44,7
3.7500715802904563,94,95,50,7
2.8862009215227431,94,95,51,4
5.7029098572343164,90,91,49,6
0.7844886471649110,94,94,43,0
2.4782581597804527,96,97,54,4
2.8176533248035494,96,97,52,2
5.3595044839774522,96,97,53,3
5.9241323705585094,94,95,49,2
4.7324274065505429,88,89,51,1
1.9702762443160153,92,92,55,3
3.2468318322854186,92,92,45,7
0.0948202785202237,94,95,51,4
3.5939789834284306,94,94,55,4
5.4610702594148890,94,94,51,2
0.0692389121289553,88,88,40,4
1.0263976364603351,96,97,46,2
5.4527359453887669,96,97,47,1
5.8642338022872220,94,95,50,5
5.8401068803392757,96,97,46,0
0.2903899113983567,94,95,46,5
3.9334411977334773,92,92,44,2
3.0913091384227234,94,95,48,1
5.8227730191086478,94,95,46,1
4.5395465243317386,96,97,55,3
5.9978528595162359,92,93,42,6
1.8626757222221610,90,90,45,4
2.8548506541103031,92,92,49,5
1.2745516336468565,96,97,47,7
4.2446134959567967,94,95,56,5
4.8516390655730559,94,95,43,0
2.2259248016966970,92,93,53,7
2.2632996859882240,92,93,45,7
3.8970686691675622,94,94,53,6
1.6530205685313595,94,95,45,4
2.6274186173490355,92,92,46,6
5.0094237594285493,94,95,49,4
1.6334286418347677,94,95,44,1
2.6080920073104887,96,97,53,7
0.2180101412647989,94,95,54,5
6.0932569039410325,94,95,53,6
1.7549612845463529,96,96,45,5
2.1196688458557160,96,96,40,0
5.6006113298738560,94,95,39,0
1.8616186810208373,92,93,47,7
5.5019060355328877,94,94,44,5
1.4713747523313523,94,94,51,6
0.0834214542477435,88,89,42,4
3.6129883614417877,92,93,47,7
0.2149803393914209,92,93,45,3
4.7029171855076450,96,97,47,5
3.1166744329048637,94,95,53,2
5.3116582499375893,96,97,44,6
0.5301228663552978,96,96,57,1
1.9505989825650831,94,95,47,4
0.0910790762178357,94,95,56,3
5.4088386531584547,94,95,43,0
5.5032588435310386,94,95,52,3
1.1598299656008941,94,94,43,2
6.1953980337727943,92,93,49,3
0.6459216756328577,92,93,49,1
6.0202211849342788,88,89,51,1
3.8801582410503843,92,93,49,1
5.1952734445450615,96,97,46,4
5.6440830944687885,94,94,46,5
6.2774448351955554,96,97,46,2
3.4841836849378680,96,97,48,2
2.9135259402829417,90,91,46,7
0.4626987815559928,96,96,59,3
5.4904501374110604,94,95,50,7
5.0446911614553338,92,93,42,2
3.2442640203156690,102,103,51,6
3.7145238043383006,94,94,45,2
3.9075228471037460,92,93,42,0
6.0406701422418196,92,93,51,7
4.1336534865550636,94,94,47,0
4.1049218730673109,94,94,49,2
4.0256708150496348,92,92,49,5
2.9026264121398260,94,95,49,2
3.3130510428002005,90,91,53,6
5.4890621957618491,96,97,48,0
4.1199896013741881,92,93,49,7
5.4034152551115699,90,91,46,1
1.1024945457706581,88,88,46,4
5.8195249653282204,96,97,54,0
0.2442727500595477,94,95,46,3
5.1555631935724806,96,97,47,5
0.0592211259886211,96,97,44,0
3.0112894021673462,94,94,50,3
1.2303387354064153,96,97,50,0
0.1610964702707756,90,90,48,5
3.3023887734093629,94,94,47,6
1.8118293955840288,94,95,51,2
5.7741939476484738,96,97,45,7
2.4688708465094491,92,92,41,5
4.0258824737632439,92,92,37,5
4.2260596643851436,94,94,50,5
6.2525914262921116,92,92,39,3
4.4644645617089589,96,97,48,4
4.1856915215323554,94,95,51,2
1.6193313568393848,94,95,46,1
5.6727734162262387,98,99,57,4
1.6700729220408104,94,94,56,5
4.4370934489550633,92,93,51,3
5.3451718258356422,96,96,42,4
5.7558459840715148,94,94,46,3
2.0800090918655076,94,95,51,0
3.9211532631338528,94,95,41,4
3.9634514820347757,94,95,44,1
4.3926850040035808,92,92,41,7
4.4088641760226217,94,94,46,7
0.5823020405970599,92,93,45,1
2.4523003302619415,92,93,51,5
5.1601297968333375,92,93,49,3
3.8828643877895908,94,95,44,7
3.3386337639929007,92,93,56,4
3.7306416075648912,90,91,47,0
1.4807510282829834,94,94,53,4
5.6560590729834601,92,92,43,3
3.0459926415572771,96,97,50,0
3.8911927127526362,96,97,47,1
2.8604426786799815,94,95,45,4
2.6753859678127281,94,94,49,6
4.0244450758654047,92,93,46,4
3.2170643447401948,96,96,57,1
4.9196024127839797,94,94,44,5
5.0818406669441405,96,97,47,5
5.1801006963204186,96,97,51,7
0.8643713366369972,96,97,46,0
4.3986642050769831,94,94,48,5
5.1751983210847481,94,94,47,0
5.5793441335060319,92,93,51,5
1.6743138734386716,94,95,43,0
2.0916192217622016,94,95,52,5
5.5959398133670408,88,89,43,3
5.9173824081152011,94,94,41,2
2.6794859703672498,94,94,41,0
4.8103452654787908,96,97,53,3
5.4111277454722808,94,94,49,4
2.3374685276749343,94,95,54,1
3.4549732992333704,96,97,36,6
1.8475824155443510,92,93,48,2
3.3966527951521073,94,94,50,7
0.7787892326468511,94,95,42,7
5.5227463476985044,92,93,51,5
3.2541135874457039,94,95,46,1
3.2874139017874668,92,93,48,0
0.8059080071349766,94,95,54,3
2.5935558147624582,92,93,49,7
4.2362234998501354,92,93,53,5
2.7192801722068607,92,92,44,0
4.3207067126686596,94,95,54,1
2.2020915577808742,94,94,45,0
3.1417094419740299,92,92,48,2
2.0298339927017559,92,93,52,6
4.3355453956512422,90,90,46,3
3.8208639335654873,94,94,59,0
5.0775247566561115,94,95,52,1
1.4831189484658160,94,95,54,3
1.7470165279011722,92,93,55,3
5.9811490226145381,94,95,47,2
3.6688161709799481,96,96,54,0
0.3426257355952081,92,93,52,2
2.8599551527227476,94,94,51,2
4.0585638335668639,94,94,49,6
3.5677542558443545,94,95,43,0
3.9427920702309462,94,95,51,4
2.5508178861928732,90,91,45,0
3.5623527631811398,96,97,43,5
5.8272959903853350,94,94,48,3
1.3152998617905867,94,94,45,2
0.9218602721242543,94,95,40,3
2.3956814561982998,92,93,45,5
2.0302565620074335,90,91,49,2
5.0522849884393342,94,95,46,3
0.9633300244649825,92,93,39,1
1.6146305387607733,96,97,39,7
6.1382579780061608,94,94,51,2
1.1982935201805820,96,96,46,2
1.3676824748676910,94,95,50,7
4.4198304328155498,94,94,48,3
1.3999675029524106,96,96,57,5
5.6982605151597729,94,94,46,1
1.8834763457134962,94,95,46,3
0.7143378246908262,92,93,51,5
0.4279590965698906,86,86,41,0
5.6849185046788016,94,95,41,4
4.1529201388521715,92,93,53,5
4.6083824346241400,92,93,53,7
6.1423728952390517,96,97,41,7
6.1349995486581630,94,95,51,0
5.6264747250007643,92,92,44,6
4.6696812804990309,92,93,46,0
3.7541404547548960,96,97,54,2
0.5509736555508719,90,91,52,3
3.8815719934284401,96,97,49,5
0.4110713835068644,94,95,45,0
2.2776538299483700,96,96,56,0
1.1590754891013322,94,95,46,1
4.0388901380667201,92,92,52,4
0.6050229195514260,92,93,56,4
1.8911380778581439,94,95,51,4
6.1040584652382597,94,94,47,6
3.5242804525017490,96,97,52,2
1.0163169984679050,96,96,52,6
4.2367092901597339,90,91,44,3
5.3938143659272066,94,95,49,6
3.6789237634149896,92,93,54,6
4.9017296232760410,92,93,42,6
5.9729632643730408,92,93,53,5
2.3807658528562956,92,93,48,4
0.9486172369531637,94,95,50,3
5.5639395402178957,94,94,56,1
0.7672854130768335,94,95,54,5
5.2397516243772717,94,95,48,7
0.9467304112121210,96,97,53,7
1.8557486633832494,94,94,44,1
4.3569428765231484,94,95,50,1
4.0408771942170159,92,92,49,3
4.1327606763204887,94,95,49,6
4.3848813842187768,88,88,46,2
0.9230511157265032,94,95,55,2
0.0175087357185519,92,92,52,6
3.7532166932040472,96,97,51,5
2.9151285556830762,92,93,39,5
0.6866829001124839,96,96,51,3
2.9953361630452267,96,97,46,4
2.5463686065687727,94,95,50,1
4.1249363049505687,94,95,42,5
4.9049488312681602,94,94,44,3
1.2396224147877313,94,94,45,0
2.6876994423555205,94,94,48,7
5.1378977375577524,94,95,40,7
4.0105343237872733,92,93,46,6
0.6556889748903516,94,94,41,6
4.0122501910853536,96,96,47,7
1.5089036912764848,96,96,47,7
3.3077777713826868,94,95,57,2
5.3919777768032686,92,92,55,1
5.3936638697378063,92,92,47,5
2.4431286874099607,96,97,49,3
2.8186326650427915,94,94,52,3
0.0227885929554004,96,97,40,0
1.6121603752162916,94,95,51,6
4.3499604054594005,92,93,43,5
5.4763755893193009,88,88,35,7
1.4115451959686052,94,94,48,3
3.6073283769526254,94,94,48,7
4.9436445423459814,96,97,53,1
0.7795363256343155,94,94,44,1
1.5067854223138442,92,93,53,5
3.2082629764188897,92,92,44,0
5.3620454484640820,94,95,56,1
5.6362766243572908,94,95,44,5
2.4717592578688605,96,97,56,2
2.7897967352382049,94,95,52,5
5.5811388417768066,94,95,54,5
5.6176196468039388,94,95,51,6
2.6449006051834436,94,95,53,2
1.3082402308035119,94,95,52,3
1.9758980257702696,96,97,45,5
3.4533800456663557,92,93,49,7
2.3609778884194177,94,94,50,1
4.6518552076066628,94,95,46,7
4.7534984352623972,92,93,49,7
1.9032876103738403,88,88,52,6
5.3424077038635573,94,95,43,0
3.1274306894259474,92,92,49,3
4.8968198039328428,96,97,47,7
2.2378240072308664,94,94,50,3
2.4073723593669505,92,93,40,6
4.5820619346928968,92,92,49,5
3.9721278411496721,94,95,51,0
5.6644973084870234,94,95,59,4
0.2700824088660819,94,95,44,3
5.8707904665872919,92,93,50,6
1.5805636650839179,94,95,50,1
3.0064546957773017,92,93,41,7
0.7471037135181713,94,95,47,6
2.0664739225351743,94,95,52,1
4.1435350188174702,90,91,48,3
3.1951189342127937,90,91,48,7
3.0699757500137532,92,93,51,1
3.0003155937881063,96,97,53,7
1.6040086555357247,88,89,47,3
5.2976501492859835,94,95,48,1
5.0854541648758049,92,93,51,3
3.3414027293428843,94,94,40,3
3.6126920516758316,96,96,45,3
5.7003864655561394,94,95,51,0
3.5292279471930477,96,97,47,5
2.8444775053629194,96,97,50,2
3.7185332505757471,82,83,43,2
2.2140912788047755,94,94,48,5
0.2436449343363384,94,94,43,2
1.7793525960833294,92,93,54,0
2.6862159611000003,92,93,48,2
4.5309452951933791,90,91,47,6
2.2282772414983603,94,95,50,7
4.1794294374106222,96,97,45,5
3.8836578800040935,94,95,52,3
0.0333415576489435,92,93,49,7
1.1811505575926324,96,97,49,1
5.5176226224639260,92,92,52,2
5.5459117962692899,92,93,46,4
2.1217278181343691,96,97,57,1
4.0364315600846501,94,94,55,0
4.1514286652503563,94,94,50,3
4.2673192686445356,88,88,44,2
5.9937558678034080,96,97,55,3
0.8348195518151433,94,94,44,1
1.5075502472981464,94,95,47,2
3.7930299912717484,100,101,52,4
5.9154972764583658,92,92,35,5
4.6690812756085593,92,93,49,7
0.6052761596144942,96,97,54,4
3.3733766191344099,94,95,51,0
3.5047738764730831,96,97,49,3
2.7418356096251153,96,97,49,5
1.0976991532821248,96,97,44,0
1.2915879392862273,98,98,50,7
3.8856572259801636,98,99,48,3
3.8954827718199176,94,94,48,7
3.8226204235064039,92,92,49,3
0.4432583839790758,94,94,53,4
1.4555902989875096,92,93,46,2
2.4561016828043507,94,95,51,2
5.3679066147491614,94,94,55,4
5.3663524166820444,96,97,53,3
1.6064414975116323,94,94,50,3
0.7358157215021676,92,92,42,2
4.5261134866000603,92,92,58,0
0.7292514236491291,90,91,44,3
1.1530875850458076,90,90,39,0
4.7655038838866188,96,97,49,5
0.4130011817563025,92,93,56,4
5.8269071945793023,90,90,49,0
5.3754034236825703,94,95,50,3
5.2580486150844887,94,95,51,2
5.8656304552874934,94,94,45,4
2.2185238036464145,96,97,51,3
2.4364336746051181,90,90,46,1
3.4162073315359969,94,95,38,1
2.2423530056747718,96,97,48,4
1.7703062057380843,94,94,37,2
5.9839121174326886,96,97,34,2
3.6872512215159414,94,94,57,4
5.2009857936462387,92,92,46,0
4.8591002133424253,90,91,43,6
5.9540304044607471,94,94,46,1
4.7854678588675865,94,95,45,6
0.8715906971871138,92,93,48,4
5.0672739143577941,90,90,59,0
2.2483266537916595,92,93,43,1
2.2569632737163774,94,95,55,0
0.6715978988703740,94,95,47,4
0.2236730542109039,92,93,47,5
0.0000312317017726,94,95,51,2
3.7364771679628657,90,91,47,2
3.9589516505386388,94,95,49,6
4.8367724134119960,94,95,56,3
5.0382659395066209,96,96,53,3
5.2591875825747216,94,95,51,0
5.5955235259601350,96,97,51,3
2.6467535200075529,94,95,49,4
3.8677779605054048,96,97,60,0
2.2201775202420926,96,97,48,6
0.9018086848206838,94,95,53,2
3.7334046715617846,96,97,54,4
5.2513761606463580,90,90,44,3
0.0314669595411427,94,94,53,2
4.6795699478560779,90,91,50,1
2.1025285351844945,92,93,52,2
1.5887331277876617,94,95,56,1
2.8086806494718877,94,94,45,2
0.2670921869784939,92,93,48,4
2.4344477324330898,92,93,38,6
2.2880552543813319,94,95,44,7
3.1011619284629970,94,95,45,2
0.6957013812686389,94,95,51,0
5.8982527247594607,94,95,43,6
1.9432015893710211,94,95,57,2
0.5864142515008310,94,95,45,2
1.8582141903230780,92,93,44,0
5.5261709000301140,94,95,48,1
0.0068677516558836,96,97,42,6
4.4259868500718422,92,93,48,0
4.4300235198668423,92,92,39,3
2.1627100147885456,94,95,51,4
3.6056511343839071,94,94,48,1
5.9185991820066022,94,95,49,2
2.3721822609962375,92,93,55,7
5.2888035869133789,94,95,54,3
5.3882554965641560,94,95,36,1
3.8231703087441864,90,90,47,2
0.8485739946891850,94,95,50,5
5.4144711313850289,94,95,49,4
1.0973298134327678,92,92,42,4
1.0257266483297369,92,92,37,7
1.5082608680321776,94,95,46,5
2.5377701836795801,94,95,49,0
4.8219947192127144,96,97,42,4
6.1183636197130706,84,85,40,4
1.7002881874013265,94,95,51,4
1.2482163215068012,92,93,49,1
4.4993424345686499,94,95,41,2
0.0632156569305327,92,93,33,7
1.4209013071035037,94,94,43,2
5.0893835268335854,94,95,47,2
2.0542749129315587,94,95,51,4
5.8485050532790561,92,93,42,6
3.0647320732544343,92,92,46,0
0.5616556029765746,96,97,43,1
1.3289613311300854,92,93,51,7
4.5011445707213440,92,92,50,6
3.6565930303731138,94,94,46,1
3.1779465787522190,94,94,45,2
5.9979726225979553,92,92,43,1
5.3382064489257859,94,95,38,1
1.4443511125202013,92,93,48,4
6.0742646196044427,94,95,45,4
5.1524625091750273,90,90,42,3
1.2328474189036625,92,93,49,1
2.5471907680427019,92,93,47,7
2.4549847448361923,94,94,54,5
6.1504399391885283,90,90,53,2
0.7599340499865924,92,92,47,1
4.9988200478515674,92,93,58,2
3.4954616125780249,94,95,45,2
5.9580740083675892,96,96,58,4
2.8483826607793952,92,93,55,5
0.7474030910598224,94,95,47,2
0.4111246324681354,90,91,47,6
2.2410749983293661,96,97,46,2
4.1324113372161291,94,95,59,4
0.6026681285823123,94,95,57,0
0.4487305862432552,94,94,46,3
3.7468882271343849,96,96,45,5
2.6358921983895303,90,91,42,7
0.2165766129712026,92,92,53,3
5.9065222948938363,94,95,44,5
5.7935580326492362,96,96,49,3
4.1147285153941580,92,93,50,6
1.0488786768104037,92,92,57,5
2.0051792305033516,94,95,48,7
6.1975894580226436,92,93,50,2
4.9575806439062946,94,95,47,4
2.7565163211944910,92,92,53,1
6.0958124949667827,90,91,62,3
4.9922932391160186,94,94,56,7
4.7503459592971797,94,95,47,4
0.5352025940446974,92,92,50,2
5.2781910040851185,92,93,46,0
1.3817820072228608,92,93,44,4
0.8062142740764923,94,94,54,5
0.4492973199591279,94,95,50,7
1.3722551581259090,92,92,44,6
4.8143422423902997,94,95,52,7
0.3305480117986668,92,92,42,2
5.8894093707078996,96,96,50,0
0.6876870645492086,92,92,42,2
1.3210783797419905,94,94,51,4
4.6394144272796440,92,93,43,3
5.8959235094453293,92,92,51,1
6.2645402072879932,94,94,51,0
1.1910004151662990,90,91,44,7
2.8861992196858699,92,92,49,7
4.4793525629053086,94,94,49,0
2.0142545511590990,94,94,41,0
5.2061105702241584,94,95,54,3
2.9504967217120148,94,94,46,5
5.5982610321639967,94,94,41,6
0.2768794659514772,94,95,41,4
2.7597285261156692,94,94,43,6
5.9903157118395978,94,95,53,0
0.9340458563804700,92,93,43,7
5.3538090379070482,96,97,49,3
1.6050173624655484,96,97,54,6
0.7523276389509590,94,94,46,7
3.2344438292008504,94,94,53,0
1.2069273211947118,94,95,58,3
1.1510288277487559,96,97,54,6
5.9175320328998939,94,95,49,4
4.3324542133149180,96,97,51,5
4.6088141707701915,94,94,49,2
4.9270022717728681,92,93,58,4
5.0215781197037401,90,91,45,4
2.1248502243964453,94,94,43,0
0.5787043966421367,100,101,57,7
3.0310771790686184,94,94,41,6
0.9900306553071355,82,83,46,1
2.3084445081172658,94,95,53,4
0.9842341487701585,92,93,51,3
0.4575420599507314,96,96,49,7
1.3397777592452089,94,95,52,3
1.3702289570463895,94,94,46,1
4.8924624815616884,92,93,46,4
4.3077891597651634,92,93,41,3
5.0601707606792017,94,95,51,2
4.5351969551040163,94,94,51,0
5.8816268484085255,94,94,45,6
3.5589444391346383,94,94,56,7
0.2475356514657618,94,95,48,3
5.0976259908985462,96,97,51,3
4.1901536588383852,94,95,46,7
4.6929374651641735,94,94,48,1
0.8912227988045693,94,95,43,0
2.1760198246641171,94,94,41,4
0.3995261070534631,92,92,49,1
5.6839566010580249,94,95,51,4
2.5732317795471844,94,95,45,4
1.8130454955535837,92,93,48,0
0.3173928680157744,94,95,55,2
0.4413358784047845,92,92,44,2
1.0167238576182471,96,96,53,7
3.0499011120628738,94,94,55,0
5.5701767562229634,94,95,54,1
1.8875015323962927,94,95,39,4
2.9308588884009432,94,94,47,4
5.5615936750209229,92,92,57,5
5.4778181407703244,96,97,46,6
3.6822018180160905,94,95,50,7
3.1507849004316153,92,92,44,6
0.5426048324426433,88,88,45,1
0.5105242751555844,90,91,57,6
5.1579714676826978,92,93,52,6
5.1868681107513934,94,94,48,5
4.8106120888368018,94,94,58,7
2.3388568479721514,94,95,48,5
1.5947738259685362,90,91,39,2
5.5297018848433002,92,93,39,3
0.0729303119130258,92,93,43,1
5.7064195249294443,94,95,44,5
4.4428581031005345,94,95,52,7
0.5943639968170688,94,95,58,7
4.6219424661469199,96,97,56,2
5.3294235367695357,90,90,50,5
5.6835287774577967,94,95,47,0
2.6230936051956268,96,97,53,7
5.4397420942175190,92,92,47,7
2.4468717544048304,94,95,40,7
3.6782022348642234,96,96,53,7
5.7117886771302526,94,94,42,7
1.8701582790393809,94,94,40,1
1.0088708597060321,92,93,46,4
4.0850416717434461,96,96,48,0
2.9657889913207791,94,94,46,5
0.6213071462502046,94,94,52,5
2.9271245059491076,94,94,51,6
3.1273389000846921,96,97,43,1
4.0202065208889302,94,94,51,0
3.5060866434462099,92,92,44,4
1.5416459471435071,92,92,43,3
3.1741220240109800,92,92,45,3
2.7833729760957131,94,95,42,1
5.6305696691180342,94,95,51,6
5.2522503803483565,90,91,53,0
4.7946382799719975,94,95,39,4
1.5914519845088415,94,95,48,5
0.8964237851845117,94,94,46,7
6.1131291236027865,86,86,43,6
2.6282404901993672,94,95,52,5
5.5525802116584222,96,97,51,1
1.9180351355618994,94,95,46,7
0.6702372468820894,94,94,46,5
2.8500523333667256,94,95,50,7
1.8861860111394222,94,94,44,5
3.0245607218507833,94,95,48,5
6.2371286681051821,96,96,44,2
4.7329865442907764,92,93,54,0
3.1016345940213248,92,93,43,3
0.4680273428636282,96,97,54,6
2.1665816834948481,92,93,50,4
2.6650671837526683,94,94,40,7
3.9549028985992214,92,93,47,3
3.3360486130934324,92,92,50,6
3.2115505077277513,92,93,47,1
3.8761903982717167,94,95,50,1
0.6099163484023110,96,97,55,7
5.3097464657129061,94,95,51,6
4.7057618032996631,96,97,57,7
4.3701586428662695,94,94,47,0
4.8418940084305664,94,94,45,2
2.7581373208793134,92,93,46,4
2.2556203745560293,94,95,50,7
4.0523773737255722,94,95,41,0
5.4538231332075107,90,91,45,0
0.7861204473214201,96,97,53,3
3.3949169133973514,94,94,47,6
4.4037961808171300,90,91,54,7
2.0646226371469121,92,93,44,0
6.1203564859540434,90,90,44,1
5.4816701842579949,94,95,49,6
2.5332007110673413,94,95,46,3
3.5286662912037365,94,95,47,6
3.9505465291085899,92,93,53,7
3.5628626348433010,92,93,50,4
0.1333578904108378,94,95,52,3
3.2916998815008149,96,97,52,2
4.5670878692592742,94,95,53,2
1.1247636203463582,94,94,54,1
5.8030587085312400,94,95,48,1
4.6762413615121616,96,97,47,5
1.5898437109017565,94,95,48,7
1.8979663076819016,92,92,42,0
3.9167455343610498,94,95,52,1
4.3437910535750062,94,95,42,7
3.1590696051765375,94,95,46,7
2.8988878332031143,96,97,46,2
2.3746130827882510,94,94,51,2
5.0400220651091674,94,95,44,5
3.2900388573260071,94,94,54,5
6.0749789399159573,90,91,48,3
4.0633429361193159,96,96,54,4
5.3478579525324594,92,93,53,7
0.6100466742147143,94,95,60,3
3.0454053513740647,96,97,56,4
4.8323612154637923,94,95,54,3
5.4970118762812161,96,97,51,1
3.8717425717532956,92,93,43,7
1.5438714984732917,94,95,52,1
2.4049386549087490,90,91,43,2
5.6803824599006685,94,95,51,0
2.6196895976520973,94,94,59,2
2.8115157460822928,94,95,54,7
3.5095940851366070,96,97,52,6
1.0200009004130219,90,91,50,1
3.8978491983302552,94,94,49,0
2.5982893508762563,92,92,48,4
5.2314481395351784,94,95,44,1
5.3151762674942216,94,95,51,2
0.2402955366425394,92,93,48,4
5.3735798143146303,88,89,51,3
3.6898848407528289,86,87,36,1
3.3408797284409975,94,95,49,2
4.8308855148222545,92,93,56,2
5.2347407613377053,92,93,47,1
4.9239931580509761,92,93,56,2
5.6978491815376531,92,93,51,5
2.7975632957874899,90,90,50,3
5.8896825152105832,94,95,50,7
5.0111135703313154,94,95,48,1
4.5762842559062626,92,93,46,4
2.9821458635428919,94,94,40,3
4.8202922300339459,92,93,44,4
5.2219474741403182,94,94,44,5
4.3982542050154478,94,95,42,1
1.6943304494446161,94,95,52,7
3.4901510176730466,96,97,49,3
3.8143857687712526,94,94,49,6
0.4206323888719303,94,94,51,0
1.3538377544068128,94,94,45,4
2.2115116283075644,96,96,51,5
2.8826745934210343,94,95,43,4
4.2385513162965536,94,95,55,2
2.9121410680047219,94,95,51,0
4.7020283898886284,96,96,48,2
4.3823840757874430,96,96,53,1
3.8721735814129086,90,91,45,6
4.7548353615776096,94,95,42,1
1.0479638874913029,92,93,40,2
0.6664370676238836,94,94,53,0
0.8470000295624256,94,95,41,6
1.5132761849306320,96,96,46,0
6.2087445452809584,94,95,43,4
5.6646891347661565,92,93,54,2
1.8638868078448301,94,95,48,5
4.1380060341090124,94,95,50,5
1.8164092910378178,94,94,44,7
5.7809761729144880,94,95,54,1
0.0153579937695805,94,95,51,6
4.2290818504502106,94,95,44,3
2.6918997365537920,92,93,47,7
2.2683050813548591,92,93,43,7
2.2006624248750870,94,95,43,0
5.6259477903675110,94,94,47,4
3.6065712427310803,94,95,44,7
3.1975226582161098,94,94,53,0
3.8599555412838735,96,97,46,4
6.1274377182625406,94,95,46,3
2.8968677489004042,94,95,50,3
0.3657868916219332,96,96,47,1
4.7839468490586308,96,97,54,2
2.5293852243913597,94,94,43,4
3.6759635685945886,92,93,47,7
3.4179654302984872,96,96,52,6
0.7207972120716638,92,93,46,4
0.0068327417413748,94,95,47,4
2.2788443277240122,92,93,47,5
4.4974235605019848,90,90,43,6
2.4696361543830458,94,95,47,6
3.2330350498344447,96,96,54,2
5.4847886319717780,94,95,41,2
2.4117982500187320,94,94,48,3
0.8109836870335652,96,96,44,4
5.0441504854067523,96,97,57,5
2.4838049954185890,94,95,43,2
1.4650075645007903,94,95,50,7
2.9588067260866588,94,94,52,7
2.1716140114456564,96,97,46,6
0.7819913227382930,96,97,56,4
5.9943221995507860,94,95,57,2
0.6031517000608529,94,95,55,6
5.7688106785360329,90,91,41,6
4.4113465238290752,94,95,52,3
3.5140030614692077,92,93,52,6
0.1969594277865768,96,96,48,0
2.0294508607630073,94,95,54,1
4.6625439981032493,92,93,45,7
3.6606825950866115,94,95,51,0
5.4394813057098839,96,96,54,0
2.2354234847700871,90,91,47,4
1.5469771526476650,94,95,49,0
3.5176750320038983,92,93,44,4
2.1099033590010223,90,90,46,5
5.7567129150433125,92,93,47,3
2.5774593726584283,94,95,49,4
5.3591854447903780,96,97,50,6
1.0230732121371393,94,95,47,4
4.1029463867896041,92,93,53,1
2.9068786897565841,92,92,50,4
2.4360146725850238,90,90,49,4
4.4429356654596903,94,95,44,1
5.5745657999596148,94,94,45,2
3.0740691313741566,94,95,49,0
4.4660960706207433,92,92,48,0
1.0720217445871154,96,96,38,4
4.6282208524772699,94,95,39,6
4.2393266172469390,96,97,58,6
1.9734550581755810,90,91,48,1
0.5867187916543875,96,97,48,0
4.5432683203768569,90,91,47,0
2.1016917175309571,94,95,55,4
2.5608457167200833,96,97,46,4
0.2358004986217268,94,95,42,5
1.4063111268747874,92,92,48,4
1.4644155572478039,92,93,52,0
2.7368076704518569,94,94,48,7
1.2434234019291786,96,97,48,4
2.7480873263120476,96,96,46,0
2.4495506094098864,96,97,57,3
0.9785689043153311,94,95,45,2
0.3441732614327319,92,93,52,6
2.7105622883588771,94,94,48,3
4.6609896616803104,92,93,43,3
3.9239941345675042,90,90,53,4
0.4021541280544430,94,95,46,5
3.6196925538415687,94,94,50,7
3.0796364430917516,90,90,43,2
6.0042498586829405,92,92,46,4
6.1903930771751101,94,94,52,1
1.3689509011399372,94,95,48,1
2.1400635029273465,94,95,55,0
3.4164357453898520,94,94,50,7
3.7361262157739970,94,94,45,0
1.1299046228537815,96,97,57,7
1.5393057522349987,94,95,32,1
2.2161198745383373,94,95,41,0
1.8742581098304123,92,92,53,3
1.2274956323156623,92,92,54,4
5.4890722088434600,96,96,47,5
3.2535841010881001,92,93,49,5
1.4972614681569878,94,94,49,0
6.0653051899654509,92,93,61,5
0.6448253449986090,94,94,53,0
0.5632516245014849,90,90,58,5
6.0467687964481769,94,95,44,1
2.5438825406062571,92,92,48,0
0.8992855470740335,94,95,52,3
6.1757312974927112,96,96,45,7
0.2529133172853039,92,93,44,0
1.3685848210681246,94,94,47,0
2.4831065728047443,94,95,47,4
3.8874550363203131,94,95,42,5
0.9843345427072758,94,95,55,4
3.2459437462303917,94,95,42,5
2.7099274273658276,94,95,49,6
3.0815221752625175,94,95,56,1
2.1661765241883595,94,95,43,4
2.5942141226431352,100,101,55,7
4.1583068177615399,94,95,50,5
1.3466349254205889,96,97,49,5
3.0258469832359651,94,95,57,2
0.9643230839701600,90,90,43,6
3.5271887376600466,94,95,50,1
0.2175033706438467,90,91,45,0
5.3134813534137617,94,95,60,7
2.4596714465753782,96,97,55,3
0.0862959310413996,94,94,54,5
5.8520598828684767,94,95,51,4
3.1666702478652300,92,93,46,2
0.1334455594678675,92,92,43,3
0.6257119983754422,92,92,46,6
6.1046819211487087,94,94,49,4
5.1623432104572577,92,93,51,5
1.1883858060991688,94,94,47,6
3.3055063172095562,96,97,53,3
0.4514569386487580,92,93,58,6
5.1939013249998363,94,95,51,2
1.2478568387299716,94,94,50,1
4.7604304614199204,94,94,46,5
3.9911057597644586,94,95,37,0
1.7449332568354157,94,95,47,6
0.9575219696648541,92,93,42,4
0.7433367977085140,92,92,47,7
4.9326641798727708,88,88,42,6
5.0856675479928652,92,93,47,7
1.6904142564702791,96,97,48,0
4.2496668928688281,94,95,48,7
5.3409915939874173,94,95,50,3
1.4728427126179076,100,101,55,3
4.4745433186066315,94,94,48,1
0.8668171995566097,90,91,49,4
4.4234433501436268,94,95,48,5
2.0733402121576217,92,93,51,1
5.3810947299140111,90,91,45,0
0.8837133043572031,96,97,49,5
1.5150638570030561,92,93,47,7
0.0240377512184803,94,95,45,2
3.4579170191454902,92,92,52,0
5.9609686245446101,94,95,48,1
6.2295542963214752,94,95,45,6
0.8514159029786450,94,95,44,5
2.2065685872076934,96,97,55,3
4.9459644883373395,96,96,49,3
1.3882704716364933,92,93,47,5
1.0277536364444824,94,95,55,4
5.0071136203857440,94,95,62,5
4.8888786622688940,92,93,39,7
3.0893753041159164,92,93,45,3
4.2788148035132956,94,94,49,4
5.3156641461821907,94,94,36,7
1.2328449668673729,96,96,46,0
3.3293332884684101,96,97,48,0
1.2500035059772616,94,95,40,3
0.9507942483215209,94,95,56,7
6.1880201086628439,94,94,50,7
5.1546988041950872,94,95,49,4
1.6535642242275082,90,91,47,4
5.7350037458217304,96,97,47,7
5.2279180341149907,96,96,51,1
2.4975405369195558,94,95,40,7
3.5375078279188781,92,93,45,3
5.9515296207331918,96,96,53,1
1.3498838400698974,94,95,47,4
3.7468614550533195,92,93,43,1
3.0957224671629251,94,94,48,5
0.0667457598406501,94,95,56,7
2.2973876147754879,94,94,42,1
4.9139096981900421,94,95,48,1
1.9469853724339374,94,94,60,7
4.4822030239169548,94,94,54,5
6.0900313611194807,92,92,43,3
1.9418092179416047,94,95,49,6
6.1664968166866796,94,94,50,3
3.6494142793434459,92,93,52,0
2.1540473300845462,94,94,52,5
4.1129550612019532,94,95,54,5
3.0330282274597997,94,95,48,7
3.8430799340576858,90,91,40,7
6.0306193385193838,92,92,56,0
5.4133349302901523,96,96,41,3
6.1544794872508799,94,95,40,7
0.5978381195146170,96,97,41,7
1.3402019959282969,90,90,45,0
3.1335949832223453,94,95,51,4
6.1228777320962209,96,97,48,6
1.9140773927142283,92,93,53,3
2.0370989015856189,94,94,41,2
0.5374815701643904,92,93,50,4
5.1460220092104967,94,94,49,4
5.6266700040190853,96,96,62,6
0.3650215883920427,96,97,46,4
5.4347641176560444,94,95,44,5
1.8892916764195156,94,94,41,0
1.3525885521652548,96,97,56,2
4.2249442539428861,94,94,40,1
6.2008809808327490,94,94,56,3
4.9386476754610227,94,95,53,0
1.3357997355960443,94,95,48,1
1.6998421082622894,96,96,48,2
6.0881986050203176,94,95,45,2
5.1535623882830599,98,99,60,5
2.2261920638787451,94,94,48,3
3.4098314151424058,96,96,57,7
2.2237506057508969,92,92,43,3
2.6754985947383849,94,94,53,4
6.2388445499557408,96,96,54,4
1.8442086153945683,92,92,42,0
0.8826452311470961,94,95,44,3
2.6489246552050663,94,95,46,7
1.1882224392686596,94,94,46,5
1.1435112682910551,96,96,54,0
2.4571548858267125,94,95,53,0
4.3191985872391943,90,91,55,0
3.0880261127652706,96,97,51,7
3.0438642710674819,90,91,61,4
3.7207099925695628,94,94,42,3
5.6032069259030637,94,95,56,3
4.2671928082500781,94,95,56,7
1.5743308828336631,98,98,44,7
1.8160791701235039,92,93,49,7
5.2721624911976752,94,94,53,6
1.9107306249004055,88,89,42,4
4.8664793845160439,90,91,47,4
1.9227815685521383,96,97,40,2
1.0784329429175481,94,94,40,7
3.6554782913082247,94,95,52,7
4.9517477890008141,94,95,48,5
4.1946535333957167,94,95,39,2
0.7972022055676932,96,97,46,4
0.5911570819716676,94,95,49,6
0.7573600964229441,94,95,42,1
1.5963228936134404,92,93,53,1
0.5523527753752777,94,95,45,2
4.4471785908383854,94,95,49,4
2.9319688608056995,96,97,56,4
3.7273008755075927,94,95,49,2
1.8585185466584846,96,96,34,6
3.3807433920153795,92,92,50,0
0.1796940103995423,96,96,46,4
0.8816183813377875,94,95,48,7
5.6422774388671648,94,95,44,5
3.8741262698090591,94,95,44,7
2.0567192188193615,92,93,50,0
4.6319075927262894,94,95,47,2
3.2333510479539158,94,94,55,2
2.5678657598486820,96,97,51,3
2.0651793906138689,92,93,37,1
2.1044475498413688,94,94,45,2
2.2535021717718311,94,94,47,4
5.0590034539436664,94,95,42,7
1.6685854785091951,94,95,50,5
4.4825969913568002,94,94,44,1
0.7803204141993015,92,92,52,0
1.3684513719861695,96,97,55,1
4.9299623405289186,94,95,49,0
5.2872088517424665,88,89,46,4
5.8280803498497544,94,95,49,2
5.3595518808310407,90,90,44,1
2.5049063744259890,94,94,43,2
2.9024010215069262,94,94,51,0
4.5461640357543862,96,97,55,3
4.2525317859628586,94,94,44,3
2.2233140712247068,94,94,46,7
5.7181014330170452,92,93,54,0
1.4954170379703666,92,93,51,7
1.7096872096358560,94,95,49,2
6.1571181941547817,94,95,48,7
4.4570481007811722,92,93,42,4
4.6735628063385137,94,95,49,0
0.5817666624054425,96,97,55,7
6.2622483257088133,94,95,53,2
6.0587512896796190,92,92,52,2
2.2925382059378965,94,94,40,3
0.9165342819336374,94,95,47,0
4.4165201269968204,92,93,49,7
0.7561020611077821,94,95,46,5
5.6028660388279121,92,93,52,6
3.3453817595210733,92,93,52,2
3.6770737879151607,94,95,48,5
3.6279937520127552,94,95,53,0
5.2272315983997188,94,94,50,1
0.2381894648045929,94,95,47,4
6.0509291600424850,94,95,47,6
0.6883293014464527,90,90,44,5
3.3231791897202734,92,93,56,0
1.5005624068380690,94,94,55,6
3.8680004857253012,94,95,44,7
2.5616172581575825,96,97,56,4
2.1199640667221975,94,95,48,7
1.4084040487102492,90,91,49,0
4.7870110742042193,92,93,45,1
1.9153081066430833,94,94,47,0
3.7578734193577006,94,95,43,4
4.4329743287842192,96,97,47,7
0.1445942891344590,94,94,52,5
2.4698010704642002,96,97,57,3
3.5681186551459878,94,95,46,3
1.4286941780271538,92,93,52,6
4.3979263981998118,90,91,56,7
0.6930646932484879,92,93,50,0
6.2520388784787038,86,86,38,1
0.2075866531420346,96,96,51,3
2.9176323507910391,92,93,54,6
3.4137003606946523,94,95,49,6
5.5089382291518696,94,95,49,2
0.5029922617561557,92,92,44,0
2.9701427491304817,88,89,56,6
0.8146496567001925,94,95,56,1
1.9320658572334126,94,95,53,0
6.0996060607034117,96,97,56,6
4.3500649174459909,96,97,49,1
1.5793770655958947,94,94,43,2
5.1687164337299070,92,93,53,7
5.1646578728813788,94,95,51,6
2.1418650596508120,96,96,53,1
3.8065464257293704,92,92,46,6
2.0365529800434454,92,93,47,3
4.6524772099440641,92,93,52,6
6.1097921627743403,92,92,52,2
3.2943338275511840,92,92,44,4
0.3834671409148730,88,89,40,4
1.0217088293594163,94,94,46,1
1.6886773024996353,92,93,44,6
4.3992589601820775,94,95,55,4
0.2411098212735202,92,93,55,3
5.1898196334692210,92,93,43,1
4.1001840452894243,94,95,43,6
1.4885926106251155,94,95,51,0
3.5844458097153549,92,92,49,3
2.6076069275110982,92,93,55,7
2.0269532456897292,94,95,43,2
4.0173312094390337,94,95,49,2
1.7197923243123470,90,90,43,4
5.7728503964411733,92,93,46,0
1.3111804436372756,94,95,47,6
2.0811787322735946,94,95,46,7
5.2490847569076644,92,92,47,3
0.3932496376770886,92,93,45,3
4.5105015577456262,92,93,43,7
0.3505858252862027,96,97,50,6
3.4505960651583973,94,94,48,1
1.1887500916097220,96,96,38,6
5.4672530141618916,92,93,50,2
1.7093834938645351,96,96,52,4
4.6936425649653852,96,97,45,5
0.1956835587850056,92,93,53,7
2.6962219171056732,94,95,56,3
2.7857184448444183,94,95,50,5
5.7998717876936547,92,93,46,0
4.0353856562598622,96,97,41,5
1.4820030538400184,94,94,56,7
2.6418544435706699,94,94,45,4
3.3559753160464441,96,96,45,1
3.6677020861702680,96,97,58,4
5.6812102126789989,94,94,43,0
3.0296125891064056,94,95,50,3
5.9131314546784415,90,90,53,4
2.9530602346366805,90,90,45,0
6.2585078351753243,92,93,43,7
1.0047864493485710,94,94,61,2
3.7137856657384765,96,97,55,3
0.8951294832628274,94,95,56,5
0.0204094776897318,94,94,48,7
5.4049962287211049,94,94,50,5
4.7557195438383966,96,97,47,1
2.1322675875822945,96,97,53,5
3.1014855373817052,96,97,52,4
1.6675254362001115,98,99,45,6
3.7083350060069966,94,95,47,4
2.1814661049105020,94,95,53,4
3.9474140430250455,94,95,46,7
1.9475262535132281,94,95,52,3
2.4716780558618581,94,94,41,2
4.8123356332196607,94,95,43,4
3.8559525811119788,94,95,39,2
0.6024851761628465,96,97,42,4
1.9329507553254275,94,95,45,6
2.4005569437335721,94,95,42,7
3.5644313011846407,96,97,52,6
0.9260306502964124,92,93,47,1
1.3586639201181272,92,92,47,3
2.2709120920882486,96,97,51,3
5.1540134274305878,96,96,46,2
1.7684808236201839,96,97,50,6
1.5128656546873060,94,94,51,0
2.6402698804995266,90,91,48,3
5.7462291092541626,92,93,43,3
0.3681058691391927,92,92,44,0
5.0894882249705180,88,89,46,4
1.2303608201403371,96,96,54,0
2.8832558449434127,94,95,58,7
0.8324136500354382,88,88,45,7
2.6705065292950612,94,95,50,1
3.6449452382155547,92,92,55,3
3.6217879990850870,92,93,52,6
5.8427982252558639,94,94,51,6
2.4571689427402945,96,97,56,6
3.1457686266077620,94,95,40,7
5.6374023419812387,94,95,43,4
4.6896250228253216,92,92,48,4
6.0369940770222481,94,95,50,3
5.8364269366012813,94,95,55,4
5.6609783919649761,96,97,52,0
1.7240179019601116,92,93,49,3
6.2216662099832849,96,96,50,2
2.3543439528919503,94,95,48,7
2.4339224968614710,96,96,49,3
6.0804725715048251,94,95,46,5
5.6343478464348848,90,91,43,6
2.4966098305661935,96,97,53,3
4.4023547333467041,94,95,41,2
0.4220526483067120,94,95,42,3
0.0286250558011300,88,89,41,1
2.7680924255594346,94,94,42,1
2.7315442428086327,94,95,46,7
1.1340611287541844,94,94,40,5
5.2314807114096586,94,94,54,5
5.4439255670447020,96,97,54,0
2.3890660907698988,94,94,54,5
5.0890402138569089,94,94,47,2
5.4923015974931060,94,94,38,3
1.0009847128760296,92,93,47,3
2.3044444699415845,92,93,42,0
2.7987235318630357,92,93,53,3
4.7363095414216012,92,93,58,6
4.1671120853643817,94,95,44,5
1.4872189971750771,96,96,48,4
2.0488987555535041,92,93,50,4
2.1178692518526683,96,97,53,3
6.0100306071734382,94,94,48,7
2.6114607153799900,92,92,52,2
5.6109454121825504,96,96,44,2
1.6801344989122244,94,94,51,6
3.4051959068275259,94,95,53,2
0.8619152925968883,96,96,44,4
3.0149705133130213,92,93,52,4
4.2875369926121980,94,95,56,7
1.6659655720019824,92,93,55,3
4.0889981496447945,94,95,59,4
0.7461324646735588,92,92,50,4
2.5181723512112839,94,95,53,0
4.8931528918466372,96,97,57,1
3.2467246957262845,94,95,41,2
3.8558837183715364,92,93,50,4
2.2342339603911170,90,90,44,3
4.6173098818282625,92,93,54,0
1.6707706709562269,92,93,41,1
2.9364213445680245,96,96,49,7
0.5113757333589717,94,95,40,3
1.7859200803790800,92,92,56,6
1.4431203158965122,94,94,48,7
5.1055993184888999,94,94,48,7
4.3758709280625485,94,95,38,5
0.5562381593066007,94,95,43,0
4.0950716109563361,92,93,60,4
5.6542614343051838,94,95,44,3
0.8774432363010902,94,94,53,4
4.2040039000242340,96,96,58,0
6.1253939116613392,92,93,55,5
4.8719008258178045,94,95,43,0
4.3802560096566046,92,92,44,0
1.6737262975547689,94,95,47,2
6.0721103975488386,92,93,49,3
2.6726802153422238,92,93,61,3
2.9785396326944489,94,95,51,4
4.2830983177028692,94,95,52,5
0.4150643209504284,94,95,47,2
0.2464267582383521,96,97,50,2
1.8267898914697300,92,92,46,6
3.4470227179062638,96,97,50,4
3.3708632069381124,90,91,44,7
3.7154949764894871,92,92,51,5
5.9282021761993091,96,97,55,3
3.5607358194980177,94,95,47,4
1.5422199768204901,94,95,53,4
1.6951466289259933,92,93,42,6
1.6267514352927970,96,97,40,2
4.4065796516035167,92,93,51,5
0.1138180566215632,94,95,53,4
0.5638575150348840,92,92,43,5
0.4919478405558800,92,92,51,7
5.9290245767549834,92,92,57,1
1.4753558774025577,92,93,56,4
2.9768987557173552,92,93,41,3
0.3733302869034715,96,97,43,5
0.6531867831474790,96,97,57,7
3.0627365095091590,94,94,39,2
3.0150070558674953,94,94,53,0
5.9098821502464798,94,95,51,0
1.9509569378332243,94,95,54,5
1.1119557860504397,94,94,45,0
3.8282340777564685,96,97,45,1
2.9782321613506841,90,90,38,3
5.7032575570162605,94,94,52,7
5.8673299357186810,94,95,42,7
5.5504252570293602,92,93,47,7
2.9595489377053230,94,95,50,5
5.2091512392451680,92,93,47,1
1.8842903044395882,96,96,60,6
2.2482079860715127,96,97,37,5
1.1071080759156371,94,94,37,0
4.8484778305483873,92,93,45,3
0.3310529409286822,94,95,48,5
5.1705756278405115,92,93,45,1
3.6651396839557311,96,97,41,5
5.0885743219745976,88,89,52,6
2.3474825077004988,94,94,50,7
5.5069784552031402,90,91,42,1
5.8285017527180907,94,95,51,0
0.0098422795790854,94,95,48,7
4.1367761561305336,94,95,43,2
3.8774964636373670,92,93,45,5
3.9663584364760158,96,96,51,7
3.6861408982528254,94,94,42,7
5.0052186660810127,90,91,43,6
0.9702934214746572,100,101,53,5
3.5766381071182489,92,92,48,2
3.5783933860468777,92,93,39,5
3.1747152204888063,96,97,48,0
5.9402277730191315,90,91,48,7
0.8383088248957608,94,95,46,1
5.0679809426752698,90,90,50,1
5.0182160948609642,96,97,56,0
5.7875008111462449,94,95,49,6
5.1269057352845593,92,92,42,0
3.6138094316944107,88,89,42,2
0.8796507903528000,92,92,43,5
2.9232953592794684,94,94,46,7
0.2238762352208582,94,95,48,7
4.4580117394435925,90,90,36,7
4.6739016459802434,94,95,46,1
4.6465317973378433,94,95,45,4
0.9694964022399080,94,94,44,3
0.7476697859063177,94,95,44,5
1.5192990535719033,90,91,42,1
5.5878749786338311,94,95,52,7
3.1215875211031237,94,95,53,4
0.3181473571717723,92,92,53,1
5.6683352077820270,94,95,49,2
1.2351003881785594,96,96,53,7
1.7251371478072686,92,92,47,5
3.3776478442992532,96,96,55,3
4.5482547625151559,92,93,54,6
2.8384930206402941,92,92,55,7
2.1922664874528439,94,95,45,6
1.6193980671090009,88,89,55,5
5.9785297560497757,90,91,49,0
1.5625434383939767,94,95,49,4
4.0349880941655503,88,88,43,7
2.1521560550504479,96,97,56,2
3.1275799779250573,94,94,45,0
3.6304463153773949,92,93,50,0
5.8174354967332098,94,95,51,4
5.9956100905938561,94,95,44,5
4.8436771209350882,94,94,46,7
2.4576409022844961,94,95,53,6
2.2401002483783881,96,97,55,5
5.5725537375003196,92,92,46,4
0.1393972426415033,92,93,49,5
5.0434066741191641,90,90,37,2
4.2711528444850018,92,92,43,5
5.2928148019523276,94,95,51,6
0.2656278324161576,92,93,48,2
3.8026734297109219,94,95,59,6
6.2588812652409178,92,93,51,7
5.9541880510760956,94,94,36,5
3.3427644708859234,94,95,45,2
0.2053590033282277,96,96,55,1
0.9151019374980652,90,91,45,2
6.0179952211804562,96,97,52,4
1.8267221519943944,98,98,50,5
1.8904024751153923,94,95,58,5
4.2983555946226328,94,94,46,1
1.8521926523812215,94,95,48,3
6.1873824664622372,94,95,53,6
2.0392059176473589,94,95,54,3
3.0657795922758746,92,92,48,0
3.8881082275302963,92,93,43,7
1.9662893867395344,94,95,46,5
2.7368713200507382,94,95,45,4
5.6617606960344204,90,91,46,7
3.6847669016796316,96,97,52,0
0.4803167336676566,90,90,53,6
1.9090556200409909,94,95,50,5
0.4900066534595577,92,93,52,2
0.5383461052420272,92,92,49,3
1.6731864670945185,94,95,49,6
4.1556672464016371,94,94,53,2
5.8704934081865270,84,85,44,0
1.6895012267117311,94,95,45,4
1.7226489518021864,96,96,47,7
1.3292866329280117,94,95,54,5
4.5351728283925299,94,95,48,1
0.4346848070744616,92,92,49,1
4.8696808677401151,92,93,57,5
4.5053341673571321,94,95,46,5
1.4094763207248313,96,96,50,0
5.0789360805499832,92,92,41,7
2.7941610462764470,88,89,46,2
0.5659426217769001,92,93,52,2
5.9496186267963918,92,93,52,4
1.6701081940983917,94,94,52,3
6.2227919971460945,92,93,55,5
0.9716008877628439,94,95,51,2
1.8191836042217193,96,97,47,1
1.4206345031144649,94,94,51,4
3.0969428084817303,92,92,41,3
0.2955858460662100,96,96,46,0
3.1245759838501592,96,97,47,1
1.9273845780272738,92,93,45,1
5.5672783885719017,92,92,50,4
1.7501105901213541,94,95,50,1
0.7678372265563858,96,96,48,6
5.3025990707938107,92,93,39,7
0.9845461995579141,94,95,56,7
2.2622942684066669,90,90,54,1
4.8374982063048266,94,94,44,3
1.9532022691115256,96,97,55,1
5.0933688719445041,94,94,50,7
5.0622574908652167,92,93,44,0
0.7982366643132004,94,95,54,5
0.8321775186075021,96,97,50,0
5.3629868000925178,96,97,53,5
1.5137315441495971,96,97,49,5
6.2500989060280432,94,95,46,5
0.9623787101258295,96,97,42,0
0.4716921712841564,94,94,54,7
4.1269154185666634,94,94,52,1
0.4639400086520491,92,93,43,3
4.3190027358436147,96,96,52,2
4.4778915668206603,94,95,51,4
3.4914746777309684,94,95,50,1
1.2113879230468729,96,97,53,1
2.0194301149018274,92,92,41,3
4.0337408754243036,92,93,52,4
2.4836275998745934,96,97,54,0
4.0118762978909892,86,86,61,0
4.1845183336649638,94,95,59,2
5.8860022642110197,96,96,50,4
6.0675722916066270,96,97,52,6
0.5738128112815875,96,97,48,4
4.8254732001082381,96,97,47,5
4.0857813771179625,92,93,45,3
0.0579782831636372,94,94,46,7
3.7498150249956370,96,96,51,3
2.3435425979353495,94,95,52,1
2.7457323268585840,92,92,44,6
0.9343206354179306,90,90,47,6
4.4161395590842707,96,97,47,7
1.5581594280676621,92,93,51,7
0.4816742032226533,94,94,52,1
6.0045097871148627,94,95,51,2
0.8913873117104107,96,96,42,2
3.7440918136897263,96,97,55,1
1.2608790689239362,94,95,45,2
0.5188632122607781,94,94,44,1
0.3208595930930705,96,96,47,5
2.8926329126618122,90,90,44,5
5.6615191297893341,92,93,50,2
4.9018866706736031,88,89,50,4
5.9924186142513971,96,96,48,4
4.6801999395828640,94,95,48,1
3.9098971128565445,94,95,52,1
2.4638720194415917,96,97,50,6
1.2545933253283026,94,95,48,7
1.7010099842700817,94,95,56,1
5.6546160761734185,92,92,51,3
2.8191444310932847,96,97,55,7
2.9963513459247926,94,95,48,7
4.1091089171701212,94,94,52,7
0.7635994722638481,94,95,48,7
4.0463700714524613,90,91,49,0
3.4172539235264106,94,94,42,3
3.9647204526536077,92,93,53,5
3.0458425772084925,92,92,54,0
4.1688586448649412,96,97,56,6
0.7437746593148455,92,93,49,1
6.2659571407074264,94,95,47,6
4.4950631651836686,90,90,41,2
1.2756112762949547,94,95,47,4
1.6124087185357814,92,93,51,1
0.4276499963656958,94,95,41,2
5.1619605787688858,96,97,46,4
5.0477259785619824,94,95,48,1
4.6791781598166304,94,95,49,0
0.1657513703347579,92,93,53,7
3.8175611405962400,94,95,41,4
0.8704244395550609,96,97,44,2
1.3693228238791668,92,93,49,3
3.9984959944885272,96,97,50,6
4.3122632613785088,94,94,47,0
2.1017379256210766,94,95,52,7
2.3612632135696554,96,97,51,7
1.4816843569544280,88,89,38,0
0.4580709279277745,92,93,60,6
0.0749619874671264,94,94,46,7
0.0863585788461477,92,93,49,3
3.2668617275800078,92,92,47,5
3.5313080879111109,98,98,46,3
4.2352862479302198,94,95,52,3
5.0189800337757733,92,93,43,1
2.0441714216404088,92,92,41,3
6.0550243813647979,94,95,43,4
0.7933647535926482,92,93,47,3
5.8487131929226210,94,94,55,6
3.6017468367305558,88,88,43,3
1.7563296013635736,96,96,47,7
1.2669017293313838,96,96,56,6
5.7645301902157620,94,95,52,1
0.3785485432865874,94,95,43,2
5.7189118265629819,92,93,40,4
0.6498722155272401,96,96,62,0
4.9670528861532288,96,96,54,0
5.5166183310767583,92,93,43,1
2.3230506780184546,88,89,46,6
2.8489493800001342,94,95,44,3
0.7326035458034635,94,95,48,3
4.2261453230756354,94,95,49,2
0.7925744453247975,94,94,49,4
2.7036973129015580,98,99,54,3
0.3581772251246734,96,96,44,6
0.7512623654657105,94,94,49,4
0.9384856496972821,94,94,43,2
2.1332584202115039,92,93,48,0
1.7169440433791785,94,95,48,7
3.8788173255920109,96,97,54,2
5.4108529877451481,92,92,50,6
0.4034579841797715,94,95,43,4
5.4804734473810770,92,92,46,0
2.1974078357109526,94,95,48,7
2.2233927917564218,96,97,43,7
0.1491984680847797,96,97,56,4
2.3983882982378191,92,92,46,0
4.8749871279979633,94,94,54,5
4.7612570208971761,94,94,51,0
1.7086454333210086,92,93,39,5
1.4004518954374485,94,95,38,1
5.3162523762696887,92,93,43,1
3.0300583710310138,94,95,44,1
4.0378019323721732,96,97,45,1
2.4930180631991012,94,95,43,6
5.7358933165216568,94,94,48,5
1.7222723042672821,92,92,52,6
4.3081474212699202,88,89,50,6
3.5476249024792761,94,95,44,7
4.7330185842478496,94,95,51,4
3.8474385597642629,94,95,44,5
2.0978710328934653,94,95,56,3
0.9606598801469601,94,95,49,2
0.9468545956651669,94,95,57,4
3.2177649453569330,94,94,48,1
0.1846609390502598,94,94,48,3
1.9208932158544894,92,92,37,3
6.2089551275046277,96,96,50,2
0.8472041583749051,94,95,51,4
1.7496468299811199,94,94,50,7
1.1680891699504767,96,97,47,5
0.9120999582107016,94,94,52,7
5.7157236843998387,94,95,49,6
4.2788253734411494,92,92,48,6
0.7385189922901967,94,94,43,2
1.1742344828646112,94,94,41,6
4.9360241407003196,92,93,48,6
0.4413716173798053,90,91,50,3
2.3100078749823401,94,94,55,4
3.6314879182192024,94,95,40,3
2.7014688871290140,94,94,53,6
3.4923242104433583,94,95,50,3
0.7064328654262059,92,93,46,4
1.7023377464048219,94,95,45,0
5.1556807179445698,90,91,43,4
4.3156967862364644,92,93,48,4
5.1451799177417756,96,97,56,0
0.5706226220813705,92,93,37,1
2.2477040781757376,92,93,49,3
2.8510428662218903,92,92,44,2
4.9102107827409789,98,99,62,5
3.9267487450485863,96,96,62,2
2.2187418997416586,94,95,52,3
6.0185074122991207,92,93,49,7
3.3995636175051258,92,93,48,0
1.8463730246755741,94,94,46,3
5.0706400666646552,92,93,47,3
3.8548390976099198,96,96,47,3
5.5841264041674110,92,93,46,2
5.0644530813735047,92,93,51,1
3.0558410882543900,96,97,38,2
2.9567167924072790,86,87,41,6
4.9943868808877303,92,93,55,5
4.8534395269847028,94,94,52,1
3.5878858537601137,96,97,51,3
6.0728145684626504,94,94,46,3
0.6828394723184859,94,95,45,0
1.6325450585985675,94,95,40,1
4.3261578018812417,94,94,45,6
1.1364469943300328,88,89,46,2
4.6733315886822906,94,95,51,4
4.6821810739009511,96,96,50,6
4.5500265508883100,94,95,53,4
4.3427952460906800,92,93,44,0
0.9840068230319424,94,94,43,2
1.8262084529112139,94,95,42,1
1.4778074744910870,96,97,54,4
3.3904629642692607,94,95,43,0
6.1630490726896490,94,94,52,5
1.2031946081407292,94,95,55,4
1.9864694926348387,94,94,44,3
2.4956924504444205,92,93,43,3
0.5351551909324254,94,94,46,5
5.8709584339313716,94,94,53,0
1.4907678010685901,94,94,49,2
0.7939979931240256,94,95,46,7
1.1438696019352133,94,95,51,0
0.7328881282079805,90,91,40,1
4.6327114585161375,92,93,42,0
5.9888496854439186,94,94,43,2
0.8273850965364703,94,94,44,5
3.6935660601902787,92,93,45,5
4.8773309694519238,96,97,55,1
6.2185625298315221,94,95,45,2
4.8087974066183810,94,95,50,7
1.1158130578678107,92,93,51,5
2.8748326562362609,92,92,52,6
0.9199441797532558,96,96,51,5
2.2051714894123906,90,91,46,3
4.6883198274485558,92,92,49,3
2.5473145436883842,94,95,53,2
4.0903919882364699,94,95,50,7
5.4253104143628885,96,97,43,1
3.6415982703187244,92,93,51,1
2.5659677984585074,96,96,58,0
1.7922821815713177,94,95,48,7
2.8951232258537098,94,94,53,2
1.9614600809499469,94,94,57,2
5.2187913294057235,94,94,48,5
3.0017543471019539,92,93,51,1
0.8475083077605774,92,93,46,4
1.5083044281781777,92,93,50,6
3.2443490593167548,94,95,43,4
1.1040761313503582,92,93,59,7
2.5235811298886310,94,95,48,7
3.8370393874131761,92,93,49,1
5.9525618326744949,94,95,43,2
1.6287995053450042,96,96,46,4
1.5657003073509934,94,95,52,7
0.4934146351383246,94,94,49,4
0.3190629816232832,94,95,44,1
2.5685542574048226,86,87,44,7
0.0144829005428212,92,93,41,1
4.6258276372540239,94,94,42,5
1.5541110028017326,94,95,57,0
3.5872219716884932,94,94,46,1
5.5894990624515950,94,95,46,3
5.0044759956804059,96,97,55,7
4.9534311320159183,92,92,50,0
0.9825805122382655,92,92,54,6
4.4933082785687750,94,95,42,5
2.9641827805570808,94,95,57,4
1.0693115072140082,94,94,52,7
1.9197425934626893,96,97,49,7
0.9409553660553982,96,96,46,4
2.9663988061266857,94,94,50,1
2.7900805553657348,94,95,42,7
5.2381466643104924,94,95,42,3
4.2135065042127264,92,93,45,5
4.6761203086768628,96,97,51,7
3.1690389360582363,94,95,47,0
0.1460819400330392,92,93,47,1
3.0757722680593886,96,97,59,5
0.2885794739245707,94,95,50,1
2.0226474849487301,92,92,48,0
5.0282007108050788,92,93,48,4
4.0780215338724197,90,91,42,1
6.0648944605358670,90,91,40,7
6.2702621537862839,92,93,50,0
6.0819702554354622,96,96,47,3
4.0472074197424952,92,93,47,1
3.1431679477549239,96,97,50,6
0.6134970681325445,96,97,56,0
5.9782122582706814,92,93,42,0
0.0465267240019556,94,94,54,1
5.3961497121381621,94,94,38,7
3.6557661916980622,94,95,49,2
3.6305635892087427,92,93,53,1
1.7554045827154492,92,92,43,3
2.3229884166458108,94,94,50,3
1.0523715572682988,94,95,54,3
1.4220961521566069,90,91,50,3
5.7435410590592308,94,95,54,3
1.7544733512920163,94,95,43,2
5.8517417804013041,96,97,45,7
2.8796731573574679,94,94,58,3
0.6931457934730447,94,95,53,2
1.0103660406523844,94,95,50,5
1.0747797169333253,96,97,56,6
4.9095115498515742,96,96,48,0
3.0278159826394710,94,95,46,3
2.8290259371633426,92,92,41,5
2.9962671064526543,94,94,50,3
3.9656473414922826,92,92,46,4
2.0178653584120556,96,97,43,7
4.4520109211339305,92,93,51,5
4.5109067561755225,96,97,53,1
2.1226263882608851,94,94,53,4
0.5009348020573453,92,93,48,0
5.8369193845813205,94,95,40,3
5.3540410479864446,94,95,51,0
1.9925757682624885,92,93,55,5
3.2816372172432846,92,93,44,6
0.1306938057093404,94,95,49,2
2.1831308852042630,96,97,47,5
5.8518479847306493,94,95,53,4
5.4141264634933535,94,95,42,3
5.1913384388400035,94,94,48,5
5.9783214374694094,96,97,48,6
3.2904409157050343,92,92,49,7
6.0860777267957253,100,101,50,4
2.3644137490541448,96,97,46,6
4.1934587127295417,94,94,50,5
4.4724510585469543,96,97,50,4
3.1601155220358064,92,93,45,3
0.7172589040220908,92,93,50,0
0.9356853094789204,86,87,39,6
3.7106731438059355,92,93,42,4
3.0926633726445649,92,92,43,5
5.0983143536079405,86,87,49,2
3.5276015537953573,92,93,47,5
0.5142100229237911,92,93,56,0
1.4124749842793862,94,94,52,5
4.4949604984862592,94,94,45,0
5.4606020361876135,94,95,49,6
3.0960337673664018,94,94,49,0
3.2582262997962848,96,97,61,5
5.2695394121881067,94,94,55,0
4.6723287253168229,94,95,46,1
4.3775929829884763,92,92,53,3
0.0416729605772833,92,92,51,3
2.7701210503108760,96,97,44,0
3.0923690150032423,96,97,53,7
1.6815718103393520,88,89,46,6
2.0730020264048474,94,95,58,1
4.9339602539966769,94,95,51,4
4.2192539037322696,96,97,39,7
0.4569119032386698,92,92,47,7
4.1251193821391885,92,93,40,2
3.2165767524719078,94,94,43,6
4.7822412198259059,94,94,49,2
4.6765665943944210,92,92,43,5
4.1452882062174314,94,95,51,4
2.5762541309945735,92,93,52,4
5.6909312122690432,92,93,53,7
0.4689295369746917,94,94,46,5
4.9461318766215587,94,95,46,5
2.8017360838556225,94,95,42,7
2.6819669526288883,92,92,49,5
2.5239059586155173,96,97,44,2
1.1515816998444219,94,95,46,7
1.1528937603031204,92,93,42,6
1.9368881687899770,94,94,52,1
0.7351828268730229,90,91,54,1
5.3195729684487834,94,95,47,2
1.4195171944655187,92,93,43,5
5.3947203480910995,94,95,56,7
1.5984429425650237,92,92,53,7
5.2032820972897040,90,90,45,6
1.3228435404309460,96,97,49,5
3.2648906230304693,94,95,49,6
2.2445842754659027,96,97,43,5
6.1722189183066014,88,89,44,2
1.5182606109418835,94,94,42,7
2.7669852432169795,94,95,56,3
4.4139526417231378,98,99,57,6
5.3178000673079335,94,95,41,4
5.1293983331965913,92,93,48,2
1.5791979894002461,94,94,57,6
2.7316840389975665,94,95,46,5
5.6774114993623321,94,94,39,2
6.2582961283427974,94,95,46,3
0.7330962084912266,94,95,40,5
2.4390444810154186,94,95,51,4
2.1219539497027440,94,95,51,6
4.5913027720739201,94,95,48,7
4.8727604419326065,96,97,48,4
0.6265167054264996,94,94,45,4
3.8029037291887553,92,93,49,5
4.1035144758432898,94,94,52,1
4.0974229004551805,92,93,51,5
4.4625913463646896,96,97,63,7
2.3604410911870759,96,97,48,4
0.3967566951790251,96,97,53,5
1.1112454551853750,88,89,44,2
3.8125847879947048,92,93,46,2
3.9376188244748520,92,93,43,3
2.9294330119523289,92,92,53,7
3.7459817512165592,94,95,40,5
5.3060400849725013,94,94,54,5
3.5406968362278444,94,95,49,2
6.0055122269713745,96,97,48,0
0.7825506205111761,94,95,61,0
4.7114120718094590,90,90,53,0
4.3856719210731514,102,103,48,7
6.0562611795465999,94,94,49,2
1.5797137993966477,90,90,43,0
2.6254091818654910,94,95,51,6
3.2532671868132619,94,95,52,5
3.3807234714387659,92,93,45,5
4.3596901866111955,96,97,47,3
4.8862430217667043,88,89,43,3
6.0356890185409391,92,93,51,5
1.1227164357885886,94,94,45,4
0.6554652212441815,92,92,43,1
0.1872519466791097,90,90,52,5
0.2102843253090273,94,95,53,0
1.9728773300380209,94,95,50,1
1.8747025757971740,94,95,43,0
0.1243107779143039,92,93,43,7
5.8890375110142665,92,93,50,2
4.8550429889624329,94,95,46,5
0.6016554792797713,94,95,49,4
5.5791371682152553,94,94,53,0
3.1465831764365868,88,89,47,7
0.3096026573123355,92,93,53,3
1.6611683348905075,96,97,45,3
5.0537926830993314,96,97,49,3
4.1153983078985519,94,95,39,6
5.0806483675336711,92,92,46,0
4.9163789492758472,90,91,47,6
2.6725282853153587,94,94,45,0
5.6683799704147004,94,95,52,1
3.7247788279355531,94,95,47,4
5.9506625955614680,94,95,45,4
3.1676894986427913,96,96,46,4
2.7160919685788931,96,97,46,0
0.0926052689776503,96,97,52,0
4.3566149400469367,96,96,55,3
1.7247744866179646,84,85,40,6
5.6008396882611473,96,97,48,4
3.2010377495641529,92,93,45,1
1.3328908671190589,92,93,49,3
2.6102827326586482,92,93,52,2
0.1110355137515826,94,95,53,6
1.7278730640849509,92,93,57,1
1.3672080535244189,92,93,51,5
3.6004870362843304,90,91,44,7
5.0494753402175139,94,95,40,1
3.1496160944721958,94,94,48,3
1.8133475485269313,94,95,45,4
2.1125555669754785,90,90,48,1
2.0180200797519703,92,93,42,0
4.2956337490640868,90,91,47,6
1.0273542774327107,94,95,54,1
2.9448328744745287,94,95,46,1
4.4986581967319452,88,88,50,6
5.1779555794960679,94,95,47,4
3.0442205714019410,92,93,43,1
5.4373812132344632,94,95,48,7
2.2076191275867574,94,94,50,7
0.7582078306500815,92,92,48,2
0.1210704115831661,94,95,49,4
3.7417612483453118,94,95,61,2
0.4920222954592562,92,93,53,5
1.2379543249164096,96,97,47,1
0.0641977490221329,94,95,49,2
2.9487171814611610,94,95,59,2
6.1564736902927031,92,92,52,4
5.9129329665342008,92,93,47,3
2.5828110225439658,96,96,48,6
1.5997380636252672,96,96,47,3
0.0706797358612999,94,94,53,4
1.7098739752327266,92,92,45,5
4.6335217526551267,92,92,48,0
3.6740101199843433,92,93,51,1
1.6536541312801993,94,94,55,0
3.3527119347174370,96,97,40,2
4.6172570336628276,94,95,49,0
1.7818119117737015,94,95,52,7
3.3804848783905395,94,95,49,2
2.6547916807646166,84,85,47,5
4.7807322926260740,94,95,46,3
4.8187645971221009,86,87,39,6
4.3295480969602353,92,93,43,7
5.2340848386590793,96,97,45,7
2.5282783225289696,94,94,50,7
4.8223866579267973,94,94,49,6
6.1430961150697776,94,95,51,0
2.5208690204823276,96,96,44,4
5.2895185590050682,94,95,44,1
1.8748017320266943,94,95,46,1
4.1482065821635947,94,95,43,4
1.8509867006638163,94,95,47,4
0.8284097528548703,96,96,48,0
4.7053083230051884,96,97,39,5
2.7431967923564757,94,95,47,6
1.0093476924772609,94,95,58,3
5.8155678625215845,94,95,48,7
2.2999446222310227,96,97,54,0
6.1092500992821268,94,95,52,3
2.0963454532917773,94,95,49,4
5.2076039636334723,96,97,52,6
2.0453998424204531,92,93,48,4
2.6097154571396826,92,92,54,4
5.0278424479909773,94,95,47,6
3.1122517143096617,96,97,45,5
1.0010221677741096,92,93,50,6
2.9416628027057881,96,96,50,0
2.9207939562767762,94,94,36,3
3.2680920692135698,90,90,42,7
1.7814145482633246,90,90,46,5
2.8657082102475795,84,85,41,1
2.5951922412917718,96,97,50,2
0.9051637600350898,94,95,58,7
2.3955122579916681,94,95,47,2
3.7644626189608847,94,95,51,0
3.9157525700320885,94,95,48,3
4.2223137279651937,94,95,52,1
4.4330696433842069,94,95,44,1
1.3338484250851532,92,93,52,0
0.9374326508541985,92,93,49,5
5.6516778041356623,94,95,48,1
2.3488185799050685,96,96,45,1
1.8184574813847876,94,95,44,3
4.2763906951930846,90,90,49,2
4.4160162723279477,94,95,47,4
0.6292413697060580,96,97,56,4
5.4473997299836237,90,91,49,0
0.3149187284851146,88,89,43,3
2.2565104416630408,90,91,46,3
0.3359608969156853,88,89,49,1
6.2174530334168043,94,95,47,6
1.3067833795496107,92,92,41,7
0.2619962715504888,94,94,45,0
5.7729066272583989,92,92,58,4
5.4705224316634933,94,95,54,7
1.8646345445002372,92,93,50,2
3.5010755869507180,94,95,51,0
3.2181351771998616,94,94,39,4
0.3079627959626743,94,95,45,6
6.1930308264487843,90,91,48,5
1.9982610354564592,90,90,41,0
1.7351597325200099,90,91,50,7
5.9812732334705530,96,97,49,3
2.8050463483775334,96,96,52,0
1.4449913820073155,92,93,47,7
0.3728670339220319,90,90,48,1
1.0466720987382363,94,95,50,7
0.6524104340128714,90,91,35,6
2.4395509187748976,90,91,42,5
2.2223979879275357,90,91,39,4
2.8663619708487595,94,95,59,2
6.2595215900709222,92,93,56,2
6.2740594959019598,94,95,48,5
5.4666906063052361,94,95,47,2
6.1942487439669982,90,91,46,3
0.8945156609984030,92,92,53,3
2.1145839541397229,94,95,49,6
3.8261605770260170,92,93,43,7
2.9743982266400044,94,95,48,5
4.2448659967187519,92,93,38,6
0.2604523187241453,94,95,46,3
2.0193283260505641,94,95,53,6
1.5406997834736540,92,93,50,4
3.9645817063062530,92,93,44,6
2.3610006381138406,96,96,55,3
0.3285170345101885,92,93,50,4
3.9429555828541334,92,92,40,6
5.6847605543108122,94,95,49,6
5.5092923628687007,94,95,54,5
1.5914205240916486,92,93,48,6
0.1008833375936514,92,93,44,4
1.8720502393756493,94,94,50,7
0.2346659911757952,96,97,56,2
1.9053733159224697,98,99,48,1
4.9696227621886218,94,95,53,2
3.9935425093758101,92,93,44,2
5.8989464363039685,90,90,52,1
6.1542507012895271,94,94,51,0
1.7427004454474457,94,95,52,5
0.1443985775123207,90,91,48,3
5.0813316003847184,88,89,43,5
1.9025496064306986,92,92,50,6
2.7942345978968701,94,94,53,6
5.4221759178135107,94,94,48,7
3.9742200151855913,94,94,51,6
4.8271414915458868,94,95,56,5
5.7465488086407559,92,93,57,3
2.8740986129368480,94,95,54,1
0.0122223299254874,96,97,53,3
0.7104151106657367,90,91,50,1
1.9562329088667285,94,95,50,3
1.8788412209538892,92,93,50,0
0.7948705564409684,86,87,39,2
2.8790694743495373,92,93,51,7
1.4622029322640748,92,93,47,1
5.0233656317921964,94,95,52,3
1.6892331925080282,92,92,47,7
3.8940254253532278,94,95,53,4
3.4478212588000465,92,93,46,0
5.7675261099672177,94,94,49,6
5.2749184233560324,94,94,48,3
4.6300148031204831,94,94,52,1
4.6923831829052780,90,91,51,4
4.2978258700019554,96,97,44,6
2.7716702730611478,90,91,45,2
1.4419852138368714,96,97,40,2
3.3326035421518827,88,89,47,5
2.2942317206442517,94,94,46,7
2.9871458593722915,92,93,47,3
1.5297591381449989,92,93,58,2
1.2937056292595508,94,95,59,4
5.4777027148741242,94,95,48,3
2.1818330728968087,96,97,49,5
6.0845034989927518,96,97,57,7
0.7091915001377369,94,95,51,2
2.4803698516127439,92,93,50,4
1.4014446862227972,90,90,45,6
4.6067148004375271,94,95,51,2
0.9443489451865947,94,95,49,2
5.8635967213199196,94,95,48,3
3.1988968598136895,94,95,46,3
3.3088803689339845,92,93,55,7
2.0286305936421978,92,93,52,2
5.4938140746522706,94,95,45,4
2.4580486775022017,94,95,49,4
2.3986850917411395,92,93,52,6
0.1152866866291757,92,93,57,5
1.7244794672116621,94,94,52,7
4.1237324373329685,98,99,51,2
0.2716501497875263,94,94,40,5
5.0081485383800661,96,97,46,2
1.6701788529022439,96,96,49,7
6.2076838385182898,92,93,54,6
5.3240265301786724,92,93,40,0
5.7023099910311048,94,95,39,4
5.1204666454865562,96,97,53,1
4.2915683314869995,92,93,36,4
3.5243321177716864,92,93,49,1
3.5978699038615995,92,93,48,2
5.8928301047648297,94,95,56,5
4.1441569672731084,94,94,56,7
4.4464696185170443,94,94,49,6
0.6865850331116887,96,97,48,6
3.3219716282235061,90,90,45,6
2.7538361859495275,90,91,44,1
0.6773375330852545,94,95,52,1
1.5844589727227911,96,97,49,5
4.4617593302563954,92,93,46,4
4.9780200625055606,96,96,39,1
3.9291782366541042,94,94,59,2
2.3516463551214852,94,95,49,0
0.4551835728097263,94,94,43,2
6.1552433635813513,94,94,47,6
5.3715792707025916,92,93,49,3
1.0085381570093961,94,95,53,6
0.1634677310883088,94,95,51,0
5.0565289533959730,94,95,54,3
6.2720741876034243,90,90,45,2
0.3221680923793576,88,89,42,4
3.5649046513902363,92,92,57,3
2.4595879413261557,92,93,50,2
1.3754737051578234,92,93,54,0
5.4572155936313020,94,94,44,1
5.9495377572383559,96,97,53,3
4.4359704757573235,92,92,43,3
3.8556000295257675,94,94,52,1
0.0801321323761345,92,92,46,2
3.7502879574279619,92,92,45,3
0.2389799722755550,94,94,51,6
2.1420402213976444,92,93,45,7
5.4565886955970422,96,96,54,2
1.5141391365071026,90,90,46,3
3.3118379135977660,94,94,40,1
2.2118717960781979,94,95,41,4
3.5819150500506640,94,95,53,0
0.8263799555061160,94,94,56,1
0.1332135776636769,94,95,52,1
2.9845943937857200,92,93,51,1
5.8609960519882192,94,95,47,0
2.7951171756778281,94,95,55,4
0.1797561277955499,92,92,49,7
4.1577503268536793,96,96,41,5
5.4002585616504284,96,96,55,7
1.6058532632862088,94,94,50,7
2.8853621985232887,92,92,58,0
5.9022180141951788,94,94,60,5
0.8087201711026138,96,97,52,0
0.3149712654293046,96,97,52,6
1.1282949476221908,96,96,53,3
5.6525659037983962,92,93,38,4
1.1314302610181937,94,95,59,4
6.2186684166627826,94,94,52,3
1.8658109626055051,94,95,47,2
5.1381093080631874,96,96,48,2
3.7818163402653635,94,95,44,1
1.9503385465968175,94,95,50,1
2.2098620714146260,94,95,61,4
5.2754481688366033,92,93,44,0
1.9196944325084129,94,94,50,7
3.2823264464209458,94,95,40,7
3.7844126680037800,94,95,50,1
2.1320217472322622,94,95,58,1
5.8712980575750864,94,94,50,5
5.0014346829541587,94,94,49,2
1.4280942253405038,94,94,45,0
0.7856650448299362,94,95,51,6
5.2688865884800631,94,95,41,6
2.1663892456368723,92,93,42,0
5.2112418130367288,94,94,43,4
2.4747599447461095,92,92,54,6
0.0012863623032219,92,92,51,3
3.1823499800176838,92,92,43,7
5.1133532273442963,94,94,45,4
2.0451184477998847,94,94,43,0
5.4551742147920823,94,95,49,6
3.5397819946815745,90,90,48,5
0.5004830206532365,94,95,48,3
5.8866270830494907,94,95,56,3
4.0700816264472959,94,95,45,4
3.8497875379500455,92,92,42,4
4.3298908839460797,92,93,54,0
2.1466232854605796,94,94,53,4
2.9268270121624971,90,90,48,1
5.0876315045631912,94,94,54,3
0.4888048996504211,94,94,59,4
4.9128435494163485,94,95,57,6
4.8268514152342155,96,96,46,2
4.6898396785500562,90,90,46,3
2.5518942611792839,94,94,52,3
6.1632499640126293,94,94,64,3
1.4634556048464302,92,93,40,6
5.6224997935476217,92,92,48,0
6.0657581947172998,96,97,52,2
4.7371167920018040,96,97,59,5
5.0897591888843099,96,96,53,3
1.2680715345960907,90,91,44,7
5.6600004862059903,98,99,53,6
3.1280006170239996,96,97,44,0
3.7317532269290448,94,94,38,1
5.5810189987333843,94,95,43,4
0.3408625974881875,94,94,50,3
4.9669382245788514,96,96,51,1
3.4308699593713317,94,94,44,1
3.6906181756503931,96,97,47,7
1.5213076433482333,94,95,53,0
1.5628891255303876,98,99,54,3
1.1407651584905030,94,94,49,6
1.6246272250085769,96,97,53,7
2.7448775045745717,92,92,42,2
4.9488669185765808,94,95,50,7
4.7769310756117811,92,93,49,3
5.7771645605380604,92,92,50,0
2.5299986429733643,94,94,49,4
2.1297075973301389,94,94,50,3
2.7418579013160524,90,91,50,7
3.3325493515040834,92,92,50,6
6.0160228167550338,96,97,56,2
5.3997454522981521,92,92,40,6
3.6096401604696142,92,93,46,2
5.0603863828790434,96,97,47,5
5.2568761248642524,94,94,45,6
6.0522462881900028,96,96,43,3
1.4614543526456218,94,95,46,1
5.6418084307264103,90,91,52,7
4.0592415896356817,90,90,44,5
3.2436261601175254,92,93,52,6
0.4349266858089534,94,95,35,6
4.5009127484057894,96,97,45,1
4.3543046479390970,90,90,49,4
2.5740561546673639,92,93,60,0
5.8853811677126320,92,93,50,2
2.2853707195547219,94,95,42,5
0.2347603867464752,94,94,43,2
3.6095368839587034,92,93,45,3
4.8797118351734419,92,93,51,5
1.9034915245881379,94,95,40,1
1.8487213326524994,96,97,49,3
5.4600665308841911,96,96,59,7
3.4309008270653094,96,96,49,5
3.6500319867309980,90,91,45,4
1.1405283735386285,92,93,50,4
4.1643943228202396,94,95,49,2
1.1161290606376919,94,94,48,3
5.4935483899488924,96,96,54,0
4.7540109958384340,90,90,53,4
0.7289787452772178,94,95,51,4
5.9165296649285004,94,94,51,0
4.6801032591721929,96,96,55,3
1.9625081160251534,92,92,48,0
4.9409451292710127,92,93,52,4
2.2565249506062290,96,97,43,1
4.6124152487604437,92,93,48,0
2.7675671618790187,88,88,46,0
0.9145777932315552,92,93,47,1
6.0874833486846631,92,92,40,2
0.6867440511108933,94,94,52,1
4.0571454785699537,94,95,44,1
4.5191482771005989,96,97,53,7
0.9333219147449688,94,95,52,3
5.4655232982389306,92,93,43,1
2.5884402822429746,92,92,42,4
1.0750998924661177,90,91,47,4
5.6647668350845848,96,96,50,4
3.0689656836087802,94,95,49,6
5.9957549744486380,94,94,48,7
5.2055660908951182,94,94,43,0
0.4813040630957381,94,95,51,6
3.3764187100245042,92,93,53,1
5.4168641676982006,96,97,50,0
3.2836716482009169,94,95,48,5
3.7368789924122199,94,95,47,6
4.5945518686799582,92,92,40,2
1.2084576639061706,96,96,53,5
4.3361860378117942,90,91,46,5
0.6166920733260685,92,93,37,5
2.4378801686357598,92,92,50,0
6.0325973769635857,92,92,51,3
3.0856631727674224,94,94,52,7
5.2452858302446943,96,96,47,5
3.6431763870752394,96,97,51,3
3.8693565935938268,94,95,44,7
5.1935345184885646,92,93,51,5
3.1607664004045715,94,95,52,3
1.4014891916725722,94,95,44,5
1.7933904730331063,94,95,50,5
5.8431161513580845,92,93,42,6
3.5367923463554409,90,90,40,7
0.3155275812500847,92,93,39,5
5.8245806298443208,92,93,41,1
4.2536375401287394,94,95,48,5
5.1646697365468306,94,95,42,7
5.3103233319088083,94,95,48,7
3.4046273140440699,92,93,48,4
2.5988076702050447,94,95,44,3
0.1234777858076330,94,94,46,7
5.0267367430921031,96,97,56,0
4.5201409661761298,94,95,47,6
5.3187627639420532,94,95,52,7
2.1258348424809146,94,95,49,2
5.0502059156577781,94,95,57,2
5.6842024796501578,92,93,56,2
2.6706651921135776,94,94,51,2
0.1035714055211351,96,97,49,1
0.9911090763316327,94,95,49,6
2.0941215027134090,98,98,49,6
1.1361821403948269,90,91,49,2
6.1717648881524649,94,95,45,2
4.2944993043807642,94,95,49,2
5.2429433076035936,90,91,51,2
2.3512406646751836,92,93,43,3
3.2996671133886251,94,95,58,3
5.2119356040304075,96,96,48,6
3.6145266543902634,94,95,48,5
2.9838004283584008,94,95,45,2
0.8005155965155980,88,89,41,7
3.9114711109766866,94,95,41,6
5.3121056524162578,92,93,45,7
6.2491294013193084,92,92,45,5
1.2326252009368397,96,97,51,3
5.3073761888115927,88,89,41,5
0.2672632843226381,96,97,46,4
2.7393946229272044,92,93,50,0
2.4098013009294688,94,95,43,2
4.8815638030566566,90,91,38,1
5.8403266472497037,92,93,51,3
0.3410661811696455,96,97,54,6
0.8158113016205365,92,93,60,4
1.8237180272509710,94,95,51,4
1.5381115479569578,94,94,59,2
5.7749018048569285,94,94,39,2
2.2709711803587100,92,93,57,7
3.3383452638169455,92,92,45,1
3.8864735093589795,94,95,54,3
2.6057526899009029,94,95,42,3
0.6925809834763541,90,90,38,5
4.8950594085722647,96,97,60,4
3.5899483641766805,94,94,47,6
5.9368247233594236,94,95,51,4
3.4273594275941925,90,90,44,1
0.8265257448997020,92,93,40,6
5.8791498540307403,94,94,50,5
1.9180698696010197,92,93,47,3
3.9786997296235813,96,97,49,5
4.2845092438000512,100,100,45,5
0.2994075627420819,92,92,50,2
5.3618579288261925,94,95,45,0
1.8387288144699701,96,97,53,7
2.9264482818630286,96,96,48,2
1.6799369341104669,92,93,52,6
4.3096653578517143,94,95,51,6
2.6931810191277874,94,95,54,1
1.0095989776363805,94,95,49,6
4.4029552790908548,96,96,46,0
0.1001920186776857,96,97,43,3
6.1523130655717679,94,95,54,1
1.8677763334371813,96,97,51,7
3.8816088287891106,90,91,40,7
3.8108857252675579,96,97,58,6
3.5176907009992227,94,95,52,5
2.8043863254396002,94,95,55,4
3.7036799010291048,96,96,50,2
2.8592595925838253,96,97,51,7
4.0633038169839280,96,96,50,6
0.0257918800819478,94,95,48,1
5.0143191265304843,92,92,44,0
0.3523833469625254,96,97,51,5
0.6258906846329356,92,92,40,2
4.7465023496006555,92,93,51,1
2.4051631404316076,94,94,46,3
4.4190460552012789,92,93,51,5
0.0129805811215445,92,92,48,6
5.2075827344462713,94,94,49,0
4.6658919558110137,94,95,50,1
3.3176694986992015,94,94,50,1
3.2266303104641660,96,97,51,3
6.2371557241891082,96,96,51,1
3.6885196267857547,94,94,46,1
2.9790034730280128,92,93,46,0
4.0755283927360555,92,92,45,3
1.3375434392691572,92,93,47,7
1.7160075108960002,94,94,49,6
2.2942465412390454,90,90,46,1
4.9640025955269138,92,93,52,2
2.3896961707365811,94,94,52,3
1.9515247510576468,92,92,49,1
5.0714039696827049,94,94,48,7
1.5767594794741071,96,96,45,7
3.5048066600408414,94,95,42,5
5.2111013608617807,92,93,56,6
1.4243095760302142,96,97,53,7
1.5806170820729937,94,95,52,5
0.4776290786874247,94,95,50,3
4.3782470849592423,90,91,52,3
1.4287629661831263,92,93,42,6
1.0558700536434655,94,95,60,3
5.2077670983359559,96,97,57,7
3.5450694034466155,94,94,41,2
5.8722885297948126,96,96,48,0
0.5915057170112979,90,90,53,6
4.5101445682465364,92,93,54,2
0.3673630064598314,90,90,41,4
2.2335484667464818,94,95,48,1
3.8656407649300224,94,94,45,6
2.4263874545928248,92,92,41,3
1.0805530493467448,88,89,51,3
5.3126248571322856,94,95,48,7
5.7121668205402107,92,92,44,2
4.8618917558884363,94,95,40,1
0.1065667683733776,92,93,64,0
4.3622109801693210,92,92,41,1
6.2341920506950510,96,97,47,5
2.4995485193543301,90,91,56,5
2.6532260075524161,94,95,59,6
3.8890061293310003,94,95,54,7
0.7463051989261024,92,93,46,6
3.9298230694810576,94,95,55,2
0.7143014583662983,96,97,47,3
4.3026456594062736,94,94,47,2
2.2065238451033635,94,94,47,4
4.5060379366732164,94,95,50,3
1.4282705976087657,92,93,45,5
5.0055397307653759,92,93,44,4
6.0538099988937866,94,94,43,0
4.9366023097643099,92,93,53,7
1.3473141692361583,90,90,49,2
0.2005418290967207,94,95,46,3
1.0944824239077136,94,94,51,0
0.0606869224351087,96,97,40,4
1.4382458718565079,92,93,47,7
5.4900264630461484,96,97,44,2
5.0063000416300918,94,95,45,4
1.6782593360192901,94,95,44,3
1.4400826099927397,94,94,51,0
5.2179886981845458,92,93,46,0
5.1145133596114123,92,92,48,2
0.6358215970729652,94,94,50,1
5.4969593216834731,90,91,40,7
6.1136703992587584,94,95,54,3
2.2364274069944683,92,93,56,0
2.3310306599957884,94,95,50,1
1.5040291120404907,94,95,52,1
3.6709985379790666,94,94,45,6
2.6531455291865975,90,90,49,4
5.5928290267008380,94,95,47,0
0.6667722582230338,96,96,65,3
4.3213411199573093,92,93,41,5
1.7816063158060158,90,90,51,2
3.3638094935742102,94,95,43,0
3.2386946503924001,96,97,50,4
0.7014116401930798,90,90,55,4
1.6257965806136767,94,94,44,7
4.1000207065773484,96,97,55,7
5.8875096906722773,92,93,45,1
5.2841179582102269,96,96,47,3
3.5876811089535394,92,92,46,4
5.9613710119232248,94,94,46,3
2.9118407271832814,92,93,55,3
2.9382856641494723,94,94,48,7
4.2143256472528972,96,97,47,1
5.6121094622402499,94,95,52,1
4.4631692109695615,96,97,45,3
5.9530824032713268,96,97,41,7
3.2804797264396326,92,92,52,0
2.8465478208775385,94,95,47,2
5.2270269433712446,92,92,50,6
0.9998365057316457,92,92,40,6
0.0622755640403788,96,96,49,3
1.2700468086801375,96,97,51,5
2.4895800279711171,94,95,46,3
4.1255901637728360,92,93,50,2
1.4101032069412398,92,93,50,4
5.7231959858146633,94,95,39,2
0.3856797485984234,96,97,45,7
0.4653383718816613,94,94,45,6
4.0956971742004562,92,93,55,5
2.6927085375607405,92,93,44,2
4.7635909451587715,92,93,50,6
5.8572005182963274,94,95,53,2
1.7324123101234443,96,97,45,1
0.2680166680553181,92,93,52,0
2.9132579530453011,96,96,46,0
5.8148765727233025,94,95,60,7
2.9391741047247355,92,93,52,4
0.5476361087645046,96,97,41,3
0.0261476772185153,94,94,48,5
2.7469456787036659,94,95,58,5
2.6831692752456449,94,94,52,7
3.1820833789805656,94,94,47,4
2.9778038274812264,96,97,49,3
1.7008659625343681,94,94,54,7
3.8349566701370765,94,95,53,4
1.2703434750810108,94,94,61,6
1.6322713297333091,96,96,48,4
4.4853889812760528,92,93,60,4
4.8647599913558182,94,94,50,3
2.9280417399161007,94,95,41,0
4.0198237152542280,92,92,38,2
3.7968302292545206,92,92,45,3
5.2636881137559213,94,95,41,4
5.0579713245999463,92,92,50,2
4.3834186495953968,94,95,46,7
2.0432244406283648,96,97,55,1
0.3130487406833631,92,93,54,4
3.2945305857880811,94,94,49,2
0.9225708479467175,96,96,52,6
4.1606916583960274,94,95,53,2
2.1981226803654992,92,92,48,4
3.6331864555993572,94,95,50,5
2.8944700573404880,92,93,45,1
5.8745399770065374,94,95,41,2
3.9191331867885881,94,95,46,7
5.6429886835564478,96,96,49,7
4.5347732029331214,94,94,51,2
1.2068840655329969,94,95,46,5
0.2810425228407728,92,92,40,2
1.8836204504458924,96,96,49,1
5.9799176096622153,94,94,44,3
3.4269639352645447,94,94,54,5
1.7209410201637003,92,93,46,6
2.3448150765809275,96,97,46,0
2.3751883083344554,90,91,55,2
0.2679667657968045,94,95,52,7
2.9933889413643371,94,94,49,6
1.0094742045591090,92,93,49,7
6.1169472226547859,92,93,54,2
1.3286473059338644,96,97,40,4
0.6065185774830680,94,95,44,7
3.0401986351843262,94,95,50,1
0.3694590479380082,94,94,51,2
3.7352805040025392,94,95,54,5
3.7710859858923813,92,93,44,4
1.7878805651662821,94,95,54,5
6.1359058040877850,92,93,51,1
5.8043180660155320,96,96,43,7
1.4105501648349963,94,94,47,4
0.9072972780179295,94,95,46,5
3.8780099835447284,94,94,48,5
3.7384578770281625,96,96,55,3
1.2143853783292597,94,95,56,7
2.3797809755806725,94,95,53,2
2.8734927155532213,94,95,54,5
2.0821248057999817,94,95,50,3
5.5870002078795054,94,95,44,3
3.4903734134258917,92,92,53,3
0.7667195666706832,90,91,42,1
2.3400736783992806,94,95,59,6
1.5399620849327287,94,95,46,5
4.5629869401308669,94,94,46,1
3.1360073291465231,94,95,55,4
2.8173147824877169,96,96,61,5
3.7720112468572204,94,95,52,1
1.3042705086650821,94,95,52,5
4.5860516651449297,92,92,44,0
1.9419245087807975,92,92,50,0
2.9363010777953726,94,94,44,5
5.4283734794967140,92,92,49,7
0.0083344817868329,98,98,42,7
0.7941682775431378,96,96,47,7
4.6669528489853915,96,96,52,6
3.2990761368058608,94,95,54,1
1.8332302162941381,92,93,45,5
2.2158316285501898,96,96,47,3
2.7355555345900480,94,95,55,4
5.7099622620615316,92,93,43,5
1.5661777277984521,94,95,47,0
4.5427654357996765,96,97,47,5
5.3803635451278922,92,93,53,7
3.6507571913544341,94,94,50,7
0.5828171062781720,94,95,52,5
0.6235918642851965,90,90,52,3
3.7679258029653955,92,92,43,3
1.9158046400094548,96,96,43,3
2.6580484525400041,92,92,51,7
4.2531398695386740,94,94,50,5
2.8863845048667551,92,93,45,5
2.3215366689817758,92,92,43,7
3.3952566089717466,94,95,48,5
3.7834259205498246,94,94,41,2
2.0945085214430392,94,95,47,2
2.2321276105360215,94,94,58,7
3.2619203826963226,96,96,49,7
3.5091166655906592,94,95,51,6
1.2140840090994989,94,95,49,0
2.5387669332705256,94,95,51,0
1.4284829515456461,92,93,46,2
0.6975103887108794,92,93,48,2
2.5813798660332843,92,93,50,0
1.6042434213896062,94,95,52,5
4.4790421910848615,94,95,47,2
4.1217495739563725,94,94,40,7
1.6496454566349179,94,95,45,2
3.8934553371177536,94,95,57,2
5.8932477159097614,94,94,47,6
3.6556739311016204,94,95,52,1
4.5269059204047899,98,99,51,2
0.5284429728546918,94,94,48,7
3.6303348670868054,94,95,46,5
1.3731325822475078,94,94,47,4
0.8553465442923029,94,95,46,1
5.7778547205115665,86,86,47,6
4.1263329479508091,92,92,39,5
5.0027450831640392,94,94,47,4
6.1852561513856843,96,97,52,2
1.1110393682802908,92,92,41,1
5.4203596200983686,94,95,58,3
0.6927240037728187,88,88,40,4
0.2612844416882374,94,95,58,7
2.3309902887966776,98,98,47,0
4.4661131086020776,96,96,51,5
0.4337846357691801,96,97,47,5
1.9097003822657352,96,97,54,6
3.7791236154985839,94,95,45,2
5.0044772646769147,94,94,45,2
4.1896811903450644,92,93,48,0
5.8624467812908758,94,94,50,7
4.7260377671162486,96,96,45,1
1.4013151979254117,96,96,50,6
2.1570649386126681,92,93,41,3
1.7773325792446715,90,90,38,1
3.0907667979260953,94,95,50,7
1.1253524481898021,92,93,53,5
4.1736864902591488,94,94,52,3
3.4764022833466570,94,95,47,0
4.1697763701604842,94,94,33,6
4.5610718478146408,94,95,49,2
5.7180378859710679,92,92,53,7
4.3194460933000496,92,92,41,7
6.0798107295725039,94,94,44,5
3.9740547613122579,92,92,45,7
2.9617116880167655,96,96,52,6
0.4469814508201179,90,90,43,6
1.4990357874488938,94,95,43,2
5.9288981627779576,90,90,53,0
1.7237793536999402,96,97,57,1
5.6153958821226801,92,92,39,3
3.1563585954296580,94,95,60,7
2.4451990282570102,94,95,52,1
3.9688268944013436,94,95,54,1
0.3212496563538493,92,93,48,4
0.1406304411295372,94,94,43,2
0.8764010156593943,92,93,43,7
1.7214948148032263,94,94,46,1
0.5707106136025778,96,97,52,4
0.4961856095524748,90,91,46,5
0.9865706092761944,94,95,55,6
5.3323681345565976,94,95,43,2
2.6820038129976145,90,91,41,4
5.0218245199723572,94,95,51,4
4.3303173594234732,94,94,58,7
5.3567275763640492,90,91,54,1
1.1881517436315665,94,95,55,4
2.8403766615876549,94,95,49,4
0.6289175541360318,94,94,52,5
1.2696216573759853,92,93,55,5
2.6209863463137131,94,94,45,2
0.8772932969537449,94,95,53,4
5.6230636059338357,94,95,48,3
6.0145808724306971,94,94,52,5
1.4639044128798322,94,95,44,5
5.1769368512608587,90,90,45,4
2.3957110545122298,94,95,55,6
6.0795196178877475,96,97,53,5
0.3483344377696827,94,95,50,7
4.2563719143245784,90,91,38,5
1.3465633792418221,96,97,48,4
2.9904021175368047,96,97,46,4
3.9651312677662776,92,92,47,5
5.5709830609575874,94,95,51,4
4.6697624042160042,94,95,47,0
0.8570473255547029,96,97,44,0
2.5148703275781927,92,92,46,6
0.4176248119473003,94,94,61,6
4.6495749166434530,92,93,44,4
2.3572174389669827,94,94,43,4
1.9891001942932893,94,95,54,7
2.7304511699120875,92,92,44,2
1.6021395004941694,94,95,51,0
3.6286078920225178,94,94,51,2
2.0364360411485252,96,97,59,5
2.9484392532290995,92,92,50,6
0.0966152755024207,92,93,36,6
0.8184143828367724,94,94,42,3
5.0137250883949251,94,94,47,4
0.2876505961927144,94,95,50,7
5.1283216232264000,92,93,49,5
4.0863979536017618,94,95,41,6
1.5716433849969182,94,94,62,1
1.8602421750899925,96,96,48,0
3.7953148843025390,88,89,41,5
5.6154208903469325,96,97,49,5
2.3943975781925020,94,94,52,3
2.8716958547222737,96,97,52,0
2.5638282114148820,90,90,48,5
5.1393392709394830,92,93,44,6
1.0338445385146771,96,96,52,0
0.9496679484305584,92,93,42,0
0.5840971595612834,94,95,47,2
1.2298404826446048,94,94,47,0
5.9303997333544869,94,95,36,7
0.0952954037139572,94,94,51,0
5.0409316311452796,94,95,51,4
3.3987461777291066,94,95,51,4
5.4361149269727642,92,93,56,0
5.9811677335916507,88,88,39,3
3.5469949184054017,96,97,46,6
0.3286402228154645,96,96,50,6
3.3270112629490964,92,93,42,6
5.7045389562456306,94,95,53,2
4.8581644443536458,94,95,54,1
1.4506581496895619,94,94,46,3
4.1324326334050197,92,92,51,3
4.9972646075077227,94,94,47,4
1.1531434547615935,94,94,54,1
5.0615402937478002,96,97,50,0
1.7584060153916103,94,94,51,4
3.5325716131894236,90,90,50,7
3.9816235230306267,92,93,49,1
1.3763517273117509,96,96,52,4
2.4941265233427190,90,90,46,7
5.1182244657019327,94,95,48,7
3.4321503024004802,94,95,44,7
4.3521862990380722,92,93,51,7
5.9184189444891233,96,97,50,6
3.7744523615872283,92,92,52,4
4.5299882572808059,96,96,49,1
0.9833334687459085,94,94,47,2
4.3635160350961923,96,97,45,7
6.2551360959202720,94,94,50,1
4.8988317731615867,96,96,46,6
1.9927857304278531,94,95,58,7
1.0510402252887356,96,96,48,2
4.8146077033397692,92,92,47,3
3.7650642989365330,96,96,58,2
3.1606997024195893,90,91,35,4
1.7537268656611362,92,92,52,2
1.4045137097555787,92,93,46,0
5.9156814331215548,92,93,51,5
6.1515978373647933,92,93,48,4
4.6520364235634322,94,94,48,3
2.3935161577539152,94,95,46,3
4.2209317959788368,94,95,46,7
1.4054905032649085,92,93,49,5
1.4250354975429766,92,92,42,6
0.0034943078411438,94,95,48,1
1.7705033970095374,94,94,44,7
4.0346073410514780,96,97,48,6
3.2780941552996525,94,95,46,1
1.5792320284504244,94,94,52,1
0.0556284780494443,94,95,51,4
0.1764776937749328,88,89,47,3
3.0461120932493602,92,92,41,5
4.8618831526866284,94,95,51,2
1.1907771226924571,92,93,42,6
5.1685303274642891,92,92,46,0
3.0485032619478640,94,94,56,3
4.3716235000000383,94,94,51,4
4.0073773076698238,92,92,44,0
5.5617486764194473,90,91,55,6
5.6698686257875162,92,93,47,5
2.3190289420204451,94,95,50,1
2.4303257393914883,98,99,43,4
5.4630946319280760,94,94,46,1
0.8203936598858171,94,95,59,4
5.1255622310617950,94,95,59,4
1.6411345973030282,92,93,50,4
2.1977570556524477,96,96,51,7
1.8204056445228129,94,95,47,4
0.4563879254690644,94,95,51,2
1.7073001264523464,92,92,47,3
2.1466153716548426,92,92,34,6
1.7619261001399178,92,93,49,7
1.2850409198366455,96,97,53,7
0.4577495335396193,94,94,51,6
4.5644729319974848,96,97,58,4
4.6869912397560531,92,92,49,5
4.1630576593401640,92,93,49,3
3.5412649376539975,88,89,47,7
3.3115270669962915,92,92,50,4
2.6063642908808946,96,97,50,4
0.3056671077504877,96,97,45,7
2.3028740281756264,94,95,41,2
6.0769666321717022,92,93,44,6
0.3490740143434360,92,93,45,3
0.1101828085461891,92,92,52,2
2.6595929138592687,94,95,52,5
0.3155197612353696,94,95,48,7
3.5563534042455376,92,92,33,7
0.8403005024864614,90,91,37,2
3.8485033855027093,90,90,40,5
3.8133177021470708,94,95,45,0
4.0134075380439169,94,94,56,3
5.3389493718800987,90,90,48,3
0.3795969555706696,94,94,51,0
5.1658196901002889,96,97,48,4
0.6778072896421358,96,97,49,7
0.1606672255745295,90,91,47,2
5.2890628849811163,96,97,44,6
3.6180992283528157,92,92,54,6
5.8749655644560663,92,93,58,6
5.8805508131499549,94,95,46,5
5.9826868023070210,92,93,52,4
1.4591474437215566,94,94,49,2
0.2587471796833193,90,90,49,6
2.7748545469262260,94,95,48,3
2.5307044034177943,94,95,45,2
0.7892198804420012,96,97,47,3
2.0324388761180567,94,95,52,7
3.3889576051241233,92,92,42,2
5.7903597661948583,96,97,56,2
2.3284179562803828,92,92,50,6
4.9559524745199415,94,94,49,0
0.7630618980675921,90,90,50,3
1.9578426616651035,96,97,43,1
5.6139409527128459,96,96,50,2
2.5013518300169939,96,96,55,1
5.6099654488551751,92,93,44,2
3.3947534484796718,90,90,50,5
5.4881550193994064,94,94,44,3
3.2321347770747182,90,91,49,4
0.9824963056844899,92,93,47,3
6.1748890986681442,94,95,53,0
0.6419178666156357,94,95,47,2
0.4190396669173209,92,92,51,7
1.3570676183502572,92,92,39,3
1.0451621673336218,92,93,55,7
3.1496955723322109,94,94,49,0
4.5636308186697390,94,94,41,2
4.0205761312004809,92,92,48,4
3.0999719032941249,94,94,48,3
3.4208830822390097,96,97,44,4
1.2784036436693664,92,92,47,3
2.1121983310697940,94,95,50,7
1.0052094917340133,90,90,41,6
5.2852374284163588,96,97,49,5
0.1826242866719398,92,92,44,6
2.3215935946130482,94,95,43,2
4.7196043067042908,94,95,50,1
2.4456318958455197,88,89,42,0
3.8101728816524805,94,95,44,5
1.7009814055148222,96,97,57,3
0.6323276317841543,96,96,46,4
4.1755752204974694,96,97,50,0
1.3195952763202883,90,90,48,7
0.3430475346965092,94,95,44,3
2.7297589855361193,90,90,53,0
2.4378967993314671,92,93,55,5
3.2366346170108007,96,97,58,6
4.4755731718854275,94,95,52,7
0.2487729919949542,94,94,48,3
2.5271152725030910,92,93,52,4
4.0786425592970508,90,90,43,2
5.3389064891263045,94,95,43,6
4.2297871444853881,94,95,58,1
3.2018364608968688,94,95,44,3
3.0347060424064614,94,95,48,3
3.7578918872555382,94,94,48,7
5.2569655454620090,96,97,51,3
5.8988260780631618,92,93,46,4
5.9355945122991827,88,89,50,2
1.2984656305690738,96,97,52,6
0.0657968934185994,92,93,56,6
2.5873119621985219,94,94,46,5
5.4507910971152755,94,94,46,3
4.6856667776909413,90,91,48,1
5.4340158958831664,94,95,49,0
5.5867616254136285,94,95,47,6
5.6879505226497162,92,93,44,6
1.1614383637133368,92,92,43,7
4.1562793378815863,92,93,53,1
4.5162736818580749,94,95,45,6
2.3224603004341855,96,97,47,3
4.3812942140354796,96,97,51,5
2.8681758298856206,92,93,51,7
5.7077270699845917,94,94,42,7
3.7997017628253595,92,92,47,3
4.0002157599026011,94,94,53,6
3.2031454831829183,94,95,47,6
0.7415305288813614,96,97,42,4
3.0502935808100164,94,95,45,2
2.0336944027396715,96,96,55,7
5.0231238556261451,94,95,44,3
1.1179174273970367,96,96,63,3
0.6144216267454191,96,97,61,3
1.6329234906669592,94,94,46,3
5.0274931635467990,92,92,47,3
4.0901144890303742,94,95,55,4
4.5839416006079725,96,97,41,5
3.5013315033082750,94,95,43,6
2.1955369283404864,92,93,55,3
1.9569606621958047,94,95,47,0
5.8227734204277759,94,95,45,2
5.3976477500862741,90,91,52,7
5.0030521585536505,96,96,63,7
0.6725650792615131,86,87,44,3
1.4926573890096670,94,95,52,3
5.1646501331876333,94,94,37,2
1.0290584643301932,94,95,48,5
3.5119278876073921,92,93,48,4
1.5426542810046320,92,92,52,0
2.0859592756093579,94,95,55,4
1.1846490572033643,92,93,40,4
3.7557381342448166,94,94,55,6
2.0038292722525695,96,97,57,7
5.1791307177826686,92,93,43,1
3.8117168017962975,96,97,41,5
4.1965317117672489,92,92,55,5
4.8784066452390586,96,97,59,1
5.4822120171228743,92,93,52,4
1.0232392337635907,90,90,46,7
5.8763078080187441,94,95,45,2
5.0074855355163583,94,94,47,0
2.9721831702286239,96,96,41,1
1.9721250837842603,92,93,50,4
0.3654580261490198,96,97,42,6
1.4991095890448742,92,93,39,7
2.6430769584846394,94,95,43,0
1.5625708899724871,94,95,55,2
2.1730946385844017,94,94,44,1
1.9457857256894751,96,97,53,7
0.0797465859361508,94,95,50,1
4.8647478525182120,92,92,51,5
4.1735717246966848,96,97,47,3
5.8868803483191314,92,92,44,6
1.5797719596385242,90,91,57,0
1.8097821302663319,94,94,53,0
5.3217275022285362,94,94,55,6
1.1158410937317331,94,95,48,1
4.4114381905299505,94,94,48,1
0.9404448918920214,94,94,45,6
4.3974229689491189,94,95,49,0
2.1033416340695501,88,88,44,6
4.4471303887154692,92,93,50,6
1.2322581604772351,94,95,47,0
3.1628563825080405,90,90,50,3
4.0270339775731410,94,95,54,5
0.6967373703031161,96,97,47,7
0.9103473890309958,92,92,37,3
6.2604440616386032,92,93,40,4
1.4440778530209035,94,95,45,6
1.1955231029300564,94,95,48,3
0.5761190577730393,96,96,36,2
3.8682559704648507,90,91,49,2
6.1675354222596122,96,96,48,0
5.3111040238167053,92,93,48,6
0.9598535953916694,96,96,54,2
1.1035697326867948,92,93,42,2
3.1417157029157177,94,95,52,3
5.7906758473104372,94,95,52,5
3.6016160616055761,92,93,52,0
5.1367579213739543,94,94,43,4
3.6118695973476385,94,94,47,0
1.1081841139038100,92,92,47,1
4.1401889789227901,94,95,45,0
1.8617908239149392,96,97,45,1
3.0706356338531156,96,96,54,2
2.9035969964386981,96,97,41,5
1.7625397125701143,94,95,50,7
5.4637352530564289,94,95,50,7
5.7534507061716678,94,95,49,4
0.4570611875846392,94,95,50,5
5.8090394017058218,92,93,50,2
1.2276398455159987,92,93,47,5
4.8850023069286816,94,95,51,4
0.8119969033407727,94,94,43,0
5.2945273609766446,96,96,57,7
4.1634704428618692,94,94,44,7
5.6782077733418115,92,92,60,0
3.1540555295390091,96,97,50,0
1.0527999178209577,94,95,62,1
2.4494780801885430,92,92,46,6
4.8135889790469601,94,95,50,7
1.8883788723277830,94,95,42,1
0.4240980059866035,96,96,52,0
2.5535929882694841,94,94,46,5
4.7664116875634530,96,96,45,3
2.6729344718775918,92,92,44,0
5.8813046310312904,94,95,47,6
0.5795520691164263,94,95,45,2
5.8740915839311008,92,92,56,6
4.6273744330982431,94,95,47,0
0.5381480942985032,94,94,49,4
6.0536592238452913,94,95,51,0
5.2903642956603800,94,95,56,5
6.2058647285376320,92,93,57,3
5.5543265253827094,96,96,52,6
2.3314148207307470,94,94,46,1
4.5583211766728731,96,96,52,4
5.7665446086872860,94,94,45,0
1.8588921989912934,94,95,50,7
4.7674888618934590,90,90,48,3
5.0882494392695872,94,95,50,1
0.2166790945405900,94,95,47,2
1.7914421570620336,94,95,49,2
3.4468793750248206,92,92,42,0
3.2454195776973305,92,92,50,6
6.0500497204131065,92,92,45,1
2.8043148917589842,92,93,50,4
3.3602950816607349,94,95,46,1
0.7752807286040737,92,92,51,7
4.4512010462920824,94,95,42,3
3.7901490660065997,94,95,60,1
2.1380091679353850,94,95,53,6
2.9390981033526606,96,96,52,6
5.8796411912589734,94,95,43,0
2.8384603401527979,90,90,47,4
3.2644497170466891,92,93,43,1
5.5963704165071224,96,96,49,5
3.8450616788397838,90,90,50,3
4.6718894431184701,92,93,44,0
0.2689824027053839,94,94,47,2
3.7053884697977844,94,94,56,7
1.0230401285006154,94,95,51,6
5.7497996721320135,92,92,49,5
1.1352192965687282,94,95,44,5
3.6969594783430599,94,95,59,2
0.8045015380138055,90,90,51,4
5.9531189123244497,92,92,40,4
4.5087254443914375,96,96,47,1
5.2383167429266599,94,95,47,6
1.8426979982958318,94,94,50,7
6.0090568766077892,92,93,47,1
3.2627884694884886,82,83,43,2
4.4684962481860673,96,97,46,2
3.6690951083161103,92,93,50,0
0.9832709878572811,96,97,49,5
4.8476268000056715,92,93,54,6
2.3838388003092241,96,97,50,0
0.0278802941641407,84,85,37,1
1.2170312930666689,92,92,48,6
5.8574992315042822,92,92,43,5
5.5266902411406935,92,93,38,6
5.4424757857197559,94,95,45,6
2.9586780203063121,92,93,43,7
6.0841205384479577,88,88,41,5
4.3128254591314814,94,95,58,5
5.1335505761489824,92,93,52,4
5.7620235027050422,92,93,39,3
1.1244058883666410,96,97,49,3
3.9878448035600513,94,95,48,1
1.8728382095854443,96,96,50,4
0.0265469121376348,96,96,50,6
1.0853795908240642,94,94,45,0
6.0476706223854499,92,93,43,5
5.7578677216029535,96,97,52,0
0.6690268880235671,92,93,48,6
3.0422957257549847,96,96,44,2
4.8934185800511463,94,95,57,0
4.0653298140880736,94,95,49,0
2.4103413156455238,92,92,47,7
1.0470411213806978,96,97,47,7
2.6499415957429848,94,94,55,4
3.2450935491030521,94,94,47,4
3.7592884674127762,94,95,46,7
5.6966524032430987,92,92,51,7
3.6545759538627776,92,93,47,3
1.1880442154805031,90,91,53,2
1.5661872258690717,96,96,51,7
0.6254915538222982,92,93,52,4
3.4571105184293476,94,95,41,2
1.0609306735042150,92,92,51,3
0.1853393494888314,94,94,40,5
5.7653030220591166,90,91,39,4
2.3928773902146547,94,94,54,5
2.0881118240843564,92,93,39,7
2.6745835335858854,92,92,51,7
2.4892359509341282,92,92,49,1
5.1678854927088622,92,93,53,7
3.3569603349806529,96,96,49,3
3.4241966077328598,94,95,49,0
2.8784011636443574,90,91,46,7
5.5703587968183230,96,97,49,3
3.2404146606051221,96,96,40,0
4.8539362786382956,96,97,40,4
4.6799508395563771,92,93,50,4
0.9587002154988775,94,95,60,1
3.1202699856689891,92,92,47,7
5.7281653663531991,96,97,40,6
0.2573344847994726,94,95,47,4
5.1646441756766537,92,93,47,7
0.6287861379612170,92,93,47,5
5.5407705373512375,94,94,52,5
4.3774671941730627,94,95,54,1
4.5248181941869863,94,95,51,0
4.4812436687419979,92,93,45,1
5.4032762951917679,90,91,33,4
3.2462692211288968,92,93,53,1
5.7141117419489023,96,96,55,1
6.0647275491723489,90,90,44,1
2.1346617117587345,94,95,45,6
0.8981690628292298,94,95,52,7
6.0995085821495785,94,95,56,1
3.5652432503479812,94,94,50,3
2.4301538875162154,94,95,60,5
5.0721999647630795,92,92,42,4
4.0770788459791216,94,95,46,3
2.1054729915631230,94,95,35,6
5.0035171081844396,90,91,51,0
1.5399173876812022,92,93,59,1
3.9485286257302041,96,96,40,6
4.6391530578386879,90,91,46,1
3.7606720369231490,94,95,56,1
5.9758983392880154,92,93,54,4
3.1084076763037416,94,95,45,6
3.7918326140538490,94,95,51,6
0.1586387627577401,92,93,49,7
0.7194078346665154,90,91,48,3
0.3998848992246624,92,92,47,7
4.3799968737304900,94,95,56,3
1.0508920536571746,94,95,49,2
5.1383408081423951,94,94,45,2
5.7775924637823168,92,92,53,7
6.1660177084661756,94,95,50,3
5.6792747528209571,94,94,50,5
0.1440418272321970,94,94,48,7
3.6665386381879670,94,94,53,6
3.1730852895458517,94,95,52,7
3.2923841517703436,92,92,44,4
4.1662478364296316,92,92,45,3
2.5512980647905281,92,93,48,2
3.7788318929033289,94,95,55,4
1.8470608295923090,94,95,54,1
0.2775823269485155,96,96,49,1
2.8767343837793664,94,95,51,4
5.4617441163303457,94,95,55,4
3.1276032116041064,92,93,49,5
3.0532217109275401,96,97,53,5
0.0572825937328305,92,93,47,7
0.0012019962509952,94,95,43,0
1.3236929930560872,90,91,53,6
2.0472057489550677,94,95,38,7
3.0339939317748201,90,91,54,3
2.8963972287891906,96,97,58,0
5.3478740293354798,94,95,46,7
3.8139989068008764,92,93,45,1
4.7618564225036586,92,93,42,0
3.5423083328722162,92,93,44,4
3.4594275622080946,94,94,54,3
0.1110281789632572,94,95,51,2
0.4181229873617957,94,95,51,0
6.2609998274332037,96,96,52,2
0.3488968575140663,92,93,50,4
2.2647422695722739,94,95,51,6
1.5584890280662922,94,95,52,1
1.0191283265453872,88,89,38,4
5.9425128188166010,96,97,46,0
2.4035291875993026,92,92,50,6
0.9473158363749038,94,95,49,4
0.5258120564438744,94,95,53,0
3.7838755471049419,96,97,42,2
2.0126183505115871,96,96,50,6
1.6925890520260891,92,93,50,2
3.9227978946361768,94,94,40,7
4.2259332971896058,94,95,51,4
3.0241978951106514,90,91,43,6
1.9139677647600071,92,93,44,0
5.3281544567784698,94,95,47,6
2.0438285078651348,94,94,47,2
2.1721754023378508,92,93,52,6
0.3169833576965261,88,89,45,5
1.4401237613087343,92,92,49,1
0.4192285924107853,96,97,55,3
0.8138649133548596,96,97,51,5
2.2515649748041704,96,96,49,7
1.9445628418195218,88,89,50,6
6.2645012101104616,92,92,49,7
5.4156887634096691,96,97,42,2
0.7478985260676891,92,92,52,2
2.0616657973197792,92,92,45,3
5.0793045153789667,94,95,51,2
1.8638033530433933,96,96,46,0
1.8394669701596955,96,96,49,1
2.8039411098508031,94,94,53,2
0.0742759844274613,96,97,57,5
2.2654941267302702,94,95,60,5
0.4487684584542698,94,95,48,3
0.9764222756667214,96,97,47,1
0.6489528591482153,96,96,44,6
4.5638654098006786,92,93,60,2
2.6633403565240172,94,95,57,0
1.7248860513561126,92,93,42,0
4.8771127940604480,94,94,46,5
5.3465279309354097,92,93,46,4
3.6841982810762541,94,95,48,1
2.0812708461543510,92,93,45,5
0.2122732535234991,92,93,34,2
0.6122487800654473,94,95,43,4
4.8583984570477492,92,93,49,3
0.4746092166445642,94,95,48,3
2.8577726350395736,92,93,49,1
0.4063009387078701,94,95,60,5
0.3530588411547847,96,97,49,5
3.2029167294398970,94,95,47,0
4.7669215214219891,94,95,48,5
5.3684496162337592,86,87,43,2
1.1520242764313136,94,95,45,4
4.6992748122663075,94,95,54,5
4.3149599886599548,94,94,47,6
1.3120877056171762,96,96,50,2
1.8233382602972981,98,99,55,0
5.3919584577198023,94,94,46,1
1.7574610596142597,92,93,45,3
6.1267000684856612,90,91,42,7
5.8954883299820162,94,95,56,7
6.1873827504248178,94,95,42,1
4.3388717829976757,92,93,50,0
0.2328651510029046,94,95,48,3
3.2716316490283845,92,92,39,5
6.0946332566459001,94,95,46,3
1.8585204379683604,94,95,46,1
3.6184390180203909,96,97,58,4
4.6905157956505610,96,97,50,4
5.2338728024023391,92,93,46,2
2.9593033679315495,96,97,42,0
2.7717115400044028,92,93,51,7
1.5936608299995569,94,95,47,2
1.3637111225992189,92,93,41,3
0.6840102684909000,98,99,47,0
5.7799317667983399,92,93,46,6
4.7848201200188916,92,93,46,2
2.0162436476939258,92,93,40,2
2.1302439080770741,94,94,48,7
0.5778210930871476,94,94,51,6
6.2556823855918449,94,94,56,3
1.8674325919707859,94,95,45,4
1.1959655212464226,94,94,49,6
4.7720955196437842,92,93,48,2
5.8308579702503769,96,97,42,2
4.3555388754126598,94,95,57,4
5.2823440029145194,92,93,48,0
5.4937373347059824,94,95,58,5
2.8749529336511248,94,94,48,5
5.1643312521105935,94,94,49,4
1.1151106795939685,88,88,44,2
2.1378128354242945,88,88,50,6
4.5530457550756358,94,95,44,5
4.3672536235587893,94,95,54,1
5.3366669798238622,92,92,53,3
2.5304445154972801,94,95,50,5
5.3322809972123615,94,94,44,3
6.0512905947154216,96,97,54,2
4.1644798792827888,94,95,49,0
6.1139912059791977,92,92,47,5
2.6313616642652384,96,97,39,1
0.2083084173995471,94,94,56,3
6.0412475388332885,98,99,45,6
4.3266183534650633,94,95,54,1
6.0896165375025877,96,97,48,2
2.7774101743799924,94,95,53,6
3.7771249604545249,92,92,54,6
1.6071222730731887,96,97,48,6
3.0928402558869958,92,93,37,5
5.1607929445644896,92,93,59,5
3.9007184331503404,94,95,53,2
6.0940924211502088,94,94,51,2
4.8605867055402108,92,92,52,6
0.1207264581969710,94,94,46,7
3.3658622896244452,92,93,51,3
2.0592721784365740,92,93,51,3
2.3227228715016284,94,95,37,6
5.8217213368628915,96,97,49,7
4.7921837489487054,94,95,42,3
3.5309965112218342,90,91,46,5
5.8337860664256578,90,91,53,6
1.8572931904724810,92,92,51,1
0.5257287118367766,92,92,35,1
5.5834639255725973,94,95,55,6
5.0930261475850385,92,92,51,5
5.7248970788596303,94,95,56,7
0.6772827324221132,94,94,56,5
0.7881070362592419,92,93,53,1
3.7315841105815952,92,92,52,0
4.6113132894072217,92,93,55,3
3.6500987645762866,90,91,51,4
4.9258435010568347,96,97,58,2
4.7682530684265565,94,95,41,2
0.2449098475864288,92,92,46,4
1.2522872442352770,94,95,54,7
5.3772393822541247,94,95,45,0
3.9095370748192213,92,92,41,1
2.9040655457496443,94,94,43,4
4.7675738135676582,96,96,51,5
1.2910590309038090,94,94,51,6
5.1030488716590368,92,93,55,5
3.0279882698060279,92,92,43,5
3.5094445425642786,92,93,52,4
1.9327344477779356,88,89,54,4
5.0299137819176805,94,95,49,2
2.9030459347163222,96,96,52,2
2.7523684158939088,94,94,51,6
0.6295668998354595,96,97,51,3
0.6832236571426379,92,93,50,4
3.1713645130304289,94,95,49,6
0.9214139204566151,94,94,42,5
1.9136087594695343,92,93,48,6
5.8795736456713206,94,95,61,0
1.8445289828238702,94,95,45,4
2.9920957872712637,94,95,47,4
5.3944762016068220,94,94,52,7
2.3444558368512345,94,94,48,1
5.2594711990827809,94,94,50,3
1.4551192686360608,94,94,53,6
0.5758359195422319,94,94,44,1
4.3482292841663108,94,94,45,4
2.8314488556941284,94,95,44,7
2.0389016725097751,96,97,52,4
1.9194867544600898,96,97,59,3
4.2194883115270025,94,94,56,5
2.4447776365795244,96,96,51,1
3.5876764896572850,96,97,54,2
3.9638095866745418,94,95,49,2
3.1340496721209048,94,94,46,5
6.1786083721831178,96,97,45,7
4.1675155466553102,96,97,51,5
1.1276949634887685,96,96,53,5
3.5774272649213876,92,92,46,2
0.5412076206766451,94,95,49,4
3.2338609866447001,94,95,47,2
3.4775543862332214,94,94,45,6
5.6391773239152609,92,93,50,6
2.4024080513470687,94,95,41,0
2.6640460537164214,94,94,52,5
1.5250130250513991,94,94,50,3
1.2745864403947533,94,95,43,0
5.5283200566699469,96,96,46,6
4.9991018043412883,92,93,53,7
2.4519391094579177,92,93,50,4
4.6648644412233935,96,97,36,2
1.5138804206465342,94,95,60,1
5.1467327243219847,94,95,49,6
5.9084300913809988,92,93,49,5
2.8666378319719512,94,94,56,1
1.4970406514274419,94,95,48,5
4.8537387945465973,92,93,41,7
3.5715915864973051,92,93,49,1
0.2948165431405238,96,97,55,3
3.8173390935329508,94,94,49,2
3.9353575074420868,94,94,52,3
1.9990769648403959,94,95,49,6
6.0098371153626928,94,95,49,6
4.9471294987357997,92,93,49,7
2.3222979560505790,96,97,47,7
1.7521998245803161,96,97,50,0
6.2757530093325844,94,95,51,2
0.4053894236790733,92,92,55,7
0.7194176981396573,94,94,42,3
5.2644161071320017,94,95,49,2
1.4153557153148826,96,96,44,0
5.6978241637289111,94,94,43,0
4.4580960959551614,94,95,52,3
1.3321121127668523,94,94,48,7
0.6746051288550601,96,97,58,2
2.3811768060968119,92,93,36,2
4.6900282870758021,94,95,55,4
0.8073030354741663,92,92,51,7
1.4114895002164569,92,93,49,5
3.9361636229912822,94,95,50,1
1.0884220883443432,92,92,40,0
2.3814441563299917,94,95,52,1
0.1168305942456422,94,95,49,6
0.4031852124113695,94,95,50,3
2.2877736945025524,92,92,48,6
2.1772056213657485,96,97,50,4
0.3081202543389115,94,95,46,7
4.1798326657300588,94,95,48,7
1.0508711204601726,94,95,51,6
1.3600248917813753,92,93,51,5
6.2316614241652442,94,94,56,3
6.1301447968599305,92,92,41,1
5.8479103535011747,94,94,50,7
5.4348361870598714,94,95,51,6
3.4215935510202868,92,93,51,7
1.4034484002617398,94,94,51,4
1.4962566362198175,94,95,53,0
0.0134171482754420,90,91,47,6
2.5933346018085537,96,96,53,5
4.1355822030825768,94,95,49,4
0.7694829540427465,88,89,51,7
4.6658770050276397,90,91,53,6
2.7443982407607406,92,93,43,1
2.1510987386140505,94,95,44,3
0.0762609652930494,94,95,46,7
4.6008219079215653,94,95,49,2
4.5630082491641071,92,93,51,5
2.2738040416439063,94,94,48,3
0.3436351576232317,92,93,44,4
5.2947317103158920,90,91,46,7
5.4845852066803769,94,95,46,5
1.1521057327136648,94,95,51,0
4.5090544518931166,94,95,42,3
4.2314300386043522,94,94,51,4
1.2869743432528222,92,93,52,6
5.9766809512848678,98,99,47,2
2.3186244546304930,90,91,43,0
4.0049167764760831,94,94,44,7
4.7818027910845542,92,93,45,3
3.7318671943696025,92,93,58,0
4.0915165376945968,94,95,49,6
5.0468780156798188,90,91,61,6
3.0857039432077675,94,95,43,4
3.9961980841690385,94,95,49,6
0.2571314108845994,96,96,48,4
1.1993392844086213,94,95,47,4
2.3965333358067031,92,92,50,2
5.2949987236628671,94,95,42,7
4.8783361360963937,92,92,53,7
6.2109893185961802,92,93,50,6
4.7008561964738833,92,92,49,7
1.6480831549888650,94,95,44,7
2.4275927739260177,94,95,43,6
2.5069920477302770,96,97,42,4
3.7168571728498336,92,92,45,7
2.4926947732285853,96,96,50,0
5.8114703480761234,96,97,48,6
2.8682455181387208,96,97,53,1
0.4354741152410942,94,95,45,2
2.6891728972199962,94,95,51,2
4.6776037364889032,92,92,43,5
4.0940340612833017,94,95,49,6
6.2374083844097754,92,93,61,1
6.2825674112418186,94,95,46,1
0.1629236611504530,94,94,47,2
2.9834833414780655,96,97,60,2
5.9183603723601461,94,95,51,0
1.3657727951416907,90,91,49,2
4.3196764304739110,92,92,46,4
5.7096028489712447,94,95,44,7
4.3287259122290349,92,92,49,7
3.3026860759416392,94,95,52,7
3.8894705224676831,92,92,55,7
3.1961509224543181,94,95,51,4
5.9528325470078336,94,95,49,0
5.8995251715215220,92,92,41,3
0.8578437577685459,90,91,47,0
5.6038219687095241,92,93,47,5
5.0582748044219521,94,94,51,4
1.2472498924591306,94,95,43,4
0.5949099562780428,94,94,48,7
4.8458889116334358,96,96,48,2
5.7226497495052167,92,93,54,2
1.0118896257449863,94,95,52,5
0.4605365997242251,96,97,52,2
4.4560341847775025,92,93,49,5
4.0136359614896691,94,94,51,4
2.0703728403205903,92,92,49,7
3.5309749013073497,92,92,42,0
3.5770144155406265,94,94,50,5
0.9330835403891353,94,94,53,0
4.8268049884188020,92,93,45,1
3.1309446017099618,94,95,55,2
5.4429766473375851,94,94,44,3
4.0679458899839371,94,95,47,0
2.5585139618915389,94,94,47,6
1.8487495698860434,94,95,50,1
2.1884019335916127,94,95,43,2
2.5961442663968830,94,95,52,1
5.9237640300938699,90,90,44,7
4.9081954325338506,94,95,43,4
3.1111197417977272,92,93,53,5
3.7316949275232032,90,90,42,7
2.6010525689791990,94,95,50,3
0.6546794158107349,92,93,53,3
3.8932549346262952,94,94,51,6
2.7925806437178462,88,88,46,2
0.4382336052339870,94,95,50,1
6.1121839440812646,94,94,48,5
0.4042399470705429,94,95,43,6
0.3233376236377026,94,95,53,0
1.4478557554225289,90,91,40,5
5.5113885749586959,94,95,42,7
4.0971117334324161,94,95,52,5
1.7004031414779350,90,91,51,4
5.9632976681428724,92,93,45,7
4.6687817066045474,92,93,46,2
4.7223578884689230,94,94,45,6
2.8747288493149847,92,93,49,5
3.0668288657845419,94,94,53,0
2.8694221923927019,96,97,54,4
4.3950040790783094,94,95,49,4
2.3607961979019998,92,92,49,5
6.0188668693221921,94,95,50,3
2.2703982026553309,96,97,49,3
2.7091724181183223,94,94,57,2
3.9911561278759566,94,94,45,2
0.2334829935700481,94,94,46,7
3.6396384060890443,90,90,47,0
5.5010220558183747,94,95,43,2
1.2070103958849288,94,95,49,4
1.8277278385513080,94,95,45,0
4.4890263403254789,94,94,46,5
0.1652270795259949,92,93,45,3
5.4704268382218135,94,95,53,0
5.7677736020449872,94,95,53,0
1.2598168062044095,92,93,42,6
5.0381829698925005,96,96,43,1
1.2477360464708700,92,93,49,3
2.5039106816777235,94,95,49,0
1.7870766681191250,94,94,47,2
1.9484256918768237,90,91,40,5
6.0718121665637801,96,97,52,2
4.6133902748844964,96,97,44,6
5.6295430890809843,94,94,53,4
2.4265242586783859,94,95,51,2
3.9353021656767790,94,94,50,5
4.9917604312904604,96,97,55,5
5.9408488400056063,92,93,43,7
4.5084195150726716,94,94,46,5
3.6910320831606072,92,92,42,4
5.3012313133676585,96,97,51,5
4.0311229066546899,94,95,52,1
5.8451552839802687,94,95,55,0
0.4790186810820606,96,97,52,0
1.4500855698060977,94,95,43,0
2.4992763412438359,96,97,49,7
5.2764140458926780,92,93,58,6
2.7136440431838933,90,90,45,0
0.5668660769268657,92,92,52,2
0.3505090580334359,90,91,40,7
4.4822119168086916,94,95,53,0
0.5779943877976814,94,95,54,1
0.4206355345900630,94,95,50,5
0.4337956665632817,92,93,53,5
3.7227412956610793,94,95,39,6
0.1368556192110554,92,93,44,4
0.4217798141684360,90,90,45,2
3.6210467154232369,92,93,56,0
1.7062765738194610,94,95,50,1
4.4842404534327862,96,97,48,2
5.3346619805785647,94,95,45,4
2.0572812655160573,94,94,40,5
1.1851348489098690,92,92,45,1
3.0095266420569620,96,97,43,7
4.4475487123187634,92,93,48,2
4.5967360402132869,92,93,53,3
0.5508184737329224,88,89,47,7
5.4632616290038554,94,95,46,7
5.1437854810436345,94,95,46,7
0.6438550115494611,88,89,45,3
2.4578806349900204,94,94,49,6
4.8397810136841084,92,93,49,7
2.1211418078935074,92,93,50,4
1.9156630188758419,98,99,43,2
4.8261414867904291,94,94,51,4
5.1345049742238844,94,94,48,3
1.7880878274958694,94,94,52,5
4.4494237709206628,92,93,51,1
3.0619853395689942,94,95,46,3
0.3941866504907585,94,95,52,1
4.2053442495165481,94,95,48,3
0.7058965406165761,90,91,41,6
2.6823755993006602,96,96,44,4
1.8851894863761542,96,97,51,5
2.1744924067757716,94,95,48,3
2.3448464072237680,94,95,51,0
6.2736295133633311,94,95,53,2
1.0184239641440098,94,94,45,2
0.8724335191415493,92,92,48,6
5.7259017588773728,94,95,44,1
3.6365359958460353,92,93,51,5
4.5300899960704726,94,94,45,6
4.2494022245577829,94,95,54,1
1.6038071579308706,94,94,50,1
5.1484649938232101,90,91,38,5
4.4578801032745767,94,94,42,3
5.8811007148661529,94,95,49,0
4.4825913897788556,94,95,42,7
1.0087714773197280,92,93,56,6
4.1654846414943663,94,95,48,5
4.5815207767249921,94,95,53,6
4.4375049522507473,92,92,45,7
0.3956982149239602,98,99,58,5
3.2215273324582072,90,91,42,5
1.4759800738925177,94,94,48,5
1.3904851694596454,94,95,51,4
3.2880742859245138,92,92,49,5
5.4830715464379347,88,89,46,2
1.8348221192485976,96,96,61,3
0.6088879276435677,94,95,57,2
1.6315170186243690,90,91,56,5
3.3015608658376503,94,95,51,2
0.7282055480116431,96,97,53,3
1.5075385355477888,94,95,61,2
4.0548728361681308,92,93,53,7
1.0717001008129250,94,95,56,5
3.6318796802847366,92,93,49,5
4.8424878313360056,96,97,47,3
5.3942354730256161,94,94,46,1
1.4927657319325380,94,95,53,6
0.4857160693022148,90,91,46,5
4.3935650926472904,94,95,44,1
4.0103657203919294,94,95,51,6
6.0546769752822502,94,94,41,0
4.4234121411919203,88,88,48,0
2.5482360715957229,94,94,51,4
5.6538405628734720,94,95,45,2
0.7019507092788437,94,95,47,4
0.8926125315326915,96,97,52,6
5.4438946971236799,94,95,52,7
5.4830305220381188,96,97,54,6
6.2723551630209835,92,93,54,6
1.4284305146974656,90,91,51,0
2.8403058936528343,90,91,43,2
3.0579852395614195,96,97,52,0
0.7835523433659368,94,95,54,5
4.9900158976465043,94,94,49,0
4.0509244383547172,92,92,47,5
0.2448099827732907,94,95,52,1
3.1377641655180972,94,95,53,2
4.5278462428738884,96,97,49,7
4.3194456802799444,94,95,49,6
5.2935850715692512,94,94,45,6
1.9435609340550730,96,97,49,1
2.8663047696725377,94,95,48,7
4.6498629151730944,94,95,46,5
5.9464057650062738,92,93,55,1
3.1704362654785783,96,97,51,1
3.1257067652381627,92,93,47,1
0.5519060269345342,94,95,50,7
3.4116333878269320,94,95,57,4
2.1808341284921533,92,93,51,5
1.1320652869038774,94,94,42,1
1.8299074824974517,94,95,49,0
1.2920298154014807,94,95,42,3
3.2482771439607294,94,95,50,7
3.7152208626873637,94,95,39,6
2.3082338943509852,92,92,45,5
4.6984586300137270,92,93,50,4
2.5806203859555628,96,97,42,2
6.2359708969666547,96,97,44,2
1.9739422865949683,96,97,55,7
3.5178714634538459,92,92,40,4
0.1008076133462350,88,88,47,7
0.0354608902529763,94,95,52,1
4.0785462443327916,90,91,41,0
5.3936618598817079,86,86,37,4
4.5176209803792240,96,97,57,5
1.9004504472549144,96,97,49,7
4.2442394307592473,92,92,33,7
2.6889069922128295,90,91,48,7
4.9908754233163783,96,96,50,0
5.3893650031745723,96,97,63,3
3.7809090621776940,94,94,52,1
3.4878205186927493,94,94,47,0
6.2466869875956998,92,93,54,6
4.3887977345885734,94,95,50,3
1.2815939041150872,94,94,49,2
1.6299646442367921,88,89,41,3
3.6653021289494148,92,92,44,4
6.0171212426158895,92,92,34,4
3.1352917554624540,94,95,50,7
4.3940599868012695,94,95,48,7
3.9069089891255131,94,95,47,2
5.6812889452744235,92,93,50,2
5.8885047704597113,96,96,50,2
2.2272726289052160,96,97,55,5
5.6769880741707901,94,94,43,2
1.4645109721809555,96,96,36,6
0.3358632704731560,94,94,51,0
0.3474449848074097,94,94,47,6
5.1234872320520424,92,93,56,4
1.2654902701084911,94,95,53,0
4.0396131817585452,94,95,48,1
4.9560030533265191,94,95,55,2
0.1942402891676335,92,92,41,7
2.2644611083863233,94,95,40,5
2.7337657714101367,96,97,53,5
2.0175764636187918,92,92,46,4
2.8364492972523876,94,94,45,4
0.0482168290452216,90,91,48,7
2.5757813970248518,86,87,48,7
2.1803688799418932,94,95,54,3
1.0404489184493004,94,95,49,6
2.9782943316809662,92,93,49,7
2.1809737968637508,90,91,52,1
1.7087655091788532,94,95,47,0
4.3701288614947513,96,97,50,0
5.4571284752475009,90,90,46,1
3.3213213402378865,94,94,50,3
2.6061463283204964,92,93,44,0
4.8547887117894604,96,97,55,7
4.5081035739079125,92,92,46,2
2.1488046452095504,94,94,53,0
1.2398793848327410,92,92,49,3
6.0950381609712743,92,93,36,2
0.3160231429148435,94,95,53,2
1.4067664159967750,96,97,54,4
6.1681769287079637,96,96,49,7
3.3694134859400395,94,95,44,7
5.2780655570386958,92,93,55,5
2.6960224244492754,94,94,49,6
0.3688065768555134,96,97,48,6
0.1227378499838861,90,90,51,4
1.1857775745548025,96,96,46,4
4.4827679235682751,90,91,45,2
5.9163650611760561,94,94,52,3
1.8180140282222144,92,93,51,3
0.7181854665821887,88,89,45,5
2.3807534045933747,90,90,45,2
2.3090365171319767,90,91,49,6
3.3904413260232085,94,95,53,0
2.9125957895327939,96,97,54,6
0.9572149053838250,94,95,48,5
6.0693195829267417,96,97,49,3
3.9893726941944956,94,95,49,4
2.2448065973060429,96,96,45,1
6.1541057799272112,94,95,47,4
4.5081318804909953,94,94,47,4
1.0831141121799945,96,96,46,6
4.2525676081223329,94,94,46,3
2.1926397938597360,92,93,55,7
0.5852948408928232,92,92,44,0
0.1277312694316154,94,95,52,5
0.7410408201660000,94,95,56,3
4.0828990259869382,94,94,49,2
5.8640778405260514,94,94,49,0
0.0389271981478902,94,94,53,0
0.3779102776452873,94,94,53,2
5.8082638750223827,94,95,51,6
2.0825238131328923,96,97,45,5
6.2034862047947756,92,92,47,3
4.7818182629245909,96,97,43,7
4.5505973271864253,92,92,42,4
4.6914323082996248,96,96,52,0
5.8759950216972259,94,95,44,7
2.9220866446111491,94,94,52,5
3.0416864461513056,94,95,46,3
0.0312210086426956,92,93,51,1
1.1551592956730583,94,95,42,3
4.2716117066267625,96,96,58,0
2.2060106479379562,92,93,49,3
5.3585655637254268,94,95,50,7
2.7000490144662721,94,95,56,5
3.4916734923503507,94,95,36,5
3.2431665049697584,94,94,47,0
4.2344878568937823,96,97,48,0
6.2321252104431597,94,95,52,1
0.4420516410125079,92,93,51,1
2.8293146105011076,92,93,41,1
0.1723799300853213,96,97,41,7
5.4438040059585191,90,90,50,1
2.8271216261866456,94,94,48,5
0.8197175598974876,90,91,39,2
4.4027155204603741,92,92,54,4
3.6554698899685367,82,83,40,7
1.1229136154315822,96,97,58,2
3.0066824598851127,94,94,46,3
5.3987791645193193,94,94,48,1
4.7410787957821690,94,95,43,6
2.1074805968443622,88,89,42,2
1.3688215977478515,92,92,50,2
6.2684233027699845,98,99,57,6
4.0765449315212754,92,93,45,5
5.0189445236009584,96,97,53,7
1.0914188013441695,94,95,45,4
3.2551928064017996,94,94,49,4
4.5362386122029736,94,95,48,3
5.3641536171736313,92,92,45,3
3.9892343995078763,94,95,60,1
5.6861202792431698,92,92,39,5
3.8447324433239980,92,93,50,6
2.0421332025292038,96,97,54,2
0.4271449296600293,94,94,49,2
6.2248245238112148,94,94,39,0
2.7499062862339327,96,96,54,2
0.2794635402477180,96,96,45,1
5.5206876198750132,94,94,46,5
2.3014945427642397,90,91,45,4
5.2429055536771783,94,95,46,1
4.6300764303316440,94,95,55,6
4.5005980121361802,94,95,55,6
4.9256333244851929,94,95,49,4
3.4801422499681252,94,95,54,3
4.2196554850394143,90,91,53,0
4.4053567800274545,96,96,50,2
3.7325278535426119,92,93,46,4
4.7908522320881053,96,96,51,1
0.7290862464530874,94,95,49,2
4.7801822770779632,94,95,46,7
3.6495314562443548,92,92,38,4
3.4433773813937831,94,95,48,3
5.4343322500676958,94,95,44,5
5.1777755456134900,96,97,54,0
5.4700275082690046,96,97,56,2
5.3130244384946463,94,95,39,0
3.7387153691817074,90,91,44,5
3.7445983711833906,96,97,53,5
2.4424469498812562,96,97,49,1
3.2520329324942723,96,97,55,3
2.2391526370570398,92,93,46,2
3.1354554017892862,94,95,51,6
2.1135642667371535,96,97,58,0
2.5339012951913071,94,94,48,5
0.9378506043974101,96,97,47,7
3.5262942488405558,94,95,51,4
6.0483585748196491,96,96,56,4
4.0202097100639831,94,95,55,6
1.2518685432500645,96,96,50,6
1.7853671506151219,96,96,45,7
1.4998003559193003,90,91,44,3
1.4373444784834064,92,93,51,5
1.5762717264104735,92,93,54,6
5.8552981903195107,92,93,37,5
1.5134019252398774,96,97,49,5
5.3973355294018939,92,93,42,4
4.9658524240010085,94,94,42,3
5.8409258445395853,94,95,46,7
5.4810115718962544,92,93,53,7
4.7878436472274455,92,93,49,7
0.6129757960484304,94,95,40,5
2.7767863538267097,94,95,52,7
5.3321245069865864,90,91,48,7
2.8360942227320463,94,95,55,6
5.0315905345625973,94,95,46,5
4.7796884478922541,96,96,53,7
5.9868822505752606,94,95,50,3
3.4874103974900210,94,95,49,4
5.8493753009841987,94,95,51,2
2.4493567915983245,94,94,46,1
3.1449055574161009,94,95,48,7
0.5570218048633555,94,95,50,1
4.1945159955315861,94,95,56,7
3.7716309352403843,96,97,48,2
5.3058982624515059,96,97,48,0
0.6992500910999421,96,96,40,2
0.0149543352899065,92,93,50,2
1.3297273850357627,94,95,47,6
0.0410635815758014,94,94,53,6
2.7207266648339492,94,95,54,7
4.2660243388804790,94,95,50,7
0.2233497207706184,92,93,45,3
4.6067783491915719,96,96,43,5
2.8803821604657820,96,96,53,7
5.0429012343709152,92,93,52,4
4.5735197799720151,92,93,47,3
4.6033563838248606,94,95,54,5
0.3631960428568046,96,97,49,1
5.0889139554711997,92,92,58,2
6.1582027780859026,94,94,56,5
1.4713473017363128,94,95,51,4
4.5482041943375746,90,91,48,3
4.7966107842304728,94,94,61,6
5.8710275455109198,94,95,51,6
1.8734310378530958,96,97,52,6
1.7724509652257103,90,91,39,4
6.2539189208662656,94,94,45,4
0.7718846722584349,94,94,51,4
5.6779102550300564,96,97,54,2
3.3859822775589148,92,93,52,6
0.0925382617868499,94,95,41,6
2.4772503881506336,92,93,52,4
5.1017967138934317,94,94,48,7
0.5465972925010650,96,96,48,0
5.1332967487718300,94,94,54,1
1.9351249222168772,98,98,49,4
1.4363106919050077,88,89,46,2
6.0182476965599285,94,94,48,5
6.2478396532004163,94,95,46,1
2.2504272658417044,94,95,47,2
3.2803647809604253,92,93,47,3
3.6624396998084223,90,90,45,4
4.4638109405609470,94,95,49,4
5.8357301418085301,94,94,45,6
2.0798948762762044,92,93,45,3
4.7919115281259845,90,91,47,6
6.1328837244622001,92,92,48,4
6.2667249065834785,94,95,49,6
3.3303681103686946,94,94,54,7
5.8991892377265795,96,97,47,7
1.3478314088709920,92,93,56,0
2.7169305196963736,94,94,56,3
2.5471499378959339,92,93,51,3
2.2399417202113749,92,92,40,6
3.1079315783807879,94,95,42,3
0.7567126847340024,88,89,42,6
3.5565179615196785,90,91,41,6
2.5600121011861217,92,92,41,5
5.9130000485522762,94,95,54,1
1.6702643422883900,96,97,47,1
4.1680490466476172,92,93,44,2
6.0542316668297866,96,97,51,5
0.2799105588435755,86,87,50,1
5.0975083640856811,94,94,46,3
5.0783202737957858,94,95,50,5
3.0876894035421634,94,95,49,4
3.3732198374898776,92,92,48,6
4.0564260954068825,94,94,50,7
5.8352511242614522,96,96,40,0
2.2155357625477961,92,93,42,0
1.5557409747522541,96,97,50,0
3.7246372326063035,94,94,49,4
2.0544583514069359,94,94,45,2
5.6610053542732466,90,91,41,6
5.0374451498585131,94,95,50,5
4.1889471680838115,94,95,50,7
0.3440269506736873,94,95,47,2
3.0449500484786225,94,95,49,6
0.4671973062559047,94,94,54,7
1.5815098998026778,96,97,51,7
3.8909743674836745,94,95,50,7
4.5017519132985102,94,94,42,5
2.1915469465423869,94,95,49,0
3.5630269156856920,96,96,52,4
2.9395531399056880,94,95,43,0
1.9403802724693699,94,95,49,4
0.2828435223703424,94,95,40,1
2.3475557767093345,90,90,38,3
1.7462841936552440,96,97,51,3
1.0150782645448611,94,95,48,5
0.0511582883754940,94,95,58,1
5.9383621248324436,96,97,46,4
2.1388041873613228,90,90,53,6
4.4187224652783632,96,97,47,5
1.4648449932676981,98,98,55,2
3.7831246358254380,94,95,51,4
3.9883606938274547,94,95,52,3
1.1171229651934806,92,92,52,2
2.8878430164540285,94,95,43,2
5.3880983440101629,90,91,46,3
2.0855108465446719,96,96,39,3
2.4825069959674693,94,94,49,4
1.1174602787485088,92,93,53,7
0.5536183326879925,96,96,40,6
0.1297781414020071,96,97,46,4
2.9622715959147308,90,91,54,5
4.7052043231668375,94,94,50,1
1.8120151827695372,94,94,52,1
5.1391717855138399,88,89,45,1
0.1163964977870970,94,95,53,6
1.2838470337050065,94,94,48,5
1.8646503182133869,96,97,47,3
2.0597718497166881,94,94,51,6
5.0035822019239999,96,97,55,1
3.7080548007193750,94,94,46,7
4.5987263109487984,92,93,46,0
1.0381379783761910,96,96,49,7
4.3142556853938281,94,95,50,7
1.6426524895515318,92,93,53,1
1.3222198334586341,94,94,52,1
0.9742346215548697,94,95,55,2
4.9211479844323138,94,95,46,7
1.8198530241899953,96,97,48,6
1.6797570140966314,90,90,52,3
0.9933890806184958,94,95,58,5
2.8581277835888108,88,89,43,1
4.4771089489828970,88,88,47,7
3.0076248253936231,92,92,51,1
3.0499563685471909,92,93,48,6
2.3211386543445669,96,96,52,4
4.6434132149740242,94,95,47,4
5.8860810071462470,92,93,41,1
4.4221897733117954,94,94,46,7
4.5326882245325297,92,92,54,4
5.6947805284106385,94,95,47,2
5.1473286678789094,90,90,44,1
3.8867384851698055,96,96,55,3
5.0360845714114966,96,97,46,4
3.2054332823123737,90,90,49,6
1.8060995686737724,92,93,49,7
2.7417037751408282,94,95,57,0
2.4829134376619133,92,93,43,3
2.2215445559415392,94,94,48,3
0.9686308869659113,94,95,61,0
1.5667562302686311,92,92,43,1
1.4226649762634231,94,95,51,4
3.4230209942360381,92,92,47,5
2.3220834457173249,96,96,52,0
1.3060130596311261,92,93,39,7
1.3467321208508205,98,99,54,7
4.3738600682521191,94,95,51,4
4.7930084329828819,88,89,58,0
6.1641530751409972,94,95,56,7
1.8112680340919476,86,86,38,5
3.0374182816210702,92,93,50,6
2.7590639889339372,92,92,41,3
1.1576892433348833,96,97,45,3
1.4972676936570122,94,95,52,7
4.4060110927396519,92,93,40,4
0.6372925572804830,94,95,54,7
0.7804243078219996,92,92,47,7
4.8523773779003569,94,95,48,3
5.0756198205891563,94,95,50,5
0.3704801260636658,94,94,43,0
0.8256523847249423,92,92,53,3
3.1275810630930767,94,95,42,5
3.3099227559026021,94,95,58,1
4.0231960223561840,92,93,50,2
3.1840528058739102,92,93,45,5
5.9872361272842980,96,96,57,5
2.4310282525178368,94,95,52,5
1.0341854395383474,94,94,43,2
5.7144296526714751,94,95,44,3
3.3664913920983834,94,95,49,6
1.0662213356707604,94,94,48,3
2.7357356250898719,92,92,50,2
5.8592562020919265,96,96,43,3
3.3886861999092970,94,95,54,5
2.7889218807553391,96,97,51,1
3.0742549150934710,92,93,49,5
1.1971951170716275,94,94,43,6
4.0218464261584979,90,90,45,6
3.1790202463073856,94,94,54,1
2.7622817314242596,94,95,40,5
2.5834558142648949,94,95,48,3
6.2497986901864477,92,92,50,4
0.6596387319152061,96,96,50,6
6.1020828494337280,92,93,38,4
6.2062221818884451,96,97,43,3
5.3048332584619917,92,93,40,6
0.9890494989297223,96,97,53,1
5.6795017446651404,92,92,49,5
0.0963662931724778,94,95,52,3
0.4554507567629752,94,95,43,6
4.8924905560746339,90,90,49,0
2.4688765123232179,92,93,51,3
1.2434190731034427,94,95,55,0
5.3271819443470818,90,91,43,4
3.9065714353746812,94,95,42,5
5.4750378784955984,92,93,46,0
2.3786311757152880,88,89,52,6
1.7441589374917481,94,95,51,6
2.5229216338388221,94,95,44,7
3.0350259306439176,92,93,45,5
3.0751987290404550,92,92,60,0
4.5975984569756001,94,94,47,0
5.0249863577517724,94,94,48,3
3.2483920507239943,96,96,49,3
3.0476610916434499,90,91,41,0
2.1013100737386230,94,95,52,3
4.6779444876280918,94,95,45,4
0.4310005148366853,88,89,42,4
3.7801802006515843,94,94,48,1
2.8740649224303128,94,95,48,1
1.2960272706531297,94,94,54,7
4.1165385533107202,92,93,58,2
0.3425957641091701,94,95,48,3
0.6531590776713504,88,89,49,3
1.4065304233941751,92,93,47,1
1.2367766853665478,94,95,44,3
2.6611345148829497,94,95,45,4
5.2555850183360810,96,97,42,2
4.2681882593000449,92,93,41,7
1.5153404749579411,94,95,52,1
4.1358342742622751,94,95,49,4
4.8289484467679200,90,90,45,6
2.5839128017895665,92,93,43,1
5.9591062853795149,92,92,48,4
0.0634140037888413,92,93,40,4
6.2485264058876915,92,93,56,4
3.7856727658302951,96,97,43,3
5.4335213880378328,88,88,44,0
1.7433373742770744,90,91,44,5
5.8674859119578064,96,97,53,1
1.1910795447210873,96,97,48,6
2.1877204252163440,94,95,43,2
2.9760601038513363,96,96,56,2
2.1748865155189665,96,97,58,0
3.5694524761895030,92,93,50,2
4.2891043998834668,94,95,51,2
5.1544012725254209,94,95,42,3
5.5213358737733262,94,95,53,2
1.1036044590455414,96,96,34,0
5.4819786034072857,94,94,46,3
1.3059749680208186,94,95,47,4
3.0440670722475116,94,95,44,7
4.2857050462882817,94,95,45,2
1.1976025118252749,94,95,45,2
2.7504019805077089,92,93,37,3
0.8643637328959726,92,92,50,6
2.1232408080094252,92,93,42,6
1.2861749130183302,92,93,47,7
0.9890482697498731,92,93,43,7
0.1196300996420930,94,94,52,3
1.8284695920341996,92,93,41,3
3.5035852940927477,94,95,46,3
1.3328083028878206,92,92,43,5
3.3342316963325462,90,91,49,6
0.3225336663962141,92,92,48,0
1.3338648963354616,96,97,52,2
3.7423167263832759,94,94,56,5
4.3234816358354440,90,91,51,6
4.5623757760718808,94,95,50,1
1.1748517202257271,96,97,51,3
4.1512341927872525,94,95,42,1
4.4072889484101134,96,97,38,0
5.7152739731441526,92,92,51,1
0.3859224963077207,90,91,50,7
3.9751073233209331,94,95,55,6
0.0345890335163381,92,93,46,0
1.5033549015944585,92,92,48,2
2.8910975746720222,94,95,56,5
3.2047537687033620,92,93,50,6
2.2341652741860876,92,93,49,1
5.3913903763771591,92,92,43,1
5.5601598572426063,94,95,54,5
5.0924234691994625,94,95,46,3
2.1694198432314797,96,97,48,0
1.6703653398858749,94,95,54,1
1.9484835996045540,84,84,47,7
3.9097924788035439,92,93,42,4
2.4069899772341996,94,95,54,7
0.9292333697528757,94,95,45,0
0.6531491412225516,94,95,53,4
5.8661633151752328,94,95,53,0
6.0355419311516449,94,95,52,1
1.8427026899161896,94,95,51,6
0.8958349727523397,92,93,47,3
2.1011972806840240,92,93,50,0
1.0649763276073525,94,94,49,4
0.8204655347565356,94,95,49,4
5.7445293129926194,94,94,47,2
0.2238084089081144,92,93,43,5
6.0228633541690888,94,95,50,7
5.7013900247542626,94,95,48,1
4.6745787122294846,94,94,44,5
2.7816600369247380,94,95,52,5
3.6249328347593610,94,94,52,3
5.9144936072796757,90,90,52,5
2.7763911950241451,92,93,44,2
2.4578700712564006,94,94,46,1
3.8890697584921248,94,95,56,3
0.9833075930722305,94,94,47,0
1.2081183271394231,94,94,48,1
2.3944197551533555,92,93,56,4
5.9669761108216077,92,93,51,7
3.8671692947721512,90,91,44,5
3.4390003057753944,96,97,50,2
3.1016963535904876,94,94,54,7
4.2609568226903347,94,94,50,1
1.8498453744678345,96,96,49,7
3.5264465684560604,94,94,50,7
2.6373492017594762,94,94,46,1
5.6316828647198411,94,95,47,2
1.6872316557624187,94,95,46,1
0.9265993389531386,94,94,55,2
6.1251834542423369,94,95,50,3
0.1251983798297593,94,95,45,4
3.9704351839466088,94,95,49,6
1.8203824833761861,92,92,53,3
2.1178606672079074,94,95,41,4
3.6967149337395635,94,95,41,4
4.5050914497667005,94,94,44,5
2.1457152442299137,94,95,42,1
0.2309695201525080,94,95,45,4
4.6222681267690611,94,95,55,2
4.1739276055013672,94,94,43,0
2.9749447957605524,94,95,48,1
0.5306470980937270,90,91,47,2
3.9527057579158154,94,95,54,1
3.0303220223481757,90,90,43,4
3.0932431766481785,92,92,47,1
2.2737561042834669,92,93,35,5
1.3654922172776960,94,95,56,5
4.0283061524166053,94,95,49,6
6.0244113651126900,90,91,51,6
1.6719525265638100,94,95,44,1
0.0733796930229584,92,93,42,0
0.7773070029774023,90,90,44,7
4.1091058461859422,98,99,55,0
5.0197982770629146,94,94,54,5
5.8995554125530667,92,93,53,3
4.1958468372260596,88,89,39,7
2.5571649558219121,96,96,54,4
2.0088772055177033,92,93,50,4
5.1064017845338512,92,93,50,4
0.2689989813605664,94,95,45,0
0.3637604064909180,92,92,48,2
0.8043848667128028,90,90,47,4
5.4235274136780243,94,94,53,0
3.6189315525584607,88,88,46,4
4.2422203279352280,94,95,44,1
3.0299411536205194,96,96,51,7
3.7675510526955609,94,94,53,4
2.5683626394241919,94,95,44,7
4.7526094493242841,90,91,42,5
1.1085465912020958,92,92,38,2
1.2784704429055260,94,95,49,6
1.5569209555233159,94,94,47,2
4.3193755216308878,94,94,53,4
0.9843296260020847,94,94,50,3
3.5178142289179237,94,95,40,5
0.5072452604979689,90,90,45,4
0.0934537536709918,92,93,50,0
3.9416226912815153,94,95,50,5
0.0106088590606623,94,95,45,2
2.5569258417657372,96,97,61,7
4.9395981083652387,90,91,48,5
3.3991652116357916,88,88,36,0
1.9129494171308143,90,91,39,6
1.6269949843901237,90,91,45,2
4.9843382848902769,94,95,56,7
1.2190974562868302,96,96,51,3
1.7056654090996501,96,97,58,4
2.8926707999051104,96,97,45,1
2.6807005635830268,94,94,56,1
5.2246048949682402,92,93,46,2
1.1336410175940856,90,90,53,2
4.5725724439231410,92,93,47,5
4.6132314679549697,96,97,52,2
5.4361603136231800,92,92,43,3
2.2905047999533519,94,94,37,4
4.5938257699327547,94,94,46,7
0.1210122508318599,96,97,46,6
3.0611125342084642,92,93,50,6
3.9455418746110724,94,94,47,4
4.0121102146079375,94,94,48,5
5.5981096020397114,92,93,47,5
5.1296823404580669,92,93,51,5
1.5895215410834249,94,94,41,6
2.8819137151755130,92,93,41,3
5.1271167088614291,86,87,46,3
5.2076382342122578,94,95,48,1
0.6572475057019639,92,92,45,3
1.7146042716383252,94,95,58,1
2.2294091664296833,94,95,47,0
5.6164248309046751,94,95,43,4
1.3715277090269606,94,95,42,3
5.3399374498965377,96,96,53,7
6.2231961515739176,92,93,52,4
2.5196846598978806,94,95,51,0
6.2475238342145838,94,94,42,5
3.9336412994015593,94,94,38,1
2.7626346112832034,94,95,44,1
3.8700198418199356,94,95,45,0
5.6001317874805441,92,92,54,0
5.9797095997435390,96,96,50,0
3.6631664049614039,94,95,59,6
2.3830360449266572,92,92,50,2
0.6935766252148424,92,93,49,7
0.4269123120471547,94,95,53,2
1.8784793366599863,92,93,46,6
0.9714938992543146,94,95,49,0
5.8943896255901169,94,95,49,2
5.7152311608716504,94,94,51,4
1.9067120041228081,94,94,39,0
2.7841245595849200,94,94,48,1
1.6908949861546672,92,93,53,1
4.4524180083003948,94,95,54,3
5.6874024896362325,92,93,42,6
0.2632248761676222,90,90,46,3
5.2237331352092502,94,94,56,5
3.1485058477346635,94,94,48,7
5.4029050594573542,94,95,45,4
0.8328784733733434,90,91,40,7
6.0049103823902277,94,95,48,5
3.3323430340723275,94,94,46,5
5.0812215881506129,90,91,46,5
1.7950272897975457,94,95,53,0
6.0960676155524087,90,91,46,3
3.5475523903464894,94,95,56,5
3.2580037965638775,94,95,47,2
0.1485306046422544,94,95,49,0
5.3015133724666681,94,95,53,6
5.6816114604533636,92,93,45,5
5.4447871631495621,96,97,47,3
0.4892963186168267,92,93,55,7
5.0705360012405194,96,96,49,3
2.8738065694735289,96,96,55,1
5.1975261565293689,90,91,51,6
3.4219140337370550,86,87,36,7
3.5142737458886777,94,94,46,5
2.7209856465088538,94,95,43,0
2.4944358110633695,96,96,51,7
6.2101150941188594,92,92,43,7
1.8253888852429749,96,97,54,6
0.3276489041207319,92,93,41,1
4.6806036735771155,94,94,58,1
3.8425093740693588,92,92,52,0
5.1347426842298312,94,94,50,1
6.0583596067885264,94,95,49,0
2.0565888166726434,92,92,52,4
3.9031961049544304,94,95,42,1
3.1043392566563650,94,95,52,3
4.2881499795298259,92,92,48,2
5.3452165891813435,94,95,48,1
1.3725686008756206,94,95,51,0
3.4840349404061719,94,95,45,6
5.9293382694728169,94,94,55,6
2.9533717048060213,94,94,49,6
4.4601841899580243,94,95,56,5
5.8860620118344809,94,94,44,3
3.6643252591549951,90,91,49,2
0.2497160613158106,96,97,49,5
0.1163635661543872,94,94,48,1
3.4656036267096657,92,93,47,3
4.1432870018377361,92,92,60,6
3.0091329637757358,92,93,43,5
3.1315240323619631,94,94,46,7
5.1903661674660775,90,91,50,5
5.0566894696352156,88,88,41,3
6.1568176895812856,94,95,59,2
2.9716676472913126,94,95,53,2
0.5546451382734676,92,93,47,3
4.8702523778656666,92,93,41,5
2.3977971416859694,90,90,47,0
5.6508356751538722,96,97,52,0
1.5326816382287716,90,91,43,4
4.7076549888751353,90,90,42,5
0.3040847790813485,96,97,49,3
3.8909529222569574,96,97,52,0
2.7422892034817443,94,94,55,2
4.3352121432308142,96,96,48,2
6.0458379621446916,96,97,53,1
3.5960646851808802,92,93,54,0
1.6646798265570473,90,91,46,1
4.4770696819157481,94,94,45,2
2.5627332703610808,92,93,36,2
4.2532227898732442,92,92,42,2
5.0412917416777887,94,95,56,1
5.2883300865482203,94,95,49,0
0.1754067097867945,94,94,53,2
4.8346847122761760,94,95,45,0
2.7370028866835043,94,94,48,5
3.2133968820550680,94,94,45,4
0.7867720052724116,96,96,45,1
5.6213708862357814,96,96,43,7
3.6880089771176361,96,97,52,6
4.0261650714689283,94,95,52,1
4.1830681459809860,94,94,49,4
6.2097970899295820,92,93,51,7
4.9493687332582574,94,95,39,6
4.6679133334754583,96,97,51,7
2.7171698288019517,92,92,36,4
1.2227387639049636,94,95,49,4
3.6803521178672405,96,97,58,4
0.0675574544576630,94,95,48,5
3.4865424042107529,96,97,48,2
2.6393091883078847,96,97,47,7
1.3242123530373582,94,95,50,1
3.9410772874372788,94,95,56,3
5.8679041653897652,86,86,50,5
2.7792671649850020,92,93,48,2
5.0466076130629887,94,94,49,0
5.8625439962081964,92,93,53,7
4.7462994496650541,92,93,49,7
2.6064421186330762,90,91,47,0
5.4174889147839558,94,95,48,3
4.5613685610163177,94,94,48,1
0.1334055591619111,94,95,45,4
1.0032644079199209,94,95,53,2
5.6180587826650381,94,95,56,3
5.3324670766988058,92,93,49,7
0.4884305589355840,94,95,47,0
2.4419564161172689,90,90,50,5
1.8733569180617882,92,93,49,3
1.2452637349521913,94,95,44,5
3.3479754190593085,92,93,52,2
2.4531172412221447,94,95,51,4
3.6811700197483317,94,95,44,5
4.6555116991722763,92,93,51,3
4.0784753079207388,92,93,46,4
3.3209049945684548,96,96,55,7
0.2550796882569651,94,95,50,1
0.4562604385611866,94,95,52,7
1.1271473206849136,96,97,47,7
0.6822719222328268,94,94,40,3
2.4616285278110857,92,93,47,7
5.8374070617892242,92,93,43,1
4.2562333869212887,92,93,44,4
2.0971936930594528,94,94,49,4
2.5023495809424627,92,92,50,4
2.3933087035679832,94,95,52,1
1.8024329780038377,94,95,47,6
2.6953616331224985,94,94,48,5
2.3652983949820614,90,91,43,4
1.1814975419000335,94,94,49,4
4.9310936096178670,98,99,60,7
4.8312576993825740,94,95,44,5
2.0602520254265948,94,95,43,2
6.2145788587783199,92,93,51,1
5.8800740726465479,94,94,53,0
1.9039323991636783,96,97,45,1
1.6792374326468225,92,93,44,6
4.7794672414001242,96,96,45,1
5.9363010740439455,92,93,51,5
4.7049887694345456,96,96,50,6
4.6488536518525203,94,95,52,5
1.8501657982965485,94,95,47,2
2.0401107980756534,92,93,45,7
3.0007555317380330,96,97,46,4
1.6145203119467915,94,95,55,4
2.5708459495761042,94,95,39,0
2.7604123862475802,94,95,42,1
