theta,t_count,h_count,s_count,w_count
5.3591837909259272,100,101,53,7
0.4989645366698198,100,100,46,6
3.8518518476981773,98,99,41,4
0.5882174890113308,98,99,57,0
4.0213690103786792,100,101,51,1
2.8744162126007038,100,101,52,6
0.3692170729507228,98,99,57,4
3.7532958170254407,100,100,58,4
2.9184006774109257,98,99,50,5
5.2963828090772784,100,100,58,0
1.5920125046219822,98,99,42,5
1.4640380008673988,102,103,49,6
2.8366747746298562,98,98,41,6
6.2319904026287611,100,101,53,1
4.3994693386362869,96,96,52,2
1.0402200427878407,100,101,50,6
3.7018726810797782,102,103,53,6
3.3623468770421181,104,105,52,4
4.8676767773883718,98,98,49,6
4.7449086512259155,98,99,43,2
3.6383024916616393,96,97,54,2
1.5800449803587455,100,101,59,7
3.1095126651910503,102,103,50,1
1.6908780003774726,98,98,43,6
1.5618076258918510,100,100,48,6
1.5647259019511519,98,98,51,0
3.9809583449668606,100,101,51,3
0.8595258786703481,96,97,47,7
4.8814958563096331,100,100,49,7
4.6015333836168955,98,99,55,6
6.1572326956057033,100,100,48,6
1.4902761260088293,100,101,54,0
5.4777473482887364,98,98,49,4
0.4299117360130190,96,96,46,4
2.7017109801554025,98,99,48,7
5.0434663985411037,98,98,50,5
5.1204407397950780,92,93,39,5
5.7738376566624900,96,97,48,6
0.8610476122431578,94,95,39,0
1.3944456302047934,98,98,49,2
3.2700117505255548,100,101,56,4
1.2797810472574167,96,97,53,1
2.2671483727155120,98,99,51,6
5.7187413092465995,96,96,50,6
0.1766926759129463,96,97,49,1
1.4764652709565831,100,100,55,5
5.1841323429469917,100,100,52,0
4.9205563911327523,100,101,58,4
1.4575229193435706,98,99,54,5
0.0447754360103158,90,91,58,1
2.9807701464932972,98,99,45,6
0.6040136595181147,94,94,51,2
3.7977992277009984,96,97,52,4
3.5908337079574495,96,96,49,5
1.2958133223069084,100,100,57,7
1.5459289010336117,100,100,47,3
4.7061762271408378,98,98,50,1
4.8358126875213054,100,101,53,7
5.5249164018504198,100,101,54,2
2.2628940856998518,96,97,52,4
1.8584667711864467,100,100,47,7
6.0087175429772071,96,96,43,5
0.8324121406846010,96,97,44,4
0.0636779340373123,96,97,52,4
0.5484361328770252,86,87,43,6
1.8862489989994908,98,99,61,6
3.4930078149808699,100,101,56,0
5.9515458000286694,102,102,50,3
1.5852546911429481,96,96,45,5
4.3898723347557569,100,101,50,6
2.3489737091647274,98,99,59,0
1.0099872872656810,98,99,48,7
0.5909400445501262,98,99,55,0
6.0265103815478023,96,97,56,6
1.4537122182549258,100,101,61,7
0.9439120671700540,100,101,46,0
5.2040258853332073,94,95,49,6
0.7987612629469073,98,99,53,4
1.4896233102861796,100,101,60,4
0.5981598989688738,98,98,49,0
3.5428904526092557,96,97,37,5
4.8058191563173605,96,97,51,1
6.2689783398645522,96,96,51,7
3.7742843837104951,96,97,54,6
0.6258836877181302,94,95,48,1
6.2756166126828923,100,101,50,0
5.3522724013446430,96,97,48,0
0.3606480642745499,102,103,53,6
2.7152251797368527,100,101,46,2
3.3855075031054551,98,99,50,5
4.7618792782152282,94,94,46,5
3.8486513200111903,98,99,54,7
5.1824687136620105,100,101,55,1
4.9697776806043921,98,98,46,3
0.9796897164613656,102,103,60,5
3.1468021432204925,98,98,51,4
4.7420103082461980,94,94,62,7
2.5789387562509565,102,103,47,6
0.8356945929654652,98,98,52,5
2.7736598796588567,94,95,52,7
1.3833408999512413,96,96,50,6
1.8515609521878797,100,100,48,2
4.4418921339043198,100,101,57,5
4.8688317657153419,98,98,63,4
2.8456019515016706,98,99,47,6
5.1119504991137230,100,101,54,0
5.0281468672422820,98,99,61,2
5.6823418130968841,102,102,49,4
2.6160009592818381,96,96,51,7
4.5338275422595800,100,101,46,2
3.7337166416441221,98,98,40,7
0.0305606633919625,96,97,50,0
3.2204370989712889,100,101,52,6
2.4276539010451255,98,99,54,1
3.0830086522254097,100,100,48,2
2.5930076111526268,100,101,51,5
5.6800908311259315,100,101,45,1
0.8490675253002449,96,96,49,3
3.9079408752862350,98,98,40,3
3.2561547063359044,98,99,48,5
5.2841130768873690,100,100,51,7
1.9510301438223852,98,99,56,1
4.8912550010124018,100,100,42,6
0.9675967493203829,100,101,58,4
2.1275769402200702,100,100,50,0
4.1694196737473623,98,99,58,3
5.2912582805816397,100,100,48,0
3.0957787923662230,100,101,45,1
3.1127485541471906,100,100,47,7
2.0099981260652209,96,97,54,4
2.3605762957692762,100,100,51,1
5.3755547242749095,98,98,41,4
3.6273172854641835,98,99,46,7
4.5112011589663110,98,98,59,4
4.4909086248195695,98,99,50,7
5.8172965168242206,98,98,49,2
4.7326562203470379,98,99,46,3
2.3474087580848044,100,100,62,4
2.3702345373430376,98,99,59,0
4.1696363189773615,96,97,51,7
4.7216246231045078,100,101,45,1
2.4535552175385749,94,95,54,3
1.5092672748388336,98,98,51,6
1.9927580571732493,100,100,55,5
5.2801765248300843,100,100,50,2
2.8359635160322467,98,98,53,2
5.7492204083147440,100,101,53,3
1.8462282752282655,98,99,46,3
6.0325424816369839,96,97,47,1
2.5810678255999484,100,101,60,6
1.5962395010394994,98,98,48,7
1.5885422507979179,100,101,50,0
0.3454951165259307,100,101,52,2
5.9945656793647144,94,95,56,1
0.8604375323043122,98,99,50,1
3.1092699639236785,100,101,53,5
3.3140839852608073,100,101,59,3
3.6739391864048399,98,99,44,7
3.1862335675117617,100,101,46,0
3.0957855233012284,98,98,49,2
0.5516382171694281,96,96,50,2
0.5772491666244524,94,95,44,3
2.8294860880478709,98,98,48,3
2.5098900969110387,96,97,53,7
0.5111596580016713,100,100,57,7
5.3665782343371591,100,100,53,3
4.4965525479978332,98,99,50,5
0.1462697200007151,98,99,52,1
1.1090873809935595,96,97,44,6
2.0825435772178156,98,99,44,3
3.6042074654992411,98,99,52,7
3.6647500901224848,98,99,56,5
6.2675876242158504,98,99,61,4
5.7450567572788920,100,101,58,4
3.9000017583374866,98,98,51,6
2.4568961401953953,94,95,45,4
5.3523277372271059,98,98,50,5
1.7334287929751708,102,102,45,6
2.5215890468706825,98,99,51,6
6.0990061768292847,98,99,56,1
2.0836588171448391,102,102,52,1
2.3705213912021947,98,98,53,0
0.0797483924101421,92,93,53,1
2.5504042055947576,98,99,58,3
1.2411386856198114,96,97,48,6
3.1207045989597804,98,98,51,4
3.9291297287776774,98,99,58,3
3.9546632605095251,100,100,51,3
5.0356479910170782,98,99,44,7
2.7922612962348219,98,99,47,2
2.5722752646866800,96,97,47,1
6.0126012195817236,96,97,55,1
3.5834623296579129,98,98,52,5
3.9787910126543040,100,100,50,6
5.2859033816579819,100,101,55,1
0.3771334641345279,94,95,45,2
2.0194759381575071,98,98,50,3
3.6527761607689717,100,101,57,5
0.9156585375626983,100,100,60,2
4.0595205621480126,92,93,41,1
0.6369051476631242,100,100,53,5
5.2242034473262082,98,98,51,6
1.2996496811682225,96,97,53,5
1.1955612558822382,98,99,58,7
6.0926922098721823,98,98,44,1
5.1512325843490254,98,99,57,4
5.4694925158689003,100,100,49,5
0.4845648409180925,96,97,50,6
6.0786109779908264,96,97,55,1
1.9633178023859028,98,99,50,5
5.3315214159783562,98,99,54,7
3.7803238785889022,96,97,53,7
2.9789404308948932,96,97,48,6
4.0650848195679075,100,101,59,1
0.2243529845971372,100,101,55,3
4.0322222121529165,100,101,56,4
0.9552044361029735,98,98,56,7
1.7804842755692769,100,101,44,2
5.0858998016255068,98,98,53,0
5.7618370711072329,96,96,48,0
0.2005206608490987,100,101,51,5
5.9285762021070925,100,101,52,4
1.4971792164984521,98,99,56,3
5.7492581058051000,100,100,51,1
1.1690293603420701,98,99,50,5
5.6679028608114050,98,99,59,4
1.7099004905882049,98,98,57,0
2.3054301158317676,100,100,60,6
1.1137086672654393,98,98,46,3
5.0790085800036451,98,98,45,2
2.2150917048482412,98,99,56,5
0.7337949452003634,96,96,45,1
0.2550464921894919,100,100,52,0
4.8530850443016655,100,101,48,6
4.9665074776769282,100,100,60,2
3.6587215323279092,104,104,50,0
0.5194461523068428,98,98,45,6
2.6211525777081568,100,101,59,5
1.2764185343004135,98,99,48,5
0.6250872612290149,100,100,50,4
3.4881758059791856,100,101,50,6
0.9091781434796040,100,100,50,2
4.2830882531013028,98,99,52,5
2.9619501062044669,100,101,49,5
3.3604440613044737,98,98,49,2
5.6606685038488775,96,96,45,3
1.9105782959934849,94,94,47,4
0.0487945388417539,98,99,54,7
5.9301305226198160,98,99,64,5
4.1855565234502237,96,97,53,3
5.4877564510207115,96,97,46,4
5.5777445605156561,100,100,45,5
2.3888849342087441,100,100,58,2
0.5399271650302209,98,99,60,3
0.5378078861518489,98,99,49,4
4.5421319325987870,100,100,55,1
5.3744992297238570,98,98,50,3
0.4448320176148775,96,97,51,1
4.2021458661643294,100,101,55,5
6.2441905411960041,100,101,51,7
0.0141529406531484,98,98,54,7
3.4615649065522929,98,98,51,4
5.0533396318373107,98,99,57,0
3.7857385612175491,98,99,53,4
2.1066883091013771,98,98,45,4
5.7706436186416248,100,101,45,1
0.5996482578388271,100,101,58,4
3.3331943922218792,96,96,49,7
5.0201590023904341,96,96,55,7
0.6249904984415640,96,97,51,5
5.7372191999435511,100,101,58,4
6.1285327402673344,100,100,58,0
1.0899527523512331,96,96,51,7
3.1706730372262806,98,99,49,2
2.3781780165892221,100,100,55,3
0.9087045721841555,98,98,56,5
1.3662673252493653,98,99,52,3
0.3720176921020173,98,99,38,3
5.5588857402406724,98,99,45,0
2.0891776834470139,98,99,49,6
2.4962049730400633,98,99,54,5
3.2292085309309422,98,98,40,1
3.6957556938686662,102,103,53,4
1.0381080980172337,96,97,56,2
4.2500346837368266,98,98,41,0
1.9772570057984786,102,102,53,6
0.9415833505101783,100,101,54,2
3.4444125736041502,100,101,57,7
5.4974611922253676,96,97,50,2
1.7885044723211929,96,97,49,3
6.1945223316526841,96,97,52,6
3.9874202540563397,100,100,49,1
4.4156506223799621,98,98,50,7
1.7670408897761436,98,98,62,7
4.9012119389882205,96,97,47,1
0.0376377696945101,96,97,48,2
3.8794433194282600,100,100,50,0
5.7082751723206737,98,99,49,2
5.7418254152889316,98,99,49,2
4.8919690149123278,98,98,53,4
1.5858065250219133,100,100,49,3
0.9250564530895322,98,98,55,4
4.4324142841531211,96,97,54,0
4.1441678019981936,100,100,51,7
1.3483433749070552,98,98,54,1
1.1528147972360760,100,100,64,2
0.6955113285303247,94,95,52,7
3.4521520212145473,100,101,53,3
3.2727382666328770,96,97,45,3
0.1440939463305857,108,109,63,1
6.2181625624125303,96,97,47,7
0.0601723336647645,98,99,51,0
4.3378741362958433,100,101,52,0
4.4568873170191941,98,98,56,5
5.8373770002745244,100,101,50,0
3.2469741262430225,100,101,48,4
3.3405694896175482,100,101,53,5
5.7406903693061393,96,97,50,2
2.0442320372676326,98,99,41,6
3.3031580740734894,98,99,55,6
1.6972234737929115,98,99,46,7
1.2975923397695748,92,92,50,0
3.3120608285278452,92,93,48,2
3.5336755836962181,98,99,56,3
4.1664301230836607,100,100,52,6
0.1565833751278930,98,99,49,4
1.6942354717046300,100,101,57,5
5.5279427648318951,100,100,49,1
4.0970496021195686,100,100,50,0
4.3690960172272577,100,100,57,5
5.2666097834267989,100,101,55,5
2.1690220988174760,100,100,55,5
6.1669525721928977,98,99,52,1
4.1428925194308004,102,103,57,6
5.2883774277184772,90,91,43,2
0.3094819986827174,96,96,51,5
5.8371937145556920,98,98,45,0
0.3166816837560860,100,100,51,5
0.1122462335601189,96,96,51,7
0.4675834814905198,100,101,45,5
5.3754456412554878,98,98,51,2
5.1837857979245907,100,100,64,2
4.5970573295193526,100,101,49,3
1.9697041302992577,96,97,52,0
1.7557504993630348,100,101,45,7
4.8444029586828607,98,98,53,4
3.1511425055833868,98,99,50,7
1.0903149602431030,100,101,49,3
1.4305947930123590,100,100,47,7
3.2405611606096101,100,100,53,3
3.5710445487217717,96,96,55,3
2.6402758095428625,96,96,51,5
0.1940749068937212,100,101,48,0
5.7083040591045426,102,103,47,0
1.8056061553721974,98,99,56,3
5.5824463193094109,98,99,54,1
4.5215685550835030,96,97,53,7
2.7588622750691925,98,98,50,3
0.5617381310929511,100,101,52,0
4.9165776604914777,98,99,51,2
1.0947632146355517,98,99,55,0
0.8218776577719641,98,98,42,5
5.5645850662896192,100,101,50,2
2.5986560577233973,98,99,58,5
5.5485492130715137,98,99,69,6
0.5385806262238770,92,92,47,1
2.7534516119875283,90,90,44,7
1.3226477733544042,100,101,49,5
5.1949740351824083,100,101,56,2
2.1024853366751213,96,96,46,0
1.6837855769203465,102,102,50,1
6.0160764906115460,98,98,53,0
0.4317661002631638,94,95,49,4
1.9193886365842958,100,101,52,6
2.2462660193839565,100,101,45,1
5.7187672337174433,96,96,54,4
0.1847662494804020,98,98,58,7
4.1084807000643870,100,100,49,3
4.1623059774311812,98,99,46,5
4.1050399666371131,96,96,46,2
5.3335458637329216,96,97,46,2
4.0730033126258922,100,101,47,1
3.9684955852867705,98,99,57,6
4.8393092048054509,92,93,48,2
0.4231720904611699,98,99,52,1
1.8529286196592281,100,101,47,1
1.8089886936048347,94,95,48,5
3.1408702241368549,98,99,54,7
6.2478285109328073,100,100,44,2
3.9118126855588375,100,100,50,4
1.8059463317716531,98,98,51,4
1.7062197630588043,100,100,52,4
1.7309681843264322,96,96,45,7
3.3636361766199263,100,101,43,5
3.5742022034735479,98,99,50,7
4.5294584924874650,100,101,54,4
2.3454559462263718,98,99,50,5
4.2666350660413990,100,101,39,1
0.2584406955062809,98,99,44,3
2.8306348032698070,100,101,55,3
5.6093457021297546,100,101,52,6
1.7288137091345357,98,99,45,2
0.7931016287685168,100,100,41,1
0.5930372091950907,94,94,56,3
5.1001825028141408,104,104,54,0
0.7549549179498987,100,100,60,4
1.7260026098274799,100,100,47,1
4.1463192770487307,98,98,48,7
1.7653065722384254,100,101,49,7
0.2074425904572618,100,101,50,4
0.0793622364866453,100,100,48,2
6.0648177764740963,98,99,53,2
2.7245750626654481,100,100,50,0
3.3521097302946190,98,98,49,4
4.9117169677347068,98,98,48,5
3.8540500677722105,100,101,46,6
1.7712903376857492,100,101,46,4
4.5283959302663011,98,99,50,3
1.6296689007425775,98,99,60,7
6.0135254480422597,98,98,45,6
3.9901459163924473,100,100,56,0
2.1376624018138255,100,100,49,3
1.6106670313199294,100,101,57,5
3.8346437554526873,100,101,49,3
2.9478370550379633,100,100,54,6
0.5272496106841686,100,101,55,7
3.6412141899319601,96,97,53,1
0.9560658883110922,100,101,48,2
3.0688145560576023,98,99,52,3
6.1304599106569286,102,103,57,2
3.9814537410020954,96,96,55,7
1.2968497096142797,98,99,58,5
4.8783405699063955,98,98,53,2
1.9377385098525446,100,101,54,4
3.0672894749822350,98,99,64,1
5.3386066806104644,98,99,54,1
1.2187249048648989,98,98,50,7
0.4458444156684584,100,100,52,6
1.7506076514336972,98,98,48,3
1.5353725356644721,98,98,53,0
0.9164740840904051,98,99,44,1
2.3120807232290979,100,101,54,6
0.7657781343694305,100,100,64,6
5.0924794579493593,100,101,56,0
3.9454807704723582,98,99,53,2
2.6331558888991218,100,101,41,5
4.2722014436985356,98,99,42,7
4.8925928186389482,100,101,42,4
3.7671006969416938,98,98,47,4
0.1704873267099332,98,98,43,4
4.1721783451738323,98,99,52,5
3.6574783873606620,98,98,49,4
5.3967072619178111,100,100,53,7
5.8632244624583389,100,101,50,6
1.4995451515924385,94,95,58,7
5.9807134837844771,100,101,56,4
5.1609384175955402,100,100,41,3
0.0839304394876449,96,97,48,2
1.3185423202586060,102,103,46,5
3.6244315762952772,96,96,47,3
5.2447550528589000,98,99,52,7
4.7631551251368123,98,99,54,3
0.0281331665670395,98,98,57,0
5.7753283459777522,100,101,55,5
2.1863326876233211,100,101,49,3
1.5147902926418271,96,97,51,1
2.2642760956032735,100,101,50,2
5.7320763892862558,98,99,54,7
1.0064116949200073,98,98,53,6
3.8380852615832852,98,99,49,2
0.7137017413089458,98,98,60,1
1.5357050951184883,100,101,46,4
4.2001360405800172,98,99,51,4
2.2038836905831420,98,99,53,4
1.3716127232035511,94,94,54,3
1.6082797171709531,98,98,47,6
4.9635341437603522,100,101,49,1
3.3058096495824234,98,99,60,5
2.9523386061646599,100,100,53,3
4.1245987444153931,100,101,56,6
5.0649005665543427,98,99,53,0
1.4116563335193086,98,99,50,1
5.1304431741604191,100,101,47,1
5.6776463612303401,100,100,59,7
4.7714665543829611,100,101,55,5
0.7262278057494538,98,98,46,5
2.0524013296616452,96,97,49,3
1.5079866836177354,98,99,51,2
1.3766083374015474,100,101,55,3
3.2260551935873552,92,93,47,5
1.2746059777351371,98,98,47,4
6.2136254402174966,100,100,52,4
1.4381610870422532,98,98,49,2
1.8447345528118897,88,89,54,6
4.9250085314426810,98,99,45,4
3.4703847849893372,94,94,54,7
1.2563122442130239,96,97,63,1
5.3005013673259276,100,101,54,0
1.5091611762245589,96,96,49,7
4.8935058338531254,98,99,56,1
4.0314503085990294,96,97,47,1
3.0420480236746541,100,100,56,2
3.9489808896815513,100,101,53,1
5.1223142908337138,98,98,47,0
3.9832008975154882,96,96,48,4
6.0372039501170383,100,100,55,7
4.8969475039939949,98,99,51,6
1.4825612305225269,100,100,50,0
5.4132578726031326,98,99,54,1
5.8469703927297125,100,100,45,7
1.8992531203753509,96,97,49,3
0.0422586459476612,98,99,50,5
2.2968819030686483,100,101,58,4
3.0262031126009794,96,96,59,1
4.6635800364266222,100,101,45,7
2.8607594445114191,98,98,60,5
2.2659205621451184,102,102,43,0
0.8783403314557774,98,98,39,6
2.7358624159336351,98,99,45,6
5.1984912521859048,100,101,52,2
0.8343080209533983,96,97,48,4
0.2150848897159145,100,101,49,7
2.0294533589292993,96,97,54,6
2.9638660776494850,100,101,54,2
5.8757460281117675,100,101,61,3
0.8516812633932291,96,97,49,1
5.8256521304028901,98,99,56,3
3.5429512972562418,100,100,58,2
3.1959345679768330,98,98,50,5
0.7586161135323999,100,100,47,5
0.9973350620665441,102,103,49,2
1.1618293849786414,98,99,53,4
3.8965786573381651,98,99,48,7
3.5234133875253564,98,98,53,2
0.4508965100811911,94,95,48,1
4.7927743825055469,98,98,54,3
4.6412167076021200,96,97,55,3
2.9346041223843660,98,99,49,2
1.7927749569795468,100,100,58,6
2.6826734001542558,100,100,46,0
0.4797582422944187,100,101,65,3
0.5132956392549767,98,99,50,5
5.4299947677231595,98,99,50,3
5.1508084786444330,98,98,50,3
1.7017310196978763,100,100,46,6
0.2585725425162013,98,99,51,2
5.5510330102234651,98,98,41,2
5.2638685306068043,98,99,52,3
0.2653567071656973,102,103,49,4
0.1477548428922714,100,101,55,5
1.7039261727799146,100,100,54,0
2.0204938429951680,100,100,50,4
3.5389280521155424,98,99,53,2
6.2732365087990818,100,101,57,5
3.9919928752610061,100,101,42,4
2.7478691109010787,98,99,47,2
3.6840735823514610,100,100,53,7
2.8308109833251067,98,99,56,3
5.5261634532691701,100,101,49,7
1.9994564567491424,98,99,47,6
3.8674887177579196,100,100,41,7
1.1208954182410029,94,95,40,5
3.9920022439823968,102,103,47,6
5.2693256323535946,96,97,56,0
1.6287139119276670,100,101,59,1
2.7452294545100560,98,99,51,6
3.1871941883812323,96,96,45,5
0.5864548574970265,100,100,49,1
3.1724113447643445,100,101,57,5
5.9751341052211782,98,98,54,7
5.3864635746849201,100,101,54,2
5.5151341362667390,96,97,50,6
6.2514908778623637,102,103,52,3
5.3267666253400368,98,98,39,6
0.3145416007203143,96,96,51,1
3.6450547861027491,100,101,55,7
4.9808178684890496,96,96,46,6
5.5656567034196760,98,99,48,7
3.4389967154782428,98,98,57,2
3.1269233790605298,98,99,48,1
0.1843839566467944,100,101,53,3
0.6266883400742628,96,97,50,6
6.1927461324387281,100,101,44,2
5.5007046369672956,98,99,47,6
4.4395974435175516,98,99,48,5
5.9848657351544050,98,99,41,0
0.8919226394832748,100,101,55,1
2.1313507521263140,96,97,40,0
5.2640924301312184,100,100,49,3
1.2551069210202883,98,99,48,5
1.5886446900497775,96,97,44,6
0.1492637164577807,100,101,58,0
2.9064518388701419,98,98,48,7
3.4675484605873548,98,99,55,6
3.0764830255724380,104,105,58,4
5.0100005438388635,98,99,47,2
2.5710606319244413,98,98,54,5
1.8344829535486704,96,97,50,2
1.2007848608183584,92,93,57,1
2.7521931924984608,100,101,48,6
4.7564555377998978,98,99,59,4
2.7303510172011123,100,101,48,2
1.4215221069248227,98,99,52,1
4.2535323044130848,100,101,50,2
4.1623336540777469,100,101,50,4
0.4634462781322696,100,100,51,7
5.5986557478993380,100,101,60,2
5.4652080920067867,98,99,46,5
2.6553376295053228,100,101,54,6
4.5245973969433075,100,101,44,6
2.6452445761406485,98,99,52,7
3.0646047603591362,98,98,47,2
1.1232200477591372,100,101,51,1
3.9499265368759491,102,103,49,6
2.7739410603325205,98,99,53,6
1.9036940819567871,94,95,59,4
6.0010862187278109,100,101,51,1
3.7025560470817012,94,94,45,6
2.5156948113315414,94,95,44,3
4.1606337064198717,98,99,40,3
0.9829311273265768,94,95,48,3
3.1528529632073181,96,96,54,2
1.4784587961598106,100,101,53,3
5.0398006965018913,100,100,47,1
3.5077827433050528,98,99,50,7
1.0796292900639120,98,99,47,6
2.1134472483268429,100,101,45,3
0.7939231481381936,102,103,51,4
4.7624500461105503,100,100,40,2
4.4913639796856684,98,98,42,5
5.5876538701738241,98,99,61,0
5.6294626865201600,92,92,49,5
2.4671597983163256,92,93,43,5
5.7063717030276884,98,99,42,1
0.8302802818581905,100,101,52,2
4.2087323409859660,96,97,49,3
4.8245543325486206,98,98,51,0
0.7773571561522381,100,100,60,2
1.4386406577094579,100,101,53,1
3.0287468122098984,96,97,51,5
0.8445459784669296,100,101,52,6
2.3783596392418440,100,101,59,5
3.8975036260435756,96,97,53,5
3.8916011316883394,100,101,51,7
0.1582072373813536,98,98,52,3
5.0158864343310343,98,99,47,4
1.3876864512841802,100,101,47,3
1.4339238590204808,96,97,51,1
5.4915889248749696,100,101,54,4
5.0680692519202575,100,101,58,4
2.4461374914653646,100,101,52,6
0.4800233887204722,98,99,46,1
4.3765157256192779,98,99,50,1
4.5484307647520801,100,100,44,4
3.9948480764651673,100,100,48,0
3.1763220874098899,100,100,47,5
2.1365115081129686,100,100,52,2
2.4832126463093953,96,97,55,5
4.8815459290784435,98,99,45,6
5.1089191032732595,102,103,53,4
3.6773389742160569,100,100,56,0
2.0291350564227906,100,101,52,2
3.7499534347009127,98,99,56,3
5.6605359560169299,98,98,56,7
1.1520348375734240,98,99,49,2
0.3121333043995708,100,100,45,3
3.9264019542364430,98,98,47,6
0.7748132819766991,100,101,52,0
5.3087362356227823,98,98,51,6
2.5946065058226155,98,98,40,5
6.1305838139738773,98,99,54,1
3.6442894778430199,100,101,50,6
3.0082019107503188,100,101,55,1
4.7351778098393487,100,100,54,4
0.7151346943823396,100,100,51,5
2.9476146295591676,100,100,48,4
5.6310015641581819,98,99,54,5
3.8060112795488381,96,97,48,6
4.4932965121144450,100,100,52,6
3.5856457455309765,100,101,48,2
1.1333573291824675,96,96,46,2
2.2111300967672385,94,95,42,1
2.4235512132211867,100,100,51,5
2.0838428345131077,98,99,54,1
2.4608998154709711,100,101,52,4
0.6835206025050417,94,94,44,1
3.7942103982443549,100,101,57,5
0.4535627129608620,98,99,61,4
2.9942825026070174,102,103,52,7
0.6647325202576299,94,94,48,7
1.5278263768863318,96,96,51,5
6.1113745520286722,102,103,61,4
3.4947092309500225,100,101,53,7
1.4547300710022568,100,101,45,7
0.9522964109149725,102,103,53,2
4.9452690944000262,100,100,62,0
0.5351381496835272,98,99,44,3
3.7278429058828770,100,101,58,2
4.5273079154233820,98,99,58,3
0.1406667213213680,100,101,50,0
2.3572530090612824,98,99,52,7
5.7323859695372033,98,99,43,6
5.6053112050670890,98,99,52,5
5.8116295932656250,98,98,60,3
1.7373660634702612,96,97,61,7
3.6850193346278659,100,101,51,3
1.4160254180786114,98,99,45,0
2.9439327704178666,100,101,54,6
2.2356360780074507,100,101,49,5
2.7132889378501233,100,101,54,0
5.4906098632784692,100,100,51,5
2.1278270527158578,102,102,46,1
4.4442164852347270,96,96,48,0
4.8801650439030038,96,97,52,4
5.0976090007297774,98,98,52,1
4.1909463059716838,100,100,47,3
5.7638113011523338,98,98,54,3
4.8286121878149668,98,99,45,6
1.9561824308932527,98,98,53,6
3.8737322828261482,94,94,47,0
4.6784165987848887,98,99,46,3
4.4982755824873726,98,99,57,6
6.0150014761945387,100,100,51,5
5.4411788325018664,100,100,52,6
3.1689226917226101,98,99,51,6
2.3864815360019511,98,98,41,6
3.3800232126385472,98,99,53,0
4.1952777079647054,96,97,49,3
0.1318515990894818,98,98,53,0
2.5359433848492721,100,101,54,4
5.7630917467515621,98,99,46,1
4.4040734524453971,100,101,51,3
2.0964181979495344,98,99,50,3
1.5032160258548681,96,96,47,1
3.7153800150184706,98,99,53,2
3.0576697010376774,98,99,53,6
2.0977066468366248,100,101,43,7
2.2066317187139379,96,97,50,6
5.0843516626349663,98,99,56,1
3.6590628410494128,98,99,45,6
2.2218319387303156,100,101,51,3
5.9328074641697901,100,101,49,3
5.7871959658726864,100,101,47,5
5.0593209025349255,100,100,58,4
3.8354821897329399,96,96,60,2
2.0549716393327699,100,100,55,7
0.3306023150579976,96,97,39,1
1.3991841576368966,100,101,57,1
3.5340554132039985,100,101,50,2
0.8739337003488794,98,99,51,2
3.8996703281120610,94,95,46,3
5.2002815576485180,100,101,49,3
4.3105479700916183,96,97,48,0
1.1273575423355553,100,100,40,0
3.2125068413636253,98,99,56,7
5.6579433618048860,98,99,46,1
2.5367364463009507,98,98,44,7
1.4679478082727875,98,99,53,2
4.8511857099431133,100,101,53,7
1.1123003456688252,98,99,57,2
2.5476052377101963,98,99,46,5
1.3615920467940581,94,95,49,2
0.3232840106565812,98,98,53,0
1.0783998994009396,100,100,46,0
2.4450458009091314,100,100,56,2
1.9363237281593004,100,101,46,2
3.3015806708994484,100,100,47,3
4.2169682221051605,98,99,49,4
0.8213523100765527,100,101,48,0
4.9232455987143791,98,99,43,2
3.8743481598296454,98,99,46,7
5.6364534901382308,100,101,45,5
2.1930505999903263,96,96,46,4
6.2292133113437469,96,97,50,6
5.6905972842627204,100,101,57,3
2.8681319420084908,100,101,49,7
4.8025501057720570,100,100,60,6
2.5344786383840163,98,99,53,0
1.7549304614501606,94,95,48,1
3.9228480953614016,100,101,47,5
3.2501916029923583,100,101,50,0
1.8189288460724771,98,99,54,7
1.7843828698803548,98,99,59,4
4.7854379432033074,102,102,60,1
0.4450608005769353,96,97,40,4
2.6530751309521596,98,99,54,5
1.7314444819482180,98,99,59,4
3.7895771714562216,98,98,45,4
2.6174924186045643,100,100,55,7
5.7868949467616604,100,100,52,6
4.8582002510270286,98,98,53,4
3.4906667882054956,96,96,48,0
1.9880440232700682,100,101,59,3
5.7027124640050006,98,99,56,7
2.0399223460190612,98,99,48,1
1.8657509160535786,96,97,40,6
4.4162137284694909,100,101,61,1
1.2406111964660300,88,89,46,4
5.9752480569609991,100,101,62,0
5.0796614513777225,96,97,51,7
5.2283068819399157,100,101,39,7
0.7513736810139412,98,99,55,4
0.5032990387109538,100,101,46,4
2.4827114858689692,102,102,50,1
3.5614062368510702,96,97,49,3
0.3201060524968511,100,101,52,2
0.6079109435980347,98,99,52,1
5.2834253943905738,98,99,50,7
1.0523810826805413,98,98,52,3
1.8007364045536354,98,99,46,5
2.8355858802621237,98,98,45,6
0.1470243025488865,100,101,53,7
0.6072606877958726,98,98,50,3
1.2390089830540523,98,99,57,0
4.1115989945224847,100,101,41,3
1.5758639905092824,98,98,56,7
3.9917033233046610,98,98,48,1
3.0848549220409365,90,91,49,6
5.4277638991937565,98,98,55,6
3.4166068300526051,100,101,45,5
2.8592509687305463,100,101,57,5
2.3037246127612181,96,96,48,6
6.1155133494279754,94,95,51,2
5.5642999649794023,100,101,56,6
3.4644174172983639,98,98,44,5
3.5076980694035838,98,99,49,4
1.1495165313163693,98,99,55,0
4.3101807266116836,90,90,40,7
4.7331225838920474,96,96,57,1
0.4828433909827860,94,94,47,2
4.9978658756415033,102,102,46,5
3.4352809673721114,98,98,52,7
1.6467714148098298,98,99,55,0
1.1714684004986993,96,97,41,3
2.0302110855984377,100,101,55,3
1.3708732769954484,96,96,56,6
3.0879166631222854,100,101,43,3
0.7389447948438980,98,99,60,7
3.4701547608148973,96,97,56,4
1.4836140971870522,100,101,45,5
2.1417413249948338,100,101,54,6
3.2348199011624725,98,98,52,5
4.8097446152606356,98,99,59,6
2.2688148976253109,96,97,57,7
2.1185611855613478,98,98,55,0
0.4587463565495500,98,99,58,3
6.1390430095627231,98,98,40,3
5.0274072036831674,98,99,50,7
3.5984111372533367,98,99,58,3
2.0502256422170424,100,101,53,5
4.0449031058096265,98,99,54,3
5.7221489198409676,98,99,56,1
2.2496276737138468,100,100,46,6
1.1856918700174224,98,99,59,2
0.4591350883711428,98,98,56,5
2.1016447259543116,96,97,46,4
5.1583882634082201,98,99,55,4
3.9668713134721978,100,100,57,5
0.3304701090516734,98,99,60,3
2.7346489889290218,98,99,45,6
0.0028269564976009,96,97,42,6
0.8999149649193509,100,101,53,7
1.8130694079716227,98,99,48,5
3.8054860637872538,98,99,50,7
5.1739977743461063,98,98,42,1
1.1082627644177161,98,98,45,6
0.5192012905356777,98,99,54,3
0.9437913662382659,100,100,50,2
0.3459409129020162,100,101,49,7
4.9015672895306039,98,98,55,2
4.4207389398090999,100,100,45,7
2.5173474140079777,100,101,60,2
1.5186814702903138,100,100,46,2
5.7058666907615239,98,99,57,6
2.7218227890548161,100,101,50,0
0.1016162380957446,96,97,59,1
4.0459763907695310,98,98,54,5
3.8074608022802212,98,99,59,6
1.4082944485620188,98,99,54,3
2.1719952301679144,98,98,52,3
1.9864134277708374,98,99,47,6
2.6445389521534866,98,98,49,4
1.4028362409368562,98,99,56,1
3.4100803773108428,100,101,39,1
5.5039442486528900,100,101,51,1
5.3565347925721642,100,101,49,3
5.7556843327717830,98,98,49,2
2.6579455217968881,100,101,45,1
4.9715879961554563,96,96,51,3
1.4962603832985044,98,98,52,7
3.8298248433775206,98,99,47,0
2.9032286371468521,98,99,52,1
3.2629752864342749,98,99,49,0
0.8070664842742592,102,103,63,0
3.7954910880238826,98,99,53,2
0.4637043038569307,98,99,53,2
3.1214780182263668,100,101,61,3
5.0383061796088393,96,97,55,1
5.2528837258818406,90,91,39,6
0.7438072528078414,104,105,53,3
3.0230138609759614,98,99,50,3
0.4348384255835792,98,99,42,1
1.0170373831184976,100,100,41,3
4.6470589088039436,100,100,49,7
1.9002701961586461,98,99,57,2
4.9518729788825153,96,97,46,2
0.8372912190512066,96,97,49,3
3.6777176435845829,98,98,49,2
4.5332255865513380,98,98,52,1
5.3414060111855353,98,99,52,3
2.5389194947158416,96,97,49,7
5.6842172456203439,98,99,58,5
1.7283479962374040,96,97,52,4
4.1039668380864436,100,101,53,5
2.0485254811999787,96,97,55,1
5.5919140988352680,100,101,54,4
2.7576976537456854,94,95,55,6
2.3520506773087679,96,97,53,7
4.1945912418171529,96,97,56,4
0.1753639812527134,94,94,47,4
1.1810194184862233,100,101,47,7
4.6396848974349423,100,100,60,4
1.9488197153180145,98,99,44,1
1.5309234226670452,100,101,49,3
4.5613342415934746,96,96,44,2
3.5173158445533907,100,101,53,5
2.0720396265213936,100,100,55,1
5.1269935685306409,96,97,46,0
5.2260943733439973,100,101,44,6
0.4779250841309302,100,100,56,4
4.1743107156418304,98,99,56,1
5.1773227720482087,100,100,55,3
0.5823376090911297,98,98,58,7
5.9268960131442068,98,99,53,4
5.0954368173254165,98,98,45,0
2.9491048935284385,96,96,49,7
4.4736545291273639,98,98,44,1
4.2960549976251885,98,98,54,5
1.0435072863420369,100,100,47,5
2.2669685271981339,102,103,51,6
2.0484285531032946,100,101,66,2
5.6068155909967601,98,98,52,1
6.0763241459747466,96,97,46,4
4.8233605353447411,98,99,46,7
0.3028486474378368,98,98,50,5
4.0730425381802293,100,101,58,0
3.6919422560011292,96,96,43,3
0.6351632378895083,100,100,56,2
1.2277506551412061,96,97,37,1
2.1611126459307597,98,99,55,6
6.2443847330606497,98,99,57,0
2.3090373108369469,100,101,55,7
3.9442759159321192,100,100,49,5
2.6448166380540163,98,99,49,4
3.4364092192214994,98,99,46,3
3.7758413019294412,98,99,49,0
2.3783870555832149,96,97,54,6
4.9264041015622766,102,103,49,6
1.2609257104415530,98,99,60,3
2.7467345703367871,96,97,49,1
1.9214641162327630,100,100,51,1
3.8913435111485057,98,99,48,5
1.5537337774552533,100,100,51,1
4.6365735178843215,92,93,40,0
2.4364030592695545,100,101,54,0
3.3514289917162148,98,98,45,2
1.9819569496486555,96,96,38,6
5.6083146119539844,98,99,48,3
5.1636222346189671,98,99,55,6
2.7485070316171649,98,99,45,6
5.9002022599690012,94,95,42,3
3.9844546331795558,98,99,53,4
4.6275676240028805,100,101,54,4
5.8940130935164916,100,101,57,7
5.1431905041126615,100,100,46,2
2.2297473194159290,98,99,50,5
4.9853435341888677,96,97,48,4
6.0344562709185166,100,100,59,3
5.1368785321643786,100,101,53,3
5.9828514879705823,96,97,49,3
4.3720064928418561,94,94,44,1
4.0928300023477044,96,97,61,7
1.0665186270535894,92,92,41,7
3.6364551264226841,98,98,44,7
1.0456422539919121,96,97,35,7
3.3550639611952771,96,96,52,4
4.9609217374332450,98,98,50,7
3.6351373093369910,98,98,47,6
3.1981606946543129,98,99,46,7
1.8472802733066394,96,97,63,1
4.6499828502053164,100,101,50,4
2.9653959060390478,96,96,45,7
2.8314216480457910,98,98,49,4
0.2533691784250378,94,95,49,2
5.5235861293524753,98,98,53,6
5.3301362469183111,98,99,51,0
2.7454114900967785,88,89,47,3
0.6855035800949637,98,98,55,4
4.2586817665964007,96,97,45,1
0.9297321450002766,102,102,49,4
5.7553538597458633,102,102,50,5
4.6286257514160836,100,101,50,0
5.3326662692109030,92,92,54,4
2.9079723358629979,100,101,49,3
4.1130154901092437,98,99,42,5
4.8291072291606287,98,99,54,1
0.6249447562117222,100,101,49,7
5.9747487531652572,100,100,53,5
3.0889494567618172,100,101,54,6
0.7618705517069800,100,101,55,3
4.7823559709681049,100,100,63,5
3.6627376161654892,96,97,50,6
1.5343950501509904,102,103,47,4
3.8669084966440930,100,100,49,7
3.6854906560956331,98,99,54,1
0.0073578301788093,96,97,52,0
5.8170609413464485,100,101,49,3
6.0300284598862746,98,98,49,2
3.1094676981460441,100,101,50,0
0.6842091967194937,98,99,51,0
4.9090650278285981,98,99,45,6
4.6583713902042243,98,99,57,2
0.0887881570677950,98,99,38,5
5.3870891217168335,96,97,59,1
6.0346048974627262,100,101,55,7
0.3894069380890001,100,101,49,3
3.2006756362544393,100,101,44,2
5.1330392624122441,100,101,56,0
0.1892612391104183,100,101,49,3
5.9632389008639413,100,100,55,5
3.3594981771129726,98,98,41,2
1.5070761644542059,98,98,45,2
1.7509357866596686,100,101,55,1
5.1547607243665707,100,101,53,7
2.8427106772113455,96,96,47,5
3.6248647679722641,98,98,52,3
2.9624595507584326,102,103,53,6
2.9211530178916876,100,100,60,2
6.2720638847601009,98,99,51,0
3.4433250081375082,102,102,45,6
1.8931339176436928,100,100,51,7
0.5635996677973164,98,99,51,0
2.8725044597856084,98,99,50,1
6.1463041726332746,100,101,47,5
0.6624749989531213,100,101,55,7
4.2423107735164018,98,98,56,3
1.0260756874306358,98,99,57,6
2.2076838219720298,102,103,61,0
5.2686412854121709,98,99,51,4
3.3771878052308080,98,99,49,0
1.3798280078900820,100,101,56,4
4.5745964281422529,100,101,56,4
5.3279225404860240,100,100,41,3
5.9577535369032768,98,99,55,2
4.3694088400544580,96,97,44,0
1.2157110196607768,98,98,48,7
4.9666812241755300,100,101,52,6
2.9000134298379727,100,100,52,4
0.3109293578887220,100,101,48,6
5.5135529397576670,98,99,44,3
6.1520643595769631,98,98,47,4
1.7437436488277698,100,101,55,5
5.3127325538961383,100,101,56,6
3.9950468708156812,98,99,56,1
0.1150927765453271,94,94,51,0
2.4238739214746463,98,99,51,0
0.8436944133437196,100,101,45,7
0.1655011409529804,100,100,56,4
1.9839064428765161,100,101,47,5
2.1986290070420957,96,97,38,6
1.6376703222330060,100,101,54,6
0.4663822008581611,96,96,53,1
1.0618886976746507,98,99,50,3
3.1953068180037856,94,94,51,4
4.8779349208071370,100,100,48,4
1.2066853200910985,96,97,45,3
0.3068255341369636,100,100,51,5
3.8134107668816215,98,99,52,5
4.3358568291712345,102,103,54,7
4.6619987776927889,96,96,55,5
3.7286990329154133,100,101,54,4
0.3142781488855287,100,101,40,6
0.9016861697494050,98,98,48,3
6.1504168014019793,100,101,51,1
2.9855239292100002,100,101,39,7
3.6022310538326039,96,97,50,2
5.4128952625870301,94,94,45,0
0.1637674889755755,96,97,45,7
1.8441389001183774,102,103,43,0
2.8947701642785995,100,101,47,7
3.8110328591895337,98,99,50,7
5.9975243594158707,102,102,55,2
5.6781330192678281,100,100,52,6
3.4980396617459428,100,101,45,7
0.3346296994256951,100,101,52,0
3.6579448914731270,96,97,55,3
2.9147102401333478,102,103,55,4
3.0857302672727793,100,100,54,6
1.6749952919370033,96,96,47,1
4.7817670849007197,96,97,53,7
1.3395770660286510,102,103,56,7
2.9665053470515121,98,99,63,0
1.3106781061677071,100,100,59,1
2.5178546529942434,100,100,53,7
1.0688960066839852,100,101,55,3
2.4266973630670190,98,99,59,4
4.6665309284634970,100,101,56,6
5.3736205841196849,100,101,52,4
5.6688675978288900,94,95,58,7
1.4654719486718923,98,98,55,2
2.2380231037884588,96,97,50,6
3.6802767803593883,100,101,47,3
3.3647008981246609,100,100,55,7
4.6666360601928236,98,99,51,2
0.4945824433720988,98,99,55,0
1.3398169388890049,98,99,53,0
0.0621062118069458,96,97,51,5
0.9653871726957062,98,98,48,1
5.7301991357424136,98,99,58,7
5.7219025267613084,98,99,54,1
3.6953454695030739,98,99,46,1
4.5776653254658166,98,98,46,7
5.9541431691789244,94,94,45,6
5.7618602648683694,92,93,42,6
1.0448837608140908,98,98,52,1
0.5474967395652316,92,93,48,6
0.7942142718378367,100,100,56,6
1.5463100543507067,92,93,46,6
0.9034282998197717,98,99,47,6
2.4686699792688014,98,99,56,1
0.7057655768494369,98,99,53,2
3.7083626166997905,100,101,56,2
4.2813619115639430,98,99,49,2
6.2197160380965872,98,98,40,1
4.5082385318384421,100,101,50,0
6.0628109314113114,98,99,55,2
2.2566639050176387,98,99,52,7
3.0187614000201339,98,99,51,0
0.2808064913886983,100,101,45,5
2.7855756401441085,98,99,53,4
5.6489692299879009,98,99,43,4
6.1615763366157745,102,103,49,0
4.6941377489156793,100,101,45,5
2.9153056972636078,100,101,56,6
1.5610592558693548,100,101,53,5
1.3610397967572463,96,97,48,6
1.8587036676302451,100,101,56,4
3.7519900465179936,100,101,54,6
5.1375670781003144,98,98,53,2
5.8617472425932702,98,99,57,6
2.8873000403509423,98,99,58,7
4.9015920810870179,98,99,65,0
4.4263744757133088,98,98,50,7
4.2904058450848632,98,99,53,4
3.5221461984612166,100,101,51,3
3.2937957242221065,98,99,54,1
4.4169945337283929,100,101,58,2
3.0970271964627627,96,97,60,2
5.4558818173056531,98,99,53,0
5.8232701966811371,100,101,54,4
0.8775898164441271,98,99,44,3
0.6923703318206764,100,100,44,0
0.1438581668311872,98,99,53,6
4.2164582403636421,100,100,49,3
1.4858056379201163,98,98,45,4
1.8133010650233825,98,99,48,7
4.4823795876610673,98,99,43,4
5.7050917641393175,98,98,45,4
1.3906625451340922,98,98,45,0
2.3531667504582714,98,98,55,0
1.0901293744452898,100,101,50,2
3.0161259598193562,98,99,53,6
5.7350628254626539,98,99,59,4
2.6726724121041525,96,97,49,7
3.2651814272866955,98,99,54,1
0.6375551970966274,96,96,39,1
6.0019240470831834,98,98,51,2
3.5918043549727425,96,97,47,1
0.8917491512948248,98,99,45,6
3.9922844508271838,100,100,47,5
1.5614984828924687,100,101,58,0
5.6928061847339704,98,98,59,2
5.1883531331291097,98,99,52,1
4.6118563301053452,94,95,55,0
3.4145587050834432,98,99,46,7
1.8735068692678605,98,99,48,5
1.4816404263829237,100,101,53,3
0.7682657946403677,100,101,61,7
0.7925176760794540,100,101,56,6
0.6039550442006035,98,99,51,4
0.1603239603227959,100,100,56,2
4.1936175005135841,100,100,50,6
4.8638214722646289,102,103,52,3
5.0698791827840157,100,101,52,0
5.6559345544650341,100,101,48,6
4.2339685346228011,100,100,53,3
5.1992352701161089,100,101,45,7
0.7843315098997300,98,99,50,3
2.4966229620600728,100,101,50,4
3.3115588689126283,96,97,53,1
4.8764146806692494,98,99,47,2
6.2329986723740696,102,103,55,6
6.2669535954955427,98,99,46,7
1.4527372070084219,100,101,43,5
0.8746417268660418,100,101,50,2
0.5744139744379377,98,99,52,7
3.7108689150601917,98,99,54,7
6.2275984390958783,98,99,46,1
5.7327326190969199,100,101,46,4
2.7959655220590411,98,99,58,3
3.3365907335485616,100,101,46,4
0.2546236501285315,96,96,56,2
2.3058608436106929,100,101,61,3
0.7810995526526067,100,100,49,3
5.1793090973800009,98,98,46,5
0.7931218471763956,98,99,55,2
4.1772956081837513,98,98,42,5
3.7029621640877775,96,97,56,6
5.0356543801383991,102,103,59,2
4.7508588645162471,96,96,43,7
4.4414833821956847,100,101,57,7
5.3295928652846261,100,101,54,0
1.4244347563882154,98,99,49,2
4.6216222827295468,98,98,59,2
0.1030247780340825,100,101,54,2
4.3226948623540657,100,100,57,7
3.0280154337717375,98,99,44,5
0.2831730268506305,98,99,55,0
4.1654080308345707,96,97,41,5
5.1971380925212571,98,99,56,7
5.5166142096471233,100,100,54,4
1.6825345383647219,96,96,45,7
3.2125737784245110,100,100,46,0
1.9516681912416385,100,101,49,1
5.8789809103094548,98,98,49,0
5.7424251046097350,96,97,41,5
2.8057180824898129,100,101,55,7
4.4799122787428018,98,99,52,1
3.8247665726200530,98,99,53,2
3.7354249276802562,100,101,53,3
0.0545735121690302,100,101,61,3
3.5490959181425072,98,99,55,0
5.6352330280384866,102,103,46,3
2.8082101632825158,100,101,58,2
3.1759124420967151,98,99,49,4
6.2645913078303455,96,97,57,7
4.7176637437695277,100,100,53,1
4.0883959156993859,100,100,55,3
0.8088015591524397,100,101,49,5
3.9632065152591704,102,102,41,6
3.0510777844585268,98,99,50,3
5.6039792082994877,100,101,51,7
1.7508818392406635,100,101,51,5
3.4618020491948585,100,101,48,4
0.2301898544231577,100,101,55,5
4.2890387465090507,96,96,52,0
1.9590681870179860,98,99,59,4
4.6550566875491945,100,100,62,6
2.5312209008829454,98,99,50,7
6.1249953332581741,100,101,49,3
2.5889073603118100,100,101,53,5
0.7687591483290412,98,99,53,0
5.3882713668407973,100,101,52,6
1.2290435616134698,100,101,57,7
2.7841219816881058,98,99,51,6
1.5762719596176749,92,93,49,3
2.1411974571300760,98,98,54,1
2.0155116859072977,100,100,49,5
4.4192124603546805,98,98,50,3
4.3717517318419725,96,97,41,3
5.1155221871352223,100,101,53,5
5.7500654038039754,98,98,49,2
4.4230714341572090,98,99,47,2
5.2332585441444586,98,99,49,6
3.0736266325761541,100,100,49,7
0.5971735177552795,92,93,43,7
5.2613321018048111,100,101,41,7
0.3108901600266873,98,99,57,0
3.8164668490016895,98,99,41,6
5.2005426168635092,98,99,49,2
3.3587333371924966,98,99,54,7
2.4029854890699349,100,101,51,5
1.0757737623155841,100,101,51,1
0.9750761348389946,100,101,43,3
0.0997561673625071,98,99,47,0
4.8924969447293769,94,95,49,6
4.7493671442757810,100,100,52,6
2.8391298648942769,98,99,48,1
5.5490994340301878,94,95,52,1
4.7148555771621607,98,99,45,0
4.8875726102180597,98,99,53,4
1.8976866715286900,100,100,44,4
3.5175075543335512,100,100,50,0
1.8931789518631759,98,99,42,1
2.2221916419043417,100,101,54,4
3.5513023446939087,98,99,48,7
2.1748440814833487,100,101,42,4
0.3496348126033796,100,100,41,5
4.0673740737380895,96,97,51,5
1.1788763366707844,98,99,53,0
1.5585645829400345,100,100,50,6
3.2323338665940535,98,98,52,5
3.4856089634179828,100,100,53,1
2.2795858741208530,94,94,42,5
2.5860425001161933,98,98,50,5
1.3481933226554144,98,99,43,4
2.4620390491081436,98,99,53,4
2.0579395220152508,98,98,56,3
2.8814251392536163,92,93,44,4
2.6155166017476148,98,99,56,1
4.7052076758892465,100,101,58,0
0.8484759299973386,98,99,50,3
3.3252969060222752,98,99,50,7
5.6157605005372533,100,101,46,4
4.6759170934754195,98,98,53,2
1.0897877335336008,96,97,42,4
5.4012627799323401,96,96,55,3
6.0735246678846666,98,98,54,1
2.3713324752966107,100,101,51,7
3.8175617876035446,98,99,54,1
1.6078363937706357,98,99,56,3
0.1337384717776202,98,99,49,2
2.1483819846979806,100,101,57,5
2.5819319989696141,98,99,48,3
4.0628448132711670,100,101,55,3
6.2149398423298932,98,99,52,5
0.8569187518831872,96,96,46,0
2.6954326176914249,98,99,49,4
1.4240404422832220,98,98,46,7
1.7669467943790551,100,100,44,4
2.5962585192437473,96,96,46,6
0.4965608732631259,110,111,54,5
4.1431926657013616,98,99,51,2
0.9539004217659565,98,98,56,7
5.9636167420311477,96,97,52,0
3.9864794724418573,100,101,49,5
1.1458544554871068,100,100,52,2
3.9954702557934607,100,100,47,1
4.0903050875161888,98,99,46,3
4.9951006985077218,100,101,52,6
0.6472012965864032,100,100,49,3
1.1308855599422383,100,101,48,2
3.9756053464120700,100,101,45,3
2.6767719515936124,98,99,55,6
1.0770497278524780,98,99,38,5
1.3519247959108380,98,99,49,4
2.5286551866602536,98,99,48,7
1.4659933187845762,100,100,61,1
6.0986591720643064,100,100,45,1
6.0202649493196150,98,99,44,3
3.3513670883602695,98,98,54,1
3.3552942016583192,100,101,53,1
3.9167542752719688,100,101,54,2
4.3321963720106371,98,99,50,3
1.4792572270665452,96,96,52,2
4.4310930100750383,98,99,54,5
2.6128513279650889,100,100,48,2
1.9785176477215300,98,99,53,4
3.0011695850886557,98,98,46,3
1.2186066039952859,98,99,41,4
0.5747578801729801,98,99,54,5
4.2244654989087032,98,99,48,3
0.1182848387317730,96,97,46,6
0.1204350792820997,98,98,42,7
2.3837197550044564,98,99,51,6
0.7017410606285229,98,98,58,1
0.7717667867396258,98,99,46,1
6.1007177085489230,98,98,50,1
0.0849576122019293,98,99,45,6
5.8747706241836033,100,101,57,5
2.6785817267251524,100,101,52,2
0.1950516787511900,98,99,40,1
1.0323772802852194,100,101,56,0
5.9041317809304319,102,102,39,6
6.1587280028675293,96,96,51,7
1.5705603395855299,94,95,44,1
1.6502491692550814,100,100,46,4
1.3234282516475362,92,93,51,1
2.4120610202140433,100,101,49,7
0.6290887360420256,96,97,53,7
0.8495774830541849,98,99,46,1
6.0401037526415005,96,97,61,7
3.3438782190172551,100,100,50,2
2.6142009836216222,100,101,46,2
0.9862860829195869,100,100,51,7
1.6230230285207679,100,101,59,5
3.3573106000261848,98,98,42,3
1.2730703048820065,100,101,41,3
3.3661126069952929,98,99,53,6
4.0062852837447487,100,100,47,7
1.5211864305864828,98,99,53,2
5.8493511725079443,96,97,50,0
4.8163661119767989,100,101,56,2
5.0647380266532291,96,97,42,6
0.5197325895231631,100,101,60,6
4.6709791366215407,98,99,42,1
4.7246812838082723,98,98,44,7
5.8407123165863002,102,103,39,0
1.1482428211052025,100,101,51,3
0.3477621539345868,98,98,46,5
4.4236664299956754,96,96,45,5
0.6412735068012888,100,101,57,3
3.3062253540012816,100,101,53,7
2.9835974040924493,100,100,52,0
6.1204642472875328,96,97,57,3
1.4961677693566757,96,97,61,3
3.6935622131739425,94,95,46,3
3.0535837524217886,94,95,49,2
5.3679121842670217,100,100,53,3
0.5450135105992576,100,100,60,0
1.1717063221149875,98,98,47,0
0.3671775735232732,102,103,58,5
0.8351826304814116,98,99,64,1
3.3938553603366639,98,99,42,1
1.0582108274621977,82,83,45,0
1.4678824644808068,100,100,54,0
3.9253563661306052,96,96,53,1
0.0019811770048088,98,98,53,4
1.5969760521130552,98,98,47,4
2.4089438408776336,100,101,50,4
3.6108859795707167,98,99,50,5
4.3297572747280295,100,101,51,1
3.8308473246156320,94,95,52,5
2.6449820789850005,98,98,50,5
3.5796284175896593,100,101,56,2
4.8919472426111730,100,101,61,3
4.5216834728816897,98,99,47,6
3.6588545286035821,102,103,48,7
5.4713865903374534,96,97,48,4
2.5483007376065117,100,100,60,0
3.4366197061218036,100,101,54,6
5.8443608273157546,100,100,54,6
3.3600554808781822,100,101,61,3
3.0479756946518437,98,98,52,5
0.4918416840290235,100,101,53,7
3.4375567932250215,100,101,47,7
4.2816710096172841,100,101,55,7
0.8750579452448493,98,99,50,3
1.3574247371531325,100,101,58,0
5.8098084612297178,98,99,50,3
2.7021083300319400,96,97,60,4
1.5055986692309620,98,99,56,1
4.5792083482248751,98,99,48,3
2.5736188081469220,96,97,60,0
4.4259904326014867,94,95,56,3
5.5890403229063708,98,99,51,0
3.8073672190368915,100,100,64,6
2.7034828620743512,98,98,43,6
2.3842320567185173,94,95,45,4
4.0954981967768909,98,99,52,7
3.2237986776777805,98,99,55,2
2.6905557822086932,100,101,51,1
6.0383973305003362,100,101,54,0
0.7667667357551858,96,97,38,0
3.7507802770265366,98,99,52,5
2.2753406259680271,98,99,46,3
2.4354323992461211,100,100,44,6
3.6872625168448558,96,96,44,2
1.7586345039611577,98,99,57,2
5.3301449412580570,98,99,50,7
0.3931917603081814,100,100,56,4
0.9213701901168985,98,99,42,5
1.9345764858111549,98,99,52,3
0.6797403881660141,98,98,57,4
6.0454056836696877,100,101,57,3
2.7877313172183671,98,99,50,5
1.4991551248072645,100,101,54,4
4.5599214825334444,96,97,45,7
2.0868352937072641,96,97,47,3
1.5931830054098011,98,98,53,6
5.3108135995228052,96,97,45,5
2.1595135463504400,100,101,49,5
2.7516240933904279,94,95,47,0
4.5744985363747022,98,98,59,0
0.0797993566412881,100,101,49,1
4.1026910079664836,100,101,46,6
0.6497177150547276,100,100,52,2
5.2974415147363745,98,98,53,6
0.9029508381606089,100,101,50,2
4.4906319160692751,98,99,51,6
4.5956089529573818,100,100,55,1
3.4170575953579281,96,97,49,7
4.0294825979159876,98,98,48,1
1.5145201162527469,98,98,50,3
4.0652421532771417,98,99,52,5
4.1695376889212348,100,101,56,0
4.1459195931845692,98,99,55,2
0.8685778807496466,94,95,52,1
5.8721240200526301,100,100,56,6
5.5087879558846451,92,93,44,4
2.6774143845627068,98,99,51,4
0.2677356976040673,96,97,46,0
4.6444791751396286,100,100,54,4
5.0143972044240117,92,93,44,0
2.7677938074683097,100,101,51,3
3.7190862471754214,100,101,57,3
1.5885484658567632,98,99,48,7
4.6505060737962136,100,100,54,4
0.1989898634069225,100,101,47,5
2.6229023748433611,98,99,49,0
5.3840525682244298,98,98,53,0
2.3376861559448887,98,99,49,6
3.1374806523817225,100,101,49,7
3.9130809669465134,102,102,55,0
1.3977196541724464,98,99,58,1
0.2147177809329392,94,94,62,1
4.2214493083748188,96,97,55,7
3.1794385772822435,96,97,50,2
2.1495406354699593,100,101,53,1
0.1062042758907073,98,99,44,7
0.5457676933142377,100,101,49,7
2.4662835343465321,98,98,54,1
1.5349257056003112,100,101,52,4
0.7212081281842869,94,95,51,6
0.9542878821212917,100,100,57,1
6.2651156060349331,98,98,57,4
0.8890290635459489,100,101,47,1
0.0431803874063633,98,99,42,1
2.6754137538768337,98,99,48,1
3.9458074420446327,98,99,50,7
2.1651122013385877,98,99,48,1
3.1858712363861015,98,99,59,4
1.9976659502395819,100,101,57,1
1.3124982156720275,98,98,48,5
0.1793110625263269,96,97,40,6
5.7578032814512561,100,101,47,7
4.8000267452919321,98,99,50,1
4.6305039255956286,98,99,42,1
1.1533718232158581,98,99,46,5
5.3891068423567710,100,100,54,2
5.3262065206222360,96,97,50,0
1.8381331822522637,98,99,60,5
6.2614360464269492,100,101,48,4
5.0882311877267465,98,98,53,4
3.0135694231082653,100,100,44,0
0.8325519575856065,98,98,51,4
0.0201517483256497,98,98,40,5
2.3697118962556534,98,99,39,6
3.5971444168328777,98,99,45,4
4.1637555931818513,100,100,57,5
4.8873258824231920,98,98,49,4
1.8168498638879536,102,102,55,6
2.1260455299491690,98,99,54,7
2.0714249959233695,100,101,53,7
3.1992347478364502,100,101,55,5
4.1202664744996662,98,99,59,6
2.8596437842799247,98,99,50,3
2.6497161574886015,96,97,44,2
1.7450345226815622,98,99,50,7
1.5725015574832537,96,97,48,6
1.0897806021565084,98,99,56,7
4.9463141738374459,98,99,48,7
6.1773463880438175,98,98,54,5
0.4154938261049211,98,99,50,5
4.8212558507616183,100,101,56,2
4.3698625095077261,100,101,46,0
0.0984416315089015,96,97,44,0
1.0035577999937348,100,101,52,4
0.4272421793003328,100,100,48,6
0.7911152155507709,100,101,43,5
5.9589343616624442,98,98,51,2
2.9066295343324575,100,101,46,6
2.9823758632539454,96,97,56,2
2.4295778202399774,98,99,59,0
2.9323752811969430,98,99,47,2
6.1994104376446684,98,99,46,3
2.2147305605258705,96,97,52,2
0.0831734904992618,100,100,54,4
4.1276408477871591,96,96,62,2
5.3607162256776517,100,101,53,3
4.9742957164259556,96,97,57,1
0.7148812656608640,100,100,58,4
4.1420237476372552,98,98,47,6
1.1793109117806757,100,101,57,1
3.7705140083481581,100,101,59,5
1.5622400975357427,96,97,54,0
0.0326127278462292,102,102,48,5
3.3024232270642302,98,98,49,0
5.9016211464744108,100,100,48,6
1.0896246526463380,98,99,46,3
6.1452563286817279,96,97,43,7
0.3819552513648979,98,99,45,0
5.0752423271530249,98,99,48,1
0.9904557044938647,98,99,54,3
4.6262946566582519,96,97,56,0
1.0620608676423153,100,100,44,6
0.2501178241859026,94,95,51,6
3.0725904994491708,98,98,44,7
5.4698899067708968,100,101,59,3
2.0869505612671730,100,101,54,0
5.7937020232494092,98,98,47,2
4.7136177818104636,100,101,56,0
5.4795537760858357,98,99,40,7
6.0938113816322188,98,98,52,3
5.8189229554516952,98,99,53,6
5.6043206350949131,98,99,53,2
4.1118904108679075,100,100,49,5
3.2620268653578801,98,99,48,5
1.4898372422956485,96,96,53,5
2.9972484792020779,98,99,49,4
3.7935684401099277,100,100,60,6
0.0322501238880541,98,98,52,5
1.1037986718129633,98,99,48,5
2.9006547370690350,100,101,51,3
3.7682096062242976,98,98,48,1
1.0587151494326856,100,101,54,0
2.7030998917484901,98,99,39,6
4.0763952332533835,96,96,49,1
4.2169549088539675,98,99,53,4
3.1530505957009538,100,101,45,7
3.3163360063842231,98,99,64,1
2.1291598201108521,98,98,49,6
1.8581760539223056,98,98,46,1
0.6544501060357901,98,99,51,2
0.2538657765238269,96,96,42,6
4.3582777830110890,98,98,54,5
1.0704516474097019,96,97,49,3
0.1361182998526251,100,100,53,1
4.5165652453512752,98,98,49,4
0.0835275458599556,98,99,44,7
4.8250063854573808,100,101,64,6
3.3819670152371111,98,99,54,7
4.4290711449915010,98,99,61,2
1.9063992322331986,98,99,51,0
3.6359075087862158,98,99,59,4
0.1909930647409185,98,98,51,2
1.8865796979327762,98,99,50,5
6.0177907194203435,100,101,56,6
2.4791198707346691,96,97,54,2
0.9458464942386577,98,99,51,0
1.7764353626299494,98,98,43,0
2.1195335151362680,100,100,43,3
2.2288962827011445,98,98,50,5
4.3973458375799748,98,99,53,2
6.1485735582645962,100,100,57,1
4.9933664973465239,100,101,50,6
3.5066659444117727,98,99,49,6
3.0177393160118422,98,99,50,3
0.4249642356781132,98,98,48,1
2.7330607832857980,98,99,48,3
3.0836301827539470,102,103,55,6
2.6669797616643800,100,101,63,1
0.0229841063805274,100,100,53,3
1.5342004022446578,100,100,57,5
3.2457007580385104,100,101,53,5
0.5913831976562804,100,101,54,0
5.8455128636508027,98,99,50,5
5.1252300008875986,94,95,46,7
2.4426607924648089,92,92,49,7
4.3854663270158296,100,101,38,2
3.0032630849765543,100,100,48,2
2.9166590607642426,98,98,54,5
3.5345287444779871,98,99,53,4
5.5742163641100237,98,99,44,7
4.8988019578650359,98,98,61,0
2.3527153559398211,96,96,53,5
4.0376875460943902,100,101,52,2
5.6998742339971944,100,101,41,1
0.7554154609980004,100,101,52,2
0.3472112782489509,100,101,51,3
1.6325897897454789,100,101,44,0
5.7580008096405857,96,97,46,6
3.8392749897389975,96,97,62,0
6.0402891758390815,100,100,37,5
2.2897657150634307,98,99,58,3
0.9972366276551219,100,101,51,3
1.8703472008629205,100,100,54,4
2.4937287888842299,98,98,54,3
3.1835774725890369,96,97,53,5
0.0617282152393324,98,99,46,3
5.4756700770757449,96,97,56,4
1.1141287409642984,100,101,46,4
0.6751608862134590,100,101,57,1
3.5532520039935460,98,99,49,6
2.7198186677819107,98,99,50,3
3.5479172674793351,98,98,45,4
2.5854002132676248,98,98,50,3
1.8452972241386207,96,97,46,6
3.4973518079324517,96,97,50,0
1.2371254201797734,102,103,55,0
4.3383820541659359,96,97,59,1
1.1523966406224930,98,98,49,6
5.9443776403687529,98,99,55,6
6.0505602819687088,100,100,57,3
5.5928085612616130,102,103,54,5
5.8371526217591736,96,97,49,1
1.5015012412412942,100,100,52,0
6.0564008071855460,100,101,48,2
2.2162087935353765,100,101,52,0
5.4488815557552170,100,100,48,4
0.9071443127303933,100,101,51,3
4.3676426552496297,98,99,48,5
0.2981160346580274,100,100,47,5
3.0730828525638390,98,99,53,6
0.0194615124565119,96,97,42,0
4.7399880396606120,98,99,46,7
2.5318302016337313,100,101,51,3
3.6449271911330579,98,98,51,0
5.5737938183948614,100,101,54,0
4.8204584639802333,96,96,49,1
0.4709203418170139,96,96,43,3
2.1535564553061128,98,99,51,0
0.5281919999330883,96,96,55,1
3.4356283992513652,96,97,49,7
3.3505242414853238,98,99,48,3
2.2404452633239669,92,93,50,0
1.8942277081975043,100,100,50,6
2.5898422129875081,100,100,48,2
0.7100499434929977,96,97,54,0
5.5758261460855643,98,99,52,5
5.3252434061203493,98,99,54,7
6.1623353374494618,100,100,54,0
2.7271665767609208,96,96,53,5
6.2812789907380058,100,100,51,5
1.1756138771465703,96,97,37,3
0.0010186800849925,98,99,53,4
3.6936260619845971,102,103,59,2
4.1089532389809849,102,103,57,2
4.1047555719071518,96,96,46,4
4.0070747732482586,100,101,43,7
5.9560582354609268,100,101,55,1
2.1718965257326981,96,96,45,1
4.8354242660606443,98,99,54,5
2.9489444810139620,96,97,61,7
4.4195053589939448,100,101,55,1
2.3455262805503283,98,99,52,1
5.5480453263249867,98,98,47,4
5.3330386535277450,100,101,55,7
1.5015226000335831,100,101,42,2
6.0805721956561101,96,97,51,5
2.7419456561193476,96,96,43,7
6.1889542742254786,94,95,46,7
4.7818033958928323,100,101,55,1
5.0972327491955838,98,98,50,1
4.1494077161370759,98,99,53,4
6.1081969436028913,98,99,48,7
2.5595855986359286,100,101,57,1
1.7899281259545581,96,97,55,3
3.6268178570779215,100,101,54,0
5.5645086142101334,98,99,42,5
2.7478448686330412,98,98,52,5
1.7743234609293059,100,101,50,2
5.2914006902566735,96,96,52,6
5.9752436486877265,100,100,53,5
2.8179320798488989,98,99,44,7
3.5274474987614179,98,99,53,4
3.3740721361439201,96,96,45,5
0.2224621171267895,96,97,58,4
2.0986153201247921,96,96,54,4
3.2621182959040320,98,99,47,2
5.2097036962106209,98,98,51,6
1.7761275153897320,100,100,54,2
5.4670114909588285,96,97,55,5
5.1542051927563790,98,99,60,3
6.2822947705232099,100,101,57,7
5.9729319752427390,100,101,54,2
2.3094366707137142,100,101,57,5
4.1967032775885542,98,99,51,4
0.0658950945775680,100,100,48,4
0.0298930613454600,100,101,56,2
2.4485011228069200,100,101,56,0
3.8872833078884543,98,98,58,3
0.1747028870846967,98,99,47,0
4.7563000337560259,100,101,55,5
3.3390955682099048,96,97,47,5
0.4902992224530464,98,99,51,6
3.8176730375938899,100,101,49,1
4.7528443803422444,96,97,42,6
2.0253883562167485,102,102,42,3
2.3553350025372950,98,98,55,6
0.8974299571739355,98,99,49,0
4.9354674009071777,98,98,55,4
5.5237378702851432,100,101,58,0
2.1871061828799507,100,101,55,5
2.5411718469553715,98,99,47,6
2.3499315696033345,100,101,50,6
4.6827115934178805,100,100,48,6
0.9952322327637453,100,100,51,5
3.4010544188273495,96,97,56,2
2.9642888540033807,100,100,41,1
4.9377750776570437,100,101,49,5
5.6901032122821142,98,99,44,7
6.0193822405364692,98,98,59,2
5.3929724910997212,98,99,48,5
2.9899288275231997,100,101,50,6
0.5824819317439544,100,100,56,6
2.8819479699567490,98,98,48,7
5.2277614797499838,96,96,49,3
5.7498903947564797,100,100,55,7
4.9802479787545941,100,101,57,5
3.1798499491432199,98,99,44,3
5.6161059002992584,98,99,52,3
0.6300474192223349,98,98,44,1
3.5300718093746437,98,99,50,1
5.9996581582563984,94,95,44,1
3.4728798251898279,98,99,50,1
6.2459045874425163,100,101,56,4
4.9116777478078237,98,99,49,4
4.7020996295731665,98,99,55,4
2.9523696292682815,92,93,51,1
2.4779805241617461,98,98,49,2
2.3335314037339367,100,101,55,3
2.1485644796049370,100,101,53,3
2.0639271910490593,94,95,51,0
0.9020340067959095,98,99,56,7
5.6175429284101694,98,99,59,4
3.6946452215335399,94,95,56,5
3.8074741470154763,98,99,42,1
5.8295666211591604,100,101,52,2
2.5780049522037234,98,99,56,1
1.7483263253725858,100,101,44,4
0.5662720220687001,96,96,57,5
6.0734055634729662,100,100,54,0
5.3940153473673966,98,99,57,6
4.5343318525315279,98,99,45,0
3.4821455881178753,100,101,48,4
1.2930787058354629,100,100,57,5
5.5135408654002145,98,99,56,7
3.5165319856779260,100,101,59,7
5.2646294059757857,102,102,51,4
1.4846677161114514,92,93,46,6
6.2441702177625427,98,98,49,4
2.2279636731919625,100,101,47,5
6.1162681293855927,98,99,55,0
6.2368710950932842,98,98,48,5
3.1590286921992186,98,99,51,0
0.6437141564651818,100,101,53,1
1.8711471081769850,98,99,49,6
0.4498630526000671,100,101,55,3
1.3506483674368157,98,98,55,2
0.2384322872992075,92,92,43,7
3.8834089102417679,104,105,64,4
0.1459946425735297,100,101,60,2
1.5635883119773284,94,94,48,5
0.9757468417877884,100,100,46,2
2.3069033785687130,100,101,54,2
3.6377731265286686,100,101,47,3
4.0634892656666945,100,100,54,2
4.1971095407084986,98,99,49,6
3.5547293976164092,100,101,53,5
4.7345122778001194,102,102,47,0
3.1849081815198197,96,97,51,5
4.0039207870495961,98,98,47,2
4.0606180252334045,96,96,56,0
3.7793863637456089,98,99,45,2
4.4694367864439393,98,98,49,0
1.6092615398238816,96,97,50,2
1.0275928292257552,102,102,49,4
1.1658378352020768,100,101,56,2
4.2269721320935174,98,99,53,6
1.1682985498819147,98,99,51,6
0.8123493468286880,96,97,48,4
3.5097241538402075,100,100,46,0
1.3398074682002570,100,101,49,1
1.7989244606866792,100,101,49,3
1.5591647291664872,98,99,55,6
3.5436357114553028,100,100,49,5
3.6900385216585865,98,99,62,7
2.4748335545031415,100,100,54,2
4.4374570427025501,100,101,48,6
1.2033088089026953,98,99,60,5
5.6836236340270485,92,93,50,2
1.4487431163481443,96,97,58,6
3.7268809760809662,98,99,54,5
5.4604190492022102,98,99,57,4
6.1466662428316736,96,97,44,6
3.3232192675259800,100,101,52,0
5.1836548687378574,94,94,47,0
5.3147332382477002,96,97,54,6
4.2044333018345492,98,99,46,5
0.4652084492039206,100,101,52,0
1.4438614331985733,100,101,60,4
3.0265169614815108,98,99,51,4
3.7889413729313559,100,100,58,0
5.9150297751184286,96,97,52,4
5.1880851284674492,100,100,49,7
0.5665190917376016,98,99,59,4
0.5551212887902502,98,99,59,0
1.4085596431192688,94,95,52,5
4.6409666148444497,96,97,50,0
0.8246923484059897,102,102,46,1
1.5513770670101303,98,98,48,7
2.0881204162073739,100,100,56,4
1.5444202391481376,100,101,50,4
3.4261242565987708,98,99,47,4
1.4086718644044298,100,101,50,6
3.7986117803445945,96,96,50,0
3.4258955889078919,96,97,51,5
1.3382364596685956,100,101,59,3
4.0593143394260389,98,99,48,3
5.2567399439001141,96,97,44,6
4.8978773430376803,100,101,59,3
2.1923618740140061,100,100,49,7
6.0121385987432516,98,99,50,3
0.9514048761301526,96,96,41,5
6.2460030423917727,100,101,58,0
2.0663360513738644,98,99,46,5
1.1632046428174592,92,92,56,4
2.1648270834147287,100,101,50,4
3.9954102478412508,98,98,51,6
0.5297258835072621,98,99,49,2
3.7336889401659161,100,101,56,2
1.2303942403887436,98,99,51,2
2.9600095186037172,100,101,60,0
1.9497590747968927,100,100,51,5
3.9865175091363407,100,101,56,6
4.7724789707657127,98,99,51,0
1.0544920523846959,98,98,53,0
3.4061801171407193,98,99,56,5
3.2398807759239228,100,101,61,7
3.5104522431388943,96,97,41,1
4.3900402081558614,102,103,56,5
1.6156331779508606,100,101,55,3
0.9114667130067957,98,98,43,4
1.2990442301573411,98,99,50,7
4.8907883849468341,100,101,52,4
5.0156101172908434,98,99,56,1
0.9066846664298122,98,99,53,0
4.1957415667574622,104,104,54,4
6.1847004369810152,98,99,37,2
0.4095291833214523,100,101,50,4
6.1497852495551575,100,101,54,4
1.3242584127192987,100,100,49,7
0.0179985862963103,100,101,47,7
5.7156076599165777,98,99,52,3
5.7974224278434834,100,101,60,4
1.2224806036164593,94,95,48,3
3.4204865838708209,100,100,52,6
2.8927461646049966,94,94,43,6
0.4534857036215430,100,101,59,7
6.1180093591996831,100,101,54,6
4.7131440142081393,96,97,51,1
4.7433536970280725,96,97,52,4
3.1613876410757817,100,101,40,6
3.4595273433236482,94,95,55,2
3.6134183408142251,102,102,49,4
3.9684919597575461,98,99,46,7
1.5870460167118052,100,101,44,2
5.8722683003937881,98,99,65,2
1.7409324654822913,94,95,54,3
1.9880508521923110,98,99,47,2
4.9569987924840913,98,98,53,2
4.8023472610397153,98,99,49,0
0.0601719213675014,100,100,60,4
4.1384422275060109,100,101,49,3
0.5579238140396008,96,97,50,0
5.7973677200845417,102,103,49,6
5.9623542512133580,98,98,47,2
1.8302088705989970,96,96,52,2
5.1165878738653934,98,99,57,4
2.1218709837455392,100,101,49,7
4.8213645608420332,102,103,49,4
4.3619700199402365,98,99,47,4
4.3556287236179738,100,101,40,6
6.1372528044842634,100,101,60,2
2.5269264850613387,98,99,57,2
5.3710946093500320,100,100,55,7
3.8065044386567664,98,99,52,5
2.2348024792204013,98,99,51,6
3.1568398659610550,98,99,47,0
1.4077293875633097,98,99,50,7
1.4585720263720143,94,95,57,4
0.3586071991027417,98,98,55,6
2.3957991683011803,94,95,49,6
5.7676850947700986,100,101,57,1
2.2223812643692766,94,95,47,6
3.8820894741506913,96,96,53,7
3.5261138338277966,98,99,48,7
2.8367270966070683,96,96,51,3
6.1205121478274487,96,97,55,5
4.0645590056057204,94,94,50,1
0.6452499105256870,96,96,51,7
1.4246933670609558,98,99,58,5
1.0445059535988495,100,101,43,3
1.9345573194420662,100,101,64,4
1.0645867382432395,96,96,43,5
3.4941648217874901,98,98,44,3
0.4435340712932636,100,100,51,7
1.2537902675561823,98,98,51,4
2.6251009283703399,100,101,45,3
3.6878554282627882,98,99,53,4
2.4401421218968951,100,101,49,5
5.5515714482132674,102,103,60,7
3.1854482451671582,100,101,55,1
0.1805541120193850,96,97,58,2
3.1762834356417913,98,99,59,0
5.4734213318419940,100,100,52,6
5.0863120122118426,100,100,47,1
3.2070140850432884,94,95,53,4
3.6738205835270445,100,101,55,7
2.0051561674828227,98,99,44,5
0.9766763439747301,96,97,53,5
2.9026667862450832,96,96,41,1
4.4122736804768694,100,100,50,4
5.4304961380028525,100,101,54,6
1.6651552566208834,100,101,55,5
1.2365792316126192,100,100,55,3
5.5957102105847545,100,101,57,3
2.5200954640317978,100,101,48,4
3.0098303157423820,102,103,44,5
5.7972642201351094,100,100,50,0
2.5923321640429196,96,97,49,1
3.6947967647122635,98,99,58,7
3.4409013764989216,98,98,57,4
2.5573718198677677,100,101,49,3
3.1510195434799630,98,99,47,4
4.1020289545140960,98,99,54,7
6.0902327918315322,100,101,57,1
1.4229150518758575,98,99,50,1
1.2877874941435892,98,99,49,6
4.8563207527216790,96,97,66,2
4.5159436747427080,98,98,53,6
0.7341864443695814,100,101,59,5
5.3872133190563494,96,97,48,4
4.5214183094318878,96,97,52,2
3.3275130542476004,100,101,54,2
5.9855436192440585,98,98,64,1
0.6694877094457322,96,96,49,1
0.9494090144105902,102,103,57,0
2.7548137176781191,100,101,53,1
3.9545039274364853,96,97,39,1
6.2493824239872851,98,99,50,1
5.9037753659810033,100,101,48,0
2.8515805012217119,100,100,61,7
3.6816001034542198,96,96,42,4
2.5171083754092636,100,101,60,2
3.7913491846447740,92,93,40,0
1.9231840608337161,98,98,48,3
5.3140133402398178,98,98,47,0
2.4833708290787104,98,99,59,6
1.4804604230533651,100,100,59,1
3.9501069711629180,96,97,41,5
2.3928159367568953,100,100,55,1
5.0354588815378074,100,101,54,6
1.0845326197673482,100,101,50,4
1.4215750239276925,98,99,51,0
1.5116253459814930,94,95,51,4
2.2994162383474022,98,99,56,7
2.3607292572162084,96,96,43,3
2.4055579684659514,96,97,48,0
3.6102226354443703,96,97,53,1
5.8378305876957262,98,99,63,6
2.7992634860108692,100,100,50,0
5.8687331851006812,98,99,60,7
4.7140011275503815,98,99,47,4
1.7551669280707685,100,101,54,6
4.1933496113363997,96,97,57,3
5.9286414896060080,100,100,56,6
0.5690930693734720,100,100,52,4
3.1634390869683044,98,99,44,7
3.1035849518074228,104,104,56,4
4.3722624252281568,100,100,45,5
5.5706322293703909,92,92,46,0
3.9480170168176043,100,100,55,5
4.9799817524669630,100,100,51,5
3.7933316594336666,98,99,49,6
3.6998167800461594,100,101,57,3
4.2384344273761752,96,97,50,4
4.1234533472091881,96,97,53,7
0.5757144741708585,98,98,51,0
0.5709760843770468,100,101,51,5
3.9278721263347838,100,100,50,2
1.9431773944073396,98,99,52,1
1.9345619559611502,100,101,60,6
4.7262187035105061,100,100,47,3
2.4094881539902060,100,101,52,0
6.0844998883349097,102,103,46,3
4.0775620209309977,100,101,48,6
0.1050965341114372,98,99,49,4
1.2790043350435127,100,101,45,5
0.7214957351517087,102,102,48,7
5.6968938877925606,100,100,51,5
6.1064767240081910,98,98,63,0
0.5508786504985942,90,91,49,0
5.7999706499834698,98,99,54,3
1.0049603583837570,100,100,52,6
4.9784395117101177,100,101,47,7
5.0410679606179176,100,100,44,6
5.7701372732322644,96,97,48,2
4.5348165296590990,98,99,54,3
6.0485203692932350,94,94,50,3
3.1864336847498120,100,101,47,5
1.1287827036096647,102,103,53,4
1.1638625857292895,98,99,57,6
6.0060985543219338,94,94,38,7
3.0963617455183372,100,100,58,6
3.4674748518325176,96,97,46,6
4.5031125902806526,96,97,52,0
6.2517643559523712,98,98,49,0
2.6854253653959548,100,101,51,7
5.6182860935928653,96,97,47,7
0.7954976277769176,100,101,56,4
2.0410214857659126,96,97,54,2
0.9195866559404064,100,101,50,4
2.4006585961919971,98,99,49,2
3.7259871327799874,96,97,38,6
0.5311558745838471,98,99,57,2
4.9378877236690020,98,99,49,2
4.3356733285719242,98,99,43,2
0.7529836275680953,96,97,57,7
2.4223913728482680,94,95,51,0
2.3652928323025946,100,101,52,6
2.7318058772827811,100,101,56,0
5.0658629425347321,100,101,54,0
2.4972555710609408,98,99,48,1
4.5311127781377358,100,101,51,3
3.3003906617296459,94,95,56,7
1.7844368814596634,98,99,55,4
2.7536617352785475,96,97,51,1
2.8926882673210370,100,101,39,7
0.0585916700981022,96,96,50,6
5.5326712277962660,98,99,51,2
5.4459002158896705,100,101,49,1
4.9461752397989116,102,103,49,4
1.3201358231867268,96,96,53,7
5.7299121124217676,98,98,52,5
1.0019190494914918,100,100,51,1
3.8155232353354993,100,101,44,0
4.1706901697041125,100,101,51,5
1.6843962190194541,98,99,50,5
2.6949922711554222,100,101,53,1
4.0725096877379885,100,101,47,1
3.7261266533907946,102,103,50,3
0.6809317340148554,98,99,52,1
5.9815235710313761,98,99,57,2
0.4896584353248482,98,99,50,1
1.5060450787572681,100,101,44,4
4.7677110284836983,98,99,44,3
1.2936874368332281,100,100,58,4
5.5266843896686408,100,100,47,5
3.5990552068087798,100,101,55,5
2.8252504031736603,98,98,52,5
5.6986519294986895,96,96,45,3
5.4480445908846642,98,99,50,1
3.8422582962270875,96,97,53,7
1.4190451590698601,96,97,52,0
4.5703593329819139,98,98,49,2
2.0203815067399660,100,100,48,0
4.0513999066361448,98,99,50,1
3.8909783958305972,96,96,43,5
1.2382745388680965,100,101,53,3
2.5908192473641538,100,101,56,2
5.9685248995756348,100,101,58,2
4.1803824884848728,100,101,54,4
3.4233584709045735,100,101,51,5
3.3690150077933647,96,97,43,1
5.0035802560461971,100,100,52,0
5.1259281330266511,100,101,62,6
0.0406118392411039,98,99,56,3
4.5514587839348479,90,91,41,2
1.0769309389943127,98,99,51,0
1.5251749758664943,96,97,55,5
2.3417382067070363,102,102,49,0
3.1691771547309755,98,98,42,3
6.1532483386119852,98,99,50,3
5.8083617887781598,98,99,50,5
1.5422221906274669,100,100,52,4
5.6437336566088980,98,98,48,3
0.6937412003278529,98,99,60,1
4.8163090487899645,98,99,51,6
3.1813270848814033,98,99,52,5
6.2410451511318934,100,100,56,6
0.1091893922950825,98,99,46,7
3.0229075785700119,100,100,56,2
1.6529548371555827,98,99,51,2
3.8762033398870686,100,101,56,2
0.0640963011503002,100,100,56,6
4.3190121687790652,100,101,48,0
5.0708030259772556,98,99,51,0
4.9449302003708375,98,99,45,4
0.3588996169175593,96,97,56,2
3.7787479334070677,96,96,49,5
0.2097933696434239,100,101,47,3
1.9773225710561511,100,101,50,6
4.0100912124080592,98,99,44,5
3.7396870062888539,100,101,45,7
2.4477014313370744,100,101,58,2
5.9280343300051559,98,99,48,7
5.9633147337907708,100,101,56,0
0.1162221642121994,98,99,53,6
3.5019527673868964,96,97,52,0
0.6170424137341987,100,100,51,5
1.0667299473950627,100,100,46,0
3.1431266875915034,96,97,51,3
3.5345896557483618,98,99,52,1
5.1443996292024909,96,96,53,5
3.9027912848162458,100,101,54,0
3.4531854099193215,100,100,53,3
4.7320562077649031,102,102,51,0
1.2434570150119511,98,99,55,4
3.1592288864558800,102,103,51,2
2.3566938553369741,98,99,54,5
2.1836862714202416,96,97,53,3
0.3031819226290637,100,101,52,4
0.1222899764687940,100,101,50,0
1.9417265015203700,102,102,45,0
4.8442371562786022,100,101,54,4
0.2435585879786204,98,99,60,5
0.8575278488900819,98,98,56,3
1.8626166837720728,100,101,47,1
5.3873633888412691,98,98,53,0
4.8344734277180574,100,100,52,4
6.1218997134544804,98,99,59,2
0.7682100168805269,98,99,49,6
4.2661235507789099,100,101,50,4
3.9679561200115145,94,95,49,0
5.1009731647410241,98,99,55,6
2.8921387446998916,100,101,53,7
4.2195342550872352,100,101,55,3
2.7818777808220814,98,99,45,2
2.9517684262032042,100,101,62,4
4.2226233976144272,98,98,56,3
1.9508043436173621,98,99,35,0
4.6238393442263508,100,101,55,3
5.8297233706229150,100,101,68,0
3.1154229458618685,94,95,49,0
6.1129523991265859,98,98,47,0
5.3460669002388146,100,101,49,5
0.6203518574481178,98,99,58,3
1.3234740904076063,98,98,51,6
0.8388678906500885,98,99,48,7
1.2658131177410987,98,98,47,4
5.9553350929880278,100,101,55,5
0.4885662410533616,96,97,49,5
4.9789077329517619,94,95,51,2
0.2758336655259382,96,97,49,1
5.5133139159519642,100,101,47,7
4.6907042430902255,98,99,57,6
1.9561030804008377,98,99,49,6
2.7130589844293418,100,100,44,2
3.8061299707400034,98,99,56,3
2.3835250397687373,100,101,61,1
1.2920358779197378,98,99,47,0
1.5474950222304724,98,98,52,5
4.6218488885421030,98,99,47,6
0.7217639015237596,98,98,45,2
0.7945363551618624,96,97,49,7
0.9516059163484573,96,97,54,6
4.9217219697542642,98,99,48,5
2.3698958226834965,98,98,56,5
5.1731351055246444,100,101,46,0
4.5635224509846255,96,97,46,2
0.6429918967616568,98,99,52,7
4.6993966155894320,100,101,50,6
0.9710341665198193,96,96,52,6
6.2479341682054015,96,96,52,4
3.4944424611890832,96,96,47,1
2.9380837797956945,98,99,53,0
4.8541844217302197,98,99,54,3
4.3379176391752141,100,100,50,2
2.0695414633795699,96,97,48,2
0.5860888028735033,100,101,53,1
2.3809559423862487,94,94,49,6
6.1655477401852714,100,101,51,1
2.5396893308926818,96,96,52,0
3.4066796065313398,100,101,52,6
2.2180819827209848,98,99,46,1
1.7603396995224401,100,100,49,7
0.3238879921989934,100,100,67,7
2.3635273540385513,100,100,44,2
0.4392768398372607,100,100,55,3
4.9343931380001784,98,99,54,7
5.0553331668359140,100,100,54,2
2.1363200299001792,100,101,46,2
2.3743435714510608,100,101,60,4
2.9158137440143976,100,100,45,3
4.5913279830282541,98,99,44,1
1.9776393337147111,98,99,50,1
4.1371114865576066,102,103,50,1
3.3596766249966996,100,100,46,6
6.2501562397983399,96,96,50,6
1.4071990932072651,100,100,46,4
3.5676017502483748,98,99,54,5
3.9443075446129030,100,100,59,1
0.9253115421807422,102,102,47,2
5.6226762257983038,98,98,54,5
3.3672395621288747,98,98,53,4
5.1296451084401005,98,98,44,5
4.3893396984390032,100,101,55,7
2.4884244786751832,100,101,57,7
1.1512645033179123,98,98,47,2
4.0225257473092508,100,100,63,7
3.3676292402177537,92,92,43,5
0.8349753280546415,100,100,44,2
1.0891433483178619,100,101,48,4
2.7557809711310508,100,101,46,2
6.1357003447059686,100,100,50,4
4.0349769548803183,100,101,59,5
6.2772386995876310,102,102,56,5
0.6561937912886087,100,101,53,3
1.0533194865729114,98,99,60,3
3.7032363435111435,98,99,57,0
6.2698406503449196,98,99,52,3
4.0643570643707587,102,102,53,0
3.9824534236164060,98,99,56,3
5.0582432324164577,90,90,53,6
0.8295078891971603,100,101,58,2
2.6984284594945995,98,98,46,3
1.5007064280258027,96,97,49,3
3.7531357343898444,100,101,54,2
1.8392169010834318,94,94,37,6
3.0927538552604625,100,100,54,4
1.4215440654591651,96,97,48,2
4.9790942387617045,100,101,51,7
2.5721927084553489,100,101,53,7
0.2723677359738814,100,101,49,7
4.3510599787073252,96,97,52,0
1.3988537075686056,102,102,54,3
3.8559788046811687,98,99,48,3
3.6330597422742583,96,97,53,7
5.3924098526095081,94,95,43,0
3.7448962707578946,100,101,50,2
4.8943992449227700,100,101,49,7
6.1222150827395678,98,99,63,4
5.8261068422995512,100,100,60,4
0.0197804891316752,94,94,47,0
0.5615910491395530,100,101,48,2
5.7033353894993253,100,100,52,6
3.1657198609585961,96,97,43,7
3.6462110792205582,100,101,55,3
0.0745155806757283,98,99,44,1
3.7846623963174570,94,95,49,2
0.0428570903303974,98,99,44,3
1.5874079386722713,100,101,50,6
4.2380093649430384,98,99,53,6
0.6681747348240331,94,95,46,1
2.4914765844836060,98,99,60,7
2.6806886734366255,100,100,51,1
0.2599251848210967,98,99,50,1
4.3459982282329497,96,96,41,3
4.4796361996156158,100,100,43,3
4.2848668903087050,100,100,54,6
6.1180974421091774,96,96,44,0
4.4368890515637762,102,103,61,6
1.0176902865586837,98,99,48,1
4.4366237620011733,98,98,53,0
2.7673870495904724,98,99,47,0
4.9764289714539647,100,101,48,2
1.3653074111896120,94,95,50,7
5.5539508409071905,98,98,46,5
4.4176000612601909,100,101,48,6
3.1292239614230803,98,99,61,0
2.1947431786760014,100,101,62,2
4.1861334466354760,100,101,58,6
5.0268434117453848,100,101,46,0
0.7005203785979156,100,101,56,4
4.6575333703097161,96,97,54,4
2.9486323763234261,98,99,50,5
4.3800158367585533,100,100,58,2
4.6593988901489407,100,101,49,1
3.2942794144238570,98,98,53,2
4.7553137828068728,104,105,54,6
3.4731886398497673,100,100,43,3
0.2009076416160558,100,100,53,7
1.0273279395828796,98,99,58,5
5.3690041287068428,96,96,51,1
5.6578841951628558,98,99,58,1
1.4372662947182357,98,98,56,1
0.9720446938867857,100,101,59,5
2.5238087739623452,100,101,48,0
0.5287772269216481,100,101,54,0
2.3853112812554653,100,101,56,6
5.3148176596519354,98,98,45,6
5.8173705546302923,98,99,53,6
3.2252641641338600,98,99,55,2
0.7861076293143178,96,96,45,5
2.6902079517750450,98,98,50,1
6.0587364127189520,98,98,47,4
6.1890983832179547,100,101,51,5
3.2896136872554802,98,99,52,3
2.2865054695332589,98,99,47,2
4.3019831314252963,100,101,51,5
0.3417747517074903,98,98,56,5
5.3625795717814109,98,99,48,1
5.6598834669406441,98,99,42,7
3.8806781398448593,100,100,50,0
0.2431768621781521,98,98,55,4
2.3410877640822072,100,101,63,5
1.9899881359890839,100,100,51,1
2.5749869409132859,98,99,53,6
1.8660533690225050,96,97,53,3
0.1544214285947182,96,96,55,1
3.2318814781026748,98,99,55,0
3.4708461789895155,98,99,51,4
3.8059803542286330,100,100,62,4
2.2517847462296179,98,99,58,5
3.0719677249364468,100,100,57,7
5.7837948833201986,98,99,55,6
1.6169204727922584,98,99,48,5
5.3780020675855074,98,98,54,3
3.8303019887284364,98,99,44,1
3.9311534399125176,100,101,52,0
3.7092315477231876,96,96,46,2
4.5594920985874197,104,105,56,2
1.8214478925910007,100,101,54,2
4.1154535658229241,100,101,48,6
1.9903605476795549,98,99,51,0
4.2128867084831620,98,98,54,7
0.7322721571685398,100,100,41,3
3.3318572066592558,100,101,48,4
1.7423621298479830,98,99,41,6
0.8554435574725763,94,95,44,1
1.3052717862197296,98,98,51,4
5.3570591881816512,96,97,55,5
5.6849869902610584,96,97,44,4
2.3684444893594878,98,98,52,5
2.0983927555746869,100,101,51,5
3.2496587845429765,98,98,50,1
4.2772784151801657,100,101,46,0
2.7578764719653308,100,100,49,5
1.8761077036749518,94,95,46,5
4.9457009440528470,100,101,44,0
2.7979271952524933,92,92,42,6
3.4440502489322178,102,102,55,0
3.9874243405141412,98,99,52,7
3.3285863002614278,98,98,51,0
5.7272504523802983,98,98,51,6
1.0923350166058237,92,92,43,5
2.1175097092117712,100,101,46,2
2.4069590470982751,96,96,51,5
5.4240962826975236,98,99,58,7
5.6097243568944677,96,97,47,3
5.4608877240587868,100,100,57,3
3.0564129806861069,98,99,59,0
5.1892330179997819,100,101,57,1
2.9486427660703294,96,97,50,4
4.7253009422318817,94,95,57,0
2.4576609315821893,100,101,49,5
1.8034626082746370,100,100,55,7
1.5423446372415701,100,101,52,6
1.2533370578505378,98,99,54,1
5.8475646959193002,98,99,49,2
5.7378812117192366,98,99,54,1
0.9990312963056013,98,99,47,6
6.0076098373579505,96,97,53,7
1.4348568593341562,98,99,61,4
0.0834889870801377,98,98,46,5
1.1945634710631985,94,95,46,1
5.2504242421434082,100,101,49,3
2.0365162187309589,100,101,59,7
2.7974314218891085,98,98,49,6
3.0379636318863299,98,98,55,0
4.1521964268516474,94,95,43,0
4.8214149991109565,98,98,40,7
2.7825364985463672,98,98,51,6
2.5593111059552411,100,101,45,1
1.6120424634701116,96,97,49,1
3.8574361919435325,98,99,46,5
4.2632802862342460,94,95,54,3
5.6095043440653978,98,98,44,7
1.5379876320936983,98,99,56,3
0.1029755930228210,100,101,56,2
3.4681021473385756,96,97,45,7
0.5549124390399424,98,99,49,6
1.6754971446413347,96,97,47,7
1.7904645990080275,98,98,57,0
5.1025998041508229,96,97,48,4
5.4499501950597713,102,103,58,1
4.4778030515168261,98,98,49,6
0.5667809577541140,98,98,53,6
0.3651911717851148,98,99,44,1
5.1898972228670299,96,96,48,6
1.5628746718364115,102,103,54,5
4.5043185354288466,98,98,49,4
2.0807064953347543,100,100,52,6
1.5240080855218572,100,101,47,5
1.7003438563329489,100,101,47,1
0.3189144002191898,100,100,52,4
4.7353854092052927,98,98,44,5
5.5083679566999768,98,99,56,3
4.7963759641774821,96,97,44,0
6.1050671789093780,98,98,47,0
1.0074798441986086,100,100,54,0
1.4328475121148987,100,101,56,4
2.3348032192123882,98,98,55,4
4.1889005728398647,100,101,50,6
4.2226297507350017,102,102,60,1
0.0978189834896106,96,97,52,0
4.9863032097931770,98,99,58,3
0.8840400260551389,98,99,56,7
3.7653693451954990,100,101,48,2
5.3956283277725303,100,101,64,0
2.1747654491004860,94,95,45,0
3.3702300002321954,98,99,42,1
0.9399283847693435,100,101,34,4
2.0752512407880923,100,101,49,3
2.1307490945996097,98,98,59,0
2.5324757094981245,100,101,49,1
1.9599201370597741,100,101,58,4
0.6985224241976001,98,99,52,1
3.3860135290248601,100,101,53,5
1.9166099698836199,96,97,50,0
3.2656428165093963,100,101,46,2
5.0249329269778338,100,101,51,1
4.9648816322589635,100,101,44,6
5.5981374931941446,96,96,50,6
3.4424335934298353,94,95,47,0
6.1090309395759617,98,99,50,1
5.2483962223865817,100,101,49,1
5.7723921716581064,98,99,52,7
0.5595364265478557,100,100,44,2
0.3952606725660822,96,96,51,7
1.9251359858060255,98,99,54,7
1.0884192332498401,94,95,46,3
1.2806558773128205,100,100,49,7
2.3440266247164532,96,97,45,7
1.8341647677279860,96,96,49,3
5.3657379544528636,98,99,50,5
2.5486952621222376,100,100,49,3
6.0867208905552426,102,103,58,5
0.2000995964353952,98,99,53,4
1.9652983981707641,96,96,51,1
4.6302945290047361,96,96,47,3
1.6568013162497794,98,98,53,4
5.3609195850154228,100,100,44,4
6.1260084098125063,100,101,42,2
0.7247066251248649,100,100,49,5
1.2535848204985762,96,97,47,3
5.6691838766400355,100,101,51,7
4.2809155154879850,98,99,44,1
3.6736895296149572,100,101,49,3
5.8291348508521343,100,101,55,1
5.6425008580444125,98,99,54,3
2.4593910267628316,100,101,51,7
0.8433835347599716,98,98,54,1
5.8881017708377117,100,101,55,5
2.4644931572657254,100,100,51,1
4.2592734092148277,100,101,54,2
2.2575463795343853,98,99,53,2
2.0732634035690403,102,103,59,4
4.7182816868502773,98,99,50,3
3.1289540913889309,100,101,48,0
6.0523244704943577,98,98,51,2
2.6617528118048210,98,99,48,5
5.9811445391460358,102,102,53,6
0.9158714982301061,92,93,54,6
5.4369960810319276,100,100,50,4
0.2630386181805938,100,101,58,4
6.2806848265074420,98,99,56,5
0.8819866057751290,96,97,48,4
5.6257993503021728,96,97,46,0
4.3205861542586428,96,97,49,5
5.5364223914176698,100,101,62,0
0.3887542594973881,100,101,58,2
5.7953023075303811,96,96,49,3
3.0021477023485463,100,101,44,0
1.0587921254317827,100,101,54,2
0.2745501874142838,96,96,51,3
0.5441793228099517,100,100,55,7
5.8402201963245171,102,103,57,2
3.8736569187149499,96,97,39,1
1.7434795992352630,96,97,55,1
0.6551073483541353,92,93,50,0
3.2466480817245436,100,101,55,3
4.7758046947698336,98,99,60,5
5.7037419915221577,100,100,52,6
3.1376838094732618,100,101,47,5
0.1694175551782996,100,101,51,5
5.6177339746774662,98,98,43,6
1.9195774993040742,100,100,54,6
2.9104884989866857,102,103,57,4
4.6621876402992282,100,101,49,3
3.7941419697184791,98,98,45,2
2.6312985091767542,102,102,37,6
3.9180615619505792,100,101,47,3
5.4655781749709593,96,97,53,3
1.1430766785332755,94,95,59,6
1.3835330955928520,98,98,48,3
3.6601498531027707,94,95,49,2
6.0540216347413143,98,98,57,0
4.7340404238004901,100,101,47,1
2.6184757918312349,98,99,52,3
0.2414551184622421,100,101,56,6
4.0833184918798695,94,95,55,2
4.5726902571954966,100,101,48,0
5.5321826995008410,98,98,50,3
6.2118654494069983,100,101,48,2
0.5538493236894396,98,99,52,7
5.3971470557914882,100,101,57,7
3.8132804161003628,98,98,58,3
2.5935063242776786,100,101,51,1
5.6778229259509807,100,101,47,7
0.1902732743215541,98,99,59,6
2.8777502079056170,100,101,45,1
1.4673212588220821,100,101,54,4
6.1514111564289564,100,101,56,4
5.6536438582195050,96,96,42,2
3.4643008006587319,100,101,60,2
4.9315373425554716,96,96,51,7
4.9028952321848918,100,101,49,3
4.2212598633467948,98,98,44,1
2.8329068278764433,102,103,55,6
4.8308679436824642,96,97,56,2
1.7459437333256858,100,101,60,4
2.1375018296194583,98,99,50,7
0.6042959325094027,100,100,55,1
5.8293291029766827,100,101,56,0
5.1071534841461430,100,101,56,6
0.7573869768141912,98,99,50,7
4.9133319318032695,98,99,46,1
0.6898706156742642,100,101,52,4
3.8461054821384457,100,100,53,1
5.2040095793553007,98,99,57,0
0.6430592069952036,100,100,46,0
0.3561917363341684,98,98,48,7
5.9798896332170219,98,98,45,4
5.3883371531040050,98,99,44,7
4.1550922118611915,98,99,47,6
5.3407952171783668,98,98,57,6
4.7978569140571397,100,101,46,2
5.6700908131281960,98,99,63,2
0.5533775452114315,100,101,51,3
6.2570844879866305,100,100,50,6
2.3643695465043888,100,101,57,3
2.8295843290862246,98,99,53,0
2.5112544600398192,100,100,48,2
1.3944416353219891,98,99,43,2
1.6854656559167143,100,101,46,4
1.4311308016387549,96,97,51,1
3.2207833063851106,96,97,46,2
4.0722947109787269,98,98,51,0
4.4133529208571138,100,101,51,5
4.7978658329372266,96,97,61,7
4.0162572695044423,98,99,50,7
5.0332743860256857,98,99,50,5
0.5595939297860805,98,99,45,4
2.6431004896387629,96,97,49,1
5.1168156579082842,100,101,41,3
5.8411150668623852,100,101,56,0
5.4508104768202736,100,100,57,5
4.0170138865535598,100,101,46,2
6.1862644613906976,100,101,48,6
2.3445517854217472,100,101,45,5
0.8038119129879884,98,99,48,1
2.6786305072756393,94,95,44,7
4.4062157840567959,98,99,45,4
4.3617309770084978,100,101,47,7
6.1867019318294698,98,98,54,7
0.8332851188527288,96,96,53,3
0.7250785710565046,100,100,66,4
0.6691071649780753,96,97,52,4
4.4407148093338851,98,99,56,1
0.6027377577091803,98,99,41,2
2.3130847970188366,98,99,56,7
2.7932190790742224,98,99,56,7
4.4882068513734250,100,101,49,5
4.6364005065559137,100,101,52,0
1.4788236129827790,100,101,57,1
3.1567511163705562,100,100,47,7
4.5343380076631741,100,101,47,3
2.5299221298407852,96,97,50,4
6.0969949833318964,96,97,49,3
4.5959507024561885,100,101,49,3
0.0228900545038895,98,99,52,5
1.6005758893134876,98,99,51,2
1.0706920877259318,100,101,51,7
4.0874148786685618,96,97,54,2
6.1951295827141459,98,99,41,6
5.0369712952369152,102,103,63,6
0.8426999599617072,98,99,51,4
6.1353629837101824,100,101,54,4
5.6833668568309621,98,99,57,4
3.8846494806381835,98,99,49,2
2.6584202375054815,100,101,61,1
0.7653571025232820,100,100,42,6
0.5993821472859280,100,101,50,6
2.5477316791184603,100,101,56,6
0.7441455681506284,100,100,45,3
6.0952738117467415,98,98,48,3
3.2548786958913767,98,99,59,6
3.4935440088022554,98,98,56,1
6.2166215472641380,100,101,48,4
3.4282137160035591,98,99,54,5
5.6420123162945881,100,101,50,2
4.2121070669015008,94,95,47,6
4.6424176248377025,100,101,52,4
0.5393703007589401,92,92,53,7
5.3921852564846668,98,99,54,3
0.8556072980765571,96,96,49,1
0.6715145155593245,96,96,51,1
3.3597233875142098,96,97,48,2
0.7609786230195742,100,101,55,5
6.1813040297635675,96,97,47,5
2.7883371418441234,94,95,53,0
3.6959717514112604,100,101,44,2
2.9339088110725084,102,102,54,1
5.1351689637918110,96,97,58,2
4.5436169403642976,100,101,54,2
5.3142966209169238,100,101,52,6
1.0616922501053734,98,99,41,6
5.6441563301589799,100,100,46,6
4.9335538360269213,98,99,55,2
1.4122907836110954,100,101,49,5
0.6732641482419296,98,99,49,0
2.5916893418483355,98,99,49,0
4.7455737880679871,98,99,55,6
0.0268969458285283,100,101,61,5
0.2484505602076894,98,98,50,1
3.9036072715841637,100,100,56,2
2.2744017005245118,96,97,50,4
3.0705368976506144,100,101,51,3
5.9118852792901517,96,97,52,0
5.3888145741545337,96,96,48,0
2.9874992550941690,98,99,47,6
4.8136613619311719,100,100,55,3
3.4809277936393621,98,99,58,1
2.3006835840799718,100,101,52,6
2.1839307034141053,100,101,58,0
5.5218478706110190,100,100,59,5
3.5534647927882959,102,103,63,6
2.5020987058393005,100,101,50,6
3.3733121047288432,98,99,56,7
2.0487449337018089,90,91,44,1
1.1855491741023580,96,97,41,3
5.9682583672999412,100,101,51,5
4.0329945284625861,98,99,53,2
1.1679919079379544,94,95,53,0
0.7926755836808415,100,100,51,5
0.3009081662527469,98,99,46,7
5.9322270718930046,98,99,53,4
6.1173593496151675,100,101,59,7
5.8646354209275886,100,101,50,6
1.4743943794581174,98,99,65,4
0.8175429881716261,98,99,55,6
2.1546375852661437,98,99,52,5
4.0163284776861996,100,100,58,0
0.0753119083081797,98,98,52,5
0.0814221828796218,96,96,47,3
3.8464569700336169,98,98,45,2
1.1718525116555962,98,98,58,7
2.5837717540657312,100,100,56,0
3.5881221226089366,100,100,48,2
6.2127047966998816,94,95,48,3
5.2278495337127255,100,101,48,4
3.7260346095870460,98,99,45,2
0.2015221167820539,96,97,49,7
3.0911478538172590,100,101,52,0
0.6909141804415807,98,99,43,2
4.6456460192037659,100,101,51,1
4.0016731125550686,102,102,47,6
1.4056501509720882,100,100,44,0
2.1171644992257801,100,101,50,0
5.5921172710493341,98,99,61,0
2.7191957104485653,100,100,53,7
1.9455809288739592,100,101,54,4
3.1507776416404289,98,99,54,5
2.7918655290879726,102,102,51,6
4.6233396806871250,92,93,55,3
0.6970748602254789,100,101,57,5
4.7721102367920025,98,98,42,1
2.5527915072858725,98,98,55,0
1.9157050431823457,98,99,54,7
5.1455739256524549,96,97,54,6
1.2515872800766485,100,101,56,4
2.4975715976915724,98,99,49,6
4.0745130989306242,98,99,50,5
2.6032409984072640,100,101,54,6
3.3317919046396889,98,99,47,6
0.7395169232242980,96,96,53,5
2.8358851951077066,96,97,53,5
3.6073189649479454,100,101,53,5
0.2402841922401739,98,99,45,2
1.5940807612975725,100,100,51,3
3.5031711697174424,96,97,53,1
1.3984746484900548,98,98,55,0
0.0791626599321582,100,101,56,4
1.4700962044166486,98,98,57,4
1.6611176420749869,100,101,52,2
0.2948839784327012,98,99,54,5
5.7497518763140878,102,102,51,2
2.3989547942084619,100,101,52,4
1.5238228448408455,98,99,55,2
4.7463204258857132,100,100,51,1
0.1736450426834223,98,99,47,6
3.9865049018298944,100,100,43,3
2.4617536191732077,100,100,54,2
2.7747511513512646,96,97,53,7
4.2393595035474556,96,97,49,7
2.7148207109565550,100,101,53,5
1.4138946104434977,100,100,53,3
6.2229489910741052,98,98,53,0
3.2934143299171468,100,101,45,1
5.8731605983950610,100,100,52,0
2.7827101998313810,100,101,48,6
2.8612292648397606,100,101,59,7
2.8214759024779776,96,97,53,3
0.6379125496560677,100,101,54,2
2.1103035134298054,100,101,50,4
1.0997766605290595,98,98,56,3
3.7475579738773410,102,102,44,1
0.9681587227841284,100,100,46,2
5.1421653063622470,98,99,46,7
4.7614247656586910,100,101,43,7
0.0873999141761565,96,97,42,0
3.2698112611962822,98,99,58,5
2.5322620765266879,102,103,47,0
4.5957980112534562,98,99,51,0
1.4386767498405089,98,98,44,3
3.1282613659345748,98,98,57,6
1.3314485835304408,98,99,57,0
3.6127476618248306,100,100,50,4
4.7383381245123255,98,99,59,0
1.6961319777689827,98,99,58,7
3.1802771182568046,98,98,49,6
5.8688967400578784,100,101,58,4
3.7080605216452902,98,98,53,4
0.0045966495115771,98,99,55,2
1.3856184012104993,98,98,50,7
1.1782448205600811,100,101,52,4
3.0455476652548374,100,100,48,0
0.9461271197926935,100,100,58,2
0.0907621108459259,98,99,46,3
0.0026361839700293,100,101,48,4
1.2353259975937059,100,101,53,5
2.3078649308947168,100,101,64,2
0.9935338754391250,98,99,47,2
2.9510585398708615,98,98,43,6
1.7189111455507426,106,106,57,6
5.9748474457229621,100,101,48,2
5.5438575754921979,98,99,54,1
0.0033920341655255,100,101,54,4
6.0090549082403495,100,101,60,2
2.8773942799126697,98,99,41,0
3.4596702993962052,98,98,54,5
3.5583910326876484,100,101,51,5
2.5421859123005577,98,99,53,4
0.9139444947620337,100,100,59,3
5.4589041011912993,94,95,49,0
5.5460922891092617,98,99,49,2
6.2804809671337294,98,99,54,1
4.4822753798274695,100,100,53,7
4.5366892222028579,98,99,53,4
2.0667696236090478,100,101,59,3
4.9909874997643380,100,101,59,5
2.4064780156264431,100,101,56,2
2.4525610830891811,96,97,58,6
2.5842901430894156,94,95,54,5
2.0223602061029293,100,101,53,1
2.8179235773516425,100,101,50,2
4.2024940151666028,98,98,58,3
1.3511655797174931,100,101,46,6
2.8433068512350443,100,100,47,5
3.3843465599221392,100,100,54,0
5.4213850665959740,100,101,50,2
1.1251429588713113,100,101,56,4
2.4359316961132116,98,98,47,6
3.2317974134850611,102,103,63,0
2.6322442735535878,100,101,51,3
5.1914988703837199,92,93,44,0
1.3148835590191017,98,98,52,5
0.7871476985940207,98,99,55,2
2.0720867835915833,98,98,52,7
6.1658691768677096,98,99,48,3
0.5807408693387863,98,98,49,0
2.7158757010944869,98,98,53,4
4.7488508320256289,98,99,56,1
2.2684923173617735,96,97,52,4
0.5476743182162045,100,101,52,6
1.8321924034870758,94,95,58,7
4.2493170689205408,98,98,61,2
1.4570243267667684,98,99,60,3
2.3409147984573444,96,96,49,1
0.0319016819900444,98,99,47,0
1.7514781360631431,102,103,46,3
4.4774796374222250,100,101,58,4
1.4412848678944168,98,98,46,3
3.0520627850814459,100,100,51,7
1.1956237166354191,100,100,53,3
0.1632789320234784,100,101,53,7
0.0745670873236353,90,91,51,6
1.2647104465190100,98,98,61,2
6.2627014791009250,100,100,54,0
5.7351614603139227,100,101,48,6
0.5660304206351492,96,97,44,0
3.6071193997574924,100,100,56,4
2.6444910777942603,96,97,52,4
3.2212469314152541,100,100,49,7
1.5362671405793078,96,96,46,0
0.8509921354010876,98,98,54,5
0.6398405804527332,96,96,55,5
4.6630413685589733,96,97,40,0
3.8496960861142906,96,97,52,6
3.1822097749617497,98,99,52,5
6.0438111671788723,100,101,54,4
2.6026268520346543,98,99,51,2
2.0177864499365570,98,99,49,0
1.6897405863028929,98,98,50,5
5.5471173472707429,98,99,58,7
5.5980977988106950,96,97,52,6
2.9742924281931726,98,99,45,2
1.2721255317323383,98,98,47,4
0.5839051606694439,94,95,50,3
5.4335763025039441,98,98,45,4
4.4554116721118486,98,98,51,0
0.1631745176372484,100,100,53,3
0.0826212679756504,100,100,62,0
5.3578537336753449,98,99,46,7
1.9699345712299963,100,100,62,2
4.1964124925287605,102,102,51,2
5.3743811912523434,96,97,61,7
3.4691278865064463,98,99,55,2
6.1720320717412260,100,100,47,3
0.6651394395179303,102,103,55,6
0.2920187971217987,100,101,54,0
3.3247068263975823,96,97,56,4
0.4003670751804603,92,92,49,1
5.1246917354199351,96,96,55,3
0.0157534498599804,102,103,63,6
0.1856105425684369,98,99,49,0
5.1211882868698009,100,100,56,2
6.0176185920408649,100,101,59,7
3.4426386499415615,98,98,44,7
2.1398024565643841,100,101,51,3
5.4815428515251359,94,95,45,2
0.4369704797952558,98,98,55,4
4.6739446785841361,96,97,56,4
2.6721054155282058,98,99,47,0
6.1694020690887692,94,95,46,3
1.2421168942890970,96,97,59,3
4.1165674453291148,98,99,47,6
1.7545273552535265,98,98,49,2
2.6000811399510622,96,97,48,2
0.0646296767552115,100,101,45,3
3.0867497481768700,96,97,54,0
0.0951252579694070,96,97,51,5
1.7105963491557667,98,99,48,7
4.1066159303052983,100,101,58,2
3.5426070944533543,98,98,52,7
4.3049757563361810,96,97,52,6
4.7310194680649520,96,97,52,4
4.8612478823788301,102,103,57,0
4.5197122197794792,98,99,54,3
1.5717135366130102,96,97,46,4
2.3297205916737358,100,101,56,2
1.9455360772702828,94,95,53,4
2.0632293902796359,100,101,52,6
0.4071723865070719,96,97,52,6
5.7158801724093120,98,99,51,2
1.0516910492092999,98,98,55,4
4.5986772500976016,102,102,44,1
1.6124285481934675,98,99,46,3
0.3838211823073894,98,99,47,4
3.3316534788503742,92,92,47,3
2.1144833816067372,100,101,60,2
0.6279056986212245,100,101,53,1
2.7283782527622420,94,94,50,1
1.2926614335452147,100,101,47,7
0.1479694433363124,98,99,46,3
2.9018677931216690,94,95,52,5
3.7024219462132311,100,100,59,1
0.6030464803057001,98,99,51,0
1.8940787757709405,100,101,50,6
1.8018111706889748,98,99,56,3
0.6694487891306665,98,98,56,3
3.1809413171806749,100,101,54,2
3.0342355007545123,98,99,49,2
4.3192146274038210,100,101,55,1
4.4289049739732711,98,99,58,3
2.7139465285811193,98,98,44,1
0.3191308643935014,100,100,51,3
4.6043124114039005,98,98,45,4
5.6640429508936787,100,101,58,4
2.0621513615339691,98,99,53,0
5.5701448802163123,100,101,53,3
1.2524491619285196,100,101,61,5
3.2860496679715139,98,98,59,2
3.6721805078268717,100,100,52,0
4.7521680932432977,98,99,55,4
2.3627273262436312,98,99,54,7
4.8641441277037192,96,96,44,4
2.4149411017661233,102,103,47,6
3.0585317180914218,98,99,53,0
1.0496777991306023,98,98,50,3
2.1056306911754819,100,100,49,7
3.3847629408710378,100,101,56,4
0.9472586015109298,100,101,54,2
2.1521872844512995,98,98,56,5
1.3124139392948559,96,97,53,7
1.9548557298085589,100,101,50,0
5.3364368507167841,102,102,56,1
4.7738059202032135,98,99,56,3
0.3160325283325527,98,98,53,0
3.3826561849135937,96,96,45,7
0.4218996804520844,96,97,48,6
0.9063888917785721,98,98,50,3
5.1986987612375550,96,97,48,2
1.8373346783755071,98,98,55,0
5.9443318265837455,98,99,56,7
0.9960837556753825,100,101,47,3
0.2635175423003950,98,99,52,7
5.0039223022790909,100,100,46,2
1.0080706027155286,100,101,48,4
1.7245276404039518,98,99,54,3
3.6112749523784986,94,95,46,1
4.8499851683110959,100,101,58,4
3.9164928980469771,96,97,50,6
0.9988230815314175,96,97,56,6
4.7648373067647816,98,98,50,7
5.0406911248562993,98,99,51,2
2.2091378373639241,98,98,51,2
0.5358993836551557,98,99,55,2
2.3698858854671632,94,95,49,0
4.8064917574980681,98,99,54,7
3.3294474255067676,98,99,51,2
2.8297597390760290,98,98,53,4
5.0057608304659498,98,98,47,6
3.5858088861392634,96,97,50,6
5.3975195096125317,94,94,45,4
6.1281246467339034,98,99,53,2
3.7081792646855392,96,97,58,0
0.1121594130109727,98,98,60,1
3.8036710117011330,98,99,50,1
4.2837371791622889,98,99,50,5
2.3494534608451514,98,99,43,2
0.6052270654717701,98,99,58,7
3.1676654843536287,100,100,54,2
4.0603370385798661,100,101,56,6
5.7126030792878311,98,98,46,3
2.9127174761864141,100,101,53,3
0.1552020606161704,100,101,50,4
4.9718934494610592,100,100,46,4
0.3402998934559375,100,101,47,5
3.2181478005042967,96,97,44,2
2.8278197673598160,100,101,50,2
3.5547300199665974,102,103,47,0
1.4548284570765011,100,100,48,2
5.5228598281598140,100,101,55,1
4.9896216515565595,98,98,52,5
3.9911362558266825,98,99,45,2
5.7233029025592881,100,101,50,0
1.8015451668656022,100,101,53,1
2.5805301204921682,100,100,43,3
5.0567358065017887,100,101,57,1
5.8838683747742291,94,94,55,6
3.8323947448545588,100,101,49,1
2.6082450911365900,98,99,51,6
0.3208165388110924,98,99,68,1
0.1779595591432904,98,99,56,7
5.0661260811660700,98,99,54,7
1.3372284608225382,100,101,55,7
5.5386709990263858,96,96,55,3
5.8809679293767179,98,98,55,0
4.6820845850127641,94,94,52,7
4.5806247124463342,96,97,48,2
1.6683989203773062,96,96,49,7
0.2474898602008928,100,101,47,1
6.0245771144674789,100,101,51,7
2.7362826113705325,100,101,48,0
1.6104670107373589,98,99,51,6
5.5867898314532205,100,101,43,1
0.2653340065319404,98,99,50,3
3.1783457229476113,100,101,51,3
4.6924094114741548,96,97,51,7
5.3939498719663046,98,99,48,5
0.0911332480306861,98,99,38,3
0.8236075060734460,100,101,45,3
1.3761734463145074,100,101,59,7
3.2456529917555352,98,98,45,6
1.4755351559636034,96,97,48,4
1.7696337390341501,98,98,48,7
3.3588807136215149,100,101,55,1
2.5212425529906355,96,96,56,0
2.3186966942267220,98,99,46,1
2.7497944945680080,98,98,46,5
4.5367019757971132,96,96,45,5
2.5170995865720442,98,99,48,1
0.9586831144381170,98,99,48,7
1.8147470619716441,100,100,48,4
5.4091356364664405,98,98,51,4
0.3323356425444030,96,97,54,0
4.0274420339108152,96,97,55,1
1.8020763945266876,100,101,47,5
2.6573922700247841,100,101,49,7
1.1681740972020054,94,94,39,6
5.9067042742948894,98,99,53,4
2.6417840982952585,98,99,50,7
4.2571940376932149,94,95,54,3
1.9689092910325590,100,100,55,5
5.7367894604931182,98,99,48,5
4.5706473692219598,98,99,52,1
1.5170204815384583,100,101,44,2
3.9244114264387271,100,100,54,2
3.3554138548870980,98,99,50,1
5.0101068506481479,98,98,53,2
0.6422843943607873,96,96,53,5
3.3163288936778303,98,98,55,2
2.8780831239767970,100,101,50,0
0.9155759597422075,96,97,43,7
2.3777016167963940,98,99,52,7
5.2668473458114073,100,101,48,0
6.2738014361252850,100,100,51,3
1.3574539252359394,94,95,48,7
5.0069212815513886,96,96,48,2
4.7602241910813081,96,96,53,5
0.6034302200851334,98,99,43,2
3.4810351909927273,98,99,54,3
2.2943274290935896,98,99,46,7
6.1551235901326962,98,99,51,4
0.7943996936825706,98,99,49,6
1.8850045975098850,100,101,59,7
0.6192071713479846,100,101,54,0
4.3514132027027861,100,101,51,5
4.9268785111700373,98,99,47,6
4.3751051995682548,98,98,56,1
4.1366254232364197,100,101,58,0
4.6341330502670388,96,97,52,4
3.3729630422790957,96,97,46,6
2.2767251277490397,100,101,45,5
3.5326222852708296,98,99,57,4
3.4327549389365890,98,99,46,1
4.2690972595215868,98,99,51,4
2.8142941250707967,100,101,56,6
4.9031699331855689,96,96,49,7
3.3234542833204577,98,99,50,1
4.5706993168641770,96,97,52,6
4.1227376449917053,100,101,53,1
1.0747976110657058,100,101,57,3
5.9712934272661480,100,101,50,0
1.2942492595183757,96,97,46,6
4.4725490587377106,96,96,51,7
5.0623133042142507,100,100,51,5
0.8886564494401623,98,99,51,2
2.3156138876462511,102,103,57,0
3.9622783574352733,98,99,56,3
1.5882477043765426,98,98,45,2
2.4940577991399295,100,100,49,5
1.8060324078498038,100,100,48,6
5.9206200728733860,94,95,46,1
1.9647179133015846,104,105,51,7
3.0257791682049482,100,100,46,4
0.5128407885365789,100,100,57,3
1.9866617802587678,98,98,59,4
2.1705622891412415,96,96,44,6
5.1325547944502414,98,98,57,0
1.7944208496243239,98,99,47,6
4.2538767380454159,96,97,47,1
4.2453336970908415,98,98,55,2
4.7554579747913186,98,98,42,7
3.4019819287632536,98,99,49,0
3.5189207776945475,100,101,46,4
3.8273373285695755,98,98,49,2
2.9925708688594295,100,101,52,0
3.6934504344064853,98,98,41,0
1.7691867087867534,98,99,46,3
0.7941419590614434,92,93,49,5
4.1176396935750033,100,101,53,1
1.0433508158954723,98,99,48,5
5.9551401553455561,98,98,48,5
3.9187859934505234,96,96,47,1
0.4067194152878975,98,99,64,1
1.4600962703131348,98,98,59,6
4.6600223213577898,98,99,55,0
3.0443154281768545,100,101,45,5
5.3883991382447123,98,98,49,6
1.3909270802560865,98,99,54,1
0.0438546588775777,98,99,42,3
5.6074311482780326,98,98,54,7
4.6452752248881781,98,99,60,3
3.7538823597824131,100,101,51,1
0.6408071095509223,98,98,49,6
2.7770798795877840,98,99,39,0
2.1779134371246265,100,100,51,5
1.9015153670250045,96,96,37,1
5.8679261744444222,96,96,56,6
2.6411370072780000,98,99,51,2
3.4365008656825986,98,99,43,2
2.9287847240583664,98,99,50,5
0.3557599312642544,98,99,58,3
1.0422638507910349,100,101,48,2
4.4675014059071270,96,97,44,2
2.2725006421726013,98,99,49,0
4.9257275910278242,100,100,49,3
2.9015845566120690,98,98,48,7
6.0109852834659545,94,94,40,3
0.6916822016528655,100,100,54,0
4.1867592403630773,98,99,43,2
5.8126894792008201,100,100,46,2
5.8479538181343536,98,98,54,1
0.9093250839534704,100,101,48,4
2.2950052309727993,96,96,46,4
6.1234910479897318,100,101,52,0
1.6284723477298300,98,99,45,4
4.5708404837870047,98,98,50,3
4.2136678683308384,100,101,56,2
1.3212584201614503,98,99,49,6
1.9385046866555975,100,101,41,7
2.5106353230572114,100,101,51,7
6.2026281561801433,94,95,43,0
2.7153332097485547,98,98,50,5
3.7655085740909935,98,98,55,6
3.2033455806481643,98,99,58,7
2.7834363341258448,98,99,56,1
1.3065103633152890,102,103,52,1
2.7567689240488873,100,101,49,3
3.9057057154356856,96,96,49,5
1.3184156103948839,98,99,54,3
1.7464145511823896,94,94,46,1
4.8674007070054808,96,96,44,4
2.7208504035301053,98,99,52,1
0.6931583142588296,100,101,50,6
6.0087539032180581,100,100,50,4
2.8293815452343605,96,97,52,2
5.3925078275799372,100,101,53,7
4.8154020164279157,102,103,48,3
4.7345916733050881,100,100,49,3
5.4596045174363770,98,99,56,3
3.5643606243357722,98,99,48,1
0.5880803993231608,96,96,50,4
1.6476494592026651,98,99,49,6
2.7692227281659307,100,101,52,6
4.3605443648505302,96,96,51,1
3.3867919625994096,98,98,54,3
6.2682625087069770,98,99,49,0
1.8877741809587152,100,101,56,0
4.0955194245881348,96,97,45,7
2.0097278548867785,98,98,53,4
3.7616270732207857,100,100,48,4
6.2358281099733270,98,99,49,4
0.9087226536427163,96,96,45,7
6.0425573158563983,98,98,45,2
3.7285587354319842,98,99,54,3
5.5683059070441443,96,96,56,2
4.8314993438828990,98,98,47,2
1.0471268746290452,98,99,52,1
5.9471582651202288,100,101,54,0
2.1482692101352030,96,96,52,0
2.1332060177408478,98,99,53,6
3.1172977205149381,100,101,51,1
3.7426309513702680,102,102,45,0
3.3655904796775284,100,101,46,2
4.3466670151548055,100,100,50,0
3.8872776762925194,98,99,53,0
1.1413347190632139,100,101,51,3
2.2325922184776661,98,98,50,5
4.5120962891476823,98,98,42,3
2.6754423168564627,100,101,52,0
5.3503950371513698,98,98,51,4
5.0577127461587619,98,98,52,7
2.3609477697026815,102,103,64,7
3.4800441516782601,98,99,46,1
2.7049338236590632,98,99,48,5
3.3223099086274517,96,97,54,2
5.5305144868788849,98,99,53,6
4.7519760486384843,100,100,51,1
5.5345532872940479,96,97,52,2
2.5533614142447245,96,96,45,1
0.1133323249789876,100,100,47,3
3.7538109369841761,100,101,55,3
0.5403137232071068,98,98,45,2
3.5749401105356786,98,99,59,2
4.2494402545329493,98,98,62,7
5.4776204877482577,100,101,45,3
4.1698500121042761,96,96,57,3
3.5000769470577575,96,97,51,1
0.9948597619264444,98,99,44,7
4.6547606249514963,98,99,55,4
2.1586710218876317,94,95,56,5
1.1108258732958445,96,97,49,1
2.6305451119430785,96,97,55,7
1.0119341527983210,100,100,55,7
1.5460943879249858,98,99,56,3
3.4189275553393625,96,97,57,7
4.3579196583108777,98,98,47,2
2.4476798485395381,98,99,50,5
4.6646268256043442,100,101,59,1
0.7846641364960287,100,101,57,3
2.3706148493683799,98,98,53,4
3.9787383777026051,94,95,56,3
2.4870277865972370,96,96,49,1
4.4874775850846946,98,98,44,1
3.3947558007723062,100,101,40,6
2.7013592819247840,98,99,47,0
1.8893781698877754,94,94,53,0
4.0932013401598946,100,100,51,5
5.9130026881135835,102,102,51,6
5.3091164731400378,98,99,58,1
1.3226367187954178,94,95,50,1
0.1555741332872069,100,101,59,7
1.8449283610908316,98,99,49,0
5.6990829180993723,94,95,50,3
3.0812065994556841,96,97,49,5
4.4892783686109281,96,96,40,4
4.1110998725579684,100,101,51,1
1.7295346616995153,98,99,50,3
0.7080107047927024,98,99,59,4
2.7564865547712771,100,101,46,2
0.3145061638111137,96,97,58,0
2.0498498343997591,98,99,46,3
4.4838373740956765,96,97,46,6
0.2722682569278946,98,99,57,6
1.5966840567441702,98,98,47,4
0.5663483294299954,100,101,55,1
0.5056623568181770,100,101,49,1
1.5346121913365409,98,99,45,4
2.9887650872095390,98,99,43,4
2.0377226611886483,98,99,60,5
3.1461351375075770,98,99,51,0
3.5708205168852172,98,98,43,4
2.2680869836319943,98,98,45,6
2.5340076149447639,100,101,48,6
1.1848379378714486,96,96,40,0
4.1567458490573905,100,100,45,5
0.0967674785555275,98,99,50,5
4.9105272039189911,102,103,59,6
0.8351120314954363,98,99,50,5
3.7862212554725110,100,101,53,5
2.7353248156388803,98,98,43,2
4.5178022130517164,96,96,50,0
4.3464164283473421,98,99,59,0
5.9004869768109902,98,99,54,1
0.7552230978046337,98,99,53,6
5.8426340152886951,98,98,46,3
0.9829847939771952,100,100,54,2
0.8062070542505846,100,100,59,1
0.1476010293400308,100,100,46,6
4.4616757420560536,100,100,48,4
2.6357239947582576,96,97,50,6
3.8518981772527150,98,99,59,2
3.4180195849574964,98,99,59,2
0.0608040468826981,92,92,48,2
5.6642959301762525,94,94,43,6
5.9948485831857470,98,99,53,0
2.4528090772585154,100,100,46,0
1.6844785411065106,98,99,66,7
3.7564255617637534,102,103,57,4
6.1174588594470025,96,96,47,1
1.1584427053103286,100,100,46,6
3.3816487978985323,98,99,52,5
5.0932162557952054,100,100,49,7
0.5271907165995198,98,99,50,5
0.2677218755689323,98,99,52,3
5.8967434485580172,100,101,54,0
2.4369585411887447,98,99,52,1
2.4984670208855793,98,99,53,2
4.0565644383469932,100,100,50,4
4.0878379655146961,100,100,50,0
0.6519750186964525,98,98,47,2
2.8396715632262439,96,96,48,4
3.9507553760990763,100,101,45,3
4.2686402026056705,100,100,49,3
1.7845925251897448,100,101,51,7
5.5680023005005257,98,99,53,4
2.2938028109031388,98,99,39,6
3.4532944221718047,98,99,49,0
4.1523696260408256,98,98,50,5
2.0609979930131610,96,97,49,1
2.6982293767285048,96,97,44,2
1.8678053028195503,100,101,46,0
0.4580615291846420,98,99,44,7
3.4147006320256197,100,100,54,4
5.8013517580453051,98,99,46,7
0.6551968808008900,100,101,59,3
1.1894668357731359,96,96,53,7
5.6209845791303357,100,100,45,3
0.1129495268387265,100,101,42,6
4.7784576418765932,98,98,50,5
0.5553819990593089,100,100,47,1
0.7221797390535830,98,99,49,2
2.1963977323157104,100,101,53,1
3.9633226254341176,100,101,52,2
2.2358104938273047,100,101,51,3
2.0621539596457472,100,101,54,6
4.0010109098780422,98,98,52,1
3.1605030783449042,100,101,48,6
2.8452925025112430,100,101,60,6
1.8714391670899844,96,96,48,0
5.0144736038951914,98,98,50,3
2.1303837492993152,98,99,59,4
0.2994014205782722,98,99,48,7
3.3493122936773529,98,98,52,3
5.0089748996349428,98,98,53,2
5.2285334737225790,100,101,50,2
0.1320124673246449,100,101,52,2
3.1588501704819039,100,100,52,6
3.0539064261405224,100,101,59,3
0.9541717123221726,100,101,57,7
2.0587965160084529,98,99,47,0
3.1104713496857817,100,101,56,2
0.8945425666923934,98,98,52,3
5.6446351497855298,98,98,51,2
4.5518519502947763,96,96,58,4
1.3054004987753305,100,101,59,5
5.6618356120184119,100,101,49,5
5.3662381367438403,98,99,44,5
1.9236952781562995,98,99,56,3
3.0183600261740713,100,101,55,7
5.2777893343424775,96,97,52,0
2.1344947510682348,98,98,50,3
6.2287828472850819,100,100,53,7
0.2369404372421337,96,96,51,5
3.8142238167823810,98,98,47,0
3.5612766220767984,102,102,51,6
1.5418113521881831,98,99,52,5
5.6246456676518486,100,101,47,7
2.0846197932988946,98,98,48,1
1.9548699077375284,100,101,62,6
2.2557816128792396,98,98,52,7
2.1533098173345535,98,99,49,4
3.1934304192837630,100,100,47,5
5.3121192072813228,98,99,48,1
2.6291567427607414,98,99,43,0
1.1148938962345312,98,99,40,7
1.9749091814588047,100,101,55,5
2.2817656913493405,100,101,52,6
3.1018159487494161,98,98,56,1
5.5326767256347908,98,99,53,2
0.8021574766053258,100,101,49,3
3.9787212994786447,96,96,54,6
2.9564840407466111,98,99,43,4
1.3840033040565334,100,101,54,0
5.5951120511883321,98,99,50,7
3.7171474420882729,100,101,48,4
5.3269021382320547,98,99,50,3
3.6556423333086068,100,101,49,7
1.7865566352256603,100,101,55,1
0.2310801780430482,100,101,55,5
5.6270283972524968,98,99,57,4
4.8273246135284671,98,99,51,4
0.8057639714422008,104,105,44,6
5.0246102822726257,96,96,57,7
2.3518192953420969,100,101,47,3
5.5476724013756638,98,99,53,2
1.2050618068211518,96,97,50,2
2.1456739717218309,96,96,53,1
6.1424950583927238,98,99,51,2
3.1774301896081871,98,98,62,3
4.6197549235732662,98,99,54,1
5.6179170954331079,100,100,60,4
4.5605182034563390,98,99,53,6
0.3047975165062535,98,99,50,3
4.7387440468387352,100,101,56,6
3.0327008993432973,98,99,47,2
2.0872780400814146,100,101,51,5
0.5583017072420233,100,101,53,1
2.1550376145194292,90,91,49,2
2.6653565306137676,100,101,61,1
6.0406142080624896,100,101,63,7
5.1135122418668137,100,101,48,4
6.0644290788009707,100,101,47,5
5.1317464722266068,96,96,53,1
5.6883772886598170,100,100,53,7
5.6197195167996199,100,101,56,0
3.7817636963024328,98,99,59,6
3.2930689371525723,98,99,44,1
0.2467225545160441,98,99,60,7
2.7783194156781708,94,94,43,2
0.6568363807769786,96,96,44,4
5.9856713402796062,94,94,54,5
3.4593165910397574,98,99,48,7
2.3650213339529813,98,98,46,7
3.7216368853288211,98,99,45,2
0.2469703491652417,98,99,55,2
2.6929917044292302,98,98,47,2
1.1591017242085662,100,101,41,1
4.9205916902799842,100,100,48,6
3.9571650562191669,98,99,59,4
2.4712920342667588,96,96,48,0
3.5621233637714682,102,103,61,4
1.4631374174661804,100,101,50,4
2.9481554414578790,100,100,48,4
5.2570689173311846,100,100,49,3
3.4052876794832239,98,99,51,4
0.2816415865479964,100,100,45,1
2.8585845883525387,98,99,45,2
0.9468879974091323,100,100,47,3
4.8234592001100625,104,104,57,3
3.4757249930270859,100,101,50,2
6.1898760500566858,96,96,49,3
3.7329891851881865,94,94,47,6
3.5688232096334134,94,95,57,6
0.3547681377491627,98,99,47,2
2.0934275535959297,94,95,54,5
3.7975936983742207,100,101,51,1
5.1623502433162791,98,99,53,2
5.6518004798367185,96,97,50,6
5.0565336974286366,98,99,53,4
4.3086538636126503,96,97,54,4
3.2722689553561213,98,98,55,6
5.8185520957423327,100,101,60,0
2.1647220009154795,102,103,51,2
0.0403592803804124,100,101,56,0
4.0777576426360094,102,103,53,2
4.6554517519899923,100,101,54,4
0.7007980207034822,96,96,57,5
2.3737972827855169,100,100,55,7
4.3472134321659768,100,101,59,1
0.9137373581581744,100,100,46,6
5.0998584055257394,100,101,55,3
3.6724483812997324,100,101,60,4
0.9731822738231920,100,101,54,4
1.7885710383159568,100,101,54,2
0.3841538167201438,100,100,52,0
5.9986040881797491,96,96,47,1
2.6705067948024452,96,96,50,0
2.2340610574353996,100,100,69,5
4.9594178040700418,102,103,55,2
2.1403999847418058,100,101,56,2
3.4969893367541949,102,102,59,2
1.7006647076084229,100,101,49,3
3.4144683584077611,100,101,54,2
1.2642963722686980,98,98,54,3
2.1180277709282511,94,94,45,4
2.8695867604724432,98,99,41,2
2.4474198033789363,98,99,55,4
1.9729870396257660,96,96,43,1
2.8976125988310955,96,97,49,3
0.0848585041138157,100,101,57,1
3.4534504762164842,100,101,54,2
1.8520159919411279,100,101,55,5
2.3147200595256003,102,103,54,5
5.8481390744505042,98,99,45,4
5.0873778971497652,98,98,47,6
2.8229338604697842,100,101,53,1
0.4187511362862412,98,98,55,6
1.3294297834655642,98,99,50,5
0.8625257750487292,98,98,42,1
1.1464421296345475,98,99,56,1
1.1436202632493384,98,98,51,2
4.9458026280718528,96,96,55,7
3.2775870497618125,98,99,51,6
1.2748821197508451,100,101,50,2
4.2999027909651062,98,99,49,4
4.3969672037989200,100,101,50,4
2.9293430530028020,96,97,44,4
1.4578679517390321,94,94,53,4
5.0722810106100678,100,101,61,7
4.0141260544317401,100,101,49,7
2.2300970056954350,98,99,49,2
5.4970947716225425,100,101,58,6
4.6260055648617326,98,99,46,1
1.1811832252969079,94,95,54,5
1.7060544581274006,102,103,55,4
3.7311084301755169,100,101,55,3
3.6933364933561434,98,99,51,2
1.7575517843219901,98,98,55,2
4.1901013410013688,100,101,60,0
0.3885374585093153,100,101,50,6
0.4908514900514371,98,99,48,1
4.3122844049830524,100,100,48,2
1.6357104227483599,96,96,42,0
0.5235382655267452,100,101,53,1
1.8706832312255059,98,99,45,6
2.3116433802496852,96,96,43,7
4.4303402475493057,98,99,52,7
4.6245933893446258,98,99,48,5
2.8621247032002088,100,101,43,5
0.3341497025235605,100,101,49,3
0.3847795356196866,100,101,50,2
3.6625186670852412,96,96,50,6
5.6506778839221985,98,98,50,7
4.2065866836299097,100,101,53,1
1.1833212745907939,100,101,62,0
2.4835570944566974,100,100,49,7
3.3649043303857393,100,101,56,4
4.2391858653026633,100,100,53,5
1.0153942384574919,100,101,59,7
5.5971831186070080,96,97,49,5
0.6870785465837820,98,99,46,5
0.0828276079566151,98,98,44,3
4.7948981164771922,100,100,48,6
2.8496336834839955,98,99,46,5
3.0383742314106139,98,99,54,1
6.0639351715773344,96,97,43,7
1.9978699826910498,104,105,49,5
5.0769993966391675,92,92,47,5
2.2804144524431602,98,99,53,2
5.3981963959493147,98,99,54,1
2.4511018972359726,100,100,52,2
2.8670870456391744,96,97,43,1
5.2179107346229818,98,99,37,6
5.1677924817391760,98,99,57,0
6.0071973163760868,98,99,49,2
5.9981896974745474,102,103,54,1
2.9424722816590831,94,95,48,7
1.2884492096622957,100,101,50,6
2.6453645174104974,96,97,51,1
3.9261091425449810,100,101,55,3
1.9540936681685868,98,99,49,6
3.1997890896463339,98,99,47,6
4.1833502652088672,100,101,54,2
4.6563392347928545,98,99,54,1
2.0978289877921417,100,100,45,1
4.7087270257299831,98,99,46,1
1.7843501920430860,96,97,53,5
5.5055589862005307,98,98,63,4
6.2460064458508331,98,98,55,0
2.5931223257131082,96,97,55,5
1.0796880190201807,100,100,51,3
0.0213217695966476,98,99,44,3
2.2309410878221727,100,100,49,5
5.5986715618834122,100,100,57,7
0.1859827859863729,98,99,49,4
1.3354360735256521,98,98,55,0
3.1362011699897101,96,97,52,2
0.8673354814200369,98,98,54,7
0.2918372237557553,98,98,45,0
0.1175027087217294,98,99,51,6
4.2123147936192877,96,97,44,6
4.2209520744265072,100,100,49,7
3.4575930622320552,100,101,51,5
5.9202965244960737,96,97,52,6
3.1288794016344581,102,102,46,5
1.8472480010796666,98,99,52,7
4.2382122554112467,98,98,50,1
2.6757002474482543,98,98,53,4
1.7297355271140975,100,100,48,2
5.2107394877415878,100,101,52,2
5.5415802643132688,96,97,42,0
1.2931030533370178,100,100,55,1
2.8713895146330670,98,99,51,6
3.6213514842610754,98,99,45,0
3.0710738272853511,98,98,58,3
1.3787065246254586,96,97,46,6
4.1218834595533842,100,101,46,2
2.4606350620521003,94,95,41,2
1.5575551100626934,100,100,49,1
1.5559069810154618,98,99,55,0
4.8631955034890506,96,97,51,5
0.0207402038542604,96,96,50,0
1.4805810905247696,98,99,49,6
3.2067120334664625,96,96,50,4
0.5293778309829416,98,99,51,2
3.0410899438749817,100,100,45,1
4.9162012793765086,100,100,38,2
4.9249255103421241,98,99,51,6
0.4445951178807113,98,98,46,7
2.9331040003420403,98,99,54,3
0.9646087708019273,96,97,46,2
4.1955621323883596,100,100,58,0
5.3187723410493639,100,101,50,0
1.8982902607531269,100,100,51,5
3.5167797033332588,98,99,51,6
5.0131693558715789,96,96,48,0
0.9104966027911854,98,99,49,4
1.7617083669806588,100,101,63,1
1.8185548095355042,98,99,56,5
4.5698289192472084,98,99,52,7
4.4304622498360899,96,97,48,6
4.5470002276856647,100,101,57,1
2.0265262901221806,98,99,47,4
2.7653216528040336,100,101,49,3
2.9403428172911985,100,101,52,0
1.6039775934778147,100,101,55,7
5.2107130137307713,96,96,57,1
1.4671940044471730,100,100,52,2
6.1593195343647880,100,100,53,7
3.8371556280231629,100,101,50,2
6.2563995772603294,98,99,50,7
0.6931589578775125,96,97,50,0
1.5895879238835984,98,99,47,6
4.5421438329776516,98,99,53,2
5.7733353780986478,98,99,51,6
3.3438506850536398,98,99,48,3
2.8849886985673376,100,101,40,4
4.2964307472010175,98,99,47,4
3.2455399595469685,94,94,50,1
1.8593925907528861,100,101,50,6
0.7607143380874837,96,96,47,3
4.5215549476483838,100,101,51,5
4.1548343650956614,100,101,57,7
2.5756199244231270,102,103,45,2
4.0257525923501021,94,95,43,2
3.1638061598970419,100,101,58,2
6.0621612142088983,98,98,55,0
0.6331799129438641,96,97,51,3
2.5405684890254729,98,99,56,1
0.8886993265000352,96,97,48,0
4.0862511224985374,96,96,45,5
0.1297025410613478,100,101,51,3
1.5737044280824604,94,95,51,4
4.3854947111868272,98,98,53,6
0.6035638651905528,100,101,45,3
4.9820458232230855,100,101,58,0
5.4175190724577247,96,96,42,6
1.2717360732635310,100,100,53,7
1.5972891111269116,102,102,53,2
0.2503910120363006,96,97,55,5
0.1358989745084052,94,95,51,0
2.2521922635868474,98,99,49,2
3.0644940849180737,100,101,61,5
4.3317063450928055,98,98,51,2
2.7856756281568780,98,99,52,3
4.8452510560857025,100,100,47,1
6.0719119368401717,98,98,54,5
2.5204761729501572,96,97,46,2
3.1060017875847157,98,98,42,5
4.1316605244575557,98,98,56,1
4.6047293219480778,100,101,52,6
4.4611115331411719,98,99,49,4
1.5622029906385331,100,100,52,2
2.9825437506377712,100,101,50,4
0.5159695949072370,96,97,56,2
3.4764037233124312,96,96,42,0
6.1563988664170157,100,100,48,6
4.7652719937149746,98,98,45,2
2.7418744137273832,96,96,53,3
0.0560666566202084,98,99,41,6
0.7463914353309340,100,101,58,6
4.2410117454169853,98,99,47,0
4.7050426627638808,100,101,60,4
5.0374014920970325,98,98,52,3
0.8850321974239119,98,99,54,7
6.2304317932446134,98,99,50,3
0.6806589509995786,100,100,50,0
4.4210779709595531,94,95,45,6
5.5704128441465350,98,99,45,2
3.4312433503109929,100,101,46,4
1.5432006456469554,102,103,49,4
3.2437479189079035,98,99,50,7
0.6155940511371885,96,97,57,3
4.0162642430777629,98,99,47,6
5.0032252443961527,94,95,40,3
2.8203809113632810,100,101,47,3
5.0891168845923787,98,98,55,2
2.8039829246569656,96,96,53,3
4.5938433691222889,100,100,46,2
2.0174230330551048,100,100,53,7
3.7038109003715052,98,99,54,3
5.3938696170647988,96,97,64,2
4.4243517926963420,96,97,52,4
1.5044837600115410,98,98,56,7
4.8845755852725423,98,99,52,5
4.9755448259840485,98,99,39,6
4.3204734704494898,102,102,49,4
3.9873998176025212,96,97,57,3
2.8023722901765789,98,99,51,0
4.2907684008673384,96,97,45,7
4.2850682905528226,96,97,47,5
0.0067552062978466,96,96,53,1
1.2129069946837947,98,98,50,7
1.7086421849375140,102,103,53,2
1.3009369305822089,98,99,43,0
0.9133602199405894,98,99,59,0
1.3699189810673116,100,101,50,4
0.7337890791736781,100,101,59,1
2.0441950955108572,102,103,54,7
5.0422348488694029,98,98,44,7
0.2985962878941081,98,98,46,7
3.7294556766275773,98,98,58,7
3.3992537287877855,100,101,56,6
0.4568057528720119,100,101,54,6
6.0603255295267937,98,99,51,0
0.3692607312433989,96,97,50,2
2.8607235390129153,96,97,47,7
1.3357823044108499,102,103,60,3
0.9077971422808652,98,99,49,2
1.8209455946099771,100,100,55,5
4.5859357096917739,96,97,49,7
3.7528865869289878,96,96,59,1
2.5439530869597662,96,96,48,6
5.9314463661877941,100,101,52,0
4.0258872557849426,98,98,56,7
3.1396455001832222,98,99,49,4
4.4068743578163190,96,97,54,6
4.8604458161568154,100,101,50,4
5.4954624092732010,98,98,51,6
1.5024540324819333,100,101,58,6
5.1376114383981051,98,99,43,6
1.7216679341214425,98,99,48,5
5.1970867099614857,98,98,53,4
0.6118284412096161,98,98,50,3
2.8488304635617103,98,99,55,4
3.3612312047578761,100,100,47,1
5.0930752133326882,94,95,42,5
2.1660142136296705,100,101,40,2
5.0512864179916095,100,101,56,4
1.4345602649507703,100,101,54,6
2.2911604766460139,100,100,53,1
0.6086101233260393,96,97,53,7
1.6333439654357063,98,99,52,3
2.0758189252852870,96,97,44,6
0.7451584715343856,100,101,49,5
4.3457713132249047,98,98,55,4
2.6199110478628342,96,97,46,6
2.3249692334813927,100,100,53,3
0.3782106593240661,98,99,47,6
4.3435254147496920,96,96,38,2
3.9967611261895852,98,99,51,0
4.4065064503419391,100,101,44,2
2.6812581694126223,96,97,59,7
0.5900491207871758,98,99,53,6
3.6887937158711379,96,96,40,4
1.7007663961293302,96,96,50,2
4.7157522368688500,98,99,42,5
1.3801666021788346,96,96,49,3
4.9427211891301610,100,101,40,4
4.6955188606358904,98,98,60,5
1.6793817800050999,98,99,38,1
1.6240689155100514,100,100,55,7
3.1900828588455430,102,102,53,0
3.4690770113138494,100,101,47,7
2.8250738573253584,98,99,47,6
4.0855781994130318,96,97,46,4
3.1209032611512395,100,101,54,0
0.8942991595445753,100,101,53,5
1.1904838661595694,98,98,45,0
1.7824504559493868,98,99,45,4
5.2120953026244807,100,101,53,3
4.7409594077670851,98,98,45,4
4.1180656275153984,94,95,52,5
4.1203292945932883,100,101,46,6
5.2598885154729667,102,102,62,7
4.8139244994966051,100,100,59,1
1.0420086275436153,98,98,60,5
2.0623823172362274,100,100,55,1
1.0284182351160420,100,101,46,0
4.2625944143777401,100,101,45,3
3.8857884501879512,100,100,49,5
3.4446226749129987,100,101,50,0
0.6575843574632741,100,100,43,1
1.0403142583669784,100,100,49,1
4.9770606290753703,98,98,54,1
1.6064814483987502,100,101,48,2
5.0156724039736744,102,102,47,2
2.5260236102813125,98,99,62,7
1.0958365882528958,100,101,51,3
4.1918529155238238,102,103,57,2
6.1341851272200154,98,99,57,0
3.7325055287405884,100,101,54,4
5.2660574886773519,96,96,50,6
4.6271345139715683,96,97,59,7
4.0970967825937379,98,99,42,7
0.9336269466991014,96,97,49,3
4.2998957857184132,100,101,51,5
0.7356877576890356,100,101,53,7
0.4061444351445612,98,99,49,2
4.4053394969435571,100,101,59,1
3.9762557531471807,100,100,47,3
1.2397260005808128,100,100,63,3
1.4865796354395446,102,103,46,5
6.1231170731822866,100,101,41,7
6.2009220749491742,96,97,49,5
4.8392745487093984,98,99,61,4
1.2806658160886406,94,95,53,6
3.3224294643397805,98,99,49,2
4.8861616579640907,100,101,59,1
1.1189734163136413,96,97,51,3
4.6624948363755827,100,100,49,5
0.3423095005139334,100,101,53,1
3.5507800579467927,98,99,44,5
3.1860659174635870,98,99,46,1
4.1357727359108614,100,101,54,6
0.0509663132346326,98,99,49,4
2.0273390051048250,98,98,55,6
5.9463952381006955,98,99,51,6
3.1561709569464331,96,97,53,3
1.1875800813515378,98,99,47,4
1.4523110553469241,100,101,53,1
5.2594807698178361,98,98,54,5
2.6612589076965456,102,103,47,6
1.9497179338614743,98,99,49,0
2.8569791966981457,98,98,58,3
6.2270819259982542,98,99,56,5
4.6284933188007011,102,103,55,4
3.4499696302320850,98,99,51,2
1.7480606359426516,100,101,52,0
6.1538899299679271,100,101,44,0
0.8803704754641165,98,99,44,1
0.6116418062213421,98,99,48,7
4.0374611007068371,100,100,58,4
1.6376669439747802,96,97,59,5
1.2950525252280618,96,96,45,3
2.0268501302221247,100,100,45,1
3.4302392155759427,96,97,50,0
5.7784998266611485,98,99,47,0
0.7885121701248903,100,101,50,0
6.0039142182322731,100,101,48,0
4.2017492118448336,98,99,51,4
1.7413489730493208,100,100,54,4
4.3857636485641267,96,97,58,2
2.1823115225984702,100,100,48,4
5.8901022490754436,92,93,52,6
4.8434213720747099,100,101,52,6
5.8065608504957007,104,105,64,6
1.7178361739180041,94,94,40,3
0.0359617350285351,96,96,49,1
2.7312450228068701,100,101,50,4
3.6508799397277216,100,100,53,1
0.3634167224139102,96,97,51,7
2.1851803945532837,98,99,55,6
0.6133155166391490,100,100,55,1
0.2477592139555153,98,99,52,7
3.2849760828246133,100,101,49,3
5.7409949406296521,98,99,41,0
3.2680152587868228,100,101,52,0
2.0035683197306700,100,100,52,2
6.2426198459851792,98,99,46,3
3.0944151044498747,100,101,54,4
3.9760975879989373,98,98,49,6
5.0992750395720003,98,98,55,2
1.5146474083928345,98,98,56,5
2.3744723430104253,100,101,46,2
5.5889632687275341,98,99,50,5
0.2378402562457760,94,95,60,3
4.9671965988798741,100,101,57,5
5.8743816331748970,98,98,49,0
3.3267339179472071,98,98,50,5
5.8577915045583167,96,97,43,1
0.4119471029508793,96,97,49,7
5.8431366644769192,100,100,58,4
1.1973810822419610,98,98,44,1
2.2898259214592858,98,99,45,4
4.3738506728057809,96,96,55,3
1.7443068314345176,96,97,51,7
5.4923189242755521,100,101,59,3
1.1123479940801975,96,97,56,2
0.6498865934679875,100,101,48,6
3.8361003014303576,98,99,61,4
4.9011410975289866,100,100,46,4
0.9195625939976367,100,101,49,7
2.9914110051613010,98,99,58,1
4.6010972654802371,88,89,45,7
0.5488636803478018,98,99,53,0
5.0848823625674813,98,99,50,7
6.0299429855021627,94,95,46,7
0.7154084569910486,100,101,55,7
3.5313137989850003,98,99,47,6
1.0013207404936932,100,100,50,6
6.0810766770038995,98,98,43,0
4.4375174816255161,100,100,60,4
5.1860691217450032,100,101,48,0
1.9145893495586546,96,97,48,6
1.7707983427357512,98,98,51,6
1.9753558177132031,98,99,58,1
5.0618331937772876,100,101,52,2
1.0287584036936108,98,99,55,0
3.6556867408804732,98,99,50,7
0.9038691021347675,96,97,55,5
4.5280841140801638,96,97,52,0
1.7702245573938860,104,105,50,0
2.3869041902750014,100,101,55,1
5.3996714447415330,98,98,49,2
0.0593548726962987,98,98,54,1
3.3269408768372233,100,101,59,7
5.9284504212454463,98,98,53,2
3.2719552790155944,98,99,48,1
0.3160775227396397,100,101,47,1
4.4215910252992874,96,97,55,5
4.9400079368779810,100,101,58,4
2.7124060334262348,98,98,46,7
0.0402843682176066,96,97,56,4
4.1254511320366669,94,94,49,4
1.5873193321754973,98,99,59,2
2.3807410855487232,96,97,62,2
4.9582470680272195,98,99,55,4
1.5300448005589606,98,99,55,0
4.0434474347106653,100,101,49,1
0.2786017856506803,96,97,51,1
3.5991061059160514,100,101,52,2
2.4371485087281828,94,94,47,4
1.7984437473106820,94,95,46,5
5.8598048657960060,94,94,44,7
0.6942278667485944,102,103,45,6
4.0340747361745555,98,99,47,2
1.3132389837819241,98,99,51,2
2.4152077846751023,96,97,49,1
3.0863249967236839,102,103,61,0
2.4755174534814888,100,100,49,3
1.1055980127088278,94,95,57,2
3.2576512178470822,98,99,53,6
1.2888580695358356,96,96,50,6
2.5655307690448881,98,99,54,3
1.7309768956731098,100,100,45,1
1.2712206527305725,98,99,47,2
0.8346683397433079,100,101,48,0
5.4254428739990006,100,101,44,0
2.5101071922171991,100,101,49,3
6.1306082116013680,100,100,54,0
3.0033772781606469,100,101,47,5
4.4053046513791108,98,99,53,2
3.2168232587309662,100,100,45,1
1.2138560542993475,98,99,49,0
6.0974769786501923,92,93,52,4
5.9430872660513403,100,100,45,3
1.7766612745192885,98,99,55,6
4.5513543586175622,100,101,55,5
2.4936772440584183,100,101,52,2
4.0649395925286598,98,99,54,7
3.6696859513775699,98,98,52,1
5.7071805438496845,98,99,46,5
1.1046778600299285,98,99,52,1
0.4151361675042286,100,101,55,5
5.0385992790390395,100,101,54,6
1.5688150809383388,96,96,46,2
5.0995319725924864,96,97,49,1
0.2818587749220735,98,99,54,1
0.0520801856947836,100,100,53,1
3.9886771771143792,100,101,62,0
2.0010399000955288,96,97,52,2
3.2485169469197110,94,94,51,2
3.4957021805793889,96,96,51,1
4.2619585237159168,98,98,57,4
4.5974322578245053,100,100,46,2
4.5531137587620698,100,101,55,1
2.4682119541255960,98,98,47,2
2.9374486713728034,98,98,46,7
4.3782518925896401,104,105,55,3
4.4293845713734461,98,99,52,3
4.7534946633013648,100,100,44,4
3.2245739512690390,98,99,44,7
3.4484222898147157,100,101,46,4
0.4151860594354663,100,101,60,0
5.7319742322719049,98,99,47,0
1.9134890396090694,98,99,49,2
5.0542853147706586,98,98,52,3
4.1155827683757078,100,101,58,4
1.6034379487720281,98,99,49,6
4.8617677617326018,100,101,50,4
2.4950677600490652,98,98,42,1
3.2005782810434571,98,98,49,2
2.1247005024652386,98,99,56,5
2.6836593492267662,100,101,60,4
1.8819523632461259,98,99,56,7
1.6702955107744422,98,99,54,5
6.1204337212584212,98,99,57,4
3.0378491217060617,100,101,46,2
5.3271159267172754,100,100,46,2
3.8135595764817989,96,97,41,7
4.1710584535876292,100,101,48,6
5.5699423330126505,98,99,55,4
6.2449011396745782,98,98,53,0
5.3848833149078184,98,99,48,7
4.6873537188239842,96,97,63,1
3.6803800530305995,100,101,48,2
5.5446906964657261,98,99,53,6
1.4327372518002202,96,96,53,1
1.1089556556093951,100,101,54,2
1.2336087672594913,98,98,48,1
3.3776359486981282,100,101,60,4
4.7085361449423377,96,97,44,2
3.4923362813733791,100,100,55,1
4.9033796639662848,98,98,52,1
2.2689593271135382,96,97,46,2
0.3565597402625892,94,94,58,1
4.4737484078651537,100,101,48,2
2.8705687882437831,100,101,52,0
4.9070505307374557,92,92,50,6
1.7314959313615221,98,98,55,6
5.7145099216139181,100,101,54,2
0.2020036163598349,96,97,53,5
2.0520562182148496,100,100,51,7
5.9679587245584322,98,99,46,1
4.7895957769906738,98,99,57,2
0.0347709107274493,100,100,47,7
2.1269940995390191,100,101,49,5
0.7013298127247433,100,101,42,0
2.9218647200394199,96,96,54,2
2.1149943404589950,98,99,51,4
2.5865406455372519,98,98,58,3
4.0976571535885187,98,99,48,1
3.3129772867337457,96,97,44,2
2.3899756934324063,102,102,56,7
4.2683334555870713,100,101,50,0
4.9919391203570207,98,99,54,3
3.4504046588435857,100,100,43,7
1.2597273251524519,98,99,51,0
4.9227243109548864,106,107,62,7
2.9096499543215857,98,98,53,0
2.9710489890537466,102,102,50,5
3.0392525614047421,102,102,56,7
3.4858061561486484,98,98,51,2
1.2045241878795931,98,99,47,6
1.3434092280532688,98,99,42,5
5.7652099231048721,94,94,51,2
2.3241064456316991,98,99,47,4
2.4783317315904418,98,99,56,7
3.1161060473439828,98,99,54,3
3.3581103127060272,96,97,48,0
0.3457204098884160,98,98,49,2
5.3215207452729363,92,92,49,1
0.9920515709932558,100,101,56,4
5.7583781132397034,98,99,47,2
1.9562103594208715,96,97,51,5
3.6873396425295897,96,97,52,6
5.1662774979512571,98,99,43,2
2.7148137130908574,98,99,50,3
2.7325081501522575,96,97,61,7
1.3115981239680479,100,101,54,2
1.9665830246676992,98,99,52,3
5.0620323740377007,98,99,62,5
5.4706953487787757,102,103,51,4
2.0552610212927012,100,100,46,6
4.3960362748497550,98,99,57,0
1.4096923789553035,98,99,60,3
0.9687638211523850,98,98,51,2
0.5574235415583240,100,101,57,5
5.2570153004376818,100,101,49,7
3.8633590956272106,98,98,60,7
4.2924640335910755,98,98,52,5
5.5881672969911484,100,101,47,7
2.3079925549617242,96,97,56,6
3.0293977180827358,96,96,56,6
1.2290761836048687,100,101,53,3
3.8904634375994216,98,98,48,7
1.0339442066965470,100,101,54,4
4.2649890857891410,98,98,44,7
1.9498197165739426,100,100,54,4
1.9862043761784145,94,95,38,3
3.9790565038347228,100,101,48,0
6.1930421053459392,98,99,48,5
4.5013720186382438,98,98,54,1
1.3849939520965546,98,99,48,3
5.8481023885387771,100,101,60,6
2.9169836832064804,100,100,42,2
1.8344489990601780,100,101,43,5
0.7804355991795237,96,96,53,5
1.2202929192847265,100,101,55,3
4.6202707859861665,96,97,52,4
0.6708799257649265,96,97,51,7
0.4125725190031457,98,98,59,6
5.2708386416348585,102,102,63,6
1.3256522999814226,98,98,49,4
6.1734301627867199,98,99,46,7
1.3339569167731773,98,99,42,3
0.7916717748039963,102,103,48,1
1.0529464546230562,100,101,56,6
0.3152694205672699,98,98,54,3
1.8026696642202882,98,99,56,7
2.2089407756471764,98,98,43,4
5.9004929261135270,100,101,51,7
2.7581638535787687,98,98,39,6
3.2509611826593225,100,101,51,5
6.2346068079057151,98,99,55,6
5.4370128490339811,98,99,51,0
4.2607949942045842,100,101,53,7
5.2715886790349238,100,101,50,4
1.1218364498633719,98,98,49,4
2.3658568783500087,100,101,54,0
0.6486464072437622,100,101,39,5
0.8704939851868116,100,101,50,2
2.5445580166205168,100,101,62,0
1.4564070659832711,96,97,50,2
5.3778942389060962,98,99,39,4
0.9602128039065949,96,97,42,4
2.9678156847012698,98,99,54,1
6.0318313386088516,96,96,50,4
5.2131673827640101,98,98,58,7
2.8359693565164830,100,101,65,5
2.2868959295689701,100,101,50,6
3.6475189341093643,100,101,59,5
5.6769874820992250,102,103,46,7
2.9304301634227117,96,97,46,2
1.5890740219669182,94,94,45,2
6.0162203988563290,100,100,56,0
3.4914394511850988,100,100,52,6
0.2606350225010904,96,96,45,5
5.9326244337621583,96,97,53,7
1.3261009802877644,98,99,53,4
2.4709162517142502,96,97,51,7
1.2200756091571983,100,101,44,2
1.2988613575558650,98,99,43,0
3.3748928835994363,100,101,53,7
4.5282881039090510,100,100,57,3
5.9611392567207560,100,101,52,6
6.0992507929887143,98,99,55,4
0.8577114639984880,98,99,55,2
4.3198701402256772,100,101,54,0
3.7982722288014217,96,97,54,2
0.7348052998969370,100,101,51,3
2.4690555675227737,98,98,55,0
2.0438467480742708,94,94,58,5
3.1006252708225501,98,99,52,1
4.4793779574761308,100,101,48,6
1.5687079574360956,98,98,57,2
2.5525681779243925,96,97,45,5
0.3768375171882768,100,101,57,3
3.4376091503335524,100,100,53,3
0.0772134682418334,94,94,54,1
2.5233758479264683,100,100,50,6
1.9661708502186113,98,98,42,1
0.2730697062870563,100,101,57,1
2.4357154694082763,100,100,51,5
2.6889802833289695,102,103,48,7
4.8218920886493359,98,98,54,7
2.7409805871875190,98,99,53,6
5.0098746706950621,100,101,54,6
2.0053073609395367,98,99,47,2
3.0081841593968708,96,97,48,4
0.6735322802547032,100,101,57,1
5.7651430799767693,98,99,50,3
6.1882853657189614,98,98,49,6
1.0783803188436880,100,101,53,3
2.2639476491614046,100,101,60,2
1.6983428608855600,98,99,61,0
5.6085634130917796,98,99,56,3
4.5656372815375015,98,98,52,1
5.3470016267974705,100,101,46,6
2.9375748952980860,98,99,45,4
2.6075515799166569,100,101,46,2
1.2890382315986011,100,101,55,5
0.1536344556235255,100,101,55,5
4.5228068688374501,100,100,49,5
3.5137998190155271,98,98,52,7
2.6433009015210986,100,100,41,7
3.1658761397287014,98,99,44,1
3.3688472343988658,98,99,50,5
4.6383192278988208,102,102,54,7
3.2136821179019344,96,97,54,2
5.2536787170745063,98,98,54,3
4.2524585964184469,100,101,50,0
5.5405472951516561,98,99,42,3
5.7415084409008115,98,99,53,0
1.9472897947259538,100,101,50,0
4.2143465910638058,98,99,48,7
3.2488511229964647,98,99,60,7
1.6476000470129606,90,91,45,6
0.3573690348581731,102,103,51,0
5.7078733430090933,98,99,42,1
0.5851410506355191,96,97,43,3
2.2204619358336073,100,100,48,4
3.8391086118195243,96,96,52,0
1.7742496846538611,100,101,53,7
4.6176870826969987,98,99,46,7
2.2485525931786055,100,101,48,4
2.1813700647374064,98,98,54,7
1.2743729901239600,100,101,48,6
6.1634604542202673,98,99,55,4
1.2408234582339037,98,99,55,4
2.4943694665518299,98,99,50,7
0.0547029286020649,100,100,49,1
4.5931502895121463,96,97,56,4
2.0202888829826517,96,97,54,6
2.6974474285854577,100,100,61,3
4.5016877201250090,100,100,54,0
1.8930083396482829,98,99,48,3
1.2976179676191988,96,97,48,6
5.2182582389598373,94,95,46,3
3.0059567942283216,96,96,47,3
0.2769937963604564,98,99,47,6
1.5747036471134199,96,97,59,1
2.2369249010275754,96,97,51,5
5.6279579118417429,96,96,49,3
5.2714602040937093,96,97,49,1
5.5214506166700259,98,98,53,2
5.9423815786569669,98,98,54,1
0.1760890000533353,100,100,41,7
2.8577519917597871,100,101,49,7
3.6169430762637012,98,99,54,1
3.5264213809103229,96,97,45,3
2.5835109182206617,100,101,56,2
6.2034049902188784,98,99,47,6
3.5374536400236480,98,98,52,3
0.6895096695759317,98,99,45,6
2.7520386719923229,100,100,49,5
2.3696317651870382,98,98,59,4
0.5708973478068504,98,98,52,7
5.2150512101290492,100,101,56,2
5.6152799687435211,98,98,46,5
5.8593014083270587,98,99,54,1
5.3581055576856400,98,99,49,2
3.2087457283957495,100,101,50,0
0.8077666674507501,98,99,46,7
2.6256137420157679,96,97,46,0
3.2009177474275159,100,101,42,4
0.2338299770689119,96,97,55,1
2.4499177015871254,100,101,61,3
4.1213134628119175,96,97,47,7
0.7600763399973191,98,98,45,0
5.7722187893430448,96,97,42,6
1.9159513136709618,98,99,50,1
2.9123834601969345,96,97,50,2
2.6295576396270635,98,99,53,2
2.7298655769443809,100,100,55,7
1.8005185772962671,96,97,50,4
3.6790629634706113,98,99,50,7
4.8030137354545817,96,96,52,0
1.1186059509893582,92,93,50,6
4.7305448098176708,104,105,56,4
1.3763148989619323,96,97,48,6
5.4828400964746455,102,102,59,2
5.3178820152137849,98,99,53,2
5.3361836617652028,100,101,55,3
5.0781470496046461,100,101,52,6
1.4289126199153497,98,99,41,0
3.5377253736917731,96,97,49,7
5.2134392554512576,100,101,52,6
1.1164729905626531,100,101,54,6
4.6314525081074294,94,95,49,6
0.5392275411541455,98,98,48,1
2.3073768479843570,98,99,58,1
1.3910687944299875,98,98,53,6
3.3051407878262169,100,101,49,5
5.1716304513293805,100,101,51,1
1.4937045648455443,100,101,53,3
0.1979812462774123,90,91,40,7
6.0093743075190549,100,100,46,2
2.2135097174335585,98,99,52,3
2.8419056576632440,100,100,54,6
4.9646181035867798,100,100,52,2
3.7975680545030168,100,101,63,1
5.6390602787517796,98,99,47,2
5.0228755183765230,100,101,54,4
5.6152958872542333,98,98,57,4
0.7194160392037277,98,99,47,4
5.2134877191530604,98,99,57,4
4.9304690164925384,96,96,53,1
0.4133706500880877,98,99,55,6
0.0546486743652203,100,101,54,0
4.4923744734918580,102,103,56,1
2.9153679126666647,94,94,60,3
5.2824965058083464,96,97,47,5
2.4298307652451445,100,101,42,6
4.4953041973235095,102,103,50,5
5.7185835765718336,94,95,51,4
5.6741506255659262,102,102,47,0
1.1356713702007153,98,99,50,3
3.8020757202354507,96,96,56,4
6.1985898432709998,96,96,44,0
5.3838715454767270,98,99,61,4
3.4235757363888744,98,98,56,1
4.5403238866366316,98,99,50,5
4.9703876030813348,100,101,49,3
5.8105083790206997,98,99,49,6
0.6610753426204498,100,101,51,1
3.3134341758187538,98,99,49,4
4.7623431666344880,100,100,51,1
1.3419379566546572,100,101,55,7
6.2035380179872091,102,103,52,3
1.0576803285196674,92,93,47,7
2.1421319080231260,100,101,46,4
5.9084523167290337,98,99,58,5
2.6906192177979009,96,96,51,1
3.4140457442504593,98,98,51,4
6.2035214012335356,100,100,54,4
3.2015559781631198,96,97,54,2
6.0147427022626632,98,99,52,1
5.0386894107587930,98,99,58,1
2.0157960757806945,98,98,56,3
2.3594669863435875,98,99,48,1
4.5992996101186439,98,98,53,4
3.4366065436942379,98,98,47,2
5.5715564717700223,100,101,50,6
0.5914205156699924,102,103,56,7
4.1836483284272852,100,101,52,0
5.7831586817584419,96,96,46,0
3.1559070730885321,98,99,43,0
2.8334347690709993,98,99,53,6
6.0951357119825440,100,100,57,1
0.6526821501555453,100,100,45,3
4.7391157945047953,100,100,53,7
4.2034540419986799,100,100,51,1
4.1802464365753575,96,97,54,0
4.6778206436770491,100,100,52,0
1.7711670166109941,100,101,55,1
2.6906595567805556,98,98,58,7
3.8508012532248186,98,99,48,5
0.2466589575801894,100,101,57,1
5.0336099974771233,96,96,55,7
1.1948238720293782,98,99,57,2
1.0431890456536166,100,101,48,4
5.3062844825335116,98,99,51,2
2.2641895071253231,96,96,50,0
4.6314728497003426,98,99,51,0
3.6564589944762598,96,97,57,7
3.8779344531983035,100,101,48,4
1.0514808968858325,100,100,52,2
1.4873166714739803,100,101,58,2
0.7203841548834123,98,99,49,4
2.3239157707522513,100,101,56,6
1.8932186851287198,100,101,55,3
2.8674600846545033,96,96,49,7
0.9269570197140232,100,100,44,4
3.3294776996129438,100,100,59,7
6.0537687135463543,98,98,52,5
0.1313095662504344,98,98,45,6
1.6479244031601845,100,101,52,4
5.4167561671858380,98,99,53,2
3.6501180073474933,98,98,42,3
2.6052623389413974,100,100,55,5
1.9592604836293765,98,99,49,6
3.4222614729460799,94,95,46,7
5.0214864425893762,100,101,50,2
5.3368413478629826,100,100,45,5
3.9864909710995744,98,99,51,2
1.4481782304957878,98,99,39,6
3.3427580545797397,100,101,49,7
1.9033468793353256,98,98,58,3
4.6006677083007226,100,100,44,6
2.7450979706772025,100,101,48,6
0.8375422773658949,98,99,58,7
2.4632230886215081,100,100,52,6
4.0173348301536871,94,94,36,3
1.3358064189674212,98,98,60,5
2.8716733877724918,96,96,56,2
2.9458677898931653,94,95,36,3
3.7537781626214559,98,99,43,4
6.2535205486487575,102,103,59,2
1.2701963004483889,98,99,50,5
1.7917558080345279,92,93,50,4
0.3570469089876367,98,99,52,7
3.5274674815815863,98,99,46,1
2.4299690272769059,96,96,49,1
3.0357530618600626,98,98,51,4
6.0525033373258035,96,96,48,2
6.1518433904235730,100,100,60,0
3.7037740417376606,98,98,56,1
0.0626293707531171,98,99,57,4
6.0756638171968573,100,100,61,3
3.2022014444643490,100,101,46,2
4.4398635653432521,98,99,57,2
2.7581933725063674,94,95,52,1
1.9287218023839021,100,101,51,7
0.6582410489011814,100,101,57,3
5.4539236737321932,100,101,56,2
0.4257439531514534,98,99,45,6
2.4064316284795026,98,98,55,2
0.7478189869297741,100,101,52,0
0.3687352837858479,100,101,57,7
3.5951007654311606,88,89,45,3
3.9807876269275009,98,98,50,3
5.8224093783252409,98,98,53,6
1.0648789049764951,100,101,53,1
3.6305619133597187,98,99,39,0
3.3545554664554373,100,100,48,2
1.9838608516199845,100,100,53,3
1.6731771791527745,100,100,48,6
4.6918227370097529,98,98,55,4
5.7128377701665327,100,101,56,2
4.2908070643662120,98,99,49,4
1.6684506502527852,100,101,60,4
2.6092228141091187,98,99,48,3
1.8262040761410872,98,98,47,2
1.8808385397230942,98,99,52,3
3.6533763327273459,96,97,54,6
2.2912129231740490,100,101,58,6
0.1902255073154003,98,99,52,5
2.3525336586637162,102,103,46,7
4.7671257433142333,100,101,53,1
4.7504732377194916,98,99,53,0
5.7956858851837039,100,101,62,6
6.1211144051243771,96,96,50,0
3.6790918211152932,100,101,54,0
0.2514681260321450,98,98,46,1
0.9627474933679215,100,100,54,2
4.0595865041424188,102,103,56,5
2.3378302987915434,96,97,52,2
5.9052230340857905,102,102,59,0
0.8465110810688400,98,98,44,1
4.1456201036080680,100,101,52,6
2.0493569326065897,96,97,45,7
2.2817584943206546,98,99,57,0
4.1120770892602421,98,98,59,4
6.1073731186890070,102,103,52,5
4.8640255715165095,98,99,52,7
3.4164240594502524,98,99,51,4
0.3954568591016821,102,103,54,5
5.2647228302188669,100,101,55,7
1.3294588880202356,100,101,48,2
5.7823136367226731,102,102,43,6
5.7100425279330764,100,100,58,2
4.8355864759558900,100,101,55,1
4.9849401535522011,94,95,45,6
1.9718278904007749,100,100,57,7
1.4275935990066981,100,101,54,6
3.1366939977837993,100,100,55,3
0.8465932633428309,100,100,44,0
3.8314409507360492,96,96,50,4
1.0587980010949165,98,98,45,0
5.0235718905267222,100,100,53,7
0.4712380573085403,98,98,49,2
2.5625270814896508,98,98,38,3
0.3040844740621826,98,98,55,6
4.4016384291580311,96,96,48,2
5.4654705014685403,100,101,51,5
6.2658840328302094,100,101,59,5
0.2927985878779710,98,99,51,0
0.2082481831515701,98,99,55,6
5.6766798119230160,98,99,48,1
6.0197624878244840,98,98,52,3
1.6136155445242220,100,100,47,5
1.4255539141908100,98,98,54,3
5.6516220386139278,98,98,56,1
0.3378500906746364,98,98,48,3
2.4639657567191628,100,100,55,3
1.0412964849832447,102,102,52,7
4.3030020335829855,96,96,48,4
0.7266227333383480,100,101,53,7
1.4652071533435291,98,98,44,3
5.6156812073299509,100,101,49,5
0.3919039845132966,100,101,51,3
5.7991272105252936,98,99,52,1
5.1679982674181515,100,101,51,5
5.6073618209227769,98,99,55,0
6.1442728693027329,98,99,50,7
2.7108525015323996,96,97,53,3
4.9002079597340815,100,101,45,1
2.3610720986922495,100,100,57,1
4.9419066315042492,100,101,71,5
4.3215928702882813,100,101,44,0
2.2163783093992566,100,100,53,7
3.9733292182786757,100,101,54,4
2.1270364984909964,100,100,51,3
1.0083577081269979,100,100,49,7
4.7943445628359420,100,100,46,2
1.7201580638620668,98,99,53,2
3.3444078586304418,100,101,41,1
4.8653952916281211,96,96,45,5
4.0392699806292205,102,102,56,3
0.3061868079639449,100,100,49,3
1.7083109832812198,100,100,41,1
2.7305490636468566,100,101,44,2
5.0986049854153466,98,99,48,5
0.0125483771717441,98,98,53,0
4.8314184242757747,100,100,51,1
0.1007293620601916,98,99,54,7
3.2631082747843259,100,100,38,6
5.4067642941773535,94,95,51,2
5.1945328701403710,98,99,57,6
3.8479300012816995,100,100,54,0
0.8061757480477945,100,101,56,6
4.2804791003013980,98,99,47,4
5.7255160492161670,98,98,55,2
5.9270200039615766,96,96,52,2
4.5802521785652512,100,101,59,5
3.1728994742096512,98,99,51,0
4.8529818443021977,98,98,49,6
3.4308313263217327,100,101,55,1
4.3638348000423548,102,103,54,5
1.4562693100760398,100,101,54,2
3.9405316836833362,100,101,54,6
4.2950666553011114,96,97,45,5
5.4054237497279720,100,100,52,4
4.8748138257102314,100,101,57,5
5.4914316534870364,100,100,52,2
1.4709834222531262,98,98,52,1
2.2344437580820835,96,97,50,4
2.3985168122345701,98,99,44,5
3.2646807957644390,98,98,54,1
4.0651215840391011,100,101,49,5
3.4470854464965086,94,95,47,4
1.3207138651868897,100,100,54,0
6.2185120344466274,98,98,55,2
6.0300896816353395,100,100,49,7
6.1837854340867642,98,99,51,0
5.2310825995361778,98,99,60,3
1.1712917894278501,100,100,56,4
1.4012222857274108,98,99,49,4
6.1649110047472968,98,99,54,1
5.0887880533274092,94,94,53,2
0.9924294558804729,100,101,51,1
3.2695796149406307,98,99,40,3
2.7075005696709815,98,98,51,0
1.1945778641797302,100,101,47,7
3.0608202736276033,100,101,50,2
3.1694622165366502,100,100,41,3
0.3042408645346320,94,95,46,1
4.3247313781463887,94,94,51,2
0.8705241958646294,100,100,50,2
1.7755784809592530,98,99,52,5
5.6844368070032445,96,97,42,2
0.2505313842372194,100,101,60,2
4.9149397002318214,100,101,52,2
4.6749720112789088,100,101,43,5
4.4845599652953512,100,101,55,1
0.1919379947664354,96,97,51,5
0.9483688263304365,96,97,44,2
4.6603310254331065,98,99,50,7
1.9099530538371130,98,99,51,6
4.4651607720578523,96,96,53,5
5.1089749273947307,98,99,33,6
0.7909825156695208,98,99,46,3
0.0179402336153061,98,99,45,2
4.9853428194027014,98,98,46,7
5.6097690206773683,96,96,56,0
2.2199866651898943,98,99,46,5
3.5825218759244764,98,98,50,7
5.9753239572500423,104,105,62,6
2.2028329234272177,102,103,41,0
0.6861574888708235,98,99,55,6
5.9945190571118951,96,97,52,4
1.4891221400354535,92,93,49,5
3.5445505947173870,98,99,50,7
0.7864715305182569,100,100,53,5
4.0001125505856887,100,100,50,4
1.7886249066127011,100,101,44,4
0.4745333339856860,96,97,52,2
3.5537255917697417,96,97,44,0
2.2720684359143237,100,100,48,6
3.0498030587388070,98,99,46,5
1.7343036469888415,100,100,54,2
4.8561231801394396,98,99,47,2
1.6735556150205684,100,100,50,4
1.0012126112673199,96,97,54,0
6.0528832569935629,100,101,52,4
0.9774750356519823,96,97,53,3
3.4593945382961362,100,100,54,0
3.4171996170911885,98,98,62,5
5.9969900820176152,100,101,51,7
5.5043277643727304,96,97,39,5
4.0306501128034018,98,98,48,3
3.8190086203629567,98,98,45,4
2.1707982642689196,98,98,49,0
3.5792632697608577,98,99,55,2
3.2450481742575881,100,101,57,7
6.0183209156037130,100,100,61,1
2.6817714447915328,100,100,53,3
6.1828692759390087,94,94,47,4
6.1743293713083878,100,100,51,3
2.0739557849067936,98,98,68,7
4.5725964195835420,98,98,50,1
2.7609068735968214,100,101,55,5
5.9172171199354233,96,97,56,0
0.5822860746653351,100,101,54,4
1.1668170160804066,98,99,50,1
6.2776169579325432,96,97,52,6
3.8681038753913106,98,99,54,1
6.0425454567007497,98,99,54,5
2.9946693431799192,98,99,44,1
2.0032982312588890,100,101,47,5
1.5750757963662967,100,100,49,5
3.2372189703097982,96,96,48,2
5.8740781732137126,98,98,50,7
1.1948229168543967,98,99,45,6
1.7749441009880822,100,100,52,6
0.4265155329586486,100,100,47,3
4.1877064658890593,98,99,60,3
6.2014146047746950,96,97,48,2
3.8981923784253536,100,101,48,4
1.4549479189185826,96,97,50,6
1.4022013481840179,96,97,49,3
3.5548712263046034,96,97,54,2
1.3090146697073439,96,97,49,7
4.3198990699020623,92,92,45,1
0.2963036226368255,98,99,58,3
6.1210316747380755,100,101,43,7
4.0553540153486169,98,99,53,6
1.4102943533829388,98,98,51,0
5.0933977017322984,100,101,49,3
6.1854530930312315,96,97,52,2
3.8383687723371049,100,100,57,5
4.2590780425510779,102,103,52,1
4.4250981743728595,102,102,53,2
4.8449965071828949,98,99,52,1
1.7124434278155247,100,100,53,7
2.3364294442434526,98,98,51,6
1.7431918383005920,100,101,49,7
3.8563157299823203,100,101,57,5
3.0415766685732173,102,102,51,6
5.6742521887472304,100,100,54,0
5.7886740005547450,100,100,56,4
1.0693033735529471,100,101,58,2
4.9514651679871928,98,99,57,6
1.0041356369477863,98,98,48,7
6.1434110088755736,100,100,45,3
2.0405565789249347,96,96,50,2
0.3543412520618058,100,101,66,2
5.4889217838608326,98,99,58,1
1.8409640244383521,100,100,47,1
3.4831477103704174,100,101,52,6
0.4773770110253192,98,99,52,5
3.7429584786488710,100,100,53,3
2.0049795103767245,96,97,52,2
5.0823860125600682,100,100,47,1
5.7956452514218650,98,98,47,0
6.1395907567899144,98,99,51,0
5.6566901989711154,98,99,55,6
0.4009996529551218,96,97,48,4
5.8839752394707903,100,101,56,0
2.4919658997322296,98,98,52,3
1.7109352916831007,102,103,47,2
5.7937947049427869,100,100,52,6
1.7554091200069943,98,98,46,5
6.0299430516254944,98,99,49,0
0.1770572479541414,100,101,59,1
5.0628760199687139,96,97,47,5
2.8601103948106816,98,98,49,4
4.8827581544190428,98,99,48,7
4.7893402292095262,98,98,46,7
4.1126604954688073,100,100,48,6
4.2194574254680663,90,90,48,7
5.0416618642749027,102,102,59,0
5.7970787403428927,104,104,60,4
1.1396131237282829,96,97,51,7
0.9468562674920563,94,95,48,1
3.0228260701222545,98,98,51,0
4.0782820318169675,98,98,51,4
5.3047003163609476,98,99,49,6
4.9835230105635846,96,97,59,5
3.2293263048581498,98,99,51,6
0.1095761926267224,98,98,57,6
5.7452542138863221,98,98,59,6
2.2574971322118920,98,99,57,4
0.2777242749858680,92,92,38,6
5.4739074066350666,98,98,46,1
1.8698153368638266,98,99,51,0
3.9315676111341840,100,100,58,4
0.8201521993221150,98,99,48,5
5.8579577017021016,98,99,54,1
0.7992755665108396,100,101,53,7
0.0807229715297539,100,101,54,6
5.9275011473358630,100,100,54,4
6.1752783692400737,98,98,56,1
5.5419849626585185,100,101,58,0
0.9483077955774404,98,99,57,2
3.5548507610041589,98,99,52,1
2.4525875176072582,102,103,50,3
5.1560982641850712,98,99,55,0
2.1503085914823599,100,100,48,0
5.9424792944052189,100,100,54,4
5.5220558326667106,98,99,53,4
4.7623245386158226,98,99,55,6
1.7109715160126360,100,101,48,6
0.7175438532862186,98,99,47,6
4.6288342264304720,98,99,55,0
6.0067889396422833,100,101,57,7
2.3486340445081364,96,97,51,3
2.5959304750128980,98,98,58,5
0.4168843633350466,94,95,56,5
5.9638386980783906,100,101,51,7
1.0784433962710951,100,100,50,2
1.4865782921408586,100,100,50,4
4.9677567790468027,100,101,50,2
3.7772889718559060,104,104,54,2
4.8946738591365184,100,101,58,4
2.1272014041437615,94,95,51,2
5.5622307979252712,100,100,52,4
3.5766819318911476,98,98,57,6
0.7773913219183747,100,100,54,2
0.2906257091980871,96,97,45,1
5.5352826309206105,92,92,47,3
2.2866475099755847,100,101,57,3
4.7631139601561889,98,99,47,0
3.4204416168398799,94,94,43,6
2.8422613684142100,102,103,50,5
0.2641799980214839,100,101,47,5
0.0354076462832643,98,99,54,3
0.3773880719715043,100,100,54,2
0.1354147354122112,98,99,55,6
0.1169973241061528,94,95,45,0
1.9282463499088736,94,95,49,4
0.4448565981465992,100,100,60,0
4.5168405661542215,100,101,60,2
2.6453629901724236,100,100,49,1
5.4442161851964270,100,101,45,1
1.1319407874112231,98,99,50,7
0.2531468758393541,100,101,54,2
4.1438228603254093,98,98,52,3
1.0427115167061969,98,98,58,3
4.6246283820913181,100,100,55,3
3.7890184703606224,98,99,51,0
1.7388437242918986,100,100,59,5
3.4463763205036169,98,99,49,4
4.3803505910681340,98,99,52,5
6.2693187555746670,96,96,54,0
2.0274116315893318,100,101,59,5
0.1520304468140858,100,101,48,0
3.6700379440814515,100,101,57,7
1.7203925025922930,98,99,52,3
1.1946493737243140,96,97,48,6
4.8151259589237876,98,98,52,3
3.5747370611773932,98,99,48,3
3.6711182192972238,100,100,55,3
4.0843689586269187,98,99,55,6
3.1992829790153379,100,101,55,7
1.7236514297841246,94,94,50,5
3.4503117370799177,100,100,47,3
0.9230285581099864,98,99,45,4
2.6136644946783236,98,99,57,2
5.9307524197463142,100,101,59,3
2.9731461132356438,100,101,49,7
0.2323715033323155,100,101,52,6
5.5288393461296366,100,101,54,6
3.3353846664183453,100,101,51,5
0.8653012468289021,100,101,50,2
2.2871694003503840,96,97,55,3
1.2845063289585181,96,96,52,2
5.1903449984262711,100,100,53,1
4.7659764219975767,100,100,53,5
1.6021576751839093,98,99,43,6
3.6529303259937547,100,101,48,2
6.1149765528348903,98,98,54,1
0.7001534557895326,96,97,50,0
0.7591406968788441,98,98,52,3
4.1199145866841569,100,101,50,2
1.0802890190539440,100,101,48,2
6.0871566515795719,100,100,61,7
2.4517357164112235,98,98,47,0
4.7476698677744675,98,99,57,4
2.4456528074814443,98,99,59,0
0.9948071413528404,98,99,47,6
2.5041979263632004,96,97,46,6
2.2572477952965366,100,101,47,5
2.8215907160273144,98,99,52,7
6.2746010636247460,100,101,54,0
2.4867059451680138,98,99,47,0
4.7413364577603421,98,99,53,6
3.4392206397939686,96,97,51,3
1.6963533604335028,100,101,58,2
4.6781451803286798,98,99,48,7
2.4095720495762154,94,95,41,4
3.4513765472077274,100,101,46,6
4.8693027324572897,100,100,47,7
1.6300477231848058,96,97,42,0
0.1489625188271480,100,100,51,3
5.4422812679711479,100,101,50,0
0.9070309934433751,96,96,49,5
2.3084518722354144,100,100,51,1
2.3963657073810558,98,99,51,2
0.7365569662213686,100,101,55,5
1.0008254142429793,98,98,49,4
1.3631391407134059,98,99,46,7
0.8166021822463292,96,97,46,2
1.0996823838294827,98,99,54,5
5.0915814411918925,100,101,45,5
2.4057817867811138,96,97,46,2
4.9254163739170416,100,101,56,4
6.0913287768274973,100,101,58,4
2.0694425817688140,100,101,55,3
5.2269938246165930,100,101,49,5
5.3129646723438890,100,101,50,4
4.0790563214943534,98,99,55,2
4.2549870934664078,100,101,56,2
5.0882400759089306,100,101,61,1
0.1308281140627091,98,99,56,5
2.6685245815984846,100,101,45,3
4.7487265277646973,100,100,53,5
0.8752041678931312,96,97,55,7
3.2178766195779773,100,101,38,4
3.4273718680292302,100,101,58,2
5.2796291082534621,100,101,52,2
2.4942506787829823,102,103,46,1
0.4436514763416063,98,98,51,4
3.3179311701524825,98,99,54,3
3.8302509613205462,96,96,46,6
5.9351344406581301,98,99,44,5
5.0827518320557425,100,100,52,6
0.7629430417808780,100,100,58,6
5.9237923469419087,100,101,49,7
2.7629049077808134,98,99,59,0
3.4600420289523446,98,98,53,4
0.9544658286228463,98,98,48,7
1.3927127694020529,100,101,49,7
3.4858768238128333,98,98,54,1
5.7710490175568578,98,99,51,6
5.3646299958126882,100,100,59,7
4.4240844922975215,100,101,49,3
1.3325624604139004,96,96,50,6
3.1296820127476765,100,101,51,3
3.0304797117903743,100,101,52,2
4.2992440275285855,100,101,49,7
0.4894725210251220,100,101,52,0
4.6660305125218349,98,99,51,0
5.6949051993311963,100,101,55,1
2.5907720533626111,100,101,51,7
4.5514866567335339,100,100,50,6
5.2685899177016822,98,98,46,7
0.0660564926670290,100,101,56,2
4.4093665894289673,100,101,47,7
4.7915508477526325,98,99,49,0
4.1180157050677382,98,98,53,4
4.9865611689437808,100,101,54,4
3.6939428802131711,100,101,52,4
4.2750995455051859,98,98,50,7
0.2100180166096504,100,100,52,4
3.5097854662476515,100,101,61,1
2.0378103996966654,98,99,49,0
2.6692475614102369,100,101,60,6
1.8541521889618031,100,101,59,7
3.5744581950449201,96,96,46,2
2.2760460519033807,100,101,55,5
1.9784383065776854,96,97,55,3
6.2243081402365421,98,99,59,4
2.4016781480795739,100,101,50,0
4.0194441349058323,98,98,47,0
6.0967224147604560,98,99,51,4
5.6322110507516214,98,98,49,0
4.5188597504189918,98,98,46,1
1.7880936369609206,96,96,45,7
0.8119726149780164,98,98,57,2
2.4230338285421946,96,97,44,6
4.6427300818135322,96,97,44,4
2.4886146068593171,100,101,50,6
0.7450281903751929,94,95,50,5
1.2152024181963081,100,100,65,5
4.8241966390532429,98,99,46,3
3.9361726817194129,100,100,50,0
2.3481457112486304,98,99,53,2
5.0783335862457335,100,100,49,5
1.1883719105280508,98,99,54,7
2.8319430642932732,100,100,52,2
3.1975909913383771,100,101,57,5
2.7667495881676825,98,99,45,0
3.0277258332723700,96,97,59,7
3.5311211769529480,100,101,54,6
0.9385525102336039,98,98,56,5
0.6853245838313352,98,98,38,3
3.7949851356980462,96,96,48,2
4.0004239613352661,96,97,47,1
4.1184824502985373,98,98,48,7
5.1089358143918844,100,100,59,7
0.8392075267479062,100,101,55,5
2.2983469614852092,96,96,57,7
5.7670661453609400,98,98,47,6
5.8396533499233438,96,97,45,3
3.2014813848742283,98,99,55,6
0.7997988656171007,98,99,54,3
2.1159814123213874,98,98,48,7
4.0394167478223952,98,99,55,6
0.3998448205818917,98,99,48,3
4.7496217446928934,98,99,51,0
5.6236683754622065,100,101,47,7
5.0061807487215351,100,101,55,5
2.6594798019053343,98,99,44,1
3.6061158482477293,100,100,50,6
3.1115705471411284,100,101,52,0
1.8410569846407931,100,101,49,3
4.8517672496094555,98,99,55,4
5.9591680750053895,102,103,49,6
3.0355217338559948,98,99,56,7
0.5683360393483848,104,105,58,4
1.3943786633074988,96,96,56,2
3.0112281850476870,98,99,52,5
3.6497104327279386,98,99,53,2
2.4201779804603469,100,101,54,6
4.5326637166195232,98,98,48,1
6.2008016390782146,98,99,51,4
4.0899823820178351,100,100,60,6
4.1572624804638743,100,100,44,6
4.5217911131771169,98,99,56,3
0.2287049893406166,100,101,48,2
6.1681200842830481,100,101,54,2
4.8972393435174650,100,101,61,1
2.0339967039103115,98,99,52,1
1.2900104058268180,100,101,57,7
5.2130321317414596,98,99,53,4
0.0529767854299953,98,98,50,5
5.4827430086607514,96,97,50,0
3.1834086224369464,98,98,44,5
5.3650971465791555,98,98,44,3
6.0884045102097835,100,101,61,1
5.9327333562364704,96,97,52,4
1.4126873271661939,100,100,50,2
3.7407302035510170,98,99,50,5
2.2265059294019438,98,99,45,6
3.5421375664213985,100,101,52,0
3.3440388054880561,100,101,44,2
2.2383908678776541,102,103,46,5
0.8178144485728667,96,97,51,1
4.5034445924762361,98,99,42,5
5.1897982024835017,94,95,56,5
0.0137678245183878,100,100,53,7
2.1456405746445260,98,98,38,3
1.1566410938304690,96,97,46,6
0.8719119474243204,98,98,48,3
1.8208911302302819,98,98,48,1
2.5801695087044192,98,99,44,5
5.4218396035314580,98,99,47,2
0.3427392479567858,98,99,57,4
1.6004856399463729,98,98,56,5
3.6998094339810104,96,97,49,5
5.8381303520204577,98,98,55,0
0.0111850807678709,98,98,50,5
2.2188511116896055,100,101,51,1
0.2222503951848616,100,100,47,3
3.1347359714086647,96,97,49,5
0.0445807279300118,98,98,49,6
6.0208192776256775,98,98,48,7
2.8833377936402251,100,100,60,0
4.6327306691231271,100,101,45,5
1.0281806456638132,100,101,57,1
0.3088840161788736,100,101,50,6
3.7365792286598163,98,99,50,1
3.6055179201268168,100,100,50,0
1.5500383036958778,96,97,44,0
4.2843240610678777,98,99,47,4
3.1654412035724828,98,99,57,6
3.7763785331170947,100,101,50,4
4.8102347629091797,100,101,43,1
3.2708681325879341,102,102,54,3
1.3132588992076895,96,96,47,1
4.8880424058694336,98,98,55,0
1.5330346500045910,98,98,45,4
1.6068084175640496,98,99,59,6
3.6273390812212298,96,96,50,4
3.1351070327717285,96,97,48,2
1.2496331657445530,100,101,45,5
0.8339919857092311,92,93,49,7
6.0175596615913083,98,99,46,1
1.7754888959182393,96,97,51,7
3.1607198208416691,100,101,47,7
0.2561914737734657,102,103,60,5
0.3981855827780267,100,100,56,2
1.1546681847052396,98,98,57,4
3.2414977366411351,98,99,51,4
1.1159176876703769,94,95,52,7
2.7524454980397932,98,99,40,3
3.2005437379148076,98,98,54,1
0.8588549743160959,100,101,50,6
4.8641029408773537,98,99,54,7
1.9670175210022152,100,101,59,5
2.7152579980820795,98,99,55,0
4.7856682013504761,96,97,54,4
3.0866596059409259,100,100,55,1
4.6063636687900917,100,100,39,1
5.9064909386645406,98,99,59,4
4.6398619869247373,100,101,51,5
2.0734935135121306,98,99,53,2
2.1315971989963098,98,99,53,4
2.3881475394431186,100,101,42,2
3.1328456924906507,100,100,45,3
