theta,t_count,h_count,s_count,w_count
4.9438072135601567,100,101,49,1
2.0287870169284354,98,99,54,1
0.1972700054335317,94,95,55,0
0.4447420085070564,98,99,49,2
4.8596210556018002,96,97,53,7
1.9031305723253271,98,99,50,5
3.0098189894381582,100,101,56,2
0.3775466559214948,98,99,53,2
4.3741358949739775,100,101,55,7
5.6768336078174189,98,99,53,6
5.2697615810117915,100,101,56,6
2.1408739761459179,96,97,41,7
5.1134063426872425,100,101,50,2
5.7066615857658061,98,99,45,0
2.0860335906898304,98,99,57,6
1.3612660923099513,98,99,57,6
5.5778829169769972,98,99,56,1
5.6808998723888156,98,98,58,3
3.6823292099154457,96,97,56,2
1.7116724848846061,100,100,49,1
0.0845022162986419,102,103,53,6
6.0693314198339712,98,98,48,5
5.3373561023293181,98,99,49,6
5.1900985387310339,98,98,52,5
3.6012924433357623,100,100,47,3
0.0294246821878147,98,99,52,5
4.7146749211018673,98,99,48,1
1.6735570427271567,96,97,52,4
1.5596443378185838,100,100,57,5
1.2510669510577448,96,97,47,1
5.3519723249220590,94,94,45,0
4.3937677737307039,96,97,53,3
2.4932974548650111,100,100,37,5
3.9459237536721363,98,99,46,3
3.3314090080839711,98,99,40,5
1.4061618105964933,100,101,49,3
1.8499759386503529,100,100,59,5
2.6970897594434549,98,98,50,1
3.7841554507501352,98,99,57,0
2.9789543235015388,100,100,56,2
4.1713932991614033,100,101,53,1
4.7301134021740063,100,101,54,2
0.8474711485387287,100,100,54,6
0.5011464092385506,100,100,52,6
1.0766396621012699,98,99,45,2
1.8675034680107407,96,96,53,1
6.0045701320666787,98,99,52,3
5.0976330060102590,98,98,40,3
5.4416050270100866,96,97,56,2
3.1162591647843492,100,101,51,3
0.2210333581402399,98,99,49,6
2.5097753591406256,98,98,41,2
0.6137453280853243,96,97,51,7
2.7611884943196614,98,99,47,0
3.1797006721347212,102,103,53,2
3.5281670957381714,100,100,57,3
0.9094135621521067,98,98,46,1
1.9281356684216990,98,99,56,7
5.3534009113114607,100,101,49,7
3.8244799885527154,100,101,56,0
2.0314501556585274,98,99,54,1
4.0801167207984603,98,99,48,7
5.4894842436107876,98,99,53,4
2.8627762266090571,100,100,48,0
1.5063511166264136,96,97,51,7
1.5312297324762512,98,99,47,6
3.0689307494194282,100,101,46,6
0.6009025844614430,100,100,47,1
0.9163676787462820,98,99,45,4
0.7099616181998963,100,101,52,4
4.1881668618973702,96,97,59,3
4.1186477036720452,98,99,47,0
3.6840864491687326,100,100,49,1
4.3195463430864356,100,100,57,5
0.5430574643534243,98,99,42,1
5.9013283076353371,94,95,55,2
4.6902782603028585,100,100,54,4
2.6953096401124421,98,98,56,5
3.4038213692936985,98,98,48,3
3.2875888459950326,100,100,49,7
4.7790040352959897,100,100,54,0
0.9214178768337068,92,93,51,1
1.6545751616298752,98,98,49,6
4.0514007398605356,94,94,58,3
4.5925955886723653,98,99,46,5
5.7179454723435681,98,99,60,7
2.6974705891439883,94,95,55,4
4.6067430549624397,98,98,45,0
2.7346125611083436,92,92,58,6
0.4499165815453520,100,100,53,1
3.5880809155086317,96,96,56,2
5.5212215952661774,100,100,50,6
0.9841813976545711,100,100,58,2
3.0785591586383969,98,99,56,1
2.5938424867349124,94,95,55,6
4.4646686197063064,98,99,43,4
1.9179917554318842,100,100,52,4
5.3403064840175087,98,99,50,5
0.0904050859151607,94,95,43,2
1.5688058955893887,98,99,60,7
4.2396989575360697,100,101,53,7
4.8977160212680149,96,97,54,4
4.9854122828127299,98,99,50,7
2.3845742701459378,96,97,57,3
5.2554448910185450,98,99,56,5
4.7936463867565049,98,99,50,3
0.4371974295645636,100,100,52,2
0.5402269630441394,94,95,45,4
0.0569163377633171,94,95,60,5
3.3459393128015833,92,93,44,0
2.8551502997168505,94,94,49,4
6.1095568649674430,100,100,49,3
4.5044377935143132,100,100,48,2
2.3054699998658346,94,95,42,3
4.4289581206222168,98,99,52,7
2.5990541119708168,98,99,49,4
4.9547674992884732,96,96,56,6
2.5442839943590361,100,101,53,7
2.9517754300025940,96,97,54,2
0.1810080345377167,98,99,52,5
1.2474564056884330,100,100,54,0
6.1754237552933402,98,99,48,1
4.4828813828200582,98,99,54,5
2.4666374839331744,98,99,46,5
4.4213071363795846,98,99,57,6
5.1923816939678691,100,101,44,0
0.8289204459465738,96,96,47,1
4.1395491606748553,98,99,45,0
3.1309885870586918,98,99,53,6
0.9847970997427594,98,99,53,4
0.7130873282644185,98,99,55,6
0.9395878652163633,98,99,44,1
0.3943244040764450,100,101,51,1
2.4980180943246970,98,99,61,0
5.9549168903475325,98,99,57,6
1.5494800505892665,96,97,51,1
2.8887485252341540,100,100,47,1
3.5354070725678177,100,101,53,5
5.7387096166732547,100,101,48,4
3.7389840284041047,96,97,62,4
6.0495498478761274,100,101,54,4
3.9698009744709633,100,100,56,2
2.2319714823178241,98,99,57,4
4.6193048945353166,98,99,47,4
3.6721750469862848,98,98,50,1
1.7505139218601322,98,99,50,1
0.6744414388149258,96,97,45,5
4.1950446638471393,100,101,54,2
2.4550964450618573,100,100,54,2
4.4873954690825606,96,96,57,1
2.1508084624240427,100,100,54,4
3.8905053336810766,98,98,44,3
1.2248364676146621,98,99,51,6
5.3811313994372343,94,95,46,7
4.5276655435777524,98,99,52,5
0.3762713913015969,98,99,58,5
3.9243005524163186,98,99,55,4
1.7914894615906232,100,101,57,1
1.2502268595425097,100,100,52,4
2.3854103438889069,100,101,57,5
0.1338391481315913,98,98,47,2
1.1985939128392218,96,96,54,6
6.1963499410803999,100,100,56,6
3.4040782990497043,98,98,53,6
3.1364259223622288,96,97,40,2
5.6942532809815543,98,99,46,3
0.7465375137208345,96,96,46,2
4.3519835864122385,98,99,44,5
3.0737190636962253,100,101,49,1
2.5172983239257758,94,95,43,2
1.0263387430721884,100,101,47,5
3.7225231046325411,98,99,51,0
4.2612451907794613,100,101,42,4
0.5813028811890980,96,96,54,2
3.2058636169176538,100,100,51,3
2.1128391919733112,98,98,49,6
5.7693686758500640,96,96,54,6
2.4415133873539929,98,99,49,2
4.0838994409067215,100,100,56,0
5.3584406681693801,100,101,51,3
1.2291784608339122,100,100,52,4
4.1481947168162261,98,99,50,7
0.4068013848631522,98,99,52,5
0.2292008474424699,98,98,47,6
2.5635692459943349,100,100,51,5
3.7349484065832019,100,101,49,3
4.4297017790408493,100,100,48,0
2.4260235689588088,98,99,52,1
2.4324403258186860,98,99,51,6
4.8132714662665332,98,99,49,0
2.5524420002922787,100,101,61,5
1.1333253163133759,94,94,52,1
5.8199699870190074,100,100,46,6
3.6405869682546448,96,96,41,5
3.9100801349274543,98,99,51,6
4.5014281579368598,100,101,50,4
2.0516728793399892,98,98,47,6
2.2245252700915619,94,95,59,0
0.8169652667005031,96,96,48,4
4.4495184320553500,98,99,61,4
3.6799469860013807,98,98,49,0
2.0697316751664636,100,100,50,2
4.0720788866910897,104,104,60,0
2.2015145612960603,100,101,39,3
3.0141167249013630,96,97,48,0
3.4817417580713683,100,100,55,5
4.2784196342982224,100,101,43,7
3.5624633574267088,102,103,51,2
2.8889474677136535,96,96,53,1
4.9388983222094955,100,100,45,1
6.0238462187486128,100,100,53,5
4.3366657697296480,98,98,48,5
1.1009946941820481,96,97,50,6
1.9980617405996330,98,99,55,2
4.9920281945277525,100,101,57,7
1.3999255575828082,100,100,51,1
2.1602381498098460,96,97,45,7
1.8695128870959301,98,99,50,7
1.7514356057459375,100,100,50,0
1.7102140493249500,98,98,59,2
3.3092730309741643,100,101,51,7
1.8443809645061711,100,100,56,0
3.1975788997783412,98,99,48,7
0.6376939138970681,96,97,52,0
4.9735939805167835,102,103,51,4
1.4920210865911343,100,100,43,1
0.7573827890254031,100,101,49,7
0.8702008398417277,98,99,54,1
5.3864841554203124,102,103,61,2
3.8818179099276469,96,97,49,5
1.8289210689352862,96,96,42,2
0.1683098156381706,100,100,49,1
1.0969159553061882,98,99,49,0
1.2417379337502550,96,97,56,4
6.1484075442259298,96,97,57,3
2.3859003297598544,98,99,58,1
5.5558825597183841,98,99,48,3
2.7946504357730362,96,97,56,0
0.1927510172916315,98,99,58,3
3.9849022840960440,96,96,54,2
1.9339409936821608,102,103,53,6
4.6792820804652493,100,100,45,3
1.8617535398540275,96,97,38,2
5.8338653746066713,98,99,56,3
1.3341449642505605,100,100,45,5
3.3787017857994104,96,96,51,7
5.9810766619740070,98,99,47,0
5.5938255331820503,100,101,46,6
4.0957474171023431,98,99,46,1
6.2200015681336378,98,98,47,6
3.8811450207141109,98,99,54,1
3.5835277266338181,98,98,47,0
0.2280906118549274,96,97,56,4
1.0694184959519499,102,103,58,1
1.8862593787295094,102,102,48,5
0.8793469444588152,100,101,52,4
1.8162300354031569,98,98,48,1
3.8941406196477484,100,100,44,2
0.8631537050681587,98,99,46,7
4.7410638464087960,98,99,54,3
3.8550531012007365,100,100,40,4
0.5452521349757330,100,101,56,4
1.1126356571812261,98,99,56,3
0.4414933963997250,100,101,50,2
5.1002485878679975,100,101,53,3
3.7454032166142204,98,99,42,1
1.6736289222040344,98,98,52,3
1.3960083001283048,100,101,55,1
3.7746827498565345,98,99,61,2
6.0850138549667374,98,98,54,1
3.4054311550689476,98,99,53,0
6.1208478683222678,98,99,50,5
5.1978600651149627,98,99,53,6
1.2559037294224713,96,97,52,2
3.2999204906174890,100,101,55,5
1.8047929920232217,100,101,48,6
2.3485216131961097,98,98,42,1
4.8146077805862282,98,99,59,2
2.5330340776398774,100,101,49,7
1.7143473880861444,98,98,51,6
2.9303006323363476,98,99,52,7
0.5036326003915123,100,101,53,3
5.4782827362892812,100,100,51,5
3.9281380326214004,100,101,50,4
0.7381137705925394,98,99,67,2
3.2609749290733401,98,99,48,3
3.5563172870842759,98,99,54,3
4.8468572040880469,98,98,47,6
1.6316414856478794,98,99,57,6
5.7226210107198288,96,97,50,0
3.7479085493079984,98,99,58,1
4.6308593300529868,100,100,44,6
1.1727101270720830,100,101,59,1
6.0709447249803761,102,102,52,5
4.3876416295046416,96,96,61,1
0.0888841061101588,100,101,43,1
2.0045591221335726,104,104,45,5
3.9981965756578797,100,100,57,7
6.0852746226295622,98,99,47,4
0.2282570381517394,98,98,45,0
4.3382021409420783,98,99,54,7
3.3534285731247131,98,99,47,4
2.1492092047574523,96,96,52,4
1.4585707885937156,98,99,55,4
1.8401697411139031,96,97,54,6
5.1462186407271115,100,100,48,2
0.0388622251726733,100,101,56,2
3.2522911082595831,96,97,52,0
1.3314460959783156,98,99,49,2
4.5918333727158940,100,101,60,0
1.2752818948736067,98,99,48,7
2.0414308497115790,100,100,57,1
0.9704773793919520,98,99,52,5
6.1419550484778851,98,99,45,6
0.4019883247866882,100,101,58,6
4.9086403829100043,96,97,58,4
3.8348429379606901,100,100,44,4
3.9893822386941507,98,98,50,5
4.5318294354607884,98,99,52,5
3.1448216276141823,98,98,45,0
2.0209126786609435,100,100,53,7
5.7004550434120320,100,101,40,6
3.4922818227051731,96,97,42,4
5.2698517582191515,98,99,44,7
0.7970699377846475,98,98,53,4
4.2732311377074730,100,101,48,2
5.3481889851810838,98,98,46,1
3.6926870981594182,98,99,48,7
0.2130683020098718,102,103,51,2
1.2836113965301743,100,101,39,5
1.1938299379573998,100,101,58,0
0.9792926964920194,100,100,59,3
1.0035748961953288,96,96,51,5
1.2742513960944866,100,101,46,0
6.2443479063627665,98,99,54,3
1.0477096440748799,100,101,50,2
3.9633171821623612,100,101,42,2
1.9175082574757600,94,94,51,2
2.7349422789794198,96,97,47,1
4.0213129295617129,96,97,55,3
6.1216793942603944,100,101,57,5
4.6492574123978256,100,100,50,2
1.0833660106354794,100,101,49,3
0.6806311031700073,98,99,50,3
3.9366839533594771,98,99,50,7
2.0511107395961363,100,101,52,2
2.7583284611295493,98,99,53,2
4.8826397764262346,100,101,53,3
1.3092960687396276,100,101,49,5
6.1745096857277293,96,96,46,0
4.9085510684055205,100,100,63,1
5.4422828292564525,96,97,48,2
2.2768082497566784,94,95,49,6
1.1777051711679944,100,101,42,4
1.0114854403515401,98,99,61,4
4.2847924115917513,100,101,58,6
1.5623584490085589,98,99,43,2
1.5739955027615313,96,96,45,1
0.6925748148520093,94,95,52,1
4.5443910333115651,96,97,45,3
2.9119278967704680,100,101,42,4
0.0843941619720165,100,100,49,3
4.4934527228014529,98,99,47,0
1.0641616338364095,98,99,44,7
2.9521766754128280,100,101,51,3
4.7932799352223654,100,101,61,3
6.2312042508225716,98,98,52,7
4.3946211239547051,98,99,63,4
5.5459632255196309,98,99,45,2
3.7072552050091865,100,101,54,4
2.4438716783749292,98,99,48,1
0.4675619828614720,100,100,53,3
2.5032218227636585,100,101,65,3
1.8020263043422162,96,97,52,0
3.8445066552829337,100,101,49,5
3.3230469466859009,98,99,55,6
5.4113889688295966,100,100,59,1
5.4969790555990636,98,99,46,1
0.8086686458310307,98,99,52,3
5.3281203922574010,98,99,52,3
0.7758479315107720,98,99,60,3
1.0655456640554339,98,98,45,2
6.1123609833752770,98,99,49,4
2.7916332676159659,96,97,47,5
3.7924520649066360,102,102,49,4
3.3473378699398411,94,94,37,4
1.8031527726811913,100,100,46,0
5.7424038612793256,98,99,44,5
6.0542863697515772,100,100,44,2
5.7033850219215205,98,99,57,2
0.0855294946547557,98,99,54,7
0.5668419860959648,98,99,56,1
2.1436726575802396,98,98,51,2
4.5343337312189345,98,99,55,6
2.0861478026008338,98,99,54,3
3.2652859704754529,100,100,50,4
6.2718709219700060,100,101,46,2
5.2780517894933299,96,97,56,6
0.0734308240256145,98,99,57,2
1.3909023327270649,100,100,60,0
5.9049633582842160,98,99,47,2
4.9718404921280923,100,101,57,1
3.9015566927939753,96,96,49,5
1.2589339295460931,98,99,48,3
5.6172482440255367,98,98,56,1
3.6909246023504600,100,100,67,5
5.6137646690506546,96,97,47,1
1.4978606554746796,100,100,46,0
5.5859889698395397,100,100,54,2
4.2257404567967889,100,100,49,7
2.6901226565463765,98,99,63,2
0.8034508621975698,102,103,58,1
4.0041462247690580,98,99,52,3
1.7481178863779612,100,100,49,1
0.1471030617905337,98,99,45,2
0.1267940625490769,98,99,48,1
5.4442630998996355,98,99,42,7
0.7845373630863023,100,100,54,2
0.6181658339516685,98,98,55,2
1.8370980066413878,100,101,46,6
2.2054225273880288,100,100,44,4
4.1567984073277460,96,97,40,2
3.1228455859481632,96,96,46,0
4.5711661688385101,100,100,46,0
4.1532834532086422,96,97,57,5
3.8472990563373850,100,100,50,2
1.4217981380337494,100,101,50,2
3.8953559687661152,100,100,51,1
5.8658776519961426,100,101,58,2
5.6786893729114150,98,99,46,7
1.7457693250882995,98,99,54,5
0.9964632749639672,100,100,50,2
6.0494764991553085,98,99,42,5
0.1904255823629410,98,98,51,4
2.9207103078059347,96,96,47,7
0.2265546152471554,104,105,51,5
0.4710499823062082,98,98,49,0
0.4097754209263549,94,95,46,3
3.4379076607253327,100,101,54,2
6.1486856177246558,98,99,56,1
5.6303073067831022,98,99,52,7
5.0085416504298097,98,98,50,1
5.9393446056753882,100,101,46,2
0.6735327104757932,96,97,53,3
3.8931786261685839,100,101,45,7
0.5039138036852192,96,97,52,4
2.0187930779158632,98,99,47,6
1.2281045889392714,98,98,49,4
1.2301664152502563,98,99,55,4
2.5755738068730110,100,101,46,4
1.5133065006069577,98,99,46,3
2.9305003487497467,96,97,55,7
3.6091981375256132,98,98,41,2
4.3404127416349167,98,99,45,2
5.7446067300159953,98,98,56,7
6.1365045932965270,100,101,55,7
0.2563758388444569,98,98,51,4
3.4104175002592534,98,98,58,3
0.0196083243689343,98,99,39,4
1.4371209069875748,100,101,58,0
3.3604710351182296,100,101,61,5
0.0032004899942501,96,97,51,7
4.0557177878009316,100,100,44,4
3.3500205821081339,98,99,48,3
1.8532734698956810,98,98,56,7
5.7510893019370286,98,98,62,3
1.0248546750840180,100,100,49,1
5.6590527831857038,98,99,54,1
2.8749092474453266,100,100,52,4
5.0738583271879669,100,100,51,3
3.5846382112376807,94,95,47,4
3.4020617049648143,98,99,45,6
4.3510077552757487,100,101,54,2
4.1247211651216382,98,99,59,2
6.2455281599016939,98,99,53,0
3.5649450251637655,98,99,51,0
1.9445567392235754,100,101,49,3
6.2520827545123385,92,92,48,4
5.9834065545598678,98,99,62,1
6.0641455340576123,100,100,61,5
1.2457566498913231,100,100,55,5
1.8042098827590114,98,98,49,6
5.4665438471553678,96,96,54,0
5.6665546217499880,96,96,49,7
2.4158503157711122,92,92,47,3
0.7470616212104785,98,99,47,4
4.1651175496148554,100,101,45,7
3.6809379532584869,98,98,53,2
5.2817297019325595,100,101,47,1
1.5461560883823622,100,101,55,3
3.0241105126488019,100,100,50,2
0.1950865481665164,98,98,45,0
2.7547182725147952,98,98,51,2
0.7772902136384768,100,101,53,5
4.7999495789661708,96,97,53,7
2.7924385677147909,100,100,50,4
3.9570559870592668,100,101,53,5
2.7459329480927455,100,101,61,1
5.9054853738646669,100,101,55,3
5.4523409772845755,100,101,47,7
3.1823893265787571,100,101,54,2
2.9154875805690845,100,101,39,1
6.2721434755546852,100,100,58,0
1.9520174028317028,98,99,52,7
0.9747629818284136,98,99,52,3
3.2883575022561629,96,96,50,6
5.6864738675701760,98,99,50,1
0.4397981101511774,100,100,58,2
4.4113678561743521,100,101,49,1
3.3097554514039178,98,98,41,0
3.2594103810082471,100,101,50,2
5.5922032460159485,98,98,49,4
3.4923561494568141,100,101,50,4
5.0122958812814451,98,99,42,3
4.4572227957476613,98,98,51,2
1.4974289483371033,100,101,60,2
3.7401064119924676,100,101,47,1
4.0242520014067251,96,97,48,2
2.3504728444071605,98,99,51,0
0.4944355466045331,98,99,51,2
1.7727927317939887,100,100,52,0
0.1450350901224206,98,98,39,0
4.2969499840133327,94,94,46,7
2.6452779952068712,100,100,58,2
0.8003886448649239,96,96,42,2
4.1814348468025555,100,101,48,0
0.1244744469960081,104,104,44,2
1.7339847670709390,98,99,58,3
1.6321214205858288,98,99,46,5
0.1950842410698614,100,101,57,7
1.5026684679911366,100,101,44,2
4.0571957232648490,100,101,51,3
4.8082012196626573,98,98,59,6
5.0421637249889368,98,99,47,2
5.6789689147878502,100,101,45,1
0.8414942116979810,96,97,57,3
1.6414223457330774,96,97,53,3
5.2273428444672074,100,101,50,6
1.7173186531601417,98,99,41,6
3.2516916124427011,98,99,53,0
4.9470748958917561,98,99,48,1
3.6596443310698312,100,101,52,0
5.2539616218361695,100,100,44,0
1.1638553690982854,98,98,45,6
4.3248110983662489,100,101,57,1
5.7750847140486945,100,101,56,6
2.7745056524490361,98,99,47,2
3.1323399430698440,98,99,48,1
4.1247326274963374,100,100,49,3
2.9265272755148528,98,99,52,5
3.6106454325398025,98,99,53,6
3.9835125267166909,100,101,56,2
3.4523986100851052,100,101,44,6
5.8226387279415270,100,100,53,5
4.3297246209355471,100,101,56,4
3.9176758690184963,100,100,41,3
2.1941893176891338,98,98,48,1
1.4081488037273533,96,96,44,4
2.8389048361819844,98,99,51,2
1.6231642304085609,96,97,51,5
5.8096480217175026,94,95,44,1
5.9240964555285851,98,99,49,2
6.1594700253147172,100,101,56,4
2.2096414258156676,100,101,49,7
5.9124019881339196,96,97,51,5
1.0332704674676003,98,98,50,5
5.2348219238886244,100,100,49,5
5.4114031287631086,96,97,56,4
4.6028937396896437,100,100,49,7
4.9872630430030123,96,97,50,0
4.7749004109694697,94,95,43,2
2.8753105215214738,94,94,46,5
4.6958468932319430,96,97,55,3
3.9715485624320772,96,97,40,4
1.2227968085505190,98,99,47,6
5.6411303464554043,98,99,48,3
0.4303261803415901,104,105,56,4
1.1710761423371805,100,101,55,7
0.5335031588170007,98,98,52,1
3.8870032967727486,98,98,47,0
1.0637457630841238,94,95,47,2
5.5143601396690212,96,96,46,6
3.8270012633378596,96,97,55,5
5.3904712069276304,100,101,47,3
1.6413312642702695,98,98,53,0
0.9129382201919872,94,95,58,5
2.8979059702903700,100,101,51,5
2.2566719007773850,100,101,51,1
2.9837759663320407,98,98,47,4
4.0141126885017746,98,98,50,5
3.4637562774445874,96,97,48,0
4.5878216853015790,96,97,49,5
5.5943262186641860,100,101,47,5
5.0473531281458284,98,99,56,5
4.2334203725031037,98,99,52,7
5.7888342975523539,98,99,54,1
3.4407757398770422,100,101,51,1
4.4534240940452969,98,98,48,5
3.8745726341571398,98,99,52,7
5.3448897248094420,100,100,60,0
4.9626641686845723,100,101,54,4
3.7921794351020406,100,100,45,7
5.1692749528790340,96,96,51,7
0.0791891735496734,100,101,53,1
4.8903577053498148,98,99,56,1
2.9286513936335177,100,100,55,5
2.7577630478227171,96,97,60,4
5.4730975663801926,98,98,51,6
0.8582014857456244,98,98,46,3
5.9246326418306499,100,101,59,7
4.1750521623632197,94,95,49,2
4.3069713931561875,100,100,55,1
1.0391281118337627,102,103,50,3
4.1558305339425097,98,99,47,4
2.1381430007252233,94,95,49,2
5.4165362295621868,98,99,50,7
4.1154441023245036,98,98,49,0
5.9474900046485715,100,101,49,5
6.0900800035595246,98,99,52,3
1.6052733170258353,98,98,43,2
6.0350745523543452,98,99,47,4
0.4897440699354365,100,101,52,6
5.9344570146715236,102,102,43,2
5.8538718437568846,96,96,40,6
3.5613791241647945,98,98,51,0
3.2989961359797588,104,105,57,3
2.2241266521353720,100,100,51,1
3.2559147535336170,98,98,54,5
0.6741203647771414,98,98,43,0
4.0848988001790074,98,99,50,5
1.0233743553442398,100,101,55,3
0.7126349735521503,98,99,56,5
2.0564852537170384,98,99,51,6
0.0979626240545947,98,99,47,4
4.1103812837421350,100,101,59,5
0.0075130656030891,98,99,53,4
5.5062088930585080,98,98,53,6
1.1477713573163475,98,99,47,4
5.3377406780347831,102,102,52,5
1.1615154239800016,100,101,54,2
2.4678862525870193,98,99,48,5
3.5717371375684128,98,98,52,3
3.2144570148877243,98,98,52,5
3.2336955863548602,98,99,50,5
1.2741860337474362,98,99,50,5
3.5190685463446481,100,101,53,1
0.4357158733818464,98,99,48,7
1.8009113662988869,100,100,47,1
2.3508998671000820,100,101,53,7
5.1523038988076770,98,99,53,6
0.2118036939130008,98,99,40,1
4.5769661511254718,100,101,49,5
5.7606741630190799,100,100,47,1
2.1352877142593489,94,94,50,3
3.1487802691198272,100,100,58,4
2.1254324201844894,98,98,49,6
5.4982570001671736,98,99,48,1
5.8236168259000269,100,100,50,6
4.0998690738629087,100,101,56,6
1.2482568199448978,100,101,51,7
3.7583328960842008,100,101,63,3
5.9639748679083011,100,101,51,1
5.5588504391731650,98,98,45,2
0.9831196277857416,98,99,51,2
4.9437251268172604,100,101,53,3
0.4481014932139238,94,95,50,1
6.0242843704600970,100,101,52,2
0.8923193322035990,100,101,54,6
2.4855708946841917,98,99,49,6
3.0223913816153583,100,100,47,7
0.2950654847092467,96,96,58,4
5.9680781869272108,98,99,47,6
0.4641238033678298,100,101,45,3
4.7835409316492656,100,100,51,1
3.3537519038707884,96,97,50,6
0.9157861491141538,98,99,49,6
5.7551359750042677,96,97,53,1
3.7989489758427233,100,100,55,3
3.6381935928476636,98,99,56,7
1.1011633183003844,96,96,47,1
4.9235243728108911,100,101,40,4
6.2185773125121688,98,98,50,5
5.5540151389539654,100,101,49,1
1.9781808355027277,100,101,52,0
0.7640556556806710,100,100,53,5
2.4226803051609331,100,101,58,2
0.6571735557876310,98,99,47,2
0.7564211769241918,98,99,53,6
2.5649302074963898,100,101,53,7
3.1978319990104098,98,99,57,0
2.5062018738374965,98,99,60,3
1.3939692166986561,98,99,43,2
1.0281770065741320,100,101,41,7
4.2484171020463330,100,100,44,6
0.4271593981155284,98,99,47,6
2.3063920930637414,96,97,47,1
0.1571062951739660,98,99,46,5
6.0894052747751051,98,98,50,1
5.3776632531236821,98,99,65,6
4.4074163166855085,98,98,54,3
4.8650673072112962,98,98,43,2
5.2084533885496622,98,99,51,4
4.8588226435833173,98,99,50,5
0.8937693179705054,92,93,42,6
1.6773621366020137,94,94,47,4
4.5895339270428170,98,99,46,3
6.1709535362499288,100,101,62,4
0.8002364662779422,100,101,51,5
3.1731038819128270,100,101,54,4
1.0407947395598325,100,101,59,5
6.1919909218697446,98,99,56,1
5.7900122732719312,100,100,54,6
4.8560362176451877,100,101,46,6
5.9213542965543358,100,100,52,2
2.6586039103948096,96,96,44,2
3.1162139718247133,98,99,53,0
3.5717715766573459,100,101,49,3
0.7760935231451556,98,99,55,4
3.1285664894331169,98,98,52,1
0.0407483813840508,100,100,56,2
3.5640852761216486,100,101,55,1
0.8341055530189535,100,101,46,6
2.4910759370976030,96,96,51,1
2.3565387306157368,98,99,56,3
5.0215034868659805,98,99,37,6
0.1355710413765074,98,99,54,3
5.2170873666402864,98,98,55,0
2.7236586050200953,100,100,46,2
0.4169855182509782,98,99,51,2
4.6244065649274626,94,94,54,7
2.7162394940134851,100,101,54,2
0.9605504009154440,102,103,56,1
5.8830322781386917,96,96,51,7
2.2844107577922643,98,99,37,0
0.4723412298585418,100,101,49,1
5.4050072705154610,100,101,57,5
0.6547475618315418,98,98,56,5
1.3144171685160879,100,101,51,1
0.0803138480241208,100,101,57,5
0.0099848925668792,102,102,50,3
2.4336576885174193,100,100,41,3
3.3702509205116802,100,101,57,1
0.5824197399929899,98,99,43,6
4.1238488416743042,100,101,42,0
0.0227427387098827,98,99,48,5
3.0415716124014516,100,101,56,2
4.0294487988587306,100,101,49,1
1.9500074072301563,98,99,54,3
0.9588754531633705,100,101,52,2
4.6199562748120329,98,98,55,6
5.4164890873387730,100,101,66,4
0.5476017504803441,100,101,47,7
3.2372437035234580,92,93,52,4
0.2734312515077094,96,97,59,5
4.0415252619314916,98,99,52,3
0.5062516105948014,100,100,55,5
5.2993582280775167,102,103,49,2
3.0470188157508353,98,99,43,6
5.4595274625101249,98,99,51,0
1.7946759688904075,98,99,53,6
3.1290681613941111,100,101,56,0
3.2458154708567588,100,100,53,5
5.8499098992583711,98,98,55,2
3.4155687935913908,98,99,56,7
4.1320500294389220,98,99,47,4
1.7464039121779218,98,99,48,7
0.4149809932155541,100,101,53,3
3.9479752439614266,98,99,57,0
1.5525137834253602,96,96,51,5
5.9371317389027567,100,101,55,5
4.3079046303857860,98,99,50,3
4.3841997557449233,100,100,54,4
1.9879197341946997,96,96,48,6
5.5215361159382015,100,101,47,5
2.2493952350799327,94,95,42,5
1.0849697735254005,96,96,54,2
4.5268580683006858,98,99,56,3
5.7083235030254311,98,98,61,6
5.3058351870972347,98,99,50,1
3.1799400972013907,98,99,54,1
0.7305205881868830,96,97,49,7
6.0645375329754705,100,101,41,3
5.9691441500221272,98,99,45,4
2.4250175527848263,98,99,46,3
3.0122516284937828,100,101,50,2
1.9426713669842159,98,99,59,0
3.7288235358228841,96,96,46,4
1.0289917746267490,96,96,50,2
3.6971890986804348,100,101,53,3
6.0461719362990367,96,97,50,6
1.7265511247265255,98,98,53,6
2.7609978827948063,100,100,61,5
4.4474508089686795,98,99,52,1
1.2521553035006616,98,99,48,1
5.8987053430971184,98,98,47,4
4.0700466038456620,98,98,52,1
3.7809295402759422,100,100,61,5
2.9585152478119205,98,99,53,2
2.1330668208037635,100,101,56,4
5.1216373574303411,96,97,56,2
5.2939199540413613,98,99,48,3
0.7280252735149707,102,103,62,5
0.8796226247482097,102,103,45,0
1.1127228472707018,96,97,43,7
4.2554247390478865,98,99,48,1
1.8008273142620483,98,98,50,5
4.6263603513734148,100,100,66,2
0.2859125415806001,102,103,56,7
1.4645804053250682,98,99,56,5
1.3353922555621525,100,101,62,4
3.9382113099396960,100,100,53,7
4.5621733535110831,94,94,40,3
3.0187617698643194,98,99,47,2
0.4778203108226780,98,98,56,7
0.2771166793019225,98,99,50,5
3.8630974993108458,100,101,55,3
5.0687195853045361,100,101,52,2
6.2664393096254640,100,101,61,5
2.0091141326749558,98,99,52,3
5.3721362904167700,98,99,57,2
1.3697992193642010,100,100,45,7
6.0503850227828355,98,98,45,4
0.8137352370382855,102,103,55,6
3.9802018104275705,100,101,53,1
5.0712429681417301,100,100,48,6
5.9476175175557504,96,97,57,3
2.3900502129965884,96,97,44,2
6.0617419080715909,100,101,53,7
4.3262303879903454,100,100,57,5
4.2238904389816812,98,99,61,2
0.1354980573824774,98,99,47,4
0.5844793540182792,100,101,53,5
2.3490578065943266,100,101,59,3
1.3858307831355885,98,99,45,6
4.1258927591085639,98,99,62,7
1.5716506137697646,98,99,47,0
1.2904325578731815,98,99,55,4
2.0682000126117077,98,99,52,1
4.3789762198479680,98,99,49,4
1.4261157497171539,100,101,59,1
6.1661496139993677,100,100,50,6
0.9834842418750777,98,98,57,2
4.1465010180920761,96,96,47,3
1.3708033874605305,100,100,51,3
5.5126096597399847,94,95,44,5
5.1311092333808261,96,96,50,2
4.7865091398728952,98,99,45,2
2.4360221801697879,96,97,57,1
3.8904389879804184,98,98,47,6
5.0109196138474239,98,99,50,1
0.1524164786959642,98,98,50,1
5.9921658779590343,96,96,50,4
3.5222047108187384,98,98,63,0
4.3279415124368121,100,101,56,6
2.9255053251725571,98,98,50,5
5.1470582975989148,100,101,56,2
3.2209297848792335,98,99,39,2
0.5042462306476311,96,97,56,4
0.0522386831492258,100,101,51,7
2.7837084584615761,98,99,47,0
2.9372441348503542,100,101,50,0
3.4055034850521029,102,103,48,3
1.4627861786978291,96,97,49,7
3.9734849160155918,98,99,59,4
5.4211946456216955,100,101,50,0
1.0449823565505429,96,96,57,1
1.3899136109360766,98,99,53,0
2.3918043544870007,98,99,49,0
2.1316122538430822,100,100,54,6
4.6837878309704086,98,99,40,3
6.0100378258814491,98,99,46,3
2.8729204509340738,96,97,45,3
5.1679641711517101,98,98,51,2
6.2174865319783779,98,99,45,0
4.2903065185873839,98,99,64,7
2.6531591759625957,100,101,52,2
1.3504881764588845,98,99,47,2
5.3425574292430387,100,101,52,2
0.0406536911289406,98,98,50,5
6.0585812873140341,100,100,51,7
6.2668334995683699,100,101,56,2
5.4535688982753969,98,98,58,1
1.8165099608090727,96,97,47,3
1.9613966567884409,96,96,51,5
0.9363765507247995,102,103,55,4
4.0277779198347110,96,97,62,6
4.0455172596462665,100,100,54,6
5.0007248409452840,100,101,57,7
5.3154848251117253,96,96,56,4
5.3137783348453960,98,99,53,2
4.3386895617394456,98,98,57,2
3.7858357922222146,98,99,44,1
6.2128372241828531,98,98,61,0
1.5103506372622193,96,97,45,5
6.1296158301591470,98,99,53,0
0.9179924021523562,100,101,45,7
5.5225928468869778,100,101,42,4
5.6478190714900007,98,98,48,7
1.9510690192671931,94,94,51,4
4.2548389807903249,100,100,50,0
3.8560454052790818,98,98,52,3
6.1454812109406109,100,101,50,2
3.8161332123193636,100,101,51,7
3.7061913385074070,100,100,45,1
5.1265221350307666,100,101,51,7
1.4374801445048362,98,98,51,0
4.6935846509865415,98,99,35,4
1.3885652330433409,98,99,46,3
1.4511943318268543,100,100,55,3
3.1728664486000322,96,96,57,1
0.4540492025185039,100,101,62,6
2.3147757908951232,98,99,44,7
0.1263423422036289,98,99,54,3
0.9572899453771557,98,98,48,3
3.8199079167751324,98,98,53,6
5.7515903505596793,98,98,48,7
1.6163580884798361,100,100,49,7
4.9258623984673058,100,101,49,5
3.8572591374232790,96,97,48,4
1.5929934134026864,98,98,54,5
3.5729100931940976,96,97,46,2
4.9959881613811472,98,98,49,0
5.7135488641760936,100,101,53,5
5.6039587440531902,96,97,43,1
1.7963140035618010,94,94,42,1
2.7078539485855400,96,97,52,2
1.3086094833897688,100,100,54,4
4.4057085261290521,100,101,52,4
1.5801914396528334,100,100,42,4
1.3365135608382981,98,99,57,0
0.5031818626409407,98,98,54,7
0.6610991056532421,100,100,52,4
2.9930877649767313,100,101,49,3
5.5125044849564446,98,99,49,0
3.4494625498481444,100,100,47,5
2.6712491696031551,96,97,58,0
2.8181034869611823,100,101,54,2
3.6330085788770141,98,99,55,0
2.0911925142298018,102,102,54,5
3.4823832925839744,94,95,50,3
4.7210844913194174,100,101,53,1
4.1802401265303839,100,100,51,1
4.0559456889818497,96,97,44,4
4.2770302430252638,98,98,51,4
3.7520502272747778,96,97,58,2
4.2626250636651948,98,98,58,5
5.7235156823564912,100,101,51,1
3.7746916632850005,96,96,51,3
4.6304699087626684,100,101,51,5
1.1988098880550810,98,98,45,4
2.8568402476991852,100,100,51,5
0.6951864884312988,94,94,52,1
5.5818990549872742,98,98,51,6
0.0638856026598836,96,96,48,2
4.9245472194242401,100,101,52,4
1.9191220122274939,96,96,47,5
5.2726483379804581,100,101,52,4
0.4456311064310173,98,98,49,0
2.9540613742762685,96,97,50,2
3.4067386003431208,100,101,59,3
0.3387009761008750,98,98,56,3
5.3142232481293217,98,99,47,6
0.7178581273381223,98,98,47,6
4.6903768669650976,96,97,49,5
2.0720971666399377,100,101,47,5
5.6664740559410243,100,101,49,1
2.7561407185666522,96,97,54,0
5.4229919450211650,100,100,63,5
3.3198236474886094,100,101,59,1
2.4863994703474046,100,101,60,2
3.8218459928980368,100,100,60,0
2.2041041457923871,100,100,54,2
0.4659514989536662,98,98,54,7
2.5913275506163758,100,100,47,1
0.6860852197007142,98,98,41,2
2.4880349303731850,96,97,52,0
0.7958182233905039,98,99,55,0
5.2263094953247142,96,97,54,6
1.2869288194211868,98,99,59,0
3.7302562707079909,98,99,47,4
1.0826594097069431,98,99,49,0
0.0024526982086783,96,97,53,1
3.4237450515497025,100,101,52,4
1.0502643461931294,100,100,60,0
2.9825671334457295,100,100,47,3
3.7471828634522035,100,101,46,2
2.7829561569683006,94,95,44,1
3.7656697225001392,96,97,56,2
1.0324973521890288,100,101,48,4
0.4600739688882232,98,99,47,4
3.2639691675274647,96,97,43,3
5.8858208003760479,100,101,47,5
0.3914993775229631,98,99,55,6
5.7199522639882261,96,97,49,3
4.5948669798717638,98,98,54,1
1.7487015745259140,98,99,49,6
5.9321741418612861,96,97,52,6
1.4662772054800786,98,99,52,7
4.7136512129055035,100,101,54,2
2.7862070337358853,98,99,45,2
4.7385212407447073,98,99,48,1
1.1538744640734093,96,96,46,4
0.4567526297179197,98,98,54,1
3.0860482556979334,100,100,54,4
4.4833517409669152,98,99,55,6
3.2002085131123130,98,99,47,6
6.2663801095674563,100,101,45,7
4.7889528540595689,96,97,50,2
3.9834574104231981,98,99,51,4
1.7063012908914810,96,97,47,5
0.7828461920991894,98,99,54,5
5.9725686274054057,98,99,53,0
0.3371001192828867,96,97,45,1
2.4523863517245803,100,101,55,5
3.5664934172398639,94,94,49,6
5.9678303507178576,100,101,43,7
0.5276935854028605,98,98,47,2
1.1985456264218488,96,96,47,5
3.2879086883054538,98,99,47,2
4.2948373567568225,98,99,52,7
1.5993054885375881,98,99,46,7
3.3835698602223587,98,98,54,5
3.0794605745961521,96,97,49,3
1.3837896107096992,102,103,52,1
5.0347556064044250,98,98,51,4
1.2836026769634843,98,99,53,2
4.1780374827365083,98,99,54,5
5.7823318997940634,96,97,47,1
0.2408252934889464,98,99,48,3
1.6685131718468589,100,100,50,0
5.2546323899828620,98,99,52,5
2.9263706511003873,98,98,57,4
0.0814716419202561,100,100,52,2
5.8891664645815540,96,97,52,2
5.0184723538228280,100,100,52,4
0.6888524437499504,96,97,48,2
5.6798588968318260,98,99,45,2
1.8096284806347565,100,100,59,1
1.6239463492832356,100,101,50,4
3.9411412402078430,100,101,49,1
3.2564903454764473,98,98,44,7
4.8176318361092143,100,101,54,0
4.5655281558716974,98,98,56,7
3.3294886217448623,100,101,45,5
5.0153254026336329,98,99,50,7
1.9155210862422749,100,100,49,5
4.9342460195088789,100,101,46,4
1.4849735629681322,98,98,51,0
1.2523788880151256,96,97,57,5
3.4826397989117654,100,100,34,2
4.9487022306968447,100,101,50,4
5.2478660418933227,100,101,49,5
3.6300522621690461,96,96,52,0
0.9612735407505708,96,97,60,2
0.7552898583873257,98,99,60,5
3.9041079720654284,98,99,51,0
2.9320992232263494,100,100,56,0
5.8677451931678171,96,96,43,3
0.0849911223071912,98,98,47,0
2.4907964913389811,100,100,45,5
5.3097203428054476,100,100,47,5
2.9776591813268523,100,100,54,6
5.3401364768079187,98,98,51,4
3.9011383683244403,98,99,38,3
4.9607212952546309,100,101,49,7
3.8862864131428219,100,100,54,6
3.2332472034022275,98,99,54,1
1.2641406387412650,98,99,61,0
2.0638028700917843,100,100,55,3
6.2050239900493338,98,99,49,6
0.2254074451398125,94,95,44,3
3.8568455946624138,102,102,49,2
0.7251220941286800,98,99,54,5
3.4121451835288878,98,99,53,4
3.5342651469446080,100,101,49,1
0.5500704615946200,100,101,56,4
0.3382525642110835,96,97,50,0
3.9486557112500531,100,100,47,1
3.2224583912118128,100,101,58,2
1.4376488088093269,98,98,52,1
2.0091671640738440,96,96,51,7
1.0205394954193463,98,99,54,5
4.9914886956727518,100,100,52,4
4.3764056636772839,100,100,44,4
3.7116340765752653,98,99,47,2
3.3529947159660130,96,96,45,1
3.8067351424014633,96,96,44,4
0.5725233522236318,102,102,50,1
5.9302985285033527,100,100,50,6
6.2700291330055098,100,101,41,7
6.0774200861489263,98,98,45,0
0.9280152547511598,96,97,55,1
5.5933747018802249,98,99,57,2
2.6941984327585455,100,101,53,1
0.2076388789916640,100,100,57,7
4.9064618115987431,100,101,45,3
5.9522091774539758,98,99,41,2
5.7752262613533016,96,97,48,2
0.6242379368654977,100,100,43,3
0.6908962029582402,98,98,45,2
5.5973004956195469,98,98,51,6
0.7905819229927898,96,97,45,5
5.4181594648863678,100,101,54,0
1.6144834774917038,102,103,53,2
3.8661060619600773,98,99,49,4
5.3182076095428217,102,103,47,4
5.7299074691999481,100,101,44,4
1.1517865337375823,100,101,48,4
0.6623734389916343,100,100,62,4
2.1168557499937957,100,101,44,0
3.6983052465534438,98,99,51,2
3.1216322416620201,94,95,40,3
5.7967090628042941,98,99,47,2
1.4226181055955878,98,99,56,3
1.1536539807258599,98,99,53,4
1.4168245199562048,100,101,55,1
4.0850300700631950,94,95,39,0
5.2806222009967287,98,99,55,0
0.7874636262344333,100,101,48,6
3.8037833544840702,96,97,45,3
0.7273204415888410,98,99,52,7
2.2566586179702388,100,100,53,5
0.8931115673202543,102,103,50,3
4.2792232482330324,102,103,49,4
5.2258202921944648,94,94,44,5
1.2562757364555868,100,100,51,1
3.2468793543835024,98,99,60,1
2.4582891198005834,96,97,51,3
5.2264387631431246,100,100,51,1
3.2063474396266409,98,98,57,2
0.4685863306414872,100,101,56,0
2.5251380885391761,98,99,51,0
4.8034363890878593,98,99,50,1
1.1097924051194081,98,99,42,1
0.4250765775514069,96,96,49,3
0.6502381618643882,100,101,54,6
1.8537707617392385,100,101,42,2
6.1429840183538031,100,101,53,1
4.4876559874305100,98,98,50,1
4.6314999337347000,96,97,48,4
1.4438971404881280,98,99,43,4
0.9303095480579724,100,101,52,0
0.0081575155666674,98,99,45,4
0.8315138338244735,98,99,54,3
2.2412529126550491,98,98,42,3
4.3919710551341069,96,96,50,6
0.8064342776288074,98,99,58,3
0.7295772224320153,100,101,44,4
3.0253848081734187,94,95,45,2
5.8303098456939484,100,101,50,2
1.1462178276879520,100,101,41,7
5.4112696316047000,100,100,52,0
5.8962562277572843,98,99,52,1
0.8130232014158292,96,97,57,1
1.6393534758694293,96,97,61,1
2.7987556042659172,96,97,47,3
3.8922820654041423,98,98,43,2
3.6855661737875476,100,100,53,7
1.2837813765180788,100,101,61,7
1.3934635247074436,96,97,48,0
2.2720546715168179,102,102,61,4
3.5574739327469618,94,95,54,3
3.9606142238139745,100,100,49,3
4.3608294823796312,100,101,58,2
1.0635656990828224,100,101,44,2
4.8191510540318667,98,99,59,2
4.1112027580765851,96,97,63,7
1.5161985807562874,98,99,50,5
4.5061119857855880,100,101,48,0
5.8273732382885344,94,95,46,3
3.3694972254524380,100,101,50,6
2.2902328734871564,98,99,51,4
3.2615312027748700,96,97,49,1
2.6941699058925814,96,97,50,2
4.1726627410612931,100,100,47,1
0.0241857383996782,100,101,45,3
2.5236902909531533,98,98,41,6
2.0898587523334871,96,97,49,5
3.3428735670890304,98,98,50,7
3.7401793928297575,100,100,54,0
4.9589785318638553,100,101,61,3
4.6002385763443439,96,97,50,2
1.5032422456972523,100,101,48,6
4.3473054855440223,98,99,60,3
5.4103482462506696,98,99,44,5
2.8337607334353097,100,101,55,5
3.4244427589423054,98,98,53,6
0.1923777834813912,98,98,47,4
0.4395525359039746,100,100,50,4
5.4852033477656352,94,95,52,1
1.3027459895345184,98,98,50,5
5.9780527396834318,98,98,51,4
4.1936405083800068,98,99,58,3
0.0431952713815080,92,92,56,0
0.3866555946715141,100,100,49,1
5.2378100000919305,94,95,49,0
1.3683736976990810,100,101,55,7
2.8165449175039994,100,100,55,7
5.5401056769345178,98,98,55,6
0.1109097412640201,100,101,44,6
3.7453616848492457,98,99,61,6
1.9171157001096046,98,98,46,5
0.3718952186931457,98,99,51,4
3.9119656455993281,98,99,50,3
5.6495568728774979,100,100,49,5
0.2052074340037985,100,100,45,3
2.9819475856337574,98,98,54,1
3.6963260411920942,94,95,55,4
4.5812197171151920,98,98,56,3
0.3744135287237580,100,101,50,4
5.9407399809159909,98,98,53,6
0.9537855697776859,100,101,51,3
4.8696312962245418,100,101,53,5
4.7653567772558700,98,98,54,7
4.4057684399046995,98,99,57,0
3.4289024475708323,98,99,51,2
5.1706359556098853,100,101,54,4
0.2871725487366898,92,93,46,4
2.2606547837943221,98,99,49,6
1.8930584783002056,98,99,50,5
1.4156777467800992,100,101,47,3
0.6194165475652458,98,99,51,0
0.3676794170128669,98,99,50,3
2.7965483218822866,100,101,48,0
0.5017065584637841,100,100,64,6
0.8342761696750205,98,98,43,4
0.8829147420705421,96,96,48,2
5.3053328022025488,100,101,50,4
0.6920411062410311,98,98,51,0
3.7131638508925513,98,99,54,3
1.1692626084175841,100,101,56,4
0.9973927806370532,98,99,56,7
2.8533989599099789,96,97,38,0
0.3936775202630370,98,99,43,6
4.4880666625475936,100,100,55,1
3.9177159703523516,98,99,42,7
1.5203043722577052,98,99,47,2
3.2343561623066583,102,102,56,7
3.0855622623368100,100,101,58,0
2.9159403541531641,94,95,48,3
4.5280375297048350,100,100,55,1
0.2246697442985610,96,97,48,6
0.0862158074802535,98,99,50,3
1.4272826921106296,96,97,54,2
3.0248016052520637,96,96,46,4
1.9656201025804185,96,97,60,0
4.0051782914696963,96,96,51,3
4.9916682899026492,100,101,54,0
5.6266486744151702,98,99,44,7
4.5782779797747404,98,99,45,0
1.3570421513126645,100,101,45,3
6.1183176920331679,98,99,55,0
2.9958124857044175,98,99,54,3
5.3833324884481142,98,99,43,2
1.0595320069903640,90,91,46,3
2.5353684457719021,100,100,50,4
2.8720483993325971,96,97,46,2
0.7823396731563544,94,95,39,6
0.5220301807349473,100,100,55,7
0.7021708916130819,98,99,49,2
4.3465705689284215,98,99,45,0
3.3683949859194700,96,97,46,6
0.2684546804355144,98,98,57,2
2.2512239688989322,98,99,43,2
3.4717062776656729,96,97,50,6
0.6460985699250592,100,101,52,0
3.9950292409415673,100,101,67,7
1.0744380716695270,98,98,42,7
1.6994579723346481,98,99,49,4
5.6914305622768033,96,97,56,2
1.7094893707567989,98,99,53,4
0.1081548449721992,98,98,53,0
0.8290098874625326,100,101,51,7
4.7229988745886304,98,99,46,3
0.7225206371018141,98,99,49,0
2.5330412700204952,98,98,43,0
1.4568077699800457,98,99,42,1
4.6378152375925010,96,97,55,1
4.3094194787389632,98,99,49,6
1.1168623424534398,100,101,55,3
3.9388939106457830,100,101,63,1
5.4045185333147980,98,99,50,1
4.5551764198226978,96,96,44,4
1.9327706007147518,98,98,55,4
0.1071621771209048,100,100,46,6
0.6499882466407986,100,101,48,4
2.1683889791727418,96,97,53,7
1.9452544538691388,98,99,51,2
4.8124521083661680,94,95,55,6
3.0815676483907382,100,101,57,7
0.8169747988683904,100,101,49,7
1.3043208149140997,96,97,54,0
5.7638756634248676,98,99,49,2
3.8339621332196439,100,100,60,4
5.4818567345255511,94,95,50,3
4.7401717654546092,98,99,46,5
4.2563011067500209,100,101,54,4
6.2227952463485723,96,96,46,0
5.4861330632670642,102,102,47,6
1.5865900840912723,98,99,48,5
5.2940337301771683,96,96,44,2
6.1085798797627096,100,100,50,4
3.8397534627997842,100,101,47,1
2.2438051434335278,98,99,42,1
2.7889860969580846,100,101,38,4
0.0538343097649571,98,99,48,7
5.7366348490497829,98,98,55,0
3.5071308020492666,98,98,50,1
0.9694057114434358,98,99,51,4
4.1675959927990478,100,101,47,7
2.6919486287166263,100,101,47,1
2.4937710702883447,96,97,50,4
3.7101567717616373,100,101,61,1
3.3974424418191869,94,94,45,0
4.2648671004637624,96,97,52,6
6.2216236383510548,98,99,54,1
1.0123437510956694,98,98,55,2
0.3883888374576782,100,100,52,0
0.0462995211640346,98,99,42,5
5.7136830677020409,96,96,46,0
1.7605566061229658,100,101,50,2
5.0030881690905904,98,99,54,3
0.5476662977917602,100,101,51,1
4.3705078730335973,98,99,47,2
6.1910380009943253,98,99,52,7
3.8866870599258929,98,98,49,0
4.2146452354807167,96,96,49,3
1.7521479276069345,96,97,49,3
6.0832214283439772,98,99,38,5
1.6965387850453615,96,97,50,2
1.4648638636167037,102,103,49,0
0.7638294409021006,98,98,49,6
2.1709529229660327,100,101,50,0
2.1327406517790246,102,103,45,6
2.1318268395567901,96,97,50,6
0.5739074775565554,98,99,55,6
5.2842827108690749,98,99,54,3
0.0192685006137219,100,100,56,2
1.8448067909966945,100,101,44,6
4.8961541698462154,98,99,51,6
4.4533613754110348,94,95,53,0
5.7973826326620808,94,95,52,5
0.5133233041694379,100,100,55,3
2.8471845074908191,100,101,47,1
5.3419899498217580,98,98,46,7
5.5127536522871949,100,100,50,6
5.0888746325823542,100,101,53,3
5.0203752795095475,98,99,46,5
3.7556789376188071,92,93,55,5
3.8692033294207966,100,100,50,2
0.3311029974634211,98,99,55,0
3.3801137769608220,100,100,55,1
2.6720996158161627,94,94,46,5
0.3644052799652699,98,99,52,5
2.1995660175705729,100,101,61,1
0.9266352674649753,100,101,55,1
3.4389685863696986,98,98,51,4
1.6911042587131782,98,98,41,6
3.3577507940307978,96,97,49,5
4.3711254811239613,100,101,47,1
5.9737957325390321,98,99,62,5
0.7489933312867868,102,103,60,3
1.7181454931372517,96,97,41,5
2.5291982864718676,100,101,62,0
4.5982147524740089,100,100,55,7
5.9278520055946640,98,99,49,2
3.9990946091492483,96,96,45,5
4.8584162799833823,102,103,56,1
5.1950804106989166,98,99,57,0
2.0264666260852202,100,100,56,4
3.9761620870701124,100,101,46,6
1.5156305126152227,100,100,55,7
6.0465664160647803,100,101,47,5
6.1809339160630872,94,95,40,5
4.0732352314347979,96,96,51,7
1.8804255135916115,100,100,51,1
4.7043471989290842,98,99,57,6
2.8281466391882004,100,101,51,1
1.1060971088269778,100,101,51,7
5.3744589376679492,100,101,53,1
5.7957793320919464,98,98,53,4
1.7658581238180910,100,101,49,1
0.6795117530274876,96,97,53,5
4.5253429025409568,94,95,51,4
5.6248932942132637,100,101,58,6
1.4074195190383605,100,100,51,7
2.6305946766358712,100,101,50,4
4.1919360508306340,98,99,48,3
4.3695630484756913,98,98,55,4
1.0314050791117617,100,101,41,7
3.3990540389162129,94,94,55,2
1.5202688290344013,98,99,53,4
3.4570097160592352,98,99,49,4
3.1458892722665541,94,94,46,1
2.3449970044405921,98,99,51,2
3.4090460714528770,98,99,51,4
5.8338012121233378,98,98,52,7
0.0316248813887932,98,98,42,3
4.1636368076720958,96,96,54,2
3.5095986732202058,98,99,51,6
0.2770267515045886,94,94,56,5
3.9109440906374631,98,99,52,1
4.8465284036214626,100,100,51,7
1.1558092766249806,94,94,59,2
2.7883056463040026,98,98,62,1
6.0851347859561322,100,101,54,2
0.9440969119082059,98,98,52,3
3.1495492913110152,100,100,45,3
0.7559925437900463,98,99,50,5
4.0465948782942274,100,101,52,6
4.9748499302213114,98,98,53,0
2.1531382387176570,96,96,51,1
0.2640121749024101,98,99,52,7
2.0761236180257110,98,98,46,3
2.2499778545640257,100,100,55,5
2.2686159179259988,100,100,50,4
0.5164717679160964,100,101,55,5
4.3557894145108458,100,101,38,4
2.5516667052445854,98,99,58,7
3.1720725341340552,100,101,61,5
4.0475148011132616,100,101,50,6
3.9030272629429090,100,101,47,5
5.0748955520670389,98,99,49,4
2.5572404677584273,100,101,57,3
5.4731974373593451,98,98,49,6
0.2218916908294861,100,100,58,4
6.0858823797560682,98,98,49,0
6.0227851052592634,96,96,49,5
4.0609979305866917,100,101,49,7
2.5810858000538843,100,100,62,2
5.8712292362299605,100,101,50,6
0.3200587593616818,98,98,50,1
5.6873902311659963,98,98,47,4
4.0063048322071442,96,97,55,5
4.3632698418234934,98,99,43,4
5.0861886495568394,94,94,39,4
5.8452963589489784,98,99,52,1
2.5697816181239923,96,96,48,4
5.2779841995885484,96,97,51,5
2.5289001926962671,96,97,56,2
5.5430074214898442,98,99,50,3
5.0623533191602430,102,103,47,4
0.1023373109408047,100,101,48,2
2.3921190948274593,96,96,43,1
0.5210269111784787,100,101,53,1
5.3891958490324514,100,100,58,6
0.3651481425708173,100,101,64,6
0.7718078659554807,100,100,55,1
3.6763953035945329,96,97,51,5
3.7903340117084499,98,99,47,2
0.6829238255004177,100,101,48,6
0.4473015456526884,94,95,50,1
0.0815985879749019,96,97,50,6
1.9268939018634426,100,100,44,2
0.2612284035300633,98,98,50,7
3.6172213727765521,98,98,49,6
4.7799129209355868,98,99,54,1
3.7952986347485034,98,99,51,0
0.4132026852825039,94,95,60,5
3.5308886318862487,92,92,46,4
0.2345653522169412,100,100,61,5
3.7736099873086415,98,99,56,1
5.2211292451623912,98,99,45,4
3.5510377434506974,100,100,52,4
2.2785226316574825,100,101,47,1
0.5310026691994146,94,95,47,0
4.0810724179005948,96,96,52,4
0.2678239919075031,98,99,46,1
4.7633798265439813,98,99,58,1
6.2365431534694329,100,101,53,5
2.3548240156888700,98,99,47,4
0.3146791813950839,98,99,59,2
4.9481281604283778,100,101,63,5
5.4762870788969975,98,98,55,0
0.2293969709572814,96,97,48,2
1.6237218017045538,100,101,57,5
3.3653930220037624,98,99,63,6
0.3296028691486514,98,99,57,0
5.7701558942912214,96,96,60,2
3.0481255029956884,100,101,64,4
4.8726662543468393,100,101,56,6
0.9325093386503208,98,98,52,5
0.6886755037163897,100,100,50,2
1.3516701474146939,98,99,46,5
2.9961691257900913,98,99,49,4
1.5482723071382147,100,101,51,7
3.3073139097400155,100,101,53,5
2.6265398213200868,98,99,55,6
3.6443310644535498,92,92,49,3
4.0155135288158084,100,101,52,2
3.4086305304989803,98,98,61,6
5.7101298072234501,98,99,53,2
5.2366802061131965,98,99,49,0
4.8320641201928547,94,95,43,6
3.4869276834371026,96,97,50,2
4.1382141054202375,102,102,54,3
5.0152262758624566,98,99,47,4
1.4987686689852162,96,97,41,7
1.0877008132315511,96,96,44,6
2.9024811214570683,98,98,46,7
1.6134848361346747,98,98,49,2
2.6322598444105645,98,99,48,5
3.9286315912020697,98,98,57,6
1.3507248529559646,100,101,43,7
2.0658829429064611,100,100,55,1
4.8342038230522197,98,98,45,0
1.5633933724995781,96,97,46,6
2.9564792566411660,100,100,57,7
5.3820742331486757,104,105,51,5
0.6260278770250689,100,100,46,2
5.1505535004627996,98,99,52,1
3.5292012471613550,100,101,48,4
1.7200912878696550,96,97,42,4
4.6135781533688336,90,91,46,7
1.9860529705237138,96,97,46,4
2.9781064677739910,96,96,49,7
2.9930140765131057,100,101,52,6
3.0018678871757194,98,98,48,3
6.0736486988366920,98,99,46,3
1.1117562679857451,98,99,47,2
5.5630772768683459,100,101,51,5
3.1901613862285831,100,101,46,0
3.6233722803951931,100,100,49,1
0.9506506474145656,98,99,47,6
2.4243922425795881,96,96,46,4
0.3369277601234478,96,96,45,7
2.7986424910980903,100,101,46,0
0.5656041936677433,94,95,47,2
4.6959225618514733,96,96,38,0
1.7368654987456220,98,99,60,3
2.7096095498370438,100,100,45,5
3.3870909212240559,100,100,49,1
0.5329342554979659,102,103,47,2
0.9447831373463891,100,101,54,2
0.2750817623271746,100,101,52,6
4.6686843187197944,100,101,53,1
2.2229124135108469,100,101,47,3
0.6361319022236106,100,101,46,6
0.4337079633412811,98,99,49,2
0.1269690095345068,98,99,47,0
2.2388548671469932,98,98,49,4
0.9033944603930425,98,99,44,7
1.8235960393263111,100,101,53,7
4.4254553884674008,100,101,57,3
6.2151195019386005,100,100,56,0
0.4829391456551053,98,99,42,3
1.9361105713148135,94,94,49,0
2.0103115437704009,100,101,53,5
5.7375500021361479,100,101,55,1
3.5359057977066590,100,101,58,2
2.1846915782722887,98,99,50,1
2.6823114476730110,98,99,47,0
0.1566021886430665,96,97,42,4
1.7609596946116555,100,101,50,0
5.7488376790121780,98,99,55,2
0.0465531814418957,96,97,53,3
0.6061019162878781,100,100,59,7
3.6552611772765431,100,100,36,2
5.1078982716063992,98,98,41,6
6.2570106974880231,98,99,49,0
2.5811197122309308,96,97,48,0
0.2784357421821773,96,97,46,6
3.8179151160024607,98,99,55,4
3.9333502000659779,102,103,56,7
3.5619677650185659,98,99,54,3
0.2643523624559627,100,101,50,2
1.1578304765758398,100,100,43,7
3.6722610468164576,98,99,49,4
1.2961174892979679,98,99,47,0
5.8611018402484278,98,99,58,7
2.8489526408305950,92,92,60,0
5.5215512254589294,100,100,51,5
3.1139306382908902,96,97,56,2
1.7811069524401679,100,101,55,1
0.3424130359680844,100,101,59,1
2.3616936658464609,98,99,42,5
5.1635853788879169,100,100,58,0
5.9439249467141337,100,101,46,2
3.6002608926290436,100,101,49,7
1.3095780530951275,98,99,50,5
5.3890314964488448,98,98,47,6
5.2173412230099121,98,99,52,3
2.9501583654196155,96,97,42,6
0.0137837657137390,96,96,51,3
4.4813216679087269,96,97,45,5
4.6201360999397574,100,100,48,4
5.0585512540628770,98,99,51,4
0.5787535995345532,98,99,40,5
6.0254899787707883,98,99,51,2
1.9078780577500067,96,97,49,1
0.5632485802510692,100,100,43,1
2.8812689187451235,100,101,53,1
1.1715195602040773,92,93,53,3
3.9610431558966517,98,99,59,6
2.3251988225303912,100,101,56,0
2.1209455133909811,98,98,53,4
0.5294617002634956,98,99,61,6
1.0831024488085224,100,100,46,2
1.8277140229229458,98,99,56,3
3.0309264277618224,96,97,47,7
2.9221175440592151,100,101,53,5
5.6821038290487635,98,99,45,4
2.0232040007270831,98,98,41,4
0.4612752496983969,100,101,48,2
2.8453561984039397,98,98,55,6
2.7422449710742867,96,96,52,0
0.5399764586179652,96,97,42,4
4.9539195570107815,100,101,59,7
1.9518292262740362,98,98,50,5
0.5434158318836362,100,100,56,2
5.7116842890375343,98,99,54,5
0.9692544679962505,96,97,54,2
2.2276933041853715,100,100,57,3
2.3334287386377945,98,99,60,5
4.1407732730223614,100,101,46,4
2.1228018467049372,98,99,57,4
4.6969110682688777,100,100,51,7
0.6502113488972777,96,97,60,2
4.6501010377473868,100,101,50,4
2.4664602810245406,98,98,50,5
3.2120315261010277,96,96,46,0
4.7811017407413443,100,101,47,7
6.1920382246449002,96,97,52,6
4.5772652860243683,98,99,55,2
6.2493062985622156,98,99,54,3
2.9813563505205964,96,97,55,7
1.5157685174099382,96,97,45,5
4.9919823330221433,100,101,45,1
2.5939985056938450,100,101,54,6
5.5662006674266813,98,99,57,6
4.4572607659676109,98,99,48,5
1.3481048920648229,98,99,56,7
4.0897223421761062,98,99,49,4
0.3729774222335089,94,95,53,6
5.4876475273132250,98,99,58,7
1.7204877049563392,100,101,54,0
5.3789227208540664,98,99,53,0
2.4221713291597808,98,98,56,1
5.6340822316185806,94,94,46,7
3.3720230742232307,98,98,51,6
1.2678417718724455,100,100,51,5
5.9453473347104140,100,101,51,7
5.5572688510385504,98,98,48,3
5.2345629141018799,100,101,49,7
0.3957080411914807,98,99,49,6
5.2620656220571504,94,94,50,7
4.4836632185700589,98,98,52,5
1.8705438366580007,98,99,60,3
5.0855877560618081,100,100,44,6
3.6513010053716299,96,96,44,4
0.8887730239392337,98,99,45,4
5.9658335861793113,100,101,54,4
5.4108705227947755,98,99,49,0
4.1772748932574721,98,99,57,6
1.7632578522624276,100,101,52,0
4.1731295526514547,98,98,53,6
4.5752731890280085,96,97,51,3
4.8582240607867639,96,96,48,0
0.3710180900466574,98,99,54,5
2.2546110247405222,100,101,54,0
3.9022182009745827,98,99,50,1
3.9631986268734529,100,100,62,6
0.0898897391288141,100,101,49,1
2.0256986640744530,98,98,58,3
5.5585955288035089,94,95,51,0
5.8547021470545619,100,101,37,3
5.4696702742139456,100,101,52,6
0.0330714964937019,100,101,48,6
1.4634491398814606,96,97,46,4
4.8538185711294499,98,98,41,2
0.5442636385982147,98,99,52,5
6.2076269269662774,96,96,44,6
1.5072029619116918,98,99,53,4
5.0942313062609479,96,97,45,5
5.0212688071246134,100,100,48,0
0.4618352082322394,98,99,51,6
4.0541976825182129,98,99,52,7
2.4474343856060878,98,99,44,1
5.0252653384768919,100,101,47,3
4.5361211462149793,100,101,53,1
1.0687004470085157,100,101,58,6
3.6058253862034992,102,103,60,5
5.4071820757286995,96,96,54,6
5.9355230910288936,98,99,56,5
2.5620756066669967,98,98,54,5
0.3219127825718822,98,98,48,5
0.3594804662595044,100,101,57,3
1.0552593779392492,98,99,54,1
6.0915982697661279,100,101,51,3
4.9891420430000766,96,96,40,2
3.3088240934086079,96,97,49,7
0.2206662728416343,98,99,51,6
0.4546270299519452,98,99,58,1
5.5103306076105554,90,91,36,1
2.0285787443817900,100,100,40,0
5.2291443700178570,98,98,53,6
0.5978054147129843,98,99,47,4
2.6522780819207310,100,101,42,0
4.4821973306604406,98,98,48,1
2.5020939704851721,100,101,57,1
4.5279119400943681,98,98,38,1
5.5320929783993158,100,101,47,5
3.7931790131845520,98,98,46,1
0.1546121946615986,98,99,58,5
0.8128781233770525,100,100,60,2
1.4221816660732955,98,99,53,0
2.1664879380508535,96,97,60,4
5.2026570613168399,100,101,50,0
4.4286063218825360,100,101,53,3
1.0928261253844844,96,96,51,7
5.4260096601370904,96,97,55,5
6.2516274173061808,96,97,50,4
5.6996985577322956,100,101,53,5
2.8085924368611215,96,96,43,3
0.3031606400526078,100,101,50,6
0.9214640066885940,100,100,51,7
2.2734457423963463,98,99,61,6
5.8558213348721182,100,101,52,2
6.1899832144092333,98,98,51,6
4.4128957418186232,102,103,54,7
0.7645405519400037,98,98,55,6
6.0168179776795991,98,99,51,0
4.9494394510400301,94,94,45,6
4.9069690384846609,100,101,50,6
5.1090032035415671,98,99,49,4
4.1785384880537206,92,93,53,5
2.9064535614041063,100,101,61,3
0.5056293566064693,96,96,49,1
3.4078517798983472,100,101,49,7
2.7068761194067941,98,99,53,0
2.1712056824006583,100,101,55,5
4.9876808201876415,100,101,52,0
0.4400810488130777,100,101,45,1
3.6523847562361662,98,99,49,0
1.4196150893662185,98,98,49,2
1.6813632686768549,98,98,59,4
6.2080920404344369,100,101,53,3
1.0329817298330997,98,99,59,2
6.1368058039403639,98,99,50,3
1.1161637912673268,100,101,43,1
2.7651971247759914,98,98,54,5
5.6704963824246191,100,101,44,0
3.8867937402249635,100,101,53,3
3.0973321150458295,94,95,49,6
2.1904077146892926,100,101,53,5
1.8620618891172454,100,101,52,2
3.9983563303610139,88,89,49,3
3.6431484777731673,100,101,52,2
3.1388664092460656,100,100,52,6
0.5030132446514213,94,94,52,1
4.9188019479026579,98,99,47,0
2.3616994834765839,100,101,52,2
5.7638715984723694,96,97,43,5
2.4041104484435234,94,94,46,5
2.0500103222316821,102,102,49,6
2.0959327211695400,94,95,66,3
4.6701812857629799,100,101,56,2
3.0730089516259804,98,99,52,1
4.2062065399923059,100,101,47,3
4.9511686764016680,100,101,55,1
6.0398233079890673,100,101,50,4
5.9845687396163694,100,100,46,4
3.0683178166890284,94,95,52,7
2.1253156212859299,96,97,47,1
3.2219808300838002,98,99,55,6
1.6621900030169785,98,99,43,4
1.6290732281664575,100,100,51,1
4.7438657626192926,98,99,47,4
3.4300633323549956,100,101,49,1
4.8828807739897533,96,96,55,7
3.1199536772840766,100,101,53,7
1.9149128556714485,100,100,54,0
5.7545405158056768,98,99,47,0
0.6520694959530754,96,97,48,2
2.7748980234670251,98,98,53,4
5.3723861292192652,96,97,48,6
1.5928109742112315,98,99,48,7
2.6729175837667705,100,101,61,5
6.0312829331897229,94,95,43,6
4.5385681002395950,98,99,53,4
1.2065913714673622,96,97,47,7
0.0217265636530118,96,97,55,5
2.5133382188557443,100,100,43,7
6.2401661600793563,102,103,56,5
2.5537070417914816,100,101,51,3
1.9401510559094512,100,101,55,7
5.8085813963156143,98,99,53,6
2.0939744786923180,98,99,44,5
0.9176834886109394,98,98,50,5
5.6562908032004646,100,100,49,7
0.0895272820543033,94,94,52,5
4.9005652047061794,100,101,42,4
3.4899808069941827,98,99,52,1
1.9558657375681443,98,98,45,2
1.4693629813677842,98,99,62,1
1.9683368370102305,98,99,49,0
2.6907622488351390,100,101,53,1
4.9545821404284043,98,99,44,1
6.0725984917723945,98,98,52,1
5.8332985896245564,98,98,42,3
6.1823218661634725,98,99,43,4
1.1600912226216376,98,98,53,0
4.4718318522376048,100,101,59,3
5.6411734807718119,96,97,52,2
4.9488928316758116,98,99,47,0
4.9816710557417769,96,97,46,4
4.4938107707789356,98,98,56,3
0.1134558787110510,96,97,53,5
5.0513010437666956,100,101,57,3
5.8984252744940173,98,98,50,5
5.3699054595544800,98,99,52,3
4.0448943340575596,100,101,55,1
3.8043075306070202,100,101,42,0
1.1921687778193304,104,105,48,0
0.1877551362141347,98,98,50,7
4.0539675149566508,100,100,49,7
2.0569373998356344,96,97,43,1
1.2214930898421570,100,100,61,1
0.9175786354056670,98,99,58,7
4.0481469462491910,96,96,47,1
1.1445356032680984,98,99,46,5
1.7581828756079478,98,99,51,0
4.7104352828550935,98,99,54,1
3.3195086142484853,100,100,46,2
1.5522101422104257,102,103,57,2
3.1732758753713792,98,99,48,3
4.2937398018357653,100,101,59,7
1.2600266318466848,100,101,51,1
1.8479612648036856,100,101,54,0
5.8701277797550979,100,101,45,1
1.9912693717854228,100,101,54,6
1.5181424066591094,100,101,54,0
2.6501739881949886,100,100,47,3
6.0437426035134294,98,98,55,0
1.1376916149596881,100,101,52,2
1.7179751079509595,98,98,57,2
2.7268741756723074,98,99,55,2
5.6332679175557603,98,99,52,1
4.7964228226049972,102,103,52,5
0.1155030066109683,98,98,50,7
5.9209215792937160,98,99,50,1
4.6851669535988894,96,96,53,7
3.4390178876773576,94,95,51,0
4.2846229669170226,96,97,42,6
0.6134045583874171,100,100,54,2
3.4988279826514970,100,101,57,7
4.2262005627239017,98,99,55,4
0.3262697469088186,100,101,52,2
5.5657650758219557,98,98,41,4
4.1346041190614855,102,102,53,0
4.3210246595932924,100,101,63,7
5.9738316390614008,98,99,46,1
2.7713477633021926,98,98,52,7
0.6899183386614088,96,96,45,3
4.8729742752656877,98,99,60,7
1.0187918999489967,96,97,54,6
1.4517076138965219,96,97,56,2
5.1338187030278046,102,103,54,7
5.1277112541795669,102,103,47,4
3.1112915337543727,100,100,62,4
2.6594778247263267,100,100,55,5
5.1779578274332474,98,99,52,3
4.1089250350307118,100,101,62,4
4.6306263811857571,98,99,53,6
3.7616814696614935,100,100,57,5
3.4810544487119501,100,100,59,3
5.2492994400579924,98,99,49,0
0.4842280205949431,100,100,55,1
0.1463900483159207,100,101,58,2
3.7804438958171640,100,101,57,7
6.2524472458489582,98,98,53,0
5.4757165889173303,96,97,54,6
5.0878004602105165,98,99,44,5
3.8379936712793987,96,96,55,3
2.0908044632913447,98,99,51,4
2.9841057139980895,92,92,60,4
4.0524445562714044,98,99,52,1
0.6635464253877444,98,99,59,0
5.0452455514098498,96,97,54,6
1.8029987688255467,98,99,48,3
2.5746306768762524,96,96,61,3
5.0584047656198852,96,97,48,6
3.4275855236621786,98,98,51,6
1.6024335177658167,98,99,45,2
0.7366753842280024,100,100,50,0
5.3466582519236674,98,99,49,0
4.0750205208356114,98,98,49,6
2.6741557742077418,98,99,55,4
0.2416183198954008,100,101,50,2
3.2079066429437626,100,100,59,3
4.2260099567928693,100,101,43,3
3.5208240320274546,98,99,52,5
3.7283823417768795,90,91,45,6
5.8210766159207701,94,95,51,4
4.0455926782913902,98,99,49,2
5.8041795073558902,100,101,45,7
3.6328315958884159,100,101,56,0
1.4373215935768693,102,102,51,4
0.1978838776696260,100,101,48,6
1.2237536141617935,96,97,47,1
3.1526939597942700,98,98,51,4
0.8412246926314600,98,99,50,5
0.2734433687288779,96,96,48,2
6.0063531617243555,98,99,49,0
4.3160933756832636,98,99,53,2
5.2327132688962195,100,101,57,1
1.1748203208383146,94,94,42,3
4.9259972564505388,102,103,55,2
0.2423104654976665,100,101,42,2
3.0459220474292672,98,98,46,1
5.1773633697788890,100,100,51,5
4.7854929663431012,98,98,55,2
5.2350688912926291,98,98,43,4
1.5718133172192930,98,98,49,0
2.4027411855499534,94,95,49,4
4.1288031389017901,94,95,47,0
1.4824804491116315,100,101,55,5
2.1108780632367803,100,101,52,0
4.6422322125571016,94,95,45,0
6.0804428215126283,98,99,60,1
2.3425504525908201,98,99,56,7
1.3906038698246059,100,100,50,6
3.5230332576264409,96,97,43,7
5.2141612275362368,96,96,47,5
5.9983306858668675,100,100,62,2
6.0337545878626582,98,99,53,0
3.4697296128450934,98,99,52,3
5.5227730408911881,98,99,50,7
5.4614223081626632,98,99,56,7
1.3285113240973410,100,101,47,3
1.5527296104772110,94,95,47,6
5.3326210618897250,100,101,61,1
2.6715666303068377,100,100,46,6
5.1720895148699393,98,98,57,0
5.1487984964438791,100,100,53,7
5.9891697739127006,100,101,50,4
2.3595673504051211,98,99,58,3
0.0305873136942588,98,98,49,6
5.1837560299694827,100,101,56,6
1.3781506526097864,98,99,55,2
2.8551165405966641,96,97,50,2
3.7748503348542872,96,97,50,6
1.9272408774620065,98,99,58,5
1.8673315704314688,100,101,51,7
4.8293537097932075,100,101,55,1
1.1299538766200170,98,99,51,0
1.9532947125976541,96,97,40,0
1.9126060740216371,98,99,52,7
1.4167220472921387,98,99,52,1
4.3006864095186907,100,101,52,2
4.1755639520052199,98,99,55,2
4.1035160905139101,100,101,48,6
4.5470494775404910,98,99,51,6
3.6494596618790762,100,101,59,7
0.8665195184774123,94,95,47,2
2.3145952514051604,98,99,48,3
0.8814410555375763,98,99,52,3
1.0635676327778447,100,101,54,4
0.2471053069276901,100,101,51,3
5.9402927280486519,98,99,56,7
2.3343911110803619,92,93,49,3
0.3305571881158826,100,101,47,1
3.6536241370065445,100,101,44,4
2.9326255242459589,98,99,46,5
2.4899946432237905,100,101,59,7
2.6778997980181098,100,100,49,1
5.9140309956804646,96,97,53,3
4.6367080589591492,100,100,61,5
2.9572364491594327,94,95,52,1
5.1594016478950255,98,98,58,3
0.8565041233212117,98,99,52,3
0.5202737900327005,94,95,55,4
0.9265920571771316,96,97,54,0
2.7582680767509271,100,101,48,2
5.2679064991644440,100,100,44,0
2.6384542862209561,98,99,52,5
3.7148864848452288,96,96,55,7
0.2976823765762964,98,99,45,6
4.8977442896689984,98,98,52,1
0.5250108040318233,98,99,43,4
0.0597407911277350,100,100,54,4
5.6588145330364776,98,98,51,6
3.1223583312230194,94,95,62,7
5.5994918979230262,100,101,54,6
4.6669862429129081,96,97,53,1
4.5515395923558613,98,98,43,6
0.8290479259670287,102,103,51,4
5.9988426539868316,102,103,50,1
3.2695093307998953,100,100,47,1
3.5755146290496445,96,97,51,1
6.0935018010160746,98,99,57,4
3.2102683806553021,98,98,46,7
0.5314815016097784,98,99,48,7
0.9077074581390264,100,100,54,4
4.2214031269845389,100,101,47,1
5.1249310328516815,98,98,48,3
4.7843924714898716,96,97,50,2
3.2181399584015105,100,100,53,1
2.1493482958445873,100,100,53,7
1.5417689076848782,100,101,49,1
3.0337256173617457,100,101,48,6
5.9817411008858770,94,95,58,1
2.2011548068554703,98,98,47,2
3.5623337959343941,96,96,50,2
5.9942278660527926,94,94,53,2
2.8815306106678196,98,99,53,4
4.4834559612968459,98,98,48,7
5.3253454627775714,98,99,41,6
3.7268879629631515,98,99,51,2
1.2131356071737811,98,98,57,6
4.8708001192182611,96,97,52,4
0.3860556918445234,94,94,44,5
0.7244727068798353,98,98,54,3
0.3782656449196406,100,101,42,4
2.2119192951559508,102,103,47,4
3.0688481828755467,98,99,54,3
3.8604608863496686,100,101,54,4
2.7732256894931533,96,97,51,3
5.3159665311038786,100,100,54,6
4.5154113443350505,100,100,49,7
5.4640272890228863,100,101,50,4
3.3420758267066155,100,101,52,4
1.2955719057744479,98,99,58,5
0.0107401561174336,96,96,58,2
0.9509196712035269,96,97,53,1
5.4402839216477412,100,100,53,1
4.0836152623347539,98,99,41,0
5.6109714395805774,100,101,46,0
3.9207356997877771,98,99,41,4
5.4122295785208765,102,102,48,3
3.4876818234523785,92,93,59,7
5.0531085201468535,98,98,62,1
5.6582889448428721,98,99,56,3
1.3445347305956703,100,100,48,0
1.2493845867517308,100,101,53,7
2.3123373501944395,98,99,49,4
0.3322142391308968,98,99,53,4
4.8897529191524436,96,96,47,3
3.0565018503146080,100,101,49,3
5.1116900840341684,100,101,58,2
1.0428493614833436,100,101,42,0
1.2441970719169648,92,93,53,7
4.3153801789558992,100,100,55,7
1.7891299173330166,100,101,57,7
1.2011580264463593,98,99,56,5
0.7393967978240660,98,99,45,4
0.9239353074770733,100,101,47,7
4.8419789305321750,96,97,45,1
4.9323786616798397,96,97,52,6
0.7225364776694785,100,100,48,2
2.5157059376096407,98,99,53,4
3.8853140232842676,100,101,55,7
4.0837155196238610,100,101,57,5
0.4612557830645843,96,96,53,3
3.7937469748017714,94,94,49,4
4.3094928665233931,98,98,53,0
5.1656511135684875,98,99,46,7
1.0781972627688294,98,99,42,7
1.3187819862195256,100,100,50,2
4.8994541449442668,98,99,52,5
0.4863491850244954,98,99,52,1
1.5394096538015041,100,101,53,3
6.0578686628288949,98,98,54,1
3.8447129108884273,98,99,44,5
3.4289431971365496,100,101,60,6
2.9947338331723921,100,101,55,1
5.3028614115298947,94,95,46,5
2.9351393880958612,94,95,45,4
0.7857515827523084,98,98,44,1
0.2275806633452829,98,99,54,5
0.4329541527977118,98,98,44,3
5.9442241224181318,100,101,58,0
0.5994008955567696,98,99,54,7
2.5226731271161791,100,100,56,2
2.6492733844527554,100,101,53,5
1.5319285544661836,96,97,47,7
6.1669631942310579,100,101,44,2
6.2034928297689156,100,101,50,2
5.2687514643108670,98,99,53,2
5.6321287924209091,100,101,59,7
2.2744216457454542,102,103,53,0
3.9612039417010552,100,100,45,3
4.1019553211176625,98,99,48,1
3.4130848018780209,96,97,39,3
5.6561875000360393,98,99,54,7
0.6385102206252921,102,103,47,0
1.0186003626759621,98,99,50,5
5.0460265639714708,100,101,48,0
2.3900249932312243,96,97,53,3
4.0958824685971074,98,98,52,3
3.4058499368093802,100,101,52,0
2.6413182911803914,100,101,49,5
4.4759667143064492,98,98,50,3
5.7628034603212681,94,95,51,4
0.7008695940490837,96,97,43,3
1.7717115439940518,98,99,54,3
3.4830873076202651,100,101,53,7
0.4142878640366816,98,98,59,2
2.3906589037793564,96,97,47,1
0.4478481626894815,96,96,51,1
4.3168053448835728,98,99,50,1
3.4677146746730472,98,99,52,1
5.6544940097754353,98,99,44,3
1.4640685122949231,98,99,48,7
2.0413409919279917,100,101,62,4
1.6647753260934364,98,99,49,4
6.0729055350373393,98,99,44,5
0.3666097088283244,100,101,40,2
2.4718073715966731,100,101,52,0
5.9708461369823587,100,101,57,1
0.5945989016942036,100,100,47,5
6.2323025079176304,96,97,46,6
0.7016594368252282,100,100,58,4
3.7358171062468251,96,97,52,6
5.1530126624796928,100,101,50,6
5.1491371983992211,98,98,55,0
4.2554185370044388,96,96,44,6
3.9433365275639711,96,97,50,2
2.1874383681482383,98,99,52,3
4.6455419656120993,98,99,49,6
1.5235841487496560,100,101,52,6
4.0475687068314938,100,101,54,6
2.1196843953780613,100,101,49,5
1.2059142186677660,98,98,44,3
3.3643524331574550,96,97,50,6
0.6927867300442798,100,100,51,1
2.2283662808597682,96,96,56,4
4.9219722071079666,98,98,44,5
1.8095071796217188,100,101,45,5
4.3138996557195322,100,100,49,5
0.3042876321186089,100,101,56,2
1.9419075851532488,94,94,44,5
1.2168950704796710,98,98,53,4
3.6501234629310768,100,100,49,1
0.5973362188896006,98,99,46,5
5.9307295939021980,98,99,56,5
5.1312443779721839,98,99,60,7
1.5302404484756629,98,98,47,6
1.9581177070221416,100,101,55,7
2.7555019731779136,100,101,51,3
0.2101443217905916,100,100,56,4
3.1479727227136176,98,99,50,5
2.5338601943205457,98,98,44,7
2.6404130278627518,100,101,53,5
5.9206082768013921,98,98,58,5
1.3315194718994376,100,101,57,7
1.3229949681660942,98,99,47,6
4.9883218038289954,100,100,46,0
2.0267387506064467,98,99,47,0
4.1909302322031872,98,98,51,4
2.5536348817716146,98,98,49,2
5.8748829034312298,98,99,52,3
1.9403433614813672,96,96,46,4
4.9517661651590208,98,99,44,1
0.5904489481230700,100,101,55,3
0.2622706764744637,100,100,55,1
1.7704056565480859,100,101,56,2
2.7055769287608635,98,98,51,6
2.4594414064208263,98,99,47,4
3.9061626898910471,100,100,55,3
4.1051268066345550,98,99,52,5
5.5493789781378586,94,95,42,5
3.2282823991148843,100,100,54,4
0.4811736413236200,100,101,48,4
0.6451132466411325,96,97,39,1
6.2703562462638951,98,99,60,1
4.9278974138824259,98,99,46,1
3.2735149601451097,98,98,54,5
0.2943346771481128,100,101,45,7
2.7602691263153609,98,99,51,2
4.8421583220316178,100,101,62,2
0.2747524757908754,96,96,51,7
4.9164563504228154,100,100,45,5
3.0983994385297557,100,101,52,4
6.0244708309242272,96,97,39,7
5.2053959573484176,98,99,49,4
3.2237653504626684,94,95,48,5
2.0759825780184884,100,101,49,5
1.6148316112820051,98,98,50,3
0.3361564026669938,100,101,49,3
1.3141449611547211,100,100,49,5
0.7838260774556999,100,101,52,4
2.4158913343921835,98,99,41,0
0.3388826698222826,96,97,50,4
1.0407219318061585,98,99,50,7
3.7648378164429861,98,99,39,4
4.9417345717464194,94,95,47,2
3.4833831001906050,100,101,60,2
0.3940382884184064,98,99,51,6
3.1365749864660080,94,94,34,7
0.5345759580171470,98,98,49,6
1.0295577743052240,100,100,47,7
5.0688824277260869,98,99,56,3
0.5183055120756345,98,98,43,0
5.4263430466832325,92,93,40,0
2.6348763804204576,94,95,53,0
4.1857664432470445,98,98,52,1
2.4016772794261771,98,99,49,0
5.9161474326592707,96,97,48,0
2.6863181698116056,100,101,53,5
4.3959518386106762,100,101,61,5
5.3271055110396288,98,99,63,2
3.0751747383772519,96,96,49,1
5.7277913519065624,102,102,52,3
1.4466272679329195,96,97,43,5
0.6453852823856772,98,99,59,2
2.0296834835807003,94,95,51,6
2.5855201916468458,98,99,42,5
5.2595313420437222,94,95,49,6
0.8835323421020858,98,98,53,0
1.2764839096580336,100,101,46,6
2.0179379339306545,98,99,46,3
5.0730362075926703,100,100,52,0
0.5756271975655763,96,97,55,7
5.5656994236183186,96,97,47,7
6.0011290960174772,98,99,50,5
3.3375565320040015,98,98,56,7
4.7953112808999396,94,95,45,6
5.5634557329983725,98,99,44,1
2.8606745720903803,98,99,56,1
5.3068493517457211,98,99,45,6
3.6597429688998000,100,101,55,1
2.3917239750032477,98,99,60,3
2.2152429275587178,100,101,54,2
1.1102174363482380,96,97,51,7
3.8916480063878991,92,93,44,4
4.4181771182611573,98,99,59,2
2.6427014562020927,98,99,57,4
4.6195424168923171,98,99,53,0
3.8809319701178966,96,97,53,5
2.1548311952222954,96,96,52,2
4.1965595251925416,92,93,55,1
5.5096401911673363,96,96,53,5
1.6889048218552378,100,101,52,4
5.4056115013475319,100,101,60,0
3.6041753116741475,98,99,44,1
4.9836368849943424,100,100,46,4
3.8147886158243072,100,100,45,5
4.6661471417572873,98,98,47,0
5.3327874709235408,98,99,59,4
2.3826047996286168,100,101,53,1
1.3143977124610264,96,96,49,1
1.5089901658812666,96,96,49,1
3.3452529231374113,100,101,53,1
5.2724115418392818,98,99,50,3
4.5934374794806683,98,98,49,0
4.0847396537122558,100,101,52,2
1.0840684962596157,98,98,55,0
0.9306564156618252,100,101,54,2
0.4706673477594452,100,101,52,6
2.0742631265661249,98,99,52,5
4.5765055247793658,102,103,52,5
6.1006683799977299,94,94,45,2
1.7105837529440797,98,99,56,7
4.6800944325169063,98,99,48,3
0.8259675720562472,100,101,54,6
1.5889116640001921,98,98,53,4
6.1764158531575095,94,95,47,6
2.0539950684602784,96,96,54,6
0.1570374621312410,100,101,52,4
3.1046289945171130,98,98,46,1
1.5970011053007733,98,99,46,1
5.1188668620276063,96,97,50,0
3.6865930942066933,98,99,49,6
5.2061992453792936,96,97,56,2
6.2311673232214861,98,98,51,4
2.3400414673318970,100,100,46,0
5.5049866980179170,98,99,56,3
0.5046474307816783,102,103,54,7
4.7395660580002801,108,109,59,7
0.7012164406405043,96,97,41,5
1.9183487581630256,96,97,57,3
0.7095190047033213,98,99,49,6
3.2900046016590156,96,97,39,1
2.4503680395203360,100,101,59,3
5.4808811777061361,98,98,46,1
3.4410975971178415,100,101,46,2
5.1510141541308077,98,99,51,4
3.5897673586712697,100,100,47,7
5.7878495463560835,100,101,50,4
4.2162168844439556,100,101,62,2
1.7206390841508852,94,95,44,7
1.6856358616431399,98,99,53,0
1.3641163357802617,100,100,50,0
2.5865163765092967,98,99,62,5
1.0965712849436551,98,98,47,4
5.7063652769050188,100,101,46,2
4.2250552208992760,98,99,49,4
0.4670580723166492,98,98,64,5
3.0483765227207682,100,101,56,4
4.9274774374016479,100,100,52,6
1.6685349616531922,100,101,52,0
1.3176052214414005,98,99,52,5
5.6144671920712348,100,101,57,7
3.6743001024154944,98,98,56,7
1.8130920405620410,98,98,49,2
5.7833694360898713,96,97,51,3
0.7079362613899316,94,95,51,6
6.1250135913960477,100,101,53,1
3.9673442284879772,98,98,48,3
0.3549365575597582,100,100,58,4
5.0988804697916850,100,100,58,4
4.6645174019251394,100,101,61,5
4.9493890119915482,96,96,48,4
2.5433174768069104,96,97,49,3
1.3548785759927038,100,101,52,0
3.7510422277515816,100,101,51,3
5.9786299085963188,94,94,44,7
1.2979192558437760,100,101,44,4
2.7577500068831902,98,99,47,6
5.7584346098011689,100,101,44,4
1.5767145159469538,98,99,48,5
4.8684147913197391,98,99,50,1
2.4270239600994308,98,98,56,7
1.3612749691395054,100,100,46,6
5.2755727153387335,100,100,47,3
3.1806659661666714,100,101,50,6
4.0709463195517133,98,98,56,1
4.3116163486141792,100,100,51,7
4.5422654689940387,98,98,50,3
4.4088059424154062,98,99,55,4
1.5195892787287431,100,101,53,7
2.7139428056946562,98,98,49,2
4.4114140869717096,98,99,56,1
2.0285297617326075,100,101,60,2
2.0273609712259741,98,99,49,4
2.8189533225594054,98,98,55,0
1.6828794723517295,100,100,48,0
1.8642789620539979,98,99,55,0
3.1368324599093595,98,99,53,0
2.0020987940679391,100,101,58,6
0.6813920991577976,100,101,48,0
5.7882331554138293,94,95,52,1
4.3025309544734522,96,96,48,2
6.2317382131691650,100,101,53,7
3.5411031802139292,98,99,42,5
4.5170494065836939,100,101,57,5
0.2090149859094731,100,100,48,6
4.2870118322919311,98,98,50,1
1.4749317140346268,92,92,45,5
5.1654257373586923,98,99,52,7
1.9425722505302871,94,94,45,0
5.1638731666459528,94,94,49,2
4.1161430730479749,98,98,62,5
4.1569097592726241,98,99,44,7
2.0429724619311633,96,96,52,4
1.4525086844583552,94,95,45,6
1.7387751603540911,94,95,42,3
4.0110408218303535,100,101,44,0
0.7989666167119988,100,101,47,5
0.5089245735180578,96,97,52,4
1.5016038033198917,94,94,44,5
4.0703073586437535,98,99,45,0
3.4331741097625907,98,99,51,2
1.3409150560098471,98,99,49,4
4.0064513766668846,98,98,54,1
0.0027341420624530,100,101,58,0
5.8516557008828931,100,101,56,4
3.0674907185892337,96,97,51,5
4.6878188334453856,100,101,50,2
6.0890959676976566,98,98,57,6
1.8363220174060111,98,99,51,0
2.0883277125696611,100,100,46,6
4.3989469632925067,100,100,53,5
2.4605757772564680,98,99,55,0
2.4042794474970957,98,98,46,3
4.5961388689880263,100,100,55,3
2.0122583836333039,96,97,46,2
2.3921294326137450,96,97,51,5
5.3923988289737013,100,100,54,0
3.6773707472111821,98,98,50,7
2.5637373944352526,98,98,60,5
3.8752474404782786,98,98,52,1
1.4049323809919503,102,103,64,3
5.6285881934842159,98,98,44,7
5.6883174181053260,98,99,62,5
0.9852814952764930,98,99,52,5
1.5932134447376360,96,96,52,6
4.9589814065433249,98,98,52,3
1.7249059552687067,96,97,52,4
1.9519131036583932,100,101,41,7
4.7000432797842153,100,100,38,2
5.6749566051215545,98,98,53,2
2.3633702450404281,100,101,49,7
4.4596094222235356,98,99,42,3
3.5213363823245065,100,101,56,2
4.0323513718720463,100,100,56,2
5.4619358287060154,98,99,45,4
0.7238971784414944,98,99,59,4
5.9070552596850616,98,99,48,7
0.5182801334220078,98,98,55,6
2.7650318404991876,96,97,48,4
4.3180745696937990,96,97,52,6
6.2340597294965452,98,99,45,2
1.4302761712162300,96,97,46,2
0.0100477648730992,96,96,49,3
5.6954306653659543,98,98,52,3
3.7687076508922570,100,100,36,0
3.0070512664443929,96,96,48,0
6.1885869194685945,98,98,58,3
2.7923565247265900,100,100,59,3
4.0439277988578537,98,99,46,1
3.7208938971499639,100,101,49,5
5.7431866804031309,96,97,48,0
0.7833826432308213,96,97,57,3
1.0817479396653948,98,98,52,5
1.5057271978664484,94,95,43,2
0.9218901845109807,98,98,43,6
3.3374521699301019,98,99,49,2
1.5659029277107899,100,101,49,1
2.0800159831547820,98,98,43,2
5.0934234097468423,98,99,56,1
3.3292479378504689,100,101,56,2
1.9862607724127688,100,100,58,0
6.2798826771018170,98,99,60,1
0.7002454948793869,98,99,45,6
4.5358906788582738,98,98,52,7
0.6551289720094136,100,101,49,5
3.0059926521738509,98,99,50,5
5.7476210330799553,96,97,52,6
0.9588235696931658,98,99,47,2
1.5129932611642196,98,98,47,6
3.9021017320513360,94,94,40,3
0.5028548427555166,96,97,49,7
5.9711793729839098,100,101,46,4
4.6671062704367987,96,97,50,2
2.4515850907329044,100,101,51,3
0.1739649197135193,94,95,54,5
3.7056110982147263,98,99,54,3
6.0556360504458375,100,100,40,4
4.1550940805874834,98,98,57,6
5.7365956598293977,98,98,50,3
4.6467805207333770,98,99,43,4
4.7194221926372819,98,99,45,6
6.2235309831290406,100,101,49,3
3.6700579145710703,98,99,55,4
4.1444334269494973,96,97,39,5
3.0621085567768831,100,101,54,2
1.1663246715318754,100,101,46,0
0.4715652665744470,100,101,60,4
5.3008038468240217,102,103,57,4
5.4218987500948259,96,97,48,6
4.7194341650247660,100,101,59,3
0.3384584885508546,100,101,58,4
6.1286735474437259,98,98,58,3
2.0109463008912734,98,99,57,6
1.7902819406140400,96,96,55,1
3.0208608005047299,96,97,40,0
4.9897846894309685,100,101,52,4
0.1490053788002546,98,99,42,1
0.0027926248867312,98,99,49,0
4.3879079175983442,98,99,38,7
1.9343357008774069,96,96,49,3
2.7594426847608786,100,101,60,4
2.8828045552222021,98,98,58,7
4.1668755271717783,98,99,49,0
3.3016556776853170,98,98,58,5
5.8343909502838516,100,101,47,5
3.2751618886926930,98,99,57,6
4.5332948132338613,100,100,47,5
4.0147353704385784,98,98,48,1
2.5355415605603131,94,95,47,6
1.5832542964524217,100,101,48,6
3.8330087819733687,96,97,46,2
0.6002111351567655,100,101,50,2
6.2352796371867347,98,99,45,4
6.2485054833319280,100,100,58,6
3.4988303049676426,98,98,43,2
4.1600251443807288,98,99,47,0
0.6174832133857130,98,99,52,3
4.9089345805681797,96,96,50,0
3.6488305833740275,94,95,51,4
3.0588624580464163,100,100,57,7
5.8349010419291591,102,102,48,5
5.5175913954662814,98,99,46,7
1.9649912533542224,100,101,58,2
1.7718630480657740,100,101,52,0
1.4959533024502794,98,98,55,6
2.1798135857171181,100,100,48,4
5.8687209965894374,94,95,42,5
0.7917963641355757,98,99,45,0
2.6200399002822730,98,99,49,4
1.8624397539593838,96,96,52,4
3.5887410889867088,98,99,55,4
1.9564635432813400,100,101,50,6
2.5243171360631220,100,101,56,0
4.7158245673831054,98,98,52,5
6.0710230779328977,102,103,61,4
1.7316311068676289,100,101,49,1
4.7781357057309295,100,101,50,4
0.9955588628068539,100,100,51,1
3.5819722274479573,98,99,52,1
2.6709225190809232,96,97,45,3
1.7296215150835503,98,98,52,7
3.2502625977826067,100,101,58,0
1.4816176801871141,90,90,45,6
0.7322975957214738,102,103,50,3
3.1927903626179850,100,101,48,0
6.1889142945639710,100,101,53,7
4.5452439328397016,100,100,52,4
0.9400180474452106,96,96,48,2
6.1029392991471871,100,101,57,1
5.4094533038441481,100,101,60,4
3.9869295982362756,100,100,49,3
0.3018751106710308,100,101,54,6
5.5350035815442062,96,96,46,0
2.8806586343852119,96,97,45,5
2.1573666409600336,98,98,62,3
3.6963702102039671,100,101,54,6
1.1660261759684660,100,100,45,3
0.9470097258769260,100,101,49,1
3.5146455337277493,98,98,57,6
2.8259126380036914,98,99,46,1
2.8673273987730732,100,101,52,6
0.9536771701517158,96,97,52,0
6.0358897247307111,96,97,49,3
2.4725876544291707,98,98,55,6
2.1653753333618364,98,99,46,7
4.8443646019832984,96,96,47,5
6.0965612922250116,94,95,53,2
4.2512305373227024,98,99,55,4
4.9072097046066636,100,101,56,0
5.6898156322436098,100,101,46,6
4.8763299969483631,98,99,44,7
0.2404409977891791,96,97,50,2
1.0617925712309053,98,99,57,0
5.7117138975120616,100,100,44,0
3.2354773580741463,98,99,56,5
2.5602586685343027,96,97,53,5
3.8877235633340503,98,99,58,1
4.2794980956861828,100,101,56,6
0.4755754266704100,100,101,44,6
0.3944480179243677,100,101,53,7
1.4029401339282779,92,93,47,5
1.0042855812235463,98,99,57,4
1.3506355481341552,94,94,48,1
3.0913147587640668,98,99,64,5
2.0922054139096238,98,99,56,3
1.4595842001594854,98,98,49,2
5.5723451605860914,98,98,57,2
1.2308011305691133,86,87,47,2
0.6260740698550827,94,94,50,7
2.3836770790903219,100,100,53,1
2.0745495170811283,98,99,51,6
2.5150125731333017,100,101,54,0
5.0477358221963380,98,99,51,0
1.7747481588554634,96,96,53,1
4.4251269041326200,100,101,50,6
6.1642415860141062,96,97,56,4
2.3317898155347572,96,96,50,6
0.0655759212741445,98,99,52,5
1.3591949446408438,100,101,51,5
3.9571921661064051,98,99,57,0
1.4642939326688751,100,101,54,4
3.2514935236766136,98,98,47,2
5.1836676677645732,100,100,62,0
4.9027793315998771,98,99,50,5
3.4846149905408921,96,96,50,4
3.4116953611538916,102,102,55,2
1.2271119078276060,94,95,56,3
1.9477384655459831,96,97,50,6
5.7430635221689164,100,101,56,4
0.7382379004159243,96,96,44,4
5.8832868163668364,100,101,59,5
0.7860668962676480,100,101,52,6
3.4535861646179575,94,95,51,6
5.7665921743567363,94,95,54,7
5.5546835619230146,100,101,56,6
2.4397867799410062,98,98,52,7
5.4671793070633461,96,97,43,3
5.2105561934762017,98,99,53,2
0.2608638851155899,96,97,52,6
4.1692365864394745,94,95,62,3
4.7462823032566579,98,98,49,4
0.2550966356722025,100,100,55,3
0.4816387674167109,98,99,48,7
0.4639600358387290,98,99,48,3
5.7622366605558781,98,99,42,3
4.9948005784354574,98,98,46,5
1.8887698664340566,98,99,58,7
4.7272822817919424,96,96,39,3
4.9398883317244175,98,99,51,6
3.3984396535323205,100,101,49,7
6.0672744903482227,96,96,46,0
1.1285753151977742,100,101,47,3
2.4250537853876688,96,96,45,7
1.7135839433659834,96,97,45,1
1.2157820129865262,100,101,48,2
4.0281778705290279,98,99,52,3
5.2060196935627987,100,101,60,2
2.0624909336259072,98,99,49,6
1.0531919395436462,98,99,59,0
5.8240749436504764,100,101,47,1
3.6663914751016087,100,101,54,0
3.8219354516336512,96,97,48,6
1.0777061338820446,98,98,48,7
5.6131976328777533,98,99,50,5
1.0651677152280374,100,101,55,1
0.9469056776072938,94,95,57,2
3.4029956212584462,100,100,57,7
4.7303158010274702,98,99,53,4
2.5626861812081851,96,97,52,0
3.5374522246670521,98,98,49,6
5.4485602409970033,100,101,59,5
6.1878401431830783,98,98,66,3
4.3240009377588420,100,101,61,7
1.3663409475649526,98,99,48,5
4.8364172302199027,100,101,50,0
0.3961443941344779,98,99,53,2
5.1913474947390910,96,97,58,4
6.2381038340061972,100,101,60,0
1.3235383407123618,100,101,43,1
0.7722621081489417,102,103,50,5
4.0362864678475452,98,99,48,5
0.5333058576116807,98,99,42,3
4.1151781310847806,98,99,54,7
5.7766061708261933,100,100,52,0
1.2544168427140605,98,98,48,5
4.3078221473438187,100,101,53,7
1.2485832077516348,96,96,51,5
5.1093069232388144,100,100,55,7
6.1110653374886885,98,99,48,1
4.1436402686577285,96,96,49,3
1.0092976732286154,100,101,59,1
4.2507427909398405,100,101,47,1
1.3683931058937042,100,100,56,6
2.8688000675132064,94,95,52,5
0.0960617218602477,100,100,61,1
4.4928012902378303,100,100,55,1
3.3092249203953288,100,100,56,4
0.9731856885171897,98,99,49,0
3.0606182719454349,98,99,43,4
2.7412683803630391,100,100,38,0
5.7193955180405291,98,99,52,5
2.2471324223561107,98,99,48,3
0.8171282612099595,98,99,51,4
4.7990806989348291,98,99,53,4
0.8491916610907435,98,99,42,1
3.3460819173514582,100,101,45,7
4.4821338140968781,98,99,57,4
2.6697711629972352,98,99,47,0
2.7683743337973317,100,100,53,3
1.9237500058575538,100,101,52,4
2.6185695088256482,98,99,59,6
5.1595556829636902,98,98,49,6
2.0604341637664678,98,99,53,0
4.1310719067081063,98,98,47,6
2.4833622862609621,98,98,53,4
1.3730054548962636,96,97,47,5
5.7973761420611698,100,101,43,7
1.2037090922029974,98,99,48,3
6.1157974520917371,96,97,57,1
3.7892860625286731,98,99,49,2
0.2682195369427219,98,99,52,1
0.2092320915397101,100,100,47,7
1.4889314303456258,102,102,58,7
1.5380906131435952,96,97,43,1
4.8122551257379884,98,99,50,7
3.7275796602312772,100,100,42,4
3.3730069073193691,100,100,46,6
1.1714263756064207,98,99,49,0
2.4370017248994786,100,100,48,0
5.7754499132862849,98,98,49,2
1.9088666992432524,98,99,53,4
0.9890014733763962,98,99,54,7
0.4214594769995330,100,101,54,6
2.4019177095938553,100,101,59,5
2.0902686415480183,100,100,47,1
5.4064514844613250,96,97,49,1
0.8327627960504042,100,100,47,1
4.1537950250874189,98,99,48,3
2.4205710017079363,96,97,48,4
1.6131596733781965,98,98,48,5
3.8633198682526277,98,99,50,1
1.7670931244012640,98,99,63,0
3.9353014984687174,98,99,47,2
6.1249293456868870,98,99,56,1
0.9737452293526471,98,99,52,5
0.7661344122832264,98,98,54,5
0.2490210652466809,100,101,49,3
1.6098041383867385,98,99,52,3
1.8842862166340888,100,101,51,3
4.9667097549544161,102,103,47,2
5.9174208999200220,100,101,61,5
0.9367724488728219,98,99,45,6
4.6488659147567626,100,101,55,5
2.4190312513247565,100,101,47,7
3.6394864504843158,98,98,39,2
3.4361434167598608,100,101,51,5
0.4433917278831719,100,101,46,0
5.9399769702190213,100,101,46,2
1.4930334739129707,94,94,48,7
0.0796569574336330,100,101,53,3
1.4889064004963690,96,97,46,6
1.7195641248646438,100,101,56,4
3.3410000059002054,98,98,57,0
2.1238861952093848,98,98,57,2
4.2351520267673139,100,100,48,6
4.9317755549298745,98,99,50,5
2.2610181439465440,96,97,54,2
5.1112728576565445,98,99,54,1
1.3359017318482966,98,98,39,0
0.7704854937948029,96,96,43,7
0.7684898551856914,100,100,54,4
3.5978032781159066,94,95,50,1
3.2530744231179454,100,100,50,0
1.2651886991493355,98,98,51,2
1.3747051917820996,94,95,45,0
1.1235511354716896,100,101,40,4
5.8108660961781320,96,96,56,2
5.4631761459326960,100,100,47,7
4.7081655339659250,100,101,56,2
0.6464704661098464,94,95,45,2
1.3133646542825987,98,99,48,7
1.7382023990667190,96,96,55,7
2.3045309831455416,100,101,52,0
6.2333577350795499,100,100,48,6
3.7118064516927838,96,97,56,4
4.9875667509417063,96,97,48,0
5.4277827132890328,100,101,52,6
3.5019361419675232,102,103,48,3
4.9399937161116805,100,101,58,0
2.9880321388721462,98,99,36,1
2.7915462172925025,98,99,52,1
6.2814925311534653,100,101,53,3
4.4449411218265427,96,96,45,7
5.8066437780219209,100,100,56,0
1.2779607351925717,98,99,52,1
3.1955258680801184,100,101,59,3
5.5385379292416514,100,100,59,7
5.6125707629589794,100,101,55,3
1.2504054801752424,98,99,50,7
5.7602898975147827,94,94,48,5
4.3500492350341089,98,99,48,7
1.8439221293364381,100,101,47,7
3.6712577258076906,100,100,52,4
6.1513350089394470,94,94,49,6
4.3488754294653162,100,100,49,1
0.5544874719166036,98,99,53,4
3.9341534888119081,98,99,52,3
5.3811823503523160,98,99,50,5
4.2540022420294612,96,97,52,4
2.7617724182400343,94,95,46,3
5.4881097472803910,92,93,50,6
0.8010174273326626,100,101,46,0
1.2650190021752572,94,95,47,0
1.5840424356904650,98,99,50,1
4.8799541022252741,100,101,60,6
5.6687236105747552,98,99,59,0
6.0280596403280340,98,98,41,6
5.1209386787756683,100,101,68,6
0.5695469042832347,100,100,54,2
2.3865489359954641,100,100,63,1
5.3123800685368563,96,97,49,5
4.2590571296004667,98,99,57,4
3.7835971595139157,100,101,52,6
1.6803328771469850,98,98,50,1
1.4418748898288904,100,101,56,2
2.3225292140092164,98,98,49,4
1.4839214099364151,98,99,44,1
1.4693208694664566,96,97,50,4
5.7100420322125460,100,100,52,4
2.7946418026050677,98,99,48,3
1.2797247044804108,96,96,53,3
2.6175602049336413,98,98,53,2
2.1285879694752050,100,100,50,0
0.2682850608417721,98,99,43,0
0.8177227009542953,100,101,51,1
1.6973396384757224,94,95,52,5
4.8108866701092330,100,101,44,2
5.2588268093186743,98,98,46,1
4.8628191431694230,104,105,51,1
6.1477541408395915,94,95,45,6
5.2245816487211236,98,98,49,4
0.6884622272437335,96,97,48,6
3.2491305180011461,94,94,50,3
1.1449257947750402,102,103,51,0
3.7839345670950579,98,99,42,1
2.3187550006578350,94,95,42,1
2.3123883144890556,98,99,56,3
2.8177551848652835,96,97,50,2
1.9234307321632831,100,101,61,1
2.2017387703233053,100,100,47,5
1.2129979045073722,94,94,47,4
0.1329231605839704,100,100,52,6
2.7356630290162638,98,99,49,4
3.1158487295685946,98,98,57,4
0.5986184506009106,100,101,52,2
5.8782677222634314,96,97,50,2
2.9611326147093138,98,99,56,7
0.8118448316013638,100,100,54,0
0.1836570741552338,98,99,48,7
5.8056926951529251,94,94,41,4
4.8578328574906298,98,99,50,7
4.6887125994442318,98,99,54,5
0.8975249178870469,92,93,48,2
3.4290714489309311,98,99,46,1
3.8622745608672737,98,98,59,2
1.2769336428729865,96,97,47,3
1.0537195496770249,98,99,48,3
3.0023966127476891,100,101,44,0
3.8220692041908091,98,99,40,1
4.2018314046036904,100,101,41,5
5.2753812084676408,100,100,47,7
4.3143895780429720,96,96,51,3
1.6855718034544540,100,100,44,4
4.1840632624447887,98,99,51,2
3.6360590088088367,96,96,47,1
2.7358859794604329,98,99,61,2
0.2219895095160534,100,101,51,3
5.3538937699081570,100,100,52,0
4.8782233077388666,98,99,49,4
3.5164515414906359,98,99,48,7
2.5622951552142772,98,99,51,2
5.2230974107079842,100,101,60,4
6.2138245866582711,100,100,63,3
0.2049922927324538,100,101,49,1
3.9786539559719594,100,100,54,4
0.0443047044969392,98,98,46,3
4.2671433456930181,100,100,53,5
3.0205277179750620,98,99,46,7
1.0172685781632953,100,101,52,4
5.2309661859742231,102,103,50,5
4.1736193759554130,100,101,43,1
3.1003832304863805,96,97,58,4
1.4439072051673072,100,101,42,4
1.1405655530808345,100,100,52,2
3.4753273961524385,102,103,57,4
2.9227384304136375,98,99,54,7
4.7401714389267875,98,99,54,5
1.8545793986406816,100,101,58,6
5.6354772504357600,98,98,56,5
5.9317118531613593,96,97,43,5
3.2565449333885503,100,101,48,2
4.9788012627438603,102,103,52,7
4.5916827247432970,98,99,54,7
5.8284612451914368,98,99,57,6
5.0648376323878557,96,97,45,7
4.0510906168739789,96,97,51,3
5.6119179860015445,96,97,45,1
5.9743715897843419,98,99,53,4
4.6695094289419536,98,99,58,3
0.0699918272754964,98,99,53,2
4.2852540867440956,100,101,53,3
1.7489800125225545,98,99,46,1
4.6247245700318551,100,101,46,6
5.0011892216258973,100,101,51,5
4.4941069905499234,100,101,48,0
2.7773404521884810,96,96,49,1
3.0143928265169206,98,99,46,5
1.3933460305856060,100,101,54,6
0.8593124038918339,96,96,49,5
1.1141247654886892,96,96,45,3
3.4156253283830553,100,101,51,7
3.3467494585884676,98,99,57,6
0.5104715979571496,96,97,47,3
2.3752806134861588,96,97,50,0
1.6883426915538440,96,97,56,0
0.6573910119567705,98,99,44,5
4.9802442516211514,98,99,49,0
5.8391873963258938,96,96,56,4
2.3566778989898953,96,97,45,3
4.2979645915813940,98,98,49,6
5.4878724319059620,96,97,57,5
1.1721647877628594,100,100,51,3
2.9094394820815621,96,97,49,3
3.8366204020918859,98,98,42,5
0.6960848649692198,96,97,47,7
4.6577684621440589,100,100,50,0
1.6084242662727086,100,100,54,0
3.4031826714580284,98,99,46,3
2.5873992470923182,98,98,56,5
3.7411441686188507,98,99,51,6
2.6174042066893244,96,97,45,1
0.6436988443202434,100,100,51,1
0.2502663338712358,96,97,52,0
2.0894177810570240,100,101,57,5
1.1737682603808421,100,100,58,6
0.1465934619347194,100,100,57,5
2.3315894121497416,98,99,56,7
6.1136094918827295,96,97,48,2
0.2404900618472391,100,100,51,1
4.7389395548264055,98,99,50,7
0.9220133643525712,100,100,45,1
4.6422123775912612,98,99,45,6
3.6535122788513603,98,99,52,1
1.4790919655880914,100,100,58,4
4.5395935972603469,98,99,46,5
2.6280378017900503,100,101,52,2
0.8018621823524186,100,101,50,4
1.8778024026608791,98,99,49,4
4.3285096405856107,96,96,52,0
6.0453332906856101,100,101,64,2
5.3823344183800321,98,98,58,5
0.2551393800842776,100,101,66,6
5.1781419530475086,98,99,46,7
4.8855082843866571,96,97,41,1
5.7977438549175648,100,100,56,0
5.9945110564672781,100,100,56,2
6.1326229189714425,100,101,58,6
0.4076662728966706,96,97,46,6
1.9106099236921974,98,99,49,6
6.1991045131198508,100,100,63,5
2.7741230696599368,100,101,49,1
3.4616786504208603,96,97,52,6
5.6200723776799624,100,100,43,5
4.9065987139216762,100,100,57,5
3.8895026405396611,98,99,52,7
5.1421220735899213,100,101,44,6
5.4392039160359804,100,101,50,6
1.9746248389962324,100,101,47,7
3.4167002618830336,98,99,51,6
0.7635628519885231,98,98,59,4
1.9470184086190221,100,101,51,1
5.0077694078787980,98,99,49,6
0.0282870657562345,96,96,52,6
3.7217284029355331,100,100,54,4
5.3639553648496960,96,97,51,3
2.4208735687347169,98,99,48,1
4.8327370784385160,100,101,51,7
0.3035699618816051,98,99,56,1
2.2106460774303400,98,98,51,2
2.6243124362808445,92,92,47,3
3.9514135380499265,96,96,51,1
3.0402114233001964,98,99,48,5
4.6835084170920585,96,97,54,2
5.4103154239832829,98,99,59,2
2.1802970992032908,100,101,53,1
1.5640469840722777,100,101,57,5
2.4658462136470143,100,100,58,4
2.2954962508696335,98,99,46,5
0.1223436467176663,98,98,45,0
5.0806706137610691,98,99,48,5
5.5730185288847300,100,100,48,6
2.8666962910637634,100,101,43,7
0.0681873329831133,96,96,42,0
2.1842266578527756,100,101,48,4
2.6009192471360452,98,99,58,5
2.1172008470015733,98,98,56,1
2.4053342552838677,100,101,59,3
4.5208488491084102,98,99,58,1
1.9975634065899768,98,99,53,4
2.0757901555574443,98,99,44,7
0.3330878045495783,100,101,54,2
3.3272654608205561,100,101,51,5
0.5202105484607852,96,97,54,2
5.9677307836448925,100,101,55,1
2.3539281946011745,102,103,58,5
4.9417831348041457,102,103,55,2
4.9076198848584651,98,99,47,2
0.0396440015470254,100,100,55,3
1.0231451349623963,98,98,42,7
0.3121589477052300,100,101,51,5
3.9793327772868277,100,101,54,2
1.1750527710970746,98,98,59,6
6.0132774579407888,100,100,44,6
5.2787233308589085,100,101,55,3
3.9177606224766839,98,98,42,5
2.7768935218148587,98,99,59,4
4.1462237987198840,100,100,48,0
1.8733897739887322,100,100,51,7
3.1568775485436134,100,100,60,0
1.0956783772211089,96,96,52,6
5.5195054500066849,98,99,52,7
2.8410921667276314,98,99,48,1
0.1790123564011453,98,98,53,4
2.7889173886181169,98,99,51,0
3.5307770841133546,100,101,60,4
1.5297939183280762,98,98,54,7
1.7079643217993590,100,101,47,1
4.2562911286184546,100,101,49,1
0.5719703567003868,98,99,60,3
3.3224723368018503,96,97,48,4
4.7041589714317409,96,97,54,6
6.1814345349446143,98,99,48,1
2.3509798584787642,96,96,52,2
6.1146199832189208,98,98,36,1
3.8152306636342628,98,99,50,1
5.4350569803555411,98,99,54,5
1.6696066824655280,100,101,50,4
2.8469748982143783,100,100,57,7
1.2117185919818672,96,97,47,7
4.6850839349844202,96,97,45,1
0.6780399877036355,94,94,44,1
2.2641465424781324,100,101,49,1
4.5590780904808721,100,101,56,6
4.8208061565128322,98,99,48,7
0.0130340271967809,98,99,49,4
2.1431034008928376,98,98,53,2
1.5490341452051450,100,100,54,2
2.1383712855137658,100,100,51,1
5.1969617817397902,100,100,63,7
5.3252110789769063,98,99,54,7
3.8748900039702128,100,101,54,0
4.0556934234789930,100,101,58,6
0.9375749124198982,100,101,47,3
5.7198620863617915,100,101,52,4
2.3556043832241436,98,99,44,1
4.3503669962341096,100,100,57,1
1.6106918048201102,100,100,57,1
4.5753118010863378,92,93,45,3
5.7101447652381454,98,98,45,2
2.0238595806358246,98,99,49,4
0.5320664524589787,94,95,49,2
1.7081550683102107,98,99,41,6
2.0356431398357420,100,101,62,2
2.9627907684933588,98,99,54,1
5.3712041710455019,98,99,50,1
4.5279585159004601,98,99,49,2
2.9550421474007598,96,97,51,7
5.4045309655315750,98,98,44,3
0.3774792703062848,100,100,54,6
2.9056573248272834,100,100,49,7
0.7210884445242339,98,98,45,0
5.2328253325598011,94,95,42,3
5.2912447336335191,98,98,50,1
2.0095573597028542,98,99,53,0
2.5193394882103437,100,101,48,6
1.3335684726758108,96,97,53,1
5.7900369439212778,98,99,48,1
3.0002267920815222,98,99,56,3
3.2814015022058598,98,98,56,3
5.8144253956058201,96,97,40,4
3.8881952609540558,98,99,54,1
2.5497261895179779,98,99,56,3
0.5586041294531116,98,99,50,7
2.4635030446775148,98,99,46,1
4.8251611458550379,100,100,58,4
2.9039402424926628,94,95,42,3
3.0422948382242905,100,101,58,4
5.5239273560797404,100,100,50,0
4.1790786885233562,94,95,48,3
6.0322128534875992,100,100,52,2
3.0412676552466333,100,101,54,0
2.0002731062664698,102,103,55,4
1.5946969390664503,96,97,55,3
5.1902926210132696,96,97,44,2
2.4585862686223097,100,101,51,1
5.1763854885856899,100,100,56,6
2.3116206328996745,98,99,49,6
0.2731717878372067,100,100,58,2
1.2359506574892389,96,97,45,7
4.3010416623861643,98,98,53,0
1.0894548398236039,100,101,57,5
0.8473084609274136,96,96,46,4
1.7703610009746413,96,97,47,7
3.8209668779250263,98,98,47,2
0.1356434451942593,96,97,51,3
5.7349521869747546,98,99,57,2
4.7564156114722493,98,99,50,7
2.2603915470688909,96,97,49,1
3.4750713229055346,100,100,51,5
2.3083078276271474,100,100,60,6
5.1938854228209825,98,99,35,6
4.4174120435071949,98,99,46,3
1.9039908265181424,100,100,47,7
5.5685098456796700,98,99,44,3
1.3996733612123464,100,101,53,1
1.1373187466584214,98,98,59,4
4.9448036084994813,100,100,57,5
1.9246044516755896,98,99,54,7
4.6771980311759096,98,99,47,0
3.1496876491005117,98,99,45,0
6.2094959249301196,100,100,46,4
4.3801863237511629,98,98,58,3
4.6624693931837085,98,99,54,7
6.2639778936560528,98,99,52,3
4.0641262905763407,100,101,62,4
4.7500464845666457,96,97,45,1
4.5116285053410916,98,98,53,6
6.1034593964494190,100,101,44,0
6.2411392715800327,102,103,61,6
5.4842162589513892,98,99,42,7
6.0133961465962944,98,99,46,3
1.2865274236626749,96,96,48,4
0.0976489499981095,98,99,50,5
1.8162865077034103,100,101,61,1
5.2108525270230848,98,99,47,6
0.1118929723265662,98,99,50,7
5.5847521341386166,100,101,42,0
3.5325678860093666,100,100,65,3
4.0570050956802097,100,101,49,1
0.7320781801477038,96,96,51,1
0.8406582124821512,98,99,51,4
3.8616725678377559,98,99,56,5
2.3882331657309135,90,91,51,6
3.8598765744978834,96,96,40,0
2.9567244906044232,98,99,54,1
1.6140323983704026,98,98,42,3
1.4609089356244489,100,101,46,2
2.7169850182922177,98,98,56,7
1.5496837042255456,96,96,51,7
5.0814733841831616,98,98,46,5
1.8586926971631652,100,100,53,3
5.5318876964973693,94,95,54,3
3.5482050406065193,98,99,61,0
2.6319554222270138,98,99,49,4
2.5288391450052745,98,98,57,2
1.4670594640408681,98,99,49,6
4.3942417457275527,98,98,48,5
3.4322776371836490,94,95,55,4
5.5821781154541172,98,98,47,6
5.6485416461136584,100,101,50,2
1.3268675090804820,100,100,48,2
0.9949638470595890,98,98,56,3
0.9086902426490600,100,100,64,2
5.1874072575172789,100,101,53,7
4.6436032039464559,98,98,57,2
4.4591615446483424,100,101,59,5
2.3421484885575183,100,101,54,0
3.7916753615624597,98,98,53,0
0.9860950742996930,104,105,54,2
0.0145644371168037,100,101,57,1
0.6718820155175914,98,99,46,3
4.5499841447969338,100,101,50,0
2.7105091567176975,98,99,48,1
1.5857434394201930,100,101,46,6
1.7893224089649706,100,101,52,4
4.4254694225818678,96,97,51,1
2.4873576281125489,98,98,56,5
3.5074622896523846,98,98,50,3
6.0448482943902562,100,101,51,5
0.6988317548398884,98,99,53,4
5.1760961453740517,98,98,48,1
0.9779454068548330,100,101,50,4
2.7111572185334021,94,94,49,6
3.0166211807786181,102,103,45,0
5.5127476909477835,98,99,55,6
5.3349739359823927,98,98,62,5
4.0670329191924548,98,99,47,4
5.2195982258397828,96,97,50,2
1.5118158951393077,100,101,44,2
0.9800300984950084,98,99,52,5
0.3031831657179228,98,99,58,7
3.7931366269147215,96,96,49,1
1.1028080731719223,100,100,48,6
6.0665391133358879,100,101,53,3
5.7632868723839250,98,99,45,4
3.3406848387562236,102,103,54,7
2.7108225101583088,100,100,50,0
4.6629849276056232,100,101,54,0
1.2091463997053469,98,98,51,6
4.3559275593579283,98,98,56,1
2.9420854475352405,100,101,54,4
2.2885279198768411,100,101,57,1
0.4632700631325395,96,96,48,6
4.6653314429813690,98,99,49,0
5.4668232253169267,98,98,52,1
0.7579292551337574,100,100,46,6
1.4090420451290120,100,101,62,6
5.5552636280694889,98,98,57,2
1.4972847155478455,94,95,50,1
6.1214117906654453,98,98,45,6
2.7091703731819048,98,99,56,7
2.6315694669157574,98,98,44,7
5.7331107185589829,98,99,55,2
0.9629456051490324,96,97,43,1
4.9643677994870847,100,101,48,4
6.1015773817179824,98,99,65,4
3.9692299707885694,100,100,60,4
3.1449585820102870,98,98,54,1
6.0758382027859215,96,97,49,7
4.6671792677781445,96,97,43,3
3.3848690160507329,98,99,51,4
1.3552753829202329,98,99,49,4
4.5233890683239277,98,98,53,6
0.3127465579889621,100,100,47,5
1.9926569764561766,100,100,50,0
5.8832855551303913,98,98,49,0
3.7612888868913767,98,99,44,3
3.5096866184508522,98,99,54,1
4.6052750264746249,92,92,48,0
3.0966188410124529,96,96,44,0
0.4312497421183850,98,99,54,3
0.0667205751239109,98,98,42,1
5.5714775586453325,100,100,47,3
5.5691266860626971,94,95,55,2
1.4902893425167028,100,101,49,3
4.0743288796046953,98,99,51,4
3.1971983117409697,104,104,55,7
5.8196786091894532,96,96,57,5
4.9167613254260285,98,98,44,5
1.5675722094634268,100,100,51,3
5.1140363659596071,98,98,48,5
4.8099997700681225,100,101,45,1
3.2306066535591205,98,98,47,0
5.1489808348303328,96,97,52,2
2.2119024644749334,102,103,47,2
4.3794243838363442,98,98,40,1
5.9169721464647065,98,98,51,6
3.4483424603804416,96,97,40,2
2.2642449651084586,98,98,48,3
1.2859311366989075,98,99,64,3
0.1505976876123425,98,99,53,2
1.1961988415082410,96,97,46,4
4.7560816185643935,98,99,55,0
4.7960609806689529,96,97,49,5
4.8559301611951753,100,101,51,7
2.2141597290642694,98,98,47,2
1.4612425093024979,96,96,47,5
4.9369465276176925,100,100,54,4
3.1826834328048754,98,98,57,0
1.9072897972074254,96,97,45,3
0.5576446136302574,98,98,60,7
4.6146886360295349,98,98,61,2
4.4015326511289992,102,103,54,7
1.0004128690539922,98,98,53,0
0.3514672612350280,100,101,58,0
2.7590181048366880,98,98,57,4
3.4428324534509342,98,99,54,3
3.7115351201843225,98,99,57,2
3.1631023638181404,98,99,51,6
5.3693021888357899,100,101,52,4
3.6643467850277163,98,99,53,2
2.0332511823068136,100,100,60,2
3.3683758002898547,96,97,51,3
1.3132890043094012,98,98,51,4
0.1009579320769926,96,97,48,0
2.0936254506695544,98,99,50,7
5.2541014929443799,100,101,46,6
4.7238090956092176,100,101,54,6
4.6337758295360398,98,99,54,1
1.8706327325644434,100,100,61,3
5.6939344771920739,98,99,51,2
1.3711052301219671,98,98,56,5
2.6074457840984619,100,101,49,7
5.0840143880522453,96,96,48,6
4.1573867739246753,98,98,51,4
1.9784316774212571,98,99,53,2
5.4467421180358464,100,101,44,6
2.5664200266746868,96,96,49,3
6.1160569734594175,98,98,57,4
6.1915821229277226,100,101,49,7
5.6795039902260047,100,100,50,4
5.0873325726067806,100,101,58,6
4.7015110954148289,98,99,46,3
3.9393035587972673,102,102,56,7
0.4420111948252158,94,95,46,7
3.1284182410803858,100,101,49,1
4.1727263656785150,100,101,56,2
1.1403444280174584,96,96,48,2
0.2452918783871908,98,99,48,5
2.7484042965268918,98,99,54,7
1.6037448877205918,100,100,46,6
4.1934062088129007,98,99,55,4
3.6654419080323142,98,98,47,0
1.0747777703881891,98,99,57,6
4.3935785062360404,98,99,53,6
1.0920720853536057,100,101,53,3
2.8286166211558763,98,99,54,3
4.0274080609434160,98,98,60,3
0.0978558885271047,100,100,53,3
4.0348296751137633,100,101,50,2
1.0209366645451259,100,101,57,3
1.7636074815470604,100,100,47,1
3.4541339407487874,98,99,53,2
0.7548129752966976,100,101,53,3
2.6615602300936079,98,99,45,6
1.4412006838948010,96,97,55,1
1.4435902828972613,100,101,58,2
1.3547562243363911,98,98,46,1
0.6268998102794905,98,99,53,4
0.9792587554264020,98,98,46,3
0.0924024776088096,98,98,59,6
3.2979843682424055,98,98,52,3
3.5934231628351125,100,101,37,1
1.2491448835793115,98,98,54,5
5.7457141326572287,98,98,54,3
2.0579345689298951,98,99,46,3
5.5715018912541732,98,98,52,5
1.8327028790504298,100,100,51,5
4.9458703854931336,98,99,48,3
5.5887475897266148,98,99,48,3
2.4366831329789758,98,99,45,6
4.0595193666465228,98,99,50,7
5.4621658312212817,100,101,52,0
4.4597921182304541,100,101,53,5
2.9061154393277491,96,97,47,3
6.2302351412170012,100,100,45,1
4.1991612062428905,102,103,47,4
0.7348632243988671,96,97,54,6
5.6090215255022162,96,96,42,0
1.4073704677155618,100,101,57,3
3.8490470418436322,100,101,48,4
3.0143893391287189,100,101,43,7
5.5111009993793170,100,101,62,6
3.0175737890785412,100,101,64,2
2.7491884572319552,98,98,47,2
1.1888280377496669,98,99,55,6
4.7603724015506144,100,101,50,6
4.0383039279010617,98,99,54,5
6.0590912689732255,102,103,48,1
4.4548288506176998,100,100,50,6
2.7369738365901397,100,101,44,0
1.6612243612968858,96,97,44,4
6.1655756090184424,94,94,53,4
2.9482019747071382,102,102,53,2
1.3378521398129708,98,98,59,2
3.6531376662429125,98,99,51,0
2.5233650599805091,100,101,53,1
0.5594953948208220,98,98,49,6
6.0640836752879821,100,101,53,7
6.1724435787117979,100,101,53,1
2.9918421555836043,98,98,50,3
2.7952429122328093,96,97,40,6
2.2022632466228917,96,96,49,7
1.0513402257045441,96,97,57,1
1.1411891398387923,98,98,45,0
1.2518845003795462,100,101,48,6
2.0297937091735978,98,99,49,0
6.0132199503522443,98,99,51,0
5.2990127152853406,98,98,59,0
1.5181365090994003,100,100,51,3
5.8839843764053770,100,101,48,4
1.7037544427437674,96,97,45,5
0.5215067736435995,98,99,52,5
2.6561362664066910,100,101,56,6
2.9037834193856908,100,101,55,7
1.8132422472105798,98,99,53,4
1.2136902831645515,92,93,48,4
4.1123128391537307,100,101,51,5
1.4083149578266467,100,100,52,2
4.9232347423778284,100,101,51,7
3.4794918026899957,98,99,50,7
3.5205078675983179,98,98,54,5
3.9466125760261472,96,97,57,5
4.7510981503027008,98,98,60,1
5.4690153799959909,98,99,35,4
4.6340531515083052,98,98,54,5
1.6809602816008347,100,101,49,1
1.1492272362060725,100,100,53,3
4.5331743042962858,98,99,43,4
3.8292774584593650,98,99,50,5
1.3291784338330983,98,98,49,6
6.1896524297247346,100,101,51,3
4.8621353346464886,98,99,56,1
0.2038497900984716,98,99,45,6
3.4929556936048405,96,96,45,3
2.2668843600025745,100,100,58,0
0.2964731708512127,96,97,52,2
0.6811023944094290,96,96,52,6
0.5480358890186436,94,94,42,3
1.4386421593983576,100,100,51,5
0.8198841745123929,98,99,57,0
0.2740360281289618,98,99,45,4
1.2753463025156204,98,98,55,4
0.1954437104382195,98,99,47,2
1.0594164869831055,94,94,50,7
6.2012047423480565,94,94,50,7
2.5656619479513711,96,97,62,4
0.0065200101173314,102,103,58,3
5.0719419912559749,98,98,49,6
0.1378029368970737,100,101,52,4
5.1922511382813727,98,99,49,2
5.6566418975854384,94,95,50,3
4.7118977624156004,96,97,51,5
5.0459694141084359,100,101,58,0
2.0503471143518541,96,97,45,5
3.6123535510988427,100,100,51,5
0.6563007863467754,100,100,54,4
4.3387276955333016,98,99,57,0
1.7308891249995384,96,97,52,2
2.0486525213852342,98,99,59,0
2.0169793382745795,100,101,50,2
1.4454326724142061,100,100,56,6
3.1748672484028608,98,98,48,5
1.1995657961746544,98,99,48,3
0.9280409664784559,98,98,50,5
4.8629019579986634,98,99,62,7
1.4820774061228805,100,101,52,0
4.7265287231098210,100,101,43,1
4.8252011688576912,100,100,55,3
1.0402290267033865,94,95,45,0
4.6397218637966411,98,99,47,0
1.2306260180357784,100,101,55,1
1.5514729021728322,96,97,45,7
1.6810842175373482,98,99,54,5
6.0948398534406545,100,101,54,2
4.6180901728687864,98,99,49,0
5.5603145365575921,100,101,48,6
3.7489053752737012,96,96,50,2
3.6592366237043961,98,98,47,6
5.6677998706310406,98,98,54,7
5.6381365353671198,96,96,44,0
3.9642959625128542,100,100,56,0
3.8563291800839226,100,101,52,2
1.3362624383317780,96,96,55,5
0.3135066420313534,98,99,47,2
5.8928598969998243,100,100,58,6
2.4678320469584913,100,101,46,0
0.9216541924377353,98,99,46,7
0.8281145483429940,102,103,52,1
3.5638945144342014,98,99,52,3
5.5417650692523033,98,99,46,7
5.2008811997879265,98,98,51,6
1.5316802129791571,96,96,43,7
2.7280733166469306,98,98,54,1
5.9702563193150073,92,92,55,1
4.3348867904377890,100,101,52,2
6.1024288146988592,98,99,37,2
4.7473946193966832,100,101,51,5
4.8968655826674814,98,98,48,5
1.0817881786360868,98,98,52,3
0.0403473867740556,98,98,57,2
2.5450337696653880,96,96,63,3
5.9623582991850439,100,100,52,4
1.4562366705663903,92,92,46,0
3.7528652520084234,98,99,47,2
1.7481908810529256,98,98,52,1
1.2642830191261871,100,101,50,6
4.5080288815801213,100,100,49,1
3.1135355910595583,96,97,43,1
3.0676861964069637,98,98,54,5
1.7119837456222675,100,101,58,0
4.9555441050014757,96,97,54,0
1.0962361545308623,98,98,45,6
0.3536893508494373,98,98,55,4
2.6763540875214686,98,99,58,1
1.7397356214896689,96,96,39,1
0.9210946615723912,98,98,56,3
5.0898193762050346,98,98,54,7
1.0466543251065428,96,96,49,1
5.4413109899625089,98,99,61,0
5.7365617204121131,98,98,46,1
2.6837793130152097,98,98,44,5
2.9791448992783609,94,94,50,3
2.4985960964503042,98,98,49,0
3.2592404753912092,96,96,48,4
1.8856611052667736,98,98,54,5
3.3293385914569891,100,101,48,2
3.7692078861719560,98,99,52,5
6.0360393558617478,98,99,48,5
0.8002066521975484,98,99,57,4
0.8554932659094031,98,99,46,3
2.6750640956379228,100,101,50,0
5.3561672905525022,102,103,63,6
2.1642974194261817,102,102,59,0
2.7046885741533098,100,101,52,0
4.1564454253126044,98,98,63,0
0.8639582544129694,100,101,46,4
1.8751940901585136,100,100,56,6
5.2883781886882728,100,100,55,3
3.1258170021310958,98,99,49,6
5.7416967536008112,98,98,55,6
6.0547963202316515,98,99,55,2
1.5879533871526934,100,100,53,5
1.7500583497447775,100,101,51,5
5.6367339109007499,100,100,52,0
3.4467762112265796,96,96,52,6
5.7575245665304378,98,98,55,4
0.7699749898936669,96,97,45,3
2.5170053159887154,98,99,52,5
0.2644332152031100,100,100,60,0
2.6992307959670381,98,98,49,0
4.2855003084313674,100,100,47,3
5.9711573789958985,98,99,59,4
3.8165075950867040,100,101,49,5
0.7243491662239842,98,98,52,3
0.1694989879787213,98,98,53,4
5.6809309404495263,100,101,58,4
4.3393272957234821,100,100,53,7
4.8974211657419930,96,97,51,7
2.6801225372685917,96,96,45,3
1.7876486651291814,98,99,43,0
3.3697280967380783,100,101,59,5
0.1913408482214299,100,101,46,6
5.2337192226242184,94,95,53,0
2.7664076862787845,98,98,39,6
0.2748852189704846,94,95,48,5
4.7865868714321342,96,97,50,4
1.8881783371571981,100,100,42,4
5.9788592118023010,96,97,49,5
5.2496272673278375,98,99,50,1
1.5466289372952700,96,97,49,7
5.2702135950020343,96,96,49,3
1.6004488835535429,98,99,59,0
3.5017319283320245,98,99,53,0
0.9184916322802783,96,97,40,6
2.0239498760360792,98,98,50,7
4.2637295909861743,98,98,57,6
3.5789560727784964,98,99,53,4
4.3599705802646094,100,100,53,7
4.0313363433066538,96,96,50,0
0.8246748484606168,100,101,48,0
5.9042702843347028,96,97,49,3
2.5841943526300382,100,101,51,3
1.1683522476885950,98,99,48,3
3.6813820587719071,94,95,46,5
0.6373626616644659,96,97,54,4
4.8102739709380726,100,101,47,1
0.3518077596924670,98,99,51,0
6.0989794311233609,100,100,57,3
1.9543863766710645,98,99,58,1
0.9262738840656359,100,101,53,7
4.2893319951953499,98,98,43,2
6.0292158036830097,100,101,51,7
4.3545246718090178,100,100,55,5
3.2766328682147008,100,100,55,7
1.5520884755196438,100,101,50,4
0.9863840366080562,100,100,53,5
0.8030106737243239,98,99,49,0
6.1510201270272038,100,100,57,3
2.8258372955605688,100,100,48,0
6.0459237628768188,100,101,50,4
0.7472013956655222,92,92,52,2
4.8868941629427969,98,99,46,1
1.3201047316662997,102,103,54,1
3.8538459507393412,100,101,47,5
2.9484005698861595,98,98,53,0
1.5831849674145360,100,101,47,7
0.9680683172099770,100,100,54,2
0.3051517629728144,98,98,64,1
4.1419102195613968,98,99,60,1
1.5904154478743531,98,99,47,6
2.5249538676006700,94,95,46,1
4.0951220777458319,96,96,42,4
4.2888269209424728,98,98,47,4
0.6217505176584111,96,97,55,1
1.9496355130477732,96,96,43,5
2.3105334664806954,100,100,61,1
3.4676690478711634,98,98,52,5
4.0802375070669665,98,99,53,6
2.2237290247005896,96,97,51,1
1.2722989890327194,96,96,53,1
2.6302812761322074,98,99,48,1
3.8319871723442418,96,96,40,4
1.7984812584584962,98,99,53,2
1.7510334134526080,98,98,41,4
0.8804308666719134,96,97,55,3
3.3282249146331502,100,101,50,6
2.4087324614734276,100,101,54,6
3.4841554195417044,96,97,46,0
0.8006723247747997,100,101,51,7
2.8103168074139058,100,100,47,5
1.3850980511770357,96,97,46,4
2.1057497274981354,98,99,55,0
1.5303694382587740,98,98,50,7
6.0545139652421778,100,100,51,5
5.6966903077922009,98,99,55,6
5.9079988470983249,94,95,47,4
5.0495825159822498,98,98,50,1
2.9037932189209741,96,96,45,5
5.6399041054758579,96,96,47,5
6.2437570258206589,100,101,48,4
3.8026486469820222,100,101,48,0
3.7875103962977148,96,97,50,2
2.7287286557580961,94,95,52,7
4.4770794215011520,98,98,57,0
2.6571888563221240,98,99,43,0
1.6768618754753455,98,99,64,3
2.6987892996825065,98,99,55,2
1.1756720227083564,98,99,47,0
4.4170071274230009,98,98,54,7
3.3446782237292236,96,97,43,3
3.6474131222501565,98,99,45,6
4.9972576465734528,100,101,48,2
1.6727761510706436,98,99,56,5
1.8398930609777946,96,96,56,4
3.1443377592017701,98,99,50,5
5.2306003084981967,98,99,49,2
0.0662061139526178,98,99,52,7
3.7165138010141625,100,101,41,5
3.4482391982023759,100,101,58,6
0.2915580092148007,98,98,60,5
3.4208029467523460,98,99,49,4
1.9582705131919931,98,98,58,5
2.8500358429751445,96,96,48,4
5.6325056636307611,98,98,57,0
1.1268739730324917,98,98,51,6
2.8651865033117905,98,98,53,2
0.4649519130969686,94,95,53,4
5.0605846880259007,98,99,46,3
5.3362976955940580,98,98,42,1
0.4279059000071799,98,99,47,6
4.8168318463013780,98,99,53,2
1.8270789098980829,96,97,45,3
2.1566998881251167,100,101,51,7
4.1793086812888518,100,100,50,6
4.0213979109054536,96,97,52,4
0.9043935321762524,100,101,54,0
2.6009603528466627,98,99,56,5
2.1017518842728173,98,99,47,0
3.4738543392834638,102,102,45,4
3.3325517343531272,98,98,48,1
4.4943169103990943,100,101,53,3
5.4430962216963019,98,99,51,0
4.6183301652226891,96,96,53,3
2.4064903075860493,100,101,63,5
0.5126990174908217,94,95,59,6
5.5732754380983431,96,97,47,7
4.4674295151861347,96,97,53,1
5.6551114106646967,92,92,43,3
2.8248455884321202,96,97,58,4
4.6637715904371735,98,99,44,5
1.8728289256805377,98,99,58,3
4.0325405404758596,98,98,43,4
5.6465550660638071,98,98,40,5
0.8838555716128406,96,96,52,2
3.2214981223907473,98,98,47,4
2.8781654423670062,94,95,41,2
4.9260765895325669,98,98,51,4
1.7424088208628741,100,101,51,5
0.0622485489819961,92,93,41,5
5.9361782890158148,94,94,40,5
2.6644676441565465,98,99,48,7
5.2100244902295634,98,99,56,1
4.0931556561461138,100,100,45,1
1.8407015650439564,92,93,47,7
6.2397500066742495,94,95,45,6
0.9227999467695821,98,99,54,5
3.5876490278982525,98,99,50,7
4.6655962400534579,98,98,48,5
5.4730159763710038,100,101,49,5
2.6984304446255796,100,101,48,4
2.3370633317745813,96,96,53,7
1.1376986737953618,100,101,51,5
2.0718914572991824,100,101,52,2
4.6764848617307191,96,97,48,6
1.3947301441043480,98,98,56,7
3.0947205474242367,100,100,50,4
3.5377095410429806,98,99,52,7
0.6605393596978484,98,99,50,1
4.2781837388686563,104,105,55,5
5.5113256840537463,100,101,52,2
3.9554909136816847,98,99,53,4
0.4097140430895919,98,98,62,3
5.1687056144419774,100,101,45,3
0.9437810120607499,100,100,47,7
0.1274436373319176,100,101,49,5
0.1273549196850178,100,101,54,0
1.6079554056377114,96,96,46,6
1.9601772739003380,100,101,57,1
0.2403649763897325,96,97,46,6
2.3056450324962525,98,99,45,6
2.5129624093693477,98,98,43,0
2.4633968305523384,96,97,52,0
3.7819440015033789,100,101,54,6
0.4474905400522471,96,97,56,6
1.6444462754965228,98,99,53,0
5.0237143668051809,98,98,48,1
2.0785298741319100,100,101,48,4
2.6405691926378001,96,96,56,6
5.1982462707248915,98,99,48,7
2.6031440632389486,100,101,49,5
0.1852470172334662,96,96,59,1
1.3076969230727928,98,98,51,0
5.2608150130438665,98,99,53,0
4.8715638973219946,98,99,44,7
4.2596156995022474,100,100,46,6
0.4043938010304342,98,98,52,1
0.0600168381627876,100,100,53,5
2.3441914994024526,98,98,51,4
3.0918802253839348,102,102,45,2
0.2493831655579913,102,103,50,7
0.0633997160771368,98,99,46,7
6.1981158328667059,100,101,47,5
4.9508371742946915,98,99,46,1
4.6596864907950764,100,100,54,4
0.3945306902096617,100,101,54,0
4.0591967969677683,98,99,51,0
6.2582415797169171,100,101,49,1
2.8110105332244517,100,101,51,5
1.4757224244281666,100,100,54,0
3.9409255917144845,98,99,51,0
1.5703517988675644,98,99,44,1
6.0727493319072066,100,101,59,1
0.9013042217220280,96,96,50,0
4.3263882625674031,100,101,54,4
4.9333989733243362,98,98,50,1
4.7356535126519477,102,103,58,7
4.0414780441735667,98,99,60,5
2.8920660961975120,96,97,49,3
4.7975045333308497,100,101,49,7
1.9880185848439809,98,99,42,7
5.4959061781655016,96,97,51,3
0.4615323238972220,100,100,50,4
6.2829748904041489,98,99,52,7
2.6128443941682895,100,101,51,5
4.0349470829970961,98,98,51,6
3.2814161937392585,98,98,52,5
2.8850557337442457,98,99,51,2
2.6171761313050261,98,99,47,0
0.9707180434392206,98,99,49,6
2.0054923830091194,98,98,53,0
2.0341118529324311,98,98,54,7
3.6786462074409667,100,101,48,4
2.8597589918673014,98,99,54,3
2.8711072180976229,98,98,60,3
0.8994937939350134,100,101,59,3
5.3111468315153889,100,101,53,5
4.2873006360840726,96,96,47,3
4.9547515064723626,98,99,53,4
1.7936613946514295,100,100,57,7
1.1822509719089680,100,101,54,4
3.9367123849955945,100,101,51,5
3.1072674371764815,94,94,42,5
2.8938887585618307,100,101,50,6
3.1729024592064015,98,99,61,0
1.7762695040443923,100,101,47,3
2.1221092979465879,100,100,57,3
4.6593192990279375,98,99,46,5
4.3955327213771636,102,103,47,4
5.0072829596354982,100,101,47,5
2.5083631424272208,98,99,46,7
4.3712170470855733,98,99,58,1
5.9395105931219909,96,97,52,2
0.5636228259547745,92,93,51,7
6.0415785803184150,100,100,59,5
6.2674850569901981,100,101,54,0
1.4302134744735653,100,100,44,2
2.4066018872588897,96,97,49,7
3.3825497085637806,100,101,50,2
3.7370686121750234,100,101,59,3
0.9415928048378457,98,99,56,5
3.0900785251447491,98,98,59,6
0.8129857728657613,98,99,59,4
4.2144838765497283,98,99,52,3
2.4812559616355618,100,101,52,6
4.2730965380029993,100,101,46,2
3.2787266906550925,98,99,45,6
0.3004899050844391,102,103,51,6
4.7172849049240408,94,95,45,2
2.9547067203224300,98,99,55,2
4.6384773741196463,98,99,50,3
6.0142919367355576,100,101,52,2
0.2021609428726637,98,99,47,6
0.2591814081831953,96,96,53,5
3.0084170289249377,98,99,51,4
0.7170802828431103,100,101,53,5
2.5358922656258667,94,95,49,4
4.3894252981298933,96,96,52,2
1.1628132160820697,102,103,51,6
3.2753681700027344,100,100,66,4
3.1541470922175794,100,101,52,6
3.6295662992950031,94,94,51,0
3.6703221890549975,100,101,59,1
0.6797182776539009,100,101,57,7
2.8974110929965260,100,101,55,7
0.7424242482789504,98,99,40,5
3.6024315392608703,94,95,48,1
0.7102954322177130,96,97,47,3
1.4942354389810117,98,99,55,2
4.5718076071142377,100,101,55,3
0.4245622444437614,98,99,47,2
5.1144114468082194,102,103,55,2
1.0586501800624459,102,102,45,6
0.6767157483401219,100,101,43,7
4.0200753769269033,98,98,49,4
5.6873366795581157,94,95,51,0
3.7126857903532575,98,99,48,5
0.1322482870255449,90,90,45,6
3.6531312460566383,96,97,50,0
1.8648901668276214,96,97,51,7
4.2620397832651458,98,98,49,6
2.5610988842786582,98,98,43,4
2.0410926624334009,96,96,50,2
3.8166043045717268,98,99,48,5
4.5578155693392732,98,98,55,0
4.7904161476337963,98,98,48,3
4.5374287904103783,100,101,55,1
1.3078217890561972,98,99,57,2
3.3245256103064462,100,101,48,6
4.9735489597472746,100,101,51,5
3.8226230330094677,98,99,51,6
0.5766058160848091,94,95,50,5
5.5689641902586349,100,100,50,4
3.2495663987453338,100,101,46,6
1.9025832558044353,98,99,49,0
3.9512988773859030,98,99,48,1
2.6196243477062953,98,99,51,2
5.6867990253661960,98,99,58,7
1.5392692198726130,100,101,52,6
5.6060319741410449,98,99,46,1
4.7926848182809811,94,94,46,3
2.7037351472566264,96,97,50,0
5.6246148811219898,100,100,57,1
0.0323057422148804,98,98,55,2
3.3599169586043369,98,98,47,4
2.2913535667415412,100,100,47,1
6.1008966964198024,98,99,51,6
2.2366148914086250,92,93,46,2
1.3386853851854437,100,100,55,3
1.1651918174729132,100,101,52,4
1.3741857458114739,100,101,51,1
1.7019648717995328,100,101,44,0
4.5946302566328354,98,98,51,2
0.4452677900941725,98,99,48,7
2.4950953302924921,94,94,51,0
2.7683198887414324,96,97,53,7
3.1199211287278250,92,92,50,4
0.3589831674779332,96,97,51,3
3.3412004838937888,98,98,51,6
5.1452927773560386,100,101,52,6
1.1925448375067573,96,97,50,2
4.7806716813279291,98,98,46,7
4.6026336868101057,94,95,54,3
1.2567050425484396,98,98,48,3
3.7922144460343485,98,98,44,7
1.9459216019659302,100,101,56,2
5.3919842376455058,96,97,53,3
0.7906398138788470,96,97,49,5
2.1715439702284653,96,97,53,1
5.7179490613897075,100,100,55,5
2.2541578326081750,96,96,47,7
3.7095341658790137,100,100,49,3
5.9455838646850054,98,98,55,2
2.8843515625772009,100,100,50,4
5.1238499525576007,98,98,51,6
3.7743579196895238,100,100,62,4
1.4610376810662409,98,98,48,7
0.7315734668001733,96,97,46,2
0.5284184685013923,96,97,45,1
1.1268996714045147,100,101,58,2
4.4168311004109508,98,98,55,6
6.1930692160443686,98,98,44,1
5.4140146452112123,98,99,46,7
2.6230136993316489,98,98,58,3
4.8613241933696933,100,101,57,7
1.4206057926318016,98,98,50,5
5.9156068876751249,96,97,46,0
2.0273745943518220,98,98,48,1
3.3886983319814870,98,98,45,0
4.2963032282109923,100,101,57,3
1.6669318860714366,100,101,57,7
0.5834894610415755,98,98,53,6
4.5841938790402699,100,100,45,3
0.7645945886129623,98,98,60,3
2.5636923099516529,100,101,58,2
3.2931563250267497,100,101,57,7
6.2437164427065310,100,100,49,1
1.0194250364404767,98,99,52,5
1.1889615346033133,100,100,48,2
5.6296055057749106,96,97,50,6
5.7407364925507300,98,99,51,4
3.7687144449111933,100,101,39,3
2.7210501880344151,100,101,48,2
1.3041312179840763,98,99,46,7
4.1920430291779169,100,100,59,5
1.5118270395921238,96,96,52,2
5.6796653809604400,100,100,54,6
1.4456175700562426,96,96,46,4
1.1740913272005908,100,101,62,2
3.3037345811570207,98,99,46,3
5.0888588114751006,102,103,55,6
2.8671144864946738,98,98,56,7
1.7239459422455279,96,97,45,3
1.9819402874060374,100,101,48,4
1.7552056814577244,98,99,42,7
4.4027296010686934,100,101,54,2
0.0446351547368424,98,99,55,6
1.6269184129848548,98,99,53,0
3.4604959705638438,98,99,44,5
1.9447133090139141,96,97,53,3
4.9165691378097769,100,101,56,2
2.4024026110361514,100,101,59,5
5.3010668090945936,100,100,58,4
0.2802302937325801,100,101,49,5
4.8263564445621538,100,101,60,6
5.7647547720482217,96,97,51,3
4.1798913287216237,98,99,54,1
1.7570366595674820,94,95,46,7
4.9059433059518724,96,97,45,5
2.5943651703045614,98,98,49,6
4.0317420928385346,98,99,49,4
4.2828825613878330,96,96,55,1
2.1761000960380139,98,99,46,7
0.4347785186983286,98,98,57,4
3.9899094799911503,100,100,46,4
5.2238653416557081,100,101,43,3
0.5303762397892312,98,99,49,4
4.5736134265991293,100,101,60,2
5.4832384880516711,96,97,49,3
5.3789750712999211,98,99,49,4
4.0599787124744244,96,96,51,3
1.3862687582206921,98,99,44,1
1.9583872404402363,98,99,44,1
5.1230585068866246,100,101,49,7
0.7484778310737341,100,100,53,3
2.4791021817179462,100,101,45,7
2.0407779607618197,100,100,45,3
5.0281843736263898,94,95,54,3
4.9176089590265111,98,99,55,6
1.8642054796745680,98,99,50,7
0.8664265773329378,100,100,48,2
2.8613120406221055,96,96,56,2
4.2831534665820907,100,101,50,0
4.9271124480674580,98,98,53,4
2.3075595976958412,98,99,54,3
1.2633266174027686,96,97,55,3
4.0049948138981764,96,96,47,1
2.1165709066935836,96,96,59,3
1.5280183855912126,98,99,54,1
0.7786815578426262,98,98,54,1
1.9260649203844094,100,101,53,5
5.3304847509361810,100,100,51,3
0.3435896393557929,102,103,51,4
3.3733709194723964,98,98,47,4
5.3678010482516338,98,98,41,4
2.8009167007348865,98,99,50,1
4.9515750150248747,94,94,42,5
4.2911769273757780,98,99,56,7
3.1349169847320071,100,100,46,6
5.3881850071391071,98,98,42,3
5.8710968463974389,98,98,55,2
4.9815240377248893,100,101,52,0
1.5319547472923929,98,99,46,7
3.8612749300441513,100,101,55,3
0.5290879603493762,96,97,47,1
0.5826616697309701,98,99,41,2
0.2424433952232618,100,101,61,5
4.3566283258551515,98,99,46,7
1.7499367217149997,100,100,52,2
0.1788094062496820,98,98,55,4
3.6473332834384697,98,98,50,1
2.4901339931078734,94,95,47,6
4.1693234663534859,94,94,42,7
3.9862026673987323,96,97,50,2
0.2848054578687000,102,102,56,5
4.0340832480873452,96,97,50,0
2.8270005116148256,98,99,54,3
3.9121338627814617,98,99,52,5
3.5355589992725611,98,99,38,3
1.4997595617221753,96,96,49,3
5.4936396616220335,98,99,47,6
1.2046703940192933,98,98,44,3
1.0659917532073979,96,96,55,7
5.9512511171710214,96,97,47,3
0.7701620439229964,96,97,50,6
5.3140906399882537,96,97,46,4
2.0825531403909876,96,97,49,1
1.5597815343566690,98,99,54,1
2.4473337235699910,96,97,53,3
5.3909097100626715,96,97,45,1
2.7016570090388834,96,97,49,1
5.9296172917171264,100,101,47,1
2.1001763146643886,98,99,43,4
4.5730669325481115,100,101,52,2
2.5001000689552066,98,99,52,1
4.0371741341156850,98,99,59,0
3.8447455544841844,98,99,54,3
3.2435391579253903,100,101,57,5
3.1350003722570663,100,100,43,3
3.6232125175343497,100,101,55,1
2.3736353428432402,94,95,50,3
1.0328429353075899,96,97,47,3
2.8708718380508249,100,100,53,7
2.4029690382225177,96,97,54,2
2.1701237721134903,98,99,57,0
6.2223503220520850,96,97,47,7
3.7527674570534271,96,97,46,4
2.8351927749271080,100,101,54,2
1.1505601144077242,100,101,50,4
2.9182099100691574,98,99,55,2
4.6389746354934500,98,98,52,3
3.0716958787887867,96,96,57,7
5.6774281466462897,100,100,65,5
6.0999214642938817,98,99,50,3
0.8493872523135950,100,100,52,2
5.8354601549345348,98,98,54,7
2.4532024582911083,100,101,59,7
2.3951013288342531,98,98,60,3
0.3228352142589828,98,98,50,5
5.6274584578624296,100,101,55,7
5.7173703697272682,100,101,46,6
3.1369703636655228,100,100,46,0
0.9840196216155563,100,100,50,2
1.6935903913571109,94,94,49,2
2.5088513966260799,96,97,53,5
4.0457408884351258,100,101,59,7
2.9752943018687170,98,99,54,1
5.0373018112553218,98,98,60,7
0.1546724523656545,98,99,63,2
3.2278023529416906,98,98,39,6
5.9530108417870577,102,103,55,0
1.6943427686368393,100,100,48,6
4.4026199048661399,100,100,49,3
5.9001597967448198,100,101,50,6
2.5248064303006008,96,96,49,7
3.6301599063344838,100,101,52,4
4.2526571324454805,100,100,55,3
2.0755849972654303,98,99,44,3
5.1675824284906540,98,99,51,0
4.4734989011616735,100,101,56,2
1.3855570914007880,100,100,56,4
3.2386726073417536,98,99,44,3
1.3193120842141641,96,96,56,4
0.7460257296389401,100,101,58,2
3.8339273839487431,96,97,53,7
1.3443833537608112,100,101,60,4
5.5024715611329063,98,99,58,7
4.4741606172263237,94,95,48,3
4.8998137841817213,98,99,54,7
4.8937559003286175,100,100,48,4
5.5104598257177289,100,101,58,0
3.8438406285686653,98,98,43,2
1.2131032153350374,100,100,53,7
2.4403657501575147,98,99,55,6
5.0868626921866653,100,100,56,4
5.7534500673149536,100,100,43,1
4.6197805477490821,94,94,41,6
2.6292419568459748,100,101,50,4
2.3920668793386333,98,99,47,4
4.0209726198646063,100,101,43,5
3.9210171870412793,100,101,49,1
1.2002596378395844,98,99,54,1
1.5431900833839081,100,101,54,0
4.1211028714731510,96,97,51,1
3.8678105147111550,98,99,43,4
1.2106710185695229,98,99,55,2
1.3302235386249694,100,101,41,7
6.1418246633848046,96,96,54,2
3.4630527224359087,98,98,56,1
4.9310499136021431,98,99,45,2
3.4573528032331931,98,98,48,3
3.7342048151494742,100,101,47,5
4.2962645074921459,100,101,48,6
0.2729885054470641,98,98,54,1
2.3115781163947458,100,100,53,3
3.7396763887273226,100,101,44,2
2.4734589680458345,98,99,42,5
2.6303538043189252,98,99,55,2
5.7517328436131612,98,99,49,0
6.0630908548545221,100,101,58,0
1.1503873079807085,100,100,46,6
4.7585123958894204,100,100,51,5
0.2875940721462213,96,96,47,3
2.1387434806867192,100,101,48,6
3.7163375349307288,98,99,43,0
2.5856235938343950,100,101,46,4
4.3066085192527703,100,101,57,3
4.0119150666348133,98,98,57,0
1.1584580544602745,92,93,56,2
0.4810675991511528,98,99,52,1
3.9860629833577623,98,99,61,0
2.5047888560081879,98,98,44,5
3.5533833450031667,96,97,59,5
1.2618844456460181,96,97,52,6
2.6763608403513643,98,98,59,0
4.4412248467639808,96,97,58,4
3.8534273077864949,98,99,59,6
5.0541956198404066,96,97,48,4
0.3358671212534246,98,99,61,2
4.6019422899553311,100,101,49,7
0.0747893834954755,100,101,54,0
6.2749031777185298,98,98,43,2
0.0624843787820193,98,98,49,4
5.6126801311504879,98,98,50,5
5.3443399894717851,96,96,46,6
3.2333272985032191,100,101,61,5
1.2004682008242058,98,99,46,7
0.3430307562259082,96,97,49,7
2.3798572993452396,98,99,52,7
2.1078333771550142,96,97,55,5
5.6499311052491574,100,101,43,5
5.1891443992942490,100,101,53,1
0.7951426814373802,100,101,47,1
0.4311357148594738,100,101,44,4
5.6500616923539289,94,95,41,4
3.9279330875181162,96,96,44,6
1.1484799991921673,98,98,58,5
3.0489441874412790,100,100,52,6
3.6585059524081882,98,99,48,5
3.9630574394441296,100,101,53,5
2.8934263650387382,96,96,51,1
1.2571577750727159,96,97,50,2
4.2171508845235373,92,92,41,7
4.6341024188118132,100,101,52,6
5.9334000172197543,98,99,58,3
4.9088129009697834,94,95,52,3
4.9559318822771132,100,101,49,7
0.2980860368372505,100,100,55,5
2.1310361291661080,98,99,49,6
4.9986936228014471,96,97,55,5
6.1654588841766556,94,95,50,7
3.9649198021930099,96,96,54,2
4.1417305303977399,94,94,52,1
1.1761513553258063,84,85,45,1
1.6413711160338960,98,99,44,1
0.9703320483406601,96,96,41,7
2.7612402391067685,96,96,52,0
3.5595071112184580,100,101,55,3
0.5773510719932294,98,99,45,0
4.7040462873967774,98,99,46,5
5.3471807061824945,98,99,53,6
1.4559054340539943,98,98,59,6
0.2575218418527049,100,100,56,2
6.1608325094053358,96,97,43,5
2.0804718288465294,100,101,49,3
1.9645640664928514,98,99,48,3
5.6434875162743312,94,95,50,1
4.8897827506207783,100,101,63,3
1.4192300099594197,96,96,50,4
5.6288296347387909,100,101,62,4
4.6780309273133387,98,99,57,4
0.9483511904819466,98,99,58,5
2.0825712360109532,98,98,54,3
1.9628155693820981,96,97,57,5
3.8128102769476624,98,98,48,7
5.5399659431015920,96,97,45,7
6.1027697280366731,94,95,53,6
5.1527225085891519,98,99,49,4
0.0114916200347905,96,97,48,2
1.6754458721224450,98,99,48,7
4.7622526676060026,100,101,55,1
3.6272747901602767,96,97,49,3
1.6117613854933537,98,98,48,3
2.6215457530339275,98,99,52,5
2.6184706152357151,98,99,48,3
2.3097492077033306,100,100,53,7
3.1362648736840759,100,100,48,0
3.0534609922395477,96,97,47,5
2.9265621063847851,96,97,52,6
4.0691028474445226,96,96,54,0
2.1973331874394786,96,96,53,1
4.2684733705976896,98,98,48,3
2.5164813914792163,104,104,48,0
0.4344491856538429,96,97,57,7
3.5427192810229329,102,103,49,0
5.1215790388996743,96,96,51,3
4.1476840725831892,96,96,46,4
1.9880196343414789,96,97,45,1
6.0215859335434150,94,95,48,3
1.4518538815084896,100,101,53,3
0.1870187194265596,98,99,48,5
0.7425621419383349,100,101,52,0
1.5517032581094474,98,98,60,1
4.6784745577638605,100,101,60,4
1.7667748601069944,94,95,47,0
2.6846519213780922,100,101,45,7
0.9512595610966561,98,98,48,5
3.7470670620601347,96,97,48,4
2.4569808009818952,96,96,42,2
3.9351317590790194,98,98,45,4
0.3584136377568555,98,99,40,7
2.2415626271800564,100,100,52,0
3.5902404117467799,100,100,58,2
4.7772973691672291,94,94,47,6
1.8930746639180351,100,100,51,7
2.4649155093550963,98,99,39,4
0.5722385681347226,100,101,49,3
3.6698595573646235,100,101,49,5
1.1276750704219693,98,98,55,0
2.4767148238066814,96,97,54,0
2.4629513305634725,96,96,47,1
4.6955169657209934,96,97,65,3
5.3238396853172585,98,99,46,1
0.8377468818653009,98,99,53,0
2.5539067710344479,98,99,52,3
0.2737942878266814,100,100,58,4
2.9831871175000071,94,95,44,1
5.5560513475889026,100,101,49,1
1.0678120589595181,100,101,54,6
1.4082623601648454,100,101,49,1
1.4348937638561685,98,99,48,5
1.4182008552544636,100,101,61,7
4.9502336749546130,100,100,44,0
3.0880172208938195,96,96,46,0
2.8394659668267797,98,99,53,6
0.0609082989787738,98,99,48,1
5.8418896304735606,98,99,53,6
0.1844507831532912,98,99,46,7
1.3159399990331369,98,98,55,2
6.2397931591968216,98,98,54,3
3.7048992870598441,98,98,49,6
4.2777265567232243,98,99,41,6
5.5709839857780059,100,101,51,1
2.1562831240554150,100,101,51,5
0.3584905040891337,98,99,51,6
3.0533071219532970,96,97,45,7
5.1531718085367464,98,98,43,0
3.8662890387308702,98,99,52,1
0.6664722872780531,98,99,50,7
4.2274290663853771,96,97,45,1
3.5220073378583283,100,101,55,3
0.8549604769564352,96,97,51,3
1.0894131055469511,100,101,52,2
5.8900880824100392,98,99,59,2
1.3836756512871313,100,100,47,1
1.9263073610674684,100,101,52,0
2.6487289457156331,98,99,58,5
1.1938877284100744,98,98,55,6
6.2054313861924681,102,102,43,2
5.8498000444441125,96,97,49,5
6.1381367072612738,100,101,48,6
0.4873965495505341,98,99,50,3
1.8662276801441740,98,99,47,0
4.4743292865477606,100,101,48,4
0.7499385098234617,100,101,60,4
2.6270070509866796,100,100,50,0
2.8504762389741716,96,96,44,2
4.7480048882566344,100,100,57,1
1.0218111641124594,102,103,55,6
2.9263728225744456,98,99,47,6
3.2105166554113089,96,97,48,0
1.5612406765498097,100,100,59,1
6.0649595017139708,96,97,52,2
3.8548377998058045,94,95,58,3
1.4382466790229429,96,97,46,2
5.3608050339536035,98,98,54,3
5.0837443006760727,98,99,49,6
4.3750396695094445,98,98,51,0
4.8676088228549661,100,100,48,4
3.6208859998467848,92,93,48,0
3.1653541283609510,94,94,57,4
2.4730139776488875,96,97,56,4
5.5900558508663822,96,97,46,0
6.1099085857051474,100,100,56,0
4.8371272045425782,100,101,54,2
5.9826119143378147,98,98,50,5
4.2500679524687461,100,101,52,2
2.2895492956929724,98,98,44,1
5.7817066757006961,96,97,49,3
4.1793413210287147,98,98,50,7
6.0652012715869992,98,99,52,7
0.9746368611601594,100,100,54,6
2.5278762369826606,100,101,41,3
2.8533065072418284,96,96,54,2
5.6928381453861450,98,99,49,6
2.7529229461425593,98,99,50,1
0.0838636365701112,100,101,53,5
0.0121713558690339,100,101,52,2
3.6823699953219546,98,98,53,0
1.1031390830053527,96,97,47,1
5.5207439458635408,98,99,50,1
5.4765123693906856,100,101,56,6
0.7817067723613342,100,101,51,1
5.8763141299474233,98,98,45,4
0.3904691197479978,98,99,48,3
3.7347970504764669,98,99,45,2
1.9928817156208631,100,101,47,5
3.0441013834756281,98,99,51,4
1.9581961957588039,98,98,52,3
1.8533183176217174,96,97,58,2
0.9406481143725725,100,100,48,6
0.6629398250170979,100,101,52,2
0.0519698478824448,96,97,56,2
5.1574185760276956,100,101,56,4
5.8213272543876604,100,101,46,6
0.1353091135573726,98,99,50,7
4.5704541075289580,96,97,44,6
0.4350966966080005,100,100,42,4
0.2142859491420594,98,99,49,4
2.5926445495658346,98,99,54,7
5.0815957509627507,98,99,44,7
3.5646166997807387,98,98,54,5
4.9098311120037197,98,98,53,2
5.5567667616485004,100,101,46,2
1.4511986265768375,100,100,48,0
5.2191813631081425,98,99,60,5
4.3462413890324241,100,101,51,1
1.5585263974973063,100,100,51,3
0.9069767319390614,94,95,52,5
6.2814044861908167,100,101,49,3
4.2854877084217176,100,101,52,6
5.0410122688549714,96,96,51,3
4.9315382218592045,100,101,48,4
3.0860371239651294,100,100,59,7
0.2233668099618247,98,98,49,0
2.7845661171134672,98,98,46,3
6.2349467854701199,100,101,53,3
0.1984591312018111,100,100,53,1
1.9536678544055668,98,98,54,1
4.0429342089299363,96,97,58,2
1.1437503372530582,100,101,51,5
3.8819535872732160,98,99,58,1
4.4360397792715043,100,101,46,2
5.7839740389161598,100,101,50,4
0.8961707306311170,100,100,44,6
1.5357153950011491,100,100,49,5
1.9261558433045480,100,101,42,0
0.7349771627339611,98,99,53,2
4.8411094451449950,100,101,55,1
0.5703716568677066,94,95,42,3
1.9732690822852710,98,98,47,4
0.0966640942682272,100,101,53,5
3.8073853015002257,98,98,61,0
0.6273035337021661,96,97,52,4
1.1301533789407752,100,101,54,2
2.1990109462583720,100,101,42,2
1.5176444072655215,100,100,55,3
1.5901534319075170,98,98,43,2
4.8370382936736993,98,98,50,1
3.7627317106479059,100,101,51,7
1.8554629642345641,98,99,51,6
1.6006955102804681,98,99,48,1
2.7936096226241589,100,101,59,3
4.9537300581163439,98,99,53,6
1.0034300881340086,100,101,59,3
5.9937525027850125,100,101,52,6
2.6036201416939520,98,99,53,2
3.7085168766450720,102,103,50,1
1.2894627155051663,98,98,54,3
1.1401491927205054,98,99,55,4
0.0463131758148661,100,100,47,1
3.8841076305508668,98,99,54,7
1.6324292286704414,98,99,56,5
1.1594403920762590,96,97,43,1
1.4888929167400506,98,99,55,0
1.6826283783162648,100,101,42,2
4.0811006052243179,96,97,46,4
3.7055361660369206,96,97,50,0
4.3129096363608790,96,96,52,2
3.6991430940272361,100,101,57,1
5.4032386938607555,98,98,53,4
0.0247136914675933,100,101,43,1
0.6119818521172725,98,98,47,0
5.2901144369348829,100,101,46,0
2.1807826824962113,96,97,48,2
4.6675913591128388,100,101,56,6
1.2050527025740461,94,95,43,6
0.3068994305620385,94,95,49,2
4.9986662288979344,98,99,54,5
2.3997526130387175,98,98,53,6
4.6357286881370188,100,101,58,6
1.0148879195825742,100,100,60,4
0.6534723696572334,96,97,58,6
5.1056648162025118,100,101,50,4
0.5122994160478719,96,96,41,3
1.4074992471558367,100,100,53,5
5.6045741394670863,92,92,40,0
0.4437204504488254,98,98,52,7
1.6284511863558913,98,99,47,4
1.3210378479439531,98,99,43,2
5.5165798957985572,100,100,56,0
1.5033005741871051,98,99,55,4
4.2131721113329057,96,97,44,6
5.0865699670630633,100,100,50,4
1.3745322171445959,96,97,49,5
1.5187094546882522,98,98,52,7
4.6440575597652440,100,101,52,0
5.3859083985622878,98,99,57,4
0.0991450718540738,100,100,49,7
5.9164403622088404,100,100,56,2
4.0801330061624554,98,99,54,5
0.6121724852204071,98,99,46,1
3.9713125306324391,98,99,53,6
4.7968612886536555,100,101,50,2
4.5297747087665687,98,99,47,0
5.3622962464643500,100,101,56,0
1.9639390868925450,100,101,44,4
4.7706265966951875,100,101,50,4
3.1088270566227987,100,100,58,4
5.9031597271527314,100,101,50,0
4.5150316722379298,98,99,53,4
3.2404389566547507,100,101,52,6
4.2316635463466552,96,97,48,6
3.0581213235103748,98,98,53,4
2.6164157675583670,98,98,54,5
5.9515845193417745,100,101,44,2
4.9623371240498928,100,100,56,4
4.3632147953010847,100,101,47,5
0.8803672152155413,98,99,42,1
6.1144425072417015,100,101,55,7
5.1754527740790497,100,101,56,6
0.0166122171021726,100,101,50,6
0.9297204884110658,98,99,51,4
3.1675258405305011,96,97,51,5
5.0009885843406172,98,99,43,6
0.5615663512903966,98,98,45,6
0.4137799870157950,100,101,46,2
4.7913568444485648,88,89,45,1
2.4841668009526461,100,101,44,2
4.0642220951724726,100,101,46,6
3.0951342439146030,94,95,53,0
2.7236700339042388,96,97,49,1
2.5393910200321055,98,98,48,3
0.9198794610666271,96,97,60,0
2.0527695603590277,96,96,48,2
3.2861723805484155,98,98,52,5
3.0386169256284425,100,101,48,0
0.9828681468859460,98,98,54,5
4.9671752172584140,102,103,53,0
0.5878400300810989,98,99,46,5
2.7727961034699664,98,98,60,5
1.9194495491955796,96,97,47,5
2.3195691459846208,100,101,53,3
2.2295762304049220,100,101,58,2
1.6181646599450252,96,96,52,6
2.4745750201059020,96,97,45,5
1.0771690333812907,98,98,46,3
1.7573587668251325,100,100,47,7
4.2584957115943780,98,98,50,1
1.2658446007778068,100,101,53,5
2.5501365856561971,100,100,51,1
2.4376163063305465,92,93,45,5
5.3561830427916926,100,101,53,3
5.1775501736584193,98,99,49,0
1.3509490143631862,100,101,44,4
5.0826018932256432,98,99,47,0
5.3654373852241619,100,100,49,3
5.8604275167550837,96,96,42,0
5.6032112530645302,98,99,44,1
2.3308204872960774,96,97,52,2
1.0710127749376430,98,98,54,5
4.6237863519178868,98,99,50,7
0.2126934263593212,100,100,47,5
3.6834123392326124,96,97,51,1
3.0334626895839136,98,99,47,4
5.8413184599624701,100,100,54,2
1.7435806003040391,98,99,52,1
0.3406913861701789,100,100,52,4
5.0652282194204172,96,97,40,6
3.1726625366864702,98,99,47,0
3.6455311970598947,100,101,49,5
5.7619205485588330,98,99,54,1
4.2561423266116565,98,99,45,2
3.3168022004207378,96,96,52,6
1.6472431341225673,92,92,50,2
3.8180100256098650,98,98,54,7
4.5890596634484009,98,98,57,6
5.1897804106843068,100,100,53,7
4.9266846212817148,94,95,52,5
0.2230225722062894,100,101,53,5
0.1774036613195462,100,101,49,3
1.8518899884739624,96,97,43,5
4.7134119140205737,100,100,50,4
2.8440800421211385,98,99,62,5
2.9118994570875998,98,98,58,1
5.7800481802758910,100,101,57,5
3.2809117369151073,100,101,56,4
0.4186287013215212,98,99,53,0
2.9443848483408988,98,99,47,2
4.5595842975352925,96,97,51,3
4.4871958144606037,100,100,52,4
1.9564485967680301,98,98,51,4
1.5344356902298228,100,100,50,4
5.8019884568172264,98,98,57,4
0.3043707061421081,98,99,49,2
1.0875904759253523,96,97,54,4
2.3717756685328775,100,100,50,4
2.4249129384354484,98,98,53,2
3.9442498841804858,100,100,49,3
3.2433769964194705,100,101,59,3
0.9694287178681388,100,100,54,0
1.4982706703961521,100,101,54,0
4.6150002765204210,98,99,54,3
6.1470871515451053,96,97,55,1
0.4831176130521716,98,98,58,3
0.3170149672072928,98,98,57,4
0.2085882662428542,100,101,60,0
4.8980446941346285,94,95,48,7
3.5970493790965250,100,100,40,4
5.3968205230182278,98,99,56,3
2.0143918015803597,100,100,49,5
1.5506767659243830,98,98,47,2
0.9779084767647958,100,101,53,1
1.3654331359008296,100,101,56,6
5.9447865280713339,100,101,61,1
3.0000638097251815,100,101,51,3
5.3036248283515137,98,99,53,2
4.4036304273517963,98,98,45,0
3.0417589290191884,96,97,51,5
3.2227900927146047,98,99,47,6
0.6300329346904538,100,101,40,0
1.1485080457391392,98,98,64,3
0.3446153885064974,96,97,49,3
5.2112653014613990,98,99,63,2
0.8902787926807119,100,100,56,6
3.1285920843835098,98,98,56,5
1.4949556442536043,98,99,52,7
5.0598735530408980,100,101,52,2
5.6902843365975384,98,99,49,0
0.4075487506025763,94,95,41,4
4.9414227057121378,100,101,46,0
2.2173657005242271,98,98,48,1
5.1919902661528505,94,94,49,2
2.7039323454361539,100,101,58,6
3.1894914675229047,98,98,58,3
5.6280997547461560,100,100,48,2
3.7857560529506724,98,99,45,0
2.8190816246702406,100,101,62,2
1.5431964373593663,96,97,54,4
1.7824238949435214,96,97,50,0
3.5628274750142337,100,101,55,7
6.2449060675321810,98,98,45,0
3.7513807455937433,100,100,55,1
1.4444129426285000,100,100,53,1
5.7190410963658289,98,99,47,6
4.8778380497618672,100,100,52,6
6.2256500660009779,100,101,53,3
5.0942838192750139,98,99,56,3
2.7450288110484018,96,97,46,6
3.2235347498888527,100,100,62,4
0.0932212419665117,98,99,60,5
4.5593116920710726,96,97,39,1
2.3083448607469763,96,96,50,0
2.9098885090034217,94,95,42,5
4.5329179830371320,98,99,48,3
1.6037068323464163,96,97,52,4
2.5644742816439665,100,100,50,0
3.9862870153291250,92,93,49,5
6.1757385147630286,96,97,52,2
5.1886197125803317,94,95,46,5
2.9903990390366433,98,99,55,6
4.7526162888942958,98,99,50,3
5.9696153617699341,94,94,50,1
3.4611964893983580,96,97,57,7
3.7454258537108265,100,101,56,4
1.3577159573945032,98,99,52,1
0.6628675901374349,98,99,45,2
1.1869999561070137,98,98,54,1
4.8539342078013785,96,97,55,7
0.9136629195853585,96,96,48,2
0.8410747385608808,98,98,45,2
5.1625884345874242,100,100,52,4
0.8269637143882916,100,100,47,5
3.6731604530813233,98,99,39,2
2.5984277173205252,98,98,54,1
2.8145173751405124,100,100,48,0
4.0746404639392590,98,99,54,5
1.8438068522110522,100,101,60,6
4.6404570528479319,98,99,42,5
0.6446073745888536,100,101,49,3
3.9957076000715932,98,99,54,3
4.9529893313184603,98,99,50,3
4.2475156011425197,96,97,43,5
1.5039292275648972,98,99,55,6
1.9666765076438824,100,100,49,1
3.3326071631515339,100,101,61,1
4.4643343523415426,100,101,66,6
2.7005821609592950,104,105,55,3
1.5216493691921034,100,101,50,0
3.3581585893822270,98,98,51,2
3.1258793758532084,100,101,46,2
2.2094973550994204,98,98,53,0
5.1656674137098637,98,99,61,6
6.1943294178626340,100,101,53,7
2.4249312193961767,98,98,53,2
0.0538925262639091,100,101,55,5
2.0606431360073718,90,90,40,7
4.4495097654804967,100,100,55,5
3.8257329249548526,100,100,52,4
0.8490789633163898,98,99,49,0
0.5489196358766105,96,97,45,1
1.6588759375088515,100,101,50,0
3.0073336462129783,96,97,53,5
1.4525148114804907,94,95,46,1
2.9767150498846955,98,99,55,2
4.7821902109676540,98,99,51,0
5.5743966917673466,100,101,55,3
5.5311256429892426,98,99,49,0
3.2276105778551374,98,99,52,5
0.1274296803800167,96,96,45,7
5.7655614344135637,98,99,54,5
5.8946367552377925,100,100,57,7
2.2151057064886439,102,103,59,0
3.6853262225561374,100,101,59,5
0.5119665465632430,98,99,56,1
6.0276992009146957,100,101,56,0
3.2653713739952139,96,97,51,5
2.2171075037924646,98,99,50,3
3.3957949520105757,96,96,56,0
0.6443644427361208,98,99,49,2
4.4538903290662617,98,99,55,4
5.5755867216047426,96,96,58,2
5.9976552008031003,96,97,46,2
4.1566651465608890,96,96,44,4
4.5389934406388264,98,99,45,4
4.8563127908029298,98,99,56,1
2.3318948722849604,100,101,62,4
1.0781507751372210,100,101,47,1
5.1953399987301250,98,98,54,7
0.9943773212314508,98,99,57,2
1.1734657589649529,100,101,52,2
5.6296436269364198,96,97,41,7
5.1099678681757386,100,101,49,3
1.3050721355742860,98,98,56,5
1.5389851513963462,98,99,52,5
4.8665312325558743,102,102,62,3
3.7621654789292625,100,101,47,7
2.6685134603788385,98,99,50,7
3.6861030990206256,98,99,49,2
6.1844969796159228,100,101,55,7
0.3885732160466600,100,101,51,3
2.2805022317293262,96,96,49,1
4.6724027705056894,100,100,49,1
4.6272978018090187,96,97,49,5
3.3355776300754880,98,99,46,7
2.6440288802472014,98,99,47,4
0.9315152281059854,96,97,54,4
2.3975304069355121,100,101,54,2
3.9343340918299448,96,97,46,0
2.1415479363736947,96,96,61,1
0.3993765532911989,98,98,49,6
6.0499484723586239,102,103,52,7
2.3049718034329829,100,101,55,7
3.0077501956389208,98,99,49,6
1.2263680807255819,96,97,48,2
0.8779100006477292,98,99,50,5
4.6113265221169737,98,99,61,0
4.4010262191020937,102,102,57,0
3.6887490690883911,96,97,50,4
0.9206363138652941,96,97,44,2
6.1960335917141505,100,101,53,7
6.1888539580854047,100,101,52,0
3.2346650700555770,100,101,54,2
1.6398257272977133,100,100,48,0
4.9707729023388927,100,101,48,4
3.3742558765567336,98,99,45,4
2.4137943027917714,96,97,57,7
4.8795551126692320,100,101,48,2
5.8107038627513674,98,99,61,0
4.8462959360597822,98,98,46,7
5.1206174073464767,96,97,54,6
4.5212415966019286,98,99,65,6
5.8778346671483241,100,100,50,6
3.8610055099311027,98,99,59,2
4.9161103886282831,98,99,42,3
5.4726612916236830,96,97,53,7
2.2339514146089892,98,98,46,1
5.0717602014008234,98,98,52,3
3.1682116749379730,98,98,48,7
0.2680607505650263,86,86,50,7
0.7298165838444924,98,99,52,5
2.5158947231750632,100,101,45,7
3.8880923918952921,98,99,51,4
2.5680628512593353,98,99,52,7
5.2791078409074172,98,98,47,6
3.1584777710589820,98,99,63,0
4.8461109160189064,100,101,45,5
4.5388496920822670,100,101,60,0
1.4249756250622989,100,101,56,6
1.1301598185792610,100,101,52,2
1.0103221851589990,100,101,50,6
1.2791004150679235,100,101,60,0
2.5476760304407184,98,99,54,7
2.4071820036135358,98,98,52,7
1.7184078524555131,100,101,54,2
5.3283705131038142,100,101,52,0
5.9553613082586176,98,98,49,2
2.5458754165575348,100,100,56,2
2.2324070934220459,100,101,47,7
0.0604939496496090,96,97,58,2
1.0218532844685457,98,99,49,2
4.2050362871570899,102,103,56,5
0.5752198028205259,94,95,55,6
2.7495557671414415,98,99,48,1
2.9693632006107671,98,99,45,6
5.1891461746807392,98,98,52,3
5.3466908452352282,98,98,57,0
1.4242346473281802,98,99,56,5
3.0746208280821423,98,99,52,7
0.2517882783077410,98,98,55,2
3.3552035052535865,98,98,46,5
4.7982280946789100,98,99,56,1
3.7493742863288468,96,97,54,4
1.0261576940523471,100,101,45,3
4.6356291490829982,100,101,51,7
4.7319760587518029,100,100,56,0
3.3023994456496166,98,99,55,2
1.5284007017596539,98,98,46,5
4.4197255681093282,100,100,63,7
0.7325480069015402,100,101,57,1
3.5526607975244313,96,97,48,6
5.1956666042015769,100,101,55,7
1.7456058947870898,96,97,53,1
0.6981034283718850,100,101,52,2
0.8304815050877820,94,95,48,1
3.6091543298351159,98,98,55,6
2.5072665925717486,98,98,57,6
5.7141811346989453,98,99,47,6
2.1983524808630559,96,96,40,4
3.7986870106792967,98,99,40,1
1.1622405678005479,98,98,57,4
1.7104135325818868,98,99,58,7
5.8751122564827751,100,101,51,7
0.0833623810093842,98,99,46,5
1.9451167380916434,100,101,48,0
3.2486424421069695,100,101,46,4
5.4753840576663650,98,99,52,7
4.0470474969192471,100,101,49,7
1.5150483729926867,98,98,49,6
2.0798914866214968,102,103,57,2
1.6180799216332717,98,98,50,5
0.6340267828242153,98,98,52,1
2.1731045757281207,96,97,52,0
1.5679660431157763,96,97,52,6
2.2857530966897479,96,97,45,1
2.3906788690720555,100,101,63,3
0.7228025327978836,96,96,63,7
0.2399328307824614,96,97,48,0
6.2650030695613088,94,95,46,5
4.0893345096221152,98,99,51,0
0.0123936369791272,98,99,57,0
6.1026001630644071,100,101,54,2
3.8658565246551890,100,101,58,2
6.1373644114373951,98,98,52,7
0.2520951207762585,100,100,56,4
4.6707088934167365,98,99,48,1
5.3971614153513254,100,101,50,0
3.0776203063644085,100,101,54,0
5.0057064098811566,98,99,51,0
1.4325313310858554,96,97,57,7
5.9411319041601116,100,101,54,6
4.9421701060424210,100,100,45,3
4.6210501150443850,100,101,47,5
0.0442626846329622,98,98,59,0
2.3593086806623429,98,98,54,5
1.5187298915534437,96,96,49,1
4.7825987260798843,100,100,62,6
0.0390596985645413,98,98,58,3
3.6261956927119336,100,101,46,6
2.6887923447650781,100,100,60,4
0.4826940933943468,94,94,41,6
1.0677173743601480,96,97,57,5
4.6611748154597388,96,97,43,3
4.9757032167032982,94,95,45,4
5.9400186908689410,98,99,48,3
4.7278417593105155,96,97,51,1
6.2485338233074907,96,97,43,5
5.1506416019569778,94,95,43,0
2.2984857381483987,100,101,43,5
4.0997143357157011,100,100,43,5
6.2795399215610770,100,101,53,1
4.8223518500125815,102,103,55,6
5.1504375119636556,100,101,45,5
2.3885415907613221,100,101,42,4
5.9676442272461756,100,101,40,2
3.8909848460851086,98,98,46,5
2.2088444943975212,98,99,55,0
0.9019970342008566,98,99,58,5
2.6618258734509759,100,101,58,0
0.3312275296979800,98,99,43,4
6.2214098351140494,98,99,56,1
4.7887889688758429,100,101,46,0
2.9733162418573666,98,99,47,0
1.9579660078495862,100,100,46,2
4.0504619449330885,100,100,49,5
2.2306354396528740,98,98,45,6
5.8536333979275570,98,99,46,5
1.3401387366007347,98,99,55,6
4.5103858497032068,96,96,46,4
4.8844966879766751,96,97,48,4
6.0777709077354860,98,99,50,3
5.6408105242803197,98,98,56,3
3.8647086544875089,96,96,46,2
2.7179774435692665,100,100,60,4
5.8742527061985168,100,101,52,0
3.1655826533399698,100,101,48,0
2.0638513508840450,100,101,47,1
3.7094020976509898,98,98,44,3
1.6307932038788617,98,99,47,2
5.5705419878823452,100,100,55,1
4.6087811569677468,100,101,53,3
5.9067873984810362,100,101,53,7
3.9562410483162895,98,98,45,4
1.5743289945532928,100,101,50,0
5.9774141288308167,100,101,48,4
5.5832526628597670,98,99,51,6
5.9360362021758455,98,99,52,5
5.0220099408526409,100,100,54,6
6.0331987431734246,100,101,54,2
5.8705681442183275,98,99,56,5
5.2086259911700488,96,97,57,5
5.6584707978786843,98,98,51,4
0.9131128112790573,100,101,58,0
5.9676198949480863,98,98,50,3
2.2203605928733201,102,103,49,6
6.0690310438816297,100,101,51,3
5.7760422265977933,100,101,54,4
3.6356488704284833,96,97,48,6
4.2469977122629556,100,100,51,7
4.3070223104308498,98,98,41,4
1.3419132247095686,96,97,56,2
2.1321356810262038,98,99,47,2
0.9267282946684878,102,103,49,2
5.7493827961858104,96,97,52,0
2.1296288060627071,98,99,46,1
1.5124125349468418,100,100,47,7
2.5314310701120117,100,100,41,5
2.6303131225943348,100,101,47,7
4.9112302166084412,100,101,54,4
6.0116694489201530,98,98,43,2
4.7250643774858538,96,97,47,5
3.7222288823469318,98,99,53,0
3.0181535435487916,100,101,60,0
1.3795569768669658,98,98,49,2
3.3151038492868845,96,97,43,3
4.9151173342034413,96,97,48,4
1.3851903016711689,98,98,52,3
2.0883912498619459,100,100,44,6
5.3048204624536952,98,98,53,6
0.6114735772860516,98,99,52,3
6.1266936455098557,100,101,46,6
2.3112088082063513,96,97,47,5
4.1186410664835948,96,96,50,2
1.4067562680245134,98,98,47,2
4.7952504636750142,98,99,48,3
4.8021453433126968,98,99,47,2
3.7076592906022094,100,101,54,2
4.7168088849417913,100,101,61,1
3.3548563497017216,100,100,50,0
0.3970435881416626,98,99,60,5
5.2127721736744483,100,101,48,6
0.3781936618003947,98,98,49,0
2.1922524195231312,94,95,47,4
4.1974653044816463,98,99,66,3
3.7039749263666231,98,99,54,3
5.1884986412402467,100,101,56,6
5.8790863085867118,96,97,52,0
0.2680678151645421,100,101,51,7
5.4357476218119194,100,100,58,2
2.6299607983293019,98,99,46,1
3.0428034217367124,98,99,51,0
6.0027619459703931,96,97,55,7
1.5161255617254088,98,99,61,4
3.8372518543412699,98,99,46,5
3.1625469758071274,98,99,56,3
3.4778600901737384,96,97,51,1
3.3655245472022401,100,100,50,4
2.1393307356245286,96,97,47,1
3.4276311634060503,98,98,43,2
0.6586857405961478,98,98,50,7
0.9972005263100759,96,97,47,1
4.3087011955289061,96,97,54,2
0.3061225479460952,100,101,50,2
3.1229900593208213,96,96,49,7
0.1181525271395531,96,96,52,6
2.1125281075495885,98,98,43,0
5.6741809735421382,100,101,51,1
0.2714478141279175,98,99,45,0
0.2518911186550857,98,99,45,0
4.5832481121992785,96,97,46,4
5.4636260885278434,98,98,55,2
1.2869549114558534,96,97,54,0
3.8416006928670670,98,99,51,6
4.4053493015665550,98,98,61,0
5.1448355378335577,98,98,62,1
1.8715392693340271,100,101,46,4
3.0878391616800376,100,101,52,2
2.8543349962235731,100,100,56,4
5.9798879589196501,96,97,46,0
4.1703157824282728,100,101,56,4
3.2355430777810121,100,100,57,7
2.8137538796641839,100,100,52,6
2.2889523114973609,100,101,58,6
4.7607098157991850,96,97,50,2
0.7124556057211321,94,94,46,7
4.8241040236213344,98,98,53,6
4.7313144540147398,98,99,58,5
0.5654702083762291,102,102,57,4
5.1106826852255995,96,96,44,6
3.7549895391212993,92,92,44,6
4.2124568133695472,100,101,56,2
1.3995586522687367,98,99,43,6
1.7894691583104601,100,101,45,1
5.7504945647255727,100,101,55,1
5.1989833515474659,98,99,55,0
5.6753272090289988,100,101,58,2
4.9658070461059953,98,99,48,5
5.6713925771605274,102,102,52,5
2.3452113461314568,102,103,48,7
1.5678623614091640,98,98,52,5
0.9250777494106545,98,99,45,6
4.8068654685755199,98,99,54,3
1.0072287518697831,100,100,44,4
4.4212470272562250,100,100,52,0
0.0591742157667440,100,100,55,5
0.7964508786199284,98,99,51,4
4.1510517398039450,102,103,62,5
2.9035647397807645,100,101,53,3
2.6430463368417687,98,99,56,1
5.9052752729902789,98,98,45,2
0.8557675444048919,96,96,55,5
4.3911245032134740,94,95,52,1
3.6236551983626724,100,101,53,5
5.0148176882387547,96,97,59,1
6.1972743510747792,100,101,56,0
3.8901282331704792,98,98,61,2
2.5747279994173953,100,100,48,4
2.1482807694861208,96,97,53,1
0.5109856013448387,96,97,50,6
2.0844910495961591,98,99,44,3
5.9848002951068828,100,101,46,4
1.0604289807256744,96,96,56,0
5.7341522284039312,98,99,59,6
0.0570126119800753,92,93,42,6
2.5864100175696350,100,101,50,2
4.2028039762361518,98,99,49,4
6.2469122025174340,98,99,52,7
2.4626883152541912,98,99,55,0
3.4845556796723902,98,99,55,0
2.9429689950706233,96,96,48,4
4.5104397228816566,98,99,51,6
2.2414347411523199,98,98,49,2
0.5787706917992881,98,98,48,1
5.0143299317993115,96,96,45,3
3.8049176754616330,96,96,50,6
4.4457494534032636,100,101,54,0
4.8666301484804038,100,100,59,5
4.4510545247636406,100,101,56,0
3.5925197539760605,98,99,50,5
5.8542242623467180,100,101,48,0
5.0587917556182687,100,101,51,5
0.6826532559727553,98,98,53,2
2.4679637490713722,98,98,45,6
4.9304406079154806,96,97,56,2
2.6875843571013349,98,99,51,2
3.8116621094581919,96,96,48,0
4.5461808164186106,96,96,49,5
5.3096024407518350,100,101,56,4
5.0770409459367078,100,101,49,3
0.2073031286342799,98,99,59,0
3.7476672874436661,98,99,56,1
1.6392171605574277,100,101,52,0
0.9076785654129818,100,101,52,0
5.7013987544688183,98,98,45,6
1.0716165634812347,98,99,46,7
1.0514620708601030,100,101,57,5
4.4045090072914279,100,101,47,1
6.0959831319315851,98,99,46,1
0.7929600304478985,98,99,40,7
2.9511446652666495,96,96,45,1
1.5385473112713781,100,101,49,5
5.3069609239030253,94,95,45,6
3.7507556149173094,100,100,45,7
1.4014253488116954,100,101,52,2
5.8287137269651828,98,98,57,4
5.5041345307859464,96,96,49,1
5.2258855066222658,100,101,50,6
5.4383927971666983,98,99,67,4
1.2887045638789627,98,99,44,3
2.3757844613192489,100,100,41,3
1.5893515139238574,100,101,41,7
1.6300087355917900,98,98,49,2
2.2834281018272162,96,97,53,7
5.9320070662468911,98,99,44,7
3.7548227533497132,100,101,51,7
2.7760377117092090,98,98,43,4
4.9620414494736762,98,99,58,5
2.0687582031912926,98,98,41,4
0.5907799444550750,98,99,50,7
5.6631526432088028,102,103,49,0
5.9487026193667267,98,99,45,0
3.8522853113653044,96,97,51,7
6.0752993712369303,96,97,56,4
1.3493470524293223,100,101,58,4
2.0938016087969831,100,101,55,7
4.9679744370312742,100,100,54,6
5.1223945732386023,98,99,55,6
3.0427661482392785,100,100,47,5
3.0179178140900782,98,98,46,5
2.1319799844517622,98,98,42,3
1.6745575912796504,100,101,55,3
1.7033151790440080,100,100,42,2
3.5503308556312589,98,99,48,5
3.0387492775742722,98,98,45,6
3.1176990502792838,98,99,43,6
1.3461299336314323,94,94,53,0
1.6355614669895617,100,100,53,7
3.3890457969090111,100,101,52,4
0.5663678031939795,98,99,49,2
2.1330550066356424,100,100,43,7
4.8732556144618648,96,96,54,2
2.1182238487102474,104,104,48,6
0.7754581230341063,100,101,56,4
6.0756551698706494,98,99,57,4
0.6401485196349920,100,101,53,3
0.1193781067521952,96,97,54,2
4.4725310549006556,98,99,54,7
4.0979773480136403,98,99,40,3
0.5798833907378834,100,101,59,7
0.4597952767029742,96,97,46,6
3.9548834627686626,100,101,58,0
1.7389052934447542,98,98,47,6
4.3579360921755033,98,99,53,6
4.0554255475560588,100,101,51,1
6.2480328979231503,100,101,56,4
3.1695796719360545,94,94,53,6
2.2902909997245300,98,99,47,2
5.7340392215289286,100,100,51,7
5.7070482569393430,98,99,51,6
0.4594488667794719,102,102,51,2
3.4098572906462343,98,99,43,6
0.4643406933512564,98,98,47,6
4.6137204161286212,96,97,57,3
1.7734935805338454,100,101,61,7
3.5042936693268603,100,101,62,4
4.3497372930477427,100,101,49,1
0.4963932925428787,96,97,54,2
4.3091323203328793,98,99,54,5
0.8173172630640105,98,99,50,1
0.5279160521050992,98,99,55,2
2.0477054357751001,98,98,49,2
1.4987658695515600,98,99,48,5
5.7277688496375161,100,101,60,4
4.2179827415385809,94,95,41,6
3.1035882007578905,96,97,49,5
3.9682694950857220,96,97,51,3
0.0846174756964553,98,99,46,5
1.5431435625953429,98,99,55,0
1.9889842661435020,98,99,54,1
6.0108732921878678,100,100,51,1
3.0415889505118736,98,98,48,5
2.5468271109945526,96,97,53,3
3.0420612445686706,100,100,53,3
4.4973845754393862,96,96,45,1
5.8312101696682053,100,100,47,7
3.6712584020196553,98,99,53,0
3.8130085689123643,98,98,47,6
