theta,t_count,h_count,s_count,w_count
5.8329692322153148,94,94,42,1
3.8393113624099384,92,92,50,2
1.8381115504136656,94,95,49,6
2.8956918660117870,94,95,46,3
4.0584581772360666,92,93,44,2
5.8081751333475262,94,95,45,6
3.8128019379043652,94,95,57,0
6.0102384400753284,92,93,51,3
0.8363489879718023,96,97,49,1
4.8768117288559241,92,92,51,7
3.8429167500215149,94,94,41,2
3.1718184532092870,94,95,48,7
1.0361864618463503,94,94,45,4
3.9778194173797505,96,97,53,3
3.3956491932728619,90,91,56,3
4.6940678488079168,94,95,49,0
4.7191470305201637,92,93,55,3
3.0705063838969715,92,93,47,1
0.6955569730074194,98,99,49,4
5.7317331241383380,94,94,40,1
5.8564249163017745,94,94,49,2
2.0468159115635070,94,94,50,3
3.9481226060279417,94,95,50,7
3.0095997471108635,98,98,45,4
3.9324671632035337,96,97,48,6
2.3243321259899048,92,93,64,6
0.3426807552823568,94,95,53,4
2.7645567273991709,94,95,45,6
5.5246875509050763,94,95,50,7
1.5120473752406840,96,97,57,7
5.6825661461078418,96,97,43,3
1.2659860599698973,94,95,45,4
4.3126003098137984,96,97,53,7
0.5802422789486307,92,93,42,0
1.4455566971660017,96,97,50,6
2.5032504889848246,94,94,39,4
4.6453662301337078,96,97,48,4
1.8328338503049870,94,95,39,2
1.1583698270482081,92,93,51,5
4.2544905580560037,96,97,51,1
2.6374444228658671,94,95,44,5
3.9415317848785083,94,94,52,7
3.4959416726536046,96,97,48,2
6.2310187033208591,94,94,49,6
3.7062959256835613,92,93,46,2
4.1325516728941922,96,97,45,3
4.8720513356979938,92,92,47,7
0.1555157103626413,94,94,40,5
5.4315819941851649,96,97,51,1
4.8157731159702557,96,97,56,2
1.8357120620489864,94,94,50,1
0.7816754561682618,96,96,61,7
2.4598060747611639,96,96,51,5
1.0516367347185058,94,94,55,6
0.7219684557128458,94,94,53,0
2.7539798695096058,94,95,49,4
4.4059985930721437,94,94,50,1
3.3643416380506230,96,96,50,4
3.9408573415224613,94,95,48,5
1.9549740554439483,92,93,55,7
4.7338364166897051,94,95,46,7
2.6862710911031233,94,95,47,6
4.4736588269446775,94,95,42,5
0.9746503270787336,94,94,57,6
0.6194733640999252,94,94,39,6
0.0519989006558460,96,97,43,7
4.8481287194724771,96,97,52,0
3.1021464452349616,92,93,52,2
5.2529087552038867,94,95,55,6
3.7868438403913540,94,95,46,5
1.2841291191319493,94,95,64,7
2.7573735535887365,94,94,48,3
3.8386480856305276,96,96,52,2
4.6759431578153396,90,90,54,1
3.6233953767756142,94,94,50,3
4.9649318293585702,94,94,52,7
5.5548736294439784,94,95,48,7
5.5527200307065865,92,92,50,0
3.2256990293588172,90,91,44,5
0.0643539554359439,94,95,54,5
5.9846427840297549,96,97,45,5
4.5687520775548798,94,95,44,5
4.8663715729187267,94,95,46,5
4.9782113710064815,96,97,46,2
6.1333160078952922,94,95,44,7
1.4067955271016357,96,96,53,1
0.7724387099750316,90,91,48,5
0.0839254374230269,94,94,52,1
3.2407058430733331,94,95,47,6
1.2668320329932132,96,97,47,1
2.8132294500310935,96,97,50,4
1.3931074579857363,94,95,55,6
5.0046998558520777,90,91,48,3
0.5120632410156809,90,90,41,0
2.5844114002673622,96,97,55,7
2.2721752422109880,94,95,53,4
1.6331771078055961,96,96,56,4
1.3130706448609730,90,91,50,7
4.2660330069787751,96,97,43,7
4.2941121111039626,94,95,50,1
0.8457711374491357,96,96,48,0
2.8875556025077294,94,95,51,4
5.8973869187229546,92,92,60,4
0.2475259700796515,94,94,53,4
5.2694997006665432,94,95,47,0
3.9902140889593309,94,94,43,4
0.9542304827015305,92,93,47,1
4.3857155503615859,94,95,42,1
0.0937268083195705,94,95,45,6
6.2084986772390227,94,95,44,1
1.9745886585506032,90,91,44,1
1.7792398656324431,94,94,43,4
3.3917897885500485,94,94,50,3
2.4570201288202163,96,97,48,4
1.0011206935860348,96,97,49,3
4.8087659178744087,92,92,53,1
5.0856427754832341,94,94,50,3
2.4644932223736253,94,94,56,1
0.0986441008640703,94,94,57,2
1.6130480451325873,94,95,52,5
6.1108387506243727,94,95,48,5
4.1805655070442782,94,95,49,0
4.6566884045788042,94,95,55,0
6.1705365365157432,96,97,52,6
4.7153562214038240,96,97,54,6
5.1711748186431512,92,92,45,1
2.1884697127758588,96,97,49,1
0.0046010679557506,92,92,56,6
2.2734765774744550,92,93,45,3
2.9909158681978392,92,93,46,4
5.1428905270919323,96,96,48,6
4.0875418562045116,90,90,43,0
0.5680057829605811,96,97,45,3
2.6663833912795147,94,94,43,2
4.7778791405750827,94,95,40,3
4.4801059131036514,90,91,49,0
5.2004567784534688,96,97,51,1
2.6661540198896398,90,90,51,0
0.9325499164975900,92,93,49,5
6.1949648760270852,96,96,40,0
2.0247336940141465,94,94,51,4
2.1798553007671004,94,95,62,5
6.2230056173625323,92,93,49,7
2.9530686753820192,96,97,48,0
0.2354556368851192,96,97,53,5
1.8749136546249747,90,91,53,6
3.2406852660595993,92,93,52,2
6.2556848463754937,94,95,55,2
3.7190099811896817,90,90,54,3
0.7256338989259024,94,94,41,0
1.4431427027121269,90,90,58,3
4.4879933026984169,96,97,46,2
0.6021286585766844,92,93,52,0
5.5542174318171122,92,92,50,6
5.0110195834608495,92,93,48,6
5.7929070764978761,94,95,57,2
4.0090676907047138,94,94,56,1
4.9447594026339186,96,96,45,3
6.2351660302909213,92,93,53,7
5.2460889546448586,94,94,53,2
4.9950069865700133,94,95,52,7
0.2893710767415281,94,94,47,0
5.1194236293434185,94,94,45,6
0.1745758303079967,96,97,47,5
4.7470395521007660,96,97,42,2
5.4642942250066096,92,93,48,6
5.0470777913562141,94,94,55,2
0.0558124057102011,96,97,46,2
0.3676057776554042,94,95,44,5
2.0187615018566083,96,96,55,7
6.0442692242799421,94,95,37,6
5.0665066926612914,94,95,54,5
2.8443448999874361,96,97,55,7
2.9373096227861533,92,93,43,3
0.1143131442004088,94,95,47,6
5.2709198753689819,92,92,48,2
2.7910154982645938,94,94,50,5
3.6537928506542641,94,95,47,6
0.8019803459426402,96,97,46,6
0.9682565325016370,96,97,49,3
2.3155360035441035,90,91,47,4
5.3160339075506746,86,87,42,3
2.6675734311838810,94,94,52,1
5.6240621941248561,88,89,50,4
6.2507747150742725,94,94,47,2
4.0675973663844944,96,97,50,6
2.9506710536040637,96,97,57,1
0.3458615621149043,94,94,49,4
4.2852339062667273,96,97,51,5
1.3287915886208101,96,97,43,1
1.6262619453190492,96,97,49,1
2.4226773845450356,94,94,44,7
6.2731565800502640,92,92,44,4
5.2253717129346926,94,95,53,0
3.7951520835569976,94,95,49,6
1.4228194231069118,94,95,48,7
1.1539983490187662,96,97,43,7
0.6578352731913555,98,98,50,1
5.9387795299875856,96,97,57,1
1.5897639364574128,94,94,43,4
4.1547285326675443,94,95,49,4
2.5905485768194496,94,94,50,7
0.8030148380749342,94,95,48,5
1.6286233398331571,90,90,38,3
5.9786946128900382,94,94,60,3
3.9310345652491376,96,96,51,3
5.7358517844661270,96,96,43,5
0.0645385093834019,90,91,47,4
4.5682970667866512,92,92,54,4
4.7092295646901468,94,95,54,1
6.0132576279949026,96,96,43,1
1.1619120805716217,94,94,48,7
6.0802961390863093,94,94,50,5
3.3434243330197884,94,94,51,2
3.3531875109346494,96,97,43,3
5.7387823306081884,94,94,47,2
0.3869463970960658,94,94,51,4
4.8580381257858436,90,90,46,7
4.8340692654774537,96,97,55,3
5.6269170077957460,94,95,47,0
0.8679812018108716,92,92,48,2
1.1673005479278586,96,96,43,3
2.1983303962096579,94,94,52,7
1.5383401701381847,94,94,43,0
2.2984226001385442,96,97,46,2
4.5402279381739126,92,93,50,2
4.4937451287324350,92,93,50,4
4.2383050024145152,92,93,42,2
2.2693281768929294,94,95,46,1
0.2850069308927435,94,95,39,0
4.3747664002681592,96,97,58,2
3.8350538086532637,96,97,52,4
3.8491670761457919,94,95,54,5
0.8003765724845447,88,89,54,2
5.9580001223189925,94,94,47,2
4.8409370261445952,94,94,49,6
4.5426670393426187,94,95,45,6
2.4783746744537667,94,94,52,5
0.6301025623368304,92,92,54,6
5.3640233050440536,94,95,47,4
5.5381886963758289,90,91,42,3
3.5030887154470061,96,96,39,1
1.4944684751709416,90,91,39,6
2.1690654324425558,92,93,46,2
6.1732105955295564,92,93,51,7
4.0302017018699781,96,97,49,7
4.9746814457490949,94,95,51,4
4.9133990530472698,96,97,50,4
5.3766079826786521,94,94,47,0
5.3214795157742039,94,95,46,3
2.4987842424096285,96,96,51,7
5.1513782611895884,92,93,47,1
3.8265583987728200,86,87,45,6
5.2041813039270561,96,96,55,3
0.1780360897192301,94,95,43,0
0.8625774184925087,94,94,53,0
3.5561160722041669,96,96,49,1
1.5539313591237520,96,97,53,1
3.9239479273959423,96,97,58,2
2.8968832165972276,98,98,50,3
5.1441133795840326,94,95,45,0
5.3288920026905089,96,97,54,6
0.5473045558775306,92,93,47,1
0.7607050067126720,96,96,46,0
5.5189240569104010,96,96,51,3
5.4591779986777151,94,95,44,7
0.5709769011881713,96,96,57,1
5.4323287977585624,96,97,53,3
2.6822344534844689,94,95,57,2
1.2980274395027787,94,95,43,4
4.2876751784201543,90,91,52,7
2.8416967603151977,94,94,42,5
5.2167434566438144,94,95,54,3
4.4349001959898464,94,95,53,6
0.1278676547802416,94,95,46,1
1.8422840179696616,94,95,47,4
2.9173491682756456,94,95,44,3
3.6924379015875259,96,97,51,7
4.3828653222136920,94,94,51,2
2.2768075590387666,96,96,51,3
2.3819977735030906,98,98,41,0
3.7510371471982902,96,97,54,4
3.6713638133553119,92,92,42,4
3.8082391784858038,88,88,49,7
0.5696082594077577,94,95,48,3
4.8835409978812585,94,95,46,1
5.2045709522611254,90,91,44,1
5.8533234644073113,94,95,51,0
4.2083744930246691,92,92,50,2
2.5544126108677347,92,92,54,2
5.8593386287804181,90,90,43,0
0.5169579440520474,96,97,48,0
5.4022565558043212,96,97,51,3
5.3886334102504190,92,93,49,1
4.7307320904225580,94,94,46,1
1.7921419607153206,90,91,38,7
5.0809453303837770,96,97,43,5
3.8450208358658613,96,96,46,2
1.4822975573537291,94,94,46,1
5.7613117174689217,96,97,51,5
4.8875261761566042,92,93,49,1
2.1729574083245882,94,95,55,4
6.1597382165526469,96,97,38,2
5.1905000952238600,94,95,49,4
1.5260976733117471,92,92,43,3
4.6638701223604029,96,97,44,0
3.5118385200714579,94,95,50,3
6.0709501059180919,90,90,39,4
2.1342734420923430,90,91,51,2
1.5838660570195864,92,93,53,1
2.9484656589321672,94,95,55,2
2.2862749279485439,94,94,54,5
1.1278137274223592,96,96,44,2
3.3690779497001939,92,92,48,6
1.1449872174105595,94,95,44,7
1.6648150943859750,94,95,55,6
2.1999963361254422,92,93,51,1
4.7503805642856571,96,97,51,7
0.2942081799400998,94,95,52,7
2.2850858181292169,94,95,54,5
2.1429896692781534,96,96,48,0
4.4500986254815382,94,95,54,3
3.8175921297630548,92,92,44,2
3.0396354859291277,94,95,55,2
5.1544783079074366,96,97,50,2
2.4768770679889478,92,93,53,1
2.7092974233731502,92,93,51,3
4.1456016648442064,96,96,48,4
3.5403443227561664,94,95,46,3
4.6924008149110552,92,92,53,3
2.8205487230504214,96,96,50,2
2.0324038966161337,84,85,44,6
3.8831870120385905,94,95,43,2
0.8989080898423085,94,95,48,1
0.6539060919540618,92,92,46,2
3.5835450579095798,94,95,49,2
5.2223354288009434,94,94,54,7
5.6935713327625423,92,92,46,6
1.7009330445018316,96,96,50,6
5.2842765747406393,92,93,51,1
3.2728950980161167,96,97,48,6
1.1351735995593206,94,94,47,6
3.6533184239837895,96,97,51,3
5.6232168792368702,92,92,52,4
2.0372797021921119,96,97,47,1
2.8756697793715160,94,94,51,0
5.3637391637664011,94,94,52,1
5.3941122807720729,96,97,48,0
1.3763864091690123,92,92,57,7
1.4489977747465461,94,95,40,5
2.2157537256989568,94,95,45,4
4.8072641046604723,98,99,51,2
2.0799739833460134,96,97,53,3
4.9385026153871738,92,92,36,2
4.9227348509481201,94,95,54,3
3.8748809484115920,96,97,58,2
4.0380900333055934,96,96,44,4
0.2413367372481236,94,95,47,2
2.9796028747635388,94,95,44,1
3.3899031910497897,92,92,48,0
3.6425920998479393,92,93,41,3
3.3712639036365606,92,93,49,7
0.0849689377128278,94,94,48,5
5.7465690278882331,94,95,44,1
3.3788436599562441,90,91,52,1
3.4317381329127752,92,93,42,6
0.3238663081555365,94,95,52,3
6.2368438690685037,94,95,45,2
2.0811806819764658,88,89,52,0
1.0787771021757364,94,95,49,2
5.8483433355963799,96,97,52,4
4.2711696379110151,94,95,44,3
2.6462120988281890,94,95,50,3
3.4426647772664989,92,92,39,1
3.6181026551958650,92,92,48,2
6.0692441335421208,96,96,51,1
5.5978905706938642,94,94,52,1
3.8267990579290960,94,95,40,7
5.5041400707418280,92,92,53,1
0.1299032215729541,94,94,38,5
4.9275667443993170,96,97,51,1
4.9932560472679617,94,95,46,5
6.1659849271588687,96,96,44,2
2.0892666134475784,96,97,42,2
4.9082503420428756,92,93,49,7
3.1010575721607685,92,93,50,0
3.5019678779500625,94,95,44,3
4.3882583372945119,96,97,59,3
0.5439427001296481,96,96,45,5
3.1052862352637649,94,94,50,1
5.8117672735242785,96,97,46,4
1.5407643444703054,90,91,45,4
0.6926051999088275,96,97,57,5
1.0519362399495340,98,99,56,5
6.1786992064639952,94,94,50,3
3.6729073727146213,92,93,53,3
3.6792935767738291,96,96,40,4
4.9920533704551247,94,95,45,2
1.1042902947429123,96,96,51,5
6.1470710521914427,94,95,50,5
3.2191340939337310,92,92,50,4
0.4197166336913760,94,95,48,7
3.3393847990212011,94,95,58,7
2.1185606788972535,94,95,54,5
0.6306682190148873,88,89,43,1
3.1670137759594139,92,92,45,7
4.8612744251706550,92,93,44,2
5.9860983722012211,92,93,46,0
1.1487576909934631,92,93,40,6
5.4595604094107220,94,94,51,4
4.5646399981930372,96,97,49,3
3.0964314670385358,92,93,56,4
3.6482945887218245,94,95,54,3
3.1848427619883490,94,94,49,6
1.4502859300450393,96,97,49,3
3.5669141454302000,90,91,52,3
5.3125311722156523,94,94,53,0
5.8684345866616949,96,96,49,5
2.6350780238362952,94,95,45,2
2.4527066469789793,94,95,42,5
5.7115601806645273,96,97,58,4
0.4673390496447363,94,95,66,7
5.3342532960064428,86,87,51,6
4.4834565482007847,96,97,55,3
2.7103514085304168,92,93,50,4
0.4184702490777010,94,95,44,7
3.4850253721122031,96,96,58,4
1.9017790450230212,94,94,49,6
5.6153390892242836,94,94,50,7
2.4580397591613026,94,94,56,3
0.4281402847840825,94,95,49,2
1.1238407465511426,94,95,49,6
1.9545037340228399,94,94,54,5
2.1968114942137422,92,93,61,3
0.8435280825761623,96,96,62,2
5.9083035175973500,94,95,48,3
5.1340291552086192,94,94,52,1
6.1323089312217069,96,97,50,6
4.3370231651685973,94,94,51,4
4.4259593822104462,88,88,38,6
5.1303289462655837,94,94,53,0
3.6960200753443604,94,94,42,5
2.6403438521786611,98,99,49,4
5.0585161748819791,94,95,39,6
4.2273000654456352,96,97,54,0
3.8180240521645779,94,95,47,2
4.0468212799989987,94,94,48,3
4.9749087803068139,96,96,43,1
2.3161570000282956,94,95,42,5
4.1645565077682756,96,96,36,4
0.2254882712140512,90,90,51,4
5.3696954417796672,92,93,42,2
5.5589105581646860,92,93,47,5
1.1735380170314662,94,94,44,5
1.9783242298109873,94,94,50,7
3.9392647829336505,96,97,42,0
0.6411927239260600,102,103,50,7
1.2430245759703247,92,93,54,6
1.1029467963466324,94,94,51,6
5.5444177576612530,96,97,57,5
0.6014926924300228,96,97,55,1
3.6254781757865335,94,94,45,0
1.3794472440267476,94,95,41,4
3.9432405509428889,94,95,44,1
3.7400241130415561,94,95,47,6
5.6873934136842577,94,95,46,7
1.1822387051546450,94,95,53,2
1.7952818662147438,96,97,47,1
2.0150792083329243,94,94,49,6
3.4585598262513733,94,94,48,3
6.2198034503358111,94,95,58,1
2.9736508063641875,94,95,52,3
3.2757143553771031,96,96,52,2
3.5544979988310423,96,96,50,0
3.5532824043686850,94,94,44,5
5.8763684308886424,96,96,47,1
1.4022946308524196,94,95,45,6
4.1267345686315444,94,95,54,1
2.7451767175743198,92,92,46,6
0.0546171174275022,96,96,44,6
3.6643291358495693,94,95,49,2
1.9523169527686606,94,95,51,6
3.2669395346178414,94,94,47,0
2.8719880721633739,92,93,55,7
2.5632321161429812,92,92,56,2
4.0364963979584845,88,89,40,4
0.0676113407036415,96,96,54,6
4.8954774299641848,94,95,51,0
3.8775865485549774,94,94,43,6
3.7508630942930927,94,94,45,0
3.7271154914669173,96,97,47,3
1.6974588807177653,96,97,58,4
4.8460752298935041,94,95,46,1
3.5518028633640051,94,95,54,7
5.2395428354753903,94,94,43,4
2.5340972985273313,90,90,39,6
4.6422874646944985,94,95,52,1
4.6627284727193929,96,97,60,2
5.9992426295168011,96,97,52,2
2.2781374724865864,94,95,56,7
0.6783196269606734,92,92,40,2
2.0878372782350496,92,93,58,2
3.8374819719746376,92,92,48,0
3.7419232538891509,94,94,48,5
5.0379011393617441,94,95,56,3
5.0991332118501314,94,95,49,2
2.3731178274359110,94,94,41,0
6.1080707791459288,96,97,51,7
4.6102379864514003,96,97,63,1
1.0788234066761566,94,95,45,6
1.0973607577370998,94,94,52,3
4.1268465146268190,92,93,44,2
4.8183424092328826,94,95,45,4
3.5888011013890653,94,95,53,2
0.0287833737313197,96,97,59,3
2.4308905853505225,94,95,47,0
4.0983069420719120,94,94,53,2
0.5131762624824494,94,94,50,5
5.8677713812265244,96,97,50,6
3.9050564664783356,92,93,60,0
3.1617737471167469,94,95,49,0
3.1816347243324263,94,95,45,0
5.1424701352751194,94,95,51,2
3.3007529347561646,86,86,44,3
3.4173821853935769,92,92,53,5
1.0160389370702745,92,93,40,6
0.4494605363224320,94,95,49,0
5.6962267038201873,94,95,49,6
1.7205632866488292,96,96,49,3
5.3684356384800438,94,95,53,4
4.4120674129256328,94,94,49,0
5.5403643847910891,94,95,47,4
1.0884780545866017,96,97,54,0
2.5786598276085764,94,95,51,2
4.2926447127283422,96,96,53,7
5.7271639330354596,94,95,44,1
5.5826202246465524,98,98,44,7
1.7374845948901685,94,95,57,4
5.3894703774141410,96,97,51,3
5.8056379414472703,92,93,48,6
0.4275085036315244,96,97,53,5
2.0602716538082686,94,94,43,6
3.8162488323338120,92,92,49,3
0.3500162478528223,92,93,55,5
2.9640540501623156,94,94,39,0
6.0624259700061227,94,94,50,5
5.2373354843609281,94,95,46,7
5.5488454751154777,94,95,41,2
2.1935540248537682,94,95,47,0
3.7195827415892264,92,93,49,5
1.5917364206216622,96,97,53,7
4.5247718070286398,90,90,41,2
3.9837324363828945,92,92,47,1
5.6503327025032908,96,97,54,2
4.9405355313147945,92,93,49,1
1.9953190643177494,96,96,38,2
5.4053708788679122,94,95,52,7
4.0993409218813390,94,95,52,7
3.9028022980208465,92,93,53,7
6.0002893822827703,96,97,48,2
6.1111664974352049,98,99,44,3
6.0067363551637936,96,96,47,1
1.8279623898744308,94,94,43,6
1.9822198085444891,92,93,38,4
4.8913702399218275,94,94,52,7
1.8964393975441891,98,99,49,0
2.4157315850587784,90,90,49,0
3.6086842564278427,94,95,46,5
5.1237480955379615,94,94,60,3
2.7232374669696759,96,97,55,7
0.2134006747490408,96,96,51,7
2.2037438648946397,92,92,45,5
6.1199564676992386,96,97,45,3
1.3608666207707210,94,94,46,3
3.2539979951652009,94,95,51,6
5.9106124192958198,94,95,42,1
4.6602656249499672,96,97,53,1
2.1796052583927317,94,95,50,5
5.3423395137444878,94,95,57,6
4.5473062413730707,94,94,52,3
1.6139777831274829,92,93,48,6
6.2431494225940725,94,95,56,3
4.7146406994413459,94,95,44,1
4.3077085144874037,94,95,50,7
2.4810468741667431,96,97,54,6
0.7937734626157557,94,95,53,4
4.3382089339208285,94,95,48,3
1.1247672015859016,96,96,54,4
1.9819638171637293,94,94,49,6
1.1000946337047948,92,93,58,4
3.1178861400097246,92,92,39,7
2.3391813240223329,94,94,50,1
0.1038069757198887,94,95,53,4
2.2531157777024617,96,97,48,2
0.2603967435893664,94,95,55,6
2.2225243544812123,92,93,51,1
1.4707475135411359,94,95,50,3
5.7425463915882586,92,93,61,5
0.2960962999419043,94,95,50,7
4.1390570622636407,96,97,51,5
1.6766895127412020,94,95,52,3
2.3972797803174455,90,90,53,2
0.3589837166523243,96,97,54,2
0.4872388468945271,96,97,57,3
2.2597317723551695,94,95,51,2
0.3893371338191685,98,99,45,0
2.1050575290475320,94,95,49,4
2.8998216929390184,94,95,51,0
5.8570604583331622,92,92,50,2
5.9838893375720428,92,92,54,6
3.7446918889438248,92,93,54,6
3.4608780379208790,96,97,47,3
5.7734655604051648,94,94,46,5
3.4254645254949398,92,92,47,3
4.7600678010240642,94,95,54,7
0.4682282925534327,96,96,56,2
0.0609729328675672,94,95,44,7
1.9237066964753531,92,93,47,7
0.1450358034469492,94,95,40,1
2.5883523392262160,94,94,47,2
4.0332213180922718,92,93,58,0
3.6293720619644381,90,91,47,2
3.7420411547315280,96,97,58,2
0.0029694149503912,96,97,49,1
1.3777228417877123,96,96,46,0
4.8023302613114982,90,90,49,6
4.9491806755984431,90,91,39,6
2.8441753002619992,96,97,47,7
1.9546921474023184,96,96,55,5
6.1731098920505465,98,99,52,1
1.8669329250027451,94,94,48,1
0.6936224489125928,96,96,45,3
3.2488105619722201,96,97,54,6
0.4888770014799891,94,95,43,4
6.2391958857095169,96,97,44,6
1.2021335486291702,92,93,46,6
1.7667277805877750,96,96,45,1
1.6334035876627513,90,91,49,2
3.8009431852179851,94,94,47,6
4.8493073459428029,94,95,60,3
6.1970798206415347,94,94,45,6
0.4745730431832554,96,97,53,7
3.2156388298104481,94,95,51,4
4.3964471616764991,94,95,57,2
1.7807248275698848,90,91,49,2
1.9214959839173151,96,97,47,1
1.7403831564529293,96,97,48,4
1.4163959770411592,92,93,59,1
4.9221733900144153,94,95,47,4
5.9068311371725235,90,90,49,6
2.2600814934805151,96,97,44,4
0.5326862723556713,96,96,48,4
4.0290224210261609,94,95,47,4
1.6898992877919625,92,93,52,0
2.7970854252595694,94,95,46,7
6.0154905951400490,94,94,51,4
4.6826531243689091,88,89,46,0
4.3266460839202230,94,94,47,6
5.0752114253274740,94,94,53,0
2.7635353806527281,94,95,42,5
0.9277081239692719,86,87,46,5
2.4233077007209394,96,97,44,2
3.3055838004331597,96,96,56,4
3.6950934536471629,94,95,60,5
0.0909300049979383,92,92,43,3
2.0306417733096085,94,94,53,6
5.0605848423949302,96,97,52,6
4.1633135687164131,94,95,46,5
3.9817802634572348,96,97,61,1
2.7287215980087787,94,95,44,5
4.0026712756521015,94,95,44,7
3.9098526616656772,96,97,54,6
4.5535711209639613,94,95,37,4
1.6917193596564415,96,97,48,0
0.3875638155306736,94,95,45,0
4.5594120786443648,94,94,44,3
3.2221275416904689,94,95,51,0
2.5677486328485215,92,93,48,2
0.5591362855255330,96,96,42,2
2.4054901876751273,94,95,45,4
0.8745474066198303,94,95,49,4
4.3254758024757045,96,97,55,5
1.4344987601530792,92,93,52,2
0.6042610616420321,96,97,48,2
2.6720697897743149,102,102,52,1
4.6844456548986075,90,91,42,7
1.9644630852718097,94,95,45,4
2.9492103616800365,94,95,43,0
0.6318891643372710,94,95,50,1
5.1656823934388587,98,99,53,4
0.9342575928491045,92,93,38,2
4.0963082165905860,94,94,56,7
2.4374144699989779,96,97,45,3
0.9969151164428294,94,95,45,4
4.9611378941973996,92,93,47,1
3.9854847369182647,94,95,47,2
6.1151777665841180,94,94,47,4
5.7238438886537457,94,95,53,4
2.9971642371443505,94,95,49,4
5.4671577166112204,92,93,55,7
0.9436528689851098,94,95,57,4
5.1875092075628944,94,95,52,1
4.8034851143678781,94,95,57,4
0.6340717274634382,96,96,62,2
4.5188007491528914,92,93,42,0
5.3038957815274177,92,92,44,2
5.7666383100649234,96,96,61,1
5.0326629811471042,94,95,42,7
1.3477529024908637,94,94,50,5
0.9004447657303207,94,95,45,4
4.3104267182257043,96,97,56,0
1.7812023738134108,90,91,57,4
3.1343665198069099,98,98,49,4
0.3040947371057042,92,92,49,3
0.9040156220489438,98,99,51,2
2.2613106173964810,96,97,39,7
3.8159297837826323,94,94,57,6
2.4574525230664275,94,95,53,4
3.2764557454758991,94,94,50,7
3.2760864854849809,94,95,51,0
5.0858993865868136,96,97,51,5
1.4643425147418820,96,97,53,1
1.8761784082430097,94,94,46,3
3.3700261135809670,96,97,49,1
5.5715449496175786,94,94,53,0
0.1837330904711756,94,95,48,3
5.7177213032000216,92,93,43,3
0.1778653331024545,94,94,49,6
2.8241238362381167,94,94,48,3
3.7540228435046870,92,92,51,1
4.7912419040917298,94,94,55,2
4.7697139781561875,96,97,45,7
3.1985908394304889,96,97,55,3
1.7362524428633048,94,94,52,1
0.2824758579119889,96,97,60,0
2.3198078902309289,96,97,49,7
4.7543305104535953,96,96,43,3
2.6606565174043726,94,94,44,1
2.8867472524201081,94,95,42,7
1.4762532154747245,96,96,48,0
0.9124443490129390,96,97,48,0
5.3398113309239088,90,90,46,7
0.2592886644256355,96,97,58,6
0.6706415423676896,92,92,49,1
1.4439019783507459,92,93,48,0
2.0366960225720807,94,94,45,4
2.1118955120659497,96,97,54,6
2.6612474309856995,94,94,53,6
4.3179062756715920,96,97,53,1
3.9922070363777746,92,93,43,7
3.4191072342091617,96,97,51,5
3.3831879531857627,94,94,48,5
1.2745538663176108,94,95,50,1
0.9644695041280466,96,97,53,5
4.0126129724424926,96,97,49,5
3.4621766138280545,90,91,45,0
0.5999479494809474,96,97,52,0
4.0819962562153105,96,97,54,2
4.1036873089844095,90,91,35,2
1.1068992757562803,94,94,45,2
2.4852991372706841,96,97,44,2
3.6543679345966624,94,95,49,4
0.1129844471467622,94,95,57,6
0.7660876741789833,92,92,59,7
0.0256564065354438,96,97,48,6
4.9578568472391140,94,95,40,5
4.7515687539483782,94,94,46,1
1.3189974965661999,92,93,42,0
0.2065501028636122,92,93,47,1
1.2326153677193108,92,93,57,5
1.9076421463604654,96,97,51,5
0.3942974242453053,92,93,50,0
5.3973151785466609,92,93,46,4
3.8892754344421596,96,97,51,5
0.7272233684515446,96,97,50,0
4.2225048811285095,98,98,51,4
4.9714788724800876,96,97,51,3
2.0972317639497695,96,97,55,5
1.3746696772353391,94,95,50,5
5.4645586053258128,92,93,49,3
1.8866410780578928,90,91,52,5
2.3445452109310607,92,93,51,3
4.6722552016902075,94,95,52,3
6.0728917664640827,92,92,44,4
4.1865495182606338,92,93,37,7
3.2600732986781402,94,94,44,3
1.4065445638188969,94,95,43,0
0.6641845182950010,96,97,44,0
0.8100371013325215,96,96,51,3
4.4988765447734398,94,95,52,5
6.0133420673091642,96,97,50,2
4.7130937323077804,90,91,56,7
1.7054731454628145,90,91,47,0
6.1130068057839120,96,97,53,7
3.3523446245840205,94,95,60,7
5.8738100446040065,94,95,51,2
3.5348081894884524,94,95,53,0
1.8366260148079070,94,95,45,0
0.6022159093502516,94,94,47,2
1.1933708825416232,92,93,50,0
5.2249915717111577,94,95,40,5
2.1560207295086129,96,97,57,1
2.2414970957551206,94,95,54,3
4.5220619137030358,94,95,50,7
0.1224463501238248,96,96,47,3
2.3475215898980024,90,90,48,7
4.5302245166069728,94,95,51,6
0.2504231026849713,92,93,47,1
0.2104354179863861,92,92,50,4
3.7250819595355975,94,95,54,7
1.9300103724915887,92,92,40,4
0.2934039513083581,94,95,53,0
3.6998098179646091,94,95,48,5
5.4059499181308395,94,95,46,5
5.1175098571362421,94,94,44,3
4.2279684412293017,92,93,51,3
1.1191634604052580,94,95,55,4
2.2659506901399378,94,94,44,3
5.9191161996061981,94,95,51,6
0.2412996191631804,92,92,45,5
2.5948132255442480,94,95,46,5
5.2905333117762741,94,95,46,7
1.4627454937796220,94,94,50,1
4.9649228355851642,94,95,47,0
4.5805402498500136,94,95,44,1
1.3479998551648180,96,96,54,2
2.1567656281695884,96,97,48,2
3.6703738638148407,94,95,45,6
6.1557306272915673,96,97,52,4
5.8012187473799015,96,97,50,4
3.2342229647841063,94,95,49,0
0.4211324944249641,96,96,46,2
2.5153999666346034,96,96,56,2
4.0232803974603693,94,95,49,2
1.1055138014528503,94,95,46,3
4.5848874372151354,94,94,58,1
0.1396137415710804,86,86,43,2
1.3516846289702560,94,95,52,5
0.7658150806245169,96,97,44,6
0.4558429044943808,96,96,49,3
4.0657187872174090,94,95,46,3
3.0028570855964221,94,95,52,1
1.0694205395029028,92,92,45,1
0.3611738209851995,90,91,50,3
3.4537706350840258,96,96,47,7
6.0818307087218360,94,95,58,3
4.1383648352890283,94,95,58,7
3.0717994461252291,96,96,47,5
0.7508989135126504,92,93,40,0
0.1051972192134576,94,95,53,2
4.2447929864319551,98,99,50,1
5.3659169036326126,94,95,53,4
4.7146533782364148,94,94,54,7
6.0515643620716801,90,90,54,5
1.8348662848494670,94,95,53,6
2.3694051642592213,96,97,52,4
5.8129771598729683,90,91,53,4
4.8309830047576616,94,95,49,0
4.8797921892730161,96,96,56,2
5.7251814929873186,94,95,53,6
5.7059207277690538,94,94,48,7
5.2672215220213259,94,94,42,7
1.5809838488757824,94,95,50,1
4.0335628105978181,96,97,59,3
3.3135920314259080,88,89,48,2
3.7075723639441049,92,93,46,6
4.4342041320463466,94,94,44,1
5.4534909228120387,94,95,41,2
2.5885366972061084,94,95,56,1
0.6626087966163687,92,92,45,5
3.8520584728031380,94,94,51,6
4.4817534981776648,96,97,46,4
3.1900619472046938,94,95,53,4
2.1321750683972844,94,95,51,0
4.1710784154014391,94,95,52,3
0.3598837782758495,90,91,55,4
4.7423694334971431,94,94,59,4
2.8867445021083138,94,95,42,3
3.6779220490905002,96,97,55,7
0.8364709871944560,96,96,48,0
0.3267235389235754,96,96,49,3
2.1675373867049395,96,96,53,7
5.7212309367693406,96,97,48,6
6.0557948059608364,92,93,54,4
3.4225407791085587,94,95,50,7
4.0092540886962214,92,93,39,7
0.2886729893367122,94,94,48,7
0.9801083033087289,92,93,50,0
2.5408191733660224,94,94,41,4
3.3143273111890057,94,95,50,1
2.4552083759735748,94,95,53,4
2.9099653626776982,90,91,47,4
2.6747889477295268,94,95,43,6
5.0883488771048713,92,93,42,6
0.4740909808056218,92,93,46,2
3.2862439512352908,94,94,49,6
1.9328370561708270,96,97,51,7
2.3303232963557874,94,95,48,5
4.2525049082515620,94,95,49,4
2.4015031602425285,88,88,47,5
2.1797967962666487,94,95,52,5
6.1563785877959738,92,93,56,0
5.4833311975834338,96,97,49,3
4.5597209693066612,92,92,45,7
1.2775412706477371,94,95,49,6
5.6541102790316993,96,96,47,1
3.7917952753473152,94,94,48,3
3.5281144367896178,94,94,51,2
0.2373531678439055,90,90,34,5
0.7962608015119405,94,94,51,2
5.8689563472279405,96,97,53,7
6.1158457904979064,94,95,56,5
2.4730253136146998,94,95,53,6
5.0839027075657661,96,97,42,2
0.3849945448919519,94,95,41,2
2.1981262651702735,96,96,49,5
3.2241274382568039,94,94,51,4
0.8360269202780370,94,94,48,1
2.3794396909200883,92,93,40,0
2.2698275570098474,96,96,48,0
6.1625769049853556,94,95,48,5
4.8119082878001205,96,97,49,5
5.2701699928191381,94,94,49,6
4.6255653318087617,94,94,64,7
5.6152701580236668,96,97,41,7
2.8671619955989844,96,97,52,2
4.7404636407819973,88,89,45,3
0.6686807766962805,94,95,54,7
2.6642758596449054,94,94,46,5
4.5697773860823254,92,93,53,1
4.9909476280152925,96,97,47,3
1.1471705736721760,94,95,56,7
2.5884932593561341,96,97,54,4
2.7848599911800633,94,95,53,0
0.7132453641881161,98,99,40,3
2.1015069150992476,96,97,56,4
4.2793075697320910,94,94,46,1
1.8655384049494075,92,92,32,0
2.5156102804442910,96,97,47,3
1.7667911346051310,96,97,50,6
1.5643774992856951,90,90,49,2
3.6353345216369717,92,92,56,0
3.1117208978023285,92,92,46,6
0.7803397196941421,96,97,51,7
4.3865522068514693,92,93,45,5
0.5729416717345371,92,93,46,2
0.7548710948274475,92,93,52,2
2.0876066031292155,94,95,54,7
2.2529581823252496,94,94,54,5
1.8803775376955156,92,92,48,2
2.2568617088945953,96,97,60,2
4.5943285355527834,94,94,44,5
5.3638827358337231,92,93,42,4
5.5672835742093181,94,95,55,4
4.8465398637362700,94,94,50,7
4.3291308149814141,96,97,51,5
3.3937195385711321,94,94,54,7
0.6342247477924349,94,95,44,1
0.0891500509772678,94,95,50,7
4.4956358262953309,94,94,42,3
4.2017704764556765,94,95,46,7
2.4067315073054294,90,91,42,1
2.0872160432321576,94,94,43,0
0.1852504000110975,94,95,51,0
5.6753248855794949,96,97,55,1
3.4512886028389018,94,95,46,7
0.1075452799508462,96,97,55,1
2.2254852191165688,96,97,50,2
4.2987917834313922,96,96,46,6
3.8139895762556293,96,97,44,0
0.3299573010069580,94,95,48,3
0.9219508353241992,96,96,49,7
4.2331916851147451,96,96,50,6
2.2918119220394075,96,96,58,0
0.5409419043043203,90,91,47,6
3.4648475169159250,96,97,47,7
3.2439406947550702,92,93,43,1
2.7595547996660157,92,93,50,6
2.0049993582828733,94,94,44,3
4.6922442339886921,94,95,56,5
5.1454596481623556,94,94,51,6
2.6105605377900343,96,97,60,6
5.1337783565445729,94,95,45,2
4.4740893994368456,88,89,42,0
2.9012464540927949,94,95,62,5
4.0091710930365823,94,95,52,1
0.2973968304834005,96,97,46,6
0.6150745651767050,94,95,56,1
1.0902043867360687,88,88,37,7
0.5190362604352832,94,94,52,5
6.0353996621145489,96,97,62,0
5.0017114560070839,94,95,46,5
2.1676299721216856,94,94,34,3
4.1166886058688545,96,97,50,2
3.9941885857900790,94,94,49,4
0.1342000559905987,90,91,54,3
4.3552706995202231,94,95,44,7
1.8870390196021156,94,94,54,7
6.1440311882567817,92,93,52,6
3.7170213501427924,96,96,55,1
0.2281791190097816,92,93,45,1
6.1713550963078498,94,94,43,0
0.2966132106776674,94,95,45,6
1.3469474110150581,92,92,47,3
4.9912723380771284,92,92,46,4
5.1415712448661495,94,95,55,2
0.8535883774000145,94,95,57,6
3.5873045409405830,96,97,47,1
1.5596171699671613,92,93,56,4
1.2631197129382197,92,92,39,5
4.3707702323680309,96,97,51,7
3.5150523081093663,92,92,44,2
5.5633837688513168,94,95,55,2
1.6192632809590244,92,93,46,2
6.0790357329806373,94,95,54,7
5.4740787559890212,98,98,55,6
0.1275692913722988,94,95,53,0
3.2424677527098269,92,93,51,7
2.1067091288971609,92,93,51,1
2.1508432578257191,94,94,49,4
1.9694058292916763,94,95,49,2
2.5300023317230411,90,90,53,0
4.0210318211058391,84,85,49,7
1.2042712180758146,94,94,47,0
5.7652749236392120,94,95,42,5
4.9719851589585131,102,103,48,1
4.3932615979882952,94,95,44,7
3.7323716085759688,94,95,49,2
2.9580684645565687,94,95,48,5
3.8443643054244561,94,94,53,2
1.6836308083867311,94,95,52,1
2.7236519589494668,96,96,40,6
3.4736849879398028,90,90,55,2
2.0460661694430224,96,96,53,3
0.9995339762360929,96,97,50,4
5.7302750331043679,92,92,50,2
3.6134314075437395,90,91,43,2
4.6558727420090733,92,93,51,7
3.0776370858859314,94,94,46,7
3.8774780462347591,92,93,51,5
1.3795681271189821,92,92,49,1
0.8812887788119680,94,95,46,5
1.6304938428888474,92,93,51,1
1.5174031198090272,92,92,45,5
3.7707673231570671,96,97,44,6
1.2269718983692970,94,95,57,2
1.5781059290872712,96,96,51,3
4.7121934094919480,88,89,48,6
2.0861639697804484,92,93,60,6
6.1032406646390580,94,94,46,5
5.4711494038122535,92,93,46,2
2.9297870252049183,96,96,49,7
0.9216237728571255,94,94,41,2
0.2750989280886769,94,95,44,1
1.4450627590727265,96,96,50,4
2.2905674719996858,94,95,57,0
5.4040549902352657,94,94,45,6
1.8725696229771773,94,95,47,2
2.3624644184792665,96,97,48,6
5.3150772358458882,92,93,47,5
3.9867636312827233,92,93,51,3
5.6186701281839255,94,95,47,0
0.4942354534394716,92,92,36,2
5.2568533336403842,96,97,51,1
4.0132253015575676,94,95,51,4
2.2775022023967169,92,93,48,6
3.0078967600317674,94,94,51,2
4.0321450638411731,96,97,47,7
3.1101275191613973,90,91,47,4
0.8677763682848240,92,93,44,6
2.3121407269712853,96,97,52,6
0.2314177439856792,92,93,47,7
6.0875936668785524,96,97,57,5
3.1268377424286511,96,97,54,0
5.9177302373119103,94,95,57,0
5.5569857014870347,94,95,43,0
1.9265074428665361,92,93,42,4
2.9237540807438540,92,93,45,1
2.6930030499371447,92,93,46,0
4.1933255816842694,90,91,44,3
2.0022040296067662,94,95,55,2
3.4287237238358288,96,96,49,7
1.1899617001497580,96,97,48,0
0.6072433430887900,96,97,54,0
5.6418945667499125,96,97,45,3
4.9620690587481331,92,93,47,5
5.4891972474977422,94,95,56,3
5.0910040470014488,94,95,54,1
1.0274075302519403,96,97,43,3
5.7818007413197723,92,93,50,4
4.3086409420543177,86,87,38,5
5.6445135409216256,96,96,51,7
2.7853851574076383,94,94,41,6
2.7425911274909365,94,95,43,4
2.1487362194797246,92,93,54,0
4.6257668652205153,96,97,56,2
4.0424782145425660,96,96,47,7
1.3502245027516051,92,93,48,6
1.5778440655334034,96,97,53,5
4.9531812710093677,94,95,55,6
0.1905130451176908,94,94,46,5
3.2332753164765382,92,92,49,5
3.4867998633428821,94,95,52,1
1.3208711707480916,96,97,51,3
2.9090319227514976,96,97,56,4
0.5150495678950350,96,97,39,3
6.2416339019305127,94,95,53,6
2.3428856013480490,96,97,45,5
1.7739741225109678,100,101,50,0
2.8506516574974330,92,93,46,2
2.5636174034622474,94,95,48,7
1.7953657836479886,96,97,61,1
5.5148209193365618,94,95,43,4
1.3176479736841149,94,95,44,3
5.6796777172781798,94,95,56,1
1.6719298746140405,94,95,51,0
3.4984755069377949,96,97,42,2
4.4156614671299064,96,97,53,1
4.6010720311395010,92,92,49,1
3.8955005198995396,94,95,55,6
2.1369012612285392,96,96,53,5
1.9978773923744515,92,92,52,6
2.9969775094562854,96,97,38,4
1.9237141061420520,92,93,43,5
4.4240703442954903,94,95,52,1
6.1679093545514814,96,96,60,2
0.5757026942710252,92,93,49,5
5.8039973069041517,96,97,51,3
5.0086605842596938,96,97,50,0
1.2471273515594672,96,97,49,7
5.3856258359023439,92,92,46,0
5.8973719632852344,96,97,53,1
5.1855188922579130,96,97,51,7
5.0368914005646559,92,93,46,4
4.6763674139912306,94,95,50,5
2.5224199320075056,94,94,61,6
5.3911101078079096,94,95,46,1
5.9026919182373634,94,95,54,1
5.2757808351524087,94,95,45,2
0.1133895338319624,94,95,44,7
4.7478880715749723,90,90,39,2
1.9137196894661088,94,95,46,1
0.9356810614566258,94,94,48,3
3.9090402427173525,92,93,39,5
2.1263795479644960,90,91,45,0
2.0492720854051583,96,97,42,0
4.2897215929328025,90,91,51,0
2.8881870771570055,94,95,46,3
3.4079945490227472,92,93,47,1
1.2266390876479976,94,95,40,1
1.7777534373120307,92,93,43,3
5.5209215497907440,92,92,45,7
3.8017595793838761,94,94,50,7
4.6948058716062819,94,95,51,0
0.6645509557761893,92,92,41,1
4.5554199658644121,92,92,49,1
2.4498622385365763,94,94,54,3
5.1370982950991770,94,95,49,6
5.8738385691431878,94,94,55,2
2.1842344909634304,96,97,44,2
4.3551234538832366,94,95,55,6
5.6430722656442338,92,93,54,6
3.1637654998865394,92,92,41,5
3.4504469053625986,96,96,52,2
2.7918497052420985,96,96,46,6
0.3973033620126399,92,93,47,1
1.0038931025850368,94,95,47,0
5.4843892504395555,88,88,42,6
2.6791745507511653,98,99,57,2
1.5497914103683581,90,91,52,3
4.4320258261236303,94,95,45,4
5.7567758621350764,94,94,47,6
0.3572979110692104,90,91,45,4
1.1234562879249006,96,97,46,2
5.0183925939033553,92,93,47,7
3.3552190593295372,94,95,49,6
3.2236091950289607,92,93,48,2
1.1650359721594001,94,95,51,0
0.3803423914061549,96,97,46,6
2.1729359598132265,96,96,53,3
2.4711047231745371,92,92,46,2
4.3582464734792623,94,94,49,6
4.0295413748479163,94,95,52,7
3.3219824889563201,94,95,56,1
0.0777868858075172,94,95,56,3
3.3296428676902763,92,93,57,7
1.2806141415681287,94,94,52,7
3.0310500398612148,94,94,46,7
1.2761235030628781,88,88,47,3
2.8410629243793792,96,97,49,7
2.5558026962815794,96,96,47,7
0.2007160621420661,94,95,60,5
1.6308612485284060,94,94,54,1
3.4146526790194227,94,94,50,5
3.4602585438152471,96,96,55,5
4.5844797045089374,90,90,38,3
5.6333466547195226,92,92,49,5
2.6973920057147271,96,96,57,3
4.5398908942398064,92,93,37,1
2.0128414195308637,94,95,58,7
4.0971374771941793,94,94,55,4
5.4842458167830550,94,94,56,5
5.9500452066689400,96,97,58,6
2.8640286426851254,94,95,49,2
0.7401651726607176,94,95,46,1
2.5210746351073370,96,96,51,7
5.2799591844632383,94,95,57,2
1.4762807301181566,94,95,43,4
5.8186965795048957,94,94,46,5
1.0988309323607426,94,95,54,1
4.9473319907889683,94,95,51,2
2.8091288512596142,90,91,47,2
0.7606282759335102,92,93,49,3
3.0872921003141056,90,91,37,0
4.1458753782064557,94,95,44,5
0.5547638848969781,94,95,57,0
2.2998224662357840,94,94,41,0
2.5693469174040020,94,94,47,4
5.8530717443933931,92,93,43,7
2.5193570274865231,92,92,47,3
6.0348904078302326,94,95,52,5
4.0436651671150710,88,88,37,1
1.2085049577576399,94,94,54,5
4.6406651282500997,92,93,47,7
5.4458054316913698,94,94,56,7
5.9036150155166842,96,96,49,1
1.3121195942645854,92,93,53,5
2.9652019761218740,94,94,59,2
3.2133896500339989,90,91,46,3
5.3557267953145438,92,93,42,2
2.2587013722334244,94,94,58,3
2.8864091486569392,94,95,47,6
5.3957292599640798,94,95,44,1
3.3559751090515371,92,93,54,0
2.3536004119688396,92,92,42,6
3.8432232872307499,94,95,45,2
4.4757019574055725,94,95,51,2
5.3484642671593514,94,94,50,3
2.0114942066861228,96,97,47,1
4.9566785647568405,92,92,45,7
4.5182289928015811,96,97,53,3
0.0937947519734052,94,94,55,4
2.1846555213363485,92,92,42,0
4.0434660046464801,94,94,53,2
1.1166624062016268,92,92,48,4
1.5244138267685421,96,96,54,2
1.9141745595104693,96,96,54,6
1.7671874218311212,92,93,44,0
1.9297241258164806,94,94,53,2
0.0603831594306989,94,94,60,1
3.5483746101040659,94,95,49,2
6.0126381111293759,94,95,42,3
1.4917092641404812,96,97,45,7
2.9333003379360933,96,97,47,5
2.8761517408986434,90,90,50,3
5.5950120857399241,94,95,53,6
1.6700733377930577,96,97,53,7
3.5870936868635992,94,95,56,1
0.1122705689271119,94,95,48,5
5.1633878312976709,92,93,48,6
2.5534771930251834,90,90,51,2
5.1371387643900501,94,95,50,3
6.0223871334298185,92,92,51,7
4.5127449840886005,96,96,44,4
3.9835829724755740,94,95,52,5
1.1070472782934455,94,95,42,5
1.2261901226246126,98,99,46,7
2.9591781194186653,94,95,56,5
3.4575088177935447,94,95,44,1
3.6344620014085320,94,94,49,0
1.1687989224972075,96,97,51,7
0.7505865006429062,94,95,48,3
4.3381183997966524,92,93,38,2
3.0906715234311513,94,94,50,1
2.6330329758518438,94,94,58,5
2.9604242010882560,94,95,55,0
5.6187605757636359,94,95,45,2
5.7599585514337894,94,95,43,2
4.8108175733321525,94,95,48,1
2.0904212132311613,94,95,50,1
0.0210004981761717,96,97,51,3
0.7402073520766460,92,93,42,4
5.3332431457708971,96,96,59,1
2.6386175148406559,90,91,47,4
0.5944710116984405,96,97,46,6
0.4508602224441813,92,93,51,3
2.2083037451190486,92,93,51,3
4.5507361320399839,96,97,50,6
6.2434193149602608,94,95,47,6
3.4625263674885320,94,95,47,0
2.2404276617185368,92,93,41,3
5.3654155465062292,96,97,48,4
3.2756572625184353,94,95,49,4
0.6200883116047570,96,97,52,2
2.0952699304778393,94,95,55,6
1.7475320235339840,94,94,43,6
5.5130648537633133,96,97,51,5
1.1040185224907766,94,95,49,6
5.0045056627055589,96,97,56,0
5.4271719765566795,96,96,49,5
0.7514731781705379,94,95,37,0
2.9232725251390890,96,96,41,5
1.2133487882215381,96,97,54,6
5.1656490216769182,94,95,42,1
2.2280464290837361,92,93,54,6
1.1243668449325666,96,97,55,3
3.1698571729744693,92,93,52,4
0.0272254251825416,96,97,59,3
5.3703681926438449,96,97,50,6
4.7800874372638482,92,92,47,3
2.7974467248233625,96,97,52,0
1.8162456122955293,94,95,58,7
0.7884902297489348,94,95,56,7
6.0414106810441757,96,97,51,7
4.1839991993375465,94,95,47,2
2.3986996728658534,94,95,50,3
3.7926251488005973,96,97,60,2
1.7941898683014901,94,95,51,4
3.1360822112880125,92,93,48,6
0.5979451762945251,94,94,46,1
2.0326847029442940,92,93,49,1
1.3453398380337411,92,92,48,6
5.4716124562670769,96,97,55,7
4.2590890357568183,94,94,49,4
0.6358958205380667,96,97,47,7
2.3664828839987799,94,94,45,6
1.5633421989022294,94,95,55,4
2.7115594297618490,90,90,50,3
2.4884248201596186,96,97,43,3
5.5613740921379522,96,97,60,6
1.4304725633547950,96,97,55,1
1.1185112792343768,94,95,47,2
1.6707570683106796,94,95,45,2
1.2382955604133759,96,97,47,3
2.0869269826042318,94,95,50,1
3.5254539058482939,90,91,48,3
0.6101683301052445,94,95,46,1
5.3348307813948326,96,97,51,1
4.2964837776627594,94,95,44,1
1.0945154694177499,94,95,49,0
0.2993975062039819,96,97,53,3
4.0363241199057782,94,94,40,5
2.3373046283833969,94,95,56,7
4.7989033807940968,94,95,54,3
4.0957163014610050,96,97,46,0
4.1661134685099670,94,95,52,3
4.3088066730102819,92,92,52,4
3.5664684981296642,92,92,50,0
3.0465667975533179,96,97,45,5
4.7945817806901099,96,96,57,3
4.0629435615191545,96,97,56,2
3.3208744221791564,96,97,46,0
3.2965665727921825,94,95,56,7
2.2234369153368871,94,94,48,1
4.5464645569807143,94,94,48,1
4.3925701639344874,94,94,44,7
1.8805335381738115,92,92,56,2
4.8883115883730044,94,95,46,3
5.6284210300842856,96,97,58,6
4.6939344539644177,96,96,51,3
2.1632304979868948,94,95,60,3
4.0145369854591504,96,97,48,6
3.2028185909362246,92,93,41,5
3.0354096901063770,94,95,48,1
4.3250281948923286,94,95,53,6
1.4552675808109843,94,94,42,3
1.7955496483262239,96,96,41,7
1.0269105931822684,96,96,60,2
0.3368060429004465,94,94,51,6
5.1769872178791969,94,94,45,2
4.8103092631720026,96,96,56,6
3.2023592443127606,94,95,54,7
5.3962169394124082,94,95,51,0
2.6039402758795114,98,99,57,2
4.7502648355972656,94,94,52,5
6.2307065028677666,96,96,56,4
6.0651771209678591,96,96,47,1
4.8615430762954217,94,94,49,2
4.1361516276381503,92,93,51,3
0.3219465783597945,96,97,52,6
1.1910717741365311,92,93,49,1
5.3097257184884761,96,97,46,4
5.0630752749077548,90,90,52,3
0.5698918835599155,94,94,46,5
2.2896494910818990,90,91,40,3
1.7125288782657577,94,95,42,3
1.5006897932598888,94,94,48,7
5.4798566701417659,94,94,46,1
1.9949733449179601,96,96,60,6
6.1539687041520592,92,93,56,2
1.0888699041451688,94,95,53,4
4.2820655465512951,96,97,58,6
1.3348268530501401,94,95,53,6
5.1563503551651380,94,95,44,3
5.2985267747523883,92,92,46,2
6.0164406107879724,94,95,49,2
1.6844093361065986,92,93,52,4
1.9044100836257511,94,95,49,2
5.1979968151945686,96,97,50,2
5.7267812213800209,94,94,43,0
3.4536913848746602,90,91,42,5
3.0142800873268838,94,95,45,0
5.3709422680813779,92,93,46,0
2.4928228057593600,94,94,48,3
3.5447637066911262,94,94,52,5
2.6281655404769753,96,97,55,1
1.3596944983707357,96,97,48,0
4.1655910470239075,90,91,45,4
5.9248162141850749,92,93,51,3
0.7896802091571579,96,96,56,0
0.0522709892261117,92,93,49,3
3.3030036887268239,94,95,49,6
4.4294187979025779,90,91,52,7
2.6978346155108897,96,97,49,7
1.8873510037390835,96,96,49,7
0.2750252823437753,96,96,49,1
5.6815274397004938,96,96,48,2
2.6033444264423604,92,93,51,5
3.6428321626315734,94,95,37,0
4.4866487755868922,90,91,49,0
5.3585555526703512,98,99,53,2
2.1863528243704922,94,94,45,0
1.7846559774081219,96,96,47,3
3.8274601526755152,96,97,51,1
4.2810181408908194,94,94,41,4
1.2166917356164741,94,94,52,3
1.5119678204062217,94,94,52,7
4.8523013841702642,94,94,48,3
0.4694977916046050,94,95,53,4
3.3654691088622699,94,95,52,1
0.6750785028126256,96,97,44,4
5.4603282917662650,94,95,46,7
0.9929741165067230,94,95,47,6
4.0346959347235893,94,95,49,4
2.8745012114580106,96,96,45,5
4.5593962980014719,96,97,61,3
0.8666038777209004,94,94,47,0
5.2909620826435084,96,97,53,1
4.3346214676558334,96,97,49,1
3.5290960442808266,92,92,48,6
0.4766653511914288,96,97,49,1
0.8364879847734256,94,95,53,2
6.0614264261499526,92,92,47,3
2.9406948288344292,94,95,46,5
2.0533097033950143,94,95,52,1
1.2486147549052791,94,94,49,6
2.8780067440392414,94,94,45,0
4.2795072346101861,96,97,42,0
4.7482990906204705,96,97,55,1
3.6440895970093776,98,98,57,2
3.4874718461502852,96,97,48,6
4.0559509583732947,94,95,47,6
2.8368680543844524,94,94,49,2
0.5442953179344909,94,95,53,0
6.1424029476452402,94,94,42,5
5.8649617184380114,92,92,51,5
1.7452411172320874,94,94,53,0
0.6825360365269281,90,91,50,1
5.7726673919611411,96,96,50,4
3.0802108984838377,92,93,53,3
4.0346280268706325,92,92,47,7
3.6822849813579874,94,95,48,3
0.5079140612639698,94,94,58,5
3.4991510065924687,96,97,53,3
0.8399405051359021,94,95,56,1
4.6917801791315856,100,100,53,5
4.7723718808838722,92,92,52,4
2.0377229391562492,94,95,49,6
1.0718677193421786,94,95,50,7
1.1079860088702975,96,96,59,7
5.5887339118553481,96,97,53,5
3.0151015713499194,96,96,48,2
3.4472745441379513,94,94,52,7
5.2672184527728581,94,95,49,4
2.4972528276290538,94,94,47,2
0.2743319814192005,94,95,53,2
4.2138693002657011,96,97,53,7
0.2476691324745233,88,89,41,1
4.3436863082858199,92,93,56,2
4.4779155644376587,94,95,38,5
0.6147324024821718,94,95,51,2
3.7281455403126582,96,97,53,1
5.1444163444777571,94,95,47,4
1.1747543557217635,96,96,39,3
0.7366743925172314,94,94,52,1
2.1689873922399663,94,95,51,4
0.4977073635673811,94,94,45,4
2.5416882502175517,94,95,39,6
0.4121434417756038,92,93,46,2
4.3457335496626248,92,93,46,6
2.0207635775672146,94,95,47,4
4.8164293557787978,94,94,54,3
1.7518136802724196,94,94,40,3
0.1570929621058390,94,95,55,0
1.4842921670299865,94,94,49,0
1.9820789439233344,94,94,54,7
5.9401358698649318,94,95,55,2
0.6366621448956169,94,94,55,0
4.7583564415414576,94,95,56,1
5.5341089006413444,94,95,38,1
5.2426998319229829,94,95,45,6
5.4900113166214943,96,97,56,2
1.1911322643013273,92,92,46,2
4.0790297047256541,88,88,44,4
1.9914587340980310,94,94,46,3
3.5492629921080923,96,97,46,4
2.8026761463029417,94,95,51,6
3.0925055039950804,96,97,51,3
5.1777633295058587,92,92,52,2
5.1414597530067008,96,97,47,1
1.2624145695452023,96,97,46,4
4.7824621578921853,94,94,53,2
0.1001996815140366,94,95,45,0
3.3927682980610188,94,94,49,4
5.4079728992061362,94,95,47,0
6.1300598047055228,94,95,51,0
4.3318526948453862,94,95,47,6
4.3337947359469107,92,92,42,2
0.4091221970015910,96,96,49,5
0.6238121294236191,92,92,56,2
4.1832587954994302,96,97,57,7
4.5472763045394577,96,97,54,6
5.4293439967922108,90,91,46,7
0.6711044416968730,94,94,51,4
3.1171416447765807,96,97,56,0
3.0329569323982244,94,95,57,2
1.3337672673897853,94,94,53,4
4.5984147584837407,94,95,50,1
0.2489006321904697,94,95,54,1
1.1288036277901701,94,95,47,6
1.7243961806981163,94,95,48,7
3.4402074961904310,92,92,43,7
4.5504735580166740,92,93,50,4
3.7207175417080816,94,95,52,5
4.0644880436387290,94,94,46,7
0.6353152196244929,94,94,53,0
1.4703379004663497,94,95,47,6
5.9418109415318892,92,92,41,3
0.6366333162627288,96,96,52,4
5.6014965962416214,90,91,48,5
3.5380390158566444,96,97,59,7
1.9784441021367609,94,95,51,6
2.2658584750825104,92,93,49,5
2.7678932196236414,94,95,57,2
2.8172618111063388,96,97,42,4
1.2184036158442355,94,94,54,7
2.5837847201758195,92,93,52,6
3.6797378154795446,96,97,48,0
3.2319686341487910,94,94,47,0
0.9581831555939690,92,93,48,2
5.4734853432580959,94,94,41,6
4.5913809688716025,94,94,43,2
3.8910351607498956,96,97,52,4
1.9650735138674313,96,97,51,5
3.6226364614033306,96,96,45,1
3.2605756965351627,92,93,52,2
2.1871435316737236,94,95,39,2
0.9827198910571907,94,94,48,5
0.3821754072927662,96,97,39,1
0.7368161734591382,94,95,53,0
5.8554065952930747,96,97,40,6
1.4552141883553782,96,97,49,5
3.6244728466555394,92,93,43,1
4.5418557227468401,94,94,52,7
5.6723641935888134,90,91,43,6
5.6394745483584101,94,94,49,4
5.1388030996627112,94,95,49,6
5.4116264741858657,94,95,42,1
5.7594865735496130,94,94,52,5
5.1699392749392956,94,95,49,6
5.6869569862132865,94,94,50,3
4.2996850035342522,94,95,46,5
2.5066132195810495,96,97,47,3
5.9372100143751609,94,95,52,5
0.6461580297442044,94,95,54,1
4.3123887601037447,94,95,56,5
2.4678574223693097,92,93,45,1
2.6688003235809981,88,89,46,0
3.8403861431037032,94,95,52,1
4.2672828464501782,94,94,47,6
0.3379503440236635,94,95,45,0
2.4672853410350033,86,86,40,7
3.1184942229728949,94,94,45,6
4.8812514571246766,94,95,46,3
5.1094767271799020,94,94,49,2
4.1156671717983473,94,95,54,5
1.5694910077614328,94,95,54,7
4.5345958651071836,94,95,52,5
2.8503313532158958,94,95,47,6
4.2230642363715303,96,96,46,2
1.2447283100795508,96,97,43,3
0.5548040587301919,94,95,49,2
5.0850686300412882,96,97,48,6
4.6406833336383180,94,95,57,4
3.8546371222721598,96,96,58,6
5.6739212277954536,96,97,49,1
0.7500097819489826,94,95,51,6
2.6544464338084777,94,94,47,6
5.7139003619559237,94,94,56,5
3.6897322475696210,94,94,48,5
0.2539431164848521,92,93,39,7
4.3262097246574411,96,97,44,0
4.3181807086411244,94,95,50,1
0.9380468575307533,94,95,43,2
4.2106298437431722,92,93,46,0
0.4865428666914181,96,96,52,4
3.8520865102213393,96,97,50,4
5.4387810143637472,96,97,57,7
5.4220940866359868,96,97,52,0
3.5657082536290203,92,92,56,6
1.3502353121478476,94,95,47,2
4.4791336371212367,98,99,49,6
4.1251946163906119,94,94,42,1
0.9673904308061033,94,94,46,3
6.2703548763273069,92,93,45,3
2.3033202389485297,92,93,50,4
0.0089709938693850,98,99,55,2
0.9153662096643409,88,89,42,2
6.0025943074050163,92,93,57,1
3.2444616549860217,94,94,47,0
1.0567439771897451,94,94,44,1
5.7687983897358261,96,96,50,2
4.4978292819230123,94,95,47,2
2.5899326061672645,96,97,57,1
1.1660424577710840,92,93,46,4
5.2654590572034774,92,93,48,4
2.3049652718037086,96,97,51,7
3.5927428148191227,94,95,54,5
0.2037668658749510,96,96,60,6
3.5362314972844473,94,95,42,3
3.3919523787938015,92,92,53,1
4.9880586633221977,94,95,45,2
3.8270247892080200,94,95,48,3
2.4048959165611561,92,92,44,4
4.4204286291828003,94,95,47,0
3.7203588252211710,96,97,51,1
5.9734894327387069,94,94,61,0
2.9632573784163188,90,91,52,7
2.8194336046162394,92,93,46,0
6.0113678239860500,90,91,42,1
5.5188397008913528,96,97,45,5
0.5096558596667718,92,93,50,2
4.4089772564750982,94,95,48,7
1.2423158784428774,94,95,48,5
0.1237525235180806,94,95,52,7
2.7804168296649974,94,95,51,0
1.3706913893189445,92,92,50,0
1.7803448996190558,94,94,54,3
5.9504834639064370,94,95,48,1
4.2323304128268164,90,91,43,6
1.9582167235777845,94,95,48,3
0.6112405173635393,94,95,39,4
4.5290785157992071,92,93,56,0
2.7221927513920874,94,95,52,7
0.1996931756151237,94,95,52,5
4.3229625991825280,88,89,53,7
2.7166407938983381,94,95,48,7
1.8361798861413354,94,94,44,5
1.5472344403886384,94,94,44,3
0.8445766640250497,96,96,51,1
1.5854683972704209,94,95,45,6
2.1138237620498335,94,95,48,1
6.0272711849483107,90,90,45,6
0.1175999395390432,94,95,49,4
0.5202905160191517,94,94,45,6
4.7345261991444021,94,95,39,0
1.6720553322676490,94,95,52,7
1.8614168384726300,94,95,53,2
2.7411857371347441,96,97,50,0
3.7085975856933593,94,95,49,4
3.9949923039069453,94,95,51,0
0.1053440987168582,96,97,53,7
5.6703890236598928,92,93,40,4
3.8283358195825317,96,96,53,5
2.1561665845715758,98,98,37,0
1.3365161615209127,94,94,48,3
1.7425489308742779,96,97,54,6
4.5694763615597562,96,97,45,7
5.7621104221566410,94,95,50,5
5.8726804498004270,92,93,43,7
2.4320675764978379,96,96,40,0
1.8012898177054768,94,94,50,1
0.8755892344481828,94,94,42,1
3.0795670235416925,94,95,49,0
4.7196841048002103,92,93,51,5
5.5366748873176164,96,97,52,2
0.1324103596881800,94,95,52,5
1.8068196486425896,94,95,52,7
4.0653231290306788,96,97,50,0
0.4964071071656583,92,93,60,4
0.5002798811013337,96,97,46,6
2.4621614076472289,98,99,57,0
1.4558923085270961,94,95,56,7
1.6278058574969361,92,92,53,5
6.1509587932904317,96,97,44,6
3.0255053342025455,94,94,46,3
1.4533366316148448,94,95,49,6
4.6393875265123814,94,94,37,2
1.0984833631568296,94,95,45,2
2.4275029072998793,94,95,50,3
4.2936591283936307,94,95,54,1
5.7544954235968513,92,92,46,6
2.0757390538389475,94,95,42,3
0.2629911044811388,94,95,49,0
4.8571274046144666,96,96,51,5
2.4220414658849907,92,92,44,4
1.4624953288423133,88,89,48,4
4.3673988427204344,94,95,52,3
5.6055746095515149,96,97,52,2
4.3956633693012712,96,96,45,7
4.3549782904077272,96,97,49,7
4.9329934024130129,92,92,61,7
0.9570284341450330,94,95,56,1
1.4494704100356595,94,95,46,7
1.2205164913901476,96,97,46,4
4.4963571852235438,96,97,48,6
4.5218135905106411,96,97,53,7
6.0091655801520405,94,95,41,2
0.5577576115336472,94,95,45,2
3.3505219230407346,88,89,42,6
2.6793439102750916,94,95,49,0
5.4728542563671683,96,96,36,2
0.4232425232863776,96,97,61,1
1.4535299630267475,94,95,50,1
6.0681948031924584,90,91,46,3
3.0342117832155084,96,97,51,1
5.5474943283384404,96,96,51,1
2.7340375403332100,96,97,56,4
5.9263746502012333,94,95,47,6
1.3274836658381770,94,95,51,4
2.4942452367266106,94,95,47,4
0.4778827858185112,94,95,46,3
6.0362591962715708,94,95,47,4
1.7440940274630874,96,97,49,3
3.3695851263561742,96,96,41,1
1.9179359083279794,96,96,41,3
3.7627448679348605,90,91,52,3
0.9376805356443453,94,95,44,5
2.3552690813589607,92,93,46,6
0.7686099388417760,94,95,60,7
3.9971393870685574,96,96,48,2
1.6785693403455790,88,88,41,7
0.3459071713499575,92,92,43,5
2.9350571321355443,94,94,50,1
5.0825723613364389,96,97,51,3
1.7177891447207987,94,95,55,0
1.1442308845386200,98,98,45,4
4.7837217788427235,94,94,47,0
0.7166042136691327,94,95,46,3
5.9137212432897490,94,94,43,0
0.5009631707462974,94,95,55,4
2.5746297512712979,90,91,44,3
4.6549101673708178,96,96,57,3
0.3120655150469757,94,95,44,7
6.2666596226986195,92,93,48,4
4.7671849092901262,94,95,57,2
1.4328776930240030,94,94,47,0
5.0241159375008992,94,95,45,6
2.9834573338521730,92,92,49,1
5.7729036695260225,94,95,45,0
6.0549220166389803,96,97,53,5
0.2195828707692046,94,95,54,5
4.3782569621457688,94,95,52,1
0.7364650887058714,96,97,40,0
0.1882012853400895,94,94,49,0
0.5501417689774194,94,94,45,2
3.8341167059643051,96,97,54,4
3.4103133084485808,94,95,46,1
5.6651022060824845,90,91,46,3
3.5999757461537372,96,97,47,5
6.0387324407849210,96,97,50,4
1.0262483802476623,92,92,40,4
1.9581917999877010,94,95,46,1
4.2784110981023469,92,92,47,3
0.2257533585447366,94,95,46,5
1.9778234666628087,98,99,46,5
0.8917719020809637,94,95,47,2
3.5869915007273590,96,96,53,5
1.9407581904795448,96,97,44,6
5.3986302166095497,96,97,58,4
3.9366274744869481,94,94,50,7
4.2650366192363043,96,97,39,1
4.3179970659118734,92,92,44,4
1.5136381865192838,96,97,44,4
3.1386762605874887,92,93,48,6
5.6027250744562913,92,92,52,0
2.7730429702396813,94,95,38,7
0.9109957421671158,96,96,49,5
1.2607742993331199,96,97,45,1
1.2041074932119626,94,95,60,5
4.3692443296673753,86,87,39,4
6.1375959083019742,92,93,42,0
5.0985820946900464,94,95,41,6
1.8870640273229637,94,95,56,7
1.2105681686432035,94,95,47,6
5.3835147069911873,94,94,56,3
5.3065356334347706,94,95,44,5
5.2713586281822504,90,91,38,5
2.5454315702604613,92,92,53,7
4.4855237730218995,94,95,47,2
1.8715268096812192,94,95,54,7
1.2843126475291480,94,95,54,5
2.5515034624093218,96,97,43,3
4.7772248961918340,88,89,48,0
4.6897199668855336,92,92,51,5
0.9007462124521927,94,95,51,4
5.0338282729156125,96,97,52,6
2.5495345497204061,96,97,56,2
3.3465874450314863,94,95,44,5
4.6312138190058549,96,97,51,3
2.5056634238031661,92,93,51,7
4.2661916752595639,90,90,55,2
3.5982420239988500,94,95,46,3
2.2584846197256145,92,92,50,2
5.1905710408879289,94,94,41,4
0.9262561615255035,96,96,45,1
0.2207066899647149,96,96,54,4
3.7349289107514272,94,95,47,6
3.4287041994260496,96,97,52,6
2.3025979198379116,94,95,56,1
1.2007086672434804,96,97,53,3
1.3660031049331296,96,96,52,2
4.0159249966009964,94,95,47,6
2.2027997117941758,96,97,47,7
6.1178729479858154,86,86,49,0
1.9014872759453620,94,95,48,1
3.8657371924678121,96,97,58,0
4.7498903788014584,94,94,49,4
6.2747337971273369,98,99,50,5
4.7724709171180990,94,94,50,7
5.2250313801607593,96,97,56,4
2.8940196149251354,96,97,48,0
2.4105382435511049,96,96,56,4
4.7428115012891494,94,94,52,3
4.3546624999746379,94,94,47,4
1.2748677894118481,94,95,47,2
3.6379478738016844,94,95,43,0
0.0185790527355515,94,95,47,2
1.0048128944905783,96,97,48,0
5.3875607124612799,94,94,46,5
2.4517358827252251,90,90,45,2
4.7977242960297390,92,93,53,1
1.8465543975063601,94,95,44,1
6.0171576117544117,94,95,48,3
4.9389562780088960,94,95,60,1
1.3413063243291032,90,91,44,1
6.0534739949031255,94,94,48,3
4.1774446944117054,94,95,52,7
2.3009978734904419,96,97,52,2
5.8027928390154164,94,95,50,7
2.1797942965212727,94,94,40,3
5.6835619715650738,92,93,51,3
2.8483898831811172,94,95,49,2
3.5147772921351299,84,85,39,3
5.4404494476144736,94,94,51,6
2.0589382835060994,94,95,47,4
2.9914107167395674,96,97,63,1
1.4574172391576332,84,85,46,2
0.3850902094645388,94,95,45,4
2.4820447568603701,98,98,48,3
4.3146110903902128,94,95,53,2
3.8637471276884874,94,94,55,0
1.0352000549687810,96,96,47,7
3.0823802890989223,92,92,43,1
0.6158246966599055,94,95,48,5
4.4927382511812217,88,89,47,3
6.2358400607247688,94,94,44,7
0.4294690577893791,92,93,47,7
6.1574646205831476,94,95,52,7
5.4579689928043713,92,93,51,1
0.1043848001948488,96,96,41,1
5.8969799046965727,92,93,47,1
3.4491113340820925,92,92,45,3
3.2104460281227967,96,97,49,3
0.6516318184998388,92,93,56,0
0.0145470823888776,92,93,43,1
1.8903120393169204,96,96,48,2
0.4720439895912885,90,91,48,1
0.1374980371941321,94,95,47,2
0.2866809006439887,98,99,42,1
5.8569841630028261,94,95,55,4
5.4867164002421180,94,95,53,4
1.6629208220263250,92,93,46,0
0.9723562352480950,92,93,44,2
3.4425288826955449,94,95,47,2
0.4321556549391670,94,95,46,3
0.5390689828543563,96,96,46,0
3.8174357708267204,94,95,44,3
0.0717343742588221,92,92,46,2
2.0709364818700076,90,91,58,3
4.7408118818205374,96,97,48,4
4.7397747931014518,96,96,48,2
2.9163866177560207,94,94,44,7
0.3522377729648234,94,95,51,6
5.2628676808264823,94,94,42,7
4.2654321697583617,94,95,55,4
6.1328909089189105,96,97,49,7
1.1715183267708047,94,95,42,1
3.2721444455108850,96,97,50,0
3.8891115241045142,94,95,53,4
1.0305028751094267,92,92,47,5
0.2501990877998552,96,97,65,1
5.5638074636171160,96,97,48,6
0.1883715173296719,92,92,47,5
1.4703030749776074,94,95,52,5
2.3996196994845400,90,90,55,0
2.3323784075071798,92,92,49,3
4.9309292663988185,94,94,52,5
2.3449524718978956,94,95,45,2
4.3953201427057804,96,97,47,7
1.9439108619395293,94,95,50,7
3.2950176094803476,92,92,48,6
5.7421589017321670,94,95,39,0
4.2668105695276770,94,94,50,7
2.4925788265382050,90,90,49,6
1.0938729984505284,94,95,45,4
4.6383190295854648,94,95,42,3
4.4341991518566104,94,94,41,6
2.4725958355200723,92,92,53,3
0.3201607294997897,94,95,50,3
5.4735027541513963,94,94,42,1
5.0439848183263454,96,96,47,7
1.8876194774860096,94,95,53,2
3.2419645941397586,94,95,48,5
3.6352237326477375,94,95,43,4
1.3971101389900946,96,97,47,3
4.0683349316285273,94,94,58,3
5.2491508221118135,94,95,51,6
0.5070175932579435,94,95,51,4
2.2326883405060696,90,91,41,6
1.5966034004940728,94,94,52,5
5.9363315179023370,92,92,52,6
4.9789912604997815,92,93,45,1
4.5726529556150384,94,94,50,3
5.2266096325909084,94,94,46,5
4.5318589157731184,96,97,58,6
2.6967979884430724,94,95,47,6
4.7287439710655548,94,95,59,4
1.5273334374261627,94,95,51,2
3.6420825659191824,94,95,44,3
4.2525254299950852,90,91,39,6
0.7625099205901071,96,96,53,5
5.9503655485264035,96,96,51,1
0.7782126268286197,94,95,51,6
4.9923695557912575,94,95,49,6
1.2703284709589955,94,94,51,0
0.2200505124533648,92,92,45,7
0.7427304182509400,92,93,43,1
2.5776780774954808,96,96,49,7
3.4237504179843050,96,97,52,4
4.7020036601495825,92,92,50,4
1.0015255615031584,92,93,56,2
0.3552405279398247,94,94,49,0
0.2326728282289266,96,96,45,7
4.1367992078821283,92,92,49,1
0.4921644362545542,96,97,48,4
3.5710463886960060,94,95,51,6
0.6936518478797337,94,95,48,7
2.0283051342670158,94,95,48,1
1.0944490055187601,94,95,41,4
0.0914259990536703,94,95,48,5
2.0395808626724343,94,95,48,3
1.3579355021744210,96,96,56,6
5.4945990081108755,96,96,46,4
1.6858727533602409,94,94,46,5
2.3792554493565441,92,93,55,3
6.1577931613729291,96,96,47,5
4.1376957756092994,94,95,44,1
1.9775426815223316,94,95,44,7
2.0686157771521230,92,92,52,6
2.3168698871114541,90,91,55,6
4.4704064425507584,96,97,45,7
4.8550899325159174,92,93,40,2
6.1955903960757990,94,94,54,1
1.0670829239804711,92,92,42,0
0.7716064161382213,96,97,53,1
5.3754573663954162,94,95,48,7
2.2077505142324334,96,97,55,3
0.9532915543899174,92,93,47,5
2.9289626613968158,96,96,48,2
3.6698901674167566,92,93,54,0
0.5489941882502123,92,93,51,1
4.6668349585800826,92,93,40,2
2.7024210830116075,92,92,52,4
4.3882122960700922,94,95,54,1
5.1147469907362968,96,96,50,4
2.9002830274690896,92,93,51,3
4.8458779378688108,96,97,54,2
5.2932532816803768,96,96,49,7
0.9706420924360804,92,93,42,2
3.6618424541556531,94,95,48,1
4.1654469815458484,92,92,58,6
3.6923429043398461,94,95,52,7
5.7406951480515831,96,96,53,1
0.5159364501036200,90,90,45,2
4.9954946466214762,94,95,57,6
0.3188032572672276,94,95,38,5
1.2689484198182623,94,95,51,2
1.6863494741496561,92,92,50,2
0.6781892494597842,94,95,45,6
1.4864316497193304,92,92,52,2
4.8934685836055056,94,95,54,3
3.9035736721091325,94,95,49,6
0.7966451652680101,86,86,38,5
4.4701497091997382,94,95,51,2
2.0152251169028239,92,93,51,1
2.4324877815295056,92,93,37,1
2.4562961150073108,94,94,45,2
5.5766342213433306,96,97,48,4
3.6998837729416372,94,95,50,7
5.5490059259070748,94,94,38,3
5.8999832537931294,94,95,50,1
5.4352125975453722,92,93,38,2
1.8216847764387023,94,95,44,5
5.5565919370599888,96,97,46,2
5.5410386635673072,96,97,50,0
0.1991377349109631,94,95,56,5
0.4754753974203855,96,97,52,6
1.9707785716985253,92,93,48,6
4.0264877440500912,92,93,48,4
5.9207396109329196,98,99,62,5
1.5990568965799530,92,92,46,2
5.8441431910944059,96,96,51,1
2.5727557304612203,94,95,47,4
1.9316470811558073,92,93,55,7
3.7990406437592488,94,95,46,7
4.8227270430704356,94,95,49,6
4.3081079051666427,96,97,40,2
5.1675107995638392,94,94,53,6
5.2475740134650133,88,89,47,5
3.1392736429004180,94,94,48,5
5.4120014816527924,96,97,51,5
4.6578836259391503,96,97,49,5
0.2600791687474772,96,96,52,2
0.9617771517980636,90,91,39,6
0.9058734271912220,94,95,40,3
4.2587039489055867,98,99,54,3
1.0373759270483911,92,93,43,5
5.1132588445508453,96,96,53,3
5.3131995305656936,94,95,43,4
1.5870271899346089,94,95,58,5
4.2496844243288923,94,95,45,2
1.0271371019470541,96,96,55,3
0.0838332965564904,96,96,50,0
2.8242044421326788,94,94,52,5
4.7556786508784921,94,95,59,4
3.1473931192851645,92,93,41,7
2.6313902187432987,94,94,45,2
3.3223884703332969,94,95,45,2
3.9197972588612315,90,91,46,5
2.9168415493310320,94,95,54,5
0.3595308216450475,88,88,47,3
4.2236357247575880,88,88,52,4
2.1091771061264426,90,91,50,7
3.5881921712559506,92,92,45,1
1.9102137590787203,94,94,52,3
4.6656015597565705,94,95,57,0
5.5750830498765369,92,92,43,3
3.5030475799235621,96,97,55,1
5.5552412966965559,94,94,49,2
2.3415080016799705,94,94,41,0
0.7291970608593401,92,93,49,7
3.3530229304414232,98,99,44,5
0.0827184461541359,94,94,52,7
1.5168693382031411,94,94,45,6
5.3038507083291240,90,91,55,4
0.3780295305180255,96,97,53,3
5.6117816732286157,92,93,45,3
0.7452293425323833,94,94,57,2
4.3415067010465984,94,95,51,4
2.1060659080621540,92,93,47,5
3.8463161411252660,92,93,48,2
3.4290392805279710,92,93,43,1
5.9510875278950817,96,97,52,6
1.5290127738907799,94,95,51,0
3.1873526801935328,96,97,48,4
4.6538391772752687,92,93,38,2
2.7773152656915139,94,95,55,0
4.9698359708498465,94,95,47,0
4.7834272582958901,94,95,49,2
3.8960641432898901,96,97,50,2
1.1602346853259256,94,95,47,6
4.4302134422346082,96,96,46,6
5.2915487219750226,94,95,54,7
1.1819780742156842,94,95,60,1
1.8363879343398277,94,95,45,2
2.0547839632472371,92,93,41,5
5.2349886495020250,94,95,52,7
0.4824446537610479,92,92,43,3
1.0152825826815723,92,92,41,3
3.1231433335236205,96,96,48,4
3.1539450014743093,92,93,45,3
1.4603578349604847,94,95,45,6
4.0308314040081958,92,92,52,6
3.6847137496323215,94,95,42,3
1.2471432231198769,94,95,47,0
4.7497416471270055,96,97,52,2
4.7433585434419685,94,95,46,5
2.2715981963800944,90,91,49,4
2.9694653087656206,90,91,52,3
5.7423576171844255,96,96,49,3
1.9318271883113638,92,93,43,5
0.8248123751612980,96,96,49,3
3.5453375838870538,94,95,41,2
4.0282456581526134,96,97,50,6
5.8968811049800314,96,96,50,0
4.3627967027068291,94,95,48,7
4.4791325350425897,94,94,51,2
4.4142815714433032,90,90,51,6
4.0376518334094280,90,90,45,4
3.7723911803747772,96,96,48,2
3.7421905518741592,96,97,55,7
0.7116802372556726,94,94,41,2
0.8232249770443212,96,97,48,4
3.5996038047584964,90,91,40,7
6.0672317552609663,94,94,59,6
4.9078897551169405,94,95,47,4
3.8605403283952424,94,95,51,0
0.2091045588224641,96,96,55,3
0.6542990427818227,94,94,45,6
4.5387365389946863,94,94,49,2
5.0266983695435945,92,93,48,4
4.5018371743296823,94,95,43,2
4.3966111332870144,94,94,47,4
3.3165488105101604,94,95,43,4
1.1648273182279374,92,93,46,2
3.0671470060498076,94,95,45,2
4.5069049379176063,92,93,34,4
0.0098844581848671,92,93,47,3
4.2740242234234946,96,96,56,6
2.9528801796815909,94,94,45,2
2.7924041500580836,96,97,56,6
3.9534153683981836,94,95,54,1
5.4135501500810639,94,94,52,1
1.6605349832304466,96,97,47,5
3.9492914509679653,94,95,57,4
5.0570460097160517,90,91,39,6
1.2658023722823353,96,97,49,1
3.7966254561956529,96,96,52,2
4.4878690012374181,96,97,59,1
3.6591092248443484,90,91,42,5
3.7558767275031260,92,92,49,3
4.3837197332940878,92,92,49,7
4.3717889894682918,94,94,41,2
6.0825795912597016,94,95,39,2
1.6072651385023500,94,95,44,7
2.5339378104047947,94,95,49,4
5.2246894923195697,92,92,47,5
0.1004472105394056,92,93,50,0
4.7816737248424870,92,93,41,7
4.2972115934523742,94,94,47,0
6.2527413815580362,94,95,54,5
4.0980386230231423,94,94,48,5
6.1428782564536535,94,94,49,0
1.6554655930610951,90,91,54,3
3.3380110280530757,94,94,55,4
5.3813278322296823,92,92,57,5
2.2774505030892715,94,94,51,4
4.6485759847922505,92,93,49,5
0.3844799158868235,94,95,54,3
5.6162522575542839,96,96,51,5
1.0292667347632298,94,94,43,4
5.1875263107473293,94,94,50,3
3.9281502939154800,94,95,53,6
3.4489081764853649,90,91,50,5
1.1094510730907869,92,93,53,5
4.9347508615490465,94,95,47,6
5.0967376044873154,96,97,51,3
1.5616927740744802,92,93,50,4
5.6853664900942995,94,95,46,1
5.2090111497502969,92,92,40,4
2.2927325630658486,96,97,46,6
4.1533423963848044,94,95,49,4
4.1906357972580892,94,95,43,2
2.5963400659752023,92,93,58,2
2.1079060935613039,94,95,39,2
0.5953348768586965,92,92,45,5
4.8374806054136332,94,95,51,6
4.6794250313614842,94,94,48,7
3.2743724006107762,96,97,50,6
5.0498927868255539,94,94,53,6
4.5147516099738789,92,93,44,4
0.5396991386222701,96,97,47,3
3.8042798110598626,94,95,41,2
3.3894753569136276,94,95,53,0
1.5009280871210084,90,91,48,3
3.6502992110175612,94,94,44,7
0.4594447089555389,94,95,44,1
1.6763280958497400,96,96,48,4
0.4303498436372558,94,95,60,7
3.0949225168167307,94,95,52,5
2.1495688713312049,92,93,48,4
3.8752030196678846,94,95,47,6
2.9802217517045970,94,95,43,0
2.9212410386288963,90,91,33,0
3.0381406416616734,90,90,52,7
0.4576178990696430,94,94,47,6
0.4152927617452006,94,95,44,1
4.7823387976442957,94,95,45,2
4.3640557151317649,90,91,51,0
0.6002321456575622,92,93,43,1
0.5533296715754057,94,95,46,5
4.9104024440189384,92,92,53,1
3.9348349181917111,96,97,53,5
5.3654949128231531,92,93,54,4
1.7331557740889914,92,93,50,0
6.0764340869602362,96,96,58,6
5.0556043623474318,92,93,49,7
5.1684519707144467,94,95,37,6
4.0930862665863268,96,96,51,5
3.7701312419585622,96,97,55,5
1.2866695812082869,96,96,48,6
4.6745284528427495,94,95,36,5
1.2730503617100322,94,95,42,1
0.1345231293509757,96,97,48,4
5.1917233539456218,94,95,51,4
0.6184305657072273,94,95,50,3
0.7127236758689941,92,93,48,6
4.3900547002342485,94,95,45,4
0.9560956575160907,96,96,50,4
0.3778622484166366,92,93,49,3
3.8052547957467544,92,93,58,0
5.6412642389342356,94,95,46,1
5.0389317552094370,94,94,43,4
5.7872494272995407,92,93,51,7
0.5191004555069665,94,95,44,3
0.0847978326558212,94,95,54,1
2.9038899554250630,96,96,47,3
0.0365920932023442,92,92,48,0
1.4191156719302822,96,97,45,1
4.1177955049266401,94,95,46,5
2.1033445908130974,94,94,56,7
0.3751701856876543,94,95,48,7
3.9343803772806027,92,92,47,7
6.2714855791848416,94,95,43,6
4.3485957245203819,96,97,53,3
5.1562923102492144,94,95,44,1
2.7639237191330279,94,94,44,7
1.9508896030155383,96,96,41,3
1.3001948833000683,94,95,49,6
5.4280250869278008,96,96,41,5
4.1033099722615667,94,95,57,4
3.2644031661586839,90,91,44,1
3.6344138530208245,94,95,48,5
0.8043077416473052,96,97,47,1
5.5816140278797777,94,94,48,7
1.3889881201649525,94,95,51,4
1.0114148387529915,92,93,47,7
5.0443679711405620,90,90,55,0
1.1511704672129826,96,97,42,6
3.4351641337762033,90,91,49,0
5.7415071354502336,88,89,40,2
3.5196465681648545,94,95,42,3
0.8020509345166563,92,92,56,0
1.2242891450544333,92,92,48,0
5.6973796144171711,94,95,48,1
3.7370509383557797,94,95,45,2
5.1885029126764657,94,95,47,4
4.3134160829482617,90,90,44,1
5.8761622176231665,94,94,42,1
0.0658647423220533,90,91,40,3
0.9222464039302307,98,98,53,4
4.0942650030569530,94,95,47,0
0.1415687201387081,96,97,58,2
0.0113367940720334,94,95,56,3
4.8676986577904184,96,97,49,3
5.8313423823074082,92,93,35,5
3.7259340524924811,94,95,56,1
0.0748678459229483,94,95,46,7
1.0002749291902855,96,96,50,2
5.2977149974069482,94,95,51,6
0.9549455533743710,96,97,56,6
1.0253295718348681,92,92,53,5
6.2287819277199876,96,97,48,2
3.1577581049990946,92,93,57,7
3.6593311370051866,96,97,45,7
4.4110682203911216,94,95,55,2
0.6781137244009278,92,92,47,1
1.5011336824234662,96,97,50,0
4.6567566922007391,96,97,56,2
3.4075059635064884,94,95,55,6
2.2688591825083866,92,92,40,6
1.9762850054417744,94,94,52,5
1.5038022832928659,94,95,48,5
1.0730513060486304,92,93,51,1
2.9195024693434863,94,95,43,2
2.3908930800828871,94,94,50,1
4.9419093781776811,96,97,48,4
1.0285309287456765,94,94,51,6
3.7950703605951848,96,96,47,1
4.9339393304568784,94,94,52,1
1.1707806426258749,94,95,45,2
0.2366737093797117,90,91,47,4
5.8793115335254482,90,90,41,6
3.1325164411803326,94,95,43,6
6.1334598098717983,94,95,47,6
4.8986704248998114,92,92,49,7
0.2194663834675215,96,96,55,5
0.0671375889496354,94,95,54,7
4.4204421523038082,94,95,52,5
4.3949837159279159,96,97,48,0
0.7867314540793025,92,93,40,0
3.6787309256032685,94,94,49,6
5.4455458090908788,96,97,52,0
0.4205759417119539,94,95,54,5
0.6697098728601403,94,94,54,7
2.8542938530870381,94,95,48,7
3.2509535287264919,94,95,51,2
2.6649119935328822,88,89,41,7
2.2275406240505902,94,95,51,2
4.6595913148748522,92,93,48,2
3.0430420896266335,94,94,53,4
0.9875316757487518,92,93,49,3
2.3270582205365407,90,90,55,6
5.1771695518842078,94,95,49,4
0.8031462886512608,94,95,58,1
5.9588955107881221,92,93,51,5
3.7031886469754549,92,92,56,6
5.8270362630661179,94,95,48,7
4.6361837393402778,96,96,48,4
3.1861318380024883,92,93,53,7
3.4445140375917678,90,91,44,3
1.9857335315913986,92,93,52,2
0.7996357040668197,90,91,48,7
1.1923102823449172,92,93,49,7
2.6340698657716848,94,94,46,1
4.1592029417155834,94,95,53,6
2.1704014290580886,92,93,46,0
1.2702754058452606,92,93,52,0
3.7443965311718768,94,94,55,2
2.0592076679127191,92,93,51,5
4.2684665191854805,96,97,39,7
6.1087245695558936,94,95,49,4
0.8615911708413291,94,94,53,0
2.8788615676671867,94,95,56,5
2.8944958152577134,96,97,51,5
2.4809124410230710,94,95,47,2
5.0526113132900390,96,96,59,1
2.8162052194432934,94,94,60,5
2.7501480353896661,94,95,40,5
5.6162144752396204,92,93,40,0
3.4594432891441582,94,95,40,3
4.7572371275807983,92,93,46,2
2.7877706339129671,92,92,42,6
5.2074081123872320,96,96,53,3
5.3816535982051938,94,95,48,5
3.3235200440978190,94,95,44,5
0.3814900442481635,92,93,54,2
5.4768930633737414,94,95,47,4
5.7574195571104072,94,94,44,5
4.0003904066373046,92,93,42,6
2.7880990815697473,96,97,54,6
2.7472214367184660,94,95,40,5
3.0540770946581008,96,96,49,3
0.5405373522297886,96,97,49,7
2.7623305071492514,96,97,54,6
5.9276712343841629,94,95,54,1
3.4168164052137753,96,97,39,5
1.2669678066579864,94,95,54,7
0.4218993389095521,92,92,44,0
4.9461665838783029,94,95,47,6
1.7627681608586439,94,95,48,1
5.0297099788916233,96,97,43,1
1.7801944266363714,94,95,48,7
5.6988204887965770,94,95,43,6
4.6774519876733498,94,94,51,4
1.0415840871567690,94,95,52,3
2.1634657805692017,94,95,60,1
4.3338594329286124,90,90,51,4
5.0529123685880242,94,95,44,7
0.5958422028798557,96,97,50,0
4.9591885684324817,94,94,42,3
0.4278709476962424,94,95,62,7
4.6459958663716865,94,94,46,5
1.9768565634768018,96,97,49,1
2.2341597400375024,94,94,53,4
1.2686351641501163,96,96,49,1
5.7938526781412198,94,94,41,2
2.6891703798941449,96,96,52,0
0.8622150449905346,96,97,49,5
0.3881120679458965,94,94,44,5
3.3187261410525637,94,94,46,3
2.2605861414565056,94,94,44,3
3.3803729195459002,90,90,47,6
3.8896823370488738,92,93,51,3
3.3074283440548529,90,91,51,4
5.9405051651650247,94,95,54,7
4.2422568705250265,94,95,43,2
3.0653741075906877,94,95,43,4
1.3598606350391178,94,95,47,0
5.6670945839532587,92,93,56,2
4.3405563968920715,92,93,45,5
4.9884220222189022,96,97,49,5
4.7411515304983212,94,95,52,1
3.8685644247854376,94,95,46,3
4.4119956923253705,96,97,51,1
3.0337679366473611,94,95,46,5
3.6523288292232885,92,93,35,7
1.7825015784538367,96,97,56,6
5.5362140409533449,94,94,50,5
2.5064978455556024,96,97,49,5
6.2323514957221180,96,96,50,2
4.9136476477180135,94,95,47,6
1.3149508436206907,96,96,45,1
1.2381376322070312,94,95,45,6
3.8902860621080078,94,95,59,0
2.3940229115698126,96,97,54,2
5.3211331231285532,96,97,59,3
2.3062737822513952,94,95,45,4
0.2795737507700595,90,90,46,7
5.4111800199086995,94,95,50,7
4.0316747312783585,94,95,53,2
4.0689007239852604,94,95,51,2
1.4030845766539053,98,99,55,2
0.0100616536714874,96,97,52,0
1.6611351419897642,92,92,47,3
1.0105520640667722,94,95,57,6
5.4004162328502821,94,94,53,0
0.7298700735699322,92,92,46,4
0.9639155885091438,92,92,42,0
2.8424120098599759,96,96,44,0
3.5122120956742222,96,97,58,4
0.5645328896684461,94,95,44,1
0.2465610321736201,92,93,39,7
5.0596685633426128,92,93,44,2
5.5640299560651556,96,96,46,4
1.7684777669917791,90,90,46,3
0.3088368769383937,96,97,53,5
1.7938603284230232,94,94,55,0
4.3132670520165828,92,93,45,7
6.1503047112867941,94,94,47,0
4.4826692508994173,94,95,48,1
0.1314467194137029,96,97,51,7
3.2514096189037769,92,92,51,5
2.3929935503117745,96,97,55,7
1.1635584302195709,94,94,55,6
1.7944021871975342,92,93,45,3
0.4381333242886772,96,96,50,0
1.1060450855891704,94,94,50,7
2.3464645100705046,92,93,37,5
1.8975163825621750,94,95,50,1
2.0783786108943771,94,94,52,7
5.1052193492982507,92,93,45,3
0.7423751453802652,96,97,52,4
0.4857185811450798,96,96,46,6
4.0915111024857893,94,94,50,5
5.4528508006374015,96,97,49,3
4.6561260614500286,94,94,45,2
2.6064824817352577,94,95,49,4
4.7783503212448819,94,95,49,6
1.5696941379156644,96,97,49,5
4.8932782714787981,94,94,44,5
2.7764121361450265,94,94,49,6
4.4709252296009270,94,95,52,5
1.8866918856102064,96,97,56,0
0.0868580740212463,96,97,55,3
0.0067876156530049,94,95,47,6
5.0054016575631808,96,96,55,3
3.4410811070344747,94,95,55,0
4.2983783280625989,96,96,49,1
2.9183880632984938,96,96,50,6
1.7665841740584840,94,94,48,5
3.5203989855649684,94,95,53,0
1.7772321041822636,96,97,54,2
4.8868569730485847,94,94,51,2
1.0589611529178606,94,95,55,0
5.3225989836393284,96,97,57,1
5.7599402635526378,92,92,47,7
3.6830152156595286,94,95,64,1
5.1936767064557152,96,97,56,0
4.5474935930044698,96,97,50,2
4.0721802089122745,94,95,46,3
1.4508728269873357,94,95,59,4
6.1350440813149412,94,95,51,0
6.0483527074362193,90,91,42,1
3.3821509924319142,92,93,51,1
0.7466210406639349,94,95,52,5
4.8392432114938062,92,93,47,7
2.8831909564483817,92,93,45,7
2.7144620594652173,94,95,43,4
1.2670641270003140,94,95,50,3
1.1142004340790530,96,97,51,7
4.3838292554366092,90,91,53,0
0.4589567297889159,94,95,49,2
3.2294257322826492,94,94,45,2
2.3828456044860133,96,97,44,0
1.5658781131540593,94,95,51,4
3.0896694471716675,92,92,52,0
4.8613748289614485,94,95,57,2
0.0280129867211077,94,95,44,5
4.4584987318194402,94,95,45,6
0.0922761157567257,92,93,43,3
1.1028682313212845,92,93,41,7
2.1258714686697093,96,96,49,7
4.7876662682213826,90,90,50,1
6.1356456578911409,92,93,42,0
4.3210799823613160,94,94,60,1
5.7498947647460081,94,94,51,0
4.6823506426095269,96,96,48,0
3.5648009908722633,92,92,45,7
4.0788706190212070,92,92,39,1
2.6239984277748061,90,90,44,5
5.1619173054145566,92,93,49,1
0.7453265840845437,94,95,52,7
4.6052860406934135,94,95,50,5
1.0956191115150429,94,95,57,0
3.1534073857948912,92,93,46,0
3.1020033441490931,96,97,44,6
2.6975599654496287,94,95,44,1
5.2481111993263152,92,92,56,2
4.7542943919215048,92,93,53,7
2.6265301138421302,90,91,53,6
5.6393151529690373,90,91,46,1
6.1099695775260603,96,97,53,7
5.3348362687927189,96,96,47,1
2.5554970146979317,96,97,52,6
1.4655831923377958,92,92,54,0
1.2622102261413422,96,97,47,5
3.9080138131156263,92,93,45,3
0.0769855809931690,100,101,47,5
4.3076764334833353,94,95,49,6
1.3907333011888707,96,96,52,6
2.7323744722372632,92,93,47,3
3.9335872431296091,94,95,47,6
2.9340063962899254,92,93,49,7
2.9060262597346096,94,95,55,6
3.6745003597824528,96,97,53,7
1.9979931856387319,96,97,41,1
6.0138103859508085,94,95,46,7
6.0278496535595201,92,93,39,5
1.6158487512459800,96,97,40,0
2.2210378759368341,92,92,45,3
4.6500616143903839,94,95,42,5
2.4987801774474625,86,87,49,2
1.7825919547097941,88,89,40,2
5.8287201264682516,94,95,49,2
3.2709844706997080,96,97,55,5
0.8891897369421222,92,92,51,3
5.3669845768715598,94,95,43,2
1.0144035701228351,92,93,38,2
3.5955596867838242,94,94,43,4
0.5151659275065890,92,93,51,5
1.5908334122508800,94,94,40,3
5.6793012404414815,92,93,50,0
0.9784478941536274,94,95,51,4
4.5935596758036121,94,94,35,4
5.6293001020308147,94,95,53,2
3.8349117523046097,94,95,49,6
0.2357154845877309,92,92,51,7
2.8517174329935981,94,94,48,3
0.6332571756526837,92,93,47,5
5.1239463628618180,94,95,53,0
0.0029786039673136,96,97,48,2
0.6212390128216234,94,94,51,6
2.2958366223556905,92,93,41,7
2.5126143909382410,90,91,46,5
0.9587163205425827,94,95,47,2
1.5387007188764079,94,94,55,6
3.2957117011241741,94,95,40,1
1.2589353914085515,96,97,56,4
3.3093666327995317,92,92,46,0
1.2008610180286072,94,95,44,7
3.0233672328145307,94,94,48,1
1.7797400756012123,94,95,41,6
0.6186683553701730,96,96,48,0
2.1216703425602046,92,93,49,3
0.4358088660029830,96,97,55,5
4.4573859727094609,94,94,46,7
5.8698492376949867,94,95,42,5
3.0244041703238631,94,94,48,5
1.2891274447628753,92,92,45,1
3.4472781170794748,94,95,54,5
5.9194730616061921,96,96,47,5
0.3159961079774275,94,95,61,4
1.0015025753795319,88,88,48,4
0.8950896022410340,94,94,56,3
1.5669918227912234,94,94,54,7
4.9478415931228819,96,97,54,2
2.8381483052345042,96,97,45,7
1.7470444212618821,94,95,49,0
2.3555817136864574,96,96,47,1
6.2633135486219889,92,93,49,7
1.0454231856120295,94,94,46,5
5.9517018231039041,96,97,51,1
4.3292379295147105,94,95,64,5
1.9567413173596191,96,96,45,5
5.7794236970546109,78,79,46,7
3.3121090709180230,96,96,61,7
5.1751629288791925,96,97,50,6
2.6020616299595658,92,93,44,0
2.0653977114890139,94,95,52,7
1.8413409590144545,96,97,41,1
0.3449643636013506,94,94,45,4
0.3161642479617424,96,97,52,0
1.6543071476574920,92,93,49,3
3.1144584647462610,94,94,46,7
1.6968071615722662,98,99,38,7
2.6316242126620688,92,93,43,1
1.9481573706285329,90,91,43,2
5.7352650081526120,94,95,57,6
6.2752868947486640,94,95,47,6
4.6975842985125897,94,95,50,3
1.8230813844853038,94,95,54,1
5.5569585411463960,92,93,50,0
2.8790293558625470,94,95,50,7
4.0889345828996380,92,93,45,7
5.5607653980355991,94,95,47,2
1.5798787791687947,94,94,40,3
3.4192215005215019,92,92,43,7
6.2645083311978134,90,90,42,1
1.9522206489860201,92,92,52,6
4.0268021591401011,100,101,51,7
2.2769456997120998,94,95,51,2
3.7942228079158475,96,97,58,2
2.8358944944183735,96,97,49,7
0.3732172004789745,94,94,51,2
5.6225600166566734,92,92,59,1
2.2033452779778937,96,97,46,4
1.7655974954670541,92,93,48,6
2.0048365311133232,94,95,51,4
5.8230471052599704,94,95,41,4
3.8738738154898691,96,97,49,3
2.8805336859149442,94,95,49,4
5.6444649638777413,96,97,47,3
6.2575174273091774,96,96,47,7
0.4609420035934221,98,98,54,3
1.2254607998342331,94,95,50,1
1.2061840742676933,92,93,56,0
4.3025311970274007,96,96,60,2
5.0638460044085765,90,91,51,2
3.1012030939722726,94,95,59,0
2.6772197442428896,94,94,54,1
0.2425787481108768,94,95,50,1
3.1770236134072269,96,96,48,2
3.1932890005820860,98,99,46,7
1.0813760848980016,96,97,38,0
0.6372710069062784,96,97,63,7
5.2496933544505939,94,94,47,2
5.6064120098969275,94,95,50,1
2.9014483374620643,88,88,43,1
1.0219663601870737,96,97,50,2
4.4260855439921141,94,95,46,7
1.5016184352179363,88,88,41,3
5.6290746278601285,96,97,44,6
2.5117200793758161,94,95,55,2
1.8687356501964465,96,97,59,5
5.5852501615497898,96,97,52,6
0.8085862010251214,94,95,48,3
1.4678382669117622,98,98,57,6
1.3606043792240268,94,95,61,2
1.3619631244158259,96,96,51,5
6.1984014458122125,88,88,46,6
3.5739833596522108,94,95,45,4
2.6625309521500569,94,95,42,3
4.8341842817795015,94,94,50,5
3.0567671139630774,96,97,48,6
0.6351296801538794,94,94,49,2
2.0963158380755949,94,95,46,7
4.1263494165097026,94,94,43,2
3.7799266331518879,94,94,42,3
0.6730718652257258,94,94,58,5
3.3444947902698940,92,93,46,0
1.9780925424792963,96,97,53,5
3.1266045397416589,92,93,53,1
4.4492350703912056,94,95,48,7
4.5238649965487232,96,97,46,0
1.5653246578708138,96,96,46,0
0.5711536653429473,94,94,54,3
1.8502525573918074,92,93,45,1
1.6280201550276689,94,95,52,1
2.4183733380321755,94,95,54,3
5.8737898675026985,90,91,42,7
5.9168884291025359,96,97,52,2
3.8480750503868850,96,97,41,3
4.1712834188105976,96,96,52,6
4.9274026935361714,96,97,49,1
5.9345427908414115,92,93,52,4
4.1822282558357546,94,95,50,7
6.2157387314863293,94,94,52,1
5.9585376623438790,94,94,47,6
2.0147789012890911,96,97,50,4
4.1621624339146006,94,94,49,0
5.6134122925535914,92,92,47,7
5.7125239366560825,96,97,48,6
2.5222144371053550,94,95,60,7
0.0509236289741960,94,94,51,4
5.0545837924373762,94,95,46,3
2.8844030459499659,96,97,51,5
0.8285555260889927,94,94,43,2
4.1614483129740742,92,93,50,6
2.7911636765902568,94,94,54,3
5.6112532422222250,90,90,50,7
1.6353966900792483,94,94,47,2
3.7427988961881926,92,93,46,4
6.1993794899261987,96,97,50,0
5.9476463056301370,94,95,58,3
2.7192221510112691,94,95,59,4
6.1827133395201681,92,92,42,4
4.5650982721240618,96,97,44,4
5.9669891171220000,94,95,58,1
1.9653790227931394,96,97,54,4
4.9842257381865176,96,96,49,3
5.6007284251073015,94,95,39,6
1.4584312165959121,94,95,50,1
0.7797841606456588,92,93,45,3
1.5930188058575869,94,95,45,2
1.0632527943178713,94,95,52,7
0.8946821356356325,94,95,56,3
2.6498708589814908,96,97,54,6
5.6782402344288503,94,95,52,5
0.5730594407070999,90,91,55,2
6.1696809068255272,90,91,48,3
2.7817249509028179,92,93,51,1
3.9620430025760691,94,95,46,3
5.7350515092087040,94,94,42,3
6.2718292583210866,94,95,47,6
4.4442568900799655,94,95,55,6
2.0162527141292426,94,95,54,1
0.4293859732416762,92,93,52,6
3.9062077897284366,92,93,50,2
3.9887939334343776,94,95,54,7
2.5685594349038596,94,95,48,5
4.7865012606535764,94,94,41,6
5.3889909741649795,90,90,48,5
3.3413182122476455,92,93,55,5
0.4959128024510517,98,99,51,6
2.5862186599494086,92,93,49,5
3.2584316795845085,92,93,49,7
3.5148885279067592,96,96,45,7
3.7778067079166338,94,95,46,1
1.2986611378703716,92,92,55,7
2.4369865391942178,96,97,58,0
2.9998340953832821,92,93,52,4
3.6187410090200989,94,94,45,0
5.9750754165765239,96,97,49,5
5.4295149998088332,94,94,46,5
2.8192983662244875,96,96,49,1
0.3140792824670153,94,95,56,3
4.9877075454373143,94,95,45,4
5.8577011936190138,94,95,44,3
2.0877561699491993,96,97,52,6
1.4467674680508125,98,99,52,5
2.3374593132083823,94,95,61,4
3.1288249351686201,92,93,50,2
1.9399967520417851,96,96,48,0
5.7297304373654496,92,92,44,6
5.5554112020747439,96,97,47,1
2.3125833802263656,94,95,44,1
2.5361417371654782,96,97,51,3
3.6495880423366174,96,97,55,7
2.8200557070110088,94,95,46,5
1.5954570361483931,98,99,49,6
1.0207933929760755,94,94,47,0
1.7098916214312438,96,97,55,7
5.0563745707618599,92,93,54,4
2.6260611917659569,96,96,46,2
3.1915715410199637,96,97,57,5
0.9745865498620198,92,92,45,3
3.9706521529781083,96,97,44,6
2.1948487243182826,94,95,54,7
2.0472653822538316,92,93,49,1
5.1918832091067992,92,93,45,1
5.7351831610559962,92,93,46,0
0.8653338493473198,94,95,43,4
5.8833430868530758,94,95,51,2
5.5707810881388671,94,95,52,5
0.1163834312785039,94,94,44,1
5.5398708309288249,96,96,51,5
5.6388274136731793,94,94,46,3
2.5656076479037768,92,92,43,7
5.5482292730301195,94,95,47,2
5.9204855654718953,92,93,45,5
4.5321491220663868,96,97,48,6
3.6129143439058851,94,95,51,2
5.3702730160663963,94,95,45,4
1.1384194716132907,94,95,54,3
0.9456979507546546,94,95,57,6
0.2390214754021470,96,97,48,4
2.8789138587025320,94,95,55,2
0.3471470473995538,94,95,60,7
5.5111783296942081,94,95,53,0
0.6966453510241645,94,95,44,1
2.4959438361428457,92,93,51,7
3.3532691168952238,94,95,48,1
4.7722719133966454,94,95,49,0
2.1425649577823926,94,94,51,6
3.9593551810988927,92,93,59,3
2.5735039775313728,94,94,46,1
3.3495480693387170,90,91,47,0
0.4621585965013336,92,93,47,3
5.5177934520069574,92,93,43,5
4.2050480059096458,94,94,55,0
1.6741468257403369,90,91,45,0
0.1121335840350636,96,96,53,1
0.2372093896241166,94,95,55,4
1.5520324205097653,96,96,54,0
4.4975591467042371,92,93,50,0
2.4928573631298474,94,95,54,1
3.3653200481430492,92,93,47,1
3.2971841122665970,94,95,52,1
0.6734160568317391,86,87,37,0
3.4762186284090961,94,95,52,1
2.7049938248633834,94,94,46,1
3.3372375581171196,94,94,51,2
3.9472643775270790,94,94,49,4
3.5282407970610206,92,92,45,5
2.3358732166677334,94,94,42,1
4.6974061035229688,94,95,57,6
1.2874179833512740,94,95,44,1
2.7501202971557821,92,93,51,7
4.4246757259381493,94,95,52,5
4.5847212409645275,94,94,53,2
1.4456791759346586,92,92,48,6
5.7012189660259276,92,93,41,1
3.5253848067790083,96,97,50,6
6.1841116195702810,94,95,42,1
4.8659466435720269,94,95,48,1
2.8207460557937685,94,95,39,2
5.6549379468183218,94,94,57,6
5.6354023475634003,94,95,47,6
5.9580589073556691,90,90,40,7
0.0252502115868896,92,93,40,4
4.1171281143070102,94,95,46,5
5.7219576459547987,96,97,53,7
4.0093456680934594,94,95,46,3
5.0189757586737667,96,96,47,7
5.6551162232814098,96,97,48,2
0.7769201609592569,92,93,37,5
3.9702005056225924,94,95,54,1
2.8969014677309972,96,97,36,6
4.8900674840627421,96,97,55,3
2.2270109277355310,94,95,55,4
4.5634695802030709,94,95,55,0
2.0062657670713984,92,93,61,5
5.6491301727608700,90,90,46,5
2.2022237619771703,94,95,44,5
0.8863087489586099,96,97,55,1
2.8123837016984510,94,94,42,1
0.2591580255996444,96,97,47,1
3.3920650342391152,94,95,50,1
5.5136623178102253,94,94,44,5
5.1680542376398133,86,87,45,2
0.9743805843643449,92,92,45,5
2.1508359414434555,94,94,62,7
4.7824495283064969,92,93,39,7
3.8403265229611128,94,94,47,0
3.4369832643254821,94,95,52,7
1.5046489418976261,92,93,46,4
5.2697833194085453,90,91,54,7
4.5120310147931493,94,95,48,1
2.5050608422053160,92,92,51,7
2.8140213592479268,94,95,46,5
5.4189658523078910,86,87,42,1
2.8947782208454367,92,92,52,2
6.1367339514060006,94,95,50,3
6.0577014728100282,96,97,55,1
5.4666233132082214,94,95,48,5
2.4509179177196576,96,97,49,7
2.8863457786009890,96,96,56,0
4.7221300260120893,94,94,46,7
2.8031170095397080,96,96,49,3
3.6874460708064114,96,97,42,2
4.8326178781670652,94,95,44,3
6.2275283604782450,92,93,52,2
0.0296980860990707,96,97,49,7
0.6542046769091341,90,91,50,3
0.0654326292066455,92,92,49,1
5.4593190346979590,94,94,50,3
5.5920855444612894,94,94,39,6
0.3876454368280988,94,95,60,7
2.4107144496636130,98,99,57,2
3.6348366051206180,92,93,46,0
4.0895954712942055,92,93,47,3
4.4945251778685673,96,96,49,3
0.7655816306268801,94,95,44,1
2.7802757408954619,96,97,45,3
4.3960664594845742,84,84,45,1
3.5334636017549124,96,97,48,0
3.8795484844995145,92,93,48,6
0.8289289161950250,94,95,51,4
3.4337274188443629,90,90,48,5
1.4747645501385696,92,93,45,7
0.7093484045097264,92,93,46,2
5.4812651011051710,92,93,48,6
2.9173145826207607,94,95,50,7
1.5808011846037955,92,92,50,4
1.9586559242749428,94,95,44,1
6.2341520215150794,96,96,54,0
2.8302054758249424,90,91,47,6
3.4606066537836382,92,93,47,7
0.5362426165804736,94,95,54,7
5.0053771892281258,94,95,45,4
2.7882469568839712,94,94,48,1
2.1151571580325856,92,93,49,7
1.0820813104866207,92,93,44,6
0.1858650650136750,90,90,50,5
3.2733958594349120,96,97,51,5
1.4167649225547410,94,95,42,3
0.4278684110887612,96,96,48,4
2.0103001810089531,94,95,46,7
3.6228199560480219,94,95,47,2
5.3727932499121680,94,95,55,0
5.4557589124349377,92,93,55,5
0.5774245768862456,96,96,45,3
1.3578928717696157,94,95,47,2
1.4243716877919526,96,97,51,3
3.8325877289903576,94,95,44,5
0.7059756497383064,94,95,44,7
5.2266535103492986,94,95,58,5
1.1634666320195011,92,92,44,2
1.3073254329463440,94,94,46,3
5.9407175603805307,96,97,50,2
4.2790126920875640,90,91,46,5
1.0018578598301555,94,95,48,5
4.5995642725598236,96,97,44,4
5.7850262197219440,98,98,51,2
4.7806216799009142,98,99,47,0
4.3822772563287558,96,97,41,7
3.7043213225223943,94,95,49,6
3.9621807835985088,94,94,54,3
0.6676423002985182,94,95,51,0
1.9609094625941794,94,95,53,6
4.8615609150869483,96,97,55,5
5.3893195933762481,92,93,52,4
3.7281689434474230,96,97,50,4
6.1908395145545621,92,92,44,2
6.0777015220098205,96,97,53,7
4.8686642947257432,94,95,56,1
1.8131224852150922,96,97,49,3
5.1993664516411977,94,94,53,0
2.5486346842649055,94,95,48,5
4.5408650030926063,94,95,57,0
1.7106932513966158,96,97,50,4
1.0977664956904931,96,97,45,1
1.3491923798842436,94,95,48,3
0.1439309788104105,90,91,47,2
2.9446600280977373,94,95,48,5
0.7994654368691274,92,93,44,6
1.2681620985593081,96,97,47,5
0.5131226602005453,94,95,61,4
4.2326866878721221,90,90,44,5
4.4109273621415426,94,95,43,2
0.5240221525435848,94,94,47,2
3.2565749333022143,96,97,56,6
1.9708083336124311,94,94,52,7
1.5459913732735211,86,87,44,7
3.8455960452797804,94,95,49,4
0.3518959542522216,92,93,50,0
5.7324793396491982,96,97,54,4
1.2848364113268147,92,93,43,7
0.8073681976816676,94,95,52,5
5.0282563128908677,94,94,53,6
3.5540638703211171,94,95,41,0
5.3474321546327275,94,95,49,4
2.2997365667921552,96,97,53,5
1.0968486609713597,94,95,48,3
4.8469231357299458,94,94,43,6
4.9800472362844594,94,95,52,1
4.0602612434267771,96,97,47,3
0.3922861123488950,94,95,45,2
3.4846305674411790,92,92,46,4
0.7219369213466651,94,95,48,3
2.1577019409425273,96,97,55,5
5.2815772088076063,90,91,47,6
1.2736599341639674,94,95,49,4
0.8136024202854848,94,94,48,3
0.0395116978620036,90,91,40,5
5.5622592195181690,94,94,51,0
1.7328147250259989,90,91,47,2
4.2518355062309565,94,95,53,0
4.6232535849996514,94,94,53,4
0.1326700497264627,94,95,47,6
5.7606816779222632,94,94,53,0
4.4086474600633485,96,97,52,0
6.0378181087182963,94,94,55,4
4.8579190398018159,94,95,56,3
4.5457143576477979,92,93,53,3
5.5693539012591406,94,95,56,1
5.0423142575486839,94,95,41,2
3.7893796258344774,92,93,57,5
0.3693294506932275,94,94,54,5
3.2836040115398388,94,94,51,2
2.9202363961717448,94,95,44,5
2.8812681916360874,96,96,49,7
0.0040959449709786,94,94,45,2
1.8074977778835393,96,97,40,2
0.9106068788807543,96,96,51,7
0.6156795330465089,94,95,39,6
2.9429893950171842,92,93,44,2
5.5298307972884260,94,95,46,7
0.6898225449622909,94,94,54,1
1.0701986040919698,94,95,45,6
3.3459825911348968,96,96,50,6
1.7227596740179074,94,95,55,4
3.0159216353351557,96,97,50,4
2.2705170975332121,94,95,56,5
2.9618218483142220,96,97,48,2
2.5691398545204778,92,93,43,5
2.4754450513096509,90,90,45,4
1.3913262278906537,94,94,40,5
4.8068359719673248,94,95,57,4
2.4703791735201959,96,96,45,5
3.6898451384048156,94,95,50,3
3.3928869538718236,94,95,44,3
3.9592323011140729,96,97,46,0
3.0590236751328543,96,97,52,6
3.6686588545319925,94,95,51,6
3.9071552608903350,96,97,42,0
0.7004767013717192,92,93,45,1
6.1036981825801355,90,91,49,4
0.9281047034924690,90,91,48,3
2.7486158653058830,90,91,37,6
4.7999098991252387,88,89,43,3
5.7258015462137095,96,96,43,3
1.6028971984144369,90,90,49,0
4.9740790421082686,96,97,58,4
3.4918908301865215,96,97,49,1
0.2377786175337722,90,91,49,4
0.2117295374342121,92,93,54,4
1.2657613478187557,90,91,49,6
4.9557414661197638,94,95,48,3
0.9647643478549008,94,95,49,2
6.0912067884922863,94,95,33,6
2.2431860803748687,92,93,56,0
5.2847040655379534,94,95,52,5
1.9196158121171092,94,94,50,1
3.4837356812992897,94,95,57,6
2.5935623826799419,92,92,54,2
4.7407499507669479,94,95,49,0
5.7485765484361409,94,95,43,0
3.4223930460606629,94,94,45,2
0.6096860392526161,94,95,51,0
2.7770497659202529,96,97,52,4
0.0932286546610377,92,93,44,4
2.1210535332123950,96,97,51,1
0.6731648052262031,92,92,46,6
5.3564402155423103,92,92,38,2
5.6708671990910284,92,92,56,4
0.2319701077807283,90,91,44,3
0.0940240181224242,96,97,52,2
0.5640419362656985,92,93,39,5
0.3300462507275299,92,93,49,7
3.0694474366282472,96,97,47,7
3.6645375694267104,94,95,55,0
5.8561749348089229,92,93,53,7
5.6806694781048472,100,101,55,7
1.4526911031077778,94,94,40,1
5.4022919906347644,94,95,54,5
5.6864294275868463,96,96,49,3
1.4864426539399778,94,95,49,6
3.3334701365868402,94,95,48,7
0.8958570923085706,94,95,56,5
4.0075421803256788,94,95,44,7
3.5543106935356175,96,97,43,7
4.1944720684153696,94,94,47,0
1.9753907671764543,92,92,49,1
1.2830376149423541,94,94,52,7
3.3492189647199964,94,95,55,4
4.4211068391532162,94,94,52,1
4.5350429425257905,92,93,52,0
3.2331150329695215,96,97,51,1
4.4886014806685077,94,95,56,1
4.0026123582334243,94,94,47,4
1.2676537311757345,96,97,53,1
5.5194483882690424,86,87,48,3
3.9631260362788829,92,93,55,3
0.3688854431088774,94,94,49,4
3.1502184625258569,94,94,56,3
2.3471790469572702,88,88,49,3
1.8509547090517409,94,95,57,6
2.3453729455637222,90,90,42,7
0.8128293481161399,92,93,46,2
5.5409044980840214,94,95,50,5
3.4759558625649851,94,95,53,0
5.0378240891696269,94,95,49,2
1.1111245907843537,88,89,42,6
0.9942470268025605,96,97,55,3
1.7465459475278955,92,93,52,0
2.3452147081258019,92,93,44,0
1.7048451160260694,90,91,53,2
5.0383586714148256,92,93,48,0
5.5007789627673516,94,95,44,7
1.1599238241638232,90,90,52,1
3.7149073073588563,92,93,42,6
6.0895909046577934,94,95,47,0
3.4185689476029628,96,97,43,1
5.0620179972654400,94,95,45,6
0.0240631083597573,94,95,38,5
0.9091666542393890,96,97,45,7
5.4222367608646334,92,92,48,4
3.2591884873080126,94,95,50,7
1.1834803882976983,94,94,52,5
4.0738137599419275,92,93,46,2
5.0117254385075940,96,96,46,6
2.2231393820931991,96,97,59,3
5.2600958194936300,98,99,47,6
1.2743951637295459,94,95,54,1
3.7810649903227649,96,97,48,2
4.2661556208425493,94,95,51,6
1.8390527625451836,96,96,50,0
2.5904705629071234,94,95,48,7
0.3176640422241970,96,97,47,7
5.5516952542339260,96,96,58,0
1.9952084040379034,94,94,50,1
0.4381696523810217,92,93,51,3
4.7883399378787690,96,96,51,3
1.0458559759002313,94,95,41,4
3.2649339311026888,96,97,50,4
1.6813550847725347,92,93,56,4
0.6927396110163215,96,96,49,3
1.4017821421275132,94,95,46,3
2.3717055932717650,94,95,44,5
5.3302526876799892,92,93,48,0
3.9465988782207915,94,94,44,1
2.9748194303866922,92,93,48,6
5.0791509209542784,94,94,49,6
6.2532921360921021,90,91,43,6
1.5157617385781383,96,96,51,3
4.4244909932202079,94,95,54,5
3.3031590086009048,94,95,53,4
3.1652639544675303,90,91,36,1
0.7859687142708378,94,95,50,5
2.1038167689413916,96,96,52,6
1.9212909376325009,94,95,48,3
2.0711435825974061,94,95,57,2
1.2298187946099988,96,96,65,1
5.9231981236788753,94,95,51,0
4.8521162190819700,92,93,53,3
1.9331814980642907,92,93,49,5
3.5535249034678942,94,95,51,0
1.8763876523979925,94,95,49,6
5.3243266999761074,96,96,41,3
2.7408644678768965,94,95,53,6
1.6594905853791688,92,93,51,5
1.6054835024222260,88,89,46,2
0.2199512838780923,94,95,48,5
3.8380746647539050,96,97,60,2
3.5389745561419872,96,96,49,5
0.5314138993215991,92,92,54,4
6.1843467504535043,94,95,55,0
3.7169536446836466,92,93,41,7
5.4013668103022168,96,97,45,1
2.7254012341493619,94,95,47,6
0.7243705732275146,94,95,49,6
2.3044448414608558,94,95,55,6
4.9432329002978381,92,92,52,0
2.0501411801857015,94,94,48,7
0.5656437682791297,96,96,51,5
1.2164627386899614,94,95,45,4
5.3642341561845317,92,93,44,6
5.7588851695894832,94,95,51,6
1.7372309851933427,94,94,47,0
5.8856883821186772,94,95,46,1
6.2644365704162972,94,95,53,4
5.5557659566660318,94,95,47,6
5.1844236682548583,94,95,46,5
1.4558934839114301,94,95,51,6
5.2305576573890251,96,97,50,6
5.0573120325023453,94,95,44,3
5.6842508789917172,94,95,58,1
1.4197866009705955,96,97,56,6
1.2218159424581416,92,92,51,7
3.5177164805182013,96,97,52,2
0.5999562256624345,96,97,50,4
2.8472198068588113,96,96,52,4
0.5829295396414498,92,93,44,2
1.4282998573638885,96,96,48,0
2.3029083400321824,96,97,38,6
6.0289700916468894,90,91,54,5
1.6884247573811031,90,91,51,2
1.6765549245498006,92,93,50,6
1.1931330190165237,94,94,54,3
2.8291016091731862,94,95,52,1
1.8321477882403472,94,95,46,1
3.5340493202694114,92,93,51,7
0.2837706175292023,96,96,42,6
5.7942741646780824,96,97,48,2
3.8189717142425876,94,95,51,0
1.4206964027433686,94,94,50,1
5.8743031786663416,92,93,46,2
3.5475684887342029,92,92,55,5
2.9094641477807195,96,96,49,1
5.3828913377683927,92,93,58,6
1.6918007378670272,94,95,45,6
3.3977118079120250,96,97,60,2
0.9811005116762361,92,93,47,3
5.8017912571712662,96,97,51,7
0.9851440789420105,96,97,45,7
0.6389250223717680,96,96,46,4
5.2072951603278463,94,95,46,5
3.7033987093217515,94,95,48,7
3.9227444120705059,98,98,54,7
0.5000592886751091,96,96,51,1
0.6939940883441379,86,87,40,5
4.3052694782683849,94,95,51,4
3.8242992789734451,92,93,42,6
0.3527768783438151,94,95,56,7
5.6741056674207817,94,95,42,7
5.7163323437782303,92,92,51,3
3.1377358853331190,96,97,46,2
0.5721878670565894,94,95,54,7
1.0798285194819075,96,96,42,0
5.2004586828392609,90,90,51,0
4.3259507627412352,92,93,43,7
1.9499762910345204,90,90,44,1
0.8399766443142999,94,94,49,4
5.1093206780588565,94,95,48,5
4.1465776376303314,94,95,56,3
5.7999447085076437,94,95,47,6
3.2344623933686028,92,93,49,5
0.8192313263532371,94,95,46,3
0.6021469642470315,94,95,61,0
0.6996117156764180,94,95,50,1
5.6432029916105595,94,95,50,3
6.2082246276072013,94,94,51,2
2.8847936910078742,94,95,52,7
2.2105079949251665,94,94,44,3
1.8458102526596629,94,95,52,1
1.8643123500367167,94,94,54,1
1.9054774511462931,94,95,50,7
1.4599813933980494,88,89,47,3
5.6598867643193742,96,97,46,0
4.9897678494228765,94,95,43,4
0.5504529201682905,94,95,45,0
6.1152108575995605,92,93,47,3
1.6660832280316062,94,95,54,3
2.9284021589478182,96,97,56,0
5.3968684167612500,98,99,49,0
4.5613228416984937,96,96,52,6
0.9752615094337552,96,97,51,7
0.4909330646493033,92,92,42,6
3.7207317828249153,90,91,53,6
3.9065935662513800,94,94,52,3
3.6650382005602773,90,91,42,3
4.3040060097509487,92,92,41,5
0.8756323382109107,92,93,37,5
3.3611828898463996,90,91,48,7
2.2429757195896909,92,93,47,1
4.1666453500050356,94,95,47,0
0.4899061484435243,96,97,52,0
0.9702575306522929,88,89,51,1
3.6522457930838232,94,95,47,2
0.8173720229122505,94,95,48,7
0.1859951632267637,92,93,51,7
2.1805318746556712,94,95,49,4
5.8252029500468572,96,97,46,0
2.9515831887526298,94,95,39,4
1.5724421967370377,94,94,50,1
1.3289145461386702,94,95,47,2
1.6680248611545521,96,97,58,0
4.9895262039390662,96,96,52,0
1.8913168348900042,94,95,40,3
0.2490465488075123,94,95,38,7
4.9034314104341128,94,95,42,1
4.0974669379436151,94,95,49,0
6.1412402015268261,92,92,46,4
5.9070392323258814,92,93,48,6
5.8239572863205327,92,93,45,3
2.4718956463429458,94,94,55,6
2.2604651909622095,94,95,54,7
3.6141599725573683,94,95,46,5
5.2439160608948434,94,95,56,5
2.6698728610247144,96,97,49,1
4.1830453284880269,92,93,54,4
1.4040952157158075,94,95,40,3
4.9104380324388393,94,95,54,1
5.5045015842585379,94,95,48,7
4.0033302266800606,96,97,52,4
4.6068956447901384,96,97,54,6
5.9445645827488232,92,93,39,7
1.5180125939990674,88,89,49,3
3.1244550621004286,88,89,42,6
4.5274628832439650,94,94,49,0
1.0602290858573458,96,96,51,1
1.7997356457751867,96,96,47,3
2.9254629444869584,94,94,45,2
2.1630371282776246,96,97,54,0
1.5218407652503887,94,94,42,5
3.4858332353490153,94,95,40,7
1.9815402563138182,94,95,48,5
2.9048864730306039,94,95,44,7
4.4207667218474151,94,95,44,1
4.0953525881813491,92,93,56,4
1.8772678404615504,92,93,55,7
6.0094437394044400,96,96,49,3
3.6645772969989050,94,94,57,6
2.3188684372870791,94,94,50,1
4.5228307161040959,96,96,49,1
5.8657256017903299,94,94,61,4
3.3737946305382511,90,91,39,4
3.0731281837667472,94,95,44,1
2.5609217246223657,94,95,48,1
2.3811974621049847,90,90,55,6
2.6709087426726517,90,91,45,2
2.6636558661430678,92,92,43,1
1.3382165600911695,92,93,51,7
3.8148740253298064,90,90,46,7
4.1620060080049894,90,91,54,7
3.8642487804026677,94,95,53,2
5.9449225571561897,94,95,53,4
5.4168855380582794,96,97,46,2
4.0127057592682460,94,95,62,1
4.0744703897529631,94,95,52,7
3.2361007923871870,92,93,41,5
5.1244909705401067,92,93,44,2
0.8493294070941213,92,93,43,7
4.7756266721466325,94,95,56,3
0.0096277319990620,94,95,48,3
5.2314040064869287,96,96,49,3
1.7162290672955820,96,97,44,6
5.3101495356685469,94,95,55,4
3.3886014206658976,94,95,45,4
6.1096247242652844,96,96,48,4
1.0106390868331501,96,97,47,1
0.6295731138137944,94,95,53,4
1.3837673963712145,92,92,39,3
5.7881354607005067,96,97,44,0
0.4528553111588551,94,95,56,5
5.1431350292538571,94,95,48,7
4.0593139140553749,96,96,51,1
2.7577974434696717,92,92,52,0
1.1105998837575770,94,95,52,1
0.3630699068017801,92,92,49,5
6.0797356510058824,94,94,56,7
3.7942225228498421,98,99,47,4
1.1689186434361643,94,95,51,4
1.1048333769745446,94,95,50,7
4.6911523964093176,94,94,45,6
1.9892610932664516,92,93,54,6
2.2472996885523875,94,94,49,2
2.1922172068759171,94,94,43,4
3.6063339457119636,96,97,55,5
3.2369535089124923,92,93,47,3
6.0908353235394532,94,94,50,7
3.3962306358916461,94,94,54,7
5.8309447711040168,94,95,47,6
1.8120328988322989,90,90,45,6
4.3673713906607414,94,95,54,3
1.9449547851743290,98,99,50,5
3.5691986615475142,92,93,48,0
6.0738029616814559,98,99,48,7
3.7117250806205431,90,90,47,6
4.9813649928330035,96,97,47,1
4.5844371679787939,96,96,44,2
5.7951740916821457,94,95,49,0
4.2746606061026986,96,97,45,5
1.8211880286473792,92,93,49,3
0.0504500196512958,92,92,42,2
1.0347830359518246,94,95,56,7
1.1264869065433987,94,95,43,0
4.0239150000766921,94,94,53,4
3.6528566877307944,96,96,48,0
3.6271070621390962,96,97,57,5
0.8632054150241563,94,95,51,6
3.0748356694572956,92,93,44,4
5.7144263192571296,96,97,54,4
4.9455595044832377,94,95,48,5
4.8864258438217778,96,97,58,0
4.0078556204647136,94,95,43,6
6.2483155575062472,94,95,55,2
4.5626835843899896,96,96,51,7
1.6924570741960392,88,89,42,6
3.0235345708287986,96,96,47,5
0.7320288279707682,90,91,42,1
6.1288082628918268,92,93,58,4
5.4995379811096088,94,94,47,2
3.6068710526157464,94,95,52,3
5.9743655417699442,92,93,48,6
6.0848063669621109,96,97,61,3
3.6035712678669580,94,95,50,5
1.7689764238630765,96,96,56,4
4.6519399094148710,96,96,55,7
5.1698196140955153,94,94,47,4
2.2729990669434748,94,95,48,5
1.3607556562708965,92,93,48,6
6.0539757183592844,92,93,50,0
6.0772313077261808,94,95,51,2
3.1437756970056601,92,92,44,2
2.7793189285423932,94,94,50,3
6.0714117690503473,94,94,52,1
1.2685414160177768,94,95,53,4
2.9855685607074078,94,95,48,1
4.7445565760525357,94,95,50,3
6.2050982592976833,92,93,49,3
5.9921481557905496,96,97,49,3
3.5839297848801173,92,93,43,7
0.9541479779104196,92,93,51,5
5.2184761465179799,94,95,55,2
1.3492581423074563,94,95,59,0
1.7028561522361774,92,92,44,0
1.5500747862256283,96,97,57,7
2.9100186595768367,96,96,55,7
4.4484773720983375,96,96,54,4
0.1747064713264962,94,94,48,5
4.1144921423967418,92,93,44,2
4.2506018013512383,92,92,47,1
2.1474152393106767,94,95,49,4
3.9960499087378722,98,98,41,4
4.8527186270597742,96,97,46,2
5.0781647436824588,96,96,53,5
2.0463134753046810,96,97,55,1
4.5127852578690133,92,93,49,5
4.8336891260945318,94,94,42,7
2.8660782348838016,96,96,52,2
5.3287831901970479,94,95,40,3
2.6665610575671264,92,93,50,0
0.9804662287950138,92,93,45,7
3.9969556237255568,92,92,49,3
3.0906570051273090,94,94,50,7
2.6389287473039489,96,97,51,1
2.2382518079661211,96,96,53,7
4.7225777797254853,94,94,54,5
1.3263688969759007,90,90,47,6
0.3149816901631837,94,95,48,7
5.7624588861835901,94,94,51,0
4.6525294999010622,96,96,48,0
0.1882808864898091,96,97,58,0
6.1691331418570465,94,94,49,2
0.0515248606944611,94,95,53,0
3.3418468006911892,96,96,48,0
0.4431713460732091,92,93,55,7
3.3712245721938312,94,94,34,7
6.0158683111937483,94,95,55,2
4.9893649971062084,94,95,51,4
2.8135371551452359,94,94,48,7
4.2616206364982725,94,95,58,1
2.8540929316447645,96,96,45,7
1.3803496277453267,94,94,39,2
3.6381860943911906,90,91,48,5
5.9104279106142004,88,88,46,2
0.9352951654528145,94,94,45,0
3.0864141022547464,94,95,37,4
2.5716599213856561,94,94,50,1
4.1888612813835886,96,96,44,2
3.1853231473913937,94,95,49,4
5.1118783169092126,94,94,41,0
6.1315168914638765,92,93,51,7
4.2131833167992649,92,93,53,5
0.4391956533812701,94,95,47,2
1.9279734613109030,92,92,55,5
5.8819219094258077,96,97,49,7
2.6947373625160393,94,95,46,1
3.1282361139020693,94,94,41,2
6.0855291645225327,94,95,47,0
2.0857902670726931,94,95,49,4
2.0293200890358101,94,95,52,1
3.1361175631802563,94,95,58,7
3.9550712424930299,92,93,44,4
5.6487054245047918,96,97,48,6
5.5317997470691083,94,94,53,0
1.3555571734541716,96,97,44,4
0.1227169993317804,92,92,41,3
3.2805446313812063,92,93,49,7
5.5886043199861311,94,94,49,2
4.0195450028896591,94,95,50,7
6.0815403434989825,94,94,48,7
0.2850162037100797,96,96,46,6
3.1234631311503191,96,97,46,2
4.5365612920301892,96,96,56,4
4.5679621868084856,94,95,47,2
4.9589765978216924,90,90,40,1
0.9306121603477866,94,94,41,0
6.2787440772022531,94,95,48,3
2.4004896341022701,90,91,45,6
6.0955325915696550,94,95,58,7
6.2744481598294026,90,91,58,3
2.0058536988908284,94,94,48,1
5.5650812232064117,96,97,50,0
0.3276981549090190,92,92,56,0
1.8214172674461218,94,95,41,4
2.8712026178361558,90,90,46,7
4.4810459669961871,94,95,51,2
5.0561377396252531,90,91,38,1
2.0429940548198839,96,97,45,5
0.3758150749875384,94,95,55,4
2.4872416597012919,92,92,57,3
4.9742168163762619,96,97,41,1
0.5956463259746747,96,97,44,2
6.2489819624678438,92,93,41,5
3.7136386801985490,96,96,36,6
4.0752823416639021,96,96,65,1
1.3977250868970621,94,95,45,4
4.4930333202419472,96,97,49,5
1.7774972456486247,92,93,46,4
6.0355788707340920,96,96,43,5
1.0855900702973196,96,97,52,0
0.4722462245403184,94,95,46,1
4.0498666747919918,94,94,42,5
0.3722535532818479,94,95,56,3
3.2757237389060716,96,97,59,1
2.6104019209446836,90,91,37,0
4.3880646712574780,92,93,40,2
5.9937118429863219,94,95,52,1
4.0805181589854529,94,94,43,6
5.0625383510064994,92,93,35,3
0.9206599878075827,98,98,47,4
5.0920697766509502,92,93,57,1
4.6727751827789747,96,97,63,5
5.1751026200609838,96,97,52,0
0.0159814733270923,94,94,55,0
2.3191822832347304,98,98,45,4
5.7259896536179733,94,95,58,5
2.3426636139344037,94,94,47,2
4.1973869242430188,94,95,45,0
1.2860443099771903,94,95,46,7
0.8276241669545251,96,97,43,5
6.1938138500607431,92,92,59,7
4.0631687590865013,94,95,55,6
4.6053805400803336,94,94,47,0
3.3066572836838661,94,95,55,4
1.6466499535304027,94,94,54,5
3.3508066835118804,94,95,40,3
4.3626755141503324,94,95,45,0
5.3419811013220446,92,92,44,0
6.1256128880098135,96,97,56,2
1.8445845379584265,92,92,46,0
6.1887556814782174,96,96,52,0
0.2356085082274852,94,95,52,7
4.4587966542765800,90,91,42,5
3.1121901318128389,94,95,45,4
1.9374420938457886,90,91,50,7
1.3300042229516500,94,94,57,4
0.1495157503968458,98,98,60,3
1.3619602217029101,90,91,48,7
3.6389770861955042,96,96,51,3
2.4295526805925625,92,93,49,7
6.2311361568410755,92,93,53,1
2.3451305346560725,90,91,49,2
5.4551997750653838,96,96,59,3
2.3065062865634394,96,97,50,6
5.9126922600999601,96,96,51,3
5.8468723083505827,94,95,48,3
2.6948139402170797,96,97,57,5
1.3008377425814208,92,93,43,7
4.0964121385673282,94,95,50,5
1.6728607929820045,90,91,56,3
0.2219903276620340,94,95,53,6
2.4101551207812513,96,97,45,1
1.7541165487379156,96,97,48,2
2.9762556663299522,92,92,45,5
2.8119351805663251,96,96,51,3
5.6839406371916841,96,96,49,1
4.8507798580778703,92,93,57,3
4.3559386467068295,94,95,49,6
2.9549591137529871,92,93,47,1
0.2758743833170947,96,97,52,4
1.6159564821294055,96,96,45,1
5.8394652926796047,96,96,51,5
4.1269901326996905,96,97,49,3
5.0468145606888184,96,97,38,6
3.4289846759154234,94,95,46,7
1.0645758392983966,92,93,56,4
4.3125540776705016,96,96,58,4
3.9399995725551382,90,91,45,4
4.8337339379146353,94,94,53,0
0.8725172771185115,88,89,46,6
3.3633173654897619,92,93,45,5
2.4224714457189331,94,94,51,0
1.5219891890327548,96,97,51,7
2.7231884117583731,96,97,46,4
0.9167529583777315,94,94,42,3
0.7142555433313323,94,95,52,7
2.8540227713559863,96,97,50,0
0.6507831291235203,94,95,41,0
4.6907631651435082,96,97,49,7
3.9255265189915631,96,97,52,2
1.0381432724695134,94,94,50,7
2.8987645369995754,96,97,59,5
0.6855657867200283,96,97,51,5
0.5216486325347186,94,94,53,4
0.6757512237357022,94,94,45,4
4.8255395904185230,96,96,44,6
2.4098613779088791,94,94,43,0
5.1369654501387334,94,95,49,0
3.3919341488559440,96,97,46,6
3.0427690047028428,94,95,53,2
1.9677558923938272,98,99,60,5
3.9993367213695827,96,97,46,0
5.7840837176082722,94,95,57,2
4.6087611875003436,90,90,49,2
4.1934368036125838,92,92,45,5
3.0243590254038328,94,95,46,7
5.1026613672996017,90,91,52,1
0.7926663241520562,92,93,39,5
5.7625343628895935,94,94,52,5
1.3505772230258355,94,95,51,2
5.9228191874376472,96,97,48,6
2.4297391739131986,90,91,51,6
2.3363767085971396,92,93,53,1
2.1566541113946887,94,95,41,4
6.1899730370276851,92,93,46,4
1.9798966632970603,94,94,56,3
4.4109778881548207,94,94,42,1
1.1942455818478768,96,96,52,2
6.2743557412398339,96,96,48,4
5.0742028235519694,94,95,48,5
0.4147664342427592,94,95,56,3
4.9582999830175281,94,94,49,4
1.4982862158211403,94,95,40,7
1.4676805402465032,92,92,52,6
0.1253302259129154,94,95,56,7
1.7643523633977765,96,97,52,6
2.5130517620713664,96,97,53,7
2.9187350081126286,92,93,46,4
0.9067605118648170,92,92,52,4
0.6093107775498444,94,95,51,0
3.8014599225472234,96,96,46,4
1.1151833712484156,92,92,54,2
1.2806391575588336,90,91,43,2
0.9682871030441550,96,96,51,3
6.2382885148534601,92,93,47,7
4.0622171257489894,90,90,49,0
2.6523008698319921,94,94,47,4
3.9553216931703727,96,97,47,1
0.7897871374518327,94,94,49,0
0.1873569355208096,94,95,49,2
3.3411172431209075,94,95,45,6
3.1567283662736787,94,95,44,7
1.7192577085045555,96,97,57,7
0.7765968168800091,96,97,52,6
3.9085409962112765,92,93,47,7
0.6161172338290928,94,95,39,4
5.4899554028193078,96,97,48,4
2.8623359512947353,94,95,45,0
3.2185005896591901,96,97,39,3
5.5452374791916359,92,93,51,7
1.9621774767247768,92,93,50,2
1.9653333756056899,96,97,53,3
0.2120396370856260,94,95,49,6
0.4930561947470783,94,94,52,5
1.1319507585380602,88,89,37,5
0.2612179728186347,94,95,39,2
4.1803334218900732,96,97,49,1
0.2207512143673533,92,93,43,7
2.6561186218594286,96,97,39,3
0.6532286248859915,94,95,40,1
5.6924031135656854,92,92,43,5
1.3026735333322177,94,95,49,2
0.1774093804231444,94,95,46,7
2.2466431618878433,92,93,51,7
0.4065574697850884,94,94,43,4
0.2317328424302159,96,97,63,5
2.0241836021332991,96,96,48,6
4.9635935563464457,96,97,52,0
0.5626328736158973,92,93,44,6
3.2613873681999497,92,92,50,4
3.7710698529773921,92,93,51,7
5.9406813414535060,92,93,45,5
1.0403499212929233,94,94,53,6
5.3046454759567494,94,95,49,6
4.2684155372543131,94,95,50,5
0.2291761461165628,94,95,59,0
2.3765929813145990,96,96,52,6
0.5608116751543230,94,94,46,1
2.2398439719566992,96,97,42,6
1.2088034979290045,96,96,43,7
5.5534551979532258,94,95,52,5
1.2076999365673471,94,95,50,1
4.0868230127509655,96,97,48,2
4.7281851193918598,94,94,56,7
4.5030298847100054,96,96,43,7
5.2885139000244434,94,94,47,0
0.1023396067459877,90,90,52,1
1.7706384578312353,92,93,50,2
4.9937753878858517,94,95,49,2
1.2094379824281503,92,92,50,2
2.9600848970953710,92,93,50,2
6.0116743759140618,94,95,54,1
5.5984348551741538,94,95,53,4
6.0406112026579990,94,94,49,6
1.5132366728227495,92,93,45,3
2.7626314535390657,94,95,48,1
1.5855302836060630,86,86,39,4
3.5220429043512755,94,95,48,7
1.5391988847124576,90,90,44,3
0.5536664180003472,96,97,60,4
2.6197969919841597,94,94,45,4
1.9711506997406119,96,97,50,2
0.0333207594555136,92,93,50,2
0.2864805396043728,94,95,46,1
2.8514060700786721,94,95,42,3
5.1583123616227251,96,96,45,7
5.8599060718749554,96,97,60,0
5.6176391681231204,94,95,51,6
5.9735289851252373,96,97,61,3
3.1470320390430411,96,96,44,0
0.5600325511287212,94,94,49,2
5.5774971482204085,96,96,50,4
2.0233022141492745,96,97,47,3
1.5778318397819580,94,95,61,6
1.0352792542296712,92,93,49,7
3.9205495565375736,96,97,36,2
5.5809965097178713,94,94,46,5
4.0202245361700051,94,95,51,2
2.6770760761865176,94,94,45,0
1.1953130580499329,94,95,40,7
6.1216971122568538,94,95,51,2
2.9995179841164750,94,95,45,4
1.5488479053217419,92,93,47,3
2.6158909232011829,94,95,51,6
3.6849195563712343,94,94,56,3
0.6845212464056534,94,95,48,1
0.8680072004683325,96,96,46,0
3.1451488387368753,96,96,50,4
5.9242733336122795,94,95,44,7
4.4689389110248925,96,97,54,2
0.9037667080266619,92,92,50,4
4.2209803912843782,94,95,46,1
5.4121566460468626,94,95,49,0
4.3619442059919171,96,97,49,3
0.0888421267943657,94,94,41,2
5.5602751451699106,94,94,53,0
1.1091532503143458,94,95,46,7
5.0495010151644717,94,94,44,3
5.3168975471858442,94,94,49,6
3.6381688937581100,94,94,45,2
2.6503659692559638,96,96,49,1
2.7514968807475690,96,96,49,3
5.8442920627620305,90,90,52,1
6.2747694059675529,94,95,49,4
3.2946020874504600,94,94,47,6
3.8317059933235993,98,98,58,1
2.7772719310486820,96,97,57,5
1.6228151821377836,94,95,53,0
2.9411241369261223,96,97,49,3
2.7264497167496429,92,93,41,7
5.5552224289054877,96,97,59,5
2.7946748133730597,92,93,49,3
0.2962405870338942,92,93,47,3
3.7518531531106651,96,97,45,5
0.7532359881806512,92,93,55,3
5.3701505349435443,94,94,51,2
0.8958840145308946,96,97,61,5
1.6306358917313999,94,95,48,7
3.6607376154995004,96,96,50,4
1.6613950876437873,94,95,44,7
5.4912369555646219,94,95,43,2
4.8069068398333892,92,93,45,7
2.2477784792076902,94,95,46,1
4.6704071765547601,94,95,49,2
0.5134841104306163,94,95,53,0
1.1505539090256993,92,92,45,7
2.9146257833940452,94,94,51,0
4.3806467845113746,94,95,52,1
5.2297137045856763,96,97,46,4
2.5500929337255402,92,92,52,4
0.9741623526818475,94,94,45,4
0.3826829592604213,92,92,51,1
4.3904691854620790,92,92,43,5
3.6887852206697738,92,92,42,2
4.7500756650622291,94,95,50,7
0.1076094538585425,96,96,44,0
0.0607574546804943,94,95,50,5
0.8086236492862160,90,90,48,3
2.5107164462729270,96,96,51,5
0.9953512906180881,94,95,57,4
2.7657006875455004,94,94,47,6
0.0036279454015832,92,93,48,4
4.9354601863646073,92,93,54,6
6.1853714713945527,94,95,54,3
6.2328639185780599,90,90,49,4
0.8792890593532827,92,93,50,2
6.2589520427871230,90,91,48,5
1.6791021301914983,92,93,38,4
2.9513826948934079,94,95,47,4
3.4578651684552391,94,95,61,6
6.1069004846072161,94,94,49,4
0.0867188199262573,94,95,49,6
1.7851479150657166,94,94,48,7
5.5618947544506074,92,93,39,7
5.3745742704520927,94,95,55,0
2.5356517110059746,94,95,57,6
5.6268662508570912,96,97,51,5
3.8493120583464098,94,94,50,3
5.0412971726536808,90,91,50,5
4.5727903512505161,96,97,51,5
2.1835709668415975,94,95,44,3
4.9807761728373832,96,97,47,3
4.9405623357354402,88,89,45,5
0.5139642796671511,96,97,47,7
3.1879456530159049,92,93,44,6
1.4818306792266329,96,96,57,7
1.2035515956610920,90,91,50,7
3.9984874346164512,92,93,46,0
0.4928247429936943,94,94,53,4
6.1356976611083338,88,89,47,1
6.0968783514840510,96,96,42,6
3.9086363059495945,94,95,46,5
4.3701846004507541,94,95,46,5
2.3566979707674003,92,93,51,7
1.2756907273341040,96,96,50,2
1.3694117467779505,94,95,60,5
2.1548254601872960,94,95,59,4
0.0367545423649428,96,97,46,0
3.1474244546327719,96,97,43,7
5.6012826960468844,94,95,40,3
3.0228746398581929,94,95,39,4
4.5004176495198109,96,97,52,2
0.4851885980776587,88,89,44,2
4.1614274359260159,94,95,51,0
2.4990852306795128,94,95,51,0
4.4590322348776850,92,93,51,7
2.3818832759872324,86,87,40,5
4.2337683374750030,94,94,51,0
1.9186880140137275,94,95,50,3
2.3157009959369725,92,93,48,4
1.4139401724764795,92,92,46,4
4.3939028195738583,94,94,50,5
4.5185538113465835,92,93,45,3
4.3659872473908754,92,93,57,7
1.4428833532696383,92,93,51,7
2.6524443917452496,94,95,53,2
2.0428204819403377,94,95,52,1
5.7390205303911292,92,92,46,4
0.5041930568977359,90,90,50,5
3.8426493182149550,96,96,48,0
0.8599418736314089,94,94,34,3
5.7986735472638813,96,97,47,7
1.5292989360259923,92,93,51,7
1.1835540728309246,94,95,48,1
0.1662056513446643,92,93,51,1
0.3430850791842481,96,97,44,6
1.4410556940473187,96,96,51,5
4.5485994329003638,94,94,42,7
0.0568229540662059,94,95,41,6
4.5300302184850985,94,94,62,1
2.0654113547857551,92,93,48,0
4.2074686101224730,94,95,55,4
2.9923601604178902,96,96,58,2
6.1018916979197044,96,97,51,3
3.4495990568427528,94,95,42,3
1.9752432333401795,94,95,46,3
3.0745232251126526,96,96,46,2
2.5452220593866501,96,97,55,1
6.2157533131096185,92,93,38,6
1.0333442548323526,92,92,43,1
4.5553748695211063,98,98,53,2
2.5512236288965271,92,93,52,6
5.5085315688187571,94,94,37,6
3.5430824509985097,92,92,45,1
4.3618771273450960,90,90,48,1
5.1599529265982023,92,93,44,4
0.8725717628691233,94,95,42,1
3.2867986178701472,96,96,54,6
4.5815069574902108,98,98,69,4
1.8331067226707913,90,91,47,4
1.9965341730636674,94,95,47,0
0.7791122249750470,94,95,52,7
5.8118637452223920,90,91,49,4
4.3702701948121572,96,97,49,1
1.4619724397261664,98,99,49,6
4.4535811994328265,96,96,51,1
3.1101584193984619,94,95,49,6
3.4889642303408013,92,93,42,4
0.4973212895571589,94,95,46,3
4.5426505741141803,92,93,43,3
0.1471716819536841,96,97,48,2
0.6513424461589042,92,93,45,1
1.5511497800541261,92,92,49,5
3.8620639006315063,96,97,49,3
5.5500983131085775,94,94,42,3
3.2892025646872374,94,94,47,2
3.4310253539076556,96,96,42,4
4.2148221747160326,94,94,51,0
2.8283148333298862,96,96,48,6
5.4926901244138060,92,93,51,3
0.7666662398052638,92,93,45,7
0.0942414074717073,90,90,50,3
5.9851989397879075,96,96,58,2
0.7425234847019179,94,95,51,4
5.3367005941281693,92,93,44,6
3.4943953353639179,96,97,50,2
4.6542891308700218,92,92,52,0
5.3240683859633506,94,95,56,7
5.4777099663811342,92,93,50,4
0.1305377456157021,94,94,53,0
4.2752492372477935,94,95,48,7
3.9559011713413539,92,93,48,4
1.4428741597657679,92,93,54,2
6.2493659295521882,94,95,52,3
3.2181375456832484,94,95,46,1
1.9701214631563486,96,97,54,6
0.7851519615479189,92,93,45,5
4.8973056122278686,94,95,52,5
0.2727427488877904,94,94,57,4
3.0422480230325344,92,93,51,3
4.8620684584768847,92,92,41,7
5.7593414757736339,94,95,51,6
5.2960074557480610,96,96,43,1
4.7091671089038929,94,94,53,4
4.1965577704722046,92,93,53,7
2.3349165219918055,94,95,57,2
3.4618097249170865,94,95,53,2
5.2826696691465536,96,96,43,1
4.5903794985176800,92,92,47,3
5.2695369178387566,94,94,52,5
3.7536011800121170,94,94,43,2
5.9779804392058224,94,94,48,1
2.7017544729427949,94,94,49,6
5.9021837686856218,96,97,56,4
5.8272145945002256,94,95,55,6
0.7069066077993573,94,94,53,6
0.6161716638372238,94,95,49,0
0.1425191869842301,96,97,48,4
2.6858584986158864,94,95,55,4
5.5754197917426298,94,94,51,4
1.4369419422910863,92,93,49,3
2.3120525572994830,92,93,47,5
0.6765028385237394,90,91,51,0
2.9752982488012223,94,95,45,6
1.9691272902196020,94,95,53,6
1.9627438063806817,96,97,48,2
3.9337130094061878,96,96,48,2
0.4849141520880035,100,101,56,2
2.9955637840924889,94,94,49,6
0.3869561883873680,96,97,47,3
1.2059291076197483,94,95,47,0
0.0177761272961412,96,96,56,4
5.2916861650572642,94,95,40,7
1.4273214917892809,94,95,49,2
3.2942624100722147,94,94,45,2
6.2080471374665178,96,96,44,2
1.2931851698323669,94,94,53,2
3.2187581821683526,96,97,46,2
1.1662869536912481,94,95,49,2
6.2316732423959911,94,95,54,1
1.8024096606815683,96,97,46,0
5.6107757852652647,92,93,55,5
4.2342351698878842,96,97,49,3
3.3827280292845208,96,97,41,3
6.2475542128172288,94,95,49,2
5.6827072322466989,94,94,52,3
0.7074636599055729,96,97,56,4
4.5498572230041106,94,94,47,6
2.4470838146665463,90,90,51,0
3.6635645451555079,94,95,54,5
3.2699510834785022,94,95,49,4
5.1464667471313259,94,94,50,5
3.8933174364347787,94,95,48,1
5.8416228601766447,92,93,48,2
3.8174395128335639,90,91,48,7
4.6943687388126429,92,93,51,7
2.2619469847093030,92,93,46,6
1.7774503103098902,96,97,36,2
2.0239072959483964,96,97,41,1
3.4458409229389262,96,97,50,0
2.4942110905560941,94,95,38,3
4.4097271258924788,92,93,47,3
4.3097554925650829,92,92,43,5
1.1244728245277054,84,85,41,7
5.0492311987374556,94,94,45,4
4.0682627926970012,94,95,41,2
6.1605826273656303,92,93,47,5
3.7842581063383403,94,94,47,4
1.3167124513148654,94,95,60,7
4.5263161879021867,98,99,53,0
1.9967285358772027,86,86,35,0
2.0141535300336169,96,97,47,5
0.1278032278080708,96,96,53,5
1.5921879370408103,94,95,46,3
2.2858278569815171,92,93,46,6
4.7133156153509752,92,93,51,7
3.9773520835709286,96,96,47,3
1.2193819531038586,94,94,49,2
3.5573495065523675,94,94,44,5
2.0557435508329083,94,95,47,0
5.1843212820791162,94,95,50,3
3.5297187104365468,94,95,45,4
1.5205301654007000,94,95,54,3
6.1155714438848614,90,90,37,6
4.0618976227763950,94,95,46,1
0.2308942662062412,92,93,46,0
3.7410582686643226,96,97,47,3
2.4410603906448136,94,94,45,2
4.8150049604245391,96,97,57,1
0.2150732471719721,96,97,54,2
5.3577768655533076,94,95,54,7
4.2963420135234953,96,97,56,4
3.9927020696841735,96,97,48,0
0.6736947516085742,94,94,44,1
1.9296978512291703,96,97,51,7
4.0894636543888154,94,95,49,2
3.4018730832107527,94,94,37,4
3.7938952835617172,94,94,50,3
3.0772324015590944,96,97,56,4
4.9843671498145081,94,95,40,7
2.8008943217525264,94,95,43,6
2.9666839998085601,92,92,45,5
1.6789852342428417,94,95,51,0
1.3748792684444997,96,97,55,7
3.6466763254657808,94,95,55,2
0.8816930140806932,92,93,45,3
1.3110568137745620,94,95,45,0
3.4127792281770306,94,94,43,0
3.6452154571641375,90,90,53,4
0.5137208442694201,98,98,51,0
1.6071729098228771,94,95,55,2
3.8189854758110013,96,96,49,3
5.2181784207280595,94,95,52,7
3.6986726057896782,94,94,48,3
2.4713561464777132,90,91,45,0
0.6907923598335580,94,95,56,5
0.0291831442561604,96,97,43,1
0.6312044111618491,88,89,50,0
5.0835226189308962,96,96,40,6
1.7895016524843850,92,92,50,0
4.4005872408578988,94,94,42,1
4.9021926199230128,94,95,49,6
1.5192036067053365,92,93,43,1
2.9668088732317184,94,94,48,7
1.8060325634562553,96,97,48,4
4.2153410664572704,94,94,52,3
6.0141222536460637,94,95,54,5
4.6739015807935109,96,97,48,0
4.8504131069460472,94,95,47,0
5.9739017611808336,92,92,53,3
4.5397568700896231,96,97,53,5
4.5584541877519245,92,93,50,6
0.5591783726793280,96,96,54,6
3.8853408764848423,94,94,45,2
3.3791435306034723,94,94,39,4
4.8550568411938411,96,96,46,2
0.5235146166554457,96,97,46,2
1.0889660112709896,94,95,51,2
2.5839124234273432,96,97,53,7
2.9543011168367013,94,95,47,6
2.6581532155639978,90,91,45,0
2.6098617272287763,96,97,50,6
6.2480612791662082,94,95,51,0
0.2628819111469541,96,96,47,1
1.2808908337914195,94,95,45,2
3.3016199753711502,90,90,52,3
0.0319440345136446,92,93,51,5
4.7959255112386217,92,93,57,1
3.6320290567384523,94,95,53,4
1.3519946756313954,96,97,50,0
5.7951201896273314,94,95,52,3
3.0429703253316180,88,88,42,0
0.9532442376552724,94,94,59,0
5.4688564981560379,90,90,50,7
4.7989407708693754,94,95,51,0
5.4827639223046125,96,96,44,4
6.0407272661279316,94,94,48,3
5.3347115545673081,94,95,45,6
1.3592819601122303,90,91,53,6
4.8569723090790102,94,95,46,3
0.1680934601404281,96,97,48,2
0.7245452011633232,94,94,43,4
1.5494290526312009,90,91,45,2
0.6521390941555393,92,92,57,3
0.0207410203921208,96,97,52,4
6.1543839723819493,92,93,40,4
2.0147557772758629,94,94,42,3
6.1117629308512722,96,96,58,0
5.5363883635518301,94,95,47,0
4.5814140286688776,96,97,53,5
0.9401596771199835,94,94,44,3
0.5977948715587206,96,97,48,4
5.0460738035704553,94,94,50,7
0.8428179296886849,96,97,59,7
4.0963445591402294,94,95,49,4
2.2617325151794088,94,95,49,4
0.6843787866141892,96,97,42,4
2.3998491890283029,92,93,53,5
2.3257721411130148,94,95,49,4
5.5943217766686342,96,97,52,6
1.5806065978800725,94,94,41,2
5.8103982285755187,96,96,54,6
2.4715445467443464,96,97,55,5
4.7801410407886449,96,97,52,4
2.4321084272294722,94,95,51,6
1.8886865877015164,96,96,41,3
3.6440948221336580,94,94,56,5
1.8978193903259177,92,92,55,3
5.5378066850293148,96,97,43,5
4.1552381085112424,94,95,47,6
1.0746706164743927,94,94,50,5
0.7348771013739823,94,95,51,6
5.2062489313684148,94,95,45,0
5.4182061516214368,94,94,50,5
3.3776088767542829,94,94,56,5
3.1310989318586975,96,96,43,3
1.0278879595143453,92,93,52,0
4.1077387961233640,96,97,49,3
3.3782500463936027,94,95,51,2
6.1911404773094336,94,95,50,1
0.1272285429396280,94,95,49,6
1.9410611332754599,92,93,54,2
4.5921732271607256,96,97,55,3
3.4887271162940605,94,95,49,6
0.1521559611838200,94,95,47,2
2.6633421507337314,94,94,52,1
2.1192231559061736,94,95,51,2
4.2081120603409525,88,89,47,1
3.8580092289092138,92,93,44,4
1.5930396731767074,94,94,49,0
5.0886640240195415,96,96,49,5
5.1511007605894585,94,94,43,0
3.6585745067899671,90,91,41,0
1.0891536509163851,96,97,43,5
3.4099429509197821,92,93,43,7
1.1828317234241785,94,95,55,6
2.0838303685617574,94,95,42,7
5.8152848460861257,94,95,42,7
1.1886398402808664,94,95,49,6
5.2173123625274069,96,97,50,0
3.2140179819726491,94,95,46,7
0.5398549268427381,96,97,52,2
4.2593967701328612,94,95,42,3
1.7552088508959223,94,95,48,5
4.4417926140945108,94,95,54,1
1.8995448921877132,94,95,48,7
1.0763304870881707,92,92,48,6
4.2350517327825585,96,97,53,1
1.0510981687521801,94,94,52,1
4.7305524851190190,94,94,48,1
3.7744464620722984,94,94,56,7
6.1224507465101219,96,97,56,0
2.9245220396879370,96,96,53,5
2.4330255349935324,96,97,43,1
2.8466518472804876,96,97,49,7
0.6523687842407235,94,94,43,0
5.2664701190415499,94,95,51,6
2.0694999060285508,88,89,49,5
1.1011897857577926,94,95,48,1
0.1255222839299988,90,91,43,0
1.5224795934363822,96,97,42,4
4.2243933009089867,94,95,51,4
0.0505791960769727,96,97,55,1
5.6589411962693799,96,97,54,2
1.0504822281395878,94,95,45,0
1.1223897279459614,94,95,42,5
4.0771862421411909,96,96,50,4
0.3115753248862435,96,97,46,2
5.5148392355316700,90,91,47,0
3.8673623945962752,94,95,50,3
5.9418298770686455,94,94,51,6
5.8176531089499726,94,94,59,0
1.8661491778087909,94,95,43,4
1.9517893767314105,94,95,50,5
4.7231536288901772,94,95,55,4
1.7728926163398964,92,92,55,1
5.3653907166389194,88,89,53,5
1.2508431762202650,94,94,54,7
4.2286970658672720,96,97,50,0
2.3500694867197391,88,88,47,3
3.7901415213235312,96,97,41,5
3.0413978995285249,92,92,45,3
5.1683280105929414,92,93,52,6
0.2346368639339321,94,95,43,2
2.9086815013972038,96,97,54,6
5.6175510538048430,92,92,44,4
2.8764135476674566,102,103,50,1
0.1744055047707844,96,97,55,5
1.8452990262005751,96,97,56,6
4.0001582834780471,94,94,36,5
0.9021614418607704,92,93,49,1
2.9646134300541496,94,94,43,4
0.4373643990460417,92,93,50,2
5.4975968023340132,96,97,55,7
1.5383486102442692,94,95,46,1
5.6147459214550093,94,94,49,4
4.2746879345345015,96,97,51,1
0.9875729231693411,94,94,47,0
3.4623518506882385,90,90,49,0
3.0703437049093303,94,94,41,2
0.4423429902899846,94,95,44,3
5.1446191364292595,92,93,53,7
4.9744538376189071,92,93,47,7
0.8909910959236482,96,97,57,5
3.0573005922727714,94,94,49,4
2.6352242030790185,94,94,57,0
0.2325304401610443,94,94,43,6
6.0994907926069786,94,94,46,3
2.5119111021963314,96,97,50,2
0.5083516538244592,90,91,39,4
6.2283979481664486,96,97,52,4
1.6407235928479287,96,97,50,2
6.0621530397263887,92,92,48,0
0.8408381720607555,94,95,50,5
5.5375637465635243,94,95,58,1
3.3161812926450080,94,95,44,1
2.9202801962465501,94,95,50,1
2.8458420057310043,96,97,51,5
2.6971257236644668,94,94,50,5
5.7120001651001511,94,94,51,2
3.8687698201194229,94,95,47,0
2.6745747071612138,94,94,55,4
5.8912139370514449,96,96,54,2
3.7323612439988372,94,95,50,5
3.2125197388662690,94,95,50,3
0.4213032665681921,96,96,57,3
2.9730318272511309,92,93,59,7
2.6163258242457235,94,94,45,6
0.7251158916868622,94,94,40,7
3.8213760049742724,94,95,54,7
4.5410378014339035,94,95,48,5
2.2703078886710273,96,96,52,4
2.6478002926304511,94,94,53,4
3.9428731827387087,96,97,53,1
3.8746935800321682,94,95,48,1
4.7503164250838967,96,96,54,4
6.1929890207007823,94,95,56,7
1.0643119176742162,90,91,44,1
4.5722586998002974,94,95,53,6
1.6311820851138594,94,94,55,4
2.6806606225675709,92,92,45,1
5.3684086572851353,94,95,50,1
5.5224541706406933,86,86,44,3
2.3658116711474149,92,93,47,5
2.5737505882710519,92,92,43,1
5.0409862245845556,96,96,54,4
2.9592444481198048,94,95,50,1
5.1531194734713370,96,97,50,2
3.0390838115621901,94,95,53,0
1.5496037456311447,92,93,44,0
2.6357445891339024,94,95,57,2
0.4081793576015652,96,96,48,2
3.0721210713897471,94,95,37,4
6.2143286948053458,94,94,53,6
4.9232464740539239,94,95,44,7
2.2818776037478425,92,93,48,4
0.4056909340975968,92,93,40,0
2.0233673570947781,94,94,47,0
5.5288332030280989,88,89,54,2
1.3667374147675782,96,96,46,6
1.3134673881229846,92,92,50,0
5.2454948090737412,92,93,47,1
6.0017241037107993,98,99,53,6
5.3403672780191247,94,95,57,6
2.2782882046137085,94,94,45,4
3.1798155402228625,96,96,40,2
5.6978340182866489,90,90,49,6
1.4669902053254289,96,97,47,1
5.4595906841606734,94,95,53,0
1.1983080147831837,92,93,42,0
4.1937225542659942,96,97,48,6
3.3830137448140096,96,96,54,0
4.4102224039890237,96,97,51,1
4.3287855607972672,96,97,50,4
5.0302700471514710,94,95,44,1
3.9854214635819822,90,91,58,3
3.0658163661425477,94,94,49,2
3.8819378354642993,94,95,49,0
5.6808679652181793,94,94,49,4
6.0051215373859623,94,95,52,3
5.7740599057855189,96,97,52,4
4.4609764929976716,90,91,54,7
3.3670931361272580,92,93,37,1
0.0722461092172976,94,95,49,2
4.4150811555352520,96,97,47,3
5.5149468400874859,96,96,55,7
0.3490000835193348,94,95,50,5
3.7339566419491450,94,94,43,4
1.5228429428087786,94,94,42,3
2.0404865708035973,94,95,51,0
1.8758727322862290,92,92,49,1
5.2085176953865959,96,97,56,6
3.9064105173679402,90,90,48,1
3.5271444480605925,94,95,52,1
6.1630098939236868,96,96,51,1
4.8292513730438866,92,93,44,2
3.6732033636289261,96,96,51,3
0.2239467534188582,92,93,51,3
5.4279569424218561,92,93,59,7
1.3330400949668035,96,97,45,3
1.2123857499975763,92,92,47,5
5.1589693632998941,94,95,53,2
4.8677850912312586,92,92,44,6
0.9360164133553903,92,93,53,1
2.8092576514387329,94,95,51,2
1.0060947282531398,94,94,45,6
6.1772718986585300,94,94,56,3
4.3865260750439639,96,97,46,2
1.0681445593460557,92,93,39,5
4.9545554288307629,96,97,46,0
3.5592463283444862,96,97,55,1
5.0316039763605396,96,97,43,7
0.9914588053852218,90,91,47,4
3.1310630453843613,96,97,48,0
2.7961144027390277,94,94,53,0
5.0467984324828485,92,93,48,6
4.0615552037321079,96,96,48,6
4.8212692851486851,94,94,50,7
5.6308155647377687,94,95,45,0
5.1830930716695018,92,92,45,3
3.3520925015035603,96,97,44,0
5.7687546555737104,96,96,46,4
5.8885953489103144,96,97,53,1
2.4294922564111645,96,96,52,6
1.7777294813599540,92,93,48,2
1.8698482729380037,94,94,46,7
1.5855779818565403,94,95,45,2
6.0034250232094948,94,94,40,7
2.6426508502279447,94,95,48,5
1.4721856334264360,96,96,50,6
5.2570615545502166,96,96,53,3
5.9786660580219735,94,94,47,6
0.0430098386656398,94,94,55,0
4.4254000549666763,94,95,47,6
4.0506590718132802,96,96,44,0
5.9288639428336554,92,92,51,7
5.8003994178756217,94,95,43,4
5.6985312650601090,96,97,53,7
2.7094112921138160,94,95,50,3
5.5858200071762054,96,97,50,6
2.5339457127062062,98,99,48,3
0.2830101797232631,94,95,46,7
5.9574074619589359,96,97,50,6
4.5707055324045465,96,97,49,5
2.0566539486199402,92,93,49,7
5.8468198314507625,96,97,49,7
4.6978830487177037,92,93,47,3
1.3810475462881053,96,97,48,0
4.4777939576638683,96,97,57,7
3.8715253169495734,92,93,53,5
6.1042167805673087,94,95,42,7
4.8906604738529422,94,94,55,0
2.8578532068337301,94,94,46,7
4.0209676820014861,94,95,54,7
3.9357422894341476,96,96,45,7
2.2862521268619642,94,94,43,4
5.6919556605261796,96,96,51,1
5.8022607014132968,96,97,47,1
4.5559084909860896,94,95,46,3
1.5123593647073934,96,96,49,1
2.8866618150917329,92,93,43,1
2.9693699535403684,94,94,59,4
0.9420027742176952,88,89,47,3
2.7264061043137717,94,94,57,6
4.3384898456051859,96,96,48,2
5.6611483569809140,92,92,46,4
2.1139479904882585,96,96,53,3
5.8717688965770201,94,95,57,4
4.2376318021956552,94,95,57,0
6.1574535288505805,92,93,48,2
2.3075535563123140,96,97,55,1
0.5264909782152351,94,95,47,0
3.9277233717693849,94,94,43,2
2.1042461899726708,94,95,66,7
2.9902010029446613,96,96,40,2
2.4959534717093059,96,96,56,4
2.4067747798250378,90,91,44,3
1.8705243620138012,94,95,55,4
0.5348738983513323,92,93,42,6
0.5883602492155107,94,95,45,4
4.0067636869238186,98,99,48,5
2.4425199444485521,94,95,49,6
2.2052257727048823,94,94,41,2
0.8951158452425266,94,95,52,1
3.6653431676951724,96,96,52,2
0.0055200679571197,94,94,46,1
2.7636401933131562,94,95,43,2
3.7764057506368620,94,95,52,5
0.2937284152547250,96,97,58,0
1.7014545674709007,92,92,50,4
4.7469089138890466,92,93,57,7
5.8504575239616345,96,97,52,0
4.8725773509929358,92,93,56,0
4.7118546082163713,92,92,42,4
1.7005343533466957,92,92,41,1
3.0263751248234363,94,95,52,5
3.3069107444221739,96,97,52,0
2.2810854704525632,94,94,46,1
1.5216688578648774,94,95,52,3
3.8764181953599133,94,94,43,0
5.8512046646440936,96,97,53,5
6.1259000444042861,96,96,54,0
4.9967704309254648,94,94,54,3
1.0466451816003965,94,95,57,2
3.6282725806338729,96,97,52,0
2.1412576717229492,94,95,46,7
2.7896368117225996,96,96,44,2
4.6440998555310529,94,95,41,2
4.3840384557225365,94,94,41,2
5.0663927168147014,94,95,46,7
1.5662084486878487,94,94,45,4
0.0395886802352007,96,97,54,6
1.0885721076888606,94,95,50,3
1.8252747331369270,92,93,57,7
3.1461915217709748,96,97,48,4
0.0125294008400461,94,95,39,2
3.5648948585124511,92,93,34,4
4.9327194214216767,92,92,42,0
1.0605836481909545,94,95,47,2
2.2710845970532239,94,95,52,5
5.2509986028246898,92,93,48,2
4.2426799865371922,92,93,56,6
5.2907412017877693,90,90,46,3
5.6737328032028378,94,95,53,4
6.2776333076884523,92,93,42,6
5.9362120583827931,90,91,49,2
3.7830750960011605,94,94,40,5
6.1586414862082517,94,95,47,4
0.0019936018147174,96,97,49,3
1.8524983995474942,92,92,55,3
0.9832593170852384,94,94,43,2
2.4101565356665855,94,94,58,5
0.1120114234712098,92,93,51,3
0.3010259287662369,94,95,52,1
5.3113698360090646,100,100,51,5
4.1768005320692589,92,93,44,2
2.2668246586434502,92,93,49,5
4.2190120102399282,96,97,44,0
5.5169478325248447,96,97,45,3
2.2083200456206047,92,93,51,7
3.4852855780420766,96,97,49,1
3.3144916630228907,94,95,48,1
0.8676099429794233,104,105,47,5
5.4960395864471527,92,93,48,4
4.3175137934502832,90,91,38,7
3.7141814391545798,96,96,47,7
2.7430606609252703,94,95,45,2
0.8082276197984015,94,94,58,1
2.7826551736643697,96,97,43,5
2.9326920271738919,96,97,47,7
3.8575151853751173,92,92,49,3
3.2802211163066972,94,94,53,0
6.2114655125884148,96,97,48,6
5.0664599636657535,94,95,50,1
0.0735974132693819,92,93,46,4
1.8883333153364823,92,92,54,6
1.8663690210949924,94,94,50,3
5.2691673118068465,86,87,42,7
1.7772654854776435,94,95,41,2
1.1820610650789176,94,94,46,1
5.2993756196927722,94,94,43,4
3.6810844758883912,94,95,48,7
5.6402589722845855,92,93,45,3
6.2409948966286022,92,92,50,6
4.2003538768879647,96,96,56,0
0.7525927193013577,92,92,45,3
5.3535673621199908,92,93,43,1
4.8099077923378823,94,95,59,0
3.2406411459577447,92,93,47,1
5.8735350995623739,90,91,46,5
3.3155577424244629,94,95,39,0
5.9471848078642724,92,92,39,5
5.1852070143751217,92,93,57,3
1.9454510727273142,92,93,43,1
5.9017793443386193,94,94,47,4
0.6844172628978016,96,97,51,5
2.6103580723513389,94,95,55,6
6.1463228418989528,90,90,43,2
4.7928549041189674,90,91,51,0
4.6028270298710323,96,97,58,4
0.3742461888875256,96,97,58,0
5.3911754108505727,94,95,41,4
1.4401381583804884,96,97,43,1
3.1629199099164800,92,92,48,4
4.3867039710214168,94,95,39,4
2.3377228540446855,94,95,49,0
4.9863257836987414,94,94,48,5
2.0233660830952251,96,97,48,0
3.0829389807338132,90,90,56,1
4.7697319365816657,86,86,50,1
2.5910931104780532,94,95,48,7
5.9244770629485792,96,97,51,5
4.9290795145076167,94,95,50,5
5.0150605857996302,92,93,54,4
0.4412868258946260,92,93,49,5
5.3496253734428016,96,97,54,0
2.0303920721199447,92,93,48,6
0.8793112569578156,96,96,58,6
0.1295624465980993,96,97,50,6
3.3923517369941298,94,94,46,3
3.3936469435108854,96,97,49,3
4.9873157672233432,92,93,47,7
4.2405449779644879,96,96,44,4
5.5617325784343974,94,95,55,0
5.0639293914539127,94,94,44,5
1.3454056073724610,94,95,46,3
3.7735819809643751,94,94,53,6
0.4484284310566846,92,93,48,4
5.1659522811990373,96,97,48,4
3.1264247677628574,94,95,44,7
2.5718008334867593,92,93,47,5
1.4460334141323523,92,92,51,5
5.8118876887553306,92,92,38,4
5.5349414865375541,94,95,55,0
4.2803493988775658,94,94,55,2
4.8677831102236260,94,94,45,2
1.3261537376716137,94,95,47,0
1.6050064431980287,94,95,49,6
3.6127604739770063,98,99,57,6
2.7294315800100910,96,97,52,4
1.8861426870496849,94,95,45,2
5.3150760875143437,90,91,52,5
2.4252869038623293,96,97,43,7
6.1815742742213891,94,94,38,5
3.2822743247361510,94,94,51,2
1.7968752377889257,92,93,50,2
5.9848878197400461,94,94,43,0
3.3191624227681982,96,97,44,2
1.5120540119451520,94,95,44,7
6.0504406643693578,94,95,39,0
1.4409471297845271,92,93,46,6
5.0134612137686618,96,96,44,4
2.4588345863150773,94,94,44,3
5.1225251381677417,94,94,46,5
2.8488142733226693,90,91,54,3
0.1806739841423963,94,94,51,6
2.2266122710442802,96,97,47,1
3.2482730903998327,94,94,51,6
4.7336731958119707,94,95,63,6
6.0171588464465131,92,93,50,6
4.3946229611164780,90,91,45,0
3.1822198729991724,92,93,49,1
5.1838303083291901,92,93,58,0
2.2539483037677011,92,93,47,3
5.8817086920473622,94,94,48,5
1.3424893818911006,92,92,50,2
3.0009406240197181,94,95,44,3
1.1139336690333934,96,97,40,4
4.8609965199010805,96,96,45,7
2.2165611112237338,90,91,52,5
0.1066821256012321,92,93,53,3
3.4236814472209693,96,97,48,2
0.1690552324674471,90,91,50,7
6.2665362432862759,94,95,53,4
5.8262430049048914,94,95,39,4
4.5388308110765108,94,94,40,1
5.2415871137523959,94,94,50,1
2.8362222626580396,94,95,41,6
1.4139125084040336,94,95,47,6
5.4983739327784233,92,92,41,5
0.2958295171937154,94,95,47,0
0.1508868437547220,96,96,52,4
2.8580601297502279,94,95,54,7
1.5594252757813620,92,93,52,2
1.3789069380172467,94,95,54,7
3.8168934710284907,92,93,55,3
3.8851049994233122,94,94,45,2
5.2266190292266597,94,95,49,4
1.9775644181625043,92,93,38,6
6.1846342745578937,96,96,49,5
1.6880109002078774,92,93,56,6
2.9706688725031629,94,94,45,2
2.1865754461469180,96,97,54,6
4.4592626220537266,94,95,45,2
3.4399106484195001,90,90,47,0
5.7951529150586687,92,92,49,7
1.9870381747729395,94,95,48,5
3.3752065429894875,92,93,45,5
4.8808278644875278,92,93,47,1
0.7379536396171165,96,97,48,0
3.7836835519217717,96,97,58,2
0.8721245890509869,94,95,54,7
2.7815927525898609,94,95,52,7
5.7265142434685687,94,95,43,6
2.2885397999655308,96,96,50,6
0.5935623848956593,94,94,52,5
1.9609949318595672,94,95,55,6
0.3471814813109885,98,99,53,2
5.6699888433118204,94,94,50,7
0.3953443283709717,94,95,49,4
2.1018914007141665,94,95,43,6
4.1659668699594077,92,93,47,1
3.4751087950359660,92,92,50,0
4.8211657707750550,92,93,51,3
1.7209791508269416,98,98,41,4
4.5582353704558543,94,94,51,0
2.7433034772848415,96,96,45,5
4.7808199212521050,94,95,49,0
0.6506613074930918,94,95,49,2
0.0877390150025870,94,95,51,2
1.5981665543197632,94,94,54,7
4.9879171873806722,94,95,51,4
1.4044917753634321,96,97,50,6
4.4418759507339844,94,95,44,1
2.6379310189678380,94,95,51,4
4.5891049708262726,96,97,39,5
2.2115925411190105,90,91,44,3
0.9807178382848830,96,97,43,3
4.4681199409078705,92,92,40,6
5.0500738750400851,96,97,45,3
4.7697565322911295,94,94,48,5
0.1559268862239543,94,94,46,7
4.7746374260566755,94,94,39,6
1.1150390404789430,94,95,43,6
6.1721348439818691,92,93,41,1
0.4128680368038850,96,96,43,1
0.7763141867085467,94,95,46,3
5.6019408836056890,92,92,46,4
1.1655141615369284,92,93,48,0
3.2423191120645152,88,88,46,6
5.0663928485316827,92,92,52,0
1.5130810133310233,90,91,48,7
0.8697155229796653,94,95,49,4
4.8301180439069409,94,94,50,1
1.0629105843107494,92,93,56,2
5.2606821275397513,92,93,47,1
0.6737655691978705,90,91,43,6
4.4909142836160996,92,92,49,3
4.2791413896113486,94,95,48,3
3.6771074649841595,92,93,54,4
0.7323788919330586,94,94,46,1
4.2231424303668765,94,94,59,0
1.5141923229902214,98,99,50,7
5.2418833440057897,94,94,51,4
2.1498532874114296,94,95,44,7
4.0024486429431585,92,92,42,2
3.1553481069067408,90,91,46,5
4.7379601431977152,94,95,32,7
0.0270665328602593,94,95,52,3
0.9377257383497355,94,95,48,1
0.3976296608914722,92,92,51,3
1.2904363945044162,94,95,51,4
2.9357865419863280,92,93,41,3
2.2598286263742771,92,93,52,2
3.8191666411234824,94,94,37,4
4.7292784493906197,90,91,46,7
5.3943405162152818,94,95,46,1
5.9598164208138504,94,95,52,3
4.5065863231649921,90,91,52,7
5.6785138590774098,96,97,53,1
4.4191496929535026,90,91,46,5
2.7455480534134420,90,91,52,3
1.6068036807265884,94,94,55,2
5.5550445025368349,92,93,55,7
1.9705214740522803,92,93,47,5
6.0611855785680717,88,89,40,0
0.1843903498960070,94,95,46,1
2.3953475075345576,88,89,46,6
0.8315096012476947,96,97,63,5
1.9918811302686654,96,96,55,5
1.6530506448819999,96,97,49,5
4.9005908439287378,94,95,51,2
4.3078094791027350,96,97,44,6
3.8454244391649519,94,95,44,7
3.2931088357044325,92,93,50,0
5.1347185453893580,96,97,51,3
1.0491080723112902,96,97,57,1
3.6030626084068924,94,95,54,3
5.8473446998087706,94,94,56,5
5.6311859512037854,96,97,45,7
4.0028052874279982,94,94,45,2
2.9683655698767644,94,94,47,2
1.3421243390910866,94,95,53,6
4.1653415131027485,96,97,49,7
0.1818700342184927,96,97,52,4
6.1189104159981138,96,96,47,1
1.0744941183984176,94,95,50,3
6.2287377642182582,96,97,49,5
5.0247992041864569,92,92,47,3
1.3658539480636818,96,96,47,7
3.4719514085535774,94,95,46,7
6.1064010237990791,96,96,51,1
1.6024265693130402,88,89,45,3
1.1314991003479349,96,97,48,6
3.2833256316888013,92,93,48,6
1.1067433867333978,96,97,46,4
2.8263765981441669,94,94,50,1
3.5254217365590175,92,92,58,0
6.0637259770554675,94,94,45,6
3.1476599586098790,96,97,59,1
5.6518783895979556,96,96,44,4
0.5822670861184581,94,94,47,6
5.8358414524964770,94,94,60,1
4.3126261496615452,96,96,45,1
2.1870328287688530,88,88,41,3
1.5846563258289421,92,92,49,1
4.7017256139053796,92,92,41,1
4.8963616005547239,94,95,46,1
2.9495732340052991,84,84,52,6
1.1691209521150780,94,95,44,7
5.4588871682501043,94,94,46,3
5.2917226477858987,92,93,41,1
5.5099397183548540,94,95,51,4
1.4444776645592969,92,93,54,0
1.8024283881548844,94,95,49,2
2.2288243528594078,96,97,57,3
0.3675167115716071,94,95,57,4
2.5296103796855296,90,91,55,2
1.3257619021330198,96,96,48,6
6.2318017593110220,96,96,57,3
4.1116226916492300,94,95,56,7
1.5148444944147974,92,92,53,5
1.3470199720392408,92,92,44,2
2.3879392130377104,94,95,47,0
3.4514037139410960,96,97,54,2
3.5099206593434231,94,94,50,1
5.6506591009154867,90,91,46,7
5.2564599833861800,94,95,51,6
5.3107224216213940,94,94,46,7
1.8942577136923830,94,94,49,6
4.4005946684446053,94,95,45,6
1.0970629262587324,94,95,48,5
5.9782219518838691,94,95,49,0
2.1057278027298092,94,95,56,1
3.1688830780057629,90,90,43,4
6.0357897198379611,96,97,53,7
0.7755509351621973,94,94,51,6
0.2282238388773225,94,94,50,3
4.5820925947664595,94,95,52,3
4.9803778449221827,96,97,50,0
4.2674152201219799,94,95,46,1
4.3833588927450613,94,95,50,1
3.0408602585733462,92,93,43,3
2.6398645687539566,92,92,56,4
3.5056201730121463,94,95,53,2
1.0495791028171191,96,97,54,0
2.7949733329152524,94,95,49,2
3.9625086170243087,90,90,56,3
0.8741952488070958,94,95,44,5
3.9846846560335503,94,95,52,5
0.7111368886955695,94,94,43,4
0.2046222533648877,96,96,49,3
2.0252785321337203,94,94,57,2
0.2162182288143537,94,94,45,2
3.2597679705708416,96,97,50,4
6.0841892414547969,96,97,50,2
2.7546890474795052,96,97,49,1
4.3568111562435687,94,95,46,5
4.9427624040292120,94,94,51,2
5.3519899184486759,94,95,55,4
4.7510408573606746,94,95,49,4
2.9518773993922940,96,97,47,3
3.5703545251288036,96,97,55,7
4.9645829004117497,94,94,51,2
5.6111243220066296,96,97,59,5
4.2706695276573345,96,97,43,5
6.0808122675601703,94,94,47,0
5.7626497746599989,94,94,51,0
3.9373802809244904,94,95,51,2
6.1107167608266346,96,97,58,2
1.3463746049607899,92,93,49,3
4.8078936213123020,94,95,48,1
0.6933017810612598,92,93,45,5
1.5466076835381173,96,96,47,5
3.3737588721609511,94,95,51,0
0.2338964951243259,94,94,51,0
3.1525647990767225,98,99,47,4
3.1778026251144000,94,95,45,6
1.7922606901523723,96,96,55,1
0.3830370232155280,94,95,60,1
1.4288771729789040,92,93,52,2
0.0047025655544580,94,95,46,5
2.6012326223836153,94,95,49,6
0.0771903530527318,94,94,50,1
0.4523914905201946,94,95,53,4
1.5883676967558444,92,93,49,3
4.5107687770506137,96,96,43,7
0.2479995376459846,92,93,59,3
2.0707261617714483,96,96,50,0
2.8898008532084316,90,91,41,6
4.8546840275744669,94,95,48,7
1.5500306262977832,96,97,52,4
3.5890759583507506,94,94,51,6
1.7576182336850368,92,93,43,7
3.0464443807157435,90,91,44,5
5.3779339866156253,94,95,53,4
0.4458693720532061,94,94,51,2
0.6588147908340078,94,94,52,5
2.4519930791425488,96,97,61,3
6.2497637119513270,94,95,39,4
1.8920409864269174,90,90,53,0
5.0071394400431810,94,94,48,1
6.2224405189441825,92,92,39,1
1.5109513314766603,92,93,52,4
1.2242378644952943,94,94,40,5
3.1720540225837945,92,93,47,5
3.1076985756802591,94,94,52,7
1.0258135155451211,90,91,39,4
0.0350676463647569,96,97,46,2
6.1789736301930720,96,97,40,6
2.7554895779143025,92,93,46,4
6.2767691206162688,94,94,46,3
4.0684386220906061,96,97,47,5
0.4084751029651114,92,93,46,4
1.0956982705799849,92,93,41,5
0.8216977794533412,94,95,43,0
1.9197244990627369,94,95,51,4
6.0611301517219580,92,93,42,0
5.7362440818504226,92,93,49,7
6.0617311375170821,96,96,44,0
0.4563090110406189,94,94,37,2
0.4874134261190090,94,95,47,2
0.0799772647971015,90,90,44,5
3.0681871974520480,96,96,46,0
5.9336059769284235,96,97,46,6
5.3965063252070005,94,95,56,5
0.8569436015989599,96,96,47,1
6.0075445204300717,94,95,50,5
3.0935243131348438,94,95,43,4
0.1690794773606087,88,89,52,2
1.3341807008197299,92,93,45,5
1.3671961389147054,96,97,53,5
4.1450695669810687,98,99,51,2
1.2187220939183405,94,94,51,2
0.1374855954456629,94,95,61,4
4.1428975830614050,94,94,54,5
3.7040139567147619,94,94,52,3
3.9687447777233222,94,95,46,1
3.7747954610135426,96,96,44,6
5.5213884197766498,96,96,46,4
2.7463361968208764,94,94,37,4
1.0673449680655684,96,97,62,4
3.7037936626046739,90,91,48,5
0.2031376826190998,92,93,45,5
4.9288257553488464,94,95,49,0
0.4281743820280359,92,93,50,2
3.9024652334524390,94,95,51,6
5.5298722725028080,92,93,51,3
5.0367121517326581,94,94,52,7
5.9795568504375307,94,95,47,2
0.2245308893600994,94,95,45,0
4.6757926382963113,94,95,47,2
2.9939420060661015,92,92,51,7
4.7434762514790254,94,95,56,1
5.3467365529087250,96,96,51,3
5.4348697691000876,88,88,42,2
4.0351947910910893,94,95,50,3
2.5413182735700865,88,89,44,6
5.2641292671683653,100,100,50,0
0.8719137283015870,94,94,56,3
2.4177274322242797,90,90,46,7
6.0639737770422713,98,98,48,3
0.6498862926941783,94,95,56,5
3.1100941685545398,96,97,52,2
5.1191636154037665,94,94,58,1
5.6743663830668130,96,97,50,4
1.1815839836537614,96,97,38,6
2.9077653631605123,94,94,48,1
5.0286972850874214,92,93,47,1
0.5572327187259778,94,95,45,6
3.2716340281541147,96,97,53,1
4.6949512354106959,94,94,48,7
3.5324907468542235,96,97,53,1
3.2094817011262711,92,93,45,7
2.9846091251638533,94,95,42,5
0.5711505569125187,92,92,49,1
3.0500518413863849,92,93,46,2
6.0929774644564869,92,93,61,3
0.7530510454287110,94,94,56,5
4.2060456236253732,96,97,53,1
2.9987485455595499,98,99,56,7
0.9196167062625861,92,93,53,3
4.7186014624864416,94,95,54,7
2.7552812319252058,96,97,54,6
3.1849814222508761,94,95,53,2
3.1942286610072514,96,96,45,7
1.9136397354348020,94,95,50,1
1.4102558981896287,94,95,44,3
3.0782295222655507,94,95,53,0
3.6878508270887140,98,99,47,2
5.8558302142359571,92,93,40,0
3.8357820305716128,90,91,51,2
4.7812906149913319,94,94,46,3
1.9583367329624155,94,95,45,6
0.9572268349092847,94,95,50,3
2.3036883524117204,94,94,51,6
2.5494104316537394,94,94,58,5
5.3061635789197084,96,97,53,1
5.2823022441235663,96,96,51,5
1.6225896581029673,94,95,50,3
5.4484060132290200,94,95,48,5
5.5132275202235643,96,97,48,6
1.4871352659224844,96,96,50,6
4.6624787891302875,96,97,46,2
2.8417354627183311,94,95,56,7
4.6139091841532913,94,94,42,7
4.7280946230744281,94,95,53,2
6.2128847690203131,94,94,43,6
1.7906913493203691,94,95,49,0
4.1498444512835357,94,95,57,4
1.2963728453604273,94,94,50,5
4.6249640096246294,98,99,67,6
4.2991662734875309,94,95,51,4
5.1824670062833542,96,97,52,6
0.3581424796803989,96,97,48,0
5.0412071931242588,92,92,55,3
5.4317043165488128,94,95,42,5
0.0869843869363993,92,92,48,2
5.5156518645534556,94,94,59,2
5.1479445739252236,90,91,51,0
6.2637767943210250,96,96,54,4
2.1619158207916289,94,95,57,6
1.8915572323442282,94,94,51,6
1.9335723072633786,96,97,51,1
2.9524359705092129,94,94,48,7
2.3781131619197291,94,95,40,1
0.5575621159404599,94,94,49,4
5.9451422276478159,94,95,56,5
2.3526400163741021,94,95,55,6
2.9912159796722175,94,95,50,1
1.1376995651909887,94,94,52,3
5.2646873182846896,94,95,55,0
4.1921820148759812,94,95,54,5
4.3386600899374281,94,95,51,4
1.9356768247190119,96,97,46,0
5.1997535807474708,96,97,48,6
3.5797802612006726,94,94,52,1
1.7579839974349674,96,97,47,5
2.6999455270292900,90,91,43,2
3.3436704720376351,94,94,46,1
1.3337428973106515,94,94,42,7
3.1102857464984979,96,97,46,4
4.6619854678022632,96,97,51,1
5.8596168728212925,98,99,50,5
1.6813387815819654,96,96,45,3
2.9294186034778082,92,93,50,4
2.2150617992903343,96,96,54,2
4.8266550400797952,94,95,51,6
5.0722340156253631,96,97,49,3
4.7963820090530138,94,95,54,3
4.8667861771904732,94,95,58,3
1.5735106828384384,94,94,50,3
5.5119589295973244,94,95,52,1
1.8172900063090047,94,95,57,2
5.5863046212249428,96,97,56,0
0.4881565253151781,92,93,47,5
3.8389912803547088,92,93,40,6
1.7876684132259932,94,95,53,2
5.3183103001582008,94,94,37,4
5.9836811752381731,94,95,53,0
0.2650349447889458,88,88,37,1
1.2953717267816554,92,93,51,3
1.6123470097654464,96,97,52,4
2.6987209358137632,94,94,56,1
3.3955979541408050,92,93,47,3
0.3226813669631303,96,97,58,4
1.7533635526932871,94,95,53,2
2.9259713975712502,94,94,46,7
4.1078829553874874,94,94,42,5
3.0210492747444895,94,95,53,6
1.3683582105229888,94,94,53,6
0.8735426926670751,92,93,56,2
5.8222506070223403,92,93,42,0
5.3165232670276694,92,92,45,7
0.5711371069063986,92,93,56,2
1.8110916572711857,94,95,55,0
5.3270133248510447,94,95,52,7
4.4507924854215224,96,96,56,2
3.4979780499608739,92,93,50,4
2.9909085912806677,92,92,44,6
1.8403180489396311,94,94,45,4
5.3517317061689722,92,93,54,0
0.5125360063970374,92,92,51,5
3.2867188687686579,96,97,54,6
2.5295150639969095,96,97,44,2
1.1573483298111553,96,97,56,4
1.4428403248020580,94,95,54,1
3.4554928338155264,92,93,44,6
2.2566729379229384,94,94,55,2
6.0915278715493839,94,95,46,7
0.0045148275357434,94,95,37,6
4.7787459158563719,92,92,52,4
0.0883044560239963,90,91,57,2
6.0058639253593737,96,96,58,0
2.0429585005206712,94,95,50,7
1.6530360356437623,96,97,46,0
3.2943325849675524,94,95,53,2
4.1701135136053562,96,97,50,0
0.6762337325300796,94,94,48,3
4.1914029198033065,92,93,52,4
5.5703862613113584,94,94,44,5
1.7861377849180196,96,96,49,3
5.2745006327747941,94,94,50,1
4.9978466408036821,94,94,48,3
0.1382929157708262,96,97,52,2
1.0031856212635715,94,94,53,6
5.5676777462676759,92,92,53,3
4.7105026602774833,94,95,47,4
5.1259229621939406,94,94,53,4
1.6144276635186177,94,95,57,4
4.4321230536011571,94,95,48,3
6.1411258780929323,94,95,42,3
0.1831241206109220,96,97,55,5
5.2326462345250677,94,95,53,0
4.5462373392875080,94,94,46,3
2.9279685743483390,94,94,42,5
5.4855998523197744,94,95,47,0
4.5699487874810076,94,95,42,3
4.6482666475664560,96,97,54,2
5.3148930561881231,90,91,44,5
6.2481258594968114,94,95,58,5
1.5707854083659485,94,94,53,4
2.6359439216701106,96,96,52,4
5.9605640370295694,92,92,45,5
4.3030323302395797,94,94,52,7
4.6851712497135916,92,92,42,0
1.1855343234348277,86,86,46,1
0.4830521574820313,90,90,55,0
2.6342939500785096,94,94,46,5
1.0202259382561347,92,93,47,1
0.1534330353445111,90,90,45,0
5.6135188846690767,92,93,47,3
4.7679151869992955,94,94,53,0
5.9831858244292802,96,97,51,3
6.1202790323810508,96,97,56,4
2.1571423149848106,96,97,59,3
5.6394457287085960,98,99,50,7
6.0909788838070602,96,97,54,4
5.3296704127665757,94,95,48,5
1.5623594857953662,92,92,49,5
0.5797453812896455,94,95,45,2
5.1204760120673907,96,96,45,3
0.7174510102524408,92,93,45,5
4.6281622569576388,96,97,49,7
