theta,t_count,h_count,s_count,w_count
4.4586357480388106,98,99,59,2
5.3551081251361827,98,99,45,2
3.7533582818579578,98,99,56,7
3.0323422659067876,98,99,49,2
4.6657442949662817,94,94,48,7
5.5655202749195247,100,100,47,5
5.6196747987262201,98,98,48,3
2.3996201279629927,98,99,57,6
5.8277958134074277,96,96,55,1
5.9126644494572762,98,98,54,5
0.3188094391351025,98,99,50,7
4.1346357067199389,100,100,55,5
3.5698841973908544,100,101,46,0
2.0937169712669519,96,96,48,2
4.8108970586336230,94,94,55,2
2.9337640873903128,100,101,45,5
1.3608596375555313,96,97,46,6
4.3737557544828842,98,99,51,4
3.3170957857429229,96,96,49,1
6.1898846841555208,94,94,59,0
5.8871636577618469,94,94,56,3
1.4936983746884451,100,101,46,2
2.6228104331340338,98,99,50,3
0.6484028278307432,96,96,49,7
6.1996552343993176,98,98,57,2
1.9022992483772110,98,98,46,3
0.3621431551686482,100,101,48,6
5.6971694894355300,94,95,58,3
3.6291053476020565,96,96,46,0
1.0129216980500115,96,97,55,1
2.9081226010432233,98,98,53,6
5.0772286037562218,98,99,54,1
4.5766633914955657,98,99,49,6
5.3680224109999886,96,96,47,7
2.9505641164078242,96,96,56,0
3.8279242150306860,96,97,50,4
0.6607219646518678,96,97,47,3
4.5294861427537034,100,101,57,5
5.1719090491225677,98,98,48,5
2.7233464257998352,98,99,52,7
4.6762120295934748,94,95,52,7
4.8658893013552706,100,100,51,7
0.5994369388969587,98,99,54,7
1.9458349343073833,98,99,49,4
3.6976710438134313,100,100,56,6
0.2908730301327611,98,98,47,0
3.2741113911990798,98,99,54,5
4.4554899303413658,96,96,51,1
3.6537305115710219,98,99,58,1
4.8105268403731500,98,98,59,6
3.6730843012915098,96,97,44,6
3.8424155034204253,100,101,53,3
2.4128742938427807,96,97,43,5
5.2696289605699329,98,99,55,2
1.2178285518038079,98,99,52,7
1.8048990797478535,98,99,46,3
0.4206222521332539,94,95,50,7
5.3222356863388409,94,95,41,0
1.0981039578286056,98,99,55,0
5.9332888995571533,96,97,61,7
4.7556162951564973,98,99,51,4
3.1760297446116463,92,92,47,7
1.8930706075287165,98,98,61,2
1.0077852691229274,92,92,54,4
4.0546462096121187,94,95,46,3
4.7224421129961769,98,99,55,0
0.1255548329173405,98,99,45,4
4.1716332869631474,96,97,54,0
5.3602329053673454,98,99,52,3
2.1594988430129396,96,97,43,1
5.1992478233017403,96,97,43,7
4.9169198844099506,98,99,49,0
3.9014454185811815,98,99,56,7
3.8255216085379025,98,98,51,0
3.3557493528857032,96,97,45,3
4.7556106861987519,104,105,57,1
4.2763746398241791,98,99,52,3
4.4739858916759712,96,97,58,4
5.7214368982617900,100,101,50,2
3.0230170332079465,100,101,48,2
0.4761770033933124,98,99,58,1
4.8492565573928044,96,97,47,3
4.6588517312920672,98,98,49,6
1.5853567445009875,94,95,56,7
2.2899772812173329,94,94,47,2
1.4290595844503531,94,95,55,0
3.0892389949469115,94,95,48,3
1.8924167040422706,98,98,57,6
3.2561626435413480,98,99,47,2
1.1369397917243829,98,99,52,7
1.9372151498391181,100,101,43,3
3.6574034968995317,94,95,43,6
6.0132843674670262,102,103,51,6
1.2739329529500709,98,99,54,5
3.4386893160636061,100,101,56,2
4.2181338540398592,98,99,49,6
3.4018595830653195,98,99,51,2
4.5137798488469905,98,98,48,3
4.2263989968890812,98,98,41,4
3.3104841920012724,98,99,48,5
1.2250506164086170,100,101,56,4
5.1520432053808340,100,101,54,6
4.6508308484941701,100,100,51,3
0.3358709963451935,96,97,54,2
5.0410253948788277,100,100,59,7
3.3492211389786202,98,98,63,0
2.8537940263915296,98,99,54,1
6.2051338017822690,98,99,54,7
5.9313656131586123,96,97,49,5
3.8265848891982301,100,100,55,1
0.2693217323456011,98,99,53,2
1.6263906437251396,102,102,40,1
0.8820739481414888,94,95,45,2
2.9224954972417438,96,97,56,4
1.8313998828243698,98,98,46,7
2.8310635149356034,98,99,46,3
4.0231734647316175,98,99,50,1
5.5267879829647377,100,100,53,3
2.5272940271708912,98,98,49,2
3.7638192304613822,98,99,52,7
1.7541988954219536,100,101,48,0
5.2293421234053294,96,97,52,0
0.0392822578662084,98,99,57,6
0.8655921285832028,98,98,45,6
4.5806128639101251,98,98,46,3
3.7814624268448154,94,95,55,2
1.2044257346733953,100,101,63,1
3.2211994425419999,100,101,48,4
5.8269181929136273,96,97,43,7
1.8451192762129420,100,100,57,7
5.0284317526825841,100,101,52,6
5.1840755425566867,98,99,46,5
5.8186379976882288,98,98,31,4
5.4736824993141271,100,100,50,2
1.5926518377474759,100,100,52,6
4.0852075143389666,98,99,52,3
6.2638506183462166,100,101,52,0
1.0094681433427624,92,93,51,7
1.4227817932840678,98,99,53,0
3.7947123506233469,100,101,53,1
0.9487856596040624,100,100,59,1
6.0449318244421741,94,94,48,7
4.5524257578920144,96,97,47,3
2.8999431854375102,100,101,50,2
3.1373662504485194,96,97,44,6
2.8334235609010863,100,100,53,3
1.7643011933452593,96,97,47,5
5.2020242350995769,98,99,51,0
4.7511672893384089,94,94,50,5
5.9138728079504110,100,101,53,3
1.1770671615315746,98,98,55,4
4.1200649321375300,98,99,54,3
4.5726389461696506,98,99,60,7
0.7197094447794559,94,95,46,5
1.0063669424807973,92,92,55,5
2.4195913633347836,100,101,53,7
5.8883456992849421,98,98,51,2
4.8472513908733541,96,97,55,3
0.5360668004942838,90,91,39,4
1.7471631065679494,96,96,54,0
4.5479664768445849,94,95,57,2
4.4886743349865137,100,100,64,2
5.9421868928403390,100,101,50,0
5.7729558398380680,94,95,43,2
3.8314106755576933,100,101,52,6
1.3340247218312682,98,99,65,6
0.8179700893286124,98,99,53,6
4.4406913157668768,98,99,47,4
3.1765765127374652,98,98,47,6
4.7697305815328122,98,98,46,1
3.5304562605275702,98,99,49,4
0.6230985821700190,98,99,52,3
6.1992868265521519,98,99,39,2
4.1208206585473670,96,97,55,1
1.3024061668808620,98,98,47,6
1.9225144564806496,96,96,49,7
4.4841112943164720,100,101,50,0
1.1065758172420930,96,97,43,5
0.1571512581375026,98,99,48,1
1.8899256420773325,98,99,49,2
4.0006928079961837,98,98,49,0
5.9584662446873526,98,99,51,4
1.6660263608898920,98,99,52,5
4.9356988772430253,98,99,57,0
0.4117624451412693,96,97,45,1
5.9011507565835588,98,99,50,5
5.2843405681346658,98,99,57,6
6.1880172154822537,100,101,52,2
4.1720785254098258,100,101,55,5
5.7743693815135142,100,101,54,6
3.0995302870025387,98,99,41,2
5.7347949872239141,96,97,51,3
4.7289178794819051,100,101,48,2
2.8248212480503061,100,101,45,5
3.7449053278162339,98,99,49,6
2.6507287772758699,98,99,48,3
5.8420844565833132,96,96,56,6
4.9977291541571658,96,97,46,4
0.7953769436189956,96,97,56,2
4.4533202061509067,100,100,44,4
0.3005573937902296,98,99,52,1
5.4907176344188322,100,101,61,3
0.9158150789068241,98,99,48,3
5.5558160476269922,100,101,61,7
1.5701991215936029,98,99,55,0
5.6555731463065220,100,100,45,3
2.4573713590711730,98,98,47,2
6.2491021981662014,88,88,33,5
5.5922965140455050,98,99,51,6
5.3381988993918874,98,98,50,1
2.9766837252086860,98,99,49,2
2.7305130250530296,100,100,54,2
6.1367999721023008,98,99,56,7
4.4554161090570092,98,98,56,7
2.3995960532290477,96,96,50,0
0.5001634715056231,100,101,48,0
3.7650307859008794,98,99,52,1
4.6521893875544880,100,100,37,1
2.7198583333975694,100,101,48,4
2.6450166974878657,96,97,45,3
3.1036632273807165,100,101,50,4
2.2129038996900454,98,98,51,6
3.0058340932270387,100,100,40,6
2.8668952681777542,100,101,55,7
5.9894531686519183,96,96,47,5
1.0854675735292452,98,98,52,1
2.5820737664786129,100,101,41,3
5.9619324432568579,96,97,45,3
5.0640939531619376,100,100,56,2
5.5054703411430754,100,100,55,7
0.5363777964815263,98,99,48,5
2.2088953291659483,100,101,54,0
4.9781688927719987,98,99,59,4
6.1584969298129755,100,100,53,3
4.3417452807359176,96,97,44,4
0.0843078346489621,100,100,56,2
0.0816525313505410,98,99,50,3
2.6432080026015026,94,95,49,4
3.0545446211112246,98,99,56,3
1.8919344726631786,96,96,50,2
4.5722020319513152,98,99,46,3
1.6378029683024073,98,99,44,5
4.3021496634378336,98,98,43,2
3.0754558540372092,96,96,48,4
0.8297314868918582,98,98,55,4
2.5833170781015071,98,99,45,6
2.0020770962062646,96,97,52,4
6.0625721299006816,96,97,53,3
5.5166805861786541,100,101,50,4
6.1817499443228225,98,99,57,2
4.8825542379308553,90,91,38,1
5.4883144906190466,98,99,53,0
3.2765310426858187,94,95,47,2
0.6318880874524703,98,98,51,4
4.0328959627189267,100,101,50,4
5.8844656040098187,100,100,49,5
4.2672000191490786,96,97,46,2
0.5254376488150426,96,96,54,2
5.1927193576087260,96,97,47,3
0.7030354387069210,98,99,44,3
5.2295644811190298,96,97,50,0
6.1102100476981551,100,100,57,7
0.2420746862726677,98,98,59,2
2.6400842948878074,98,98,46,7
4.7280257040402942,96,97,48,2
3.3551112002171752,98,99,50,1
1.8633374596917054,96,97,51,5
2.5535208919242263,98,98,53,2
4.9867545459394389,94,95,46,3
3.0783143036216281,100,101,61,5
2.6938232610037995,98,98,44,3
0.6148786094636298,100,101,53,5
2.8751189759256297,100,100,58,6
5.7124947982090521,98,98,54,3
2.8890580317471044,102,103,55,0
4.0295176995658171,96,97,51,3
5.8593643650461749,102,103,58,5
4.5244482000103732,100,101,52,6
0.1952635109492591,96,97,45,3
4.9549664886000997,100,101,49,1
0.2598185619591883,98,98,52,7
2.0759699440133810,94,95,48,5
6.2012584502684751,98,99,54,7
4.8048504980846571,98,99,51,0
4.3842420329767826,98,98,54,7
5.2065103537309501,98,99,54,3
2.5413066227036074,98,98,48,7
4.4604551205704066,98,98,56,5
1.6036349103931284,96,97,44,0
1.3424547636085005,98,99,47,0
1.2902190462177336,96,97,43,3
3.5389479365259628,100,101,48,0
0.9082148282195183,98,99,50,7
5.8374706590166658,98,99,52,3
1.1729065665597016,100,101,55,7
5.2830390526971618,96,96,47,1
0.4837508927075850,98,99,47,0
1.5464964999138338,98,99,40,5
4.0339716645805108,98,98,50,1
1.9891590736838147,98,99,47,6
4.0774820006534069,98,98,58,5
5.1921789622270413,98,98,53,2
1.2203352572416668,96,97,52,2
3.6380604459666563,96,97,52,6
4.1703980044928501,100,101,54,6
1.6889093261420636,96,96,50,0
5.1231544311252391,98,99,45,6
0.0407631639553469,94,95,50,3
2.6841643708884537,98,99,59,0
0.1342835803375529,98,99,59,2
3.1145356576861496,92,93,47,7
5.0648282422804964,94,95,47,6
4.1141953276344472,98,99,53,2
1.0171766012087922,98,99,49,0
0.6786337688677954,100,101,59,1
4.8645171157787797,100,100,57,7
1.0459453958319331,96,97,45,3
3.5460539267225477,100,100,49,5
0.9476792698147380,96,97,54,4
2.9322934359084698,98,99,47,2
2.3336592043322466,100,101,57,1
5.2206524387194042,98,99,48,7
0.3891017689996666,92,93,45,5
2.0058751604356324,96,96,59,7
3.8721397397003141,98,98,47,4
0.9290056436645040,96,97,54,4
0.3399222808805850,96,97,47,1
1.4616534065380797,98,99,50,7
3.3086677021640121,100,101,59,1
2.9275719491041734,94,95,42,7
4.7036299622975424,100,100,54,4
5.2489314080524654,96,96,49,7
0.2848617799466184,98,99,48,1
1.8252265145406052,96,96,60,4
3.7804739137684518,98,99,59,4
1.0376722849596509,100,101,40,0
1.4480290261566713,98,99,59,0
2.7545256911939719,98,99,52,5
2.4507937333001273,98,98,52,7
1.4268324088935491,98,98,50,7
0.7440451367018752,94,94,51,4
5.4206390770655313,98,98,61,0
2.4314921400422769,98,98,54,7
6.0514951368108765,100,101,60,4
4.7281700114053402,96,97,49,5
5.6403841704154427,92,93,56,6
1.0155525186460914,96,97,52,4
5.1131173311500024,96,96,55,5
2.2931342520196543,100,101,47,5
1.0785450765829740,98,99,52,7
2.0605841845219266,96,97,52,6
2.2182933342431892,96,96,41,1
4.8280346804259198,98,98,44,1
0.4017819912061114,96,97,50,2
4.1549529271633006,98,98,48,5
2.4970473751488815,96,96,49,3
2.4216319556067156,98,99,53,6
0.2228318004009654,98,98,44,5
1.2934185103713021,96,96,47,5
1.3374744255607589,100,101,64,6
2.2487798602638791,96,96,47,5
5.8927062370069594,94,95,51,2
5.7136414160155500,100,101,51,1
6.0503607140638218,98,99,51,4
4.5926953870141398,98,99,55,6
3.2520858032427613,98,99,50,1
0.6667047413811431,98,99,40,1
2.5124669098317813,98,99,55,2
0.6420684352813382,96,96,47,5
6.0027224138925313,96,97,45,7
2.8524073325381547,98,99,45,6
4.1415061811535621,98,99,52,7
0.4182765700610289,100,101,57,5
0.6081366566011791,94,95,52,5
0.3553035610462918,100,100,46,2
3.9257534410949759,98,99,49,2
4.3598909751506110,98,98,50,1
2.3986443652509593,94,95,59,2
5.4193932073415585,96,96,49,1
1.7906212976243350,98,99,52,7
0.9703535511406266,100,101,58,0
2.9122924637184551,98,98,50,3
4.4729609289518102,98,99,40,3
1.9105699137182490,98,98,55,4
2.3746637080284749,96,97,44,0
1.5241447441306835,94,94,46,3
1.5159782891412570,98,99,54,7
0.0078841244341628,98,98,43,4
2.5900476760187048,96,96,54,6
0.0238533452586814,98,99,54,7
2.8029495538099329,98,99,55,6
2.8194692261211474,98,99,51,2
5.7082572112702392,98,99,56,7
1.0962077716239818,100,100,62,6
2.5596227199047896,98,99,47,4
0.5042272719946417,102,103,62,3
4.5168877510141598,94,95,45,6
3.5436784376998980,98,99,55,0
4.5276304627007304,100,101,58,4
4.2808053527443839,100,100,46,2
5.8864540167770398,98,98,46,3
2.8989191364631663,98,98,53,0
2.9203311315988851,96,97,56,6
3.1998569011378799,98,98,56,1
0.4713158139781473,92,92,51,1
6.1865267182300157,100,101,55,3
3.8526504793017140,98,98,40,7
0.6558952374613662,100,101,46,0
2.8885342816821651,102,102,45,6
2.8755654762891925,98,99,52,5
3.1771487134059848,96,96,49,1
1.8607183036082744,98,99,50,3
1.7676081770976675,98,98,51,6
1.2849946206338301,98,99,59,0
2.1198441619006405,100,101,44,4
1.4458949151079499,98,99,52,3
0.3622770496451519,100,100,59,5
3.7628721492270891,100,101,62,6
5.3174162827873710,96,96,61,3
4.6372583262434723,98,99,49,6
3.6188596732495815,100,100,58,4
4.8628001339519455,98,98,53,2
1.9254162627289286,98,99,45,0
2.4682154345755980,96,97,45,5
4.3325817743000261,100,101,46,6
0.8930174375618030,98,99,46,7
0.9064708394756603,98,99,49,4
5.3817040771295197,98,99,41,0
2.7634868139610469,98,99,52,7
5.5554464473737912,98,98,51,0
4.6187164514675407,98,99,45,4
1.0319165834837147,94,94,51,0
4.4346277268623471,98,98,42,1
5.4669947780157635,102,103,53,2
1.9403992592005157,90,91,40,5
5.9600052039100353,94,95,51,2
5.8599985036548548,94,95,50,3
0.8925321928900404,100,101,54,6
0.4465138234686913,96,97,55,5
5.0115210520100817,98,99,45,2
1.6767701209821735,100,101,52,0
4.1021850536165756,96,97,49,7
4.6029438204440085,98,98,47,2
4.1140760575817614,98,98,62,5
5.1739701194554657,96,97,61,3
3.2388360907426450,96,97,52,0
1.4789124980936339,96,96,53,7
3.6886210081412050,96,97,49,3
1.1951534633558412,98,99,56,7
0.0109454425821644,98,99,54,3
2.8596236510713231,96,97,45,1
4.6492400452222631,98,99,54,5
1.6208880479018388,98,98,48,3
5.2159467165444591,98,99,52,1
6.0361867917627858,98,99,56,5
0.1191980273005710,96,97,47,3
2.9135005174774902,100,100,48,2
5.5961732187747133,98,98,53,0
4.5520852222721828,96,96,59,3
3.1453804572724189,94,95,43,0
3.4731072007102455,98,98,48,7
1.7065152260632119,94,94,53,6
4.1544018633512723,94,95,46,3
5.5211330164831853,98,99,43,0
3.7422829281678616,94,94,48,7
2.6552889499305952,98,99,57,0
4.0123081125147513,98,99,51,4
2.2190573814964805,96,97,46,0
3.5210366233013017,100,101,45,5
6.1986270259944725,100,100,54,2
4.3835720057076140,94,94,52,7
4.0150535794043201,94,95,51,6
4.7808050639644870,96,96,47,7
1.6186906392623250,98,98,54,7
2.7515085982973093,96,97,42,2
3.6967238113778014,98,98,45,2
3.6503362966282991,100,101,52,4
5.0169429104482983,98,99,54,5
5.8542376535750886,98,99,57,4
4.7536813212644953,98,98,51,4
3.0023631231742143,96,96,49,5
4.2111827400529798,96,97,50,6
4.8563413517684060,98,99,47,2
0.9209151057340299,98,99,51,6
2.8162369211325973,98,98,62,7
0.5475429017624160,96,96,44,4
4.9601500093414659,98,99,57,4
2.5578025384938572,96,96,59,1
5.0261156218614458,100,100,53,3
3.2926951423140491,90,91,40,3
2.8851362140031913,98,99,49,2
0.7160325277419416,100,101,49,3
5.3964375513202993,98,99,57,6
3.8659272818796651,96,97,40,0
2.4844960151555915,94,95,47,6
2.8542782710950410,96,96,43,7
0.4649050493692582,98,98,58,3
4.7751383744599991,100,101,56,4
1.8220109783679606,98,99,59,4
1.9286618622752816,98,99,50,5
2.1496139344113550,96,96,53,7
0.0945971260177042,96,97,48,2
4.9188014948589078,98,99,49,2
0.8384495230844777,100,100,50,0
5.2639425465694618,100,101,53,7
4.4028247731552739,96,97,52,4
5.1374246975189868,100,100,55,5
1.7620808939397392,96,97,50,6
0.3588842714067954,98,99,55,0
2.4715202886064875,98,98,42,7
0.0857268769144313,98,99,49,0
1.9616732347396901,98,99,47,6
4.3761100540963964,98,99,56,1
1.9863267100661641,98,99,52,7
0.6034151033073053,100,100,43,7
3.7436555218740843,98,99,49,4
2.3336962737888829,100,100,52,6
2.5351303742412603,98,99,49,2
1.7052144095319284,98,99,48,7
1.7405221201140328,100,101,49,1
0.9042741694038563,96,97,59,1
0.5431176835227096,96,97,40,6
2.8472600940241302,98,98,52,3
0.1284545112228829,98,98,49,6
5.8558795264903223,98,98,51,4
0.8236037095119000,98,98,54,5
0.2527155124962976,96,96,47,7
2.2635023718690936,94,95,47,0
2.9438541080172329,98,98,56,1
0.2441003792539582,100,101,55,5
5.4340618464966211,100,101,58,2
1.3225259369597950,96,97,47,1
2.0154181803712010,94,94,41,4
3.9613127621117914,98,98,49,6
0.8323431487692867,98,98,54,7
0.2928411439638373,100,100,39,5
2.3511183840719156,96,96,50,6
1.0884968130784411,96,97,51,3
2.0371948215258504,98,99,47,2
5.9437760455513100,100,101,51,1
0.5135694015912958,98,98,50,5
2.5924004952502644,94,95,43,4
4.9346032349626165,100,101,54,2
0.3223074800361140,100,101,58,0
1.3680698137174445,98,98,46,1
4.1205910657523717,96,97,46,2
6.2624378320949869,100,101,49,5
4.2072104800553403,98,99,61,6
1.4036096470671375,98,99,49,0
2.3214155818650406,100,101,47,5
2.2017363846895708,98,99,37,4
1.3417081460221421,96,97,56,4
5.5571084328144114,96,96,51,1
5.5436838264341048,98,99,45,6
5.1976211230271208,98,99,47,0
1.0125612031238935,92,92,46,2
3.8489271980923170,98,99,54,5
3.6879968858318439,100,101,48,0
3.3990493037047180,96,97,43,7
2.6132280556574803,96,96,42,4
5.7739656726260247,100,101,50,2
3.0342768990550879,100,100,36,0
5.4680465599812553,98,99,52,1
1.7850943881747814,100,100,56,0
3.9274343087174692,100,101,57,1
0.7527627293744629,98,99,60,7
5.6124488779206141,96,97,45,1
0.4987398255403682,98,98,40,5
2.8325544254472130,98,99,51,2
6.1540074424923707,96,97,45,7
1.8226840943455738,98,99,56,5
2.1291754583072682,96,96,43,1
3.0801010490119203,96,97,46,4
4.4731311971798720,96,97,44,4
4.8615173427509317,100,100,54,6
3.2821320176495234,96,97,45,3
3.8141674346655066,98,98,44,1
3.1514655920879266,96,96,53,7
4.4521931945537689,100,101,54,2
4.5830735196768151,98,98,46,5
0.3165265802105919,96,97,61,3
5.8584281641984823,98,98,44,5
3.4121481632892459,98,99,54,3
0.0139356334132976,96,97,53,1
4.7721153907198204,96,97,48,6
1.5153304600529360,94,95,51,6
4.3037876011564755,96,97,42,0
3.8516454236969597,98,99,45,2
5.9065815237117194,102,103,48,5
3.4518493485266997,98,99,49,2
4.9615829138987992,92,93,45,3
5.2238971069473923,98,99,50,3
4.1888583404111230,96,96,54,0
3.5151998495084995,100,100,53,3
5.6984758941803966,98,99,51,2
6.1558528092473281,94,95,55,4
2.2909600425292513,98,99,46,3
5.3543170468050354,98,98,48,1
4.1804744722477523,96,97,40,4
5.4357540391632790,102,102,54,7
5.0146984854837120,96,97,50,6
2.5421341259851280,100,101,54,6
5.1488664651593155,98,99,50,1
2.0365785809650512,98,98,55,0
1.2855354013829516,98,99,56,3
1.3145508018849059,98,99,52,1
4.3682544828885463,98,99,48,5
4.3854598766318817,100,101,45,7
4.5477592628916010,96,97,54,2
2.5282006886912693,98,99,50,5
0.4012642927837531,96,96,53,3
4.3512220352673197,94,94,43,2
2.6570052046737889,98,99,51,4
2.5525919623809266,100,100,55,7
2.5476307266331433,96,97,43,1
2.9672579829809402,98,98,52,7
0.7022847904971249,100,101,49,3
4.7472311385448798,96,97,54,6
3.7782803792430899,98,98,49,0
4.7505422350520110,100,100,44,6
3.3121822378239791,94,95,42,1
5.8008117667357055,98,99,45,0
0.5049888885176284,96,97,55,3
0.5414220220443037,98,98,49,4
3.2151523828871382,102,103,50,7
0.7962565841382760,100,101,53,3
0.8809601425095812,98,99,44,7
0.2355382961725588,98,98,44,3
2.9020536030972499,98,98,51,2
1.3993010296916752,98,99,49,2
1.1998850887815977,100,100,53,3
5.7699673890435532,98,98,53,4
2.4712860859710357,98,99,58,3
3.1179144123641653,100,101,55,1
3.1121903672934139,98,98,55,2
5.5532017938221196,96,97,48,4
3.0069152107093822,98,98,53,4
6.2682109329688327,96,97,45,1
3.0110997092310390,100,101,54,0
5.4019248600971634,98,99,58,5
3.3712884046883107,98,99,49,4
5.0690270082649054,96,97,47,5
0.4186369289621142,98,99,51,2
4.3927172392655507,100,100,53,7
5.2875581632745963,96,97,49,1
0.6167736668966229,100,100,50,4
0.6892284815845969,96,97,54,4
2.6043897220234324,100,101,49,7
1.3672060594410163,96,96,45,5
6.0345013082745362,100,101,54,0
5.2906579497705604,92,92,58,2
4.7432354636601444,100,100,48,0
3.6276770979089017,96,97,45,5
2.8103969681997483,100,101,55,3
2.0575617792134602,100,101,56,0
2.4929723346328978,100,101,47,5
0.0100979274098575,100,100,52,0
4.7650832608252376,96,97,52,6
3.2340366699988787,96,96,55,5
6.0462317401765739,96,97,43,7
4.3391360314477003,98,99,53,4
2.1508968724172948,96,97,49,1
1.6002295036670289,96,97,51,7
5.7100922126286884,98,99,60,1
4.3349627742456605,98,99,50,3
3.2557338243117653,100,100,48,6
4.8826690785168232,96,97,50,6
4.8680623831255110,98,99,46,1
0.6564199583685146,96,96,45,5
6.2710070218596270,98,99,53,4
4.9313100846983016,98,99,51,6
4.5655135310673236,100,101,47,3
1.4422587850605955,96,97,59,3
3.0671547607612046,98,99,58,7
4.1235407989241937,96,97,54,0
0.0154600954985666,98,99,43,0
5.7339672365126013,98,99,47,0
3.2439509999099023,100,101,56,6
2.0964283209634162,98,99,56,7
4.5622399145589672,100,101,56,0
4.9863477308125344,98,99,49,6
3.1280712409661486,102,103,56,1
4.8809509066018215,100,101,57,5
5.1720871677233502,98,99,49,6
5.5161899950600226,98,99,38,1
6.1403187857021955,100,101,48,2
1.4230566636087258,96,97,49,1
0.0110287674413937,100,100,53,7
2.6675084621283394,100,100,57,5
4.6394535409307371,96,97,48,2
2.7481563608816315,96,97,51,3
0.1872299411831090,98,99,50,3
1.5047665263930370,96,96,56,6
5.7801772935726223,98,99,51,0
3.5454167096813207,100,100,42,6
0.1839017205915470,98,98,55,0
0.9372721205602422,98,98,57,0
4.2185831614090121,100,101,51,5
2.0216799785449600,100,101,60,2
0.4802130169361724,98,99,59,2
2.8170776663039203,98,99,48,5
2.1066669796403872,100,101,54,2
4.0478545319820514,98,99,40,1
4.0341852031104972,98,99,53,6
5.5081047558807086,96,97,52,4
3.6901789060197956,102,102,57,0
2.8832184267910601,98,99,55,4
4.3746526742468230,104,104,46,2
5.2315098288758657,100,101,50,0
5.5362853811881170,98,99,51,6
4.7763428216579280,96,97,54,4
4.3906021896597665,98,99,51,4
3.5733652774732607,96,97,57,5
3.7439804255255620,98,99,38,3
0.4628246608553294,98,98,47,0
2.8625292912770801,98,99,45,6
0.5826863215277661,96,97,50,4
5.0468152536624826,98,99,49,6
0.9231907131030270,96,96,51,5
6.1194822840428875,100,101,47,3
5.3071412347907430,100,100,53,3
3.9388959785099074,100,100,53,5
2.8981154435343628,96,97,52,6
2.4821064517861609,98,99,50,3
1.9087453195962145,94,95,50,5
5.2711317996348264,98,98,50,3
3.6621701342132158,98,99,55,4
3.2405696228202481,98,99,55,6
1.2283803124375836,98,99,50,7
4.5811093524777267,96,96,56,6
6.1978017591236325,100,101,49,7
4.0716060015433584,100,101,49,5
4.7678005145071030,100,100,52,0
5.8156871508369514,96,96,54,2
3.7751500757204517,96,97,52,6
0.5474231023301815,98,99,47,0
6.1793659280188926,98,99,50,5
0.0628220565994325,100,100,45,1
2.3812414160570730,98,98,55,0
1.1856182318438413,98,99,46,5
2.1211763695066255,88,89,45,7
5.3920769400399342,96,97,43,7
2.8561415251837721,100,101,49,1
1.6709631210878118,102,103,54,5
2.9454928103588385,96,97,41,5
0.9886863046096334,96,97,60,0
0.7287103007575522,98,98,44,7
3.6225130876365417,98,99,47,2
1.9231189375228810,98,99,48,1
5.5086552976809751,98,99,53,2
4.0907082224609326,98,99,49,0
5.6307030626411541,92,92,50,0
5.0235247251554460,96,96,51,5
5.4707489093464723,104,105,55,5
4.2874586937925789,100,101,52,2
2.5897949162082772,98,98,47,0
5.6696657083035094,98,99,56,5
3.6681163536912624,98,98,48,3
3.3168712412170498,100,101,50,0
0.6277222605921086,96,97,49,7
3.8429156404061358,100,101,50,0
4.2621754254615913,94,94,57,4
0.4247967548981883,96,97,45,5
3.4601107204994626,96,97,48,2
4.1359406263952403,98,99,47,4
4.7184704648436924,98,98,61,4
5.9959554328038678,98,98,52,7
1.6938568992500795,96,97,48,4
2.8400419757491298,98,98,49,0
3.8118659111553508,94,94,43,0
2.1196659199515429,100,101,55,7
1.8847670012691200,96,97,59,3
0.5002910306965027,100,101,49,3
1.3543475746781672,98,99,50,1
4.7634269910600846,98,99,49,6
4.2471471827778924,98,98,54,1
0.6536445584149155,98,98,54,1
3.3500711575377822,96,96,50,4
2.8690990201929965,98,99,57,6
3.0080279499862113,98,98,49,6
4.0974947675741511,94,95,46,3
4.2987709939159844,98,98,53,2
5.1459162637006486,98,98,51,2
4.9524530469263368,98,99,59,2
2.9790958374161520,98,99,44,1
1.3831744799362584,98,99,48,7
0.3775192987955377,100,101,56,0
5.9229856768457170,100,101,52,6
2.9347298468163818,98,99,49,4
1.8480697124729384,94,95,50,3
5.2145770227183919,100,101,46,6
4.8962691240360456,98,99,51,4
0.1003374423351305,102,103,50,1
4.4867255568249114,96,96,57,3
0.8303400880557865,98,98,53,2
4.5137200395088364,98,98,54,1
1.3816329708006942,98,99,55,4
5.8390701800591609,98,98,57,0
3.1281525692589445,98,99,58,7
3.7062033035200055,98,98,54,1
3.1913984710803813,96,97,54,0
3.1206650918409999,98,98,53,0
3.9806734211085999,98,99,46,1
1.2960891372891057,100,101,54,4
1.6231641341643148,100,101,53,3
3.6803552911531336,96,97,55,7
4.1485875146433022,94,95,53,0
4.6940251496399172,100,101,53,1
0.7879014318365878,94,94,52,5
3.6518912060981275,96,97,53,3
5.1738173886547072,98,98,53,4
5.1489298853007295,98,98,46,3
5.9021611940149725,96,97,57,5
5.7115870960858350,100,101,49,3
0.3821844143094709,100,100,52,6
4.4299637485803185,100,100,51,5
5.3525601819000928,100,101,47,3
1.6395016419584874,100,101,41,3
5.7621428240833863,92,93,43,7
6.2791393371247581,96,96,52,4
6.1523680348666341,100,100,55,5
5.6332661997346785,98,98,48,7
1.2745448149307683,98,98,55,4
1.1476370292464340,100,100,54,6
3.2891546330472017,100,101,45,1
4.9887654591901089,94,94,43,4
0.7251958801230383,98,99,51,2
2.7615125672677672,96,96,46,0
1.6801237244935996,98,98,55,0
2.3312846877362952,96,97,53,1
1.9085696871399491,98,99,51,4
1.5384422295648033,98,99,49,0
0.3991412183899158,98,98,48,3
2.7149095106641177,98,99,47,0
4.4348523558035629,98,99,52,5
5.9387843021384130,98,99,40,7
1.0725444008621385,96,97,48,6
1.0956823089276879,98,99,49,6
2.6523595622170646,96,96,52,2
3.8847457413237168,100,101,41,1
0.9931787760093360,98,98,42,7
0.9290120643802192,98,99,50,1
0.6109092394466132,98,99,57,6
1.8940867387895868,98,99,40,3
3.3835495417104551,100,101,57,1
5.2705066540111325,98,98,50,1
1.4334504412470006,96,97,57,7
4.6178337887928791,98,98,48,5
5.2310094369862483,98,99,41,2
3.2860233177348275,98,98,44,1
3.9588781709750598,96,96,57,3
2.8184176946686077,98,99,52,1
1.3018847602308437,100,100,52,6
1.2632759278821977,98,98,44,5
1.6269354224643349,98,99,55,6
5.2309102716666738,100,100,51,1
1.5228228889917637,98,99,38,7
2.2259048878096235,98,98,41,4
1.6261165920607490,94,95,45,4
4.5592011826315719,92,92,46,0
0.8149191030380820,94,95,53,2
4.9124641401270681,98,99,47,0
4.2387130671972368,96,97,46,2
1.5695273138188102,98,98,47,6
1.8248598973284178,96,96,56,2
6.1711357483697222,98,98,45,4
6.1645307036721402,98,98,56,7
4.7854363808712099,96,97,56,0
3.2684419865768692,98,99,50,7
0.2787805179553785,98,99,50,1
3.2232883067629046,100,100,53,1
1.0399848594092505,98,98,42,5
6.2142900723232133,94,95,57,0
4.9517290438434562,100,100,52,2
6.0474664923635491,98,99,48,1
5.8155484408894118,100,101,48,2
3.3457224835130761,96,96,47,7
4.7374854509804099,98,99,48,1
2.8773976620496988,96,97,43,3
2.9167435847331671,100,100,53,1
4.6169547504354069,98,99,53,4
0.8674572645197861,100,100,48,2
3.5424786938907844,100,100,54,2
5.4123437166261583,98,99,47,6
3.9156110104887176,100,101,46,0
0.5536431938720413,100,101,54,2
5.0348091581186205,92,93,48,0
0.8000772219987304,100,101,60,6
4.0078550214168951,98,99,41,2
5.6440617387803895,98,99,50,1
3.9565652245294052,98,99,49,4
0.0943026622280499,96,96,50,6
4.0476892806835600,100,101,49,7
0.8989227840798749,92,92,48,0
4.9257692241256770,98,99,59,4
4.5793541911174831,96,97,52,4
6.2673860005634490,98,99,52,3
2.9133015558270259,96,96,57,7
4.9623048608325382,98,98,54,1
4.0528377120372205,96,97,48,2
6.0988588496032623,96,97,49,5
0.8398099088920098,96,97,53,7
1.7676468767352869,96,97,53,1
3.2152863940343339,98,99,54,7
4.7995932660224021,98,99,52,5
5.3123982359382449,98,99,57,0
2.3104358980209287,96,97,49,3
1.2294696842298403,96,96,53,7
3.2484777919589214,94,95,41,0
3.1120819054145552,98,99,55,6
1.1252228723123199,98,98,50,5
3.1182615384483823,98,99,47,2
5.1884167073761942,100,100,57,1
5.2247474981209336,96,97,49,1
4.4124202215892350,98,99,47,2
2.0825063778869000,98,99,41,6
2.1122695179989055,98,98,54,7
5.3334032024402553,98,99,54,3
2.0559119426962424,98,98,52,5
5.2468222450052471,98,99,56,5
3.1217198714235264,100,101,47,3
2.4197400129421140,98,99,53,2
5.4347437918565404,98,99,51,4
2.3062385485403309,98,99,50,1
2.5254631829893426,98,98,47,4
0.2550747829422094,100,100,52,2
1.0278082370971453,98,98,50,7
5.3731919491232780,100,101,49,7
1.2180830215684371,98,99,54,7
4.4151906641368344,96,97,43,3
4.8200115082651935,98,99,47,6
1.4529162433298795,98,98,49,0
1.7862918885005541,98,98,54,5
4.3577352526383075,96,97,52,0
3.3594802110356059,98,99,41,6
1.7247004998573230,98,99,53,6
4.3775261938461885,98,99,49,2
1.2602627901871342,96,97,50,6
6.1082564275592928,98,99,53,2
3.5062516323256157,96,97,45,7
1.1777341550743174,96,96,46,6
5.1932265219052569,96,96,50,0
4.0978476658843590,94,94,44,7
1.2406734210288808,98,98,47,2
3.5860685228048772,98,99,53,2
5.9680803473305559,98,99,50,1
0.5415710114427041,100,100,54,0
5.8819504730400549,98,99,42,5
5.8562777353054818,98,98,52,3
6.2492589180361788,100,101,60,4
1.1465232332000923,98,99,47,6
3.2729388482164485,98,99,49,0
1.6813742477010469,98,99,57,4
5.9698224906763429,96,97,49,7
4.5864028634973453,98,99,56,1
1.7997851897619010,98,99,49,2
2.8904787285770062,98,99,50,7
0.9918154175658438,98,98,47,0
6.0800468801301291,100,101,59,7
2.4267039643292385,100,100,51,7
1.0866279789154478,100,101,46,4
5.5013137773329879,98,98,48,3
6.2338534273333819,98,99,49,2
4.8722232640086354,98,99,59,2
6.0136293728432726,98,99,45,2
1.9511693815668865,96,97,47,1
3.4474800947597739,98,99,44,7
4.5900550778244336,98,98,48,3
1.6588873975110678,100,101,51,3
4.8454707162607553,98,98,41,6
4.6032750541826619,100,101,55,3
1.5193582170410496,98,98,56,5
4.5902911545347154,100,100,51,7
3.4929621358567164,98,99,51,2
3.2294299875344246,100,101,58,0
0.1696081838581710,98,98,50,3
3.2371669487840853,94,94,48,1
0.0082717976741236,98,98,53,2
5.9644318063456092,98,99,46,1
5.1958541202292761,98,98,50,1
2.1642479852429251,98,98,44,5
3.1830940299402739,96,96,42,4
0.6722950997578911,94,95,51,6
5.3013425733067798,100,101,46,6
4.8744544773574221,100,100,59,1
0.5129640187664312,98,98,52,5
0.3114208074907215,94,95,52,3
0.0179925047282760,100,100,49,3
0.4036635484283834,98,98,47,6
2.5601698268544020,100,100,37,1
2.0184071914216464,98,98,39,2
5.1693496381032951,98,98,49,6
3.9133131316212189,98,98,50,1
0.4293958883466409,100,101,52,6
5.5520676943641725,98,99,42,3
4.4512337364545296,94,95,56,5
1.3979425845167892,98,98,47,4
3.2891797697853224,96,97,56,6
2.0784484121062539,100,101,47,3
5.4468378470100269,96,97,50,0
2.1256090994152443,100,100,56,2
3.5351047107401956,100,100,49,1
1.0311550841250532,94,95,48,3
4.4305307267402876,92,93,46,4
0.1942018473379444,96,97,42,2
1.4967107039756784,98,99,57,6
5.9469950278915480,92,93,57,3
4.0735480057698057,96,96,56,0
4.6388887869964810,100,101,54,4
4.5093415622998858,100,101,50,2
3.6629669487997147,98,99,55,0
0.6220244303610828,94,95,55,6
1.9819583965164993,96,96,56,6
3.7977321044651888,96,96,48,4
2.7262712432535516,96,97,59,7
2.0791097798568421,98,99,61,0
6.1330521180793527,98,99,61,0
4.0662239547479029,98,99,45,4
3.1211328718240305,96,97,46,4
3.7325812627874795,94,94,36,3
1.2563773064121826,98,98,44,3
0.0005229020033118,98,99,44,1
3.9334017409320072,96,97,42,6
2.2386275805077589,96,96,43,1
1.4645404468180758,98,98,51,6
0.3035029496622875,98,99,49,4
0.3169215000485550,96,97,55,3
1.7290512593051131,94,95,53,4
4.0040824040580860,98,99,41,2
1.3630665047662096,100,101,56,4
2.2770114276307982,96,96,49,1
3.2383924546182223,98,98,48,7
2.3598700529986325,100,101,49,7
3.1967449671307149,98,99,46,7
0.1809408547138835,98,99,50,1
3.3913919830933268,96,96,47,3
2.1855891826361686,98,98,42,1
3.7185111137372115,96,97,45,5
4.3346446896435866,98,99,49,6
1.4280317208014164,96,97,46,6
4.6987899382944160,96,97,49,7
2.9371074617583153,98,98,49,2
1.3747939979265857,96,97,54,2
1.5729453397710256,96,97,42,0
4.0570093321288727,100,100,57,3
2.0985145913145931,100,100,54,4
5.6370854286300647,100,101,57,5
5.0655625675286746,96,96,49,7
2.2639827602161247,98,98,52,7
3.9379725205458080,96,97,47,5
1.2511800830848290,98,99,58,1
5.1569751429630788,100,100,60,4
2.4123392057370014,100,101,48,4
1.0312335132987511,98,99,56,1
2.4271956424939427,98,99,47,4
3.3962335217558599,96,97,56,0
4.5549862128914382,98,99,55,6
2.5350613390362238,100,100,59,5
1.4954469826190662,98,98,47,6
2.0733444290364829,100,100,48,4
3.7652208896877708,98,98,43,6
3.5248904630164200,96,96,51,7
3.2961779857970028,88,88,37,7
1.0040283763769535,98,99,57,2
3.9002397624258940,96,96,50,0
0.0536343097268418,98,98,42,1
2.3339374232030239,98,99,53,0
2.8363511591828354,100,101,51,5
5.5902786434213283,96,96,53,1
2.9678725742331742,98,99,45,0
3.6913642341424180,94,95,46,7
3.6957259320894593,100,100,63,1
2.9332609375970162,100,100,56,6
4.9203032946739720,98,98,45,6
5.0334127806221005,98,99,50,7
0.0709415666537934,96,97,48,6
1.3518110070737264,98,99,45,4
0.8376243494769050,98,98,46,3
5.8885690596857518,92,92,50,6
4.3639319605286797,96,96,49,5
3.3314658242230637,102,102,49,2
5.2598857073353571,98,98,50,1
2.9712788963190215,100,101,60,2
5.2120881357191440,98,98,49,2
4.8824815345981323,96,97,51,3
3.1041667520461376,96,96,53,3
0.9954473369521412,96,97,44,2
0.4062297212292299,100,100,53,3
3.7376191539534198,96,97,54,0
3.4996335120764726,98,99,52,3
1.2119272684716218,98,99,50,5
4.6147663922335598,96,97,41,3
2.9481461043807005,92,92,49,3
0.7888117258353482,96,97,45,7
0.5689045685268184,96,97,46,2
3.0011653597092440,98,99,49,6
6.2703988583366064,100,101,59,1
2.0733413448712725,100,101,60,4
0.3973999641380638,100,100,58,6
6.0102180038557744,98,99,48,7
1.1104907987852979,98,99,45,4
6.1559482174986364,96,97,41,7
2.7188560758000473,96,97,46,2
1.2292684566978411,100,101,53,7
1.7240294763795136,98,99,49,2
4.6522904137546979,98,98,51,6
0.7050554499204291,98,98,46,3
3.1421346299766841,96,96,48,4
3.9899576532267513,98,99,55,4
1.1915246809705500,96,97,46,2
0.4217575554452112,100,101,46,6
4.3641747873699828,98,98,38,1
0.7599895565231819,98,98,47,0
4.3883760609941938,96,97,54,4
2.9588861330762604,98,98,61,0
6.0032893183961287,96,97,46,6
5.5210729990476439,98,98,59,4
1.6217488196686465,96,97,51,1
0.7291148642429214,100,101,52,0
3.3302220692946323,100,101,52,0
1.0287903326650030,100,101,49,3
1.1942369918321141,96,97,50,6
0.5040597807277112,100,100,53,1
1.6923251485989041,100,101,56,6
1.2210085077849737,98,98,58,3
3.7505178561178507,98,98,42,3
3.1408918025992629,98,98,50,7
2.6519911379534253,98,98,53,4
0.7390738855737515,98,99,48,7
2.4781748874717082,92,93,43,3
0.2479505695379412,96,97,53,7
2.7901146171668860,96,96,45,3
5.7409987561411899,94,94,60,3
4.7241794846477259,98,99,46,1
3.8362633922313285,98,98,47,6
0.2198659880739869,100,100,52,4
4.5977388463733515,94,95,54,1
4.9594812747269339,98,99,46,3
4.5075052174621240,98,99,52,7
1.3033950322547654,98,98,45,2
1.7559369899789021,94,94,47,4
2.6441914624602028,98,99,56,7
5.0472286486417701,98,98,51,4
2.1280861023493158,98,99,53,6
1.6792856508993701,98,99,56,7
2.4896032014796061,100,101,54,6
3.6469334138953804,96,97,46,0
5.4560906081572078,100,100,54,0
1.1243933408312081,100,101,63,5
0.5708661417382606,96,96,47,3
2.4389180906913830,96,96,49,5
2.4679507882900302,96,97,47,1
2.8265988496667624,98,99,46,3
3.3435487713048828,98,99,48,3
4.2061318551925213,98,98,49,6
4.9767264750205067,98,99,57,2
0.0448624449678143,98,99,49,2
5.4289308474662672,100,101,52,6
2.3887717897899119,98,99,47,6
2.3499795084616655,98,99,55,0
4.7144692339361125,98,99,57,0
0.0200827078692356,98,99,51,2
2.1031714229864971,100,100,48,2
0.5016886866514141,96,96,50,6
0.7422683129747149,100,101,48,2
1.1109653195096416,100,101,51,3
5.0241544620258294,98,98,48,1
2.1992203803072168,100,101,50,4
2.3153649529847411,94,94,42,3
2.4279941526251938,98,98,50,1
0.2949826233639974,96,97,38,6
3.8738172960202855,94,95,41,0
0.2169647560511569,98,99,54,5
2.2392857481227222,96,97,40,4
2.0025241040794910,98,99,53,0
5.4903022422957255,92,92,36,4
4.9834490674985021,100,101,51,3
3.3592745276093328,100,100,58,4
1.3046973595024731,100,101,51,1
2.5049190645773609,98,99,53,0
2.7631465094483310,98,98,54,3
4.3003267272842622,100,101,53,7
0.1467492466276436,98,98,54,5
2.0001450618142265,100,101,55,7
0.2682413552295336,98,99,56,7
1.2810141777775246,94,95,47,6
2.8982610285035957,100,101,51,1
1.7615633878139754,96,97,53,3
2.5733907582786335,102,103,55,6
1.4514278552740405,98,98,53,4
1.7134411288647748,98,99,52,5
1.9896918018891721,98,99,57,0
0.6838945901943124,98,98,53,2
2.2717789311172312,98,99,51,4
3.8868118682630461,98,98,42,1
3.2544622163887147,96,96,52,0
5.6531955452222125,98,98,50,7
4.0685151631162979,100,100,51,7
4.3078499405247079,100,101,51,1
2.5140415350986647,100,101,60,0
0.9870008435892027,100,101,53,1
1.3810628745432392,96,97,49,5
0.2245961394780014,98,98,54,1
3.8845601052696193,98,99,49,6
3.2831206526704095,100,101,48,2
0.0674400685766692,98,99,54,1
2.2507404475827411,98,99,46,5
5.7524221919355938,96,97,50,4
3.1468794772993700,98,99,52,3
2.9650963208829446,96,97,51,3
4.7828591365374002,98,99,47,4
0.3162930938497755,100,100,50,6
3.5131579560523538,96,97,41,5
1.6864682454697422,100,100,46,0
4.3190133114288987,94,95,48,1
4.5667266285382055,98,99,52,7
1.4242711743705676,98,99,59,0
0.3364877644933491,94,94,51,0
4.2909715606507808,98,99,52,7
4.4968707734422422,98,99,52,1
2.5622944024492393,96,97,60,0
0.5679568801208394,98,99,45,0
1.1733142693132774,98,98,51,0
1.0493813036009483,98,99,53,6
3.0368157639446500,98,98,59,4
5.2464217031518254,96,96,41,1
3.5658297687129634,100,100,48,4
1.6468976818424432,96,97,50,4
0.0560206111773062,98,99,49,6
2.2109793486793823,98,99,52,7
1.8920411824517784,96,96,51,1
4.3139388942221437,96,97,54,4
0.6843889326432957,98,99,62,3
1.4017153121463202,98,98,54,7
2.1743248105728670,96,97,44,4
4.3497701964549877,98,99,51,2
5.5477385718939818,98,99,48,3
4.3586870569070344,98,99,51,2
1.7791423277084648,98,98,57,6
3.0905006603835932,98,98,52,5
5.1343945295939726,98,98,52,1
2.4007978932370970,98,99,49,0
3.8754334178703416,98,99,49,0
2.7044563481231854,100,101,56,2
1.2745443577889588,96,96,52,4
5.3871489577693952,100,101,55,7
2.9297557004976391,96,96,52,2
2.7874435255895977,98,99,48,7
4.3752935833229962,98,98,54,5
3.5111687632283295,98,99,57,0
0.9138689996311725,98,99,47,4
0.7229607345505821,96,97,58,4
6.1121264297227018,100,100,53,1
0.9351778941557802,98,98,51,0
4.1563785522718808,100,101,53,1
1.4761997388017281,100,100,62,4
0.0676863883881790,98,98,56,1
5.7744639726740896,96,96,43,1
0.5536839490844671,98,98,55,2
3.8465484391671541,100,100,48,0
1.7581383890262332,100,101,52,6
5.4399733754366748,98,98,48,5
3.2297667938315682,100,101,59,5
4.6090952263926548,96,96,49,3
4.6150698337540259,100,101,56,0
3.9008906280718612,98,99,48,7
4.8055993602010316,100,101,50,4
3.8652057065163166,96,96,53,1
4.2114197025026137,96,96,53,3
2.5943527681764333,100,101,49,3
3.6945745987524470,100,101,40,2
0.2288552915785772,94,94,53,0
4.6491721227297713,98,99,46,3
3.4651393663502756,96,97,44,6
1.6973664426325530,98,98,37,2
4.4090012501563747,98,98,49,0
1.7836427716422198,100,101,49,3
5.4153871141672356,94,94,49,2
5.9958339691703673,96,97,49,5
4.1269488497234752,94,94,54,5
1.4399829666973107,98,99,53,0
3.3131043406654399,98,98,53,2
2.3449530771810339,96,97,54,4
0.8687506708717808,92,93,39,1
6.0894724683987542,98,99,57,2
1.5031366204615348,100,101,56,0
0.2061543004093820,98,99,44,1
2.4560239215673167,98,99,63,6
4.1573143218611595,98,99,48,5
4.2634595552980317,98,99,62,1
1.7495090158741575,96,96,56,2
4.0211201181845775,94,95,55,0
3.4150037305582108,98,99,47,6
0.6288867367067434,98,99,47,6
0.3281367659691827,98,98,46,3
1.7493774382570260,98,98,50,5
3.3334143890164474,94,95,53,4
4.8586037559611288,98,98,49,6
5.8351329371797034,100,101,59,1
0.7331182765819746,96,97,52,2
1.7181067850083549,100,101,44,6
4.2844069616219453,98,99,60,5
2.0954800174678101,100,101,44,2
0.1759144634313101,98,98,51,6
0.6989907843056490,98,99,46,5
0.5811374473599585,98,98,58,5
2.2412003610149704,102,103,51,2
0.4041208953493162,98,99,57,2
2.1518788107830007,96,96,41,1
2.7350167562561731,98,99,52,1
0.9109438531134013,98,99,43,2
4.3551354176115078,98,98,43,2
2.2969946939939678,98,99,58,5
4.9537767887409316,100,101,56,4
4.7939192583138466,94,95,57,6
1.5153528402923002,98,98,53,2
4.5729128436277557,100,100,52,0
5.9479393004970413,100,101,45,1
1.4952864841167062,98,99,54,3
1.1543621163754860,98,99,55,4
0.4385278040847282,98,99,50,5
5.2293658498051210,98,99,54,7
5.7494935833380527,100,101,53,1
2.4944547675230275,98,99,52,7
3.2824879541644489,98,99,45,2
1.1355407862458136,98,99,50,7
1.6423922673208418,100,101,55,7
5.1346577473355177,100,101,53,7
2.2065146650439540,100,100,56,2
5.2267769523938066,98,98,53,2
6.0231373823046797,92,93,47,5
2.0708054694694118,98,99,48,5
5.5086046889989877,98,99,62,3
5.2215121944877199,98,98,54,3
3.0383945827105441,98,99,49,6
5.8755224366110665,96,97,47,5
3.0293348997861052,98,98,48,1
0.5998561470280008,98,99,55,6
3.2185542902614701,98,99,43,2
1.8979257046210751,100,101,51,5
4.9754128020728547,96,97,41,7
3.1634661294067303,100,100,51,7
0.6548126602616969,94,95,50,7
2.2990768673044166,96,97,56,2
0.9264314029236760,96,96,36,4
4.9651754658164187,98,98,58,5
3.1282200428154865,98,99,42,1
4.8998185561398024,100,100,52,0
2.2604839302864361,96,96,51,7
6.1727469747036263,98,98,42,7
0.7259137141209203,98,99,51,2
1.1511934618549569,96,97,49,3
3.2226928334255027,96,97,41,3
3.4663838743610067,98,99,50,5
3.6302419028805799,98,99,51,6
1.8821705476317647,98,99,51,2
3.0864621978760431,98,98,46,5
4.1594579154747651,96,96,50,0
3.9667082040331390,96,97,51,7
2.4926930472008455,98,98,51,0
2.2244728615532989,94,95,53,4
0.2299834919776028,96,97,48,2
4.2246645469459283,98,98,51,4
4.6539242250550794,98,99,47,6
3.4040162542385195,96,97,56,6
3.6698426463828144,100,101,51,7
1.8879942813990329,96,97,45,3
2.2363806985383556,98,99,53,2
1.8078995506740911,98,98,49,4
4.3750192950325557,98,99,55,2
5.5152243194854194,98,99,48,5
4.4861039104079694,96,97,50,6
5.8570228071986845,90,91,49,2
3.7363058609279269,100,101,50,2
1.7046888748968532,96,97,48,4
4.8442533960831806,98,99,60,5
1.9354509236421078,96,96,52,6
5.3305058139365569,96,97,46,0
4.0838565759659380,98,99,47,4
0.0578567484451856,100,100,48,2
3.1560647554533570,100,101,49,5
4.1999816039253330,100,101,57,1
4.6347719211507394,100,100,54,6
1.7963958938598639,98,99,45,6
2.3278577727954244,98,99,45,0
5.3755961391946911,98,99,55,0
3.5541848596169920,98,99,55,2
5.6773456758863530,96,96,51,1
3.8236549845402279,100,100,49,1
5.7360481217680936,98,99,55,2
2.3808228026819092,94,94,44,1
6.2331122499054983,96,97,50,0
2.7753260398636659,96,96,44,4
6.0336777975209133,100,101,52,0
2.0294367883945816,96,96,49,3
5.4743540672959927,98,99,46,7
2.8383034373625184,100,101,55,3
5.3682224297559840,96,96,44,0
4.6068198885723355,96,97,40,6
0.5614875843007432,96,97,48,0
0.7323960754164487,98,99,45,4
3.4458563481684008,96,97,49,5
3.3137268904502832,100,101,50,2
4.1698610050498344,98,98,55,2
6.1728279972583993,98,99,51,6
3.6227772901556947,100,101,49,1
2.2552251267027152,98,99,58,5
2.7548524494597735,98,98,53,6
4.5043087484387714,98,98,54,7
3.3939871897944713,94,95,46,1
0.3813945067587768,96,97,50,2
5.0612114906744239,94,94,52,5
5.5809492249687729,96,97,50,0
4.0327863327109332,96,96,49,3
4.8658694012688954,98,99,55,2
2.6428918500461167,96,96,49,1
3.5801153347425529,98,99,50,7
4.5760729277489185,98,99,58,5
1.9009041480574436,98,99,51,4
0.2722706277248182,98,99,55,0
5.8499943121211793,98,99,64,5
5.7357274307514405,94,95,51,4
5.6843516613853051,104,104,59,3
3.7721030666647479,98,99,55,4
4.2004735623225002,100,101,53,1
2.6075847160210301,100,101,59,5
5.0508227372331849,98,99,54,5
3.8601886657013957,98,99,49,2
4.6042088247929920,100,100,56,4
3.8159436904917623,98,98,57,6
3.1889746988852798,100,101,57,7
3.3953247430689157,94,95,46,5
5.9451178733041035,98,99,44,7
1.5786360942173123,96,97,44,6
1.4673437670335052,100,100,56,2
3.9227663741952252,100,101,52,6
4.9267061886597929,98,98,40,1
4.8962514161500428,98,99,59,0
3.7204080566656641,96,96,49,3
2.3173291325854031,100,101,54,2
2.7600831796653309,96,96,42,6
2.9883814777136379,98,99,52,7
0.8614353079091581,98,99,50,5
2.1884887012108436,98,98,58,1
5.6787104636417265,98,98,55,4
1.9341728265185858,94,94,53,6
1.8192120886423635,98,98,58,1
0.9068694501824409,100,100,47,7
1.5411402550416857,100,100,56,2
3.7137136185626800,98,99,51,4
4.5129689432551299,98,98,55,2
4.2281199810810852,96,97,51,1
0.5613251757198531,98,99,48,7
2.8891787245489091,98,98,42,3
5.7717004023861955,98,99,45,0
0.4171094244282051,98,98,53,6
3.7288587860283533,98,99,64,5
4.5183373241457652,92,93,43,1
2.4312567891331409,88,88,52,2
1.9102137313473462,98,98,55,6
5.2538490786926477,96,96,56,6
3.0937490837610619,96,97,53,7
1.6715602946414492,94,94,51,6
2.8069269315840075,96,97,51,3
2.4693815451930701,98,99,55,6
4.7925235961531447,100,101,55,5
4.0843146561804380,98,98,44,1
2.8177379613608173,98,99,48,7
4.9411293800895724,98,98,49,2
5.3396759512667265,96,97,51,3
5.2033709794749941,94,94,50,7
0.1654928870606263,98,99,48,7
3.2479495208151761,100,101,52,2
4.8624608512618233,98,99,53,4
0.4220093733996916,98,99,56,7
0.7319488760152049,98,98,45,6
2.9129947593344849,98,98,57,4
4.8510478560881571,98,99,50,7
5.5027995753227605,98,99,51,2
4.2734327107521706,100,101,57,7
0.9749095167140973,102,103,51,2
2.0369089385672927,94,94,60,5
3.0474468162122466,98,99,46,3
4.7881448306472674,90,91,51,2
3.1241100357611611,98,99,55,6
2.8483455014907961,100,101,66,4
3.4420438296306166,100,100,57,1
0.5702007845426891,100,101,44,2
3.7013035294001004,96,97,46,4
2.0860023947073052,100,101,48,2
0.1954883528843623,98,99,59,4
1.9950730779278680,96,97,56,6
4.9795321526885443,100,101,53,3
0.1730087526457519,100,101,51,3
5.6079453674123938,98,98,52,1
2.5856568536807560,100,101,57,1
1.7478863581382367,98,99,48,7
0.2140507418081701,100,101,57,3
2.6851601182478908,94,95,54,7
2.9595152495886694,96,96,51,7
5.5534082380533514,98,99,43,2
4.1461409633939681,96,97,38,4
3.2320807059088090,96,96,47,5
0.7745814414106559,98,99,57,4
3.8302444124224659,98,98,45,2
3.1459697698122091,96,96,54,4
4.1789972216791949,92,93,55,7
2.4288386388411149,100,100,53,1
4.3801870459175332,100,101,55,3
1.1017627909801930,98,99,56,7
0.5298675884586731,98,99,51,2
0.7172845913367762,100,101,49,7
6.1334717377121697,96,96,58,0
1.7907777244008920,96,96,59,5
4.8595741338807512,98,98,54,1
3.7243736068366795,98,99,51,6
3.4158771508636594,98,99,45,2
3.0767520671298438,94,95,55,2
5.4133702379628161,96,96,56,2
2.8066365189086051,100,100,46,0
2.8463862324375073,98,99,57,4
2.5650687222848449,96,97,50,0
5.3341176199298843,98,99,50,7
2.5795098658421907,88,89,46,4
2.9309024793113139,100,101,53,7
2.2440700400376423,100,100,56,0
4.7403744933998784,96,96,53,5
2.8126938373073491,94,95,54,1
3.7588559075826855,96,97,46,2
0.9538922531897197,100,100,50,4
3.4351539795647890,94,94,43,4
2.6541854879606817,98,98,47,2
3.7276579501333624,96,97,54,6
2.3780673387630320,96,97,56,4
0.8617955839393675,100,100,59,5
2.7558513462995551,96,96,46,0
0.2419642464582641,96,97,47,3
1.5671819285344268,98,99,56,7
4.7389417247950441,98,99,55,2
2.1172979078372087,100,101,48,0
5.6796110936379032,100,100,46,4
5.4021171299445570,98,99,46,5
2.8237563976885536,98,99,59,4
5.1487773840053972,94,95,46,7
2.7552614775265702,98,99,53,4
3.5445491220615724,96,97,49,5
2.4775930857408919,100,101,56,0
2.3228984440268468,94,95,45,6
5.5074436725122515,98,99,50,5
5.0326054266267262,98,98,52,3
0.7267632517084769,100,101,59,1
5.3611371434927255,100,101,52,6
1.1372561304526834,96,97,57,7
2.3647019659509843,98,99,44,5
0.2699219101345550,96,97,50,0
3.8818089186192446,98,99,47,0
0.6089404380911413,98,98,62,5
2.0173008141993636,98,99,47,4
2.7020400983414432,98,99,47,0
4.8288602910907414,98,98,47,2
2.4250035775875158,92,92,48,6
1.6290994950152946,96,97,45,1
1.1927557704715599,98,99,51,0
1.3125539326860114,98,99,58,1
2.5948451831104768,98,99,51,0
0.4577778461928179,96,96,51,7
2.2035300921348218,96,97,54,4
6.2826102331416047,98,99,45,0
0.2591450857182950,98,99,52,5
5.5518219289674446,98,98,55,6
1.6209627075178485,96,97,41,7
0.7055694956813530,98,99,55,4
0.8057059484275840,98,99,50,1
0.1058942204142725,98,99,55,2
1.0579357564522314,98,98,49,0
1.7698813053372633,98,99,47,2
4.8277324710450111,98,99,49,2
6.1378194745000574,98,99,52,1
0.4608257280533889,98,99,54,1
3.6387131868111653,100,101,42,2
3.2651714153285631,98,99,47,4
3.0489982069737138,100,101,49,1
1.9040732230295638,102,102,48,1
0.2203840959338198,98,99,50,1
3.7687961946062924,98,99,55,6
0.6040782802382709,98,99,56,7
3.9338052003018080,98,99,50,1
3.0326229667139284,98,99,57,2
2.1365339381664215,96,96,46,6
5.2786444420792291,96,96,45,5
1.9195882686741355,100,100,53,7
4.8542342435165340,100,101,46,0
3.4916026821395936,98,99,47,4
1.9496812908935908,100,100,52,2
4.8202267155111462,98,99,44,7
1.8054172136323203,98,98,42,3
2.6351815340645817,98,99,52,3
3.9175687727194664,96,97,56,0
0.9163271261546394,96,97,43,1
4.9464941347833333,96,97,51,1
1.0275541523792351,98,98,47,0
1.8523865745067332,94,94,52,7
4.9815505455999016,100,101,48,2
3.0861549343805996,98,99,49,6
1.5549071847073026,96,97,51,5
4.1577426006590583,96,97,47,5
1.3762219698823221,96,97,56,6
5.0786052043929839,96,96,44,2
3.9399867824167454,98,99,47,0
4.2436624530382234,98,99,47,4
6.0010550672091467,96,96,43,3
5.6532737370126478,96,97,48,4
1.6319195029579545,96,97,44,4
0.7486431963377944,100,101,50,4
0.7568845510727188,102,103,54,5
0.1915630727836996,100,100,56,0
2.9797787127594844,96,97,50,4
2.1540152343970314,98,99,50,5
6.1648923747640199,102,103,52,7
4.0273384374240733,98,99,56,1
0.7839715546953913,94,95,52,7
2.9610443339640589,98,99,43,6
1.9811415401552546,94,95,44,7
2.1179408956195003,96,97,51,3
4.4496542378705763,96,97,55,5
0.3174864896928926,96,97,49,1
5.0337991895109893,98,99,49,2
4.6845696223337097,100,101,50,2
5.5849296140460218,100,101,47,5
5.8053426469876133,98,99,50,5
0.5134470090696027,98,98,50,3
3.3524294215799761,98,99,51,2
4.3152293551029945,98,98,53,6
0.8753021456357810,98,99,48,7
4.7807191459973142,96,97,47,5
0.6907838644706115,98,98,59,2
5.6881893482120605,98,98,61,4
5.9909155960615692,100,101,47,5
0.6005120044218825,94,95,52,7
3.1519697427124456,94,94,49,6
5.5306101256504983,98,99,49,0
5.3825458776783730,100,100,52,4
3.9193917090024080,98,98,51,0
4.2003665361332834,100,101,53,7
6.1566478835831351,98,99,51,2
4.3774904379960624,98,98,54,1
3.9564773131893478,100,101,57,5
1.8238261611799433,100,101,54,6
5.2614353827770284,96,97,46,0
2.4207415663316345,100,101,50,0
4.7307733000973720,100,101,48,0
3.4307033731837020,98,98,58,7
5.6677005227415460,100,100,43,1
3.8675348127799976,94,95,52,7
3.7845033050160537,98,98,55,2
5.1687835510293683,92,93,46,6
2.4386009699216440,98,99,47,2
4.3392946854089294,102,103,47,2
1.1268644446057394,98,98,48,3
5.2049770015156218,96,97,50,6
3.7837281374575782,98,99,51,0
2.6214301151360693,98,99,46,3
5.3588700643089604,100,100,51,5
3.1913909397878100,98,98,46,5
3.5194237702176827,98,99,56,7
4.4316910514424936,100,101,56,6
5.6457966856159096,96,97,54,2
0.6757335127740228,96,96,50,0
0.9976695277396745,100,101,54,4
5.5976723835532312,100,101,51,3
4.7709546670446228,98,99,52,1
0.9600905574897607,98,99,47,4
3.0204406154185119,98,99,47,6
3.2982565030949909,98,99,53,6
5.5104821170413487,98,98,43,6
1.6876689780983607,100,101,49,7
4.3906722228102639,94,95,60,7
4.2574521379087891,96,97,49,5
1.3915570123209189,96,96,46,6
0.5348371768550486,100,101,44,2
0.5279853121229796,96,97,55,5
4.5611065500801127,96,96,56,4
3.1270504207639376,100,101,42,0
1.8386174688361774,100,101,53,7
5.0884897871187524,98,98,58,5
2.2178379735159379,100,101,58,0
2.1512257831390507,96,96,44,4
3.7283446358771961,98,98,50,7
4.8720896767679420,98,99,51,0
3.8939850235451958,96,97,52,6
4.8862988811252261,88,88,42,6
2.0807807001087522,98,98,57,4
5.6152853413465911,100,101,52,6
5.9403008475741759,98,99,60,7
1.3328093242359325,98,98,40,5
6.2061935266850012,98,99,57,6
5.2320098034338614,96,96,49,1
0.6826693830913407,98,98,55,0
2.8658738104568044,98,99,49,6
3.3246122325425360,96,96,44,4
6.0475738849685836,98,98,50,7
4.2546373435269560,100,101,46,0
1.2594851232513311,98,98,50,3
5.5175512681540297,98,99,48,3
4.6764544273641233,98,99,55,0
3.8445420160499375,98,99,57,6
6.2241904870156599,98,99,49,2
3.0069054621194073,98,99,43,4
3.0831383383891984,94,94,48,1
3.1003747757180133,98,98,46,3
2.4690057910563268,98,99,44,7
4.7674218976946188,98,99,48,5
2.2829088940117011,98,99,54,3
3.6510021209133741,98,99,52,5
3.3421436185136000,94,95,48,3
3.7107000334816713,100,100,52,4
4.8480825531320244,94,95,56,5
1.0092874045742937,96,97,52,2
1.3530491792455852,96,96,59,1
5.9661083372974000,100,101,41,1
2.4846888670821516,98,99,47,4
4.4864948217448051,100,101,51,3
2.5060515503269962,96,97,47,3
3.7959887506819108,98,99,57,4
6.0386125290932346,98,98,42,5
5.4003630926191430,98,98,56,3
4.4395461847005544,98,99,49,0
0.0804154533727788,96,96,47,1
1.7617405904845955,100,101,54,4
2.8516481626806049,98,99,41,0
4.8857714460192554,96,96,50,4
1.7747664525041065,98,99,49,4
3.9421505173682170,98,99,44,3
3.3115664470927624,98,98,39,4
3.4530768569051897,100,101,51,5
1.1071767283792995,98,99,53,0
3.5119715689862026,100,101,52,6
3.6557053398829771,94,95,56,7
3.3007059736408899,94,94,43,4
3.7535019447686415,96,96,55,3
4.2007076412570754,98,99,46,3
1.4439015025063207,100,100,48,4
5.8988685671364589,100,100,55,3
0.1349332282482444,98,98,56,7
1.4349317818571579,96,96,47,5
0.5830157372705975,98,98,56,5
5.7799182889469511,96,97,46,2
4.3837649543875434,100,101,48,4
3.4464073556686792,98,99,57,0
0.9279455789172821,98,98,52,5
4.4840617580635742,100,100,47,1
3.4454911107483572,102,103,58,5
2.0535418337058400,98,99,47,2
0.8569159086350615,98,98,50,1
3.1033556978197794,98,98,53,4
0.3175970932649049,98,99,61,0
0.8231780527611776,88,88,46,4
4.6788027297988037,104,105,61,7
0.4336197156474753,98,98,50,7
0.7658673087535556,100,101,57,1
4.8777506965841253,98,98,50,5
0.8446673063421386,94,95,46,1
2.8266707779386047,94,95,46,3
3.0728141934082713,98,99,50,7
0.5675747209402384,98,99,50,5
6.0169724952465495,96,97,42,4
6.2749992807535397,98,98,52,3
3.4811385586058323,96,96,50,2
0.9563131249220006,98,99,42,7
4.1092737916980262,98,98,62,7
2.1587315451327758,98,98,56,3
5.8308047386944502,96,97,50,4
5.1269938101315935,98,98,57,2
2.3767228583676880,100,101,57,5
4.0781700349278038,96,97,46,4
5.3806902390826021,94,94,51,6
0.1752435148629011,98,98,57,6
1.8850246599101634,106,106,58,1
2.2907943558739015,100,101,49,3
0.4852451617038061,96,97,52,0
3.6082807277568891,98,98,51,6
1.6873183621003873,98,98,50,7
5.8324792167792285,94,95,56,1
1.2370449090107694,96,96,45,7
4.3033011957537735,100,101,57,3
6.1266858854691613,98,99,42,7
2.9742878037914533,102,103,58,1
1.6187330308252488,98,99,44,7
3.7230011340695888,98,99,52,3
5.8015858015610959,98,98,48,5
1.3688422999780465,98,99,50,7
2.3573178452551620,96,96,50,4
3.2327373989238124,98,98,50,3
0.1770192807441453,98,99,52,3
5.5760639290717320,100,100,53,7
2.5502176516355988,88,88,44,0
5.5799792031328064,98,99,55,0
4.2643173333485898,98,99,55,0
1.0089790373924310,96,96,47,5
5.7741271982412670,98,98,47,0
3.8280783565616976,96,96,50,6
2.6726807421126293,96,97,56,4
2.3044705389650781,98,99,48,1
3.4696216644690323,96,97,51,1
5.0682571528425457,98,99,48,5
5.7072131523270482,100,100,55,1
0.1127509932915715,98,99,53,4
2.3757400695159432,96,97,50,2
4.7448075755462931,100,100,44,0
4.1858924443128149,98,99,48,1
6.2030089971944458,98,99,52,1
2.4444175949884790,100,101,37,3
2.4324145010136462,100,100,51,5
0.8086652421427301,100,101,57,3
4.4657096135911249,96,97,39,5
3.7264425904346581,94,94,55,2
0.4720629667527533,98,99,56,7
1.6187534637458032,98,99,54,7
5.5276151754746046,98,98,49,4
6.0787801215946988,100,101,49,7
4.3342374447263250,100,101,45,1
2.2089757776161973,98,98,51,2
0.7942158635830832,100,100,62,4
1.0943592078223463,98,99,49,0
1.0501255032978913,98,99,47,6
2.4104672469690001,90,91,50,3
1.8086976616670480,100,101,52,2
1.2395338822718569,100,101,48,6
1.0509092709598933,94,95,43,4
3.6240890503343333,98,98,58,3
0.3794054325233049,94,95,59,6
3.2700870505837289,92,92,48,0
4.7982775170937844,92,92,46,4
3.6837480403800060,98,98,50,1
4.6110020413530695,98,99,52,3
4.7878611856679605,98,99,52,7
5.7662209622142226,92,93,43,7
1.7212579690742680,96,97,41,5
5.4491020741837968,98,99,47,6
0.2502814911550083,98,99,50,7
0.1181549941348999,98,98,44,3
4.4404000931363727,98,99,56,1
1.8480133641510028,100,101,49,5
2.9114145713744790,96,97,57,3
3.5298452051608131,96,96,53,1
0.0719767899094057,100,101,59,1
1.0211777144910001,98,99,52,7
5.3574519738294510,100,101,50,4
1.4914513382437129,94,94,47,0
3.9520155752839350,98,99,46,7
3.2358346530783999,100,101,45,3
4.8215919906994191,96,97,49,1
6.1100234325694123,98,99,47,4
5.0001221398402089,98,99,55,2
0.5024772730555884,100,101,49,1
1.2761605875798328,98,98,52,1
2.8288618125527729,100,101,40,6
1.6864916902609324,98,99,46,7
2.9590200138861404,100,101,43,7
4.6193367298460428,100,101,57,3
2.4755243150579411,100,101,49,1
1.5552934630812334,96,96,45,3
3.8142486808128604,98,99,52,7
2.7254550150681780,96,96,45,1
3.9786321999604231,98,99,46,7
5.9444919624405506,98,98,49,2
4.9180300227230616,98,99,58,5
1.0199267408780548,100,101,51,7
1.6953742184641794,98,99,52,5
5.8863282964202295,98,98,63,2
0.8049554787489556,96,97,52,4
1.4717542027444879,98,98,63,2
2.5217926574463281,100,101,60,0
4.0404141759399277,96,96,53,1
2.7782670866379493,100,101,50,6
3.0554694098763351,92,92,51,1
0.1192414442229050,100,101,48,6
5.9585491424280006,98,99,54,5
2.5164989087254361,98,99,55,0
4.7939685956892264,96,97,53,7
2.9084497804953808,100,100,57,3
4.3649878354441531,92,93,45,5
4.8197200437497951,96,96,48,2
4.8532928493093115,100,101,53,3
6.2225941417655859,98,99,50,1
3.4671810202095372,100,101,52,6
1.0742759054551247,98,99,47,2
2.9211299411013298,98,99,52,7
4.4068493444021799,94,95,45,2
4.8519470662997364,90,91,49,6
0.7395137956862451,100,101,47,5
6.0826693033707153,98,98,52,5
3.3633588823111236,98,98,53,2
1.0249153278167025,94,95,51,6
1.6705371860991260,96,96,39,3
1.8741481474287813,100,100,43,1
1.2694177553777135,100,100,52,4
3.1632968350929818,98,98,52,5
2.3218577957414142,100,101,50,2
1.9412577184188282,98,99,62,1
2.0068676500679592,98,99,54,5
3.5087167682045193,100,100,45,7
1.9022087763664592,98,98,50,7
1.9710953201053198,98,99,52,5
1.4571587788527487,98,99,48,7
3.6278982618943649,100,101,53,1
2.9492163282194710,96,97,53,5
4.0288805297097365,98,98,54,1
2.3334481726094900,96,96,49,7
1.5604856242846878,96,97,51,1
3.7373385712906693,98,98,51,6
1.7364024524481565,98,99,54,7
3.9023786399235791,94,94,52,5
1.9966578339871683,98,99,49,4
1.5972975823571163,98,99,44,7
4.9713853577242268,98,99,48,1
4.5027377783656863,98,99,59,0
1.2646178872875316,98,99,56,1
2.1957168097483408,94,94,52,5
1.8989459910384270,96,97,46,0
1.5128627095299101,100,101,51,5
3.7853011519911219,98,98,52,3
0.1912714283662247,98,98,58,7
2.6618326895218805,98,98,47,2
1.3047010168235917,100,101,54,2
5.2743319644529452,100,101,45,3
3.6716257179677934,98,99,48,1
3.8125602565846712,98,99,49,4
0.2941695128630756,98,99,50,7
2.3944783098880080,100,101,41,1
4.8412206273994585,96,97,53,1
5.8607853786470718,98,98,54,7
4.4163219805022482,98,99,45,6
4.5471227600113791,98,99,64,3
2.1301013354139453,98,98,54,3
3.1694582806782687,98,98,47,4
1.0266441071116521,98,99,48,5
1.3535037121480047,100,101,55,7
5.5136155718037854,98,99,45,0
0.2384382307586891,94,95,44,3
6.1880450958706348,98,98,62,5
0.5191622584144181,96,97,52,6
2.5894011536994985,100,101,61,7
2.8143192016749752,100,101,42,2
4.7516661736257326,100,101,46,0
4.6016646655181317,96,97,52,6
5.9749627189811907,98,99,55,0
3.8914030798162131,96,97,49,5
3.3285255295481977,98,99,52,3
4.0568147717771748,98,98,46,1
4.8111376145326989,98,99,46,7
2.9921853078313996,98,99,55,6
4.2419357624865164,94,95,43,2
0.4172660487300114,96,96,53,7
3.4802930790650826,96,97,43,3
0.5437770027095011,100,101,51,5
4.4556594668437821,98,98,51,4
0.5954862027666484,98,99,47,6
5.6059327956526008,94,95,48,5
2.7038214080928236,98,99,49,6
5.7689310835663061,98,99,58,1
0.9113038994920555,98,98,53,2
0.4916239866364613,98,98,48,1
0.5447605875027217,98,98,57,4
3.5940274731065465,100,100,61,5
3.3338800226218632,98,98,51,0
5.3685649149505377,98,98,51,2
4.3624007699187572,98,99,47,4
0.8858591169733969,98,98,55,0
2.1158237906762518,100,100,48,0
3.0347704649373424,100,101,62,0
5.8205372955273571,100,100,47,7
5.2484864677968117,98,99,51,4
0.7205372465372075,98,99,42,1
2.2664100687799977,98,99,47,2
5.1322972067326678,100,101,54,4
2.6470420172089337,98,99,47,4
0.2405773048655948,98,98,53,0
6.2388082022812084,92,92,51,7
0.2737725998988628,94,95,45,0
0.5486579349232530,100,100,49,3
3.5087244532233988,96,97,47,1
0.4071555425281360,98,99,53,0
4.7182437352469293,98,99,57,2
2.2794569198910568,98,98,60,7
5.5878556749200703,100,101,47,1
5.9869740006692043,98,99,47,4
0.7457441802365508,94,95,54,5
0.0246459034337166,98,99,49,4
2.5603563313791735,100,101,51,1
1.8621318730187941,96,97,56,0
2.5290400738300400,100,101,46,6
2.8162850145686584,98,99,41,6
5.6918119883262426,98,99,47,4
0.0407131800709277,98,98,58,3
1.7087409661034121,100,101,48,0
5.2882544487989724,98,99,58,7
0.6488708325899488,98,99,42,5
2.0459033732077283,100,101,60,4
1.7466587445864985,98,99,52,5
1.3834131819164390,100,101,57,3
5.9521830916745282,96,96,48,0
3.9489275133462383,100,101,56,6
4.3872345562301716,98,99,55,2
4.9427345744481066,96,97,56,4
1.3568330133929285,92,93,47,7
2.3434303018768992,98,99,51,4
4.3458409560061320,100,100,49,3
4.8214645211517899,94,95,47,6
4.3077845071313581,98,99,49,4
6.0554622772573632,98,99,51,4
1.4802339703821192,96,97,44,6
2.0012023549579951,94,95,51,4
4.0314275831565780,98,99,53,2
0.0340614112883220,94,95,47,0
2.1063074328923332,98,99,56,7
3.6543145635332266,98,98,47,0
1.3692372092043079,96,96,47,5
3.0378455736246504,98,99,54,1
5.6635936176997257,98,99,62,1
4.1044338370385907,100,101,62,0
4.1184174350071165,96,96,54,4
2.3100659055192470,98,99,55,2
3.4473099000003256,96,96,43,5
2.0322166386744867,98,99,59,0
5.5195817902404869,100,100,50,0
3.5681320855241418,98,99,49,0
6.1469789686316734,96,97,47,3
4.6655387947744345,100,100,54,2
3.4039572495021604,100,100,53,5
5.5926876665159382,98,99,48,5
4.0889765545283430,98,99,49,2
1.2502047086663790,96,96,38,4
6.1413355777326322,96,97,41,5
5.3023075477460990,98,98,52,1
2.6290174996846210,98,99,45,2
2.5237242898830798,96,97,50,0
2.2106369359501694,96,97,49,5
0.1024632651684115,98,98,42,1
4.8651532785362264,98,99,57,2
5.5081738338480548,98,99,46,7
5.1588547901554156,100,101,51,3
6.2436559032952701,100,101,50,4
0.9506257884995510,98,99,50,7
3.2128387445865072,96,97,50,0
6.0658446082808126,96,97,50,0
3.2964691917204716,100,101,52,6
3.7307039592431832,100,100,52,6
6.1858666030306022,96,97,53,5
0.8150257157096413,94,95,56,7
6.1816170148876965,100,100,47,1
1.2345216295600971,98,98,44,1
1.8749053613417173,100,101,53,7
3.0841234365024941,100,101,55,5
4.7269852134969739,98,98,50,7
1.4287586294859074,98,99,50,7
3.8195675066180583,98,98,51,6
2.3183666470545239,100,100,59,5
0.0659666075380084,100,101,53,5
2.1574578735644216,98,98,58,7
5.7708514597271243,96,96,57,5
1.7064741291673524,98,99,56,1
1.6064572439376583,96,97,47,5
4.9698964115673565,94,95,55,2
1.7591242579016590,100,101,46,4
4.2127305907344592,98,99,59,0
0.7277881843062464,96,97,41,7
5.8098257021295900,96,97,53,7
1.7806851044740364,100,101,51,1
5.2289791980973650,98,99,51,0
5.8409736218565644,98,99,57,4
3.0556506479747911,98,98,56,1
0.4561956193306008,98,99,45,0
6.0683582525324313,96,97,51,1
4.2677549563494370,96,96,52,0
2.7516912896053811,98,99,48,5
0.9408909218293808,96,97,47,7
5.0841890775593201,94,95,47,4
2.1991025907605164,94,94,55,0
1.6286685841801471,94,95,45,2
2.4181743043582307,96,97,45,3
0.1984866027920561,98,99,52,7
1.5426016905018578,98,99,53,2
3.0655311293188672,100,101,56,2
3.3108643729532523,100,100,50,6
5.7265290596534326,96,96,43,1
4.0358570962499698,102,102,46,5
4.8910095946750873,100,100,57,3
2.5262940877819906,96,96,51,7
3.6458518125084107,100,100,45,3
4.9638085165811825,98,98,54,3
1.7003049762060090,96,97,42,6
3.8242945123845038,96,96,49,7
2.8836729352550496,100,101,48,0
1.9736101235010952,96,96,52,6
1.7803853359911310,100,101,48,6
5.3891907022800636,98,99,48,1
5.1597498514929763,98,99,49,4
2.1893807262113474,94,94,44,7
4.7863097799193675,98,99,55,4
5.0712452117704778,98,98,52,3
3.4909935585554690,96,96,46,4
2.8915073627922845,96,97,44,6
4.9247880020228036,98,98,50,1
3.9722927819540708,98,98,58,7
6.0858436378530252,98,98,49,2
2.8455814997230795,100,101,56,4
0.2716230719371405,100,101,51,3
0.4622391839301079,98,99,53,0
4.6400942963883258,98,98,51,0
1.9716116364410852,98,98,46,1
5.5092747223525427,98,99,43,4
2.4939717749738306,98,98,48,5
5.8875222737734543,98,98,51,6
0.0761119124855513,96,97,59,3
2.2140353591788502,96,97,54,4
4.8833235790796037,96,97,52,6
2.2760821418552259,100,100,50,6
0.9561063460292818,98,98,55,2
5.8300314725433706,92,93,48,6
0.8426774489180072,98,98,50,1
3.9184590385292211,100,101,54,6
1.4392766366901564,98,98,41,6
2.2379498336216108,100,100,50,6
0.9501009192115861,98,99,42,5
2.8014382879333444,98,99,42,3
4.3728632541384655,96,96,41,1
4.6040594932831356,98,99,48,3
2.4565459752699335,96,97,47,3
4.1464337766584682,94,95,47,2
1.5670902998204930,100,101,57,5
5.9334597654583723,98,98,53,6
1.9957964832417923,98,99,51,0
3.3123350834541503,96,96,47,1
6.1737896950960103,98,99,52,3
4.4075786211757437,98,99,54,3
5.7469031244794309,98,98,52,7
5.7708380623182061,94,95,52,7
2.6877253772893903,100,100,62,4
5.8990947222194601,100,101,48,4
2.1626894651656579,100,101,57,5
1.6013518021050919,96,97,46,2
3.1047347948884720,100,100,61,7
1.7371088228288734,96,96,55,1
0.4771701231156668,96,97,49,5
5.4256616531588193,94,95,50,7
5.3186215719684817,96,97,50,2
2.3253788423932860,98,99,53,0
0.6540326490809525,96,97,49,1
0.5318532938025700,98,99,46,1
4.6053532431277295,98,98,42,3
2.6534825171610494,98,99,44,5
3.5159244121620334,100,101,51,1
4.9142484043996983,96,96,52,6
4.0343780037691515,98,99,49,2
0.7838336778117844,98,98,50,1
1.8493329051218730,98,99,55,0
3.0703646574960186,96,97,56,6
0.7077535047938576,98,98,58,1
2.3174393191637961,94,95,54,1
1.3065545969318446,98,99,55,0
2.1330977107346518,96,97,45,1
2.8295553856540274,98,98,49,2
4.2290844250039354,96,97,49,1
3.7122442978948311,94,95,48,1
4.8756647878795762,100,101,50,2
3.2179503165989165,98,98,53,4
2.0598302306931915,98,99,54,3
0.9310957335396423,94,95,49,6
5.6936953494276441,100,100,46,4
3.6382482118860016,98,99,55,6
1.2489368721914045,98,99,60,1
4.3622800764232137,96,97,40,6
5.7699071605872589,100,100,43,3
2.5689982205238433,96,97,55,5
4.9445901124094647,98,99,44,1
2.8685699301296617,100,101,58,4
2.2208197490173998,98,98,45,4
4.9001401645044727,100,101,54,0
1.7152423175154035,98,99,52,3
4.1486091032640982,100,100,54,4
1.7834627522612772,94,95,54,7
0.1988212106610112,98,99,34,3
4.8342039742683882,98,98,44,3
0.0529779806899508,96,97,41,5
0.9393556531027393,96,96,55,5
0.6306113399386164,98,99,58,3
5.0039568462716142,100,100,48,0
3.2167001061722500,96,97,48,2
1.5971989322757638,100,101,57,5
3.0596589989338430,94,95,47,4
5.8549544502392639,98,99,52,7
3.9479387552824807,98,99,48,7
5.4614045031122336,100,100,47,3
5.5015747869107958,98,99,56,1
3.3756347757411924,100,100,56,0
3.0268807629975205,100,101,59,5
1.9829613001952591,98,99,59,4
5.7228495075441206,100,100,52,6
2.9792207506066255,92,93,46,4
6.0900446955526668,96,96,50,4
0.1859426975063454,98,99,55,6
0.5889955717721302,98,99,54,1
2.5185867678528751,98,99,50,1
1.7258936421973352,96,96,46,6
4.9812443100194264,98,98,50,1
0.1728306328159136,96,97,55,3
2.5209717704143721,100,100,55,1
3.2218789821618734,96,97,41,7
5.5430061333851040,100,101,51,1
2.5897949986352935,98,99,48,3
2.2710121834277999,98,99,50,7
1.3580759585682944,100,101,61,5
5.1044558882348596,100,100,52,4
0.0809267213927155,96,97,52,6
3.1635939865141620,98,98,55,2
2.7110117929124860,98,98,55,4
0.4889339726615797,98,99,52,3
3.0430718730703199,94,95,47,2
1.7854025808217380,92,93,48,6
5.8373847441027822,94,95,49,4
4.3837324821235875,98,99,57,6
0.1179444080379351,98,98,53,2
0.7197497426545224,98,99,50,5
4.2503850731116479,96,97,47,1
1.3705301374351042,92,92,44,0
0.8238326088883821,98,99,52,5
4.3836150415907067,98,99,57,2
0.9278077369969367,98,98,57,4
4.2635732255270460,94,94,39,6
1.1434631865531009,98,99,55,6
2.3735397803865355,96,97,46,2
0.5477092421463902,98,99,47,2
1.2235428685971699,100,100,54,2
0.2931188144559944,98,99,47,4
5.1841407396249393,98,99,58,5
1.6701111831230837,100,101,52,6
6.0127546543839312,100,101,53,7
3.1237295973383832,100,100,57,3
0.5828684909091564,100,100,54,0
3.0014193369650815,100,101,48,0
0.2685093274688551,100,101,53,3
5.4000062297842444,100,101,58,0
0.6049586053782743,98,99,50,7
2.3682763209473876,98,99,50,1
1.7406712115792748,96,97,53,5
3.6737806237302717,98,98,46,7
5.3415825057668131,98,99,51,6
5.7761899045824645,100,100,54,4
2.9272757199178119,98,99,53,4
2.2750876406030311,100,101,50,6
0.0823512826859656,100,101,51,5
3.0393489358619918,100,101,59,7
1.8939411274174904,98,99,52,3
1.6984285500485474,104,105,52,0
3.7978837594518606,98,99,54,7
0.0126498537040034,96,97,49,3
3.3327115981829616,96,97,45,3
4.0552542208401361,94,94,43,0
3.6372001928801989,100,101,48,0
5.0158606208817478,98,98,47,6
4.0303062154051581,92,93,51,3
0.2958602990914511,98,99,52,3
5.7130259152039544,98,99,53,0
2.7624030150076706,98,98,51,0
4.5603175507993372,98,99,44,7
0.6924629245407184,96,96,47,7
0.4092960019580082,96,97,49,7
5.1704688446528566,98,99,57,0
5.6128906324659438,100,101,51,3
5.3171368846961000,98,99,52,1
5.6520614865160637,94,95,48,3
3.6864405963547942,96,97,52,6
4.2248273128528693,98,99,54,7
5.5769693649251817,100,101,40,2
5.0709180268532537,98,99,49,0
1.7542560125594564,98,99,56,1
3.4610210057102360,98,99,57,2
4.1550509942801623,100,101,51,1
2.0493475225549265,100,101,50,4
2.2768249554327489,98,98,54,3
0.9899328889877349,94,95,57,6
3.1426924569035930,94,94,46,3
5.9516539000473188,96,97,50,4
4.1018099635604042,96,96,58,2
0.0786251250624747,100,100,43,7
2.7550882583272056,98,99,44,3
0.4498602514988435,100,100,47,3
6.0307793482866732,98,98,49,2
2.3964203868809957,100,101,55,1
0.6931708940254369,98,98,46,3
3.8943677924939273,98,99,51,4
4.4963586019216226,98,98,54,5
2.5619731134029888,96,96,54,2
2.5218930508905029,98,99,51,6
2.2216090002249911,100,100,46,6
1.7049582317025187,96,97,46,4
2.5500711033404060,98,99,54,1
5.7431067860935965,98,99,58,1
5.5037054640819276,96,97,49,1
0.5097215549827440,96,96,47,5
2.5895955649481759,98,98,51,2
4.3783865082691493,96,97,52,2
2.3650245455261780,100,101,43,7
2.4213413860450244,98,99,39,4
0.8461739399502690,100,101,45,5
5.9644111195332705,96,96,50,6
3.0091702965001188,98,99,48,3
0.2726065697604564,98,99,48,7
0.6604408442996285,100,100,54,2
5.3590552783528933,102,103,53,4
3.5437872681532574,100,101,41,1
6.1985545559723620,98,98,49,2
1.5363211874070852,92,93,48,4
0.0222780688460251,98,98,53,0
1.7857360000729769,94,95,51,4
5.7331058137771072,98,98,42,5
6.0598863820565256,100,101,49,7
2.7327439591620033,98,98,60,7
5.6546615130985298,98,98,55,6
4.2021406308115665,100,101,49,3
4.8670900415827072,98,99,44,5
3.8531714872016627,98,99,52,5
4.3785290533245735,98,99,56,1
0.5772347665792741,98,98,57,2
0.8360875663428616,96,97,47,7
3.8335358450617711,96,96,49,3
4.3205018817361882,98,99,53,0
3.3878643442028911,96,96,46,0
4.3638039172328726,98,98,47,4
5.6220674536242470,98,99,49,4
3.9313367244905923,98,99,57,0
5.3966914078821340,98,99,55,2
1.8320784384501518,100,101,53,1
0.6695923893780972,98,99,58,1
5.0817001614030310,98,98,43,4
5.4201827056971581,96,97,52,6
5.2087157064452114,98,99,53,0
2.6637319141834324,94,94,41,6
3.9399991230557534,98,99,52,3
0.5624940107164714,98,99,48,1
5.1834837187278984,100,100,57,7
5.6421688230377329,94,95,51,6
3.8120294647226971,96,97,50,4
2.5140930669777606,98,99,49,0
1.2059935530635590,96,96,39,5
0.3438497126259358,96,97,50,6
2.1889528250743870,96,97,50,4
6.1492395220690144,96,97,48,0
3.0618487246009658,100,101,53,7
0.2448637898968787,100,100,49,3
2.3850808359892093,96,97,51,3
1.7920467411147185,98,99,48,7
0.9157334784837186,94,95,43,6
6.1279159342536982,98,98,47,2
5.0674898897788916,94,95,47,6
3.5131543524889506,96,97,40,0
2.4400124308335607,98,99,45,6
1.3060850709567855,98,98,50,3
6.0562307233999286,100,101,57,1
0.6207871449821801,98,99,47,4
5.8428316120702046,98,99,54,5
4.9507720947589169,98,98,42,7
0.8552469494768824,98,99,57,6
1.7107713949486094,100,100,45,7
2.4418963336291264,100,101,52,4
3.0136497664091180,98,99,58,7
2.2944250388359917,98,99,52,5
5.2933566743826921,98,99,46,3
3.1145334338379085,96,97,50,4
4.7420653482093540,98,99,51,2
3.9536562259205543,100,101,47,3
2.1531221300220711,98,99,59,4
1.7069443930159525,98,99,64,5
0.0856698574784075,100,101,49,5
4.9354279724542227,94,95,48,7
4.8263350152444051,100,100,60,6
3.2906255091174565,100,100,51,1
5.1520071870405744,98,98,58,5
4.0055566234331312,98,98,57,2
2.4151141778754224,98,98,49,0
4.9095373499282866,96,97,52,0
3.6204877288817534,100,101,44,4
1.5766026148041012,102,102,51,4
5.8418133240137218,100,100,51,5
5.6902887222096101,94,94,55,6
2.6110908508544468,100,101,60,0
2.1944101421160371,96,97,52,4
4.0617539297500116,98,98,51,0
4.8373932151561885,96,96,53,1
5.9190368727589844,100,100,50,6
5.2766915037253534,98,99,57,6
3.2292051044509811,98,99,52,1
4.5013541218501336,94,94,38,1
1.9880439353450294,98,99,50,5
2.2495286591498198,98,99,61,4
5.2895844842418738,102,102,52,5
3.3782695876090822,96,97,50,0
2.0213230204528116,90,90,48,5
4.9268726010129660,98,98,57,2
0.6478171187206956,94,94,51,4
2.6561698210998239,98,99,38,7
5.9631283806993194,100,101,48,2
2.4725897213501100,98,99,49,6
1.7977229713559917,98,99,47,4
3.2582180446399582,100,100,58,0
2.0575177159613198,96,97,45,3
3.2966206928241015,96,97,52,6
2.2959953560523148,100,101,50,0
1.0222088022793598,100,100,53,7
4.2650190147835119,100,100,52,6
0.4911697930169766,100,100,58,2
4.0978318374497782,98,99,56,3
2.9171625787277735,100,100,57,1
0.0994634149298178,100,101,40,6
5.2396480674349384,92,93,44,2
5.2719946344417732,96,97,49,5
3.3362028806851178,98,99,48,5
1.9415845109468399,96,97,50,6
0.0624891048467876,98,99,60,7
1.3780549855406747,92,92,42,4
1.0095189885538034,98,99,52,1
5.4493981650945154,98,99,59,6
5.3169291827272005,98,99,42,7
3.1987186625296764,98,99,48,7
2.0987700918522627,96,97,56,4
3.8934935076304549,100,101,43,7
0.7616656383353758,98,98,52,3
2.7303632948156360,96,96,44,2
5.9594978552860027,98,98,50,7
1.6685050693751089,100,101,52,2
2.5053719607733229,98,98,58,7
5.9235046750566438,100,101,43,7
4.1637381554570583,100,101,54,4
3.1401861528987132,96,96,52,6
3.7279132264985124,98,98,53,0
2.7475412710769924,98,99,52,7
4.8007186540791569,100,101,57,1
3.6253840909665849,100,101,49,3
2.7709407396006220,96,97,51,3
1.4344154649217344,98,99,48,1
3.4665944829440600,98,99,50,3
4.3517132404733356,100,101,53,1
5.8885338124389275,100,101,46,6
2.3488469442597930,96,97,45,3
5.5415928194190158,100,100,45,3
2.1741158686889226,98,98,52,7
5.8009816802411835,96,97,44,2
2.5200730025081111,96,96,51,1
2.6774971052590169,96,96,48,2
5.5027294478088598,96,97,57,1
2.9332142857142904,92,93,55,5
0.9000674646307794,100,100,49,1
4.6960976922085287,98,99,44,3
1.0357436914487999,98,98,46,1
4.0686573006732347,100,100,44,6
4.7120262865198779,98,98,50,5
1.3837118613249233,96,97,42,0
0.3060230331658772,98,99,43,4
3.1409713890109434,98,99,55,4
4.8259615431637570,98,99,50,7
3.7989645881004597,100,100,59,1
5.9807723321374429,98,99,47,2
3.2830861131591829,98,99,53,6
3.8075714931309164,98,98,57,2
3.1930512790901791,94,95,54,3
0.6302999949584288,100,101,51,7
0.7662030864830348,98,98,54,1
4.0658791950215862,98,99,52,1
3.1356578935719854,100,100,53,5
4.8273081276893288,96,96,47,7
2.6819136458652206,98,99,59,6
2.3153634209039078,96,96,54,6
1.5684042069706037,100,101,49,7
1.2391839760277419,98,99,52,1
1.7213972923321581,98,99,54,5
3.0772632125440276,96,97,56,4
5.9354966760332086,94,94,48,1
4.8426503890013990,96,97,55,7
1.5931776569410789,100,101,52,2
6.1101677545679971,100,101,50,4
3.3685940818761719,94,95,49,2
0.2407778546623380,98,99,54,5
0.8414261723508438,100,101,57,5
2.0373340913413847,100,101,50,2
3.4080391883677863,98,98,48,7
2.4330725135598472,102,103,47,2
1.8565680357205034,96,96,50,2
6.0772829378705220,100,101,54,4
2.6712794196929281,96,97,50,6
2.2379474454780008,98,99,53,4
1.5086454504907889,90,91,52,5
1.4932318764938368,98,99,56,5
3.3869453515104069,96,97,57,5
0.0925059648890133,98,99,48,5
3.3766636026700021,98,98,55,6
5.6345316688408875,94,95,48,5
6.1463764231704845,98,98,48,7
2.3253900891228265,94,95,39,6
1.1512778415366247,96,96,45,5
2.3100810563082845,98,99,46,5
3.2803858170925255,96,97,46,0
4.2405553911651896,98,98,52,7
1.6812439037815243,96,97,45,3
4.7408271459317222,96,96,45,7
2.3876690151788225,98,99,51,6
2.9853566207017663,98,99,57,2
2.6300369074072627,100,101,49,5
0.1072575087870348,90,91,47,6
5.9786803883698409,94,94,48,7
1.3664330502739370,98,99,51,4
6.1161112204789294,102,103,58,1
3.0865718153336750,98,99,59,2
5.3035976605388004,98,98,46,5
0.1783700120241606,100,100,53,5
1.5835701673372482,100,100,45,3
4.9039441408577282,98,99,49,0
0.9638093168603533,100,100,60,2
1.1880161359151407,98,98,48,3
1.6510025181881114,94,94,45,6
5.1045625555304355,96,96,48,4
3.0980325681793017,98,99,59,4
1.4186118317481495,100,101,50,0
5.3193493684195801,98,98,48,1
1.4449832649573870,98,99,53,0
2.3298597935081973,98,98,52,1
2.1823014985869120,94,94,49,6
0.5031126285374538,98,98,43,4
0.4628934647451645,96,96,44,4
1.1806209315600931,100,100,50,2
3.2387211374592773,98,99,45,0
4.5038451925700347,98,99,46,3
3.5672295958787781,100,101,52,6
1.1146188755786599,98,99,53,0
3.0526132146710649,100,100,60,4
0.8622837058024115,100,100,55,1
0.4289004392849996,98,99,56,5
1.2061418004790461,90,90,49,4
0.4120407200355825,102,103,45,0
6.0862197511596339,100,100,60,2
5.2385725553759270,96,97,47,7
1.3970214670540833,100,101,53,3
3.8788066280934848,100,101,52,2
2.5468206183593214,98,99,53,0
0.2355911792720898,98,98,49,0
3.0494480213953286,96,97,50,4
0.5777619587149164,100,100,50,2
3.5880147909150959,98,99,49,2
0.0676662544017010,100,101,60,0
5.1625788002530033,96,96,47,5
2.8216900857777563,96,96,57,3
0.7811344226001998,94,95,56,5
4.2236114187489813,98,99,47,2
5.1038212581306981,102,103,58,7
0.1563442066832577,94,94,46,7
5.5950983963742926,96,97,42,4
1.7114278471140487,96,97,45,3
5.9056048086453208,98,98,51,6
1.6342167852592848,98,99,52,3
5.4762245528713134,100,101,61,5
1.6957787783333538,100,101,52,6
5.3196217826063465,102,103,57,6
5.0686319164255780,98,98,44,1
3.3857015933485206,96,96,50,2
4.5079906931528591,96,96,40,4
3.0962646606528406,96,96,59,5
1.7011700908347445,98,99,36,1
5.4004116589178599,98,99,41,6
0.7228784506434131,98,99,52,7
3.0888290356793680,98,98,59,2
2.2032631735091490,96,97,50,0
0.6565261437313268,100,101,43,1
0.9075712760059751,98,99,54,3
2.1361751377125011,98,98,45,6
5.9610270644763670,98,98,52,3
1.7060909507803568,94,95,49,0
2.5919447419427684,98,99,51,0
5.5619220662807169,100,101,49,1
5.1734611324208579,98,99,53,0
1.5464205792935550,98,98,49,6
3.6676154795980156,100,100,64,2
4.6546217490785491,98,98,54,5
3.8955822223818530,98,99,52,3
0.8967415887600400,100,101,57,1
0.2918066282878889,98,99,50,3
4.5895829923982312,98,99,52,7
0.2870292134467961,98,99,50,7
4.0672042041765906,94,94,57,2
0.5524939171968649,96,96,50,6
3.3423846017773733,94,95,50,3
2.8441467666478517,96,96,51,1
2.2426523920004930,98,99,56,7
5.9825098955461256,96,97,51,5
1.2959755627976306,96,97,56,0
0.2737919096522526,100,101,51,1
2.4780150828723273,96,97,47,1
1.9110971678957440,100,100,41,5
3.1638502465598970,98,99,45,0
3.8516241938926310,100,101,53,1
2.0816939014870277,100,101,55,1
1.1083682355575366,96,96,55,7
1.8499578400621968,94,94,52,1
0.2946250628134172,98,98,51,0
0.8841700674541737,98,99,53,2
0.7861836880135903,98,99,49,2
4.3792920118423924,98,99,46,1
4.5778550042631574,92,93,45,1
3.8604241186158417,92,93,48,4
1.8801297222763493,100,101,51,1
3.0626646569406772,98,99,48,1
2.5174475959872673,100,101,42,2
2.0706076459766249,96,97,55,7
5.2292953223618337,98,99,56,3
3.5199901528593038,100,101,54,2
0.5791830333049083,98,99,46,7
2.3704717199950927,96,97,54,4
0.3229139958324573,98,98,53,0
5.2027989998876727,96,97,44,4
0.8872563102419282,100,100,50,4
1.5514309447959271,100,101,61,1
4.9342785715848096,96,97,58,4
2.9132558037442933,100,101,54,4
6.2710553047214317,100,100,55,1
3.5690921138969141,96,96,53,3
5.3005689026795180,100,101,49,7
4.1082038343915661,100,101,48,2
0.6283740911394194,100,101,47,5
1.8870111885413461,100,101,52,6
1.4296400926865502,100,100,53,3
3.4844813850788618,98,99,46,3
4.9640267579202222,98,99,56,5
0.0722848078709497,98,99,52,7
5.0116560764989249,100,101,58,6
4.3442963190154531,100,100,56,0
4.1713811698827232,100,101,53,1
3.9360132301198738,100,101,44,2
2.9360942541234651,96,96,50,4
1.4394264864497535,98,99,43,0
4.2783058492271540,96,97,50,4
0.1740492314693611,98,99,52,5
1.4986128253657003,100,101,49,3
1.3498486576861746,98,99,54,1
3.1595857704691968,98,98,50,5
5.0105094291520960,102,102,53,6
3.6599828268959311,100,101,59,7
0.3165213226481823,94,95,49,0
4.0880066530934416,98,99,39,0
3.2558546996132600,96,96,56,6
3.7951725828225595,98,99,50,7
1.7869586445348768,96,97,46,2
2.3603864573375666,98,98,52,5
3.5627601964058595,98,99,52,3
2.3275334170480941,96,97,48,0
1.3080779649305794,96,96,49,1
0.2675737965933954,96,97,53,5
3.2603024847900937,100,101,49,5
4.5281307088015961,98,99,56,5
4.8355084571789551,98,99,42,5
4.4888606390871422,94,94,42,1
2.1308481509701660,98,99,56,1
3.7542141246193714,98,98,41,2
4.5460931172415693,98,98,50,5
4.5473601972028943,100,100,58,4
0.1521714486965989,94,95,49,4
4.1226424703795672,96,96,45,5
1.8583285898557604,96,97,52,0
2.4203563088810500,98,99,49,0
4.9567084711232967,96,96,55,7
4.5871526226591328,98,98,52,5
0.4551224018292631,100,101,58,4
0.1389146268574622,96,96,55,3
5.1698892246916603,98,99,45,2
2.1001077270566633,96,96,46,2
0.2253019657985224,96,97,54,2
1.1920636781751230,100,101,54,2
5.9814600869607126,98,98,43,4
3.9912732701064484,96,96,44,4
4.7789036416333248,96,96,44,0
1.9244138482636646,100,101,50,6
1.9167225826041587,94,94,45,6
4.1477201328802078,94,94,42,1
2.1519826171374530,96,97,51,3
2.7734567638921055,96,96,45,7
0.8134179087925860,98,98,60,1
2.1860314789341029,96,97,51,7
4.7656124890547806,98,99,60,3
4.5573940428862718,100,100,52,2
0.9987451476047758,100,100,63,5
3.6457685134265430,96,97,52,2
5.5335207690254711,98,98,44,5
0.0587806798963799,98,99,51,0
0.6798493304334211,96,97,49,7
3.8250112126967681,100,101,47,7
3.1908235251230992,94,94,52,5
3.1085668112447808,100,100,46,2
2.7530363869239980,96,96,48,4
4.3570499724681362,98,99,49,4
5.9472921895269932,98,99,55,2
5.2421783414515204,98,98,48,7
1.9369389927031164,98,99,49,0
4.8641491107080022,98,99,56,7
5.8826814075398381,96,97,44,2
5.6233458420935838,98,99,44,7
3.0956497422306390,98,98,47,2
5.3832386587723429,96,97,44,4
5.9938635108148253,102,103,46,5
3.5707832518654894,100,101,52,4
3.7349985278409799,102,102,50,3
4.1099112576969512,98,99,52,3
5.1806211171846952,98,98,47,0
0.2684432774361329,98,99,54,5
5.6311090730537678,98,99,48,5
5.6452752478449035,100,101,51,3
4.0677132453242573,100,101,47,5
6.2134829926750967,98,99,54,7
4.1313047019297615,92,92,51,7
4.9653436036779386,98,99,50,5
2.4267972136612284,98,99,52,5
3.8204944017645412,100,101,51,5
2.0246842817944013,98,99,42,1
5.8869067805654787,98,98,46,1
4.5472165282509440,92,93,43,7
2.6286401639624835,96,96,51,5
2.7728383598092163,100,100,52,6
2.9268742169698410,96,96,44,0
2.2359732346832182,100,100,55,3
1.8600506819756890,98,99,53,4
0.3884140124445303,98,99,57,0
1.7862697151420786,94,94,44,7
5.5217558549514552,98,98,55,0
2.4172997273336345,100,101,59,5
2.4166596050954419,98,98,47,0
2.7042500948754400,100,101,41,5
4.9305907215237905,98,98,53,4
3.3025961911833019,100,101,44,2
2.1909816237797526,96,97,62,6
0.4075781851025127,94,94,55,6
5.0678598073606347,96,97,42,0
4.6787271712922678,100,101,53,1
5.3987177471663053,98,99,55,2
5.6329104967952217,98,99,44,3
2.9409294681289766,98,98,54,3
5.3309576785913322,100,101,48,2
3.2126837430287605,100,101,51,1
4.4070741285952044,98,98,58,5
2.1213334265379564,96,97,43,3
2.7762974832208887,98,99,50,7
5.2094956825146932,94,95,44,3
3.0085858457746872,94,95,58,3
3.9307189789088195,96,97,51,1
0.8540782598072754,96,97,45,3
1.1707128301616532,100,100,55,7
0.3031161917893693,94,94,47,6
4.4620533672589326,98,98,51,2
4.4580453595737373,96,96,49,7
4.2810538621046419,100,100,47,1
4.2627690077539420,98,99,48,7
1.7144717006229409,98,99,57,0
2.7153364231745387,100,100,61,3
1.8743826780561774,104,105,50,0
0.5001920867585120,98,99,50,1
5.1910022788993517,104,105,49,7
3.8925824627375443,98,98,43,2
0.3227619541587965,98,99,47,0
2.7729834061442031,92,93,48,4
0.2616592022777885,98,98,44,7
0.7398603673442926,98,99,48,1
0.1641362194276629,96,97,35,3
5.7346943674916693,98,99,59,6
4.5905312135688927,98,99,48,7
4.4395822909203364,98,99,50,1
1.7008738295000672,98,99,54,5
2.3999400025366544,100,101,58,4
0.4606082350883564,98,99,48,5
4.4003973923752238,96,97,45,3
0.0722806448836021,100,101,53,7
5.8953820803646151,100,101,46,6
5.1584332789749512,98,99,45,6
4.8902727974105238,98,99,53,2
4.8338638470946798,100,101,59,5
1.0821915142879943,100,100,52,2
3.6052776793246410,104,105,60,6
1.8621123261082986,98,99,55,2
0.4558879551219798,98,99,57,0
3.8002207277758133,100,101,54,6
4.4649549258167500,96,97,51,5
1.2972442816392351,98,99,56,1
0.9199522982438217,96,96,52,6
6.1366211757237323,100,100,55,5
4.4370813765166544,96,97,50,2
0.1094777146570369,100,100,58,6
5.0741195559981653,94,95,46,3
5.0612906591900790,98,99,45,2
1.0803506345312146,98,99,59,0
0.9956715680413210,98,98,58,5
3.3369630669747607,96,96,51,3
5.4598546450143077,96,97,60,4
4.6904964251672085,98,99,57,4
5.7266071097670554,100,100,59,1
1.0633054477517405,98,99,52,1
4.9109468929224969,98,99,49,6
3.0246620394859076,100,100,52,4
1.6203674683634750,98,99,49,2
4.3500687002988689,96,97,53,3
0.9139587269743811,96,97,45,3
6.1042176574282339,100,101,54,0
5.6493298015643143,94,95,53,4
0.0410067579416110,98,98,45,2
3.5811629895456081,94,95,51,2
1.2270081884073478,100,101,63,3
3.5228738135873634,100,100,54,2
4.8114847497447704,100,101,57,7
2.3358816226765460,100,101,55,1
1.8330738959054282,100,100,46,6
3.3511027509876277,100,101,49,1
3.1482512790055908,94,94,57,4
1.3734784744232287,100,101,57,5
3.6478778860707268,96,97,50,0
4.5733791102544057,98,99,48,7
2.6712647441385911,96,97,56,0
1.4583243580608025,100,101,53,7
3.3022327923298698,96,96,46,0
6.2421625725824708,98,99,48,7
1.4975110160760192,96,97,53,1
2.8160760878590372,94,95,50,7
1.5019673167533629,98,99,48,1
0.1696458262893764,94,95,47,0
4.5995033171366630,100,101,58,6
3.5805779220234557,98,98,50,7
2.0717709677522200,100,101,52,4
0.7764662429866418,98,99,43,2
1.0913527106913827,98,98,51,0
5.7225150114662080,100,101,54,4
4.7965954537808866,98,99,44,7
2.5089145977970118,98,99,51,4
1.3407228787918901,94,94,45,0
5.7203546016848463,98,99,50,3
6.0225034546430987,100,100,50,2
2.3163554964912398,96,97,57,1
2.9760216763090179,96,97,45,1
5.4628037765079887,98,98,44,7
3.5876877918853247,96,96,59,1
1.4231367849911241,100,101,46,4
3.9634134385275823,92,92,52,0
0.9493312765228803,98,99,45,6
3.0573003784911279,96,96,46,4
5.6776921823538462,96,97,56,6
0.9176837339199703,100,100,43,1
2.8341419245389194,96,96,44,6
5.4374201314390813,98,99,54,5
4.7264953747539273,96,97,44,2
4.1713120400759207,100,100,53,5
3.3461489431948701,94,94,51,0
1.1487023740823590,96,97,55,1
2.9893365522167379,96,97,50,6
6.1346905824432518,98,98,50,1
1.7115087920301302,98,99,51,0
3.8969581071082180,100,101,57,1
1.5847335566767367,98,99,45,2
1.2339554434377051,92,93,47,7
6.1255876507003775,98,99,49,0
3.6801783356937139,96,96,48,6
0.0055091703039720,102,103,56,5
1.0026299435548269,100,101,39,7
1.9337655234366162,96,97,52,0
0.9754777373206883,98,98,51,6
5.7386769083034954,94,95,56,5
1.9087939141005612,98,99,53,6
3.6181138729688431,90,91,41,6
4.0861200715430304,98,99,51,4
5.4079684713185481,98,99,47,4
5.7119837293736726,98,99,53,0
0.7187317638972496,96,97,53,7
5.2369359441129921,94,94,43,2
6.0350129692089336,98,98,54,1
0.5342018662871307,98,99,53,4
1.3138585329592882,96,97,48,4
5.5400869851260515,96,97,53,3
5.9143156763306912,98,98,49,2
5.8352762358909018,100,101,59,7
5.5681679259672618,98,99,49,2
1.4532130220027724,94,95,48,1
6.2087406714464750,98,98,45,4
4.2875079548151893,92,93,43,7
4.0650113118622855,98,98,50,5
4.6197601597149136,94,95,55,0
0.7218665925977631,98,99,49,0
3.6665108318979271,98,98,54,3
3.8244360715411623,92,93,49,1
0.7997751504428329,94,95,47,4
1.9597521895354653,98,98,51,2
5.8724917834376580,98,98,40,7
5.3025629871529940,100,101,55,5
2.3351875437182947,96,97,61,5
3.4643401660893920,98,99,49,0
4.5783992139790959,96,97,55,1
1.0843162127266803,98,98,46,1
4.7907657218296746,100,100,44,2
2.8154507399836688,96,96,55,7
4.7237055553820264,100,101,45,1
2.6155325266078324,96,96,42,0
2.8350895606123800,98,99,54,7
3.9813410439732615,100,101,51,7
1.7747460753757860,98,99,47,4
1.4645466086863050,98,99,54,1
5.5086388141563569,96,97,52,2
1.8389519724385006,98,99,50,1
3.7265167386314495,100,101,63,3
3.3192319200097038,98,98,53,0
4.8619650442878433,98,99,45,2
3.3235329926709571,100,101,49,3
6.0644288227777770,100,100,56,2
1.6456745712606511,98,99,47,4
4.9363459779412873,98,98,47,6
0.8811044994667071,98,98,49,0
0.6298548701197720,96,97,55,3
0.0440890165256556,98,99,52,3
2.1708535170977719,98,99,59,6
3.7115586037851842,100,101,47,5
4.8542558981024966,98,99,59,2
0.5111135968179934,98,98,53,4
6.0648917623272416,96,97,53,7
2.2463942078150967,98,99,52,7
5.6329038749203466,96,96,54,2
3.6175678644537710,98,99,55,2
5.1524329513835614,98,98,44,7
1.2481499832209213,98,99,47,4
3.2882411649778298,98,99,48,1
3.5471812962799052,96,96,48,4
4.0820136882714975,96,96,50,2
5.2282195084661813,98,98,58,5
1.6720205797918442,98,98,61,0
4.7980998575270011,98,99,45,6
4.5683271936517791,98,99,52,1
2.1824205610253196,96,97,41,7
1.1032162758538668,98,99,61,0
5.1109758394608056,98,99,56,5
1.0766787546600567,100,101,50,2
1.6881793842993529,98,99,46,3
5.3577669259799041,98,99,51,0
0.5402509674786815,98,99,62,3
3.3139048573367904,100,101,63,7
1.4019140342924143,96,96,42,2
1.3987353049134512,98,99,53,4
3.8968797644336699,98,99,52,5
2.7589957309414932,96,96,42,4
2.3068511771551337,98,99,61,2
1.0648736838922128,94,95,43,2
5.2582599810426291,98,99,41,2
1.3820547040318689,98,98,47,6
2.6066196427521842,96,97,54,4
5.6238004561640453,98,98,50,1
0.7043106745801500,98,98,54,3
0.2814838929574157,98,99,42,3
1.8294837754826034,96,97,39,1
5.3926613168012700,100,100,53,3
0.4601979722496244,96,97,61,7
0.7241807870628671,98,99,56,3
5.0189171479411776,98,99,45,6
1.0020184042805889,98,99,53,0
3.7894563941652293,98,98,48,1
1.7647051398409634,98,99,55,2
6.0374398641176805,98,98,57,2
2.6762807083040236,98,98,40,3
6.0869643030985463,100,101,50,4
4.9194575056026455,98,99,49,0
1.0886409512464146,96,97,56,0
5.5867449360604624,98,99,60,3
4.5501267914539456,98,99,53,4
5.3723795383533490,96,96,50,6
0.5062988222641129,98,99,59,4
3.6898396681895056,98,98,53,6
0.1650531557386325,96,97,48,2
2.8911571704095498,98,99,54,3
0.4569433013881875,98,99,45,2
1.9474654488420708,98,98,44,3
4.5254316887600234,96,96,53,1
3.9717082333806113,100,100,55,1
5.8128205485618221,98,99,53,2
3.4930134069247503,96,96,48,0
5.3401963507490988,96,97,52,2
1.0698651826152257,94,95,43,6
5.4735833258004725,94,94,51,4
5.0913461169748615,100,100,49,7
2.9151295131195099,100,100,44,4
4.0333856022979315,98,99,51,0
2.1143151115740286,100,101,54,4
6.1099443303080454,96,96,50,2
5.4541584723299810,98,98,53,6
5.0556030953622777,96,97,43,5
5.7707676114081359,100,100,57,7
0.7935286886368357,92,93,51,3
5.5235537379982347,100,100,48,2
4.1332376806370856,98,98,54,3
4.0510834340779356,100,100,44,4
5.2870140495994766,100,101,51,5
2.3111532642384507,96,97,51,5
5.3417121396691920,100,100,50,2
4.9557439545411013,98,98,48,3
5.3506652035176057,94,94,41,4
5.5912317699801370,100,101,50,6
5.6426383968980147,96,97,46,2
0.1527322592911808,100,101,50,6
3.8137216620054493,98,99,59,2
2.6245528313354418,96,97,47,5
1.5662706839244658,98,99,40,1
4.3390668968291308,98,99,52,5
0.9067201593101548,98,99,53,6
3.9564649023148348,98,98,54,7
4.9663583267201892,98,99,53,6
1.5772975846019106,98,99,55,4
0.9929159999271130,98,99,50,5
5.3815203114541230,98,98,50,1
5.0969666035895438,102,103,58,1
4.5925933215587174,98,99,53,2
1.0722569100760990,98,99,49,6
0.2709617067711072,94,94,57,0
1.7899842385414226,104,104,60,4
0.0120155679377905,100,100,57,3
0.9654663502665299,100,101,48,4
2.4807944325972855,96,97,52,6
3.5172759175172317,98,99,54,1
3.0087234826021585,98,99,45,2
1.6177874805410748,100,101,42,0
3.6223001415183940,98,99,43,2
3.4057581008272662,94,95,51,2
2.9335951099973636,94,94,48,5
2.9744863942619575,96,97,49,5
0.9738834330736857,98,98,47,6
3.5230617314644723,94,95,49,4
4.2421032052057601,98,98,50,5
0.4195353911973018,96,97,48,0
5.0873843602640170,96,97,54,6
2.2046876571131189,98,98,46,5
5.5924361929888668,100,100,51,1
2.0034320315187824,98,98,54,1
0.8178293464891829,90,90,52,7
6.2737955697873913,98,98,54,5
5.6242361230580666,98,99,48,1
0.6521341451345957,96,97,37,3
1.8132540645988384,98,98,56,7
5.6842760240537977,100,100,50,6
3.1343361640400409,96,97,54,0
4.7980033112848099,98,98,46,1
2.4239110378942188,100,101,51,1
1.9941825526489296,100,100,47,3
1.7955496208199908,98,99,54,1
5.5304120619179313,100,101,53,3
2.6531428325528550,98,99,50,3
5.8662011186855301,92,93,52,4
5.4614315149149215,96,96,51,1
5.1479486160118642,94,95,57,2
0.1516563050538626,90,91,41,2
2.5639026053686762,98,98,46,5
3.4722418508556396,100,100,58,4
4.0932334537493409,96,97,59,5
5.0642520024612070,98,99,46,1
2.2750265108812369,96,96,52,4
4.2669944205218453,98,98,46,5
4.6610395536217162,96,97,51,5
2.2798002855263264,100,101,51,1
3.3647116170944398,98,99,47,0
3.5370217979901812,100,101,56,2
2.0704576922672544,98,99,51,2
0.4472471308273202,98,99,51,0
1.5732498157007808,98,99,52,3
2.5133295092870953,98,98,46,1
3.4993833383766271,100,101,51,5
4.1677819629969823,100,101,49,7
2.7920988814679411,100,100,53,1
4.5589164498422585,98,99,43,6
2.7389403036251450,98,98,48,1
2.4902583037894921,96,97,54,2
5.8848118018908684,98,99,56,7
0.9149418014881768,98,99,53,2
6.1704545219929701,96,97,44,2
4.2655193753092160,100,101,62,0
5.7268396470383625,96,97,53,1
5.6523369578712384,98,99,52,3
2.8797444492879283,98,99,47,0
2.5934043361525925,100,100,45,5
0.0011626031345739,98,98,48,7
0.1016759056270987,96,97,51,3
3.0114145442255227,98,99,52,3
3.7934844199368452,98,99,48,7
5.4364900630074624,98,98,47,4
0.9799725874077611,100,100,50,6
5.1545810329915502,100,101,48,0
1.3183413727966760,98,99,42,3
1.9706713319297113,100,101,52,6
3.4969001460663520,96,96,33,1
0.7450055849532027,94,94,48,5
2.6024522253897540,98,98,47,6
3.3720868649113021,98,98,60,3
5.6036293106600423,98,99,53,2
4.6367475468528880,100,101,48,2
0.6091611042108283,98,99,47,4
3.3870416767833786,98,99,50,7
2.2307262228037232,102,103,51,0
2.3302810066075037,100,101,56,4
4.4846242770667786,98,98,43,0
5.2256412002827393,92,93,55,1
5.6857417444066467,94,95,46,5
2.9944950794460192,98,99,51,2
5.2465097920422785,98,99,50,1
4.6002377361321152,98,99,45,6
6.2569766006688887,100,101,56,6
5.5541685564198549,98,98,50,7
0.1159076903969489,100,101,54,2
0.9760612804619858,96,97,61,3
4.6396895478628490,98,98,45,6
2.3080871218627292,100,101,45,7
0.1762278133286016,96,96,50,2
1.3266369371264752,100,100,52,0
0.5653819512240855,96,96,47,5
2.5037905835989549,96,97,48,4
1.2349461174948422,96,97,49,3
4.3976072114592029,94,95,53,6
3.9311550173541514,100,100,56,6
1.6921931419716285,98,99,51,0
4.4445903470631913,94,95,45,4
0.7504170346083009,98,98,50,7
1.8353416840085681,96,96,52,4
1.8198200780248930,94,95,51,6
2.3686211315472163,98,98,45,2
3.7997912133937954,98,99,64,3
4.4824857314965296,98,99,57,0
4.4376445374670892,98,98,53,6
3.1453148912793396,96,96,50,6
2.7229309333936942,100,101,55,3
0.6857183499253920,98,99,45,6
5.8782632725686579,98,99,54,1
5.5334197891818881,96,96,53,5
0.5661840158202589,98,98,47,2
3.2771268162610907,98,99,50,1
0.5889577440976702,96,96,41,3
0.4433742861900280,98,99,61,2
1.0739342703517392,96,96,49,1
4.8465131889968243,98,98,41,6
0.8001712038157892,96,96,48,6
3.5517556335083005,98,98,52,5
3.8281290444541987,98,99,45,2
5.2741627613706283,96,97,47,7
3.1199805469488675,96,96,54,2
3.8794260409245256,98,99,51,6
3.0741452670644080,98,98,49,0
4.0095189013862411,100,101,51,1
0.9843594985381305,96,96,53,3
5.8777267582913639,98,99,48,3
0.7327807409540361,98,98,55,4
3.6571220171367846,98,98,54,3
6.1924575630218328,100,101,48,0
2.4002711598663908,98,98,45,0
5.3760947524252769,96,97,48,0
2.1731134426486003,98,99,53,6
2.4822735376987453,98,99,43,4
3.9461363812138970,96,97,48,2
3.9261905786680722,98,99,49,2
5.6477159430467934,96,97,50,6
3.0265089495958639,98,99,51,4
1.6420031641932025,98,99,52,5
6.1510284633008352,96,96,51,5
4.7307166089624406,100,101,50,2
0.7768096602660632,98,99,50,5
5.6575025391290596,98,99,45,6
4.2395358735978217,100,101,56,6
4.6732140457980984,100,101,49,7
0.2642051245302920,98,98,56,5
2.0172365588762902,96,96,54,6
0.5671125432373496,100,101,53,1
4.4699042199071171,96,96,37,5
2.3628194945684307,96,96,49,7
2.7508189560539691,98,99,47,2
0.4124393296659288,98,99,57,6
1.5312064271438417,98,99,48,3
3.9596527951102507,96,97,48,0
1.6362365323311778,98,99,50,1
1.7087948781859208,98,98,47,0
4.0112115149387737,100,101,57,1
1.6827023110157051,98,99,57,2
3.2587395892301458,98,99,54,1
0.8193205348235950,96,97,57,5
3.8423182645340295,98,99,53,6
1.6978496692086216,98,98,52,1
0.3757243091893330,94,95,49,0
4.8129990404742111,100,101,54,4
1.6071283344123133,100,101,53,7
0.4663857417692641,100,101,51,7
1.7107903983326245,96,97,52,0
2.6464866447193058,98,99,44,1
5.2373638213776097,100,101,58,4
3.9516491107585670,100,100,61,5
4.1138016297229703,94,94,50,7
3.6105718353420069,96,97,53,7
5.6975067152437262,100,101,47,5
2.5393346934086924,100,101,63,5
6.0306035833983787,98,99,46,3
3.3362963125380967,96,97,47,5
3.3731806722092781,98,98,48,7
5.5784695183866049,98,99,49,4
2.4315567990122799,100,100,54,6
3.3494749760230076,96,97,58,0
1.1953047052744596,98,99,53,2
4.5876303473488438,96,96,53,1
2.9537658951066472,100,100,51,5
5.8353557081905629,100,101,48,2
5.1245714560757465,96,96,51,3
0.5282676238004620,100,101,51,1
1.3041562012855945,98,98,51,2
6.1579204065923054,98,99,54,1
1.6176625368637512,98,99,55,2
3.7479458909695289,98,99,56,5
5.2285516512453842,96,97,54,2
6.2417529510531073,94,95,58,5
5.1421584635875037,100,101,52,6
3.3825229538194028,98,98,55,6
1.1744701488613765,100,101,51,5
2.6733239493995402,100,100,52,4
5.5202945135152541,100,101,57,7
4.1577617051540532,96,97,59,5
1.6790778263897663,98,99,56,1
1.0240471925020116,100,101,49,7
5.9508224685331186,96,96,46,4
5.6922436792516935,94,95,46,7
1.8861137030989543,98,99,52,5
3.5662012357965489,98,99,53,4
1.0418036157006367,98,98,64,5
1.7267109703247669,100,101,46,0
5.0838608815191018,98,99,53,2
0.8412445270473159,98,99,50,5
3.8322167435942709,100,101,50,4
4.5539638006932703,98,99,48,1
4.7481555589446867,98,99,46,7
1.3178074582611652,94,95,49,2
2.1450082309336991,96,96,47,7
1.4583171743774153,98,99,47,4
0.0708209286854091,98,99,49,0
1.7884651360350763,98,99,51,2
1.0157073173738544,102,103,53,6
3.5353540990949663,98,98,54,3
4.4060204720877580,100,101,54,2
6.2480433607378423,98,99,47,6
3.3128629669567555,98,98,45,6
5.3056856510229613,98,99,51,0
3.9566962897982583,98,99,50,1
0.3705644216672940,96,97,53,3
4.7906408365033952,96,97,58,4
1.6314699001498847,100,100,64,2
3.8753499605651092,96,97,40,2
0.3165557983514213,96,97,48,2
4.3828300502250812,98,99,62,3
6.2195816641242025,98,99,48,5
4.8774097581720230,96,96,47,3
3.6741345286627847,102,103,60,5
1.1462236131495724,98,98,57,6
1.0257095331724155,100,100,48,2
0.4523472814637832,96,96,59,3
4.1398177825339753,98,99,51,6
4.5478655086468995,96,97,48,2
5.8736224057787254,94,94,51,2
5.0008835282053736,96,97,44,0
2.9697423171329151,100,101,52,2
4.3690326221455065,98,99,51,0
3.3716342165930953,98,99,54,5
4.5129352936383444,100,101,38,4
0.3998609672054009,96,97,52,6
0.0579521650964452,96,97,48,4
2.6651026010217511,98,99,56,5
0.2174220003324586,98,99,50,3
5.7966116806531041,100,101,51,1
3.1201238188109586,100,101,51,5
0.8397599797140587,98,99,53,6
5.7717650312619506,96,97,56,6
3.9342433786685111,96,97,52,0
5.0953508561864238,98,98,45,0
0.6779190471330310,92,93,52,4
1.2470368866448411,98,99,52,5
4.9763222343219624,98,99,53,4
4.2598706746212551,98,98,50,3
1.7856361877742857,98,99,47,4
4.0269024682668375,98,99,55,0
2.3029309403012332,98,98,59,4
5.9400615616143240,94,94,51,0
3.1617159571200513,96,97,45,3
4.7019980839490261,98,99,55,2
2.8550993573614964,98,99,47,6
2.6845884103147406,88,89,50,0
5.0776767110452701,98,99,48,1
3.2345692203636509,98,99,52,3
5.1914558286680199,98,99,48,3
0.3080782818405257,98,99,62,5
1.3006139449559062,96,97,45,5
3.4032242326933364,94,95,41,4
3.6908316898096087,96,97,56,4
2.0674555333601012,98,99,57,4
3.0243178675277944,94,94,58,1
4.8503646144877273,100,101,38,0
5.8591386820338043,104,105,65,5
0.5729314200297683,96,97,47,1
5.1805309508653261,98,99,52,5
2.2371270229074294,98,98,51,4
0.0602022843419768,100,101,56,2
6.0923018066710659,100,100,51,3
4.7778191098066287,98,99,53,2
0.3414094064074013,96,97,43,3
5.7510271465738141,96,97,42,6
1.2794705948648351,98,99,48,7
2.2350054644856545,98,99,40,1
2.6680103009767433,92,92,51,1
1.7182307873585994,98,99,48,5
4.3466469506560115,98,98,56,5
4.1127752668346096,98,99,56,7
3.2537021785406486,98,98,52,1
5.3682087699337524,90,91,48,7
4.4383019318413393,92,93,48,4
4.9304722489133423,98,98,53,6
4.8778242317261302,98,99,61,6
2.4956611198577097,100,101,44,4
1.3262796580653120,98,99,47,0
2.6546002150512495,100,101,55,3
4.7048300197374564,96,97,44,4
0.7052556983690083,100,101,47,1
2.5133548955571512,98,98,59,2
0.7988580982735852,98,99,54,1
1.1028637994042019,98,99,51,4
4.5149115529929551,98,99,48,7
2.5228337896756901,100,101,61,7
0.2897694803815914,96,96,45,7
3.8785463213634066,98,99,40,1
2.9177017631521891,100,101,50,6
0.8440462080776523,96,97,53,5
3.2652149492655349,98,99,48,5
0.8772399121138857,100,101,63,3
0.0533653680751126,98,99,47,6
3.6983701547540848,96,97,55,1
2.1399416902387673,100,101,51,7
2.0710654601001672,100,101,50,0
5.1940256663707327,98,98,53,2
3.8788077744669773,98,98,47,0
5.8236923413222437,98,99,56,5
4.3287390015790823,100,101,43,1
1.9217083993273134,98,99,50,1
4.0242257759416997,96,97,42,4
4.5660238483215156,96,97,51,1
4.4981068950043168,92,93,44,2
3.2023638211374412,92,93,43,7
1.5905327081815435,100,101,53,3
5.4758450608872344,98,99,50,5
4.5578885681975656,98,99,60,7
0.5496417836221699,98,98,53,4
2.3098096115427844,94,95,48,3
5.2155918331645337,96,97,51,3
5.9379707141069300,98,98,55,6
0.4692244696604678,98,99,52,3
0.5580767458461581,98,99,45,6
4.6623263150454575,100,101,50,2
0.2482429779797408,100,101,50,6
6.1118544189672903,96,97,50,4
3.7632540038511313,98,98,56,1
5.6523030633895521,96,97,52,0
0.9740372996570151,98,99,44,1
2.0475971046238768,100,101,46,6
1.0231879784095601,98,99,54,1
2.5479500759127438,98,98,41,2
2.8584715418630933,98,99,52,7
5.5072681484107306,98,99,42,3
2.0262372187686029,98,98,52,3
2.1382918456077991,96,96,43,7
2.8345225657472848,98,99,44,1
0.6560044375418769,98,99,58,1
4.9522854956851683,100,101,64,2
0.3246528717355791,98,98,49,4
1.1497037152051455,96,97,51,3
0.1822165043095403,100,101,49,7
5.5578761000309855,94,95,51,4
0.0060357978719014,94,95,53,4
3.8891822963181433,98,98,51,4
4.0575854254253549,98,99,52,7
6.1622434741054199,98,99,49,6
1.0666699793741936,98,99,46,5
3.8864886771077543,100,101,57,3
2.5294771465753136,96,97,52,6
0.3594909513741260,98,98,50,3
0.6543084711737851,100,100,46,2
4.7179002437831219,100,101,54,2
0.9230626888825699,96,97,46,4
2.6339319211427776,100,101,47,1
1.8394409171614632,102,102,53,2
3.9054227012188232,98,99,41,4
2.4941952483431828,92,93,51,1
0.2908212327515490,98,99,56,5
1.1300964520671637,100,101,50,4
0.1104018800795647,100,100,51,5
0.8467690029301326,98,98,47,2
1.6241547157977227,96,96,53,3
5.9314405781368933,98,98,58,1
2.3174150561208746,100,101,46,2
4.0435818398745278,100,100,55,7
4.1248438369198874,96,97,46,0
1.0835448483417758,96,96,55,5
4.1371802819769874,98,99,48,7
2.8280525544861255,96,96,49,5
3.6195532085501134,96,96,42,0
2.1331334772327897,98,99,57,6
5.4946108682087633,100,100,54,6
0.1067678994263777,96,96,49,5
4.1373116350333703,98,98,47,4
0.0540178000743150,98,99,48,3
4.2895356271580800,100,101,50,0
3.3150034424200316,100,101,48,0
5.6877761749639184,96,97,53,5
3.9593798017632609,96,96,42,4
3.6725600267363676,100,101,47,1
2.3424027079809400,98,99,53,2
4.1769121790976618,100,101,51,3
2.3063568762266011,98,99,50,1
6.2746059668401726,98,99,46,7
3.7867377109036409,98,99,36,3
3.1925066102422108,98,99,53,0
6.2578150091506037,98,99,48,5
0.1940280250697618,94,94,48,7
0.1470194543852872,100,101,50,0
3.9800991786032660,98,99,48,5
1.0514881252766797,100,101,57,7
0.4795159833460207,102,103,45,4
1.0240460787682979,100,101,43,5
5.9262596225059134,98,99,58,3
1.0445764947334837,100,100,43,1
0.2584126337671869,94,95,52,7
2.7040987504079901,96,97,55,1
3.6795288420162655,100,101,56,6
3.4659873000013128,100,101,51,1
5.2731574669928154,98,99,50,1
2.8140642871877550,100,101,49,7
4.0811179994255484,98,98,45,0
4.3975084547943100,96,97,49,7
0.1906657658822145,98,99,51,2
2.9798426061742114,98,99,54,3
6.2376008559637928,98,99,48,5
0.4341173705528138,96,96,50,0
1.1069038433450167,98,98,57,6
4.6010098724521455,96,96,50,6
4.1373484335035480,98,99,49,2
1.7712811912055262,100,101,54,4
2.5164549972676298,98,98,53,2
4.6731077578366049,100,101,55,5
0.7504813684062663,100,100,49,7
1.4512857274336055,92,93,49,3
5.8423378154951306,98,99,51,0
5.9767082975481465,100,101,51,1
5.2890742489559059,100,101,49,5
5.5159606005275306,96,97,42,6
3.1381760308361035,108,108,57,1
2.4598943048640973,96,97,50,6
4.7784601976835814,98,99,48,1
0.5442026985330229,98,99,50,7
4.4909650714828286,98,98,53,4
4.6181309032325899,98,99,43,2
2.5398135638154749,98,99,46,7
5.1204916953621122,96,96,45,1
2.9834175485195824,98,99,47,2
3.9953397951198353,96,97,53,3
5.9764566492629818,96,97,45,3
6.2627104793510098,98,99,52,5
2.6988066419839596,98,99,53,4
4.8950523399026187,98,99,58,5
2.7430380408887793,100,101,59,5
2.5524294681196888,98,98,55,0
0.9125279935855255,98,99,52,7
1.8592746428635940,96,97,49,5
3.1003459624763665,98,99,56,1
0.1252027219654851,96,96,52,4
1.8474441771297063,98,98,49,2
2.5334340097555681,96,97,55,7
3.4144725701406853,96,97,51,3
2.6953773574800413,102,102,59,6
3.9501349424240821,96,97,47,7
4.1643280403923777,98,98,46,5
2.3498095473617093,98,99,47,6
0.6268777786553424,98,98,49,6
5.6066149859821444,96,97,50,2
1.3546293333452770,98,99,53,6
4.7928471713170113,100,101,46,4
3.5084656180075027,96,96,41,3
4.3917318905213012,96,97,45,1
3.3177229440066798,96,96,43,3
4.6308299295709086,100,100,57,7
2.5382196747094627,96,97,50,4
3.1711831611237704,92,93,45,7
5.7848883548814873,100,101,47,7
1.7044656992152891,98,98,53,6
0.7258856120726640,100,101,50,6
2.6827181916766518,100,100,53,7
2.3606635126111621,98,98,55,4
3.7123369480776929,96,97,51,7
2.4243012088968285,96,96,51,1
0.3948177395078416,100,101,51,5
3.1068673204428348,100,101,58,4
5.3711731689858411,96,97,50,6
1.2492113680329624,98,99,58,7
6.2366792379574232,98,98,51,2
5.6403956541738429,100,100,57,1
3.7780477912483312,96,96,45,7
0.0143419042474381,98,98,53,2
1.1853366738548290,98,99,57,6
5.6449828852987922,98,98,56,5
4.6610736852399244,96,96,51,7
5.3212741673812847,100,101,58,2
0.5572752158755178,94,95,44,1
1.3228110878128179,96,97,59,5
4.5854816318333809,98,99,52,1
2.8467959106340182,98,98,53,6
2.3649795392979187,100,101,47,5
4.2295291640882962,96,97,52,0
4.2516328420294736,98,99,54,1
1.7909538916047341,100,101,52,6
2.3461671898868031,98,99,54,1
2.8778977362546092,96,97,51,3
2.5600042911928087,96,96,64,4
1.2788083907841130,98,98,52,7
2.2365119399135680,100,100,57,7
1.3616928097161958,98,98,60,1
1.7411866617143983,100,101,53,7
2.2729184326215570,94,95,46,3
4.5980085287820991,98,99,51,2
5.7491559917873190,94,95,55,2
5.8039527120540475,98,99,60,3
3.2547361605934451,98,99,52,7
1.0745593086300282,96,96,46,2
1.5309479684311551,100,101,54,6
2.2333282567490835,94,95,52,3
1.4649281434296897,98,98,54,3
0.0468220063853435,96,97,54,2
3.3192651548387735,96,97,60,6
3.9219809764825975,98,99,47,4
1.7420223826695149,98,99,41,6
5.4509525511868819,96,96,56,6
5.9733492833777406,98,99,52,1
1.8264373870972899,100,101,53,7
1.4582827388844171,102,103,56,5
4.0730805858851129,100,101,55,7
2.2565985575116283,98,99,47,2
2.9963734615255477,96,97,52,4
3.5189577778417420,94,95,43,0
5.0308497827179020,94,94,45,6
2.3409151240594932,96,97,58,0
4.1519282936894779,96,97,49,3
2.9079912028644883,94,94,41,2
1.0070965285505160,100,101,48,0
0.3822792615664821,98,99,45,0
4.2717372210791238,98,99,56,5
3.6241878303991037,96,96,48,4
3.0574297730456452,96,96,52,0
4.8428500715123581,100,101,60,6
1.5340875965199732,98,98,43,6
5.8193985911943278,94,95,49,0
5.7027530773862720,98,99,45,4
1.0231488967289510,98,99,50,5
1.3153323522594249,98,99,51,4
1.5337839144584153,94,94,44,7
3.3675858153837477,98,98,46,1
5.5306475694006068,98,99,54,1
4.7233306135786481,98,99,52,7
2.1990098578765780,100,101,55,3
5.4454596828028272,92,92,60,4
1.6115862737997009,98,99,58,5
1.2617210598593780,100,101,47,3
2.2281125247365181,96,97,50,6
4.3076341838650603,98,98,45,6
0.8472174482678275,100,100,47,7
0.4091136983453738,100,101,59,7
2.4272486248974108,100,100,51,5
5.4172509149392685,98,99,48,7
1.8004938769236287,98,99,54,7
1.1260111933677921,98,99,55,0
4.1644114089025299,100,101,58,0
4.6850164800036893,94,95,45,6
5.2586235502735192,98,98,58,1
0.1212609608565031,100,101,52,6
1.0995901955436642,98,98,57,4
2.5860121443979285,100,101,46,0
5.7203853225253312,94,94,52,1
0.7225134814716517,100,101,48,4
5.3484080694643366,98,99,53,4
2.9982879330493137,100,101,55,3
6.1027034796062329,98,98,45,0
3.3223868755929855,98,99,60,7
3.7973541460274607,98,99,53,6
0.7214368155979800,96,96,48,4
5.8854170255169267,98,99,50,1
4.4084673875823723,100,100,57,5
1.9697228393225683,98,99,51,0
1.5286240014425074,96,97,49,3
3.1317013982927735,100,101,51,5
1.2916558527966233,98,99,51,0
2.3218055501667370,96,97,54,6
5.7879379805173574,98,99,59,6
2.9277609617101010,100,101,65,7
4.3212425147605984,98,98,55,0
1.1637421048251855,94,94,52,1
4.9255542313410743,98,98,44,1
2.4014211113419215,96,97,47,3
5.8882854805082392,98,99,52,3
5.3880828921108810,96,96,49,1
4.6728321762617293,102,103,53,4
1.4246666606258700,102,103,51,4
5.2115386087980040,98,99,53,0
0.0648024000440346,100,101,46,2
1.7191440616296487,100,101,58,4
2.7737731216476731,100,101,53,3
2.9925164521814143,98,98,52,5
4.9528558549240360,98,98,49,2
4.9940425689240646,98,98,55,4
1.5830945389934299,98,98,54,3
4.6559975694394051,100,100,48,2
4.2872406543702990,98,99,54,3
0.9018203047322423,96,97,54,2
5.8133871206279322,100,101,54,4
5.4243444668802159,98,99,54,1
5.7929106949842373,98,99,56,7
4.9653512651532772,96,97,55,7
0.5945823119634809,94,95,45,0
3.7577293862337173,94,94,44,1
0.1010661581072936,98,99,46,3
5.7597421328064629,100,101,58,4
0.8642273483072489,96,97,48,4
3.7367127245481204,100,101,58,0
6.2481616406301779,100,101,57,1
1.1924502567620596,98,99,52,1
3.1944072554675618,100,100,51,1
0.5983150403993430,98,99,48,1
3.1348369370769267,96,96,49,3
5.2263625379256755,100,101,54,6
4.5528568558249845,100,100,46,6
5.4261998997317518,96,97,53,5
4.5118875138488601,100,101,49,7
5.2855581666911737,96,96,52,0
5.4852252010048028,96,97,56,4
5.6856284256101270,98,98,47,4
0.3974909990474970,98,99,56,3
5.8338672328775649,98,98,53,6
3.5839380240395280,96,97,54,0
6.1946135120694921,98,99,47,0
1.8483779580337780,98,99,60,1
0.7472358015146922,102,103,58,7
3.5520534505373695,98,98,49,2
5.6857029406180004,98,99,51,4
5.7897405288490971,98,98,54,3
2.1853338444500130,90,91,56,1
2.8723623706105355,100,101,59,3
0.6078715745796602,100,100,50,4
5.1980671673772401,100,101,55,1
4.8353684772250611,98,99,48,1
3.5913573967335561,100,101,57,5
2.3692224992179649,98,99,65,6
4.2923682951082185,98,99,48,1
4.4028731947138278,100,100,50,0
0.3070358563060298,98,98,56,1
1.4500788513505476,96,96,35,3
2.6029232877906421,98,99,48,3
2.3411353239130110,98,99,48,5
2.7319103817344739,98,99,54,5
3.4991207296410116,100,101,47,5
1.7629312165578965,94,95,55,2
3.4156399096363623,96,97,56,6
1.9038978155168018,98,99,63,6
4.8545456164683829,100,100,50,0
0.5258773650687484,98,99,64,3
1.6453539181069161,100,101,56,2
4.0036417570010405,98,98,62,3
4.2772293476443455,96,97,41,3
1.9487552492750992,100,100,49,7
0.5334131140727099,100,101,47,3
5.6489384915170904,96,97,39,5
6.0896613526614578,100,101,49,5
0.2548213711870544,96,97,42,0
5.6151138964605458,96,97,52,0
6.0107836991556605,98,98,54,3
4.7213767700045963,98,99,56,5
4.6774719677797769,100,101,47,3
3.6269908091491918,100,100,52,6
0.5942590585083519,100,100,49,5
1.8266149053095573,98,99,51,4
3.3842312322410337,100,100,48,6
0.6335307621470082,100,101,58,6
1.5151354314773291,98,98,50,5
2.5245972619284607,98,98,54,7
3.8005344117010766,100,100,59,7
3.5659194708103268,98,99,51,6
2.4220391290363343,100,101,60,0
4.1000328539690214,98,99,52,5
3.3353914197308208,100,101,43,1
4.8359582758686299,98,99,49,0
4.6694501415706853,96,96,53,5
5.5841541923419973,98,98,52,7
2.9053372001735949,100,101,53,1
4.1700380137795063,100,101,60,6
6.2696150510359123,98,98,52,5
6.1355367175157918,98,99,43,2
4.7889949950453969,94,94,55,6
5.5370598900575878,98,99,49,0
0.5722528153857155,96,96,46,4
5.0673144943675572,98,99,65,2
1.1265294799026819,96,96,54,2
5.8030241533144551,100,101,52,6
3.1175889609965313,100,100,56,2
3.0822753625287409,96,97,52,0
1.9795849153560321,98,99,50,1
3.5363585880799073,96,97,51,5
1.1202353257265305,100,101,54,2
4.3225837051656368,94,94,49,6
2.0259151073437032,98,98,56,5
4.3915519237712157,96,96,46,2
6.0710321502693558,100,101,50,6
4.1973325748732426,98,98,42,7
2.5884602377894050,98,98,61,2
1.5569660208488765,100,101,52,0
6.0039181076094223,100,101,46,2
0.3131942739985251,98,98,43,0
1.7049136635824942,96,97,43,1
2.8786477644768951,100,100,50,2
1.6133727717307960,98,99,55,4
3.7991813487171426,98,98,51,4
4.4358184526837601,94,95,49,0
2.6371677883855384,100,101,51,5
2.7514656560814941,94,95,47,4
1.6242488755685200,100,100,49,7
2.5970598461946377,100,101,48,6
5.2120655733585100,98,98,45,0
6.1956046182434106,98,99,48,5
1.9712089107191937,98,99,49,0
2.8327434183268814,98,99,53,2
0.7614283488880882,98,99,56,3
3.2760804428433645,100,101,64,6
5.8431296754563844,100,100,45,7
4.5453613619667435,98,99,45,4
5.0740584592843891,100,100,56,6
5.6547117598029892,100,101,44,2
1.0927338934730173,98,99,55,2
2.0117790783986615,100,100,44,6
4.3241013728703077,92,93,52,2
0.7572919930841543,96,97,45,7
4.0221055109681672,98,98,49,2
6.2209550867674430,96,96,53,5
5.1377943191427651,100,101,49,3
2.7487206069299717,94,95,49,2
3.5414431507720456,98,99,44,1
5.0678025526577377,98,99,56,5
1.3092546520264288,98,98,44,1
2.0008274602504108,100,101,45,3
2.1472807608779627,98,99,50,3
4.1423260031427063,92,93,45,3
5.1824487516790461,94,94,42,7
6.1121972384658880,98,99,54,1
0.8949289167805544,98,99,45,6
0.0682267016167354,100,101,51,3
4.2512608199846902,100,101,39,5
3.7864913547912669,98,99,48,5
0.2573955967194295,96,97,50,4
5.9617368206862231,100,101,48,4
5.2099601304008187,96,97,46,2
3.9752103203680260,100,100,49,7
5.2189623660300812,98,99,58,3
6.2513977787932653,94,95,54,3
3.9409863088680814,100,101,64,0
4.2210826631288221,96,97,59,7
2.3786947562094918,94,95,55,4
3.9812085588052932,100,101,58,2
0.7231302499002954,100,101,60,4
3.9006978174382496,98,99,50,1
4.2598859026377340,94,95,45,6
1.6664371812416312,98,98,45,2
5.7725062844912527,98,99,46,5
3.7461122538628508,98,99,65,0
3.4525852569363451,100,101,50,0
5.7279995882759280,98,99,61,2
0.6525404093888876,98,99,42,1
3.0103665739321288,98,98,48,5
6.1032626011973097,100,101,57,1
0.5993215886182963,98,98,45,2
3.9495224306133143,100,100,54,2
1.7308735263717321,100,101,50,0
3.9291268118394922,98,99,56,7
0.3975004500805259,100,100,46,6
2.1084198896140478,96,97,49,3
2.5180764773875413,102,102,57,2
1.3892409689361784,96,97,41,1
5.5304541594377481,96,97,51,3
5.4717512829342052,98,99,63,0
5.8796253766430020,88,89,49,7
1.9942506243731610,96,97,50,4
1.9502224167203799,100,101,43,7
2.8308014048038834,96,97,51,5
4.5514567553844785,100,101,48,4
4.9935976830847624,98,98,51,0
6.0728457007609373,94,95,43,0
3.4941511841536159,98,99,55,6
3.1030980877244581,96,97,36,4
2.3380768845525961,96,97,47,5
5.5255519382792624,98,99,49,2
1.1254318841038571,96,97,46,0
3.5125379062261559,96,97,42,6
2.5249279158739864,94,95,53,0
2.7464182841520439,98,99,45,4
1.6890281541790035,98,99,54,5
5.3604003178748050,98,98,56,1
1.7314449065214264,96,96,48,4
1.4358806792803902,98,99,55,2
5.0888457768016933,98,99,50,7
4.7697066067125702,98,98,61,0
5.1919132086897148,100,100,49,5
2.6035949940890228,98,98,51,4
2.2553799279626849,100,100,49,7
5.8035678040543521,98,99,50,3
3.4287765067372078,98,99,53,4
0.5599875289671098,98,99,59,6
4.0622303478338972,96,97,42,4
4.9224077990127171,100,101,61,7
0.3275559904286350,96,96,46,0
3.5744241999132620,96,97,43,5
1.0354410703577379,98,98,51,6
0.7175692988276420,96,97,52,4
1.9172866407946119,96,97,53,7
2.4040678371091113,98,98,41,2
3.2042189105330290,94,94,46,1
0.8105239777311800,92,93,41,7
0.4076129988640965,98,99,55,0
0.3063065868073049,98,99,43,4
5.6211435219202208,96,96,57,5
6.0406638540090976,100,101,48,6
1.9691767247146650,96,97,52,6
0.2850237353307216,98,99,52,1
3.6886903094764647,100,101,46,4
2.5574834695385635,100,101,45,5
4.6443815109908915,98,98,55,6
5.2983689640914156,96,97,46,4
0.8735544754786877,100,100,52,4
1.8634903801339946,98,99,46,7
4.1558011051021166,98,99,49,0
3.5866015026949070,96,97,53,5
6.2790557038476633,100,101,55,5
4.5086871438626774,96,97,46,2
1.8377272050496922,100,100,50,2
4.6997527535351198,98,99,52,7
4.4699752682252978,100,101,52,6
3.8221980593962845,100,101,60,4
2.3416084199827276,100,101,57,3
5.1731274458056005,98,98,55,0
2.2136955434582077,102,103,60,7
2.4893645155042776,98,99,51,4
0.4432715783863335,100,101,55,3
6.0742628976204411,100,101,59,5
6.0594921094502423,96,96,58,2
4.7034450668235985,100,100,57,1
2.2727862186751944,98,99,54,3
0.3737155703430735,98,99,52,1
1.3787070674127455,98,99,54,3
3.0638324420945544,98,99,50,5
1.2344889558450447,100,100,52,2
2.6843697909332160,96,97,46,0
5.5838807878631291,100,101,48,2
1.3051600771176275,98,98,46,1
2.4092948572142387,98,98,49,0
4.4828165568708789,100,100,46,2
4.5745150071911587,100,101,51,3
5.6247817770046984,98,99,37,2
1.7286878543167910,94,95,59,6
0.2202512703806657,96,96,51,5
4.2919168755999975,98,99,53,2
1.7523225761984924,96,97,48,6
3.4788152087330872,100,101,43,1
1.1429255050784615,100,101,54,2
4.0431932693059398,98,99,54,7
3.4599101632843361,100,101,58,6
2.3945754881604415,96,97,54,2
5.2618938225277647,96,97,54,4
3.2955155152309237,100,100,49,3
0.7759171252275217,98,98,52,3
5.6749866101058908,98,99,49,2
2.3362933809950350,100,101,57,5
2.0659526734725655,98,98,45,2
2.1007778992422592,100,100,48,2
3.7430166602929003,98,99,47,4
2.4292547540725384,98,99,57,2
6.1141960902792984,98,99,53,4
3.7465191498465522,96,96,53,3
5.9251138508067571,98,98,61,4
1.6754889444748311,98,99,57,2
3.1603780815579237,100,101,51,1
0.7193484164826883,98,98,43,0
0.2190028692216019,98,98,50,1
2.4846676846054869,96,97,55,5
2.2302399283859673,100,101,51,1
4.0121399472892136,94,95,51,4
3.8234580891465231,98,98,49,6
2.2441837719347482,94,95,55,2
3.1861499593907334,90,91,45,0
4.7788779611833672,100,101,50,2
5.9297557453503194,94,94,49,2
4.4806390634795852,98,98,49,2
3.8150580790712509,96,97,47,5
1.0394433981448024,96,96,52,6
3.4365135415711077,96,97,47,5
5.3852683242799264,98,99,50,5
3.1602746688891123,96,97,47,7
4.1005553791856126,98,99,48,1
4.3076295366588226,98,98,52,5
2.4070654839678962,98,99,57,0
2.2429204655914852,98,99,50,7
5.0727196528504255,96,97,53,7
4.4647875116005578,100,100,50,6
1.3027328676764049,94,95,49,2
0.8291946067198557,94,95,37,4
2.9079041616934815,98,98,47,2
2.9700120879437986,94,95,43,4
0.3605198370775892,100,100,54,4
2.9268622363006327,98,99,51,4
0.5346813229901651,98,99,50,3
2.4151842938319565,100,100,47,7
0.2165439142033501,98,98,59,0
2.5257852283210478,100,100,49,5
0.4978602060194826,100,101,47,1
0.8188331453720634,100,101,53,1
0.9637089736465820,98,99,51,0
1.8671871078743409,94,95,53,6
5.0911945416975168,100,100,50,2
4.6632057883143663,96,97,47,7
5.2769545543883414,98,99,45,2
5.0722333371724586,98,98,53,6
5.0527610653318655,98,99,50,7
0.5877101400391603,98,98,48,5
0.2450649679834123,96,96,51,1
5.6867691361462427,98,98,54,7
3.7094130309070357,96,96,45,1
5.7209321858820541,100,101,44,4
2.2721469531206258,100,100,49,1
0.3254921993682819,96,97,49,5
3.5914120144807380,98,98,51,0
5.6027819271952088,98,99,53,4
5.3722858479179285,100,101,55,5
5.9464825768610918,98,99,56,3
3.4804571839249183,98,98,46,5
3.4678622864898814,98,98,52,5
0.3656017161838827,98,99,58,3
4.4997430174686777,96,97,53,7
3.4178121018675429,100,101,45,3
0.8515829874636670,96,97,48,0
2.5248130426695399,98,99,51,2
3.6759798445012408,96,97,48,6
4.4331940039927415,98,99,54,7
1.6560519374053806,98,98,50,7
0.8785835790832093,98,99,47,4
4.8343829398331799,98,99,53,0
4.4725958109615709,100,100,49,7
0.6628604003691575,98,98,50,1
2.1292008075407485,104,105,52,4
5.2833635715331386,98,99,42,5
5.2737926225668579,94,94,49,0
2.9343248219580071,92,93,49,7
5.7906213314964097,98,99,53,6
1.9932727458720640,98,99,54,3
6.0068624073424255,98,98,43,4
0.9537469702475349,100,100,51,1
0.7088245784892070,100,101,51,7
2.7442298022708309,92,93,43,7
4.3390883558743107,94,95,54,5
4.8946225391980294,98,99,46,1
4.7014964547293543,96,97,59,1
5.3910455625003584,98,98,48,5
4.3573679240654570,98,99,51,4
1.8622306837044884,102,102,58,3
2.2783423381370662,98,99,60,7
3.7610768516663340,98,98,51,2
0.5486583151953421,94,95,54,3
3.8635185496067570,96,97,47,5
2.5569360032438460,98,99,48,1
0.5011725777178794,96,97,51,3
0.8329629347698667,98,98,54,7
3.1487104453449835,98,99,54,1
3.5727959683597201,96,96,48,4
6.0804960171101765,98,99,50,5
3.6616975494369299,94,95,52,3
0.7254996220064622,96,96,51,5
5.4762951350359774,98,99,50,5
3.3198097391516681,98,98,58,5
1.2986506281383865,96,96,54,6
1.2525029008740278,98,99,51,6
4.0277540874958007,100,100,46,6
6.1839773201481751,100,101,50,0
4.1595925515499852,98,99,47,4
3.8097033652042689,98,98,52,3
3.6546367469711196,96,97,53,3
2.4647808500092969,100,101,51,3
4.8956506552809298,98,99,50,1
2.8425748314783754,100,101,56,0
3.3532435570922994,100,101,48,4
5.9451973155567721,100,101,58,2
4.9848802893357211,96,97,52,2
2.6083236655055551,98,99,50,7
5.0383502838067882,100,100,54,6
5.9189519222451343,98,98,59,0
4.0113864385462801,98,98,66,5
0.2673222561435392,96,97,56,6
1.6838749322745725,100,101,47,7
0.4490763648597391,100,101,46,6
1.9867771238718945,100,101,53,1
0.7625145005409879,98,99,56,7
6.0841680318181126,96,97,59,3
2.9056552518937822,98,99,54,7
4.7677178147537900,98,99,60,3
1.9078005426529643,96,96,49,7
4.2727998113404926,100,101,53,3
2.9928821278505109,98,98,48,7
3.6011770578751889,98,99,48,3
5.3423816298089193,100,101,48,4
4.5057067638675816,96,97,50,4
4.5772734386855154,100,101,47,7
0.6136138735015806,100,100,48,2
0.4233805896469444,98,99,56,5
0.7515363241113465,90,91,50,7
5.2982851392650394,94,94,33,4
1.9524285748117394,98,98,54,7
6.0222765132817573,100,101,52,0
0.0811027332085733,94,94,43,2
3.2184401836577829,98,98,46,1
5.4369865073039749,100,100,52,4
0.0597520548951918,98,99,55,0
3.0733881254817326,98,99,53,4
0.3552882811095532,98,98,41,6
1.9302587865428480,100,101,45,3
4.0797859612189002,98,99,60,5
4.4352165040897455,94,94,54,7
5.0778509866741697,102,103,52,1
4.7648067421025209,98,99,43,6
0.4842431829721168,100,100,56,0
3.2840554960820740,98,99,58,5
2.2452268914597444,98,99,45,2
1.4176116032668289,96,96,50,6
3.3063803596797969,100,100,57,3
2.2399810901662827,92,92,53,1
3.3869111953667037,98,99,50,3
3.5299609484573082,98,99,53,0
4.6098604871526829,94,95,51,6
4.8632701586490930,98,99,44,3
1.7994836208914806,96,97,59,5
0.4926503543709316,100,100,56,4
6.0936433188103241,98,98,51,4
0.1279851263679458,102,102,52,7
0.7676499021521864,98,99,52,5
3.9492846735834428,98,99,56,5
3.6259040375752978,98,98,57,0
5.2017532682363443,96,97,49,1
0.4248092680060584,94,95,52,3
0.3839544769783291,94,95,44,5
2.2765453592341029,98,99,55,2
2.5586882809982074,100,101,43,5
2.9786445552633691,100,101,54,2
0.0420315896952629,102,102,55,4
4.0343253800695651,98,99,56,7
4.0577703501037421,100,101,50,6
1.3481248586026142,98,99,52,1
0.9943787732319297,98,98,36,7
3.6565469456225208,98,99,53,0
4.1114598975636856,100,101,53,5
4.1229191693181262,100,101,44,2
5.4198800050027645,96,97,48,6
6.0545226044419032,98,99,56,7
3.3516893351360246,96,96,43,5
2.6191564100473359,94,95,48,7
1.0583015157078508,90,91,51,0
3.6764621909284356,100,101,55,1
2.0397615789390673,98,99,58,7
0.4258036280016363,98,99,47,0
2.5510834750197535,100,100,50,6
0.6519073178453116,96,96,52,4
3.6400340863015592,98,98,49,4
3.9414912326367499,98,98,52,3
4.1429646684053418,96,96,50,0
1.3706364004027065,100,101,44,2
0.4215016578418148,98,99,49,6
3.3839889954132567,96,96,42,2
5.0757006232955684,100,101,49,5
1.1111148455230631,98,99,58,7
5.2800272981331027,100,101,50,6
5.7083599339443509,98,99,49,6
5.1281677547304749,98,99,51,4
5.0074445809860819,98,98,50,3
2.6316175739996837,96,97,50,6
5.7912257082211527,98,99,58,5
4.8431426319705544,94,95,43,2
3.6877004225683194,92,93,55,7
3.4418352260076737,98,99,53,6
6.2365591976174990,98,99,53,2
5.7691482930766753,96,97,49,1
0.6657007307723684,98,99,52,1
2.0897765618775677,96,97,53,5
2.2160791814333236,98,98,48,3
3.8198797596215597,100,101,52,2
5.8949073865114805,96,97,41,1
4.5549496735158899,96,97,54,6
4.1919041199148088,100,100,61,5
4.6302220035789388,98,99,54,3
0.2065364496279031,98,99,51,6
2.8956352934066425,94,95,52,7
5.6377461529225421,100,100,55,3
1.3819273161436458,98,99,40,1
2.9415131386556053,92,92,50,6
1.4190025388618110,100,100,45,3
1.1808293262601286,100,101,57,7
3.4998591894543933,96,97,46,6
1.6105415084512682,100,101,57,3
5.7313155409842302,96,97,49,5
1.2260165647639851,100,101,54,4
2.0004632990491498,98,99,58,3
2.1478561648981906,100,100,49,5
4.2756842850634289,100,100,55,1
3.2675943484604137,98,98,53,6
6.1211459362729865,98,98,42,5
1.9195165276667134,98,98,44,5
3.2534005303985278,98,99,49,4
6.0239562876043689,96,96,49,3
2.3135000721342585,100,100,59,3
2.5252972766463047,96,97,46,6
4.7285324545358982,98,98,48,7
2.6131139396200758,92,93,46,2
5.6088965287755439,100,101,52,6
0.0187324011497440,100,100,52,2
0.4671561544689412,98,99,52,5
1.4198619412346318,98,99,50,1
5.9750298766795824,98,99,48,1
4.6846697353984483,100,100,50,4
5.2897559448769567,94,95,49,4
5.3796525195083573,88,89,41,5
5.4147040200066572,98,98,49,0
1.7221274498549841,92,93,34,2
2.6652638527419534,98,99,54,1
1.3739417433316061,96,97,60,6
3.3004930773739187,102,103,48,7
5.8012805408963803,98,99,35,4
1.3582908410351773,100,101,53,3
4.3014343105008814,100,100,55,5
0.6007657943403892,98,98,53,0
3.1680448123441387,100,101,52,0
3.2063994274298002,94,95,46,1
2.6685550575528096,90,91,47,4
0.4072456762228459,98,99,45,4
2.0406437407982407,98,99,54,7
6.1852609444530984,100,100,55,3
0.4001278043306191,98,99,48,3
3.5538477488145523,98,99,63,0
2.3921516085038834,100,101,55,3
5.7943526254490099,100,100,56,2
3.2322478084674278,96,97,48,4
2.6024883916271606,100,100,58,4
2.4954197852582509,98,99,44,1
4.0454887790830663,98,98,52,1
4.7875652529050354,96,97,44,0
0.7990280001898707,100,100,52,6
6.1852476544893733,98,99,45,0
3.3027179390669104,100,100,53,3
5.0687497861457631,100,101,47,1
5.4260768362571108,96,97,52,4
2.5106355974355985,98,99,50,7
2.1821662282877821,98,99,54,3
4.8046887723195084,98,99,51,4
1.6280492117187724,96,96,47,7
0.7001613616524729,98,98,48,7
6.0032966234287981,98,99,47,4
2.0426894712752377,100,100,47,1
4.1322460193111219,94,95,49,0
2.8393573457359320,98,99,44,5
2.6983504164755368,96,97,48,2
3.5172477997211056,100,101,55,5
2.6875220655634964,100,100,54,4
3.1644182798030736,98,99,48,7
2.5814436953163202,100,101,53,5
2.1758612465570297,98,98,48,1
1.0223172317026272,100,101,52,4
3.0982500883059196,96,96,53,1
4.4238191548149759,100,100,56,6
3.4130939336839359,96,97,48,2
4.3417875517152202,100,100,49,5
5.3990559151622826,98,98,63,6
1.7196663776049808,102,102,47,2
3.3807836195438887,98,99,55,6
1.4867603039186805,98,99,51,2
2.2599403805759821,102,103,49,4
4.6352451149392673,98,98,57,6
0.2701981840257590,98,99,52,5
1.5122320142134862,100,101,57,1
6.2590498786304902,98,99,51,6
3.5138509368473363,98,99,49,4
0.2139757664272951,96,97,56,0
4.0391401905559121,100,100,55,7
4.0192396155397843,100,100,54,6
4.5090580162728902,98,99,49,4
6.0163207579192823,98,99,45,2
5.5588313334268893,94,95,50,3
5.3714713418704862,98,99,55,4
2.5124464790143528,92,93,46,0
1.0229700831545492,100,101,51,1
1.7854229701791726,100,101,44,4
5.1116539461109509,100,101,50,0
0.8131765180636384,96,97,46,2
3.9183482670567797,98,99,60,1
1.7342241507972536,96,96,51,1
3.7445970053095441,96,97,45,1
0.5514502998359263,98,99,49,2
4.8413935206882250,98,98,48,1
3.8249540595053904,100,101,54,2
3.3578598391977144,98,99,57,4
0.9870075529011306,100,101,51,7
5.6998994906361373,100,101,56,0
4.6729095780193024,96,96,55,5
2.8826406361074168,98,98,46,3
2.3791424010450335,98,98,44,7
0.0089088559808839,96,96,51,5
4.9161492040568433,98,98,51,0
2.1467164591878372,100,101,51,7
1.1079502625917867,98,99,56,1
3.2800234862096822,98,99,55,6
1.6444847693233835,98,99,53,4
2.5094240909494521,92,92,45,1
0.0088171866983742,100,101,57,7
1.7704357387407841,94,95,52,1
2.7986829411965690,96,97,49,1
4.4117264762017010,98,99,54,7
0.0617832952416406,98,99,53,6
5.7399693466102253,96,96,52,6
1.5438922414032583,96,97,52,0
3.5031202656483167,100,100,55,1
3.6615374127060476,100,101,54,4
2.9695439717836107,100,101,54,0
0.4844292209693421,100,101,52,4
4.0105215808582919,98,99,51,2
3.3878029358544155,98,99,53,0
0.8890389801875038,96,96,46,4
5.3613294365352342,96,96,47,5
1.7784848230922972,100,101,54,6
2.7905941020463354,94,95,39,0
0.6085258234711792,98,99,48,7
3.1190278788831409,98,99,58,3
4.4122155114656847,98,98,50,1
4.5565537940928200,98,99,44,1
4.7168713207891688,96,97,52,2
5.2821005877154734,98,98,52,3
2.5385710052690000,100,101,49,5
3.8187617876825062,98,98,57,0
1.5689984456701325,96,97,42,4
2.6214103701203268,100,101,54,0
3.9431469447873768,98,99,52,3
0.7992535837193541,94,95,49,6
2.1688522919142050,100,101,42,0
1.2982017406008708,100,101,60,0
1.2716318323061651,96,97,50,2
5.8048225859106886,94,94,46,7
0.4054874497417305,96,97,42,4
3.4101550791096034,96,97,50,0
3.1100988962998617,98,99,45,2
5.9918675838929216,100,101,50,2
2.3318191842335181,98,99,56,5
5.5907522284259992,96,96,50,2
4.8922603419796014,98,99,48,3
1.6936608829304745,98,98,50,7
4.0135248479763117,98,99,45,6
0.7075901434041567,94,95,61,2
0.4484888850389302,94,95,54,5
4.4709815218560607,98,98,53,0
1.7768249779662206,96,96,57,7
2.2976337806974532,96,96,46,0
4.1739289692953827,98,99,52,1
3.3779507966136912,98,98,47,6
2.4177320888285756,98,99,48,5
4.6118104552164070,92,93,54,4
4.4084824855725113,94,95,46,1
2.4765908094320399,98,99,62,5
0.4569498858186803,100,101,62,6
1.0323812063572906,96,96,45,1
0.3000392692245626,98,99,52,7
5.8516253997978556,96,97,53,5
1.9905478320100007,98,99,51,2
0.1831066575365701,96,97,43,7
3.0025217515082439,98,99,55,2
4.8762183532771424,98,98,48,1
0.1291080761912472,98,99,63,2
0.6941372130032581,98,99,51,6
4.1754355108772518,100,101,53,7
3.1749356752697988,98,99,53,4
1.6440830301650353,96,96,52,6
3.2686111416282935,94,95,49,6
2.5283439274056421,100,101,55,5
2.0672387950728113,94,95,39,6
5.1363263362661078,100,100,55,7
3.4182497906044249,94,95,57,0
4.6749474798496902,98,99,55,6
4.6404802162191059,98,99,44,7
0.4145149737487125,100,100,60,2
0.4322705980133523,100,100,47,1
4.8751718826965220,98,99,56,7
0.1962644237768275,98,99,49,0
5.4507256255660996,100,101,43,3
2.2879037065979744,98,98,47,4
4.5745434179995677,96,97,53,7
5.4163370191384042,98,98,56,5
3.5980510507952981,98,98,53,4
1.2919558768011619,96,97,55,5
4.6364405253942316,100,101,50,6
3.5232174959158957,98,99,51,0
4.6874474856847606,98,99,54,3
4.1642023026947541,96,96,48,4
5.8599398272802166,100,100,44,0
3.4392293232505438,98,98,56,1
0.6380864595394700,98,99,52,3
4.8850342144125136,96,97,55,1
4.2641385187473011,100,101,53,1
0.0286074794360623,94,95,48,1
3.7505257751331449,100,101,55,5
4.2214704348926197,96,97,56,4
1.8937418977291105,100,100,45,3
5.2819897485570424,98,98,51,0
5.4218671420499778,100,101,45,7
3.2656538735770275,100,101,51,5
5.7373647225054940,96,97,48,4
3.8420087720823242,96,96,48,2
5.0900261373039708,96,97,42,2
5.9448389162695872,98,99,49,0
5.1631033652752913,100,101,53,7
2.3847591076550128,98,99,51,4
2.7306150900116153,98,99,52,1
0.4886127377460632,100,100,58,0
1.6283463634746667,98,98,54,5
1.9381711521778873,100,101,47,7
3.3024687008509770,94,95,50,5
5.3964747903447803,98,99,42,5
1.5799408111836553,98,98,52,3
3.4193312904385529,96,96,48,6
0.5608050501723627,96,96,49,3
6.0365766272606267,98,99,52,5
0.2181166690911060,98,99,41,4
0.3486054858843931,98,99,55,6
3.3376114690161023,98,98,50,7
5.9112817023470026,98,98,55,4
5.4964683970319577,96,97,49,7
3.1833546599210760,100,101,49,7
5.3719176391134091,96,96,43,1
5.0961534343795503,98,98,49,6
2.0617066295879223,100,101,49,1
0.3014551658801290,98,99,61,2
4.3230982150590851,98,99,52,7
1.5550934158330691,98,98,48,7
5.4887520812433452,98,99,62,5
5.4472941453419779,96,97,47,1
2.0913210134990812,98,98,44,3
5.2857229024375467,98,99,51,2
1.6617151798499348,96,97,41,5
0.5625615252122995,98,98,45,2
4.3204388192731038,98,98,47,2
2.3421084621271278,100,100,50,2
0.5282261899159060,94,95,48,3
2.2629428365843935,98,99,47,4
5.6004634366872006,100,100,49,1
2.0012884759265095,100,101,56,4
1.0367440976931193,98,99,46,7
4.6056279845942649,100,101,48,4
3.0470921607401946,98,99,51,0
1.5877897594965038,96,97,51,1
2.9978777478748562,98,98,45,0
4.1252786891921742,96,97,58,0
0.6472865574820149,100,101,59,3
3.8571152850660653,100,100,50,0
5.8361833175926456,98,98,48,3
4.1888071097877289,96,96,50,6
1.5134626481129090,98,99,52,7
3.4868416187280329,100,101,48,4
2.3744550769913610,96,97,52,0
0.1799633777492791,100,101,62,0
3.1353701638623090,98,98,49,4
0.7762658551580396,94,95,56,1
4.8462238846166139,100,100,51,7
5.0220740572672256,98,99,61,0
2.9359730879756953,98,98,45,6
1.7462125513839910,98,99,56,1
3.7913128767280835,100,101,55,3
2.5561318427094233,96,97,51,3
4.6212140600103639,98,98,46,7
5.5824575769076521,96,97,45,7
2.6834429792739125,102,103,53,2
4.7492981098673628,100,100,57,1
5.7521610481923489,100,100,47,7
0.9776322444122311,98,99,56,7
0.5234324545097457,98,99,52,3
2.3968595050218595,100,101,50,2
1.2568308771580043,98,98,50,5
0.5794049638138553,96,96,52,4
2.7278860801948777,98,99,44,7
3.6232263766686752,98,99,43,2
5.6771887682331155,96,97,50,0
2.8380682150094887,98,99,51,0
3.4629049139450494,100,101,49,3
4.3783607293590441,90,90,47,0
6.2411997157653554,98,99,50,3
2.6536783259566517,100,100,46,6
4.8307287872891056,98,99,46,7
2.4659033945987336,96,97,57,1
5.9955166749443594,98,98,51,6
3.1333086213958246,98,98,40,7
5.1788296912339167,98,98,52,5
4.5364118953440533,98,99,43,4
4.4517810103469513,94,95,51,6
2.8440826608976306,94,95,54,3
2.7816338111744501,98,99,43,6
3.9575310411499101,98,99,49,2
2.2806018910504160,94,95,42,5
2.9502713122274473,96,97,49,7
3.4025124642852660,96,97,55,7
0.4326459564784476,98,98,43,0
2.3587036597911495,98,99,45,6
4.3875628408290197,100,101,51,1
0.7311346046946733,92,93,41,1
0.0851569402594201,90,90,46,1
3.7086815309610102,100,101,49,5
0.2274876004154908,98,99,53,4
2.0302471383480722,98,99,44,3
3.4694597181403553,98,99,46,5
0.1892800676842394,98,99,51,0
3.6325016958311838,96,97,45,5
3.5960493003538678,100,101,58,2
1.1209350061623014,98,99,52,5
5.5441670870180877,100,100,49,1
2.1298036268909444,100,101,44,2
0.8283228641756847,96,97,48,2
1.2696592322412958,98,99,43,4
4.1394559586979192,98,98,50,5
5.4456406655919416,100,101,54,2
2.7412057568277519,100,101,53,1
0.0057623536289347,92,92,47,7
1.7501973608085677,100,100,54,0
3.5335167097829063,100,100,53,3
2.4227676971597902,96,97,54,4
2.4884906564730733,100,101,60,4
0.6907812669993589,100,101,51,5
3.2520648863018593,98,99,57,2
1.0533517035069311,98,98,56,7
5.7933442520147818,98,98,38,1
2.2907596354122153,98,98,50,1
3.1549311634872685,98,99,41,6
4.1361766484136222,100,101,55,3
1.4710341050040006,98,99,58,5
2.1753585011862926,98,99,51,2
1.2909283782030017,96,97,52,0
3.3046886889407769,98,99,52,7
2.0751738576068663,100,100,46,6
2.0028158565398932,94,95,53,0
6.1481335288515782,98,99,51,2
4.4296441160694471,100,101,58,4
5.4924908649918152,96,97,56,0
0.8736417706147668,96,97,47,5
3.9646575352283238,96,97,50,4
2.0146909408264531,100,101,53,1
6.2262877365561389,100,100,53,3
0.6071564826540587,98,98,52,3
5.7834327142668860,98,98,47,0
5.4774303234666366,100,100,51,1
0.1355047043486813,98,98,51,6
0.8979825828995101,98,98,56,1
3.0176913376554912,96,97,57,1
6.2357304631924411,98,98,49,2
1.2469260752624380,98,99,54,7
5.3990166063673568,98,98,39,0
4.9502541463516696,100,101,44,0
3.3935262731593010,98,98,48,7
1.4822476715042536,98,98,61,6
0.9236595130974186,100,100,56,6
1.3191394945686394,96,97,54,2
5.1766400540959294,94,94,48,5
5.4834956516229374,98,99,50,1
1.3728609393294444,100,101,57,5
1.8649299539098314,98,99,52,3
4.1487393047319561,98,99,52,5
1.9206057605636917,100,101,60,0
3.9839900557193095,100,101,59,7
4.4557337692018235,98,99,43,4
4.6815285787740253,98,98,54,7
6.1550843895355127,98,99,48,7
1.3800931430573238,98,99,51,4
6.1146729164101057,100,101,50,2
1.3271982647322125,96,97,47,5
4.7394400517660067,100,101,55,1
4.8688673317588123,96,97,43,7
4.3714742287269912,100,101,49,3
2.1468097568578681,98,99,56,7
5.9641584333585351,98,99,46,1
0.0873502124889893,100,101,53,7
5.0589850764906803,98,99,44,1
5.6505642911802108,100,101,57,3
4.9779706454421824,98,99,45,4
3.7284096054632854,98,99,48,3
1.7642522751100960,98,99,51,2
5.4995835447233246,96,96,41,7
3.8687746606394486,100,101,52,2
3.4985317806878089,96,97,56,6
3.0006450679629455,100,100,45,7
4.6587437279071366,98,98,45,2
3.7945328710745443,100,101,51,7
3.7407835768202911,102,102,43,0
2.7261609519584007,96,97,48,4
1.6497924420706271,98,98,50,3
5.5470009735295136,98,98,49,4
0.6869703838988721,98,99,44,3
2.4651328164486190,96,96,46,2
2.5701730477842131,98,99,52,1
0.8477991125275599,96,96,52,0
4.3725404672245265,100,101,58,0
2.3302411264466643,98,99,54,3
2.9619337663469429,98,98,53,4
5.4955127322821706,98,99,47,6
3.5859488866475875,98,99,52,1
5.0433750352709943,96,97,48,0
5.4762499984992035,98,99,53,2
0.0138987239685525,92,93,49,1
3.4961534301387016,100,100,57,1
1.8405788629205808,100,100,53,7
3.5683792716518421,100,101,52,0
1.9336135599421487,94,95,48,3
2.9046964666259254,100,101,49,5
0.5435722562549180,98,99,51,6
3.8836697503105446,94,95,54,3
1.9466480851348935,94,95,38,1
4.8196363828075448,100,101,49,7
5.5431398755529209,98,99,49,6
5.5610971443734805,98,98,61,2
5.2667819688777966,96,97,53,5
0.1579089286552469,100,100,60,4
4.2076018514424840,86,87,38,5
3.1881910087656635,96,96,55,7
2.2732006877487332,100,101,50,2
3.5485722279922531,100,100,59,3
3.5489202078149931,98,99,46,7
0.5448909191453937,96,97,61,5
2.0550596151173655,98,99,63,6
0.9861623450488209,96,97,57,1
3.6430396229703081,104,105,62,6
0.7040286354068108,96,97,50,2
3.0408528012762925,98,99,54,3
3.6122914925500869,98,99,49,6
3.9195224185884330,100,101,54,6
0.5507158312659923,98,99,49,6
4.0329152780956106,96,97,47,1
4.6102990387077298,100,100,53,5
4.2525201653905667,98,98,56,5
3.4397455452481567,98,99,45,4
5.9624760372198589,92,93,45,1
5.8642816154792241,98,98,47,2
2.8324360274445071,98,98,50,1
0.3556124254952340,98,99,51,2
0.6995565675062815,98,99,44,7
4.6011991212625407,94,94,45,6
5.9689407247330335,98,98,52,1
1.2868421751186385,98,99,45,2
0.2405037937569884,100,101,46,6
1.2962217025152087,96,97,44,4
4.2560557797658873,96,97,61,7
1.2307287281680759,100,101,44,2
6.1210320316162239,96,97,48,4
3.7137050828886666,98,98,56,3
0.6052689352151845,98,98,38,3
1.7279976971836650,100,100,48,2
2.2904082758697046,100,101,55,1
1.8687167739112778,94,95,47,2
5.3285235272385210,96,97,47,7
4.4878021111270181,98,98,47,6
2.7944553554998603,96,97,48,6
0.4825319666384039,100,101,42,0
5.8259593240307455,100,101,48,6
0.2535962502373295,98,99,61,2
1.3228004738265873,100,101,53,5
5.6205839433168947,98,99,46,7
1.9256048643564780,96,97,45,7
0.9945938083909512,98,99,40,1
3.8360038461134289,96,96,54,0
1.9437644686123041,98,99,51,4
4.4662974805335045,98,99,55,6
5.1571483211487372,96,96,54,2
2.9942717656618143,96,97,53,1
0.1420156446914986,98,99,46,3
0.8717003995061612,96,97,40,0
1.5585446924694741,94,95,40,7
1.6586903073634076,100,100,46,4
3.9450904198393344,96,97,50,6
2.3822695612965386,100,101,51,1
1.3383117837318204,98,98,51,0
5.4512077512731567,98,99,46,7
1.3013203237806410,94,95,41,6
3.0997763512891088,98,98,43,2
5.2382750883308313,98,99,51,4
3.8258827852501813,98,99,55,4
2.3444395229768080,94,95,43,6
4.6642412808809066,92,93,49,5
5.0207990888583414,98,99,60,3
5.0422140154598338,98,99,58,5
2.0793725695102321,96,97,56,4
4.6257705324578877,96,97,53,1
4.8300719727236698,98,99,50,3
3.8339358983266592,98,99,46,1
3.1569447433521316,96,97,57,1
5.2302153689162862,100,100,50,6
3.2354908982990009,98,99,61,6
2.6682894333133693,96,97,46,4
2.7844860354656529,98,99,47,2
5.2326538211016684,98,99,48,7
2.2184780033280744,98,98,56,7
5.7392596651249672,98,99,49,6
1.9764431590072704,98,98,48,1
2.8453268322183032,98,99,46,5
3.2043812206338660,100,101,58,0
6.0484590709052641,100,101,53,7
2.0000057123948083,100,101,53,3
2.3071117866809487,98,99,50,1
3.5780468112315358,98,99,50,1
2.2624521190318752,96,97,62,4
0.2602586557176979,98,99,39,4
1.0617476311549103,98,98,57,4
4.6595280806171147,94,94,49,2
1.0869308926938714,96,97,59,7
3.1950247885627387,96,97,45,7
0.0899045579948181,98,99,57,4
0.0156748156388923,98,99,50,1
4.3941718811160735,100,100,50,2
3.8043728272689119,98,99,56,5
1.8254012299580824,96,96,46,6
3.6563239651842925,98,99,44,7
2.4802908806893047,98,99,57,4
2.0806484700382728,96,97,48,6
4.8405991020580554,94,95,47,0
1.2733365132861760,98,99,51,6
4.1694704054755984,98,98,56,1
5.2483220858844799,100,100,70,0
3.2987761030972105,98,99,42,7
4.6135898376195312,98,98,57,2
2.0748272460155532,98,98,49,2
3.8475732047095805,98,99,43,0
0.4223233134235654,98,99,44,7
6.1168267070383191,100,101,55,7
2.0731072679949980,98,98,48,5
3.6479071298159123,100,101,49,7
6.2510411344842440,98,99,45,4
5.1019252108445565,100,101,53,7
5.9131749265244968,100,100,62,6
5.4930205118442830,96,96,51,7
0.1973746836771907,98,99,60,7
2.1331530686121916,98,99,46,1
0.7515031084519760,94,95,46,1
5.2622885736294549,98,99,48,3
0.9808722927842527,100,101,42,6
0.8437314745146962,96,97,48,2
2.3029381167137051,98,98,60,1
2.5177628763941367,96,97,45,3
0.2381335030060022,96,96,48,0
4.1126801431706390,98,99,42,5
3.3640145216627335,94,94,50,7
5.9232323420469593,98,99,52,7
1.2228574875207314,98,99,47,2
4.1166957103678463,100,101,46,6
0.8777833469374181,98,99,49,4
2.7734517570627224,100,100,54,4
2.4190259298504597,94,95,56,7
3.2988882918079137,98,98,47,6
1.4898269593871023,98,98,46,7
1.0314135648852778,96,96,52,0
2.5516131123893344,100,101,53,1
2.6764582892316859,98,99,58,1
1.0606095129105289,94,95,52,1
0.3507478283042835,100,101,48,2
3.5519501293358591,96,97,59,5
4.1724808599779717,98,98,52,1
3.4837132753599347,98,99,47,0
5.3014147833216194,98,98,50,5
4.4200027320727866,98,99,42,3
2.2823103833995133,96,96,45,5
5.0869607440095432,94,94,49,0
1.9234121369260362,94,94,52,7
1.1826958247742669,98,99,47,4
2.7159289747964710,100,101,43,3
6.0239746892775505,96,97,52,6
0.2926840739803115,98,98,49,6
1.8363772922479105,98,99,48,1
0.8686713942155833,96,96,49,3
4.3249057041781684,98,98,55,0
2.8508678869880089,100,101,51,1
0.9276245453666306,96,97,42,0
4.2818195205071072,100,100,50,6
2.0419582462561263,96,97,47,5
5.6714621395110845,100,100,58,6
4.5812792949656931,100,101,52,2
4.2741663994590029,100,100,54,6
4.4214171883837041,98,99,52,7
0.1493864656264146,98,99,49,6
3.9081069465873464,98,99,43,4
0.5617962089265625,98,99,49,2
6.0928504578889084,94,95,53,2
1.5272227214073333,98,99,53,6
5.4033491354506769,100,100,58,6
0.6011440673199787,98,99,49,0
5.9263386626849863,98,99,47,6
1.8694970703483547,100,101,46,0
6.2482081206609790,100,101,59,7
1.6965921255956435,96,97,51,1
5.4135908643272952,98,99,47,0
4.1504227921812333,96,96,44,4
2.4742400749646571,100,101,43,7
4.5193691315578715,96,97,54,0
5.6207245598061126,94,94,43,0
4.0622663658966545,98,99,52,1
4.6461650274371378,98,99,50,3
4.8519316657695573,100,101,49,3
4.8125980960360160,98,99,49,4
4.1797940828191376,94,95,55,6
2.7673041721855145,100,100,40,4
0.8731066740470244,98,99,61,6
1.8288472650329317,98,98,43,4
3.3062658974680095,98,99,60,5
1.7622451248874722,92,92,45,3
3.6078201938533718,98,99,56,3
0.4925511793135427,98,98,48,5
1.5738908845497848,94,95,45,0
1.4473978934682707,100,101,51,7
0.0443615601814643,98,99,48,3
3.7527343181994230,96,97,50,4
0.3718667986018864,98,99,52,5
2.9873633458865876,100,100,45,3
1.8406869136975488,96,97,59,7
3.5442259854420590,94,94,52,3
0.6665024577371608,98,99,59,4
5.4012448110728162,98,98,51,2
5.3317777657870753,100,101,57,5
4.1057812161681833,98,98,60,7
4.3717817487079875,100,101,52,0
1.2152939426596439,90,91,43,6
4.8466759890744040,98,99,53,2
0.1771418651783301,98,99,56,7
1.0058473667538255,98,99,52,5
2.8186720218932022,96,96,41,1
4.2811692113859277,98,99,53,6
1.7534864009206161,100,101,52,2
5.2937779139926322,98,99,52,5
3.9936630613858681,96,97,49,1
0.5480400344075070,98,99,56,5
2.8764790367716344,100,101,56,0
4.6284288998464378,98,99,45,2
1.6422693680188449,98,99,56,1
0.9778772184035561,98,98,46,1
2.5932118564522080,96,96,54,2
2.6821061665352897,96,96,53,7
2.8829356428886914,98,98,53,2
5.7845322793392855,96,97,49,7
3.1774876491944180,100,100,54,4
2.8084327685987511,100,100,52,4
4.4653856956925564,98,98,58,5
3.9374272245139599,98,99,46,7
5.6053826466713890,98,98,56,5
0.8381108037543860,100,100,45,7
0.5194571853094919,98,99,54,7
1.6478619971467861,96,96,53,1
1.1417718551195948,96,96,50,2
2.8647418131671341,100,101,58,4
1.6313911495055040,100,101,49,7
0.2203719475887823,98,98,58,1
2.2086037938744005,98,98,47,6
4.0827147267184243,96,97,55,7
5.6551354959287670,100,100,49,5
1.6808948316182515,100,101,62,2
5.5880953217350564,98,98,48,1
3.4296708564774385,100,100,54,4
3.6578849066113439,98,98,52,3
4.4997663887677897,96,97,47,3
0.9582635465404632,96,96,43,5
2.4803113049407113,98,99,56,5
1.6498928116910683,98,98,41,0
3.6401802303539679,100,101,53,7
2.0008517885903334,98,98,55,6
3.4604978362772023,98,98,67,6
4.8489360239040424,100,101,48,0
0.8305300730304146,94,95,52,3
0.3965092051941566,102,103,69,6
4.7127481222386267,98,99,49,4
3.7823756210656772,96,97,53,5
2.3844010101309459,98,98,56,7
0.7535852795885525,92,93,46,2
1.8677295317303482,98,99,56,5
0.3787853268325929,98,98,49,0
0.3517735883243763,100,100,48,2
2.1352874198824887,96,96,52,6
2.1373688996461135,92,92,54,4
2.3284195692334331,98,99,42,3
4.2091379891593892,98,99,54,1
3.9798575098420805,96,96,53,1
3.8814313973244037,94,94,44,5
3.1222026304149564,98,99,41,4
4.7516001930878575,100,101,54,0
0.5867417502540995,102,103,57,2
3.2946151599867353,98,99,60,1
1.1333741697294657,98,98,66,7
1.7207912606783997,100,101,43,7
5.4651419305825177,98,99,40,5
2.1363545692805075,98,99,58,1
2.1575597830075504,98,98,54,7
3.0983977402520075,96,97,46,0
2.6832963529105038,100,101,47,3
2.7504673103851052,98,99,54,7
1.5291801525145425,98,99,48,5
0.1841090092671193,96,97,49,1
5.3571032244353427,92,93,48,0
2.7797737648953991,94,95,47,4
0.9780743566517800,98,99,57,2
2.4320537423930362,98,99,50,7
5.5295376624276535,96,96,54,6
4.4197286950857597,98,99,45,4
0.6881386996744968,98,99,54,7
0.2862084938421709,98,99,51,6
3.9642236793286827,96,96,51,7
2.6011303582759751,102,103,54,7
0.7255095803747560,100,101,62,6
3.5637001860970345,94,95,42,1
5.3376970496510090,96,96,49,5
5.0780204521800139,100,101,57,3
1.2940269681515104,98,99,47,4
1.3049164668446380,98,99,64,7
3.9763917766777217,98,99,49,6
3.1976080564922693,98,99,47,6
0.5011771017503114,100,100,47,3
5.8838475017468408,98,99,54,3
2.7189597702280519,96,97,46,6
3.9241108463194063,96,97,48,2
3.0766971712694149,96,97,45,1
3.0948678390109956,98,99,52,7
3.0273282810477564,98,99,52,5
1.3493623132262633,98,99,53,0
4.9896005433883079,98,98,52,3
4.4458053287892731,96,97,54,6
6.2432900210256159,98,99,53,6
4.2143365652456088,98,98,41,4
3.3804562762181356,96,96,50,0
1.5096071253206902,98,98,50,3
3.5291286254590637,98,98,46,1
4.5175833034044421,98,98,59,6
0.8625120643631040,94,94,50,5
0.8039977207046282,98,99,59,4
1.7768404765644132,100,100,47,7
1.5035257179414230,98,98,41,4
0.7863915715826560,98,99,50,7
1.7142000250792691,92,92,49,7
4.0010610459472886,98,99,56,3
5.2902571578424187,104,104,57,3
3.3501984039427692,98,99,49,6
0.6921695927598651,98,99,51,4
4.2079404734829984,98,99,60,3
3.5449716562157945,98,99,55,2
4.3540038807565402,94,95,48,1
3.6524287631846146,100,101,52,6
1.4626515058320373,96,97,53,7
1.0356942809136982,98,99,58,1
2.5724118883647042,94,94,46,7
4.1727585304188199,98,99,56,7
5.8607178518984311,98,99,49,6
2.5890550470773124,96,97,51,3
0.1906685384188709,98,99,51,0
2.5628561464514013,98,99,58,5
5.4652395630608570,98,99,50,1
5.3778929081894109,100,100,55,1
4.7939400839681925,98,98,52,5
4.2135601207399231,100,100,45,5
0.1052902477163135,100,100,47,3
2.6588192623860540,100,100,53,7
0.6778829994609977,100,101,51,3
1.5455335827388030,100,101,63,5
0.2990771036901863,98,99,46,5
0.4247187023483688,98,98,51,6
1.8115021976061132,96,97,47,7
3.4943596082593769,98,98,54,3
2.5523723151721049,100,101,50,0
2.7376574966389788,96,97,49,7
2.2345077268838911,98,99,56,5
0.8846021415947752,98,98,41,2
4.5816891123460355,100,101,56,4
5.8323982090187352,94,94,49,4
1.8218299793395614,98,98,49,6
4.6570606512650041,92,93,43,3
3.9181822303757903,98,99,52,3
0.1750452945721916,100,100,46,2
3.0357324183353689,98,98,50,5
0.4093139606713844,98,99,51,6
0.0985561024301517,100,101,50,2
0.8671980896222621,100,101,47,5
0.3763927974967096,96,96,56,0
5.0699079200250710,94,95,42,1
6.0626927401013146,98,99,48,7
3.9279106469269793,96,97,53,3
2.5828709205550320,100,100,66,0
4.4289746959462004,100,100,58,6
1.5920569977994352,94,95,57,4
1.1825457766336391,100,100,47,1
2.3777414613766492,98,99,49,2
5.8358287906348814,100,101,54,6
5.5477936789229565,100,101,49,1
1.3063267641194516,98,98,51,2
5.3724805224516912,98,98,47,2
2.3213278958920314,96,96,46,6
0.5038555101910379,98,98,52,7
3.8384090311555625,96,96,59,1
3.1889106225819961,96,97,55,7
6.2377192969981783,98,99,51,2
5.5777831937881652,98,98,51,2
5.3669222129418817,98,98,48,5
5.3835920483372606,98,98,58,3
2.8738009671231808,94,94,52,7
0.7142342764641587,96,97,48,2
3.0680398165733642,96,96,49,3
1.5348664024062810,96,97,49,3
1.2351626242472102,98,98,52,3
0.8082231735681863,98,99,47,2
0.3660630879392447,100,100,61,5
3.9063629933972166,98,99,55,4
2.9176114799322703,98,99,53,0
3.2753985391003648,98,99,52,3
3.7053060342799293,96,97,53,3
5.0944702710520522,98,99,54,7
5.2056590181879905,96,96,54,2
5.7113572273618622,96,96,49,5
5.2044950962354566,100,100,58,0
4.8849790974259388,98,99,45,0
3.0374400331202018,96,97,55,1
1.2402437232476247,100,101,60,6
4.6612620164810741,98,98,56,1
4.1651056836130529,98,99,46,5
1.7150731451084023,96,97,50,6
5.1675840635298318,100,100,52,6
1.4978803907197118,100,101,66,4
4.5499588333010532,100,101,56,0
4.4590345379025127,98,98,49,2
5.7925775710706748,96,97,58,2
0.2636713715015526,100,101,55,5
1.5719557460141307,96,97,43,7
1.1326329917014502,98,98,51,2
5.1542455254651802,98,99,50,1
1.6677457196603427,98,99,53,0
5.1739647259197943,98,99,51,2
3.5720123996373636,98,98,50,1
2.6937638015311856,96,97,48,4
6.2483304987232069,98,99,56,1
4.3931430799812192,98,98,59,6
2.1092117583223637,96,97,48,4
2.0115676402589995,98,99,48,1
2.3472836759343347,98,99,58,5
2.5007468000670601,100,101,57,1
5.2583888599193553,94,95,57,6
3.0997309699908189,98,99,53,2
0.3412672988996310,98,99,53,0
2.8856127285337978,98,99,47,6
0.1648743411398326,96,97,54,2
3.3768678027786305,98,98,46,7
3.3023050898848241,98,98,53,4
3.3440213857340999,98,98,50,3
3.2510565752275653,96,97,48,0
3.9678292349417918,98,99,48,3
5.1534432058071644,98,99,47,6
2.2775078596551013,98,98,49,2
2.0029102523329256,96,97,42,2
0.3656868909856641,96,97,65,1
2.9640325039289093,98,99,51,0
0.6824777958712925,98,99,53,2
3.6249485226899627,98,98,50,1
2.2574392031126185,100,101,49,5
0.4085048499691384,92,92,53,1
6.2171194238700620,96,97,43,3
3.1266791523081139,98,99,50,1
5.3617962404465915,98,98,58,5
4.4385592890804650,96,96,52,0
2.6148865594405586,98,99,50,1
0.7434804081703086,98,99,46,5
3.5652526584316711,100,101,46,0
2.2972106544879107,98,99,59,4
1.3257950152169737,98,98,54,3
5.5476860289516150,96,97,54,0
1.7230527516489820,98,98,51,4
1.3900586799881034,98,99,53,6
2.6216041850112508,100,101,45,7
4.9635779246583933,96,97,53,1
3.4188707854410167,98,99,54,3
3.8979839439599342,100,100,45,7
0.5535723306174417,98,98,55,0
3.0359631057710317,98,98,52,3
3.6313118918901224,96,96,46,0
4.9063194225623947,98,99,49,2
3.1182618961381454,98,98,44,7
1.4760672085833897,98,99,39,2
4.4285785232034298,94,95,44,5
2.4505593115618396,100,100,48,4
2.5526603970285300,100,100,51,5
5.1121556532451766,98,99,56,1
0.0052804743604050,98,99,55,6
