theta,t_count,h_count,s_count,w_count
1.3080248723870522,98,99,51,4
4.9041446973045133,98,98,46,1
5.0807736292176457,98,99,58,7
5.4718472074930569,90,91,45,4
1.6827738732595905,98,98,48,3
4.5133872336420433,96,97,44,6
3.2892756997795156,98,98,60,7
1.2527428887809868,96,97,46,6
5.6895167239798576,98,98,51,4
2.2119133489463652,98,99,53,2
5.9620991986260377,100,101,48,2
5.9884299624600947,96,97,43,7
0.9705300341605811,98,99,57,6
4.4393680365688715,98,99,47,2
5.5317595438048048,96,97,51,1
4.9216107517457850,92,92,50,0
1.3383243930016111,100,101,43,5
0.3645403302209620,100,100,52,2
1.0242168530724398,98,99,40,1
0.4162247172880553,98,98,51,0
0.4082629274810738,100,100,52,2
2.2806467389620306,100,100,55,7
5.4108433078901603,100,101,59,5
3.8686551884664242,100,101,57,3
0.9516576884946814,98,98,57,0
1.4237533923822625,100,100,47,1
4.1445477416034118,98,98,46,7
2.7117248606551358,98,98,50,7
0.5383240759384773,96,96,45,3
0.1512304765117643,98,98,51,6
4.9841748036011158,100,100,52,0
3.6368391233853021,98,99,51,4
3.1252729547312854,96,96,56,6
3.9779354346979208,98,98,44,3
3.9995785755373685,96,97,50,4
2.6861529128859321,94,95,49,4
1.7362229831470863,98,99,61,6
4.4722692676590743,96,96,47,1
3.7992483241737856,98,98,59,0
0.7754123860426273,98,98,51,4
4.9121423136800857,98,98,51,6
4.5593089419589239,100,101,62,0
5.4971700849833409,98,99,50,3
2.2136637358909024,98,98,56,1
0.1803735598420765,98,98,54,1
2.0452773065712768,98,99,53,6
3.4485411618284347,100,101,52,6
5.0543215587905843,100,101,55,7
4.9982346716264408,96,96,50,2
3.2836661787028567,98,99,49,2
3.4181402990995928,98,98,51,4
1.5828288130171302,98,98,49,2
3.1713020756113113,98,99,51,0
4.4182091076510286,100,101,50,6
1.6283605512853041,98,99,54,3
3.3340770469960743,98,98,53,0
3.3908789654999505,98,99,61,2
2.3532568233006002,96,97,50,6
5.2926083346472499,100,101,56,0
1.5099216185878488,100,100,45,5
0.4159100405876302,96,97,45,7
1.0603906314751017,96,97,50,6
5.6666511017929873,92,92,53,1
1.0064928008279572,98,99,49,4
2.8102780015860183,96,97,57,7
2.3102161105401362,98,99,47,0
6.2333561851873549,96,97,52,4
3.8145578166008152,94,95,52,1
2.4206510612363257,94,94,59,2
5.4346501335324682,98,99,54,1
6.2298875196030572,96,96,44,6
1.1770682401059103,96,96,45,3
3.6408876257827543,96,97,55,1
0.5495704153607932,96,97,49,3
4.0691789571534516,100,101,56,2
3.8004570535786302,100,101,57,1
5.3969143563219504,98,98,38,3
4.2125864260797439,98,98,45,4
4.6233880995523471,92,92,55,5
4.5346914920797241,100,101,51,3
3.7976666228293610,98,99,45,2
5.8006332161241518,98,99,55,0
6.0244124362291851,100,101,57,3
0.5878813007625991,98,99,49,6
3.1952874979233554,98,98,51,6
2.7701551360228800,100,101,40,2
4.6594616744162005,100,100,59,7
0.7718010214092164,98,98,47,0
6.1168005291130338,98,99,49,4
0.3375950045061702,98,99,45,4
1.3270765644718625,98,99,53,0
3.1264072480318941,100,100,48,2
3.9169753693804017,100,101,48,4
1.9773298910684425,98,99,60,1
0.6696255155302259,98,99,53,6
1.4951789381552372,96,96,46,4
4.3918303575707265,98,98,51,0
0.2512589906069675,94,94,41,2
5.6312905663360127,98,99,49,2
1.8442720342301069,98,99,54,5
1.5725255849815920,98,99,50,7
1.6944566354800867,96,97,53,3
1.0392905023728494,98,98,50,1
0.1924928211184970,98,99,49,4
2.0066282424594086,100,101,50,4
6.2501579300113521,98,98,58,7
5.6509297353802381,100,101,52,4
2.4622825976967264,96,96,52,4
5.7356735469611753,98,99,53,0
4.3908099586619986,96,97,47,1
2.6331900348287314,92,93,49,3
1.4278533986063429,100,101,46,2
2.7370668084161616,98,99,48,7
0.1508015832603177,100,100,56,0
4.3472365282458352,100,100,58,4
0.7704011072201714,96,97,45,3
4.6207178731764227,100,100,54,4
2.3106757660681874,100,100,54,0
5.6377535674642649,96,97,47,3
6.2733061430963586,98,99,48,3
4.9058589677437157,98,99,45,4
5.5433531214112213,100,100,46,4
6.1600254432561616,96,97,54,0
3.3583027790996636,100,101,58,6
3.0659592874394708,98,99,48,3
0.0944131168380174,96,96,48,0
0.1674882504700326,98,99,47,4
1.7222311326538613,98,99,48,1
5.3016442114171420,98,99,50,5
2.9497977374242859,104,104,52,4
2.4916858442459309,100,101,56,2
4.3154256774125850,96,97,46,6
1.9622539170770956,98,98,56,3
3.1361740322060494,98,99,50,1
1.9144348403765110,98,99,54,3
5.2697028557709658,100,100,53,1
3.1325964746255721,98,99,47,0
4.5873209366374592,98,98,58,7
3.9193218369193383,98,98,49,6
5.7504083220457041,98,98,56,3
0.6610127075602840,100,101,51,1
5.8773406730551176,96,97,52,0
4.3461049805608649,98,99,47,6
1.3047709522266269,96,97,52,2
5.3540587007981433,94,94,42,5
3.2148140096979421,98,98,57,4
3.8864650681026425,96,97,52,2
4.5936996206136849,98,99,48,7
1.6682709137013354,98,99,46,3
5.1356910544642611,96,97,51,5
2.9787286258804606,98,98,50,5
1.1558642011177245,98,98,56,3
4.9018006757816330,98,99,45,2
4.9479206062703582,96,96,50,2
0.9418000739759378,94,95,66,7
3.7957602860590747,98,99,51,0
3.1703280548775221,96,97,44,4
6.2577910199180815,100,101,57,7
6.1394741082966648,98,99,52,1
4.9238622165914059,100,101,57,1
3.2981623065261494,100,100,50,2
0.0727738392607770,96,97,53,7
0.1604905451199189,100,101,58,6
1.6556259361641368,100,101,57,3
4.7174812386125273,98,99,47,6
2.9059839276576271,100,101,53,5
6.0019677034312577,100,100,54,0
3.7473915007772240,100,100,49,7
3.8706651773214791,100,101,58,0
5.4616937592758736,98,98,54,7
6.0724850958901140,98,99,46,1
6.1192733509592632,96,96,55,1
4.4689972936187949,100,101,47,3
4.9919475291256861,100,100,50,4
1.6769014222646748,102,103,52,7
5.2350571834411168,94,94,53,4
5.5593370782794302,100,101,58,2
1.8344674826589535,98,98,46,1
5.1530332497375690,96,97,50,6
4.5564534731927964,96,96,45,7
4.0253268169669481,96,97,53,3
2.7218846159738503,98,99,54,5
6.0369803418566885,100,100,58,2
2.6044111434109025,96,97,54,6
4.8277141424299455,96,97,53,1
4.2358381573812647,96,96,40,6
1.6688576798039101,98,98,52,3
3.6679756406655093,96,96,48,2
4.1923010954031410,96,96,52,4
2.8528513442250278,96,97,49,5
5.7945163268810758,96,97,65,3
0.1521612361364245,96,96,49,1
4.7473559505140059,96,97,56,4
4.2967685979398773,100,101,53,1
2.8548421517846556,98,99,58,5
2.1569981091916812,100,101,50,6
6.2002978492333831,98,99,53,4
4.0084138012123525,96,97,53,7
1.2134749624176562,100,100,53,1
5.1908222099768855,100,101,45,3
2.7949489610481404,100,101,45,3
3.8165197097676828,98,99,53,4
2.0843435202199423,100,100,42,4
1.2354767724394635,94,95,50,3
6.0699334230599984,96,97,49,1
4.5345526118387181,100,100,48,6
0.5254260915792895,94,94,54,5
4.8741165843025236,98,99,46,1
0.3037135548260426,100,101,47,5
1.0814216859649377,98,99,46,7
5.4724042560650989,98,99,52,3
1.1341009809477645,98,99,46,1
3.4538398757337769,96,97,45,5
1.3397383263560623,96,96,45,7
3.8580079727862429,100,101,59,3
2.7539539915840221,98,99,53,2
5.6401299996512835,100,100,53,3
0.5654044179279203,100,101,51,3
2.4159607488118917,98,99,52,1
0.7181830161994899,98,98,61,2
3.2506059555992013,100,100,57,5
0.5287994640678859,96,97,47,3
2.3967337983831616,98,99,50,1
6.2725501461632627,100,100,51,1
3.3266741362033443,96,97,44,2
3.4843898413693828,98,98,46,3
5.3948438395714371,102,103,56,1
2.1461817910229994,98,99,47,6
5.3244972317422539,96,97,54,2
1.8917917442506493,98,99,52,5
3.0678537558255061,100,101,48,4
4.4496007472727674,96,96,52,4
2.9694057990730971,98,99,56,7
4.3180477238444954,98,99,48,7
2.1059989473040983,102,102,48,5
4.0832080617230844,100,101,58,0
1.6213979550338404,96,97,56,2
0.2876547306248763,98,98,52,3
0.5949107780381694,98,99,49,0
0.2000714372485737,98,99,62,7
0.5430374114921523,98,99,58,5
4.0767735024616432,98,99,43,6
5.1994122179193214,96,97,52,0
2.7349323791494915,98,99,55,0
2.6672628736282253,96,97,41,1
3.7246232029697146,96,96,54,2
4.5267542806768866,98,99,60,7
1.1470675189839592,98,98,52,5
0.8768936059200404,98,99,53,4
4.2056152341455357,98,99,57,2
4.0544760376545890,92,93,46,4
1.8052260053631468,94,94,46,1
5.7192516376331639,98,99,50,1
1.6183442274063846,96,97,44,0
4.5137976980573704,98,99,45,0
1.0783424306406151,100,100,51,7
3.3065556194422525,96,96,56,2
0.2126363746954148,100,101,59,3
2.8616278257997858,98,98,54,5
4.6963198481351469,96,97,47,3
5.1080460776279590,98,99,50,3
4.0696279068359278,102,102,50,1
3.3477292181475686,96,97,50,0
3.4130262198475316,98,99,50,1
4.4246899813564200,100,101,51,3
4.5782593361917927,98,99,57,0
0.8218432174485868,98,99,44,5
3.8117304356797064,98,99,61,0
1.6708418451074136,94,94,45,0
5.7980619206691975,98,99,48,7
4.2183709908716320,100,100,52,6
2.3930898432285388,98,99,46,5
1.1132771979881173,98,98,53,2
2.8904672398548570,98,99,52,3
1.5568749542133562,100,101,53,1
5.8918495980069432,98,99,57,2
4.1752600420828356,96,97,54,4
5.7950957054940950,96,97,43,7
1.2296030943126746,98,99,54,5
2.2608625181727309,98,99,44,5
0.0775122740238300,96,97,39,3
2.6406838743652385,96,97,55,7
0.7778529850329963,100,101,43,7
2.8142339498033770,98,98,49,0
0.7823067562652359,98,99,50,7
4.1055432096464965,98,99,43,0
0.8432336875251036,98,99,55,6
5.7190309996037811,98,99,51,6
5.7654143124512283,96,97,48,4
4.9450136914014733,98,99,46,3
2.9199415707100784,96,97,53,5
5.5820463741000195,100,101,53,3
1.2495768978418893,92,92,55,5
4.1818595752796766,88,88,52,6
5.9245023343989045,98,98,50,5
6.0388585751775725,98,98,48,5
1.1726594363239260,100,101,55,7
4.8123630965033755,100,101,56,6
0.5672452379364663,98,99,51,0
5.0739355169207991,100,101,53,7
3.9757367309386522,100,101,48,0
2.5169007467982154,98,99,47,2
3.4186492334439276,96,97,45,7
3.5662068078294884,98,99,44,5
6.2203822113830070,100,101,49,3
3.3511525243995943,98,99,40,7
0.5357153968317726,98,99,48,5
4.6877033664926717,102,103,57,2
5.8100367034301668,100,101,62,2
4.0296434784377553,98,99,47,6
4.1633956371546263,98,99,53,4
0.6574780985446246,98,98,46,3
1.0820848586216378,96,96,48,6
4.4473182744586754,98,99,51,6
1.2258442571588259,100,100,51,5
4.3856114701642470,98,99,57,2
1.1514741782043132,100,101,46,6
2.0093601525363889,100,100,47,3
3.1772910625607933,94,94,51,2
3.6989994121632241,100,101,49,5
2.3711845011700579,92,93,52,2
2.1225765866069057,98,99,45,0
4.0217279680067506,90,90,52,1
0.9476570460252669,92,93,42,0
0.9211810780413199,98,99,54,7
2.5232752369551208,98,99,57,2
6.1952880508747814,98,98,50,5
3.2652600455843843,100,101,62,6
4.3033956545510419,98,99,51,4
3.1200892967466487,96,97,49,7
2.3535410079573587,100,100,59,1
5.2782380414731973,92,93,46,2
5.2135377253649908,100,101,56,6
3.1802943042338616,98,98,44,5
0.2894961151097929,96,97,43,7
6.2242147140324420,98,99,50,1
3.0970712439391574,98,99,49,6
0.5874886819113108,94,95,56,1
5.7517382203844143,98,99,46,5
5.2650532761691435,100,101,55,3
0.7487544351819715,100,100,58,4
3.6354330606480869,94,94,41,0
1.4565199531060455,98,99,55,4
2.4558643921286962,96,97,52,2
0.8999799786717447,96,96,58,6
1.6828367732104701,94,95,45,0
0.6823752982914796,98,99,49,4
3.7134142575522984,98,99,50,3
5.7362120760354864,92,92,43,1
2.1865605751934107,100,100,56,2
3.4610907000156144,98,98,59,6
1.9612643469946183,98,99,45,2
1.8570969926188761,100,101,57,5
2.8226413847659493,98,99,60,5
5.8531102491118778,98,99,52,7
2.2037781032959929,92,92,51,5
5.3306516487280255,98,99,52,5
0.4897648077011282,94,95,54,5
5.8905551373303382,98,99,60,3
2.5639162470879775,100,101,56,2
3.1638567088814593,100,101,47,5
5.8721717550886225,96,97,43,3
3.1912977613424816,100,100,49,1
5.8714808211350027,98,98,51,6
1.9905563536851163,98,99,55,2
0.4222728660186411,96,96,38,4
0.7018362416796327,98,98,47,4
4.5727086637906851,98,99,56,3
2.1604368896246693,100,101,63,1
5.1770791059603676,98,98,45,6
0.4161088206284783,98,99,54,3
3.6189104567119896,98,99,45,4
2.8466503231331428,98,99,46,3
3.2193482322675910,100,100,47,3
2.6784846287266668,98,98,56,7
2.3023134898428017,94,95,47,0
3.9352563645894807,98,99,55,6
0.1292690887198852,100,101,51,5
2.2272253270263405,98,99,47,2
0.4989173159893817,98,99,51,2
4.6660171194496129,102,103,60,1
3.9855701636654604,98,98,53,6
0.8578345830790367,100,100,49,5
0.7307802754497816,98,99,56,1
1.3507060075044977,96,97,48,6
4.1142145484116277,92,93,48,2
5.9723013417763253,100,100,42,0
0.4496822602403525,98,98,45,6
3.1674706140216897,100,101,50,6
4.6537078401758887,100,101,49,3
1.8343034591969538,98,98,47,4
1.9905268270598322,98,99,43,6
5.5301082011571498,98,98,49,6
1.4856279585680900,98,99,45,4
0.6667558926140343,96,96,42,6
0.2476379073748393,96,97,56,0
2.1015721206088420,98,99,57,2
3.4041259170008185,98,98,53,2
5.0674895060512544,96,97,53,3
3.6323040734745478,100,101,56,6
6.2657515182864394,98,98,52,1
5.7480307431623237,100,100,55,5
2.7895073014651866,98,99,56,5
4.3777683569097094,96,97,51,3
4.6721470665750777,98,98,51,2
1.7880903318731090,100,101,49,3
4.3701574419407532,98,99,45,2
0.7710800380450571,96,97,57,3
0.5034435028108176,96,97,46,0
5.0025586842239322,90,91,39,6
1.0458577813064305,98,99,45,0
0.3757259315067542,98,99,48,3
3.9382343792158920,98,98,56,5
3.0101159830691322,100,100,53,3
2.0736377054485042,94,95,47,4
2.8756265028549901,100,101,50,2
0.5366429986068669,98,98,50,1
1.5865161959971212,96,96,41,5
4.7098567457890503,96,96,35,1
0.6987778188528621,100,100,52,4
4.7653076558865202,100,101,47,1
3.4155661221091571,98,99,55,2
0.6203427914412887,98,99,52,7
3.5931347330493284,100,100,61,1
2.8633267326270349,98,98,63,2
4.2783545933277640,96,97,41,7
3.7907339029514189,100,101,36,4
0.8854627256352511,96,97,60,6
2.8782953344415985,98,98,42,1
2.2777586680369621,94,95,48,1
0.7382026451569673,102,102,55,4
3.0388724637501254,100,101,71,7
4.1727768898486248,98,98,37,0
0.1686787201895085,98,99,46,1
5.5269451823421809,98,99,59,2
5.5064316583608921,100,101,60,0
2.2409694719444104,100,100,50,2
0.1759862676437205,98,99,52,7
1.7484841816998036,100,101,55,1
5.9266886861563828,98,98,52,3
5.4697327967689846,98,99,65,4
3.3330312689145458,98,98,53,4
6.1967059713837980,98,98,44,7
3.0300358361280653,100,101,50,2
5.7640008178241278,98,98,51,0
1.4877585633980750,100,100,53,5
3.8216976110668148,100,101,50,4
3.2916403467512549,98,98,51,2
0.9371201856037499,98,98,56,3
3.2383341043578007,98,98,50,3
2.8175007609198834,98,99,44,3
2.4460338523722021,96,97,52,4
2.7248352630118808,94,94,49,6
2.0847562274963893,96,97,50,4
4.7926497376610095,102,103,57,2
0.2242596383777932,98,99,50,5
5.6228775310861829,98,99,49,0
3.7092724980850296,96,97,53,3
4.9228658923532489,94,95,49,4
5.9498483726582787,100,100,46,0
4.8318994949508101,98,99,56,5
4.7517325593093576,100,101,50,0
4.7982452396590132,100,101,51,3
0.3853970655390541,96,96,53,5
0.1533667391016323,96,97,52,0
0.2333857626997870,96,97,47,1
1.8060660302142395,100,101,53,1
6.1767920218001802,98,99,50,3
1.5680091979085287,100,101,57,5
3.0421153504119469,98,99,48,1
2.1156035246517266,100,101,46,4
0.9968819301572451,100,100,55,1
5.1947424254554209,96,96,56,2
2.6181116250679186,96,96,53,3
0.0691367474975827,94,95,45,0
2.2271755987516988,100,101,53,5
3.1693105409250162,98,98,49,0
1.3292696474015859,100,101,51,3
5.0016549774549297,98,98,50,7
3.3962074672929767,98,99,48,1
1.4123930140632468,100,101,59,5
0.0656623010092280,92,92,45,1
4.5642609254146365,98,99,51,6
4.1171371888829302,96,97,42,4
3.0964995361732970,96,96,57,7
3.3699813586823617,100,101,49,3
1.8265188830306649,100,100,53,5
1.0542937130348062,98,99,47,4
6.1828837995453183,96,96,42,4
2.7137394077027355,98,99,54,3
2.4365915135466296,100,101,54,0
2.0317089285984418,98,98,48,7
0.4694046374067645,98,98,53,2
5.6471831121549201,88,88,47,1
1.0363429348873066,100,100,55,3
1.2291991488961245,94,95,57,0
1.0913767396669756,96,97,43,7
5.1487033765729269,100,101,61,1
3.4996035285803493,98,99,46,1
5.8737837870034024,98,99,53,4
4.5479255514410406,96,96,49,5
5.7586321626246395,100,101,56,0
2.9869331116442921,98,99,56,7
5.3565706260223536,100,100,51,7
2.5882236099624616,98,98,47,0
1.7610511861035070,102,103,59,4
3.0967544212304605,92,93,47,7
5.2743377532246472,98,99,50,5
0.2946525123611189,98,98,54,7
4.8008147372575980,98,99,46,7
3.3197897398842784,98,98,56,1
4.4884744533117411,100,101,55,1
1.7039563335512227,100,101,57,1
5.8911146004089385,98,99,41,6
0.1652025823464994,98,98,51,4
4.2354048608628805,100,101,56,4
3.1499278815236273,100,100,55,5
1.8172345231800100,96,97,45,5
5.5085675212815017,96,96,56,6
5.0957414008073592,98,99,54,5
5.8049563818563605,100,101,43,5
5.7476645137595623,94,95,46,7
3.2150439125394445,100,100,55,3
6.0097644308778539,98,98,58,5
1.0855313333451309,100,100,51,3
2.5060514150466688,100,101,44,6
2.7973652008844994,98,98,62,3
2.3630285364186601,98,98,47,2
4.6482464505729455,94,94,51,6
0.5801460749774575,98,99,46,7
3.6863894152806926,94,95,51,2
0.4892871728344131,96,97,55,1
2.5953872914950669,100,100,51,5
3.5533887684504979,98,98,51,4
4.9725793274614807,98,99,60,7
4.2316720418396603,98,99,54,1
5.4986773784806111,94,95,56,7
1.6657780531456823,98,98,43,4
2.2351771967603966,98,99,51,0
1.6488820278418390,98,99,52,5
5.7819828450797361,98,99,57,0
1.6490069723714273,98,98,44,1
6.1176309250974432,100,101,53,5
5.5249909082871511,96,97,54,2
6.2427790561179783,98,99,52,3
1.8688066881335526,98,98,47,2
2.2435509359748504,98,99,58,7
5.5422187985214029,100,101,53,3
0.3164978512396837,100,101,55,7
2.9371537261635710,94,95,48,7
2.0621938240248854,96,97,51,1
1.4917382123426817,96,97,49,3
3.8999454827435684,98,99,49,6
3.2202096658837847,98,99,46,5
0.9107282292665899,98,99,52,5
5.0300264237804679,98,99,59,6
4.6722475897024536,98,98,50,7
3.9616537738802355,98,98,54,5
2.8517386662280568,98,99,47,6
6.2649113710768809,100,100,61,5
4.9184284465662191,98,98,47,0
0.6353472258353914,100,100,45,7
4.4890948720147907,98,98,49,0
5.2491756449060896,98,99,41,0
5.3065654051160491,98,98,53,4
6.2055062892364417,96,97,48,6
3.9350855499446595,98,99,45,2
0.1404603523711937,96,97,55,3
4.5028751552918189,98,99,46,5
2.1736648014211410,96,97,52,6
5.5946515402991297,100,101,55,7
4.5224968048113494,100,100,46,6
4.6239905095356910,98,99,46,5
3.7608364274437904,98,99,56,7
3.7059288162017481,98,99,49,0
5.1657627869911540,96,97,45,3
4.1140433486913901,100,100,53,5
5.1983726638694918,96,96,50,6
1.9807782509743590,98,98,59,6
2.4247238586007209,96,97,43,5
6.1399211981341750,96,97,48,2
0.2062135376376141,100,100,51,5
0.2818161113295654,98,99,58,1
1.3151999837824375,100,100,44,0
1.9153404203224560,98,99,49,2
1.3122653962456321,98,99,52,1
1.8094447024151965,100,100,57,5
2.4720586373929794,98,98,49,0
3.4321272750373448,98,99,49,0
3.9911056944168384,100,101,61,5
0.6452568058520672,98,99,56,3
5.2690989842327145,100,101,53,7
1.9777907994787223,98,99,59,4
5.0775343102012771,98,99,58,5
6.2595491901609037,94,95,55,4
4.0728446524622717,96,97,39,5
3.2273995462530483,96,96,53,5
4.8768142065504998,98,99,56,7
5.5479347420181870,100,101,45,3
6.2772440753092917,98,99,46,1
0.5263167193782293,100,101,44,0
5.6107393310550844,98,98,48,1
5.6792226769911371,100,101,54,0
1.7086893800127330,92,92,51,3
4.9870039359411384,100,100,50,6
2.1141859013291411,94,95,49,2
2.3603014568774316,98,99,60,5
0.1846085438211218,98,99,50,7
4.3526743706648459,96,97,52,4
3.9127599527632300,100,101,59,7
3.3424594057236536,98,98,45,4
0.1509947694213027,96,96,37,7
4.0895276333647672,98,99,50,7
3.6065733700345759,98,98,49,6
1.2168913351109467,96,97,55,5
1.3935697390237964,98,99,50,5
1.9847102583379379,100,100,53,3
4.6971708871275277,98,99,57,0
3.8167582954077157,96,97,52,0
4.7577200115453602,100,101,52,0
2.2223203792726589,98,99,50,7
5.1514921455637692,100,101,61,5
1.6387025530616817,94,94,49,6
2.1332099716841637,100,100,59,7
6.2020380162965658,100,101,53,1
1.2808226131615645,94,95,43,6
2.5250974913329056,100,101,49,3
2.3881767283623772,100,101,60,6
3.6869439317968058,96,96,50,6
4.3489044929742748,98,99,46,1
2.7156091369023798,98,99,53,4
2.3368614265224883,98,99,53,2
1.7969559334398795,94,94,44,1
3.1563502749262948,100,100,43,7
4.7288775875824705,100,100,55,3
2.7046368240496887,98,98,46,5
2.7267236312675998,98,98,46,7
1.3465927775732480,98,99,53,2
5.4241544725970412,98,99,42,5
4.7339549912221122,98,99,61,6
2.2520369587065878,100,100,54,2
5.4673014759595899,98,99,53,2
0.5577978936540746,98,99,59,4
0.2662063535084347,98,99,50,3
1.6522661236889347,98,99,41,0
0.7791713096336071,98,99,62,3
5.5059223842812193,98,99,49,4
0.3445638651932198,98,98,39,0
2.8351451522114801,92,93,43,3
2.4699038333775500,98,98,49,6
1.6572527809709126,98,98,55,6
3.2613853101196266,98,99,48,1
1.5198201204798139,100,101,54,4
4.8781451787493975,100,100,58,4
0.8190646510941632,98,98,58,1
2.5188827434557788,98,99,60,3
3.8407084015479525,98,98,54,5
1.3079251952611357,100,101,59,1
2.1678188501448417,98,99,45,2
0.9562776770568973,92,93,43,7
2.4085210374267887,98,99,47,6
0.2073105786144683,98,99,55,6
0.1207524312165120,96,96,44,2
5.1066379586610982,94,94,52,7
5.6274295465644570,98,98,45,6
4.3518466061391434,94,95,44,1
5.9043906111883535,98,98,54,1
5.5760200271745886,96,97,58,6
2.5064294533664881,94,95,56,1
0.2995035373707974,96,97,48,4
1.1010373395592090,96,97,56,0
3.5304666733565631,96,97,45,3
2.0914758228653083,100,101,63,1
4.2506410682157663,98,99,52,5
1.4989206151441989,96,97,40,4
1.8271440842830724,100,101,55,3
4.1948116082354270,98,99,43,6
0.2038735728606698,98,98,43,6
4.2713643945907354,98,99,54,7
5.0131819439418628,96,97,57,3
3.1775329481882268,98,99,50,7
1.2416349544290681,98,99,53,2
5.5341534939939221,100,101,60,4
3.6198206055356352,98,98,46,5
0.6429805910235930,98,99,46,3
5.0420485585471253,98,99,53,6
1.8917740310774298,98,98,52,5
2.0032442664437395,96,97,52,4
5.8904352089151724,94,95,57,0
0.4045832232715105,100,101,41,5
4.9615506580757671,100,101,53,1
5.8532330355336235,98,99,59,2
4.5327725855969643,98,98,47,6
4.0006310784240222,100,101,48,2
0.8996622934624799,98,98,45,0
4.1320114790449196,100,100,54,6
2.5091720373258779,96,96,52,4
3.0229505530548022,96,97,53,7
2.6726256444405490,96,96,49,3
0.6855942789515679,98,99,56,3
2.9059887265314925,94,94,47,2
4.5083477387963198,100,101,57,5
2.5862063761395198,98,98,46,1
1.8238089908042852,98,99,52,1
5.3146777978880237,98,99,56,5
2.0556846433774165,98,98,47,2
4.2938667455385024,96,96,48,2
0.8084459262405769,98,98,55,2
6.1003509743405386,100,100,58,2
0.9323280117772025,100,100,45,1
5.0328588806957368,98,99,54,3
5.8422574709007566,94,94,49,4
4.1813527651692679,98,99,56,3
5.9780233751348755,98,99,58,7
1.7511747049198676,98,99,46,1
6.2185809894782231,98,99,52,3
0.4909933042300289,96,96,49,5
3.6416674285683466,100,101,54,6
1.0600281958593978,96,97,44,0
0.1240467470572176,98,98,50,5
3.8677580486728931,96,97,54,2
5.3157888755076987,98,99,46,7
3.9430770835893805,98,98,64,3
6.0277797052678315,96,96,48,2
0.8299494788747255,100,100,44,0
5.9526709587853697,100,100,53,1
6.1525471159751399,100,100,42,6
5.4706899469640655,98,99,60,3
5.3493863022416290,96,96,53,1
6.2367951502189962,96,97,49,7
5.5740395656179196,100,100,47,1
2.8241663360193550,100,101,56,2
1.6494339242059768,98,98,49,2
2.5795375145270123,98,98,51,4
3.9476295911072339,98,99,52,5
4.0470044250388222,94,95,49,2
2.4947942491057917,94,95,41,4
5.5995977743124072,96,96,50,0
5.3185994675715689,96,97,49,5
1.4232672927360972,96,96,55,1
6.0095613863010078,96,97,49,1
4.5539053377092653,100,100,52,4
3.2288782283895858,100,101,45,7
2.9475605372153262,96,97,57,5
6.2679612494029859,100,100,57,3
5.7536880269913322,100,100,54,0
4.5775374319059754,98,98,58,1
3.2894042715987943,98,98,53,4
3.2980773347356149,96,97,52,2
0.2682345604448629,96,96,50,6
5.5332706258969422,100,101,49,5
4.0582942798782664,98,99,49,0
5.3315445649642292,96,97,50,6
5.6010541966857890,98,99,46,7
4.2906140186789798,94,95,43,2
5.4495071397295263,100,101,54,6
5.0237162539958815,96,97,55,7
6.1137218588962146,94,95,43,4
2.5657823172199783,100,100,40,0
0.3699130205901470,98,99,54,3
5.1718397924581971,98,99,55,0
4.3988024842268363,98,99,54,1
0.5541445221687934,96,97,38,2
3.1370815100325364,96,97,45,1
2.8229922305753012,98,99,46,5
4.5636620170527582,98,98,60,1
3.1029043696858758,100,100,55,7
2.6793333683816831,96,97,49,3
2.3641123353604168,100,101,58,0
4.5774490811847253,100,101,49,1
0.3288005335037352,100,101,51,3
1.0211965082049164,98,98,50,5
3.9763198302499831,98,99,58,5
6.0069307846303035,100,101,56,4
3.6736082557661032,98,98,53,6
4.1953303623911689,98,99,54,5
1.6053459031059467,92,93,42,6
1.4674836787758783,98,99,46,5
1.3695971347030726,98,98,61,6
1.1245763951153411,96,97,54,4
4.7322453161648665,98,98,52,1
0.5327602278202674,98,99,43,0
0.9910780528908795,96,97,49,1
4.1844771444219822,94,94,49,2
0.4888793330709981,98,98,47,6
5.5708605166851743,100,101,52,6
3.4352061326915062,100,101,54,6
4.2257806357206587,98,99,42,7
3.2990386873577018,100,101,51,1
4.1297049408515214,98,98,56,7
3.2275823804650403,100,101,56,2
1.2234913484124093,96,96,45,3
0.6916483596598604,98,99,47,2
0.6675639363336227,98,99,51,0
2.9143201625540942,98,98,60,1
1.9735911616503512,96,97,53,5
1.9092730591548608,96,97,46,0
6.1992854143072282,98,98,54,1
4.3970545220698929,98,98,53,6
2.0146659475959656,98,99,43,4
4.6247730247832912,98,99,61,0
1.0698715192343380,98,99,46,3
0.5604933345105294,100,101,62,4
0.3307043096981460,98,99,51,2
2.5514587723720825,98,99,51,0
2.0557977046747284,98,99,58,5
1.9091439521258240,92,92,51,5
1.3261751321666937,98,99,49,6
2.9068232487148196,98,99,58,7
3.3453315511874444,100,101,58,0
2.7936689124708285,98,98,54,7
0.8125095779972121,96,97,57,5
2.1646171579954347,94,94,48,1
5.6425813366789317,100,100,52,6
5.3036352585565831,94,94,58,7
4.4476133996437373,92,93,54,6
1.2650335632538605,90,90,41,0
2.9294326727809539,100,101,51,1
0.9488872965267776,98,99,44,5
2.2479420672190700,98,98,49,6
1.5162683885782131,98,99,48,5
6.1373748639227408,98,99,52,1
3.0886550323798398,96,97,48,4
1.0785067058899631,98,98,47,2
2.7911405973911085,94,95,47,2
2.6813650908890381,98,99,57,0
4.4299840595929174,100,101,42,2
6.0451683947359411,90,91,55,2
5.3136482324742254,100,100,52,2
5.4499639763273962,98,99,56,3
0.1768875003726766,100,100,63,1
2.9044463438720634,98,99,45,0
3.2893786792515298,94,95,54,1
3.6991268533582167,94,94,47,6
3.6108480486456709,94,94,45,2
5.3929568512204931,98,99,60,3
5.4036084177923032,96,97,47,7
5.9641584383900090,98,98,58,3
4.4283368828938370,96,96,48,2
4.2693734174890672,96,97,44,2
2.3533874214739612,98,98,50,5
3.9448203874835670,96,97,54,0
0.5071715408648250,98,98,50,3
4.1236833081003281,96,97,54,0
0.6000216495427035,98,99,44,7
4.2784525348554441,100,101,52,0
5.5409153698988076,98,99,60,1
2.9130160498396847,98,99,48,5
3.9320330285956091,98,99,47,2
4.1070143353940916,92,93,43,5
1.5415989714785343,96,97,47,1
4.8994860932329400,96,97,55,1
2.2335402837709695,98,99,51,2
1.6175679058258146,96,97,48,0
4.8329856955780413,98,99,42,7
4.0412978275966767,96,97,56,2
4.5271959608068659,96,97,46,6
5.3312366398487869,98,98,49,2
3.9569766795401962,98,98,53,4
0.9415505779426956,96,97,46,0
5.4201884673335252,98,99,62,7
4.6430069439741608,98,98,54,7
4.2949044080826875,96,96,55,1
2.8820275300037079,94,95,51,2
1.4340259495429868,90,91,49,2
5.7033064098075998,96,97,50,4
5.6371700076285096,100,101,52,2
5.5113813064497901,100,100,55,1
5.6829460888583059,94,94,46,1
6.0127800058260084,100,101,53,5
0.2317673325544155,98,99,60,1
6.0625202510454503,100,100,46,2
6.1575090699014234,100,101,44,0
2.3185484777903858,100,101,57,5
4.6461848094754599,100,100,45,5
6.1529128917372073,96,97,43,3
1.0849936354536598,96,96,44,0
3.7075995705935934,98,99,50,5
1.9636583333493123,94,95,48,5
5.5999483425150176,94,95,45,4
3.3984959568490569,96,97,53,1
2.1079816261216391,98,99,48,1
1.9918450837367390,100,100,47,7
2.0067209631367957,98,99,52,1
0.1258632615171381,100,101,62,0
5.0549205123682253,100,100,46,4
4.1393760544595297,100,101,53,3
1.4237877093392295,98,98,59,6
2.1481494840907747,96,96,52,0
0.9791558796688532,98,98,57,6
3.3074870713065985,100,100,55,1
3.1716239387124685,96,97,43,5
6.2579904739701702,96,97,45,3
0.2431742724181109,94,95,45,0
0.9300647955890298,94,95,46,7
2.6621635121442258,96,97,54,0
1.4322355596200025,100,100,53,3
0.8952836896845757,96,97,52,6
4.3365003954420782,92,93,41,3
5.8505087421054087,100,101,51,7
0.4658121519839686,94,95,46,3
5.5722182779982834,98,98,52,5
3.4763991992006336,98,98,51,4
3.1608274308761279,98,98,57,2
2.3658187781894195,100,100,50,2
5.4694495078345824,100,101,42,6
5.0229987590937819,96,96,52,6
0.7414250250465191,96,97,47,5
3.3188176871177704,100,101,49,5
0.2683759633389834,98,99,59,4
5.8818099191842146,98,99,53,2
5.5013095422951084,96,97,52,6
0.4449678796124756,98,98,49,6
0.8371522267029045,98,99,62,7
0.1594356369812558,98,99,54,5
2.6110445993435363,98,99,55,2
0.8316007119665858,100,100,51,1
4.9165881842184156,98,99,47,2
2.7502141476973470,100,101,51,5
5.2592123946662337,100,100,58,4
3.2519941871206921,100,101,46,0
5.3959549412551313,96,97,55,5
0.7355927690859546,98,99,51,4
2.8336783843723770,100,100,53,3
3.8852634345152435,96,97,56,4
1.0002058293692098,98,99,54,7
4.6268605228904844,98,98,56,5
0.9513343462691248,98,98,59,2
3.9062306787119438,98,99,54,5
4.3111775124899072,96,97,49,7
4.7487803234660158,96,97,56,2
0.7523213740713856,94,94,44,7
5.7236538855242296,88,88,47,7
0.9240674718876867,100,101,44,4
2.0619314814156331,100,101,50,6
2.0727905264252411,98,98,48,1
5.4956284498525765,92,93,48,0
5.4064070734864549,100,101,57,1
2.6051408643944045,100,101,52,2
3.1939925603421004,98,98,59,6
0.2108225481374172,98,99,44,1
3.0788419074445246,96,96,48,6
3.5257228230947799,98,99,52,3
4.9709757513527286,94,95,44,1
4.8797828336203786,94,95,52,7
3.0007197840162392,98,99,54,5
5.6048603858730850,98,98,55,0
2.4869372674997368,100,101,41,5
2.0555494639297800,100,101,49,3
1.7304993248823524,98,99,45,4
1.8026209049019670,94,94,43,0
1.7810840349577721,92,92,33,7
4.0282971581150093,100,100,54,4
6.0083051646505519,98,98,53,6
1.5101390246820063,100,101,51,1
3.3188494996613329,98,98,58,1
5.8978095489912468,100,101,57,7
1.0414814189068280,98,99,54,3
1.5642197266746900,98,98,58,7
0.5511583576619833,96,96,47,7
5.4810925094432816,100,101,50,6
4.1105864463541160,98,99,50,3
0.3518314568062740,100,101,46,2
5.9450436873296990,96,96,48,6
0.7975425090186501,98,99,56,3
1.0862149006684314,100,101,54,0
1.0471201556661001,100,100,45,1
2.8707253274816469,100,101,44,0
5.7836606011744829,98,98,51,4
4.5847235927224110,98,98,57,2
6.1185103384540573,98,99,49,2
3.6935830538221537,100,101,54,4
1.8620946774016467,98,99,46,5
5.2883705422003819,98,99,38,1
0.1314486167324981,96,97,66,4
4.5131704970412541,98,99,51,0
3.2034976203209147,100,101,50,6
3.2440000250391763,96,97,45,7
5.6839203774628118,96,97,45,1
3.5137525999524994,98,98,46,3
2.1934359648896202,100,101,47,5
3.4127381731272401,96,96,47,1
4.0160699953127201,98,98,50,7
2.6167138995027410,98,99,56,5
4.0953048411726405,98,99,55,0
5.5176608437713686,96,97,43,7
1.2811023726662341,96,97,50,6
2.2591873518706973,96,96,48,6
1.8322879064033539,98,98,53,0
2.9806648209851927,100,101,50,4
0.7660624935014219,96,97,47,5
1.8410465592334773,96,97,59,7
3.3253431573339536,94,95,48,3
1.2707600176038529,96,97,56,4
0.5684872348942995,100,100,47,3
4.1733957190168400,94,95,47,6
0.9360889297326277,100,100,42,0
1.5617600909848677,100,100,41,7
0.1404792273774176,94,95,37,0
3.3402095021855760,94,94,42,5
1.3956785579226743,98,99,50,7
2.6940432635911682,98,98,48,3
0.9372471862143924,94,95,53,2
4.5314810954953710,96,96,41,5
3.0919004364384008,100,101,54,2
3.1386626342528334,98,99,52,5
3.6712014350216702,96,96,47,5
0.8326324140899730,98,99,50,5
1.5220610874743894,98,98,45,2
4.7206641547459647,100,101,56,2
2.1753989200051769,98,99,45,4
3.6074066273240639,100,101,48,0
1.9004406461433649,98,99,50,3
2.5239983679008393,98,99,53,2
6.0652833698826836,98,98,54,1
6.2308964859701312,96,96,46,0
3.8766862113999832,102,103,54,1
4.7124437951201923,96,96,55,3
2.4089343167651029,94,94,48,3
4.3181037306872918,98,99,52,1
5.7062452957862222,98,99,47,2
5.2749729728996879,98,99,46,7
1.3357315956132225,96,97,52,0
1.5170598156634951,98,99,44,3
5.4297198176573946,98,99,51,2
2.7734290341686361,98,98,53,4
4.6719447971778374,98,99,63,6
2.0724600951288776,98,99,58,7
3.8906534584288428,96,97,49,1
4.8336532438221207,100,101,46,4
6.0436837593424437,98,98,46,5
4.2417171881068469,98,99,45,2
2.8310147662218306,98,99,50,3
3.7207056369714921,100,101,51,5
5.8532060280795974,100,100,49,1
0.3210999629441617,100,101,46,2
1.7235127887221227,100,100,61,5
1.6622478104627192,94,95,49,6
5.7519885630375276,98,99,53,0
3.5034607484889078,100,101,44,4
5.6504525527478924,100,101,48,0
4.0463231572716394,96,96,48,0
5.8296451515463206,98,99,53,0
3.9698810951980503,96,96,44,6
5.5760167786896373,100,101,51,7
4.3240329423889010,98,99,56,5
4.9179213074424313,98,98,46,3
3.3570346589635394,98,99,49,4
1.4833799664718854,98,99,49,0
0.8584642164915469,100,101,54,6
4.4269643921804303,98,98,49,2
3.1599034443559888,100,101,51,7
3.9275129517193816,96,97,55,1
4.6774151425928432,98,99,56,5
5.4084636981893066,98,99,51,6
1.2490486253778863,96,97,54,4
4.2577308848505133,98,99,52,7
2.5412071871192530,98,99,47,0
5.8956740558422212,100,101,68,6
3.0060781987594267,98,99,59,2
1.6852598196864348,100,101,54,4
5.0553671017702984,98,99,53,6
5.6572203380532411,100,101,41,5
2.8214554251153556,96,96,50,2
0.5128699452978901,100,101,57,5
0.8573271053134366,98,99,37,4
2.9682844048974384,98,98,49,6
1.3788235359910719,92,92,50,4
6.2006110299508981,96,96,48,6
2.3048008612953921,96,97,53,7
5.9770631229873050,98,98,42,5
1.9644743639766786,96,97,47,7
5.5714672432187138,100,101,59,7
1.1208262966485278,102,103,36,1
3.5280831303727940,96,96,50,0
3.9282791152260197,100,101,63,7
0.5083229081941957,98,99,62,3
0.5994013751933137,98,99,46,7
4.1946127073934392,96,97,59,7
0.2805702012121031,98,98,53,6
1.9229925142658688,100,101,51,3
0.4388495753727074,100,101,46,4
2.6885245989240993,100,101,45,1
1.8194229868232110,98,99,49,6
4.3422435430140212,98,98,42,1
2.5356342287133531,96,97,47,1
1.2428988071225953,96,97,51,7
5.8876676170072564,98,99,53,4
1.7911242572216368,98,99,53,2
0.8504802791908477,100,101,53,7
2.8959995536038541,96,97,46,2
2.5389608250783295,98,99,56,3
5.1845279233983410,94,95,47,0
4.0495613929796761,96,96,47,7
1.7696371575762713,98,99,57,4
4.6754244837625061,98,99,51,6
1.3832052611280712,98,99,53,0
1.1903464859710129,100,100,52,2
1.2388750775619899,98,99,46,1
2.7906516698565951,96,97,45,3
4.1435125735973841,98,99,52,1
3.5509855613924515,98,98,43,2
2.4366964417916619,98,98,51,6
0.0482052423474629,84,84,47,1
3.1338908588980314,102,103,60,3
3.1189175358385763,98,98,49,6
5.1374221643472611,98,99,47,4
1.0376782644356253,100,100,55,1
5.1958679505344874,98,99,41,4
4.7635654021910367,98,99,40,3
3.9895900700350122,98,99,51,0
5.6678932059057532,96,97,47,1
0.6644803181654145,96,96,41,5
5.8731935420560353,98,99,51,2
4.1440602600562704,96,96,48,0
3.7662053447413237,100,101,52,0
4.6649229018530161,100,100,54,2
3.7552552156601671,98,99,50,1
4.5655388884703081,94,95,44,1
1.9942572142329320,98,99,51,2
5.7531277872646118,96,96,45,3
5.4078045337311931,100,101,54,2
0.5222698680017978,94,94,50,3
5.8856683484234278,100,100,55,3
6.1816651307455333,98,99,48,3
4.4502517409519848,98,99,56,7
4.1082429381076278,96,97,50,2
0.5477178985805599,96,97,42,4
1.1578127661675603,98,99,51,6
5.6056358256877061,98,99,61,4
2.4110536520711845,98,99,55,6
3.2863790335387590,100,101,42,2
4.0780267515110991,98,99,52,5
5.1341505891536352,98,98,53,6
0.6420134909494607,98,99,54,5
1.5998595500060830,100,100,56,0
4.5998559407867710,100,100,65,5
2.5878588714751602,98,98,59,4
3.6796850400812549,100,100,52,2
5.6118472967627389,98,99,47,0
2.5068892887109020,100,101,49,5
4.6287489224290308,96,96,54,0
4.8878073970576050,98,99,42,5
2.3068524015650684,96,97,52,0
4.3271818611212796,96,97,49,3
1.1686689500349994,98,99,49,0
1.2496330903916411,98,99,57,6
5.2459903740729708,94,95,53,4
5.2001006471419426,100,101,47,7
1.8301526518527962,100,100,54,2
0.2164607491339547,98,98,57,4
5.4829459431272927,98,99,49,4
5.5467403516712972,98,98,53,6
2.9490358128593930,96,97,55,7
4.8304770407213375,100,101,46,4
2.7129115860974653,92,93,53,3
4.0623107064308703,100,100,47,1
0.9971785386835355,98,98,50,5
4.1515710069583358,100,101,45,3
6.1598374112634673,98,98,50,7
2.8077333216316913,98,99,58,7
2.0568953462482593,96,97,54,0
1.4985087799320647,94,94,57,0
4.9685803724773479,100,100,48,2
2.7197470661625633,100,100,52,6
3.7769461083906002,98,99,45,4
0.0468461009255313,90,90,46,3
5.7425142275095844,98,99,51,2
3.9604971261893915,98,99,49,4
3.3543259757524457,98,99,53,4
1.5500357421255326,96,97,48,4
5.7403528858500588,98,98,45,2
0.3534162453995893,98,99,43,6
1.5471500401388376,100,101,50,2
2.8375119958351260,96,96,42,0
4.4871246519161829,96,97,58,4
1.8759969293626642,96,97,47,3
4.6588969543762566,98,98,48,7
0.2827386198205006,96,97,50,0
1.2182358227279642,98,99,56,3
1.6535872167426675,96,97,45,3
3.8324407804654679,94,95,46,5
4.2652957535941782,100,101,52,2
5.9530475009477666,94,94,49,6
4.2947243774134760,100,101,36,4
2.5178596410310554,96,96,50,0
3.4728422226666766,98,99,56,5
2.9658340727184198,98,99,45,0
3.5910923241390322,96,97,50,0
0.5034398690668530,100,100,56,6
3.1846436405585075,98,99,51,2
0.4196577407360745,100,100,47,1
0.0837495428855991,98,99,55,6
3.2373971847391068,98,99,57,2
4.6233952574953028,100,101,46,6
2.5712738344338848,100,101,47,7
1.6078124702759418,98,99,51,0
2.2984660466141746,98,99,54,1
1.2827040956946814,100,101,49,7
1.3657477375930178,98,98,44,3
0.2088761527369690,96,97,41,7
5.7164185966013976,98,99,53,0
4.5510076688176033,98,99,52,5
1.3642241364831535,94,94,52,5
0.7651422210973011,96,97,54,4
1.0679185207267483,100,100,58,2
2.8350551673333060,96,97,49,1
4.6877298932442626,98,99,50,3
1.9723717841083834,96,97,47,5
3.1925421432012913,96,96,60,6
3.2266132731455746,100,100,60,6
1.2836309498875638,90,90,45,6
2.9942916561328601,100,101,58,0
5.5645658317002775,92,93,52,4
2.8604971983184222,96,96,48,6
0.0417679433196619,98,98,55,0
5.5898998612111237,96,97,52,0
4.4252969219822553,96,97,50,0
6.0349666803771900,96,97,50,0
4.5099200779516018,100,101,55,3
0.4550739211491890,96,97,49,7
1.6477642478687495,98,99,48,5
1.9240703013393201,100,100,49,1
4.0043201160688540,98,98,50,5
3.5728331550479928,98,98,50,3
0.1790923246999689,98,98,37,6
0.4432481582271312,96,96,54,6
1.3905353636870776,100,101,50,4
3.2373615227102541,98,99,46,7
2.9067061070469684,98,98,49,2
0.6696599423444668,96,96,55,7
4.1983857071678337,98,99,56,3
3.9537666300561045,94,95,51,4
1.4606010065122852,96,97,51,3
3.9545140980122944,98,99,51,0
1.7970211556982387,98,99,49,2
2.8264574793971322,100,100,54,2
5.2487965979534721,100,100,59,5
0.6872555430106103,98,98,51,0
1.9847049916050397,98,98,55,0
4.9714627323580372,98,99,45,0
2.6427971843824443,98,99,42,3
2.6428278925676740,94,95,58,7
5.9787189451174738,98,99,56,7
4.1305251432395771,92,93,43,3
0.4816982476740833,100,100,56,6
2.3119872469182936,98,99,53,2
1.3616750945482676,100,100,52,0
1.7468122996424376,100,101,52,0
3.4868541635915524,96,96,43,5
1.0739271118927933,98,99,47,6
4.4982327198517940,98,98,50,5
2.7729079140706232,100,101,54,6
5.5612677481414661,100,101,60,0
5.6948104263226922,98,98,53,6
0.8510980461941516,98,98,51,2
1.1145103443357036,94,95,46,5
1.0745755125734711,98,99,46,7
2.9516550689658496,98,98,45,4
3.3659809440096953,98,99,48,7
3.9439327385711107,98,99,50,3
4.3173117689514742,100,101,51,7
2.4867046069956182,98,99,51,6
1.6556595141434041,98,99,50,5
5.6737607794175169,100,101,53,1
0.6653821363227496,100,100,47,3
4.1238639202519831,98,99,48,7
2.8629369493584762,98,99,42,1
3.6480554879896072,100,101,54,6
4.7098598305129649,100,101,48,4
0.4652588375368644,98,99,56,7
5.3216499790513767,98,99,51,4
3.2380114928561006,98,98,49,6
5.4305709613165334,98,99,49,6
2.4568595574993983,102,102,49,4
0.2910782603369572,96,97,67,3
2.8269507478279476,100,101,45,1
2.6282543555380808,98,99,51,6
5.3459343366340955,94,95,37,2
3.8952607652140503,96,96,50,0
2.1074209304569025,100,101,47,5
1.5281462155892540,98,99,44,3
4.6776005244593133,100,101,56,6
2.6961615576962719,100,101,52,0
4.8631979267131520,102,102,62,3
3.3668083698397711,98,98,46,1
4.7364099448624879,98,99,41,4
3.0897542196649663,98,98,57,4
3.6785318798659521,96,97,53,5
3.2331587211588300,96,97,47,7
5.9817091568953673,98,98,48,1
4.0228215829076630,90,91,42,7
3.8613682130602736,94,95,53,0
3.7006972812928756,94,95,52,1
5.7133697499944933,98,98,52,5
1.2688373497667949,98,98,46,3
1.1786621415650886,98,99,51,6
2.1503679819383765,94,95,49,6
4.3030015514817901,98,98,56,1
3.7586088862774809,98,98,60,3
3.8698452275248667,98,99,56,3
2.6170173293672607,98,98,53,2
3.3002776093509163,96,97,45,3
4.1450208939474242,100,101,58,2
5.2122749003740569,98,98,41,2
1.9783495752427300,98,99,49,4
1.4922500517593957,96,96,57,7
3.3630495255769119,94,95,50,5
5.7955344852280000,98,99,50,1
1.9681075616464778,98,99,37,4
4.3984508303368468,96,97,49,3
4.7812178866441943,98,99,52,1
1.7648710662168408,98,99,45,4
2.2260560867746388,98,99,53,6
1.8459910647240312,98,99,52,7
2.2741178874500227,94,95,52,3
0.1844140787554311,98,98,46,7
6.2025537354685447,98,99,47,4
2.9014590447310016,100,100,52,0
6.0300957731154856,98,98,52,5
0.4521047026112460,98,98,50,3
5.3988511424158707,100,101,52,6
3.6782433148655564,96,96,54,4
1.6428430555518281,94,95,54,5
4.8533200239585357,98,99,43,6
1.6346832165183440,98,98,46,7
6.1057326382721442,96,97,57,7
1.0442337619030828,96,96,46,4
2.4050572167017403,98,99,38,3
2.1099018535915022,98,99,58,3
2.4315962411017971,96,96,50,2
2.9725723743877652,96,97,40,4
3.4059720366095005,96,97,53,3
2.1480936076682977,98,98,45,4
2.8632517272045521,98,99,53,4
3.4996142143926390,96,97,44,4
4.0374521572177633,100,101,59,1
0.2468635054800823,98,98,54,1
5.5146834602086665,98,99,54,7
1.1484950241397416,96,97,49,3
0.2477410501755051,96,96,56,6
2.4416622579288925,96,96,53,5
1.8585773339100728,96,97,49,3
1.7234561458509117,96,97,44,0
1.1581975439044370,100,100,55,5
4.1043120809163023,94,94,45,4
3.0019010483891000,98,99,51,2
5.5916801027325231,98,98,43,6
0.6270678111327170,98,99,44,1
4.2046382064155434,98,99,54,5
1.2485584179585905,100,100,56,2
3.3075039171423382,98,99,51,6
1.8321371267570175,96,97,52,2
1.6333145152166684,96,96,49,5
2.4205891824942629,102,103,49,4
2.9128438305709459,98,98,48,5
5.3786810636306717,96,96,55,3
6.2015391708150842,98,99,50,3
2.3378234095998764,98,98,59,2
2.2062239343376984,98,99,36,1
5.3930364052255584,98,98,44,3
1.9957997218323442,96,97,48,6
2.7742525019604192,98,98,48,5
2.5148287941194138,100,100,52,4
6.1529775802208269,98,99,50,1
2.7406843330043382,98,99,50,5
5.3362154810318909,96,97,61,5
2.2547393174692880,98,99,47,4
6.0019466702669151,100,100,48,0
6.1196485299120882,98,99,46,3
3.1317713806615406,94,95,51,4
0.3672183921701193,98,99,41,0
5.5916195264911623,100,101,44,0
4.1061171654970110,100,100,53,7
1.2843886144568668,96,97,52,4
5.7497410284522203,100,100,47,1
5.6403804878457304,100,101,50,2
0.5803360106351477,96,96,56,4
4.0567389928718649,98,99,56,1
2.0189161966965132,100,101,59,7
4.3019890822076903,96,97,53,5
1.4411755503523043,100,100,47,1
0.9104097076833664,100,101,58,6
3.0024048154044798,98,99,46,5
1.6745197691529536,100,101,55,3
2.1517119571971559,96,97,45,5
0.3440416148253772,98,99,46,7
5.3863666755719581,100,101,53,3
2.8455238341948763,98,99,51,6
3.8533720134477085,98,99,58,7
2.0258178515397081,100,100,52,4
1.3011581569243609,102,102,57,2
2.1452510091586592,96,96,52,2
1.3300668624692615,104,104,51,1
3.6989073941675983,100,101,50,4
5.3195150729819014,98,99,48,3
0.1005491715081451,100,101,47,3
5.9754676380457266,100,100,49,5
3.5272159954432691,100,101,45,7
2.2689121170425732,98,99,48,3
3.9792505918204166,100,100,56,2
1.8186733115550808,98,98,50,3
0.9250984267214187,92,92,42,0
0.3490771896052220,100,101,50,0
5.3085938843554121,96,96,50,2
2.5228053641562052,100,100,57,7
0.7737308557108622,98,99,54,3
1.4359734389537433,98,99,55,0
4.3768249525129903,98,98,55,2
3.0464137333088828,102,103,52,7
6.0396292120322999,102,103,57,0
2.9811735479130217,98,99,48,5
4.4995816646476001,92,93,40,2
4.1888021471229848,98,99,49,0
4.0059791208294842,96,97,48,0
0.2744664617137094,98,98,51,0
4.5446742777870544,98,99,44,7
5.5223507370004521,100,101,56,6
0.5724820877514394,100,100,57,7
5.5162486292564337,98,99,40,5
2.4960560279105137,96,96,45,1
4.1577118805771667,98,98,48,1
2.3189563019314416,102,102,51,4
4.2574785361672580,98,99,44,7
5.4792727785239581,100,101,56,6
4.4684110893629754,98,98,51,4
0.7136977585098864,100,101,56,6
5.8714978723296030,98,99,49,6
4.5667953907107792,94,95,59,2
1.7579049781301228,100,100,53,5
2.8722442125690142,94,95,44,1
6.1156207162484550,98,98,53,4
1.4564350432564668,98,99,55,6
4.7906137691275346,96,97,51,3
4.7162013048835334,100,101,56,0
4.0971913554666726,100,101,57,7
3.9154121012491552,100,101,60,0
2.5000918369619312,98,99,55,6
2.5912934042447637,92,92,43,3
0.5371655225779939,96,96,52,0
3.3292743064834696,96,96,44,2
4.3868857986038972,98,99,54,1
2.5809361453999249,96,97,50,6
4.4634753311826447,96,97,42,6
4.9283287024427134,98,99,46,3
1.6996899388334390,100,101,63,3
4.7883857225749251,98,99,60,3
4.7320102164946096,98,98,50,3
3.4340005964799745,98,99,51,4
0.5434776095825399,96,97,66,4
0.8333910860152843,100,101,56,2
5.1878446087813206,96,96,43,5
6.0201745686835881,100,101,49,1
5.8518666808739859,100,101,55,1
3.9520994813690353,96,97,58,4
2.5652660697109262,100,100,47,3
5.6874857137865433,98,99,51,6
5.1148760892124816,98,99,51,0
6.0947984861654660,100,101,54,6
0.9997828263632516,94,94,49,2
0.7670217138461675,98,99,47,4
1.7181820061781281,100,101,52,4
4.9678287190256558,98,98,50,7
1.1065402625336769,98,98,53,4
5.1991181640393025,98,99,52,5
0.7083174827690580,98,98,52,3
1.6026039957780931,98,99,51,6
0.7819294742338032,96,96,52,2
5.2911433987210490,92,92,37,1
5.8181899801366086,98,99,47,4
2.8637965980277782,98,98,53,2
3.8760407442586389,100,100,53,3
0.3566469220395457,98,99,62,7
2.6182351132639998,98,99,55,2
5.4058261796114291,100,100,59,3
3.1148843942885867,98,98,48,3
1.8645077638432390,96,97,37,5
5.3030193608238489,92,93,55,7
5.8192598878365036,98,98,48,3
0.1136961444348543,100,101,48,0
0.2118683088703590,98,99,53,0
0.4131535219007064,98,99,55,0
0.2732431509159534,98,99,55,0
3.3791304536238953,98,98,46,7
6.0155061922132260,96,97,49,1
0.1160764489554779,100,101,51,7
0.3741544456180591,96,96,51,7
3.1701425874363571,98,99,48,5
6.0851914087916699,98,98,52,1
2.1247836674543028,98,99,54,1
6.1291471253114915,96,97,53,1
5.7102220377020636,102,102,52,7
5.8033035617471125,98,98,45,0
5.7527698753508236,96,97,48,0
2.3861375545983687,98,99,52,1
4.1661669207221381,98,98,52,3
0.8551167590870021,100,101,43,3
5.0550608826867629,96,97,51,3
0.1992038162438437,92,92,54,0
0.4170058666765364,100,101,52,2
0.6801399394691159,98,99,58,5
5.9246141225548046,98,98,52,1
4.7954206799083030,98,99,50,5
4.1177618672588236,98,99,55,0
5.5340840681914880,98,99,54,3
5.4817782995201965,98,98,47,0
3.7146710605090898,92,93,57,3
0.6299251444865197,100,101,44,4
3.6491865985981584,96,96,55,3
4.2404964882712335,100,100,59,7
6.0528558933818282,98,99,63,6
3.9925742264538449,98,99,41,6
4.7889575500955806,98,98,42,7
1.1425298437173239,98,99,53,4
4.6159131350928044,98,99,50,3
4.1193115525474786,96,96,43,5
0.2412209987244821,96,97,47,3
1.3655084216946309,100,101,45,7
4.7667076892033542,98,99,46,3
5.3432778083918464,98,99,53,0
5.2864732973288602,98,99,56,7
1.6392314514122033,98,99,54,5
0.3468430125292383,98,98,42,5
2.5506851665024679,98,99,49,0
1.5922935634381847,98,98,41,6
2.8807357520643855,98,99,45,0
5.7716155490898364,98,98,58,1
4.5310110974358002,98,99,58,7
0.4965122865509837,98,99,50,1
0.5964334375684232,98,99,59,6
6.0886296818332895,100,100,56,2
0.0546070318848075,98,99,48,7
6.1465626658504044,98,99,52,3
5.5704060771002650,98,99,45,4
4.0309831869172026,96,97,44,6
5.2865116166356207,100,101,58,6
1.6847943419937201,98,98,47,4
2.8215619287436837,100,101,46,2
5.7579286273925776,102,103,47,0
2.6957586788514423,98,99,45,4
2.3209734658528465,92,93,38,6
2.9781938655616318,98,99,44,1
2.9069802263938698,100,101,46,0
2.8208095276937528,98,98,41,0
1.8035933569931060,96,96,53,7
3.9646178969552452,94,95,45,2
5.8158460184076457,100,101,41,3
2.5984484080189816,94,95,50,3
4.8915336600169841,98,98,53,2
3.5841129241064400,98,98,41,6
3.8242105274689955,98,99,62,5
1.3322996753894061,98,98,49,4
5.1778058834466689,96,97,62,2
4.2279426746102668,100,101,51,7
1.9223738394185561,96,96,54,2
2.5816390753817382,100,101,48,2
1.4785685237445512,96,97,52,4
5.4858818942747751,96,96,49,3
2.6628351685123230,100,101,62,0
4.7761163678687542,98,99,56,7
2.1973476273374852,96,97,56,6
5.7015696440929808,96,97,50,2
3.0559007977150543,98,99,56,7
2.8190242210173939,98,98,49,0
4.7620331704184409,100,101,55,3
5.6303625476193790,100,101,47,1
4.8222553472056227,94,94,56,1
1.2794195624951248,100,101,49,7
4.1631673653904882,100,101,45,5
5.2604092679853176,94,94,49,0
3.8706252947894040,98,99,56,5
0.0374271869406735,98,98,48,5
3.3710369023378157,96,97,53,1
0.4683317618965270,100,101,50,4
6.1812864568458208,100,100,55,5
1.7323311745250201,96,97,56,6
5.5010909778330186,96,97,51,5
0.6219997225856827,100,101,47,3
0.1588400960158314,100,101,49,5
0.1650522237350975,98,98,40,1
1.1201593532653262,98,99,56,7
0.5806613519786435,100,100,56,2
0.8504617699250439,98,98,56,3
0.4928122256407170,98,99,55,0
0.7360744168797274,98,99,35,0
4.2228852085096049,88,89,44,0
0.2828933718703888,98,99,62,1
2.8305445189897456,94,94,54,3
1.8634649907900955,98,98,57,6
1.7146132528405107,94,95,51,6
6.1135792844518351,94,94,45,6
5.9541552767791899,100,101,50,0
2.7712314416744328,98,99,49,0
1.5031701267434274,98,99,57,2
0.2985994063755776,100,101,54,4
2.4076290153197175,96,97,46,4
5.4485360029958283,100,101,47,1
2.2824784270927645,98,99,50,1
4.9021497637270617,98,99,54,1
4.8125103250494901,102,103,56,5
4.1015565187140979,96,97,52,6
1.6693347688226492,96,97,50,2
5.2605403349121467,92,93,52,4
4.7126585784068551,98,99,47,2
6.0028822425734640,98,98,56,1
3.9289351384337396,98,98,59,4
3.1313932562903424,98,98,42,1
4.6076056428361962,94,94,58,3
3.4578015589000479,100,101,48,0
4.2044330537459507,100,101,55,7
4.7771537607104797,98,98,52,3
3.2753662363238170,94,95,59,4
1.5598370661358367,98,99,62,7
5.9211822250217345,98,99,41,0
3.6640877023805469,96,96,51,1
0.1921509570449300,98,99,50,1
2.4331806275453687,94,94,44,5
4.4550738973021682,96,97,55,5
3.5181396886381018,98,99,53,6
1.9929827021278965,96,97,55,3
0.2642344954163971,96,96,52,0
1.6425991873043484,96,96,50,0
3.9126538211627997,100,101,53,5
0.0119219480967372,98,99,56,5
6.0509571796487025,98,98,46,5
3.8344905285590429,100,101,58,0
2.8084489313002856,94,95,44,1
1.4306172576205205,94,95,46,1
0.5989425358519699,98,99,46,5
2.6607075757954903,98,99,45,2
1.7816263245329522,98,99,49,2
0.1703227162467930,98,99,54,1
2.7759972658798984,98,99,52,7
6.0612867106503110,94,95,43,2
5.7505961274757551,96,96,54,2
0.4151236448960855,98,99,57,6
2.5948151523416270,98,99,49,2
5.7268947794038354,98,99,52,7
5.1434237130633660,98,99,56,1
1.7512665970705978,100,101,55,1
0.7565416106771898,98,99,41,4
1.6804754243777660,98,99,46,7
2.4714812331247225,98,98,37,4
2.3638384896022053,98,99,49,6
2.7711768647168800,96,97,56,4
4.0481615492295075,100,101,45,1
0.6720418275260129,96,96,48,2
6.0949907274309743,96,97,48,6
3.2424086987497094,98,98,47,0
3.2182015517985265,98,98,53,2
2.8275376142663395,100,101,52,6
3.3669475667391771,96,97,50,6
5.9516086542221540,96,96,49,5
0.1283413787708249,98,99,50,7
4.9871209387012616,96,96,40,2
1.6125194937034215,98,98,52,3
4.8902478119822206,98,98,49,4
0.2503212665765017,98,99,51,0
2.8727262309387966,100,101,49,5
4.2613925701941602,98,99,50,1
5.2116040953388811,100,101,44,4
3.2824862042108101,96,96,53,3
5.5578618606025918,98,99,53,4
4.0175257016270400,100,100,53,3
2.5413010349074177,96,97,45,7
4.5050940103096426,98,99,48,5
0.0267656063818838,98,99,46,5
3.1989381209478096,96,97,52,6
0.5083025228023991,98,99,44,5
2.3609544798080235,98,98,46,5
4.5603039759151285,100,100,50,0
5.4044484829516914,100,101,52,4
5.5343327466853989,98,98,56,1
0.2903402072776869,96,96,51,3
5.9374701130310408,96,97,42,0
5.2471850489298184,98,99,52,1
0.5707717073756577,100,100,54,2
2.6892000499824951,96,97,57,5
0.9299915341767393,100,101,51,7
2.1328158998754523,100,101,55,7
3.7966382820993569,98,99,57,0
4.8885790723400744,96,96,45,1
5.7844392042554222,100,101,55,3
4.2345711366123835,98,99,46,7
6.0906229104266014,100,101,46,2
6.2370251943818111,96,97,53,7
5.2849945180248019,100,101,64,4
4.0378658578122737,98,99,45,6
3.0035822969003374,98,99,48,1
4.1621451567817394,92,93,47,7
4.4256119858644549,100,101,51,1
5.4619029520084785,96,97,54,6
0.9964351743757222,100,100,53,7
5.9354117368378159,100,100,50,2
1.8374415487783384,100,101,44,6
5.8356618721320714,100,101,51,1
5.7909802331282698,100,100,45,1
0.7078884450252765,100,101,55,5
5.6223404130482946,98,99,55,4
1.8496414695637622,96,96,48,2
1.4877675215321213,102,102,52,3
6.2714720168395077,96,97,54,0
3.3094649251798192,98,98,49,4
0.8871628900677319,96,97,53,7
2.8895548191877163,96,97,53,7
4.1817540383759804,98,99,49,0
5.7570821192075821,96,97,41,5
3.3100463161986760,98,98,53,4
6.0905073172156969,100,101,50,0
4.8520838301163938,100,100,46,2
5.7926978413558343,96,96,51,3
5.1229052813447051,98,99,44,1
0.5987436752684220,96,97,56,0
1.2329475620808334,96,97,40,2
0.9847143291858615,98,98,53,2
5.4870298547518397,100,100,58,2
5.5462845238058289,98,98,55,0
5.4264961030065528,100,101,54,4
3.3970085009913018,96,96,43,5
2.4796572452388235,98,99,52,7
0.3812433743006483,98,98,56,7
2.2372693957135401,96,97,50,2
4.7525174726869555,98,98,45,0
5.7038613343437117,98,99,54,5
6.2192424377582745,98,99,54,1
0.3063932384841260,98,99,43,2
1.4390874259153215,98,99,55,0
3.4279057290602992,100,101,43,7
0.7458605195745678,98,98,49,4
2.5738107382901054,98,99,52,3
0.0836678168830572,96,97,54,2
4.7541995122646670,98,99,54,5
4.2977534600305329,96,96,52,6
0.5269312019943257,100,100,53,5
4.1300307389595385,96,96,49,5
3.1526752127669870,100,100,50,4
1.2614238344565150,98,99,56,7
6.0839765734632785,98,98,58,7
3.2718036910780772,100,100,53,7
1.2740754448780405,100,101,56,2
2.1377498979311182,98,98,49,0
0.4121649666774961,98,99,56,5
6.0130780713734788,96,97,60,0
3.8862166892181227,100,100,52,2
3.0444903381135613,100,101,47,7
2.6308351482494592,92,93,53,1
6.0578534552167378,100,100,51,7
5.2691571319553345,100,101,44,6
4.7468937200524515,100,101,42,0
1.4998720941135142,98,99,49,6
1.3833901703753380,100,101,49,3
2.6102479246642152,96,97,50,0
1.6531718805383746,100,101,55,3
4.7024568217616656,98,98,41,6
4.8581380112304888,100,101,52,4
1.8100484061126920,98,98,63,4
0.1814380622823277,96,97,54,2
4.3153556216758755,98,98,57,0
2.2487664801171730,100,100,61,7
0.8051572720285231,98,99,55,0
4.3789595285981022,100,101,65,1
5.7348330923557524,100,101,50,2
2.1230749500456763,98,99,47,0
6.1952098551199208,100,101,54,4
5.0892611735276843,96,97,47,1
5.9903759866470168,100,101,53,7
5.9842368580515135,96,96,51,7
1.6683314246565968,96,97,48,2
1.1773458388824760,100,100,51,3
1.4833553506530102,98,99,46,5
3.3885812060754650,98,99,44,3
3.5573883548801031,100,101,56,4
3.6316966906033246,96,96,54,2
0.4937909629234891,100,101,54,2
5.6863695937224810,96,96,44,4
5.0757550967988809,100,101,50,2
4.3555546027652925,98,99,46,7
5.9487958366065943,96,96,52,2
5.7991718805745087,98,99,56,3
2.1130477845017976,92,93,43,7
1.4012717964178394,98,99,49,4
2.1602756898378366,98,99,51,2
5.8527483326644649,96,97,50,2
4.5845466702435234,96,97,46,2
0.4403196366750654,98,99,50,3
3.6664800770515567,96,97,55,3
5.5757872376156286,96,97,44,2
2.8156043266204294,96,97,51,3
2.3902069254354945,102,102,61,2
5.0977051132027169,98,99,57,0
4.9239367526106950,98,98,50,3
6.1792330834801845,98,99,50,7
1.9003566385262256,100,100,61,1
4.9017229983046402,98,98,47,4
2.2890566735453879,98,98,50,1
1.9035603414541489,96,97,50,2
5.1502770454238220,100,100,50,4
6.0938975004938678,98,99,47,4
2.1416439152391682,94,95,44,5
3.4480206225123613,96,96,55,7
4.5590252456118039,100,100,52,0
5.5779654937563796,100,101,46,6
0.0926122989862038,98,99,50,1
1.5843733195688536,90,91,41,4
5.7132875129023564,100,101,52,6
0.8633814976484833,98,98,48,1
1.8844610678398370,98,99,71,6
4.3121858907567594,98,99,53,2
1.1373848263279425,98,98,49,2
4.7937276977479408,100,101,51,3
4.9316275999795476,96,97,37,3
2.3307251335415051,98,99,46,3
5.6231114561335200,100,101,51,1
3.2600361735690888,98,99,51,2
2.3497685963442319,96,97,42,4
5.6921097290408973,100,100,38,4
0.0929280638162688,96,97,49,3
0.0166755593684712,98,99,51,6
1.9527217627829208,94,95,57,0
6.1610886401440057,100,101,52,2
4.5777594121797387,96,97,51,3
5.0028523931149422,98,98,55,2
5.3762006752183247,98,99,52,1
0.5996361716942440,98,99,48,7
1.2723010099341499,98,98,52,3
3.0415777788266558,98,99,62,5
1.3083307224745175,98,99,59,0
1.7433792396255896,100,101,56,6
2.1271260744544618,100,101,54,6
1.1804270135036510,98,99,49,2
1.2369460575421305,98,98,45,6
0.4859503967113615,100,101,54,0
5.7398453055831276,96,96,43,1
1.0995270916086708,98,98,51,0
2.9384356017494757,100,101,45,1
6.0316274050558372,98,99,44,7
3.5678718808048777,96,96,56,4
3.4601820745361374,96,96,49,5
3.8876537880909949,98,99,57,2
4.1888829377697796,98,99,59,2
5.4919052024811821,100,101,47,5
2.3546229155588714,100,101,52,4
5.5716891690409316,98,99,52,5
5.1849138360716180,92,93,46,4
2.6821957994952226,100,101,49,7
0.3039292723728278,98,98,48,3
5.7081131086418795,98,99,50,3
2.3661620528712910,96,97,52,0
2.8476781651034520,100,100,52,4
2.8785366718609526,100,101,47,5
0.2920029770787010,98,98,48,7
5.6419055700961636,98,98,54,1
1.1528610893788023,98,99,54,3
3.2093750212092331,96,97,49,3
4.3883590810748077,100,101,44,6
0.8761260671301750,100,100,62,2
1.4654357968978191,100,101,51,3
0.9277912774444462,98,99,44,7
6.0246435469600641,98,99,60,1
3.6566711511763539,98,99,58,5
5.3502605225665834,96,96,53,1
1.0519331832825554,96,96,57,3
6.2129271850535064,94,95,45,0
4.6184897638947628,96,97,52,2
1.3813116020026961,98,99,61,4
5.2255814964830138,98,98,57,2
3.4258210277726571,92,92,54,4
3.6302804330942648,100,101,54,6
2.0513614472406556,98,99,48,7
1.7671579779993711,98,99,55,6
5.3958677196149880,98,99,41,6
4.0177261688329073,98,99,49,6
0.4167113254833621,98,99,46,5
5.4669665917660906,100,101,47,7
5.9448227018930249,98,99,48,1
0.5414749784195173,98,99,43,6
0.7286916942235373,98,99,49,0
0.8899105449725014,96,96,46,0
6.1884965652822261,100,101,53,7
0.2984094072197682,98,99,52,5
1.3780093467304904,100,101,45,5
1.8199152328205941,100,101,53,5
4.8483427114813020,98,99,51,6
5.0584531382360876,100,101,56,2
4.7963006316701069,100,101,48,6
0.7604365184658070,100,100,50,0
4.4815304895126387,98,99,53,0
3.4264983702264673,98,99,56,5
0.3355105199076617,98,99,48,7
2.3728446277643891,98,99,45,2
4.0060704183060878,98,99,53,4
3.7966307259256031,100,100,53,7
0.0509837887668619,98,98,49,6
1.1862552787823353,98,99,51,0
6.0798956981424856,100,101,44,6
2.1008360626309028,96,96,50,0
4.1204737148716291,96,97,59,5
5.7125379198254826,98,98,55,2
2.3141555575171906,98,98,45,0
3.4062734656990807,98,98,47,4
4.4650224080225369,98,99,57,0
5.5204037237987462,98,98,51,4
2.1647360953522261,98,99,44,3
1.8251373428075393,100,100,55,3
0.0029314435881065,98,99,61,4
4.5110239916370718,96,97,53,1
0.1500824007088565,100,101,58,4
0.5807103847523947,100,101,59,1
5.2404452185407813,98,98,44,3
4.2609528552789593,98,99,53,2
0.0674357810103342,98,99,50,1
4.0500178635791153,100,101,52,2
3.5778061180437697,100,101,52,4
0.0722672492970018,100,101,56,6
3.3325873652778242,100,101,56,4
5.7696729833296994,96,97,52,6
4.2363156167856211,100,101,47,5
4.4847297705034013,96,96,54,0
5.8773884990595446,98,99,45,6
1.5145689294074607,98,98,49,0
2.8249007671890398,98,99,51,2
5.5621168740621876,100,100,46,2
2.2947279280889323,100,101,58,4
0.4458421657304781,98,99,53,2
6.0680223146124153,100,101,43,5
4.8770470924189331,96,97,55,5
5.6178606025024216,100,100,58,0
4.8442785654370528,98,99,54,3
4.2338264136067796,98,99,53,2
0.6244374203233083,96,97,45,5
3.9469532801425378,96,97,46,6
4.2814201423275762,98,99,47,2
4.1796360813166196,98,98,45,2
6.1367384358139097,100,101,50,6
2.1929804564087068,98,99,52,1
3.6019209943911177,94,95,47,0
0.2100038652298782,96,96,53,1
4.4291498663363331,98,98,54,3
4.8550898542782930,96,97,55,1
6.2802074841509112,98,98,49,4
0.8239853880040535,98,99,56,3
1.5720104644976838,96,97,56,2
4.5153166479408542,96,96,51,5
0.4200488318968039,98,99,54,5
6.0390829302973916,100,100,46,6
0.2634180623853542,98,99,52,1
2.1304700216786432,92,93,47,7
2.9054790203116965,98,99,50,3
4.6283537873102034,96,96,53,5
2.8758005372543356,98,99,53,2
5.1852547904306769,100,101,63,3
6.2718139553878141,100,101,46,6
1.1759715422973953,98,99,48,5
3.9788895090333303,98,99,47,2
4.7498145952215873,98,98,51,2
2.5281463416360093,96,97,51,7
5.3539894417939342,98,98,48,1
3.0212033929064619,96,97,51,5
3.7439950322839999,98,99,50,3
5.9328513261044442,96,97,47,7
5.1587488146871712,98,99,47,0
4.8769463672406106,98,98,52,1
4.0728671690750238,98,98,43,6
0.4349165077418802,98,98,55,0
3.5894576132687335,96,97,45,3
1.3675845046684041,96,97,52,0
1.6016143527920543,94,95,50,5
2.2593384295102701,98,99,47,0
0.0661675526691757,96,97,50,6
1.2671185784284917,100,100,46,4
2.4907506828635895,98,99,46,5
6.1443069011097391,100,100,57,1
4.4351144406669185,96,97,48,0
2.3222688536951885,100,101,52,2
5.4542054515803358,100,100,53,7
2.3789646403761733,100,101,53,5
5.9908291863139116,98,99,44,1
1.4360084689990678,98,99,62,7
3.6204796751245842,96,96,39,1
0.0771249315487015,96,96,47,5
3.1026169031586117,98,98,48,5
5.9558744153275605,96,97,54,6
4.1858083959676478,98,99,54,1
6.2208568514619804,98,99,42,7
4.5068361820351406,100,101,41,7
3.5949486098977017,98,99,57,6
4.3450176486311758,96,97,48,0
2.6408649558654318,98,99,53,0
0.1319612968303850,100,101,49,3
1.4944892863554085,94,94,53,0
2.4337211311908922,98,99,45,6
3.7046991251761403,98,98,47,2
0.9464660456072700,98,98,49,6
3.7016942837625688,98,98,49,2
3.8425060548388590,96,97,48,2
6.1295668965256249,96,97,52,4
0.9378988305436187,96,97,48,0
5.2440842424806995,96,97,52,4
0.2252057239219981,100,101,50,6
3.6666242142562462,98,99,42,5
3.2349552348203030,96,97,53,1
2.9463656468392458,98,98,51,4
0.5747040207855214,98,98,51,2
3.4524871463476852,100,101,51,3
6.0796832200515603,98,99,64,5
0.2118268830745412,90,90,47,0
2.1360637015113442,98,99,40,7
0.1170106648639402,96,97,59,5
4.5714722789248405,98,98,51,2
1.1752985076560984,98,99,57,0
0.0265631529535636,100,101,58,2
4.1589026455624420,98,99,44,3
2.3792565605886349,94,95,45,6
3.7119043296604928,96,96,50,4
1.6997336777765601,98,99,45,4
2.9166839159414160,98,98,42,7
2.9293745318733886,100,101,55,1
3.3692851959581378,100,101,51,3
1.2562726645501860,98,99,49,6
4.1849525532647220,96,96,62,6
4.4596054414469561,100,100,46,2
3.1946189081393261,100,101,55,7
4.6237389944697949,96,97,51,1
3.3733316049410766,98,99,61,2
4.0452198946815656,100,100,53,1
4.5506927974225047,98,98,55,4
3.8711493157854679,100,100,52,0
5.6034415720942565,98,99,51,6
2.2706265329678699,100,101,47,7
5.9446696688664753,102,102,59,6
1.7669194283449061,98,98,53,2
3.9286579434054625,96,97,56,2
5.9856456294062621,98,99,55,0
2.8713575734760255,100,101,53,1
4.2549242806830820,96,97,55,5
2.6385256140593412,102,103,52,1
2.4032342574085730,96,97,57,5
1.8942432933467881,100,101,59,1
2.7576617980592788,98,99,49,6
4.5494104603534984,100,100,54,6
0.7884481414225254,98,99,55,0
4.8013990956195771,98,98,57,6
5.3243153490356532,98,98,49,6
1.7302510330369885,96,97,54,4
1.0119812053156592,100,101,48,0
3.9803628699415063,102,103,59,0
5.2985521356241190,96,96,53,5
2.0646371285319698,100,100,45,3
1.7008550126204665,98,99,55,2
0.8619035288792992,94,95,50,5
0.3411158715893721,88,89,47,1
1.3664160357820456,100,100,44,4
5.4281440872121340,100,101,53,3
3.0917057178874798,96,97,48,2
5.0096890836620078,100,101,52,6
5.7936528785238615,100,101,53,7
5.2780471025905893,98,98,56,5
3.6794484963008709,98,99,42,7
4.0329430085838895,98,98,49,2
0.2927522030016443,98,99,56,5
4.1970008483295596,98,99,59,2
4.8273224139256783,96,97,53,1
3.0833497374280951,98,99,43,0
1.5511806071847951,100,100,40,2
0.9546954312947327,98,99,48,5
1.8108271429251657,98,98,49,4
1.0827641581472525,100,101,54,6
1.8716132215352095,96,96,47,3
6.2324370754082503,98,99,45,4
6.1822013313214788,98,98,49,6
1.6489392468717361,100,100,45,5
1.9703021905091738,102,103,48,7
0.5793813910924375,100,100,50,6
3.4466457492607709,96,97,50,6
5.8410452204431715,98,98,56,7
1.8601120907297735,98,99,52,7
0.2967280792333881,100,100,48,2
6.2060717544600079,98,99,47,0
1.2877582145558588,98,99,50,7
5.9901690994267920,98,99,52,7
2.6528826018188925,98,99,44,3
4.2595461124246583,102,103,52,7
6.2791395919724575,100,101,50,2
1.8144565482155606,98,98,59,2
3.6548703393410218,98,99,54,7
4.4892083527755755,98,99,57,4
6.2090942960491589,96,97,47,5
6.1643055049908870,98,99,57,2
4.4247309463000937,100,101,52,0
0.8360481498456512,96,97,53,5
5.8503673644447725,96,97,49,5
1.9064370609661361,96,96,54,6
0.6787762961183914,96,97,54,6
4.3754919095147855,100,101,53,3
1.8136453284115013,100,100,57,5
3.4111805887879041,98,98,63,0
2.6721487079962110,98,99,51,0
1.4371235578240773,94,95,37,0
0.5501288555485676,100,100,52,4
4.7121984060762552,96,96,48,0
4.6193528465495053,96,96,52,4
0.8151045363649432,98,99,52,5
0.3688446983737521,98,99,53,4
0.4386686622856474,98,98,56,3
0.2640127977860706,98,98,57,6
4.3345357982296733,100,100,60,4
3.5642564475581242,98,99,42,5
1.2786271838783145,96,96,41,3
4.6892856188614713,98,98,53,6
4.2839222838747322,100,101,58,2
5.2256776003787992,98,99,52,5
2.7775748924525745,100,101,60,4
1.5836129777418768,98,99,46,3
2.5123813819967014,100,101,56,6
1.2936336995039339,98,99,53,0
4.2117290629249498,98,98,54,1
3.7623543859228752,96,96,64,4
3.5572294969628735,98,99,54,1
2.5308968570686221,98,98,46,1
3.3134129170481956,100,101,49,5
3.3520047820438954,94,95,40,5
3.6717607846635705,100,100,51,1
5.6442528109745886,98,99,55,0
2.4889849295322799,100,101,59,3
4.6414847032950419,98,99,51,6
5.6061043412512062,98,99,56,7
4.7217185784858540,98,99,55,2
5.6914491518334387,100,101,66,6
5.2796170383903620,98,99,39,2
0.1391512211490652,98,99,60,3
4.0736278917328628,98,98,52,1
1.4556792124129374,96,97,57,7
1.3469126762290839,100,101,55,1
5.5426552372847535,100,101,56,4
1.8536466024418099,98,99,52,5
0.9312393023754695,100,100,49,7
0.6284937834539708,98,99,39,0
1.2390988831762273,100,101,56,4
0.0362072601335144,96,97,62,0
0.4914495258300195,100,101,50,0
5.4588432501521531,96,96,43,3
4.9123101857526654,96,97,48,2
4.3341134201074496,98,99,53,2
1.1260834288345827,98,98,44,7
2.8910039104263130,100,100,52,6
2.7576499918077642,98,99,55,4
4.4899645176741334,100,101,51,3
2.8343930885159585,98,99,54,3
1.0721084514425590,98,99,51,0
0.9200441215923654,96,96,43,5
4.3544474333725791,98,99,43,2
2.7282228721019974,96,97,56,4
1.9408374463546787,100,101,49,7
5.7140736717406861,98,99,54,5
5.6888579392626299,100,100,50,0
6.1472202365643218,98,98,48,3
5.1341735845776375,98,99,51,4
1.3308240719587934,98,99,54,3
1.3384521263065770,100,101,48,4
2.2299472796111015,96,97,48,4
6.0959128785716246,96,97,40,2
6.0788309096787634,96,97,45,7
3.5395050526347571,98,98,54,3
2.5088662208063810,98,99,54,1
0.7344992264954082,98,99,55,4
2.5996949329262473,98,98,50,7
1.4220480055878333,94,95,51,6
2.0727660413606994,98,98,51,0
2.4555009303465662,100,100,48,2
5.3983442269411857,98,99,52,5
1.8404056424120085,100,101,54,4
4.3908687109833364,96,97,43,1
0.1742503262786912,98,99,42,1
5.1094427617299081,98,98,49,6
5.1986888891831269,100,101,43,3
2.9112761742845175,98,98,47,4
1.3996199783287886,94,95,43,0
4.2380307302015332,96,96,51,7
3.0921471238006055,100,101,45,3
1.2965401271910781,96,96,52,4
5.7336838498788945,98,99,49,4
3.3961055525191997,100,101,51,1
3.9673474569833638,92,93,49,7
2.8239667609360732,90,91,42,5
4.0866100963818885,100,101,55,3
4.9185850378668032,100,101,46,0
0.4841700597445696,98,99,44,7
2.5449309600733709,96,97,41,5
4.5488764348626560,100,101,52,4
2.0005708436072331,98,98,49,0
5.8692944829557199,98,99,38,7
5.4628680200787398,98,98,52,3
6.1707338578368782,98,98,54,5
2.7391406630725403,100,100,47,3
0.2190194023735435,100,101,68,0
5.3400340905868005,100,101,49,3
2.2674592539447738,94,94,50,7
3.4401788465248941,98,99,51,6
3.2046635907475514,90,90,52,7
4.9118316624063230,98,98,45,6
6.0042329985470371,98,99,56,7
2.7743968448009273,100,101,52,6
4.8352455045715912,92,93,42,4
0.3967991155908284,98,98,54,3
4.8430332306831243,96,97,58,0
1.0076609467607478,96,97,49,3
0.1477349582842021,98,99,46,7
5.8669716753333487,100,100,51,3
2.7740003930639716,98,98,52,7
3.6361165509780107,98,99,61,6
2.1437994582439064,100,101,49,5
5.8699242167227057,98,99,54,3
3.6060275487194691,98,98,53,0
0.7950017861076983,98,98,57,6
2.9348884522710903,98,99,49,0
1.6168916868630017,98,99,47,6
5.1945760384640964,96,97,41,5
6.0211134328839258,98,99,56,5
5.0260845768857276,96,96,46,6
4.1458740019169449,100,101,49,7
4.3468471467567946,100,101,58,4
2.6748847842461703,96,97,43,1
0.3855818823475206,98,99,50,5
3.1634303463320843,100,100,47,3
6.1393956377705265,96,97,54,0
3.8214562496375168,98,98,51,2
4.9787670195786431,102,102,61,0
3.4998604045153265,100,101,51,7
2.3008526465690462,98,99,46,7
5.6637288753128692,100,100,45,1
0.3962190020616786,100,100,51,3
5.4078994558662483,98,99,47,6
2.4552237706507616,100,100,44,4
3.6998528100940447,98,99,53,6
4.7353148922655901,100,100,52,0
4.3912200280817615,98,98,49,6
3.2393524721538176,98,99,51,6
2.1324122659217908,98,99,52,5
4.8543068660466044,96,97,54,4
1.3634137014147414,100,101,53,3
2.4460513192377324,94,95,49,2
2.0329221912668842,100,100,58,0
6.0015161998043052,98,98,50,7
2.7616809424288395,98,99,47,6
2.8111534704775618,98,98,48,1
3.6713027980300104,98,99,44,5
5.6951470311499177,96,97,43,5
4.0618268471155146,94,95,42,3
5.1689011072161062,98,98,46,7
2.5805897624084833,100,100,55,3
3.5566592166933715,100,101,58,0
2.6641629848549262,100,100,43,1
1.6902005556768136,98,98,52,3
3.8246063566991162,94,95,40,7
1.0824252064699391,98,99,51,0
1.2190953731650194,100,100,59,7
5.2887642722850785,94,94,49,4
4.4239619301467048,100,101,53,5
2.5562735766304510,98,98,51,4
5.2135660334580249,96,97,49,5
3.7981997352369823,98,98,48,5
4.4486417397066118,100,100,46,0
0.8860850182234806,100,101,54,6
5.1985690878314550,98,98,50,5
4.8471504467042053,96,97,47,5
4.3941142475444952,98,98,61,2
5.5328594923704166,100,101,49,3
2.1488899725363528,98,99,58,5
2.6085364933277306,98,99,53,0
4.7323415993381062,98,99,56,3
4.9657452686099672,96,97,45,1
0.3276368142712699,98,98,51,0
4.9174282480109266,98,98,46,7
3.1992383530327624,98,99,52,3
2.2863790697791901,96,97,55,5
3.0550289393059322,98,99,51,2
0.9653309456418282,98,99,48,5
1.9899108962179644,100,101,50,4
4.5432953015088922,98,99,62,7
5.4436924431971700,100,100,56,6
4.6483738589644048,98,98,51,0
1.4577576786577244,98,99,53,2
2.8750444210457489,98,99,50,5
0.1891226834434940,100,101,59,3
0.7013809098920621,98,99,53,4
0.0997421203717260,100,101,45,5
4.7807082884560756,98,98,52,7
4.3101543095954948,94,94,50,5
3.0259090731729259,94,94,46,5
1.5149878096451204,98,99,52,5
1.6664959448061440,98,99,42,5
0.7072024651164633,94,95,46,1
3.1698792743407278,98,99,57,6
3.5684579574480608,98,98,52,5
5.7530775498934874,98,99,39,6
0.1139471404465407,98,99,50,3
4.7862423087098742,98,98,45,2
3.8679709917058029,104,104,53,3
2.4446055680399690,98,98,52,7
6.0384048847562610,98,99,54,7
0.1220924434029462,96,96,45,7
5.9287422942469448,98,99,49,0
5.5464351993538683,96,97,53,1
4.5267584622803394,100,100,45,5
3.3015524942112173,100,100,50,6
3.6917314016912184,98,99,55,6
3.5417091830683316,96,96,49,3
1.0713909462154627,96,96,51,1
4.3168718608979191,98,98,46,3
5.8023417060421369,100,100,46,2
2.4134086666493006,94,95,48,5
5.1460679931091535,98,98,46,5
0.6493391876328397,100,101,55,3
1.7602940976124046,96,97,56,2
2.9576699971093525,94,94,52,5
4.9406274261174827,98,99,49,4
4.3196656929642110,100,100,46,6
5.7288254392788023,100,101,49,3
3.5896876114748126,98,99,49,2
5.1379369510265978,96,97,53,3
2.6301042667621726,98,99,46,1
2.7482397431716041,98,98,55,4
2.6267959012506097,100,101,46,4
4.6758565218350592,100,101,62,4
4.6230547341386439,100,100,55,3
0.7614272106787799,98,99,59,0
2.1077542436576095,96,96,50,2
3.9727219293453655,100,101,40,4
3.3500308529109177,98,99,61,6
3.9170175489262413,98,99,48,5
3.0026205194137536,100,100,47,7
3.3722242216333385,100,101,52,4
1.2268473259128359,94,94,47,2
0.7242567347708555,102,102,54,7
2.3644207264221677,96,97,45,3
5.0089270500075287,96,97,42,0
1.2026972385999766,98,98,43,0
1.7109589866587334,96,97,48,2
2.0930819481982605,96,96,57,7
4.5292097425577120,100,101,58,2
0.0306131808811981,94,94,44,7
6.0129328016805221,100,101,40,2
1.4386304543264625,96,97,48,6
1.3747361076532214,96,96,50,6
6.0960599731324647,100,101,44,2
4.8306787496968093,100,101,50,6
5.8800237488492710,96,97,48,6
6.2160601284025070,98,99,52,3
5.6024005383797650,100,100,50,2
2.1341887746854167,102,102,47,2
3.9769439658765311,98,99,50,5
2.9991821282049957,98,99,53,0
0.9076167918394564,98,99,61,0
5.0437899236073909,98,99,51,0
5.8357022813103852,98,99,49,2
0.8338937752625954,98,99,54,7
4.4933427305704345,98,99,48,7
1.0358589111574308,96,96,50,4
1.1294172119432517,98,99,59,0
1.0861990719040651,100,100,57,3
4.5441213254053165,100,101,54,0
2.3563586685113878,98,99,51,2
3.7285253841004469,100,101,49,7
5.3193649806942513,96,97,50,0
0.8862517770214766,100,101,58,0
0.8680019372267578,98,99,60,5
2.8149408511967429,100,101,53,7
4.5326297667825202,96,97,44,4
4.4427832609591151,94,94,51,4
2.5272902153623962,98,98,38,1
1.5493111147690479,96,97,50,0
0.7991355349629440,100,101,50,4
4.3253130284853398,98,98,55,2
3.0460941083328303,98,99,52,3
0.5001075720713796,100,101,44,0
5.6374752772190515,96,97,56,0
4.0456647890041877,98,99,47,4
1.2698289899879929,98,99,53,6
1.0141976727999418,98,99,54,5
2.7926115508360807,94,95,39,6
5.8407085359150805,92,93,41,7
1.3454616481579180,94,95,45,2
4.4415778748723165,96,96,49,5
3.4420616029731601,98,99,47,4
5.1467204766711347,96,97,46,0
5.1885162270374607,98,98,51,0
4.4781833704985008,100,101,51,1
3.4481742940105469,98,98,56,7
1.1619810599790252,96,97,54,2
2.9244423011578111,96,97,51,7
3.5339325661116652,100,101,53,7
3.5220180863057249,96,96,48,2
0.5470643920306717,96,97,42,4
3.2829583598635712,98,99,57,6
5.0267916693738455,98,99,54,3
3.6732153007019517,98,99,57,0
0.8463200346124036,94,94,51,0
4.3671889613003305,100,101,58,2
3.9451404270765651,96,97,52,0
0.9274468887566844,100,100,57,1
0.4976211923974793,94,95,48,5
0.5562532413444075,96,97,42,4
5.7829976293260827,96,97,51,7
5.1441081157744248,98,99,51,6
1.1091771484599704,96,97,50,6
2.2689976875196054,98,99,43,4
5.0103775362979528,100,101,54,6
3.1519595200158772,98,99,59,0
3.6250846401139833,100,101,56,4
0.6115450981811417,96,97,63,1
5.3705568654561686,94,94,47,4
4.7323289467974030,96,97,42,2
4.3117771273975167,98,98,50,3
2.3880402908745877,94,95,47,0
1.8487772975924144,90,91,45,4
3.6891498807575922,98,99,54,5
0.1552089492161531,98,99,60,7
5.5626017832047143,96,97,44,2
0.7693693378000819,100,101,49,3
5.7921553240448898,96,97,47,3
4.5375282488160149,96,97,49,5
4.2925209516723912,98,99,52,1
1.2816885600375396,100,100,54,6
2.0753151815802489,100,101,53,5
0.9879837559276942,94,95,46,7
3.6182603032929506,98,98,51,2
4.5403380264934006,96,96,54,0
1.3839341060062629,96,97,53,1
1.3197557359324779,98,98,56,1
3.3995572368634690,96,96,51,1
3.3215484117324996,94,95,51,6
4.1711396596494508,94,94,52,1
4.3645945645459099,98,99,47,6
0.7863521059697356,96,97,54,6
3.8424905175152824,96,97,48,6
1.9434133062219920,98,99,44,7
0.7261822141337959,100,101,54,4
6.2430443595671541,98,98,45,2
3.4194792879292697,100,101,50,6
5.4400324420121606,100,100,54,6
2.8038600868416870,96,97,49,5
0.9204379695397528,98,98,47,0
5.7415249897146650,100,101,56,4
3.6525233855513819,96,97,51,3
5.3947258354356666,98,99,50,3
3.9921104638581042,94,94,47,0
0.8215554363073914,100,101,47,3
0.5547485572369012,94,95,54,3
4.3115793084146343,94,95,49,2
3.4671648783636879,100,101,43,3
3.5453547691404372,96,97,48,0
3.6928069266959822,98,98,53,4
2.7702009816706852,98,98,60,1
1.7640094893058706,98,99,41,2
2.7165390504416465,98,99,51,0
0.9131719715270119,96,96,47,7
0.7074838492382487,96,97,41,3
0.6487961742057698,98,98,42,1
0.5880715095779886,98,99,59,2
1.6501039962894843,96,97,54,2
4.3083122088049102,100,101,62,4
5.8426328807888437,98,98,47,6
1.1589723722614047,102,103,52,5
1.4643888722613523,96,97,52,2
2.4017107310115589,98,99,48,5
0.7028727234251257,98,99,50,5
4.4618880222506734,98,99,50,5
0.4617711349637101,98,98,45,6
0.1320027924254865,98,99,53,2
5.0599651711530811,98,99,52,3
2.8350587927177169,98,98,47,0
3.6908496210296038,100,101,61,3
4.0894624404545583,98,99,53,2
4.9293134015537037,98,99,53,0
1.8848035762808089,98,98,55,2
5.9909036643891866,98,99,44,1
4.1125864826114968,100,100,47,3
5.2974076500150442,98,98,58,7
3.7134794698739708,94,94,46,3
3.7420504986905940,98,99,52,5
6.2409259271477575,98,99,49,4
4.8311540746493193,100,100,43,3
5.9917352415109235,98,99,51,0
2.3834144931592189,98,98,50,7
3.1190812446904319,100,101,49,3
3.4206968768840147,100,100,53,3
4.8471419724059883,98,99,48,5
1.8426221863644281,100,101,52,4
5.3343077523877422,100,101,46,4
5.1087303278981491,100,101,55,5
3.0949477909478369,94,95,47,2
1.2905233159641880,100,100,61,7
3.3239375629218473,98,99,56,1
5.2244967831890587,96,97,58,6
3.4045557981413639,92,93,36,0
5.7960786588886792,100,101,45,3
4.4349049875308584,100,100,54,4
1.8639298130338942,96,96,53,3
4.7871312235260790,100,100,56,2
5.3285875524911699,96,97,50,2
5.9797426060119765,96,97,54,2
1.7826448794633809,100,101,50,6
1.4350998229436973,100,100,50,0
4.9151400584292979,98,98,48,7
3.7866443886692265,96,97,50,0
5.7317567971449632,96,97,61,1
3.0946836729246288,94,95,56,3
5.3401650388873048,98,99,46,1
5.4071362245507402,100,100,51,7
4.7806389143456745,96,96,46,6
1.9451087341245414,100,101,52,0
2.5475416821357162,96,97,46,0
1.2390385399802140,98,99,48,5
4.4874317075026680,100,100,57,7
1.3497919568507208,96,96,43,5
2.8818224063325713,98,98,45,4
1.3620006825417703,98,99,51,2
1.9579729365693306,100,101,40,0
5.3100788705866817,98,99,43,6
3.5551546199348216,100,101,57,1
2.3049850654779975,98,99,42,5
0.5009263991863951,94,95,51,2
2.7019658138459075,100,100,55,7
5.5562409726304391,92,92,49,1
2.0733725353513579,96,96,43,5
0.3612767627106844,98,98,47,4
0.0742757981316021,98,98,48,7
2.7593905013524926,96,97,52,6
0.7631287818731867,98,99,55,6
2.8935843422486962,96,97,62,0
0.5258213361320332,98,99,44,1
0.3704896021266868,100,101,52,4
3.6472643180477484,100,100,50,6
0.4578307995495332,96,96,50,6
2.2733166569642322,92,92,52,2
3.7843187114289965,98,98,51,4
5.4995546076977320,96,96,48,2
0.7556729865486653,98,98,53,2
1.8886774803057653,98,98,55,0
4.7986359617528187,98,99,48,3
3.7906101378163548,100,101,56,4
0.2705855648703073,98,99,64,7
5.6604548523081490,98,98,53,0
3.5123332931131079,98,99,69,6
3.4266334741548690,98,98,53,4
0.7136325172339701,96,96,46,4
5.0521271641006908,98,99,54,5
4.3822420164843559,98,99,42,1
4.0838499759965314,100,101,50,0
0.5470572339488516,100,101,48,6
4.2538274775333260,100,101,56,4
1.1260650541315205,100,101,52,0
5.6727957148127262,96,97,61,7
0.3619729706020554,102,103,52,3
4.2094275873474807,96,97,55,3
2.8862116782872649,98,99,40,7
5.4620912234850199,94,95,49,4
0.3919544475268161,100,101,42,2
4.2127330134332182,106,107,49,4
0.4665684377268245,98,98,59,2
1.8182194330599557,96,97,51,3
2.1375913351004590,98,99,56,3
2.9215315022544335,98,98,42,5
1.2953806319713352,98,99,51,0
4.6341409900824759,100,101,53,7
5.7025609029602808,96,96,46,2
2.6712556847389051,94,94,46,1
3.9114375637832142,98,98,50,1
0.8214359459111433,92,93,58,4
4.4886318171197086,98,99,53,0
1.9230128673985485,96,96,54,0
1.0666932591322114,94,95,52,7
1.3725524891171548,100,101,51,1
1.4631210985868841,96,97,49,7
5.4104667544265785,98,98,58,5
5.7047842518506524,100,101,53,5
3.8063414569386267,100,101,58,6
5.9003569609573780,100,100,54,4
5.0598829518157258,100,101,43,7
0.7756785532889064,100,100,49,5
1.0225882471373458,100,101,58,2
4.8170798896749618,98,99,49,6
0.5892812148496246,98,99,52,3
0.5279563956315867,98,99,53,2
0.0349411680247474,98,98,45,0
5.4296247092009509,94,95,54,1
5.3419723807547408,100,101,64,6
3.0189539178225870,86,87,51,6
1.7811689938556940,100,100,51,5
4.8736024062392183,94,95,46,7
4.7408163762967082,96,97,48,4
2.6965254357950172,98,99,55,0
1.7307031942739193,96,97,56,6
0.0067215093649107,96,97,52,4
3.8636236941238380,98,98,59,4
5.4877420562422721,96,97,48,2
5.6301415008995521,94,94,54,1
4.6539855079103765,100,100,48,0
0.9442106338398174,98,99,55,2
3.3643654363693209,98,99,55,2
1.7675331721099041,100,100,46,0
2.4116665749125104,98,99,52,3
5.9374776978178865,98,99,52,3
4.4458551430890267,94,95,49,0
3.7294990895926849,98,99,47,2
4.2941739683321876,96,96,50,2
1.1940257215570447,96,97,56,6
0.3023782374202541,100,101,58,0
0.1036537114972403,98,99,57,0
2.0907853883668701,96,97,49,1
1.9297848073296366,100,101,48,0
5.7466465320954399,98,98,48,3
4.3625419279940578,98,98,46,5
0.7877559896356395,98,98,50,3
1.5388685788575522,98,99,48,3
4.9368629576285770,100,101,53,1
0.3527843607168378,98,98,50,7
2.8593512104128260,94,94,47,0
1.2232186082133112,100,101,55,7
3.2883995814756766,100,101,54,4
4.6869777743976044,96,97,47,3
0.3643434401435184,96,97,46,4
5.7411154851927728,98,99,49,0
5.6896628271467362,98,99,59,4
5.2566031623563223,96,96,52,0
2.9826438190934290,104,105,42,0
5.5644651233992093,92,93,49,5
1.1544191951222189,96,96,51,5
5.9471190443174651,98,99,49,4
0.0410566380035046,98,98,47,0
1.0268940907553594,98,99,49,2
5.3593033236578407,100,101,58,6
2.2090777976274820,98,99,50,7
2.4241519936953293,98,98,58,5
2.0513223939344232,94,95,45,0
1.9515127917217017,100,101,60,6
1.2225321668986855,100,101,62,0
3.0405885142936362,94,95,49,0
1.2878451308599665,100,101,49,3
0.5491363923349455,96,97,44,6
4.0294623762517929,98,99,54,7
4.2626485770109976,98,99,53,6
4.3380883249478588,100,100,39,3
1.2066427938909650,98,99,55,0
2.5943902680824964,98,98,55,4
3.3667142728301616,98,99,47,0
1.1958431780995227,94,95,47,2
1.0306794662930832,94,94,43,4
0.7331138059102837,100,101,51,5
3.6474358044984592,96,97,55,3
3.2621891831411820,98,98,55,0
4.9140125286221004,98,99,47,2
2.1421785020867277,100,100,52,0
2.3726175773330809,98,99,53,6
4.8786198456747671,94,95,55,0
1.4078720072538604,98,98,49,0
4.4521794428503698,98,99,50,1
1.2979972124380326,96,97,51,3
5.1079651054892370,92,93,50,2
3.8842303100651643,98,98,51,0
1.6026975429284980,92,93,47,3
1.0932687124099527,96,96,40,4
2.2356729231829262,96,96,61,3
5.2297276072643015,92,93,55,1
5.0142565689609615,98,99,59,4
1.7987663215262575,96,97,55,1
3.7879232078596599,100,100,54,2
4.8803177500999411,100,100,48,0
0.7542725108325469,96,97,47,7
5.0241867894505123,100,100,44,2
1.4898670770802542,98,98,52,5
2.2329381523452252,92,92,45,5
1.7511554833530780,100,101,60,2
6.0096831104518751,98,99,49,6
3.8731412068419711,102,102,43,6
4.8449865206478080,98,99,47,6
4.5693343710461711,98,99,44,5
1.5434161788638261,96,97,45,1
2.4623136787548745,100,101,52,4
5.5340149832510344,96,96,55,7
0.4110919074882634,100,100,47,3
1.4431372171520953,98,99,52,3
3.7807017691010816,98,98,50,7
6.0441390904680450,98,99,52,5
5.0071235290175640,98,99,52,7
0.9064213891832308,98,99,55,2
2.7774916326849319,96,97,46,6
0.6131023011254646,100,101,62,6
3.0112969677018540,96,97,43,7
4.3995305858615703,98,99,55,6
3.0029025380550132,100,100,43,7
3.1060071737885444,100,100,49,5
1.5969006844703963,100,101,48,0
3.2284458480167899,98,99,53,0
5.2931418088407014,100,101,46,0
2.3360706558526405,100,100,44,4
0.3647269221201177,94,95,38,3
2.6059380692825864,98,99,52,5
1.4908666740668937,100,100,53,3
3.6414683950039546,100,101,55,5
0.9449077733738114,98,98,55,2
1.6365923972727321,96,97,54,6
4.4171925982276283,98,98,57,4
3.6356143329114188,96,97,50,0
5.7218394884175039,100,101,44,6
3.7922539557992865,98,99,53,0
3.1306240041312008,98,99,54,5
0.2598802329561111,96,97,52,2
5.7345166339688216,100,101,60,0
3.2939742204784244,100,101,48,6
2.8010507588963911,96,97,45,7
2.1317421121197877,98,98,48,3
1.1711657997146114,96,97,49,1
0.1647951710638906,100,101,49,3
2.8630062483877006,100,100,56,6
4.8402340800044463,96,96,56,6
4.1349385832437235,96,96,55,3
4.2238154879736900,98,99,35,4
3.2569626419501025,98,98,44,7
3.9443061178975656,98,99,64,5
0.0492318650170187,98,99,52,3
3.4535319386919596,96,96,48,4
1.5844088196231447,100,100,45,5
3.3964485867829386,96,96,50,0
0.8916657087983120,96,96,45,1
1.6106522932618461,96,97,51,5
3.8398261344597202,100,100,44,4
5.6610491689121174,98,98,49,4
4.5034215133609274,98,99,59,6
0.4504170289526917,100,101,50,0
4.9590535806255742,92,92,45,7
0.6429348263686290,100,101,53,5
0.0295761750118754,96,97,49,7
1.5682846404838759,100,100,57,7
3.2817491008752966,102,103,51,6
4.1191176296178043,92,93,47,1
4.1002968694184503,100,101,55,3
0.1629628149458279,96,97,46,2
3.1043252443896154,98,98,53,4
3.9408625355218656,100,100,51,5
4.7495223564659428,98,99,53,0
3.3125979253505502,100,100,52,4
4.2677496251786895,94,95,53,2
3.7888448963001591,96,96,51,5
2.1059408509904554,100,101,57,5
2.1313371251172986,96,96,49,1
0.1486383587260526,98,98,52,5
5.6949179574114490,100,101,58,0
0.8089469920037168,100,101,48,6
2.7165044071687765,98,99,61,0
0.8711831883829813,98,98,45,0
1.6388466408591118,96,96,48,6
0.4922842116249145,98,98,49,2
4.3534366139374363,96,97,59,5
0.2051977144404359,98,99,53,6
5.6852084418757691,98,99,44,1
3.3764888410871405,96,97,48,2
6.2408107019207222,92,92,45,3
5.8552592321882342,98,99,42,7
1.7847564483362497,100,101,50,2
5.4362574357213154,98,99,55,6
4.5526086257148268,100,101,53,1
2.4398564282336559,100,101,53,1
4.6992047073183363,94,95,45,4
1.8223434153143061,100,100,52,4
3.9901251381201472,98,98,51,2
6.2808159833278516,100,101,53,7
4.7128272083345593,94,95,52,1
1.0474138184017812,100,101,58,0
0.3358520096026453,98,99,45,4
0.6026000802988508,98,98,55,2
1.1438463129659895,96,96,54,0
3.4189052059054084,98,99,42,3
2.1143766003156639,96,97,47,1
1.9421189577510793,98,99,48,1
4.8025149808934202,100,101,48,0
5.4032583879153941,100,101,57,7
2.6110227936321828,98,98,51,6
0.9725075759072265,98,99,47,6
2.2096712602327631,98,98,54,1
6.2415423683942617,100,100,55,3
0.2502963559640812,98,99,47,0
5.9338749300156008,100,100,59,1
3.2889036459097909,98,98,56,5
2.8372706697085608,98,98,46,7
0.0701881399287074,98,99,51,4
3.9409810979307762,98,99,49,6
0.4443090726048741,100,101,48,0
2.8519917510578181,98,99,50,7
2.8815549474207982,96,96,46,2
1.9392486265843094,100,101,46,0
1.8436147190394174,98,98,45,4
0.5830552328521965,98,98,56,5
1.8646509760562680,96,97,49,1
2.0291181571720394,98,99,50,5
3.4161348243382790,94,94,45,2
0.2286992785800612,96,97,54,6
1.8979441242150481,94,94,47,0
6.2720210081481627,98,99,54,7
0.4325642590200243,98,98,49,0
4.5400884311643415,94,95,49,4
3.3507364130858921,100,100,52,6
3.9898189705464899,94,95,49,6
4.2818460047915083,98,99,56,1
1.2171531566516709,98,99,55,0
1.5543083536847973,98,99,45,4
2.2159733767748668,98,98,49,0
3.3387181926640346,98,98,58,3
4.2822143551548653,98,99,51,4
5.4769922257950538,96,97,43,3
0.1792629597837644,98,99,53,0
1.8186359168592972,98,99,48,7
0.2113475497294450,100,100,53,5
1.8827024501663716,98,99,52,1
6.1792070156554075,98,99,59,6
5.2839438993155809,98,98,50,5
0.0314737011929417,98,98,44,7
0.0762768817925373,100,100,60,4
2.6701015237704895,92,93,46,4
1.6929914636457188,100,100,49,5
1.5981781274743572,98,99,55,6
4.3486965099959534,100,100,60,2
4.4850041628244766,98,98,51,0
1.8769386573480684,96,97,45,7
5.3623876145158667,98,98,49,0
4.0522806220724048,100,100,48,0
3.2164478548519466,98,98,49,6
3.1284031883579448,98,99,52,3
3.1658829234009569,100,101,54,2
5.4141050996843996,94,94,49,0
3.9474941258404130,96,97,41,1
3.1760011236063717,92,93,55,1
3.2160054070410160,102,103,50,5
5.0019147357098692,98,99,55,0
1.3176611635736710,98,98,49,0
6.1527948281633629,98,99,43,0
0.8856084379342510,98,98,48,3
1.4366330696048151,98,98,51,2
2.6909388152448743,98,99,58,3
0.5700912274676835,100,101,57,5
2.7494668154441961,98,99,47,0
2.7838479756830190,98,99,46,3
4.6444678987760719,98,99,54,5
6.2244387079881163,98,99,55,6
3.5352787886191117,98,98,38,5
1.9889953986228759,94,94,38,1
5.2226466263143054,98,98,49,4
6.1119043003899547,100,101,54,2
3.7459259314732445,98,99,58,7
0.7158421144776181,98,99,42,5
5.8662108007478979,98,98,53,6
0.9867925305436266,92,93,44,6
4.2677842841730369,96,97,50,0
2.8547699384606409,100,100,58,6
6.2685908209664278,98,99,53,4
5.3506768958467559,100,101,56,6
0.1148863166316261,98,99,43,6
4.8956037655289091,96,96,47,7
1.6640060720683103,102,103,46,5
5.3007527065237730,96,97,46,6
0.2771351634418806,98,98,54,1
4.9787132858178786,100,101,46,0
6.1478809194485642,100,101,65,1
5.5136156864644850,94,94,58,7
0.1403133723983835,98,99,51,2
2.0619958637384528,100,100,47,1
0.7559027175264611,98,99,50,5
0.9494902028890939,96,97,44,6
2.6762042628309493,98,99,41,0
5.3089837290657540,98,99,48,1
1.9009207236591821,100,101,51,1
5.8122192573026483,98,98,53,4
0.0591089573522219,98,99,45,2
5.9373349465895959,100,101,56,0
0.4720095469697666,96,97,45,5
4.2223582455965447,98,99,47,0
3.6831100270731345,98,99,48,5
4.9683964957040905,98,98,47,4
2.5217643643093455,96,97,43,5
1.5940788288009728,98,99,54,1
0.2296916388138023,100,101,50,2
2.8231118453589774,98,98,51,6
1.3524096167570052,98,98,54,7
2.6282860627397762,98,99,53,0
0.8926728770247951,98,99,56,7
6.0622751096522229,96,97,46,4
1.5570744772973719,94,94,46,3
0.1925423951557565,96,96,50,4
3.9557434346232401,98,98,53,4
3.5672665690964749,98,98,50,5
5.5006588545871971,100,101,51,1
5.8158412052968984,98,99,54,3
2.0218306772523844,100,101,48,2
5.3192418757604525,94,94,48,7
3.3980974805139943,100,101,52,4
5.9405925607703640,96,97,44,6
5.1256757385689005,96,97,57,7
0.6664927923658212,96,96,48,4
1.0280139034220892,98,98,49,6
4.1149115132273621,96,97,50,0
3.0653186981149210,100,101,40,2
4.4331998433036199,96,96,44,2
5.1084821952581523,98,99,52,5
1.6044031005146890,98,98,40,3
3.3262649813014078,96,96,52,6
3.1719298136103840,100,101,60,0
0.4627940346515816,96,96,54,2
0.7702313439241759,98,99,47,4
2.7425676324286532,98,98,56,1
5.0666448718022314,98,99,55,6
5.0611674445443180,98,98,52,7
1.2415775651901546,98,99,53,2
4.6957596757007689,96,96,51,1
1.8505729371866892,94,95,55,0
5.0495206132215751,100,101,55,5
2.6771487184972624,100,100,44,0
2.7582722593999494,100,101,52,0
2.2486489545036825,96,96,50,4
2.4120075126968463,100,100,53,7
1.5381097277495219,98,99,50,3
0.0301537881357369,98,99,50,1
0.3031492751251414,96,96,36,6
4.9013914988738216,92,93,45,3
5.7504558364024199,96,97,47,5
2.9267645690078279,100,101,50,2
1.6351340033544388,90,91,40,7
3.1145431743087797,104,105,50,4
0.6312036375180688,98,98,61,4
0.2638482206281095,92,93,56,6
1.8979409925066359,98,99,57,6
5.3650092159986489,98,99,51,6
1.2177769543538981,98,99,50,1
3.8416379993647056,100,101,43,1
5.4475245562565169,100,100,53,5
0.9791113807573478,98,98,44,5
0.5438870763292261,100,101,56,2
0.4827424176675222,94,94,53,6
0.0032464561339927,102,103,48,5
2.2366944168491378,100,100,57,5
4.9060609912922200,98,99,52,5
1.3392856462449421,98,99,49,4
2.1151653291198032,94,94,51,0
6.0097766355327442,100,101,45,7
2.1256027925078791,98,99,48,1
2.0122560525061566,96,97,51,5
3.9563054191416893,98,98,47,2
5.1293152083706754,98,99,42,1
3.4576648519731221,98,99,51,6
0.7728004033577155,98,98,44,3
4.5172650504895007,98,98,46,7
5.4501209209818269,98,99,47,6
3.5195281501038762,98,99,55,6
4.4521801303554733,100,101,53,5
4.8022981196194223,94,95,52,5
1.2244345485338264,98,99,52,7
4.9079750231098869,98,98,42,5
4.6059702102719351,98,99,49,6
1.4898041267519027,96,97,45,5
2.2888657068514586,98,99,51,2
1.6082298961845616,100,101,61,7
1.7945645165108626,102,102,54,3
1.8430706725849304,98,99,52,1
0.8954693539794616,96,96,44,6
5.6377400608131918,100,101,46,4
3.0957628272753550,96,97,48,4
4.0042458183831160,100,101,53,5
0.0422250367141129,98,99,52,1
3.6068070371143137,98,99,43,0
4.7597692011605073,100,101,50,2
0.8948657010669400,100,101,49,7
4.2962228060818752,96,97,53,7
2.1683107154310703,100,100,51,7
4.8314763210063720,100,100,60,6
5.3360759686290917,100,101,55,5
3.8475662940379349,96,96,47,3
4.7683345828046324,100,101,52,4
5.6121183603063303,98,99,49,4
0.3805963690859154,100,100,49,5
5.9680300370696031,100,101,51,5
1.7028125684060420,96,97,54,4
2.9911836120879132,98,98,56,5
4.2902090285313088,96,97,51,7
2.0090783998644159,100,100,55,3
5.7529283856548679,94,95,44,3
0.2387571952635318,98,99,52,1
4.1866154453603022,100,101,55,5
5.9053898215774847,96,96,50,0
1.7889793914157075,100,101,60,6
1.6379513307457974,100,101,51,7
5.2518518801703991,98,98,45,4
0.0089217993761172,96,97,45,5
0.9002251042924423,98,99,48,3
1.1887863042057079,98,98,58,7
1.3295363790356975,96,96,54,0
2.3789783856725921,98,99,54,3
3.0026733501631777,100,101,50,6
0.7909863731862189,96,97,51,7
3.6102548157164134,96,96,48,0
5.7791966506590864,96,97,48,2
0.4275772492301026,100,101,60,6
3.4410645331849006,98,98,47,4
3.1450435779283676,92,92,40,0
0.0688575460401725,96,97,53,3
0.8735194311164333,98,99,53,6
4.1557324055323841,100,100,44,0
0.6974702600556929,96,97,50,6
2.0751757595267697,98,99,49,0
2.8542954975191583,98,99,49,4
3.5631844392505583,94,94,54,1
0.0900390978694922,96,97,50,0
4.5083301188933600,94,95,49,6
3.6405302630442216,96,96,48,4
4.9478066406004064,98,99,50,7
0.4824855973861006,98,98,51,2
6.0968817101814317,98,99,49,6
2.7372474793872330,94,94,47,2
1.5093457170590745,96,97,56,6
3.8686159122790125,98,99,50,1
1.2592491334511298,100,101,50,4
3.4830497798374376,96,97,57,1
3.8467269419380186,94,94,49,4
0.8552086885017097,94,95,53,2
1.2343370809707124,98,99,49,4
3.6931301499795604,98,99,52,1
4.1245417456440450,100,100,57,3
2.1657573978057960,96,97,45,3
1.9316077561323277,98,98,48,1
2.8774993712950221,98,98,54,7
5.3846655853250587,94,95,42,7
2.3661844813089057,100,100,55,1
4.1408378654696358,98,98,47,0
0.8420762336456545,96,97,44,2
2.4191162626714613,100,101,38,2
1.1663155727370726,98,99,61,6
2.9523166751323187,98,99,49,4
4.2731736193222440,100,101,45,5
3.5539604608640762,96,97,52,2
5.7096316246762866,100,100,55,3
6.2622079814532592,96,97,49,5
2.0919603718067292,102,103,51,0
0.4851633202005365,100,101,49,7
0.5236219151271638,96,96,47,5
2.8312530368814310,96,97,56,6
6.2482632883051421,100,100,48,0
5.7640403900993755,98,98,54,1
1.6051081316398019,96,96,52,2
0.8932563532561550,98,99,54,5
5.8199968768611523,98,99,47,0
0.6032349246265045,94,95,54,5
6.0145323893673002,100,101,50,0
1.1584270753307455,100,101,47,1
3.7329244358961708,98,98,49,4
4.6133093721912868,94,94,47,0
2.2260799060513459,98,99,52,5
2.6037138623913880,98,99,50,5
4.9049829483600211,98,99,48,1
6.2529605210438906,98,99,56,7
1.1701978252383236,98,99,57,0
0.8385951940886158,96,96,50,4
2.4936537493597699,96,97,46,4
1.1465429390928290,94,95,53,6
3.6494320243883096,96,97,48,2
5.4995197307773296,96,97,46,0
0.9445950170411221,96,97,52,4
1.1138709494795707,96,96,46,4
5.5353199679888085,96,96,53,5
5.5226271368928632,98,99,58,3
0.6019242868680709,96,97,44,4
3.4039005632099255,96,97,48,6
2.5447901376541551,98,98,67,6
4.8454784930950536,98,99,54,5
1.8874010801279404,100,100,56,4
2.6992592796397559,98,99,47,2
1.6833002750117110,98,98,51,6
0.6924835585554214,102,103,39,4
2.6295387423948453,96,97,41,1
1.3229640381510923,98,99,56,1
0.4282825205246907,100,100,49,3
2.8305164857462048,100,101,62,6
4.5146549859774314,94,95,48,7
4.5109488647966343,98,99,46,1
2.1715505737607361,94,95,57,6
3.3910458318462600,98,98,49,0
5.2858199308313178,98,98,41,2
4.3469103994475553,100,101,55,1
4.3191432631874678,98,99,45,6
0.9721302185357499,94,95,42,5
4.4548860115122544,96,96,50,0
1.9002528903321654,98,99,47,2
2.7100902342202549,98,99,47,6
6.0952567205523946,96,96,43,7
4.1546623706557932,100,101,55,3
0.6379055705881663,96,97,54,6
2.3648204496327363,100,101,65,3
0.4775390696283416,100,101,47,5
0.9769244291362854,98,98,59,0
5.9017150140227752,98,99,47,4
0.4817518657468907,98,99,53,4
2.5446346173700123,102,102,57,2
5.7837178683400170,100,101,51,7
0.2802520122774756,98,99,51,6
0.0832553985270539,98,98,45,0
5.0183448702706759,98,99,50,5
1.4883352614335383,98,99,46,1
3.3608653773466624,96,96,38,4
2.0577370558157226,94,95,48,1
2.7809980557497309,98,98,55,2
1.4186520455292844,100,101,51,5
1.7694919991987408,98,99,49,0
0.1336826865344124,98,98,52,7
4.3042595999483551,98,99,50,1
3.4434969591751745,98,98,56,1
1.3443133124271778,94,95,45,4
1.3901338968550221,98,98,52,5
0.4672120594054954,96,97,52,0
4.8820428507959264,98,99,50,7
2.3702665425550480,96,97,37,7
1.7606706770468090,96,96,58,6
0.3907075509399963,92,92,49,3
1.2584326565442943,94,94,49,2
5.2228915652129189,96,96,56,2
3.1983009078912512,94,94,44,7
4.9191276804519530,96,97,52,4
4.5782119913659480,98,98,47,2
5.4414921210961138,100,101,63,3
3.6495019492946534,94,95,54,7
1.8218395407621570,98,99,46,1
6.1277380533375210,98,98,44,1
5.6425416059261702,98,99,45,2
1.6733193367575039,94,95,49,0
3.8239197937005289,98,99,53,2
2.5066576328779684,98,98,48,3
3.8018139335124079,96,97,52,0
3.5739031305867672,98,99,57,6
0.9698922154120833,98,99,43,6
5.3211855152446166,98,98,53,0
3.7024543251029081,98,99,46,1
2.2464900314460512,98,99,54,5
6.1339205675487527,98,98,45,0
2.6921192458595162,102,103,54,1
3.1155070672242586,98,98,56,3
3.9156448132038237,98,99,43,6
3.2683559580269081,98,99,50,5
5.9857034777382658,100,100,54,2
2.1598199532226592,96,96,54,4
1.4538810828635222,98,98,51,4
2.4435501626600797,100,101,52,2
0.1236523396831279,98,99,55,4
6.1461384055889097,98,99,56,1
6.2231920642383054,92,93,47,5
3.2467886560590125,98,99,52,3
5.0195743519720608,96,96,42,2
5.3430697928747133,98,98,51,2
0.8127107296752440,96,97,48,6
4.5984676217563285,100,100,40,4
4.6777812302721884,98,99,57,2
2.6485040503769790,98,99,56,3
5.0546727024209144,98,98,52,5
1.5742069963792380,98,99,46,1
0.1070541803373676,94,94,44,5
3.2909534725272387,98,98,47,2
0.4201220603834454,100,101,50,0
3.1586908255536690,98,98,50,3
1.4844980559649437,96,97,44,4
2.7362722809937856,102,103,45,6
1.2886418946134957,94,95,47,0
4.9304759472941955,96,96,46,4
4.4498261547273508,98,99,47,6
5.7656298652120155,100,101,52,2
2.4948784379623081,98,99,50,3
1.4079926629797541,100,101,48,6
4.2261580341216307,98,99,51,4
1.9362439598594827,98,99,50,5
0.9029819373151193,100,101,58,0
2.2501184672245262,96,97,53,5
4.1364974290151455,98,98,54,5
0.8024359146530226,100,101,52,4
0.4483850026734645,98,98,53,6
3.4178594783525158,98,99,57,6
4.3539133424023895,100,100,59,3
1.4370776590490855,100,101,55,3
2.2087962443930755,98,98,56,1
1.8485377000445684,98,99,54,5
1.5818640455716340,98,98,53,4
3.0687281900991530,98,98,53,0
2.6472122195975030,98,98,60,1
2.6312714032944617,96,97,51,5
3.4900980710853062,100,101,61,3
2.1137295365950166,98,98,54,5
5.2499892900151073,100,101,57,3
4.4819985825435058,96,97,54,6
2.5037680930512849,96,97,53,1
2.7150207963601374,90,90,53,6
4.3995800816765716,96,97,54,6
2.3649261761583453,100,101,49,7
1.2915174819809911,98,99,52,5
2.2761183405571739,98,99,50,5
2.2282660199068034,98,98,50,5
5.3220832818882657,98,99,59,0
2.8823931990148952,98,98,47,2
3.8386186791825643,98,99,63,0
2.6487348419552652,98,99,50,1
4.2369881827292293,98,99,56,3
0.3957655879631037,98,99,56,1
2.2714292667517508,96,96,54,6
2.4347577125665758,98,99,52,7
3.3323996974748504,98,98,54,3
4.2631524130830369,88,88,51,5
1.2783629184006495,98,99,43,0
5.4945797958710907,98,99,44,7
5.6129952518649935,98,99,57,6
2.5357171315625728,98,98,54,7
5.5423781472276463,98,99,45,2
0.5437737736438878,98,99,55,2
1.9963458891730652,100,101,62,4
6.0071941438777543,98,99,49,2
5.0419098267364664,100,101,52,4
4.5495650608922622,98,99,45,0
0.8626577494830951,98,99,50,1
3.6813745821885653,98,98,45,2
3.6016773455326923,98,98,58,5
2.7396461064874473,96,97,58,0
0.7870146520231398,98,99,57,0
0.2610347175634058,96,96,48,4
1.1201654467067150,98,99,58,3
4.4037843944408301,100,100,55,1
3.8355756033410096,98,99,55,0
4.4733831507999922,98,98,53,4
6.0661860737007691,100,101,58,4
0.3006892473982003,96,97,57,7
2.5193860865773705,96,97,50,0
1.9094936469603594,98,99,52,1
5.1301632716389776,100,101,52,4
2.1208060639185486,98,99,50,1
0.3692056474923910,98,99,53,0
4.9271604803426445,96,96,53,1
4.0378276076496684,104,105,54,6
5.4894013929631091,98,98,52,5
6.1989415178300824,96,96,48,6
2.1222966346400458,100,101,49,5
3.9544484276480065,96,97,49,5
6.0649845796148441,98,98,51,2
1.0248666278600163,100,101,52,2
1.0873850053279286,98,99,49,0
3.9972119832471984,100,100,59,5
2.3882925184696133,100,100,50,6
4.2756856704785182,98,99,53,6
2.1147762982165412,100,101,48,0
2.5450367796443576,94,95,59,4
0.4429063549991253,96,96,44,2
4.2054239435341367,98,99,52,3
3.7215406847257135,98,99,47,0
0.3342798536286306,98,98,48,7
5.1478414831586345,98,99,53,4
4.3264143407623523,94,95,48,5
6.1794406712216468,96,96,56,6
0.2139062522758937,100,100,55,5
3.4827048862805765,98,99,45,4
3.4803392386072622,94,95,42,1
0.4920661837206932,98,99,41,0
0.7777294202161310,100,100,55,1
4.2685868786344141,98,99,49,4
3.6302270177271727,96,97,56,4
1.6424802253737536,96,97,41,1
1.0134533896358899,96,96,57,5
5.7227044661650428,100,101,47,5
1.8322962582722089,98,99,50,1
0.2624364243780660,100,101,58,4
5.3622560679471345,98,99,58,3
1.8267108154865557,98,98,60,7
4.6050672010537301,96,96,47,3
4.2925044768825833,98,99,59,2
2.2888590637426853,98,98,51,0
5.8179033263312476,98,99,42,3
3.9725799557617201,98,99,44,5
5.2399815495457114,102,103,52,5
3.4273735402660148,98,99,51,2
3.3370811368159532,92,93,45,5
0.7076532775361252,96,97,44,4
4.9952021545061056,96,97,59,5
6.2122294363687747,98,98,51,4
6.1969348625081491,98,98,52,3
5.5129448550568707,98,98,48,7
6.0124324428099092,94,95,51,0
3.5106518614824140,96,97,57,7
3.4604897244995469,100,100,54,0
6.0124417746785337,98,99,58,1
1.0349705984909578,96,97,54,2
5.6007009060866055,100,101,56,2
2.2296807668086820,100,100,43,5
4.2107439158089921,96,97,51,3
0.5709914660582091,106,107,52,7
3.2150953979377386,100,100,64,4
4.8519606042195029,98,99,56,5
4.5426132928315237,98,99,49,6
2.1029151525239347,92,93,48,6
1.6504814992100343,96,96,55,7
2.5524984300634008,100,101,49,1
1.3660426053180614,98,99,53,2
0.9071668664204429,98,99,50,3
3.2746638099647649,98,99,50,7
3.6499089372348199,100,101,48,6
5.1721173168718115,98,99,53,0
3.7163659049358531,98,99,52,5
3.1006139851380903,98,99,49,0
5.0798939197057633,98,99,53,0
1.6666472578440050,96,97,55,7
4.9313220397259387,94,95,53,6
3.4893880526790353,100,101,46,2
5.1819587799732139,94,95,55,0
1.8490295936205585,98,99,55,6
5.0235472780001880,100,100,53,5
5.6180854534327302,96,97,46,4
1.4023160149173022,96,97,51,1
0.2934100022251261,98,99,44,5
1.9168737561935061,98,99,61,4
5.9611527292752982,100,101,45,3
1.3493342282480010,96,96,50,4
0.3099308679010848,100,101,42,6
5.4485519619506633,98,99,44,5
1.5713132751632037,98,99,52,3
0.7923678548866033,96,97,51,3
1.5022083727050468,96,96,47,7
2.3767570481307101,100,101,48,4
5.4676453852542624,98,99,41,2
5.6037227971715833,98,99,48,1
1.4381361383828795,96,97,47,3
3.3861737562457397,94,95,37,6
2.4681732645378900,100,100,57,1
1.1785153288962187,96,96,55,5
6.2190914236497221,98,99,48,1
3.5846543190558733,96,97,50,0
5.2775454231419241,94,95,51,4
2.3130624054506068,94,94,48,3
3.5193352339133108,100,101,53,5
3.3141109745701227,90,90,42,5
2.3085158919094368,96,97,49,3
1.0965355414984335,100,101,50,2
0.7761826943831353,100,101,58,2
3.3842030439781690,96,96,46,2
5.4902243695673967,100,101,56,6
0.4307082570970043,96,96,45,7
3.6463148786897635,98,99,38,3
5.5851388846932934,98,98,50,7
5.9119264155137179,96,97,42,4
0.3852385875273637,98,99,55,0
5.2843947564999887,100,101,52,4
5.5300671370075118,96,97,51,5
1.6099447838192849,100,101,44,2
2.7491513043805611,100,101,56,4
0.2325078281682530,98,99,51,4
5.8059667605041092,100,101,54,2
3.2179289115391314,98,99,50,5
5.4990822635517684,100,101,46,6
6.0910252265813671,98,99,47,6
4.1332488095220681,98,98,55,0
3.7999090112490941,98,99,43,2
0.6886091738545743,100,101,49,3
0.3604979696804910,100,101,39,3
2.8751764551153371,96,96,52,0
5.0913188898259776,96,97,54,2
2.4840945650246522,98,98,46,7
5.5156921672873871,94,95,52,7
5.7717537318494498,98,99,56,3
3.9540678630167090,100,101,55,1
6.1708563364399840,100,100,60,6
0.9611369664132117,94,95,52,1
2.4921973320430864,100,100,59,1
5.6854944711783588,96,97,50,2
3.6158225637061667,94,94,43,0
5.5570649122017119,92,93,51,1
0.9295667701819050,100,101,47,1
2.8113181515866512,98,98,45,2
6.1104078483114765,98,98,51,0
5.1574225808117760,100,101,53,3
4.3165607695206125,96,96,51,1
2.3884641585485893,96,97,45,7
1.1747691721456242,98,98,56,1
5.4523000956339214,98,99,50,1
0.3242259638141181,98,98,45,2
2.5674831660053936,98,99,43,4
1.2881574082613845,94,94,38,5
6.2547072275069935,92,92,37,5
6.2757203867838074,98,98,44,3
0.0464350075312268,100,101,51,1
1.9428351238540174,98,99,48,1
4.8543939716764006,100,101,54,4
2.5570393428898686,100,101,48,0
1.3657162849549371,100,101,58,2
0.7833876353755066,100,101,47,3
2.0963941153516772,98,99,57,2
5.0325502967611282,96,97,51,3
1.0215138711252514,98,99,58,7
2.7579003712002250,100,101,51,5
4.0277134018862792,98,98,49,0
4.7817119488868096,100,101,47,3
3.9447443366386854,98,99,49,4
0.6197037643740889,98,99,56,5
1.1831931861455907,96,97,52,6
5.5577439406494831,98,99,49,0
1.5956112024638656,98,98,50,5
5.4844521290446702,98,99,53,0
0.2297333213881669,96,96,50,2
2.4596310348688730,96,97,48,0
0.8004985558084858,94,95,45,6
2.6682540074901326,98,98,49,6
2.5370399540521498,96,97,47,3
4.6561471180858280,100,101,53,3
6.2060086035662350,102,102,55,6
1.8757147131134000,102,102,51,6
4.1034164117827645,98,98,56,5
4.9152864699696392,96,97,48,0
0.6959179374970195,96,97,46,2
0.5026304490196205,98,99,55,4
1.8318550867600822,98,98,46,5
4.6453864265481828,96,96,53,7
5.0997920204104430,94,95,56,7
0.7383714639479438,96,97,46,2
3.9109261563145954,98,99,48,3
2.9704474576317441,98,99,53,6
0.5156917775541725,100,100,51,7
5.2553032661563392,98,99,51,4
5.9278773198206567,98,99,54,1
5.0884775214668796,100,101,50,0
5.6167705309712090,96,97,52,6
1.1112429711450005,92,93,42,6
0.5684344693730995,98,99,58,1
2.1423607197888828,96,97,45,7
0.9547328195467547,100,101,58,4
4.9203061633050167,96,97,47,3
2.6633510402309182,94,94,37,6
0.6247868598080738,98,98,54,7
2.1981140709698836,96,96,45,5
0.9147650544705168,96,96,49,7
2.1487921420911076,100,101,56,6
6.1631107359847137,98,99,58,3
1.0592755980880284,98,98,38,7
0.2009741654672769,100,100,60,0
5.3707491946224151,96,97,59,3
0.1824232389802016,96,96,49,5
1.4474920934738285,96,97,41,3
2.1285482638914477,100,100,51,7
2.1626317138252769,98,99,50,5
3.8495903760883547,98,98,44,1
2.7374940163880344,100,101,54,0
4.5707177180584111,98,99,55,6
1.4184037039765172,98,99,47,6
4.7703150126564395,100,101,62,0
4.6336139720473231,94,95,57,6
4.8290561379363997,96,97,45,5
2.6553250333736407,96,97,39,5
3.4616292247800797,98,99,58,7
3.1393927405393542,100,101,46,2
5.0789563821852415,96,96,50,2
1.9633838304655316,98,99,41,2
0.7809567129868789,100,101,51,1
0.5335061754893377,100,101,56,6
2.9775085165054418,100,101,53,1
4.8724051749606874,98,99,51,6
4.6926171535724350,98,98,38,1
1.0598788034809421,98,98,51,2
3.0845279991150991,96,96,48,0
3.3725288665899336,96,97,44,6
4.2421754038684290,100,101,53,5
1.6960821158970991,94,95,45,2
1.6019231535733545,98,99,51,0
4.0528920042794896,98,98,47,6
0.9185441670307386,98,98,52,3
1.4582434641597841,94,95,57,4
1.9608390770467579,98,99,40,5
1.1630831225091181,90,90,43,0
4.8484019742630764,98,99,49,0
1.0453207693951201,100,100,42,0
5.4611461821733247,98,99,61,2
3.4305046169581352,100,100,57,1
5.7363509322910682,100,101,48,4
5.7861030196993353,98,99,58,3
0.9696676037475379,98,99,60,7
4.2947201513217985,92,92,51,3
2.2201436087925859,100,101,58,2
4.8145823258738689,100,101,56,6
1.6863066477087847,98,99,50,5
4.2163691817212481,96,97,45,1
4.2142873736949946,98,98,46,7
5.6327752802875368,100,101,54,0
4.6036011259406866,98,98,43,2
0.1922939393152600,96,97,43,1
2.0680834515996818,100,101,44,0
2.9991130062994262,98,99,52,1
1.1983297658848526,100,100,50,4
0.5355675978944363,100,101,50,6
0.9128369803931115,100,101,46,2
2.5434671322472777,100,100,59,1
0.7468820811625727,98,99,37,2
0.3075373812754201,88,89,48,0
1.3657399221155522,100,101,54,2
2.5392622192250442,96,97,53,3
0.6910118745259314,100,101,51,3
1.2983789843110121,98,99,54,7
4.9606241687797841,96,97,52,2
2.5123138318634752,96,96,46,2
0.7073552157047885,98,99,55,2
4.9812233431716626,100,101,53,7
2.8928927198163525,96,96,44,0
6.1227304045453899,96,97,41,3
2.4610231448464481,96,97,49,7
1.9588352900852917,98,98,49,4
1.7423651801835558,94,95,52,5
5.7402242717099705,100,100,57,5
4.2062632236250534,98,99,45,4
0.7322152170517945,98,99,61,0
4.7774698513402614,96,96,47,7
1.3560227829007707,96,96,52,2
3.8346165510245793,100,100,54,6
4.9431196596525817,100,101,54,0
3.6565780138352229,100,101,56,4
4.1594973105922426,98,99,56,3
0.8681826236497390,100,101,60,0
1.8927403086654144,96,97,51,7
3.0834867504621415,100,100,56,4
2.8441224224333510,100,100,48,4
0.7045252416684029,100,100,54,6
2.3396204924461035,98,99,54,7
4.5956212259347842,100,101,38,4
2.8699825150343723,88,88,41,5
4.1974729394301633,98,99,54,3
1.9639187967717355,98,99,54,3
5.0494612997640997,98,99,49,6
3.4729458405440381,96,97,51,7
2.0782404683020088,96,97,45,3
3.5938346627172613,98,99,60,5
5.9643984825210703,96,97,49,3
2.1424185417237558,94,94,54,5
5.4847434815477119,98,98,35,4
3.0893554411988924,98,98,58,7
0.6625848123427481,98,99,48,1
1.2034269516799121,98,99,65,6
1.7563876583827787,100,100,48,2
6.1763514696135005,96,96,58,2
3.6689437602939727,98,98,54,3
2.2418316336159720,94,94,44,5
3.7397842517236488,98,99,44,1
2.6809583419002472,96,97,40,2
1.5278535396128123,98,98,51,2
1.7701538516770725,96,97,44,0
3.5710454033445669,98,99,47,2
2.3818724784125056,100,101,48,6
4.0950800511340990,98,99,49,0
5.0166859437643785,98,99,51,4
2.2972121819057398,98,99,51,0
3.8311718413530360,98,99,56,5
5.8212194763352114,98,99,54,3
1.0890946512400219,100,101,56,2
2.0842235737197412,98,99,51,0
1.0384454830107412,98,99,49,6
1.7398232033341190,100,100,57,1
2.8603739466332003,98,99,57,4
5.1221498518272606,98,99,57,4
4.0489539885085346,100,100,46,6
3.2957109216727893,100,101,56,0
3.6131648821475864,102,103,59,2
1.0980619178801230,92,93,40,4
1.0509089634197379,98,98,47,2
4.5812809434817749,96,96,52,6
3.1895718842539744,100,101,50,4
1.6181067318642930,100,101,58,4
0.9603763902702142,96,97,51,1
0.2192155627322495,98,98,49,0
1.3969117541260554,98,99,48,7
0.9655349115512485,100,101,55,7
3.6787662904375060,98,99,54,7
1.0825015590892058,100,101,46,0
4.4360930568453414,94,95,55,4
0.9060077055691876,98,99,46,3
6.0392672401089253,98,99,59,2
3.1484231179739464,98,99,49,4
2.2478665389561696,98,99,49,6
0.5911671329851952,98,99,60,7
2.9271136031161138,96,97,48,2
5.1826577369348312,96,97,48,4
4.3456434501167660,98,98,50,7
4.3618919424885734,100,101,50,2
3.0144476909559996,94,95,44,7
4.4304093587595617,96,97,59,3
0.9956830276877795,96,97,50,0
3.3821909554340959,98,99,51,2
4.2344893542267856,98,99,51,4
2.6667090134662095,98,99,41,4
5.3639670029600746,98,99,42,1
3.7234393370564236,100,100,53,1
0.6429727896360828,100,100,57,1
3.1419440984273388,98,99,52,3
5.5364133142144905,96,97,58,0
6.2572764514417969,100,100,55,7
5.8777950895123201,98,98,55,0
3.8210330327855200,98,99,56,1
3.4805354832237358,98,99,56,7
0.9651501999645548,94,95,43,2
0.1333502808494187,100,100,51,5
1.3468824771879249,100,101,52,0
2.8535220415575289,98,99,54,7
2.7786314919248585,100,101,41,5
3.3388491666824809,98,98,49,2
6.2458755555235470,94,94,56,1
6.1930881867107042,100,101,46,4
5.3352149783187093,98,99,53,6
2.3439916425732794,94,94,54,7
3.4032530137506134,94,94,59,0
5.2301500977537154,100,101,48,0
3.0202499251511954,98,99,42,1
2.1657098149157257,98,99,43,4
2.1520666407389881,98,98,53,6
2.1993378893022459,100,101,44,0
5.6855977788669607,100,100,54,0
2.4117902612030941,100,100,55,7
6.2000068471638929,98,99,53,0
2.3441391473491637,98,99,56,5
2.8931418989870608,100,100,53,3
5.8335422811324413,98,99,60,3
3.2947804706142199,100,101,46,2
1.8289725055179435,100,101,59,5
3.2746957848860436,94,94,47,0
4.8834415829090574,98,99,58,5
3.5137053797156623,98,99,44,5
3.0162600867314779,102,103,54,3
5.9840296477160253,100,101,58,4
5.3467694457722388,100,101,51,1
2.2860442199923319,98,98,53,0
5.4100358394499173,100,100,57,1
4.4805006000644720,98,99,58,5
5.0387814196654945,96,97,45,1
4.7874034251969180,98,98,49,2
2.1622740024423033,100,101,50,4
4.6995838709040161,98,98,49,4
1.7948169524783926,96,97,57,3
0.5899274452837080,100,101,56,6
3.5073677010680675,96,96,57,3
1.2089141245653676,98,99,57,2
2.1797076882335755,96,96,53,5
3.4807124480936564,98,99,52,7
2.5218133649416838,100,100,48,0
1.6386006889264657,100,100,57,7
4.1208211447773122,96,97,44,0
5.9788367777230729,98,99,44,5
5.0420178399593683,98,99,47,2
5.2863762521284468,98,98,55,4
0.2917808801980492,98,99,46,5
0.1615481962430198,100,101,55,7
2.0997493684243311,100,101,45,5
4.8079047250746267,98,98,49,0
1.6973191261764458,98,99,48,7
2.5246127646277330,96,97,45,7
1.7550843712308342,98,99,45,2
2.1836771456851403,100,101,50,4
0.2136355510908268,98,98,57,4
2.1217725610707210,100,101,52,2
3.5064914897216295,96,96,47,3
3.8148551475426467,98,98,42,1
3.5397404447840377,102,103,59,6
5.9404574897388622,100,100,50,2
2.3817732724224303,98,98,55,6
1.4025723218969806,98,98,42,3
2.6220215974661363,96,96,49,3
0.3576007696076329,92,92,46,2
1.6394510033142864,98,99,55,4
5.5602819535447150,98,98,51,0
2.1057058749693454,98,98,45,0
4.6565735624103244,100,100,45,7
1.3085365938144333,100,101,51,7
4.0500412345862093,98,98,55,2
6.2152114735735156,98,99,57,6
3.1200426015235907,98,99,53,2
2.2214501768145807,98,98,56,1
1.5709855279702314,100,101,53,7
5.1014067077079108,100,100,45,5
2.3155265731002883,98,98,40,3
1.4699663006719217,100,100,53,5
3.5857726527834046,96,97,47,1
1.9537692397996553,96,96,57,7
4.9927561526364856,98,99,48,5
6.2422361227507626,98,99,59,6
0.7079842886702583,100,101,46,2
6.2348572371890105,100,101,58,4
3.7089878263876233,96,97,53,3
4.7355141893942312,100,100,49,3
3.7848568557791622,98,98,54,7
3.7043275682256414,98,99,56,3
6.1163430719356215,98,99,57,2
5.0031362933759524,100,100,53,7
5.5856170944514281,96,97,47,7
3.6236963816485459,96,96,43,3
5.7553543925908590,98,98,51,2
0.1888452177695817,100,101,45,3
2.1906462234812638,96,97,48,2
1.3302712516846771,98,98,54,3
4.5695087849479590,100,100,45,7
0.9010238718433223,100,101,61,1
2.8535970835705156,96,97,55,1
3.8866586968593015,94,94,45,2
0.0125068862016986,96,97,56,6
2.5550621184991393,96,97,45,7
3.6018012498730205,100,101,48,4
4.5176140550843895,94,95,46,5
0.1859517205915096,94,95,44,7
4.6994907844767297,98,99,54,7
0.1810301345053645,100,101,53,7
1.2302694941010701,98,98,55,2
1.2473879251125479,100,101,48,0
2.4709315841690449,98,99,46,7
2.1046163837107592,98,99,49,6
5.6660370717012549,94,95,41,6
1.5148598187501643,100,100,55,1
4.0444756027824891,94,94,48,3
1.7985929842321606,100,101,40,4
0.4038972395225883,100,101,48,4
2.4177335665150399,98,99,45,6
3.8690803141910370,98,98,45,6
5.8769514832556480,102,103,48,1
0.3646220658436187,98,98,49,6
3.5262992264008504,100,100,54,0
0.7111405263566379,98,98,51,4
0.4222672441300855,100,100,45,7
0.6559018548675518,98,98,54,3
3.4357356398958281,98,98,45,4
5.1343891597855560,98,99,54,1
1.6548773704461219,98,99,52,1
0.2090097048585621,98,99,48,5
0.2182447342647623,98,99,49,0
0.2482462846626469,94,94,57,0
0.1108393827317542,96,97,52,0
0.6798824624140793,98,98,40,3
3.7500985059532068,100,101,48,6
1.8607293861827674,96,97,52,6
0.8537998586739880,98,98,50,7
1.9164700489979811,96,97,57,5
4.5523944346590426,92,92,42,6
1.8184614213737902,92,93,55,7
3.5888879399683962,98,99,55,2
2.8587912335831160,96,97,52,6
2.3282707295955469,96,97,62,6
2.0172021127938415,98,99,47,6
2.6286698624826901,94,95,50,1
3.2899987547262430,98,99,54,1
5.3105011003124574,98,98,45,2
1.6738098275282012,100,101,59,3
5.8254112945945868,98,99,54,7
3.5816123922079228,98,99,60,5
4.2282492972608337,98,99,55,2
4.6339684527234288,100,101,52,0
4.5230765144271627,96,96,51,5
0.8942867133239066,100,101,50,0
0.1646725063809328,100,100,42,2
3.6154235934295214,100,101,54,2
5.6063680845817956,102,103,53,0
5.8801502729911643,100,101,55,5
2.4236259962854056,100,101,50,0
5.7664173386082274,98,99,59,2
3.9598012966590801,98,99,51,0
0.3430134673464036,96,97,54,4
2.0476849109322872,100,101,57,5
4.1620993029820958,94,95,45,6
5.8957114771691126,98,99,56,5
1.1533234738817986,98,99,55,0
5.4002754341205970,98,99,45,4
1.2071378820539134,98,99,39,6
4.6423293563687764,102,102,43,4
0.4005909669242291,98,99,47,2
5.6953672782881757,100,101,51,3
4.5018677757657262,98,99,44,1
1.2166426742629326,98,98,45,2
0.2543989357292291,94,95,52,7
4.9083247284557672,94,94,52,3
3.8610138672529613,100,101,47,5
2.0956882112217086,100,101,56,2
2.8288067956483087,100,100,56,6
4.3737154125634508,100,101,55,3
0.4607232987559117,96,97,46,6
0.2529460838616798,98,98,47,4
5.0791944688626636,98,98,44,7
3.9272860383489188,98,98,57,2
1.4777480838197474,96,97,55,1
3.8235389267464797,98,99,51,2
6.1194706932289815,96,96,50,4
5.4513427764745375,100,101,50,6
4.7724166243630792,98,99,47,4
2.6562711635182126,98,99,55,4
2.9612829975446129,98,98,47,6
0.6010933484574796,100,100,47,3
4.4217364907475494,96,97,43,7
1.7953815835744720,98,99,54,1
2.4616709518062909,98,99,43,4
5.8434803450739015,94,95,52,7
4.5050232026645167,98,99,43,4
1.2163493517549662,96,97,53,3
5.5181849389184947,100,101,55,1
1.4685315653064843,100,100,50,6
2.7530819856293722,100,100,59,3
1.8915699294571278,100,101,52,0
5.6202701896632838,100,101,52,6
4.3379737038903059,98,99,47,0
5.5421072507352473,98,99,43,0
0.5225058978885824,100,100,47,1
3.3512651403447808,100,101,46,4
0.2193881102288261,96,97,48,0
5.3350064049998194,98,98,50,3
4.2944580951981193,98,99,53,6
3.5731921318716058,98,99,49,6
0.9213862980877129,98,99,58,7
3.2122151207254310,100,100,52,0
1.8612598799467979,96,96,43,7
2.0285212897497891,98,98,53,0
4.7671742033866389,100,101,56,2
2.7358578197088432,98,98,46,3
2.8651691948237850,98,99,54,7
5.6279177530393811,98,99,59,6
4.4110141088416288,96,96,50,0
0.3663721716327728,98,99,55,6
1.3700765604023288,98,98,46,3
4.9118852339232744,100,101,59,7
1.7494080720687006,98,99,45,0
1.9659491241470861,100,101,56,4
2.1835226849981537,100,101,49,1
4.2065904742986273,98,99,49,2
5.3730887169556940,98,99,51,2
4.1861945598358785,96,96,53,5
3.1493179698711176,94,94,57,4
0.5064526356881681,100,100,52,2
2.3499386677477503,98,99,53,2
1.6245765633793405,100,100,51,7
2.0769766845918474,100,100,50,0
5.2995344102205308,100,100,55,7
5.8117985058169932,102,103,52,1
3.3303862086815612,100,101,47,5
0.2744381769743116,98,99,46,7
1.6436216417973748,100,100,41,3
0.9189094820782372,96,97,44,2
2.8739631881602254,98,98,46,5
0.2574904394959459,98,99,51,6
1.8040108413145544,100,101,47,5
2.4440332582546174,94,95,41,0
5.4584818469422078,96,97,44,4
2.6398392992249260,98,99,56,1
1.7433818617688799,100,101,51,5
2.2351202404424133,98,99,52,7
3.9557491662799484,96,97,43,5
5.6243907716771817,96,97,43,5
0.8755769828253759,100,100,46,6
6.2683152527877564,98,98,41,6
1.1674447765170539,100,100,58,4
4.0973919203611269,98,98,55,2
0.3198273092570564,98,98,51,2
4.5229958196226265,98,98,50,1
4.4101277157467953,98,98,55,4
1.2105586922941640,98,99,42,3
0.4408795767287269,100,101,59,7
6.0858388065775841,96,97,38,2
2.0206080769944572,96,96,56,4
3.0241693265406173,94,95,41,2
2.6227969192105411,100,101,55,7
1.4062860831957715,98,98,45,6
2.5280375014389356,96,96,45,7
6.1962047979023120,92,92,52,2
4.3880567757767235,96,97,57,1
3.7938190555200384,100,101,49,1
0.5423692892700622,100,101,39,1
2.3926981011738246,96,97,49,1
1.1477239943668771,98,99,49,2
1.3850940754913508,100,100,51,1
0.8507712345899535,98,98,56,5
5.1831578392854292,98,98,47,4
4.2638923569424581,100,101,52,0
0.0530100007766672,98,99,48,3
3.4270391604992376,94,95,53,4
2.2497701080660977,98,98,53,2
4.0471011017820810,100,101,50,2
4.9314476574807768,96,96,48,2
5.9019683047269336,98,99,54,7
2.8076921547384592,100,101,53,5
5.5735254596087644,98,99,51,0
2.7590029895257144,98,99,49,4
0.8750391781719032,100,101,58,0
0.9358004249829345,94,94,44,3
0.6176946574233300,98,99,52,7
2.3009361301418538,98,98,46,3
2.5571967569236729,100,100,51,5
0.4490792150129418,98,99,47,4
5.8371099613013353,98,99,50,5
3.5697340504993691,96,97,53,1
2.7101136185199071,98,98,43,2
4.9628078780712714,98,99,49,4
2.7981072702713794,98,99,51,2
4.1767012420993463,98,98,47,2
5.8460185340383246,98,99,51,0
4.0106931223732172,100,101,46,6
4.0072464898490292,98,99,54,5
2.4903004158338309,98,98,46,5
4.0819894498566587,98,99,47,4
4.7651939163810466,98,99,45,6
5.8709662689751774,98,99,58,5
3.4668979887993574,98,98,48,1
4.2776090237229614,98,99,62,3
1.4398333487079225,96,97,45,7
5.7318014731318190,100,101,54,0
4.6547900757286458,100,101,51,3
0.5027699389891599,100,100,58,4
2.0023219762136608,98,99,56,5
5.5745343499537965,100,101,51,7
4.7754319009312214,96,97,47,5
1.9810578027155195,98,99,45,6
4.1346180367103837,94,95,53,0
2.3632044454708776,98,99,53,0
5.8744707253356552,96,97,54,4
5.6732292318325763,100,101,43,1
0.2699838189273379,98,99,53,2
2.3421376404209751,98,99,53,2
0.6482808386745370,98,99,54,7
5.6744289388121665,100,101,52,4
3.0782943032060825,96,96,50,0
3.3883839990195042,92,93,47,3
2.2655658883815875,98,98,49,2
2.1056825112538720,98,98,49,4
2.8205931089171754,98,99,56,5
0.1527842116829311,96,97,52,6
3.9499593273983651,100,101,58,0
6.0793741105658832,100,101,53,5
0.2105079315568590,96,97,55,5
0.0009987807618738,94,94,49,6
1.1926318930646140,100,100,38,6
1.2093070250525140,98,98,43,2
3.6322737837576007,98,98,56,1
0.2349011889085765,100,101,54,4
3.7728892727548593,98,99,44,3
2.2322581436447360,100,101,60,4
5.4533343461600410,98,99,59,4
5.9923869217419252,100,100,38,0
1.6010731377060317,98,99,46,5
3.3661692353969164,90,91,48,7
4.3314670150518140,100,100,58,4
5.6757380615565127,98,99,56,7
5.6778100830404261,100,101,51,5
4.6074567795432460,98,99,54,3
3.4296843744641361,96,97,50,0
4.1126204767040200,100,101,54,2
1.2558788236067260,90,91,41,0
3.9557492229219076,98,98,52,3
2.7922653995827180,96,97,50,0
1.2220181242723858,100,100,47,1
4.4107697679649611,100,101,52,4
5.6924379986916245,94,94,46,1
1.9722311779115465,100,101,47,1
2.6611032577754301,96,97,54,6
5.4689313240221882,100,101,48,2
5.7214382423523622,98,99,55,0
5.0745640964657968,98,98,45,6
2.4818187508752656,96,96,47,7
5.8206522880326510,100,101,57,7
3.0030160266217072,98,99,45,4
6.2469231145193200,100,101,54,4
0.1591297155044140,98,98,46,3
0.8921986410382298,98,98,51,4
0.7136777337517388,96,96,55,5
2.5967876519867059,96,96,48,4
0.1207289682612560,96,96,59,7
4.7319804870031534,100,101,51,1
5.1722079369639982,96,97,52,2
2.3324956945332178,98,98,40,5
5.0774374373549733,98,99,49,4
3.1184870126333428,98,99,51,6
3.8630015002945730,96,96,50,6
4.0494560581172490,98,99,40,1
4.4059621179825292,98,99,50,7
5.2416403429065745,90,91,38,5
4.9622775076708541,96,97,48,4
4.4176223341381915,96,97,52,0
5.3243591439179392,100,101,50,2
3.2551169780825768,96,97,45,7
2.1607742231918152,98,98,45,2
1.1499731920730294,96,97,50,2
0.5358630312884671,96,97,48,6
0.8883004396569142,96,97,50,2
3.2868327356363500,98,98,49,4
3.3456060095473328,98,99,53,0
2.5505074932098086,96,97,52,2
4.3310390605482691,100,101,61,7
5.6837328700740120,96,97,56,6
3.5637191405383417,98,99,51,2
3.1635907035235848,96,97,52,6
2.3977952753307838,98,99,41,6
3.3766023864908949,98,99,59,4
2.5963325483770965,94,94,44,7
5.1715220219477649,96,96,48,4
5.4533128896946543,98,99,51,6
1.3793777957067699,98,98,61,0
1.0588169609383049,96,96,55,3
2.1818142870324797,100,101,48,2
6.0207367882177723,92,92,38,0
5.1954107788055204,100,100,57,1
4.7207376632814197,98,99,54,7
4.9601162358534356,100,101,60,6
2.9548717388170131,100,101,49,5
0.6621161366708139,98,99,52,7
0.9649706154021740,100,101,52,2
2.5586253973024622,94,95,50,3
4.1035953431563303,98,99,52,5
4.5788884028150232,96,97,53,1
4.4021895626358587,100,101,59,5
3.3028413963426164,94,95,46,5
3.5727091364308037,98,98,49,6
4.4417707039174221,96,97,45,1
4.7158836815776324,98,99,52,1
3.3430516108292343,98,99,51,6
1.6073429864694444,100,101,56,6
0.7627995024044071,96,97,43,7
5.9752294620033064,98,99,43,6
1.3241554393254642,98,98,50,5
1.2494495954131057,98,99,55,4
4.6879383552711316,100,101,52,2
4.7785586298927560,98,99,38,1
2.0879743055088249,98,99,48,3
4.1200780059546576,100,101,58,6
0.8325299488374956,98,99,49,6
5.4926389947813501,100,100,55,5
1.4862289233256523,100,101,50,4
5.2963389665372533,94,94,36,7
2.2740312752726619,96,97,53,7
5.7262899251962462,94,94,49,2
4.1444040698765665,98,99,45,0
0.1486462449523881,98,99,55,0
0.5575055538452259,98,98,52,7
0.3429471156105074,98,99,52,7
0.8367501514976421,98,98,53,0
0.5081643381853579,98,99,54,1
0.6315555963684568,94,95,51,4
3.2165142207280928,98,99,58,3
3.3594675123380107,98,99,46,1
4.2195703182890538,98,98,47,0
3.6176740513189727,98,98,45,4
2.4984440689827605,98,98,44,3
4.0365157900649384,100,101,52,4
0.2877593321959074,98,99,38,7
0.1605827911814881,98,98,46,1
4.5351981559216616,98,99,48,7
2.0249841256214798,98,98,51,4
5.6458810496474685,96,96,62,6
1.3474864621857383,100,101,49,3
4.0611190757439966,94,94,41,4
2.7943441797267576,98,99,63,6
3.3518822312698355,96,96,48,4
3.9582029238251328,100,100,60,2
4.8222967688701424,100,101,58,2
2.0360374433445880,98,99,47,4
2.1987904408966461,98,99,55,0
6.1790152866811212,98,99,48,7
3.4172147648755149,100,100,47,5
4.3254425555322955,100,101,51,7
3.3223927266621867,100,100,48,6
2.9741985956719486,96,97,49,1
5.6893362604298741,92,93,50,4
5.3800196063290615,96,97,38,4
4.8075678547569902,100,101,53,1
4.5362552185404459,100,101,38,6
2.1517096502223452,94,95,47,2
4.7924090826515506,98,98,39,0
3.6224404229776996,96,97,53,5
2.2527901614438366,96,97,58,4
1.6340349897263604,96,96,43,5
2.9020490011915663,94,94,54,7
0.6726696561619302,96,97,63,5
5.9896677880998377,96,97,49,1
0.0093543903095935,98,99,44,7
4.0569178246550885,102,103,59,0
0.4265552427395500,98,99,52,3
4.0761866909992763,94,94,55,6
3.1813289935760105,96,97,51,7
0.1014244246490955,98,99,56,5
6.1897789147403799,94,95,45,0
4.4881545970089283,100,101,45,7
2.7636134884756594,98,99,59,0
6.1165861202741665,100,101,50,4
1.2320021571923843,96,97,45,7
4.9209582377005709,98,99,50,3
3.0820925961980525,100,101,47,5
3.5487236962363227,94,95,49,4
5.7778220420989461,100,100,45,1
6.1259018625822534,96,97,50,4
1.4543298847268618,96,96,52,0
5.2395530491140363,98,98,59,4
2.5695041407254680,100,101,45,7
2.7943726811579741,98,99,52,7
0.4509384980662635,98,98,41,2
0.0048243402010224,96,96,46,4
1.9840709635913460,98,99,59,0
0.3065581326464719,94,95,51,4
4.3634518082487874,96,97,54,2
2.3734883964984830,96,97,54,2
2.3203184606441130,98,98,44,5
1.6699475207770018,98,99,55,0
2.3550170865440672,98,98,50,5
3.6427971523656288,98,99,47,2
0.3072330598068873,96,97,57,3
0.0696573411061119,98,98,57,4
1.7077133045613566,98,99,51,4
6.2426499807616302,98,98,39,2
4.7764241364236319,96,97,46,0
3.4359222585434654,100,100,47,1
2.1346278165052017,100,100,52,6
4.4706767824778071,94,95,53,2
3.5614087401012973,98,98,56,7
4.0792784522450871,100,101,44,2
4.7495630774101221,98,99,59,4
5.4910059280100647,98,99,57,0
2.9920749680793866,98,99,54,5
6.1946579846001377,100,101,49,5
4.7135762522387843,98,98,60,7
2.0610362560426418,98,99,48,5
3.6742166900071491,98,99,51,6
5.7624479138431726,96,97,56,2
0.2108733203359291,100,100,46,6
1.9358310242955128,100,101,60,0
3.4844386432900207,92,93,52,0
3.0444278330036423,98,99,47,0
0.0943644461974596,96,97,48,0
1.1037710470546926,98,99,58,7
1.0913472743071753,92,92,49,1
1.7771153767494272,98,98,48,7
3.6175384107240980,98,99,45,2
1.8868336419019633,100,101,45,5
5.9033742275417636,98,99,55,0
3.4659719168837713,96,96,53,5
4.9996470615217117,96,96,42,2
0.6512365960807989,100,100,52,0
5.2130245475555999,96,97,55,7
5.5229313414339600,100,101,56,6
3.7966100526202271,98,99,50,1
0.1181942142961935,96,97,47,1
2.9949757233153873,98,98,46,7
1.4880356821426339,98,99,46,5
2.7559833392056108,96,96,47,1
3.4001677200226164,98,99,54,5
0.4658320672085812,92,93,53,5
6.1993031358361277,96,97,53,7
1.1658033466792876,100,101,51,1
4.4263514589515269,96,97,56,4
5.6459027298458340,98,99,59,6
5.6257866034184039,98,99,54,3
1.9372872099891216,96,97,46,0
1.9973569528017783,96,97,46,4
5.7028836210014653,94,94,51,4
4.7720642492000600,98,99,61,4
3.4634184330348687,98,99,49,0
3.6421032628178098,100,100,52,4
1.5452096165309974,98,98,53,4
5.6346359753237714,100,101,57,1
2.5809833852577055,94,95,48,3
0.6707542992934657,100,101,52,2
4.6883792558749331,98,99,48,1
3.2705848900876680,98,99,52,5
5.5594210666094552,100,101,50,4
1.3124408000388748,98,99,58,1
3.6387180982878640,100,101,44,4
2.9609409639167144,100,101,58,2
4.1987888048029962,96,96,43,3
2.0941846223414231,98,99,49,0
2.1764805839828263,104,105,54,6
5.4640202874258001,96,97,58,6
1.0180405568180753,100,101,55,5
3.5437996540983496,90,90,45,4
2.7079131573530031,100,101,61,3
3.9257786355793671,96,96,48,0
6.1133396120853041,96,97,47,1
5.6831953104576316,100,100,48,4
4.2746448084113204,94,95,48,7
3.9490417593669127,98,98,51,6
0.2067723889857690,100,101,62,2
2.4081668099662017,96,97,52,6
5.4899489485505413,100,101,55,3
5.1071733512423965,98,99,51,2
1.7325118317528232,98,99,40,3
5.6122753270373140,100,101,49,1
1.5198222041358525,98,99,54,7
0.5184254671804108,94,94,52,7
1.0061871433722629,100,101,47,5
4.9797158581476175,98,98,58,7
4.1582763751507983,96,97,56,2
0.3130252834508713,94,94,42,5
4.3017261201923604,98,99,49,2
5.4389433598621109,98,98,49,2
4.3575812319909177,98,99,56,7
5.6576976244526556,98,99,52,3
1.8867660370323469,98,98,52,7
4.6893980058136329,96,96,39,7
0.8592398925988436,100,100,52,6
1.1551730030712606,100,101,49,3
4.1306377874449645,98,99,58,5
2.4239373067480212,98,98,45,4
4.1538239790205456,98,99,53,6
0.5992381359811699,96,97,46,4
4.5803249169795288,98,99,55,6
4.8201442410897446,100,101,58,2
5.9115488959929507,100,100,59,1
3.7418031024637868,100,101,54,0
1.4214187710698936,98,99,56,1
3.0319723494441688,100,100,51,5
4.0691176487921599,96,97,51,7
5.5238646069471580,100,101,60,4
1.2983365454905278,98,99,49,0
5.6582260530264668,96,96,47,1
0.3977092714227671,100,101,51,1
1.8986860131615964,98,98,41,4
1.7601779911060418,100,101,50,0
2.7195056298299778,98,99,56,5
6.1775779651845131,96,97,49,7
0.6999703829721889,96,96,52,2
5.3827597068704005,98,98,47,6
2.8598303816042776,98,99,47,2
4.5902594859961345,96,96,52,4
1.4360294294746347,98,99,43,0
1.0097347855401211,100,101,45,5
3.7200714976980587,98,99,56,1
4.9562872806867011,100,101,54,4
2.9835072762087043,100,101,46,6
4.9512964123248828,100,101,46,2
2.7651104558129189,98,98,53,0
1.0771095063505218,96,97,48,2
3.0683747512541810,100,101,50,4
6.0181879539094663,100,101,48,2
1.5525377893275967,98,99,48,3
3.7671079469330659,98,99,49,0
1.6474769444951551,100,100,48,2
4.5246111282505534,98,99,46,7
2.7460204611552039,98,99,49,4
2.9138527716115088,96,97,46,2
1.3934389410618302,100,100,54,6
2.9504113243132157,100,101,53,1
0.6816030421085770,94,95,55,6
1.9281989247403124,98,99,53,4
1.0691706917322401,100,101,48,2
0.8279144535208447,100,101,55,5
0.8816200251375467,98,98,46,3
1.1220694300272585,102,103,57,4
5.8398309949046316,98,99,42,1
5.4807843803305119,92,93,50,4
2.7512152065172151,98,99,51,0
2.7738535753053530,96,96,55,1
4.4243661590021652,102,103,51,0
4.9573659279878255,92,93,52,4
0.0802481632597678,96,97,56,6
4.6436808340084035,94,95,44,1
1.2379286699155381,100,101,53,5
0.3738551705177356,96,97,51,5
5.6897523762327813,102,103,58,5
6.2714003765396971,100,100,49,5
3.8019089411461415,98,99,46,1
2.1395664689238449,96,97,52,4
1.3182510941102137,100,101,49,1
1.3457562927352089,94,95,55,2
3.0833849084424569,100,100,50,6
3.0002838353436352,98,99,53,6
4.9724961264667522,98,99,37,2
4.2827006943407788,100,100,56,2
3.9211402250726834,96,97,40,4
2.6620835619294136,100,101,47,3
1.3270938760759758,100,101,53,7
0.7549757841173389,96,96,45,1
2.6255472902275887,96,97,51,5
4.8769471749890467,96,97,37,7
2.0358693931846585,98,99,45,6
0.2356619516132443,98,98,55,2
4.5202494713062906,100,101,61,3
4.5043475251906884,98,99,50,5
0.1369860029884610,98,98,52,3
2.6077366045726320,90,90,53,6
2.5250250525769991,98,99,49,2
4.8055362148363070,98,98,52,3
3.7742142604420348,98,99,58,1
0.8080489001673604,98,99,58,3
5.2027006918983822,96,97,51,7
5.2697464761867003,92,92,58,6
1.6329614005207171,98,98,51,4
3.0718976168597565,98,98,51,0
3.5467050694576630,92,93,42,4
1.3791884212463412,98,99,44,3
1.3538334766406657,92,92,51,1
0.7821703694130516,100,101,52,4
5.2894065869549607,100,101,43,1
6.2314790086595906,100,101,54,4
5.5926288268315769,100,101,52,6
4.1691441130629991,98,98,52,3
4.3941383009108987,98,99,54,7
0.2426316613924281,96,97,59,5
6.0354857930507144,98,98,51,2
0.5364915590513057,98,99,50,3
2.4761142766487323,94,95,47,2
0.5105889758325072,96,97,46,2
2.5765564399137348,98,99,53,6
0.2511907736216797,98,98,48,3
1.3747949262367245,98,99,48,3
4.5637822954951872,100,100,60,6
0.8497531406115315,98,98,45,2
4.7607476626034320,100,101,52,6
3.4100078613386708,98,98,53,0
5.3075610809407632,100,100,51,3
5.9661048274892527,96,97,53,5
6.0496560416290057,100,101,51,5
1.6208641946005802,96,97,45,1
0.1305392124804245,96,96,50,0
3.3603836538375531,96,97,49,5
1.4837675106249326,98,99,41,4
4.9839612930741239,92,93,48,2
2.1757252697922822,98,98,46,5
4.4217049456363684,98,99,50,3
0.3462101243848678,96,97,49,5
0.5862990779807326,98,98,46,3
0.1472372278335229,100,101,59,3
1.7125973325401163,100,100,47,3
1.2843228370425044,98,99,60,7
2.3059958935730873,96,97,59,1
3.2778558991069922,98,99,51,6
2.5168296809368109,98,99,52,5
0.7720516282927757,98,99,54,5
5.3423903826040950,98,98,60,7
5.9465952606189214,100,101,48,0
2.7613467420796973,100,100,59,1
1.1874368465533145,96,97,50,4
3.4468842487469149,98,98,50,3
2.5177355853662946,98,98,50,7
3.6516170585888057,98,98,57,0
3.7495707179188900,98,98,56,5
0.6281771887676878,100,101,54,6
2.6567686004756537,100,100,56,6
5.7942218867624096,98,99,46,7
4.7659175017170208,98,98,56,7
1.7794696405624315,96,97,53,3
1.1733364903742964,100,101,44,2
1.4720678061771475,94,94,40,5
2.2265498647990918,98,98,39,0
5.6701707602250506,100,101,45,5
3.7355877824720296,98,99,52,1
1.0809913810008631,98,99,51,0
0.7622362816527102,96,97,45,3
3.3225539591457820,96,97,49,7
0.6730386729850513,96,97,49,1
4.1516938422606326,98,99,49,2
4.5110579215346824,100,101,58,6
4.4128180501687941,100,101,58,4
1.5511011943375486,100,101,51,1
4.6314116063198449,98,98,51,0
4.3725083160314826,96,97,40,6
3.9785163099284055,98,99,60,3
0.3235694336753236,98,99,49,0
2.2610915840787538,96,96,51,5
5.9361200616079781,96,96,49,1
3.1121928257373819,96,97,60,6
6.2488561923699688,96,96,44,4
4.3773094448488656,98,98,59,4
2.9248431289000494,92,93,44,0
3.3040351125895122,98,99,45,0
1.4299244162399551,98,98,44,7
5.5256899690738841,98,99,46,3
1.7982141814346582,98,98,46,1
4.0642524244794043,98,99,50,5
4.3412692697356485,92,93,55,3
3.1911459330339595,98,99,54,1
6.1668560493504607,100,101,63,3
4.8463935450555873,98,99,48,5
1.5519178122620372,96,96,54,2
5.9946675723323253,96,97,49,1
0.8393086978058857,96,96,52,6
4.9624211381958805,96,97,42,6
2.5851214378333611,98,99,50,7
1.8459451235626310,96,97,56,2
0.3152038038060599,100,101,50,4
6.1637126205832420,96,97,48,2
4.1183988717190596,98,99,51,2
4.6885327132350252,100,101,49,1
1.6074595677763797,96,97,45,3
2.6852355535696200,100,101,66,2
3.8878557315395903,98,99,40,3
3.7982140252217866,98,99,55,0
5.7061706277422770,96,97,48,2
0.8942529696986401,94,95,59,4
1.1072570215951414,98,99,47,2
0.9792362703487089,96,96,46,0
0.5890732484020055,96,96,50,0
0.7793056818035892,98,99,48,5
5.8915740025479613,96,97,51,3
0.1971501149382574,98,99,51,6
1.8243718167200971,98,99,57,0
3.6102121569057104,98,98,43,0
3.0635671537148919,90,91,48,3
3.6491005523326669,96,97,46,2
1.2878649986110537,98,99,54,5
4.0973079281657467,100,101,47,1
5.9065026118584676,96,96,49,3
5.0546407010278358,94,95,38,1
2.1074408515843892,94,94,39,2
5.2635762905125718,90,91,47,0
2.7578451929319940,98,99,55,4
5.6718377255526216,98,98,43,6
5.8358157904933083,98,99,60,1
3.0097792398861016,98,98,42,1
0.1993769738055397,100,101,46,0
3.0185018279371079,98,99,56,5
5.6364956531454720,96,97,51,1
2.1778827652463351,98,98,47,0
2.0774444651612791,98,99,58,5
2.1518091736166203,98,98,46,5
2.8414630178740805,94,94,49,4
3.8400621117002744,96,96,52,0
2.3732987916525525,96,96,48,0
4.1133578778383546,100,100,53,5
2.9673363584027057,94,95,51,2
0.9549457996567028,96,96,49,3
5.9663219885093612,94,95,54,5
2.2976512191688223,98,99,49,2
0.9818251990668516,104,105,55,5
4.1906135295737164,88,89,40,2
3.6507905906473219,98,99,47,2
5.1382774428131537,100,101,49,1
3.5269858844730022,98,99,46,3
5.6486273590783211,98,98,47,6
4.8092693568205771,98,99,55,6
6.1015624366808181,100,101,57,3
4.8975401241974659,96,97,50,0
3.5486076513322553,98,99,53,0
3.7368613860061917,98,99,58,3
4.5177125011600419,98,99,56,3
2.5459695880203608,96,96,45,1
1.7499646591731588,98,98,52,7
4.3288757157007165,100,100,52,6
2.3371969515904834,98,99,50,7
4.2068573809482723,98,98,62,7
4.1748390768559958,100,101,51,5
1.2204711047307664,98,99,50,7
3.2760312452069509,98,99,60,5
1.6992859973859007,94,95,45,0
4.0373016315898145,96,97,45,5
4.3644680677227274,98,98,42,7
4.0767599007277671,94,94,53,6
3.6077318111388856,100,100,51,5
6.2065258769631120,98,98,52,5
4.6438508305007531,100,101,39,1
4.4507305464010036,98,99,52,5
5.8186570066930674,96,97,41,5
0.4513613988903182,96,97,59,3
1.8394121267962662,98,99,54,1
0.0659635429964872,96,96,49,7
5.9820483995347757,100,101,55,7
5.2246157662807340,98,99,59,2
2.4973117479921814,98,99,54,5
2.1917684789289726,100,101,53,3
2.6007295778402457,96,96,45,3
3.3675575582247212,98,99,35,4
5.0655396596449060,98,99,58,5
4.8565624795822533,98,98,50,5
0.0894386856864696,98,98,51,6
1.1788412670857245,96,97,46,0
1.5460806531738074,98,99,44,7
4.6131721565213333,98,99,53,4
1.0736516186677274,96,97,52,2
4.0970323612831328,98,99,64,3
5.2066887296321953,96,97,44,6
3.6019030321644543,98,99,51,0
5.0503881382412548,100,101,50,6
5.5264074351598431,96,96,52,4
2.9723651847753838,96,97,53,7
5.8677586429638842,98,99,55,2
1.9681631159961608,98,99,46,5
3.2781590113522308,100,100,60,0
5.4898607462624982,96,96,52,4
2.0283617414764081,98,99,53,0
3.0516519222160321,96,97,54,6
0.3330575515977529,98,99,57,6
4.6934448076818711,98,99,56,1
1.3065933595428447,98,98,47,4
1.6640348780700080,94,95,48,1
2.1836990161236289,100,101,50,6
0.3268597743748697,98,99,53,2
0.2845147207307106,94,95,53,6
1.4341752856340133,98,98,46,1
0.9906155161701281,98,99,55,6
5.8679745415773468,96,96,48,2
3.6233614890483934,98,99,50,3
0.8884095492261226,96,97,57,5
4.7694780861547050,98,98,53,4
3.6570601934513056,98,98,50,5
2.7361766727608465,100,101,60,0
4.8268935181296477,98,98,59,0
3.8582908450209721,100,101,54,0
2.6620877391643720,96,97,50,6
3.4306764280226671,100,101,56,0
2.2396438949795918,96,97,50,0
5.4268200797579444,96,97,51,5
4.0236752839283358,100,101,56,2
4.5846645266183934,98,99,56,1
2.7341490685636467,100,100,51,5
2.5922040430349029,100,101,50,6
0.0710006374878680,100,101,51,5
3.7111575888552646,98,98,51,2
0.6769968646739700,96,96,53,5
6.1118891316099493,96,96,51,7
3.9393455461286377,98,99,49,4
0.7181138860143417,98,99,44,3
4.2028384475001088,98,99,45,6
0.9354710366437201,98,99,57,2
0.1735561266263941,96,97,48,4
2.3244798224455634,96,97,58,6
3.6268707539704277,96,97,59,1
5.8613401004182446,96,97,49,5
5.5136499868846931,98,99,50,5
5.0777410570867287,98,98,45,2
0.8381955342360002,100,101,54,0
2.5326753943825180,96,97,47,5
5.2099004360527008,98,99,49,2
0.9199930889036962,94,95,48,1
5.2672695016525406,96,97,58,6
1.2555975315782186,98,98,46,1
2.0898965277263142,100,101,59,5
5.0458499055401056,98,99,47,4
2.4470337882371842,100,101,55,1
6.1815161676004005,100,101,54,0
2.8103109054115500,92,92,49,3
3.5958425621875398,100,101,58,0
2.2739265667247719,100,101,51,5
2.1479414488507493,94,95,46,3
4.0672564609563038,100,100,51,7
4.6986229837060707,98,99,48,7
3.8180434113964901,98,99,64,7
5.2255481434433282,100,100,58,2
4.1949974222513919,98,99,44,3
1.1185966670647576,102,103,57,0
0.5980062887327332,100,101,58,6
2.6199868099942116,102,103,54,5
4.4364010031010670,98,98,51,6
6.1353063492841899,100,101,50,4
0.5482502908477702,98,99,45,0
2.2457556822121925,100,100,54,0
1.0508578660734160,98,98,53,6
5.3061973648814229,98,99,52,3
5.0838257913827389,98,99,52,5
0.1459256736608393,96,96,52,6
4.2188766493055363,96,96,49,3
5.3344408240933685,98,99,46,1
6.2751632428983841,94,95,47,0
0.3709601676103547,98,98,65,4
2.7034609813820483,96,96,54,6
4.5813550975017918,96,96,47,1
3.1549726861778331,96,97,54,6
2.1221701019867982,94,95,50,3
3.2961664253600675,98,99,56,5
0.5751051869031648,100,101,41,1
0.1363628090667379,98,99,40,7
1.8320219264455819,98,98,48,7
1.7059760307050913,98,98,56,1
4.2714581973760444,98,99,52,1
5.9457968222706059,98,99,61,4
3.7232809103403959,98,99,44,3
6.2362333307046258,96,97,51,5
2.7382899887710739,100,100,53,7
1.5257221334081663,98,98,50,5
2.2063778648302548,100,101,54,0
3.2741897635904560,96,97,48,0
5.3489218368306037,96,97,42,4
1.3162173706932843,98,99,55,0
0.9368503064468573,98,99,47,2
2.4078522387464405,98,99,52,3
2.1224403067099220,98,98,49,6
5.9828070839474163,96,97,49,1
1.0946773071367739,100,101,56,2
4.6342908614129223,98,99,43,0
3.2740278866615711,94,95,47,6
5.1204859719406794,98,98,53,6
2.1346240911488801,94,94,55,6
5.9059108505527380,100,100,51,5
2.7080110665439716,98,98,59,4
3.4280806108545989,100,101,50,4
4.5456062626204385,98,98,55,6
1.3684034061319916,100,101,54,6
2.4049268721168042,94,95,50,7
3.5842526056858457,96,97,52,6
4.0667284596038611,94,95,47,4
2.2616405235087180,98,99,43,4
6.0620906162169623,100,101,64,0
2.9491582800407237,96,97,48,6
3.9633847940627258,100,100,59,3
4.1104632605667497,94,95,52,7
6.0860281173419848,98,98,53,2
1.4570046464597550,98,98,52,1
4.7633300610770304,96,96,48,0
2.2592431268716466,96,97,48,2
1.6803035855254191,100,101,49,5
4.4920084971639866,96,97,42,0
5.9682633461178636,98,99,54,1
6.1019790048828852,96,96,51,7
0.4136689011016865,96,97,46,4
5.8714110394860670,94,95,42,5
0.3219536034462317,98,98,55,2
4.7077685714725206,100,101,50,6
1.4666791514163311,100,100,53,3
4.6465883472092919,98,99,50,7
2.3998654089539211,98,98,44,1
5.7333681761910551,96,97,50,6
2.5455214162345112,100,101,44,6
5.0646244095983093,94,95,43,6
0.0382354864811696,98,98,61,0
1.1378600727423509,98,99,53,6
3.5509326476738452,98,99,48,3
0.8693414169485985,96,97,60,0
0.3278940772599246,98,99,59,2
2.0605943852340936,100,100,54,6
5.8006068940786921,98,99,51,2
3.1052736278073012,98,99,58,5
4.5718816926191188,94,94,52,7
1.8961993957989025,98,99,51,0
5.2374451240615336,98,98,50,3
0.5342363626865847,98,99,57,2
5.5534773879686803,96,97,52,0
1.4780658940036369,98,99,46,7
2.2151635149494746,96,97,42,0
5.4121673449017225,96,97,46,6
1.8867036696651034,96,97,52,6
6.0979345381972516,96,96,58,0
3.2281185610474026,96,96,50,2
6.2815945791049304,98,99,60,1
1.8037390078895545,98,98,45,0
5.7944959791352675,98,99,54,5
4.0638341505848024,98,98,38,5
4.9006281693948894,98,99,48,3
5.5170016380491260,96,97,50,6
3.2026932338684491,98,99,52,3
4.4655316232422217,102,102,48,5
4.6881187261698285,98,98,44,5
0.1964908413999556,98,99,52,3
2.7283152407241209,96,97,46,0
2.7962576574669922,98,99,45,0
1.5297171762954949,98,99,45,2
5.6237179145963987,96,97,50,2
5.4694372024498144,98,99,48,1
4.7246532382291715,90,91,36,7
0.6462966553632514,100,100,55,7
5.0656000168345567,96,97,51,5
5.8361700674297801,98,99,54,7
3.7467924811343596,96,96,45,1
0.7831319224310185,98,99,57,0
1.9332529484717016,98,98,46,1
3.2326680593503507,98,99,55,2
2.6786654605014149,100,101,53,3
5.9625382443733370,96,97,47,7
4.7779678861069144,94,95,47,2
0.2239032529813784,98,99,47,0
2.8608930628827669,96,97,50,6
3.6976536737412897,98,99,59,0
5.9992358011522233,96,97,44,4
2.5434923817308150,100,100,57,1
1.5425059535426591,100,101,56,0
2.5328775079116910,100,101,51,7
4.1416040905236926,98,98,41,6
3.4131027477160862,98,99,57,6
5.2121803394818524,98,98,50,5
4.3146893924484111,96,96,52,0
1.6965071847085611,98,99,48,5
0.6379278901303600,100,101,49,1
0.4012207920638780,92,93,56,4
3.5156197730169634,92,93,53,1
2.6922831663507543,98,99,51,6
1.0001680897412959,96,97,61,7
5.4100299716856082,98,98,50,1
1.5716385989464090,100,100,59,1
6.1113071823422915,94,95,51,0
3.3036910953295271,100,101,58,6
0.5838977955540419,98,98,54,1
1.3515628408834066,98,99,49,2
2.0341048677243538,100,101,58,0
1.2594198547264130,98,99,51,6
5.8641305459024968,98,99,55,0
2.4057727795035473,96,97,59,3
1.6143774634113011,96,96,50,4
0.5917399351634167,96,97,45,7
5.3355988012319768,98,98,48,7
2.0951063590591201,100,101,53,3
2.5701015374742338,94,94,53,2
0.2413136146283735,96,96,45,5
1.3621559802100343,98,99,58,3
3.5958918672557170,100,100,53,5
4.2565795352116611,98,98,58,7
4.8390204422624885,100,101,50,4
4.0815565792041317,96,97,49,3
4.7951485101122202,98,98,51,2
1.7610019935018275,100,101,37,1
6.1701569514995818,100,100,50,4
0.2411173383590086,98,99,48,5
3.6526771697238312,96,97,39,7
2.5514411533191548,98,98,49,0
5.1631564588057675,96,96,42,0
4.9213928935624836,96,96,44,6
3.5252026770170533,100,100,52,0
0.6304605135205982,92,93,42,0
5.7645853815605825,98,99,42,1
4.1349884619988959,96,96,47,5
1.9902434959249056,98,98,41,2
2.7548918868096619,98,98,55,6
0.3102338033560887,98,99,53,6
0.1196504405402380,98,99,58,3
0.3139889179761043,98,98,49,4
4.3035587443786563,98,99,53,2
3.2349139277547425,98,99,46,7
5.4501403347134652,98,99,48,5
1.2888114347018853,100,100,56,2
2.0411109050772618,100,101,48,2
1.3966055151091912,98,99,48,1
3.2882299338370315,96,97,49,3
3.5069186835108117,98,99,47,2
2.6065777523640965,100,101,59,1
5.5537090805043965,98,98,53,0
0.6846880250575296,98,99,52,5
1.4214954443878951,98,98,43,2
0.4023892520637077,96,97,51,5
2.0167134432427369,98,99,56,7
0.7085354057934042,98,98,52,1
3.8935353108906412,98,98,56,7
4.9754384668840554,100,100,56,6
2.9170458609167560,98,99,51,2
1.4083757966713109,100,100,53,7
4.4500755011972517,100,101,53,1
0.8730991242192137,98,99,52,1
2.1293514400838487,98,99,43,2
5.5183397861369476,100,101,55,3
3.8838837940191802,98,99,47,2
2.3802621549443508,106,107,52,5
0.2981478831043465,98,99,56,3
5.7336766946301667,98,99,51,2
3.3940725311106275,98,99,51,6
0.6829261005518932,96,96,47,5
4.1944273741938121,96,97,51,3
4.9464626680157933,98,99,48,3
2.2962961460614322,100,100,61,3
1.1901082192864048,98,99,52,3
0.5174242775858111,98,99,56,5
1.7585042402892741,96,97,52,4
3.4397304642992936,98,98,45,2
0.4053802815428174,98,98,59,6
5.8526571110526220,98,98,43,4
5.3088910169945480,100,100,54,4
3.6791350471959423,96,96,46,4
5.6202101791204662,98,99,47,2
5.5138766526716649,98,99,55,2
3.9738110915545368,98,98,55,4
5.5371787652505731,98,99,56,5
3.3995248059236904,100,101,63,5
4.6661709764226167,98,99,44,7
6.1462254988230658,96,96,50,2
4.3730015199516332,96,97,54,0
4.0335510569160942,98,99,47,0
5.1067602459950381,102,103,51,2
2.2460726141781500,100,101,56,4
3.7464844542425393,100,101,46,2
4.7941573969131710,94,94,47,2
5.1765115986430308,98,99,49,2
1.5876073518272966,96,96,48,6
4.8514678461435796,100,101,49,7
2.6110320075344271,100,100,54,4
5.0977896068705588,96,96,45,3
1.7882979698938160,98,99,57,2
1.1660305950174283,96,96,53,3
1.0434687445322199,96,97,46,2
5.3883508367245518,98,99,50,7
2.7590855929425611,100,101,56,2
2.5711384373924511,98,99,47,2
2.4515843523447067,98,99,47,0
6.0036303207230315,94,94,47,4
0.1058000944038205,96,97,47,5
3.1520890347105048,98,99,49,6
6.2219877684339862,100,101,53,5
4.1686610710576844,98,99,48,5
6.1751358368440892,98,99,44,1
4.4195351704530941,98,99,50,5
3.9253954299475322,96,96,56,0
4.6509838139041566,96,96,43,5
5.9627209967782457,98,99,55,0
1.1892776890813102,98,98,45,6
0.2277376588701890,100,101,54,6
5.9601303663556653,98,98,40,5
0.5529953922403684,100,101,52,4
0.0304886417363535,98,98,52,5
6.2644371169055422,100,101,46,0
0.7880578733539068,98,99,52,5
0.9054684513802620,98,98,46,5
0.9607747811081901,100,101,61,7
1.5444986301193131,98,99,63,0
3.6498863585535966,96,97,54,4
3.5811770177114459,100,101,50,0
1.1271666113922136,100,100,50,0
2.9452243236091582,98,99,36,7
0.8544842754982505,98,98,53,2
2.0231060735937434,98,99,44,3
5.1335103823647508,98,99,45,2
1.4165710661744972,96,97,43,5
4.8787919071424364,98,99,54,5
2.0867354520040755,98,99,54,1
5.2539089033345832,100,101,58,0
0.6443746233668562,98,98,55,4
1.3397682911138156,96,96,49,5
3.4528011941228280,98,98,51,2
4.2223736114045876,100,100,50,4
3.3608965352587759,98,99,53,6
3.1490652641625836,100,101,45,3
2.5439217910215435,98,98,44,3
1.8430473973223001,98,98,45,6
0.0126896780573879,98,98,48,3
3.5224798041503171,96,97,53,7
5.0386696675815337,94,95,51,6
3.5546316717468085,100,101,51,1
4.3516982880375528,96,97,49,3
5.2569629491634959,96,97,48,0
0.0441735306902816,100,100,52,6
5.7112801058120732,98,99,54,3
0.8807017639555469,98,98,61,2
5.7619844899898469,94,94,47,2
2.4962018721748032,98,99,56,3
5.7911259247655789,100,100,48,2
1.2049987722257123,98,98,54,7
3.3956018696707679,96,97,58,4
4.1667495340012080,100,101,47,7
3.5732518182659052,98,99,57,2
5.5108319854558623,98,98,50,7
4.6242199537044613,92,93,53,3
4.6529336500497047,100,101,55,1
4.2631719069765044,98,98,49,2
0.4083966510187901,98,99,53,4
2.2478619678475216,98,98,51,0
2.5668479513783367,100,101,50,4
3.6968053047733331,98,99,54,1
4.2872853041461347,98,99,53,2
6.0201635363106742,102,102,39,0
2.6405343342855274,98,99,52,7
4.9175443721822161,98,99,59,6
3.2686398455655992,100,100,46,2
0.1005270307360675,96,97,48,0
4.0432536725270651,96,96,51,3
4.0116071226649437,98,98,50,7
3.1350901122353547,96,97,53,5
2.9112202488235948,100,100,58,2
0.1659961095857630,98,99,53,4
2.1171997283861503,98,99,55,2
5.0574237402534212,94,94,40,5
3.1692066996820571,98,99,47,6
0.4842549403479267,100,100,51,1
2.0516497119102417,98,99,56,7
3.3150207523337576,102,102,52,5
2.8822195932464645,100,101,48,0
3.9019966631852654,98,99,54,1
4.7511928629795701,98,98,57,6
0.2422646337368291,98,98,49,6
2.0055657076915439,98,99,52,7
0.2391671346294943,100,101,52,4
2.7652449823557017,100,101,59,1
1.4723347043940147,98,98,50,3
2.1214369667561295,98,99,59,2
0.8379894750901353,100,100,53,7
3.2303447617022090,98,98,49,4
2.6228332650306001,94,94,46,3
4.9947038239247403,96,97,42,4
5.7381240402876461,96,97,59,7
0.6925288158626277,96,97,48,6
2.3048039317082041,96,96,51,3
5.9008954934783082,98,98,44,3
0.4129985660304992,100,100,51,3
3.8312110660975556,98,98,50,3
3.5528755291572627,100,100,47,5
1.8905238486555356,100,101,62,0
5.5938974127910663,98,99,48,1
4.6056983957616504,96,97,48,2
0.7905245573522476,100,101,42,6
0.7428107227146304,96,97,43,7
2.5939736798524566,98,99,61,6
5.2669110025936332,94,95,50,5
5.4104287822512429,98,98,47,4
0.8252679278577871,96,97,43,5
1.7017253211534213,100,100,43,5
1.1243272386504712,96,97,43,5
1.1667868841543214,98,99,57,4
2.9933213770803762,98,98,54,5
3.4787460003201520,100,101,52,0
5.7385941419623725,98,98,50,1
2.0191311844126085,98,99,53,0
2.8206671765450748,96,96,44,4
5.4680762453650011,98,99,38,5
5.8308111344209497,98,99,58,1
5.2825824444062182,98,98,44,1
0.3908489638826890,98,99,58,3
2.4301814689447552,98,99,52,7
5.9830864179012435,94,94,49,0
1.2437052189074811,98,98,54,1
4.8882334528904368,96,97,50,4
6.0347542546332740,98,98,54,5
4.3899435627968586,96,97,45,1
3.0905434558624632,100,101,55,3
2.6657276842481932,100,101,45,1
2.0331708544506721,98,99,52,3
5.6144272743667845,98,99,58,5
1.2329410725475998,96,97,50,2
1.9532137382889874,98,99,43,4
3.7468121395309444,100,101,54,6
4.0858803105775356,98,99,43,0
4.5770187846708774,98,99,56,5
1.6671658499539823,98,99,44,3
6.1113352179401339,96,97,51,7
2.9698829040423442,98,99,55,0
1.6705916502748521,98,99,54,1
6.0403882006149976,100,101,46,2
3.0769257317774592,100,101,55,1
3.1960159700266120,96,97,47,5
3.1750642150536774,102,103,42,5
0.2257847343611344,98,98,45,0
0.9924204241062554,96,97,47,7
4.5693713328444785,96,97,52,4
0.7929944355939001,98,99,56,1
0.3441263512156653,96,97,53,7
5.6132678970520367,98,99,53,4
4.9975221393235003,100,101,50,2
3.0317191874123521,98,99,41,2
5.6833164656463948,100,101,56,4
5.7990417839229513,100,101,48,4
0.2058939098963804,96,97,49,5
6.2543204012809444,98,99,48,5
0.8897253385970657,102,103,49,4
3.4958198381511854,98,98,59,4
3.2772637162440210,98,99,56,1
4.7351833665206522,100,100,50,4
4.1947238442335140,98,99,45,6
2.3944072818478519,98,99,57,6
1.2174420568457676,94,95,50,1
0.8842035656409822,98,99,55,2
3.3342428200009273,92,93,53,7
3.5465267478531288,98,99,50,5
4.7976532138903796,98,99,39,4
2.5145622636849092,96,96,54,0
2.7279420716387222,98,99,48,5
1.7527793714431408,96,97,49,5
2.8817951706365017,98,99,53,6
3.4793534579190566,98,99,56,1
2.2853574884532328,100,101,51,1
2.6580420483498712,96,97,51,3
4.9981216654668428,100,101,45,1
3.0879192598957794,100,101,48,2
4.6114011904668608,100,100,51,5
5.7048457326353867,98,98,55,2
3.3360192634480761,96,97,49,3
4.5235540640300780,96,97,50,2
2.1378230230777802,98,99,52,3
3.6119253305709824,98,98,49,6
0.6200678615216692,102,102,54,1
3.2759225615972456,96,96,38,0
3.7968628471343417,98,99,37,6
5.0462931421468671,98,99,41,0
0.9528631815370413,96,96,56,6
5.9546108501120338,98,99,57,2
3.3080945606290948,100,101,55,7
6.1959754353812837,98,98,49,6
5.9318306612316043,100,101,52,0
3.0124108874094038,98,99,37,6
5.0612532036127593,98,99,44,3
2.3962838636087596,100,101,47,1
4.2883414967244340,98,98,47,2
5.4103771606378439,98,99,51,2
2.9403588683910691,94,95,57,4
5.8729723343667386,98,99,57,4
5.0529106667510097,98,99,43,0
2.1475259116270808,98,98,42,5
1.6923436695032898,96,97,44,0
0.9824670699362502,98,99,47,2
0.4181090824641390,94,94,52,1
5.9199085595426437,98,99,52,1
5.5291201532583862,100,100,64,4
3.4894584494729570,100,101,45,3
2.5000438093956334,98,99,42,1
1.9121404783097529,98,99,50,7
2.8956893407340720,96,97,56,0
3.0615812128405602,98,98,47,6
1.5189336730525125,100,100,50,6
5.8286290529432510,100,101,52,2
5.7641083693633117,96,96,47,7
2.8185767374180544,98,99,54,3
5.9448258170703321,96,96,47,3
4.4589121492359896,96,96,46,6
5.2512068946713448,98,98,54,3
0.8129291852041164,94,95,44,7
2.2203029115230257,100,101,50,2
4.9772281844158908,96,96,51,5
3.0078626897454122,98,98,50,7
0.0862448001254987,98,98,47,0
3.7173669983062592,98,98,51,6
4.3961890888207273,98,99,44,1
0.1392086938947015,98,99,53,6
5.1684498281991091,96,97,50,4
0.7801489056726023,96,96,53,5
4.6578651270964500,100,101,59,7
0.4400437233228106,100,100,49,3
0.2305629730034566,100,100,53,1
1.9711593010779098,98,98,51,2
