theta,t_count,h_count,s_count,w_count
2.0060772766569617,98,98,50,7
5.3874489175024083,100,100,43,3
4.1369463424853059,98,99,45,6
2.8979151083734793,102,102,51,4
3.0413401496368939,98,98,53,2
5.3228793448467728,98,98,55,2
4.9108791751264640,100,100,55,1
1.8674295455560828,100,101,53,5
1.9788394790840513,100,101,56,2
1.7027449629929734,98,99,54,1
0.8111341899041261,98,98,46,5
3.4110450376318342,100,100,56,4
5.5252959957328551,92,93,48,0
1.7292051803576225,100,101,62,2
4.7552529261792431,98,99,62,7
5.3696508582483533,98,98,54,5
5.2319132517394120,96,96,51,1
3.7757511839544695,98,99,51,2
6.1492705398092404,98,98,49,4
2.6265771096507948,96,96,48,2
4.3997414305881186,98,98,55,0
5.5527415931442263,98,99,51,2
3.1077821291200496,100,101,52,0
2.6415782889106731,98,98,46,1
2.0550350112540716,100,101,46,0
1.8574277876306482,98,99,55,4
2.7730740979086077,98,99,51,6
2.0601612185946485,98,99,46,1
2.8602740231027775,98,99,49,6
5.0761916823724382,98,98,53,6
0.3093767066049768,98,98,45,0
0.2211698187424514,96,96,55,1
1.8250564201577446,100,100,48,2
2.3042226956908554,100,100,58,2
2.1102881499041422,96,97,53,1
2.6393158476498582,100,101,57,7
4.9302480719027670,100,101,48,0
3.6770310984334285,98,98,45,4
3.7260016770935716,96,96,56,2
1.8209528984143291,98,98,56,7
2.8907027614115473,98,99,61,6
3.3952709008880086,92,93,49,7
5.0654639866391111,92,93,50,0
4.1362672493912180,98,99,35,0
3.0089601173393214,100,101,56,0
0.8878173355398319,100,101,40,2
1.3530434130486260,100,101,55,1
2.2314406352323042,100,100,52,0
4.5096075448645907,100,100,49,5
4.1611370859881580,94,95,48,5
3.3548891864580810,98,99,41,2
0.0075292672569772,98,99,49,2
4.8308790966770339,100,101,57,5
0.1835536608545179,100,101,55,5
2.5313569479695626,96,97,48,2
6.1084188008200142,100,101,51,3
6.0660876778498318,98,99,42,5
4.6657095861495996,100,100,44,2
2.0302306269109058,98,98,47,0
2.8647651061999007,98,98,45,6
5.7751686323141120,100,101,56,2
5.9367933487562228,98,98,50,3
0.4143479763409352,102,103,52,1
4.4419411615469508,98,98,49,0
3.9965008621360654,98,98,41,0
2.3256082576183759,98,98,52,5
0.4910855348342605,100,101,51,7
1.7803319719457686,96,96,41,3
0.8486597846743139,102,103,48,7
4.9772376962655214,102,103,49,2
0.9527009573402155,102,103,45,0
1.8277667862243931,98,99,44,1
5.8676412026384375,100,101,54,2
4.7917603970585567,100,101,53,7
1.3107280987070493,100,101,64,0
3.7619044118730574,98,98,44,3
1.8704243028049179,102,102,55,6
5.2774169653055427,100,101,60,2
1.6377110002957225,100,101,58,2
6.2279404533380669,96,97,54,4
4.6331180395570835,98,99,51,0
4.1496603728968049,98,99,50,1
0.0753232521689587,100,100,47,1
4.2576084021224929,98,99,58,7
2.7936422492616324,98,98,53,2
2.6643409964956204,98,99,66,5
3.0702374233354846,98,99,55,0
5.0149427440231209,96,97,47,7
4.3792284442011136,100,101,59,1
4.9339021251151634,102,103,58,1
3.2972780582528349,102,103,48,1
4.8097092926441247,98,99,54,3
2.9162239389709068,100,101,54,6
3.3237552839167370,98,99,51,2
0.7884230498795668,96,96,51,1
1.8259515846548853,100,100,45,1
2.3974654822765040,100,101,47,1
2.7156093427712773,100,100,52,2
0.2706365292344116,100,101,38,2
1.2136707392176747,96,97,53,1
0.8803611265069892,94,95,50,3
4.6343845573560944,98,99,53,2
1.3175304716821814,100,101,53,1
4.8158305858397110,96,96,51,7
1.1372912678079778,102,103,52,3
4.3204647495054722,100,101,51,7
0.5410526793177142,98,99,44,3
1.0560223307867065,100,101,54,6
6.2003439302726555,100,100,65,7
1.1493634990854003,98,98,51,6
0.5432893036382074,98,99,50,5
1.6930712587363665,100,101,47,7
2.1948356720009761,96,97,55,7
3.4472661392211585,98,99,59,6
1.2187956267284048,100,101,49,5
5.2397519031635955,98,99,55,4
0.0756022842556254,98,99,50,1
0.5437627627209376,98,99,54,7
6.1522910013598793,96,97,45,1
2.1370644637984855,98,99,51,4
5.2962589723336109,98,99,46,7
0.8008603330758831,100,101,56,4
2.2456417422670980,98,99,54,7
0.7532762115960558,100,101,50,0
0.1962092441119786,98,98,52,3
1.5727132282505187,100,100,43,7
2.4965889904861385,100,100,54,2
1.5118175769113251,98,99,54,5
6.2472362889552420,100,101,55,3
1.0328505368213383,98,99,52,1
5.3507869484390627,98,99,50,5
3.8755817460550217,102,102,52,1
5.6672820883714756,98,98,45,2
2.7047637263364148,100,101,54,0
1.6715442865693892,98,99,44,1
5.7935873064979937,96,97,49,1
4.0342616868397654,100,101,48,4
3.0762731317231746,98,99,47,6
0.7592664768471402,98,98,52,7
5.9894893282307686,98,99,39,0
3.9234683138348703,96,97,54,2
4.8961322835403633,98,99,51,4
5.7815977609807394,98,98,53,2
1.2514856499290055,100,101,47,1
6.1113875899317218,100,100,48,2
0.6527614390651935,98,99,54,5
5.6496279929288384,98,99,49,6
3.3692579107822365,100,100,49,7
4.3986246685162156,96,96,39,5
1.8892013525402953,98,99,51,6
5.2924641933486871,100,101,50,6
3.6152119499811852,98,99,41,4
1.1995272609214518,100,101,48,0
2.3018818650399524,98,98,52,5
6.2683747023267031,102,103,53,2
6.1465553970542279,94,95,52,1
5.9109490257061159,100,101,61,3
2.9152785054847268,94,95,43,0
5.2092115094868001,94,94,46,7
3.0888250430750892,90,90,49,2
4.4284604406826178,100,101,46,4
2.1972474040492691,98,99,55,4
2.7574319504447296,98,99,43,6
1.9057273738938763,100,101,54,4
3.7288443279991794,100,100,49,1
4.8259056372455431,98,99,54,5
0.7375749648839340,98,99,57,6
4.3873482062167426,100,101,44,0
4.5720742684555695,98,99,42,3
3.2887168074384694,102,103,53,2
2.4916740817210479,100,101,45,5
2.1762018784196404,100,101,55,5
0.4765904082797494,100,101,45,5
0.6520725001579810,102,103,50,3
4.9641810838875200,100,101,50,2
2.3632603098061482,100,101,50,2
5.3397294930978374,96,97,50,6
6.0032776907170673,100,101,51,7
5.5294522394530992,98,98,49,0
1.5948876428479442,98,99,62,1
3.3053727673604141,98,99,64,7
5.7897200037212881,98,98,46,5
5.2768984408344792,100,100,43,7
5.4210665780865961,94,95,44,1
6.2554705455563742,94,95,57,0
1.3503596780355513,96,97,58,0
2.5144208051546761,100,101,47,7
1.4512386010435270,100,101,53,1
4.0167261002578281,98,99,50,3
1.9705459427781464,100,101,50,4
6.2482993892299277,102,102,56,1
5.6637009266342817,98,98,47,6
2.9285548952784466,94,95,53,4
2.9271411377754402,100,101,48,0
3.8896524001877735,100,101,50,4
3.3071554006574062,98,99,47,6
2.8155667167640210,102,103,43,2
3.9657020301044938,98,99,50,7
0.6864110542611712,100,100,54,0
4.2619859861983551,100,101,57,3
4.9952205364265101,100,101,61,5
4.3704924911729526,102,102,54,7
1.5551038966060731,94,95,52,5
4.5616833286223990,102,103,46,7
2.4596449702601699,98,99,59,6
5.0110911482277460,94,95,36,5
3.4503839366035511,98,99,51,4
6.1032052583496466,100,101,52,2
6.1164072738773960,100,101,59,3
2.3437192790386523,100,101,54,0
0.0983005102375775,96,96,40,0
5.8623264304338925,98,99,45,4
3.6399789420251474,100,101,59,7
6.0565865696144225,100,101,63,5
1.9342513931788219,100,101,64,2
3.1615230793719862,98,99,59,6
3.9476477761276985,98,99,51,0
2.5144045309002974,100,101,59,3
1.9276640328657686,98,98,56,3
0.7912371425254459,92,93,50,4
3.1296759402492911,96,97,40,0
4.5781977266552776,96,96,52,6
3.1809290265102015,100,100,55,3
3.3863883376674808,100,101,56,6
0.0828789032761094,98,99,40,1
5.3176217708606179,98,98,50,1
3.5124471590377704,100,100,58,6
1.1940911025459302,96,97,57,1
0.1028345574333681,98,99,52,5
5.2610468029100472,98,99,45,6
0.3373270812293974,98,98,55,6
0.9633691113574374,100,100,52,6
5.2248171198416955,100,101,45,1
3.7385979367839974,100,100,51,5
0.1617079408483896,102,103,47,0
1.9169713794924781,100,101,53,1
5.8869454515530570,100,100,50,0
5.5146327585945603,98,98,52,7
3.5560560275427560,100,100,43,7
4.4971123616008475,100,101,45,1
2.4899516121244618,98,98,46,3
1.2277683399974502,98,98,54,1
0.0000849014002397,100,101,58,4
5.7965010790802829,96,97,49,7
3.1118412391784829,102,103,69,2
2.9199956989302573,100,101,56,6
2.9642284994539501,96,97,48,6
4.3902733982676212,98,99,47,0
6.2614941241143836,100,101,45,3
0.2277908212102828,98,98,48,3
4.3774178103266062,94,94,54,7
0.5777026853618641,100,101,62,0
4.9885969261767755,96,97,55,1
2.2681641379424682,100,101,55,7
1.7943114224371532,100,101,48,4
0.0269035199214575,98,99,50,3
0.2703952899393151,98,99,57,0
4.3341114656803530,96,97,54,6
4.0928809767385577,100,100,50,2
6.1065766666007644,100,101,54,4
1.9572055336210687,94,95,52,1
4.8887620693450966,96,96,48,0
3.0468918605075266,100,101,45,1
4.8602418815306487,100,101,53,5
0.5187131219218414,98,99,52,7
0.8590487874875260,100,100,58,2
2.6380779555094027,100,100,48,2
3.0193484523649805,98,99,58,1
2.4954451848633274,100,100,51,5
4.4684998079959062,102,103,43,0
3.6903521837087037,96,97,55,5
1.2700788779621943,98,99,36,5
0.2824490095371438,100,100,56,4
3.4917857534228758,98,99,50,5
2.6831429577535313,98,98,60,3
5.7390085280996406,96,97,45,1
3.6815515498074940,100,101,47,3
0.8256197739585052,100,100,50,0
5.7607045201543654,100,101,56,0
0.6441438863814182,96,97,52,2
4.4299163160265165,96,97,52,6
1.7416179236878053,94,94,52,3
1.7445563953376286,100,100,52,0
1.6672171878819659,100,101,55,7
5.0586979738818236,98,99,43,4
5.6270946745930743,102,102,60,5
5.9600903034585198,100,100,56,2
3.0954504253328019,100,101,57,3
1.8713502870543288,98,98,48,7
5.0041446136873722,96,97,43,3
4.8491108779846348,100,101,58,0
5.8083526081041210,102,103,52,3
2.4738826517200505,98,99,46,3
2.2674240852054379,100,101,57,7
2.4969753909554515,98,98,59,6
2.1804112933446129,100,101,47,1
1.2367080136108446,98,99,56,1
2.3170983688809561,100,101,42,4
3.6837112949408257,100,100,51,7
4.4583042863690512,100,101,54,0
4.1990107321071646,98,99,48,7
3.5396342841945070,94,94,38,1
5.6093872433039449,96,97,57,3
0.3180766750087951,98,99,57,0
4.3537112827704973,100,100,52,0
0.4710364609892145,100,101,48,0
0.5523622221150705,96,96,45,1
5.2219703390941783,100,100,58,4
0.5551786581674660,100,101,56,0
5.6386636370890670,98,98,52,5
5.0270143118918442,98,98,45,4
4.7345030024118966,100,100,41,1
0.9066514201525996,100,101,54,4
1.3498821406084969,102,103,52,1
0.3436730936662166,98,98,44,3
2.2805501966391071,98,98,43,4
3.7406738787083169,100,101,44,0
1.2494131990758306,100,100,53,3
2.0470080163732867,96,96,43,7
1.4782371574354791,98,98,54,1
2.8790368049251209,100,101,52,0
5.9378592693804437,98,99,54,3
3.0451539892911095,94,95,47,0
2.6774330548914289,98,98,51,2
3.7388353901299758,102,103,50,7
0.4264635199507002,92,92,46,6
0.3205125884803404,98,98,52,3
5.5451120275233707,100,100,48,4
3.6019440014394091,96,97,54,6
6.0072536116154565,100,100,55,5
0.9906204511035792,100,101,59,1
6.1281818837981934,98,99,57,2
0.2485287164539341,102,103,55,0
5.2807398353598183,100,101,64,2
2.9024377689056320,94,94,44,7
4.6915197925257619,100,100,60,4
3.2683323352073543,100,100,53,7
2.4868791355612494,100,100,55,3
1.1312250933835144,100,101,49,7
5.8755408921098695,98,99,52,3
2.8839750873944578,98,98,52,1
0.4693714133806930,102,103,47,0
0.5548448887440864,100,101,53,1
5.6674648074122826,96,96,55,1
3.6048774468181364,102,103,47,0
0.2892163079356029,96,97,59,1
2.8957844716525090,100,101,43,7
0.4193701007395697,98,98,46,3
5.6401971745406856,98,98,46,7
5.6476379708059294,100,101,51,5
5.9795155991879110,100,100,46,6
5.8088295037312303,102,103,44,1
4.3280587717988981,102,103,53,4
0.9233686320767561,98,99,52,3
0.2340640562274104,98,98,54,5
5.7608034524966341,100,101,55,5
2.2097314146988754,96,97,55,3
4.7990551111719419,100,101,36,6
1.0425644602044442,96,97,51,7
0.6096045590518984,98,99,47,6
0.1727166239173571,92,93,50,2
2.7772176325029809,100,101,56,4
4.1893458896160869,98,99,58,5
4.0503977634034722,100,100,60,6
4.2205920136325359,104,105,52,6
0.8141863433205905,100,100,56,0
5.8394888842564621,96,97,44,0
4.4456838432386236,98,98,51,0
1.6354759886055268,98,99,49,6
2.5314584247250349,98,99,47,4
0.6488662288954256,102,102,52,3
2.5456062675494375,100,100,49,5
2.2306972160344558,96,97,46,2
5.5416254060396808,100,101,52,0
4.4548553451233373,100,101,51,7
2.2066086443832171,96,96,55,3
2.6478308423379486,98,98,51,0
2.5273675377120113,98,98,52,3
3.7139777166056356,100,100,53,3
3.7986959226200487,100,101,58,6
1.7055793387902114,96,97,55,3
2.3141444087130556,100,100,52,6
0.7688646893279923,98,99,48,3
1.1228666364683819,98,98,48,1
5.5706213546581544,100,101,55,3
6.1499164694395905,100,101,62,4
2.7298010678151789,102,102,56,3
5.4257239522362806,90,90,51,0
5.4200470100524702,100,101,49,5
4.7934154663036912,102,103,61,2
0.4389427949845840,100,101,50,0
5.5918895854301960,98,99,51,4
6.0746451785648601,94,95,49,0
0.0372022436256716,98,99,49,2
2.8710543064270686,100,101,50,4
3.8377846931799051,98,99,44,1
0.2055433238270087,98,99,51,2
3.0802438610253029,98,99,44,7
6.2616004251109159,100,101,41,1
5.4539628160169702,98,99,50,7
0.5821404689046582,98,99,47,0
4.2351060130517473,100,100,51,1
5.5264146204015328,96,96,47,7
0.8529113655624367,100,100,52,6
4.1278601485271897,100,101,59,7
2.3555086746176710,96,97,47,1
3.2379430617753360,98,99,58,1
5.2597699796274142,100,101,55,3
1.9454912723441991,100,100,53,1
6.0380244283886046,100,101,52,0
1.8634290408492036,96,96,50,2
2.5367972696178618,98,98,51,0
0.5123839771498785,96,97,55,7
3.0044815807690100,98,98,56,3
4.5983067236560817,98,99,58,1
2.5330290041788341,94,95,53,2
4.9659246591809749,98,98,53,2
3.2239908083102975,92,93,60,4
6.2252317108705606,98,98,55,2
2.4573770471871192,100,101,49,7
0.2333885725793640,102,103,51,6
1.2812198223095936,98,98,52,1
5.9258300131937851,98,98,51,4
1.4454835963648955,100,101,58,2
3.2721588114130946,102,103,53,6
4.2548515630892805,98,98,52,5
2.0042361056879159,100,100,48,0
2.0864182133294857,96,96,46,2
1.2434520583285615,98,99,57,0
5.7901799083281569,100,101,46,4
0.3227952128054333,98,98,48,1
3.6760691381147459,100,101,49,3
5.7040009463828749,102,103,56,5
6.1507951986519220,98,99,52,5
5.5180681649030943,98,99,49,0
3.0097522597570370,96,96,48,2
1.9852533794306308,100,101,57,5
1.7516986594508015,96,97,52,2
6.1587957802185551,98,98,57,6
3.3516769856827078,92,92,54,0
1.4931368621321697,100,100,54,2
0.8581948333515863,98,99,47,4
4.0428418585667112,100,100,57,5
0.0864915160056338,98,99,47,4
5.6705671814053176,100,100,53,7
2.9958000256497637,100,101,60,2
0.2829645996164551,100,101,42,2
1.5235596070718740,100,101,57,1
2.8693478164406909,96,97,51,3
1.0475663006764238,98,99,57,0
3.2806581592483317,102,102,49,6
1.1783908558907175,98,99,52,3
4.7945451872687581,102,103,44,5
1.1062936846647493,98,98,53,6
5.5263375379469197,102,102,48,7
0.4296240247876879,100,101,50,2
5.0331855823571852,102,103,50,3
1.6762806792884237,100,100,49,7
2.9655393866478925,100,101,47,3
3.6118878930730505,100,100,46,6
2.9121502931259520,96,97,55,1
5.6676195718208326,100,100,49,3
5.5499648062893128,100,101,43,5
2.2688479466100286,100,100,55,7
5.6302995129803586,102,102,45,2
1.2615037715051591,98,98,45,4
5.1976653177696344,98,98,50,7
1.4826498926153666,96,97,56,2
6.1045609399475795,100,101,54,0
5.8580567180998884,98,99,52,3
4.6138256543744687,100,100,51,3
2.8760851083474637,98,98,47,6
1.7847740061082180,100,101,43,5
1.3695941655369896,102,103,47,6
4.1971618026857751,96,96,52,6
2.9659704904185853,98,98,49,2
2.3759605386977869,100,100,47,1
0.4064840081858440,98,99,47,4
4.1485881237254683,100,100,58,2
1.1614287440232756,100,101,49,3
2.1460002669415097,98,99,41,0
0.0314507446977536,100,101,50,6
0.6143272857122829,98,99,55,4
3.3465139840963958,100,101,46,2
1.8217352275317051,100,101,54,0
2.8973146811025261,98,99,48,1
2.9315940286677833,98,99,50,7
3.4230949749207071,100,101,56,0
4.5223220491372755,98,98,54,7
5.4036560039529125,94,94,47,2
1.2679512851985515,100,100,54,2
0.1597959477894477,100,101,51,5
3.7052942542349490,100,101,56,4
4.6307908674426113,102,103,53,4
2.4874858650289862,98,99,55,4
6.2408429860578849,100,100,48,4
5.6716242923948830,98,98,43,6
3.6531469367930760,96,96,46,0
4.6409510965489469,96,96,45,3
1.7674792521717899,100,101,54,2
3.7208047323390852,98,99,49,2
3.3029410733683049,100,101,54,6
5.3238041254393274,96,96,57,1
1.6108324529479627,96,97,46,4
4.2260192925622269,100,100,52,2
4.3861145874185539,100,100,50,6
3.4643235322379171,100,101,49,3
3.1305108505987662,100,100,55,1
1.5986069098247335,96,96,52,2
0.1022949115085897,96,97,51,5
1.4843185197104130,100,101,52,2
0.5249820105970762,98,99,47,0
2.8890772837842214,98,99,54,7
2.7639024555406029,98,99,57,2
5.8375933911640026,98,98,49,0
3.3635495130509940,100,101,57,7
3.7191467759692967,98,99,45,2
3.9571280504713062,100,101,61,7
3.6550219913209454,98,98,37,6
5.5828025464344639,98,98,49,2
5.1072833362449677,100,100,51,5
2.1252107285371720,100,101,61,1
2.2536851092033983,96,97,47,3
0.7246081789990290,96,96,54,6
2.1443722545723185,100,101,50,0
3.2500502131869906,100,100,56,4
6.1240439435037599,100,100,50,0
3.8003878238206061,100,101,46,4
4.9049502084643715,98,99,49,0
1.2304091952758125,98,99,54,5
5.8773793630506566,98,99,55,2
4.9464890676202202,96,96,50,2
2.8187920322183921,102,102,55,6
1.9231277182686390,96,97,64,2
5.8172646829198289,98,98,42,1
1.9355777059059942,98,98,50,1
5.4053732871721643,100,101,48,2
4.7213510871480668,98,99,45,2
0.0807718314190213,96,97,50,4
4.5058705629092852,100,100,50,0
1.2247053278550539,98,99,55,4
4.1660948805737092,96,96,47,7
6.1206791514261729,98,99,54,3
5.8838331946857823,98,99,51,4
0.6623079003010932,100,101,53,3
1.5933363269068330,92,93,39,7
5.0900820651584739,98,99,59,4
3.3677671798484887,100,100,58,6
0.7813779595331277,98,99,62,5
0.9527302596925235,98,99,48,1
2.7907443311660445,102,103,52,5
1.2318814879005107,96,97,53,5
3.9309681588598404,98,99,59,2
4.7017159707451661,100,101,53,1
0.5872301935068435,98,99,45,2
1.6985272382851841,102,103,51,0
4.3612481331545476,98,99,53,6
4.7934535407311163,102,103,45,0
5.7784775516697957,98,99,52,3
0.9638228301662863,98,99,50,3
1.8667121822996491,100,100,48,0
0.7390750571509697,96,96,57,3
1.1727482911461169,100,100,55,3
2.5674412795173889,98,98,58,1
0.6037154599379984,98,99,48,7
0.5229004414309689,98,99,53,0
1.4357043693380984,96,97,55,1
2.5562228554468991,98,98,49,0
5.2699414311040664,92,93,46,6
4.5007239707895073,98,98,37,6
0.3210012712418813,98,99,51,4
2.8948422110407632,102,103,45,6
4.6355087052646766,98,98,49,0
0.5861221793108076,98,99,53,4
5.2508153022826987,100,101,58,2
0.3130929623216525,100,100,53,3
5.0601585482989453,102,102,51,0
1.2523238099515568,100,101,43,3
3.5140200054288457,100,100,55,3
4.9882917360946371,98,98,49,0
3.7514186968486318,98,99,54,3
4.3578881663997189,98,98,42,3
1.3892911168097444,102,103,54,3
3.2757702874250900,100,101,54,0
5.5552513814288220,98,99,50,1
0.4826601746161782,100,100,47,1
3.1878591210623588,100,100,59,5
2.3979239130797234,102,103,58,3
3.2890767533177385,98,98,50,5
1.2621032161453671,100,100,50,2
3.2360959511351206,96,96,50,6
1.8167119652041124,100,101,55,7
1.6220397461964764,100,101,42,0
3.0826626650326197,100,100,61,7
1.1592890928767277,98,99,49,2
2.7736666236776348,98,99,54,1
3.1992278347585987,98,99,50,1
3.2538395198903083,96,96,46,6
4.0034985510904031,100,100,40,4
3.7574634411026424,98,99,46,1
3.4615558074907038,104,104,62,2
3.7701113807122835,100,101,58,0
1.8582282996947785,96,97,60,0
2.8525072334202495,98,99,48,7
1.9938503028331418,98,99,47,2
2.6161191737990963,100,101,53,3
0.7351586825543074,102,103,53,2
1.5179311531449524,100,100,51,7
5.9682532087135476,96,96,51,7
2.3949813057559908,100,100,53,1
4.4009726330634713,100,101,48,6
1.7078791653551866,100,101,61,3
4.2205869128885531,98,99,52,7
1.7228866486700920,98,99,48,1
4.9926033822024802,98,99,53,6
3.3473936820696557,98,99,55,2
0.7278206796429654,98,99,53,6
1.3106271176995685,98,99,47,2
3.0733755332431305,96,97,59,5
0.9804521463084998,98,99,47,2
6.1475014494781384,100,101,48,4
3.4663638042321914,98,98,42,7
1.6060046156217147,98,99,46,1
5.4346625666890036,102,102,46,5
2.7096332128064469,96,97,56,4
6.0322998471405231,100,101,52,2
0.1426758356292470,100,101,61,7
0.3703614633064604,98,98,46,3
4.5611744614863472,100,100,45,5
1.5746069758115391,98,99,52,1
4.0815557760592114,98,98,51,6
4.7126575249437019,98,98,43,4
0.1416183352155768,92,92,52,6
0.0031577113844824,106,106,56,5
0.0226321500055921,100,100,41,7
1.1658353841171969,100,101,56,6
3.1826674946666276,100,100,52,4
0.0836974390371320,100,101,51,5
2.2278216440639738,100,101,48,0
1.7363228477739185,92,93,49,3
1.3198775552372382,100,100,56,0
5.0115445122504454,96,97,51,5
2.0881270537164833,104,104,56,2
2.5018081012657865,96,96,47,1
3.9943610695197291,98,99,44,3
4.3841543085782231,100,100,54,4
3.9798427681676416,98,99,62,3
1.1670656189729709,98,98,46,1
3.2325650386417029,98,99,52,3
1.9602913587594162,98,98,47,2
2.8039496049569639,100,101,49,7
2.1448090648959575,100,100,56,2
1.8488015795664070,98,98,62,3
3.4194267220640313,96,97,43,1
5.5964934496396062,100,100,52,4
0.6343813919677957,98,98,49,2
5.5847101113810469,102,103,52,3
3.8385805008411413,98,98,48,1
2.1539017418163016,98,99,53,6
3.1348361908709350,98,99,58,3
2.7961918226041864,98,98,47,6
2.1820829710033980,98,99,49,0
3.1473991992212293,98,99,44,7
4.6349544327265688,94,95,36,1
5.3055191923355220,100,101,55,7
2.8520258433689389,96,97,53,3
4.6236243128846795,98,98,53,6
4.7560531351010189,102,102,44,3
0.7975784514478640,98,99,53,0
3.9010090874343240,100,101,41,7
2.2316758002362564,102,103,52,5
6.1085157379080286,98,98,49,6
1.6464771981168334,98,99,42,3
2.8020547758794816,98,98,47,4
5.2116805518564977,96,96,47,3
4.9176972278054079,102,103,49,2
3.4518137184198832,100,101,50,2
2.9324293841009306,102,103,51,4
4.2990067823003963,96,96,57,3
0.1666499211650742,100,101,55,5
6.1446122334518769,100,101,55,5
5.3490439140156285,100,101,56,0
5.8435248199789624,98,99,51,4
5.5605252073723825,100,101,53,7
0.3429046289685116,102,103,54,3
3.3574488471095481,96,96,46,6
4.0793501474521507,98,99,53,4
4.6374316473669825,94,95,47,0
2.6472456468607257,102,102,59,4
2.9679493212346455,98,98,55,0
4.3824859374814480,96,96,49,3
1.9920661045701682,100,101,59,5
1.2024012842470653,98,99,48,1
0.1688009841069545,100,101,44,4
2.6027062312778155,98,99,46,7
3.0836920617381667,94,94,43,6
5.5563883835617300,98,99,55,0
4.3816479759690043,100,101,57,5
1.2345754001446039,100,101,53,7
1.9871934425726758,94,94,47,4
2.8344211666828771,96,97,55,1
5.4182231805398837,98,98,52,7
6.1413128692362324,100,101,57,5
0.6985541876313652,98,99,42,7
0.3014318894718343,96,97,50,6
4.3310037470770899,100,100,43,3
3.8227148983074795,98,99,49,0
2.7575990391654064,100,100,55,3
0.4728484884411094,100,100,52,2
1.2392490292040057,98,99,55,2
5.0831761465953376,100,101,53,5
2.8178122192531725,100,101,53,1
1.7935768921484947,98,99,57,6
4.0133596884066884,100,100,57,5
5.1721239417872464,98,99,44,5
4.1824249974684164,96,97,45,1
2.1812820791488883,100,100,55,7
6.1634925222772248,100,101,39,7
6.2341968130159540,98,99,55,6
4.9700637349974173,100,101,48,4
0.6981912318867413,98,99,49,6
5.5454536108785808,102,103,67,2
5.2477154475844330,98,98,51,0
1.4829320383105760,100,101,43,5
0.6395123935264553,98,98,42,7
0.2600459984593841,100,101,48,2
1.6882543798940288,100,101,45,1
1.4573999083723066,98,98,48,5
3.0633573397832872,98,99,57,2
4.8310038039384322,98,99,45,2
4.1511277853373896,98,98,52,1
2.1093145965628390,96,97,47,5
5.4102289102564152,98,99,45,4
0.8015143742330573,100,101,64,2
5.3427086465383953,100,100,47,7
0.3662042329842188,98,99,56,1
3.1753303367329608,100,101,53,1
4.2894457100127159,106,106,57,4
5.7980804035011371,98,99,55,2
4.7295490268754508,100,101,55,3
1.6253835511037609,98,99,54,1
4.3636248591296880,96,96,54,4
4.3372680544692699,100,100,58,4
0.5087243321250857,100,101,60,4
0.0884586631365833,100,101,53,3
1.1769929728607567,100,101,54,0
3.6602776223500202,100,100,47,5
5.4561385996600746,102,103,54,3
5.3051428663499109,96,97,45,5
3.7393881731603460,100,101,45,3
0.0192896174597923,98,98,42,5
1.2928317681434329,100,101,47,7
4.5501768154407385,100,101,53,3
2.1478648162411185,94,95,56,1
1.4020148054622552,96,96,43,7
3.1551226472641649,100,101,56,0
4.9731856571108102,96,97,52,0
4.9634383878399460,100,100,52,0
5.9987020915973952,100,101,47,1
0.1601221769649001,96,96,54,4
0.2885863102048398,98,99,54,3
1.5658427438807563,100,101,53,3
6.1781442413279999,100,100,47,3
2.6274626897205895,98,99,54,1
5.0929285365979897,98,99,53,0
6.0621137136801515,98,99,46,1
3.6766506355613751,98,99,51,2
4.0897269269393979,98,98,56,5
3.8378723675378756,100,100,49,3
4.7455483278899253,100,101,49,3
6.0057908215516829,100,101,52,0
4.6910136278854830,98,98,55,6
1.2579441614463962,100,101,55,7
3.4799695557601313,100,101,59,7
4.0469811262792330,98,99,58,3
5.5694129177335814,100,101,47,3
2.6246386122882104,100,101,45,5
0.2190703575273164,100,101,48,0
1.5487083429146797,102,102,55,2
5.2365495928216097,96,97,50,6
2.5511810610467753,98,99,45,0
1.1166805644037039,100,101,49,5
4.9697245350199886,100,101,55,3
3.7969686982364501,100,101,53,3
5.3319937982454801,100,100,54,4
1.5804110841515204,96,96,47,1
0.6979723731118680,98,98,47,6
5.2948139701217078,96,96,47,3
2.0905332475789695,100,100,48,0
1.9283869834112242,100,101,52,2
4.3978068623280979,100,101,55,3
2.6978014023995449,100,100,55,3
2.3423472500249796,100,101,51,7
4.0604384333939203,98,98,51,4
5.1660711847135641,100,101,51,5
3.0028013167101610,100,101,47,7
5.8388861454657173,100,100,48,6
5.3982328515310032,98,99,49,2
0.0656691369174685,98,98,49,4
0.6322249765985960,104,104,48,6
6.1573996611234509,102,103,54,7
3.0039343783417398,100,101,61,1
5.2011160568688286,102,103,53,6
4.7124547464062596,98,98,52,3
3.0207278039384020,98,98,51,0
1.2910730227427902,100,101,50,6
4.8139085834009290,98,99,50,1
3.6677655797280919,104,104,51,5
5.7216037481757382,98,98,46,3
1.8723311138872292,100,100,54,2
2.6667351604333245,102,103,46,1
0.8951643132290272,98,99,48,5
4.0292683920852648,100,101,58,0
2.9361247367189138,98,99,54,3
5.2644803206403612,98,98,51,4
3.7318863052452147,100,101,49,7
3.5308393494334416,100,101,52,4
2.8493134698187363,98,99,63,4
2.9989950694908489,100,101,50,4
3.1331000323796681,100,101,54,6
5.3187632652087817,100,100,58,0
3.2786665011753064,100,101,56,6
3.2858232099408662,100,101,47,5
2.1547855104776912,100,100,54,6
1.3480559975725221,96,96,44,6
1.9423862657887980,102,103,57,2
4.8157809388420798,100,101,48,0
0.0382115190399988,94,95,42,1
5.2889134514441762,98,98,48,5
4.3944354737815132,92,93,50,6
0.4798686979906480,100,100,52,4
4.3095313508112616,100,101,54,0
0.4688092679912781,100,101,45,7
1.1471730319667321,98,99,56,7
4.1110865689244473,100,101,63,7
0.8090881680533996,98,99,56,1
5.2587480191061378,96,96,53,3
5.4079485781655512,100,100,49,5
3.1474505865473392,98,99,51,2
4.7212710542661611,98,99,48,1
3.3771991968283306,98,99,39,0
3.8660992759347184,98,98,56,1
0.6458501738642082,100,101,49,1
4.2699120236861381,98,99,53,4
0.1174256862093310,100,101,56,6
0.6371890995523271,100,100,53,1
2.9689290660233225,100,101,50,0
0.3857006347290325,98,98,57,2
0.3768128389796266,96,97,49,5
3.5756487701168087,98,99,49,6
1.3093145267337576,100,100,44,0
3.5804564677948685,98,99,56,3
4.8279720835807645,98,99,55,4
0.5254507144062203,100,101,51,1
3.1589643341663560,100,101,43,5
0.9000186542657428,98,98,57,0
1.9032989913501916,98,99,49,6
4.0077876972587099,96,97,50,4
1.1277669842896454,96,97,48,4
5.6173709241319267,100,101,55,1
0.7788489817730981,100,101,56,0
5.7474220385974162,98,99,47,6
1.4909653688247702,98,99,58,7
3.8304448522932799,100,101,45,7
5.1237849428112821,98,99,47,0
3.8765102120277608,100,101,53,7
2.8187386420430798,98,98,47,2
1.0849747400186964,100,101,52,2
2.9292505216364182,98,99,52,1
3.6994418805294078,100,101,57,3
3.8467083958614814,98,98,46,5
2.9635984590424336,98,98,52,1
1.5757934697194389,96,97,52,0
4.5564932252739974,94,94,53,6
5.7063703143614868,102,103,53,6
1.9210697295696533,100,101,55,3
6.2171006446578421,100,101,49,5
5.7045450305196868,100,101,54,2
0.2417962764353487,96,97,45,3
0.7170696942346242,94,95,52,7
4.5352433608015614,98,99,52,1
3.6598697905494202,100,101,60,4
1.6396171498499881,94,95,52,1
5.1336044365091178,98,99,52,3
0.3734699672122436,96,96,59,1
2.6452373999932948,100,101,44,4
4.5532512636808544,102,103,62,7
2.9176475692975554,96,96,42,2
5.4920067040404028,100,100,50,6
5.3873438099398907,100,101,52,2
6.0827864190583405,96,97,48,4
1.2579332050142538,100,101,51,3
5.5005733373960650,98,99,59,4
2.2471963511824598,102,103,45,4
2.4369002107157747,98,98,49,2
1.4817636170254385,100,100,44,4
2.0085342291018318,98,99,57,6
4.5057978124587059,100,101,64,6
4.7241126332418268,100,101,46,6
0.6374001306289766,102,103,60,3
5.1088380219441367,100,101,46,2
2.2270261106990690,100,100,52,6
1.3211781828513884,100,101,46,4
5.3170983862071557,100,101,55,7
6.2416996132505735,96,97,41,5
5.5606488621334869,100,100,65,1
4.1143484389487028,96,96,50,4
0.3840736181054271,94,95,47,6
5.8738216597554977,102,103,58,5
2.1685074697001512,100,101,47,3
2.4452259031265409,98,98,53,6
4.7395305765578488,98,98,40,7
0.7110074816032909,100,101,49,3
2.2856558075914353,98,99,51,6
5.8564278091532742,96,96,57,7
1.2915802043561793,96,97,44,2
4.5816004477608461,98,98,51,2
0.8348258559354836,100,100,53,7
1.1679703853495822,100,101,46,0
6.1292704744343780,98,99,52,3
5.2608663039071191,100,101,35,3
3.4350435064922227,94,95,37,4
6.1054568181722040,96,96,51,1
4.8754170736356475,98,98,44,5
3.7997399138214609,98,99,49,4
6.1086349176534664,96,96,45,7
4.7298810993095568,98,98,43,0
5.8590137993479230,100,101,53,5
0.4014679582408097,98,99,47,0
4.0862279310228438,96,97,47,1
4.5260204888658340,98,99,46,3
0.3172467737277256,96,97,55,1
5.0124866406759692,102,103,48,5
1.1498824915689683,100,100,51,7
3.1616461835852268,100,101,54,2
3.1134771603141629,100,101,53,5
3.3263923643141493,98,98,43,4
1.7347888322536431,100,101,52,6
4.0122407109901097,100,101,44,2
1.0869117680007119,98,98,51,2
3.0062057546559884,102,102,51,6
3.7885552549597517,100,101,58,4
3.8103248455934597,100,101,52,6
4.6061590507304633,100,100,48,2
4.2330465323731277,100,100,53,5
4.5217148419963769,96,96,54,0
4.4378887087537109,98,99,48,7
4.2810528815845883,102,102,52,3
0.3163713375686865,98,99,56,5
4.2827458257454980,98,99,57,6
0.7948774318277646,100,101,54,2
3.7681880950771838,102,103,56,7
2.5118968357528462,100,101,56,6
2.5654718720866905,98,98,52,7
5.2609134135178124,94,95,53,2
2.6554387165128217,100,100,47,5
0.8400789103251201,100,101,51,3
4.2068731100575993,98,99,57,2
4.3018639475992302,100,101,50,6
1.5653521696769235,98,99,44,1
2.5825656121500105,98,99,48,5
4.1479659242146454,96,97,51,5
4.5852063739998705,96,97,49,1
0.9495838850330584,98,99,50,1
0.7644792274244259,98,99,52,3
3.7586316818257441,98,98,41,0
0.0332041455682982,100,101,51,3
1.9930855070108426,98,99,53,4
2.6559958764356932,100,101,46,6
4.3792689474805959,100,101,59,5
2.5830298856632181,100,101,44,4
5.7558402004856211,100,100,49,5
3.1100366358023828,98,98,43,6
2.8808091917706373,100,100,44,0
3.7939359838223670,100,101,47,7
0.8650120774730439,96,97,48,4
2.7849741486105657,100,100,52,0
5.5424126484493472,100,101,57,5
0.9194894116714950,100,101,52,2
6.0516024748755397,100,101,47,5
4.6579336543686161,98,99,55,4
5.8260799107149204,98,99,45,4
0.3070955157114748,98,99,46,3
2.9393208993664959,100,101,57,1
3.9625812112428456,102,103,61,2
6.0331821330067807,100,101,53,7
3.7995490151647551,94,94,44,1
0.3574241052015438,96,97,61,5
2.2208190736481428,96,97,48,4
5.2414328083416333,98,99,50,3
0.9802399315837498,100,101,46,2
6.0203383060585471,102,103,53,4
4.7100385581859321,100,101,50,0
4.5225517446361865,100,101,53,3
4.7144583127148474,102,103,60,5
3.2640020441969866,100,100,56,0
1.4924055071713356,98,98,52,5
2.4557415067328536,100,100,53,3
5.5822829685939466,96,96,59,1
3.2596063303996607,98,98,52,1
3.9550923304548919,94,95,49,6
5.1741769857168283,100,101,52,6
2.5222864730136711,98,99,62,7
4.5901356515976337,100,101,54,6
1.0477041126034061,98,99,47,4
4.5105390888362242,98,99,51,4
4.3616310731020098,100,101,48,2
5.7120581959078489,96,97,36,0
1.0931845287264050,96,97,51,7
4.3224076789459591,100,101,45,1
1.6839352903308804,98,98,47,4
1.1030782695444210,98,99,55,0
4.4269991212291826,98,98,47,2
2.8170760360260738,100,101,54,2
3.7388066064388834,98,99,56,7
0.1332475577871854,96,97,47,7
0.2007772602521645,100,101,47,7
0.2275353853768582,100,101,48,6
4.3360452284553297,96,96,54,6
1.9717437248477523,98,99,52,3
5.0734547244110795,100,101,55,7
5.3676254474730696,100,100,54,0
4.2162935531138706,102,102,50,3
1.3846566221321102,96,97,49,1
0.1755185156710971,102,103,56,1
3.0416199974023792,100,101,45,7
2.9525832852688070,96,97,51,3
3.9504189709453583,98,98,51,4
5.1373705638056144,94,95,58,5
3.1109012186602869,100,100,55,3
2.9550689990563699,98,98,47,2
2.7854621889599063,96,97,44,4
0.8357391400381919,100,101,47,5
0.2613312811623197,98,99,46,5
6.0080829662964277,98,99,46,7
5.4488712903597536,100,101,61,7
3.7917422684583526,98,99,57,0
3.0937635212865904,98,98,45,2
3.6990980872791428,100,101,64,2
5.8186986666250338,98,98,49,4
4.4813031854444416,96,96,47,5
2.8686410085506808,96,97,51,3
4.1879762239331537,100,101,52,0
2.5959481301433724,98,98,45,0
3.9363956831387363,100,101,50,2
5.3550503548820307,100,100,53,7
0.9694292639982623,96,96,58,2
4.6253668445053231,100,100,43,3
4.2718104052805339,98,98,40,5
0.9898918015675324,98,99,56,1
1.6209162811330833,98,99,53,2
3.0523252274008765,94,95,51,6
3.7744125068144161,100,101,56,0
4.2046124204343105,100,100,52,6
1.7595006219934084,100,101,60,0
4.3966110229785089,98,99,52,3
5.0625907812644151,96,97,45,5
5.0734917092814431,96,97,52,4
4.4340102357351947,100,101,56,4
3.9475168416032109,100,100,50,4
5.4499887771908755,98,99,57,4
1.2223633977876347,92,93,55,7
0.1746001075899726,100,101,63,1
2.2219315239087805,100,101,55,3
0.2824907871750078,100,100,38,0
1.3405671240739743,98,99,48,1
0.8881367505389787,98,98,54,5
5.4739935031760094,100,101,47,3
1.5019261969788260,102,102,49,4
0.3726001021452211,98,98,59,6
4.1826046328831241,100,101,60,6
5.4445412127883417,100,101,56,4
6.0978774950833943,100,100,48,0
0.9297310989548051,100,100,48,2
1.1306526796811900,98,98,47,6
5.2816041653408830,100,101,60,0
5.6747452109728229,100,101,49,5
1.9952154215941869,98,99,46,1
0.1391130752917157,96,96,57,3
4.1046684175960948,96,97,47,3
5.3202099409760866,100,101,51,7
0.0627435957445014,98,98,46,1
5.7740402249900731,100,101,57,7
5.6343353602775865,102,103,53,0
2.7869767337428706,102,103,55,0
4.1293817766054062,98,99,46,7
0.5345423089849480,98,99,53,2
5.0020905366452784,104,105,57,1
0.2222081663963213,98,99,46,7
4.8823064676440477,96,97,54,0
5.8899653809350685,94,94,53,2
0.1667919974053932,100,101,53,7
2.5544715060849308,100,101,51,1
0.8356873579156693,98,99,60,3
6.0929634278545368,100,101,54,6
3.5989363032088333,100,101,58,2
4.1622127713337447,100,101,55,7
1.4478983935376109,98,99,46,1
5.9648975766432120,98,99,43,2
5.3733078306996820,98,98,51,0
0.6719732908795500,94,95,50,3
1.2721357655106496,100,101,50,2
4.8985161134185642,100,100,51,3
4.4105895649519358,100,101,49,7
2.0693159762582374,96,96,42,0
4.9098968480989509,100,101,47,3
3.1203812363863266,100,101,50,0
0.2401966054933515,100,101,54,2
0.9072269694838685,96,97,52,4
0.4182682828098767,100,100,42,2
0.4720620868271548,94,94,55,6
5.9933081849580416,98,98,47,2
0.8058652500967561,96,97,53,3
0.9193319534604949,94,95,42,1
2.0707985896057859,98,98,60,5
3.2328543912751408,100,101,46,4
6.0283355202910665,100,101,48,4
1.1503974405647825,90,90,50,7
0.0774294575536468,98,99,55,6
2.2121792730012126,98,99,55,4
1.8328843619015989,98,99,50,7
2.6496362436591268,100,101,52,6
0.1637342664852131,98,99,56,1
3.3691143634528351,100,101,49,5
0.2271190508469745,100,101,46,6
5.3145819732098651,92,93,51,7
1.2511698879622328,98,98,52,1
2.7841728661865335,96,97,49,3
3.5571123733011336,102,103,61,0
5.1216803666179294,100,101,52,2
5.3770281015051129,100,101,50,6
1.5188835730327863,98,99,57,6
3.6725568305614846,100,101,47,3
4.4655870301722276,100,101,46,2
1.0491310417818862,96,97,52,0
3.6596111717235100,98,99,57,0
3.4038311130119157,98,98,45,0
3.9180032189073901,96,96,46,6
3.3792676451698558,100,101,47,7
2.4965507059357002,98,98,57,2
0.4590920879100658,96,96,58,4
0.0455877622460092,100,100,42,0
3.8382540330908910,100,100,45,1
5.1050307142091267,96,97,52,4
3.1902259753326363,98,99,51,0
4.5953206891089939,100,101,52,0
3.3853116205589644,98,99,40,3
2.1696349239787263,98,98,47,4
0.2517961260360652,102,103,54,5
3.8943170207885633,98,98,60,5
1.7892872607580341,98,98,49,4
1.9386665789101247,96,97,50,2
4.3317475738840798,98,98,47,4
6.2235322841824354,98,98,49,4
5.4743343609765391,100,101,47,1
2.1258026478106546,96,97,51,3
3.1657886753705085,100,101,52,2
0.7332876765624662,98,99,51,4
1.5298268412467315,100,101,48,6
1.2916772839055419,98,99,54,5
2.3494471703583515,102,102,47,4
3.8518773261772594,96,96,52,2
5.3710726131593987,100,101,46,2
4.1095192679147718,102,102,54,7
3.1665449370185912,96,97,49,5
4.6820493009746516,96,96,60,0
5.0785041296022095,102,102,51,2
1.1689257159598765,100,101,49,1
1.3766254146598684,98,99,43,2
0.7883823905414493,100,100,53,5
3.6359087657235887,100,101,49,1
2.7594739544886493,96,96,50,0
1.7812221318287182,100,100,51,3
2.4469686585892556,98,98,51,0
1.0014835062437366,98,98,48,1
4.5057364833051734,98,99,49,2
2.6255595137329264,100,101,54,6
3.0399418873228834,98,99,47,4
4.3447280343400685,98,98,44,1
4.0948986760676362,100,101,50,2
3.2521985562929023,98,99,55,4
1.8086122156651225,98,98,47,4
2.4232155186535302,100,101,59,3
5.7626780966765514,100,101,52,4
2.2066185652048613,96,97,50,2
5.3822845603639449,104,105,44,2
2.7252339201126841,98,98,49,2
1.3064780051583564,100,101,48,0
0.5644924795374389,98,99,44,1
1.1064582835139340,100,101,52,0
5.0414177931711670,100,101,59,5
4.6474537884300400,98,99,52,5
5.4985496124550091,100,101,50,2
5.2574892671387907,100,100,52,2
1.2858171531135072,100,100,50,4
6.2525150656895097,100,100,57,7
0.4901005113184718,98,99,49,0
4.6786274367306877,102,102,54,7
3.3216922969630458,98,99,45,2
3.6062850294395488,96,97,56,4
5.1166601740191746,98,98,55,6
2.8211344567279149,100,101,54,6
1.9564099516549320,100,101,58,4
3.5922811768340650,100,101,57,7
0.3607907562324636,98,98,54,1
5.5940182407141021,100,100,57,5
6.2129974706606932,98,98,49,0
3.3957299183217184,98,98,59,0
6.0967532196299858,100,100,48,2
3.8421586509702155,100,100,52,2
1.9228817729356953,100,101,56,0
1.6591469140422299,98,98,55,6
1.3763333787413048,98,98,54,3
6.1785097492921759,96,97,55,1
4.6519878049064545,100,101,50,0
1.3607435986416758,98,99,58,3
2.1897941566955854,100,101,60,4
5.0816563682005684,100,101,52,0
1.9359132135747732,98,98,42,3
2.3189879916682545,98,98,51,0
5.1817546706070505,100,101,50,2
3.5742249680257148,102,103,53,2
5.7164981748159054,100,100,62,0
2.4583867346061385,94,95,51,6
2.1663170057095282,102,103,50,1
1.4362617839132044,100,101,59,7
1.2950029729031862,96,96,40,6
5.0924667076868317,98,98,41,6
4.5633202390102436,100,101,51,5
2.4943927265561112,100,101,54,2
6.2271978968247170,100,101,61,7
0.6631720625131827,92,93,43,3
2.5010076808153063,98,98,51,2
2.3320324432829733,100,101,55,3
4.3147020023891196,98,99,49,0
2.5910065460352150,100,101,50,2
1.8539416040909462,100,100,50,4
4.8116039774724806,96,97,49,1
2.4328921087788271,90,90,45,4
0.1444919818096559,100,100,55,5
1.3276282379328976,98,98,61,6
3.7253589050223255,100,101,51,3
3.0182016035616410,100,100,44,0
5.0060634972056999,100,100,53,3
3.0082857179397817,94,95,45,6
2.1357446963701054,100,101,47,7
3.5484703509128241,98,98,59,6
4.8525908930594106,100,101,51,5
5.9761981106280659,100,100,51,3
5.8230920296481825,96,96,47,5
3.8227167093500927,98,98,50,5
2.6581480784934892,100,100,53,1
4.4799715206018025,98,98,53,0
3.5372361637157854,98,98,47,2
1.9775547267207629,100,101,49,3
5.0546916671933140,100,101,49,3
1.8317905980103626,100,101,55,7
5.0032396319127601,100,100,53,7
5.2152047850921885,100,100,47,1
2.2000615457263186,98,99,39,6
3.6674455616652812,98,98,44,7
6.0579507570483084,96,97,46,4
0.9204281406866160,98,98,52,5
3.7260937466548207,96,97,56,6
5.5337182428196563,100,100,50,6
1.1679888290754148,96,97,42,2
2.2262990124191204,100,101,52,6
2.0088400023127506,100,101,45,1
5.2246357481373398,98,99,57,0
4.3206802015662449,100,100,51,7
0.1689525948050490,100,101,52,4
3.6082490206692115,100,101,56,6
4.1915883759751473,100,101,54,4
0.6163181759589974,102,103,46,1
1.2182956801030178,100,100,55,5
5.7510559025716042,98,99,50,1
0.5815097876234674,98,99,59,0
2.3388840094928742,98,99,48,3
4.2775444367216533,98,99,46,3
3.9276100421729683,100,100,55,1
0.3535989798410581,100,101,51,5
4.3782412749178174,100,101,55,1
1.9414846334981100,100,101,41,7
1.1436884905578975,100,101,50,2
5.0684876974336950,100,101,49,7
0.4805092689027382,98,99,41,6
3.2631402928191275,100,100,58,2
0.8107439255973299,98,98,58,7
2.8618834791465089,102,102,57,0
2.5302898329386800,98,99,49,0
1.5650942708069477,98,99,59,4
3.5430942473019180,98,98,57,6
6.1452700108064935,100,101,55,1
5.0243937286577012,92,93,47,7
2.0570160852898800,100,101,58,6
5.5368099630444023,100,100,44,4
2.1216047420754203,96,97,55,7
5.5120125282283912,96,97,51,1
4.4197408130173113,98,99,47,6
1.8629760893361675,98,99,49,2
2.8576627717033070,102,102,55,2
3.2466223010580557,98,99,46,5
1.2050428388993841,100,101,51,5
1.8418259225180782,96,97,44,2
5.3175974065663185,98,99,57,2
5.9372598375654349,98,99,55,2
0.8981281021956442,100,101,50,0
3.5817859121709619,98,99,48,1
4.5055639350092953,96,96,53,1
0.8957693949356635,98,99,52,1
5.9642698093299451,96,97,50,6
3.3730484458635308,102,103,50,7
4.5906606449390610,98,99,52,7
0.6788305800685271,100,101,51,3
0.1328459639702680,100,100,45,5
1.5087843128113207,98,99,51,6
4.4238928692534722,98,99,49,2
5.9582646925807206,100,101,44,2
0.7082019494025259,100,100,56,2
1.4417723805149392,98,98,44,3
4.8246213463177163,98,98,46,7
5.4647815842642284,98,99,57,6
3.9454681376380503,98,99,50,3
0.8713966781385911,94,95,53,2
1.9067502008736195,98,99,59,2
1.2079116861146890,98,98,54,5
4.9799755503914831,96,97,53,1
5.6361382280805010,100,101,47,3
2.3459863226051341,96,97,53,5
2.4218211055696828,100,101,54,0
3.5211692267170061,98,99,49,2
5.1963728737623942,100,101,61,7
1.9915091986405709,98,98,48,1
3.7380099871275672,98,98,39,6
2.2535553794993870,98,98,53,0
2.9278219211857781,100,101,47,5
5.5097105822049954,102,103,53,6
4.2131866972244705,100,100,51,5
3.4035081769710187,98,99,38,7
1.3180495402849921,98,98,55,0
5.3030724095077408,98,99,46,7
2.7077908442155083,100,100,52,4
2.7030879081936425,102,102,43,4
2.9364028485904625,100,101,50,6
2.2475650731928307,98,99,49,2
1.6678309449470856,100,101,46,4
2.5362274858152642,98,98,42,1
2.0055055459705016,98,99,48,1
3.5475363777851996,98,99,49,0
4.0119757427112530,100,101,47,3
3.1405986706950841,102,102,63,2
0.3901818242074935,98,99,48,7
0.0666795851256285,100,101,58,2
5.0269523845625175,100,101,61,1
0.2120782163811890,100,101,51,5
2.9229708297523422,100,100,51,1
0.9731569757071485,100,101,60,0
4.3200622474742012,100,101,62,0
4.2429564555374428,98,98,45,2
6.2805762965023000,94,94,48,5
1.0023671569026895,96,96,58,0
1.5577905375874321,100,101,48,0
4.3897670644243219,98,98,56,1
5.3554889218188313,96,97,52,4
4.4855018362536114,98,99,57,6
3.7474005264459791,100,101,55,7
1.2712442604577154,98,98,52,5
5.4629104830386988,100,100,57,3
3.8342785925029284,100,100,61,1
0.4050732983962010,98,99,51,4
3.3481022253891402,100,101,61,7
0.1595623649810675,102,103,53,0
4.8370911589476462,100,101,51,1
1.1093017951066679,100,101,56,2
3.4492704458335943,98,98,49,6
2.8527415200150794,100,101,67,5
4.3706825739716963,98,99,48,1
4.9713310463148153,100,101,56,4
4.6136479231999834,100,101,50,4
6.0247773915964631,100,100,45,5
5.1114342250422862,102,102,42,5
3.0858562099713813,100,101,45,3
0.7657879908973564,92,92,50,6
3.5063726975016580,98,99,63,4
3.8654978557437216,100,100,56,0
4.4460914729460246,94,94,49,0
2.5562859462279159,96,97,63,5
0.1437440881434494,96,97,49,7
1.5480362680973330,98,98,59,2
3.9690674159468395,100,100,50,0
0.7379211486225510,98,99,51,6
2.9963479425966661,100,101,48,2
5.2218487529987261,98,99,45,2
3.8648565492724938,102,103,57,0
1.1981550317436755,100,101,52,0
5.2573760019284963,98,99,48,5
5.9915347438173461,98,98,63,2
0.8999507467849724,98,99,54,5
0.5892128799520125,94,95,52,5
3.0285125628515077,98,99,50,1
2.5438035681180517,96,97,50,0
4.9557971295668688,98,98,44,7
1.1118197956152267,98,99,57,4
4.9337995164637025,98,98,58,3
3.4161754306658803,100,101,57,1
2.3111527266812999,98,99,59,2
4.4217626382736164,100,100,53,3
5.2620756801601365,100,101,50,0
2.2761663315216465,100,101,48,4
3.3643635996768460,100,100,45,1
5.9204090229997357,96,96,60,0
3.8242845583149450,96,96,46,2
0.8361525459277218,98,99,57,6
6.1972592207275676,98,99,52,1
3.0771940503861708,100,100,46,2
2.3507831942671649,100,101,55,1
5.6504793287732316,96,96,50,6
0.0632610489000871,96,97,55,1
1.6364154645700768,98,99,58,5
1.7328880332181424,94,94,51,4
4.0503341907680674,100,100,51,7
4.4158687531347205,98,98,50,7
1.3914829165409699,98,99,55,4
2.9522160979971459,96,96,52,6
3.6739075242375772,96,97,52,2
2.9560851054976425,100,101,46,0
1.9370437082126672,98,99,59,4
6.1327003775336211,98,98,59,0
1.0270284018495817,96,97,44,2
0.6902053227790660,100,100,47,7
3.9474470879005783,98,99,56,1
5.5534202473614718,100,100,53,3
5.6789992400586913,100,101,46,4
5.3972077975075861,98,99,46,5
0.4092017942776923,98,98,52,7
3.7941981398820688,100,100,46,4
3.8661819642374819,100,100,51,5
4.0370545976081136,98,98,45,6
5.6476846859494474,100,101,47,1
1.0196912237333295,98,99,56,3
2.8433427342912272,100,100,52,0
5.0766139949068041,100,101,54,6
3.1780457151475692,98,98,56,3
0.0467755451053168,100,101,47,3
3.4882192176562898,100,100,45,7
1.9561483388230618,100,101,49,1
3.0383068812866068,98,99,51,2
2.4753768125899183,96,97,51,1
4.7561059720505989,100,101,56,6
0.5357572998958523,100,101,35,3
1.7749578604619198,100,100,57,7
2.6457761507904181,98,98,52,5
0.7244353874162855,100,100,51,1
5.9142274896991651,100,100,53,1
5.5963617384399749,100,101,48,0
4.7574848954520181,98,99,50,1
0.9182625006520579,98,98,44,3
3.5003578399621933,98,99,46,1
4.9103481750012667,102,103,53,0
1.2775444429907108,96,97,56,0
5.6327558082901374,104,104,52,0
5.8761312999385105,98,99,54,5
3.5735167943282655,96,97,51,7
6.0541814656971482,94,94,50,3
4.9960435788100046,100,100,55,5
6.1125312263714475,98,99,53,2
5.4222079720751752,100,101,49,7
2.8193513817829232,98,98,40,5
5.1721232842725247,94,95,54,5
3.1202855776705349,102,103,62,5
0.5324052640032687,100,101,48,4
3.0229640313841308,100,101,57,5
4.8103311351664999,100,100,54,6
5.9718766236455698,94,94,42,7
0.7310681824348964,98,99,54,5
5.9569694872992667,98,99,49,2
4.3933110970737337,98,99,59,6
3.5214694912686118,100,101,52,2
2.3769527044260719,100,101,54,2
0.6009498226359273,102,102,49,0
6.1979706331064239,98,99,47,6
2.8037887190741029,100,101,54,4
5.4943248548401380,102,103,63,2
1.3461432684008006,98,98,47,4
5.3874328744559570,96,96,55,5
4.2519297531584348,100,101,52,0
1.7606771681499649,98,99,40,1
3.7764028409167145,96,97,55,7
1.3867220951773420,100,101,49,7
1.0200807398912788,98,99,52,1
0.2982882135390370,100,101,46,4
2.1213998322205714,100,101,59,7
4.7192506944710182,98,98,53,6
1.1468588590183568,100,101,55,7
1.1382511523327672,100,100,58,4
0.1809549086289807,102,102,45,2
2.5421127121252391,96,97,56,0
0.5087077458247320,102,102,56,5
3.0541749077125515,98,99,53,4
3.8973120413131923,100,100,53,5
2.6075293550446474,100,101,40,0
3.3499625949316902,100,101,44,6
1.4689284636547089,98,98,51,2
5.4042198846642755,100,100,39,3
5.6666538584923289,102,102,59,2
0.1803572967609730,96,97,51,5
1.8425766286444483,94,95,47,6
1.6698207224202661,94,95,44,5
6.1505773051474959,102,103,53,6
5.8975774087245503,98,99,48,5
6.2652579273738374,100,101,51,5
0.5755620681857838,100,100,48,4
0.7935416638301184,98,99,60,5
5.1459290286608166,100,101,54,0
4.7940637722393635,100,101,52,2
4.7903731553955611,94,95,43,6
2.5075798476826470,98,98,64,7
2.4528837131853813,100,101,52,4
3.3077774476882644,100,100,54,6
5.5395453043365075,100,101,45,3
5.6444742299241719,96,96,53,5
5.8961119035421072,100,100,56,0
0.6812115885786526,100,101,48,2
5.4356658080586673,100,101,45,5
3.2218160341172299,98,99,54,1
6.0346907192947601,100,100,52,4
3.6883957266100884,98,98,47,2
1.1324348178779016,98,98,42,5
4.2136808627425690,104,105,56,6
2.2063368667931780,100,101,48,0
1.4993833771717606,100,101,51,7
5.3593421963464181,98,99,45,2
6.1455778652171249,100,100,58,4
3.9921130392192499,98,99,55,2
0.0384588497762139,98,99,49,2
0.6604825791293421,100,101,56,4
4.6198269880113321,100,100,62,6
3.3577736106632177,96,96,53,7
3.1689121062207550,100,101,54,2
5.3889861107961181,98,99,58,5
2.4642824767619431,98,99,50,7
2.8789012326620860,100,101,45,7
0.1664919128366492,100,101,56,2
3.5217193575860866,100,101,44,2
5.2358960519772877,102,103,49,6
0.3081130813306535,98,99,52,1
3.3862892456079980,100,100,51,3
0.1344588143047958,100,101,60,2
0.3407175760067576,100,100,55,5
2.0780384045165330,100,100,49,1
4.0337850800485828,96,96,49,3
6.1900129386289180,102,103,51,4
0.5131241768324195,100,100,54,0
0.6402217320301387,100,101,52,2
1.0171964183890885,102,102,50,1
0.0437336370628050,96,97,54,0
1.1434372191943745,100,100,57,1
0.8876397194235170,98,98,54,3
1.4673413516692209,102,102,51,4
0.5899907488285180,98,98,49,0
4.9054018975250075,100,101,46,2
4.7895834662403294,96,97,50,6
5.3760192696688165,100,100,43,5
3.4376457965139773,96,96,42,0
3.1482626456997527,96,96,49,7
3.4207867904676368,102,103,47,6
4.7133779164182625,96,97,59,1
4.4834782530961226,98,99,47,6
2.6729783365324233,100,101,55,5
4.5011665490234813,98,99,55,2
4.3910668763266827,98,99,51,0
5.4100179335481551,100,100,48,2
3.5562517144177161,96,97,50,6
3.4396950172800320,100,101,51,1
1.1989775705116041,96,97,45,3
4.2048958130809408,98,99,52,3
5.3300937518397342,98,99,52,5
0.6016303876607493,100,101,54,4
2.3970804988417673,100,101,58,0
1.9407450149459080,98,98,50,1
5.0753806438624673,96,96,52,2
1.8408582950553070,96,97,44,4
4.1631425115204594,98,99,46,1
1.1826945176934733,98,98,51,0
1.9598584671892214,98,99,49,4
3.4075131855467125,96,97,45,7
3.4681980596726167,96,97,51,7
4.9628211541283793,92,92,48,4
0.5226531602035703,98,98,56,7
4.2668394346498051,98,98,51,2
0.1073520360979122,100,100,49,3
4.7542971578535012,98,98,56,7
5.9979988687459604,96,97,50,0
5.5027368342018903,100,101,52,4
2.1937795263658968,102,103,53,4
5.6352545947501307,100,101,48,6
5.3262875086091874,100,101,46,0
0.1137613417319234,100,101,66,6
4.6959666468618559,98,99,42,3
0.1975377218881809,98,99,56,3
0.3211652615492447,96,97,51,3
3.9185398498319959,100,100,54,6
4.9281656563058256,98,98,55,2
5.3576529383811948,100,100,45,7
3.2828415634504688,96,96,41,5
0.3853691388844813,98,98,50,7
1.6646744441319339,98,99,50,5
4.5629500392930664,96,97,50,4
1.8400013555671071,100,101,52,6
4.6340264893401599,96,96,52,4
5.6439822701241242,100,101,41,1
1.2583602224846007,98,99,56,3
0.6444476006560610,98,98,49,6
3.6595752979029701,98,99,45,4
6.1675296413289775,100,100,54,0
1.6624111495333598,96,97,47,3
2.8023053791253001,98,98,45,4
4.7308111468469578,96,97,55,5
5.8529895153013163,96,97,45,5
1.1941611976678972,98,99,48,5
1.4441267549856311,96,97,47,7
5.7268628347672159,100,100,59,7
5.8013909422999008,100,100,52,0
5.6559561997958392,98,99,50,5
4.6350887090510309,98,98,54,1
2.8918075270904180,98,99,60,3
0.4824847474584963,98,99,59,0
3.5750438684270955,100,101,51,1
6.1403454542118814,96,97,56,0
4.6537516152280887,102,102,44,3
1.3182325229963259,96,97,45,5
1.9797430220416044,96,97,47,5
1.6554610509706313,100,101,53,1
5.2501337345692001,100,101,57,5
0.4156978681080956,102,102,66,3
3.9186035741623257,100,101,56,0
3.4550362650656878,100,100,50,0
2.8006337121595748,100,101,57,3
0.2599499355338294,100,101,57,7
5.8558346766650926,100,100,44,0
2.3820731047047965,98,98,52,7
6.0774827917605885,98,99,56,7
4.5973784627987095,98,98,57,2
1.8620326696821077,96,97,52,2
2.0015409416664087,100,101,51,1
6.0605458094274551,98,98,53,4
1.3658325774309164,96,97,46,6
4.3203348818212444,98,99,55,4
4.6655094447013141,98,98,51,0
3.4069471542576517,102,102,46,5
5.9088150340828545,100,101,54,0
1.4429669732035701,98,98,52,1
3.2774607749197653,100,101,56,0
3.2750292264584266,96,96,53,5
0.9810318769008770,100,101,54,2
0.2726525935233637,100,101,51,3
2.4808851268492833,102,102,59,0
1.6113108359840320,100,101,55,3
1.1092526679220220,100,101,47,7
2.9236926765198059,102,102,58,3
1.0438907930061845,100,101,52,6
3.4874870748383517,102,102,62,3
3.3501970516151602,98,98,59,4
3.5084934585223588,98,98,54,3
5.9239277213669466,96,96,42,0
1.1686143079515103,98,98,59,4
4.5312748603744613,102,102,45,2
1.2668103433276046,100,101,49,1
2.3161051288313454,94,95,46,7
3.7746225056750520,100,100,48,0
1.3442436362651531,98,99,55,2
4.8668106734052747,100,101,54,6
5.8319412358645373,100,101,53,5
6.2754583611706973,100,101,50,0
4.5413950724160257,94,95,44,7
2.1480254124869056,100,100,52,0
1.6167008229341493,100,101,43,3
0.0732550646611909,98,99,55,2
1.8601816878811348,98,99,48,1
5.7616528630301138,100,101,48,2
1.7177177144400362,98,99,54,3
4.4436779431050217,104,105,56,2
6.0397213061429227,98,98,55,4
4.8512057819509273,96,97,50,0
4.2986207848054869,100,101,47,5
3.9640574890874580,98,98,52,7
5.2053600172698333,104,105,57,3
1.6848370029538215,98,98,60,3
4.7661937875282776,94,95,43,2
4.6773278845365285,98,99,55,6
4.3239843560383822,98,99,57,2
5.3029699667310757,98,98,54,7
3.3787546917511544,102,102,53,6
3.3135535313004589,100,100,44,2
0.3013636582766382,92,93,50,4
5.5347031854787776,102,102,54,7
3.9199738215082851,102,102,52,5
3.0891993089235177,96,97,53,1
6.1849208837122065,100,100,50,4
4.3220397629341756,98,99,44,7
0.5791712345737011,96,96,54,0
5.8349134085546162,100,101,50,0
2.5224335727841454,98,99,53,0
4.8350590035781345,96,97,46,4
3.5401935119645720,100,100,56,6
2.8831360098097543,100,100,54,2
4.1503817412947051,100,101,56,0
1.8510307615699788,96,96,52,6
1.6974597295647282,100,100,44,0
0.2406917696510216,92,93,54,2
4.9993531148803942,100,101,52,2
2.7183597239304063,100,100,58,6
2.0211750753019624,98,99,55,6
2.1929693062539881,98,99,47,0
5.0745770401359005,100,101,44,2
0.9247226379247565,98,98,51,0
5.3337797823291204,98,99,44,3
0.2841143258893031,98,99,48,7
6.0675436735810564,98,99,47,2
5.9512879377249073,98,99,55,6
6.1947022016705802,94,94,55,2
0.1183812550555889,100,101,49,7
2.0943257022075947,102,103,54,7
5.8554931465834148,100,100,55,1
3.2378850218423199,100,101,48,4
4.8172443266170495,104,105,49,3
4.4807210614191915,98,98,56,7
3.0988919347602888,96,96,48,0
3.6746354868986151,98,98,54,5
4.4432154386511344,98,99,51,6
2.4781636419085467,98,98,51,2
1.4239936495431966,98,98,52,1
4.5761785184105230,98,99,51,4
0.7260792284113368,96,97,58,4
0.8980172452713900,102,103,55,2
4.5732568419320723,96,96,47,3
0.5208696698675548,98,99,53,6
5.6626924188234797,94,95,47,0
1.5333289715542915,98,98,52,3
3.5841922111889293,100,101,52,0
1.0881114863833767,100,100,60,0
0.8310462536189931,96,97,44,2
0.2360826608742929,100,100,46,4
3.5153412172292198,100,101,50,6
0.4137105248393996,92,92,52,6
3.5320557252195721,98,99,52,3
4.0441935845397250,98,99,46,5
3.0236384207445344,100,100,59,5
1.6116120617212581,100,101,56,6
0.0891317353788557,98,99,57,6
0.0026896669570836,100,101,58,6
1.5960756060684154,98,99,53,0
5.7090688047710936,98,98,40,5
4.4427908087116323,100,101,44,2
1.0091004978947744,100,101,53,1
0.6872227759468446,102,102,55,6
1.5921794963745457,98,98,66,7
1.9896870493593490,102,103,51,4
4.7139525826770106,98,99,55,6
3.4850074792844867,100,101,52,6
0.1289205056687847,98,99,53,6
3.1725852286754335,102,103,57,6
3.1434321396028944,100,101,53,5
5.8051943594070359,94,95,48,7
2.7509657812117192,98,99,51,2
3.1803041824949196,94,95,44,3
4.5640224436853325,100,100,54,4
3.2735371603193606,98,99,56,7
4.2697479123912441,98,99,42,3
4.7067847246838470,98,98,47,2
4.8003921938375571,96,97,58,2
5.8753732027398318,100,101,61,3
5.3051731783470881,100,100,56,0
5.6861116951396218,98,99,45,6
5.2416385503217136,100,100,55,3
6.0404950262880801,100,100,55,3
4.4258408453885112,100,100,54,4
5.9808304736080435,98,98,59,6
4.9106084586314713,102,103,53,0
5.3591427124588806,98,99,51,4
0.8227245762488680,98,99,49,0
0.9748496991657822,100,100,48,4
1.5882350771279623,100,101,51,7
2.6765724926333023,100,100,49,1
0.2744504039312418,98,98,62,3
3.1658208904516907,100,100,52,4
2.9586811500991765,98,98,55,4
2.2598665555575455,96,97,58,2
4.4658416977148807,96,97,58,6
3.4002784626138221,98,98,47,0
2.0698039896338534,102,103,53,6
0.9538731955496125,94,95,44,7
4.9458466756557273,100,100,52,2
5.0431312021464132,98,98,54,1
5.4900765785778773,98,99,56,7
0.0725485977207489,98,99,52,3
0.2548600090672076,98,99,53,6
1.7418412649484289,98,99,45,6
1.6738022525161877,98,98,52,1
0.1802416744713765,96,97,54,0
6.0600319083435394,100,101,58,2
1.3587443024238974,100,101,58,0
4.2920758503657215,98,99,54,5
2.7669581853264895,100,100,45,5
4.1432363163246304,96,97,54,0
3.3266636485604311,98,98,51,0
1.2713669441623709,102,103,51,2
5.7362365171144640,98,99,51,2
4.5569626140808817,96,96,54,0
5.6512197717801902,100,101,46,0
1.8158886533700449,96,96,52,4
5.5984312257430888,100,100,55,5
4.4270558292138142,102,103,57,6
3.4154538346858518,100,100,48,4
5.9612461204671217,98,99,51,4
5.5744650594457390,100,101,53,1
2.2992299042236666,96,97,47,7
3.3467497441738900,100,101,62,0
2.6682244284695642,100,101,53,3
4.5791050396895940,98,99,50,7
4.0706221340866744,100,101,47,5
3.1871101499679648,98,98,55,0
4.1534051769159683,102,102,55,6
5.2046039516453728,96,97,50,4
5.2983202961144258,102,103,58,1
1.0765122651812680,94,95,56,5
2.8341769837441015,94,94,43,6
3.7973960859519305,96,96,57,1
4.6229010440240232,94,95,55,2
4.7577540516394707,96,96,52,0
3.1409521210720448,96,96,62,4
0.3255472102693991,102,103,55,0
3.5295192716427519,98,99,51,6
3.2085501909157981,100,101,44,6
4.4946359559846254,102,103,61,2
0.4902358028806579,92,92,54,2
2.6869693058066715,96,96,50,6
1.2308432740896704,98,99,55,4
3.6728896220115970,98,99,55,6
2.7446351315225321,100,100,48,2
2.3625715575134096,100,101,51,7
1.4146432187584559,100,100,55,3
0.6326121222312081,96,97,45,1
2.7042855776201651,100,101,44,2
2.0122729782089142,100,101,43,3
2.8466690315880352,98,99,51,2
2.9581302294065335,100,100,51,3
1.7498437303369541,98,99,48,7
4.6094488022801077,100,101,53,3
2.6668719757647392,98,99,45,6
3.0337578012020536,98,98,51,0
4.8179531633798804,98,99,60,1
3.0604746251323744,98,98,40,3
2.2299118258822679,96,96,46,2
1.0957059391031612,100,101,58,2
0.3375526218861505,98,99,49,4
3.5002936229980124,96,97,63,5
4.2386530647131879,100,101,51,3
0.1481331147062397,98,98,58,7
0.3423922874462700,102,102,50,7
5.8173900091306416,100,100,54,4
1.0568673927901473,100,101,49,1
0.2458705950807161,102,102,52,7
4.5782050515074619,100,100,49,1
3.9422462315271285,100,101,58,0
0.2227576222380341,98,99,60,1
6.1529925195413790,100,100,51,1
3.9194097688606830,98,99,51,6
3.7154137989307285,96,97,48,2
2.8374748929474274,98,98,46,7
0.1421633275690326,98,99,58,3
5.6912093331804758,100,101,56,0
0.5146583908151038,100,101,51,1
3.3657874817149289,100,101,47,7
2.9856779710147516,104,105,44,0
3.9793088750501360,96,97,50,4
0.7544588176212627,100,101,55,3
1.0993299805557049,100,100,51,1
4.5033892239810029,98,99,50,1
2.4488558901858402,98,99,52,1
4.4710016808837540,100,101,46,6
3.8173627462566051,98,98,44,3
5.4764238761428974,98,98,48,1
2.2760410310021610,100,101,57,5
4.0718941720241251,102,103,49,6
1.4223251979063147,100,100,52,0
6.0370997235582946,102,102,59,6
3.1833104932184066,100,101,45,7
2.7643478896248483,96,97,48,4
3.5406811593018515,96,97,53,1
2.1845479907352332,100,100,56,0
0.5864540527750595,100,101,58,0
5.4180404389038150,98,99,55,2
5.1069152166109788,98,99,46,1
5.5753443891834751,98,99,48,5
4.7521869330553903,102,103,56,1
0.5393719046445179,102,102,50,3
1.3555079808379729,100,101,53,3
5.0926335170414463,98,99,46,7
0.7676923740298235,100,101,48,4
2.0624227172270575,100,101,49,3
5.6612019540812470,102,103,52,5
3.8041809376037579,96,97,50,4
3.6592459596543305,98,99,58,1
0.1691742273452696,100,101,53,7
5.4185176754869122,102,102,46,1
3.4398427197533983,98,99,47,6
1.1530948064694939,100,101,53,5
3.0271167867836155,98,98,49,6
5.4059874760118971,96,97,45,5
1.6628934598077758,100,101,57,3
1.7552431908560859,100,101,42,0
5.7123465839728178,100,101,51,3
0.7689831506799549,98,99,51,6
5.4650542574299985,98,99,60,7
2.9654932566953831,100,101,50,0
4.5269428272671384,98,99,47,2
2.9352248936174541,98,99,51,0
2.1695052885042694,98,99,47,2
0.8030332118025624,98,98,49,6
6.1632402472627419,96,97,55,7
1.2493853018399310,100,101,54,4
3.9083736918255974,96,96,57,7
1.1674410098538424,96,97,52,6
2.9173164571113861,98,98,51,2
4.1925295584722413,96,96,51,7
2.0650170656553017,100,100,43,1
3.4614694995822370,100,101,55,5
0.6177833985104116,100,101,55,3
1.7195838208087657,98,98,48,1
1.4417839854032350,100,101,46,2
6.1247310667840527,98,99,62,7
3.6972174611171460,100,100,46,0
0.4600918754174614,98,99,48,3
5.1228356311278693,100,101,52,2
2.9155424397289376,100,101,45,3
1.8518244604937264,96,96,47,3
5.7035102091504246,98,98,45,4
5.5480325002866495,100,101,57,1
1.4481459316966721,100,101,45,1
3.7678409244714901,98,99,43,0
3.6223162123454031,100,101,53,1
4.8910934350422783,100,100,50,6
3.5267542008923667,96,96,44,6
0.9482410870117784,96,97,46,0
0.5853673422383108,98,98,57,6
2.6994613542434434,102,103,46,5
1.8342036802322905,100,101,52,0
3.7777422425320366,96,96,50,4
2.5658725126900013,100,100,42,4
6.1243487645098771,98,98,42,3
4.7107363052920732,100,101,48,6
4.4055718332768059,100,101,56,0
6.1520551960130154,100,101,54,0
5.9464298200770846,98,99,63,0
5.4227644027948463,100,101,52,2
3.8544512498006260,98,98,45,6
0.2534116608851483,98,98,47,0
6.2017541320304002,100,101,50,4
5.6781988160929897,100,101,49,7
4.1023340397510175,98,99,46,1
5.5553846479305076,100,101,49,7
0.3094504642848751,100,101,52,0
5.2271036771197963,100,101,52,6
5.7574770266498554,100,101,54,2
2.7384221062644096,100,101,58,6
1.2648952024208464,98,99,48,3
2.3695158276632529,96,97,44,4
1.9724487585102830,98,99,46,7
4.1144971600058886,98,99,51,4
0.3358029657779916,100,101,43,5
0.1819393736557736,102,102,49,4
1.4265530073994463,100,101,48,6
3.3239772164005736,98,99,56,7
1.2232083769939528,96,96,48,4
4.8888695786588174,98,99,48,7
1.8627720393793512,98,98,53,2
0.9856602313036180,100,101,54,4
3.4884685815311949,94,95,49,4
4.7766472784131775,98,99,53,6
4.7732881299500249,98,98,56,1
1.4321180285562460,98,99,57,2
2.5337174160887006,100,101,59,1
0.8579433323817186,100,100,61,3
3.6975615640623065,98,98,54,3
4.3988169789339659,102,102,43,4
4.5122782984743628,100,100,60,0
4.1257556242846691,98,99,53,6
2.0861761624181581,100,101,53,5
5.2645514011079442,104,105,48,4
2.0897552921216609,96,97,65,1
5.2581967095996340,102,103,51,4
5.4212662865185290,100,101,57,3
1.5294746799739136,100,100,55,3
5.5123619911164630,98,98,44,1
0.1596581165806842,100,100,53,3
0.8031161982745179,98,98,53,4
3.7508330814161210,100,100,53,3
3.7008962100859795,100,100,56,0
0.9749794893402064,96,96,57,7
5.4707179131851715,98,98,52,7
2.9520996553876162,100,100,55,1
0.3713156527045235,96,97,52,4
0.4737923186150639,98,99,50,3
2.3036756839366070,94,94,53,6
1.4066608870667174,100,100,50,6
4.2535841231020548,98,99,47,4
1.6930668656096062,96,97,56,2
2.1290701294413443,98,99,51,2
2.5005685282034893,98,99,45,4
1.8523421857404003,100,101,54,2
4.8245603606046910,98,99,54,5
1.9117217652334610,98,99,41,4
4.0951589456923143,100,101,59,3
5.7758612813110890,100,101,56,2
4.5198691686279249,100,101,55,3
2.0235509283907351,100,101,43,3
2.0685181304835538,98,99,50,3
2.3942467183995624,98,99,50,3
3.6607590733375246,98,98,55,4
5.4127604623532877,98,98,45,4
1.7610460971602659,96,97,50,0
1.4251321866530862,100,101,58,4
2.0210360936668894,98,99,37,4
0.3735607492226715,96,97,45,1
1.1161573788336920,94,95,44,1
1.1017757840004656,98,99,58,3
3.4304243418943923,98,98,57,4
1.9532387342074480,100,101,48,6
5.9483367284430511,98,99,56,1
2.3791276757334536,98,99,51,2
4.4359128457105479,100,101,45,5
3.3750872415520039,102,102,41,4
4.1258859744756506,96,96,46,6
4.9934644900691687,100,101,48,2
2.8557365716873377,98,98,50,7
5.9983427580107804,100,101,54,4
3.2473050112683222,100,100,61,7
2.7162914540001148,96,96,46,6
1.0343162285526026,98,98,60,1
5.4548744893854346,96,97,54,6
4.6116707773397341,100,100,57,1
4.3640629025825373,100,101,50,2
1.1936421447642449,98,99,44,5
0.4375028749327726,100,101,60,6
1.8572482308155029,100,101,47,3
1.6317279552418762,100,101,55,7
3.1289222675415340,100,100,53,3
0.4310962523290793,96,97,57,7
1.4640328590465159,100,101,49,5
3.9685859729469217,102,102,46,7
2.1142517720670631,100,100,43,1
5.3848456392817905,98,99,46,7
2.9177003330963704,98,99,50,1
0.8196872998935201,102,103,53,4
3.1102190089219950,100,101,48,0
5.6220454869651606,100,100,49,7
4.0404188051118162,98,98,46,5
1.5742322310940309,98,99,46,7
6.2361803476696238,98,99,45,0
5.8460949416832912,98,99,50,1
2.8748667310580136,100,100,63,5
2.0082368485463920,102,103,49,2
2.9696529813780166,100,101,65,3
2.0480874632107562,100,100,56,0
1.5863561574688652,96,97,44,6
2.8367776248182497,98,99,41,6
5.6100477772338992,100,101,51,7
1.6912001165096464,98,99,48,1
5.0773795808165589,100,101,47,5
2.5435642044241109,98,98,51,6
2.7853345545695318,98,98,58,5
1.4309561856754178,98,99,48,1
0.4260645373932992,94,95,47,2
0.3267672055808703,98,99,47,0
1.6621565383814392,98,99,54,5
5.6273465846237301,100,101,48,0
4.8056190270009207,94,95,46,1
5.4522863006162989,98,99,55,0
3.1032828569728288,100,101,48,6
0.8113635669546159,100,101,46,2
1.9738492070195359,94,95,48,7
2.7727825123105023,98,99,49,4
6.0445823782893324,102,103,44,1
6.1127220888773683,98,98,51,0
3.6980254753540880,98,99,57,4
6.2692699086875221,100,100,49,7
4.6803808934237168,100,101,62,2
3.2675174820511752,102,103,60,7
2.5399892807551798,98,99,41,2
4.1411507472029614,100,101,57,5
2.6126024191716590,96,96,54,6
1.0564897549535710,98,98,55,6
5.0659801341743211,100,101,53,3
5.4508542112023228,100,101,57,3
2.0157162722735831,100,100,47,1
5.2423041455686548,100,100,53,3
5.1204102572648509,98,98,42,5
1.2319741142954166,100,101,52,4
5.7443975395110698,100,101,54,2
0.9023470765803605,98,99,49,4
3.3274773758631717,98,99,52,1
2.0168233970654548,98,99,44,3
1.1830873693911257,94,95,53,6
0.1221757644685047,100,101,55,3
5.2190701360109486,96,97,47,7
4.6755897617778484,96,97,51,3
5.3582556613566972,100,101,49,3
2.7115160351142489,96,97,49,3
0.2720875919665914,96,97,55,1
5.3694162660108242,100,101,59,5
0.0932763572517433,98,99,47,6
2.3310179111172422,98,99,59,4
1.3750109988527146,94,95,56,7
3.6732221785727464,100,100,53,3
1.3787787813726611,100,101,58,0
0.5832307523917442,102,103,51,6
1.7445120088436108,98,99,45,6
5.6351743024126790,100,101,59,5
4.3047113759706868,100,101,51,5
5.2246461782269709,98,98,51,2
2.6696564002112919,100,101,53,7
3.7395717726604834,92,92,43,7
1.2097488586373921,100,100,52,0
1.0368736670600249,100,101,48,6
2.0660718618718774,100,101,54,0
5.7435054366924332,94,95,49,4
5.5019135044011129,98,99,51,0
3.8692958969599145,98,99,48,1
2.3440893138809136,98,98,47,6
3.9352521955922977,100,101,48,4
5.3637857808137959,100,101,54,2
0.5193871159900451,96,97,43,3
0.9709900114638318,100,100,47,7
1.8232662245350453,102,102,61,2
6.0062806434025040,100,101,69,1
3.3348718625141696,98,99,42,5
5.2759716006674111,98,98,49,2
3.9129497025835636,96,96,51,7
0.8461337802302533,94,94,52,1
1.4115622318898191,98,99,56,1
5.4730344165819380,98,99,46,3
2.8922841710090395,100,100,49,7
3.0498328217978843,98,99,49,4
4.3476543643808556,100,101,54,6
1.5593277705550914,100,101,46,2
1.2701694120694924,98,99,46,5
4.4415976999627604,100,100,49,5
4.4067674570080095,100,101,53,7
4.9307566170316424,98,98,46,3
4.5444803580458055,102,102,52,5
1.6184872889824407,96,96,66,4
4.9642395670928501,98,99,39,0
2.3961243496566875,98,98,50,5
4.7089936700099155,100,101,52,6
3.4744554109188202,98,99,49,0
3.5020479256917167,100,100,45,7
3.6832568498158729,100,100,50,4
1.1459348631711068,100,101,49,1
5.9810150389069676,96,96,48,0
0.7008246595606478,98,98,51,0
5.4530043574078508,100,101,50,4
4.3408421212561272,100,101,52,4
1.3742077212395494,100,100,48,0
5.8507861928692169,96,96,50,0
5.2053100662871330,98,99,43,6
5.8868448325243250,100,101,51,5
3.5288250097094163,100,101,55,1
0.7988583358545891,100,101,52,0
5.5854002701981109,98,99,47,6
0.4330863011290603,98,99,62,1
3.1755191894561823,100,100,53,7
3.5415656336378269,98,98,45,4
5.0971062857091969,100,100,64,0
2.8453495605247361,96,97,43,1
4.4821769998498757,98,99,60,1
3.3016165723948925,100,101,57,1
5.6903020378587055,100,100,53,1
6.0860617851431345,100,100,57,7
3.8146925734335309,100,101,55,3
2.0995304494085660,96,97,44,4
5.0982964593458684,98,98,56,5
0.4604822205620486,100,101,62,2
0.3846797445089427,100,101,48,2
4.6836481295292005,100,100,50,4
4.8888434250431558,96,96,53,1
4.8505405898086211,98,99,49,4
4.7359311322051978,98,99,53,6
5.9914892401325170,100,100,56,0
2.6180696558692902,100,100,52,6
5.1499491627431695,98,99,49,6
3.2438935705729559,98,99,54,3
2.2271258950077866,98,99,55,0
1.3116083320877674,100,100,51,7
5.0000599261236207,98,98,51,2
0.4924576362137147,100,101,60,4
3.0223297088346293,98,99,44,1
1.1909984885675877,100,100,49,3
5.5212302591670213,100,100,58,0
0.2501907412021664,100,101,45,5
1.2697644890027748,100,100,46,2
3.2471803226576914,98,99,48,1
3.6824093669756590,98,99,59,4
3.1304793163193749,100,101,53,7
1.7530945165849365,96,97,56,4
0.6810510956759881,100,101,53,1
5.4910584489980510,98,98,54,3
3.6475586494754921,96,97,51,7
6.0125888452097200,98,98,56,1
3.6837988915851136,100,100,51,1
3.9974391815530370,100,101,47,7
5.2834542831958302,98,98,43,0
5.3713222807549936,100,101,47,1
3.1670106319175475,94,94,52,7
4.2490062168329805,98,99,65,4
3.1837786104024630,96,97,50,4
0.4992807086638419,96,96,52,0
3.0800808429349797,98,99,48,3
5.6708930470072350,98,98,46,1
5.3567284364894210,100,100,47,7
0.8594558388105944,100,101,58,2
0.4424704481214650,100,101,60,4
2.2098149951036725,98,99,38,1
3.6250561778580956,100,101,54,6
1.3590070206524660,98,99,59,4
4.2031331315219891,100,100,45,5
6.1486785472799781,100,101,63,1
6.0175106894573531,100,100,54,4
3.2272857377765525,98,99,55,6
3.9596787060438801,100,100,59,5
2.8054236663346637,100,100,56,0
6.2349997338690439,96,96,45,7
5.9577643593694978,96,97,52,4
1.9710524158969918,94,95,49,2
6.2549692079061474,96,96,43,5
4.3727786224391592,100,101,51,1
5.5180187617263998,98,99,45,4
4.1025135681858353,100,101,59,1
2.0401940196941286,98,99,53,6
5.7462399495106560,98,99,56,7
5.4659804214169512,98,98,63,4
3.8031510913734818,100,101,52,2
5.9642334951063631,96,97,50,0
3.6972236050229115,100,100,52,4
0.0278418785074489,100,101,61,7
2.8835385410637784,98,98,49,2
3.2468983287387916,100,101,55,3
1.8639714905956106,96,97,40,0
1.4072610285628984,96,97,54,2
5.9780101637021126,98,98,61,6
3.7071904503903461,96,96,49,7
0.6675536642676758,94,95,49,6
0.6860863300017479,98,98,42,5
6.0442959522796036,92,93,54,4
2.0141539805329876,98,99,48,3
0.6558706708604124,100,101,49,1
2.2372687555257516,90,90,44,5
5.5302867862576210,98,99,56,3
5.8151351248072238,100,101,56,2
2.0838322735440475,100,100,51,5
4.2654401728217026,100,101,53,3
5.7990029021016252,100,100,55,3
3.3453457746466029,100,101,54,6
2.6451777508776457,100,101,60,0
4.6383596446936863,100,101,60,0
1.6505561027648361,100,101,52,2
5.4641448346810444,100,101,58,6
4.6974852468835335,100,101,47,1
2.9150913378716492,98,98,62,1
2.0328308093116774,100,101,50,0
5.2196095841042354,98,98,58,5
5.9224122446621319,98,99,42,3
5.4370332014710305,100,101,59,7
1.7168914510942737,98,99,57,0
3.9801753405865847,100,101,49,1
1.0741322440201511,100,101,57,5
3.0429643762583911,96,96,53,7
2.7074039757044255,100,101,52,6
5.8786253781007192,100,101,48,2
5.9168381396424481,98,99,53,6
2.5788410234407850,96,96,52,0
0.7270307827649731,98,99,58,1
5.1178046916133964,100,100,52,2
5.0892047318433633,98,99,62,1
6.1958572229860156,98,98,53,2
1.6715897580796732,98,98,52,7
1.2166787647843100,100,101,48,0
3.4231734114405215,96,97,46,4
5.2943844912832976,96,96,56,0
0.4035967586257097,96,97,55,3
0.8901848486551164,98,98,50,1
5.5802358185658774,100,101,56,6
5.7640324913678702,98,99,50,1
2.9169859294696168,100,101,55,3
1.7299460751945548,98,98,57,0
3.1460121234783012,98,99,55,6
0.3313670396094542,96,97,53,5
2.7427064953914062,94,95,58,3
4.2570808837574932,92,93,42,4
4.6347331004049641,98,99,55,6
4.0323181933656622,92,93,55,7
5.6314621354023675,100,101,55,1
3.0083057287218566,100,101,54,6
5.4250441021475186,100,101,48,6
2.8407814898326320,96,97,49,7
0.5001848197233847,100,100,58,4
0.8135021693214545,96,96,55,1
2.5733859208894123,98,99,48,3
6.1096128183206853,100,101,45,3
0.3804185138095633,102,102,65,0
4.6209056174305987,100,101,51,1
0.7880423785406753,100,100,50,0
1.4911582474268155,100,100,50,6
4.7208276690321753,98,99,54,1
2.1339644679320955,98,98,45,4
5.9802297349010889,98,98,46,7
5.2993514867495017,98,98,53,4
3.3088762990883787,100,101,41,3
1.7554298827519186,100,101,53,1
0.8861838403694241,98,99,42,7
5.8055694676840810,98,99,50,3
5.6371165470231812,94,94,46,7
2.3860543498649815,98,98,47,0
4.1708786702809704,98,99,47,2
3.7680020494121598,96,96,51,5
1.2560358841885892,100,101,53,7
0.4695132655009447,98,99,49,2
3.3857577041153282,98,98,51,0
0.4978752269867001,100,101,58,6
2.6688083439057282,98,99,58,5
4.0055830190612660,98,98,52,1
1.6507933629436988,98,99,50,1
0.3398818414327401,98,98,58,7
2.1062687477791266,100,100,52,4
6.2695561909676183,100,101,55,7
3.3724837127390632,100,101,59,3
4.2693509155595564,94,95,47,2
2.9342323808350721,102,103,53,4
3.8886894787008481,98,99,52,1
4.6629603231991270,98,98,53,6
1.2534993895394464,100,100,46,0
5.9470159570456520,96,97,39,7
1.1236141224370579,96,97,46,4
4.7078909730476042,100,100,50,0
0.6453306574464620,98,99,46,7
0.6335533636285309,100,101,58,4
1.6556813613526635,100,101,47,3
1.6226630071634023,98,99,54,3
3.1510599748142272,94,95,47,2
4.2909386674440544,98,98,49,6
2.0044959908417086,100,101,44,2
2.1964727718820467,100,100,55,7
6.1044860880077261,100,101,54,6
5.6881472040427319,98,98,40,7
1.6223432186297406,100,100,49,1
6.1469669019486339,94,94,53,0
0.0029308471068245,94,95,56,7
0.1937638781569847,100,100,60,2
0.7188061752506735,98,99,44,1
1.9841957444670821,98,98,43,2
4.0311243888403974,98,99,47,6
2.7874233069020113,100,101,53,3
0.9132097572771126,100,101,53,7
5.7214842075145889,100,101,49,5
4.0322120865802811,100,101,41,3
0.9385483232716492,98,98,49,2
0.5206551220708379,98,99,50,7
3.2270680760005153,100,101,46,0
2.0584988886153912,100,100,49,1
3.4311333120498140,98,99,50,1
0.3429997609875358,102,102,47,0
1.3255493194927452,98,99,51,0
3.1615909995698694,100,101,56,4
0.6025461812724502,96,97,43,5
1.0105046744479083,100,101,43,1
3.4436678987542413,100,101,50,4
0.2148847666655860,100,101,50,2
1.2243731739550436,102,103,54,5
3.2283452624094293,102,103,49,2
3.1776711937669568,102,103,47,4
2.6029195509072394,100,100,53,5
0.8759855155155823,100,101,48,0
1.1685124329397218,98,99,52,3
2.5185974697659819,100,100,55,7
4.6902284013486915,98,99,49,4
5.5756374699538220,98,99,42,5
3.9093703488744884,102,103,54,7
1.9707858300207484,96,97,47,7
3.7417489829393324,96,96,53,3
4.6800831293920035,100,100,56,2
3.7529436765170776,100,100,53,7
4.3394854686164583,98,99,47,2
2.6952732915169633,100,100,51,7
5.8181613076816312,100,100,45,3
1.5572882432782285,98,99,49,2
4.5235350089442923,96,96,44,0
2.6065232091721930,94,95,55,0
5.4745788911020288,94,95,48,5
0.5926899138915567,98,99,53,6
3.6027268433464670,98,99,50,5
0.2656229522601194,98,99,48,3
1.4549867422341509,100,100,46,0
5.1964635941600035,98,99,42,7
5.2238944207659053,98,99,50,7
4.3652585366366727,100,101,55,5
2.8851644903787088,98,99,47,0
2.5137921190837851,100,100,44,2
2.3329870953590959,100,100,53,7
0.2562611549458895,100,101,51,5
1.4397146062854322,100,100,56,6
6.1429170355242455,98,98,58,3
2.4897072620692478,100,100,43,5
1.3483471672511711,100,101,54,0
1.7480934153224821,94,95,50,5
2.6553086278554390,100,101,51,7
6.1048322971197173,100,101,46,4
3.8469711228539172,100,101,48,0
0.5563088686260327,98,99,58,1
3.2071587316803667,100,101,50,2
4.7887617198957591,98,99,43,6
3.2084738906229369,98,98,50,3
5.8727321449618097,100,100,54,0
4.3128242130253467,94,95,49,4
0.9735511050247850,98,99,46,5
4.6829085266705412,98,98,56,1
0.5168805918496069,94,95,42,3
0.7767994231514356,100,101,55,3
2.7362085409956554,102,102,45,0
4.7529736315273645,102,103,50,5
5.6330922741058878,100,100,55,5
3.7376394697835411,100,101,55,1
4.5163760408928342,98,99,60,1
3.5809438065190760,98,99,47,2
4.4181106666700289,98,99,52,5
1.6873052024014819,96,97,48,6
5.5976940541493736,98,99,47,4
2.8016615641291187,100,101,56,6
2.1272010715651861,96,97,47,5
4.7508604848149529,98,99,50,7
4.6869312040934368,96,97,53,1
1.5738275572487224,98,99,51,0
0.7957614101220186,96,96,46,2
5.8017957440972259,98,98,53,2
0.6787450108590559,100,100,58,0
1.9366542612152202,98,99,49,0
5.9231058993671688,98,99,57,2
4.2909569527608031,100,100,46,0
5.0486513018436741,100,101,49,3
1.9863162814394157,100,101,52,2
2.6581333493330481,98,98,57,4
3.8152768645077129,98,99,44,7
0.3752178414293659,100,101,49,3
4.3995014521910445,98,98,37,2
6.2153745531884548,98,99,56,3
1.6748503543923869,96,96,43,3
1.0496833627507876,98,99,51,4
0.4845110090847378,100,100,59,3
2.6086511563088504,100,101,51,3
2.2047512090230668,100,101,49,7
5.1217149763427914,94,95,56,3
4.4914511842035685,98,98,51,4
1.2917498949936435,98,98,57,4
3.3391940646025908,96,96,47,7
3.8662926807819664,98,99,49,2
5.3417564992861815,98,99,53,2
5.7767843315117675,98,98,55,4
5.8501757259865901,100,101,59,5
4.9382371413573649,100,100,56,2
2.5361843629936716,100,101,59,1
0.5551659394005138,100,100,53,3
1.7811708594395583,98,98,58,1
5.9435454066581181,100,100,54,2
1.7450602397085044,96,97,53,5
3.1941547804725472,92,93,61,5
3.5656595620834488,98,98,56,5
1.8850478473794312,98,99,60,7
2.5354544842914550,100,101,59,5
2.6612512789079465,100,100,64,4
3.2172488940168185,98,99,53,0
5.8480614855961370,100,101,45,5
1.8742321367348016,102,102,48,5
5.8907142453706109,96,96,44,6
3.3556349317947833,98,99,53,0
0.9846522978055595,100,100,57,5
4.1610236946724726,98,99,53,0
3.5848910507913865,98,98,55,0
6.0153794030466488,100,101,42,6
1.2266678101622730,98,99,51,0
0.5167551463395545,94,94,47,0
5.5145822809583320,98,99,52,1
2.9671510087661228,100,100,43,5
4.7534466351996922,98,99,51,2
1.8048973836368696,100,101,53,5
1.9770535574506414,98,99,66,5
4.9890759701709291,100,100,52,6
1.3483351863008344,98,98,55,2
3.9870918628469423,100,100,53,5
2.9653457936960077,98,99,52,3
2.6616643713975154,100,100,51,1
4.8478964262271029,102,103,59,4
2.0022758803407998,100,101,50,0
1.9340094905115424,100,101,54,2
3.8049348295084382,94,95,46,5
0.2957671892410578,96,97,47,5
3.8121145990546101,100,100,46,4
0.4032321351932926,102,103,44,5
1.9210396763509920,98,99,49,0
3.1784084763932294,96,96,52,0
4.0754972163658767,96,97,55,7
5.7441015544606193,100,101,57,1
5.6885388232012275,98,99,56,3
0.7820036545741315,98,98,51,6
4.5249709192308822,102,103,54,3
3.0574645086646326,100,101,51,5
1.6379786622278327,100,101,43,7
3.0264691197836506,98,99,51,2
0.0619023606147921,94,94,57,0
3.0083698747460565,98,99,48,5
5.9122021523762962,100,100,49,5
3.8885791004565999,98,99,50,1
1.5181566562060453,100,101,48,0
3.1919760621248559,100,100,54,0
0.5760303746224313,98,99,51,4
1.2813506140319235,100,100,56,4
4.4858987230845839,100,101,49,3
4.1142689760405160,98,99,54,3
3.7394329359546750,96,97,44,6
3.3325027887515013,98,98,49,0
2.8118947952382563,96,96,51,5
4.1149850022486891,102,103,55,6
1.5433672138354038,100,101,39,1
0.7718958793420183,100,101,62,0
1.2324269708154487,94,94,48,3
6.0356825116776935,98,99,55,4
2.8149602804741676,100,100,59,7
5.9609127970206677,102,103,58,1
1.4349865988952828,98,98,48,5
1.3195047517989704,92,93,48,4
1.4795990237123495,100,101,50,2
5.5367433172230358,100,101,53,1
0.7317189836130903,96,97,52,6
2.3534214610026742,100,100,50,4
3.6247024256437514,100,101,51,7
1.9157047420398032,100,100,58,0
2.4513897818512023,96,97,55,3
4.3906964730621922,100,101,48,0
0.5160517170989583,100,100,50,6
2.7042963879348414,98,99,54,7
0.6399411835176946,96,97,49,7
1.8221960485790805,100,101,53,3
5.7963455503586081,100,101,50,4
3.3759484112229736,96,96,48,2
0.3223345244940772,100,100,55,1
0.5326400683316107,94,95,42,3
5.2356114520811827,100,101,49,1
0.2325713954128117,96,97,53,5
4.5190334530650196,98,99,54,1
4.9663702553330697,98,99,49,0
5.9849104834848843,96,97,50,6
4.5699486872949748,98,99,51,2
5.6854400079935257,98,98,51,2
1.0712657610542293,102,103,56,7
5.4739766745688065,98,99,46,1
3.9845432272771353,98,99,49,4
3.8087885482550599,100,101,69,3
1.8452142883473583,100,101,54,6
2.6789482755610590,98,98,44,3
5.9711761361860063,96,97,52,4
0.6880445503120175,92,92,52,2
2.5593411492214089,100,100,50,4
6.1267541765069051,98,98,44,7
3.1932174057395728,98,99,50,7
0.1149135791347676,100,101,44,0
4.7966034731463889,98,99,56,1
1.4754535323318909,100,100,48,2
6.1283186083454897,100,101,48,6
5.9767509632425622,96,97,48,6
1.4760080623470002,98,99,61,0
2.1368551237500872,94,94,49,2
1.2208180433413820,98,99,41,6
4.7434255853104146,100,100,52,2
6.0009005601208942,100,101,62,0
2.0493683531124622,102,103,50,1
3.7893167083698494,94,95,52,1
1.9443546944408694,100,101,44,6
6.1343320051465042,100,101,50,2
4.5831666647862077,98,98,48,1
4.5206588697532526,98,99,43,4
1.4225575819961029,100,101,52,2
4.5132303572232546,100,101,49,3
4.0513615554500202,100,101,50,0
1.4686669389196787,100,100,61,5
2.0454498204356146,100,101,47,3
6.0001734619064289,102,103,49,2
0.5673079322848433,96,97,51,5
0.2417715475971062,100,101,59,7
5.4163081703497937,100,101,57,7
5.0175964713424088,98,98,56,7
5.1176715660755248,100,101,49,3
0.4382635109385650,100,101,52,0
2.3246818543998304,96,97,53,7
2.3223600051433348,96,97,49,7
4.4210868741374014,100,101,48,2
2.1804863575231348,98,98,39,0
5.1897768730523124,98,99,48,1
2.8964769273854984,102,103,49,4
3.4215549161369978,100,100,53,5
1.7583757159895408,100,100,56,4
3.8962304958111194,100,100,50,2
6.2456000902182094,100,101,57,3
4.5478662910627570,96,97,47,7
0.8607807483687638,92,93,47,7
2.3000520910802225,98,98,49,6
1.2977098509777372,98,99,51,2
2.5648085401537313,96,97,54,6
1.0269612465881668,100,101,52,0
0.3742436349959190,100,101,58,0
2.6769301779917472,98,98,54,5
0.2106942410596381,100,100,45,7
5.7179138308874107,98,99,44,5
4.8816562577381601,98,99,49,0
2.3832953459193469,98,98,41,6
0.8571503831420877,100,101,52,0
4.3483635055891270,100,101,51,1
4.9694863652149657,100,100,53,1
0.1508505961631783,100,101,50,4
0.9528974761296810,102,103,63,0
5.8832933326345458,98,99,53,6
1.2126741174490254,100,101,52,6
5.5983224004949097,98,98,49,6
3.3341021002200804,96,97,52,6
2.3336687085168912,100,101,54,0
2.5621426619334264,100,100,52,0
4.0609093277807400,98,99,55,4
2.4610037450913316,100,101,57,1
6.0001536106608366,98,98,52,3
5.9775946886647171,100,101,48,6
4.2872197705262707,94,95,52,5
0.6636447844847420,98,99,46,3
2.8299530538041466,96,96,51,3
3.8873574262436175,102,103,56,3
4.5167982419330537,100,101,52,4
0.8312810914486706,100,101,61,1
1.3394352093737292,98,99,48,5
6.1445083575753738,98,99,51,2
5.0841184709350777,100,101,52,4
1.7384285678628684,96,96,46,0
5.8249925182751197,100,101,49,1
1.9472701959399650,102,102,53,4
2.7844485047319103,100,101,52,6
0.5200104384620111,100,101,54,2
3.3197123942183393,98,98,50,3
4.7317052775918578,100,101,57,7
4.3472077032144494,100,101,55,3
4.2876957172528520,98,99,61,4
3.1567526411580915,100,100,59,5
2.7097218597435693,98,98,42,5
0.1685266230861414,100,100,45,7
5.9240908171549966,102,103,57,2
0.7494836262766952,100,101,60,4
5.6346053058491048,100,101,64,0
1.2022012828893951,100,100,58,2
5.4484944761571450,98,99,54,5
0.2277843996264727,100,100,46,2
4.7957374534818555,98,98,42,7
5.2452810304954216,98,99,48,7
4.1964601635991441,96,97,50,2
1.3547208870509984,98,98,49,2
5.1599818216579934,96,96,54,2
6.1579105510577943,100,101,42,0
5.8399696694840282,96,97,53,3
4.7356305787501345,100,100,45,3
5.1801773228324741,100,101,50,0
1.6201753885748431,96,97,47,3
4.4947714081758381,98,99,53,0
3.9163527910225699,92,92,45,3
0.0311255641574180,96,96,39,1
5.2039219799804552,100,100,43,3
1.4707075864598471,100,101,56,4
1.4343143734179664,100,100,57,7
1.4988410813747739,98,98,49,2
1.7366146898104948,98,99,44,5
3.1251638805295046,98,99,45,6
4.2873199348928601,98,99,49,6
4.6628612840976604,106,107,54,1
2.6085064931479436,100,101,55,5
0.2843675727731033,102,103,60,1
5.2648842851874820,100,100,48,4
1.3257455306243942,98,99,51,6
2.2964572529873553,98,99,55,6
4.3348668123173910,102,103,46,3
2.0602067106869746,96,97,45,1
3.9325993023238888,98,98,46,3
4.4207224665664375,100,100,50,2
1.1938499115759842,100,100,59,7
0.3379079756412108,98,99,60,7
4.3418396619780379,102,102,55,0
2.4022667560151114,100,101,39,5
6.2746841932127806,98,99,50,1
3.2873268722176925,100,101,53,5
4.8616738441435228,98,99,54,1
0.2702821421962762,98,98,50,3
2.3023534456299597,98,99,57,0
1.4120755829706704,94,95,48,3
4.2996115799694934,96,96,54,4
4.3330803317864985,100,101,42,4
1.9284543647680097,98,99,46,1
0.0228146979221743,98,99,58,1
2.6244233059811641,100,101,47,1
1.5901956804313930,98,99,58,1
4.3726024089511402,98,98,46,1
4.8628861858146442,98,99,50,7
2.5949525832925331,100,101,54,0
0.4199067071472042,100,101,49,5
3.9147289984743776,100,101,51,1
1.0213583763499774,98,98,47,2
1.0844458685844256,100,101,53,5
5.3982375557857853,98,99,57,4
4.8036671231839128,98,98,51,6
4.8779967973149860,98,98,48,7
3.5158013093071618,100,101,55,3
3.7975392993318069,102,102,51,6
0.1555231131815459,100,101,50,4
2.0662852362141884,100,101,48,2
1.8321170462502727,98,99,47,4
1.6389612473437354,98,99,49,0
1.9835847292697579,100,100,47,5
4.7536710806031799,102,102,60,7
5.2041608968755373,100,101,51,5
5.0059317229281159,100,101,47,5
2.7672995970662555,96,97,51,7
5.3631562624708797,100,101,52,2
0.3828276720715881,98,99,45,0
5.3249705348633336,102,103,51,0
4.0028078119869850,100,100,61,3
2.7028233113196647,98,98,51,6
4.5341525123451767,96,97,48,6
3.8944159670061498,100,101,52,6
1.7236988836425384,98,99,46,1
4.6331436082935467,98,99,52,7
1.4713926788859117,102,102,48,5
5.0104749252503513,98,99,50,7
5.6355158311187719,102,102,44,1
5.6883299995203540,100,100,48,2
1.2584679554773159,96,97,56,6
2.4217778012239983,96,97,54,2
3.6136534409073335,100,100,49,1
0.0929796646793063,100,100,52,2
5.5024239375324555,100,100,54,4
4.2412757026372763,100,100,49,3
0.8912600226847543,100,101,47,7
5.2139362761488055,96,97,52,2
1.1157034095057938,100,101,51,3
4.1009360128605543,98,98,49,6
1.3966219528482102,96,97,56,6
5.9343825232683782,100,101,63,7
5.0430686275128540,98,99,55,2
5.1399592906147245,100,101,49,5
4.5311363272681104,102,103,60,1
5.7401122194031737,98,99,56,5
3.5583327036190733,96,97,55,7
5.1165037953807690,100,101,49,7
1.3418094490574730,96,97,47,3
2.8657133766402860,98,98,44,7
0.8612006868611681,100,101,61,5
2.9293169095459368,98,98,50,3
3.3696508876182465,98,99,47,6
2.5847380640117907,98,98,44,1
2.5695592536478218,98,99,59,2
3.5258626269067679,100,100,52,2
0.8881687277449162,100,100,60,0
1.7166338523693574,98,99,48,3
0.8077529538605376,98,98,37,2
0.0795361613918214,100,100,50,6
5.1858120734850575,96,96,63,7
1.2450137915577693,96,97,47,5
0.1979558983395167,100,101,52,2
0.0548555397998204,98,99,58,3
4.7399945081121899,100,101,54,6
2.8419025382968019,100,101,60,6
5.4567478904452988,100,101,51,5
0.8836826176816313,98,99,55,6
6.1448604671779101,100,101,49,7
4.3999283227771571,100,101,48,2
2.8370274047555557,96,97,46,0
4.5761628638949041,100,100,51,3
1.0592373110194278,94,95,55,0
0.1283263881736915,98,99,50,3
3.7366527996373033,102,103,54,5
5.3509819293947185,98,99,55,2
0.0123218808633624,96,97,54,6
2.0902952966350234,102,102,47,2
5.2324044785507224,98,98,49,4
6.2449087892612516,98,99,49,6
5.2330811768209546,98,98,45,0
2.2185878585010599,100,100,62,4
0.0407052595428063,98,99,49,6
0.1901094959404465,102,103,52,1
3.5536945917856881,98,99,53,6
4.0533591420414732,98,99,52,1
4.3004528857192543,98,98,52,7
5.0583586066218658,96,97,51,5
1.5888559980427901,96,97,51,3
2.8990657305563627,98,99,50,3
0.1721971343324405,96,97,61,1
5.9071432381297582,98,98,57,0
2.5767625345979175,100,100,62,6
5.1487332085455444,96,97,48,4
5.8272062433875158,102,103,35,2
3.7246407486349313,100,101,57,7
5.1402886018954588,98,99,60,1
3.9499907917806207,98,99,49,6
4.9666587324522817,100,101,44,6
2.5926669566988352,100,101,53,1
3.0415477643836213,100,101,57,5
2.8814801868183224,100,101,54,6
3.4371166906660626,94,95,40,3
4.6114139263716725,100,100,53,3
0.5365200729204312,104,105,52,0
0.6155859058448916,98,99,42,7
5.9790111929764231,98,98,53,4
0.4262867583006170,100,100,50,2
4.1027919840850640,96,96,50,6
4.4137949722212388,98,99,50,7
4.4910333286460951,96,97,51,7
1.4332997315634153,98,98,37,2
5.0869212551527196,98,99,49,4
5.2104090752972887,96,97,51,5
5.6337688492583364,98,99,46,7
4.6211124157992769,98,99,47,6
3.2564498261190589,98,98,49,0
0.1139988451498927,96,97,45,5
4.7024242966757752,98,99,49,2
6.0468146962950486,100,101,49,3
3.4665035173766698,100,100,50,4
3.1531874928521111,98,98,50,7
3.8473832603962324,98,99,48,7
0.7791365809165710,102,103,53,6
1.3245451850872332,100,101,59,7
1.4811531527944883,100,101,56,6
2.4654236307878188,100,100,57,7
4.6739816552472551,102,103,58,1
1.1456104785584986,98,99,47,2
3.5892911019922416,100,100,53,1
2.6870811928700005,100,101,52,4
2.3341845569019690,98,99,46,5
4.9173821271502245,100,100,48,6
6.1082462221712772,100,101,58,4
5.2460282025118072,96,97,54,6
3.6174925645132863,102,103,51,2
4.8800176905741326,96,96,60,4
2.6258470101497591,98,99,46,7
1.4406932664763952,100,101,52,4
3.3730422302228380,100,101,64,6
3.0971596267599075,98,99,49,4
5.4450342661503255,98,98,50,1
5.0077741196225958,92,92,43,7
3.4487994580372003,98,98,49,4
0.6604405973371861,98,99,51,6
5.8353002842608648,100,101,55,1
0.2043918350575377,98,99,49,6
3.4670184315857040,94,94,48,3
5.5432713123597184,98,99,43,6
0.0949885890458200,98,99,53,0
5.1095655892966256,100,101,44,0
4.4499161608688329,98,99,49,4
3.5571618825764517,98,98,41,4
6.2322822424449802,98,99,55,0
1.6097862332129231,98,99,49,6
2.8661996569043269,100,101,49,5
2.5575008636300014,98,99,49,6
6.1967937811965372,96,96,58,0
2.0567427895042862,98,98,49,6
3.8148848899114767,96,97,61,7
0.2127213565220703,98,99,41,0
2.8593952527637070,98,99,50,3
5.3953737170040981,96,97,46,6
1.8417535850888787,100,101,49,3
6.0233039122339669,94,94,53,2
5.5336370052650459,98,99,49,4
1.8522286817778821,98,99,57,2
2.6056557840987877,100,100,41,3
3.5295093678345677,96,97,46,2
2.9097725412241444,96,96,45,1
5.9461456748398156,98,98,49,0
5.8671619795738170,98,99,54,1
5.8695709861959884,98,98,48,7
1.7858263693716609,98,99,53,6
2.4172334349076019,100,101,56,4
1.4619630174580966,102,103,49,6
4.2713392613427255,100,100,49,7
2.2639168317146554,96,96,50,0
0.2341014535683154,100,101,52,6
4.7268150890240639,100,101,52,0
1.5425252920956687,100,101,57,5
5.5678115218609623,100,101,49,5
0.5486718267857930,100,101,53,7
5.2590198188371984,102,102,53,4
3.6735675100899425,100,101,54,6
4.2950464673587758,98,99,48,7
3.4864961730407740,98,98,58,5
0.5259166946797091,98,99,51,4
3.5355241449592620,98,99,44,3
1.3008161813641355,98,98,54,5
5.0701006264606647,100,101,53,1
3.5289639613944406,100,101,56,6
2.8768129626648822,102,103,56,1
3.5144777650182353,100,101,61,7
5.9110317259387939,100,100,46,2
1.6733380383402749,100,100,58,4
3.6674683831282340,100,100,54,6
2.3217668900582882,98,99,52,1
0.5676284793767000,98,99,43,4
0.4277454108972536,104,105,44,6
0.1561680599463181,98,99,45,4
0.4095946383625317,100,101,57,5
1.2218825233461870,96,96,49,7
0.0439748968996605,100,101,56,0
3.5437666419944223,98,99,63,6
4.0574017296562248,98,98,56,5
6.1461608715199478,100,100,50,4
2.9954930232842059,94,95,48,5
1.3985102952167192,98,98,50,1
4.7090930545247387,98,99,48,7
3.7258991777785768,98,99,52,3
4.0482579740373543,100,101,56,2
3.3842769087738174,100,101,61,7
0.2393644651163235,96,96,49,5
3.3974356050697923,102,103,53,0
1.5462205011447789,100,100,59,1
3.0262929916663017,92,93,44,0
0.2210335793589356,100,100,48,2
0.6858253646631912,100,101,56,2
2.2080960886445293,100,101,55,7
3.5376289584606044,100,101,42,6
5.4537995985837888,98,99,44,1
2.5676728204415982,98,98,58,7
3.9636250258072265,96,96,49,7
1.8171396936143913,100,101,47,1
5.8765762315087864,98,98,44,5
0.7142985525327301,92,93,49,3
4.0468829023764918,100,100,50,2
0.2262849765725790,98,99,50,1
1.7729673871118810,98,99,44,7
3.5900936972672217,98,99,53,0
2.7790552577560703,98,98,51,4
4.2422049649843272,100,101,53,7
3.9220094832387686,100,101,43,5
5.7189175980467599,98,98,54,1
0.3527967983089048,100,100,48,4
1.8854306474096998,98,98,56,1
6.2610904625999506,100,100,58,6
0.2956151529186705,100,101,45,7
5.7776502601106365,100,101,58,2
3.0343297486316261,94,95,50,1
3.5558882425091971,96,97,52,0
2.9029066891540438,98,99,43,2
4.0917136816180690,100,101,46,6
4.1734205313642159,100,101,55,5
4.8163482643245219,98,99,44,7
2.3028443166679566,96,97,36,4
4.2430405959326745,98,99,56,3
2.2090554320981801,100,101,47,1
6.1361161873728909,100,100,50,6
0.9365594513265043,96,96,52,4
4.8175119561949487,102,102,54,3
1.0873873941815215,102,103,47,2
4.9824256634404493,98,99,47,0
2.7114095978088808,94,95,44,5
0.6584449443680064,98,98,48,5
1.9189450841140014,100,101,47,3
1.8194624584207306,98,99,49,6
5.8867145798094889,100,101,41,3
4.1336233963073328,100,101,57,5
2.8735711311433270,102,103,59,4
1.4707613740226735,98,99,45,0
4.5652264620043761,98,99,48,5
2.7801139941462756,96,97,51,5
2.0380095703569197,100,101,55,3
3.5561060587716011,102,103,51,6
4.2286355309167840,100,101,61,5
2.1363346617775956,100,100,58,4
0.1932838598310482,100,100,49,1
2.3736244178064827,100,101,45,3
5.4166775630783661,100,101,47,5
5.9827688380924542,98,98,54,1
2.4252288974946290,96,97,47,7
0.5434570476889409,100,100,58,6
1.6150618052103947,94,95,45,4
3.0532818825514028,100,101,57,3
0.4896334722665133,100,101,55,1
1.0477456697516638,102,103,52,3
3.2410136250436969,98,98,48,5
4.4210018836582972,102,103,58,7
2.3069182226743119,94,95,51,6
1.2174085645238504,98,98,49,4
5.1901602902959079,100,101,57,3
5.6368495769752611,100,101,50,6
4.7094108662140464,98,98,49,4
4.1224816372003659,98,99,59,2
3.5961901938523888,98,99,46,5
1.4764971995307969,102,103,49,2
1.5118469115755495,98,99,50,1
5.4111097618126323,100,101,51,7
3.5278693406532078,100,101,47,7
0.6116362986703479,100,100,52,6
5.0760558628613293,100,100,52,6
1.9385620267204644,100,100,57,7
4.6374013712131914,94,95,46,1
6.0418281828614457,98,99,54,1
4.3875960458842265,100,101,51,3
3.3590370463728840,98,99,61,0
3.4547330174634978,96,97,52,4
4.0343412463533017,100,101,51,7
0.4972469418546718,96,97,48,0
4.1149578481109241,96,97,51,3
2.6600383215268688,98,98,47,0
1.3651105149787257,100,100,55,5
4.9177730639258117,98,98,62,5
5.4418606518676880,98,98,51,6
5.8146448972655422,98,98,52,5
3.7332318648052865,100,101,56,2
5.1597090407274715,96,96,46,2
0.3791833179374988,100,101,62,4
0.4967316045249579,100,100,49,5
2.3745561773842643,102,103,48,5
1.1947276240885583,98,99,44,1
4.7722371435770805,94,95,48,7
5.3700591930372292,100,101,53,3
2.9422285868430085,98,98,58,3
0.5643910814161062,96,96,50,2
5.2293889983737962,98,99,47,0
3.2043970906924630,100,101,53,5
4.8043777739830302,100,100,52,0
2.5787820091940845,98,99,56,5
2.6756221065310983,102,102,50,1
1.6322860394799723,100,101,46,4
5.5046126542135374,100,100,50,4
3.6960352522883686,98,99,47,4
3.3213116657595738,98,99,42,1
1.5677114678445312,100,101,51,3
2.7812586562913562,100,101,49,3
5.9563160518789235,100,100,52,2
4.1536966562236035,102,102,51,2
3.2817683562995459,100,101,50,0
1.0339491619704992,98,99,51,6
0.5448105187520035,100,100,56,0
2.9869468359489346,98,99,60,3
3.2871474484702699,98,98,48,1
3.8996457629696710,98,98,56,1
0.2584017070231490,98,98,51,6
1.6081550868911090,100,101,58,4
3.5212200167564411,100,101,54,0
1.9613389809338126,100,101,54,0
4.0119442545075668,98,99,47,0
2.7732201857032956,98,99,52,5
0.5990113247339631,100,101,42,2
4.4163542780742739,100,101,49,7
2.5923590344564791,100,101,52,0
3.3164819904733900,100,101,53,5
1.5659926679384617,96,96,49,7
0.8488297012694545,98,98,42,7
0.2940383531130079,100,100,53,7
3.3361324953744038,100,101,55,7
4.1547287395838053,100,101,55,3
0.2074338879318991,100,100,47,5
4.6790453596435722,100,101,60,0
6.0325972733699151,100,101,57,7
2.5521777535161720,100,101,48,0
0.3689847922511210,98,98,54,3
0.6905126205364951,100,101,51,1
3.5287156566805327,100,101,55,7
1.8449669233832791,98,99,51,0
4.1488412524262142,98,99,47,0
5.4864847446005385,98,99,50,3
3.8112398062044037,100,101,51,1
1.1971036949710454,100,100,62,2
6.2624321157762344,100,101,53,1
4.4957050794037325,98,98,50,1
5.3277462440318866,100,101,43,1
3.1773407949931443,94,95,57,6
3.5478516074928836,98,99,47,2
0.6687288047851238,100,101,52,0
2.8612416194988306,100,101,45,1
2.8772707086253031,98,98,53,6
0.1693567988522122,98,99,58,7
0.5083057252388332,98,99,47,6
0.8603431762717977,100,101,55,5
5.7095341159586379,98,99,53,2
4.3090886294261974,98,99,43,2
3.7419601501839006,98,98,41,4
5.9856672143242573,98,98,51,4
5.4955123500884344,98,99,52,7
1.4813514719407428,96,96,57,5
4.3582548597994224,100,101,38,0
1.5888130467750960,96,97,47,7
2.0823506512277508,98,99,49,6
3.9487949921267522,98,99,52,5
5.8632625803694269,98,98,54,3
1.0159790661802850,100,101,49,5
4.5247706258440985,100,100,47,3
0.2645312144359241,100,101,47,5
5.5777631366776559,98,99,57,2
1.7270420043058876,100,100,49,5
3.8964831381401090,96,97,52,4
0.0781211344300483,98,99,44,3
0.5044973342549035,94,95,54,1
4.8612884403602159,100,101,53,3
3.8592158017555831,100,101,51,5
0.1520247717684995,96,97,59,1
1.1840494586073294,100,101,50,4
5.5187051196671115,98,99,49,0
0.3774368763947267,96,97,49,7
0.4109593956198405,98,99,54,3
3.6412317962346652,98,98,40,3
2.1927219054104059,100,101,53,5
0.4769640481452602,100,101,53,3
2.8406876731007791,98,99,57,0
5.2836715269657946,98,98,47,4
4.2126411399328347,100,100,50,6
0.5361669631233036,100,100,40,2
4.4799033668694772,98,99,56,7
4.5399811710911742,98,99,51,6
4.4010532983969188,112,113,53,5
5.1641610214846292,106,107,48,7
0.6640576351419408,96,97,52,4
2.0531609338768702,94,94,50,7
4.2079107147458252,100,101,47,5
3.6638722508661115,94,94,43,4
1.4382422087520974,100,101,53,3
5.6737562933553134,98,99,53,6
5.4922349898170211,100,101,48,4
4.4632245156664290,98,98,57,2
1.7488868564217079,100,101,51,7
5.2651808906907211,94,94,52,1
4.7172405611781931,98,99,46,7
3.1348543350446958,100,101,47,7
2.0322277207458579,98,99,53,2
5.2223145796093178,100,101,53,3
5.9010265456231243,98,99,48,3
3.3464752356651584,96,96,56,2
2.9623957793859987,100,101,47,1
4.1321136580700646,96,97,40,0
4.4900589614910453,100,101,53,1
0.5044828621324986,100,101,53,1
3.7690029780612258,98,98,54,1
3.0963122991492735,98,99,59,6
3.9923942071900500,98,99,60,7
4.0957011336201408,94,95,39,0
4.1124619190649971,102,103,60,5
0.7141314761701649,98,98,54,7
0.9623251560053457,98,99,48,7
1.9142540859564132,102,102,39,6
3.0517357473903037,100,101,58,2
2.1434662182671183,98,98,55,4
1.3929350578429398,98,99,48,1
5.6115804484118463,100,101,55,3
2.9482905187634940,98,99,42,1
1.4163025173159109,100,101,46,0
3.6598858587612759,100,101,47,7
5.7989254851134442,96,96,46,6
5.1709689246205466,98,99,52,7
1.3291421082449959,96,97,48,4
0.5753362606161641,100,100,43,5
0.9479460835603900,100,101,57,7
4.3805350490712742,100,100,56,4
3.0372892768492554,100,101,46,0
4.0360520908960558,98,98,56,1
6.0006821577103731,98,98,46,7
2.5929573056152475,102,103,51,0
0.5221430982151672,100,100,56,6
1.6376780866677030,98,98,44,5
2.2629519397936377,98,98,54,7
5.4180319403589472,98,99,63,6
0.6175333155862757,98,98,53,6
6.2269322811913508,98,99,51,4
1.4980748698430926,100,101,47,5
4.3225982166860026,100,100,54,2
6.0077189214560489,100,101,54,4
0.9540603447076826,98,98,49,4
1.9742738902536980,100,101,46,0
2.0069688642203674,100,100,42,6
2.9731222997233897,98,99,45,4
3.4690290873203535,98,98,47,6
0.6378783923246881,98,98,34,1
4.3878490376020576,98,99,51,2
6.2223770956955127,98,99,50,3
3.7735055289658868,98,98,52,1
2.1121204651239678,100,101,44,6
3.2478402803942807,94,94,47,0
5.3827058172691835,100,100,54,2
4.7031113369891715,100,101,50,0
5.1207573974355549,100,101,51,1
6.2245222859577938,102,103,59,6
1.8798665867733320,100,100,55,3
2.7959879919269635,94,95,51,0
0.4028783382187341,96,97,53,1
3.3434580574044537,96,97,52,0
3.5625158079104060,100,101,51,5
5.6857778711012843,98,99,46,3
4.5392555808895647,100,101,51,1
4.2050658048274716,98,99,49,0
0.2982281640923326,94,94,50,7
5.2015154685624099,98,99,51,2
6.0734742385838567,98,99,61,6
5.5045406287007133,100,101,54,4
5.0877505016349076,100,100,57,7
5.4736579075115976,98,99,54,3
3.1917886153862853,100,101,39,1
0.0531214514175570,94,95,48,1
0.0247052109921530,98,99,45,4
0.7010806960342497,100,100,59,3
1.4367916085686920,100,101,52,0
4.0835330873656934,102,102,46,5
5.2942609081483987,96,97,50,0
4.7937991356092091,98,98,48,5
3.8794426903285069,98,99,53,4
2.4682020552052166,98,99,43,0
0.6942459412686462,100,101,49,3
4.2155748190733826,98,98,56,7
1.0839330046383151,100,100,49,5
4.6006202684596724,98,99,46,5
6.1675786963061023,98,98,56,3
6.1657453008570640,96,97,58,2
4.6454009267866825,96,96,57,3
5.5540836087023973,98,99,60,5
5.2372199685007210,98,98,47,0
0.4486300664627082,96,96,53,3
5.1027742844827104,100,101,51,3
2.2444734383579736,96,96,50,0
5.1377578066086871,100,101,63,5
4.9099536776696029,100,101,61,7
3.3371460890896669,98,99,56,3
3.9412136610015889,98,99,43,0
4.3204821271747473,100,100,50,0
1.7389990148428704,96,97,52,0
4.2181113854081973,100,100,48,4
5.2262289224789509,100,101,61,1
0.1357634864422848,102,102,57,2
3.9783708768841648,100,101,46,0
3.8067182370571730,100,100,51,5
3.7106483608036958,98,99,41,4
2.4056402688540621,100,100,47,1
6.0278508065426539,98,99,55,6
3.2796002894848266,100,100,49,7
4.7374732798363199,100,101,56,0
4.0916944689581465,96,97,44,4
3.6752369139657288,96,96,47,1
1.2007775082802326,102,102,57,0
2.0808800307741442,98,98,50,5
2.5442908229477093,100,101,51,7
2.8571684443825887,100,100,51,3
5.0045695903009166,100,101,51,7
3.1407932947412420,100,101,61,3
3.7137824577455691,96,97,52,0
5.1449489256795982,98,99,49,0
4.7881033510267397,96,97,47,5
4.1797763913381543,102,103,55,2
2.3803337848231862,100,101,48,2
5.7152978199840341,100,100,53,7
2.4165949011671803,100,100,47,5
5.3518347734106788,96,96,54,0
5.5703882381055072,100,101,54,4
5.6253817594972970,96,97,45,3
2.2939745987136573,100,101,52,6
6.1850450574979412,100,101,51,5
1.6230335085843415,100,101,46,4
4.8575014360853119,98,99,57,6
5.1974736097657566,100,100,56,6
5.1325107262472045,100,101,50,2
2.5848273157970394,102,103,53,6
4.5804056034073648,100,101,57,1
0.9640285323558792,98,99,52,7
4.6473819764354776,100,101,45,7
0.2317447515376606,96,97,57,7
1.9476958075356432,98,99,52,5
4.9809097947442487,100,101,50,2
3.5709098464393580,100,100,52,4
2.2923399919973324,100,101,56,4
1.1060638944810610,96,97,58,4
3.5260093147197074,96,97,39,3
4.5652773609580350,98,98,43,2
2.8963578968780626,102,103,60,3
3.9910146370078885,100,100,49,1
0.6232160678161673,106,107,58,1
3.9349622605810635,100,101,52,6
0.0638750066476103,100,101,49,1
5.1421793800314841,100,101,49,5
0.7810611453843382,102,103,50,7
1.8239791094294044,94,95,55,6
2.9009029492492484,100,101,53,5
4.4332074123860110,100,101,60,2
2.3043691683393237,98,99,52,3
4.7034563787980810,98,98,59,2
5.7569840599187074,98,99,49,0
5.1910414272769581,98,99,58,3
5.9910829796504510,96,96,47,7
1.6317271412266967,100,101,40,6
4.3599945325741531,100,101,51,5
5.7557628283392717,96,97,52,6
0.4342986062933861,100,101,57,3
4.8815526673227287,96,96,47,3
2.6695615763619389,96,97,46,0
1.4156918301520691,98,99,44,7
2.9653282595486363,100,101,52,4
6.1452785623850810,100,101,56,0
0.2223042623826819,98,99,52,5
2.9190878096870034,98,99,52,1
0.9706143188614107,96,97,46,4
5.7532561787323031,98,99,54,7
4.1211769905780224,100,100,50,0
5.7583589267543802,100,100,51,5
0.5337842216987045,98,99,52,7
5.6015551659578176,100,101,49,5
5.9462999017939131,100,100,51,5
4.5266639737170795,96,97,46,6
1.8709847974573992,98,99,48,1
1.9971735829138546,98,99,46,1
4.0990914204365030,100,101,40,2
4.8983836473582141,98,98,52,1
1.3192688183330437,94,95,48,5
0.2459986079341371,100,100,45,1
2.7166704616292194,102,103,51,0
2.9835775506867086,100,101,58,2
3.6896921248044823,100,101,54,4
6.0942688531737055,100,100,44,0
4.4485252282483403,102,103,47,2
3.6449157953775355,100,101,56,0
2.5897830561136965,96,97,49,5
2.3451122379196367,100,101,43,5
3.8273933112018841,98,98,42,3
0.7632725798267139,98,99,46,7
1.7315174454411248,96,96,54,6
2.9112154793255014,100,100,55,3
0.2836616643849939,96,97,53,1
4.5013424642904249,100,101,59,5
2.1078175095568641,96,96,61,1
3.8929598152923064,100,101,52,6
0.4497473605084051,98,98,54,7
0.0828638034305742,100,101,58,0
5.2038673525541821,100,101,62,6
6.1750065792057116,96,97,45,5
3.2796008452849854,100,100,57,3
5.5550737525267335,100,101,53,3
3.7951883446078920,98,98,48,7
3.6250577046716255,94,95,44,1
0.7361641797571107,98,99,52,3
0.4019402562970361,100,101,44,4
2.2365742669190998,100,100,59,3
3.9630650031337007,100,101,48,0
0.6832962249878528,102,102,57,6
6.2457586524537954,100,101,56,6
4.4511149711798721,104,104,53,3
0.5115133315986220,100,100,42,4
5.1190424145450297,92,93,47,3
2.5836608090171067,102,103,46,7
2.5766305138023031,100,101,56,0
5.2144734123422225,100,101,45,3
2.8374569300281993,98,98,49,0
1.5850330552174186,100,101,51,3
3.1873371358547486,100,101,52,4
0.3773371991463009,100,100,47,3
1.8020087069238022,100,100,51,1
5.6100285306853088,100,100,47,7
0.6792399475629416,102,103,46,1
5.3936940483081788,98,98,54,5
0.7393993850865708,100,101,55,7
4.8657427640750752,100,101,56,0
3.6984485179269644,100,101,57,1
2.1383332428809161,100,100,59,1
0.9405008803400559,100,101,46,0
3.1281669732320463,98,99,53,6
4.7907876471819755,100,101,43,1
2.1603631437506676,98,98,52,3
5.9367095380409376,98,99,53,0
6.2415712346736196,96,97,45,7
3.7836030909761624,96,97,60,4
0.4289231885239785,98,99,51,2
4.9967227243324990,100,100,60,0
1.5873571063336267,98,98,57,2
4.3058264346630217,100,101,55,5
3.5546520023904011,96,96,46,4
4.6521868811758322,98,98,47,4
0.4338110394918123,98,99,52,7
5.4630066180541146,96,96,46,4
4.9199711463893765,98,99,54,1
2.4101786132215977,100,100,56,6
5.3929835542502103,96,97,39,5
4.6554701262783178,100,100,63,5
4.2425814235243564,100,100,47,1
1.9667724691026192,98,98,47,4
5.7094511071975695,98,99,48,3
5.3160235205166391,96,96,48,6
0.7416996224902849,98,98,49,2
6.1088378355727775,100,101,52,6
0.5473689072478832,98,98,47,0
5.7493124566942679,94,95,52,1
4.9530214455630448,100,100,51,3
4.4273423106547360,98,98,48,1
5.2918474762051533,100,100,47,5
3.8396748563446206,96,97,52,4
1.7208016675981013,98,99,43,4
2.1859105364895530,100,101,45,5
2.6825432236080617,98,98,53,0
4.9098251999141294,98,98,47,0
4.8530116130694463,98,99,53,0
2.9587241850078310,100,101,45,7
6.1815788413402020,100,100,60,2
1.9822654801759996,98,99,52,1
2.0680261267212288,98,99,50,5
0.4326100803624995,96,96,44,4
0.7781993932686507,98,99,44,3
1.0898840347655092,102,103,51,6
4.1704370047287469,98,99,52,5
4.5857903377440872,102,103,49,6
0.0145951811324907,96,96,50,2
2.2949758712826616,100,101,49,5
2.0534735439919189,98,99,49,4
5.0571091111108091,96,96,51,7
5.5510584384569235,98,99,56,5
3.6625242039599999,96,96,44,6
4.7838567988853127,100,101,63,7
0.0461671562494896,100,101,49,5
5.2456370994986337,96,97,48,0
1.2965174269585455,100,101,53,1
6.1976688335901722,104,105,66,2
6.1524238164369622,98,99,52,7
5.9585180107986444,102,103,50,7
1.5584978305289607,98,99,53,2
0.3394476297912986,100,100,63,3
6.2788871939800464,100,101,58,6
3.9854401659718963,100,101,51,1
1.7831769613689183,100,100,50,4
5.5129014768764870,100,101,52,6
4.0743436819065293,100,101,51,7
3.8707825183522755,92,92,50,2
5.2911441199429463,100,101,43,3
0.8588444873538359,100,101,62,0
1.7675381319305108,98,99,45,4
2.1065338128799262,102,103,52,7
2.1263108988218447,98,98,53,0
2.7851871716759402,100,101,57,3
0.2487700910300039,98,99,54,1
4.9235443607886049,100,101,54,0
2.1559712688932673,98,98,47,6
3.4831165810611679,96,97,58,0
5.0136380256686213,94,95,51,0
0.2482407035345400,98,99,50,7
5.2381820116228113,102,103,54,1
0.2619211423008789,98,98,47,6
2.7291774518427361,98,98,49,2
1.8004483673807128,94,95,43,4
3.9535350690310493,102,103,50,3
1.7248867019771359,100,101,51,5
5.9281004785186910,98,98,53,2
5.5247878386488356,102,102,48,1
4.1983690337613586,98,99,49,4
1.8222714423253781,98,99,57,2
1.8547624684396991,100,101,53,1
3.3988441385263166,94,95,46,1
6.0550362652335696,98,99,49,6
6.0385510668160611,98,99,52,3
4.6502155757087911,100,100,54,0
5.1510866512646549,100,101,59,7
0.6733282649619599,100,101,50,4
1.8536804707897934,100,101,38,0
6.1694566667367736,100,100,51,3
2.7438317566782251,100,101,53,1
6.0275841233955774,96,97,48,2
5.5296610611570038,96,96,49,1
5.9481830371335489,102,102,51,6
4.3909337199455027,98,99,62,5
3.3651586738659858,98,98,54,5
1.0484288526285899,98,99,52,7
5.1018257992897746,100,100,44,4
0.6216575468702549,100,100,53,5
2.0960414511657821,104,105,61,7
3.6994924766255188,100,100,48,0
1.4283896355645411,100,101,61,3
0.1403770984601240,98,99,59,2
4.9627498028947059,102,102,47,2
3.9543492218768730,100,101,50,6
5.6327629213079184,100,101,44,2
5.6802508737955391,100,100,53,5
4.5270646339861971,96,97,52,0
2.3183381960032166,98,99,50,3
4.5662030219734779,100,101,49,7
2.2476686670031345,98,99,39,0
5.1689322085262805,100,101,52,6
5.7252375357154746,98,98,44,5
3.3379134223895615,100,101,54,6
6.0210818556822048,100,101,52,6
5.9199948145925116,98,99,54,5
2.8000897702882330,100,100,56,2
3.2715399016427527,96,97,51,7
0.2333150158183216,98,99,51,6
2.0329787329252667,98,99,46,1
3.2386191758631568,102,103,49,4
5.3042400676904817,98,98,50,7
1.7818356040206038,96,97,52,2
3.3525679148848568,100,100,57,1
0.1460910842573236,102,102,46,1
2.4227833713101892,100,101,56,2
4.5764025741785668,100,100,49,3
5.3216838100278343,100,100,47,3
0.7095801761012747,100,100,57,7
1.7697632088770205,100,101,52,6
0.2630600289380782,102,103,53,2
0.6141390523197030,98,99,50,7
0.5849270084973678,100,101,45,3
1.8076055917165283,96,97,45,1
4.2777450460470527,100,101,50,0
5.1654944656386776,100,101,47,5
2.5406684419113073,92,93,50,2
6.1232708594386978,100,100,50,4
3.4404194867627118,92,92,51,3
3.9150233063364661,100,100,53,7
3.6066647501307680,100,100,42,4
0.1292850251116896,98,99,51,0
2.9729365662190390,98,99,50,5
3.0889774367804663,102,103,57,4
5.2469183023112809,100,101,53,5
4.2965481445533715,100,101,57,3
1.3863436937831317,100,101,46,2
0.2357872289586956,100,101,48,0
2.7935326662242619,98,99,47,0
4.7209596222656955,98,99,53,6
4.9996019967563692,94,94,55,0
4.2317093074275922,98,99,44,1
1.6194108969510743,98,99,53,4
0.5278156813682479,100,101,48,4
1.0620403571776478,98,98,55,0
6.0134076683714763,100,101,46,6
1.2729599670128489,100,101,56,2
5.3075508099370099,98,99,50,1
2.7462761008167700,100,101,53,5
5.1959049988125052,98,99,46,7
1.3280850674358864,94,94,49,6
0.3655152272651783,100,100,62,2
3.8955900504371299,100,101,49,1
4.5160068268709503,100,101,49,3
5.5054834714138865,100,100,47,1
5.6208336867325119,90,91,47,0
2.2342713194408894,100,100,41,1
4.9273191682674566,98,99,55,2
2.6718406402519137,96,96,44,2
2.6964179373878796,100,100,53,7
5.0523508154602021,100,101,57,5
1.6029459691262538,96,96,50,2
1.5234505206728350,98,98,46,5
1.0047718333169859,92,93,57,1
1.9694931039908279,98,98,54,1
2.0587372532354236,100,101,52,2
5.3034512751634013,100,100,56,6
1.3879716061429908,100,101,54,2
1.2340601466220102,100,101,51,1
1.5080141150655255,104,105,53,1
0.1738847709131201,100,101,55,5
5.8794877529582887,98,99,48,5
2.4035629688808480,98,98,45,2
3.8286494127634878,94,95,43,4
1.1416244673003604,102,103,59,2
5.6501728074075173,100,100,52,0
4.3078660015623225,100,100,52,6
2.3979145533405268,98,98,42,5
4.8153012170395622,100,101,58,2
3.4502297871527547,98,99,46,5
5.7271190305289723,96,97,50,2
1.0928430372780797,98,98,45,0
5.9585543395208544,100,100,50,6
3.3784939887582195,96,97,54,6
5.1187830927963303,100,101,50,2
2.6926537159743735,98,98,58,1
3.3249720848684636,100,101,46,4
5.6089003939948254,100,101,45,7
3.7823920226461283,96,96,45,7
0.2302681665268034,96,96,49,5
1.4015859548575229,100,100,48,4
2.1141984905215527,98,99,37,4
2.5550781367392448,98,99,39,2
5.9849369389723073,98,99,60,7
3.5113821727686463,100,101,51,5
2.3243414196571068,100,101,59,5
1.1110395860242541,100,101,53,1
1.6426956865921496,100,100,51,7
3.5552336420549970,96,96,59,5
1.5001988017070365,98,99,50,7
4.0277199699958963,106,107,57,0
1.5281932483760021,96,96,57,7
4.4237367287988034,100,101,53,1
0.4715566896358571,92,93,50,6
4.6613665043435146,96,96,47,3
1.2549594662852428,98,98,55,6
1.6572505730836133,100,100,55,3
0.9002058059420031,102,103,50,1
5.7879310464004901,100,100,50,6
3.1902711484641908,98,99,53,2
2.2835943788445450,98,99,40,3
2.4677513772857496,100,100,59,5
0.2353004793895877,98,99,55,0
0.1589195020124207,102,103,55,2
0.1142539340270292,100,100,50,4
0.0311329035380741,98,98,58,1
0.1744126589296118,100,100,48,0
3.8888478494426177,98,99,52,5
0.1891113283119379,100,101,37,7
4.4536672552926895,96,97,53,7
3.1337448060988953,98,98,55,0
3.3950347493787754,98,99,60,1
0.2640453493682658,100,100,55,7
5.7061671685950834,98,99,53,2
6.0884400717993836,100,101,57,3
3.9650936813073638,100,100,44,2
2.3592795531757083,98,99,47,6
2.4855982424693970,100,100,49,5
0.6188570498926891,98,98,55,6
6.0887871858352636,98,99,47,4
5.6162988803465579,96,96,62,2
2.8396027915516653,100,101,53,1
1.2368730259743939,98,98,57,2
3.1126765684301581,98,98,49,2
4.2445977824082952,98,99,52,3
3.9736230500141758,98,99,41,0
5.1641629409996970,98,99,56,7
0.6337951657715526,100,100,54,4
1.4215063311600915,98,99,47,2
6.2566667244062240,100,101,56,2
3.7085647243610902,98,99,52,5
5.0287574520694411,100,100,53,5
3.1461522317345265,100,101,57,1
3.2277355350699497,98,99,59,4
2.4176099797483750,96,97,50,0
5.0410756174883433,98,99,60,7
0.5776761232112733,98,99,51,4
0.8450805117983426,100,101,54,4
3.1019050469607867,96,96,47,3
4.2368675907410474,98,99,53,2
2.2339619600689313,100,101,56,6
2.1625499769167917,100,100,45,7
1.6768846734156750,100,100,57,3
2.8385197808210756,98,98,52,3
5.1568353750562368,92,93,48,2
4.1782487543169120,100,101,52,4
2.0184969943216973,98,99,48,5
5.8346757207009192,102,103,54,1
0.7543916831095980,98,99,45,6
4.0215677476357667,100,101,49,3
1.1011403981240684,100,101,51,7
1.0723870328102720,100,100,63,5
4.1992845262274967,94,95,59,0
2.5490323530377368,100,101,47,7
1.8908352113157580,98,98,55,0
2.0560441767223891,98,98,50,7
2.3752954832041415,98,98,49,2
0.2904285907688618,100,100,54,2
1.3649299987078913,100,101,61,1
0.6368965977951450,100,101,53,7
4.8379554028536829,100,101,52,0
0.8928402579170437,96,96,45,1
5.2892693096711616,98,98,56,3
0.2304212924482865,102,103,54,3
3.9440537350046503,100,101,49,5
2.3200920947607120,94,95,45,6
5.6814702288886840,100,101,61,1
2.8428153691624662,100,101,48,4
3.5170772286075582,98,99,57,2
4.1825378164408207,98,98,57,6
0.6642059807972844,100,101,57,7
0.3829892817795841,98,99,47,4
1.5101561103208785,96,97,64,4
2.9178303737432327,96,96,57,7
0.0174278036947206,96,97,53,1
1.5916624625511742,96,96,48,0
5.5900112280096668,102,103,58,7
5.0421998740822458,98,98,49,0
5.9196133774559705,102,103,57,6
2.3902688881835146,100,100,56,0
0.7675641558693963,98,99,51,6
2.5230412468193628,98,99,49,2
3.1219331729435615,94,95,52,7
2.8311661515355451,100,101,61,5
0.8779220254098079,100,100,43,7
3.4328887230629164,102,103,59,2
5.0489559138724482,100,100,48,6
3.1496997282920116,100,101,44,0
3.5283125644970119,98,99,54,1
0.9985144126146267,100,100,51,5
0.0040549415510413,98,99,50,1
1.9061638779674761,100,101,48,2
0.8250307854457753,102,103,45,0
0.6221143960246397,98,99,58,5
5.7055764005571268,98,99,48,7
0.5475872307460153,96,97,47,5
1.2627335253913277,100,101,59,5
4.4833174488515288,98,99,46,1
0.0000289048585821,98,99,54,7
0.5774917541445276,98,98,39,0
5.2028337128398512,100,100,52,2
6.1587746193913651,100,101,48,6
3.5517921437239712,100,101,51,1
2.5898135436669469,100,101,49,3
5.8183727977377968,96,97,53,3
2.1317496569508978,98,99,52,1
5.7966354761492145,100,101,45,5
5.1344982541359538,98,99,48,1
2.7338464895255989,98,98,53,0
5.3526100643404977,98,99,53,2
2.1616374990588976,100,101,54,6
0.4256249310986276,96,97,55,1
3.2657525671799177,100,101,52,6
2.9000266301272766,98,99,44,1
4.0137413327508771,96,97,61,5
2.8392403072842263,98,99,50,7
4.8878416331138217,98,99,52,7
4.5818196924014467,96,96,51,1
5.6914636574879971,96,97,45,1
0.2552721589362585,98,99,54,3
4.4055235567896469,98,99,49,2
2.0935917659039696,102,103,56,7
1.0874447015158084,98,99,58,1
5.8088876468457205,98,99,55,4
3.8657694713124133,100,101,58,4
1.1961394069430062,98,99,55,0
0.9466584455914723,98,98,53,4
4.5836785424154050,98,99,51,2
3.0933660921993433,98,98,56,7
1.8949519132906774,100,101,55,7
1.0320625168453046,100,101,46,0
2.8618030058383650,98,98,48,3
3.6113321722965961,100,101,55,3
5.5702513642835552,100,101,50,0
4.5095212294621039,98,98,48,3
3.3051680148741576,98,98,44,1
5.8155090913470593,102,103,59,4
1.7122832328597881,100,101,51,1
4.0311335854558417,100,100,47,5
1.5227460036258815,98,99,53,2
4.5858381911704127,100,100,54,0
6.2702857199531650,98,99,47,0
0.5683934259161966,98,99,50,7
5.3160035706638569,102,103,55,6
4.4838536687323911,100,101,55,7
2.1854414867161780,100,100,49,5
5.1250752374074722,98,99,51,6
1.0290712894722689,100,100,48,2
5.5898641589710687,100,100,45,1
5.1491031923730777,100,100,42,4
1.3636316868106471,100,100,45,3
3.2819564049260714,102,103,52,3
2.4383583298659932,96,97,47,3
5.9254421452459427,96,97,56,6
3.1768343837611512,98,98,49,4
0.5708477336774878,100,101,49,7
5.9758853412278139,100,101,58,6
4.9037432153805565,102,103,55,0
2.3016837521519999,100,101,48,4
2.3020373015453433,96,96,48,0
5.4996656924955998,98,98,48,3
6.1713990355833879,100,101,51,5
1.3505332005105537,100,101,47,3
0.1648601010304389,98,98,56,3
2.0041973526230539,98,99,50,3
1.5477402937339975,98,99,46,3
0.9287395963783891,98,99,51,6
5.7703595114312733,94,94,55,6
3.7727600443069123,94,95,55,4
4.1760122069807597,98,99,44,3
2.3326903130065597,96,97,45,1
3.1678594720241935,96,97,46,6
1.0531002806361236,100,101,52,0
5.8205915006856586,100,101,59,7
5.3108704638625461,100,100,54,6
5.2271502140635917,98,99,47,2
4.1611466597729612,100,101,47,3
2.0707355487764767,98,99,54,3
0.9283366491974270,98,99,59,2
4.7308654446297584,98,99,53,6
3.6209212125139292,102,103,56,7
3.5569152952910823,98,99,51,2
0.8476713037009068,98,99,55,0
0.0798952684532325,98,99,52,3
4.4873872200101097,98,99,50,5
3.3597195268459350,100,100,51,5
1.9409919629046526,96,97,62,0
5.7080036133892822,100,101,50,2
1.4922989786163827,100,100,57,3
1.0740714861782088,100,101,47,5
1.8829096812919950,96,96,45,5
3.5901592644224571,100,101,53,7
4.7471545157314168,100,101,55,7
1.0273848801933327,98,99,52,1
5.8110700549446577,98,98,42,1
5.5260915012649265,102,103,57,2
2.9257022657621006,96,97,51,7
2.2108753940886885,100,101,49,7
0.1686693536020722,100,100,58,6
3.7309507863238731,100,101,59,3
3.7729969122032210,96,97,52,4
3.3969220910458526,98,99,66,7
3.7544688468200875,98,99,47,0
2.6148995362913285,98,98,48,3
2.8898460623923059,98,99,42,5
4.0913143176508857,96,96,53,7
4.5617991992420075,98,99,53,6
5.3982391331001240,92,93,49,5
2.4655222439076825,98,99,47,4
2.4533145321794132,98,99,50,3
2.8382029102950903,98,99,45,6
4.2267722840109574,98,98,40,3
0.0926154349520805,100,101,63,3
1.3508982141155259,100,100,50,0
1.1894002433222324,100,100,45,3
4.8824074092305292,100,101,49,7
3.4769990641900752,98,99,52,7
4.2051990921439399,100,101,59,3
2.3874510144600136,98,99,44,1
2.4414317166290505,100,101,45,1
5.4547514087138893,96,96,37,7
6.0025687957243195,100,101,54,2
2.5659192873114289,100,100,60,6
5.5330985738767291,100,100,55,5
4.3251137405059525,96,97,54,4
3.1599924007081630,100,100,43,7
0.0325098376532431,94,94,42,5
1.9960064071227797,100,101,45,5
0.3415545329080446,100,101,53,3
4.4422898317242590,98,99,54,3
5.1068268777280377,98,99,47,2
1.8758605544026326,102,103,49,2
5.8030597564048110,96,97,48,4
2.0870002349412529,96,97,48,6
5.4282853484058844,104,104,54,4
4.6600740016002113,96,97,52,6
5.1466837951465010,100,101,52,4
4.0379095277783899,98,99,51,4
1.8994039042861743,98,98,46,3
4.5105364183432144,100,101,53,1
1.8950111635661482,100,101,50,4
3.8079078442589558,98,99,46,5
2.3046409411404318,100,101,58,4
1.3221493292424631,100,101,61,3
5.8901060119530104,98,99,42,7
0.8644034513242019,100,101,50,2
0.3506259164940942,98,98,47,4
4.6464739604461727,100,101,58,6
0.8729228674771520,96,97,58,2
1.2984785835563060,96,97,46,0
0.4424887213373527,100,100,51,5
5.1538995292366714,100,100,53,7
2.9937866323050666,98,99,54,7
5.3085053933305604,100,101,52,4
0.2606736984985951,98,99,51,4
1.4309037080348455,96,97,51,3
1.9597863230834742,100,100,60,4
5.4878375961164485,100,101,50,0
2.6400214214849780,94,94,42,1
5.8818223151472120,100,100,39,3
6.0356335557920859,98,98,48,3
4.3980806443485863,102,102,59,2
2.8264390105051174,98,99,47,6
3.1167790337851922,100,101,58,0
1.6433688439391987,98,98,49,4
0.5685248648387181,98,98,45,6
6.1418004102992576,100,101,51,7
4.5892172369089597,100,100,52,0
3.5419062057196227,100,100,57,5
3.1584116156789923,100,101,53,1
2.8927818015147140,100,101,55,3
2.7613188523970273,98,99,58,5
3.5005072000295212,96,97,51,7
5.0290432714532045,102,102,54,7
4.2521850330714113,100,101,48,2
4.7762503409479304,98,98,48,7
5.7711325339488706,100,100,57,3
4.6911526101282064,100,100,45,5
1.1781172673582967,96,96,41,1
3.1105033142241960,98,99,55,4
4.5305803227586159,98,98,50,3
3.7556574068311188,98,98,50,5
2.3065129789214742,100,100,51,5
3.5850106482466972,100,100,43,3
4.3983880025464339,100,100,51,1
4.5485871705017535,100,101,49,3
4.4430936460094825,100,101,54,6
2.4314946521139436,102,102,48,1
6.1478624989047512,98,99,40,5
5.8683738603431745,98,99,51,2
0.3173751913835217,98,99,53,2
5.0146985413232272,100,100,62,4
6.2638745414213099,98,98,49,0
5.2624481171827666,96,96,48,0
2.1788687696164297,98,99,56,3
1.9337768067459780,96,97,41,5
0.7773811766085441,98,99,59,0
3.3181566044082031,100,101,57,1
2.7826221246967773,98,99,51,4
5.4379582813060621,100,100,50,4
3.6562629466202861,100,101,48,6
5.8451039454205951,98,98,53,6
6.1797323010473013,96,97,53,3
4.8067781139089840,102,103,51,6
3.9870333957458017,98,99,49,6
1.4085934764348107,100,101,45,5
0.8217224600266658,96,96,53,5
5.8112592223598813,100,100,51,7
3.8974227871329656,98,98,52,1
1.5880357501026861,98,98,49,0
0.4609888221839419,96,97,53,1
6.1380311896768660,100,101,60,0
3.2026772390813174,98,99,54,7
4.4250598046197762,96,96,54,6
5.0341397731539308,100,101,50,2
2.0948464394488640,96,97,41,7
1.1333204941628829,98,99,63,0
2.0988671905565983,98,98,48,5
2.4234093289753575,100,100,47,3
4.3450128186203569,106,106,56,1
5.9259202518898064,100,101,54,6
3.2505089921850354,96,97,48,6
0.2922200603144848,98,99,63,6
5.7461228289073913,100,101,58,6
1.7339474141247946,100,101,53,1
1.8834547161980528,98,98,52,5
4.0087125631244573,96,97,49,3
5.6634854223962892,98,99,49,2
1.1464755564137319,100,101,62,4
5.5544568789026778,100,100,58,0
2.9273825521744237,100,101,53,7
0.1219866527707467,100,100,55,1
4.9303664745276032,98,98,47,0
1.9564946696941390,98,98,52,5
4.0192117617702712,100,101,57,3
5.5539857896391398,100,100,54,2
1.1438092366695363,98,99,50,5
0.6150350261855982,94,95,58,5
3.9738603176741560,100,101,55,7
2.8081387797768644,98,99,55,6
5.3649431440460367,98,99,52,7
3.2952974574926652,98,98,53,6
4.5975405464204266,98,98,50,7
5.5028564579450236,100,100,54,6
2.4397260049333074,98,99,54,5
2.1758695339400220,102,103,51,2
5.3759644185779418,98,99,36,7
1.5754460830196026,96,97,49,1
2.5477532799970288,100,100,58,2
2.8018908709256323,96,97,52,2
2.7283429009823887,98,98,51,0
0.1591123164188903,100,101,47,5
3.9544125570757238,100,100,46,2
2.5597355867253162,100,101,48,2
3.4254238892177491,98,99,54,1
3.4531624643223791,100,101,60,0
2.3504298174349678,96,97,44,6
1.7606473880315263,100,100,54,6
5.6348088241345247,96,97,54,6
0.6654808861583414,100,101,54,0
4.1477882351344846,98,99,54,5
2.1740712486240250,98,99,50,7
4.0600786775943343,96,96,53,5
0.4504270026269432,92,92,49,5
1.9465834106057562,96,97,51,5
1.2144140942245845,100,101,46,0
1.1652867609061928,96,96,53,7
5.6727479846994564,98,99,53,2
4.3313165656154693,100,101,55,5
5.3150938864935657,100,101,49,7
3.8240816917958393,98,99,40,3
4.2937054288555894,100,100,50,0
5.5351916599117699,98,98,45,2
4.6840268924197224,100,100,59,5
5.3927597915619261,98,98,44,1
1.2053914146236513,88,89,49,1
2.6090201050143871,100,101,49,3
2.5897363845729009,96,96,39,7
3.5543591102715872,100,101,51,7
4.7466126161864937,100,101,49,7
2.0901366025774855,100,101,54,2
4.4785551929919585,100,101,56,2
1.4409307211816420,100,100,48,6
5.6908556497704090,98,98,59,0
1.6548317102363685,100,101,48,6
3.3008360242711206,96,97,51,7
3.1520850740196926,100,100,49,1
3.9422430969714415,98,99,61,2
5.4599764845820014,96,97,52,6
3.7409590168716900,98,99,59,0
5.7362149097223512,96,97,47,3
6.0776010748077667,98,98,42,1
3.1004283524163054,98,99,55,4
0.5269394291313864,100,101,52,6
2.3069542523916513,96,97,46,0
2.8963868846969580,100,100,58,6
3.4239132973527524,98,99,59,4
2.3967479976468975,98,98,54,5
4.2311320121486489,98,98,50,5
2.6889984157196554,100,101,52,6
1.1421892900870656,100,100,55,1
1.6137148813690554,98,99,51,4
3.4592930725082209,102,103,59,2
4.2996263919682063,96,97,39,5
2.1458819036448493,92,92,48,4
1.5229436616510932,98,98,51,6
6.2681133665650197,100,101,58,2
2.8805970693869107,98,98,50,3
3.5727979885566898,100,101,50,0
0.3988189010322696,100,101,60,6
0.3951908367786215,100,100,51,7
0.2477338704816603,98,99,51,2
4.9190917115736461,100,100,49,7
5.3011387650640707,98,99,61,6
0.6296470780974994,100,100,48,4
2.7878721417086756,100,100,56,2
2.5354538477582285,98,98,47,6
6.1553017382290331,98,99,50,1
3.2842744509849426,100,100,49,7
3.6422225649041029,100,101,45,3
1.0696852920872151,94,95,47,4
0.9503962661552358,94,95,48,1
0.9722858530050779,100,101,44,0
5.0045972778241010,96,96,49,5
1.5087780178403580,100,101,56,4
4.5203541391902320,98,99,53,4
4.1050356767416654,100,100,44,2
0.5403418761530853,102,103,45,4
2.0307907337488573,100,101,40,4
1.2311477638643837,100,101,50,2
5.9536747269821948,100,101,49,3
1.6591483049497595,98,99,56,5
3.2290515840943499,98,98,44,3
3.8020464283652591,102,103,52,7
2.4418124462225630,100,100,62,0
0.7526015501010145,100,101,58,2
4.2118007712388827,98,99,51,2
2.7781323119148564,100,100,52,0
4.8188869100779739,102,103,53,0
1.3212408530223263,98,99,52,5
1.0083846204903191,100,101,50,0
2.2670874921354067,100,101,51,3
0.0015563319054675,98,99,56,1
4.1272026355166584,100,101,53,1
1.7554557520020584,100,100,50,6
3.0896500362178450,98,99,57,0
0.2203080995829815,96,97,50,4
3.9618471477166932,100,100,54,0
3.5555268393838833,96,96,47,3
1.9101611131201937,96,96,51,7
3.2147718472593190,104,105,52,4
1.6970972037324907,98,98,54,5
2.7113399002262453,100,101,57,3
4.9789772216726798,96,97,50,4
3.7168517401562275,96,97,47,7
2.2695849511708390,100,101,51,7
0.4334312291783771,100,100,56,0
5.8246882267068161,100,101,56,4
6.1938098667179382,100,101,43,1
1.0285676461218611,100,101,51,3
2.9524906892439384,100,100,55,7
5.9890846026696742,96,96,58,4
0.3986356008940983,100,101,60,6
2.3276193773523186,102,103,60,3
0.1114462049741399,98,99,48,7
3.9606725418259643,98,99,54,7
5.1292742021434359,100,101,48,6
5.7051271889492305,98,99,47,6
5.4768956920702578,100,100,49,3
0.4285144985328393,96,97,53,5
1.3017294235618282,100,101,39,7
4.3352038191202471,100,101,60,0
1.0636284682960671,98,98,52,5
1.7642894674931069,98,98,68,5
3.4901158605293361,100,101,35,3
6.0332870093054982,96,97,48,6
4.6942791236630050,100,101,52,6
6.2765138670426648,100,100,48,6
4.0227758992673470,98,98,52,7
3.5418798863216274,98,99,55,2
4.7267278030368747,98,99,57,2
1.9123692664894401,96,97,59,3
2.3135770901647201,100,101,56,6
0.2134664830998154,102,103,46,5
5.5562620169682049,100,100,57,5
2.2334714944491187,98,99,47,6
5.6585694698806508,98,99,60,1
5.4161213709132046,94,95,52,3
4.5934661223724733,98,98,52,5
5.8179685646525057,98,99,40,7
2.0872863321956308,98,99,56,7
4.1786361805175325,100,100,52,0
0.3620613694110119,100,100,62,0
1.2624885476419940,98,98,53,6
5.0358457136931749,100,101,58,6
1.5286116501237503,100,101,48,6
4.4547860869631943,96,96,56,4
3.0691365237394961,98,98,54,5
0.5065393841657428,98,99,52,3
0.0045647684300209,98,98,60,3
4.8411496334270891,100,101,54,2
5.6223124921799084,100,100,54,6
2.7257398241965851,96,96,56,4
2.3696398930730855,100,100,53,7
0.0824369617166325,98,98,49,0
0.9787122286755683,98,98,57,6
5.6290651275420105,100,100,53,1
0.7177922929867948,96,97,53,3
3.3997938742489158,98,98,43,4
4.7875699430585357,100,101,54,4
5.3698666171377054,100,100,50,2
5.8501884001813158,98,99,48,7
1.9492130221688606,98,99,52,5
1.5945822758480273,98,98,55,2
1.8513803653510466,98,99,62,3
4.2493443744901134,102,102,52,3
5.8137743900287839,100,100,59,1
6.1584746510018631,102,102,56,3
5.8904170083950866,98,98,60,1
1.2506736330252819,98,99,57,4
2.5622992502093336,100,100,44,6
2.3295937139796106,96,97,45,7
1.4445365662913920,100,101,60,4
5.4458576742693632,98,99,51,2
1.8274150427755089,92,92,53,1
2.6834262932703563,100,101,49,5
3.2600080796709099,98,99,48,3
6.0232276852407507,100,100,54,0
4.9033926062319138,98,98,52,3
3.0104412555322440,100,100,49,3
3.1277502021713617,100,101,53,5
3.1963037898649227,98,99,46,3
2.2613706121548325,100,101,46,2
3.7341740964041152,96,97,53,7
2.4131127046249530,100,100,57,5
0.7627998956957858,100,100,47,7
0.3173887971650178,100,101,48,2
2.9329460374961873,98,99,51,2
1.4311110046746767,98,98,56,3
5.2530275416312877,98,99,54,1
1.6136522618427989,100,101,52,2
0.2751028136235461,100,101,46,4
3.9918568122373852,100,100,53,1
4.9171138832446060,94,95,45,6
0.4231563917353437,100,101,47,1
5.1910646062742547,98,98,48,3
5.4242993844336675,100,101,50,0
5.0055843446233901,102,103,49,6
4.1583582102636738,96,97,48,2
5.3831461569976451,100,101,54,4
4.3725147181054407,94,95,52,5
2.5829441587661837,100,101,60,6
0.2819828053633618,100,100,52,2
0.7626709436410578,100,101,47,3
3.0622922695143817,102,102,46,7
1.3999938363266757,100,101,54,4
1.7095680222661134,98,98,51,0
0.5149323994505495,100,101,49,5
4.6871974601736381,104,104,52,4
2.9698147055013662,100,101,51,3
3.2099296934460098,98,99,56,5
6.2607307252058231,104,105,59,3
2.2199736304186395,102,102,55,6
1.0955999118609323,100,101,59,3
3.1065681658347177,98,99,49,4
1.1830477066567766,100,100,56,2
2.5140000658135908,100,101,63,5
3.8846530963694943,98,99,55,4
6.0059695742186845,98,99,51,6
3.0216151996632319,102,102,49,0
0.7494854775455797,96,97,55,3
1.5030003484644918,100,101,52,6
0.9733886466768332,98,98,51,4
3.0791907333101687,98,98,56,5
1.5161624759044898,100,101,51,3
5.6640648359919057,100,101,45,1
4.6335162736615754,96,97,54,4
2.8335208334184889,100,101,57,7
1.7290819069752816,102,103,60,3
0.0568403627828262,100,101,47,3
2.9470055931296177,100,101,50,0
4.0028327070727929,98,99,49,0
6.1265241189941779,100,101,54,6
2.7153477740733432,92,93,56,6
5.1838048321605728,102,103,48,7
1.9878984694731610,100,101,56,2
6.0798961241122846,100,101,49,3
2.3152583970607141,100,101,52,2
5.6140080692122254,98,98,49,0
5.4206584383684548,98,99,52,3
1.5453452422004890,98,99,56,1
0.8046980893024225,102,103,60,7
5.7733376360757074,98,98,55,6
4.6637948304185093,98,98,44,1
0.6139787914408319,100,101,48,0
5.1625902570634699,98,99,52,3
4.7025045494677880,94,94,55,2
2.5230909161925008,98,99,49,4
5.5896621593640345,100,100,56,4
5.3854350001899309,100,101,60,6
3.6351870487229254,98,99,52,1
4.0117929055095409,100,101,55,1
2.4057649614185679,100,101,50,4
5.6778779484774509,100,101,36,0
0.8015564427784858,100,101,57,1
5.4429957017578765,98,99,59,2
0.5721289381966792,98,99,58,7
2.3276269609570699,100,101,54,4
0.1394734434493598,102,103,45,2
4.1372589631308321,98,98,57,4
4.4277742486422511,102,102,57,6
3.0678713466986536,100,101,46,6
5.0647575250556134,98,99,53,2
5.0994773918891250,98,99,51,0
3.4881549200577777,100,100,56,2
3.7576663211699350,98,99,54,7
0.1271059372299211,102,103,50,3
0.8340303657515558,100,101,52,4
2.4126557826560759,100,101,50,6
1.0740791549255322,106,106,51,0
2.3227555989556974,96,96,50,2
6.1948135815174608,98,98,55,2
6.0559318055334712,100,101,55,3
0.8741785108768922,100,100,51,1
1.0980985017046487,96,96,52,0
0.4968426118707707,98,99,45,6
5.1031238666600780,100,101,37,1
0.9910521692856050,98,98,53,2
4.7418276910765682,100,100,58,0
3.4913025471937682,100,100,55,1
5.7122450664979256,96,96,47,1
4.0777668627698276,94,95,49,0
3.1373981028656508,102,102,53,6
2.1166415321566872,100,100,50,2
4.0042907645846508,98,99,42,5
5.8835332118010246,98,99,51,2
5.5929178098908849,100,100,49,7
3.9974349653785599,96,97,46,6
4.8002681553676965,94,95,43,6
0.1091065327562778,100,101,43,5
3.4696831673773501,98,99,50,3
5.6571484100308691,100,101,61,5
3.7939243867074706,98,99,53,6
5.7621137062539249,100,101,53,5
5.1614038798303827,100,100,55,1
3.9377524113616773,98,99,53,2
5.4360542631177484,96,96,53,5
3.2934854880393636,98,99,47,0
3.3415718139369250,98,99,51,0
4.4862317260654745,100,101,44,6
0.4385809100817615,100,101,46,4
4.5038600791375316,102,102,58,1
3.1030111098033450,98,99,57,6
0.0841941070223052,100,101,52,4
5.4371541595470525,100,100,56,0
5.1574199554050084,100,101,59,5
3.7610277305211675,102,102,47,4
3.0631402419533389,100,101,54,4
4.8404122673227690,100,101,46,2
2.3419142627089058,98,98,54,5
4.3263416877270773,100,101,56,2
4.3647355001491928,100,100,51,7
0.3054425691395873,98,99,50,1
2.3485651488469603,94,95,40,3
1.1621034532025478,102,103,54,5
0.9461569650683627,96,97,48,0
0.5351218014391106,100,101,55,1
4.3878460015010639,100,101,54,4
0.5906630938169573,100,101,53,5
2.7341727267012579,98,99,46,5
3.1671824713156682,96,97,46,2
1.0582993083241576,98,99,49,6
4.5480018059330405,98,99,52,5
1.7780923693727366,102,103,60,1
1.7085257479435660,96,96,53,1
0.6936589456965037,100,101,46,2
6.2700027456089975,100,101,47,1
2.8854922919925565,100,101,45,7
1.4483917961061852,100,101,47,1
5.0082780080921658,94,95,49,2
0.6682768890785938,98,99,51,2
6.0650304106597757,98,98,45,2
4.4531988608063768,98,99,53,2
0.4773523461199435,96,96,51,1
2.1324706155582955,100,101,54,2
1.0092504369157014,100,101,57,3
4.6807159168562684,98,99,54,5
5.7528026361214879,98,98,45,0
1.8993950168201723,98,99,57,6
3.6333717532352323,100,101,56,2
2.7480184579367464,100,101,58,0
1.7273005034877709,96,97,54,2
5.2160811263223019,100,100,54,0
6.1216175759711069,100,100,45,1
2.0444102552569836,102,102,46,3
1.8989996519147556,100,101,50,2
4.5441835852232817,100,101,53,5
0.6193694934504071,100,101,46,0
4.2463045220140589,98,99,51,4
1.5711141420697716,98,99,63,0
3.9266772002184265,98,99,56,3
0.6671597593788546,100,100,54,4
0.4367216320751965,102,102,59,2
3.5268460595756483,100,101,55,1
3.7195757523393080,100,101,64,4
0.1181597774830204,98,99,49,0
4.0528520217561290,96,97,45,5
6.0425917902260338,98,98,51,4
1.3810942021924708,100,101,49,7
5.0804405947413853,104,105,50,6
2.4714581440361898,98,98,54,7
4.6934265751876865,100,101,49,5
1.7713215658733499,100,100,51,1
2.9902343601601067,98,99,56,7
6.1561576884452860,98,98,41,0
5.1788042082448627,100,101,47,1
0.4959162576134113,100,100,46,2
6.2250840325987280,102,103,58,3
6.0971936891398801,100,101,52,2
2.9856278653339561,100,101,56,2
4.1247380434736298,96,97,52,6
5.8583757368153950,98,99,45,0
2.8168275327438641,98,99,46,1
4.6492350923302883,102,103,61,2
2.1760790761025821,98,99,49,4
3.3342243856950526,94,94,50,3
3.3527387331705278,96,97,50,0
1.0893737987816448,96,97,52,0
4.6219327801426999,98,99,53,4
4.5157715119551396,98,99,45,2
5.4484490804483148,100,100,57,7
0.1579140529817544,98,98,55,2
1.4578567447276440,98,98,58,7
0.6894744768144979,90,91,43,0
3.2483213923774947,102,103,55,6
0.3300374456072010,100,101,54,0
0.5452270226202361,96,96,47,1
2.7656792396497836,100,101,54,0
4.3907752436038212,98,98,50,1
4.7917454711890572,102,102,51,4
0.9154037327463722,96,97,53,1
2.3200044516626646,94,95,55,6
1.8999810345942998,100,100,57,7
3.4602083533309225,98,99,53,2
4.9604301224379883,98,99,55,0
1.4388479316168599,96,96,46,6
3.0228736688876121,98,99,59,4
4.1734521193952769,100,100,52,4
2.2351631208259461,96,97,56,2
4.2782521627908210,100,100,53,5
3.6187672634445374,98,99,48,5
4.1588986405614072,100,101,50,4
4.6691245307287295,98,99,53,2
1.8928049252081742,100,101,57,1
3.2279818468758203,100,101,50,2
4.0380107069394580,100,101,50,0
0.8620302590028406,102,103,57,4
5.1976864684057640,100,101,50,2
2.9338986804478662,96,96,50,6
1.9406425313333286,100,101,51,5
1.8628757453969740,100,101,52,2
1.2033657959813047,100,101,45,7
2.2745660510570502,98,98,41,4
2.5743517529997977,98,98,56,1
0.9630600265892476,100,101,51,5
5.5745161735558755,98,99,52,3
4.0727462409739115,100,100,52,2
4.3958114818838423,92,92,47,7
0.3725217170560813,98,99,56,3
1.2147938710644266,92,92,49,1
4.8625650852301652,100,100,54,6
5.9466214664164454,100,100,52,4
0.4397702743356207,102,103,62,3
1.5435890624793951,100,101,55,1
1.2528590410279092,100,100,54,6
1.3627998203094538,100,100,55,7
1.5769792739752693,98,98,53,6
3.8519370557341404,98,98,60,5
4.5809157883905840,98,98,44,5
5.8797049724740234,100,100,53,5
4.5864955672866063,98,98,44,5
2.8712110107723641,100,100,58,6
3.5127604601849041,100,101,47,5
6.0701627243459031,98,99,47,6
4.8455185976546895,102,103,54,1
6.0673537541460840,100,100,48,2
0.6022790300610785,100,101,61,5
5.1837735750779563,100,101,44,2
2.8242442157942813,98,99,51,0
1.2663059841923332,98,99,47,4
4.9887363525643762,100,101,49,3
2.2111401014038079,100,101,59,1
4.1025932311472850,98,98,57,0
1.1918362489575225,98,98,57,6
2.9743336016435045,92,93,46,2
1.9203665452451104,98,99,50,3
1.5547575693738878,96,96,48,2
5.8564724010651119,100,100,54,0
2.3732990975841419,98,98,45,0
5.6818727572182546,100,101,53,7
0.7168971951386482,98,98,53,6
2.9375076329891638,100,100,51,1
3.2922216414498529,100,101,48,0
5.1007684311055863,98,99,45,2
0.4102549186377675,96,96,52,2
0.9603451433285964,98,98,45,0
5.2204205291257653,98,99,51,6
5.1472929531805791,100,100,59,7
0.1241050556477881,98,98,60,3
2.0349713959443774,98,99,52,1
2.2163211740776347,100,101,51,3
4.9886489838160761,100,101,39,3
0.4099744117710522,98,98,58,7
6.0535691909941276,100,101,45,1
2.4952822479268906,98,99,46,1
2.0360674245436310,100,100,57,3
0.7516485633013207,100,101,57,7
4.4894084488954213,100,101,58,6
1.8804638842118604,98,99,57,6
1.5547665364008372,96,97,54,2
0.9927793267134534,98,99,43,0
2.6851484459337751,100,101,50,6
3.6087653034845339,100,100,45,5
0.5015751669727382,96,97,48,0
5.5095294271265649,98,99,39,4
3.9660759215246815,100,101,47,5
2.6866028326031852,100,101,59,7
1.4988691425219132,98,98,60,5
0.8459102374195164,100,101,50,2
2.3413380032409661,98,99,51,4
5.4291814043442868,100,100,48,6
0.6096525737377816,100,101,54,6
6.0575803618276254,98,98,55,0
2.4174140028195312,100,101,43,3
1.3404129302492280,98,98,42,3
2.7235537160745995,98,99,51,4
4.6747572730257820,96,97,46,0
5.8601491118257716,98,99,45,6
1.5901785548016467,94,95,48,1
2.6116977686543752,96,97,46,6
0.7781286530673268,96,97,49,5
5.5160543174479484,98,98,55,6
6.0069386678014585,100,101,51,3
5.5923395966875766,100,100,45,5
6.1749453791465463,100,100,44,0
0.6228554656370001,98,98,49,4
1.1572507084535009,98,99,50,5
0.1297061148737738,102,102,50,3
0.3270247991795037,98,98,46,7
6.0431723098886110,92,93,53,3
1.7443085417946345,96,97,50,6
6.2260506914009239,102,102,54,3
0.9857437819790044,100,101,56,2
2.0954462749322147,98,99,53,6
4.7207677771322265,98,98,54,3
2.2539262072706281,96,97,58,4
3.8636547519491207,98,99,52,5
5.9899001962015195,100,101,40,0
2.7486210269516747,100,101,49,1
2.0390688103300598,102,102,50,1
2.3455906021129076,94,95,49,2
1.1721525136744180,100,100,58,0
3.2571596468154875,100,100,60,6
1.1823512104659253,100,101,47,7
1.4973352601747025,100,101,41,7
3.9225679336140411,100,100,50,0
0.2405409758238629,100,100,42,2
5.8494903296569785,100,101,54,2
3.9512383060037863,100,101,44,2
6.2092768007056520,100,100,57,1
0.9429846524466337,98,99,51,6
3.7530475848690843,96,97,59,5
0.9062571349696585,98,99,54,1
0.1735594398494248,96,97,59,5
1.3242698505127013,98,99,59,6
3.2982491917706951,98,99,47,0
4.7755433665659428,100,100,46,2
0.2536694792968423,100,100,57,5
1.6473443490731292,96,97,44,0
3.8884922560317481,98,98,56,5
6.0780988407765904,92,93,40,2
5.1925632126790626,102,103,50,7
1.9895360806590356,102,103,46,5
4.7714597604302229,98,98,50,3
0.1318749138074930,100,101,62,2
4.8462967437199751,100,100,55,5
0.3297762306694396,100,101,53,5
4.4155271102473552,100,101,52,4
1.8315032107216176,98,99,45,4
6.0406903442487758,100,100,45,7
1.7234599152886136,100,100,56,0
5.0835239993957702,100,101,52,2
2.3375946121180573,100,101,49,3
2.8085114274513630,100,101,53,7
4.0542062684983593,100,101,49,3
5.2612698048208726,100,101,42,6
4.2671191761055143,104,104,57,7
5.6295290832302536,100,101,47,7
2.3001518580499658,98,98,59,6
1.0964330956021182,98,98,49,0
2.7295685359057709,98,98,52,7
3.0964682121139275,100,100,58,0
0.8100772806383879,102,102,59,2
4.1088653337089491,98,99,44,1
4.7996539610758351,100,100,54,6
0.2514367450389035,98,98,49,4
5.2748121445678979,100,101,49,7
0.0104707890870411,96,97,50,2
6.1849332871723481,102,103,61,6
4.8470839189039552,96,96,57,3
3.3050738536200122,98,99,56,1
1.1501817286330227,98,99,55,6
4.2287397249678342,98,99,51,2
4.6691734155210920,100,100,51,3
1.0440164228325326,102,103,57,6
5.4988190634450351,98,98,48,7
0.7639860327630803,100,101,54,0
3.0741205879269371,96,97,57,7
0.8998465223597284,100,101,49,7
0.0438076641725401,98,99,40,5
2.6810150980376402,94,95,41,0
2.9844420084945416,98,99,57,6
1.1615196902419713,100,101,53,7
1.4515936899581192,100,100,49,3
1.4410798586812414,100,101,50,2
3.9199998297146190,100,101,52,6
4.8728819056863681,98,98,58,7
2.5689708058489158,100,101,60,2
5.1134596520161280,92,92,35,5
3.2241815356872312,100,101,58,2
2.6036444655622035,100,100,46,4
3.0304364552489202,100,101,52,6
5.2113044230026562,98,98,48,5
4.7385469092608927,102,102,54,5
0.4962584210616547,100,101,44,6
4.1380964318063951,100,101,56,6
1.7218042034182153,102,103,64,1
3.9536780075945730,100,100,50,4
5.1661067827309131,100,101,51,7
6.0094233569293936,96,97,50,2
2.9544733902164704,100,101,61,1
4.4764891722300080,102,103,49,6
0.2627256260322973,98,99,53,0
2.9056310387374684,98,98,53,4
1.9732791046716553,100,101,52,2
5.1491508437463782,100,101,41,7
0.1192753233824185,98,99,58,1
4.0701538650278195,102,103,51,6
4.1963101653110142,102,102,55,0
4.9805565319759619,104,104,54,2
0.1311377165708466,100,101,55,1
3.5339869114556905,96,97,52,4
2.6600765607519121,96,97,52,2
0.6118558148164180,98,99,56,7
4.6290864595476702,100,101,56,2
5.8328169604090094,100,101,54,4
5.9666700436620683,98,99,52,7
3.3175746617435276,98,99,40,7
2.8885841972522401,96,97,53,1
3.8042240728824059,98,99,45,0
0.6049928351686256,96,97,48,6
1.7889595485140168,100,100,50,4
3.9003421694101950,102,103,51,2
2.8176805942534866,98,99,53,6
2.2664343796428668,98,99,50,3
1.2911406660091440,98,98,49,6
0.0287236418160289,98,98,52,3
0.6846850704868810,100,101,56,2
5.2578447295791895,100,100,51,3
3.6100870456173899,102,102,48,7
6.0530976185655323,96,97,46,0
1.6898436078591159,96,97,53,7
2.2166089767471373,100,100,48,6
4.5688073778308036,98,99,58,3
3.7526536083200583,100,101,58,0
3.3031915769921838,96,96,46,4
2.4848827682291472,96,97,55,5
2.9715140446977002,100,101,58,4
4.0568672992014889,98,99,48,3
3.4324089630446912,100,101,53,5
1.6278441184503292,98,99,49,4
2.7787483679859339,100,101,46,0
3.7861905076318294,98,99,45,6
5.8682259726575126,100,100,43,3
6.0693525771601653,100,100,52,4
5.1041601879753236,100,100,54,4
2.4797038269642573,100,100,56,6
3.7091419787867004,100,101,50,6
2.1643273016807911,98,99,62,5
1.7357394858048780,98,99,52,5
4.8557594385660812,100,101,52,6
4.2033576260569365,96,97,41,7
0.2651158617684974,98,99,50,1
3.5141686762882047,98,98,51,0
0.4115772740641397,98,98,54,5
3.5286844606611387,100,100,53,3
6.0344654342626747,96,96,51,7
2.6596452060885758,94,95,40,7
3.9525576057108345,100,101,58,6
4.3157493769083821,100,100,64,2
5.3500021521082370,102,103,41,6
1.1180520207411995,98,99,54,5
2.6256791311983654,98,99,53,6
2.8066770592552195,96,97,50,2
6.2510207595768774,98,98,55,6
4.5675762494753691,108,109,62,4
0.8729639852184145,100,101,55,7
1.2304021511815690,100,101,51,5
5.7324503932191995,100,100,51,1
0.9334138666200540,96,97,50,2
1.6319602106685398,100,101,57,5
5.8117257550954085,100,101,56,2
3.5813287963639890,94,95,52,5
5.9646993266281285,98,99,53,0
2.6833461483248939,100,101,62,4
6.2714240399145842,92,92,46,0
3.3481775391159139,96,96,41,3
3.0379861190982660,100,101,51,5
1.1728283741591607,96,96,48,6
5.2218111640042171,98,98,52,3
4.3661183109460620,96,97,52,6
5.8021491260020177,98,98,61,2
1.3847159217222063,98,98,53,2
1.5572815610288704,98,98,52,7
2.3369428602354758,100,101,48,0
1.2915050234200944,98,99,47,0
3.9947381354511133,98,99,47,0
3.6066013504012919,96,97,49,1
1.9891557992439872,100,101,52,4
4.7537805931925030,102,102,55,0
2.6321235314500084,98,99,54,5
3.7437514264221803,98,99,50,3
3.9102809154372844,100,101,55,1
5.4106170938410960,98,99,48,1
2.6857667307417832,100,101,58,0
0.3876320794913842,100,101,51,7
3.8922618964482187,98,99,48,1
6.2611222118281002,98,99,49,2
0.2430329236276446,100,100,46,0
2.3492190421793087,100,100,55,3
1.6731749954705450,94,95,54,3
4.0654922156544275,98,99,55,2
3.0300773936573857,98,98,51,6
3.6416863852065009,98,98,51,6
5.7326858262189724,100,101,55,1
0.2212237260324579,100,101,54,0
6.1462804024136570,100,101,47,7
1.4905034963678976,94,95,45,2
2.1762601282761809,98,99,50,5
1.9913773171595863,100,101,55,7
3.7855679521945187,96,97,59,5
2.5451427920548588,100,101,46,4
1.5684445173936545,100,100,55,7
3.2671452107163468,100,101,59,7
5.3362218164599744,98,99,40,7
2.6433061754640885,100,101,46,2
0.3100735069261456,96,96,45,7
5.2947100774003921,100,100,51,5
2.8857547903125869,98,99,50,7
4.6003251738734718,102,103,48,5
2.0317336314487844,100,101,57,7
4.4444121123464457,98,99,50,3
1.1012259998391152,100,100,54,6
3.7653070471701922,100,100,57,1
2.6341308933596563,96,97,43,7
3.4425878902094595,98,98,53,2
2.7582988294252693,98,99,56,1
4.7928919548291082,98,99,49,2
2.9765417845020639,98,99,59,6
2.4043402400213618,96,97,47,3
3.1577373196502783,98,98,56,3
3.3403508347520865,96,96,50,2
3.5995532540788222,102,103,54,7
3.0086324145006453,98,99,55,0
1.8259775555313724,100,100,48,6
0.4773591642531648,98,99,60,1
4.2670583374833617,100,101,47,3
4.1143860954462266,98,99,50,5
4.8154626206166560,96,96,45,1
4.8658948696631823,96,97,52,6
1.5973792672996714,100,101,56,4
5.9621937157138944,100,100,52,6
1.0193821093585569,96,96,45,7
5.6817059095940659,98,99,51,4
5.3350569914075674,96,97,51,5
2.2828778268250431,104,105,45,5
0.3911610958090134,98,98,46,5
0.6056154469104615,100,100,51,1
1.7345555455613104,100,101,51,7
2.1964375712479236,102,103,49,0
1.2963024247411905,96,96,52,4
1.2585680364184479,100,101,51,1
5.9629757464913293,94,95,53,2
1.3412414216303314,98,98,54,5
0.9852663247294121,100,101,47,7
4.6440993731883271,98,99,47,4
0.8750364869113709,100,101,60,0
0.2184775785398538,98,99,54,3
5.8741113544038699,98,98,57,2
0.1464984782679475,98,99,51,4
1.5055050933970509,96,96,50,6
5.4739458515372350,100,100,56,6
5.8170923667871861,98,98,54,1
2.0940810026937031,98,99,54,3
4.0019347057189210,96,97,48,6
3.4441559432210109,100,101,55,1
1.3869303844318031,94,94,48,5
0.5834872364768194,96,96,52,6
4.3041268774969401,98,99,56,5
2.6379019320064216,100,101,62,6
3.8149027452824407,100,101,53,7
5.4353003974635943,100,101,55,1
1.1865574173493785,100,100,54,4
2.8254402325185928,96,97,44,2
3.8766821960273616,98,98,57,6
1.2787846332239377,100,101,61,1
4.4074158406800903,100,101,50,6
6.1325353520110442,102,103,61,6
4.5229924133323030,100,101,55,5
4.1153879608102164,100,100,56,6
2.6105476124210472,96,96,46,4
2.8778159346384125,100,101,48,0
3.1814746204041149,100,101,47,3
2.0074665118575310,100,101,54,0
3.7111659897337503,94,95,39,2
3.1104173330503726,100,101,53,5
5.5510738007627021,100,101,51,5
5.7170682040767797,98,99,54,7
3.5070867773015850,98,99,50,3
0.0002959313142452,98,99,58,7
4.9617155049955990,100,101,48,6
6.2388333330591630,98,99,47,6
3.3122573299114788,98,98,56,3
4.5234754381261553,100,101,51,3
2.6242753817825890,98,99,53,4
2.3461291695959834,92,92,48,2
0.8825219631071792,98,99,45,0
0.9976959219931950,96,97,48,0
4.0939496056142959,98,99,52,7
1.1427322983767729,100,101,51,7
0.9464123091461816,98,99,46,5
1.6264859708681230,98,99,48,7
5.3643716951493889,100,100,61,7
3.5296753246718215,98,99,51,6
5.9463760278963447,100,101,54,0
2.5252321987600537,98,99,46,3
3.8562973511525347,98,99,48,7
2.6581291531717555,98,99,53,6
5.9874705261286119,96,97,54,4
1.3863736430386575,98,98,51,6
0.4754986716278826,98,99,50,3
5.9497725815206959,100,101,49,3
2.5355665758323669,102,103,61,4
3.9093538641459178,98,99,53,6
1.8335630284369029,100,100,52,4
2.7680930980661684,92,92,42,4
2.2730784638758168,98,99,60,3
2.4969745257414102,98,99,47,4
2.5354588634009412,100,101,44,6
4.7181368548497575,100,101,39,5
3.9186404846315854,100,101,53,3
2.7534842446259180,100,100,48,4
0.8276887723478152,98,99,54,5
0.7990006029424657,98,98,53,4
0.1042454834504533,100,100,37,3
2.2838618079411992,98,99,56,3
3.2556262807555152,100,101,51,7
3.3300137603860587,98,99,46,7
2.9807096997998093,98,98,50,5
2.3456688944485165,98,98,54,5
5.1783497398949780,100,101,49,5
1.8373515835503698,98,98,45,2
4.3485474149475021,100,100,61,5
2.3717972556856690,102,103,54,3
5.7885929398578924,100,101,46,0
4.0753722402232873,102,103,56,7
1.1633298857224985,102,102,54,1
5.8895561906087694,100,100,56,2
6.2684561714540150,100,100,54,0
4.5318693040239220,100,101,41,7
2.2002490651436410,100,101,49,1
4.7009215365864696,98,99,59,0
5.5329962763118479,98,99,50,3
0.2984848575760765,100,101,50,6
4.0451357600936309,100,101,55,7
2.3633394759025035,100,101,57,5
6.1235188720397122,100,101,55,7
4.2562679513410426,100,101,56,2
2.8145042898574779,96,96,50,6
2.2719904607166175,94,95,50,3
2.4185929118969218,94,95,47,6
5.4978529418584774,100,100,60,4
3.8695834751990024,100,101,50,0
2.4065794933594353,98,99,47,6
3.7579909745896991,98,98,45,6
0.0947606239338662,96,97,50,4
3.6275240386342444,100,100,48,6
0.1711510015338730,100,101,51,1
2.8859184090389096,100,101,49,3
5.9834199121546972,98,98,50,5
4.7402915479886198,98,99,49,6
6.1276328430420168,100,101,54,6
5.2296267471786031,98,99,47,6
6.0752792519677605,94,95,51,6
3.0834854657583732,96,96,47,1
2.0100957383987388,94,95,47,2
1.8173498493972209,100,100,48,4
3.0787178521517857,96,96,48,2
1.8856034390161294,100,101,53,7
1.9390376503676947,98,99,44,5
4.5312807556095231,94,94,52,1
5.4602713945019765,100,101,52,0
2.0536285470623867,94,95,41,0
4.6227823126186536,98,99,57,6
0.0685394979993859,96,97,44,0
5.1385858380334684,98,99,53,2
4.7232509778606504,98,98,56,5
3.0855089473612054,94,95,57,6
2.7533008306460585,100,101,55,5
5.3690086616508097,96,97,50,0
0.5635602846439984,100,101,53,5
4.1433293895018615,100,101,47,7
1.4641717923438338,100,101,59,3
4.7812295504147047,98,98,60,3
1.0763553180852912,100,101,55,5
3.2530116291788760,100,101,59,3
4.8603101561194091,100,100,51,3
3.7316455982564678,100,101,48,2
1.0254181622934446,100,100,50,6
2.5237420713585763,98,99,51,4
0.8842403040399015,100,100,57,3
5.3043052341747705,98,99,48,3
5.1591420992197410,98,99,47,0
1.1554102371727746,98,99,52,1
2.9482067869776745,100,101,53,1
4.7105589677972466,100,100,41,7
1.1165640809731774,100,100,42,2
0.7279942920199762,102,103,52,3
4.3662214816109506,100,101,59,5
2.9690498164481181,100,100,52,4
5.7790999722105667,100,101,59,1
6.2345310181807827,98,99,50,3
0.3612029960178346,100,101,50,4
5.0239396418252484,98,98,50,3
1.4129625614358354,96,97,46,4
6.2763850406130652,98,99,48,1
1.4754577435612970,100,101,63,3
0.5551030639209606,100,101,52,0
5.1826219728385414,100,101,58,0
4.4758407363379540,100,100,60,0
1.8846072340107134,98,98,54,3
2.8247997771843694,102,102,53,6
5.2607121518173230,98,98,54,5
6.2481290837754875,100,101,44,2
1.0844465169298443,100,101,48,4
3.5057974082698822,98,98,47,2
1.6030788436153909,100,101,55,3
3.4889619544592314,98,98,50,3
4.4606573518412977,100,100,51,3
1.4672093220266982,98,99,55,4
2.9460571611158595,96,97,42,6
1.1812442761578483,100,101,56,4
5.0718717330186216,98,98,45,2
6.2681514581460087,100,101,46,2
2.3856483602699305,96,96,52,4
0.2182889792116133,98,99,50,1
2.3208003324042807,96,96,48,6
3.7153398532078894,98,99,59,4
5.4498913092645838,100,101,54,6
0.9756610650822487,100,101,50,6
3.5994392722117152,98,99,54,3
6.0645584899089977,98,98,43,2
5.8282602454514025,100,100,58,0
1.8166564786283661,98,98,45,0
2.9372176849639167,98,99,47,4
2.0985926991462196,98,98,50,7
2.4702669180921957,94,94,52,7
1.0248119489046492,100,100,55,3
1.8493314066396567,98,99,53,2
5.1954697189009362,98,99,48,3
5.6555472079611846,100,100,41,3
4.6628161822623575,98,99,54,7
4.3357317130334527,96,97,47,7
2.9198453587622484,100,101,52,6
6.0574341769842341,102,103,46,3
1.9182844992448966,100,101,53,7
0.0817968056455525,98,99,54,5
0.5610103640869075,102,103,52,7
4.5743069623827264,98,98,49,0
0.7743830207164767,100,101,55,5
2.3935400985574962,100,100,43,3
4.1309181817568632,100,101,55,5
5.4951504727737577,98,98,48,7
2.4677408630343920,96,96,53,1
5.4610027164430290,100,100,59,5
1.6140360230180935,94,94,45,4
6.1317210651229255,98,98,40,5
1.4741996172322176,102,103,42,3
4.4729155400880520,104,105,56,0
5.1184464627820834,98,99,51,6
3.2203784702356755,96,97,42,4
2.1530733300212814,100,101,45,5
5.2750388303457401,100,101,58,0
0.8284928743037671,98,99,56,7
1.9425508140620773,98,99,56,5
1.3413585916285438,100,101,43,3
2.9237895285637845,100,101,48,4
3.4236630985570247,100,101,55,3
1.8970466293241373,98,98,42,3
3.6103091285133764,100,101,55,7
1.9836295209013335,96,97,51,5
0.4330455667831421,96,96,55,5
5.9694948130620133,100,101,52,4
3.8738038959237473,96,96,49,7
4.4436493915162112,100,101,46,6
1.9500903705850361,98,99,51,0
5.0744338508859332,100,101,51,7
5.6738153036284675,100,100,42,2
5.0991174256778313,102,103,59,4
3.0805874009820839,100,100,48,0
0.7111233079420327,98,98,47,6
0.6266988628500787,96,97,58,2
5.1503257737098416,98,98,48,3
1.5641036781960227,98,99,50,3
0.3211045481865220,100,101,60,6
0.4108084597341948,100,100,38,4
2.8590893291719093,100,100,49,1
3.1696668700770974,100,101,51,1
4.0842949464044436,98,99,55,4
0.3650227716542356,102,103,44,1
3.4728282941147701,102,103,58,1
2.0422871847748780,98,98,55,2
0.8211455831024187,98,99,60,5
0.3433161599486285,100,101,54,6
4.5325775811694449,100,100,52,2
2.7813146531340118,100,100,58,2
3.9049788676598607,100,100,51,5
0.0394423131134588,100,100,52,4
3.7835752609555429,100,100,54,2
3.5759453699782742,98,99,56,3
0.5777470345122757,100,100,40,0
1.0712955533710702,100,100,48,0
3.2804211918308535,98,99,51,0
2.9038563905822206,100,100,52,4
5.1331485289840817,102,103,60,3
2.9399296990621502,96,96,45,7
1.7095566511529547,100,101,47,7
6.0042864288260258,96,96,53,1
4.0402425568474243,98,99,54,1
6.1686597434676518,100,100,50,2
3.4886363217108509,96,97,41,1
5.3182353095678359,94,95,43,4
4.5031311989461278,100,100,53,7
4.5701001304527606,96,97,52,6
0.5577442232863964,100,101,52,4
5.1352754100465461,92,93,52,2
1.9978622833918498,96,97,52,2
3.1112489922713440,98,98,56,5
2.9186189607896389,100,101,51,7
4.8823624970465813,104,104,45,3
2.5609616842183756,98,98,48,7
0.8226649389445229,100,100,44,4
1.6207905602986628,100,101,50,0
3.3549621290158731,98,98,48,5
5.5696070770871575,100,100,50,0
3.5423107365882966,100,101,57,5
0.0593687298610917,100,100,61,1
1.0593224564459329,98,99,63,4
3.8246418639076492,98,98,47,6
4.9921941080132051,100,100,54,2
4.2866685111109915,98,98,54,7
0.9749858116327126,100,101,53,3
4.3450347304115944,100,101,52,6
1.1189041664680073,100,101,45,1
1.2412321750406254,96,97,37,3
4.1279356901571340,102,102,53,2
1.2083745718513379,100,101,51,3
4.4778519044522715,98,99,48,7
5.9224533109089377,100,101,53,7
0.7036901270660558,100,101,55,1
3.3053946717580125,102,102,49,6
4.9985664976965332,98,98,50,1
2.1190038196749339,100,101,44,4
2.7567304070941643,100,101,54,4
0.2266015500911554,108,109,52,2
5.5757498340553173,100,100,53,1
6.2423068968405762,100,100,53,1
2.7485518940738030,100,101,60,4
1.3713702060338002,100,101,53,7
3.0649215457921200,100,100,45,1
5.7713332792180436,98,98,38,3
4.5534240413104063,100,101,44,4
2.7896934843429015,100,101,51,1
4.6659442915800557,98,99,51,6
4.6808789737241323,100,100,56,6
5.0450091465547402,98,99,49,6
5.8846531796313002,98,99,43,2
3.7493522587362200,100,101,46,2
1.4923173923955495,100,101,53,7
1.3234943745375014,100,101,57,3
5.5711100459785738,98,98,46,7
3.5684627136419995,98,99,49,4
2.4759495622445229,98,98,55,4
