theta,t_count,h_count,s_count,w_count
5.2549960691303435,98,98,53,6
0.0629537564481979,100,100,57,1
2.1408873803903186,98,99,54,1
5.6383346166080122,100,101,48,2
6.1434917991526161,96,96,54,6
4.6338714411604149,96,97,51,1
3.3989819654890612,100,101,50,0
3.8820224600627982,98,99,52,1
3.0860078408629334,98,99,59,6
5.4025357977463573,100,101,58,6
2.2624497451101688,98,99,61,0
2.0848499671082217,96,97,49,7
4.2909232268222768,94,95,55,6
0.1079175600707197,100,101,59,7
4.5539707832427023,98,98,55,4
3.7832524733995778,98,99,51,4
3.6372119331780275,102,103,55,4
3.7619914231797402,100,100,50,6
4.9128052888012963,100,101,59,1
6.1768080198909798,98,98,51,4
5.7036242639222126,100,100,50,4
1.6897290017135675,98,98,50,3
5.0700028047581682,100,101,52,4
2.9055726732106719,98,99,47,2
0.7337332663620383,100,101,51,3
2.2003046120182286,98,99,49,4
0.6971639266255978,100,101,53,3
5.9830896942960212,100,101,61,1
2.2179167072390995,100,101,51,7
0.7443216053661157,100,101,54,4
1.9201537853938535,102,103,51,0
1.4586465714495973,98,98,44,5
2.5025099274829516,100,101,44,2
3.4073126814351626,100,101,51,5
3.7137957721321713,100,101,52,6
1.6685217277836810,98,99,53,0
6.0671868487542406,100,101,58,2
2.7020569869155495,98,99,50,3
3.2773720373020896,100,101,51,5
4.3428725127383405,100,101,57,5
2.9111849606970632,98,99,46,3
1.7710427568445453,100,101,53,1
5.7181572059972066,94,95,44,7
1.1259525553215508,100,101,56,0
4.8637959144351566,98,99,52,5
6.1955377791725930,102,103,49,0
5.7935857868595164,98,98,41,0
1.4466968128211739,102,103,45,6
0.9518313864617544,100,101,52,2
6.0113405325272691,100,101,56,4
2.0053312253992481,102,102,51,4
0.4161143564890789,98,99,53,4
4.3316388358086213,100,101,42,6
3.9723036436922530,98,99,59,6
2.0947742032947074,102,103,52,3
4.3143986274719994,98,98,50,5
3.0995045712502751,98,99,53,2
3.5275657716234048,102,102,48,7
6.0954955406274802,102,103,54,3
0.5841991784798566,98,99,55,6
4.9363419676169960,100,101,44,2
4.7420553209849743,100,101,57,3
3.4323553611341637,100,101,54,6
1.8460778905407504,98,99,55,4
1.6425770790507821,100,100,50,4
1.5469150315299707,100,100,38,0
1.1410112312051794,98,98,48,3
5.1578937284145079,102,103,54,1
5.4563277408906572,102,102,58,5
3.7886895153945366,100,101,50,4
0.6750761533561132,96,97,47,3
3.7992418797923078,96,97,37,3
0.6543826682629115,98,99,44,3
0.7885934221393447,100,101,55,5
5.2226849723319875,98,98,51,4
4.5992718970593316,98,99,49,2
6.0527931500678189,100,101,51,7
4.5281356836312820,98,99,58,3
4.8262278657415667,100,101,52,0
3.0478168643047505,100,100,58,6
3.2919242485180029,100,101,61,5
4.3906967031723951,98,99,46,1
5.4488313773685544,100,100,49,1
1.3666587967128807,96,97,50,6
2.0529903108383363,100,101,52,4
3.3891383648870121,98,99,44,7
2.7029580458611639,102,103,56,3
1.6972456724218139,94,94,46,1
0.8449404604089608,98,99,54,3
0.0516843922067367,96,97,51,7
3.3248840730461553,98,99,55,2
2.0316533236619319,100,101,57,5
5.9201344079969003,98,99,35,4
6.2519167272561615,98,99,47,4
2.2031872302538815,98,98,51,6
4.4398716121958692,98,99,43,2
1.6924521826053973,98,99,50,1
4.1862710015893043,96,97,54,6
1.0157979675803399,98,98,52,7
4.9329165005598306,98,98,56,1
5.6313901983939179,96,96,46,6
3.4326669877262148,102,102,46,3
5.5979877458154990,98,98,57,6
3.1783645591575702,100,100,45,3
4.0469543659776024,100,101,45,5
6.1551565858928692,98,99,47,6
0.3549045200495684,98,99,42,1
1.1424207920277132,100,101,55,5
4.8176588321443194,100,101,58,6
0.9699478670858979,100,101,49,7
4.5932856797007799,98,99,49,4
6.1255226763468666,98,99,61,4
3.1619090080651722,98,99,49,2
4.5745781437178792,98,98,52,7
2.4663548708299645,98,99,55,4
3.7938552491923945,98,99,47,4
2.2146175817786609,102,103,52,5
2.2970132720042984,98,99,51,0
5.4158663887493717,102,103,50,3
1.6792216936637725,98,98,44,5
6.0996934095576973,100,100,52,0
4.4448393533203756,100,101,53,1
0.4306369660968223,102,103,50,1
0.3262966594976701,96,97,56,0
3.2958150589222339,98,99,40,7
0.9335833701085953,98,99,60,5
2.0246701002765581,100,101,51,3
4.5870163350192108,98,99,49,0
2.9683687070084144,96,97,53,7
2.5457701795061847,96,97,59,7
2.7554259604892830,100,101,56,4
0.3646724023416445,96,96,50,0
3.4441585273210369,100,101,51,7
4.8327114371952922,98,99,54,7
3.8750340395709548,104,105,59,7
4.9871528195684727,98,98,52,5
2.0407246101671936,96,97,59,7
3.6607441950113784,100,100,52,6
3.3840561968374061,100,101,47,7
5.3838785041154678,98,98,56,3
2.0029853832843845,98,99,55,4
2.7691153868568525,100,101,54,0
4.8865372899549584,100,101,57,5
5.5765965842228500,100,101,54,0
2.3024423411517567,100,101,57,5
0.8822850690368148,96,97,47,5
3.3512112594654710,100,100,58,0
6.2340127023134073,100,101,59,5
3.6352335303177763,100,101,58,6
5.8931041194569440,98,99,57,4
2.8016322915126608,100,101,53,7
3.7472914945224103,98,99,58,3
3.2763772374422526,98,99,50,1
4.6493272655613715,100,100,40,6
0.9514578861929421,94,95,49,0
2.1131603911050352,102,102,57,0
5.1973557578854619,90,91,43,4
4.4823151871840565,100,101,47,3
3.1384444670965541,100,101,49,3
5.4575344886205057,92,93,54,2
0.4660824120951224,100,100,50,0
5.9675202836901882,100,101,47,5
5.8933766065509108,96,97,57,7
0.6788736703499163,100,101,38,6
3.3038129414273287,98,99,46,5
4.5162312944723837,100,100,55,7
0.8006408055587072,96,97,41,5
3.5721918748969381,90,91,55,4
3.5322835444438461,98,99,50,1
0.0300771084659076,100,100,52,6
2.2457817924968051,98,99,52,3
1.3241844760641865,100,101,58,6
5.7543679657931488,98,99,60,5
4.9497749826967112,100,101,65,3
3.5840878981903641,98,99,47,0
6.2273820900155856,98,99,45,6
0.2221529296170154,100,101,50,4
0.6224673579821564,98,98,50,1
1.4504948658066881,100,101,56,0
1.6980670828729758,100,100,56,0
3.8760669830027878,98,99,58,7
2.9100806496239131,98,98,54,5
5.8716493119812760,98,98,45,2
4.7833388992470649,98,99,46,7
4.1528492029474542,100,100,53,3
0.3500493192600269,96,97,39,7
3.7154216607293904,98,99,52,3
1.3034041263403995,100,100,52,0
3.3043506961232367,102,103,54,3
2.6220872554921439,100,101,64,2
3.2047372402298233,96,97,57,7
4.2791223518775130,100,101,57,1
4.5561126043817293,98,99,55,2
2.0217652330955040,96,97,46,0
2.5251241131813904,96,96,55,7
5.4793221569857247,100,101,50,0
0.7614233541078110,98,99,56,7
1.4325517087809299,100,101,49,1
3.3930531121108376,98,99,40,1
2.0004866098811962,100,101,45,5
4.3702364248990833,100,101,53,7
5.3536725017237448,96,97,52,2
3.6570653743536559,100,101,58,4
6.0420429177102726,94,95,40,5
3.9448385178451968,100,101,66,6
6.1485310249293512,98,98,46,3
5.8514562409777140,96,96,46,0
0.2636862031554108,100,100,51,3
2.3503822237081820,98,99,61,6
4.6603448244010384,98,99,51,4
6.2034321453369499,100,101,48,2
2.8668360949387099,100,101,51,5
3.4540498745370671,100,101,48,4
4.7536101044213535,100,101,57,3
3.5697149470841474,102,103,52,7
5.6996473262439924,100,100,48,6
2.5137944228242697,90,91,50,5
2.8843668575407082,100,101,46,4
1.6643381834216899,98,99,50,5
5.8468141285819080,98,98,40,7
6.1856702610865710,98,99,47,6
0.2223431173583358,98,99,46,3
1.6659539769987892,100,100,53,5
0.1458132656258137,100,100,54,4
4.6840256656562076,98,99,50,7
2.3012305138792479,98,98,47,0
1.9000402899978934,98,98,56,7
0.1152316411803234,98,99,44,3
0.2658883906209343,100,101,49,3
1.2819473667881260,100,101,66,4
0.7821890113756140,96,97,62,6
5.6719155816223186,100,100,56,4
6.2443169075167750,100,101,58,6
0.0572105684985142,98,98,51,4
2.3741950664893938,102,102,60,3
4.1801359137590701,100,101,59,1
5.0595673729757111,100,100,43,5
1.4984675608782150,100,100,56,4
1.9334181270014601,100,100,54,6
4.0197398314759623,98,99,48,7
5.3262530521120732,98,98,56,1
4.7426826225974645,100,100,43,5
4.3723774515699656,98,99,57,6
6.0999883390748408,98,99,52,5
1.8531491735927081,100,100,47,5
1.2100303278606785,98,99,52,7
2.5819009489956124,98,99,50,1
4.9235688183081328,100,101,52,0
2.9493581001644236,94,94,51,0
5.0155495165367325,98,98,57,0
0.2092739363394823,100,101,60,2
5.7722967063196489,100,100,49,7
5.9125815879939569,100,101,59,7
5.6932876369159526,100,100,52,2
4.0790650607376291,98,99,57,4
4.4933314600045087,100,101,43,1
1.2489083934872915,100,101,44,6
1.9163590911434192,100,101,43,7
5.2587405048273377,98,99,55,2
0.2064563542627592,98,99,63,0
2.5322387922567935,100,101,53,5
5.2240718840839824,100,100,53,5
2.9168204125777288,96,97,38,6
1.1005546881099435,102,102,59,6
3.2167891907393225,102,103,46,7
2.1385874342198505,100,101,55,5
0.9718357995010584,102,103,67,4
5.8928766679893725,98,99,57,0
1.9766319427887982,100,100,53,1
4.0027773267152904,100,101,53,7
1.3126967216801517,100,101,51,3
5.1792430545211543,100,100,51,7
3.3250460302047755,100,101,48,6
5.5052219824999540,104,105,54,6
3.5910342814126102,96,97,45,7
5.9486195808368789,98,99,36,1
1.3487954943559388,98,98,51,6
4.2479321471335005,98,99,56,5
4.1459276658278599,96,97,56,0
1.6605049484854615,98,99,48,3
1.1406663083037458,102,103,52,1
1.2459168510780347,100,100,52,2
4.8151380989808148,100,101,54,0
5.3497318791687256,100,100,53,3
0.4001805740345694,98,98,60,1
6.1443039460337543,100,100,48,0
0.7073394332420927,100,101,56,2
0.5546141588467548,98,99,55,4
3.2535737434798522,100,101,46,6
1.9515289290877520,98,99,56,5
2.4854179356406783,98,99,52,1
2.0670180694081282,96,97,56,4
1.7331728956353469,100,101,45,3
4.9395205845617651,98,98,49,2
2.8264463267884268,98,99,56,5
4.2875055258726569,100,100,57,7
4.5820335445127327,92,93,53,1
0.5065660124376663,94,94,44,1
3.7103150189651455,100,101,52,4
2.1819411276897247,100,101,46,4
0.4489204644337115,98,99,53,2
0.8087094153593464,98,99,50,3
6.2155863764842829,98,98,46,7
1.4114967982155993,100,101,54,6
4.6622400454180974,100,100,45,7
5.3434382162622907,98,99,56,7
4.8474665611157048,98,99,49,2
2.1395825145447085,98,98,44,1
1.4910332108982005,100,100,55,3
2.2210388722303729,100,100,49,3
0.9774161122662608,96,97,57,3
2.8026523769902494,100,101,56,0
0.0484365479203732,100,101,52,6
2.6643497667343317,100,100,54,0
5.7956143169065575,98,99,51,4
5.3260626595032532,96,97,45,5
2.7227414797817544,100,100,49,7
0.8848011135463745,98,99,47,2
5.3120577273354614,96,97,52,6
1.5149818155195864,102,103,59,4
2.2792294695561428,96,97,50,0
2.5824965161065525,102,103,60,1
1.0003258704995930,98,99,59,4
3.8692625668775804,92,92,47,7
4.8586095526648538,98,98,56,7
5.7013482058125327,96,96,48,2
5.1968059787686478,100,101,49,3
4.2688128810946973,100,100,49,1
0.4449688387983838,100,101,48,4
3.4875055337271865,100,100,51,1
4.4730865650909069,96,97,51,5
1.3469027860869525,98,98,58,3
5.3627250149613843,96,97,48,4
3.9861552417745996,98,99,54,1
6.0038369772901872,98,99,47,6
0.6078530497960085,102,103,52,1
2.0758837882201466,100,101,47,7
2.1537577265618921,98,99,43,2
4.7480823119242155,94,94,44,1
3.2027023205562561,100,101,55,3
2.1486592590664051,96,97,51,1
4.0621151188783591,92,93,49,7
0.9203321741652151,100,100,47,7
0.9882086869624810,96,96,49,1
1.7995160260976031,100,101,51,5
1.9024059703806906,100,101,47,1
3.3120799178309954,100,101,49,3
1.4083724137329334,102,102,50,5
4.0967687245142574,100,101,53,5
4.5813953953899755,98,99,53,4
3.7491497607279931,100,101,49,1
1.6689257333697429,100,101,59,3
3.3032305989729598,100,101,51,7
5.8080331539041312,96,96,52,2
5.8857349993163028,100,101,38,6
3.7558857719570269,100,100,42,6
3.1368093586959929,100,101,63,1
3.0279561023972765,98,99,47,0
0.5504246829499388,96,96,53,5
0.9120541374502519,98,99,54,1
2.0145951994342712,98,98,51,0
0.7994292545383559,100,101,48,2
4.3150966969786273,98,98,46,3
5.9419357423098482,98,98,52,1
4.6355848812941955,100,101,53,5
5.4841673655639367,102,102,58,3
0.0675102726818895,96,97,44,6
2.6339998579496675,100,101,47,7
2.2990920365497192,100,101,58,0
0.6644126241954832,98,99,56,1
1.7715756508814948,100,101,53,1
1.9381859704913023,98,98,52,7
3.4066992478936564,96,97,49,7
1.2176651057878785,96,97,45,1
0.1307686260123886,102,103,52,1
3.1358370170414287,100,100,56,0
2.7909495664797164,100,101,54,0
2.0129448033329722,100,101,54,2
2.6298112691173468,98,99,52,1
3.0036911325159021,96,97,54,2
1.1858480707438523,100,101,54,4
0.8130611743440935,98,99,49,0
6.0177008020743745,98,99,56,3
2.7657135816419633,100,101,48,4
2.5378327322509864,98,99,48,1
1.3662588255429580,98,98,51,2
3.7211436762373031,100,101,54,2
1.4227566018958964,98,99,49,2
4.5251097273907028,96,96,43,5
1.8154171101215322,100,100,47,7
2.1883795918067821,100,101,53,5
5.1126192681180109,94,95,48,7
6.0566369363843018,98,99,52,7
4.8027487836449385,100,101,51,5
4.0314761450043992,96,97,39,5
2.6894077287903930,96,97,50,0
1.9829254288073295,100,100,56,0
1.5102355856824505,98,98,51,6
2.2131147719758615,100,101,52,6
4.0793934049079255,102,103,54,7
4.5021545047697185,98,99,50,5
4.3080670873255347,96,96,42,6
5.0260691183868991,100,100,49,1
5.2146861767387840,96,96,51,5
1.1766062161273021,100,101,58,0
4.8494745180367822,98,99,54,1
3.3996395515920272,98,99,45,6
0.1661642915540944,100,101,57,5
5.2085339373808104,98,99,52,5
2.8228542261635061,98,98,55,4
2.7157700361400265,100,101,48,6
0.4565430345295259,100,101,48,4
2.9752666259637444,98,99,61,4
0.6812730643968463,96,97,46,0
3.8487479925295949,98,98,50,7
1.0174037697103897,98,99,55,0
3.1640391021277039,98,98,55,6
5.3892872410039612,96,97,46,4
0.5635225975468491,96,97,46,6
2.7368918119149459,98,99,46,7
0.5557040871083598,100,101,46,2
1.2509396136496860,102,103,53,4
1.2206618097679205,100,100,60,4
4.7253236055121821,100,100,62,6
4.8548260421572653,98,98,46,5
1.1367158017741705,100,100,65,3
3.0472903629854358,98,99,48,5
2.0457767013243209,100,100,58,0
3.4824237570325995,96,96,50,2
5.0562218568519430,98,98,57,6
0.2100393601465843,98,99,55,0
2.5158931870984045,96,96,42,4
1.7382955716510096,98,98,53,0
3.7927169401188183,98,99,48,3
1.0538578764307531,100,101,53,5
4.7811839119198636,98,98,51,2
1.1590457689495888,100,101,47,5
5.9575413946097511,100,101,49,5
0.4626813778810446,100,101,47,5
1.3250320188959619,98,99,51,2
4.4635861739430132,98,98,52,1
0.9016223723133550,98,99,46,1
3.2417039764414834,96,97,53,3
6.1937829663870545,98,99,44,3
2.1164659127306096,98,99,53,4
5.2614617381179860,102,102,60,3
2.9121885490673280,96,97,44,4
3.3173951114756961,100,101,45,3
1.3943588820646509,100,101,59,3
6.0474647004752491,90,91,55,6
5.6007641930232301,98,99,54,5
4.5548254007758624,98,99,51,0
2.3526366970718944,100,101,50,4
2.7429090649244356,100,101,58,4
1.9951672654036829,98,98,51,0
1.4892525261566529,92,92,54,6
2.5567939374294752,96,97,48,2
5.3715540807594753,98,99,48,5
6.1432425099291406,100,101,45,7
2.0400964345768591,100,101,47,1
4.2078401799385636,100,100,42,6
0.8323607152793010,96,96,51,1
2.8671350917330702,100,100,39,1
5.8976046469942629,96,97,53,3
1.8365522685129640,96,97,48,2
4.9368221493801991,96,96,48,4
0.4467276579231186,100,101,61,3
4.3498200556519686,98,98,45,6
5.7958730253801161,96,97,61,1
3.4103933615528885,100,101,49,7
1.3112899437756818,100,101,50,4
4.7706592605248543,100,101,64,0
0.6516524624345699,100,100,58,0
2.1089465900163513,98,98,54,5
4.1771932933003519,100,101,55,3
1.2077753628514187,98,99,51,0
4.2795359736665999,100,101,56,6
0.7948459764258899,100,101,55,1
4.1589308478155793,92,93,42,6
1.2971638602589608,100,101,53,7
1.4740722612038415,100,101,44,0
1.4265406807253005,100,101,53,3
1.5871329791959183,98,99,48,1
1.4311100712001072,100,101,43,3
0.0546986325140886,98,99,48,5
3.5041794442342633,98,98,49,0
1.6091037591930872,100,100,52,0
6.0052518042138878,100,100,54,2
3.1822196895593455,100,100,53,3
0.6573894156331874,98,99,50,5
3.8611135519011897,100,101,57,5
3.8765899988180541,100,100,46,4
3.6976922877812397,100,101,47,5
2.5960605897437783,96,97,50,4
3.7880456743516264,100,101,47,1
3.1050037996093365,100,100,50,0
3.3823294157220745,96,96,53,1
3.0252879223607079,98,98,45,0
4.0197592249646208,100,101,58,0
1.9177113442579201,104,105,49,3
1.3903945077192139,98,98,46,1
2.5397907408341371,100,100,53,3
3.3651147192003186,96,97,55,3
0.7591113675230963,102,103,50,5
5.6881638777879573,100,101,44,4
1.4831980876004713,100,100,53,3
1.2302802102211747,94,95,46,5
5.9839161155091816,96,97,47,7
2.8389756170252536,100,101,52,0
5.5597822971289288,98,98,54,1
0.9693841113735702,98,98,47,4
0.3948190998950973,100,101,50,4
0.0337665259586856,100,101,56,4
1.9430739304741742,100,101,47,1
4.1331393022859793,98,99,60,1
5.5702123679512630,100,100,58,6
0.2618306147104572,98,99,59,2
4.6778518979016743,98,99,53,4
5.0064988455479753,98,98,47,4
2.7633397670227371,100,101,39,7
4.7210703015270958,94,94,49,2
5.8765437752109539,100,101,44,4
4.1529755080324700,94,95,49,6
6.2609604563744314,96,97,41,5
1.2645203457592451,98,99,43,4
2.7766023016758137,100,100,44,0
4.0594287147501911,100,100,47,3
1.2483470966528742,98,99,50,5
4.6087152219922816,98,98,53,4
4.7235632784086521,98,98,48,3
1.8012232294339334,98,99,48,7
2.8905042474141465,100,101,51,3
5.5536868540833977,96,97,50,2
1.0116319449406850,98,99,62,3
2.0024553866412855,100,100,63,5
5.3825747041931509,100,100,47,1
3.9776937623546473,98,99,51,0
5.9128418604173518,96,96,47,7
1.7398219931524734,98,99,49,6
1.3841053772611487,100,101,50,0
5.7649666164735258,98,99,50,5
2.0256480669039321,100,100,53,1
0.5735188519177338,98,98,49,2
5.1886741447486218,100,101,56,0
3.1590866866090161,98,98,58,1
4.8956428384233490,96,96,53,5
0.3295836772454139,98,99,48,7
2.1393407986298700,96,97,46,2
2.4861846043651523,100,101,58,6
5.7038042409376724,100,100,47,5
1.8848694331714344,96,97,54,4
4.8237168357382139,100,101,52,6
5.4428305656520868,98,99,51,4
4.4480094127651553,98,99,44,5
0.0788486044169202,100,101,52,6
5.5498098374640810,100,100,56,6
3.2285680282046991,98,99,55,4
2.1680759496602766,98,99,59,0
2.0636264590895492,96,97,51,3
5.4251869100551371,100,101,51,5
0.0504438390740990,92,92,42,0
5.2273855073236826,92,93,48,6
6.1727132380493517,100,101,61,1
3.1695349214202420,98,99,41,2
4.2055890108424396,98,98,50,3
2.5620427730769011,100,100,49,5
4.6360325714630637,98,99,53,2
3.7001906805601790,100,101,44,4
0.5904417165401367,100,101,56,6
0.7175158657800409,102,103,61,0
0.1731024952123623,98,99,49,2
0.9464944833618396,100,101,59,3
2.2294721872852383,100,101,54,6
1.4531491883216203,100,101,53,5
2.6104465814149407,98,98,49,0
1.2395705818912075,100,101,42,2
0.3398630773084116,100,100,54,4
0.2500032247496947,100,101,54,0
5.6209036513635979,100,101,52,4
0.2527127152054160,98,99,58,1
1.7939999759260226,98,99,50,3
5.6061173279455421,100,101,52,6
0.3036005912241743,100,100,45,7
4.7252466359665259,98,98,59,0
4.4347708157875108,100,101,56,6
4.6991137376176573,100,100,54,4
6.0108925709746464,98,99,50,5
6.0047414596067989,98,98,46,5
3.4114806814031176,94,94,50,5
3.7751546816501294,98,99,52,3
3.2286483369536434,102,103,48,1
5.4512762714670240,100,100,52,4
2.7172450303418154,100,101,56,2
3.1308237212457635,100,101,56,0
3.2679018695654407,100,100,49,1
0.1948260652335100,100,100,48,4
5.9686716362033430,98,99,54,3
3.7482508400024925,100,101,43,3
2.4929059160180342,98,99,52,5
2.4022324522752658,100,101,49,7
6.1466284720253919,94,95,50,7
2.1740323166937028,98,99,55,0
5.5522412569749688,100,100,63,7
2.0612506478207773,100,101,54,2
5.9894593752366765,100,101,50,0
6.1288830280158955,100,101,55,5
1.8240882716775961,96,97,58,4
2.1105218720983192,98,99,49,2
3.5861313689808076,102,103,57,6
4.8349269636606760,98,99,49,6
0.0998555607093075,98,99,55,4
3.9643958251782530,100,101,52,4
4.9065687425456836,100,100,59,7
4.9840039928295017,98,98,44,1
1.9379891194271173,100,101,59,5
1.9096187461768739,98,98,50,3
3.0666842219165593,98,99,47,6
0.8621899136878214,100,101,48,6
0.1308296257393547,100,100,46,4
4.8267141662545967,98,98,51,6
4.2558358527699003,100,101,51,7
3.1035835539675225,102,103,45,4
3.9838974921528996,96,97,45,3
0.6176648967828351,100,101,59,1
1.6429947733086963,102,102,54,7
0.7049305723381801,98,99,50,1
0.6791816929241050,98,98,53,4
5.8769634500549142,98,99,53,0
4.6797854210756595,100,101,57,3
1.9103916292157304,102,103,55,0
5.1411248187015079,98,99,63,2
1.5858535908159215,100,101,49,5
3.7517118692152183,98,99,58,3
2.8952979984725733,102,103,60,3
4.0924910526701455,92,93,49,3
0.7078061440549783,98,99,59,4
3.0789587245200054,100,101,46,4
4.2751771599193269,100,101,53,5
5.2619543429856233,98,99,49,6
5.1025684455191955,100,100,57,7
4.3229868101244495,100,101,47,1
0.7017022431205472,102,103,50,5
3.1932285269670415,98,99,55,0
1.6409479011053805,100,100,52,4
2.5853015367044585,98,98,51,2
4.9885273256503888,98,99,42,5
1.3749458099076362,96,97,45,1
4.2788646728119062,100,101,48,0
3.1751244709531239,100,101,55,1
4.3650443134439412,100,100,57,3
5.3506871312342126,98,99,47,0
4.0548400665007360,100,101,56,4
4.6667934569085032,100,101,55,5
1.6463965506405827,96,97,50,4
1.3044778601340228,100,100,48,0
2.8906539763776449,100,101,31,1
2.7816374393938634,100,101,50,6
2.1664191763555021,100,100,50,2
2.7200898227659458,98,99,59,6
2.1898212269109973,98,99,46,7
0.7939042732365038,100,100,50,6
3.8273141507083426,100,100,44,0
0.2864640479775021,98,99,43,4
1.8751570442721659,100,101,52,2
1.1019693843069751,98,99,51,6
0.3576468162274306,96,96,57,5
0.7352002759365268,96,97,49,3
5.4135172132616738,100,100,62,2
2.3758805091319859,98,99,42,7
2.1118206112142430,98,98,56,7
2.8957663238591462,100,100,57,5
5.6420858554471813,98,99,49,4
0.4105120454215941,100,101,54,0
2.3970195073296048,98,99,58,7
0.8699210792481038,96,97,46,0
2.4547259429446093,98,99,53,6
1.4875029205508246,98,99,56,5
4.3959498883215575,96,97,51,7
4.7426239434418411,100,101,53,5
2.9898681278604382,98,98,43,2
4.9853081326786857,98,98,55,6
5.8914484349463310,102,102,57,0
0.6939572007421447,100,101,56,4
3.0729012819965908,98,98,57,6
3.4692570978083590,100,101,43,3
1.4480715184134183,100,101,57,1
2.4732114405074954,98,99,49,4
5.4072256772505600,98,99,53,4
5.6377384179312200,102,103,54,7
2.9921276841527891,98,99,46,5
3.7430562746818796,96,97,57,3
1.1495160846068582,100,101,59,7
4.3081416520478282,98,99,44,1
5.7956382551695249,100,101,56,0
3.3433489809941497,98,98,54,3
0.1822452980433610,96,96,46,4
2.6328961236155330,98,99,56,1
5.5079144002783531,98,98,56,7
3.5662618107062687,100,101,48,2
1.7289814593400772,100,100,48,6
4.6316445179301846,98,99,52,3
4.3355923821528748,100,101,57,1
4.7105097731432668,100,101,56,0
0.1006742260095108,100,101,41,1
0.9904217978757701,102,102,55,2
6.0697233199656520,100,101,60,6
0.4436252969211473,98,98,52,5
5.3005941873983380,98,98,40,3
2.3829300105044493,98,98,46,3
2.3429712464733177,100,100,46,2
3.7871259134541058,100,101,54,6
4.8712482008688367,100,101,56,0
0.0055180039193195,100,101,52,2
5.4634975286105201,98,99,50,3
3.0642192361171690,102,102,53,6
5.7371746822431078,100,101,50,6
0.5814434752453518,98,98,44,7
4.4985140796700183,100,100,56,2
3.8186698161460670,98,98,56,5
2.0503608042940122,98,99,56,7
4.1214217415363485,100,100,57,7
4.7013595200076166,98,99,52,5
2.3017945033338520,98,99,46,7
2.2628301420516164,98,99,49,0
1.0944877389719903,98,98,47,6
4.3335080093617266,94,94,41,0
5.1083531856367497,100,100,48,4
0.9431265423376461,104,105,43,7
1.7212963768389953,100,101,58,0
5.6516239245617061,100,100,58,2
0.4826946645457993,100,101,58,0
2.5647833490312766,100,101,50,6
2.7077056827089563,102,103,51,4
0.4495887659326058,98,99,47,4
6.0953306668949612,98,99,51,4
1.0094459643234901,98,99,56,5
1.3109732270481338,100,101,57,3
5.2523438321089770,98,98,56,3
0.6613643208090942,100,101,60,4
2.2144811760790137,98,99,54,3
3.3842720002567885,96,97,51,7
4.2046561091722463,98,99,53,2
3.0850938484351778,100,101,55,1
1.1263339437992448,94,95,44,7
2.7861129240907121,90,90,48,5
0.7364275195211810,100,101,63,5
5.3325262993870943,100,100,53,5
5.9315323540417371,100,101,49,3
0.0310590240591982,100,100,50,4
3.1972021723454032,100,101,45,1
4.1518800229062105,100,101,48,0
6.0439295741448724,100,100,55,5
3.6562236858134569,100,101,52,4
5.4520188564739254,100,100,47,5
4.7994303126323690,94,94,55,0
0.5081222163781690,100,101,51,5
5.5753788864538141,100,101,40,4
0.3883740866966733,102,102,59,2
1.9831763009167629,100,101,47,1
5.3561447706069538,102,103,52,5
4.8141087092180550,100,100,52,0
5.7346517002740640,100,101,58,4
4.9068388013177096,96,97,43,5
0.8417512575835508,100,101,52,4
1.6701884222911612,100,101,52,2
6.0405540966011690,98,99,57,2
3.2266856109726003,100,101,44,6
4.4340502505813539,100,100,53,1
1.0191452163997818,96,96,53,5
4.2893174027245200,98,98,55,4
3.2369621270933004,100,101,49,7
4.2530382779548148,100,101,49,3
0.6744074425355616,98,99,48,7
5.5640454436560258,100,101,44,6
3.5750218781396330,100,100,52,2
3.2022773974903882,96,97,48,2
5.1384042487485591,102,103,59,0
4.5748064607693362,100,101,57,3
4.0953499889563583,100,101,54,6
5.0244668843566886,100,100,57,7
0.3621635872545446,102,102,60,5
0.3150584465541580,98,99,60,5
1.6517034812728575,98,98,51,4
4.8357184245291958,98,99,55,6
1.1601355403738816,100,101,46,4
5.7722448696908142,96,97,39,1
0.7247243802260468,98,99,50,1
1.8046942435640774,100,101,48,4
6.1997622069707026,96,97,49,3
6.2677374889898516,98,99,64,1
5.9151595656925613,98,99,52,1
2.7907154110010501,100,101,47,5
1.1134637774195695,104,104,52,0
0.6671123886885288,100,100,52,2
1.3554551658680187,100,101,48,4
6.1528477192411337,98,99,49,2
4.4555781963184833,100,101,65,3
4.4154715873932888,102,103,50,1
2.2179439039463094,100,101,64,2
5.4579940209463578,100,101,47,1
1.1621651741877848,100,101,51,7
0.6713372580456618,98,99,55,6
5.2126067351264354,98,99,58,7
3.4881614875522100,100,100,58,0
1.3450267027367027,100,101,59,1
3.1550358352448007,98,99,61,0
4.8951437489537337,98,98,45,6
4.3414651230201287,100,101,50,0
3.9172125043075385,100,100,49,5
4.8055553293048403,98,99,48,1
0.5550213266277447,98,99,51,6
3.1627446498221401,98,98,44,3
5.3188239338469359,98,98,51,2
0.5894108286289125,96,97,55,7
3.6866569956991468,98,98,49,2
2.5033257938898577,98,99,50,1
0.4332832707750485,98,99,49,4
2.7972249387380650,102,102,47,6
1.4647641280965964,100,101,53,5
3.0394445779876045,100,101,49,1
4.2916820956744415,100,101,56,6
5.7624715276089642,100,101,59,3
0.4369265015774002,98,99,59,4
5.7422990684557451,100,100,50,6
0.5923473412908693,98,99,45,4
4.4316496369726988,100,100,51,3
3.8425871905456050,100,100,55,1
3.6038170609832099,100,101,50,2
3.7660457210320746,100,101,47,7
3.5855829601138991,98,99,61,4
3.6631008873246285,100,101,54,4
5.1354521800194268,96,97,50,4
4.9856128369210406,100,101,54,4
1.5226340382139665,100,101,43,7
2.7397068425591824,98,99,51,6
1.6955325891197588,96,97,49,3
0.2872109683848363,96,97,49,3
1.2426828448571741,98,98,45,0
2.2317980180556369,94,94,43,0
3.7260662600667245,96,97,47,1
2.1864856135445598,98,99,58,1
3.0728124049939578,100,100,47,5
5.6174461984825328,100,101,56,2
5.5735705335450367,96,97,46,0
3.3180975245615412,100,101,47,1
3.8369457845362711,96,97,45,7
3.4408499198201721,100,101,55,1
4.5384825302717884,98,99,51,0
0.8882005629557455,100,101,49,5
2.9856591945649447,98,99,51,6
2.1881372957515715,98,98,53,6
2.9195834214439351,100,101,49,7
1.4817231082296840,98,99,55,2
1.6055125957264484,98,98,50,5
1.8119372559127715,96,97,54,6
0.6976875200125543,100,100,50,6
5.3633530544362005,96,96,52,2
2.7136924470596955,100,100,55,7
1.7054725857241582,98,99,55,4
1.5806168044823894,98,99,55,0
3.7322801071075067,96,97,50,0
1.7282665817596874,98,99,50,1
5.3072479761904159,110,111,54,7
5.5540038025797669,98,98,50,3
0.5443712051657199,100,100,42,2
1.2492005986607992,98,99,51,2
5.2787452732837306,100,100,51,1
3.8246848998775067,100,100,57,7
2.4785713851903988,100,100,45,1
1.0136161339526188,98,99,58,3
5.3768866246522276,98,98,58,1
3.6015330368505891,98,98,47,6
0.1170840435059930,100,101,44,0
2.7794772339503151,100,101,55,5
5.0901526962988912,96,96,54,6
5.4376416163226651,100,100,50,4
1.0571168737940129,98,99,50,5
3.0779227800321753,100,101,52,4
0.1749910381882075,100,101,53,3
5.7611386510021250,100,100,44,2
2.6377556054712485,100,101,46,6
3.7166538267128550,98,98,56,7
3.6104286305976898,100,100,50,0
5.0249370010024004,100,101,55,1
5.4730100880510948,98,99,51,6
3.3642754314264294,100,101,58,0
1.8171740048336604,100,100,51,7
5.1192018780754340,96,96,51,5
6.2266608311775995,100,101,56,0
4.7423734363749936,94,95,54,7
4.9088135767449455,100,100,59,1
2.1698485477584679,100,101,54,0
4.2940468466714039,98,99,58,7
5.3496066082524809,100,101,53,5
1.3270947901282901,96,97,47,7
1.5895460604057798,98,99,39,2
1.4996890077358687,96,97,54,6
5.5392512589174894,100,100,40,0
3.7734995143811214,100,101,45,7
4.6795495647203378,98,99,52,5
2.4638883812964227,98,98,51,6
5.1489835723694029,100,101,50,4
5.7757916492729944,98,99,52,1
6.0548134228090484,100,101,52,4
2.2495162188066291,102,103,65,0
4.0078889495258512,100,100,51,7
5.0849621375687404,98,99,54,7
5.5622061561474787,98,98,51,2
2.6682800237375637,94,94,50,3
2.9764326834912227,92,92,49,5
5.4388858344757534,98,99,53,4
3.6720132072678604,98,99,52,3
3.4923406264228167,96,96,46,0
1.7240398313492311,100,101,57,5
4.2893380151931826,96,96,48,6
4.2336383152606807,102,103,50,7
4.6634578325287928,100,101,53,7
6.0989705309636273,100,101,48,6
2.4701881664074445,96,97,50,4
0.6337938064635920,98,99,56,7
2.1508938475158934,98,99,46,3
3.2799266253200798,100,101,39,7
2.9907243452249475,98,98,46,1
2.9838148615711861,100,101,48,0
4.0452493343282514,100,101,55,7
1.0219602990966696,98,99,53,4
5.8508671505795968,100,100,49,7
1.7888766690977100,102,102,54,7
4.6455622940184993,98,99,55,6
3.2981545257695362,100,100,55,3
1.8883502099358318,98,99,62,7
5.4139626558078442,96,97,48,0
4.6645973268314354,102,103,58,7
4.8096858689580326,104,105,55,1
1.6451338861372915,98,98,52,7
6.2338745503060098,88,88,47,7
0.8280730895270033,100,100,47,5
1.2994406587859539,98,98,44,3
4.6025845722278813,100,100,54,6
3.5314693141652627,100,101,54,4
3.1704236096652072,98,99,50,5
5.9708226831708417,100,101,45,5
5.4342232974327462,102,103,54,5
3.3619372461255250,100,100,60,2
5.4613309704474799,100,101,56,2
2.3817940993023798,100,101,46,0
5.1638914716375304,100,101,70,4
0.0741164753281282,100,100,45,3
0.7072068664991701,100,101,54,0
2.9933223681757357,100,101,46,0
2.1289355751290575,98,99,50,5
0.2343028108946009,98,98,52,3
2.4624373394195271,100,100,46,4
5.5539966614968730,98,98,50,3
1.3429195277981194,100,101,50,4
5.1266135557708541,100,100,51,7
6.2322857006419392,100,101,48,6
3.1212487476879311,100,101,48,0
5.1628091343558031,98,99,56,7
1.5591343266105981,96,97,42,6
0.2952795875391372,96,96,44,4
4.4963228753278566,96,96,41,5
2.4045356209805915,102,103,48,3
5.5980222690981041,100,100,55,7
0.4349926969731014,98,98,59,2
2.5478094547033341,98,99,59,0
2.8698184606823429,100,100,54,4
3.8831150184530094,98,99,57,4
2.6652369406441401,98,99,40,5
1.5624754614785437,96,97,48,6
0.9454481224341588,100,100,50,0
4.1780243713343967,98,99,48,3
4.4583913820756038,98,99,50,3
3.0599815844312994,98,98,50,7
5.0717893161056811,102,102,58,7
1.6224085316106951,98,99,49,4
0.5606647998160317,100,100,52,6
5.0465718124211447,100,100,49,1
5.9317120035599320,98,99,60,3
0.9187011046108209,94,95,43,6
6.1368553264165726,102,102,53,0
0.7401527343338424,98,99,55,0
5.5593889039390865,100,100,47,3
1.0310534892697731,100,101,55,3
5.7359968347442383,100,100,48,4
1.5608655719066578,96,97,51,7
5.0752525790258529,100,101,47,3
2.9928481761107935,98,99,46,1
0.5467000156078901,94,95,50,5
3.3635082062632438,96,96,51,5
3.8483086975277496,96,97,50,4
0.7271305324069063,94,95,48,1
5.1205195334951021,102,103,48,3
3.7892857558428594,100,101,50,6
2.5484296697694697,100,100,47,1
2.5350065939784643,98,98,44,7
0.5355135110550857,98,98,46,3
1.2736388872355302,100,101,60,6
1.8430123885433902,98,98,57,4
4.7252275927889906,98,99,46,3
5.0555148686155293,98,99,58,7
1.0983426813956838,100,100,47,5
1.6578867193574429,102,103,43,4
1.4477211689732585,100,101,43,1
0.7605584862343476,96,96,41,5
5.0671719515496578,100,101,56,4
4.6734838710784317,98,99,48,7
5.1641849421960160,102,103,60,7
5.4459270538579947,100,101,47,7
3.2136648891907860,96,96,55,1
2.1535153547934680,98,99,48,1
2.4722266737722509,96,97,46,6
2.6512983580897020,98,99,48,3
1.8498975611512065,98,98,46,5
3.2053269941084825,98,99,51,4
2.0255188634295491,100,100,56,0
3.5713009914265443,98,99,50,5
3.9570582081718033,100,100,64,2
0.2433602167354875,98,99,51,6
3.8797969235841525,98,98,45,6
4.8912851665140140,96,97,43,3
3.6198670708532497,96,97,42,0
4.1300656027388936,98,99,55,0
4.0076448306776662,96,97,54,0
3.5056891627301581,100,101,47,1
5.1001797132417925,96,96,43,5
5.0695853461511922,102,102,52,7
1.0749672340183869,98,99,42,1
5.8607866713914127,98,99,52,5
3.5680383094863091,100,100,45,1
0.8919225547111416,98,98,44,7
5.5520856416921882,98,99,51,6
1.3335850247919379,98,99,58,7
6.2415601613705878,94,95,44,5
6.0789219229270142,100,101,50,0
1.0388570611527506,102,103,47,2
6.1737989472806811,100,101,54,4
5.5274924167755399,100,101,54,0
2.3386660864824984,98,98,51,6
1.4594911289727128,98,98,47,6
1.2467565087732242,98,99,44,5
2.2341436595013415,102,102,52,5
2.7936251741927105,98,99,56,7
5.3424674092956135,98,99,42,5
3.4626528954489246,100,100,53,7
2.7864002455800243,100,101,43,5
5.4863698474576745,100,101,48,2
3.1384460236910692,98,99,42,5
0.7379719325024591,100,101,48,2
2.7128150490368750,98,99,53,2
2.4352436773376138,102,103,56,1
1.7249650766942510,98,99,52,5
6.1419975643616231,100,100,51,3
4.0016235712870225,100,101,55,1
1.2306034313658389,100,101,50,0
0.8044283394125850,100,100,60,4
1.2569188070452206,100,101,65,1
2.1368153571216109,96,96,46,0
3.0621412336907072,98,98,53,0
2.5270048325394532,98,98,49,6
6.1811741247534746,98,99,62,1
3.2755666620869222,92,93,46,6
4.8486385614762542,100,101,48,4
5.4870380926054914,100,100,47,3
3.8716168413997663,98,98,61,4
2.0644692610361197,98,99,54,1
5.7064122929619279,100,101,52,6
5.7235987426074759,100,101,48,6
2.0855502936908215,100,101,55,5
3.9075003789622591,98,99,58,3
1.2824278787157062,100,101,58,6
0.3048459494383559,98,98,51,6
4.7522258886846611,96,96,51,5
6.1712334171098009,98,99,53,6
3.4753667475704009,100,101,52,6
3.7243070480784843,98,99,47,0
0.0740225427855445,100,101,54,2
6.0798927689035951,100,100,52,4
2.3119244678879158,98,99,53,0
5.2175186961544506,98,99,46,7
5.8759922679645529,100,100,61,3
3.3356655476970767,100,101,52,0
4.7300858115760800,100,101,49,3
5.1003431973901119,98,99,51,2
3.2968616280843355,102,103,53,0
1.4660978653908987,100,100,41,3
4.7294031322881906,100,100,50,2
1.6945026585459666,100,101,42,6
2.6881458600353660,100,101,44,0
6.1815682312650315,102,103,67,6
1.4991871139985264,100,101,48,4
3.2680319206348356,94,95,50,3
2.6640190978462988,100,101,53,3
1.3398230236160256,96,97,53,3
2.3163257867473281,100,101,47,3
5.3479967346527078,96,97,48,0
0.6560861555263797,98,99,51,6
6.1725617901344716,100,101,60,0
4.7891808595565770,94,95,53,4
6.1277490534417112,100,101,57,5
5.8770304639397413,100,100,45,7
5.4693112138124009,100,101,52,2
5.5593346641859274,98,99,49,4
0.5095750708809571,96,96,49,7
0.6603125252593917,96,96,50,4
2.2601990702343655,100,100,46,2
2.4666469204664168,98,99,56,5
2.4089561911281678,98,99,46,7
4.3960822579778931,98,99,43,6
4.9893574707466843,96,97,54,4
3.0797257656161077,98,99,44,3
5.1532821819377084,100,101,62,0
0.0447621745989830,96,97,51,7
5.0379898927498470,98,98,59,6
4.9841811422484970,100,100,50,2
5.7192236144943607,100,100,49,1
5.8246367652773170,100,101,45,5
1.2409685603576757,100,100,50,6
4.5654633547545265,100,100,55,5
5.5261069952822428,100,100,49,1
2.4223424644682083,98,99,54,3
0.6101408873419751,98,99,41,4
1.0700453658785065,98,98,49,2
2.8134873943858012,100,101,58,4
4.6295695333085218,100,101,55,1
5.3522471463374446,100,101,52,4
0.1261098402492711,100,101,55,1
0.3960535155912651,98,98,49,6
0.4739702325759308,98,98,39,0
5.7132356976576277,96,96,47,5
2.5612945262840410,100,100,47,7
2.2320021016589586,100,101,53,5
2.5312120523572603,100,101,49,7
6.0927375974599460,100,101,49,5
4.9438256689185112,100,101,47,3
5.5339105440785241,98,98,59,6
2.9580001980419817,98,99,49,2
5.6553095063280789,96,96,52,4
2.0881513722063265,100,101,44,0
2.3737238879996068,100,100,53,3
2.3754634030273660,104,104,57,7
2.6971388532718752,98,99,45,4
4.3297803330458651,98,98,48,1
0.3152788428853904,98,98,56,3
6.1667398023336366,96,97,56,6
1.6163326377092846,100,101,57,5
2.9854963042652494,100,101,55,3
6.0654247787426030,98,99,50,3
0.1819950596714344,98,99,46,3
2.1402495899897178,98,99,61,2
5.8498307856820979,96,96,53,5
6.2776556550644962,94,94,52,7
6.2782117396990511,100,101,51,7
6.1104789980268368,100,101,49,5
1.5012810101443084,98,98,53,6
5.5737566966983465,98,99,62,1
3.2491626432375025,100,101,57,5
4.8356264132186020,100,101,50,4
5.2458999963014357,94,95,47,6
6.2771964587444602,100,100,40,6
4.5397970842442295,98,98,42,7
2.9928589765817053,96,97,55,7
0.9290906099827477,100,101,57,1
5.4214650421853889,100,101,53,5
3.1380965558381675,98,99,48,5
5.5238840190614944,100,100,52,2
4.6376977010164637,98,98,58,5
4.8811846926726723,98,98,46,1
4.5015042997953554,98,99,54,5
5.6836829822099606,100,101,42,6
5.2163932867089020,98,99,45,4
5.4508228339654723,100,101,48,6
1.5914483074022134,104,104,60,4
3.3377934975826906,100,101,59,3
2.6700471495051334,100,100,47,1
4.7503166703477149,98,99,54,7
2.9303954508147361,98,98,49,6
0.3537137426652304,98,99,57,0
6.1436554394270573,100,100,52,4
4.2531123152265220,98,99,43,2
3.9096591184526774,98,99,52,7
2.3880312851871524,98,99,52,1
0.5363226099773160,96,97,40,2
1.4673028932054251,98,98,52,1
0.4808687217127768,102,103,50,3
2.0425125086164635,100,101,58,6
2.4512632467194355,100,101,53,5
4.1368634852077886,100,100,48,6
4.0092669456912366,98,99,47,0
5.6823407304405658,100,100,45,3
2.0200914305998068,96,97,52,6
5.1175076774301500,100,100,49,5
3.4607353264646483,100,100,40,2
1.7032287848209948,98,99,52,3
2.0557358840865612,100,100,59,3
4.7318897681513974,102,103,52,3
0.9820913770503359,100,101,46,0
2.7821412984486762,98,99,42,5
1.8179298186013126,102,102,43,0
1.8817790654769839,100,101,57,5
4.2397719267949876,102,103,58,5
2.2078692449345865,96,97,57,7
6.2577982568405046,100,101,47,5
1.6128788461053212,100,101,52,0
4.0525134531600129,96,97,58,4
3.4410018016110269,98,98,57,2
3.5486405794268800,100,101,46,6
3.2221162833986070,98,98,48,7
5.4567625408716918,100,101,45,5
0.1591965024250159,104,105,61,3
4.7159707104351156,100,100,51,7
6.1855317240814669,100,101,57,3
1.7069363311647561,98,99,57,0
1.7473640893917604,100,100,55,3
1.3591874828440018,94,94,43,4
5.1433530285534905,98,98,48,3
1.4645316861502313,100,101,48,4
4.1119017673923928,100,101,50,6
1.1232458947396065,100,101,50,4
0.8955602529203628,98,98,53,4
1.8737880034716103,98,99,46,7
4.4345233028221331,98,99,48,1
2.8791104525716023,94,95,47,0
1.8320992189023411,100,101,45,3
5.1929207986274770,94,94,40,5
4.0882575956427889,98,99,57,0
0.9997737680709344,92,92,47,1
2.7099377581271344,100,100,52,6
5.7690305863207971,100,100,50,2
2.9197515633039939,102,102,50,7
2.3159429359398027,100,100,54,2
3.3150221815455230,96,96,59,3
2.7500566290532213,102,103,55,6
3.9056642353631026,96,97,53,3
5.4635231686726549,94,95,47,0
0.9805838494328313,100,101,61,1
5.9074041367515360,100,101,57,7
0.0475095507282028,100,101,60,2
3.9115590520051260,100,101,62,0
0.2648655181103213,102,102,58,1
2.4231018278523173,100,101,55,1
2.6832706512293223,98,99,63,2
4.5683328757778883,100,100,61,1
3.1398039456631346,100,101,51,1
5.3090401473719444,98,99,54,5
3.3525122898472404,98,99,44,1
1.4381295492555861,100,101,51,1
3.5621283550968248,98,99,59,0
5.5114749570670192,98,99,48,7
3.4665482981701952,98,99,60,5
1.2556981714847724,100,100,50,4
4.6869750032811064,96,97,51,5
4.7549141226825435,100,101,51,7
0.6092269242249089,98,98,46,5
1.2670972213504093,98,99,55,2
5.5653460665353105,98,99,46,5
4.2761671170121627,98,99,45,2
3.9288953765150372,100,100,54,6
0.0091125574680902,100,101,55,1
0.1067962897631930,98,98,46,3
5.4949441225618907,96,97,49,5
6.0456842550426639,98,98,57,6
3.3342179816773592,98,98,44,7
1.9918606283498059,98,99,47,2
4.6462278746260184,94,95,47,6
4.1442340076332904,100,100,48,4
6.0117955884542411,98,99,56,1
0.8246700250503093,98,98,54,3
4.0644301412862420,98,98,56,1
1.6490335332405788,96,96,48,2
5.7733154013325425,100,101,45,7
2.3774723699558544,100,101,49,1
0.5173993260657302,98,99,43,4
3.8003598290653993,96,97,50,6
2.7760685346903626,90,90,43,2
2.5131700460542801,102,103,66,1
4.4424466886393725,92,92,44,0
4.2631885516558228,98,99,49,6
2.7047556421022700,98,99,48,3
3.7684825018954022,100,101,50,4
4.2418065324842038,100,101,51,7
3.9049297145802768,100,100,52,4
2.6341251470538163,98,99,50,3
1.6682581616532182,98,98,47,6
4.2578904333534231,94,95,44,3
5.1200830294399164,98,99,52,7
1.1714721901842691,98,98,50,3
0.4461697735762504,98,99,46,7
0.4837195909750606,98,99,49,0
3.8036486236382077,96,96,48,0
2.1088898344950748,100,100,48,0
3.0308407991172222,100,101,58,6
5.5456008224493614,96,97,51,3
5.3939288186745191,100,101,51,5
1.1460153377931588,98,99,41,2
2.8054895931908113,100,100,58,4
2.9575208870810936,98,98,51,2
3.7125781501407125,100,101,44,2
1.7534704273916837,100,100,53,1
3.1712241670434813,96,96,42,4
3.5569935208644283,100,100,51,5
0.0033448638296719,98,98,57,4
2.9186524865160774,98,99,50,3
5.9876571801381679,96,96,47,1
2.4397786856992560,98,98,48,1
5.6945603697793352,100,101,51,5
4.0324118110154661,98,98,52,7
4.9442887106559770,96,97,50,0
2.4315884773523866,90,91,49,2
3.9898872346959644,100,101,51,7
6.2390588289716025,96,96,51,5
0.6449909256845283,100,101,51,5
4.7547172447031434,100,101,54,6
0.2111430562843970,96,97,48,6
1.5492986748032027,98,98,61,2
5.6918070319436698,100,101,52,4
2.9274637133012753,100,100,44,2
1.9671597258736084,96,97,50,4
2.2176148517037388,100,100,46,0
0.4077213314132778,100,101,62,0
5.9886727698677165,98,99,47,4
3.4271784706871791,100,101,54,6
5.5777307349936853,100,101,49,5
4.8609139190074364,96,97,46,0
0.5597127257328907,98,99,48,7
2.3990014228004770,98,99,46,1
1.8651865974572837,98,99,48,3
5.3918290183466588,96,97,49,7
5.5547339334862418,100,101,46,0
5.4308209509158152,100,100,53,5
2.2340046748653024,100,101,48,2
1.6033196827400686,98,98,40,7
3.4739755413148394,96,96,50,2
2.5790757646820950,100,100,50,2
3.4129592492857808,98,99,54,1
3.1438215500282385,100,101,51,5
3.4094975058608323,98,99,51,6
4.6766190721464298,100,101,50,4
1.7673325822515509,98,99,59,0
5.3254910947544722,100,101,56,6
4.5611142747668625,100,100,53,7
0.6460003241326683,102,103,63,6
0.3301430633430092,96,97,49,1
6.1262427402749653,98,99,49,6
1.6936492376329597,100,101,55,7
0.4483292888188128,98,98,60,3
1.1794663864555894,96,96,44,2
2.4018048304402897,98,99,47,0
3.8265651601847628,94,94,49,0
1.2577286619830919,98,99,55,2
2.2046500050349715,98,99,54,1
2.8295037042146536,100,100,51,5
2.9983217046460720,98,98,47,6
6.1414171212833875,100,100,48,4
5.6145314201267116,96,96,49,1
2.5369033035212323,98,99,47,6
1.9885374336486392,100,101,52,4
2.1871555525381097,98,99,59,0
4.6940087709340368,98,99,46,3
0.9203328404619080,100,100,48,0
5.5854182794581391,96,97,63,7
4.3848668705495166,96,96,41,1
3.4465794481347141,102,102,49,0
2.6585784492965727,100,101,53,3
1.6912255701261754,98,98,40,5
1.8840339587060584,98,99,53,4
2.8860870022900547,98,99,59,0
2.5519781705098161,100,101,50,0
5.4318106907640535,96,96,53,3
3.5431074241773497,100,100,49,1
4.6187979346335242,102,103,41,6
5.5230127553016404,100,101,54,2
1.8260744327054979,100,101,53,7
2.5049900405610228,98,98,49,0
3.3650631084678460,98,99,48,7
4.0859655240730781,98,98,43,6
2.1780123286950261,100,100,51,5
1.3757598194707270,102,103,50,1
4.0529079178950580,100,101,57,1
2.1135701778078082,100,100,56,6
6.0533506429935731,100,101,57,1
5.2720322628533305,96,97,39,5
4.0860126954330704,96,97,51,1
5.7391512558652433,100,100,61,5
1.6321765570956177,98,98,50,3
1.9652891320267425,98,99,57,4
0.8704784670408475,102,103,52,1
4.2280242424234649,96,97,43,5
2.8826667929447582,102,103,58,3
0.5462502923166256,100,100,62,4
3.5602356767684755,98,99,43,2
2.5722382575999849,100,100,51,1
6.1708308081804697,100,100,42,2
0.6639516307886753,100,101,60,6
2.5348067154452965,100,101,53,5
3.1816803122491990,100,100,48,2
1.8198295556766444,98,98,48,7
5.3389215413463917,100,100,49,7
0.2439767938504925,96,97,52,2
1.7758688303733410,100,101,55,7
2.6042408098553134,96,97,43,7
1.7681236767120401,94,95,47,6
0.6586422489139846,98,98,51,2
6.0598063094027035,96,97,51,1
0.9096038681828569,96,97,50,4
0.9767553172085423,98,99,57,2
5.5011381109575233,100,101,64,2
4.2151560874656804,96,97,48,6
3.6727988153611788,98,99,55,2
2.4095134146647226,94,94,51,6
2.0322264877940968,100,100,45,1
2.0425112623908457,98,98,51,0
2.0103939224345040,100,100,50,6
5.8943496424844106,100,101,47,1
1.9625213872511431,100,101,55,5
2.8261153715657636,98,98,41,0
5.3147353906062271,100,101,61,1
4.4206206257635694,100,101,55,3
2.7515636555071374,98,99,52,5
1.3103114565110563,100,101,40,4
4.4122233795189665,98,98,50,1
3.0836446591678079,102,103,60,7
4.7457680439400605,96,96,51,5
3.3665585046948618,102,102,51,6
3.9030920711870811,100,101,58,2
2.0302087223433913,100,101,54,2
1.3868377342037936,100,101,50,0
5.4698489361815668,96,97,61,3
2.4669359036032210,102,103,50,5
0.2536748595105271,94,95,50,1
3.7209655738135163,100,100,53,3
1.9435350530153699,96,96,52,0
3.2770860852787163,98,98,59,6
5.2748346403610435,98,99,54,7
3.5354111467672134,100,101,43,7
3.4647092749255979,100,100,50,0
5.6549385208255130,96,96,46,4
1.7326288805128172,96,97,49,3
3.7593815380604769,100,101,58,2
1.8187156920638945,96,97,60,0
2.7724134649580110,98,98,53,2
5.9672825401337439,100,101,44,2
5.8504448914260392,100,101,55,5
5.3780672026621525,96,96,48,4
3.2206982281816567,98,98,43,6
4.7932266792924452,102,103,58,3
0.3678428794348844,100,101,56,2
3.5083276428683106,94,95,46,7
3.8472039302096470,100,101,42,0
3.2942041124653851,102,103,55,2
3.3594232399780761,96,97,51,5
3.6160566871615836,102,103,58,3
1.7080400659069539,96,97,55,1
1.7452806026035297,98,98,58,3
0.9044978673946786,96,97,54,0
5.1535832186630746,100,100,53,7
2.6857383533894645,100,100,56,0
2.6056078737780455,98,99,46,7
0.3589418108049828,98,99,53,4
1.7224354168845071,94,95,51,4
3.5814035740293075,100,100,46,2
3.6796410459830380,98,99,57,2
0.4817652312368857,102,103,46,5
2.9060400403152151,100,100,59,7
5.3509752597831737,100,100,53,5
2.4426194894675555,100,101,54,6
2.2118586910106250,98,99,52,7
5.6530837057289940,98,99,59,4
4.0862014912876541,98,99,54,7
1.9227820721173416,98,99,43,6
2.7168352153559523,98,99,54,5
3.1098244623274578,100,100,52,6
2.4041428525460842,102,102,55,4
2.5669920289608186,100,100,54,0
2.5289512949519355,98,98,55,4
4.3927732867121350,100,101,50,0
3.2592949958357180,100,101,57,5
2.7523617908797688,100,101,47,5
3.1465713816259995,96,97,39,1
6.0669066774526659,100,100,49,5
2.2038895450125580,96,97,55,7
0.2752957091560951,100,101,51,7
5.4897854566257882,96,96,54,6
0.7833593679028681,98,99,46,5
5.5149280043745961,100,101,54,4
3.4188916239387503,98,99,53,2
5.4770455872904273,94,95,54,5
1.5326827705229138,92,93,47,7
4.6548695097015163,98,98,44,5
2.4858117673981117,98,99,55,6
0.1699154662199295,98,99,49,0
5.4588009325903828,96,97,46,4
5.5671152456353754,98,99,46,7
4.6322408039735876,100,100,60,4
6.0770683618110750,100,101,43,3
0.4865571454959888,102,103,57,4
0.3698905634386946,100,101,55,1
2.6371017419744476,98,99,40,1
5.8466501845923631,98,98,44,3
3.0765950707762397,96,97,52,4
5.6061437620641836,100,101,58,6
3.7553305865002820,98,99,51,6
2.8658158729636636,92,92,37,3
5.5872516167634840,100,101,45,1
0.5688300312680329,98,98,46,3
4.2575671610989314,102,102,64,5
1.8578287242629834,100,101,55,1
2.5482606255803799,100,100,54,4
5.8200470202778813,102,103,52,5
2.2650620160810631,100,101,53,1
1.2705342635795760,100,101,52,4
1.2740539093385455,100,101,42,6
1.1608688966612108,100,101,42,6
2.4468219347989733,92,93,38,4
6.1627033475059241,100,101,53,1
0.1026938419182270,102,102,48,1
4.3939312446260983,98,98,49,4
4.7391144181030622,98,99,41,2
2.4556081356363126,100,101,46,2
4.0963788331261730,100,100,45,1
5.8616065465388143,98,99,45,4
1.7874957170841519,98,99,48,3
2.5016761087228132,100,100,55,1
6.0959757848405163,100,101,56,2
1.1168376141269152,100,101,58,6
5.0052160557420446,100,100,48,0
1.7177311787125151,98,99,57,0
3.5672924824186092,98,98,47,2
4.5344119015208433,100,100,59,5
1.0566725019170939,98,98,52,7
4.6221930657203858,98,98,53,2
5.4160090393911844,96,96,53,3
2.2336238208244450,98,98,56,3
1.5188811060307881,98,98,51,2
0.3257759531946323,96,96,50,2
5.0943952390251166,100,101,50,2
2.5991040526807594,98,99,45,0
4.8076876945678251,96,97,50,6
2.0417085358334752,98,99,50,3
5.0921068669690461,96,96,53,5
1.8623232537400789,98,99,54,5
3.3740496287595811,102,102,57,2
3.5571320047480270,98,98,58,1
0.5129529207116595,98,98,54,7
2.9770506322261108,100,101,54,0
0.6172088055612748,96,97,45,3
4.3630178304047451,98,99,45,2
0.6870606270463275,98,99,64,1
2.2480881179068386,100,101,53,7
0.0253558863049785,96,97,44,2
4.5636813750039105,100,101,54,6
2.0712405447554345,100,100,50,2
0.7925644516800093,98,99,49,6
2.6187133282166943,96,96,52,6
0.3174605211884895,92,93,43,3
1.5724930995012352,98,98,58,3
3.4371982055909860,98,99,47,4
4.5933447247956769,100,101,51,3
4.4962757908844386,102,103,49,6
6.0204940865171102,94,95,53,6
5.1369615361817482,100,101,51,1
5.8407851916348958,100,101,52,2
4.3574224916238338,96,97,54,0
3.5914020106730207,100,101,54,6
6.0446080092418324,96,97,48,6
5.3994675412498925,98,98,44,1
5.8459899825353947,100,101,51,1
5.2028531021077722,98,98,55,0
5.4592939795087787,98,98,44,1
4.3377500738432442,102,103,50,3
0.8819709773495511,100,101,57,7
3.7281210943578427,100,101,46,6
3.7484307843822222,100,101,51,5
3.3181268463240490,100,101,56,6
5.5550763243582981,100,100,50,0
4.2993692739445892,100,100,51,1
0.4343968220831629,98,98,46,3
0.6334320476947511,100,101,47,5
1.3636552791673988,100,101,50,2
5.5538780866426309,98,99,48,1
5.9795463486297340,102,102,54,7
2.0207291927956654,100,101,54,6
2.4555124018569243,100,101,51,3
2.5136784880701013,100,101,61,5
6.0653258299351638,100,101,50,6
1.4104481179378323,94,95,51,4
4.0719953651496308,98,99,47,4
1.1321283962390680,98,99,51,2
4.3958780852050063,98,99,55,2
1.8969952019837295,100,101,54,6
4.0624503974541453,98,99,43,2
6.0891761386972281,98,98,47,0
0.2815270813233907,94,95,46,5
4.4931302263105719,98,99,39,4
3.2112840217100831,100,101,43,1
4.9602932036050431,96,96,49,1
0.1859294660009444,98,98,46,7
2.4009360418939303,100,101,56,6
5.7454765951489311,90,91,52,7
1.7782723569955825,98,98,55,6
1.2050275376766759,98,99,57,4
3.2144297875089443,98,99,46,1
6.0231874307729028,98,99,49,6
3.3947041033553931,98,98,56,7
2.2705085425812266,100,101,53,5
6.1344325832344442,98,99,52,3
0.0135280535127438,98,99,47,6
1.3837886075360972,98,98,58,5
2.7731232010002871,96,96,42,4
3.3341095335381365,100,100,48,0
5.3623634289840627,96,96,50,2
1.7370514359489795,98,99,59,6
4.3488573687387744,100,100,58,4
1.7651486240466376,90,91,36,7
4.1485980350224878,98,98,60,5
5.3539608595970689,96,97,48,2
6.2329202737787366,98,98,53,6
5.8146020247519479,98,99,55,0
3.9155514168533134,98,99,44,7
6.2357799290073510,92,93,40,4
3.9202117392511733,98,99,54,1
0.4536352437606825,98,98,57,2
5.4989977127966645,102,103,45,4
1.6002679784280207,102,102,61,2
2.2794831275015448,100,101,42,2
3.5014516912056739,100,100,45,7
0.2647319978012350,100,100,48,2
4.2400379957937000,96,96,53,5
4.4203313855508881,100,100,50,2
3.5082983009764446,100,101,53,7
5.5770237648992156,100,100,54,6
0.0494325346151053,98,98,57,0
1.1411861332925044,102,102,57,2
1.9471860512728869,100,101,47,3
3.0714150053912830,98,99,45,0
2.2988313426709310,98,98,55,6
1.8093796065816847,98,98,43,6
0.9909303074199598,100,101,51,1
4.7912725515004029,96,97,57,7
2.6331587594230124,98,99,57,2
4.0133123648165707,98,99,53,0
1.1198403312212908,98,99,46,1
2.2945374243164522,98,99,47,4
4.2968628427311044,92,93,37,5
2.9966430775591664,100,100,50,0
3.7442598560822207,98,98,45,4
0.2049976984241704,100,100,55,7
3.0420209104881639,102,103,54,5
3.6128925131313330,98,99,58,1
3.4943108463039119,98,99,58,7
1.4921443617681476,102,103,48,3
1.2310526517349842,98,99,53,6
3.5566585214102320,100,100,49,1
2.7245932803252910,100,100,64,6
2.4184892086256355,102,103,54,1
3.2382817131868369,98,99,51,4
0.2444350975254772,102,103,38,3
0.3801128357359621,98,99,59,2
4.0828587541200960,96,97,49,3
4.6784367750976728,90,90,45,0
1.8358266595093160,100,101,48,0
6.1820959939747873,100,100,52,2
0.7720965644854630,100,101,52,4
6.0825224954578685,98,99,54,3
5.0752266853411294,98,98,58,1
2.6775879356123324,100,100,50,4
1.9020190330537041,100,101,55,1
5.4447172408152360,100,101,50,2
3.1454181467179207,98,98,51,0
1.8311536440367120,98,98,55,2
4.0102726717610544,98,99,45,6
5.9067319079728948,100,101,49,5
1.3972278621327539,100,101,50,6
3.6081277525117597,102,103,55,0
6.0190340926921149,100,101,54,2
4.9967661422530449,98,98,38,3
0.2503809115989571,100,100,60,0
5.3625202638184488,98,99,53,2
0.6265966982097604,98,99,49,4
4.8771353528792734,98,99,52,3
4.8292826826607751,98,99,44,1
0.2996282267353389,100,101,51,3
0.6938946415631181,98,99,46,5
4.1584464957065093,98,98,51,4
2.8489238363890843,100,101,49,1
2.7698809520354111,94,95,48,7
6.1357728079284310,98,98,59,4
3.1222247076577889,100,101,50,4
4.5765010356672935,98,99,47,6
2.8399262850526417,100,101,55,7
0.2698994419131249,100,100,53,1
4.9444223320367193,100,100,55,5
1.3582378835135320,98,99,51,0
1.2712055209628539,98,99,50,7
4.1026318012567273,100,101,54,6
4.5474854667706852,100,101,63,7
5.0089772358807023,100,101,53,1
6.2166578202794600,102,103,51,4
2.8207961651185380,100,101,48,4
1.0773524661728404,100,101,41,7
2.3056270311799008,100,100,53,5
0.3139279430514248,100,101,59,3
0.4588953649570368,100,101,49,7
5.3667589700423681,100,100,52,2
3.1372011128380608,98,99,55,2
6.2423486441693656,98,99,47,0
2.7621205821322179,98,99,48,7
5.9373815918949822,100,101,59,7
3.2029204926250450,100,101,49,7
3.9610398235991031,98,99,56,7
1.9038825617274038,100,101,53,7
4.1833509323889011,100,100,50,4
3.2894009370732484,100,100,49,3
2.3114283740636381,100,101,53,3
3.6453714181618406,100,101,50,0
3.0556398188035705,94,94,43,6
5.7616036267717643,98,98,52,7
5.7635329520910163,100,101,56,4
2.4658970444220412,100,101,55,7
1.6534640570025561,96,96,39,1
4.6745703787457584,102,103,54,1
4.9176222751702205,100,101,54,2
1.4007058267856676,100,101,62,4
3.7784257870065141,98,99,56,1
0.9411013695861677,98,98,43,6
5.9937834442133386,100,100,46,6
4.1884823087618619,98,99,47,4
6.2712459455631526,90,91,45,4
2.8441724120988465,98,98,48,7
4.8357942377823084,96,96,44,6
2.3106455900735616,100,101,49,1
2.1889449005739201,100,100,54,6
0.9866664923716693,100,100,56,0
5.0309733696883798,100,100,52,4
3.3102262970549026,100,101,52,6
2.9582964268174359,96,96,50,4
1.8231919353399326,100,101,52,4
4.6825310084245890,100,100,51,1
2.2712086579142281,100,101,54,0
2.9378779156791790,98,99,57,4
4.1167869665011221,100,101,48,2
4.5124422155558213,98,98,51,2
0.0359406368156062,100,100,59,1
3.6122975890121314,98,99,60,1
5.2237929246764292,100,101,51,3
2.4317196260511889,100,101,60,4
0.7840463929403030,96,97,50,6
1.4446245047362645,100,101,46,6
0.3525086064221131,98,98,53,6
5.3529126660733386,100,101,50,6
5.6641235861188743,100,100,51,1
0.2932296742640294,98,99,51,0
3.8150182234045498,98,98,52,5
1.9465318987244078,100,101,57,1
4.6135813253110456,100,101,45,3
5.5233155107406127,100,101,57,1
0.9404818300983434,100,101,39,5
0.9394284158855690,100,101,52,4
3.6377480480141209,98,98,52,1
4.3369996210663162,96,96,56,6
3.1334262137672804,100,100,51,5
1.8776420779862759,98,99,50,1
1.3698752704155572,94,95,47,6
0.8098962502580375,98,98,51,6
0.4734431623194549,100,101,55,5
5.4291405840397298,100,100,51,7
3.3217293899931883,100,101,53,5
1.6542542342311100,100,101,50,4
3.5405878977590199,100,100,47,1
0.5876259990034689,98,99,58,1
2.3051204922373496,96,96,47,3
0.3542449604566734,100,100,55,1
2.9250068832596421,96,97,44,2
4.2492472869350157,100,101,56,0
2.0486311437917561,98,99,49,0
3.9146058559187704,98,99,54,1
3.3687918779770616,100,100,50,6
0.4310236758323120,100,101,53,3
3.5055327974879664,98,98,51,6
1.2778081602877378,98,99,51,6
3.7168028782967646,96,96,52,2
1.8573474833257386,100,101,62,2
0.6642543483438897,100,101,52,2
4.0421778083633102,100,101,44,2
2.7819677270663581,98,98,47,4
3.8447338328490575,98,98,48,1
3.6934217636935891,100,101,45,3
0.8849033452376359,100,101,48,0
5.1019332992090956,100,100,52,6
4.4616445821182555,100,100,46,4
4.6674863650917029,98,99,56,7
4.5246304084555824,98,99,46,1
5.7374566985084634,100,101,46,4
1.9757382837142443,98,99,43,4
2.1728304261442610,100,100,55,5
3.8227504741469871,96,97,47,5
0.4777005477973004,98,99,46,3
4.7746912947354261,100,101,56,0
1.2412948882681949,96,96,45,3
4.5482698671970949,96,96,44,0
6.0756214670249813,98,99,58,1
0.5779702063896265,100,101,54,0
6.0880878752236374,104,104,56,0
6.1937970660367991,100,101,53,7
2.8117312380020345,100,100,48,0
0.0717697475198267,98,99,59,4
5.8184121808307632,100,101,40,4
6.0843852122395923,100,101,55,1
1.2813841190021920,98,99,60,5
3.5760674959402001,98,98,52,1
3.1841969520446520,100,101,48,2
6.1056299756214196,98,99,49,4
5.0603065930168123,100,101,54,2
5.9483368056267771,98,98,49,6
1.7461485990136170,102,102,52,5
1.4090925967088748,100,100,47,3
5.8714284241670178,98,99,46,7
4.8059350907336285,94,95,53,4
4.2370655756606439,96,96,56,0
0.9963699441448155,100,100,58,6
2.7523467574076275,98,99,55,6
6.0172792997531923,94,95,57,2
6.1261463431298004,100,101,43,5
3.1242908283826538,100,101,53,1
5.3799752692424931,104,104,53,3
0.4126474007028571,98,98,47,4
3.6280534009368126,96,96,46,6
6.0064365082571740,102,103,49,4
3.9052342803044029,100,101,48,4
5.5415922335989611,100,100,50,6
4.6452556390662361,100,101,42,2
4.5552373925538481,100,101,52,2
1.4567054765490997,100,100,50,4
5.9642519860426120,100,101,57,1
4.8954708933440738,98,99,48,5
4.9041223033979451,100,101,49,5
2.7769962663776835,100,101,52,0
5.6665343438939457,100,101,54,2
0.0270591723981378,98,99,46,3
1.7929031983962547,100,101,44,4
0.8062738324548058,100,101,39,5
5.1762931754291452,100,101,50,6
6.1048135413469584,102,103,46,3
0.7807196176360138,100,101,46,4
3.7311156148377331,96,97,42,4
0.9341728169286444,96,97,48,6
0.5599016819623793,98,99,58,5
2.9475666156052576,100,101,62,2
1.4037089064831794,100,100,43,7
3.5361645301555118,100,101,52,4
1.1647631178271447,100,100,50,0
2.6693681661647557,100,101,44,0
4.2010651909963954,98,98,50,7
2.8231978730833789,100,101,57,7
1.1849369980792217,100,100,43,5
5.2934869421403468,98,99,47,2
5.1964014476827334,100,101,46,0
1.6784868115723690,102,103,46,3
6.0029307918100248,94,94,51,6
1.8593647097643533,96,97,51,3
4.3211079690142933,102,102,56,3
0.0998730075389460,98,98,56,1
4.1176402634274893,96,97,54,2
5.2335291648857680,100,101,57,3
1.6040539468147499,98,98,54,5
4.1532496152008758,98,99,49,4
5.6554988598091720,100,100,57,7
4.0915966600210298,100,101,63,7
1.9170640175349611,100,101,57,1
0.1920815287591734,98,98,53,4
3.2708724564754235,102,103,51,4
3.5615918500598940,98,99,43,4
2.3148959394124784,100,101,50,4
3.2067525382396083,100,100,49,1
4.0174118135971932,100,100,50,4
5.9042431400190258,98,99,50,7
3.9760244517122350,100,101,48,6
4.9522009828482663,96,97,49,5
4.0900807668367625,100,101,55,5
2.8408158807593384,98,98,58,5
2.5369033836113708,98,99,45,6
6.0015954887512448,100,101,52,2
4.6255864111676139,98,98,49,4
5.6279475273500692,98,98,53,4
4.9130364711431129,98,99,52,3
0.1844952703587963,100,101,52,2
0.2378108206379049,100,101,49,1
5.6248472519632209,98,99,47,6
5.6639319944049129,98,99,39,0
2.5854484701550895,98,99,50,5
5.7305485369631102,96,97,45,7
3.0276723532368668,100,100,52,0
3.6664275671733852,102,102,49,2
6.1378409533102225,100,101,51,7
2.5461332050218144,98,99,59,2
2.1587601411899788,100,101,44,4
1.6097188300540017,98,99,47,2
3.2623436696717780,100,101,51,1
5.9834646744956101,100,101,59,7
2.7190251076913139,98,99,54,3
1.9948764669361174,98,99,56,3
1.8096100917742211,100,101,51,5
6.0452573197823716,100,101,53,3
4.2408521899889964,100,101,62,0
4.2561434654267618,100,101,50,0
3.4005483859417005,98,99,48,7
2.2139733828828740,98,99,59,2
1.7774217193587132,98,98,49,6
4.5867765350763401,102,102,54,3
1.9697484135367118,100,100,47,7
0.1887999369071302,100,101,59,3
0.1522951692909511,98,99,62,3
2.3110511520523338,98,98,58,1
4.7813659359285881,100,100,50,6
1.6104249250548779,94,94,46,1
2.8081169224964926,100,101,61,1
1.1283861906383212,102,102,53,6
3.0765092836343713,100,101,51,5
1.3956918238389298,100,101,53,3
5.7874933199224898,100,101,56,6
5.7672625679761280,100,101,46,4
5.0177009350692146,102,103,54,1
2.9958404228930906,98,99,57,0
5.8689822184185747,102,103,56,7
2.7364187005674387,96,97,49,1
4.8809455486456716,100,101,64,4
1.0321588376474260,100,101,57,3
5.1551519294774986,96,97,50,0
1.8915302335401945,96,97,50,6
3.3397862075549680,100,101,46,6
6.2792913770765173,100,101,60,4
4.9967647065781540,100,101,53,3
2.8060234000107220,96,96,48,4
5.0622069606880205,100,101,51,5
5.6802522713626660,98,98,49,4
2.5375799267200261,100,101,51,7
0.9040593098903876,98,98,45,0
3.5596196794647259,102,102,50,3
0.5643199406670677,100,101,53,1
5.3735435416889121,98,99,53,4
4.5023419262807414,96,97,56,2
3.1753112014196336,100,101,54,4
1.5828701523235682,98,98,48,3
5.5275322922740626,100,101,53,5
4.3367073714253754,102,103,55,2
5.2194082576849334,100,100,52,4
3.2993682267067910,102,103,44,3
1.9370130571904389,98,99,50,3
4.9492281827863778,98,98,53,4
4.6875324296632845,100,101,45,3
2.1266531460570617,98,99,54,5
0.9786181833276524,98,98,58,5
2.1788877755552289,98,99,53,4
2.5083153044252162,100,101,46,0
5.3106709238418803,100,101,46,2
0.0712788048661395,98,98,51,6
2.8346465043297675,100,101,50,4
4.4137252956220303,98,98,49,4
2.2949403797859826,98,99,52,1
1.6095411499258248,100,101,57,7
2.7661898870167332,98,98,50,3
2.1239379249910533,100,101,54,4
4.8466462624485498,98,98,51,0
3.6458687968922043,96,97,49,7
3.3731581937771198,100,100,56,0
0.1410028846146342,98,99,49,0
4.2256786133058437,98,98,47,0
2.2050237284847172,100,101,47,5
1.9936374294780534,100,101,57,5
4.4812289038015685,100,101,69,5
1.4206301677695710,100,101,62,6
2.0784985911817255,100,101,51,7
5.4722769200333774,98,99,58,7
2.9263615868527353,100,101,46,2
4.2028537433489879,100,101,48,4
5.1621754619474194,100,101,57,5
2.1844557546309451,96,96,53,5
1.8817356421169809,98,98,50,5
1.8347491943814627,100,100,57,1
3.0966122002998206,96,96,51,7
2.2984129729321827,98,99,52,1
0.5623788729730019,98,99,59,2
5.6326023515800339,98,99,47,0
4.8360918021346837,100,101,62,0
4.3591835635539518,104,104,56,4
2.1172194716313308,100,101,56,2
2.8970593470872976,98,99,54,7
2.7903994712646529,98,99,53,4
0.3373182384976917,98,98,50,1
0.5391914675069832,98,99,43,2
5.2536983464923299,98,98,42,3
3.4124310409005338,100,101,57,5
2.0234205790456681,98,98,50,5
2.4120249475095172,98,98,59,2
4.6664265097933253,94,95,49,2
5.4620158574596314,94,95,52,1
4.2517752817138801,98,98,51,2
2.5530714326126218,100,101,63,1
0.7102015249064355,98,98,55,6
0.7354018282332411,100,101,57,7
2.3007828947894606,100,100,49,7
3.5280207367690926,98,99,53,6
2.3773149110432974,100,101,55,7
1.5138201502289645,100,100,54,0
3.5573298037508660,100,101,54,0
0.0986302293240998,100,101,40,4
3.9701056848582943,96,97,51,5
5.1829745131345133,100,101,53,3
0.1100660890641443,100,101,55,7
4.3068728427686418,100,101,54,4
2.8324212666158708,100,101,50,0
4.0440423977599105,98,98,50,5
0.5585487946203693,96,96,41,5
3.2030143362391583,100,101,45,5
0.1085601601237890,98,99,49,0
2.3140830182974361,98,99,44,1
0.7135342373187502,96,97,43,5
2.4878957334326026,96,97,50,2
4.9703581246005690,100,101,54,2
2.6434024033633272,98,98,49,4
3.9337688840764558,98,99,50,1
4.0479035443449067,100,101,56,2
3.4177313862467269,100,101,56,0
0.6439295845697635,96,97,51,5
4.6104410804637981,98,99,55,2
2.7729378578610171,98,99,45,4
4.9862925770017368,100,101,52,0
1.2956503224302431,96,96,49,1
1.8451410134713571,98,99,47,0
0.8009242200695349,98,99,55,0
5.8379140060866153,96,97,55,7
5.1923648803557887,100,100,55,5
0.5976980505872808,100,100,54,4
4.9626510246159219,100,100,46,4
2.9103883422218262,94,95,46,7
0.1493947034374438,98,99,55,6
5.9158718234196472,100,100,52,6
6.1523737348479486,100,100,50,0
1.7821519023884445,98,99,46,1
5.6294163880856187,98,99,50,1
2.8431384972519296,98,99,53,4
4.3501285300307497,98,99,50,5
0.7210231021961104,100,101,48,6
5.4015078436127606,96,97,51,3
4.9963340706336963,100,100,55,3
5.2036657636368133,100,101,49,3
2.4415448295237852,100,100,49,1
1.6788023450884386,100,101,58,0
1.4168086307523768,96,96,54,4
5.1063336008658613,98,99,44,3
4.9086327027516239,100,100,57,5
3.6942928967703361,100,100,57,3
0.1691839350562656,98,98,57,2
3.8602112049601285,98,98,48,3
3.8962213533317778,96,96,52,6
5.3478087092293762,96,96,53,3
1.6630084484657202,100,100,52,2
3.6598178687557668,96,97,50,2
2.8554106103121391,98,98,51,2
4.8647670897720294,100,100,58,0
3.0285300429430158,98,99,55,2
6.0242032687262048,98,99,57,0
1.6757422912592148,100,101,55,1
5.9167039947835152,100,101,60,6
3.4043617544265432,100,101,51,3
5.7272359839150049,96,97,50,2
0.0784585879733462,96,97,48,2
5.6516231874417286,100,101,60,4
0.2129424096000254,100,100,60,6
6.1560828632570113,98,99,47,4
6.2792255004405204,100,100,50,2
5.6036606851024686,100,101,43,1
1.1389255098603779,100,101,56,4
2.5660443672730096,100,100,51,1
4.3124872499737794,100,100,54,2
1.5711029575901871,100,100,48,4
0.3356221989035294,98,99,50,1
1.0810943141136886,100,101,52,0
6.0798425321648741,100,100,50,6
4.1531030030021521,100,100,53,7
3.6604667078048405,98,99,43,4
0.4818521433141371,94,95,47,4
1.3463926033234430,100,101,51,3
3.9490170847106505,100,101,44,0
3.2654174176680195,100,101,57,7
1.6647670904256353,94,95,46,1
1.9953947003487917,98,99,50,7
3.5717062290684449,98,98,58,3
4.6423920968017498,96,96,53,3
1.8346220619441613,96,97,51,3
2.8890130036407782,100,101,53,5
1.6442985082286288,102,103,62,3
3.3320012472112834,96,97,45,1
0.1087421389876389,96,97,54,2
1.2571054069355887,96,96,51,7
1.0895217676229256,98,99,54,3
3.1660211090838515,100,100,54,2
4.9666682546281162,100,100,54,0
4.2019696302423899,98,99,59,4
4.1904861758597853,96,96,59,1
2.1138649729506858,94,94,60,5
5.4271412299695623,100,101,57,5
2.9545156930984544,100,101,50,4
3.4257068012650254,98,98,40,7
0.2904150087426841,100,101,51,3
1.2738916909048343,102,102,50,3
3.8759259199646583,98,99,47,6
5.0055469762056140,100,100,52,0
3.3802231965674232,98,99,58,5
4.9924493741460774,98,99,58,1
1.4987408096464789,98,99,69,0
5.6366877322268092,94,94,40,7
1.5583415181660674,98,99,50,3
3.2526880574534465,98,99,56,3
0.4336705744237118,98,99,56,5
1.2842812176972691,94,94,46,3
0.2336819840191918,98,99,51,4
3.8005992314529657,96,97,49,1
4.6750400273749877,98,99,50,1
2.6530633352257671,98,99,43,2
0.5316454374484226,100,101,58,2
1.3345104586321594,94,94,45,2
4.4719828140039937,100,101,42,2
0.1398546365290227,98,99,56,3
6.2584256059140406,98,99,53,6
5.3851564149895843,100,101,56,4
0.1626262312600102,94,94,44,5
3.4363446326031450,98,99,53,0
2.7945764826180226,100,101,50,4
2.9943454703942427,100,101,44,4
1.4576355861800319,100,101,55,3
0.7238394146044306,96,97,53,7
6.0354002385958161,100,101,62,0
1.2080823127623415,98,98,63,4
2.4892535192352847,102,103,60,7
5.0631310035694463,98,99,63,6
4.8040216133211224,102,103,58,3
4.2374316900401361,98,99,54,7
1.6468155062827545,98,98,52,3
5.9518153781364154,98,99,54,1
0.6360770799247000,100,101,40,4
6.1593187390018276,100,100,56,6
0.4348189611365694,96,97,49,5
5.7256885862173164,94,94,48,7
0.9263118599744681,94,94,52,5
0.4893602085606711,100,100,47,3
6.2499031111621299,98,99,43,0
1.9687883774188961,98,99,49,6
5.4338642927200489,100,100,50,0
4.2043131305412187,98,99,54,3
6.0836142385027605,98,99,56,7
5.1802912358935860,96,96,48,6
1.6606102527301387,100,100,49,1
0.8402893376475171,98,98,51,4
0.5426945361569241,100,100,51,5
6.2692706911202247,98,99,56,7
5.6536489396363070,96,97,46,4
0.7439968875672976,96,96,48,2
5.5285634956496024,100,101,52,6
2.9429500843544214,96,96,49,3
5.3905632275157256,100,100,57,3
5.8284765716976725,96,97,53,1
1.4121802615389518,98,99,54,3
4.1522285834050985,100,101,50,4
4.2376226773744907,100,101,54,6
0.8079617435354267,96,97,47,3
6.2336631244183724,100,101,67,7
4.1354767971032711,100,101,49,5
0.1430451234454033,96,97,47,3
0.4527341691747095,98,99,50,1
5.9366642159587792,100,101,54,2
4.6156819528176998,100,101,47,7
5.1915819891229500,94,95,47,0
3.2895260083053466,100,101,51,5
2.5834595618273917,100,101,46,6
5.7807091032505946,92,92,49,1
3.1753841181442501,100,101,48,4
4.3021447528729277,100,101,62,2
1.3775392525307117,102,103,52,1
4.1870093788113110,100,101,51,7
2.4071831668966954,98,99,53,4
1.6531436230667562,100,100,58,6
4.4774154951056122,98,99,55,0
2.5764243046536177,98,99,44,7
4.7118411074096569,100,100,52,0
1.8199427394925096,96,97,51,1
0.4737027395065191,94,95,45,2
5.5696843100448534,98,98,47,2
4.8177988912088381,100,100,56,0
5.9979972119601666,100,101,52,0
3.7034136640887767,100,101,48,4
2.1851016289368150,100,100,46,0
2.2166317340183652,100,101,57,3
0.6666660904934407,100,101,53,5
6.1207366707559743,100,100,52,6
0.8715709510483550,100,101,43,7
1.9729436331591188,98,99,49,4
5.1529368802178155,98,99,50,1
5.0736467449253846,96,97,61,3
2.4318525717343618,100,100,52,4
0.3572602261322104,98,99,53,4
1.8284821696012445,98,98,55,6
3.1968626981933355,100,100,60,4
5.4387320933666849,96,96,49,5
1.4900913059957532,100,101,48,4
3.5550309395676098,100,101,49,3
3.6049274261883486,100,101,54,4
2.9737788034585741,98,98,50,1
4.9318683266269154,98,99,56,7
5.1223531921997472,102,103,66,7
3.9095145162271381,98,99,46,5
5.7873336181341779,98,99,46,5
0.2990835103487395,104,105,46,6
5.5891148479762345,98,99,53,4
2.8948381532662615,102,103,59,0
1.0198418980645139,98,99,44,5
1.4470461326488331,100,101,45,3
2.1190183326580683,100,101,58,4
0.3768589741367708,98,99,51,6
1.1360893636740828,98,99,53,0
5.0572023996729039,98,98,54,5
3.1862855978560147,98,99,56,7
4.3064468085204179,100,100,51,1
3.3372499783842930,100,100,46,4
4.0824176649404835,100,100,55,5
5.2966803582712627,92,93,51,7
4.9194211789120645,108,108,53,3
4.2334827920492657,102,103,57,0
6.2675868720925934,100,100,46,0
3.7486147397315208,98,99,56,1
2.3893657971511622,100,101,52,2
4.2602733915741453,100,101,53,3
1.3052308964651442,100,101,57,1
3.7463210275345120,100,101,42,6
3.9694299421017116,100,101,51,3
2.5646663252961255,98,99,53,0
0.2589358729173414,100,101,41,7
2.1341254919939336,100,101,49,3
1.4849610423132227,100,100,54,0
2.9500302418967213,100,100,50,4
1.8843853990846162,100,100,43,7
2.5909449756349727,102,103,56,7
0.3506409099723618,102,103,54,7
5.3181902672077559,96,96,56,4
0.1350881296210496,98,98,43,6
1.2514630402718543,98,98,45,2
5.4622060344968100,98,98,50,7
3.2215720849032903,98,99,46,5
2.4509972526667871,100,101,47,7
0.9963858668212536,100,100,59,7
2.9862953981907565,98,99,51,2
4.6109973789955072,100,101,46,0
4.0332219546992789,98,99,42,3
2.3268359673940160,96,96,52,0
5.2022596373490240,98,99,48,1
2.4767189016680713,98,99,56,5
1.0482309413529194,100,101,52,6
4.5110063502591853,98,98,45,2
2.9394029054778548,100,101,56,2
2.7255260800021506,96,96,47,5
4.9001551526448175,98,99,50,1
5.4520766597584167,100,100,56,4
3.7287602519719583,96,97,47,1
6.0753139633949038,98,99,50,7
4.3195983597285323,100,100,50,6
5.6717517986664880,100,100,54,0
0.2151995717389922,100,101,55,7
4.3235762337048183,100,101,53,5
0.4772270617896909,98,99,49,2
4.4599460806203508,98,99,50,7
2.3372844313820194,102,102,60,7
2.5507108448465927,100,101,58,2
0.6105667617098488,100,100,47,3
0.7070360847223244,98,98,50,3
5.3409993257988795,98,98,56,1
4.4784422923165002,100,100,50,2
5.0608228441827983,100,101,55,3
5.5284532763519616,100,101,54,2
2.2868783103017019,96,97,52,4
0.0218740729730947,100,100,51,3
6.2735829914008638,100,101,53,1
3.0968833754243459,100,100,48,6
2.1008495717308202,100,101,57,5
4.2828537045856105,100,100,52,4
3.8616862591315089,100,100,54,0
1.8421389432216881,100,101,45,1
3.8855918385825912,98,99,44,3
4.6762303449641056,100,101,44,2
1.5268957621219550,100,101,50,0
4.7015561647218362,100,100,44,6
2.7465536351116664,100,101,47,7
2.8152164604572141,94,95,47,0
0.4139662459874047,100,101,58,0
3.9404821964612906,98,98,63,0
0.8983589167002780,98,98,43,2
1.3034813657854487,98,98,55,2
5.8960792740219583,102,103,47,0
4.1081788188955901,100,100,54,6
3.5554629013493986,98,99,45,4
4.1236457761481766,100,101,51,3
1.4475414731254310,100,100,51,7
0.9010383852808695,100,101,57,7
6.0095252433413231,100,100,51,3
0.4528467571431626,98,98,49,0
5.7799718360261441,102,102,46,3
2.0544797696690482,96,96,53,7
0.8720187166179435,100,101,52,4
4.7025283148160160,100,101,42,6
2.2179989315368220,102,102,52,5
1.0779159137850158,98,99,44,3
0.7968627746067545,96,97,47,5
5.3235778021895159,100,100,54,0
0.1843566101722617,100,101,56,2
3.2498080314116931,100,100,53,7
2.5098159434485154,100,100,53,7
0.7962797036849873,100,101,44,0
3.1557353005038395,98,99,44,7
0.7687565223656199,100,100,52,0
1.1034177410061852,100,101,47,1
4.3024721440778606,98,99,50,7
3.7769943492993008,102,102,56,3
2.3341399077713052,100,100,59,3
4.0558464476828675,98,99,45,4
0.8437533514671588,100,101,60,6
0.0934617408526178,98,99,50,1
1.3386077569094974,98,99,49,0
5.3266719034969316,100,100,55,7
4.6499995807524375,98,99,48,5
2.3951386101023884,100,100,52,0
0.8986807604385700,98,99,43,4
3.9296774175711957,98,99,53,6
1.2850490292902801,98,98,50,3
4.4721460907843031,96,97,47,7
5.7014426409419112,98,99,53,4
1.4504855358537410,96,97,51,3
2.8810642453693238,100,101,57,7
1.0898930643391991,100,101,43,1
4.7806386906906706,96,97,49,7
0.4701344267697407,102,102,56,5
3.8061962405381431,98,99,48,5
1.0860110538004477,98,98,53,2
5.6806508466864774,100,101,47,5
2.8020013706744709,100,101,51,3
5.1360924176120655,100,100,43,3
0.9310031495716646,98,98,47,2
4.6162997997737678,100,101,57,7
2.2553225569530206,98,99,48,1
5.7808395202031617,100,101,53,3
2.8150234792326239,98,99,57,6
3.4959160573800889,98,99,55,4
3.1310841076642055,98,99,53,2
1.4382675387535915,98,99,51,4
5.0972181539311032,98,98,45,6
2.2891021964682028,98,99,43,2
1.9360969542544513,100,101,49,5
1.0894728752305862,100,100,60,6
0.4090030733989047,100,101,49,5
5.8463421120162424,104,105,55,3
2.0468381131145392,100,100,51,1
2.9488919840218677,100,101,47,1
2.1857657036901279,100,101,46,0
0.7171264054252379,100,101,56,0
3.1991252249820477,100,100,48,4
5.3963729945575682,100,101,52,2
0.4466311697652607,102,102,53,0
4.3999265000549652,102,103,54,7
6.0564766167242681,98,99,55,6
5.9447452951518622,100,101,55,7
0.7250216561687343,98,99,56,5
6.0179041371907775,94,94,47,6
3.3175981926853875,98,99,62,7
1.0299772140901300,100,101,56,6
1.7793767633991351,98,98,54,7
1.2678370224585587,98,99,57,2
5.2359254424340831,94,95,59,2
5.8626896959867496,98,99,51,0
3.2526823383316268,100,101,60,2
2.4349554423983899,98,99,52,1
4.5491945910079670,96,97,63,3
2.7788331185776332,100,100,56,0
2.4679046627309500,100,100,59,5
3.3313655184727731,100,100,51,7
0.2891695629243659,100,101,63,7
2.5767324943574565,98,99,52,7
1.7954989287662662,100,101,55,5
1.5765045596842173,98,99,47,2
2.2428047561360027,98,98,51,6
1.6611924219875378,98,98,45,6
4.8251822187996920,100,100,48,4
3.7541313370753535,100,100,57,7
0.4542649198311324,96,97,52,2
5.0828110630995189,98,99,52,5
4.5758232971277781,100,101,55,5
5.4403082597657750,98,99,55,2
1.2632412274085485,98,99,52,3
2.6866271640278274,100,101,52,0
3.7391535645148837,102,102,51,0
3.3173315204173717,98,99,52,7
4.2772675100795654,98,98,55,6
0.6572466545912828,94,94,50,1
3.7644291113316419,100,100,51,5
4.4461310834048033,100,101,56,2
4.8893250214998023,100,101,50,4
3.7475772326731644,100,100,54,6
1.0194373136034023,100,101,49,5
3.0322235166015079,98,99,51,6
1.3669905214453477,96,97,53,1
4.4062966493207796,98,99,51,4
0.5864599773557218,98,98,50,7
3.9135513721335395,100,100,47,5
1.2627821001155306,98,98,46,7
0.0164988686155892,98,99,53,4
1.9111180070247720,100,101,56,4
3.0663836613188304,98,98,54,1
1.9344019983701473,98,99,48,5
3.5319297054396790,98,99,60,7
4.1331015651377978,98,99,49,6
0.2091142685232479,96,97,56,6
1.9791426570399884,98,98,47,6
1.8360464924734365,100,100,48,6
1.2439417502728469,98,99,52,3
0.3476712826662020,98,99,44,1
3.3057200382868488,96,97,45,1
1.4535667266958845,100,100,53,3
2.5912315440291094,102,103,49,6
4.2415364548851153,96,97,57,7
5.1616040218787100,100,101,47,1
4.9882443224938751,100,101,52,6
2.6982288839873698,100,100,49,5
3.2246105730574208,98,99,48,3
3.5536943793808091,100,101,44,4
4.8809663143763116,100,101,53,3
4.4239694799353115,100,101,54,2
3.8582204328457812,96,97,49,1
5.5711287020065825,100,101,55,7
6.1963780793209473,98,99,50,3
4.3749590814900614,102,103,59,6
1.0540791137578716,98,99,52,3
0.9362021263204759,100,101,46,0
1.2807760617080273,98,99,40,7
3.9175657821817782,96,96,49,1
3.6853359434114261,100,101,49,5
6.2029635365496434,98,99,56,3
5.0550365189848607,100,100,46,2
0.9354094700385606,100,100,63,1
2.6407825493643684,98,99,60,3
4.3413643219203237,96,97,51,3
5.9553617590557009,98,98,61,2
4.3186515987784579,100,100,44,0
3.4843918463657331,100,101,54,0
2.6729443687214562,98,99,45,6
3.7497424679346820,100,101,52,4
2.2720807042745745,100,101,48,6
2.2976748744849087,98,99,45,2
1.4602569944284107,98,99,49,0
1.5635949325909211,98,98,47,6
3.5311969115743094,100,101,49,5
5.2727779335838303,100,100,42,0
4.4206219207015591,100,100,45,3
0.3839284644567089,100,101,55,3
5.5981725695536815,100,101,44,4
4.9711482202969295,98,98,55,4
0.3913229125950031,98,98,55,4
4.1245485319815103,98,98,53,4
6.1958603606207232,98,98,50,5
4.9244208923869035,96,96,60,4
3.9169796644909796,102,102,51,4
3.7203191794305099,100,100,54,4
5.6223806032797157,100,101,51,1
4.1716530531321565,100,100,37,7
4.4894626926056711,100,100,48,6
2.6697533166276171,100,101,60,2
1.2334864244246782,100,101,53,7
5.4684885444638880,98,99,48,1
5.1564162031165592,98,99,52,5
6.2731898344911512,98,98,55,4
3.7052547003873992,98,99,50,7
3.9983434452275843,100,100,51,5
3.6306255840237727,100,100,53,3
0.2319259441036869,100,101,51,7
5.6142427045946066,98,99,57,6
1.9636573198004623,98,99,55,4
1.3367942625839093,100,100,47,3
2.4613157461208073,98,99,51,6
2.6110809991207127,98,99,57,0
6.1846905992456387,100,101,51,5
4.1605852351876660,98,99,46,5
2.4752215621653528,98,98,49,2
4.0022698024401135,98,99,47,2
0.7437836656088883,100,100,63,3
0.3908070389946095,98,99,52,7
2.2269182111253851,102,103,59,6
3.4837228051090943,102,102,53,6
5.1939828155229675,94,95,40,1
5.6266995771928787,100,101,62,2
2.1899541434217125,100,101,50,2
2.3942270195513173,98,99,49,6
5.5689972686232005,94,94,47,2
1.8848539694948445,98,98,50,5
0.7344061422724678,96,97,44,0
5.5981003338864976,98,99,50,5
0.6492141850848058,100,100,54,4
2.4304410047991039,100,100,56,2
4.4937020835852257,100,101,57,7
6.1573172199182888,100,100,49,3
0.7823858096925823,100,100,49,7
4.5277647441155002,98,99,54,3
5.9375557458557582,92,93,50,6
4.4826181010558379,96,96,51,3
5.6577862860772168,100,101,52,4
1.5639530234988948,100,101,58,6
3.1019639184924648,100,100,46,6
4.5847138005373447,98,99,45,6
3.8905067967928000,100,101,54,4
4.0015517114816763,100,101,50,6
2.2820406898592598,98,98,55,6
0.8323085563509315,96,97,49,7
4.2148052202613080,100,101,47,5
2.3796469326700258,98,98,44,7
4.1088533298973422,102,102,54,3
3.1593183750900358,96,97,41,5
1.8206168153026820,96,97,43,1
3.6720995735129414,100,100,50,6
5.6547450808105477,98,99,46,3
5.2362936902318609,98,98,49,6
2.8924044091562826,98,98,48,5
3.8397336767281462,96,96,53,3
1.6096917663142518,100,101,48,6
4.5252881365323052,100,101,65,7
5.8560331339487082,96,97,51,1
1.9664432274178987,98,99,56,1
5.9873624326245061,100,100,53,1
0.9802181124891757,100,100,55,7
3.2597271161549024,100,100,48,2
4.6073398513458548,96,96,37,5
3.4832456939004777,100,101,53,5
4.4711555990556828,96,97,51,5
3.2755998968452396,100,101,52,4
4.9364112408226433,98,99,45,0
4.8395334999627897,98,99,55,0
4.3406348171855944,98,98,41,4
6.0522209250199754,94,95,46,1
4.5749020343111617,96,97,49,7
3.3298211946122893,100,101,52,2
0.5707383248511880,98,99,47,0
3.7955304634102931,100,101,62,0
3.1437888340096616,100,100,49,7
3.3821027815762057,100,100,61,3
0.8341012853655579,96,97,45,7
3.3437881859032150,102,103,58,3
3.0248202028402003,98,98,52,3
1.1206922476152625,98,99,47,0
0.0768696017940364,100,101,44,6
4.7328458307060455,100,100,52,2
2.7594505070058686,100,101,54,0
0.5363675061853522,98,99,46,5
0.5975703616863798,98,98,47,4
1.3981871390712191,98,98,55,6
1.4254819292475609,100,101,54,0
0.1273021855574323,96,97,53,3
1.2344404491031233,98,98,53,0
0.7562547684042775,100,101,51,7
3.3116851597035106,100,101,51,1
0.4800789147896372,100,101,47,7
5.0954286833441760,100,101,58,6
4.0305215835868049,98,99,49,2
3.0970034044208701,98,98,45,0
2.8981256528492709,96,97,49,7
1.6414514144767365,100,101,52,6
3.5473394043446413,98,98,61,4
4.2465647793843173,100,101,51,7
1.7317123411026309,102,102,51,2
6.0447858822433949,102,103,50,1
4.9961306109664605,100,101,51,7
5.0350321992006304,100,101,53,1
5.6561267749090156,100,100,50,2
2.6059159557848361,100,101,57,5
5.6766080425333074,98,99,61,6
2.6207286164192665,100,100,55,5
5.2199702749878050,92,92,41,3
4.8698668751810965,100,101,54,0
2.8332074501628610,98,99,46,1
5.9527752277304540,98,99,52,1
1.0070528215814694,100,101,57,5
5.8279025348701179,98,98,52,1
0.7379018456417459,98,99,43,0
6.1566573266722502,96,97,47,3
0.8940578157637634,98,99,45,4
3.3808329172754430,102,103,59,6
0.3744099859991434,100,101,46,0
0.1002665931548142,98,99,47,0
3.8665446288531733,102,103,58,5
3.2877283001292774,100,101,53,3
2.7115611603653522,100,101,56,2
4.9458682129540659,100,101,54,6
3.1801721865492025,96,97,66,4
3.6093607217796020,98,99,58,5
1.3008655128771285,98,99,49,0
5.4828627379110024,100,100,45,1
5.2977937103016064,100,101,54,6
5.3682675484747735,100,101,46,2
6.0506607389636304,100,101,52,0
2.0534289906124630,98,99,50,3
4.7810977428573285,100,101,47,3
5.2316633457730690,100,100,50,0
5.8698577562096785,100,100,51,3
6.0148306471920057,100,100,55,5
0.0347199808450087,98,99,47,0
3.6452387610577519,100,101,54,2
5.9497460696819022,98,99,60,5
2.0151945060132235,100,101,45,5
0.0546753762603284,100,101,49,1
6.1067183160425129,96,97,44,0
5.4780703690819585,98,98,45,6
1.3986388346196215,98,99,53,2
5.4813560227016085,98,98,57,2
3.9207046358032360,100,101,49,3
5.9669857951305687,92,93,56,4
4.9903067112995272,96,97,51,7
4.3606576189576938,96,97,55,1
5.5473985717086061,100,100,49,1
5.9722427382126337,98,99,39,0
2.7404789615331171,100,100,44,2
3.6426800212186441,100,101,54,6
2.2183776615066391,100,101,56,2
4.9758282974169203,96,97,58,2
1.1261023531670575,100,100,53,7
2.2215429415846399,100,101,47,3
0.5093311079490793,100,100,46,2
1.2025803074984158,100,101,47,3
0.8406835039316900,100,101,44,4
0.5314065429045721,98,98,56,7
0.1685050278683626,100,101,50,4
4.7510817752452228,100,101,59,3
4.3432415754798424,100,101,52,6
3.5263070038949405,104,105,59,7
1.6757123865932293,102,102,60,1
5.3771054054372325,94,95,54,3
5.8329951128748387,100,101,50,6
3.5166005816822778,96,97,49,3
4.1051750185139868,100,100,52,6
3.0950130992564073,98,99,42,7
5.9634102069064330,98,99,58,7
0.2977813202458217,100,101,52,6
4.5546290387015897,98,98,55,0
3.2315710372064341,100,101,57,3
2.8735282324928204,100,101,58,2
2.9968336635283226,98,99,46,1
5.4264239260409521,94,95,52,7
1.6486066719844670,100,100,49,3
1.8864136392248221,94,95,54,1
1.2231120381400344,98,98,58,7
5.5461744023609754,96,97,53,7
3.0621913050550362,98,99,53,0
3.7750631511672661,100,100,52,6
2.7365098373781342,100,100,46,2
5.8656226448351996,100,101,58,2
1.2543669915780824,98,98,49,2
4.8314522705971026,100,101,43,3
2.6470670869100656,96,97,52,0
0.7917300389355539,98,98,63,6
5.3469919890388953,96,96,60,6
0.6152362859663166,100,101,63,5
5.4193601629973429,100,101,45,5
2.6173937340947875,106,107,61,4
0.7257566840158484,98,98,54,5
4.8554782348668706,98,99,52,3
3.1637862877980489,98,99,48,7
4.3083701332583031,100,101,54,6
4.1167270236550308,96,97,55,5
1.7476133326003147,98,98,52,1
0.6169377601561443,100,100,48,2
3.8398510747610177,100,101,58,0
1.9214092520821195,96,97,54,2
3.0966531252862324,96,97,53,3
3.7856091556849729,100,101,55,1
5.6502116158421698,98,99,49,6
2.1411423349696430,98,98,49,2
4.6094144297893429,98,99,50,1
3.2275011440525367,98,99,52,3
3.4833223633680830,98,98,58,3
1.0753784220574814,96,97,50,4
4.4515462210714807,96,97,41,7
2.6912286412395665,98,98,53,2
0.3401682278310572,98,99,62,7
4.4455410405485640,98,99,40,3
0.3031502871130223,98,99,51,0
3.7661461646865591,100,100,55,7
0.4860491467601202,100,101,52,0
4.8374227643762264,100,101,49,1
1.2611173393048878,98,99,52,1
0.0726582797442739,100,100,52,4
4.0872568263504609,96,97,51,7
1.6045932329995674,100,101,57,1
5.8944164292698265,98,98,41,0
4.2369640138860722,100,101,59,1
2.0662065504768656,98,99,55,0
1.0409472289139603,100,100,56,2
5.1329878084682861,100,101,48,4
3.5632107891739393,98,98,54,5
2.9992594050747083,98,99,63,6
5.1159438518016387,98,99,52,5
5.3150565480976155,100,101,42,4
5.1442928312878617,98,98,48,7
4.1193388828558870,100,101,48,4
4.3831037075169021,100,100,51,3
3.7405622215655643,100,101,51,3
1.8080834126733225,94,95,45,0
5.2443680547830960,96,96,45,5
1.5831982375175444,100,101,54,0
3.8230832953116654,98,99,56,7
4.4861692268051172,100,101,52,6
4.9928661289759075,98,98,49,0
5.0494549102106792,100,100,55,3
3.7933542888882661,98,98,43,2
0.6058987692567478,98,99,49,0
6.0964382301566298,98,99,54,7
0.6289484493115517,98,98,51,4
4.8772823671772469,94,95,55,6
5.8216348623829477,98,99,61,6
2.6713620771863553,100,101,50,4
5.6851391542574152,102,103,61,2
1.4342749771092316,100,101,51,7
4.3907647060105832,100,101,59,7
3.2126913231325163,100,101,46,4
1.9506934420785083,100,100,42,0
5.1020214866016822,98,98,55,2
5.8779731919000859,100,100,45,3
1.5230924848841221,102,103,49,6
0.2052488010473986,96,97,50,4
4.7992720927548849,98,98,48,7
4.7490608007593673,100,101,50,0
1.9809178625039534,100,101,53,3
0.6233408882876892,98,99,55,4
4.2898020682317153,100,101,49,1
0.9843321702388018,100,100,58,4
1.4956665799065609,94,94,47,0
2.9533827870215035,94,95,54,7
6.0132154019503270,100,101,50,4
3.9705202708663743,98,99,47,4
4.3294064961338359,100,101,60,4
5.6420625851532016,96,97,53,7
0.9575422249677777,98,99,46,1
0.9407928698582763,100,101,48,4
1.2868509284888980,94,95,42,3
0.1083215614822381,102,103,51,0
5.4838037809966123,100,101,63,5
2.5496091952371525,98,98,54,5
3.2093812121137026,100,101,58,2
4.7770398853416127,96,97,54,6
1.3051609843616128,100,101,55,7
1.5280348325264392,100,101,51,3
1.7236113083851421,100,100,48,6
5.9213463654502441,100,101,54,4
2.4807714603729321,100,100,52,2
4.7748399703261173,100,101,53,1
1.6923879031656683,98,99,53,2
3.3004448332790473,96,97,48,0
4.4357564660726627,96,97,42,0
2.8279768262717910,100,101,59,7
4.4887159174063074,98,99,65,2
3.6617902740511963,100,101,45,5
3.2574653549133945,96,96,45,7
4.7352574660446924,100,101,52,6
1.3069408726057983,98,99,47,4
0.7633144554241843,98,99,53,2
0.9497315343375965,98,98,50,5
3.6665787874245499,98,98,48,5
3.8083685134476926,96,97,46,0
1.7191337582068629,98,99,55,2
5.4356925513473033,98,98,56,3
5.7800680230423778,100,101,58,6
0.4454108355820437,100,101,52,0
4.6167299775672124,98,99,45,4
0.2745851625095165,100,101,48,6
5.2001475136252893,98,99,55,4
3.2194977356490480,100,100,47,5
2.8362091238551441,98,98,52,5
6.1773534104290873,96,96,52,4
5.7782625104636880,96,96,45,5
4.4979973618345834,94,94,43,0
0.8469235420712764,100,101,51,1
1.7864845286091378,98,98,44,3
4.0806230245434669,100,101,39,7
5.0703149361402096,98,98,55,2
0.9800345138685832,94,95,43,4
1.9855292279750585,100,100,47,5
1.5095327378276624,98,98,51,2
2.7530434236169392,100,101,55,3
0.5049693823110952,96,97,53,1
2.3920037855202323,96,97,47,1
5.9648792396577601,94,94,40,3
2.9288741875884665,98,99,59,6
3.0217955236869813,96,97,46,4
1.5220949437272200,98,98,46,3
0.2429753253932865,100,101,49,1
0.4855784811739797,98,99,59,0
0.3116364839019637,100,101,52,0
3.7007754841714262,98,98,47,2
3.6255669377904609,98,98,51,4
1.5823737188485456,100,101,53,5
1.4456781362317761,96,97,43,3
2.9219700802560786,96,96,53,3
4.9217454476496050,98,98,46,5
3.4413934037798577,98,99,42,7
5.0616096566920232,98,99,40,1
3.8700738422033027,100,101,53,1
0.3651815120560192,100,101,57,1
3.1736494169728542,100,101,52,4
2.4913063656331622,96,96,48,2
0.7326257326895198,100,101,52,0
5.8095017476814590,100,101,51,3
5.8615451916998618,98,99,54,1
2.5725605074005404,98,99,44,5
2.4885538124953266,100,101,57,3
2.9485396884390411,98,98,56,7
0.9001984788858370,98,99,59,0
4.9326504731094127,100,101,53,3
3.7023374939716485,98,99,49,6
6.0679403192431334,98,99,50,3
1.8072983483654022,102,102,54,5
5.0576218779183719,98,99,39,6
3.6564607281599297,100,101,51,7
3.4712882144210959,98,98,48,5
1.3503605418692455,102,103,49,4
4.2296136102269095,96,97,54,0
5.0262101588864594,98,99,57,0
1.1438804359334493,100,101,53,3
4.9198942608515690,100,100,50,2
1.2476991712798813,98,99,44,3
1.8003636149251880,98,99,54,5
2.0756129717837588,96,97,50,0
6.1285445439404622,96,97,44,6
5.9804522283919006,98,98,39,6
1.6301170536698550,100,101,50,6
5.4964658983383545,96,96,47,3
3.5428807311620809,98,99,55,0
1.9881264904114182,94,95,50,5
1.0475014015692852,98,98,52,7
6.2769194421807368,100,101,51,5
5.7880005428131440,98,98,47,6
2.4166254924860020,100,101,44,2
2.9619442670193377,98,98,54,1
1.7087735264127224,100,100,62,0
2.6372421517472326,100,100,55,5
5.2998069242822865,98,98,53,6
1.1323866037988131,98,99,42,1
6.1416247491179368,100,101,51,5
4.8836627202218237,100,100,48,0
5.6387252040946434,100,100,48,6
3.5729521436707228,100,101,53,1
4.5919728183452158,98,99,49,6
0.0936921270439398,98,98,45,4
3.8181211743036121,98,98,50,7
0.2607495423965528,94,95,54,7
1.0711285276427660,98,99,52,7
0.2242012903489491,102,103,66,3
0.4312167443312531,98,98,53,2
4.5960194654699418,100,100,61,7
2.4066188677916407,100,101,54,0
1.2116672289191557,98,98,44,7
0.6650799775787546,102,103,49,0
0.0799285662318356,94,95,53,6
4.9800153256690756,100,101,47,3
0.3601825168197113,96,97,41,1
5.4136058933607751,100,100,52,4
0.2977392231924624,98,99,61,6
0.8166411311883106,100,100,59,1
3.0420563201098454,90,90,54,7
6.2768058606880262,100,101,49,1
0.2083444566242571,98,99,62,1
5.6060898856264432,98,99,44,5
2.7059877851108531,98,98,55,2
1.7475872036340883,96,97,45,1
0.3588287397099029,96,97,57,5
4.4845548318878805,100,100,52,4
0.8898467916614060,98,99,56,7
5.7537224815260108,102,102,60,5
2.4941356463256117,100,101,54,4
3.8011648811225851,100,101,55,7
6.2282513690458190,102,102,47,0
5.7725492159484597,94,95,57,6
3.4191461409465878,98,98,51,0
3.4435385614962142,94,95,59,0
5.3148190757836788,100,101,50,2
0.9344736490466518,96,96,57,7
4.8627126316630100,100,100,44,2
0.6827166376492712,100,100,58,4
3.7946379651271824,98,99,52,7
1.5839545747582198,98,98,54,1
3.6769602713314011,100,101,49,1
5.1118934151911075,100,101,56,6
0.8909595309610702,98,99,52,5
1.8350819726893886,100,101,53,5
5.1116161072568804,98,99,50,1
2.7686521841207643,100,101,52,0
4.7977055763787213,100,101,56,0
2.4695337624691227,98,99,51,0
1.3079658096816280,98,99,50,7
6.1068009080572239,102,103,43,0
4.6459961878472047,96,97,51,7
0.0282319823425196,98,99,58,1
2.2931998926849495,98,99,45,0
0.9194960924642306,100,101,57,7
0.5721369472245200,96,96,49,5
3.1536800000030261,100,101,49,1
6.2010593875200186,100,101,57,1
4.4472670035835016,94,95,48,3
0.1799206432763617,100,100,53,3
3.4391742068033295,96,96,47,5
2.5273585818777580,100,101,55,3
1.1977766733173405,100,101,55,5
2.1876098955170407,96,97,51,3
4.9244559292623125,98,99,62,5
0.5419096389085934,96,97,50,6
3.5541022027153910,100,101,52,0
1.4264578596445912,98,99,52,5
5.3364410323527798,100,101,54,4
1.0204038237037227,96,97,51,1
3.2303744471394782,100,101,48,2
5.6748307296945235,104,105,58,4
2.4451982836128607,102,102,58,7
0.1238543341082321,100,100,53,7
1.3869602087088180,100,101,62,6
4.1810395171614232,100,101,61,7
0.6494473348113873,102,103,53,0
2.5913991300940080,98,98,50,3
5.6485236603042850,98,98,57,0
4.8081739319696606,98,99,58,7
0.1231667269832055,98,99,45,6
0.3282551858760143,98,98,54,1
4.9599846695398648,100,101,50,4
0.1366720952035235,96,97,52,4
4.9907283658942116,96,97,50,4
1.5031716279894034,100,101,41,1
2.3233860755120705,100,101,51,3
4.5955802136461532,90,91,40,7
2.9473293318984308,100,101,51,5
5.3430044768150049,100,100,54,2
5.8296988998467816,98,98,45,4
3.3989698300791265,100,101,52,2
5.1866559733625364,104,105,54,4
1.6506908112857752,98,98,56,3
0.3229208319772757,96,97,59,3
3.3003352520579021,96,97,35,5
3.5828748177457146,98,99,54,7
1.5663872294369685,98,99,56,5
0.0243678956533758,98,99,47,2
5.3590943587303785,100,101,43,7
3.3382505094596597,98,99,65,2
2.7251885927344457,96,97,45,3
3.1709505988091178,98,99,52,7
2.2691630140665260,98,98,53,0
1.5782247651447421,98,99,54,1
4.4597236459001577,98,98,43,4
3.7166490726490720,94,95,48,7
3.3622339746904761,96,97,50,4
1.2224452594714235,100,101,51,1
6.0322999540635944,98,98,46,3
4.0753239866034283,100,100,48,2
4.6605490632493849,96,96,45,5
5.3169193126304597,98,99,59,0
1.2977071849378172,100,101,60,4
1.0992753394666639,100,101,53,7
1.0447259681537664,98,99,57,4
5.4429795150844154,96,96,47,5
3.5039654953617947,100,100,50,6
1.1476582038741572,100,101,58,4
1.3460711331816888,98,99,61,6
0.3487241865049794,100,101,43,3
1.5837205623753468,98,99,50,5
3.5304744163179844,100,100,55,5
3.5501335317773459,100,100,49,3
3.1709169397257484,100,100,49,1
0.8796515100565878,94,95,49,6
3.5658592520422396,100,101,52,2
2.1600404454464455,100,101,44,0
2.7419182587922188,98,99,60,7
5.5573543725262988,98,98,46,3
5.2312974073238063,100,100,59,1
1.4744919850232738,98,99,54,3
5.5080552094950423,100,101,53,3
5.5159638960162205,100,101,64,2
1.3298751370117476,96,96,56,2
4.1816980401364088,98,99,50,7
5.9392269728661500,96,97,49,1
4.5453445972899491,100,101,57,5
2.5501862087093152,102,103,52,1
3.9153098586217099,100,101,54,4
0.3045822472376157,100,101,60,2
2.2245543295735262,100,101,54,0
3.8045433819148053,98,98,59,0
0.6586815737770034,98,99,47,0
4.9730836485995980,98,99,45,0
5.3393808115509227,96,97,49,5
5.7523138714355451,98,98,53,6
2.6694312451335405,98,99,54,1
4.3506075697848514,90,91,41,6
1.0089291986567370,100,101,64,0
3.3211081945162690,100,100,61,1
3.6041181010325896,100,100,62,0
2.3321075975491006,100,101,57,5
3.8965425247140542,96,97,49,7
4.0023093847202329,98,98,48,5
4.7594815521343570,98,99,61,4
3.3726355810688657,98,99,44,5
2.8636974447315411,98,99,52,5
0.9463772102737995,100,101,51,1
1.6750385921288302,108,109,61,1
4.2269368840357808,94,94,46,7
4.3806044954644179,98,99,53,4
4.3559161821740666,100,100,43,3
3.6859097185296990,100,101,49,1
2.3558204176149511,98,99,50,3
0.9992966131315010,98,99,48,7
1.5185115725563256,100,100,48,6
5.4888395994830699,98,98,51,0
3.1033405484877221,96,97,46,2
2.8968814177345519,100,101,55,7
0.3051574724969734,98,98,51,4
0.6278716609847623,100,101,48,4
2.6364518436904518,96,97,52,6
0.9199292870501409,100,100,48,4
1.6683411908764501,100,101,51,1
2.3701387711731341,98,99,51,6
5.7058040472808855,102,103,48,1
4.6407317245816566,100,101,51,7
2.1626677806018528,98,99,43,2
3.3601454313171679,102,103,49,0
4.4027518296389561,100,100,39,7
4.0466433861816169,100,100,51,7
5.1688405604299126,100,100,62,2
2.7220446378935290,100,100,48,2
6.0816520007031825,100,100,53,7
2.5977182786227053,98,98,49,0
0.5576121588801676,96,97,50,0
4.8052168799451636,100,101,50,6
0.5139722857844312,100,101,63,1
5.0263241306838484,94,95,48,7
1.9192159295669855,98,99,55,0
5.2092878610066133,98,99,50,5
4.9364900127589157,100,100,61,5
5.7038093152257110,100,100,59,7
4.8885845696698382,100,101,52,0
2.4570978416986300,100,100,59,7
4.9525510381473854,98,99,51,6
4.6291399486594385,100,101,44,2
1.3958820898584514,102,103,56,1
0.6780281424446267,100,101,46,4
3.8035214028061888,102,103,57,6
3.7424611612050738,98,99,54,1
0.3844479914666366,100,100,54,0
5.8342799605625775,98,99,42,5
3.7763897943591003,98,98,49,0
5.0548516798585554,94,94,48,5
0.9242264048902928,100,101,60,2
5.9899279599259749,98,98,47,4
3.5587832840354126,94,94,57,0
3.1924098307382716,100,100,62,2
5.8294449283833902,100,101,58,6
1.1916119236817710,100,100,50,6
6.2186004018681267,98,98,52,5
2.4416458677590578,100,101,52,2
4.0550837219534079,96,97,42,2
4.9308139150411359,100,101,48,0
5.1505322312862853,100,101,51,3
1.5985599309653997,98,99,55,4
3.1835912588777546,98,98,42,5
3.7377504788163387,100,100,49,7
6.2806669387299596,98,99,48,3
0.2394611817147564,100,100,52,4
0.4524218744002332,96,96,58,6
4.8611075259602883,100,101,50,0
0.5233683452246128,100,101,50,6
1.0292270215508914,100,100,58,4
5.7846330407805473,98,99,45,4
3.6756637671569119,102,102,60,5
5.1657925920316297,98,99,61,0
3.5755909661888823,100,101,57,7
4.9649926501469839,100,101,47,1
5.2248054698312218,100,101,49,7
6.2804177598176540,96,97,48,6
3.6315122355501352,100,101,50,4
5.1832867685874762,100,101,40,2
0.6237384198335190,96,96,44,0
0.4928277355787018,96,97,49,1
5.1137427340386594,100,100,53,3
0.0022794387160253,98,99,44,5
4.3500035974236928,98,99,50,7
4.0072123373714055,98,98,56,5
0.6958835065038997,102,103,52,3
0.4533661758434163,98,99,44,5
2.7467381256714072,98,99,57,6
3.8195065757082562,100,101,48,2
0.0817337877175163,100,101,53,7
3.0529638886476209,98,99,55,4
2.3099566234250211,96,97,52,6
4.8188614001585099,98,99,60,1
5.3753738207521886,100,101,54,4
1.3753304273460143,100,100,43,1
4.4587170738694368,100,100,48,6
1.5265860388133394,108,109,57,3
0.7772761673759870,100,101,45,5
1.1158463362105819,98,99,50,1
2.2620895843950195,100,100,50,4
3.6688420425280017,98,99,44,1
3.8013546604503055,100,101,47,7
1.3149943619007642,98,98,59,4
5.2291074536620927,100,101,47,1
5.3990353734375276,98,99,56,7
2.7736632558183629,100,101,55,7
5.5163661632455359,100,101,51,7
4.1638931291112282,100,101,59,7
2.3880519876880073,96,97,41,7
4.8743225292949317,98,99,53,0
2.9999099861588023,102,103,53,4
1.2650622325008594,98,98,58,5
4.5830408131410998,100,101,57,5
1.6932356653111100,98,99,58,5
5.7647146454282794,98,99,54,1
5.6006623684778596,100,101,44,6
3.0649018206319507,98,99,46,7
1.5888929698427114,102,103,49,0
1.1061897735325037,100,100,46,0
3.5458925705088866,98,99,59,2
3.4860489090897917,98,99,54,7
5.2460662775567748,98,98,56,5
6.0535122669629695,98,99,53,2
1.9978479178835677,98,99,53,2
5.9141540387395937,100,101,54,6
1.0224618204869460,100,101,50,4
0.4647892516962884,100,101,56,0
5.4429876821891749,100,101,45,3
1.8310715638550825,98,98,46,3
3.0326539163458399,98,99,55,4
0.1633575152005931,98,98,56,3
4.3066933639129861,100,101,47,5
5.5833276072448861,98,98,42,1
0.9249722049699020,94,95,52,7
2.1925614868724179,96,97,60,6
1.9229296591332850,96,97,49,5
1.3055962679339963,98,98,52,7
2.1120831970666463,100,101,43,1
5.8701582044601226,94,95,49,4
4.6895239292930313,100,101,46,0
5.3825877794049912,102,103,56,7
1.6251084830562441,98,99,51,4
5.3970453960148417,100,101,47,1
3.8971783363832593,100,100,59,5
3.8809365526403425,96,96,52,4
3.2530417444418438,100,101,45,5
0.0402842336844776,100,100,41,5
1.9416892365400780,100,101,57,7
3.2323636415083050,102,103,47,2
2.5924076070132700,100,101,55,5
1.8157875718049301,96,97,49,7
5.0677290976865210,100,101,48,4
1.5278863014734827,98,98,55,2
3.7356262763167982,94,95,45,0
2.8669993130489884,100,100,50,6
6.0389034098478174,100,100,50,0
0.1980367006219693,100,101,54,4
2.9264736791998232,100,101,49,5
5.4400981107305215,100,101,49,3
0.8497433303735682,100,100,52,2
5.9387424194442238,96,96,44,2
3.1899206275072549,98,99,63,2
2.2174560495987574,96,97,51,3
5.7557974938120360,96,96,52,4
5.9916270294115970,98,99,55,0
4.1892683974837457,102,103,54,5
4.6188569355768623,100,100,40,2
3.1231139317029695,98,98,43,2
2.7229762599575484,96,97,50,0
6.1744075157892579,98,99,52,1
1.1170044423562471,98,99,55,2
5.8525963528924994,98,99,56,1
4.1675826378267748,98,98,41,4
6.0315335085122106,96,97,43,5
2.0736729966612875,98,99,61,0
4.1548759123772196,100,100,57,5
5.3795791527961798,96,97,40,0
2.6445908018254447,98,99,44,5
3.5052966779954500,98,98,56,5
3.3685079011061827,100,101,56,6
4.5345652797173548,98,98,49,4
1.4812276781064684,100,101,53,1
2.9821366297848528,100,101,57,1
0.8727837172944768,98,99,40,1
1.3182782601584762,102,103,52,3
3.6196139082731840,96,97,48,4
3.8844221346977243,98,99,51,0
1.7633124098077417,100,101,51,7
0.1266971511476357,102,103,53,4
2.9912438754175850,100,101,50,4
1.0156910466294755,100,100,46,6
4.0431016275054681,100,101,58,0
2.5160945566705513,98,99,44,3
3.3805759611136232,98,99,51,4
5.2426510278727108,94,95,49,6
1.7363141189947766,98,99,52,1
2.9127442253257927,100,100,46,6
3.4214221175916188,98,99,42,1
2.0678180726429876,100,101,53,7
3.3089496448456193,98,98,48,1
0.3858465681281392,94,94,41,6
0.9795234027856161,96,97,49,7
4.2762130196992612,100,100,50,2
1.0527190732702691,98,99,52,3
1.6361756907326874,100,100,56,2
2.3665668520837739,102,102,58,1
2.5323598567237724,100,101,51,1
0.8683055603603790,98,99,48,7
0.8588960484176145,102,103,55,0
3.9842858854484744,96,97,47,5
4.8613979383100441,98,99,57,0
3.5978605933486554,100,100,54,4
3.8857523829198448,100,101,49,1
0.0859939112288028,98,98,57,4
4.4765318420946727,102,103,51,6
1.3310211839693318,100,101,69,3
4.1168176960134222,100,101,50,6
2.6545828435653829,100,101,57,5
4.7566213995994140,98,99,44,1
0.4862522588455698,100,101,50,6
2.9037995112459183,98,99,44,5
5.8147094250700011,100,101,43,7
6.0858459950301018,102,103,60,1
2.2622123453290564,100,101,50,4
3.3141906169489337,98,99,46,7
1.1843206809322719,106,107,52,5
5.5228781946743073,98,98,48,1
5.1193638768869949,96,97,45,1
5.9473865585433838,100,101,46,6
3.0891840417839624,100,100,58,0
1.5018345339072592,98,99,59,0
2.7916748454872065,100,101,54,0
0.4398242468115309,98,99,41,4
4.0004889179564413,96,96,47,3
0.9151412183592051,98,99,54,3
1.7904225689858366,100,100,54,4
4.5049355297975211,100,101,54,2
2.2368151375040499,96,97,62,6
3.5740654528135405,98,99,43,0
0.6782771291874049,98,98,58,1
0.9307306478604804,98,98,58,7
5.3316456531537497,100,100,52,0
0.2526162263857037,98,98,48,1
5.3086050140067682,100,101,59,1
3.3006598634943289,88,89,48,6
4.2358963430340664,100,101,48,6
1.1336847917873212,100,101,49,1
3.1058599862475140,100,100,52,2
3.6078299390313622,100,101,54,2
3.6062456097605509,98,98,47,6
5.1209748829738198,102,103,57,2
0.8198560581467293,100,100,55,3
2.5280165506348520,100,101,58,2
3.9981917633885411,102,102,54,1
3.3291062768740529,98,99,42,1
3.3164217462895071,100,101,50,6
3.3952670864412013,98,99,38,7
0.3515481244661110,98,98,48,5
6.0152175318265657,100,101,55,5
1.0294979951683860,100,100,45,7
1.2348191356019074,100,100,50,6
1.4435242084022366,94,94,53,4
0.9266130697104062,98,99,47,2
1.5458362761874722,96,96,44,6
5.7124780573249057,98,99,52,1
5.7131470709570511,98,99,50,3
6.1385981663092517,98,99,44,5
4.1056256960720141,100,101,54,2
3.9654155473268378,100,101,45,5
6.1467594780490664,100,101,50,2
6.2461438975721935,98,98,54,3
4.2549998573857089,100,100,66,2
5.1458899323940370,90,90,48,1
5.9850435703812757,98,98,56,5
4.3745692478633904,96,97,44,0
0.7079511844699627,100,101,57,1
6.2804688772577570,100,101,59,3
3.5432357842378761,98,98,51,6
5.2491325309852943,98,99,47,4
3.1224047610747343,100,100,50,4
3.8149655422201341,98,99,58,3
4.0035015262830775,98,99,52,7
1.2875383372825726,100,100,48,0
4.4940744533547070,98,99,53,4
5.5214025684601360,98,99,50,1
1.2754584687729633,98,99,50,1
4.9879507901447440,100,101,48,4
5.2946339990036400,96,97,44,2
4.9102293238374104,96,96,56,6
3.3356591473440576,100,100,59,3
5.8475668069662605,100,101,48,2
6.0888933374844330,100,100,63,1
1.4214892493615905,100,101,54,4
3.5080678439970834,96,97,55,5
1.0318874839807715,100,100,64,4
1.9487200122198345,96,97,51,1
3.7218623484746214,102,102,58,1
2.6325241268892392,100,101,51,7
6.0151766097176598,100,100,50,4
2.8636511590911731,98,99,50,7
0.6337944149889109,100,101,57,7
6.0257252409461213,100,100,42,6
5.2611901296730039,100,100,59,1
5.3229374384804835,98,99,54,3
4.6839620692681896,98,99,59,4
2.1063734517417436,94,95,49,2
5.2299458885596284,100,101,60,4
4.0937996464091331,100,101,57,3
3.1304900072547808,98,98,58,7
4.6422329281345256,92,93,48,2
5.4925036397340419,98,98,45,4
5.7695415894103990,98,99,51,0
4.3769521102778794,98,99,53,0
4.8945488871370673,96,97,52,4
0.8688366408040864,100,101,40,6
1.3917536166667788,100,101,60,2
1.0338134552392531,96,96,43,7
0.2981701452877977,100,101,54,6
3.6753981385221919,100,101,58,6
3.9011894636705828,90,91,57,4
0.2112828276262831,96,96,51,5
0.6045734431433442,98,99,55,0
4.5973973875145289,96,96,47,1
0.3522667695873763,96,97,40,4
5.9018836058733477,96,96,51,3
2.7417886823033997,100,101,50,0
1.7660564216696366,98,99,50,1
4.9044257556917001,98,99,56,1
1.2978175009618909,100,100,56,6
1.9514317721690313,98,99,56,7
5.9846673977053078,100,101,48,6
3.7136593725630220,102,103,60,5
6.0928773864534662,98,99,49,0
0.8574025567975144,100,100,51,7
3.8725204208168877,100,101,58,2
5.6749720435886841,100,101,56,4
2.8755835454426233,100,100,51,5
2.7829592471013029,100,101,51,1
5.3116491026476451,102,103,54,1
5.5501843137533386,98,99,47,4
3.7526830434860181,96,97,52,2
4.4538240163742859,98,99,54,7
5.4517188260194640,100,101,52,0
3.9935598905448804,100,101,54,0
4.2978916309978707,98,99,49,6
4.0466509350829813,98,99,57,4
0.8212055906888366,98,99,56,5
2.5947703126757489,96,96,49,1
3.3788752233337731,98,98,49,0
2.8503940228095739,98,98,53,6
6.0036985126367792,94,95,52,3
6.1567667916792939,100,100,54,0
1.4111629299479942,100,100,60,0
5.5135840319563600,98,99,54,5
3.9029971428667136,100,101,44,0
0.5284628483038020,100,101,58,0
0.7554471799651253,98,98,49,4
4.6498080178332684,100,101,49,7
2.5232675069588733,100,101,57,1
4.0343049843574121,96,96,55,3
3.4907302674046994,94,95,54,3
2.9415713840324691,98,99,53,4
4.1057573841235966,100,100,53,1
4.8872127144953419,98,99,48,1
5.7066468581214540,100,101,47,7
1.5081752737256335,100,101,50,6
2.6552435177971203,98,99,49,0
3.0413138460163136,98,99,51,4
6.2230693138399156,100,101,58,4
5.3190144865360498,98,99,50,3
0.4312227723574178,98,99,58,1
4.5299978484502343,98,99,53,2
1.1040026953639916,100,101,59,5
4.8869805577854608,100,101,46,2
4.0642289630653199,98,99,57,0
2.8251108244969467,100,100,48,2
4.3491025087417494,100,100,47,7
1.7512550185815960,98,99,63,4
2.6407442546812332,100,101,45,5
5.1044079352212401,98,99,50,7
0.0649881870294552,98,99,45,6
4.6016502414202538,98,99,54,5
3.2320851069381389,98,99,47,6
4.0980735664963666,98,98,55,2
1.7685277071070886,98,99,61,4
5.6492346455184501,100,101,52,0
5.4633889956810906,100,101,45,1
0.1166823156631671,96,97,52,6
5.3405333115535951,102,103,52,5
1.6717622929371661,98,99,52,1
0.2313333752205417,100,101,49,1
3.2170110273903991,96,97,42,4
4.2435576855166239,98,98,44,3
3.5116421542840208,102,103,51,4
3.9600138910553464,100,101,51,5
1.7235805885678446,100,101,47,3
4.5487827581084179,100,101,49,7
2.5531295461073737,100,101,46,0
3.6476732885831979,102,102,58,7
4.5848780906009106,100,101,46,4
4.4552959939503438,100,100,55,3
4.6333807806462168,100,100,47,1
1.0256994863696081,100,100,48,0
1.0181122888674929,98,98,40,3
4.6884001888718823,98,99,48,7
0.3820111469401952,104,105,62,0
1.6244419550419502,94,95,52,3
6.2382781479417790,100,100,44,2
1.5815395141730892,96,97,50,2
3.7858495327725916,100,100,41,1
0.0536688978691274,100,101,51,3
2.2066155590889713,98,98,46,3
1.5586773697653888,102,103,53,6
0.2764561619112540,100,101,54,0
1.1482645338986182,98,98,49,0
2.7683001736474484,100,101,50,0
4.1561358302414266,100,100,52,0
5.5026925234284265,94,94,51,4
5.5868498506961446,96,97,48,0
5.6522688138559003,100,101,57,5
5.2408641095030761,98,98,44,3
2.7217252094077824,96,97,62,6
4.7293518952347826,96,97,43,3
5.7180435181180096,98,98,52,7
1.1204096545869202,98,99,49,6
5.3087867795429871,100,101,53,7
0.4402791169791498,94,95,39,0
3.4285074409774094,98,98,45,0
5.1855153670816136,100,101,49,1
1.1031781290950191,102,103,50,1
0.5391558580786615,96,97,50,0
1.5501751506678667,100,100,55,5
2.2555605341709573,100,100,46,0
1.9643123610319435,96,96,47,5
2.2602883371457563,102,103,47,0
4.6565813793311133,100,101,61,5
4.4238254012520546,96,97,47,7
2.0605355459533490,98,98,49,2
4.8053532624665412,98,99,54,1
3.8895533266127678,100,101,55,3
2.5652507153683661,98,98,47,2
4.4325162258763173,100,101,51,7
2.5840584166388170,98,98,42,1
4.0651369378158169,96,97,54,6
3.2445037553041893,98,98,51,6
2.1507831682906922,100,100,45,1
2.3993163207842003,100,100,52,6
1.0484260405148726,98,99,48,3
5.0188159979117941,98,98,43,4
5.7741740015158740,96,97,51,5
1.3342244706280513,100,101,51,1
4.4361291661966886,100,101,49,3
4.5685733136045066,96,97,43,3
1.1970970539547210,102,102,57,4
5.6919307234813621,98,99,46,1
2.5514400041370924,98,99,61,2
3.2280076035244925,100,100,57,5
5.9883558214011376,98,99,48,7
0.6907247533588351,100,100,51,7
1.9324350819911651,100,101,51,7
2.7310614081460778,94,94,54,3
5.8989987218673914,98,99,45,0
5.3602624397175624,100,101,52,6
3.2374456762813253,98,99,46,3
4.1936394004207829,100,101,44,4
5.4190838473919980,98,98,56,3
1.9715892994405004,100,100,51,7
5.8561652186271047,100,101,55,7
4.8316530893064131,98,98,42,7
4.1814600822744756,100,100,46,6
1.5494986510525042,100,100,50,6
3.7276272620997370,96,96,51,5
2.4537099071802357,98,98,50,7
3.5529866102696150,100,100,49,3
2.0765002768775229,96,97,47,5
0.2760093957202580,100,100,56,0
0.2364530531160135,98,98,52,5
5.8338419346925443,100,100,52,6
3.6443618666871820,98,99,42,7
3.8460849409548188,100,100,50,0
6.1477141293611632,98,98,43,6
2.0284416371603822,100,100,61,1
3.5507924644420537,100,100,46,4
3.0903696646583239,96,97,44,2
5.6007169833440393,98,98,49,6
0.9938372082878673,100,101,53,3
1.3236031358608737,98,99,55,4
1.3126993589289651,98,99,55,4
2.0081175949120906,98,99,48,5
1.1488255800669385,100,100,52,4
1.2512082428833662,100,100,53,3
4.2103038972582221,98,98,51,2
3.7628159004569444,100,101,41,3
4.2416282480288459,98,99,52,1
5.9073368506135120,98,99,53,4
1.8606965878766448,98,99,48,1
5.4034753889562825,98,99,52,1
2.7338982310671889,98,98,55,6
4.7034488583577794,100,100,49,7
3.5729162580426959,100,101,56,0
1.1858919962452550,98,99,47,4
0.6379054857570553,104,105,59,5
4.7557434660756250,96,97,44,4
4.2268928509980661,102,103,56,1
4.4860325680437807,100,101,46,6
5.4766109088380936,100,101,54,6
3.0583625229932641,100,100,49,5
2.7092281010348436,98,99,53,2
6.1146483839984658,98,98,44,3
1.0878330922289368,100,101,48,4
5.6905910916694964,98,99,45,4
2.5182271467294375,100,101,43,7
5.1609530876520360,102,103,56,7
2.4147939673002572,100,100,45,1
1.5242760432848566,98,98,52,7
1.2776764721795115,100,100,46,2
2.0401990825259047,100,101,45,3
5.7128276945345364,100,100,50,0
6.1050187182283677,100,101,45,3
0.7327372040730064,100,101,50,0
2.6082512819509076,102,103,44,3
0.1141861729405668,98,99,49,6
0.8805731489623456,100,101,55,3
5.4373871508822225,100,101,51,5
0.0156363348808594,98,99,52,5
5.5652835582100328,100,101,42,2
1.9853470531608555,98,99,47,4
5.4482553666296969,96,96,45,3
3.9899081490222676,100,100,54,6
3.5497442033737321,96,97,47,7
1.3947853840800979,96,96,47,7
1.7758276696320703,96,97,62,6
5.9776299072973043,98,99,48,5
2.2430181731400305,98,99,39,0
3.5356876888786615,98,99,57,4
5.8098013023906852,100,101,53,1
3.7147450292721742,100,101,51,5
5.6885177228399320,98,99,55,4
3.4138286997196561,92,92,45,5
3.3312520314346350,98,99,55,2
0.3734718656183909,96,97,45,5
5.7237674889192593,100,100,50,6
3.4850697172315948,98,98,45,2
5.5036029127035038,96,96,46,2
2.8733931797834869,96,97,50,2
4.3598835470426600,98,99,51,4
1.6627203103183970,100,101,57,5
4.7027696897249953,100,101,58,4
5.2845089141345820,98,99,58,1
4.9026905069178035,98,99,55,4
0.3221372347331032,100,101,50,2
5.8631932288026727,100,100,55,3
0.8669732475141265,100,101,48,2
2.3973930548837523,96,96,51,5
5.5212298669269142,100,101,53,7
2.2041363279011188,98,99,47,0
1.9477237405120984,100,100,54,2
1.9466649248869596,98,99,51,0
0.5250367672419531,100,101,54,6
4.1471169476429521,94,95,46,7
1.9437620884842080,98,99,52,5
2.3147964727232226,98,99,55,6
1.7235030545156660,98,99,46,7
2.2784972536594279,102,103,56,1
6.0191541979503942,102,103,51,6
2.9356404706093198,98,99,48,1
4.9742506016606098,100,101,60,0
1.0096649396505319,98,99,48,7
2.5531876868622749,100,101,50,6
2.6669041564973708,102,102,50,7
2.1091682366031805,98,99,48,3
2.0973423136150084,98,99,47,0
3.0460825436787977,100,101,59,7
0.1357016898982937,100,100,52,0
5.7491177753707703,98,99,54,5
2.7622912025530031,100,101,49,1
3.3086483572643886,98,99,46,1
4.6946162916747349,94,94,56,1
3.9589333871840013,100,101,52,2
6.1468523828391142,96,96,43,3
5.5866914591950785,100,101,51,1
0.3559660328261593,100,100,58,0
0.7882220520599325,100,101,55,5
0.6989480698112500,98,99,52,5
2.3457250240608327,98,98,53,2
1.8518443552812773,100,100,50,0
1.2155369342533662,96,97,57,3
6.0950148705099769,96,96,55,7
5.9996262317415221,100,101,56,4
3.7884527111327402,100,100,53,3
2.3979920821887801,100,101,50,0
3.9769716032079279,100,101,52,2
0.7356394245356082,100,101,46,2
5.6252088147491914,98,98,54,7
0.7001700672764727,94,95,55,4
0.1862615288252699,96,96,44,0
3.7210686376787652,98,98,51,4
2.3739288882581318,100,100,56,4
2.8760214334692615,98,99,53,4
6.1211118115133472,100,100,47,1
6.1521949531344946,98,99,58,3
3.6849927512790184,98,98,51,2
1.0768173317758514,98,99,46,1
5.4794038684454689,100,101,54,4
1.5676675686998633,96,96,55,3
2.3885606347770829,96,97,54,2
2.4560061409051852,98,99,59,6
4.2553639723085723,100,101,55,1
5.8860426776740900,100,101,58,6
1.8023817391704142,98,98,50,3
4.3576125255375766,102,103,54,5
1.2128453810313775,98,99,47,2
3.5259120695707544,100,101,56,6
6.2372759830238742,96,97,48,6
5.7999300667504148,94,94,48,1
1.9505486353212833,98,99,47,2
3.3068919995038506,100,101,46,0
1.8715388724009734,96,96,58,4
3.2774686577251981,98,98,58,3
3.2498107561839853,98,98,57,4
1.3010932407539724,98,98,57,2
5.3367856086245888,102,103,50,3
3.3705685853386860,98,99,46,1
5.1422859195337729,100,101,48,4
2.3028023204108461,98,99,44,3
0.2379298129116345,98,98,43,0
4.5115593116023192,98,98,55,6
4.4064151491735277,96,96,49,5
2.7179917848230599,102,102,44,1
1.8538194952047375,100,100,47,3
3.2478545258649278,100,101,60,2
6.0622152638453253,100,101,45,3
5.2100210790221047,98,99,42,3
1.3847213606825302,98,98,51,6
4.3174529291082804,100,101,55,5
3.1975184287447100,100,101,55,7
2.7219890758132164,98,98,49,6
3.4478425973372442,98,98,49,4
5.0916466707910857,98,98,50,5
3.3152200278433042,100,100,53,7
5.3749398953122300,100,101,52,0
4.5235841112165485,96,97,52,6
5.3584873694001924,96,96,48,4
2.9504017198611359,98,99,55,6
5.8217586148577238,100,100,56,2
1.9297438114069891,98,99,51,0
3.6501897728155059,96,97,47,3
0.7043442783063756,98,99,49,0
2.2981434217136796,98,99,44,7
5.7981398822270060,98,98,46,3
3.3366415275932320,98,99,48,7
2.1042560932742229,98,99,47,0
4.3760116690625015,100,101,54,0
2.8833920494446250,98,99,46,7
3.6549413892082474,100,101,55,5
3.3364932725748702,102,102,43,2
4.4218141314621535,100,101,45,7
2.5246893922436300,100,101,51,3
0.3780376470215569,100,101,53,3
1.0434267024645378,96,97,54,0
0.9519216017505500,100,101,62,0
5.3223525321924372,102,102,52,7
5.5686560911925422,100,101,52,4
0.9525117029103550,100,101,41,7
4.4585836553234479,98,99,49,4
3.1191185320355155,100,101,53,5
2.4774244369264089,100,101,53,1
3.5615850956494497,98,99,45,4
2.4846234387327670,98,98,57,4
3.7596397898906369,100,101,46,0
0.5025366728445100,98,99,53,4
5.8255343397380308,98,99,48,3
3.9039474853770506,98,99,54,1
3.5680455204955046,98,98,55,6
5.8169843111658865,100,101,53,1
2.0739800936910431,98,99,47,0
6.0762606052222257,100,100,54,2
1.5395431445032119,96,96,46,0
5.4284653121274662,100,100,55,5
1.4255537713616890,94,95,41,4
4.7983574855841420,100,101,57,7
1.6249777860501127,100,100,49,5
1.5562109484363578,100,101,60,6
5.3160788859190582,100,101,54,6
3.3968034655228072,98,98,51,6
2.3236939553741873,100,100,62,4
5.3718708009932614,96,96,53,5
1.5069203626433398,94,94,48,1
5.2005922950582599,98,99,55,4
4.2191658578148798,100,100,44,6
2.3091303463527972,98,99,50,5
2.8872752865458442,100,100,55,5
3.7176561462720712,100,100,49,3
0.0761132963835980,100,101,55,5
1.2040288806425077,98,99,52,3
5.3077102712083812,102,103,53,0
3.3172509919763336,98,99,45,6
5.5617925056063200,100,100,56,2
4.6807977009262913,100,101,51,3
3.2251292817418880,100,101,51,5
4.9272242515561180,96,97,53,5
0.5991579150920844,98,99,48,1
0.3472886281826175,92,93,52,4
2.9860236335212895,98,99,55,2
3.7834128748427602,102,102,61,6
1.0190950576465783,94,95,52,5
5.3412092603502677,98,99,57,0
2.2716748245502894,100,101,50,2
4.0575894660557195,100,101,56,2
4.2134888315858348,96,97,42,4
4.4958635187597045,100,101,56,2
5.8543253324987807,96,97,51,3
0.4980432641870043,102,102,51,2
5.2180994112957420,100,101,41,1
2.0647587440265633,98,99,48,7
5.5555716689157313,100,101,50,4
1.2164255302171556,100,100,65,7
5.8493828390038933,102,102,50,5
2.5044272233591682,100,101,51,7
2.4754073126719067,100,101,54,4
4.1168586033095931,100,101,53,3
5.4184114978665914,100,101,48,0
1.3426828889072857,98,99,45,4
1.3807505066360255,100,101,48,2
3.4387149064583395,98,99,50,5
3.0564529591283391,98,98,55,0
4.3175198382935394,98,99,56,1
1.4522622835371430,100,101,53,5
1.0175397705992950,100,101,57,3
3.9434927669468443,100,101,46,4
0.5573434103653986,98,99,41,0
6.1230175719085329,100,101,55,5
1.8781455369741038,96,96,49,7
3.0645241233192015,100,101,48,6
5.0292098585177039,102,103,63,2
4.7707238000905310,100,100,54,6
1.3016196662467701,98,99,54,5
2.2550311553726932,98,99,48,5
3.4300453077667892,98,99,51,2
1.6584924121694797,96,97,45,1
0.1221119475687010,102,103,60,5
1.5878963007669689,92,93,48,6
2.3105012341035605,100,101,42,2
3.5607573530257146,98,99,45,0
5.3947422431739458,98,98,56,7
4.7818474262710895,96,96,52,0
1.5486107221514196,96,97,48,2
3.3894182996952718,98,99,48,5
0.9743642475236051,100,101,48,2
3.8215285403711343,100,101,54,4
4.4790476040305762,100,101,54,4
2.7812244677792957,98,99,61,2
5.7907133557520778,98,98,48,3
2.8025634961502193,100,100,56,4
2.4264792025576734,98,99,54,7
4.1726296300206203,94,95,44,3
5.2297286797136149,100,101,48,0
6.0316782132623814,100,100,56,6
1.7430945478664241,100,101,48,2
5.2610406749267504,94,94,59,6
6.1859059096942541,100,101,54,6
3.4406461714091607,102,103,55,0
2.5615737093366611,100,101,48,0
2.5541438285594880,98,99,53,4
5.0523011580733934,100,101,47,5
1.3599035693941801,96,97,40,2
2.7702650059588918,98,99,52,5
1.8723029852463291,98,98,47,6
1.2934340019691759,94,95,50,3
5.5011539317448124,100,101,49,1
4.9144439701530898,100,100,49,1
3.7894987980994865,100,101,64,6
1.3454884703772660,100,101,51,5
2.0567151925028480,98,99,56,5
3.5091466239713820,92,92,41,5
4.4514459221434395,100,101,53,7
2.7270579469554925,94,95,54,7
5.3453805287137071,98,99,52,5
2.9315294836469188,100,101,59,5
2.7490568273412217,102,103,54,7
4.1835271127085187,98,99,62,1
5.4569612199605215,100,101,44,6
3.6296184363914716,98,98,50,3
2.3133737918779631,98,99,52,7
0.0130311642763534,100,101,53,5
1.5999560599665659,100,101,51,1
4.8864110033476518,98,99,55,2
4.5869487077900484,100,101,52,6
1.5935791303847995,100,101,64,0
1.5321562186180580,98,98,45,2
0.8458132485270753,100,100,41,1
1.2666995973071915,96,96,52,0
4.3077363702620737,96,97,48,6
1.7328795366254088,100,101,48,0
4.4269607445157275,96,97,53,7
2.5850681022368494,100,101,45,1
5.1496797177409004,96,97,51,3
1.5410142478213351,98,98,50,1
3.6817407960812258,100,100,53,5
1.3431183643735642,98,99,51,0
0.4937193508063354,100,101,52,0
3.0556640082060662,98,99,46,7
5.8383436086423188,98,99,49,0
1.6737895893690287,98,99,60,5
4.5986581716321977,100,101,68,6
3.9528332613964774,98,99,43,0
6.0819494455263641,96,97,46,6
2.8172975880518525,100,100,46,2
6.0096024415577718,98,99,51,4
2.4749632386195088,94,95,51,2
1.2643854062956290,100,101,51,1
2.5007167285793037,100,101,49,5
6.0661301584863097,96,96,46,4
0.2987525755956347,98,99,51,2
6.2742597560462761,96,97,49,3
0.1461942145716587,100,101,53,1
4.4948853136875657,100,101,61,5
5.4117529669713376,98,99,53,4
5.2799932354722126,98,98,52,1
2.5171374421842274,98,99,44,5
5.5750004370772697,100,101,54,4
5.5231388061864317,98,99,57,0
1.1945678091409651,100,101,55,3
2.3228488209596598,100,101,56,4
3.9135308639041471,100,101,60,2
5.5567140891719928,98,99,50,3
5.5386685953986730,102,103,54,3
2.8885545905962062,100,101,57,7
0.4593792089397945,98,99,43,4
1.0068109947066739,96,97,49,7
5.2213744985048152,96,97,46,2
3.2733607275826366,98,99,52,3
5.5563403743001727,96,97,43,1
5.0574920371491672,98,99,48,7
4.3372334828651358,98,98,49,0
1.9896402001643632,98,98,49,2
3.4192978934849223,98,99,50,5
3.4450767186918987,100,100,61,5
0.8314106466379948,94,95,49,2
3.8025361798655068,100,100,51,7
3.7461037527587981,98,99,53,6
5.2262467088015203,96,97,65,3
2.4043245636539554,100,101,50,2
1.1437043503737183,100,101,55,7
1.3989849748943581,100,101,42,0
4.7444065391599235,102,103,51,2
4.4883971802245650,98,99,46,5
0.1027789664491379,100,100,48,0
0.9548262937996992,100,101,46,4
3.8503473181535988,100,101,56,6
3.8758132907299170,98,98,52,5
5.8899012289729979,100,100,52,4
0.2338272901892617,96,97,55,7
1.7455503684094158,100,101,54,4
2.2838376226060486,100,101,52,2
6.2650121810989710,98,99,52,1
0.6391834040565745,98,99,55,0
4.6525547316111933,98,99,47,6
2.8956485414500541,96,97,44,2
1.9393173917110231,96,96,52,2
2.6190892259218876,98,98,59,2
1.6466058732292330,100,100,56,4
3.3443518137968105,96,97,49,3
1.9207192292255824,100,101,54,6
2.3710274862896190,100,101,53,7
5.0084378888458856,94,95,49,0
1.9370443824624726,98,99,50,7
4.9433806639902080,98,98,41,6
3.4458445453040958,102,102,62,1
1.2557617638410810,98,98,46,3
0.6002394810574296,96,96,45,1
6.0674383931101614,100,101,54,0
3.4903080541585583,102,102,51,6
1.6317586423177513,98,99,51,2
6.1342985843229476,100,101,42,2
1.6450701532021497,98,99,49,2
0.4018474762198337,98,99,60,7
3.8272720932779891,100,101,49,5
1.5718242305769188,100,101,53,5
3.6803989392573988,98,98,63,4
1.9079887407097489,92,93,43,1
3.4652854203248555,102,102,47,6
1.8339661736964212,100,101,60,4
5.1021005361568612,98,99,51,0
4.4268187945147934,98,99,51,6
5.2511651080750381,100,100,54,4
0.1661519440325384,100,101,50,2
5.2172180151099470,102,103,57,6
2.0476171047148077,100,101,55,3
1.8100966097853068,102,102,56,5
5.0167264167088801,100,100,59,5
0.6359177682789495,98,99,51,2
1.9910416095218626,98,98,55,6
4.7621041876452423,90,90,42,1
4.0872005886085816,96,97,54,4
1.0261097991030614,96,97,43,5
4.5523114394271200,96,97,52,4
4.8820681568317648,100,100,54,2
5.9853537431696768,100,100,60,0
4.0724767460839084,98,99,47,2
2.9701258969637565,100,101,37,7
2.2395827590203794,100,101,50,4
5.6479896452822009,98,98,59,6
5.1946724078863671,100,100,51,7
1.2697067034213558,96,97,41,1
2.8413029533297958,96,97,48,6
0.8069310613280004,98,98,50,1
3.2276687517481828,98,99,49,0
0.0369397550083545,98,99,49,4
2.2061320383917158,100,101,56,6
1.4298133863146283,98,99,42,7
1.4725999957669513,98,99,50,7
0.7705063052406983,100,101,57,5
1.0910459801865127,102,102,51,0
0.0456970603729644,98,99,51,2
1.9446349745729867,96,97,54,4
2.9912929677784406,98,99,46,3
1.8450486149015874,98,99,45,0
3.3153989321392059,98,99,43,0
1.6777057516627532,100,101,49,3
0.9062215249037900,98,99,49,6
2.1872394049670860,100,101,58,2
0.9327165912844269,96,97,50,4
1.7235965792495678,102,102,46,1
3.2602209555159569,100,101,50,2
1.2469575110493221,96,96,39,3
5.4533385558901211,98,98,49,2
2.6547472359884643,100,100,55,5
4.2026142099150912,104,105,56,2
3.8452213871846719,100,101,52,6
4.4072674837859687,100,101,53,7
3.6220291241814375,98,99,53,0
0.1626500542389052,100,101,50,0
0.1826883939298803,100,101,44,4
1.3231372199928935,100,101,54,6
1.9640041056978119,100,101,51,7
4.0043011249837619,100,100,53,1
0.0968541245526059,96,97,49,5
1.4922969128788905,94,95,52,1
1.8885569601716135,98,99,52,1
2.3053229266822060,102,102,56,7
4.4690114780511259,98,99,54,3
1.5640209708234962,96,97,44,4
6.1207369556909326,98,99,41,2
0.1780331818814064,100,101,47,3
1.5503648701843336,100,101,56,0
0.9457683443797174,100,101,60,0
4.1887969539473948,98,99,50,5
3.3553028416765152,98,99,48,5
5.7108810685292148,96,97,50,0
5.4989359442142982,102,102,50,5
5.6690964822371894,96,96,45,5
2.6927317463477021,96,97,44,6
4.0125258773239487,100,101,50,0
2.3837985968400428,100,101,52,6
2.1697521994760911,100,101,41,7
0.1568856078428549,98,99,50,1
2.9628059004498981,100,100,57,1
2.3231340450229458,100,101,54,0
0.8912611359843323,96,97,49,3
5.5273129939096632,102,103,55,4
3.0471166980201851,96,97,56,2
2.5820531411810292,96,97,51,7
5.9746483880994754,96,97,48,4
0.7893779376856103,100,101,57,5
5.4538626495135727,100,101,52,0
2.2516863228419450,98,98,55,6
3.7845156748560234,98,99,49,4
2.8887370808618758,96,96,60,4
0.3961852423409760,98,98,58,3
5.3723825788409760,100,100,52,6
4.2192152761380006,100,100,64,4
4.5614610251954391,98,98,53,6
2.2799099383206793,100,101,54,6
3.4991748922018022,100,101,56,4
5.3664419158642165,100,101,47,3
3.8600400878401517,98,99,53,6
2.9265964247220828,100,100,48,4
6.0761439747363051,98,98,41,2
5.4850479072873588,102,103,55,6
5.5573551649734529,100,101,49,3
0.1089453743409212,100,101,51,7
2.1494794640641937,98,99,54,5
5.8877710590201389,96,97,46,2
3.3734145023890680,98,98,62,1
5.4784996190515720,100,100,56,4
3.3754523318536225,100,100,57,1
1.2946101496989431,100,101,51,3
0.3596636023433749,98,99,55,2
1.6236257364728035,96,97,44,0
2.5764932389404018,100,101,50,6
0.8566531323764305,98,99,52,5
2.7855565716134247,98,99,46,1
1.2828485365844280,100,101,49,1
3.6977470232588301,100,100,57,3
5.0950987764751030,100,101,51,1
1.3321075430181213,98,99,57,4
3.1980568602129633,100,101,51,3
4.8736938857446557,100,100,45,3
4.8286814880775282,96,97,54,6
3.8879998259878525,96,97,49,3
4.7279036672005361,98,98,38,5
5.9278965533760237,102,103,52,1
3.5895603066336550,100,101,57,1
3.4796628267776510,98,99,49,6
3.6341027438508009,98,99,46,7
0.9106448274062723,98,99,49,6
3.0503988425822937,100,101,47,5
4.3541718163169039,98,98,53,0
0.4037289744572527,98,98,49,4
2.0405278769885098,106,106,65,0
3.1402697873343115,100,101,53,5
2.4918532959754836,98,99,51,6
2.6212444604843737,100,101,54,4
2.0995956637627140,98,99,49,4
0.0593680833687512,100,101,54,4
2.2050718427892964,96,96,42,4
3.8350223440328417,100,101,50,0
0.7630657043551333,100,100,51,5
4.1528481007964491,98,99,39,4
0.9698977778369510,98,99,45,4
3.4264830905370669,100,101,45,5
0.1807598604419289,100,100,55,3
5.4881879605770481,98,99,60,1
1.4075194447253470,100,101,54,6
1.5754194619630131,100,101,48,6
1.0878758591276223,98,99,48,5
3.7893029898648063,98,98,51,0
1.0194890837850445,96,97,49,5
2.7494743550169503,100,100,60,6
2.8091356802024130,94,95,59,4
5.9601590666643967,102,103,59,2
3.5317375686727597,98,98,50,3
3.8616972460785064,98,99,45,6
5.2610568649852700,100,100,50,2
3.6206362276377977,96,96,47,3
3.6575911988856329,100,101,50,6
2.2130413548226682,98,99,49,2
2.2932510459926516,100,100,65,1
3.7261267879296445,100,100,51,5
0.5919885502928592,98,99,48,1
2.8284541476201790,98,99,47,6
1.4240548602307386,98,98,47,0
0.5947021093832090,100,100,49,5
4.5791122013878418,98,99,54,1
5.3669767864700164,100,101,51,1
3.1583522183441906,100,101,55,1
0.9758397223639426,100,101,55,7
4.7885859488152986,100,101,62,6
2.2789758686021959,100,100,61,7
1.9194083965441731,96,97,47,3
4.9832212346041453,98,99,52,3
6.0217079276390253,96,96,52,0
6.1698881070171785,98,98,54,1
3.7920639560539375,96,96,42,6
1.3069805255976223,98,99,48,7
0.6056296288741465,100,101,49,7
4.7080883519896375,98,99,58,3
1.6555620238489930,94,94,47,4
4.5428288597664466,102,103,49,4
0.1606872252594982,100,101,46,2
1.9950403988928214,98,99,58,5
1.0908404162849967,96,96,45,7
4.5811686055307552,102,103,44,5
4.5221299283278933,100,101,42,4
2.3114981406754298,100,101,54,6
3.1903251853190695,98,98,47,0
3.9248141273595669,100,101,43,7
4.6793616362321275,104,104,45,7
5.0036283124294725,100,101,51,5
3.9928437189646537,100,101,50,6
2.9534586920644377,98,99,54,5
6.1240622266649529,100,100,46,0
5.7565080531352155,98,99,43,2
3.9281648673301963,100,101,46,6
5.6445502795851104,94,95,50,7
3.5384280703275008,100,101,50,0
2.6673830263401119,98,99,55,4
3.6253945922760371,100,101,56,0
2.6045179901808750,96,97,43,5
0.6828428509221961,102,103,44,7
4.5736187827322086,100,101,49,5
5.3832684488159472,100,101,54,6
2.4962743032212780,102,103,59,4
5.2344046399582300,96,97,50,2
4.1451015170717982,100,101,50,6
1.3962740978169919,98,98,53,4
3.8820899255828714,100,101,47,7
0.4436733176303639,98,99,51,6
0.2633280224596241,98,99,52,1
3.1123663324558182,98,99,57,2
5.9806994992103508,98,99,55,6
2.8260318939575693,96,97,52,4
3.9542696005547100,92,93,46,4
5.0593485169877059,100,100,58,6
3.3656975819647892,96,97,50,0
1.1793400098450419,98,99,59,2
2.9175873021888945,96,96,51,5
3.0694345473653315,98,99,40,3
3.0084497446718919,100,101,52,2
3.8570754896800872,98,98,41,4
3.6880374567626020,98,98,46,5
1.6103301463782937,100,100,55,1
2.8348336951200279,98,99,51,6
1.8754454319635043,100,100,44,2
3.0763606935947116,94,95,55,0
4.1303213357514101,98,99,45,0
1.8496216455245476,98,99,55,2
3.8549835115337623,98,98,54,1
5.5182478192870796,100,100,56,0
0.9696646868874222,100,101,46,2
4.8477321636384110,100,100,57,1
5.4976798309062778,100,100,46,4
5.3070952116778054,98,99,52,5
0.1318445102922546,98,98,44,7
2.1053677665067805,98,99,65,4
3.6940145908911939,96,97,57,1
1.8374773719619248,98,99,47,2
6.1935892785715341,98,99,52,5
2.8393970362821013,96,97,50,0
1.2047408247030293,98,98,46,5
4.5585401504655794,98,99,57,0
0.0803608650651216,98,99,42,1
1.7128419731833562,100,101,48,6
3.4702153747861653,96,96,53,7
1.6933246930108781,96,96,47,7
5.1433066758317594,92,93,56,4
3.0360901059886487,96,97,44,4
3.2674801427988656,100,101,50,0
3.1995668580692720,104,104,53,5
0.8394597444144359,102,103,61,0
3.5650942934362146,98,99,54,7
5.2079975066965654,98,99,44,5
3.4659131619810908,100,100,55,3
4.4205853917635611,98,99,47,6
3.6550424643059625,100,100,49,3
4.3016308388167408,102,103,59,2
1.2805728801332337,96,97,53,7
5.2552535262324502,98,98,48,1
1.5365458085696651,96,96,60,6
0.5358986649169862,98,99,56,5
4.2021570162766304,98,99,58,7
5.6743214619228963,98,99,52,5
4.3914505362229477,100,100,43,1
4.7073362839913662,100,101,48,2
4.0321767999424667,100,100,51,3
4.1529891088366169,98,98,50,5
0.3654634299003055,98,98,57,0
5.0343764289383026,100,101,45,7
6.2008436101228481,100,101,53,5
6.1335952947192132,100,101,50,0
0.3752070766259987,100,100,52,6
1.2205209248691420,98,99,54,7
4.8830090174001253,98,98,46,7
2.6366635038302029,100,100,50,2
3.6597198887142426,96,97,58,4
5.9018515790345756,100,101,46,0
2.2835411185953158,98,99,55,2
3.5079748644602216,102,103,61,4
1.1151052578316125,100,101,50,0
5.4330031716664280,104,105,55,3
3.3037028648273186,100,101,46,0
1.8113117944391175,96,97,48,4
2.6077502400998447,98,99,51,2
0.1808506839345046,98,98,48,7
1.6290009647510724,100,100,55,1
3.5790086080155890,98,99,50,5
5.5246675840362354,98,98,49,6
1.0743827830929289,100,101,60,0
5.3095599955351700,100,101,54,0
1.9879019660257937,100,101,62,6
2.3664106645688125,102,102,51,2
1.0584782296432338,100,101,56,4
0.6876908978362952,100,101,55,1
6.1808641138637705,98,99,53,0
5.2919019004853745,100,100,55,3
0.1632139122213913,102,103,50,1
0.6675949299957240,100,100,55,3
2.1444815196013436,100,101,51,1
3.2119905446765258,100,100,50,4
4.8431260652857011,96,96,54,4
0.4002888430466000,96,97,46,2
0.7169964573442941,96,97,44,6
4.6782040903390989,98,99,52,1
0.2643870242055630,100,101,49,5
6.0966840121332471,98,99,53,4
0.6668883091972354,98,98,57,2
4.9228414142188752,102,103,44,7
3.0644322725812168,100,101,50,0
2.3720142538678974,96,97,46,0
2.8266837318387199,98,99,53,0
5.7112754066025682,100,101,49,5
1.7916782038479946,100,101,41,1
3.4317187123520849,100,101,50,6
1.5576181788358121,100,100,51,5
3.7522511963445782,98,99,60,5
5.2415721462421123,100,100,54,0
0.8855917132229763,96,96,44,2
0.1926818242731085,92,92,47,3
4.0717527517032561,100,100,50,4
0.7473275723223600,98,99,50,5
3.3846324522174096,100,101,46,0
2.1678083671425590,100,101,54,2
2.7916714425766984,98,99,50,3
2.2605622630436115,100,101,60,0
5.7892097946187082,96,97,52,4
1.1155984152949621,100,101,59,3
3.2342698199094291,100,100,58,0
3.8515202299400761,100,100,54,2
3.6773184722794201,100,100,51,1
3.7559905915898280,98,98,56,1
5.7739430457165177,100,101,51,5
1.1438053327920943,98,98,52,1
4.3367699607889003,102,103,49,2
3.1460022843640658,96,96,41,3
4.4738236665967452,96,96,49,1
0.1459340648243702,102,102,49,0
4.3843676958109183,100,101,55,1
0.8620730307383215,98,98,55,6
2.1729039994027661,96,97,46,0
0.0006693862903351,100,101,46,0
2.1282410043573483,100,100,49,7
4.9332777076109835,98,98,53,4
1.2219426485077289,96,96,48,0
3.8239143063720240,96,97,40,2
2.2232771390823567,100,101,59,5
1.1149612776660784,102,103,47,6
3.2940546688798844,102,103,51,4
4.2255757286247126,100,101,60,4
4.4446033833446839,100,101,52,4
4.2694138910691199,98,99,59,2
0.1198330369802177,88,88,47,7
2.0364567713678072,98,99,52,5
4.6448589300380396,98,99,41,2
0.5198288573814388,98,98,49,0
5.9325290730681219,98,98,47,4
0.9470469165258719,98,99,48,3
5.6798210235196587,96,97,52,4
1.2440721105727497,102,102,47,6
3.2089594229452651,100,101,47,3
0.0027916144922558,98,98,52,7
5.4121163982669005,100,100,50,4
0.2455729518436857,92,93,53,5
4.2281186848904460,98,99,44,1
0.1047786434584454,98,99,51,6
0.8302636010779540,98,98,52,5
6.2146528587327818,100,101,56,0
6.1113142082504082,104,105,63,1
2.9774284907591237,94,94,53,0
1.9784896587407841,100,101,52,2
0.7678393687468896,98,99,47,2
1.1886156902072278,98,98,53,6
0.0982683838227190,96,96,54,6
4.3020354455263430,98,99,52,1
5.3316885399565450,96,97,44,4
2.8735350678083220,104,105,47,3
3.2416109734461620,100,101,51,3
0.9298710575973131,100,101,56,6
4.2415912609680770,98,98,47,2
4.2192310653140623,98,99,44,3
1.3868083123331556,98,98,54,3
0.4766033944513613,98,98,48,5
4.6846647988808945,102,103,56,1
3.3882900561262947,98,99,53,2
1.5760560510214350,96,96,43,5
4.6338619291660059,98,99,54,5
3.3521805758815812,96,97,42,2
3.1999030651918972,102,103,58,7
4.0931442127617750,98,98,50,3
1.4185934801449180,102,102,50,1
2.2531955129065673,98,99,47,6
3.3745357673650065,96,97,45,1
3.7212180849857406,100,100,53,7
6.0524202629906005,100,100,56,2
5.8548681711136599,100,101,51,1
4.6328918056479305,98,99,47,0
5.8544722667388651,102,103,49,0
4.6272924218750271,98,98,50,5
5.4943443331846540,100,101,57,5
2.6180981288804359,98,98,46,5
3.5821439393736010,100,101,40,6
5.9160982799709272,98,98,47,4
4.6703267242671949,100,101,43,1
3.7298775340834993,100,100,59,5
5.7984556615678482,98,99,51,0
2.7804019742050516,98,99,54,7
5.6258045783816675,98,99,51,4
1.7980072183985427,94,94,52,7
3.5432820666979357,98,99,43,2
1.0062738878483004,98,98,44,5
6.1381325266339859,100,101,48,2
1.4140077355728573,96,97,44,0
0.0181622975923426,102,103,54,7
5.6405924437765789,100,101,49,5
0.5159846351218731,100,101,48,0
4.1026824710947265,98,98,47,0
4.8846917146768725,98,98,48,3
4.5019579900885622,100,100,49,5
5.6550370983699310,98,99,48,1
4.8952393053444725,100,101,48,4
1.9406215144477625,98,99,43,6
0.9121114036693405,100,101,60,4
1.6280759747964428,94,94,42,7
1.6433519293102044,98,98,50,3
1.6434477515175983,100,101,56,6
4.7507168683967249,98,99,53,6
1.6996443908696797,98,99,62,1
5.7829465441070793,98,98,52,7
2.8459698522479835,102,103,53,0
3.6102177672314060,100,101,51,5
3.4801772582871604,104,105,40,6
1.5913603449158156,100,100,51,3
6.2739761587367067,100,101,54,2
4.2104783142811186,100,100,47,3
5.8274766300175163,98,99,56,7
5.8132821142088034,98,98,43,2
2.7332316430494719,96,97,49,7
2.9161403932876229,98,98,51,0
0.1727998364781609,100,101,56,2
3.2099174799304646,100,101,55,3
0.1878528726692159,98,98,47,4
4.6503190948783981,100,101,49,1
2.7489352039185779,98,99,42,7
2.4766210464777889,98,99,53,6
3.4744203548378905,98,99,42,7
2.2697141827401981,100,101,55,3
0.7783281072865690,98,99,50,5
6.2133464443654116,100,100,57,5
1.4378062959902083,98,99,52,5
4.0473678466447298,100,101,43,3
0.9983297135522485,100,101,58,4
5.6233656116215265,96,96,48,4
0.8978410235380230,96,97,48,6
4.3542016023183692,100,101,51,7
1.9543601705120670,98,98,45,2
4.0364723698467975,100,100,55,1
0.9020350904288157,96,96,57,3
3.7302092375043379,98,99,52,7
1.7919509606287956,98,98,52,3
5.5639052965121447,100,100,55,5
4.0782412034605544,100,100,51,1
6.0068776458248063,98,99,57,6
4.0755731168588794,100,101,51,5
0.0639211659884229,100,100,52,2
5.9394897094983587,98,99,45,0
4.7787361439422185,98,99,50,3
0.0231962449617618,100,101,56,4
1.0963580706051781,100,101,47,3
0.8562063609728290,98,99,48,5
0.2396356508997525,98,98,49,0
0.0346785114853457,98,99,45,0
4.8697172468438383,98,99,46,7
5.4680213262304473,100,100,44,6
5.6841995766398581,100,100,57,5
5.1762210550449588,96,97,52,0
3.4383330822976923,98,99,45,4
0.5611852159933846,100,101,54,2
5.8742245751975508,98,99,55,2
3.7570318148183657,100,101,55,1
0.2139306748856481,98,99,48,1
3.4707053520314273,98,99,53,0
5.9620307420851031,98,99,54,3
3.2906328743549249,98,99,45,6
1.8716850089453010,98,98,52,1
0.2338814178429798,100,101,51,5
1.5548089045514337,96,96,43,1
3.3424423467886579,100,101,60,6
2.3216349937213074,100,101,48,4
1.2183858021979461,98,99,42,5
3.1256410025964985,100,100,52,0
1.8475674715109771,102,103,51,0
1.4635799708008534,102,102,58,3
2.9228905969289301,96,97,53,5
1.7793081243318254,100,101,50,6
2.5992132362766909,98,98,47,6
4.9157268448506741,98,99,38,1
1.5010048781226886,100,101,48,4
4.7452582173018287,100,101,52,4
3.0153830446751813,100,100,54,6
5.8306178959335071,100,100,49,7
2.3418110256505100,96,97,43,5
5.2286599742798456,102,103,58,3
3.0241596314350474,102,102,51,2
4.6196607721431819,98,99,56,1
3.7576491888308410,96,96,49,5
2.7490980953363984,98,99,54,1
4.0171764436108317,100,100,46,0
4.3756443149383699,98,99,55,6
4.3960707156672205,98,98,51,0
5.5888885665263563,100,101,48,6
0.1630390485119093,98,98,55,2
0.4285153829729826,96,96,43,5
0.2246167452945412,100,101,57,3
3.6962438155270743,100,100,57,7
4.1808548762262241,100,100,46,2
1.2488756375499379,98,98,54,3
3.0464400808875838,94,94,47,4
1.1847937654131975,100,100,60,2
3.9604054148913259,100,101,60,2
4.5897950227287430,100,101,51,1
1.5567342333659988,100,100,62,2
4.6926090281450961,98,99,50,3
0.2087104930274100,100,101,52,4
5.9507205004236337,98,99,49,0
3.1414615591269630,96,97,46,0
3.8096043493129450,98,99,49,6
4.4175827716962042,96,96,47,7
1.0688413372827974,100,101,53,5
1.2152425575140404,98,99,47,0
2.1809967881696242,96,96,48,2
4.2580686962371921,98,99,49,2
3.6220078725254949,100,101,46,2
5.6450847476606905,100,101,53,1
3.8084238743986538,100,101,47,5
6.0484834664927378,92,93,48,2
0.3987450175979402,96,97,64,6
3.7058591563146148,96,96,52,0
1.5847210192213366,98,98,45,0
2.3366819095880977,98,99,46,3
5.4349643840814039,100,101,58,4
2.8733514161953688,96,97,43,5
0.2679823777911916,100,101,50,2
3.3818097619107599,100,101,54,2
6.1934630174657679,100,101,47,3
1.5201646923761698,94,94,46,1
1.7036070089381170,96,97,53,1
5.0988483142874745,96,97,53,1
1.5040887782082375,98,98,54,3
2.2634867465708552,100,101,44,4
3.2462856755207112,100,100,55,1
1.6600625807891152,94,94,40,7
1.4561736569237194,100,100,54,2
4.1007530154751271,100,101,58,0
5.6777418631103229,96,96,42,6
5.4979013406201904,100,101,53,7
4.2168888184815962,100,100,50,2
2.8435938800951268,100,101,51,1
0.6351731381296163,98,99,37,2
5.4700124895816202,100,101,55,1
3.1891995767022676,102,102,52,3
1.5161220524409580,100,101,55,5
2.2836046754864818,102,103,51,2
2.2310438929927354,96,96,53,5
1.4666180551053196,92,92,55,5
4.1255128268399197,100,100,48,2
4.9001956501698132,100,101,54,6
1.0570708102115605,100,100,43,1
6.0902921479623924,96,97,52,6
3.4245035063436240,98,98,58,3
5.9814468572208694,100,101,52,4
5.2254587178736118,100,101,59,3
5.1976769815545696,98,99,52,5
0.5126109028297090,96,97,48,0
5.7469437192167749,96,97,40,6
2.0306055790641149,100,101,51,3
4.8921118283174057,102,103,52,7
4.0736178768059874,98,99,51,2
2.2940428138121485,98,98,50,7
5.2423058644739635,98,99,50,1
3.7896899795096330,102,103,50,3
5.3641896401829161,98,99,57,4
1.7171430260414087,100,100,47,1
2.8705871819857105,98,99,46,5
4.6333193730789448,96,97,50,0
3.0356309625176019,98,99,55,2
3.7151374975549070,100,100,56,4
5.6194844175121217,96,97,53,7
5.7528725904947269,102,102,45,2
3.9809469678389187,96,97,55,7
2.9490370056028463,98,99,49,2
6.1430374850983815,100,100,59,3
4.5823464116776176,100,101,56,6
0.5026568081794074,100,100,54,6
4.2643971086110168,100,101,52,2
6.1497800454826290,100,101,55,3
4.3088807937114453,100,100,52,0
5.9381970311145400,98,98,56,5
5.7610253167769327,94,95,51,4
1.7509326638939318,100,101,48,2
1.1936227286495078,102,103,56,5
2.2332577184250435,100,100,54,2
2.8149226645405685,96,96,53,7
0.1595840291854455,100,101,64,0
4.5261547271209936,100,101,51,5
0.7409782933079089,102,103,56,3
3.8383071863967668,98,98,52,7
4.8694869650827171,98,98,44,3
2.7752927526247282,98,98,56,5
0.1702662498503066,100,101,51,3
4.9217332016133879,96,96,55,3
1.6084922456748754,100,100,52,4
5.9636326310350141,98,98,48,1
1.0954011607045770,98,98,44,1
2.1428950448669206,100,101,55,3
2.6900394405987647,98,98,52,7
6.1441258227558588,100,100,53,1
5.1953141654581021,98,99,44,5
0.9255804269914409,100,100,54,2
5.4183371459732381,100,100,61,1
5.2922685828880143,100,100,39,3
5.6630520719663675,102,103,52,7
3.4872239452945610,96,97,58,4
2.4606314425833022,98,99,54,3
1.2004467291555188,100,101,50,0
4.4957696750471445,98,98,45,6
4.8702358238659471,98,99,52,7
5.9202892454839811,102,103,45,4
6.0953736956260700,100,101,47,1
4.5979307078567411,100,101,53,3
5.7739967807266046,98,98,51,2
3.0326122813849814,98,98,45,2
4.9187422744436464,100,101,56,0
3.4001196905692805,100,100,54,4
5.3003167307025087,96,97,53,7
1.5905400076853105,96,97,49,7
4.2801390562933985,102,103,60,1
4.0196534984868117,102,103,55,4
4.0351979040651145,96,97,43,5
0.4981463493951448,96,97,51,5
4.5697270808990433,100,101,49,5
2.5376759630236636,102,103,52,1
0.7765043742273536,100,101,46,0
3.3020708084791144,100,101,62,2
5.7016562198027874,98,98,49,0
5.3788070760498039,94,95,44,3
1.1383678471433309,98,98,52,1
5.2886412276856447,100,101,52,0
0.6525828301683938,94,95,44,7
2.8734492613565132,100,101,45,7
4.1576550117807134,100,100,56,4
1.0012385016505922,98,98,45,6
6.2495063800480555,98,99,59,4
5.9501859463157123,96,97,53,3
6.0306746744748754,98,99,52,5
1.5662962244082954,100,101,54,4
0.3463842685339454,98,99,51,4
5.5740278525485758,96,97,50,0
2.5140622572855378,94,95,50,3
4.2911087265849837,100,101,45,3
0.0481691775195372,96,97,45,3
5.7775539180638527,98,99,45,2
3.9035942549000491,102,103,51,2
5.6182626123856680,98,98,46,5
6.0683042393989570,96,97,43,5
2.8722503406466848,100,100,60,0
1.9524258043521792,100,101,58,2
2.4262581710030489,98,98,51,2
3.7544571108301796,100,101,46,0
3.3302037653012242,98,99,48,3
0.0962626387656893,100,101,56,6
1.2916086055269687,98,99,55,0
0.3228206695744357,98,99,54,7
4.0102327678927869,100,101,50,6
0.6063659792694017,100,101,52,4
3.2952430665750763,100,101,63,7
4.3623110174981017,98,99,56,7
5.0639801812880183,100,100,54,4
2.7706041818481517,100,101,51,7
1.3336434248208406,100,100,48,6
6.2755434703648216,100,101,62,4
0.3694493492903843,100,101,57,3
1.3408445035790224,100,100,38,4
2.7366486922069666,102,103,48,3
2.6523563876765928,100,101,53,3
0.4816863924096055,98,99,58,1
1.2247383330953345,98,99,54,5
2.3646266952571589,96,97,58,4
4.0167294475397295,98,99,46,5
0.5933920055577921,98,99,47,6
5.8392695833535022,98,98,59,2
2.7982478474331107,98,99,56,1
2.0012499608972094,102,103,58,5
2.1120843267383305,98,99,52,7
1.3588117979860344,100,101,50,4
2.8938541464392329,100,101,48,0
5.5681019902935143,98,98,54,5
4.9285007243556906,98,99,45,4
2.6973979519824067,100,101,58,0
3.8872544449647481,98,99,51,2
3.0305832661257743,98,99,54,7
0.9833617300664333,98,98,53,6
4.8121073762330671,96,97,51,1
0.7061096379694310,96,97,46,2
3.4588958378644565,96,96,52,4
5.4168583396314798,98,99,46,5
0.7688978298961511,98,99,40,7
1.6321605066529403,98,99,53,0
3.1691005201495268,100,100,49,1
5.4778838019439693,100,101,42,2
1.9380921796828678,98,99,51,0
2.0528118007855731,100,101,54,0
3.2517715842461659,98,99,57,4
4.3117394160070015,98,99,52,5
0.4504147464265223,98,99,49,2
1.8907824099707193,96,97,41,3
6.0527915610700367,100,101,58,4
2.9672609850761789,96,97,44,4
1.8834081882753784,98,98,44,5
6.0096590207328084,100,101,47,1
4.8660498521309146,100,101,56,4
2.4147541862057778,96,96,51,3
3.8609199586124294,98,99,48,5
4.8208479925427428,102,103,44,1
0.8046192675902692,98,98,51,6
3.4293800593146107,100,100,47,3
4.5761218160645161,96,97,55,5
1.2765725248753397,98,99,58,1
4.6856092725110532,100,100,54,0
0.4396299767990766,98,98,41,0
0.2026851430402306,98,98,46,1
0.3331460425314075,102,103,46,1
4.3011487245133777,98,98,52,7
5.1539885950653241,100,101,53,7
0.0273962492159291,96,97,59,1
2.5230844841699858,98,98,46,5
0.7796574925488173,98,98,45,6
6.2817017057463653,98,99,51,2
4.0594208263875418,98,99,54,7
1.4861407342046391,96,97,45,1
1.6530529913131373,96,97,50,4
3.1475898406415901,98,99,47,2
5.6182360669673006,100,101,48,0
1.5676717710684642,98,99,49,6
4.1841401481653460,100,100,42,0
3.3705313233496943,98,99,52,7
1.3965377149405716,100,100,56,0
5.4131004257138979,98,99,53,2
0.4910565811808125,100,101,45,5
4.2666913899436540,98,99,48,5
5.1751670110916121,100,101,51,7
0.9965816845196673,98,99,46,5
0.3125731571032201,98,98,49,0
0.7137188482954092,96,97,51,5
5.9655451637299484,98,98,58,5
6.1098733481394607,102,103,61,6
4.6348944828622098,98,99,47,2
4.5442817692617625,98,99,55,2
4.3770990555738809,100,101,48,4
3.2519984714238888,100,100,45,5
0.2160202322807296,98,99,53,6
6.0028842177328503,100,100,49,5
4.5571800128577884,100,101,58,0
3.9220259722047559,100,101,62,0
2.6642441790299736,96,97,45,7
0.4035123805600920,98,98,51,0
3.4029111355700481,100,100,57,5
3.3974438265453357,102,103,66,1
4.0180342213476123,94,94,50,5
6.0790134839132381,98,99,52,5
1.5444593347494431,100,101,47,7
4.9739197984548831,100,100,50,0
5.7342976838455808,98,98,52,1
4.5753845342175907,102,103,49,4
3.4022687043362669,102,103,52,5
3.9036931319280730,102,103,53,2
1.0448882996570932,98,99,49,2
3.3186545039466635,98,99,44,3
1.8467953932181331,100,100,51,5
2.0891271862439478,100,101,54,2
5.9965363180781557,100,101,48,6
5.3172368551944560,98,99,50,3
4.2829208115044874,100,101,60,4
3.9005541299906938,102,103,50,3
3.2476537042202951,100,100,50,6
3.8392739726259149,100,100,49,3
3.3804804660713219,100,100,55,7
1.8019657639191162,100,100,43,1
2.3587161158431020,100,100,50,2
4.3026378228002686,94,95,55,6
4.8769000736723216,86,87,36,3
1.5998047851218096,96,96,47,5
6.2571527246724976,100,101,54,4
5.3339861770480779,98,99,59,4
1.5609946258503489,100,101,53,5
2.9142582008101510,100,101,50,6
3.1412384439154470,100,101,56,2
0.0603147141944799,98,98,52,1
4.0081581142133498,100,101,44,6
6.2602504787279170,100,101,48,0
1.2964985761992258,100,100,53,1
3.6170089035589057,98,99,49,6
3.9550313970731037,96,96,54,4
4.0856827886000415,100,100,55,3
3.2789976526451015,98,99,37,0
5.4082498188316901,100,101,48,2
1.7869485905859026,98,99,48,5
6.2098585955012009,98,98,43,2
5.4190066121919171,100,101,51,7
0.4514015189544019,100,101,65,7
3.2783231702904150,102,103,66,1
0.2348554115531603,100,100,46,4
1.6322743298434084,102,102,58,5
5.6125288524395485,100,100,50,6
0.4377360083979088,96,96,46,4
3.7889587659541624,100,100,60,4
1.7305141179701580,98,99,51,2
0.3293682051408885,102,103,57,6
5.4550212119245129,100,101,48,0
3.1569434470069386,94,94,49,6
3.3633935483044670,98,98,50,1
3.0293736724447009,98,99,44,5
0.6815710857909740,102,103,44,3
0.0133132207236843,100,101,57,5
6.2649950187628107,96,96,50,2
3.6917895916321033,100,101,52,2
0.8502523140561334,100,101,53,1
5.3664826793197618,100,101,48,6
5.6504423948097751,100,100,46,0
5.3354540728250690,102,102,52,7
3.8644973382215571,100,101,52,6
4.0611886192475595,100,101,48,4
0.5465860560940294,100,101,49,7
4.6234823554454714,96,97,43,5
0.1536159800068227,96,97,56,4
1.3639220810485289,98,98,49,6
2.6228990658599964,94,94,47,4
4.2008881471148580,98,98,53,6
3.1891025578301422,96,96,54,0
4.9366380927572102,98,99,53,0
3.1612639316393922,100,100,51,3
4.3871178236331936,108,109,49,1
4.7087621932198616,100,100,46,6
3.0979241110944433,98,98,46,3
5.4670179107451187,98,98,48,1
1.5619501021478508,98,99,60,3
3.3777029762445561,100,101,57,1
3.6824664097017625,94,95,45,4
3.5077022368606601,98,98,48,7
0.0880258938777284,98,99,50,1
4.7595522390599196,100,101,40,2
4.1802217274092337,98,99,52,7
4.7579467085243676,98,99,54,3
5.2061776876766324,100,100,43,7
5.7068013719364155,98,99,47,6
0.7027839427731609,96,97,50,2
4.1642911147524142,94,95,49,0
0.8527860367406316,98,99,42,3
4.6283860425071923,98,99,58,1
4.0751818693095361,100,100,63,1
4.9853744123293007,98,99,51,6
1.9782936115496099,96,96,46,0
6.1273701057199412,98,98,51,4
0.1456523853318384,100,100,51,7
0.7269700702656228,100,100,38,2
1.6734452862579801,96,96,55,1
5.4319699587042720,94,95,52,5
5.0642355317877978,98,98,54,1
1.8246569527207728,98,99,48,5
2.5503625943903225,98,99,52,7
2.8919259763380358,96,96,50,6
4.0736960782509977,98,98,54,5
3.3338009795172168,100,100,60,0
2.7257434389611674,102,103,48,5
2.8927828883205846,100,101,51,3
5.2421697216332976,100,100,48,4
2.6229393275068684,98,99,57,6
2.7262041322540131,98,99,51,2
6.0589808991564942,94,95,40,3
3.6535827615603420,100,101,45,7
2.7642825933624540,96,96,52,6
1.0254301434305086,98,98,47,0
5.1822233230735781,94,95,57,6
3.1028215367702643,98,99,47,0
2.2906762159994516,98,98,46,5
0.9877278104154626,100,101,58,4
1.1789033040334347,98,99,56,3
4.8212753752109787,98,98,51,2
3.3476617243698206,100,101,47,1
1.1340530561610445,96,97,54,6
2.0668509445995005,96,97,56,6
3.1807584679531531,98,98,54,1
1.5507816119682787,94,95,44,5
3.8189133079825850,100,101,49,1
1.9939357349132201,100,101,60,2
4.9933713502766981,100,101,45,7
0.6610443162025037,96,97,54,6
4.8884211481507975,100,100,49,3
1.4291510582117777,100,100,49,1
5.5620979010304614,100,101,51,5
0.5549908946681964,100,101,51,7
1.0000392166371277,96,97,50,2
1.5443822827486771,100,101,51,5
1.0393751372436466,100,100,54,4
1.4493056237440340,98,99,47,0
3.3507191045412572,100,101,52,0
4.0914179331043350,98,99,53,0
2.9806718998827506,100,101,55,5
5.6506334403730012,100,101,47,5
5.5852648202225064,98,99,50,5
3.2466899970781320,100,100,51,7
5.0633666770202490,100,101,48,4
0.2485070665598468,98,99,42,1
5.0839023987585978,98,99,62,5
2.9379977365499830,96,97,43,1
4.0478471843821522,100,100,56,4
3.5591765785661940,100,100,44,2
1.7528540791544169,96,97,53,7
4.0969638819413099,100,101,58,6
3.4638713948301594,98,99,51,4
0.0589806814266967,102,103,54,7
5.5946189584025658,100,101,48,2
1.3963505852845497,92,92,48,4
2.0734909714725753,94,95,58,1
2.3213345025187353,102,103,48,7
2.7699201881216875,94,95,57,2
5.4416997028914285,100,100,55,5
5.5908165692993457,100,100,47,7
3.9458417844416096,100,101,42,6
5.6281163388848077,100,101,39,5
2.2243828490574322,100,101,57,1
2.6967686547961387,98,98,39,4
4.3515871148472502,92,92,44,6
2.3694759673197949,98,99,54,7
0.2865791481114118,100,100,47,7
4.8738402937580254,100,101,57,1
0.2151458151754420,98,99,56,1
2.4527437401749972,96,97,46,2
5.1288265355846265,98,99,60,1
1.9163216437669834,100,100,53,1
4.7692066065897798,98,99,46,7
1.8926936962455214,96,97,49,5
4.0860164205115010,98,98,59,2
5.0170974342382424,100,101,55,1
3.7491058680142384,96,97,53,3
1.8910904590993782,98,99,47,2
0.0626314703044083,100,101,53,3
3.5779488939935091,102,103,51,2
4.2672682956216557,94,94,45,2
3.9892008897369964,100,101,46,2
2.0696628539828223,102,103,62,7
1.4059970528986341,98,99,58,1
1.5230510263390411,100,100,53,5
4.0479459214160611,102,102,47,6
0.5023270209768272,100,101,53,5
2.9033925605920099,98,99,46,7
2.4229546871324774,96,96,57,1
3.9305175985242977,100,100,54,6
2.7700294129409668,100,101,51,1
5.9627015502744189,98,99,52,3
4.3465853452488652,100,101,53,7
5.4394426023854576,100,100,52,4
3.2801985004800311,100,101,44,6
0.6025156942039910,100,101,48,4
4.5095572128260049,94,94,50,3
0.4691758261187180,102,103,50,1
0.4353774416113735,100,101,59,3
1.5133172182062222,100,101,55,1
5.2088431414986607,94,94,40,5
1.8917705702415735,94,95,48,1
3.1833749942008480,94,95,54,3
5.2018802069584744,98,98,53,0
0.8432831693675729,98,99,55,4
2.5054468173255242,98,99,56,7
4.8091257365210813,100,100,60,6
5.4248109841607874,100,101,53,7
5.1000847984318618,102,102,49,6
0.2527973535021044,100,100,52,0
5.1552584153642993,98,99,53,6
0.3819930265615226,100,100,51,5
0.2913428272536535,96,97,57,3
0.1975586772547397,100,101,52,6
4.5147197802147945,102,102,47,6
1.2574175860397894,98,98,36,7
1.9948911648263514,100,100,56,0
2.1681389381879126,102,103,56,5
5.1020784077605734,100,101,49,5
3.3536641119645476,100,101,39,5
3.6456977173475482,100,100,49,1
3.7406364240484340,98,98,51,2
5.6038840532590202,100,101,53,7
4.8090843473842559,100,101,56,0
1.8061936089624102,98,98,48,7
2.8623794295569116,100,100,45,3
0.8944532590288949,100,101,53,7
1.5249405376777541,98,98,48,5
0.4803021492217009,96,96,48,2
4.7179220737719127,100,101,57,5
3.2306150461933236,100,100,61,7
5.3774751859134380,96,97,54,2
2.0407197599499716,100,101,48,0
0.7100940660305555,100,101,48,4
1.5757563573681956,96,96,45,1
0.7124621641269178,100,101,52,6
0.0746139300315478,98,99,56,7
5.8666765022966247,98,98,53,6
4.9345729958937268,96,97,45,3
2.5324666795443083,98,98,48,7
1.7291835556968707,98,99,51,0
1.8190160632673806,98,99,50,3
4.5474244567299555,96,97,51,1
4.3939727698255746,100,101,48,2
6.2281070572265866,98,99,46,7
2.4745612359682823,98,99,51,0
0.5229080199902387,96,97,55,3
5.2960818634927653,100,101,58,4
1.8467501794036598,102,103,51,4
0.3038382185649931,100,101,42,0
1.5512928846044860,98,99,50,1
2.3530647128588553,98,99,48,7
5.7691448139048358,102,103,49,2
1.5369155962140952,98,99,58,1
5.7979583513287611,100,101,53,7
1.6279157524022434,100,100,49,3
6.2109340111054427,100,101,49,3
5.5266196165491355,98,98,60,7
5.8020897133231193,100,100,44,0
2.2804260357438682,98,98,58,3
2.9489404782049609,100,101,61,3
4.0208083462848716,98,99,51,6
0.2347372635456929,92,93,49,3
4.7480764140733180,98,99,45,2
0.7693078205582340,96,96,49,3
2.7034441781412486,100,101,45,7
4.3898839056091603,100,100,54,2
6.1722164675666802,100,101,44,2
3.7296024513653525,96,96,39,1
2.9776646081791887,102,102,49,0
4.5146492331281411,100,100,49,7
4.9970994257393597,98,99,44,5
0.1862263317340847,96,97,56,2
4.8164974319454084,96,96,54,0
2.3284669002799516,98,99,51,4
2.2792360112331660,100,101,49,1
3.7290406969135677,100,101,53,1
1.7612115716369510,98,99,50,5
4.3928582427495684,96,97,46,2
5.6200744946383265,100,100,64,2
1.2324149382116909,98,99,56,3
2.8573518249152388,92,92,44,4
1.4102576703881584,100,101,63,7
2.0759636360594507,98,98,62,7
0.3066005223703206,100,101,44,0
3.3528348587301013,98,99,52,7
4.1220787165938031,102,103,58,3
1.8353171952295264,88,89,51,1
3.2541198207327717,100,101,53,7
0.3802043319604842,98,99,54,5
5.0026415544664005,100,101,50,2
0.3798921516456543,100,100,50,2
3.2867338164356243,96,97,45,7
4.1515960602000765,100,101,41,1
0.3762501817842578,98,98,43,4
0.1838731342426774,102,103,61,2
2.3350356110304156,100,101,43,7
0.5054264392253680,100,100,53,7
2.7585388130359103,98,99,60,7
0.3042942893988578,96,97,52,6
1.0146203092379058,96,97,45,5
0.1287029790351783,100,101,58,6
4.8483007730719532,98,98,50,5
1.5006275944269254,98,99,48,1
2.7167577593629653,98,98,50,5
0.3499606794421475,98,98,53,6
4.5265266294327864,98,99,58,1
4.8469958139349734,100,101,53,5
1.5388704696163289,100,100,49,3
2.3627679240224673,98,99,51,2
6.0436659691410792,98,98,51,4
3.7473904499129769,100,101,62,4
4.5534058808947151,100,101,54,2
3.2412091004954755,100,101,54,0
3.2579642107776543,98,99,51,2
1.3753114482128177,102,103,51,4
4.7488017456405585,98,99,47,2
4.1459953695379301,98,99,51,4
5.5353976986121118,94,95,49,0
5.2819630654971244,96,96,52,6
1.0455712550959977,100,101,49,5
0.2041731941289436,100,101,44,2
0.6631610148224405,100,101,54,6
5.5032002682193877,100,101,53,3
0.5447488899384526,90,91,43,4
5.1766463089079346,100,101,52,2
2.6138261207787306,102,103,49,6
2.7720954483829785,98,98,59,4
4.0022877033789435,98,98,44,7
1.7735434208430041,100,101,52,6
5.7989739273676069,96,96,49,1
3.8601944258369438,100,101,54,4
3.1255026471402130,100,101,52,6
0.3163789376475357,100,101,60,6
4.3302055271691593,100,100,51,5
4.4761983899447690,100,100,59,3
3.5239907067290632,100,100,53,3
1.4400291011355348,98,98,52,1
4.0609084517305005,98,99,51,0
4.0887448642381781,98,99,53,0
3.0549267299095670,98,98,51,4
4.0494983355254250,100,100,64,4
4.0454361124434994,100,100,47,7
1.7736925405027568,100,101,50,6
1.3478381745334742,98,98,54,3
3.8716210843806058,98,99,55,2
5.5810945262755132,100,101,41,3
5.6673414626840444,98,99,54,7
