theta,t_count,h_count,s_count,w_count
4.7292902731638984,94,95,45,0
1.6688896189140559,94,95,49,6
3.2667484496487300,94,94,46,7
0.4659069618429699,94,95,50,1
5.6217828969494450,94,95,55,0
4.4991507387614442,94,95,52,5
1.8191767916070132,94,95,54,3
4.0046217811378426,92,92,50,0
3.6098926337052575,92,92,41,3
4.0965874604685588,92,92,46,0
3.4295244660130377,92,93,51,7
1.7246504247371921,94,94,48,1
0.3066735253739587,92,92,39,3
4.8064225923466140,92,93,48,6
4.4388188855484021,96,97,42,2
1.4256029765941729,94,94,54,1
1.5628785405550136,88,89,47,1
2.6666371791901686,94,95,51,6
6.2451424449683115,94,95,41,0
5.0746709705612680,94,95,48,3
2.3567697236611682,94,94,48,7
0.8435125906305508,96,96,48,0
1.0758971602298317,90,90,41,0
3.4579072175678736,92,93,41,1
5.0091804957405532,90,91,56,1
2.4373005544884019,94,95,49,2
6.1333570961717561,94,95,46,7
1.2396571378927654,94,95,56,3
5.8641428349036300,92,93,44,2
5.1920117129533860,92,93,41,1
2.5225963530739799,94,95,43,2
4.4506225340955083,92,93,44,4
1.1543901735680673,96,97,53,7
2.1016483166924176,92,93,46,4
1.9620772654281033,94,95,55,2
5.1848540002860748,94,95,56,1
0.2338198046566047,94,95,53,0
1.4016716793818307,94,95,51,4
3.3073603619212246,96,96,49,5
2.9592819370988099,94,94,52,1
4.3927341179368335,92,93,48,2
5.8823441168454327,92,92,40,4
0.5548932149118678,94,94,47,0
1.2845609953328960,92,92,42,4
3.9185550376090625,96,96,52,2
2.4190509785542589,94,94,50,7
2.0649821087238358,92,93,42,0
3.0574750401435193,92,93,48,6
2.9754684489738730,92,92,51,1
4.1524001050757180,94,94,48,3
5.7078104144722479,94,95,48,7
1.7412176466630220,96,97,44,2
4.4468820561258777,92,93,42,0
4.0057045371381754,94,95,50,5
3.3940300770515135,90,91,47,2
1.8121632610693772,94,95,36,7
5.0915887148353338,92,92,48,2
4.3158774859497777,96,96,53,3
4.5445471258011629,96,96,51,1
2.1389461310916222,92,92,48,6
3.9432159400248810,94,95,50,5
5.3556872063974330,92,92,45,3
4.1642634759023904,90,90,51,4
3.7547506011925709,92,93,47,5
3.8988745502672422,92,93,51,7
1.3826007169538490,92,93,44,4
2.6329132265963975,94,94,48,5
2.9086153332448843,94,95,46,5
4.1533290207728770,92,93,59,1
6.1464578912649248,92,93,53,1
6.2331791874311282,92,92,48,2
5.9612935335906361,94,95,49,2
1.4206877521362524,94,95,52,7
4.2833816870447006,92,92,41,7
4.7174305538505008,90,91,46,7
5.7655299661970991,94,94,51,6
2.6029883187756906,94,95,61,4
4.3487383086647577,92,92,49,1
0.2808341609140590,92,93,54,6
0.0964634977481127,92,92,46,6
0.1711182670477798,92,93,41,1
3.5546362363513184,96,97,36,6
3.9619179033726661,94,95,55,0
5.2022583072054482,94,95,39,4
4.3187859927589969,92,92,38,2
1.9333352199955758,92,93,40,6
3.1540819448637909,94,94,52,3
0.7191932112672652,92,92,50,4
6.0037688399687177,96,96,43,7
5.0123976905698759,96,96,54,6
4.4935407812606458,96,96,43,7
3.3888624851498967,88,89,46,0
2.8926619047463018,94,95,56,5
3.9829269232421565,92,93,38,6
1.4379951185777924,94,94,54,1
1.6171929151745497,92,93,48,4
4.3279521106105960,94,95,57,0
4.6689840368602491,96,97,53,7
1.5875731571313139,92,92,37,7
4.0368489055324250,92,93,52,2
0.6629765702713368,94,95,47,0
2.5292545695051341,92,93,42,4
5.3803170000619458,94,94,46,5
2.3650578360018644,92,93,46,2
2.9642715723346340,96,96,43,7
1.4534693503753440,92,93,56,2
4.3382079178468915,94,95,57,0
1.4602442489503105,90,91,46,3
5.1482334044815685,96,97,52,2
1.8654487244746063,90,91,48,3
1.1069154885931389,92,92,42,2
3.1235973717350576,94,95,47,2
5.7047096055409634,94,95,43,4
6.0958313072615793,90,91,41,2
1.2406539702843613,92,93,49,3
5.1610322812869862,94,95,52,7
2.6321363604645214,92,92,49,1
2.8026546237573000,92,92,50,4
2.7158407850254567,94,94,53,0
2.5079582426880238,94,95,60,7
5.9523190030784168,96,96,40,6
0.1702664924357663,94,95,46,3
2.8765771586392912,92,93,48,4
2.9108025161804196,92,93,52,4
1.0751599256916171,94,94,33,6
2.5277660339206114,96,97,62,0
4.3713750536916471,94,95,54,3
5.1554126312247206,94,95,45,4
2.4996302830391652,94,94,47,6
1.7686810462437044,92,92,48,0
4.0352105299783636,92,92,49,1
2.3843780079452870,94,95,48,3
1.7697193135166096,94,94,49,2
2.5643528775754616,92,93,49,1
1.9902527276715702,98,99,53,4
1.5649231518866809,94,95,50,5
4.8884212062519428,96,97,55,5
5.5750130777528595,90,90,50,3
1.9170285652817984,94,94,48,1
0.6165501271327624,94,94,38,7
5.1207771643267535,94,94,43,4
2.0989171103954605,96,96,43,3
5.3577279949805918,92,93,43,3
4.1265729123234713,90,91,39,6
2.0802434618711239,90,91,38,5
0.6708410283888402,92,92,41,3
5.3856051908599394,92,93,45,5
0.0562407500533280,92,93,52,0
2.0277310939810453,94,95,55,4
0.5735104453203325,94,94,47,6
1.9040834973956708,94,95,45,2
0.4837093468106261,94,94,55,4
2.7386284489477970,94,94,38,1
0.5946104739115098,94,95,44,1
3.9433832478985522,94,94,45,0
5.1814357492068090,92,93,43,5
2.7787989130536990,92,93,46,4
0.7999481180352188,94,94,53,4
1.6932398763309071,94,94,44,5
5.0609851048265027,92,92,55,1
2.6722942686331810,92,92,49,5
5.5254053424514185,94,95,52,1
3.3741211346939344,96,96,56,0
3.4443262015326659,94,95,49,2
5.8466249269531874,94,95,42,7
0.4965617358553390,96,97,60,6
1.3565724117540170,94,95,44,7
1.0695895866628458,92,92,51,7
2.3212834977611672,92,92,39,7
5.4262427639198281,94,94,50,1
1.9099537284635495,90,91,51,2
3.4199173616769944,94,95,51,4
6.1437028485695366,92,92,47,5
4.0716599440608823,96,96,38,4
4.6252559436039782,92,93,54,6
2.3650947841676708,96,97,53,7
4.2705305990930365,92,92,51,7
1.7264204306624653,92,92,40,2
1.1000496094615140,94,95,43,2
5.1008962795204926,94,95,54,5
6.1336723485988447,92,92,42,4
0.1777771590230018,94,95,52,5
2.3989221130967073,90,91,51,4
0.7859530745103445,92,93,49,7
2.2193847978429657,90,90,52,7
4.5875801898673512,90,91,44,1
0.4090767503228694,92,92,47,5
3.4309448574883730,90,91,51,0
2.4496206196335240,92,92,44,0
1.5913242853176528,94,94,45,2
0.1695823252895902,94,95,49,0
3.4397381445343242,94,94,41,6
2.4414697991590364,96,96,50,2
4.6211617724156842,92,93,47,5
4.2741638102931949,92,92,53,7
4.2110078708417280,94,94,47,6
1.2852372872604887,94,95,61,4
4.9604200998621666,94,94,53,6
3.5144861541357950,94,94,46,7
0.2820680928701161,92,92,55,3
0.2017087620203273,94,94,48,5
4.4852965153066586,92,93,41,3
1.2276136495762013,94,95,55,2
0.0171943585131739,94,95,45,6
0.7707171292684493,92,93,41,3
1.0009968564447451,92,92,48,0
3.2015187048968392,94,95,58,1
1.4599818717717068,92,93,48,4
5.6479397624796333,94,95,48,1
4.1409315928527892,94,95,55,0
5.4015480778968810,96,97,58,0
0.9734023372127226,94,94,57,0
4.7368343230842420,90,90,51,2
3.0215128824727207,94,95,50,5
1.1943841593726918,94,95,49,4
1.7061901222514622,94,95,52,1
0.1965716076214180,94,95,49,6
1.9200335924091567,92,93,55,5
3.0532057631821679,96,97,48,6
1.2971006298019923,92,93,52,0
4.9480472750769460,96,97,40,2
2.1523483548473616,92,92,44,0
3.3381261210508359,94,94,59,0
4.2797645875659942,88,89,43,1
1.2787286779286520,94,95,50,7
2.3613150158635046,94,95,43,0
6.2668926694496019,94,95,58,7
3.8586845591285224,94,94,52,3
1.1670585694420443,88,88,44,4
0.3131664054678249,88,89,47,1
3.5685717999833533,96,96,48,6
4.3252011950089182,88,88,46,4
1.3709936078399698,88,88,46,0
1.9849485915713827,94,94,46,5
3.6110501795350860,94,95,51,6
0.2819588924533450,96,96,50,2
2.2421902433737664,96,97,48,2
6.0064739587229070,86,87,44,5
3.8709761462401793,94,95,44,1
6.1685368730095531,94,95,42,3
0.3248926837441182,92,93,49,5
1.3712000564429290,94,95,49,2
0.7691781416963824,94,95,45,0
4.3720275236390123,94,95,49,0
0.8334119746819890,94,95,45,4
5.9965407398914028,96,96,47,5
5.5900936039214137,92,93,45,7
0.9972348522632937,94,95,49,4
3.6644086552288595,88,89,45,3
5.0146794061132027,94,95,55,0
1.3373367715930911,96,96,51,5
2.7963873977308520,92,92,49,7
5.7100113430700423,94,94,53,0
5.8051001310675812,92,93,47,5
3.6944039920797045,88,89,41,5
5.4353356699444557,96,96,56,6
5.7213787415325283,94,95,52,1
5.7715096296385182,94,94,50,5
2.5980697172040390,92,93,50,6
0.8654733514600499,92,93,51,5
5.6687252623999473,94,95,56,5
4.8993216427200297,92,93,41,5
5.0406972276971542,94,95,42,7
6.1601270483142150,92,92,50,6
2.2561741881373116,90,90,44,1
5.3820548809229667,86,86,53,2
4.6755303758675568,94,95,50,5
3.5445111832996670,94,95,56,3
1.2435368439205852,92,93,51,3
0.6758579303263187,92,92,49,3
5.6373295448960938,92,93,47,7
4.1092844339499051,92,93,48,2
2.0843801239849906,94,94,47,2
1.4597279505729228,92,93,48,0
1.6076781406622309,92,93,52,4
0.2976406295666306,90,90,46,7
4.2738794197097985,92,92,44,6
3.6113061500560937,92,93,52,2
4.3690448497982990,94,95,49,2
4.0298213669490455,90,91,49,6
2.0303400563272294,94,95,51,6
3.1836344866990594,88,89,54,2
4.7228930889163312,92,93,47,3
0.3109242901609602,92,92,46,6
0.1606509546638964,94,94,50,1
1.7446106147302016,90,91,43,4
1.1378186336568521,94,94,41,2
5.1584100674292452,94,95,49,0
0.7704190763639402,94,95,45,2
4.1335736900021764,94,95,49,2
3.3310966351119728,94,94,49,6
2.2275983825423440,96,97,32,6
1.6405620021899274,94,94,42,7
5.2734473390354992,92,92,46,4
4.5083249889225590,96,97,46,2
4.9007279736273741,94,95,51,4
1.1210473832307957,92,92,47,1
3.2998168490575908,96,97,46,4
1.0508054835380847,92,93,51,3
1.2583747084188699,90,91,46,7
5.0140636892887525,94,95,47,0
4.0305323549477201,94,95,47,2
4.6739600010958346,92,93,48,6
2.0858179872233711,92,93,49,1
1.3908394712157190,92,93,45,3
5.9243307306742974,92,92,39,5
0.6032378389868475,92,93,46,4
2.9631524404988974,96,97,42,0
3.5111604602333588,94,95,45,4
0.0939879518880735,92,93,52,2
5.4640301839063357,92,93,53,7
2.3164364725120206,92,93,55,3
4.9303710336661837,94,95,53,0
2.9049214825581986,94,94,56,7
6.2391281784582002,92,93,56,2
5.0150797783053012,92,92,51,7
4.9295262915798581,94,95,39,0
4.1417677082248536,94,94,48,7
5.8771278590632354,94,95,46,5
2.3364165311908698,94,95,57,2
5.4831585675412358,92,93,44,0
0.1285978078725225,96,97,55,5
3.2770217577233240,92,92,49,1
5.6123335487897377,96,97,46,2
4.8242511540704314,92,92,45,1
3.1282452602170592,94,95,50,7
3.9110551641170508,94,95,44,5
5.0552546015884632,94,95,41,0
2.0778284609571727,92,93,45,3
5.3518060090460038,90,91,58,3
1.5493535388552608,94,95,41,2
0.5291941916471626,92,92,50,4
1.8809771841435201,92,92,45,7
1.7981957840691243,96,96,54,0
0.5402503766571043,94,95,55,6
0.4963588154625163,94,94,51,6
1.5218464369246230,94,95,49,0
0.8190177745134767,94,95,55,4
3.2004194643979602,92,93,50,6
1.8762848206507299,94,95,44,3
3.1518261606140885,96,97,39,5
4.6919752037444935,96,97,55,1
2.7841181551081813,94,95,47,6
3.2588537798267918,90,91,46,3
1.1908312321223569,90,91,50,1
0.3404006427401005,94,95,52,5
4.6101060270931606,96,97,53,5
0.9318454471617353,94,95,50,7
6.2723116101027303,92,92,44,2
5.5959828901689583,92,92,55,1
3.7676853545751632,92,93,56,4
5.7066515819665646,92,92,37,1
3.6757972923493978,94,95,49,0
3.9100875374506927,94,95,45,4
4.1764590272071427,92,93,49,7
2.1474997742793032,96,97,54,6
2.4225507202621865,92,93,44,2
0.0185452817595949,92,93,52,6
1.6911570012999833,92,92,44,0
4.5632641713997488,94,95,48,1
5.9738970238425004,92,93,42,0
1.2496120486178341,92,93,44,6
1.1619387324785886,92,92,37,1
3.0933185226402649,92,92,40,2
1.7136603616400063,90,91,40,1
2.4315592719747974,92,92,44,6
3.3252268854162441,96,97,51,3
3.2993204212714633,96,97,50,0
1.2827029585087617,90,91,48,3
3.3843301092135123,92,93,42,6
1.8860739635543118,86,87,51,0
3.0721020443887483,94,95,43,6
4.7716388403496461,94,95,49,0
5.0723296312577313,94,95,55,6
1.1396485481939302,94,95,47,4
4.4724383642042014,96,97,50,0
0.8176551105735443,92,93,57,1
1.2785757864681635,96,97,54,6
3.6815371674685218,92,92,49,5
0.1834510055568602,90,91,40,5
6.1315818110342848,94,94,56,3
5.1820645372206071,94,95,51,0
0.3306348996878368,94,94,48,3
1.2510521692413692,94,95,53,2
4.2245964595722398,86,87,38,1
0.0462005143108771,94,95,53,6
5.0016428102370751,94,95,38,5
1.4224895864424179,92,92,47,7
4.0154148654458988,94,95,53,2
1.8016584354589984,96,97,53,1
2.8838924175743110,94,94,48,5
5.9636107427392666,92,93,43,7
5.9055861625960322,94,95,47,4
5.0466461151543136,90,91,54,7
2.6120843233082760,92,92,48,2
3.1515430154920927,92,92,41,1
6.1875634656546818,92,92,45,1
3.4174747806985981,92,92,37,1
2.9060836591083219,92,93,48,2
0.5308443133223387,92,93,47,5
0.7328073709723611,94,95,48,3
3.7456571977989599,94,95,50,7
5.8119613016530529,96,97,43,3
2.3155876746741328,94,95,52,7
6.2544991012298405,94,94,50,5
3.8464894256142119,92,93,51,5
4.7507882208321277,96,97,53,1
5.6787140872206301,94,95,51,0
0.9760222683484668,92,93,49,7
4.1262973391055642,92,92,39,7
3.6307041107357030,92,93,46,2
1.0804380023327633,94,94,49,6
1.1152480260954696,96,97,65,7
4.1488192501643892,94,95,44,5
4.3771666948048233,94,94,50,1
6.2001876388724213,92,93,36,4
4.0573191488504232,94,94,49,4
4.6777077090254702,94,95,54,5
0.4028046908969239,92,92,55,5
6.0945335072335114,92,92,54,2
4.5473863427887968,94,94,46,3
0.4144015496387713,94,94,42,5
1.8180553309503356,94,95,41,2
5.7594378288222083,96,96,47,3
3.4775910247521087,94,95,40,3
5.3239513793598574,96,97,51,5
5.9598171828784476,92,93,47,5
5.3283897200850889,94,95,49,2
4.8284974609839031,94,95,35,4
2.3157790202775645,94,95,54,3
5.6361548820643979,96,97,56,4
2.7026278926096623,96,97,50,0
0.6324066986078846,92,92,42,6
3.0782050933469733,94,95,47,4
5.6010582449380637,94,95,52,7
4.0466461679371868,92,92,51,5
2.4075799508705993,98,99,55,2
1.2859403574899826,94,95,43,0
2.7646701222403944,92,93,53,7
4.4944480330705110,92,93,46,4
2.8268066096328246,96,96,43,7
3.0163254291907964,92,93,43,3
5.9596311273509945,94,95,50,5
5.4532532701057894,96,97,54,2
3.9546316295460398,92,92,50,6
6.0341341943593623,90,91,47,2
5.7325222858364020,94,95,45,4
3.9087574404415153,92,92,51,3
1.5295857722254986,94,94,55,0
3.5325081329658894,94,95,54,7
1.7210901086087507,92,92,43,3
3.2548196240822107,94,95,49,4
1.3631860211280433,92,93,54,0
1.9053284030958555,94,95,56,1
4.1262559468835702,94,94,49,4
4.7987306148087461,94,94,44,1
3.8367271054158660,94,95,53,4
1.0214655058306679,94,95,49,4
5.2708479524725664,94,95,56,5
2.4027114018047273,88,89,54,2
1.6477971720338171,94,95,39,6
0.9212326830993249,92,93,48,6
3.3350650653836231,94,95,51,0
4.3921242949326516,94,94,59,4
1.8303205821217552,94,95,54,1
3.5761980732965175,94,94,50,7
2.9651421080034264,92,92,45,3
1.7807019546425480,90,91,38,7
5.0190997348024284,90,90,44,1
2.4083573679134309,94,95,52,7
1.4724230607278608,94,95,47,6
5.6209853493337372,94,94,47,4
0.1521567960241330,94,95,43,6
1.8970576765822513,94,95,55,4
0.7946380137898623,98,99,52,3
2.8850783536919784,94,94,41,2
2.7805180201284729,92,92,43,5
5.9948885100071179,92,93,53,1
3.6396423980503854,94,94,41,4
6.0692368663623864,94,94,44,5
2.1907124314199238,96,97,49,3
5.6001352790400656,92,92,44,4
2.6788906530015479,92,93,45,5
5.5208873041287374,90,90,49,2
5.3369537596721432,96,97,46,6
3.1745271452259387,92,93,56,2
5.4439867079149291,94,95,47,4
5.7152924228585258,94,95,42,5
1.2307688599323952,96,97,48,0
2.8801428467062204,94,95,56,3
0.6156121317358523,94,95,50,7
1.0680664933721642,94,94,49,0
0.8271929198484860,94,95,45,4
5.1732872581289051,94,95,40,3
0.8863198276727606,92,93,48,0
0.3175641325636698,96,96,55,5
3.6206293684992175,94,95,48,1
0.7497412883546611,94,95,49,4
2.2365281960061409,94,95,47,6
4.8170428624929658,96,96,54,6
1.9507869131537749,92,92,50,0
4.3998221430492892,94,94,49,4
5.9918449236494329,94,95,58,1
1.7663986591051040,94,95,45,0
3.1030604219573044,92,92,35,5
5.1172491853592570,94,95,52,5
6.1545044088834500,94,94,43,6
1.6680262713287324,96,97,48,2
0.3644365475423600,94,94,52,3
1.2919079519690173,88,89,47,5
1.9239261523839950,92,93,49,1
5.1511201886756952,94,95,45,6
5.7521854573227582,94,95,49,4
1.5987247695693243,94,95,51,4
6.2162868760824974,92,92,44,2
0.4042483337736579,90,91,44,5
0.0419703308675028,94,95,52,3
2.5243893021611408,92,93,46,6
0.6442851082944727,94,95,51,2
0.4821064422145488,92,93,47,7
3.1548444288727069,92,93,47,3
5.7773768426501908,94,94,44,3
6.2335484449721079,94,94,43,2
1.8372604809716322,92,93,50,0
0.4030345429636418,94,94,45,2
4.1481420276561511,90,91,46,3
1.2669060668641381,92,93,44,0
3.5799016692230481,94,95,46,7
1.9973839225106660,94,95,46,3
5.7134933489894788,92,93,51,5
4.7247273022799643,94,94,46,3
0.3278941367830841,96,96,45,3
5.6128977273405019,94,95,56,1
1.8146899984394498,92,93,48,6
0.2539926297051587,92,93,47,1
2.5412761904172685,94,95,53,4
3.0241100567887407,98,99,48,7
3.3896797210167069,94,95,40,1
0.4358828749271336,94,94,45,4
2.3908506353591914,92,93,49,1
0.4320441340759945,92,93,43,3
4.1137057729264717,94,95,45,0
5.8350637458663854,94,95,43,6
5.0426795440941135,92,93,54,2
1.0736271308002492,94,95,47,0
5.8612383122809826,94,94,32,3
4.9884414138713558,90,90,38,1
3.2129633854515105,94,95,53,4
4.5547058693293376,94,95,49,6
5.8357078892545511,94,95,48,1
4.8060675568862647,94,94,47,4
3.1631705037495954,94,95,49,6
5.1506505571160197,96,97,54,2
4.5814093173172168,94,95,58,3
4.6828651887974848,92,93,50,4
5.8251902323441955,94,95,45,6
5.1433562157756851,94,94,45,0
3.9097602775285698,94,95,47,4
5.6144161966396053,92,93,46,4
2.7614147064521619,94,95,50,5
4.3997990613980242,94,94,49,4
5.6116850894606376,92,92,46,6
3.4813994566033419,92,92,37,7
5.7089389162872166,98,99,49,0
6.0100416491450073,88,89,54,2
1.6255591632288984,92,93,40,0
2.4100647869748157,96,97,61,3
3.1372789170263764,90,91,43,0
0.5497429937834669,92,93,49,3
2.1043211374332302,90,91,47,0
3.3325630082114452,94,95,52,7
3.0671049883261676,94,94,52,3
0.4790023674206603,94,95,41,6
1.2219340635001275,94,95,51,4
2.3529267751266523,94,95,50,5
2.6207618870001204,92,93,57,7
2.8476842147879609,92,93,49,1
3.2517311139808505,94,94,42,7
3.2547154162947600,96,96,61,7
6.0545206796109445,94,95,54,5
4.7205172776286233,92,92,42,2
4.4058005587037190,88,89,43,1
3.8363598838769781,94,95,54,7
4.3903703684106388,94,95,49,4
1.7243356861479748,94,95,44,7
4.2341632071234434,96,97,56,0
4.8432766601614947,94,94,51,2
0.7805031028102578,94,94,47,2
0.7850917675791511,94,95,45,2
4.8592245397044529,90,90,54,5
6.0033795931136931,94,95,45,0
3.8366045019825985,92,93,43,1
1.0747526629924693,92,93,43,1
1.8675058974761614,82,83,52,5
1.7312582893391109,94,95,51,6
1.6460756484644459,94,94,51,4
1.8520071207296196,94,94,45,0
4.3109546585918910,92,93,50,6
4.9623734373323645,92,93,51,1
5.8120262723621439,92,93,44,0
5.8694664943420456,94,94,49,0
3.0231010135896397,94,95,50,5
3.4985436400106291,94,95,47,2
5.8233656142667733,92,92,53,7
4.5953747900372797,92,93,54,4
5.6759636087206475,94,95,52,7
6.0662426959438349,94,95,50,7
4.4739068202642729,94,95,48,7
6.1441878546311033,94,95,50,7
0.3664747651302028,92,93,57,3
0.8649484813539342,92,93,56,6
1.7444658434959603,92,92,51,7
3.6365102795694195,94,95,48,5
4.9887156417589660,92,93,49,3
2.1729787358608141,94,95,46,7
6.0624120968591653,88,89,57,7
5.0789245520652440,96,96,60,4
3.3549720667616407,94,94,48,1
1.0377403259041951,92,93,54,0
2.7688328346218745,96,97,61,5
1.5784576832439963,94,95,48,7
1.7934864839604809,92,92,47,3
1.4879480432847276,92,93,51,5
0.7569911527666989,94,95,56,1
2.2587402061432909,92,93,49,5
5.0112590483533221,92,92,48,4
0.3535633067117551,94,95,58,3
3.5211689028564503,94,94,42,3
0.4016212836797120,92,92,37,5
2.9065092149094593,88,88,47,1
2.6914218657825462,92,93,53,7
6.1068859699400093,92,93,59,5
1.8767511157497823,94,94,41,2
0.9616663278096957,94,95,42,1
4.6338695542782204,94,95,52,7
0.5353286355930467,94,95,58,7
3.4566073445348482,92,93,45,1
2.8154794517580459,94,94,46,3
1.5619824756769716,92,92,38,4
1.6945638776339491,92,93,47,5
1.3385969846607009,94,94,53,0
3.5488340000031187,94,94,47,0
4.0832079606077762,98,99,41,0
2.4662402550904963,94,95,45,0
4.9334653323809130,90,91,41,6
2.6807906924700138,92,92,47,5
3.5283069762208989,94,94,48,7
3.9159619563409049,94,95,43,0
5.0361379185759025,94,95,50,7
1.6308783191934861,94,94,47,2
2.2425047302953121,96,96,42,6
4.8444809873614920,94,94,48,1
6.0459826560545249,92,93,44,2
3.8843063937902795,94,94,58,3
3.7700512606353405,90,91,46,1
1.3177950382725228,92,93,44,6
2.4470195718611549,92,92,50,0
1.0888788409679715,94,95,49,2
4.6944146017705242,92,93,51,7
5.7519596759413014,94,94,52,3
1.0497630755995560,92,93,59,5
0.7665456950942735,92,93,45,1
5.3139119658402407,96,97,48,4
3.1492803165160113,96,97,57,5
3.2298400095643109,92,92,44,6
1.6405953415390084,92,92,49,7
4.7543769237024600,92,93,46,4
0.5119567948893304,94,95,49,2
3.2837697889176485,92,92,45,7
0.4755236543543540,94,94,56,3
5.0049612576005194,94,94,40,3
3.8156843712079294,94,94,48,3
0.5501280618446026,92,92,49,3
5.9329230085325717,92,93,48,4
5.3775855268916279,94,95,55,0
5.3907010625696223,96,96,48,0
4.4894533258156128,92,92,52,6
1.7732315976878268,94,95,45,2
4.6850238509103432,90,91,42,5
3.1595048646087398,92,93,37,3
3.8641174997536658,94,95,54,7
0.8640570079339931,96,97,55,7
3.0395922514514715,92,92,60,0
2.4827327900149117,96,96,55,1
2.9036602387309620,96,97,55,3
0.7604196571091432,94,94,44,7
2.8959839461153711,96,96,50,4
0.2151056488709577,94,95,50,3
2.0476379071314770,90,91,42,7
0.3749556774964096,94,95,42,5
5.8517980639438090,94,95,45,6
1.2752320465306168,96,97,53,1
4.8533410121473546,90,90,50,3
3.3048152684047940,94,94,52,1
3.9454409897982954,94,95,52,3
2.7787090000843766,92,93,51,7
0.0338023809511638,92,93,47,3
2.2040748640290264,94,95,49,4
1.8143702761480576,92,93,43,7
2.3853910373391400,90,91,38,5
2.1009202564111571,94,95,47,0
0.1355003994791611,96,97,51,5
4.9466836138352113,94,94,50,1
0.3534212323094759,92,93,51,7
1.5259325162580000,96,97,57,3
0.4555301898182956,94,95,57,0
1.9218168797100290,94,94,50,5
4.7683946731966440,94,95,45,0
0.6206516769546839,96,97,55,3
1.4807382766071620,94,95,49,4
1.1089759827475585,94,94,56,1
0.4905313265467504,94,95,37,6
3.7876513993063035,94,94,44,1
3.1140772382418014,92,93,54,4
5.2578533285241313,96,97,47,3
4.6545411594780175,94,95,49,2
0.9925748145874661,96,97,46,2
1.6790282709598463,94,94,51,0
1.4932849961248678,92,93,41,7
4.4781601280924193,96,97,42,4
4.9049062249267017,92,93,48,0
5.4851141794696705,94,95,55,2
2.7013103947566148,88,89,45,3
1.8291181640892096,96,97,49,3
4.3227197830598625,90,91,52,3
4.1415781282471631,92,93,47,5
0.4927669750235083,94,94,51,2
1.5190071990202569,88,89,42,2
5.8288641752913373,92,93,37,7
2.3201343029295645,94,94,57,4
4.7197421902161505,92,93,52,0
2.7796773565233526,94,94,45,2
4.2874460517748130,92,92,56,2
1.4347876948250560,94,95,48,5
1.5647805765521001,94,94,46,3
2.2218229790328805,94,95,53,2
6.2829710754484278,96,97,51,3
1.0554392138277462,98,98,46,5
3.5266944132979305,92,93,53,1
3.0795702965230887,94,94,46,3
6.2443840969406779,92,93,57,5
3.5331451236738407,94,94,51,2
4.9170341702715339,94,94,48,5
2.7171976629305759,94,94,55,2
3.2841483602090800,94,94,54,5
2.6880070896395574,90,90,46,1
6.2250001585741321,92,93,48,2
5.0210596016741018,88,89,53,5
2.4061351378666558,94,95,47,4
5.0568437328687379,90,91,49,0
1.5410035746918918,94,94,49,0
2.6771723001850511,92,92,58,2
0.5554261026807056,88,89,48,2
1.9072778196516134,96,97,59,7
4.6805376016556108,94,95,52,3
1.9554362875090772,96,97,47,3
5.1441198400162840,92,92,36,0
6.2628933419499422,92,93,43,7
3.6782726887820081,94,95,43,2
1.9352109636951895,92,92,40,0
4.5467033218569748,92,93,41,1
3.8564651065253708,92,93,38,4
1.6704469450492141,92,92,47,3
2.3857771246585879,94,95,49,6
4.4503698637929778,94,95,49,2
2.4331049543430852,96,97,46,4
3.0279430694766072,94,94,49,0
2.5908167631153485,92,93,49,1
1.7380545933356817,92,93,50,2
3.2171963164030508,96,97,51,1
4.6677470361314084,94,95,54,1
2.2873518386056952,96,97,53,3
5.9611189129427178,92,92,46,2
2.7925527276305830,94,95,50,3
1.3326391673535563,94,95,54,5
5.6492738249948014,90,91,45,4
6.2613548230117457,96,97,50,2
3.8930434637103106,94,95,47,4
0.5680362990841339,94,94,43,4
3.9968487077034776,94,94,44,1
2.2230107866008866,94,94,47,2
2.8360929970880391,96,96,43,3
2.6221699242411267,90,91,40,7
0.1743266922986764,94,95,52,5
5.5139843873222434,94,94,50,5
5.1278664132422689,94,95,47,4
2.4256892711242788,90,91,52,1
0.3227980180638189,92,93,48,0
2.9802884864695498,90,91,39,0
4.9753704519707700,88,89,55,5
3.6554901752395064,96,97,49,7
3.7223954316092316,94,95,53,2
0.7990986513057107,98,99,54,5
4.5740207261104979,92,93,43,5
4.4711185687199935,92,93,44,0
4.4782054589098781,96,97,49,1
5.5534969406031083,92,93,35,1
3.7461712337303505,96,96,51,3
0.3386369917701274,94,94,44,7
6.1284319986752358,92,93,41,7
6.2041690850478250,96,97,45,7
3.3202520760109433,92,93,49,3
0.1987717754593659,92,93,44,4
2.4628512025773919,92,93,45,7
2.3243300328866998,92,93,57,5
1.7326166094687980,96,97,50,0
5.6215112003750765,94,95,48,5
0.3700704824735733,94,95,60,3
2.5515656956693764,94,95,55,0
3.7252896566347014,92,92,48,4
3.7530383304779242,90,91,48,3
3.0688091426357347,90,90,46,5
4.6411655858122627,94,95,53,2
0.9616649882765816,88,88,38,4
2.9037546972004118,90,91,49,2
3.0316251310234401,92,93,47,3
1.6190738959273812,94,95,53,6
6.2809089854187885,94,95,53,4
4.3388764979588039,92,93,46,6
3.9635990243738202,96,97,47,1
2.9485726192744410,94,95,44,7
3.2139232931558004,96,96,51,7
4.0979218634001899,94,95,47,6
5.0293995928889075,94,95,46,5
4.4193304434655865,92,93,46,2
0.7150272644743807,94,94,47,0
0.4812286369424133,92,93,55,5
2.9688670506876336,96,97,44,0
5.8724375940084954,92,93,43,5
2.9810329955531971,96,96,38,4
5.6296628209734285,94,94,43,2
6.0601520736147307,94,94,51,2
6.0176734572712505,94,94,43,4
6.0507809875948242,92,93,45,5
1.0391938560625418,88,89,39,3
2.9736555081279192,94,95,46,5
2.3654504236081126,94,94,45,6
5.0281956302670059,92,93,52,4
1.8597150510749667,96,96,57,5
3.9651891831564798,92,93,48,2
5.4583319104974608,94,95,40,1
5.1275469815428556,92,93,52,4
5.6337050546583987,94,94,53,2
4.6655623997069808,92,93,60,6
1.6500009130141358,88,89,43,3
4.4941205347531783,92,92,45,3
1.1182275823947885,92,93,50,4
4.0784042362967954,92,92,52,0
2.6471389956211175,92,93,48,4
0.9632322409051191,92,93,50,2
5.9392876677229074,92,93,47,7
0.4035598506540783,92,93,50,2
4.7324196860774030,90,90,49,0
5.8584922534929591,96,96,52,2
3.9843101172926292,94,95,44,7
5.5632661557464580,90,90,52,5
3.9727658815602371,94,95,54,3
1.0904331640774347,88,89,49,5
0.8431354686400780,94,95,56,7
4.3709126517914614,94,95,52,7
4.0676816172484260,94,94,54,5
4.8993801570350923,96,97,44,2
4.3802339818663913,94,95,56,1
2.6240794267310878,94,94,57,0
0.7992515994696778,92,93,46,0
2.9131038959568603,96,97,47,7
3.4531521880629907,94,95,49,6
3.7579421914702404,90,90,51,4
4.4862057348583999,88,88,52,6
4.9560035248315835,94,95,49,0
1.9890383980361503,92,93,44,4
1.5449642679642819,94,94,47,0
5.1350352163032955,94,95,49,2
1.4927592901016018,90,90,45,4
2.6262255413030671,96,97,53,1
5.6773181293846653,92,93,53,7
3.0780496819038481,94,94,44,3
3.1529450365400464,92,92,47,1
4.7073106500031487,94,95,47,6
2.5203638550343039,94,94,49,0
0.1694519522150105,90,91,46,1
2.4602855910290251,96,97,47,5
0.0340914222312079,94,95,44,3
5.2756287360245668,96,96,52,6
4.5955571883245421,92,93,43,3
0.8258715190592945,94,95,51,0
2.1642870743044913,94,95,48,1
5.2701113787541978,94,94,57,4
0.3875436471333238,92,93,46,4
2.7960638869244505,94,95,52,5
6.2310279556634134,94,94,47,2
2.4657662158455920,90,91,44,5
3.5683801200745915,86,87,48,7
1.1028210910029892,94,95,49,4
5.9672803722361563,94,95,45,4
0.2579788208135591,92,92,54,2
4.4123262221808410,92,93,47,5
1.5695319462058455,90,90,46,1
3.0186978417462438,92,93,47,7
1.7685994320848384,92,93,49,3
6.1929912808203156,92,92,49,3
4.3799236980613037,96,97,54,0
6.1947874911829359,94,94,51,4
2.7115950827364648,94,95,45,0
6.2239973220455918,94,94,43,6
5.9596418699859077,96,97,39,7
0.2837823680042524,96,97,44,2
4.5867121428029742,88,89,46,4
5.2734414594182848,90,91,45,0
4.4284598564050111,94,94,47,2
4.3847064501012900,90,90,42,3
4.5606193844618046,94,95,52,5
1.0831782421678988,94,94,55,6
1.4264027793947320,98,99,67,2
1.6815418123720651,94,95,46,7
2.4484435162125151,96,97,47,5
4.1035258092791231,92,92,55,1
5.7917235684980986,92,93,46,4
0.0653172053092644,94,95,41,2
3.9658453829388143,92,93,39,7
2.0143248557029265,92,92,48,2
3.6755106288699975,92,93,57,7
6.2533780280290836,94,94,43,0
3.1734513844012171,94,94,47,0
5.8554641520139503,92,93,48,6
5.9603089759379806,94,95,49,0
0.7722897350790837,94,95,53,4
6.2320967670879117,94,94,45,0
1.3832290683002495,90,90,41,2
5.4053162733079310,94,95,47,4
5.5931566560074186,94,95,45,6
5.2452550054129832,90,91,47,2
4.7707941350974732,90,91,54,5
1.8661034427324439,94,95,59,2
4.7139375703510771,90,91,45,4
3.6597860533076010,88,89,48,2
3.2411232603719209,96,97,57,5
1.9967656132154989,92,93,49,7
0.2714727160307907,94,95,42,5
6.2195506829182179,92,93,47,1
1.5912076353273803,86,86,44,1
1.8539443386334307,96,96,56,6
5.6489345073696970,94,95,41,2
1.4814411305468338,96,97,53,3
2.3703643984486558,94,95,49,6
5.6699070097580488,92,92,52,0
1.0831982902650432,92,93,47,7
5.7608142557094535,94,95,52,5
0.0454119991411753,94,95,54,1
0.0286514526275737,92,93,48,0
4.6248353875609247,92,92,46,4
0.3126708156109962,94,95,57,0
4.8373894123766226,96,96,59,5
0.4766382520855134,94,95,59,2
4.5326780666382120,92,93,47,1
0.5810837388504078,92,93,52,4
2.9773401883201629,94,95,43,2
3.7714440198722143,88,89,46,0
5.6194108057609160,92,93,51,5
2.8421325169338250,94,94,57,6
0.3628309558340894,90,90,46,5
0.7777401350997865,96,97,53,1
1.5884251918068497,94,95,49,2
3.9473281282814798,96,97,51,5
4.7435622761205165,94,95,56,5
1.2933001161569777,96,96,47,1
0.1554558017869198,94,94,45,0
2.3389838029834991,96,97,51,1
2.5231591540034306,94,94,46,1
4.5111940151295951,92,93,54,0
1.3100530136817401,94,95,60,7
1.1617116573008646,94,94,46,5
2.2522546333937212,94,95,63,0
5.7184120379347538,92,93,50,4
3.9993411686603975,92,92,42,6
2.0131263774364818,94,95,48,1
6.1376793486491872,92,93,55,7
2.5052153365080367,92,93,49,1
1.2815424139792611,96,97,52,0
1.8087047721388585,90,91,54,5
1.2440543287447436,94,95,54,3
0.1413588852537562,94,94,53,0
5.1619542730412711,94,95,38,1
0.5508017488106456,94,95,51,0
0.6905219162952074,92,92,51,5
2.4082169130973217,94,94,46,3
6.2495532188771232,94,95,51,2
4.7857274927538374,92,92,46,2
5.7204326499160958,94,94,58,5
3.9485242612029032,94,95,49,6
0.0145332027516348,94,94,52,3
0.7695143146520279,94,95,52,3
0.4830297994218947,96,97,56,2
2.8890167082932692,94,95,54,3
4.7744777714856257,92,93,54,0
4.1960755026868677,94,95,56,5
1.0163628813460699,92,93,48,4
4.9931261116494881,94,94,47,4
4.1469315740171728,94,95,47,4
4.2671693971603819,94,95,58,7
5.1345654997223056,92,93,46,4
1.6889340746106849,94,95,49,6
2.5986136968159053,92,93,43,3
5.3330895127121201,92,92,40,0
1.1322378781418443,92,92,44,6
4.8242840072784361,94,95,49,6
4.8093668677361014,92,92,48,0
0.2458717430817513,92,93,50,6
1.9475569778519946,94,94,52,1
3.5711933355805678,96,97,50,0
1.5516566556673750,94,95,55,6
2.7840613368034330,90,90,46,3
1.6153950423214456,96,97,46,0
5.8878477853763949,96,97,50,2
0.4404689461546249,86,87,48,3
3.1477098399608185,94,95,50,7
1.7008522969144022,94,95,41,6
4.7177053944800580,94,95,52,7
4.3708852625864454,92,92,44,2
0.5539136472609313,92,93,40,4
0.7482301547695687,88,89,48,4
1.4919921029665817,94,95,45,0
6.1466155478886906,92,93,54,4
0.4734381539939624,94,95,53,0
4.8636444375315975,92,93,54,0
2.2643865669952525,94,94,50,7
4.1106469531657277,94,95,47,2
1.9295300248414538,94,95,52,3
3.5388643772148902,92,93,47,1
1.9019369152315622,94,95,53,6
2.2597412055682149,94,95,52,7
4.1129321609379215,92,93,57,1
5.6907810409804513,96,97,53,7
5.4650437383377479,92,93,58,4
1.3887156772732783,90,91,39,0
1.6197700899515457,94,94,41,2
6.1534552032722143,92,92,48,2
3.2485772035550937,90,91,45,4
5.4714838835910333,100,100,52,0
5.1429367760564402,90,91,41,0
5.8177741385798916,94,95,53,4
5.3756318263648941,94,95,49,0
1.0089672304914905,96,97,53,7
2.7445992359085603,92,93,51,5
3.6539235430387560,94,95,56,3
1.7548047927571784,92,93,38,6
0.7277791666415571,92,93,46,2
4.9792542459253486,94,95,47,4
1.3642795201164561,96,97,51,1
5.1678083009655476,92,93,50,4
3.0780774710722776,88,89,47,5
1.1469658937350637,88,88,48,4
1.3104103376742964,94,94,43,4
4.7961942682860954,90,91,47,2
2.8756939990934751,92,93,48,6
1.2744344815276605,94,95,47,2
2.1838445602978407,94,95,50,3
2.7870407316991201,94,95,48,7
1.3400795814151703,94,94,54,5
1.7830908737370290,94,95,50,7
4.0434161746778789,94,94,48,5
2.5907882296222917,94,94,52,7
0.1355601823328475,90,91,47,6
1.1164407226266011,96,97,45,3
0.5492081002969599,94,94,53,2
4.2480584563928421,90,90,43,6
5.5952121629392835,96,96,55,1
5.9565087155163194,88,89,44,4
4.9870906232797969,94,95,53,4
0.2708710234638971,94,95,48,1
3.1911405890818960,94,95,51,4
4.9110035382840787,94,94,52,5
2.6115877552945905,92,93,46,6
1.7565538050430367,94,95,44,1
3.0234490412439987,92,93,45,3
5.2103805684497235,94,95,48,1
3.0897209159498273,92,92,48,2
0.4235319820557147,92,93,43,5
4.3165074824088254,94,95,57,0
2.8156573842128179,90,90,56,1
0.2187410303730837,94,95,42,7
0.9686942462807506,94,94,46,7
5.8359868727635043,96,97,50,6
1.1761855825527465,90,90,37,0
6.1112376395216428,94,95,52,3
3.1452819568746033,92,93,54,4
5.5737692955801235,94,94,52,3
4.1257577365272464,96,97,61,3
1.8320670502587351,94,95,46,1
0.2092593384859578,94,94,47,2
1.5203200331821591,94,95,40,1
2.3609387392311740,94,95,45,6
4.0671562574307671,94,95,48,3
2.7393292720200999,92,92,49,1
1.7559598368643941,92,92,42,2
2.0446974561548785,94,95,55,0
0.4527252575939897,94,95,43,2
4.0445772634109076,94,95,44,7
3.3736402077012957,90,91,45,2
0.8687037399613299,92,93,49,5
4.6084302689795020,92,92,44,2
5.3884149223382369,92,93,49,7
0.4750833448230438,92,93,51,1
0.3602073147797559,92,93,52,6
3.9679044773278922,96,96,47,3
5.1942061697114994,94,94,52,3
2.1070780459921639,92,93,46,4
6.0312318986765527,92,93,53,5
6.2758684838725891,92,93,56,4
4.3559815235243464,92,92,48,2
4.7026423822737140,92,92,44,6
4.8783321068692773,94,94,38,1
3.2977794070699242,94,95,51,6
1.7652865160429472,94,95,51,4
2.4696716045421070,88,89,53,3
2.7007475611651182,96,96,54,0
0.3345347908483576,94,95,43,0
1.1263931056914482,92,93,45,1
5.5605400226096959,92,93,56,0
0.5526476106713492,86,87,46,3
5.7134413274370912,94,95,54,7
5.1173697186538494,94,94,52,5
2.0845293902529676,96,97,47,7
6.0205537581673099,90,90,39,6
5.6182146510836821,90,91,47,2
2.2081681224847736,92,93,54,2
4.6264303001546532,92,93,51,5
6.2346968507936680,96,96,54,0
2.3513730921463387,94,94,52,1
6.1339716173519765,92,93,50,4
1.6810719949547874,92,92,43,7
0.1855484106565101,94,95,54,3
2.8082657036220264,94,95,52,7
1.8268392262800039,92,93,52,2
6.2108841315665959,94,95,50,5
4.8479607168006043,94,95,53,6
1.4073768256484833,92,93,44,2
0.6594008791377431,92,93,50,4
2.6511424000460186,90,90,52,7
0.9957255517115688,96,97,37,5
2.9257064807331012,92,92,50,2
2.0737850832647040,92,92,50,0
4.6850435045789931,92,93,38,2
4.2184109059262003,92,93,46,0
0.9954914806087456,92,93,48,0
4.9409530171569083,92,92,54,4
3.1739013044846045,94,95,54,3
0.9750785531216384,94,95,43,2
3.8876210970985006,92,93,43,3
2.0061823087216752,94,95,46,7
3.6854896946518845,94,95,55,2
0.7836419441490006,92,92,49,1
4.4742159923591185,94,94,49,0
5.1252441761548360,94,94,44,7
3.8659324819152787,90,91,50,5
5.4595552845660631,90,91,40,7
4.4617477152824785,96,97,61,7
2.3963955026188692,94,94,53,6
2.1674252345565534,96,97,54,2
5.8114389793654988,90,90,34,1
1.6603769396087580,94,94,47,4
2.3046907302599520,96,97,46,4
4.2249580669401370,92,92,36,4
5.9002696447532959,94,94,43,0
0.7211199903707722,90,90,43,2
1.7180703692179859,88,88,39,1
0.6222208393347233,94,95,48,3
0.3615890639641770,92,93,55,7
6.0924620576242940,94,95,37,4
3.2368665714253475,92,93,52,0
0.9076760826836761,94,95,53,2
3.5680228169620869,94,94,53,4
1.3678289026608390,94,94,63,0
0.9586922760950458,92,93,48,6
1.0618683525604775,92,92,41,3
2.9906085104665006,92,93,52,6
2.9726276218571086,94,95,47,6
3.1365737994302889,94,94,47,6
1.6616446523047381,92,93,51,3
1.6872624783719821,94,95,51,2
4.9862807623443191,94,95,47,4
0.4510019384520440,94,95,49,6
4.1930474368356228,94,95,41,2
6.1227941175345579,92,93,37,1
2.9585994958812987,92,93,45,7
0.3827263812939908,92,93,44,2
2.5124880210956899,90,91,48,7
2.0182098374401076,92,93,47,7
1.5977262822863869,94,95,45,6
4.8769658167252956,96,96,49,5
3.6774723397851066,94,94,45,6
3.5692916369801972,94,95,52,3
0.0009950838014262,90,90,45,4
3.6028349549836998,92,93,53,1
2.8811533172661821,92,93,48,4
3.0099911632630656,96,97,52,0
0.9215194888195568,96,96,50,4
3.8808307419107431,94,95,43,4
4.0245804105327991,94,94,46,1
6.0065193194418898,96,97,56,0
0.9988313891375346,94,94,51,4
0.2656675911718753,94,94,42,5
2.2196818333731838,92,93,49,3
4.6820064792934719,94,94,50,7
3.2629221391850245,94,95,42,1
5.3735653897991265,92,92,46,0
1.7983492233893990,92,93,44,0
5.6980277963694830,94,95,45,0
1.0126850394947258,94,94,44,3
3.9576726088600469,90,91,44,3
4.8368432926867415,92,93,48,0
4.6850197792040387,90,91,44,3
5.9364155327258610,96,97,47,7
1.8472237174879678,96,97,51,1
5.8324008650223540,92,93,54,2
3.2222679074305045,94,95,42,1
5.3814526888784124,94,95,49,4
6.0119785235819228,92,93,51,3
4.5181709831383605,96,97,48,4
3.2619418923419139,92,92,49,1
3.1872630202797607,86,87,38,1
5.6313376644979636,88,89,43,3
4.7872582883732040,94,95,52,5
4.2800481090381046,94,95,51,4
1.1772423705215935,92,93,48,0
4.7814567883763672,88,89,40,0
4.6623551266449148,94,95,54,3
2.4038411071249506,92,92,51,1
4.7123739640035174,90,91,33,6
5.4533301490506876,94,95,46,7
5.8488704165137184,90,91,47,0
5.4838199406871349,90,91,48,5
3.1049079590983530,94,95,50,3
2.0559445474099109,90,90,43,6
5.5050583829134307,94,95,54,1
6.1337367677200136,96,97,58,4
3.3979001887039066,94,94,57,0
1.1757187235448709,94,95,59,4
1.4529970737008808,94,94,46,7
2.7321090204899865,92,93,39,5
4.0263374373597234,90,90,40,5
2.1161846813463803,94,94,51,0
1.7097855588446533,94,94,55,4
0.8203309741483493,92,93,52,2
1.4754822294730157,92,93,47,5
1.6255215871441278,94,94,50,1
2.5647335377767004,94,94,54,7
5.2221309186031180,92,93,39,5
1.9058391194485216,94,95,45,4
3.7221227631032341,94,95,45,4
3.9892974985101115,90,91,57,6
5.2304509114795357,92,92,44,2
2.9207398460388716,96,96,51,1
3.2145621251212364,94,94,46,1
4.5858930394887691,90,91,43,0
4.9494825445837307,94,95,49,4
2.6791187756373387,94,94,49,6
3.5712404763380632,96,96,49,1
2.9039694348479399,96,97,43,5
2.1212099251513807,94,95,43,0
1.7493452492829196,94,94,39,6
4.0541375322000794,94,95,41,6
5.6297538117210788,94,94,51,4
5.2838653221898833,96,96,57,7
2.5371112215977547,94,95,55,6
6.0130378709371790,94,95,55,6
3.3466619055715094,94,95,47,6
5.9937720611154965,96,97,51,5
2.7938508973016032,94,95,41,4
1.9197303771185157,92,92,41,3
5.4212200064674247,98,98,55,4
2.7506172650313081,94,94,50,5
4.7878122816633768,92,93,55,1
1.6738174005379429,94,95,55,6
4.0834679246776995,96,97,64,2
2.9118483678716638,94,95,43,4
4.8822206778156669,90,90,47,4
4.0971871436439322,94,94,50,1
2.5343665846101113,94,95,51,4
4.2188912202478557,92,93,44,4
4.2184869040675546,92,93,46,2
5.0292213655263511,86,87,46,1
3.0107544791607777,94,94,40,3
2.2566046253151457,92,93,41,7
0.5005789105952109,92,93,45,3
5.3989553049592880,96,96,51,7
1.8088676613360264,94,94,45,4
2.5664431837397688,92,92,51,1
3.1242654738940114,94,94,51,0
1.2011556535784202,94,95,51,4
0.1351710604192776,94,95,44,5
4.9637148685414374,96,97,54,2
0.1042924677138318,90,90,49,4
0.5763097436650846,90,91,41,2
5.8190046179768693,90,91,42,1
2.7006171411967297,92,92,44,4
6.2082218672670297,88,89,49,5
0.9188505564197856,96,96,51,7
1.5845599412848610,94,95,46,3
1.9073591332377451,94,94,52,5
5.7687938502978628,94,95,51,2
0.7582421071874532,94,95,58,5
4.8623082349374576,96,96,43,5
5.6179798472614406,94,95,50,3
4.3785104237073043,94,95,49,0
3.0806608212406119,96,97,49,7
1.8124998672947525,94,95,51,0
0.7661229983255404,96,96,45,1
3.7250349153345912,92,93,56,2
2.4825175086392930,92,92,48,4
3.0476899871476499,92,92,54,4
3.4270971502034846,92,93,50,4
3.1321105440804229,94,95,51,6
5.4806281299919855,96,97,62,6
3.8739241183301263,94,95,43,4
0.9267025621177636,94,94,43,0
1.6962160095030079,96,97,47,5
2.3979916768389287,96,97,48,4
2.1508067843910048,92,93,42,0
2.3059412355807685,92,92,49,1
1.5809073785413104,92,93,52,2
3.4726047929693524,94,95,60,5
0.6282558546688232,92,93,41,3
4.0454471562725374,94,94,51,6
3.4905334031266073,92,93,44,6
0.0792968844551775,94,95,54,3
6.1423998612274575,94,94,41,0
5.6856302070331983,92,93,56,6
1.9652912936834988,94,95,57,0
1.4241156887041859,94,95,55,6
1.6756238297027961,96,97,50,4
0.3543701368278176,96,96,55,3
3.4466791999437292,94,94,51,4
3.3266352933118428,94,94,52,3
2.6098792194268072,92,93,45,5
5.4722095195218632,94,95,54,7
5.6454326113071129,96,97,59,7
3.8811225973854220,90,91,46,1
4.7347751707738581,94,95,54,3
1.8288848996045310,94,95,53,0
0.7979740893257161,94,95,48,3
3.5027341252944821,94,95,45,0
6.1633977656959837,92,92,48,4
3.6870529371684544,92,93,42,2
1.2180486292241797,92,93,52,6
3.9537506974527634,92,93,51,7
0.8496033714965059,92,92,49,1
3.2033609042130120,92,92,47,3
2.7142688514717208,92,93,39,7
1.9329146523673260,92,92,59,3
1.6491116742798864,100,101,48,2
3.2159801779296600,94,95,44,3
1.1040880403072657,92,93,53,1
4.0045145541825953,92,92,43,7
3.5639252802923340,92,92,49,5
1.5003630595839994,96,97,61,7
5.4787349345483367,96,96,54,0
3.3897841947667535,94,95,51,2
4.3123390594257343,92,93,41,1
4.8603351162532249,94,95,56,5
2.8897469892920338,90,90,47,6
4.2102878834343889,94,95,56,7
5.8702285440915327,94,95,52,7
3.3905181797680810,94,95,53,2
5.9495760869916037,94,95,50,5
0.8964426851650517,94,94,45,2
2.3590570474244115,92,93,43,3
5.6617161841695358,94,95,49,2
4.6478929590794777,90,91,51,4
2.6461738954245111,94,95,47,6
3.8808392968643437,92,93,48,4
5.6722049215283086,92,93,39,1
3.9126643344754637,94,94,53,4
1.1359979320382996,90,91,51,6
0.8860283843981759,92,93,47,5
0.3986334505804834,92,92,58,2
3.8658734233882091,94,95,54,3
2.5078763625450025,90,90,61,2
1.9690194762876239,92,93,42,6
0.0788239328256271,92,93,48,4
3.7874751986693718,94,95,48,7
3.3832183956014048,94,94,47,0
5.4893412272017699,96,97,53,5
6.1343415453832426,94,95,51,4
1.1034771397323562,92,93,50,0
3.3558821847177622,92,92,47,1
1.6893107696533201,96,97,50,2
6.2807014370250247,94,95,48,5
4.5052908966526317,94,95,54,5
6.0906800923264415,90,90,47,4
5.1888469760924441,96,96,54,0
0.2548888644756027,94,94,54,7
0.8407992837095785,92,93,46,2
1.0015717813418545,90,91,48,3
1.9744722976335636,88,89,44,2
4.6530475179875248,94,95,55,6
1.5617865364686261,92,93,48,6
3.6835714615547732,92,93,46,6
0.1758145854340870,92,92,45,3
3.6606247894097139,92,93,49,7
2.8539720753873752,94,94,50,5
4.9344056968599022,94,95,41,0
2.9832680820231174,94,95,37,2
2.5702077140198250,94,94,49,6
4.2473343403020163,94,95,47,6
5.4313910532433818,94,94,50,3
4.6528332309453102,94,95,47,4
1.4231333581827161,90,91,51,4
2.8196728520488463,92,92,45,5
0.1650989784403391,96,97,47,5
4.0671772349631690,94,95,57,6
4.9557725841719895,94,94,47,0
3.2404967178473534,94,94,52,1
6.2015418393732311,92,92,47,7
2.4239196425955640,94,95,48,7
0.0000668696204251,94,94,55,6
1.8328203530163798,90,91,44,3
4.7856949824285104,94,94,44,7
3.5320624307899280,94,95,52,5
0.1169670608437285,94,94,48,5
3.0198644802479389,96,97,49,7
3.4457200000128578,94,95,42,1
0.2151979351103730,94,95,54,7
0.2640099694993018,94,94,52,3
0.0989326630032236,96,97,51,7
5.2658402649723248,94,95,41,6
3.7519040336486924,92,93,51,7
3.9807865811400553,96,96,46,0
2.1248256546140225,96,97,57,3
0.0753371279671451,92,92,58,6
0.4047309913844078,94,94,54,5
6.1967331709924176,94,95,43,2
1.3426458937299628,94,95,48,7
6.0756871159254953,92,93,54,0
0.8284192201312760,94,95,47,2
0.8564561618299151,94,95,50,5
3.1971842704527802,92,93,50,2
4.0317701800634138,94,94,48,1
5.4268132438471266,94,94,49,0
0.5050585045555457,94,95,53,6
0.7081679901919932,90,91,50,3
1.0429888603471729,92,92,47,1
3.1144250269290419,94,94,50,7
4.7674101784077951,94,94,51,4
0.6089059211380125,94,94,45,6
5.8452200191489645,92,93,44,0
4.7686918216513616,96,96,47,7
4.7273389383633306,96,97,50,4
2.7422316419906254,92,93,52,4
3.7184871949023979,92,93,45,5
0.4091343815860007,92,93,43,3
1.2905263396740969,94,94,44,1
0.2057257805487230,96,97,43,3
0.9813523137918669,94,95,47,6
1.9357275610845817,92,93,47,3
3.9653968598627678,90,90,43,6
4.5879728437229694,94,95,44,5
1.7544734297750824,92,93,40,6
0.9047243266360903,94,95,58,3
6.2329368445176314,92,92,50,0
1.8965686286030023,94,94,46,3
0.3312200365941497,94,94,48,1
1.0335707695143894,94,95,48,3
3.0528331802491486,92,93,55,7
0.2725983845597639,94,94,49,2
3.4943546638489846,94,95,53,2
1.3436233448781103,94,94,58,5
0.7996641342747776,96,97,47,5
3.6235218215711611,94,94,45,2
5.4574300352288985,94,95,46,5
5.3507233190320562,94,94,51,2
4.2282483190502145,90,91,49,6
2.3422452968672687,92,93,52,6
4.0878733019899318,92,93,47,3
0.6587987493656231,94,94,62,5
5.9635176509822374,96,97,53,1
4.7848104963015929,96,96,52,2
5.7832678708647478,100,101,42,4
3.1199274597085056,94,95,58,1
0.9860888889839018,90,90,51,0
4.6691288669737405,98,98,52,3
5.3241609668007035,96,97,52,6
3.2786201515901450,92,92,43,1
2.0310315443803129,92,92,48,2
1.9455497975395766,92,92,46,2
4.8041247042304880,92,92,55,7
4.1444418284078042,96,96,48,2
5.6893111074712515,96,97,44,4
4.6431519881622290,92,93,46,2
2.3993555222616694,96,97,52,6
1.0846827904515723,92,92,44,0
4.4441431180543436,92,92,59,5
2.8916861392329825,92,92,36,4
5.5160151796176846,92,92,43,1
3.9871448804223881,94,94,46,3
4.2514376897307535,94,95,60,7
4.2406005458121498,92,93,56,6
3.5166861653125565,94,95,49,6
2.8006538668820604,92,92,54,4
2.7939577033283753,94,95,53,0
0.1797970932471437,92,93,53,1
6.1851274722112839,90,90,39,4
2.4856626325713553,94,95,41,6
1.6196029301695745,94,94,50,7
4.7043759034194137,96,96,45,7
0.7572677829558364,96,97,50,0
0.3461238002886972,94,95,42,5
1.1523252920828810,92,93,53,5
5.1165934310845964,92,93,36,0
2.7468658405384061,92,92,51,5
2.1731469343314442,92,92,45,7
3.7399357471988237,94,95,53,6
6.0198392649579509,92,93,43,1
4.0406523106805796,94,94,50,5
0.6230989075030885,94,94,47,0
5.4977176422606711,94,95,49,4
5.6452057590816498,92,93,48,6
3.0793025461124492,98,98,51,2
3.2580490408004601,96,97,56,4
3.5750330887485999,94,95,43,6
4.6107185108772839,94,95,58,5
1.5083517876882540,96,96,53,7
0.1794623670380668,92,92,54,4
0.0366052521077437,94,94,54,7
1.1278275516425307,94,95,49,6
5.9260640073359081,90,91,51,0
2.4863698342241198,96,97,53,3
2.4692282935925336,96,96,55,1
1.8803718362807416,94,94,52,3
1.1110812716781602,94,95,53,0
0.6869279009534219,92,92,55,1
0.9523895846393978,96,97,48,4
3.6124865007710136,94,94,56,5
2.1094389060663294,90,91,59,6
4.7658337282835577,94,95,43,0
2.6186047123642098,92,92,54,4
3.8481945747995523,90,90,37,2
5.9486659719605317,92,93,56,2
1.2733664091792301,90,91,47,2
5.8625667039005060,92,92,47,3
0.1930625153392825,94,95,53,2
0.5945245245179344,94,94,59,6
0.0360726707582119,94,94,39,4
1.0000738599711279,94,95,49,6
2.4069031749486323,94,95,43,2
3.4011003930308457,94,95,55,0
2.8453038065862439,92,93,44,6
4.3383430608725480,90,91,43,4
0.7609076678416632,92,93,55,1
1.9511454656742453,92,93,49,1
2.1467996017732154,96,97,50,0
3.1534200970712774,94,95,43,2
4.8868183927743578,92,93,43,1
2.5051777802425952,94,95,51,0
0.0082681196108638,94,94,54,5
1.7467626668225571,94,95,39,0
1.1721880916131078,94,95,57,4
3.6958882060232114,96,97,45,3
5.8371386329604498,96,96,44,4
4.5298281527958872,92,93,53,3
6.2473916850590419,94,94,51,4
5.3560706422685227,92,93,48,6
6.0406087077984996,92,93,56,0
2.7093651049379690,94,95,54,5
3.2030151590543192,92,93,45,3
0.1374314252502480,94,94,51,2
1.5580235227266195,92,93,42,2
1.2552826108839115,92,93,47,7
3.3280437276892920,94,94,55,2
2.5733170900242692,90,91,45,0
4.7174485746037931,94,95,53,0
4.7713113760799848,94,94,50,7
5.7245283022648934,94,94,45,0
1.5466919024772274,94,95,49,2
1.7183656126790068,94,95,41,4
1.0875829077015604,94,94,59,2
5.0726120002490847,94,95,54,1
1.1257743527211708,92,92,61,7
3.1114344320065301,94,95,44,1
0.5892032040703564,92,92,52,2
1.5122948114137136,94,94,54,3
1.2818557333248306,94,94,41,0
5.4744659575448136,94,94,46,1
0.5395755210839251,92,93,46,0
4.7758446083260200,92,92,47,5
5.3923730862645716,96,97,51,5
2.8358107487816708,92,93,56,2
2.2888356116082273,94,95,43,4
3.6763375852030418,94,94,45,2
1.9421838709468104,90,91,57,4
3.4988607507306635,90,91,53,6
2.5824478679847673,94,95,58,7
4.9399265068684812,96,96,58,6
2.3335368729704968,92,93,51,3
0.3813547432320206,90,90,38,3
5.0762676881629636,92,93,54,2
3.9393686353805810,92,93,45,5
2.9816089046653849,96,96,54,2
2.2782695732959151,94,95,50,3
1.5376418439617880,92,93,53,7
4.5789106087494433,92,92,44,4
3.6430582335012884,94,94,52,7
1.1315544956994306,94,95,36,3
1.2585604333699634,94,95,60,3
3.2757941319207267,90,91,57,2
5.7940702709118401,92,93,44,6
2.5282314222034512,92,93,51,7
4.6645961412901498,92,93,44,2
5.5109880987751607,92,93,53,1
1.8317590194948519,94,95,46,7
4.7139633197359325,92,93,47,3
4.3605001201522331,98,98,48,1
4.8258185479867306,94,95,40,7
5.0891419354888532,92,93,44,0
0.2178121267855047,94,95,52,3
2.2179527958805254,94,94,58,5
0.0605365765609575,92,93,47,1
4.2519128326492330,94,94,54,7
1.9654886844233923,94,95,45,0
5.8277067842089725,94,95,48,7
4.3928644618653019,94,94,47,6
2.6282583436667855,92,93,46,0
4.5801004340041729,86,87,46,5
3.8022613217720305,94,95,48,1
1.7801956846843991,94,95,58,5
5.1619188753322538,94,95,56,3
2.8344145929794933,92,93,55,3
3.1225608950115396,94,94,47,6
6.1223850554328942,94,94,51,4
1.4610092511925492,94,95,43,2
3.0769321674840420,92,93,48,4
5.3309314367738629,96,97,51,1
5.6943425065718953,94,95,44,1
3.8772100298293868,96,97,43,1
6.0446400678773200,92,93,49,1
3.2243609199883747,94,94,49,4
6.2742005484863563,94,95,42,5
4.7602175931310073,92,92,43,5
5.9600660997279302,92,93,49,3
3.2516624119463824,100,100,45,5
3.1353511496714139,96,96,49,7
1.3268154838534363,94,95,44,1
5.5367673024200297,90,90,45,4
1.0560669722229494,96,97,52,0
4.3783478378106864,94,95,49,6
4.7780832392419317,94,95,45,4
1.7901081568929291,94,95,48,1
0.4382830881898347,92,93,55,3
3.4305610211984248,94,95,50,5
4.6354598523314090,94,95,60,1
2.1543809849289532,96,97,46,4
0.2049387350458267,94,94,55,0
2.5532948910432149,92,92,46,2
0.4526211352426090,94,94,49,2
0.3309047250073537,94,94,48,3
0.2935475994486926,96,96,53,7
1.7904173008741335,96,96,45,7
3.7702612581180093,92,93,44,0
4.7998587762499634,94,94,51,2
6.0922785401092847,94,94,51,4
0.0858400525654162,94,94,51,0
0.8965081866494098,96,96,57,1
1.7748406619622135,90,91,41,2
4.7330738320893087,92,93,49,3
3.9546430036040441,94,95,49,6
5.2584852475700874,92,92,45,7
1.5352845276120504,92,93,53,1
6.2493981430447514,94,94,48,3
2.4837923630369025,92,93,52,4
2.6723374207591224,96,97,50,2
3.4379172147413426,92,93,61,1
5.7260462828163252,94,94,51,4
5.0452439373145559,92,93,52,0
1.4273341110179498,96,96,49,1
5.4130433837482386,94,94,54,3
2.6901832065432107,94,95,44,5
4.7406985877870440,92,92,51,1
4.1764198763930604,92,92,51,1
5.2274662837288597,88,89,47,1
0.2098697233280173,92,92,48,0
2.7403015745525310,92,93,52,0
2.7202969288147245,96,97,48,6
3.2465321164602616,96,96,38,4
1.7304171958998753,88,89,41,5
0.7318095611418589,94,95,56,5
4.0658111321545665,94,95,50,7
2.5183579252967494,92,92,41,5
1.8575880566546987,94,95,59,0
4.6252796863471692,94,95,54,1
0.3479594016542038,94,94,47,0
5.7332268663921688,94,94,45,0
4.2803500820463736,94,95,56,3
1.6026280087876095,94,95,50,1
4.5625128968751936,94,95,52,1
3.8912270628225394,92,92,43,7
0.4786138918930852,96,97,48,2
3.5688090632394567,94,95,55,6
0.3846028478547165,92,92,42,0
1.4912202170630640,94,94,55,2
5.8564047147435838,94,95,49,4
0.9541102170793354,92,93,55,3
3.2032229757831754,96,97,57,7
5.0868422207081370,96,96,57,7
4.1195993860468016,94,95,45,4
5.7833897191260011,88,89,52,6
4.3103160617689422,94,94,50,1
1.9058346158906396,96,97,50,2
5.4761839911095924,92,93,45,5
2.6364785452629711,94,95,53,4
4.7004600950006781,92,93,58,2
3.3070172290459157,94,94,49,0
6.2172285990947582,94,95,50,3
0.2346873782907740,88,89,50,0
3.6823604545799697,94,95,49,4
4.7970826184247857,92,93,51,7
4.4396762217989680,94,95,50,7
0.2227109163229275,92,93,49,7
1.5161664468902327,94,95,44,5
4.3788449302065136,94,95,46,1
0.0758328117848903,94,95,52,7
0.0955017115031402,90,91,46,3
4.2470166329432288,94,95,50,5
1.5767670300172112,92,93,43,3
1.4741383547441982,94,95,50,3
0.5584977430522490,92,92,42,0
0.1720251647506882,94,94,50,7
3.5582012225001876,94,95,51,0
3.3458065035507838,94,94,45,6
5.0610259594276652,94,94,51,6
2.2424042744310286,92,93,47,3
5.7478633259835386,94,95,56,5
1.2075272138337474,94,95,55,4
1.1212311951156173,94,95,44,3
1.8453801478562979,94,95,47,2
3.3419680896006247,96,97,49,1
4.4763725507718410,94,95,41,4
2.7899882349943024,86,87,44,5
4.7129545111662257,94,95,45,0
3.6477909458474023,94,95,54,3
0.7121735426714970,92,93,41,5
1.3247810600451886,90,90,44,5
5.9141954977489526,92,92,47,7
5.9847676673582093,92,92,57,1
5.7872548223289373,90,91,52,3
3.7337641185604631,96,97,42,4
0.6927700410492822,94,95,59,2
3.0731375515270569,96,97,42,2
3.4375214541285883,96,96,53,1
4.5588542215045713,94,94,47,0
4.7032896606215546,94,94,48,3
3.6580751984117712,92,92,47,7
5.5227590741418791,92,92,44,2
5.7466021784779260,92,93,48,2
2.8063764760679675,90,90,52,5
1.4435638891368716,96,96,51,5
0.5639867421209593,92,92,52,4
0.2456016231318787,90,91,52,3
1.4484060278341013,96,97,38,2
4.7332083161705816,94,94,49,0
2.2296999569994544,94,94,56,3
3.6551894824751239,94,95,42,5
5.1156217654283784,92,92,49,3
4.5717580618464142,94,95,58,1
0.1470653774463645,94,94,53,2
4.3491409104876846,92,93,55,5
1.4265895294286861,94,94,56,3
2.6709608262151350,94,95,55,4
3.5130271421072230,94,95,57,2
5.2539086624344726,90,91,48,1
5.1565702232536204,94,95,48,5
3.6222026864588832,92,93,48,2
0.9887463477401943,92,92,45,7
5.2774139954499963,90,90,48,3
4.1683778326482903,92,93,50,0
5.4904517124119927,90,91,50,5
2.3478976273880128,90,90,47,2
1.5376842976434537,92,92,51,1
0.7489913849787322,92,92,43,7
1.2517904867754630,96,97,50,0
1.8358183064350788,94,95,47,0
1.0533614740675421,96,97,54,6
0.4744887301929132,94,95,48,3
1.7979139258384289,96,97,58,0
0.8771532123150517,90,90,44,7
5.2284539529859471,98,98,52,7
0.7503403528956918,94,95,50,3
1.5556442981111922,94,95,48,3
2.1459831528984528,94,95,56,3
4.7811673268961989,94,94,50,5
3.7962859807799969,96,97,40,0
4.7827980480755983,94,95,47,0
2.0017660218176907,92,92,52,4
5.5431514081860866,94,95,54,3
4.6367053616780982,92,93,43,5
2.4788594529384764,92,93,42,0
3.6707461093583720,92,92,47,7
3.0188061795652898,94,95,55,0
6.2173755329192684,94,94,45,4
5.0332007383839930,90,91,49,2
1.4643176889175045,94,95,51,4
3.7846753095247339,94,95,56,3
5.5675712181758401,94,94,50,7
4.4362064764836964,88,88,56,2
3.8906580016134602,94,94,47,4
2.9708054352053117,94,95,45,6
5.1755466441940765,92,93,47,1
2.9655928161097860,94,95,56,7
3.0472674859701288,92,93,49,7
4.6578285605119891,94,95,47,0
1.9077325595155776,94,95,54,7
1.3432074501423450,94,95,44,3
4.8517026728429666,94,95,44,7
6.0862757917472194,92,93,49,1
1.7104710500554883,94,94,35,2
5.8211717025565797,88,89,52,6
5.7762570749094611,92,93,51,5
0.6745135694997394,94,94,49,2
5.1665851609472764,90,91,38,5
4.6396916233001066,94,94,45,4
3.4311872890227937,90,90,48,1
1.6197352951742550,94,94,56,5
3.3126907176183624,92,93,44,6
3.6496745958758687,90,91,52,7
2.3049602647661040,94,95,47,6
1.9462034047120873,92,92,50,6
6.2765660196072881,92,93,50,4
2.6604298487616158,94,95,46,5
5.4238211907875478,92,92,44,4
4.0751303424092962,92,93,48,0
2.8555067126765730,94,95,50,5
3.3558569199047201,94,95,47,2
4.8682025538562979,90,91,48,1
0.0256783270282552,94,95,44,3
6.1709526720077372,88,88,45,1
5.2915033969889729,94,95,47,4
2.0475964908264745,90,90,49,6
2.3490694375258783,92,92,44,4
5.1611761145566524,94,94,48,3
6.0904652793311351,96,97,60,2
1.1030510804071716,92,92,55,3
2.5947221014768407,84,85,48,2
5.8102198714746542,92,92,54,0
2.3787482667705775,94,94,44,7
1.3984047506992923,88,88,53,7
5.8929558582139761,94,94,49,6
0.4770433328227022,92,92,48,0
2.9529163095401554,94,95,54,3
2.9093046167221353,92,93,47,7
1.6556519792681053,94,94,51,0
5.2612503555941919,94,95,49,2
1.1837976214721826,92,92,47,5
1.5082709553916180,92,93,52,4
1.8477493271917027,92,93,44,2
3.9006587579280696,92,93,44,4
1.7907522655073194,94,94,56,5
0.2147949001846266,94,94,49,2
6.0804039048657152,94,95,48,3
4.6340013458823650,94,95,49,6
3.4890898959191610,94,95,53,6
0.8682109851185807,94,94,43,4
4.6475563849048864,92,93,46,2
2.2370459901991553,94,95,51,0
4.3060023173830482,92,93,47,3
5.6074745753235158,96,97,53,3
0.8982367355963666,92,93,45,7
0.7224624224475121,90,91,40,3
3.0777465434476632,94,94,50,5
2.5643275220103208,94,95,54,1
3.9351312893351498,94,94,47,2
5.0409231969694313,88,89,48,4
2.5799425535454636,94,95,54,3
4.7466459924316409,90,90,51,4
1.3434328731089824,94,94,46,1
3.8566133838797798,94,95,54,1
5.9773650023802860,92,93,45,5
6.2143803879988520,92,92,39,5
4.7196757718644298,94,95,39,6
6.0977386641823532,94,95,50,5
1.2947030702378388,94,95,49,2
3.7076176282897944,92,92,51,7
4.5915388206132048,92,93,46,2
5.2449554790285635,92,93,41,7
1.8711618574272628,94,94,57,2
1.9950887306153939,94,95,43,6
3.8421654452587153,94,94,49,4
2.8098967177342078,94,95,57,4
2.8852645203746623,94,95,47,2
4.6094070080436769,94,95,47,0
5.4511014835706861,94,95,53,2
1.6643809487345569,94,94,40,1
4.5726116059876629,94,95,46,7
1.1633711283560670,94,95,45,0
3.5592436071278608,92,92,50,4
5.8522037324336553,94,95,47,2
6.1990148302658641,94,95,47,4
5.9880098918623101,96,97,47,1
3.2820238330382763,92,93,37,5
2.8130552162500657,90,91,55,4
3.1641078287755016,92,92,46,4
0.5586823023269225,94,95,50,5
3.3376175036488616,94,94,55,4
1.2450529823355181,94,95,51,0
4.3804238791642396,92,92,49,5
4.9827997526845191,92,93,47,3
2.4433512881923547,88,88,49,3
5.4814538039098402,94,95,46,5
5.6165903204539429,92,93,55,5
0.2051988960083542,94,94,53,4
4.5293105769566440,92,93,44,6
4.0430657426364460,92,93,51,1
5.8886891382508324,92,93,44,0
2.3127071151029646,92,92,55,1
3.0337000743362244,94,95,44,5
1.3853070490193340,90,90,46,1
1.6792972052306390,94,95,55,4
2.0117515574678269,90,90,53,2
2.4667308157788574,96,97,37,3
0.5552677424411440,92,93,50,6
2.8165727235770053,94,95,49,4
0.1989068789184265,94,94,56,7
4.0572390996042378,94,95,49,6
4.1251750805691971,96,96,52,4
1.1655805183302355,92,92,57,1
4.2004673359779066,94,95,51,0
4.1608565854019304,96,97,55,3
0.7047284220665264,94,95,52,5
1.6243363869756489,92,93,40,0
0.0099596463655268,92,93,47,7
1.7795072331747734,88,88,56,4
1.4630024900183094,92,92,52,6
3.5288541282269614,96,97,45,3
0.2182171185380195,90,91,38,5
5.0002533059555159,94,95,46,1
4.1833666325812402,94,94,43,4
5.5230063244119201,94,95,41,2
1.0641235650515060,92,93,51,3
5.6768385429689339,92,93,41,3
5.4116317275714376,86,86,41,4
0.4270447737015858,94,95,55,6
5.4147668482641889,96,97,50,2
4.3526254941638962,94,95,40,3
3.1134994195366339,92,93,47,7
4.1048870517195954,94,95,51,4
3.1545642209038558,86,86,51,2
3.8283332338049965,92,93,48,4
2.4236728788807036,94,94,53,4
0.2289315485431276,90,90,48,3
4.2707385153898763,92,93,55,5
0.6866181793499219,94,95,48,7
3.0274922415004419,94,94,48,3
2.3202297106478920,92,93,48,2
2.2808008512728306,94,94,45,6
4.1783211351301430,94,95,48,7
3.1018443507031419,96,97,58,6
5.6998906109466558,86,87,41,2
5.5875116192134806,92,92,44,6
0.7976105767899030,94,95,56,7
1.5241336784358055,94,95,48,7
3.1050619162753388,96,97,49,5
4.9436662083917620,92,93,51,7
4.2476268583387835,94,95,38,5
4.1223387755989975,94,95,58,7
3.2205359057411052,94,95,50,7
5.1424882544238626,96,97,46,6
5.6011826101513913,96,97,52,4
4.2841517589822837,92,92,44,2
0.8510378124674778,94,95,46,5
6.0710464165052143,92,92,49,1
0.1959607032333822,94,95,50,5
1.9390485274738773,94,95,40,1
2.3071207398795837,92,93,44,0
4.0225836472847636,94,94,55,0
5.7828540459931812,90,91,50,5
1.7404102910875987,94,95,43,6
2.1570874434819056,92,93,51,3
0.7747875178254217,90,91,40,3
5.5813555344258923,94,94,46,1
4.0153832381304300,90,91,49,4
6.1015737572025683,96,96,50,6
0.6894765639431107,92,93,45,5
5.9565686145385595,92,93,54,2
3.6986733269453063,94,94,52,5
3.0096997559201468,92,92,49,7
5.1591382374062729,90,90,49,2
3.8551998725352647,92,93,48,6
3.8101064929059953,94,95,46,7
1.9266666455578674,90,91,44,3
2.7771324322977557,92,93,50,2
6.1775318644145827,94,94,47,4
1.9910640196493377,92,92,46,6
6.0180511727967332,94,94,49,0
3.0811277812594255,94,95,48,7
2.8373772237665609,94,95,56,1
1.3434922595710179,92,93,48,6
1.3668225479144898,92,93,48,2
2.9523748546556816,94,94,55,6
1.5478460174432567,96,97,42,6
5.6337137890958111,94,95,47,2
0.9290286555171779,92,92,52,6
4.2968363300544166,96,97,38,4
4.6023553932906829,90,91,43,0
4.5985905932657847,90,90,52,1
5.0261597138108218,94,95,47,6
1.9712546923936354,94,95,51,0
1.4843947465847445,96,97,54,6
1.7067276473466593,90,90,51,2
4.6704628576506479,94,95,49,2
4.8497268070123694,94,94,51,2
5.9597237602937341,90,91,52,7
6.2648088128777353,88,89,52,6
0.0131366317018185,90,91,45,4
3.8217287977276708,94,95,42,1
2.0833167099407994,96,97,53,3
4.3999731573451575,94,95,43,4
2.1725224511048844,94,95,55,0
3.3624329201352263,94,95,49,6
0.9263428380002590,94,95,44,1
1.5780415516911588,96,96,51,7
6.1135206146999002,92,92,55,5
5.1385563061109831,94,95,47,0
2.9549962302356088,94,94,46,7
5.2061456280890237,94,94,36,3
3.0311590038563847,94,94,53,4
4.6845321502603285,94,95,48,5
0.7271353645143729,94,95,57,0
2.4248587403808877,84,84,43,5
4.3017989677903072,94,94,50,3
0.4843889524435135,96,97,59,1
1.6128690291361329,94,94,42,3
5.0104677072849411,92,93,47,5
3.3702905723026326,92,93,42,4
4.3404079663398116,94,95,53,6
3.8692997853808637,96,96,49,7
1.7485751812962380,90,90,38,5
0.9893612825998035,96,97,44,2
0.5027263656293248,92,93,48,2
2.1744822410815394,100,101,58,2
5.7881160681389980,94,94,52,1
5.8763581036866483,94,95,57,6
1.5706551066581464,92,93,45,3
4.1940952267045031,94,95,58,3
3.1679193717239627,90,90,43,0
5.5376384085082258,92,93,49,7
3.2895368754915952,94,95,44,5
0.5697546403018164,94,95,51,4
2.4962413956519449,94,95,47,6
1.0434321774417974,94,95,61,0
1.8978997813158225,94,95,43,6
3.0050663185980593,94,95,44,5
5.9761764498363013,92,93,43,3
2.4749427266165678,92,93,43,1
5.7588102983513449,94,94,54,5
3.7797051285441761,92,93,48,0
0.4398752643328062,94,95,46,7
4.5835555214703501,94,94,45,2
5.6039521288682668,84,85,39,5
3.0769480259352142,92,92,49,3
3.2634616119222981,96,97,42,0
2.3422062468010019,92,92,46,0
3.9672165380914262,94,95,53,4
0.0488177824742114,90,91,44,1
5.0381869103623913,92,93,44,0
4.7493754485317856,94,95,54,5
5.0596638765497159,96,96,51,1
0.3709445134407678,92,93,47,1
4.6333612786186009,94,95,56,3
2.4309407483719276,94,95,50,1
3.6563870404211105,94,95,55,0
1.1673533174076771,90,91,51,0
3.2614498736227073,94,95,55,4
3.4892166415089068,92,93,47,1
2.1479459771397535,94,95,46,1
1.2740868573474033,92,93,46,4
3.6747338867324948,90,90,50,1
5.6259754222209084,92,92,52,0
2.6333958890625566,90,91,53,6
1.6723634070330191,92,92,49,3
0.3107306598962595,92,93,49,7
1.2570579873379490,94,94,59,6
0.6118796725157485,92,92,49,3
1.8634499478270568,90,90,46,3
6.1997595620056876,96,96,43,5
1.6454275621954304,94,95,46,5
5.1161390014809047,90,91,46,7
3.6841154023028180,96,97,57,3
3.7085014195859265,92,93,54,0
4.9563922169148826,94,95,47,2
0.2672734756160526,94,94,41,2
1.5830587895524486,92,92,52,0
2.8723841925207965,96,96,54,4
3.0767078599496545,92,93,50,4
5.6262654059134318,94,95,51,6
3.9197676453418091,94,95,42,1
4.5929205780361819,92,92,42,4
2.5425200169100832,94,95,54,5
3.6903463365436386,94,94,43,0
2.9037716359517627,96,97,46,6
3.3943847968579122,92,92,51,1
3.3027960346107030,94,95,49,6
0.9447850804831320,94,95,55,4
3.9863805657639229,90,90,46,5
1.9083409256928003,94,95,52,7
2.1626634169252199,94,94,35,4
1.8493366030006073,90,91,45,4
1.3256736733568637,94,95,53,4
3.5539347308911498,92,93,46,4
1.5374628699149910,94,94,48,1
2.0635948834598068,96,96,54,2
3.7154629318987884,88,89,50,4
0.1778047954977476,94,95,47,2
5.4316904734352942,94,95,57,2
5.8399646126585614,94,94,50,7
2.2569164574024012,94,94,49,2
3.6660702853482907,96,96,51,5
0.5199857425342794,94,95,47,0
0.8577249512778661,92,93,49,5
1.3798588866718184,92,92,44,0
0.8004929338100959,94,95,46,7
1.7168013356779297,94,95,47,2
1.9663190103565351,92,93,48,0
4.9834516841522056,94,94,42,3
3.6210044394898424,90,91,49,4
4.1098746813712079,94,94,51,6
3.4603357171223572,92,93,58,6
3.8837494593534667,94,95,45,0
5.7721457809019707,94,95,52,7
5.2929938558029423,92,93,48,2
0.3902002055352108,94,94,41,0
4.9283191044022292,94,95,46,5
2.4049737568095528,94,94,58,1
1.5024946887332808,94,95,49,2
4.8649189713523064,94,95,49,6
5.8901806077679026,90,90,46,7
5.8033515042226371,94,95,53,0
2.6207927015335564,94,95,51,0
6.1080470932212538,92,92,45,1
5.3766980289033768,96,97,50,0
2.3002720637848340,94,95,54,3
5.0591898871656973,94,95,41,6
4.0273401492365934,94,95,52,7
1.6151643339661308,92,93,41,7
4.9702090355928954,96,96,61,3
2.6815464223264973,96,97,45,7
4.9084547872873552,88,89,52,6
0.1244317200239026,94,95,52,7
4.4212890580099131,96,96,48,0
4.4818327683972905,94,95,48,3
3.9065439906558881,94,94,56,1
4.9386996546865882,94,95,52,7
2.5829125417471355,98,98,54,5
3.5414899483782505,94,95,56,3
3.7723871274376415,90,91,38,1
2.1013157559675268,94,95,39,2
2.0305920690522181,92,93,42,2
3.6155731747181910,94,94,50,5
1.7592673645682044,92,93,45,1
1.4823359755502086,92,92,43,5
6.0620604181574711,94,95,54,1
1.7311055028786106,94,95,48,5
0.2773441703512334,92,93,44,4
5.2073889237458815,94,95,47,0
4.5266102135417174,92,93,55,1
4.1585170113488301,88,89,41,7
5.1142793205607031,94,95,50,7
3.4386855187840379,92,93,43,5
3.7272069019533633,94,95,51,0
4.9218885944694719,94,95,48,5
4.6081377828635519,92,93,42,2
0.6837671972292806,94,94,51,2
1.5435784992588617,96,97,54,4
5.9820365268070850,94,95,48,3
6.1909793338365162,94,94,49,4
4.7856903968893745,94,94,50,5
2.8811148612856137,96,97,49,7
1.3874611045421683,94,95,45,6
4.5175111783179362,96,97,46,6
4.6760096271721574,94,95,45,2
1.2553895170237526,92,93,48,0
3.7276343636059206,92,93,50,4
5.8196868877288006,94,94,53,0
3.3600758017636361,92,92,55,3
4.6506373089496487,94,95,58,5
1.9485577095169142,94,95,48,3
4.5921408473358589,90,90,44,1
1.7888648668323497,94,95,45,0
3.2192729024926763,94,95,44,1
0.1958505190781204,96,96,54,0
5.5598258144971036,94,94,44,7
5.5511151219099117,92,93,42,6
5.9678736087047026,94,94,42,1
4.6373117333469693,92,93,50,6
0.4920573124477413,92,93,42,6
1.2843692242975595,92,93,43,1
5.0548480932304436,94,95,54,1
5.8909292857161040,92,92,55,7
0.3189225448574108,94,95,44,7
5.5107243441870439,94,94,55,4
0.9891507179130281,90,91,45,6
4.5553728038306218,94,95,51,2
4.1576080729078662,94,95,37,2
3.9832579852418815,92,93,42,0
4.1124549656057372,92,93,47,1
4.5665595092998235,90,91,46,5
2.9078689962982969,92,93,42,0
0.0033105934050883,94,95,55,2
2.6194522722550349,90,91,39,6
1.6933748793115559,88,89,48,6
0.2037261386635878,90,90,48,1
4.2685036145838549,94,95,50,5
4.7403184917615944,94,94,54,3
2.5923735953951956,90,91,44,1
4.4424349732538655,94,95,49,4
5.2060650108619493,94,95,48,7
3.3256144105381935,94,95,50,3
3.0027941095528163,90,91,37,6
2.2496193300147644,96,96,58,2
1.9282185764429765,96,97,54,0
2.5549955455212023,96,96,49,7
2.6808207574395126,94,95,52,7
3.5647096064437367,90,90,45,2
6.1220269915789345,92,93,41,1
0.1447494131615275,94,95,40,5
5.8430484147305712,96,96,40,6
5.5781210268709014,92,92,43,5
3.3876701049880151,94,94,39,4
2.8486255540078034,92,92,43,1
0.4226737098020949,90,91,47,4
3.9584323112168849,88,88,53,3
3.7843116109833344,94,95,46,1
0.7663413707709729,94,95,47,4
2.5899702729670149,92,92,51,5
1.5354136039711825,94,94,49,4
0.8000492332966609,92,92,43,3
3.0804756115517558,96,97,47,3
4.4887568799748490,94,95,56,3
2.7584995780762935,92,92,48,4
4.1151890800034909,92,93,53,1
4.0560016497859115,94,95,40,7
4.3590886582568702,96,97,40,6
1.1990676873964481,94,95,51,2
3.3934700167682390,94,95,45,0
3.7942032578218363,94,95,41,0
3.3731763621021345,94,95,51,2
1.6521354041525043,94,95,50,3
5.0438897185111600,96,97,47,1
5.6219153580443857,94,94,49,2
5.9493808712479197,94,95,42,3
1.8202142089496152,92,93,49,3
5.1835697646825123,94,95,57,6
2.0572992787428674,92,93,50,2
4.2338414743896520,92,93,54,4
3.1730678004218542,92,93,42,0
2.1692469777378607,96,97,46,2
1.1280918638089896,92,93,49,1
4.3751883840379406,92,93,58,0
3.4231693509333723,92,93,48,6
4.2732922205867299,94,95,45,0
1.1995340053210426,92,93,50,2
2.2884500608889931,94,94,48,5
1.7483143716225373,94,95,52,3
5.1541468119277329,94,94,46,1
1.4323644794656711,94,94,42,5
4.2545067302160033,90,91,54,5
3.2696098042013180,90,91,48,5
4.7228206693893000,94,95,45,4
3.5244401941527546,90,90,43,0
6.0154610377702173,94,94,52,5
5.7826120562863226,94,95,48,3
2.5788153307741943,94,95,45,2
5.9124840286690539,96,97,49,7
3.5816295051312759,94,94,57,2
2.7289954244626151,92,93,44,2
5.3698921512144899,92,93,49,1
1.9219018493281312,94,94,44,5
5.8271551997429221,96,97,45,7
1.3644140097094919,94,95,47,0
0.4225954527173830,92,93,52,4
4.5841726174670061,94,94,53,4
1.3990045673842524,94,95,52,3
1.2509020211622979,92,92,65,1
0.1088352645611606,96,96,48,2
2.7033862305695431,92,93,48,0
0.7083122043895042,92,92,57,7
4.6878568682788089,94,95,58,7
4.0470023222157243,90,91,51,2
2.5787178687406169,96,97,57,5
2.7821048203770582,90,91,54,7
2.8143254279084378,94,95,55,2
2.0681919340007062,92,93,48,0
4.4852337684783006,94,94,40,7
5.9480166598577053,92,93,45,3
0.1398938444244511,94,95,52,1
0.0700854848801721,90,91,58,1
3.8138844475153815,94,95,48,7
1.0299732873635890,96,96,43,7
3.8242802241863645,92,93,50,6
4.3978144249298037,92,93,47,7
2.0911879553094286,92,92,41,5
4.9750400265591042,94,95,42,5
6.1869559664985356,92,93,44,4
4.6330843954443175,94,95,44,5
1.8784825343006970,90,91,44,7
5.4346073099835648,94,95,50,1
5.9698933866873602,90,91,47,6
4.8209461450633313,92,92,46,2
2.6955467666671096,92,93,47,5
1.0448495430731513,92,93,50,2
0.2845797399035974,92,93,51,1
6.2255940139342139,94,94,53,2
0.3037342215570135,96,96,52,0
1.6844529360014349,94,95,59,2
4.5963979190672282,94,95,47,6
5.9641417283684728,92,93,50,2
0.6513216591463753,94,94,46,3
4.7693743486522253,96,97,46,4
5.6329836036057834,94,95,49,4
1.0160717131376782,94,95,58,1
3.5553980480327962,94,94,52,3
4.2103986220695573,94,95,52,3
2.9907405958650588,94,95,55,4
3.7245213002949318,94,94,40,1
5.6044913431670311,92,93,42,6
4.3024921289851576,92,93,46,6
2.8055834717644994,90,91,46,3
6.0013855611711318,94,94,48,3
2.7997552327949249,96,96,54,0
5.0183613475580522,92,92,39,7
0.6647917062329521,88,88,42,0
0.0908181632177691,94,95,46,7
1.3786401075685106,94,95,50,5
3.1380249398355193,94,95,46,1
2.2056647043076234,94,95,38,1
0.7222741474410399,92,92,49,7
3.5995240920308915,92,93,49,3
0.8051165954057117,94,94,52,1
5.8122835617965967,94,95,46,7
1.3124786411134794,94,94,49,0
0.1064093690621028,94,94,49,2
1.6332201735918452,94,94,53,6
4.9695130474595288,88,89,48,4
4.9258213035170382,94,94,46,1
1.3109951855150137,92,93,50,4
5.3034089321352109,92,93,44,2
5.9013797434991524,94,95,44,5
4.7848442742047848,96,96,40,2
0.0582418332411596,94,95,41,4
5.1342733236449956,94,94,51,4
0.7101516874388588,90,91,44,1
5.3958868315284150,92,92,53,3
5.0209388307429288,92,93,55,5
1.4118699226435545,94,94,58,3
4.3113653390161710,94,95,44,7
6.2585628095462651,92,92,48,6
5.2382579539576986,92,93,43,7
4.1515237256957080,94,94,48,7
1.3936449238302748,92,92,48,6
1.2500826698125831,94,95,49,4
4.8145676209422916,94,95,51,6
5.7636405873592507,94,95,50,7
6.2416456302137187,92,93,50,6
0.1994478036269220,90,91,43,6
1.7616971075170991,94,95,51,4
3.2022146325603891,88,88,44,0
2.4642433179844585,94,94,51,0
2.0077977064079744,92,92,46,0
0.4467402164672759,94,94,51,2
1.6247249783898758,94,95,54,5
5.9165661412407582,92,92,56,2
5.9318575512316283,92,93,51,3
3.9435122391919739,92,93,44,2
2.3285187614613863,90,91,45,0
0.8813308500985821,90,91,52,1
0.2100459155718922,90,91,46,7
0.5832265207217266,94,95,39,6
1.2816206023602776,94,94,46,7
0.6480399416638145,92,93,45,3
5.7045678278681491,94,94,50,1
2.6204677957396156,94,95,60,1
3.3299366067018612,94,94,51,0
0.9780201471250352,92,92,50,0
4.6101932188360690,92,92,51,7
2.3478427675098059,96,96,57,5
4.2562023336764785,90,90,49,0
0.7462647985255522,92,93,40,0
1.0618791395783624,92,93,45,7
4.6850936883984033,94,94,48,7
3.6002243050225293,94,95,51,2
2.3498667163718010,94,95,58,3
3.1369260764335927,92,93,38,2
3.9894279493832778,94,95,56,1
0.7731582072202637,94,95,46,1
3.7126485028883889,94,95,57,2
1.9408828411960686,90,91,43,0
4.3404513993518909,94,94,57,2
4.8861689296287230,92,92,50,6
0.2011759555604366,92,93,42,2
2.1055048395510805,94,95,49,2
1.9419741535770745,96,97,54,0
4.1354521468856165,94,94,57,0
5.5980518781961006,90,90,47,6
0.7139146071231048,94,94,44,1
2.8912461313870801,94,95,52,1
3.7084173116641157,92,92,43,5
1.3390150838866353,94,95,50,3
5.4200202152804939,96,97,51,5
5.4319559715917922,94,95,54,3
5.1328854848576624,92,93,50,6
0.2880812884962639,94,94,44,3
3.7537998590282879,92,93,55,1
4.7436920332194754,94,95,51,6
0.9629772294984068,94,95,51,6
4.8615905305239382,92,93,55,7
3.5242304189426923,88,88,47,3
0.0701040965418301,94,95,39,0
2.3735985500023915,94,95,47,4
2.5475889276782748,92,93,51,3
3.4549971389567302,92,92,47,7
2.8922964216416136,92,92,46,0
4.3092538655832504,94,95,54,5
5.2237340094853284,94,95,44,5
0.1024690433011001,88,88,41,1
4.8751498970120091,94,95,54,3
1.5419966007487034,92,92,53,5
4.6367266526228237,94,95,52,1
3.4553924925085617,94,95,56,1
1.8210190701177047,94,95,56,3
3.5590403017436598,96,96,45,7
2.3530295580340428,94,95,46,7
3.4469474079174418,94,95,60,5
1.7572327750887826,90,90,43,4
0.7351806725227067,92,92,53,5
0.9778679588643951,94,95,47,2
3.0368509387907743,94,95,46,5
4.5755902286666918,94,94,53,6
1.7935207337140493,92,93,38,6
3.3071846061928971,96,97,52,0
6.2175313826650580,94,94,50,5
3.4178355057480063,88,89,44,4
5.9525960618837539,94,95,45,4
1.2546889564686285,94,95,50,5
3.9805543743250613,92,92,43,3
4.2509702543105998,92,93,47,1
2.5309898906075450,94,95,50,7
1.8164214899696047,94,94,56,1
1.7680811695327596,96,97,44,6
4.1369360806991606,88,89,43,1
2.5411496917572012,94,95,49,0
2.8049964917936414,92,93,56,4
5.7676269950750347,92,93,38,4
3.0932878108887634,92,93,48,4
0.1962094592678352,94,95,55,4
4.7291647858664483,94,95,52,3
4.3821302298476645,96,96,43,5
0.6864092700695095,92,93,48,2
3.6324165266482362,94,95,59,6
6.1059820216262537,94,94,48,5
0.1902268721842001,94,94,41,6
0.4541747645292216,94,95,48,7
5.8786725867617804,94,95,48,1
1.0463738821716142,92,93,56,4
1.6113288103137982,94,94,57,0
5.9066106351334424,92,93,47,7
6.1073172158829623,94,95,54,5
4.7684412867753201,92,93,41,3
3.6042201011894908,94,95,48,5
1.8396900372051774,92,93,48,0
2.9737195480828547,88,88,49,1
5.2085063826144369,92,93,48,2
1.5611669146685012,92,93,51,7
3.1857541737263060,92,93,52,0
5.3300094409938463,92,92,52,6
0.1404071127177288,88,88,41,3
0.9095486018520013,96,97,57,5
2.0078305334790989,94,94,51,4
2.8212622882141747,94,94,44,1
0.7843202668894492,94,95,40,1
4.6771917642527940,94,95,53,6
0.4080172543040471,92,93,46,4
6.0718514055355683,96,97,48,6
0.3000059192711202,94,95,43,6
0.1322410918043737,90,90,50,1
1.5641445518635895,88,89,48,2
3.8439824351652687,92,93,39,5
5.2797154191803140,94,95,50,5
5.4806708485752349,92,92,49,5
5.5255832222892085,90,91,42,5
4.8034669840143422,96,97,51,1
4.6887835322467408,94,95,50,5
5.0411705491661207,94,95,55,0
3.2590489008193306,94,95,53,4
2.8820266717524325,92,93,42,0
6.0804740168721390,88,89,43,5
2.1575310175384526,92,92,49,5
0.4539703414161985,94,95,46,7
1.8420063585085464,90,91,45,4
2.7515516581260160,94,95,52,5
2.8869926737383174,98,99,53,2
5.6919672196691637,94,95,54,5
5.6185946608006203,94,95,52,7
1.8780650699296910,88,89,45,3
1.9645608852069341,92,93,55,7
2.6891538184800341,94,94,45,2
4.0968415879564661,92,93,53,1
0.0524738650554487,92,92,42,4
0.3383737060210700,94,95,54,7
0.1492834058618799,94,94,45,0
3.4024857336157748,92,92,48,2
0.0166669982260122,90,91,46,1
1.7275858133955977,94,95,50,1
1.4710617890295070,94,94,48,1
0.8731449293480119,96,97,55,3
4.8694863210179236,94,95,54,1
4.5999273593449308,94,95,57,0
3.9314214120671060,94,94,41,2
2.8565127249431037,94,94,53,4
6.2081149991713875,94,94,45,6
3.6248940986324572,92,93,46,0
1.5716780700723101,88,89,50,4
4.5966146747939192,94,95,46,1
4.5471467940097980,94,95,48,5
2.9281785748063358,92,92,50,0
4.5752579725955203,94,95,45,0
5.9401505678545972,94,94,49,4
1.5276320062010911,90,91,50,1
5.1504416023783337,94,95,48,5
2.8934844554454640,94,95,43,0
4.6177198075835193,96,97,42,4
4.9003818647665893,94,94,45,4
5.0346114890339670,92,93,49,1
4.1282881259271500,92,93,48,6
3.9588480906093322,90,91,39,0
1.2200774616787382,94,95,52,1
6.1339279173228638,90,90,43,6
2.3857476436198692,94,94,44,5
0.2527626378034850,92,93,53,7
3.3592714342637939,94,94,52,7
6.1594582501026691,94,94,56,1
3.8968914843986457,92,92,48,0
4.9186768000929728,96,97,41,3
2.0670465261961577,94,95,44,5
2.5114539519876096,92,93,51,7
5.8828726646653964,94,95,45,2
6.0939059094784236,92,93,45,3
1.6404223754670786,96,97,46,0
3.3644821248933687,96,96,50,0
3.3768289328152141,94,94,59,0
2.0502167298043337,96,97,59,1
4.2857527896991607,94,95,53,0
1.3969089949427489,92,93,47,1
3.1554271169425405,94,95,52,1
5.9937329214450958,94,95,54,3
1.4360378354214893,92,93,43,1
5.0857193805474115,92,93,51,7
5.9488157526720089,94,95,50,1
5.3826224231592272,92,93,49,7
4.6111956305403590,94,95,48,3
0.9174421646095878,94,94,46,5
3.2141008087531886,94,94,43,6
0.8874153598477088,94,95,58,3
3.0244670708989316,94,95,47,2
0.3026653563015591,92,92,55,1
1.7757269933593247,94,95,49,4
2.6495314134221659,92,92,50,0
5.2681356453085053,92,92,46,4
5.6354903488145762,90,90,44,1
2.7040451104197669,94,95,45,6
4.5059669145683943,94,95,39,0
3.5279619220596192,94,94,46,7
4.7804273689476222,94,94,49,4
2.8439025788164116,94,95,59,0
2.7176331474356545,88,89,49,3
3.0387820548003681,94,94,57,2
4.9602817731450912,98,99,56,1
4.0940167941621990,96,97,42,4
4.2533838834085751,94,95,42,3
3.2700264959106722,94,95,46,5
5.6186921939235619,90,91,46,5
3.5490186444386684,92,93,48,4
3.8137329977834966,92,93,45,7
4.4948052243805829,94,94,38,7
0.6141873457457293,92,92,44,6
2.7827658095217456,90,91,41,2
0.4812814334977032,94,94,48,3
2.6133975623822181,96,96,44,2
1.8297218643062825,94,94,47,6
3.6353117792388416,92,93,50,6
5.3902177630832364,94,95,47,2
4.0302018116126233,90,90,45,0
3.4003635704863644,90,91,46,1
5.1169542415003768,92,93,42,0
0.1649719979578641,94,95,46,5
3.3465354651963519,92,93,46,2
0.5417904653902385,92,93,40,2
3.2296732439860540,92,93,46,0
2.2219881626203026,96,97,42,0
1.2718498515556369,94,94,57,6
0.2299822388590703,94,95,53,6
3.5793712031249885,90,91,51,6
1.3978563056601334,90,90,43,2
4.1735484888106127,96,96,50,6
1.5098581554385886,92,93,41,3
5.3885979849761751,92,92,46,6
0.1555967526427156,96,97,62,4
2.4058222339704582,94,94,55,0
5.2600017186448991,96,96,59,3
4.2379761514148377,92,92,57,1
3.4315960305392075,92,93,46,4
5.8924019194412969,92,93,42,2
1.4698811471535624,94,94,54,3
1.5556434538017880,94,94,41,4
6.0177355076988421,96,97,48,2
1.4970135564217895,94,95,39,0
1.2088818380349495,94,95,51,0
4.6919961596368172,94,95,59,6
5.0944967683657110,92,92,47,1
1.8669579942847319,94,95,42,5
2.8731917261824766,94,95,52,3
4.4477509439469767,88,89,51,3
1.2967369683297136,90,91,46,5
5.7556968704823976,94,94,49,6
2.8109058859222378,96,97,48,2
5.7251651083509891,90,90,44,3
0.1235639864413052,94,95,49,2
5.3234216671224566,96,97,50,2
2.9053106482124020,92,93,50,0
1.1856787660262071,92,93,56,4
2.7856712143480094,92,93,53,5
1.5197437845901818,92,93,42,0
3.1030479624557001,96,97,55,7
3.2265058225360104,96,97,48,2
4.2683826689778419,92,93,51,1
3.4649254600193737,92,93,50,4
2.2947917140497087,94,94,51,6
3.6269371092011515,94,94,44,7
0.3003559137715999,94,94,51,6
3.2831972228168613,94,95,42,7
2.2093714085613056,94,94,53,0
2.2784902018985496,94,95,44,7
5.9750844929654869,92,92,47,7
4.5365366467970221,90,90,53,6
1.3648572177803437,88,88,46,0
6.0795291282029060,94,95,51,2
2.8799047126883859,94,95,48,5
2.9550361305188284,92,93,51,1
1.7364162536079626,96,97,48,0
5.9193082660459675,94,94,55,0
5.5457598329915010,94,95,45,4
6.2596408633128213,94,95,50,3
0.4396687612909463,94,95,57,6
3.8268918704277453,94,94,44,7
2.3439765875050895,94,95,43,4
5.5509111174034871,92,92,49,5
0.9561566277483754,92,93,46,0
2.1877234912743004,94,95,44,3
3.1563430678605715,96,97,47,1
2.5453242498593909,94,94,46,7
5.8836261642015151,90,91,40,3
2.4694270883450500,92,93,46,0
0.7612690975782257,96,97,58,6
1.6265867051805922,94,94,45,4
5.4655583402962362,94,95,47,0
3.7458136032327118,92,93,54,2
4.1366963303259983,90,91,45,2
5.1617400139941472,94,95,57,0
5.8475276753016407,94,95,60,7
5.0708791313831920,94,94,53,2
4.2534183831490235,94,95,55,2
2.2854531844283095,92,92,43,7
4.1901606920682362,96,97,41,5
2.1078168575329643,96,97,46,4
5.2874216906092499,96,97,53,7
4.6996137238458671,94,95,51,4
6.0657408319612278,94,94,43,2
1.7403431731153380,94,95,40,5
6.2295060059087710,94,94,48,7
5.0370175432840076,88,89,53,5
4.6898496097292268,94,94,51,2
3.4120597617219937,94,94,47,4
0.2616138242853404,96,97,50,6
3.0903336447526186,96,96,50,4
0.8178840484027986,96,97,57,5
3.5328202257236478,94,94,52,7
0.4570466956820480,92,93,47,3
3.4593467428937048,88,88,41,3
5.7524228410470313,90,90,39,6
5.1821522902555301,94,95,41,2
4.1500779457446928,92,93,43,3
1.2576859228740034,94,95,48,7
0.8764974567216612,96,97,46,0
2.3487365779005476,94,95,52,7
3.5862385155250505,88,89,49,7
2.5799333439875887,94,94,41,2
4.4764181804349681,92,93,46,6
3.4621799347738467,92,92,42,6
0.7447865061528859,94,95,48,3
0.2716327862353264,94,94,56,7
1.0168090701359216,94,95,50,1
1.1427851292747315,90,91,44,1
6.1888771732675556,94,95,49,4
5.5765610359121398,94,94,43,6
4.3370081355029413,88,88,48,6
4.1014857153481925,94,95,47,6
4.6440054234077826,96,97,46,0
2.9282066604221950,94,94,52,1
0.4994852189402362,92,93,54,4
2.0716607991517342,96,96,47,3
5.6743553297409344,94,95,51,6
0.2969611531731207,94,94,57,0
3.2178621375854704,94,95,52,7
0.2924030069548832,92,93,44,2
4.9532150315066179,94,94,48,1
3.5138451928776568,94,95,61,4
3.3670733702870805,94,95,58,5
1.2702792901059625,96,97,46,2
2.2687794236085099,88,88,51,3
2.1756538665527443,94,95,53,4
6.1748645445833388,94,94,45,0
4.4640185033155850,94,95,53,4
1.6797274474448245,92,92,44,6
0.8246897768393033,94,95,47,4
2.4793528257276054,92,93,46,0
6.2428935638938778,94,95,56,7
5.3549616060481773,92,93,54,0
1.2490012879610608,96,97,50,0
4.0110705768849311,88,89,49,1
2.4620012227267969,92,93,51,3
5.4638883953508994,94,95,44,7
1.2556704946636976,86,87,44,3
5.0493595026672002,92,93,48,2
0.5516088384183232,92,93,50,4
1.3947304493378199,94,94,51,0
1.8791703914176512,94,95,47,2
0.0846371386188872,94,95,46,3
1.6475402416866327,94,95,49,2
1.7905489816441424,94,95,49,6
2.2292127147425957,92,93,49,1
4.8061902819866562,94,95,39,0
4.7288416569146650,92,93,38,6
1.0742033027539903,92,92,55,5
0.5448320530906245,94,94,39,0
1.8365042726281009,94,94,58,5
0.3355742518446776,94,95,46,5
2.8092453030140798,94,95,58,7
5.3729638402182411,90,91,48,7
2.1148369335576143,92,93,57,3
4.4947338098023826,94,95,48,5
0.7341736652870128,92,93,35,3
2.1867354572329427,90,91,52,5
0.8432361767509927,94,95,44,3
3.0860924788105977,94,94,53,6
2.1988520939383185,92,93,55,5
0.0077084603992256,96,97,45,7
0.6750636657677302,94,94,53,0
4.5691814124514707,90,90,45,2
4.9416115177212223,94,94,46,7
3.7208871547699167,94,94,48,3
2.4669452476189120,94,95,55,4
3.2033570518036236,94,95,49,6
5.8165619653877538,94,94,48,5
3.9069550854962802,90,91,37,4
1.8129238184010252,92,93,56,6
5.0284784197665573,94,95,48,7
1.3947377024258309,94,95,47,4
4.9439805597720907,94,95,51,0
2.5517810944261736,94,94,53,4
2.3422518888787769,92,93,57,5
4.8135474623779206,92,93,45,3
1.3822307655855051,94,95,46,1
5.6377278650021170,92,92,51,7
3.6816506471112387,92,93,50,2
2.3399893252262030,96,97,47,3
1.4863755307145898,94,95,45,2
5.5708841946440248,94,95,51,0
5.4678201532161497,94,95,52,3
1.6399358661834329,92,93,51,7
5.8876004104607604,94,94,51,4
1.2438001675930874,90,91,51,0
1.9711885789140098,96,97,46,0
1.4141711935301995,94,95,56,3
0.7894250054464895,92,93,41,3
3.3889914610933096,96,96,58,6
5.4055651324060703,94,95,41,2
0.3730400570749491,92,93,50,6
6.2647876732756700,94,95,50,7
0.2106638369201019,92,93,48,4
3.2509657115102479,94,95,50,1
1.4623804345845586,94,95,51,2
2.0098350234955586,94,95,54,1
3.9005039911656842,92,92,60,2
3.4751933238355361,90,91,52,5
2.5605541500908098,94,94,50,1
2.8566085957390057,90,91,40,1
0.0178056092675584,92,93,43,5
5.8979260696830700,94,94,43,4
5.3252160326996876,94,94,52,3
6.0819991024455939,94,95,40,7
3.9906409397226952,92,92,51,5
4.3122871935039395,94,95,43,4
5.3601818816886686,92,93,45,3
4.0525581169949776,92,93,46,0
2.6582213486297261,90,91,42,7
2.3366320842228463,96,96,57,3
3.8160554257117680,94,95,43,4
6.2529404006512257,92,93,47,1
3.3158007971814318,94,95,33,2
6.1866638019347402,88,88,52,4
5.9407407862149411,96,97,50,4
1.5078239894523218,94,95,50,1
3.2975286377439921,94,95,50,5
0.0868293966513554,88,88,44,0
5.1322375487013980,94,94,47,4
6.2006562863573915,94,95,48,3
4.5212095581023917,94,95,46,1
1.1251151349176975,92,92,53,5
5.0360112049619783,92,93,56,6
3.8695391363886640,96,97,52,4
2.7077075254732099,90,90,51,4
5.4099949274756325,92,93,56,2
0.8777046343162662,94,94,51,6
2.4590358173309448,92,92,44,0
2.9669340941784883,92,93,45,7
0.3378378172943112,90,91,50,1
2.8305825371939850,88,88,43,3
0.3659310031345169,92,93,45,3
5.9392964385141145,86,87,42,1
6.0101915636044625,96,97,49,3
0.8768712589804835,92,92,37,3
0.8111779254201757,92,92,53,3
4.9295579007350092,94,94,41,2
4.3728173600944107,94,95,50,5
1.6487555451467646,90,90,52,1
0.8487491330853858,92,93,49,5
1.5008080792946414,92,92,51,3
5.1270168049689122,92,93,50,0
0.6272705890535185,92,93,39,1
0.3589770516597062,96,97,47,7
5.7791724045611774,92,93,53,1
4.6340042723498502,96,96,47,7
4.3178243618884906,94,94,35,4
4.3029604337012977,96,97,49,1
4.8329650807318334,92,93,50,6
0.1038478126367229,92,93,34,4
5.3836028403004681,94,95,52,5
4.5744087810067988,94,94,54,5
1.8831672189588902,92,92,42,2
1.1361274815004272,94,95,50,3
4.3886344197567491,94,94,46,7
3.6064089851098609,94,95,54,1
0.3433111747982349,94,95,55,4
0.3081874640244928,92,93,51,1
1.6532432239332384,94,95,48,3
4.2495494509588108,94,95,55,0
1.6778959171547512,94,95,46,3
5.7381388735751200,94,95,41,4
3.7084481550591333,94,95,57,6
1.4925993057645155,96,97,53,7
6.1867476840524560,96,97,46,0
0.6255445657396390,86,87,46,1
2.2801294437785762,94,95,48,5
4.4823573649542912,96,97,51,5
4.5698538894701626,90,90,49,6
0.5581576208956958,94,94,44,3
2.2771942242285199,90,91,52,7
3.1295459569527524,92,93,53,3
0.8307739394682987,90,90,58,7
2.2473056091415042,96,97,47,7
1.0070740859726681,94,94,58,1
3.7326119622723626,92,93,49,5
5.7106487801460570,94,94,39,0
0.8877482543570938,94,94,45,0
5.1687334460245458,96,96,55,5
4.4788198878438985,96,97,56,2
1.2536538232049901,94,95,41,2
5.1794359796344702,88,88,47,5
3.7806378487803984,90,91,54,1
3.5202885858003317,94,95,49,4
3.2005744025954872,92,92,51,5
6.0881397926816971,94,94,47,6
2.3087837988948277,92,93,44,4
0.8667900157012587,94,95,48,7
0.9219297668626023,92,93,58,0
3.4654929807105912,96,97,51,7
2.4087639015806617,94,95,48,3
3.7953884620201790,94,95,50,1
2.9481045286747163,96,96,41,3
4.2505161659840587,96,97,48,6
2.6958335479849636,94,95,48,7
4.3427151945482976,92,92,45,1
2.5059565306945442,94,95,52,1
2.2719560065136930,90,91,56,7
0.6021261422048961,94,95,57,6
2.2613437079522098,90,91,45,2
3.3089709492595847,92,93,52,0
5.2776070111225746,92,93,54,2
2.9755235892151228,92,93,58,0
3.8751574218918861,94,95,47,6
0.1317850638500455,94,94,51,0
1.8555742869044978,88,88,39,1
0.1561068341355493,94,94,50,3
1.8055380421203711,90,91,49,2
3.6687530621611928,90,91,47,2
1.1301672651260173,96,97,46,4
0.5564478972620344,92,93,51,7
3.5254707032899040,94,94,44,7
1.9291175348811753,92,93,52,0
2.2797898423318008,94,95,50,1
2.6165796584368550,92,92,43,7
0.8549938064973162,90,90,45,0
0.9604046797778526,92,93,45,3
5.2371216423170637,94,95,44,7
2.9378437785225016,90,91,51,4
2.0012114458001387,96,96,58,0
1.1290517445793982,94,95,54,5
4.0339877236592496,94,94,44,5
2.6506143283014825,94,94,41,2
6.0779164919244737,94,94,41,4
2.9495530155302307,94,94,41,0
1.8081179155475628,90,91,51,0
0.3680229498452280,94,95,52,1
1.6278393623511895,94,95,39,0
0.2495606602189309,90,91,44,7
2.6384499470603044,96,97,50,6
2.5795825375412837,92,92,41,7
0.1691670978163890,92,93,50,2
0.1137165713781843,94,95,53,4
0.0872663024675319,94,95,54,1
1.2822104555810949,88,88,44,2
0.5005405151301833,96,97,45,5
2.1834974067633923,94,95,50,7
5.8767838431366624,94,95,52,7
2.8272945945161276,92,93,48,4
6.1605566100557434,92,93,51,5
0.1003469185606835,92,92,52,6
0.1631422367391673,94,95,50,7
1.9527418580613300,94,95,54,3
4.7416634524079821,92,92,47,5
0.2856304039232766,96,97,51,3
1.0735483058279722,90,91,46,1
2.6725194347875085,88,88,43,3
0.8306771196647361,92,92,46,6
0.1875037519161211,92,93,44,6
0.4595392156922201,96,97,40,0
2.9604130743860844,96,96,43,7
3.9559607321960435,94,95,48,5
0.9432442010825777,94,95,44,1
4.5695307165510686,92,93,50,6
1.9347161701575701,96,97,48,0
2.5278172330857078,94,94,48,3
2.2743427700842722,94,95,51,6
2.4064406934238232,92,93,50,2
6.1056930344577180,92,92,50,6
6.2077349887169229,94,95,49,4
1.5701793084690852,92,93,54,6
3.7820955802808824,94,95,55,4
5.4203510995936073,96,97,42,6
2.8276597728555868,96,97,45,5
0.2034359799921882,94,94,46,3
4.3380251717396812,92,93,41,7
4.6539757158117450,92,92,48,2
0.9823145651378785,94,95,46,3
0.1348203257183026,92,93,44,4
2.8938752268943557,90,90,40,1
0.5677946313381967,94,95,58,3
3.9329483999316071,98,99,50,3
6.1042278310258604,86,87,40,7
4.6157921955581340,92,92,49,1
3.7764774476717267,96,96,42,2
3.5037717407292552,94,95,55,6
2.3529954786672760,94,94,54,7
5.2533079647909435,90,90,55,0
2.6974446172689364,92,93,46,4
2.4340928486366527,96,97,49,5
1.7175894526956110,90,91,51,4
4.3032136300165647,92,93,51,3
0.5190533631738981,90,90,39,2
1.1153168610020445,94,95,50,3
1.3544883563877521,94,95,46,1
1.7738419756805133,94,94,58,3
2.0542864544801707,92,93,52,0
4.3881537171584357,92,93,45,3
4.8718678323207047,90,91,53,0
1.2653273015371638,94,95,53,2
2.6573585617950006,92,93,40,2
4.2842000874485704,96,96,53,5
4.6045410752492675,90,91,44,1
3.6583322130653526,94,95,48,3
4.2585798449178514,88,89,53,7
1.4417163008490963,94,95,51,0
3.8723682831192372,94,95,48,1
3.5784694448297922,94,95,57,0
2.8646394213261335,92,93,46,0
4.5348038261603074,94,95,47,6
1.7897827811849618,94,94,44,5
2.3013541125024140,94,95,52,5
4.7613507440515548,90,90,38,3
4.1240454940907325,94,94,51,2
4.2898108668281703,94,95,55,2
1.0219323523896040,92,93,43,5
1.5452444436665402,92,92,54,0
5.1833353776478797,94,94,47,2
5.5846389417870501,94,95,47,4
4.2589692991202019,92,93,46,2
1.2680276670334072,92,93,45,7
5.3192818921502640,94,94,48,7
3.1641660488902681,92,92,50,4
5.1202871594114479,92,93,47,1
2.2603850197863884,96,97,47,7
0.4622333989375236,94,95,45,2
4.8169537785923984,92,93,55,3
2.4284607987206104,92,93,40,6
5.4893914644079356,88,88,49,3
5.9947158127029789,92,93,43,5
3.1261149095067591,90,91,43,6
2.1182494687259559,94,95,48,1
6.1077781839146228,94,95,50,5
2.9552360379088767,88,89,48,0
4.1868952427275374,94,94,46,5
4.0859893546896622,94,95,46,5
5.1702403965505184,90,90,54,3
1.5254902438132882,92,93,47,5
4.4402263855564819,92,93,43,3
5.5390017049255462,92,93,47,7
2.3964492355978328,94,95,51,0
3.3862888879849460,94,95,47,4
5.7757995106142594,98,99,47,2
2.5006355744838227,94,95,59,0
5.7738802078748108,96,97,57,5
1.4565425454911520,94,95,49,2
3.9100144458590460,96,97,45,1
0.3823661055416599,94,94,34,7
2.3276030785524480,94,95,53,2
1.7154258710107424,94,94,45,2
4.7361780065553667,94,95,49,4
4.7146769497097125,92,92,47,1
5.9710505961161946,92,92,49,5
4.4434574524957577,96,97,49,5
0.0612828186441070,94,95,47,6
1.7103657670054109,94,94,48,3
1.5207021785364345,94,95,48,5
2.6175883401246289,96,97,51,7
0.4276776971973180,94,94,40,7
4.1865873283049444,92,93,55,3
6.0880557270560063,88,88,47,3
1.8921319436812800,92,92,46,4
4.0938931717886344,94,95,42,5
2.7451341198159818,94,95,45,6
0.4910143897578968,96,97,53,5
4.1902128028411116,94,95,47,0
2.3258344172605456,94,95,47,0
5.2334182442338815,96,97,40,6
0.2307565803506521,92,92,50,0
4.1842047722773179,94,94,51,0
4.6677781599578561,96,97,44,4
1.1810222450212406,94,95,46,1
5.6461784115647138,94,94,50,5
3.6774298765890072,90,90,48,1
4.6637674492467305,90,91,43,2
3.1979818307271510,90,91,45,0
4.0906084367175053,94,95,51,2
2.8509966660500128,90,90,45,6
5.7665133901198535,94,95,51,0
3.0719531467770471,94,94,46,7
3.7201421129333458,94,94,39,2
4.9809441603335420,94,95,48,7
1.4025794652994037,94,94,49,2
2.3731194247408434,92,92,42,4
2.9229813481004596,90,91,46,1
5.7247144672233112,90,91,37,0
1.1471991679021196,94,94,50,3
2.1236372999332858,94,94,44,3
5.9806755382734869,90,91,46,5
0.5037470009951431,92,92,46,6
1.5929738564382179,94,95,42,1
0.2464212535806703,92,92,39,1
3.4080119735617131,94,94,42,1
4.6103612418715949,94,95,57,4
4.4865535953089166,94,95,45,4
5.3899925282888494,94,95,52,3
5.6643440399483946,90,91,48,1
4.0569244546417922,94,94,45,0
5.3834074873545479,92,92,46,6
1.1902914346954705,92,93,55,7
0.7750152799667801,98,98,43,0
5.6125575627778002,96,97,40,0
3.8661963525954302,94,94,57,4
2.4115610037253807,92,92,51,7
2.5815294227195578,90,91,47,2
0.5740085192359510,96,96,52,2
4.8694504922891637,94,94,52,3
1.5729540324088935,90,91,48,7
6.2735033137958460,94,95,50,1
0.6704186186660817,94,95,51,0
0.8441838124758501,96,97,55,1
5.0238994971791211,94,95,43,2
3.4229444898492480,92,92,51,1
4.4511567722795649,94,95,51,4
3.2611067712922810,92,93,52,6
2.9960564743025428,96,97,57,3
0.8711964007726837,94,95,47,4
3.4802206218032348,94,94,44,7
3.2428508973479149,94,95,46,1
5.0500973155290474,94,95,49,6
3.1907756519057915,94,95,51,6
2.1655097918035828,94,94,49,6
3.0907370212594887,92,93,47,1
1.0411414880865524,92,93,54,6
0.9953736054124765,94,95,43,6
0.3440890110425273,92,92,52,0
0.2169921864626227,96,97,50,0
2.5520726165137337,94,95,46,1
1.2806604712846801,94,94,41,2
3.6231477010263302,94,95,45,6
2.1174007962754091,94,94,52,1
1.1055869488606123,92,93,54,0
4.5271554624913044,90,91,38,1
1.0778414322525374,90,91,49,6
6.1726238587822673,98,99,50,3
5.1125371486303521,94,95,47,0
4.6999956452440417,92,92,39,3
6.2036987656409517,92,93,47,7
5.7447567458824862,86,87,48,5
2.6342713572856389,94,95,48,7
3.5862249702913189,94,94,48,3
0.4952766233553511,94,94,47,0
2.0756010350139840,92,93,53,7
0.5283774114687801,94,94,57,2
1.7530779032525563,94,95,47,4
2.2495032746507322,96,96,59,7
3.9187536766918463,94,94,46,5
4.7472630089064758,88,89,40,0
4.5480460363182624,92,92,54,4
1.8899825281237634,96,96,42,4
4.1741501786258466,94,95,49,4
2.5960998124679522,88,89,47,3
5.6247178879909097,90,90,39,4
2.6352161082686387,94,95,48,3
5.3298544350018782,90,90,39,6
2.8562715321050796,92,93,48,6
5.9764404450456317,94,94,49,6
1.0170589982266898,92,93,54,0
1.4949666436101736,92,93,50,6
0.8969396914924920,92,93,57,7
1.4740607146836122,94,95,57,2
4.6046312163794472,92,93,44,4
1.0197427777234052,94,94,46,7
2.3330362971294694,94,95,52,3
0.5005609485057594,90,91,46,1
1.2936894489157968,94,94,46,1
3.6659030207365966,94,95,50,5
2.0741744493387295,92,93,49,1
0.7273256889844300,94,94,46,3
4.9249187515301625,94,94,52,3
3.9480321779184693,92,93,39,5
1.0900840559258889,94,94,52,1
4.0211451959323119,94,94,52,3
0.9938165436154078,92,93,50,0
0.2197789900310230,94,94,49,2
3.6798288372416463,94,95,57,2
0.3931076926398149,92,93,48,0
6.1804248834097928,94,95,54,5
6.2536498733490857,96,97,53,5
4.2923411294387215,92,92,52,6
2.1893546024212762,92,93,57,5
5.2750404512388069,96,97,54,0
5.7333572310721390,94,95,42,3
6.2643243590392057,94,95,50,7
0.8486380483437606,94,95,47,2
3.5887621779008234,90,91,55,4
2.4628258684231996,88,89,53,1
3.9539943639162818,92,93,42,4
5.9562413634393536,96,97,48,2
0.5394907113111865,94,95,48,1
0.6874772115326770,92,93,42,4
1.4388983750438089,98,98,43,4
3.3192949279276411,96,97,52,4
0.5866267247135265,96,97,54,0
3.2129797053774296,94,94,48,1
5.4910889414544819,96,96,46,2
5.1785380422737406,92,92,46,0
3.1318851117371107,90,91,49,2
5.5810499216785256,90,91,41,0
5.2242200567347137,96,96,51,1
4.3541636830492738,94,94,49,6
4.5657782600281474,94,95,56,7
1.8789516851862251,94,94,42,7
5.3560672740489457,94,95,57,2
2.5725017569968598,94,95,49,2
1.3866240827860452,94,95,59,4
1.9162812978547883,90,91,44,5
2.3832941598789148,94,95,55,2
0.4294450428367971,88,89,50,6
0.3885749197729981,90,90,43,2
5.6828884634931729,94,95,38,3
5.9368653645559473,94,94,42,5
2.7004648573543797,92,92,40,0
5.4880588146256111,96,97,63,3
1.2254542689206791,94,95,48,3
3.7212755946700669,94,94,51,6
4.4160463147626583,94,94,55,4
4.5882108564175796,94,94,55,6
5.3864562070224160,94,95,54,5
2.7169419045093801,92,92,45,7
6.2141809176204301,94,95,50,3
4.0538305190661585,94,94,46,7
4.0748730082952207,94,95,54,7
0.2874110653123648,94,95,48,5
3.8920349052816912,94,95,47,2
0.1351515874465835,92,93,49,5
1.7098875839967005,92,93,52,4
1.0136132177954906,92,93,51,7
6.1368690697838995,96,97,56,6
0.0267121028718507,92,92,50,2
2.2570882341485961,92,92,47,1
1.2438703763701708,90,90,44,3
0.2336706443139639,94,95,52,3
0.1499472459358615,90,91,45,2
0.9634335748571803,94,94,47,6
5.9426582234356689,88,89,50,0
5.6192514143689944,90,90,51,4
0.1658423529879232,90,90,55,2
5.2956510799874410,88,88,47,7
0.2273850182480864,96,97,47,1
4.1752194047686810,94,94,47,2
0.9967505817881950,94,95,49,2
0.6040613472949868,94,95,47,4
2.1795990813497697,92,93,54,6
2.4107577056753771,90,90,51,4
4.1646084340627683,92,92,50,6
4.2479929307783637,84,85,42,2
3.1057104040255989,94,94,41,2
3.9796146748225758,94,94,43,0
1.8739902397431651,94,94,47,0
5.3537504830252498,90,91,48,7
4.1330922713429494,94,94,48,7
3.7582177875993144,94,95,56,1
5.1745824791981407,90,91,45,0
6.2121446672611027,94,95,40,3
2.5229694300752188,92,92,53,7
3.3470633538921066,94,95,48,7
1.6018656726744187,92,93,54,6
1.9863144389743084,90,90,48,7
5.2141058591804397,92,93,55,7
2.3031781104965439,92,92,55,7
1.1092691051316079,92,92,43,3
5.2672367090970758,94,94,48,7
3.6239066614783066,96,97,44,2
5.6174699380630875,94,95,48,3
2.7680916756144547,92,93,45,1
4.6265469963336781,94,95,52,1
2.5547531001250632,94,94,50,1
0.5445780989535824,94,94,53,2
5.9025726629853779,94,94,53,6
3.0215143154017343,88,88,41,7
1.2662841243809551,92,92,52,6
2.8257798394811897,94,95,61,2
6.2797173875456851,96,97,46,0
5.0063734077731832,92,92,43,5
3.9208241329121529,94,95,44,7
1.2102729874765430,94,94,47,4
2.0258048723251063,94,95,45,6
5.6748633569862115,90,91,48,3
4.0314556743441692,94,95,52,5
4.8625583965314920,94,95,52,7
2.2342954515256546,94,94,52,7
4.3163829469595498,96,96,41,1
1.1618666937950346,94,94,50,5
4.4119140011904703,94,94,54,5
4.3318230741535526,94,95,41,0
2.9924889137032680,92,92,54,0
3.9244313641605744,94,95,47,2
6.1126103421961959,90,90,47,0
3.3173670515337386,90,91,50,3
4.1068369056148546,96,97,51,5
4.6997203331094779,96,97,47,7
1.6844474136019718,94,95,45,6
3.5706581016081369,94,95,47,4
2.3511735733405432,92,93,51,5
3.1276228243808961,94,95,47,6
3.4041671522986161,96,96,48,2
4.4037511091524779,92,93,52,2
5.2240356728655142,94,95,45,0
3.5146478523646101,94,95,50,1
4.3557749319695329,94,94,50,1
2.1220234901019177,92,93,49,7
2.6886852265442922,94,94,59,4
3.8084990112316635,94,95,61,0
1.5149895992460378,92,93,51,3
5.0068863933998795,92,92,50,6
5.2377414143255043,94,95,54,5
1.5405877802768344,96,97,48,4
4.1157522873703654,94,94,49,0
0.3976026786148861,92,92,51,7
0.5094834972446286,92,92,42,4
3.8935243692239534,88,89,46,2
1.7384669509660668,94,94,47,0
3.8679796315791095,92,93,53,5
2.5828498860813256,94,95,53,6
3.7001367285846780,94,95,40,1
0.0373729445840623,94,95,57,2
0.0763735253013396,94,95,50,5
5.6125478679937473,94,95,49,4
3.0193844884421068,94,94,55,6
1.2729959978338252,94,95,54,5
0.6271088704970356,96,97,48,2
5.2851463463197454,94,95,53,0
4.3278939740129747,94,95,57,4
0.8932607340166301,92,93,39,3
1.3249885537683093,90,91,48,1
2.6742946963094187,94,95,50,5
2.1333407262084139,92,92,50,4
4.9237519142750070,88,89,44,0
5.5684345312374868,94,94,45,4
4.8264639125840434,96,96,45,3
4.8759319701603259,90,90,46,5
4.7620326218359184,92,92,53,7
3.9329483243225312,90,90,51,4
1.2438769001964169,94,95,53,4
5.2598383697936777,94,95,46,5
4.6040744909792455,88,89,51,3
3.6641730261984318,94,95,52,3
5.1967750387267664,92,92,51,7
1.4463332978704311,94,95,50,7
2.4950186467623916,94,95,54,7
1.1486354473401543,90,91,45,4
3.5396692100660050,94,95,44,5
3.4266847506571945,94,95,50,5
1.5690814414017802,94,95,54,3
2.5776486919118620,92,93,46,2
2.9530592875573536,94,94,47,6
6.1288749488981225,92,93,37,5
5.4446060131294090,94,94,52,7
1.5920261762184240,94,95,43,6
4.7003986049928583,90,91,50,3
2.9457800464224779,94,95,46,1
5.0260502585220879,90,91,46,7
2.5797158668600511,90,90,44,7
1.6959993440197543,96,97,48,4
6.1694283257790419,86,86,53,2
2.8237251129480057,92,92,53,7
1.4630903116464586,92,93,54,2
2.3823877629680981,94,94,51,0
3.1505714772018760,92,93,49,1
4.8291454669810490,94,94,51,2
4.0826268007647153,94,94,50,3
1.2784183204001098,92,93,50,4
2.9958689644405907,94,94,51,0
5.1927211214319691,94,95,41,4
4.0279728774705461,96,97,57,1
0.1713028315481104,92,93,56,0
0.4835122257135505,94,95,36,5
5.0110087244949852,92,92,51,1
6.2736314343569868,94,94,44,7
5.3263438859004468,90,91,42,3
2.1664900362979909,94,95,51,2
1.9058881199796853,92,92,44,6
4.5703663164745212,92,93,54,6
0.1290679019535984,92,92,51,5
1.5450819078392177,94,94,47,6
5.9788095684338840,92,92,38,4
2.1972118335538569,96,96,54,4
1.0269884722931411,96,96,61,5
3.5408801552252114,94,94,53,2
3.3607657466513556,94,95,54,1
5.2522912240003476,96,96,48,4
4.7080347131761267,94,95,65,6
0.8844411862245679,94,95,47,2
0.2969028479743098,84,84,42,4
0.7651051346439797,94,95,51,0
1.8652196139136084,88,89,57,3
0.2126351521377256,92,93,40,0
5.1223693216871542,96,97,51,7
1.8708058763919939,94,95,44,5
5.9988066073247177,92,92,46,2
1.7484200941188601,94,95,56,5
2.6070730900101111,94,94,50,1
0.6050906568922404,94,95,45,6
4.9243906087014748,96,97,51,1
0.8495794040292152,94,94,47,2
5.3730162927093925,90,90,39,0
3.9258181682684175,94,95,47,4
5.0582879124317692,94,95,43,2
3.6366481991630315,92,93,52,4
1.9191025755701321,88,89,45,5
3.6835527800378101,96,97,48,6
1.7174441645975089,92,93,54,6
5.4843044424399814,94,95,45,0
3.2514493353770146,94,95,53,4
4.0060135641373318,92,92,48,0
2.9376088485683556,94,95,48,5
5.0789663248258581,92,93,40,6
5.5686912719107511,94,94,49,2
5.1336448661861978,96,97,47,1
1.9636699517096503,92,92,55,7
3.9852876316068451,86,87,42,3
0.6845242305851078,94,95,40,3
4.0004439158466809,94,94,41,6
5.1324241150548975,94,95,48,1
6.0630767592494754,94,95,51,2
0.8845497830305252,94,95,57,2
6.1320966937715227,94,95,45,6
2.5885493554441803,90,91,49,0
0.5074270762382217,94,95,47,0
1.3256701611001664,92,92,44,2
5.7261060555047463,94,95,56,5
6.0613367979346622,90,91,50,7
2.3470563394710466,90,91,54,5
4.3575068050968930,94,94,49,2
1.3434930398249680,94,95,44,7
3.2119129577215322,94,95,48,1
3.6560572144702310,94,94,43,0
4.2575415272124282,92,92,59,1
0.4119570535217110,86,87,42,7
1.2083035104011359,92,92,50,0
0.9597991186515207,92,92,46,2
4.3923401997265206,90,91,45,2
6.1808104783992981,94,95,53,0
1.2629761982246706,92,93,40,4
0.9086687024322490,94,94,55,2
6.0511838442980563,94,94,48,5
0.3519555150171237,94,95,47,4
6.2547635057792199,92,92,48,6
3.0001958880130095,94,94,44,3
2.0766460431146840,96,96,48,2
3.4829872150379111,94,95,52,7
1.5296009910363542,94,95,49,4
5.3410306601478084,90,90,50,7
1.3424522905338945,94,95,56,7
0.8369152375508716,94,95,51,0
2.7090284824499591,92,93,61,1
0.1529251151036336,94,94,52,5
6.2163990619043092,92,93,41,7
1.3854423879622437,90,91,41,4
0.5752787700450518,90,90,47,4
5.6001930053983182,94,95,46,3
1.7552625844989493,94,94,58,7
0.6568398190045969,90,90,45,0
1.4365852865925615,94,95,45,4
0.0800941643295648,92,92,50,0
1.4367831330309797,96,97,48,0
4.2203165240794664,94,95,42,5
5.2832741905878411,92,92,47,1
3.9534442161749528,94,95,41,6
5.7730173108405411,94,95,51,0
3.4828210841221794,94,94,55,2
1.0756387859414229,92,93,47,7
5.0123627302906790,94,95,55,0
5.6231123574591404,92,93,51,7
1.0861916641486147,90,91,49,0
0.7338710376009420,92,93,43,1
4.5055891804758534,92,93,50,2
1.5265601074300117,96,96,47,5
2.3985373956988640,96,97,63,7
1.3237509214385117,92,93,50,2
2.6554831722174059,94,94,41,0
5.6781810772179524,92,93,58,4
4.4900409244261787,94,94,44,5
1.0124940166290572,94,94,45,2
2.6133251737109955,94,95,47,0
4.2335018905805164,92,92,45,1
4.7276281690916688,94,95,51,0
5.7724147331269782,92,93,52,2
4.0077747961362036,94,95,45,0
2.4930902321973947,90,90,45,4
6.0310760828400714,92,92,52,6
6.1854557351856903,94,94,45,4
5.3511025702838690,94,95,46,1
0.3636655128699805,98,99,53,6
4.2978575465691318,94,94,48,5
2.5348081901838229,92,93,50,0
2.5727477491949853,94,94,47,4
2.5461571248185466,94,95,48,5
1.3831082483666224,94,94,57,2
0.0081615646590225,94,95,58,7
0.7820872881848800,98,98,44,3
2.1354624115645615,94,95,55,2
3.0322057122751338,92,93,52,6
6.0047803507411093,94,95,56,1
5.0678766743114396,90,91,53,0
2.8658409675984919,92,93,52,6
4.8621124232314843,90,91,42,3
0.0534899586562794,92,93,41,7
4.1870832449943594,92,92,50,4
1.3763868855509187,94,95,50,7
4.3072339306772101,92,92,44,4
2.3064173561843462,90,90,57,6
0.7445486646812922,94,95,46,1
1.7975781841012455,94,95,47,6
1.1518302251737886,94,94,46,1
0.9677977886128880,96,97,51,5
1.4458477044290738,98,99,48,7
5.2862394587217398,96,97,55,1
1.3217698279957528,92,93,38,6
4.6016287564472957,94,95,50,7
1.3570913393040718,94,95,53,2
2.1465502123730604,94,94,43,6
3.3258364117537731,94,95,48,3
1.8667554381775580,92,93,41,7
0.1308682165046553,92,93,51,7
3.2466973184316426,92,93,39,3
0.5131286580240848,92,93,49,3
4.3684425466800656,96,97,44,2
0.6725916537296978,94,94,51,0
1.0751170171201301,90,91,46,3
2.2589836964841923,92,92,47,7
3.5564449600810923,92,93,37,3
3.3018902947775213,96,97,40,2
0.9454427395290610,90,91,41,6
2.8170451026682897,92,93,50,4
5.6638728883050291,94,95,57,0
1.5933531197022690,94,95,53,4
5.0269374033274277,96,96,48,0
0.8399752236709077,92,93,47,7
5.7264384935903410,94,94,53,2
1.9543181045189308,94,95,52,5
6.2790982858311617,92,92,54,6
2.9653477005835853,92,93,42,2
1.9386427944207907,94,95,47,4
3.2213292466228904,94,95,50,7
1.0124284831824761,94,94,53,6
5.8285950290825044,92,93,48,2
5.1827641946465350,92,92,48,6
5.8069857827780904,94,94,42,5
6.1855260320606451,94,94,41,0
3.2576107186967445,90,90,45,2
3.8469461683733606,92,92,52,2
3.5152795525608713,92,93,36,0
3.6651293455438392,94,94,46,3
0.9762549377639644,96,97,48,2
0.0575372817358931,94,95,46,1
1.3866222886784676,94,95,47,0
1.4389181471455814,94,95,48,3
5.4097322544236803,94,94,45,6
5.3582030956089737,94,95,52,5
4.2656587719594929,94,95,51,0
4.3547051916455182,94,94,41,4
4.0049595080751210,92,93,53,5
4.5047256202688235,94,95,53,6
4.3365188982710263,94,94,51,6
0.2123649512965435,90,91,47,6
3.4471855148184418,88,89,52,4
2.9587105093661101,96,96,45,3
1.6010258704044587,96,96,54,2
1.6647041865724812,88,89,41,3
1.3093074150276256,92,93,42,0
5.3122316077304594,92,93,54,0
4.5879526426290251,92,93,51,3
1.9748345753726830,88,89,48,2
2.2274378648294593,94,94,47,6
2.4453003383126246,92,93,55,3
4.9015259082280851,94,95,51,2
3.8430596083003792,94,95,51,2
0.1095853694037355,94,95,51,0
3.1857064111089239,92,93,34,4
1.0765530906190712,94,95,50,3
3.8144729116729703,92,92,51,5
0.7226145421946977,94,94,50,1
3.5907179501803532,92,93,46,0
3.3537820197115740,94,95,50,5
0.9288679962656270,94,95,52,1
0.5897422884441659,96,96,50,4
4.5862079521823231,90,91,48,1
0.2063779211280843,94,95,47,6
2.0806535404462374,94,95,49,4
3.1514790395942507,92,93,51,3
2.7284320641943283,96,97,56,4
6.2195558891996514,98,99,43,4
4.5192984361236874,92,93,55,1
4.4459626949871902,94,95,51,0
2.4831929269788446,96,96,46,4
2.7589830653914982,94,95,50,1
6.0293217508732742,94,95,56,3
3.8395265006525383,94,95,48,5
2.7736724054268658,94,95,49,0
5.3094276084697416,94,94,51,2
3.9295596846939804,92,93,57,3
2.8863191962213373,92,93,45,7
0.1035151070607685,88,89,49,1
0.8735250431552398,92,93,46,4
3.8675628417837418,92,93,49,5
6.1480155077113086,94,94,49,6
0.8487115754570340,96,96,54,2
0.5605122579702853,90,91,43,0
5.2660801819996630,92,93,50,0
3.0118280742712029,92,92,46,4
3.6145682799387084,94,95,50,7
5.0846756850880430,94,94,56,7
2.0582078335366210,96,96,35,1
2.9028077363641294,94,95,54,7
3.7746835607089175,92,93,42,0
2.5107679747412299,94,95,47,0
3.9530418753519534,92,92,50,6
1.0578773200325005,94,95,48,7
5.7100217334502670,88,88,47,3
2.4187871334879065,92,93,48,6
1.1016778502224867,94,94,52,5
1.9409877204990396,94,95,53,2
5.8511643249967786,92,93,43,7
1.0465426081916234,92,93,46,2
3.5094568989979464,92,93,45,7
3.5100542695814108,94,95,48,7
5.5691815348794966,94,95,42,3
3.6786085615758797,92,93,52,0
3.0319857450836198,96,97,51,3
1.6049070662332368,94,94,51,6
0.3592597396571000,92,92,52,2
1.1034541875021677,94,94,49,4
1.4848619476504150,94,95,46,1
6.0860711830387482,94,95,52,7
2.0783197747841098,94,94,56,5
0.3601860640708998,94,94,45,4
2.0525806383262477,92,93,47,7
1.5700855163754899,94,95,51,4
1.7538121040833510,96,97,52,2
2.0316873974733460,98,98,51,0
4.4817387711126226,90,91,55,2
4.4231792737282634,94,94,56,5
1.6735628297097143,92,92,55,1
4.3280397689895915,92,92,49,1
0.2836063305869320,92,93,49,5
1.0761655717545364,92,93,50,6
2.4570553735517908,94,95,48,5
4.9714522471206957,94,94,53,0
3.4051557619758053,90,91,51,6
2.1196398377609298,94,95,49,4
0.0125845113472033,92,92,48,0
5.7209280699476794,92,93,59,7
1.5341932452504277,94,95,50,3
3.6109668911849129,94,94,56,7
2.7321518337103421,90,91,45,2
2.1985805413630222,92,93,49,3
5.4271759317493089,92,93,47,3
4.0269653950063873,92,93,56,4
4.0310852195941500,90,90,44,3
2.9732862135151574,94,95,35,0
0.6142058304911703,94,95,54,1
3.0857820113611836,94,95,41,2
3.1889476637336629,94,95,49,4
1.4577922807496577,92,92,51,7
2.8667142843661373,94,94,53,4
2.1515908793116783,94,94,47,2
5.9446803435590487,94,94,48,1
3.3778865934395124,96,97,46,0
3.8822691341758757,92,92,42,6
5.7390297133699066,92,92,48,6
5.7629061964741384,96,97,52,2
6.1298275362005672,90,90,48,5
2.5527269083434456,96,97,50,0
0.1838843582861121,96,96,51,7
1.9762476501648754,90,91,44,7
6.2796898810648418,94,95,47,6
5.4050404842644220,94,95,49,0
4.4533886088638246,94,95,51,4
4.7562042778513876,96,97,44,6
2.7069470702577445,94,94,55,0
4.3971197812901552,96,96,46,2
1.9925581210683718,94,95,47,2
3.0105681299511473,92,93,40,2
5.8434837406664819,96,97,57,3
6.0128150999879395,90,91,47,6
5.0565496138590635,92,92,41,1
0.1508420930138597,94,95,53,2
4.8396261310679742,90,91,52,1
4.5649079021183177,94,95,63,2
5.2758518708499409,96,96,49,1
3.7055721629687368,92,92,40,4
3.3046556686554354,94,94,50,5
1.5070183285131704,92,93,49,1
2.9401053919107554,96,97,58,4
4.8865331878572817,94,95,45,2
0.3921047747511580,90,90,45,0
0.9133560275517659,92,92,43,1
2.8433748821870095,94,95,54,7
3.6195811397959257,92,92,49,5
5.0324850570947177,92,93,45,1
2.2542703382427360,88,88,48,0
6.1621492233524329,94,94,49,0
6.0340480630013404,94,95,50,5
2.6902418866482800,94,95,58,3
3.6214810898095182,92,93,48,4
2.0895892531938576,94,94,50,7
2.2382952305686246,94,95,49,2
3.9218851177591789,92,93,46,4
6.0764387842781931,92,93,42,4
1.4326149444725487,96,97,55,7
2.8183150093419829,90,90,47,6
1.4572131422610715,92,93,53,5
2.9187331551057905,94,95,50,5
1.0514318320151941,94,95,42,7
2.8216646117206055,90,90,46,5
4.6679018696774541,96,97,43,3
0.2672695617718220,92,93,51,5
4.6562068548804492,96,96,45,7
2.6829913807369543,94,95,48,3
0.8676686898496875,92,93,54,0
2.5339998289332906,96,97,51,3
1.5787930338144973,92,93,48,0
4.9590042759661142,92,93,43,5
2.8827855472619657,92,93,45,3
1.4112674717939364,94,95,41,0
4.4957972875291023,94,95,43,2
2.0861031071886469,88,89,42,2
3.1393687642587835,92,93,53,7
0.0736518296809407,94,95,47,4
2.0475560313256529,94,95,45,2
5.3737065984229941,92,92,38,0
2.9254093669378034,92,93,51,3
4.9208958873324118,94,95,49,0
1.0894733364503071,94,95,52,3
4.8221002772885484,94,95,51,6
5.1694833620506406,92,92,41,5
0.4510558345610657,92,93,59,5
2.2100249325138321,94,94,55,4
0.7517658276551479,92,93,45,5
0.1005043214846108,92,93,40,6
5.5895315349848786,94,95,51,2
4.9324121702316228,94,95,52,3
3.9559321001008501,94,95,49,4
4.4918652394267760,92,93,46,6
3.2382205754362050,94,95,41,2
4.3478406375873471,92,93,47,1
0.0679449116497281,92,93,41,7
4.4792524189095362,92,93,49,1
5.0353557187637801,90,91,36,3
1.8767497161696971,92,93,55,7
4.8511193874529850,92,93,52,2
3.9939999343614563,94,94,53,2
3.0501099122410440,96,97,55,7
0.6036983857251252,92,92,42,4
4.7007836873442699,92,93,42,2
0.5333802765614785,92,93,51,5
1.3826765744203315,94,94,49,0
3.6750002842328895,94,95,58,1
3.7991548427968453,90,91,51,2
5.6995400942510948,94,94,52,7
4.9194300394653707,92,93,55,7
1.8644120715654342,94,95,44,1
4.3820375616430844,94,95,52,3
0.5093270217293023,96,97,51,5
0.8390242260238574,94,95,60,3
2.9707458716368036,94,94,44,3
3.9414726119691421,94,94,46,3
0.2694319896293826,94,94,50,5
2.6145496071695016,94,95,52,5
0.5529990200455708,96,97,58,4
6.0844415451604128,92,93,46,2
5.4969911221997210,94,94,51,6
3.8043502111512026,94,95,46,7
3.3444890331127786,94,95,49,6
0.3136911396405238,94,94,55,2
5.7538477799464358,92,92,48,0
3.5003994327812169,92,93,46,4
2.9238683738946358,90,90,39,4
1.6898931700924387,94,95,50,5
4.6115961997228139,96,96,51,3
3.5376277140960637,94,95,48,5
4.0147471889944777,92,92,42,0
3.0850474830152232,94,95,57,6
5.3504228877675173,94,95,49,6
2.0414707880573135,96,97,51,1
5.8192136279858309,94,95,56,7
5.2601233743586544,92,92,41,3
2.0858915213552240,92,92,42,4
3.2282191693839355,90,90,40,5
1.0294589495978945,92,93,49,5
0.2259017758176790,94,94,44,1
6.2714226948460388,94,95,48,1
0.0440231046752734,92,93,44,4
0.2077332283246389,94,95,49,6
3.6541251243260873,90,91,48,1
0.0877175791795336,90,91,53,0
1.8575341729999819,92,93,50,4
6.1803096949058007,94,95,51,0
0.1301924595496673,92,93,50,0
0.9329137454509498,94,94,46,1
1.2171220193947181,90,91,50,3
0.2073786756374579,92,92,43,7
5.3429630608399599,90,91,44,3
1.2331770980774182,94,94,40,1
0.4238150500663427,92,93,44,6
3.9642366107033720,92,93,51,7
0.9969763627361380,90,91,44,5
4.7476078592750248,94,95,50,1
4.5013199484335153,94,94,40,5
1.6722669216052171,94,94,49,2
4.5420845602129543,92,93,55,1
3.0507436342038217,90,91,55,6
2.5569294950250647,92,93,45,3
0.7273091836096325,94,95,55,4
5.1151857134172909,94,95,54,7
1.1082495457216572,88,88,46,0
5.7224713321953775,94,95,46,5
5.4975335478593461,94,95,50,3
3.7063134883580413,94,95,49,2
3.2846608864554856,94,94,59,6
3.4522063791208981,92,92,44,0
3.4017942178072746,92,93,48,2
0.9689052594048045,94,94,48,3
5.3102574786516188,92,93,48,6
6.2008494415274376,92,93,51,1
3.6696693367739690,86,87,37,2
4.1187945634871381,96,97,51,1
4.5790701466785668,94,95,50,3
3.9931655259198870,92,93,52,6
6.0403298370672616,90,90,52,7
4.8635083997686630,96,96,37,5
0.8913621801500689,94,95,53,0
2.6800259107252606,92,92,50,4
5.9158015098744938,90,91,42,3
1.0808464461202314,92,93,51,1
3.8636843506597995,90,91,51,0
5.3556025820566493,92,93,53,3
2.4025067471640980,92,93,41,3
0.5814347328431578,94,94,50,3
3.6356289619178361,94,95,49,4
0.8546816090578297,94,95,57,6
4.4616403526124557,94,95,57,6
5.2693778069523853,92,92,52,0
6.1394098852244960,90,90,40,3
1.4908040233755062,92,93,43,3
3.0835624916217794,94,95,43,0
0.4065566063562945,94,95,53,2
4.3003188423411771,92,93,54,0
2.1095160375289388,92,93,48,4
4.0142841255947825,88,89,39,5
3.6124981450327209,96,97,51,5
5.3978838010839105,94,94,54,7
2.7434133078141225,92,92,50,4
5.1943832739084117,94,94,61,4
5.5202930114478814,92,92,57,1
0.4350844137884826,94,95,47,6
3.8089064394926075,94,95,49,2
0.5376492297740186,88,89,44,0
1.6264805765531098,92,92,49,7
5.2344559918201803,90,91,47,6
2.8202668797958701,96,97,55,7
2.4437941736808475,94,95,48,7
4.6863478036778190,94,94,45,4
2.2613988052307454,94,95,56,5
1.4025170650466083,92,92,43,1
0.8988400716382801,92,93,44,4
5.2738126163202921,94,95,48,7
0.6506144863583624,92,93,47,5
4.5431832883247907,92,93,57,1
4.4532954505386391,90,91,48,1
0.7796163879712393,94,95,50,5
2.9763261196958175,92,92,37,3
5.6532999475565946,96,97,35,7
5.3761969173016810,92,93,45,3
5.5495200910481319,94,94,46,5
1.1249518279187569,94,95,50,5
3.9254514110124830,94,94,54,5
0.0144260168105234,92,93,48,6
2.8150543124248268,94,95,50,5
1.2693369963904029,94,95,59,0
3.9888623047619172,96,97,51,3
5.2881326608422707,92,93,49,7
3.5898859893187143,92,93,40,0
5.6481963594065592,92,92,41,1
3.2023904604521718,96,97,50,0
5.3444779044386390,96,96,48,2
4.2980949902430936,92,92,45,1
3.2776696982714948,92,92,50,0
3.6014531906885723,88,89,43,1
6.2138801823457976,92,93,45,1
4.9072249998926569,94,95,50,5
5.4066639546143636,92,93,56,6
2.7962502976566208,92,93,62,0
4.5816255709138316,92,93,55,7
3.8966446826307921,92,92,48,2
2.9770496666983850,92,92,47,3
2.0812921550685206,94,94,48,1
0.0228141466618858,94,94,59,2
3.4456771810750992,92,93,51,5
2.5692225407944016,94,95,49,4
2.4140242123234534,94,95,46,5
2.5355881227459061,92,93,48,0
2.4013071635562588,94,94,41,6
2.6538589701374540,94,94,46,5
2.6004925325744344,92,92,47,1
5.8681408208030872,90,91,41,6
4.0293581812743344,94,95,46,3
2.0345030074425603,90,91,46,1
5.9709801001167335,96,97,51,7
2.0741038264091278,92,93,42,4
1.5508878481918031,90,91,51,2
5.5213662359291753,92,92,52,0
0.4693295621951987,90,91,45,4
1.8410818039670460,92,93,47,3
4.2774126204408125,94,95,52,1
5.5390896804874084,94,95,50,7
5.2503226975038517,92,93,45,5
0.2876052930290151,92,93,41,1
5.3968950412023640,94,94,50,5
2.7248539598817256,90,90,50,5
4.9365423036549529,92,93,47,1
0.5159629297284051,94,95,49,6
1.8117303274395307,92,93,44,0
3.2512850519354295,92,93,49,1
0.2339568518024410,96,97,49,1
4.1053028035514201,96,96,50,2
3.3066855393642736,94,95,45,0
6.1290877794034273,92,93,51,5
1.1943510677882119,94,95,51,2
0.6519685269448284,92,93,48,4
2.9186869213651589,92,92,43,5
6.2650181454046692,90,91,50,3
1.5684506652719434,94,95,39,6
0.9241407830517704,94,95,49,6
3.1689548952205326,92,92,43,1
4.5840264094462242,90,91,49,0
3.9576467786632472,94,95,49,0
4.4062848494497606,94,94,51,4
4.6512940451923317,94,95,40,1
6.0380720589566765,94,94,51,6
4.7281581875373746,96,97,47,3
3.4572853540547475,94,94,48,7
4.3214549701448011,94,95,51,2
3.3891797637633427,96,97,48,0
2.7846808128004410,94,94,53,6
1.8405669801014459,92,93,49,3
5.7409411785064641,96,97,50,6
2.0721000534426448,94,94,44,3
3.2853391109587426,92,93,51,1
4.7598997336201228,90,90,33,0
0.2254183390392386,94,94,47,4
5.8706486614932309,92,93,45,1
2.2171831262509913,92,92,54,4
0.3574608247493221,94,95,46,7
0.8605723709849002,92,93,46,6
1.7295535683063670,92,93,47,1
2.3289483033003671,94,94,49,0
4.4820476896230730,94,94,48,3
4.6734848436657170,94,94,41,4
3.1388039656575235,92,92,49,1
1.0051607651744905,92,92,46,2
5.4762607474265366,94,95,48,1
1.0220232172616168,100,101,51,5
1.9022289250904876,92,92,52,2
0.2598309592194630,94,95,47,2
3.9645744587006440,92,92,53,3
1.1961560729204519,82,83,41,2
5.6020771562060103,94,95,52,3
1.9645943528032064,96,96,48,0
3.6913367185503532,92,93,55,3
2.6352483801743105,94,94,57,6
4.4763986532948215,96,97,54,6
1.2923302881987111,94,95,45,6
0.5245118140745456,98,99,58,7
1.7287500653269623,92,92,46,4
4.3824513987983549,94,95,50,1
0.3961557099789073,94,95,46,7
2.6533146127817027,92,92,53,3
3.8515454295713716,94,94,43,2
4.8806559966753378,94,95,50,5
2.4728923372552751,90,91,41,2
2.2804419525506798,92,93,49,5
2.2480251388552381,92,92,43,1
5.1061495075357399,88,89,50,4
1.7003877601882025,94,94,50,1
1.3537292843836735,96,96,41,1
6.2730177605180657,92,93,48,2
3.6690965064649514,94,95,49,2
3.8337591120272876,90,90,46,5
0.9936158103213351,94,95,59,0
4.6992669916993473,88,88,45,7
2.3946071188672375,92,93,60,2
3.2292139254525813,94,94,50,1
1.8828771005410068,94,95,42,1
6.2612521409869979,94,95,43,6
4.8677293774866097,96,97,55,5
1.1358825023102277,96,97,60,2
3.9891574535072363,92,93,48,4
0.4440085655748108,90,90,47,6
1.4038703036448066,94,95,48,1
5.3538201942306278,94,95,53,4
0.8867916919306980,92,93,47,1
1.3059458566866275,92,93,47,5
2.3864294813368878,94,95,47,6
2.8071312204313168,94,95,54,7
1.1505944041575560,94,95,44,5
5.6401635571181261,94,94,56,7
4.5841716654939280,92,93,48,4
6.1169304815580183,94,94,50,1
2.5903598481936259,92,92,48,2
3.9370172829967847,94,95,51,6
1.8981197162687100,90,91,46,5
4.2045585046946341,92,92,49,7
2.7419088386412098,96,97,53,5
4.5608113769102667,92,93,48,0
3.9667217579658334,92,93,38,6
3.8466467101384341,92,93,54,4
6.2681746610741138,94,94,45,0
5.6472677346036857,94,94,44,5
0.9712067081148276,94,95,54,5
2.8566525223617543,92,93,45,1
0.3027972180712000,88,88,48,0
4.8273008570740483,94,95,41,4
2.1911979366698016,92,93,45,1
1.2090815960525674,92,93,43,1
0.5857109124687482,90,91,55,2
1.2066977385869893,96,96,53,7
0.6453736323139178,94,95,42,7
0.9743637578569020,94,94,44,5
2.5367880238640175,92,93,47,1
4.3109141736568981,90,91,46,1
3.1402136133035308,94,95,52,3
0.0120856446965679,92,93,45,7
0.7190356911261123,92,92,47,1
1.7757140766416306,94,95,56,7
4.4258779707369129,92,92,43,5
4.1857681251053513,94,94,46,3
3.5708824872661369,94,94,58,5
3.9702526550614872,92,92,44,0
6.0782564955485796,90,90,38,7
5.8558038425865284,94,95,53,0
0.1313888415630946,94,95,40,1
4.8810564523927065,94,95,56,3
1.2557716619139696,94,95,47,0
6.2363515258450715,94,95,55,2
1.1196804605665445,92,93,48,6
3.0020132065942549,90,90,55,0
5.5187901609112959,92,93,52,4
3.5337455115233736,90,91,52,5
5.5747210126832254,94,95,40,1
3.0968976477122108,92,93,47,5
4.4489706165551199,92,93,49,5
3.9992730625918860,90,91,41,6
2.9596505795842130,92,93,53,7
3.5631067649864079,94,95,45,0
3.2158050250633812,92,93,45,5
1.5270248071038734,94,94,54,1
3.8010611112247754,92,93,45,7
4.2188862190167171,92,93,44,0
5.9190204240886040,94,95,50,1
2.8610180171046955,92,92,45,7
4.2009300301313077,90,90,34,7
6.2050393739044614,92,93,47,3
2.2949622237429930,94,95,51,6
0.6311949826319031,94,95,46,7
3.1639632823680897,92,93,49,1
1.9525376382729656,94,95,55,0
5.5032142323980224,94,95,46,3
0.7137975603820133,94,94,49,0
1.2583808482060019,94,95,53,4
1.1162847121628308,94,94,40,5
4.8733263210317492,92,93,47,5
5.8496132373212371,94,95,46,1
0.7184560932916966,94,95,46,5
2.0354097781895866,94,95,46,7
3.8334596385830255,94,95,44,3
2.9275842741373186,92,93,34,4
5.4699499266073497,92,93,50,4
3.0412564642878408,88,89,40,6
5.9125173772067354,90,91,52,5
4.4334660130155079,94,94,51,2
1.9472122904402893,94,94,48,7
4.6714092022677569,94,95,53,4
0.8362957856403720,92,93,61,3
4.3251436954306470,88,89,44,6
5.2927327505919779,94,94,46,1
1.4675819716318170,94,94,44,1
4.4887727373919297,94,95,42,5
0.9172185748413125,92,93,49,7
4.8394198574775711,96,96,57,1
0.4249664642763611,94,95,45,0
4.4276734932366226,94,95,48,5
0.6762182957653241,94,95,53,0
5.3369107393042095,92,92,48,0
4.9530268653018128,94,94,56,1
4.8645759549934136,92,92,42,6
6.0107002729794665,94,94,44,7
0.8951115293970359,94,95,55,2
2.9310918879924803,94,95,53,0
5.0828407112292870,94,95,52,7
1.8270336717046289,94,95,50,3
3.0106558871645288,92,92,44,2
3.4487708352075321,90,90,51,6
1.9963424218372696,94,95,54,1
4.1075166842017641,94,95,49,0
3.1802288826271456,92,92,45,3
1.4974057889530636,94,95,55,4
4.1676488614965557,94,95,45,4
2.6483104610857122,92,92,55,3
0.8585454727197427,96,97,42,2
3.6462213377385346,94,95,40,5
5.4174590693231721,92,93,47,5
4.1003819333691993,94,95,45,0
6.0220632949508976,94,94,52,3
5.3241871138836201,90,90,45,0
3.9499610107909047,94,95,46,1
5.2176007680586549,94,94,49,4
0.1126917372708929,94,94,57,6
1.5983128277868421,92,93,42,6
2.0650544925779140,92,93,56,6
6.1713772267432709,92,93,55,3
0.3579439581891856,92,93,47,5
3.8509723613798621,96,97,51,3
0.4970158053368851,94,95,50,5
5.2684539957453493,96,97,45,5
0.5900602116899342,94,94,52,3
1.7093152443053612,94,95,48,7
2.2409350031958479,96,97,56,4
0.7985919059822832,94,95,46,3
0.5684904831014566,94,95,55,2
6.0456721023349100,92,93,51,7
6.0282946178781254,100,100,49,3
6.0450069930313015,94,95,58,5
5.2706585349392485,92,92,56,2
2.2793631484137502,96,96,46,4
3.8563484434002442,94,95,41,2
5.1424571834818433,94,94,45,2
1.5126443082296339,92,92,50,4
2.4675694334188094,94,95,51,6
1.3536331300886704,94,95,49,4
2.7833896719298687,94,95,52,7
4.0774421261701477,92,93,49,1
1.0335522760984248,94,94,51,0
5.4317738969413067,92,92,45,1
3.9722688620964104,94,94,42,1
0.1268653938050401,92,93,50,2
0.7584116309988590,94,95,57,2
3.2386370826140545,94,95,56,3
1.7187848917785784,86,86,45,4
2.8014374800317587,88,88,40,0
6.0493496390825046,96,97,41,1
0.2598219456630321,94,95,53,6
3.4393030318335325,94,94,49,0
2.0920280256378772,92,93,46,4
5.5605595062463573,92,92,42,0
3.5814754045480277,90,91,44,3
2.5182886558601263,94,95,44,5
5.7072618254184375,94,95,43,6
5.7190398257098467,94,95,51,6
3.1069183379162246,92,92,46,4
6.0558529801402186,94,95,49,2
2.1458257909353491,92,93,47,3
2.2820879672925982,92,93,51,7
1.8583530340954035,94,94,54,7
3.5052490418888023,94,95,48,3
2.0626837075800939,92,93,54,0
0.9106416171544539,90,91,44,7
5.1869939415703383,96,96,48,6
4.4195672024764630,94,94,51,0
0.0444944960887038,94,95,52,7
3.9402482451088474,92,93,53,5
2.1494942447449739,92,92,53,5
5.0183808296026475,94,95,54,5
6.2777321279691556,90,91,36,5
0.8581483384530700,94,95,52,7
3.4744223670048777,96,97,47,7
1.2428521270343316,94,95,47,2
2.5643324407054777,92,93,46,6
2.6543758390311889,92,93,51,3
1.3464373496463431,96,97,57,1
4.8439152395947556,96,97,54,4
4.8748972839011468,92,93,48,4
2.8439755433186540,96,96,46,6
3.9694448899617183,90,90,52,7
3.3201828331654353,90,90,49,6
4.3556928625637381,94,95,48,3
3.5370693545790584,94,95,54,5
4.0847899958487783,88,89,49,7
4.1315778677280139,92,93,42,0
6.1906697996644606,94,95,47,4
3.3242864042186655,96,96,51,5
3.3649896074658363,92,93,53,5
0.2387121520509779,94,94,45,4
5.2772402602936550,94,95,35,0
4.2996618958266728,94,94,61,0
1.8767981433073819,90,91,50,3
1.1337962743174983,94,95,47,4
6.0621760737314148,94,94,51,4
0.3155713225505711,94,95,42,1
3.7787514129132580,92,92,46,6
4.3025039700117533,94,95,51,4
2.2043709509646003,90,91,49,0
0.1644043245212984,94,95,43,4
4.6037070816375980,96,97,54,2
1.7427626637901015,88,89,43,3
3.2262845682730616,94,95,40,7
3.7223005107037603,94,95,51,0
5.6733214511553864,94,95,39,6
1.7087376217351786,96,97,42,4
0.0059555655546034,94,95,53,6
1.8148837906216058,90,90,50,3
3.5056521412003456,92,93,48,2
2.4951868296384729,94,95,55,0
4.8187849778779421,94,94,52,3
0.8663304646711038,94,94,54,1
2.3665888434772309,92,92,46,4
5.3612816338145493,94,95,60,1
2.7494278651062345,92,92,39,7
2.5171304784455759,94,95,56,1
6.1511093209156824,94,94,48,7
2.1741526197112289,94,94,53,0
1.2818837238104051,94,95,39,2
2.3829406669916797,94,94,42,1
1.1295702772806433,94,94,51,6
6.0955412719567237,94,95,51,4
5.9534337553026786,94,95,52,7
0.7864357500078445,94,95,50,7
1.0054863611464944,90,91,46,5
0.6703314300550814,92,92,38,2
1.5224086119043845,94,95,47,6
2.9232092105739107,94,95,53,0
4.1754060944118621,94,95,42,1
6.2114906339521241,96,97,46,6
0.3688806494226847,92,92,40,4
2.0985846453134060,94,94,40,1
1.9207944080400030,94,94,53,6
3.9777497832788811,94,95,50,7
6.0581094464899126,94,95,37,2
0.6033379142552823,94,95,51,4
5.7556199140226871,94,94,56,5
4.4804446497946113,94,95,52,5
4.9145483768351728,96,97,47,5
4.1475156606293773,92,93,49,1
4.0315851767238540,96,97,57,3
5.1900159709093785,94,94,49,2
0.6325217414919939,92,92,52,2
5.1895216850711403,94,95,45,4
4.5729117835486734,94,95,40,3
1.9558968357946513,92,93,54,6
5.2098443095543079,94,94,46,3
3.3901003300744228,92,92,48,6
1.5321660543733955,88,88,41,1
3.9776846233393255,94,94,48,3
1.0781533424815195,94,95,55,4
0.8581863275200278,92,93,41,3
2.0292327711745752,96,96,56,2
3.0516626156938580,92,93,47,1
0.3892451658331660,90,90,45,2
4.3603362139392523,92,93,52,2
1.0903392748627281,94,95,53,6
3.3398840586029701,94,94,55,0
0.6962945888049868,94,94,54,3
3.3457119410610772,92,93,41,3
2.3810229329130599,94,95,56,5
2.1024602452672254,94,95,42,1
6.1993668370434847,90,90,45,2
5.0954110616306494,90,91,52,7
4.1639098600993352,94,95,45,0
2.3588321974546851,96,97,52,6
6.0798638413731778,96,97,45,3
5.6621783524652889,90,91,47,2
1.6539427553296064,94,94,48,7
3.5773441604785088,92,93,44,0
4.5162791013592631,92,93,45,1
4.4770798842070407,94,95,49,0
1.6247552490836323,92,92,45,3
3.0162463029992144,94,95,48,3
1.7110505260588198,96,96,47,5
5.5331220891159516,94,94,39,0
1.3147101263576708,96,96,36,6
1.6239046740741130,94,94,55,2
2.2241887004260814,94,95,49,4
3.7464009972813828,90,91,42,3
0.2759466176881992,94,94,49,4
3.0890394328667634,90,91,56,1
1.6412428900901641,94,95,41,2
1.5720835665461661,92,92,53,1
4.0340607988544823,94,94,43,0
4.9711214379496997,94,95,46,1
1.2470463253845463,92,93,55,7
0.1466865783457229,92,93,42,6
1.6194185924600473,96,97,45,5
4.8193130841011751,94,94,50,5
2.8958543690817127,94,95,53,6
5.8295719687689376,96,97,57,7
3.2993044103721134,88,88,42,2
1.2398808368129561,92,93,42,6
3.9388940721402066,94,95,48,5
1.7827183548382786,96,97,50,2
5.1596013702679366,94,95,50,1
0.6039480130350320,94,95,51,2
2.6861947554233709,94,95,53,4
1.6900180180793887,96,96,47,5
2.6713588386652116,94,95,49,0
4.7942429877414972,94,95,44,5
6.2807978718743938,94,95,48,7
5.1985890960225909,88,88,46,6
6.0412724622165515,94,95,48,7
3.4445049663831226,92,93,51,1
0.6465071910809141,94,95,56,3
1.5068334685973306,94,94,51,2
2.3403950830081182,94,95,53,6
1.9741530277417823,94,95,55,6
2.7137718077446058,94,95,53,0
3.2282405064483646,94,95,45,6
1.8176752175843991,94,94,49,4
3.3476573473437434,96,97,55,3
0.9500304735617900,94,95,47,6
0.4512475286122268,94,94,48,5
2.6186049505488875,94,94,41,4
1.4525248563314528,92,92,48,0
2.8677821083811774,92,93,46,2
2.5016365426119584,88,89,52,0
5.4629296840382722,94,94,57,2
6.1448966579246784,94,94,48,1
3.0133709453566513,92,93,48,0
4.5516230113357539,94,95,50,5
5.8281503805437227,94,94,50,5
5.8194580062842745,90,91,37,0
0.9458422617025768,92,93,47,5
4.3227194440579249,94,95,43,4
4.4395887457721646,98,99,50,1
4.2020656339684930,92,92,55,1
1.2077959530853828,94,95,57,0
3.2182363348683540,94,95,52,3
3.7576959334243885,94,94,43,0
0.5413088346315453,90,90,43,4
3.1120403586303325,94,95,47,4
3.7881481377676094,94,94,46,3
0.3223678083018584,94,95,46,1
5.4184641711866188,92,92,46,2
4.2330203821392915,92,92,50,6
4.3127557780311845,94,95,61,0
3.5761759206215569,94,95,47,4
2.4510849755497004,94,95,49,2
3.6167753938472882,96,97,56,6
2.1567284094888008,96,97,51,3
5.7995507126115298,92,92,55,5
4.6896344454671386,96,97,43,7
5.0620048454589339,94,94,49,6
4.0230240222891736,96,96,50,4
2.2100950381592948,96,96,48,6
2.7973815624104899,92,93,40,4
3.2650983090021386,94,95,51,4
5.3519942816827619,92,93,40,0
4.6933255181103686,96,97,43,7
5.2527045782847139,96,97,50,0
0.8985947742715286,96,96,51,3
3.3997698759904638,92,93,50,6
2.2371991720855049,90,90,41,2
0.4822719539852195,94,94,49,2
3.5758115598422791,92,93,52,6
3.1715251898292767,92,92,43,5
5.7970554008559514,92,93,52,4
3.2580704519459558,96,97,44,2
2.0282731839545547,96,97,50,0
1.1944409023223475,94,95,46,7
0.7338539762977534,92,93,42,0
2.8685140354791288,92,93,36,0
1.8030591482217013,92,92,45,7
4.2669300894652329,94,95,44,7
0.1141828495766973,94,95,47,4
4.0084282929715949,92,93,46,4
2.9111922131555406,94,95,50,5
3.9142093641938529,94,95,56,5
2.8748357567268514,96,96,43,5
3.3156407209233851,94,95,47,4
3.8145753055362155,94,95,53,0
3.3173762605534063,92,92,55,1
2.4421561003127206,92,93,37,5
0.2439211038698368,92,92,41,5
0.0998469832115243,94,94,48,5
5.8874095012765846,92,93,47,7
2.8082583875877272,94,95,45,0
0.1507239242076877,92,93,48,2
3.8861453268995509,92,93,43,7
5.2235193879067312,94,94,38,1
5.4415713862697386,94,95,49,6
1.8449556808343381,94,95,53,4
5.7077494340925830,94,94,47,0
0.6984001188322411,94,94,40,5
4.1140039540826896,94,95,38,1
1.5127100137446907,94,94,43,0
6.1583175468543496,90,91,46,1
4.0480422757261083,90,90,39,2
0.2279577469596435,92,92,48,6
0.7336898277538834,90,90,47,2
1.3283322440806662,96,96,48,2
4.4574351680966267,96,96,54,2
4.8769636188412582,92,93,50,2
2.7756283779539124,94,95,56,5
0.0303373679888038,94,94,45,0
5.0969645856809871,92,92,53,5
3.7168431174083367,94,94,53,0
1.5777696921721012,94,94,58,5
2.8267701228985644,92,93,48,6
5.6003301502417218,94,95,47,2
2.1082154754086040,94,94,50,5
3.7169588772774009,96,97,54,2
1.1147735954928988,94,94,50,5
0.9746078849569398,90,91,55,6
4.9550659289526626,92,93,43,3
2.0361655849342997,92,92,55,3
5.3552482092365219,94,95,46,5
5.5036705342669787,92,92,48,2
5.4464605753104145,88,89,45,5
4.2817029866501413,94,95,52,5
1.9201983910237690,96,96,53,3
1.9800347677908141,92,92,52,4
0.7911897473142334,94,95,47,2
1.3203689700662191,94,95,46,3
3.2279594202982622,92,92,50,6
2.7679235704039171,92,92,45,3
0.5300443082566859,92,93,48,4
4.8905466309144865,92,93,49,7
3.7714178571739194,96,96,47,3
4.6156767371565071,92,93,51,1
3.1321639586503647,94,94,50,1
3.6756275251638457,94,95,40,5
1.4906159496836242,92,93,52,6
1.3350095086534532,92,93,44,2
2.3408204018272736,92,92,40,0
2.9371610460232418,94,94,52,7
2.9319440423010770,94,95,53,0
2.1535260986852944,94,94,54,7
6.2797804774944668,92,93,53,7
6.0604627324352522,92,93,45,7
2.0745267152566003,94,94,43,4
1.4948653901530204,94,95,45,0
1.6921605634188610,92,93,54,6
1.6512484720071099,94,95,42,5
3.7126480484535342,92,92,44,6
1.2325337828658181,92,92,52,6
4.0860506464986859,90,91,45,4
4.9520865865548966,94,95,54,5
6.1333511544063137,94,94,42,7
5.5772058875178843,96,97,50,0
4.9326364893757741,94,95,50,1
6.0797103900767189,94,95,52,7
4.9709592166780512,94,94,46,3
4.1124990379258106,92,93,50,0
0.3974721314379037,94,95,54,7
0.3439206211677204,92,92,47,1
3.5066738652594940,94,94,46,5
3.1901537362163892,92,93,45,5
4.3984346368234668,94,95,49,0
1.3458195771468293,96,96,44,4
3.8198324576238067,94,94,39,2
5.1766465656630505,92,92,48,2
5.7546801554951044,94,95,53,4
1.9048906396378624,92,93,44,6
1.7665924001022157,94,95,52,7
0.9834015706938571,94,95,58,5
2.8384067561004613,90,90,48,1
3.5825987079406083,92,93,42,2
1.1471325890687505,94,94,36,5
4.1887877087131917,92,92,51,7
5.8186246899141736,92,92,57,3
0.2551528564618330,90,91,57,2
2.5239927674048404,94,94,44,1
0.0538821212851219,92,93,48,2
4.7142402836120656,94,94,54,5
0.9428845698803991,94,95,49,0
3.9649655573895690,90,91,45,6
0.2208188041318015,94,94,51,6
1.7651073562900255,92,92,50,2
5.4059883455267990,96,96,51,5
2.0524292351069229,94,95,49,6
0.1671211915272751,92,93,48,0
2.8522117760994687,92,92,48,0
1.4820053010257510,94,95,51,2
2.1435408140061698,94,94,45,4
5.7556271021681322,94,95,41,6
0.5816647421123634,94,95,47,2
2.9752492166713034,94,95,49,4
5.2844348648961006,94,95,46,3
1.3713141076534852,92,92,54,4
3.0252971489511835,92,92,47,1
0.0886575262473208,94,95,49,0
6.1538730000456283,94,95,53,6
2.0944203594290953,94,94,45,4
0.7847546986197039,94,94,52,5
0.7915819199361713,94,95,45,4
2.3457614442710537,94,95,58,5
2.1162647428037840,94,95,53,2
5.0324258360664134,94,95,52,1
4.1362316650594604,92,93,50,2
4.7978420724144506,92,93,39,3
2.5735908839311414,94,95,44,3
0.4242264749865708,94,94,48,1
4.8390564319883165,94,95,53,6
6.0582674792397437,88,89,46,6
3.3181114448190958,94,95,45,0
1.1814771537775743,94,94,48,3
0.6281193184054522,90,90,45,2
3.8050934087480961,92,93,52,0
0.8791764098783090,94,94,54,3
4.7619439944220838,94,94,53,4
2.6337791356146112,96,96,52,6
2.5553886223037088,92,93,45,1
2.4171456280676553,92,93,46,6
2.7117741128504327,94,95,43,6
3.9505810936770196,94,95,56,1
5.1672174109201947,92,93,38,2
1.7257712450568337,96,97,49,5
3.7687944234930333,94,95,51,6
1.8696498312881245,90,91,54,5
5.2887144207926227,94,94,54,1
0.6372277893312177,94,95,56,7
3.6656225908042219,94,94,45,4
3.9054325652378115,90,91,46,5
2.0115315020949547,92,92,47,7
3.6631028829122942,90,90,50,1
1.7612631129055007,94,94,46,7
3.0649642896488798,94,95,48,7
2.9737000206007389,94,95,44,1
5.1905037012183728,92,93,40,2
5.0517095812661239,94,95,46,1
3.8801780902464755,94,95,47,6
4.4683739763643473,92,93,50,0
4.1502259127461825,94,94,53,2
0.8678494784964266,92,93,57,5
0.2387212276802099,92,93,51,7
1.5150088382859850,94,95,41,4
3.0477602482590131,92,93,50,6
5.2750638273848702,92,92,38,2
1.2055845920620127,94,95,40,5
0.6074857280519005,94,95,54,5
2.4692468120478623,94,94,51,0
5.0923899161377699,92,93,46,6
1.0662779142109768,90,91,56,1
4.8592767942409054,88,88,41,3
5.2986422336687378,94,95,43,4
3.8990404141305706,92,93,47,7
0.7358911367307830,94,95,52,3
5.2612794629880950,94,95,42,7
2.8487089372195786,94,94,43,6
2.5946483171519228,94,94,57,4
1.8881983174774872,94,95,54,1
1.4016463163143207,94,94,50,7
6.1100792499396865,90,91,53,4
2.0235657698618281,92,92,46,4
1.1517276544040878,96,97,46,0
2.7499762234156804,94,94,49,0
0.6760215491092424,96,97,48,6
4.6665858040612891,94,95,54,5
2.5923744622477107,94,95,57,2
0.5422568729291368,92,92,44,6
2.7638317417730498,94,95,44,1
1.0637303099920365,92,92,52,0
3.6980416952528667,92,93,45,7
3.7419437563110050,94,95,47,0
3.8476728017603521,94,95,51,2
4.5278040153390746,94,95,48,7
4.5395523980143331,98,98,52,1
0.9347149241981492,92,92,52,4
1.3909754202741353,94,94,43,2
5.2230205309232733,90,90,38,1
3.2212558820032564,94,94,55,6
0.4037061385335713,94,95,43,0
2.0463293386682677,96,96,49,5
3.4066624074402094,94,95,55,4
1.7071956940041335,92,92,55,1
2.5837348192797078,96,96,46,6
2.6131523281762075,94,94,47,6
6.1643653229345841,94,95,43,2
2.8267956661071412,96,96,53,5
1.2263226892113177,96,97,49,3
2.0378439462286377,92,93,47,5
2.1148974667230829,96,97,51,1
0.3686659308418039,94,95,43,2
5.3478187911309556,92,93,44,6
0.0863930129181889,92,93,55,7
2.4917263744666962,92,93,49,7
4.9693051168537776,86,87,47,6
2.9044290208328154,92,92,51,5
5.5495531132457767,92,92,50,0
2.9309507944311179,92,93,50,4
5.8615689963094928,94,95,48,3
2.5062531232887393,96,97,52,0
1.3544918017424989,94,95,50,7
4.6315261733142306,94,94,48,3
0.5780193263062464,94,94,54,3
3.0983972980472654,96,96,47,1
6.1082815751376733,94,95,45,0
0.7334064391880768,94,95,39,6
1.2677880316790853,96,97,46,0
4.6809438572662669,90,91,44,1
0.8522940667800994,94,95,48,7
1.0133955750358628,92,93,38,6
0.5782641247585408,94,95,40,7
2.8927883058242969,94,94,45,0
0.0963661669518958,90,90,43,6
2.9390604455460476,90,90,52,5
1.1579904617128178,92,92,50,4
3.2940885334996235,96,97,46,4
4.0755645641862914,94,95,57,0
0.0122633193094341,90,91,45,4
1.7351754977575951,94,95,49,6
6.2782850763829066,96,97,58,0
5.4217161687943367,94,95,46,5
0.3723121479761919,94,94,51,6
3.4866702237177241,94,95,50,5
2.9815203863702919,94,94,44,1
5.6355001804398421,94,94,52,5
1.4649718544952497,88,89,39,1
5.0606887875410909,94,95,45,2
1.3270874302006559,88,88,55,3
2.6736250475090406,94,94,47,6
3.2816622910645994,90,91,51,4
4.3484911228202208,94,95,50,1
2.0964938042115717,94,94,54,1
6.0435554873823198,94,94,46,1
3.9797046827058078,90,91,46,3
0.5804827757421852,90,91,55,4
2.2721712194481425,92,93,52,2
6.0427455058968649,96,97,43,5
3.0058128513379327,94,95,62,5
4.2786996289309185,94,94,63,4
0.6670754481367989,90,91,46,7
0.6263692882595668,92,93,43,7
2.9495429053774442,94,94,44,5
0.7294298057401337,92,92,51,5
5.8395184780002811,94,95,55,6
4.6434076292137592,96,97,48,6
5.9257509852051475,92,92,47,7
5.3681734194016011,94,95,50,1
1.1518493343691258,92,93,47,5
3.9132945566288093,92,93,48,2
4.5680700126395424,94,94,55,0
0.0590701234971017,94,94,45,6
1.9798829035355940,94,95,50,7
1.0785301453338267,94,95,50,1
4.4700660007973072,94,94,48,5
6.1968618689109158,96,97,47,3
4.1333841069868607,92,92,43,5
4.4885141242601865,92,93,48,6
1.9332634482830773,92,93,47,1
1.5461034360037866,92,93,56,6
1.6660347296663673,88,89,48,2
4.8470571215693203,92,93,48,6
2.6401946175929378,94,95,55,4
5.9526540758996598,94,95,57,2
1.1190960013004734,94,94,44,1
2.7595540918649011,94,95,56,5
1.4699081314740157,92,93,43,3
5.9770174533939420,92,92,55,7
5.2750335897517511,90,90,48,1
0.7589236801796642,96,96,51,1
1.0046439942554721,92,93,56,2
2.2204871671753375,94,94,48,7
3.8617823554708655,94,95,44,3
3.9994611563275435,92,92,41,5
3.9796749241375338,94,94,45,4
4.9287944481499171,94,94,57,4
2.1468811416179872,94,95,54,5
3.7180003686953662,94,95,50,7
0.6235380247729274,94,95,39,6
1.0859607959491349,92,93,53,3
0.6146952380066870,90,90,44,3
6.1056388308938692,94,94,39,0
2.4316973977922793,94,95,46,5
5.7332181191848521,90,90,49,2
5.7956245922306087,94,94,46,1
2.8842518024287318,90,91,48,1
0.8421639338966566,94,95,57,6
3.3257046697441108,98,99,47,4
1.8023330755520477,90,91,45,6
1.1255041358190740,94,95,46,7
4.3249667871160327,92,93,46,6
3.0454969634968889,94,95,47,6
3.8120669984306210,96,97,54,2
5.3157858558751609,92,93,51,1
1.9353321096148646,94,95,57,0
3.7603036413072806,90,91,54,1
5.7209851146705457,92,93,47,5
1.0377009949442091,96,96,46,0
0.8529505246927779,96,96,47,1
1.0727830571838626,94,94,43,6
5.1555111699586629,94,95,49,0
4.4682733646799280,94,95,52,5
3.0892338395432626,92,92,49,7
6.1597800656259789,84,85,46,4
3.7060462862860835,96,97,51,7
5.4973763975211911,94,95,46,3
3.3028564201915529,96,97,62,2
1.2942749756299310,90,90,37,4
5.3757378209706737,90,90,43,2
3.3964443413416050,92,93,54,6
0.3885530147425083,90,90,48,5
4.1105182495833894,94,95,47,6
6.1835467136494531,94,95,46,1
4.7193601301518857,96,97,52,6
0.5719954646621626,94,94,54,5
4.3038276502009412,96,97,44,2
0.8359866633683083,92,92,49,7
2.0650689953242436,94,95,52,7
1.1272095369264050,90,90,47,6
2.3825994869772704,94,95,48,1
5.4343825594627324,94,94,46,3
2.7439406746294872,94,95,48,5
5.1023409013296916,94,95,39,4
5.4057446960351161,92,93,47,7
5.4491783927021249,92,93,47,5
2.5605886831220617,92,92,44,6
1.4652498611292879,96,97,54,6
2.4417218512782126,96,97,50,0
3.0671178687723772,92,93,59,3
0.7596574170350987,96,97,59,1
0.6447310546073290,92,93,42,0
4.9765216291479097,94,95,49,0
2.6659942831113690,94,95,50,5
6.2517854120605989,94,95,53,4
2.4433194105060458,96,97,46,6
2.0563051813154036,94,94,47,4
5.4415423970472157,92,92,42,6
5.4380857793829600,98,99,44,7
1.9097090160673789,92,93,52,0
2.5852967859983478,90,90,45,6
2.9405906144284537,94,94,40,5
5.1867739566650846,94,95,49,4
1.8483068440893395,94,94,47,0
0.5590578494199371,92,93,38,4
0.9866386502357418,94,95,53,2
1.8697645114319994,92,93,52,4
0.1657288306995705,92,93,50,2
5.0099680625386673,92,93,45,3
0.5928810289018740,92,93,41,3
5.0430168086172644,94,94,48,5
1.3216904744690388,94,94,45,6
1.6656809766493528,96,97,41,5
0.6325281982906211,94,95,54,5
0.2889666994363772,94,95,51,2
1.2837824118929726,96,97,50,6
2.6024809253201915,94,94,43,0
1.6592658866865251,92,93,49,7
2.0083544462137315,94,94,51,4
4.0613428122429900,96,96,49,3
3.5557590386480871,90,91,53,0
2.5944644191394231,94,95,52,3
5.8830113488667024,94,95,49,4
0.0335039053343164,92,92,42,2
1.2154640388694102,94,94,46,1
3.4922531410253637,92,93,54,6
4.4928971417243426,96,97,50,6
5.7791877187400846,94,95,44,5
0.4950586896433018,92,92,51,7
3.7769938441089739,94,95,47,2
4.6018733651065382,88,88,44,6
1.8325882981635730,94,95,54,3
1.4459297236956778,94,94,49,6
4.8357127454268864,98,99,47,0
5.8457556454840622,92,93,47,1
5.6720663507126261,92,93,45,1
1.9813672278297889,92,93,48,6
4.5376927015509336,94,94,52,5
6.0472811826738306,92,93,45,5
6.1119292449066744,90,91,52,3
2.2115112146220861,96,97,61,3
4.0279990652634927,94,95,57,6
2.7368366624891172,94,95,57,2
0.0190125719546220,96,96,52,4
5.5764901478104383,94,94,51,4
5.6498758629963994,94,95,47,4
3.4216260085063626,92,93,43,1
5.4209648737825598,90,91,45,6
4.9303809989285767,92,93,45,5
6.0585749174349157,92,93,47,7
4.0893073412272276,94,94,52,3
2.9429514274213866,94,94,47,6
5.7409556407800979,96,96,43,7
6.0406130744380766,94,94,54,1
0.8679224823513397,94,95,53,2
1.5669902665888511,88,89,41,5
5.6457047584728421,94,95,54,7
4.8076316892709166,90,91,41,2
4.6352116887986847,94,94,53,6
0.2382634650618019,96,96,45,1
3.1418250856695584,94,94,57,6
4.6601981929951304,94,94,56,1
0.3897844026796930,94,94,47,2
5.0402055907166767,94,95,46,1
4.7166922964535845,92,93,44,0
4.1909909549864794,92,93,42,6
3.1808381317492778,92,93,46,4
0.1090415657330611,94,95,50,1
0.0755758357720356,92,93,51,7
0.2105060694024038,92,93,46,0
4.6502502476135090,94,95,40,5
4.9653172142741910,94,95,57,4
4.0016145613640042,94,94,52,7
0.9103569523886742,94,95,48,3
1.4277798421861210,94,94,50,5
2.5449671056855174,90,90,49,2
5.3329818140282210,94,94,51,4
4.5580180246227187,92,93,45,3
3.1721779998265700,88,89,45,3
1.3594870387775495,86,87,51,0
5.7025451741859330,92,93,55,1
2.5297769326165285,94,94,39,2
5.1196701582065334,90,91,47,2
5.4972245392429500,92,93,44,4
0.8395521849224304,94,94,49,2
4.7883885089540650,96,97,55,3
3.6142208354822261,92,93,44,0
3.8313950612225955,94,95,50,7
2.0788605801886697,94,95,53,0
6.2260697082278798,92,93,48,4
3.4381540482803365,94,95,40,5
5.7479302697592569,94,95,51,4
6.2669238954699686,94,95,52,5
4.1607599887205042,94,95,47,0
4.5544481206882628,94,94,50,5
1.3037366776568193,92,92,38,6
5.7565649257267593,92,93,51,1
3.8234908277088349,94,95,50,7
5.3464023107155318,92,93,37,3
1.8187682797517761,94,95,64,5
3.5105595931727036,94,95,51,2
2.1989031016029896,92,92,53,5
2.7440301153570927,96,97,54,0
4.7108026352622403,90,90,47,0
4.4801230432841148,92,92,47,3
3.9758390483965931,90,90,44,5
1.4795582312231925,94,95,46,5
3.9512073921255682,92,93,52,4
6.1373046784295733,94,95,52,5
2.9822930320788470,90,90,49,2
2.6936844729176901,92,93,40,0
3.8601290022502934,92,93,39,1
3.4379656537514118,94,94,44,5
3.0657282470865312,92,92,54,4
5.2777699560098386,92,93,44,2
4.1275563557244812,92,92,47,1
3.6745938354633991,94,95,58,3
4.5331859533173695,94,95,46,5
4.1731085416450329,94,95,51,4
0.3533149354173145,92,93,47,3
1.6040832985410465,94,95,51,2
1.9557842995874823,94,94,52,3
2.4811282091570988,96,96,59,3
3.9296435948944501,90,91,46,1
4.2687690327118508,94,95,43,6
0.4010049922975478,94,94,54,1
2.4242588564194447,94,94,45,2
3.6383608509123020,94,95,43,6
5.2817046856303511,92,92,53,7
1.8328377645558966,94,95,42,7
6.2414293936715302,94,94,44,7
2.5584554765849328,94,94,44,3
5.9683277259625402,90,90,52,1
5.0858860287954446,94,94,39,2
4.4955243325653296,96,97,51,5
3.3462408274168274,96,96,66,0
0.1993787333695581,90,90,53,6
1.4763913859225986,92,93,50,2
1.5574481918873666,88,89,54,6
2.7695758838409672,92,93,46,0
4.8076140359670942,94,95,53,4
4.8610665488877167,94,94,47,6
1.0079434013044810,90,91,43,0
3.3286557402914858,90,91,41,6
5.9320403275501210,94,94,45,0
2.7498590875759343,94,95,49,2
0.1730109723140220,94,95,52,3
5.6634429056315048,94,95,39,0
3.1327174934612496,94,95,41,0
4.8100204379659326,96,96,54,4
5.6072312262758199,92,92,43,1
5.3303287993069874,94,94,56,1
1.9129635581296465,92,92,54,6
4.1397745153032552,92,93,45,5
5.3803009483294435,94,95,39,4
0.0838606012971104,94,94,48,5
6.0899379666782076,92,92,46,6
2.8004510397527742,96,96,40,6
2.8176696139635529,94,94,40,5
5.7993280585861697,94,94,52,5
2.3076420729399763,88,89,44,2
2.1285635619914851,86,86,48,1
3.9040395063766202,92,93,46,4
5.9673378648209034,90,90,48,1
4.1000118131591270,94,95,47,6
3.1820997120895274,96,96,46,0
0.6438084794677372,90,91,49,6
2.8933237885958292,88,89,41,3
5.4582501909038541,92,93,43,7
0.7060631738916789,96,96,53,3
4.2423410026858317,94,95,51,0
1.6947126313036578,92,93,50,2
3.8398901200630906,92,92,41,7
1.0336363035381633,94,94,51,6
3.2359702315107217,94,95,53,4
5.2375480573179711,94,95,53,4
5.5847612029753630,94,95,56,5
1.0811055072268700,94,94,50,1
4.1653359618613424,94,95,54,1
3.8366778581610350,92,92,58,0
0.8004490883429143,94,95,46,7
2.7687279249877053,96,97,51,3
3.2701993029131549,94,95,48,7
5.9565897217876760,92,92,39,3
0.4343492789762301,94,95,46,5
6.2722297360196855,94,94,51,6
0.6631696291629602,94,95,54,3
2.0993487878855444,94,95,54,7
2.0049085055361910,90,91,52,1
4.3811467842713503,90,91,43,2
0.2992976026765604,94,94,48,1
5.8127626231109737,92,93,51,1
0.8476133406344463,96,97,51,5
3.8855783758456184,94,94,49,6
1.7570086909592664,92,93,48,2
5.0114414631733659,88,88,44,4
0.9621397015611198,96,96,52,4
1.4184829657624056,94,94,52,5
3.9198175815595926,92,92,33,5
6.0303237844568613,94,95,49,0
1.0468286692208051,92,92,48,0
5.2594074446768317,90,91,42,7
1.3997071018302143,94,95,45,4
2.2952117026372614,96,97,45,1
5.4117767483729002,94,95,46,3
0.1230029721522565,92,93,44,4
1.6485909343548677,92,92,46,6
3.0733087425771410,92,92,52,2
1.9066798225724093,96,97,47,1
5.4422367265151150,92,93,44,4
5.0112277830119671,94,95,56,1
1.7923311883979356,92,92,55,3
4.0896372747811771,92,93,52,0
4.2216503946741586,94,94,51,2
3.1535581856949926,92,92,48,2
0.4032365735050892,94,95,48,7
5.2158502870432519,92,93,53,5
4.0655431998204534,94,94,49,6
3.1820478679982518,92,92,45,7
3.5733595558005149,94,94,40,1
3.2442409116550559,92,92,47,1
4.8452064122573031,92,93,52,0
3.6018195122251626,92,93,50,0
4.7063869011465078,94,94,50,1
3.2694213512413959,90,91,52,3
3.5122770859814771,94,95,47,2
5.6065073271207648,94,94,54,1
0.5100046442593045,92,93,41,3
0.4448994155202054,86,87,46,3
0.5931516192686271,90,91,52,7
4.2487117160973842,94,95,51,2
2.2189135422309079,94,95,45,0
0.6501094676189084,94,95,54,5
0.0304245293140099,96,97,51,5
0.6277845551551331,92,92,41,1
4.2342055199000157,94,94,51,0
5.4005844069782736,92,93,55,5
1.2276571722327505,96,97,39,5
4.7537778909820405,94,94,56,7
0.6200933918306621,94,94,46,5
2.4663355124148909,92,92,48,6
0.9175937955077732,94,95,50,3
6.0645472136659961,96,97,57,5
3.5946648576899149,92,93,43,7
3.7353757253564712,92,93,45,5
0.5306901526062240,90,90,52,3
2.0411324602540195,94,94,46,7
3.9143202364290728,94,95,50,1
3.1395639374494508,92,93,47,7
0.9903784477538142,94,95,55,0
3.3106853811529837,94,95,45,2
5.0212866412504740,92,93,54,6
5.9726670647117173,90,90,45,6
3.9252626439640181,94,95,47,0
5.1846025986366495,96,96,55,7
4.0044877228662026,92,93,45,1
0.8001603636524142,94,94,41,6
5.0804381477657099,94,95,50,7
1.2287564035518281,90,91,51,6
3.7443323473527252,94,94,51,4
3.2053320890573085,94,95,49,2
4.1154980659705647,94,95,40,3
4.4449803569889133,94,95,51,0
3.9192881110489628,92,93,42,6
0.3602249869830023,92,93,45,3
5.9799858849549761,92,92,50,2
5.2616008467263828,94,95,45,2
5.8218705405158921,96,97,52,4
6.1525871741892137,92,92,50,6
2.3955018327975077,98,99,49,2
3.3645984344675375,92,92,53,1
1.4073318061538076,96,97,52,2
4.3220422512821886,92,93,56,2
2.0576078975710144,96,97,56,6
5.0403188000540098,94,95,49,2
1.5833132370579455,94,94,38,5
4.6104141143106272,98,99,39,6
2.2986859285249928,94,95,55,6
4.1653062662933378,96,96,58,2
4.8058424138364240,90,91,52,1
2.9006319318356764,92,92,52,6
5.2813028920796263,96,97,48,4
4.6504007733282400,96,96,49,7
4.4386540889497184,92,93,46,4
4.2078588662072116,90,91,53,4
1.0382138746538954,94,95,46,7
3.1622284310862918,94,95,53,4
3.1942110859489072,94,95,51,4
1.3152345927423319,96,97,47,5
2.5200263686567959,92,93,49,1
4.0559555671238430,94,95,44,7
3.5406447117503377,94,95,42,3
4.2399411385692236,90,90,46,5
5.8377516535735516,92,92,42,0
5.6796633638889524,96,97,42,2
5.9822827015058850,94,94,46,5
0.2786077188618486,96,96,49,3
2.7415123820520044,90,91,50,5
