theta,t_count,h_count,s_count,w_count
3.7929714904050851,96,96,54,6
5.7279231792647556,92,93,44,0
2.8255193885193428,100,100,51,3
3.1563852424737866,98,99,55,4
1.0334638663715736,98,99,51,0
4.0412375059003791,98,99,43,2
5.1134080394197134,100,100,40,2
3.2128267906209205,94,94,53,0
1.5382699081110449,100,101,54,4
5.1111515059905628,100,101,51,1
0.8532584106453648,98,98,54,1
0.6499212333219206,96,96,50,0
2.6410001205459319,100,101,48,2
1.4191013508281691,98,99,43,0
1.8080796416317519,98,98,54,3
1.9651873311362011,100,101,54,0
1.9888823889558542,94,94,40,5
2.7613845017983625,98,99,43,6
0.5712389779941377,96,97,51,7
3.0970676292017441,98,98,50,7
5.1073206130832194,98,99,55,0
0.8887004082372173,98,98,47,0
1.6199395516051169,98,99,46,3
6.0688603869307114,98,98,46,7
4.9591680106709557,96,97,58,4
2.7465089838452701,100,101,53,7
1.3297883449164247,98,98,60,5
5.5265765754335670,96,96,50,4
5.3860125026195975,96,97,52,6
5.3710967845705770,100,101,52,6
1.4072887800671399,102,103,43,0
6.1030432617123829,98,99,50,3
2.9931555706649875,94,95,43,2
4.8925374553657912,100,100,46,4
4.6330508320804862,98,99,52,3
5.9684365188238946,100,101,52,2
1.0179751438096352,94,95,42,3
3.2047338265992629,96,96,49,3
3.4036797824999638,94,95,47,4
1.7023510926138645,100,101,49,5
5.5884285378284488,96,97,52,2
1.9359484653452743,96,96,50,2
1.2610660706624457,98,99,47,0
3.6374086275184507,100,100,50,2
4.2714845646625044,98,99,49,6
5.4921867366476027,98,98,50,7
3.5976268249960648,96,97,57,5
5.3293358835758564,98,99,52,5
4.8701973310766791,98,98,55,4
0.3876434503827654,100,101,46,0
4.5967662353152505,100,100,50,6
5.8787875297447192,98,99,42,7
6.1135169868602697,96,97,54,2
4.9176526844932962,100,101,55,5
0.2580630811386844,100,101,55,5
5.4458778509111241,92,93,42,0
5.3552730421989381,98,99,54,5
3.9339075613105723,94,95,53,6
5.4038353767813323,100,100,47,7
3.7353401167959417,98,98,56,7
1.5759598086491748,100,101,59,5
3.5879625472914922,104,104,46,0
5.3844829684292419,98,99,44,3
1.1555350577144403,98,99,53,4
4.5965054534482599,98,98,53,0
0.7912367201276337,98,99,61,0
6.1509097837784203,98,98,44,7
5.5980415494357576,100,100,44,6
1.4008943674654362,94,95,43,6
6.1662436226740587,98,99,56,7
1.8758507849151460,100,100,45,1
5.9018998016205604,100,101,56,4
4.0953195074092736,98,99,50,3
2.4575834802108676,92,92,46,2
3.9932148849915441,100,101,56,0
5.1144884207056158,100,100,53,5
5.0890750601853254,96,97,60,2
4.5394510589074253,100,101,51,7
0.1663010714756294,102,102,49,0
3.4495917677535295,96,97,42,6
3.3955939842149636,98,99,48,1
2.9003473677278753,100,100,56,6
1.3113564818207517,98,98,58,7
0.6686167975589761,98,98,50,1
0.8705703884464366,98,98,44,7
3.5505187767837088,90,90,40,1
3.6076837215370561,98,98,47,6
2.2463171836160516,98,99,58,5
2.8581192357726692,100,100,64,6
1.8767932913190626,100,100,59,5
3.4881332995971510,98,99,48,5
2.2809778843193351,96,96,51,1
5.1830021295286155,100,101,56,0
6.0384794956944381,98,99,56,7
2.3718911954059863,100,101,56,6
3.0392179563054555,98,99,49,4
0.0351448694098568,100,100,53,1
4.8846107905113083,98,98,51,0
3.7884779229985592,98,99,53,2
1.6386616528018860,98,98,51,6
6.0186505200324660,100,101,52,0
0.6297874544365079,96,96,51,7
4.8689385836167069,96,97,60,4
2.9264978828466721,98,99,48,5
6.1158290555374348,94,94,50,5
4.5836670487774143,96,97,44,0
4.6508943131787532,100,101,54,2
1.9087926738670826,98,99,55,4
2.8129244880414794,98,99,45,0
4.5384946920459219,96,97,42,2
1.4305004546907796,100,101,53,3
1.2071385752809609,98,98,43,2
2.0513134416931638,100,100,54,6
6.2367308837128679,96,97,46,0
5.9189053065789334,98,98,50,3
0.5837750282721954,98,98,50,3
4.0447177030149088,98,98,50,1
5.6234110404748749,98,99,53,4
5.0955302293016720,96,97,53,5
4.2994053545043087,100,100,55,5
5.2290330698095788,100,101,48,6
4.7010308560320961,100,101,47,1
0.4685070189790637,100,100,52,0
3.9866178188180821,98,99,48,7
2.9738780281800858,100,100,43,1
4.7432107419987268,98,98,54,5
3.7887630831192478,96,96,46,2
1.9485275089006833,98,98,46,7
1.1067164434516237,100,101,52,6
1.6341321883608451,98,99,47,6
2.7082933819508415,98,99,54,7
6.1089394827646073,100,101,63,5
3.2486381932741599,98,99,48,7
0.9619482182837564,98,99,48,7
2.4264755657197759,98,99,48,1
3.1120309349099391,100,101,47,3
0.6171393025538616,100,101,47,1
1.0436444660231079,100,101,49,1
1.0414985706124413,100,101,51,1
0.9103319333802863,100,100,46,4
0.7044691837162025,98,99,59,0
2.7615515754486140,98,99,54,3
2.1957431360199635,100,100,54,4
2.9250200350365199,100,101,60,4
1.7225885338642972,100,100,55,7
1.9398858501969711,100,100,49,1
0.2987656543420324,98,99,46,5
3.0201695302242717,98,98,49,2
2.6310951002712022,98,99,47,6
2.8257016004640967,98,99,53,6
3.5020794145155567,100,101,55,7
3.8807573739586023,98,99,53,2
2.0662453023811684,98,99,45,6
5.4851189488743772,98,98,50,3
5.9777274598356840,98,98,49,4
4.4502051755063237,98,99,53,6
5.5748059147554256,96,97,54,2
0.6124825262421962,98,99,42,7
4.5653194471267833,98,98,54,5
1.7272429940022342,100,101,50,6
2.1696014478025543,96,97,54,0
5.4274127725788590,100,100,53,5
4.0505108346340233,100,100,37,7
3.1134397371858986,98,98,49,4
4.9844175988049582,98,99,47,4
5.3519420387197192,98,99,50,3
4.8432527761442303,98,99,50,3
4.6785637822684887,98,99,51,4
3.8753369693713733,98,98,53,4
0.8784451716149587,98,99,57,2
4.7617763282307326,98,99,44,1
5.0457173901322880,98,99,49,6
0.0841725220234900,100,100,50,6
3.7685305421545907,98,99,46,5
2.5855310254781090,100,101,51,5
3.4324533147387699,96,97,48,2
1.1166908951807717,100,101,57,1
0.3778291988523654,96,97,48,0
5.8937261428714391,96,96,44,2
2.3114008838196716,94,94,47,6
2.3906257388472216,98,99,60,1
4.6730827347227901,98,99,59,4
3.9580751003116843,88,89,53,7
3.4486631446419622,98,99,56,1
1.3744754136652770,94,94,57,4
6.2369683276676184,98,99,47,4
3.8398125001602681,100,101,48,2
4.9539555716000550,98,99,55,2
6.2060126630446408,100,101,52,0
3.4949717012771702,98,98,48,7
3.6793102412544343,100,100,57,7
3.9633399770106257,100,100,39,3
0.5680999393573665,96,97,54,4
2.7025743836122027,98,99,52,5
2.7696512305867698,100,101,49,5
3.0026957413457751,98,99,53,6
2.8665683708043295,100,101,50,6
6.1673336220206787,100,100,43,1
4.9094707873871961,100,101,47,7
3.1886602594557272,98,98,57,2
4.4964782971605795,100,101,46,2
1.3584136760755863,94,95,59,2
2.8010354232648242,98,99,54,5
5.1703571941908324,100,100,51,3
4.7897882075971800,100,101,44,0
2.7297980682098495,98,99,45,2
3.8632518388236843,98,99,45,4
0.9407841407890686,98,98,44,3
4.0732062803164553,98,99,53,2
4.9362636532631203,100,101,48,0
1.8021068294620299,100,101,57,5
6.0254252268258330,98,98,49,4
0.2244508673292127,100,100,64,6
0.2676724408397509,96,96,46,0
3.4324409743486202,100,100,54,6
3.0460571909812884,98,99,48,3
5.4630624834100363,98,99,52,7
5.5706686484265706,96,97,48,4
3.3324854197902791,98,99,54,3
0.8497592992313985,92,93,54,6
4.5527581987032475,96,96,57,3
4.9190871143813979,100,100,49,1
2.1092105089188946,98,99,47,6
0.8149764233317905,96,97,51,5
0.2023001375521952,98,98,49,2
2.7953316618600312,100,101,54,2
3.6933855981729100,100,101,56,0
0.3246121687925851,100,101,51,7
4.9848184866436771,100,101,46,2
3.1378084507700263,98,99,42,1
0.6705849452170947,94,95,49,6
2.0409154799755704,98,99,52,1
5.2575217850645437,96,97,52,4
0.8697307501097790,98,99,49,4
5.6702660156156872,98,99,51,4
3.6386830794371123,98,99,53,6
3.0730140806242288,100,101,43,5
4.6340096373887469,98,99,60,3
4.6644062315314674,100,100,56,4
1.9421142673145786,100,101,47,5
6.0035571830055963,100,100,50,2
5.5743534575696057,94,95,51,4
5.6635454898062028,100,101,57,5
2.7726577281067879,94,95,51,2
5.3363283753918864,100,101,45,3
4.5871556147584656,96,97,50,6
4.6413819458726797,100,101,56,6
0.4285723032774100,98,98,52,1
5.5602578168928227,98,99,43,4
2.6681834008188465,100,101,52,6
3.9036107611000750,96,97,49,1
2.4118140684939799,100,101,53,7
0.6723563841545385,100,100,58,2
0.2188153837863814,98,99,53,4
1.4231765995978694,98,99,52,7
5.9134255133882849,100,101,54,0
6.2045489703227625,94,94,44,3
5.9642422189457927,98,98,43,4
3.0535396467575193,102,102,54,1
3.1595835349886636,98,98,58,5
4.9928545519666052,100,101,63,1
3.1583089493322642,96,96,49,5
5.7402486580571210,94,95,49,6
2.5574465519786149,100,101,46,2
0.8077936533731145,98,98,57,6
0.4153370224606368,98,99,54,7
1.1312143732116031,100,101,47,5
2.4871985354219297,100,100,58,6
4.7857894314642397,98,99,54,7
6.0196851790168866,98,99,45,0
3.8304329423547845,100,100,53,3
1.4968565651594354,100,101,58,4
4.9319664832089680,96,97,53,3
0.9019788984431186,96,97,54,4
4.1211866828362194,100,101,53,5
4.4753241054630681,94,94,58,3
2.2072080680913473,100,101,53,5
3.5165626967321413,98,98,47,0
4.4080503991932973,100,101,60,4
4.9939053424858262,98,99,58,7
1.1659595949291861,102,102,58,7
1.8872359304266944,100,101,39,1
0.1874138050625456,98,99,49,4
5.4631014596915586,98,98,51,4
2.7075862932329637,100,101,53,5
5.6025290550993629,98,98,45,6
3.5733478109674572,98,98,39,6
0.8474197004243494,100,100,55,7
0.0059988360321864,98,98,51,0
2.9896201913570399,98,98,56,1
3.6069754017441027,96,96,50,4
2.9902813218432849,100,101,49,3
0.4416117077600213,100,101,44,4
2.5745677066499839,98,99,42,7
6.2326142153801047,98,99,50,3
3.2539213799895941,98,98,51,2
0.8264056899991044,96,96,53,1
3.5520967587317687,100,100,48,4
4.0502714944490599,98,99,59,0
1.1970450497868612,100,101,50,6
4.4912245060532809,100,101,48,6
4.3724539635323350,98,99,51,0
5.6527030256233077,100,101,53,5
0.3477091762796405,98,98,49,4
1.2280112860973216,100,101,47,5
1.1572843339113885,94,95,49,6
2.4085219760365448,100,101,58,4
2.7463545147122801,98,99,49,0
2.9827278027967998,98,99,50,7
5.0551542630236543,96,97,42,6
3.8305453284210027,100,101,41,1
4.4410345360778161,100,101,59,7
4.4413658231827231,98,99,50,7
2.4898005039252609,98,98,54,3
0.7740612778812480,100,101,54,4
5.1459306754659178,98,99,52,1
3.9924209593486952,98,98,47,0
6.2037889387974747,98,98,42,7
5.3683289076353633,98,99,53,2
4.3939218686489010,100,101,45,7
3.0616960511961460,98,99,49,2
3.2800431152606730,98,99,49,2
3.2759610021748031,98,99,54,1
2.3909307720369082,98,99,45,4
2.1746296656810098,98,99,61,6
2.0381142809966950,100,101,52,4
6.2748230644351501,100,100,57,3
3.1802298299980154,98,98,53,4
5.7024160961198298,100,101,55,5
2.1161969253725363,98,99,47,0
3.0086768897871790,100,100,53,7
0.4316968224793696,98,99,62,7
2.5162981640213520,98,99,48,7
4.9870811801507235,98,99,52,3
0.0899836321665205,96,96,46,6
0.9442479550997276,92,93,49,1
0.4922357625586014,98,98,54,3
4.2098377790417301,100,101,52,0
2.0227194616381596,98,98,51,6
4.2511641163938227,96,97,48,2
0.5918053740696493,98,99,51,0
0.9677317980205805,98,98,55,4
3.4575610402704569,96,97,48,2
3.7588586991351991,98,99,51,0
1.4070640356979269,96,96,46,0
1.9986704751265503,98,99,46,5
2.7860166522238474,98,98,50,7
4.6632563741597810,96,97,56,0
0.5684185930823059,98,99,55,4
1.0866030436613898,94,95,51,6
1.9814326880880702,98,99,55,2
3.6989985700331776,98,98,51,6
5.1190789016913083,98,99,45,0
5.0488681291886426,100,100,54,6
6.0808435482544478,96,96,47,3
2.8752764747828197,98,99,46,7
5.6879299420992693,100,101,59,7
3.3915173435642907,100,100,46,4
1.8709897157212156,96,97,54,0
3.7676546222205141,98,99,50,3
3.3528649646869595,98,99,63,4
5.6494615858177717,100,101,45,5
5.2911555047599039,96,97,42,6
0.4373428072297962,98,99,56,1
2.3184223404192559,100,100,56,6
1.3408472075527531,94,94,45,2
0.0452416417727229,98,98,49,0
4.5867812054560497,98,99,54,3
5.0392235539527404,100,100,45,5
3.8053849032303089,98,98,45,6
5.8184562933687669,92,93,37,5
4.6985812242610843,98,99,55,6
5.4099281081476258,98,99,51,0
3.6214138927903674,98,98,47,0
3.8502256719126993,98,99,45,6
3.1063980819832349,96,96,54,6
2.0630661553574963,98,99,49,4
4.8798612568247766,96,97,46,0
6.0553747627892616,100,101,48,6
6.2083386145975163,94,94,46,1
1.6926393764867071,100,101,42,4
4.3425109075699435,96,97,48,4
1.6570722064644257,98,99,47,6
6.1100861342615760,94,95,51,0
1.1720759742898132,98,99,60,7
4.5687858840616222,100,101,52,6
5.2632464330102291,98,99,56,7
4.8013970910518280,100,101,61,5
1.2442909324369078,100,100,56,0
5.0909305755110799,100,100,59,1
0.4780731703631311,96,96,50,6
4.4235128688936980,98,99,52,7
0.2221571111815780,98,99,53,4
0.0416275444630645,98,98,56,3
2.4242992966462125,96,97,43,7
1.1456811877662254,100,100,53,1
1.9118275436562835,98,99,52,3
6.1850117715359136,98,99,49,6
0.9306427648238282,100,101,49,7
1.4695102835481841,98,99,50,1
2.1959502668216642,96,97,45,7
2.5382370029050501,100,101,53,5
4.0922579387206817,96,97,47,7
3.9039890738761951,100,101,51,5
5.6222130214263242,96,97,40,0
2.9359783040420089,94,95,52,5
5.6818477766120008,100,101,55,5
4.5236304228934934,98,98,48,3
5.2186418890747559,98,98,48,1
4.2548748042834141,96,96,48,4
0.5949751250653739,100,101,50,2
2.5156421282253953,100,101,47,1
4.0147255528411927,96,97,58,2
1.7079220636835313,98,98,44,3
4.1209531116903140,100,100,58,4
1.3273422271864850,98,98,52,7
4.4456678659910898,98,99,57,6
5.4722257151664273,96,96,50,6
5.4433925383951802,100,101,54,6
0.1773881124065556,104,105,60,2
0.3900377062038435,100,100,51,7
5.0716881899848838,98,98,44,5
2.8517987876157411,100,101,47,3
3.6764718229662923,98,98,47,4
0.1387454629166903,96,97,49,5
1.7035049261878206,96,97,56,4
3.9603774426183760,96,97,44,6
3.7481245416307898,96,97,55,1
5.8470659662250908,96,97,51,5
1.0436743755546234,98,99,54,5
3.0101486107183555,94,94,52,1
0.4440943217249310,100,100,52,6
4.6656016770742372,100,101,50,2
5.8856813092192199,100,101,46,6
5.2467940094753924,94,95,45,2
5.9360351043644837,98,99,48,1
4.6850728282383969,98,98,52,7
5.4163921024702892,94,95,61,2
4.2394374193436510,96,97,51,1
4.9494930902540117,100,100,45,1
1.9484817070190286,96,97,50,4
4.4088308587533955,100,100,52,4
0.3669358839068527,100,100,46,2
1.6369953421753871,98,99,54,7
0.1133690576990493,98,98,59,0
4.9183160648195203,96,96,46,0
0.3745724901998674,94,94,45,4
0.4398959296696446,100,101,50,4
0.1876102338778818,100,101,59,3
5.7308599847957051,98,99,53,4
1.7583217808544571,100,100,43,7
4.0417261410588869,100,101,52,2
3.5016723369575802,100,101,52,6
2.4595050939898444,98,99,41,0
5.8019672662219177,100,100,49,5
0.7898527221207908,98,99,43,6
0.4049007887174154,100,101,44,2
2.3751178183061645,96,97,42,0
0.2829052389680744,94,95,55,4
6.1937767608869221,100,101,41,1
4.7991560625707015,100,100,50,6
1.0796999816025119,98,98,45,4
0.5365688019271396,98,98,45,0
4.7064325417161026,90,91,44,5
0.0852053652019562,94,95,48,1
4.8330087442349825,98,98,50,7
2.8752796425116944,100,100,47,3
4.2916326459273870,98,99,45,6
3.9006464899644975,100,101,58,6
2.8095088966259971,96,97,57,3
2.5233309836455300,98,98,62,5
0.2935369014256168,100,101,56,6
5.0644637094231673,98,99,45,2
5.4936944691001921,100,101,53,1
1.9638027085971193,98,99,43,4
5.8131338009976741,98,98,43,2
3.0502438969917409,96,97,53,5
2.5148327829032127,100,101,47,5
5.6882035783248242,96,96,51,7
5.4511893743773809,100,100,48,6
4.3630931688190344,98,98,53,4
4.6102923408931247,100,101,63,1
0.1904982379136841,98,99,66,7
0.0851509526302931,100,100,50,6
1.2506394131259007,100,101,53,7
4.6060465963724617,98,98,43,4
3.3558182979272648,98,98,57,0
6.1908486667171552,100,100,41,5
1.7513454828384423,100,101,57,1
5.8334756863760830,98,99,53,0
1.1233151676125654,100,101,59,5
5.4491049435248504,100,101,47,7
1.5064370405836860,96,97,57,5
5.6219866763244450,98,99,40,7
3.6166179827954941,100,100,49,3
4.2519708062178783,96,96,52,2
5.5603036892408335,96,96,47,5
2.1582518176384373,98,99,38,5
4.7516369056764738,98,98,39,0
1.6527914637212597,100,101,57,5
0.5726545160950960,98,99,45,6
2.7975569102005133,98,99,52,5
4.7802288035813536,98,98,52,1
5.2459247700091174,98,99,51,4
2.9049648216291963,94,94,64,5
3.9219136796443528,100,100,48,2
4.6133412232626485,96,97,45,3
0.4261749616538030,98,99,49,0
5.8127338613180175,100,101,48,6
0.2261745645049994,98,98,62,3
4.0985393053372352,98,99,51,6
0.7237982070696398,98,99,57,0
3.3990622480370853,100,100,55,1
2.8488841617613305,96,96,49,1
1.8893875017405226,100,101,61,3
2.5294411544144828,98,99,61,2
0.9937173508357774,94,95,51,0
5.1001359243199733,92,93,47,7
4.0497346031139836,96,97,49,5
3.2627177024111149,98,99,48,1
5.5079223522428995,98,99,53,6
5.3473693942194700,98,98,55,4
0.2891176464310382,100,100,48,2
3.2914801091238943,98,98,48,7
2.1829470003006506,98,99,47,6
5.0826409801651327,98,98,50,3
4.7224234445060524,100,101,45,3
0.2680068014172808,98,99,46,1
2.9720258735362881,98,98,56,3
5.6177489902664934,100,101,54,4
5.2294309029875157,94,95,49,2
1.6602338629907321,100,100,49,1
0.2940823440038140,100,100,59,3
6.2785521220257436,102,102,49,0
0.9353673114188080,96,96,45,7
1.7038340291724192,98,99,48,3
4.7503612138213240,98,98,52,5
2.5237886032145593,100,100,47,7
2.0146246754765067,98,98,55,6
1.6164558388858905,98,98,55,6
2.8014730835719130,100,101,53,5
5.0066547955227856,98,98,47,0
4.9722711720089947,98,98,51,0
4.1467335013225277,96,97,54,4
4.6041911567032408,96,97,51,1
1.1286527301395091,102,102,52,7
6.1419931696326984,100,101,55,5
3.0192605020961745,96,97,54,4
0.1771197646656303,98,99,53,2
2.6404180382163656,98,99,46,7
3.7902240272984336,98,99,54,1
0.8592047572219882,98,98,48,1
3.9797446685633733,98,99,51,6
4.3016116858439135,100,101,56,6
4.0917325544384484,98,99,49,4
0.2863263446830741,98,98,50,1
5.5808307804638497,100,100,49,3
2.7224360260378972,96,97,45,3
1.8369496753825849,96,97,47,7
1.7165736717159008,96,96,57,5
4.4831132723863076,98,99,51,0
2.5991207042092137,100,100,48,0
4.2243802332213320,100,101,56,2
2.0996088757067555,98,99,49,2
1.7632313048694379,96,97,57,5
4.4988958331837186,98,98,44,3
5.9715495426662288,100,101,46,2
4.5908827009004964,98,99,45,6
4.8528993699749385,100,101,53,5
6.1487887752630233,96,97,59,5
2.4590657422663851,100,101,56,6
3.3631883621841601,98,99,45,4
4.2251994050345081,100,101,52,0
1.2469112902725268,100,100,55,7
0.9181810166001955,100,101,62,6
2.7633274427608354,98,98,56,7
1.9633184782738973,96,96,50,0
2.9908400282702781,100,101,45,1
0.3327021724593458,100,100,57,1
1.4054458259790248,98,99,43,4
5.1165434650392392,98,99,44,1
3.7808244220037439,98,98,42,7
3.3779720107652071,98,99,57,2
5.9645087756645339,98,99,55,2
0.0689511908471150,98,99,56,3
4.4305605544369415,98,99,44,3
1.4795649599790603,96,97,50,4
2.3001777303400455,98,98,47,4
4.8468012273233523,98,98,54,7
3.0571718983368550,98,99,57,0
3.2009908867299752,94,95,47,6
0.6829713379534433,98,98,42,3
3.8998191296488165,96,97,46,4
4.6980134034342704,92,93,55,3
2.4441633806905831,96,96,49,5
2.9991650998893076,98,99,57,4
5.1849820864049185,98,99,50,3
1.8736723682457808,98,98,49,4
0.4996917985116984,100,101,56,6
1.6092569980059976,98,99,43,2
5.5922483780542684,100,100,42,2
1.3882213023859853,98,99,58,5
3.9068467200562838,96,96,55,1
2.8982476487902926,98,98,43,2
3.1086393458573793,96,97,54,4
5.8203596370269475,98,99,51,0
1.1704870492600365,98,99,60,5
4.2914047549136027,96,97,46,0
0.5608098985817508,98,99,39,4
2.5905886490090544,96,96,49,7
2.0915156791371401,98,99,49,0
2.7993262347433725,100,101,56,4
3.3849799448690678,100,100,44,6
5.1664793053309843,100,101,49,7
4.3531600993207675,96,97,41,1
0.8225126322738061,98,99,49,2
0.0020070672740955,98,98,47,2
0.2339644459499508,96,96,49,7
6.0714452560563643,100,101,45,7
5.4167393834366777,96,97,54,6
1.1778848349057331,98,98,53,6
4.7242034213277941,98,99,52,3
5.9210417026309932,96,96,49,5
2.2304251071193275,100,101,49,3
3.7087574368340039,100,101,57,1
5.6064146743656442,100,101,46,6
4.8590796157081035,98,99,55,6
4.4124983240675038,100,101,50,2
1.1868253463331657,100,100,57,5
0.2279788235991389,98,99,47,2
1.3690896551352461,98,99,46,1
1.3225967707692166,100,101,61,1
5.8575962605242964,100,101,57,1
3.8414441624515407,100,101,55,1
5.8595765761227341,98,98,52,3
3.0608570708858833,98,99,49,2
1.0669896133401453,98,98,54,3
3.6187221150923814,98,99,46,5
5.1747134901590233,98,98,50,1
2.7159360000545600,98,98,42,7
5.5465777070518598,100,101,42,4
0.5616835002991032,98,98,55,4
0.6501188966642797,96,96,51,3
2.9738110089155874,98,99,45,4
3.6614962865140983,100,100,57,3
5.2640454618272878,100,101,48,4
2.1587079248893297,96,96,48,4
1.4959177209405716,98,98,51,4
3.1553012449893205,98,99,54,3
4.1040172008168465,98,98,48,5
5.0472493444545616,100,101,53,1
3.7817648020918360,96,96,47,5
5.3120427104038583,98,99,46,7
3.9248573200227628,98,98,59,6
4.3504905535273641,100,101,52,4
1.8984012015655496,98,99,48,5
4.8702607753410145,100,100,53,1
4.1908893317804079,100,101,54,0
3.9311505630775700,96,97,44,4
1.1632798468588446,100,101,49,1
0.3880733699721779,100,101,57,7
2.6636015171688983,98,99,47,4
2.2706778798264851,94,95,53,6
5.0205085450694371,98,98,46,1
5.3164399119721075,100,101,50,4
1.1656693910009468,100,101,50,6
1.1123929098585716,98,98,49,4
4.2246292890936346,96,96,54,2
4.2270856927630005,100,101,55,7
2.8315553032192424,96,97,46,6
5.7775391853041622,92,92,54,2
2.7026396688834891,100,101,54,4
5.4111727674638761,98,98,50,1
2.8481400801540566,94,95,57,2
0.8648212212811685,100,101,58,0
4.3696661435043245,98,99,56,7
1.7628982831404374,100,100,42,0
5.9951196825327617,92,93,45,5
1.4299902844949757,96,97,57,5
1.7838799465903274,98,98,44,1
6.1394875143807477,100,101,50,2
0.6576259570785581,96,97,45,5
5.7251793715610981,100,101,53,1
1.7317716607381768,98,99,57,2
5.1905754606583994,100,101,62,4
5.5261101101259005,94,95,52,5
3.8338485962797377,98,99,44,1
2.8613532174115415,98,98,59,4
5.0594239447509120,100,101,47,1
2.4383502240775035,100,101,49,3
2.5772042669757296,98,98,49,2
4.1645826046710441,98,98,61,2
2.1509846420204601,98,98,55,2
1.7777649617977367,98,99,55,4
2.9307679958773232,96,97,45,5
2.1671167349142211,100,100,49,3
5.6640639074834729,98,99,58,5
1.5661164408914046,98,99,56,1
2.6726372980711113,96,97,44,0
5.3594361304893887,100,100,51,7
1.6811042416594046,96,96,50,6
0.6256506870485652,96,97,53,5
5.8724659246539490,100,100,56,4
5.5008215838163403,98,98,41,4
0.6214170467429768,98,99,51,6
3.0299577498624859,102,102,53,2
4.4843225877105670,98,99,44,7
4.9470524826025244,98,99,45,0
1.8448346933783200,98,99,49,6
5.0793857475218180,94,95,48,3
4.9648767359212913,90,91,38,5
4.4227713358731044,96,96,47,1
3.0365463281712715,98,99,50,5
5.9817556956367532,100,101,54,6
6.0615709606458719,98,99,47,0
2.3448139286413463,100,101,50,0
4.5335518966864132,100,100,47,1
3.0783516769633694,100,101,59,5
0.8208470536376811,100,100,48,6
4.3382598612935492,100,100,57,7
4.5607581859746551,98,99,57,6
1.4973719518845110,98,99,46,1
4.6215464957612831,100,100,43,7
2.4371816823712620,98,99,45,2
5.2866417030805559,98,98,45,6
4.3628618158969488,98,99,46,1
1.9375631781153118,98,99,53,2
3.8617530443629953,94,94,51,6
1.9407059674765188,100,101,53,1
3.5894443225768105,100,101,47,1
3.7681715434427820,100,101,60,2
6.2817309032292892,98,98,50,1
3.0565868480114595,98,99,42,7
6.2673762484416224,98,99,40,3
3.9670197246886705,98,99,45,6
1.7167839897967880,100,101,56,4
0.8285414205524401,100,101,49,5
0.3068875976425637,96,96,45,7
2.0307708068021970,98,99,55,2
1.1205536022442573,100,100,53,5
1.8051202724115454,94,94,57,6
1.0538192389230194,94,95,37,4
1.2341140660964940,96,97,43,3
2.1074267922842331,100,100,49,3
3.8117967641288186,98,99,54,7
5.4479308856520330,100,100,51,1
0.1565458431792877,100,101,47,5
4.1145028991442718,100,101,59,1
4.0734739714781183,98,99,52,3
6.2395036613842283,96,97,46,2
4.6331629049020764,102,102,55,6
2.8383854739343723,100,100,54,2
6.0420934242729212,98,99,54,3
3.9470133136375223,94,95,45,6
2.7829792894986829,98,98,60,3
2.5051546186240397,100,101,41,5
4.8451259334951917,98,98,45,0
1.2312926194970548,96,96,50,6
3.7735815941864934,98,99,52,5
3.3744568905029877,98,99,50,5
5.8657179801937485,98,99,48,5
3.4696732595365849,102,102,51,0
1.4700432363962350,96,97,63,7
3.5641420970034416,98,99,42,7
1.4496321436400796,100,100,52,6
2.1386947668373937,100,101,51,3
3.6529146090886551,98,99,41,2
2.4323577580603812,96,97,47,3
3.0545108166589996,96,96,42,0
5.8070719089465541,98,98,52,1
1.3288577035252860,98,98,50,3
1.8482140406067245,98,98,50,3
5.6981038630151373,92,93,44,0
5.5578841780980026,98,98,47,4
3.0295051723479789,100,101,59,3
5.6664011459511405,98,98,48,5
3.5111297973352018,98,98,53,4
1.3762673831101317,98,99,50,1
2.0236113353301231,94,94,40,3
2.1526418336701645,98,98,54,7
0.9911480787501972,100,100,58,2
4.7914065754375477,100,101,43,3
1.4301576674430103,100,101,52,6
1.2064084986094372,98,99,62,5
4.1520872740925876,98,99,45,0
4.6442456524206337,100,101,53,5
0.0285300684484611,100,100,51,5
1.1429771831517994,88,89,51,3
0.3540520528597833,98,99,42,1
0.8441094441545947,98,98,55,0
5.9606523188163418,94,94,52,1
3.3724516216840730,98,98,44,3
0.8219221588931577,100,101,53,3
3.8602415043698004,98,99,50,7
3.5069330054273555,98,99,45,4
1.8211047445284092,96,97,56,4
1.7093539984172093,100,101,48,4
1.5975993175186423,100,101,57,1
2.9702192720813891,94,95,49,2
1.3891944646473486,100,101,51,5
1.4567805623244079,100,101,47,3
1.6538257997961505,96,97,40,2
2.3398289340429050,96,97,48,2
0.5495662996600058,100,101,61,3
3.3628940974955106,98,99,41,6
6.1896343936075677,100,101,55,7
5.6828600623363945,98,99,59,0
6.1358180963519908,98,99,48,1
0.6558008772759729,100,101,61,5
1.9096229005278851,100,101,53,1
1.4814619918929912,100,101,52,6
2.4036992038707532,100,101,50,2
3.8104054780751224,98,99,56,5
0.3768215113320773,100,101,62,2
2.7913054003752520,100,100,57,1
3.8760841208474903,100,100,57,3
6.1657654226273886,100,101,58,2
4.6705499050204473,100,101,50,0
6.2313081461022621,98,99,51,0
1.4308747127614438,100,101,53,1
0.8472410447633684,98,99,55,4
4.5163629854290370,100,101,56,4
0.2376400679217918,100,101,54,2
0.6825971869365483,98,98,47,2
6.0722849691099334,100,101,53,7
0.1369023579397547,96,97,46,4
2.2254816984558019,98,98,46,3
0.1689991439909005,96,96,58,2
4.2189337048874211,98,99,51,6
5.8539599429401976,96,96,51,1
5.1829847162838361,94,94,52,1
1.6671126785925314,98,99,49,4
3.1968795736208282,100,100,56,6
0.8961200615451297,96,96,56,6
5.1402971233028234,98,99,49,2
3.8126066720175031,100,101,53,7
6.2540228959953055,98,98,47,6
1.6245361195984009,96,97,38,4
1.8634745036071900,94,95,49,2
4.1359940922254008,100,101,45,3
1.0129293059262419,98,99,54,3
3.3862287377752844,98,98,49,0
1.2560997019594629,100,101,48,4
4.3877157055167100,100,100,56,6
2.4842538836979466,100,100,37,5
1.1489349919258687,98,99,58,3
4.3803903009012801,100,101,48,4
4.3957929553854207,98,99,50,1
0.9147735132774359,98,99,57,0
2.0929875065481705,98,99,63,6
4.7241248463876930,98,99,50,5
3.4377437758321219,96,96,42,2
6.1144692102336080,98,99,58,5
5.0875856611350647,96,97,44,6
4.9151101850739911,98,99,56,1
4.9349619622864820,94,94,48,3
1.8176856683017719,98,99,56,7
4.8171852638011714,96,97,55,7
0.1931305516768049,102,102,53,6
5.8397984081065788,96,97,44,4
5.0679376618665728,98,99,45,2
1.9795039498618732,100,101,48,4
3.6543480294606159,100,101,53,5
2.2784008354528882,96,97,53,3
3.0651269502106504,98,99,44,5
1.0332634106013892,98,98,57,2
1.5808828283683869,98,99,41,2
1.2230640750239339,100,101,55,7
2.1779002028558678,100,100,58,4
0.5342127054852661,98,99,44,5
0.1160016711798156,100,100,55,5
2.6358173118192596,100,101,54,2
5.5215797703338998,100,101,52,4
2.0299418310944435,98,98,49,2
6.1116635059904070,94,95,50,3
3.3062302498029892,100,101,50,0
2.4769857269891755,92,92,37,5
6.1891942029135958,98,99,41,0
2.7653365734149142,100,101,52,2
6.0330960130309181,98,99,56,7
2.8171853781165175,102,103,58,1
4.2680745887372824,100,101,54,6
3.6094618926297644,100,101,55,5
5.8298715650259751,100,101,44,0
5.8976385015992356,98,98,56,7
2.4740253355348725,100,101,53,5
0.3432748143683778,98,99,47,2
0.7335601088556249,98,98,56,3
3.4515690243380761,98,98,44,5
2.9209532619362051,100,101,46,2
2.6907891770252870,98,99,52,1
5.5814661933246033,100,100,56,4
3.6935608566367804,98,98,46,3
6.1484227532485933,98,99,46,3
4.0958343507777109,98,98,52,7
4.6667447258328325,98,99,46,1
5.0074215717063630,100,100,46,6
4.6391161155792124,98,98,49,4
0.3321290749552102,96,96,48,6
3.2561454098354905,100,100,46,4
3.8962224524460791,98,98,47,4
3.3197396490585045,98,99,38,1
0.2028760566335908,98,99,61,6
0.6968044875044050,100,101,51,7
3.2752884746618496,98,98,48,3
5.5448299817987623,98,99,46,7
5.5879540317303347,100,100,56,4
2.9292573301708837,98,99,54,7
2.0728304700703184,98,99,54,5
1.8366057242783438,98,99,51,2
1.2964351626490183,98,99,49,6
2.2695294634898704,98,99,49,6
1.1075394706623896,100,100,48,0
0.4006471548656778,96,97,45,1
2.4998384025899711,98,99,53,6
5.8453008719495774,100,101,48,0
2.4247295384735774,100,100,49,7
3.1030569901441112,98,99,60,1
4.4828360828186469,100,100,48,6
2.9966775595123587,98,99,47,2
5.8942877807211360,100,101,53,3
4.8538934140506056,98,98,59,2
0.0312044083674922,98,99,52,3
4.4600134770483573,96,97,48,6
6.0055541286343672,96,97,54,2
5.7093856410744896,100,101,43,7
3.7860190120378983,100,101,45,1
5.8867065490939563,96,96,51,5
3.8306491992278762,98,99,49,0
0.8466607492726080,98,99,55,2
1.6539083456641643,94,95,53,0
5.3577526564272704,100,101,63,3
5.9629083835428913,94,94,56,3
4.2004155921311339,94,94,47,0
2.6281377223782880,98,99,48,3
5.5572916245405253,100,101,57,3
4.8988123513956179,100,101,50,6
5.5309697124893900,100,101,48,4
3.2515039402972272,92,93,44,4
1.4034292176899945,96,97,52,6
0.9644803488745407,96,96,56,0
1.3830577780384476,96,97,46,6
5.7304259627005267,98,99,48,3
5.1305552780136230,100,101,49,7
4.7798227704456808,100,101,53,3
0.2815844685863201,98,98,47,6
0.8094038719851809,100,100,42,4
2.7390571748126700,100,101,49,3
2.7720748495738610,98,98,54,7
0.5492967073453843,98,99,56,7
2.5501897565545959,98,99,52,5
0.2498391148647808,100,101,48,4
3.8030802579629466,98,99,52,1
3.0024141459256173,98,99,57,6
5.4248691060640084,100,100,53,5
5.8973617298066578,100,101,59,7
2.0112375504847213,96,97,50,0
2.8934730040312031,98,99,47,2
1.2407155726085506,100,101,52,2
4.8436599432317227,102,103,46,7
1.6000360052467681,100,100,61,7
3.3434726818711868,98,99,58,5
5.0774837431647146,98,98,54,1
4.9646606623312417,96,97,54,6
5.9563193271892096,96,96,44,0
4.1967615364821489,98,98,49,2
0.2338931406920788,98,98,48,3
0.6653058449290488,100,101,51,1
2.2186747192091882,98,98,45,6
5.1549593998116636,98,99,58,3
5.7096500824201861,96,97,56,0
4.1487939897405575,100,100,51,5
1.5259410052067370,100,101,45,1
4.0288079422592133,96,97,47,7
4.8737148711767233,100,100,57,3
2.2455072207540594,100,101,53,3
4.9995786420169805,98,98,59,2
0.1122501518232542,98,99,43,4
6.1681970485471806,96,97,55,5
2.5859233793498109,100,101,51,1
6.1905405857825748,98,99,56,1
0.4682572706280604,98,99,57,2
3.6036070952736070,100,101,57,5
4.8178753635760412,100,101,47,1
4.2558464594213250,100,100,59,5
5.5864129863342740,96,96,48,2
3.2133721632332644,96,97,60,2
3.9883319487099658,100,101,48,6
2.6981358363308372,100,101,50,0
1.7683941117125197,100,100,55,7
4.4380206671735225,98,98,55,4
2.6299150734464658,98,99,47,4
5.0567089467270669,98,99,62,7
5.0620351287780299,96,96,57,3
3.9391857592105364,98,98,56,3
2.7253624755883501,96,96,51,7
5.7274601359983128,102,102,51,0
5.3934107314737858,100,101,52,6
3.5182245196279052,98,99,50,7
1.7811110510209140,100,100,47,7
3.0515924045662777,98,99,53,4
1.3627825262098956,98,99,54,7
1.7320236868340950,100,101,57,3
1.1469866550503978,98,99,43,4
5.5917159008387323,100,100,57,7
0.4162555772797004,100,100,47,1
0.8652838657932101,100,101,53,1
0.3907760203042362,96,97,55,3
4.5969371328992512,96,97,50,0
5.5474402322511400,98,99,50,7
2.1670892001153854,96,97,54,4
1.2251210784372588,98,99,55,0
0.8468694629201506,98,98,57,0
0.7149556346024096,98,99,50,3
2.8301061583512621,100,100,59,1
4.7929359945930834,98,98,59,2
1.9619504195640669,100,101,55,1
4.3728781423000562,98,98,48,5
2.3243639827131797,96,97,59,5
3.3083790005790439,98,99,51,0
3.7218312882619125,98,99,49,0
2.8596618833861283,96,96,42,4
5.0247946084818338,98,99,60,5
3.5881203850514578,98,98,51,2
2.5046706676928396,100,101,55,7
6.1203946284737594,98,99,51,0
0.7946305434480342,100,101,51,1
0.0093136972824674,98,99,48,7
0.8363612879140285,92,92,48,0
0.6552120444803124,98,99,57,2
0.5586172470793830,98,98,45,4
1.2507581279997362,98,99,60,3
0.8467126455200714,94,94,35,4
0.9063970064165926,98,98,51,4
3.0010779806736601,98,99,57,4
4.0845598930689944,104,104,54,4
3.7972636175401533,98,98,50,7
4.7459151846974672,92,93,53,1
2.3235066272921681,96,96,50,0
4.8042918670148209,98,99,51,0
3.3985730370516869,100,101,49,5
4.3877380905654082,96,97,45,7
5.4189984894661309,100,101,44,4
4.4700688763254872,96,97,51,1
3.2761097263081194,98,99,49,4
5.3064250527157721,98,98,48,7
3.0170479938024362,100,101,58,4
5.6274946429295376,96,96,55,3
2.4454403753474527,100,101,57,7
3.2784267299769843,94,95,49,6
3.3590652961738150,100,101,54,4
4.8473517064882845,100,101,47,7
3.5957508429044478,100,100,50,6
4.4761311941700894,98,99,48,3
4.2467234781634193,96,97,58,2
1.0329400337030763,98,98,49,6
5.8501867772708787,100,101,52,2
1.6134285337979888,98,99,58,3
0.8426080698695506,98,98,45,2
2.3396459777940448,96,97,51,5
3.8534938148133246,96,97,42,4
0.9617798508779604,98,99,54,3
1.6310654937126643,98,98,45,4
6.2186030228038547,92,92,51,1
5.3770620923143042,100,101,47,3
6.2393071932247990,100,100,52,2
1.8569852549718766,96,97,51,7
4.2739258179644501,98,99,44,3
5.7876217724779888,100,100,47,1
2.4519313247533709,100,101,56,0
3.6479152149650642,98,99,54,7
2.8662745974710844,100,101,51,5
3.5157008348438854,98,99,44,5
5.6926743664906621,100,100,44,4
1.3923258328606196,102,103,57,4
3.3481835606317474,98,99,56,3
5.0140943382275358,98,99,54,3
0.1005636444045771,100,101,59,7
5.6922425595538071,98,99,49,6
4.7790201867475188,100,101,49,5
5.8176967713853527,100,101,57,5
1.5701530450684698,92,93,46,4
5.5976494313828615,100,101,63,5
2.4416432875447316,96,97,58,2
1.4641231527336735,100,101,54,0
5.8333002126385969,100,100,46,4
5.5874221127389845,96,96,50,2
4.1385569279930925,98,98,42,1
3.1084020826455583,98,99,46,5
0.2134959854122612,98,98,62,3
4.7390499450853572,100,101,55,3
4.6170192582188516,94,94,44,5
2.8997273037987039,100,101,48,2
2.5893360308773272,100,100,55,7
2.7314406726778491,96,97,49,3
3.9669122771453020,98,98,54,1
4.2419021421231911,98,99,48,7
1.6880573926578750,100,100,48,6
0.9556497117541991,100,100,51,1
5.9772659693998360,102,102,50,1
4.3284927411880592,96,97,62,6
5.4454610206582661,98,98,51,4
3.1493327610689108,96,97,46,6
1.4999961278332399,102,102,57,4
6.1397654115026574,100,101,50,4
0.8849495759326484,96,97,47,3
3.6146058284260412,98,99,45,0
4.5677406062227588,98,99,53,4
0.2120257538469880,98,99,55,4
2.3432589269162003,100,101,58,4
4.7107760209044676,98,99,50,3
0.2706967907644102,96,97,47,3
0.3481242035142785,100,101,47,1
2.5335289942964043,100,101,52,0
1.9958311908762727,98,98,60,3
6.0408486795036085,96,96,55,3
1.6301572427587705,98,99,48,7
1.8222806751507652,96,96,48,2
5.2190109006337995,98,99,52,1
3.0665929439817385,96,97,46,2
2.9624420293623013,98,98,50,5
0.7650435808268367,96,96,48,2
0.1299930310311442,100,100,60,6
3.8620343740610257,98,98,48,3
4.5741700526661511,98,99,55,2
0.6522973705322299,100,100,61,5
0.3820403948159928,100,100,50,6
4.0074963930166465,100,101,51,3
1.4320163540607973,98,98,52,3
2.5236629075283314,100,101,61,3
3.2014443477023380,100,101,50,0
5.9172091151024766,98,98,47,2
4.6859647195982470,98,98,51,0
2.7253034739168194,96,96,44,0
0.6846145092822485,96,97,52,0
0.3287885488691322,100,101,54,2
0.6358660350856804,96,97,58,4
6.1994016772940546,98,99,42,3
2.2456932838232304,98,98,53,0
1.3628625984570775,94,95,46,5
0.0624906868138911,98,99,50,5
3.0721251688382858,98,98,51,6
0.3305704058087300,98,99,51,2
0.1390127254326564,96,97,62,6
0.9506057225022471,100,101,48,6
0.4484962421838083,98,99,50,3
0.9923000724178728,100,101,55,3
5.5207846829979053,98,98,50,3
0.4720160109458454,100,100,50,6
6.0860348876827901,98,98,40,1
1.2526874779889909,94,95,49,0
0.9029161931011067,98,98,47,2
2.9335024389099340,102,103,52,1
2.6863417646829344,100,101,53,3
5.6927983206367996,98,99,54,7
0.6231261584248686,98,99,41,6
6.0144299273015402,100,101,50,4
5.4214293160817491,96,96,43,1
5.9876892528724044,98,99,54,3
4.8506459869324621,102,103,52,7
1.3070042359354457,98,98,54,7
4.1042820168468861,88,89,45,5
5.9575173155127015,100,101,58,4
2.6674203272011625,102,102,58,1
6.0945209661456614,102,103,50,5
1.8825552771706837,96,97,56,4
0.7773958179842421,100,101,59,1
1.8512747688712849,100,101,50,6
3.5039490097172523,100,100,46,6
3.8251966725535835,98,99,57,0
5.1920207303336694,96,96,46,6
5.9868134551693704,92,93,46,0
3.5695577973928287,98,99,48,1
3.2455168014465632,98,99,50,3
5.1038864331600626,98,99,52,7
5.6126862484735778,98,99,51,2
5.8864319932133879,96,96,51,7
1.6770250541930261,98,99,47,4
0.7102546762007205,96,97,47,1
3.9696640668935417,100,101,54,2
1.9490849148887350,100,101,59,5
4.4652580153848973,96,97,49,3
4.2348586382967737,96,97,51,3
1.0378074585447508,100,100,48,6
0.4785045969534531,90,91,48,1
2.2283085923076063,98,99,51,0
4.1309409488123601,98,98,51,6
4.1634621733687425,98,99,45,4
2.8258910796991787,96,96,54,2
2.1224528914489507,98,99,53,4
5.7964418115818521,96,97,51,7
4.4889963539768942,98,99,54,3
6.2407208082975174,98,98,53,6
4.4815681035736752,100,101,52,6
0.2400069213237037,100,101,48,0
2.7198186470394980,100,100,54,2
0.6869687263826187,100,101,47,3
3.9743591530321720,100,101,53,7
2.5340508248144826,96,96,56,4
1.9641306186630625,100,101,47,7
3.5996710452320517,104,104,54,6
0.7879581402875609,100,101,52,0
5.2259161528059517,100,101,59,7
0.5488289373906683,100,100,53,7
0.0834675701222946,100,101,58,0
6.0397468025709831,102,103,51,2
2.3219645311362638,98,99,52,1
2.7541190956261863,100,101,47,3
1.5823079734674832,98,98,55,0
2.4113742883189837,100,101,50,2
4.8611233772824232,96,97,49,3
1.8966237260460099,98,99,45,4
4.3007491999274494,100,101,52,6
3.6421968494452353,98,99,43,2
0.7239406784443070,98,98,52,1
5.6271999513736546,94,95,57,4
2.6114951948794767,98,99,56,5
2.3813365337931187,98,99,56,5
3.7853116301507597,100,100,53,1
2.4807083106307704,98,98,55,4
5.7248783205227447,98,99,59,2
1.6097805356268080,98,99,54,5
2.7788391230280349,98,99,59,4
2.3864966971461046,98,99,53,4
3.0778671023485726,98,99,66,1
3.7828646492382383,96,97,50,0
5.8802874539562211,98,98,44,1
3.9297729563421901,96,96,54,4
5.5206259675345706,98,99,55,0
2.6758784309437424,94,95,51,0
2.7562650154093000,98,98,50,7
4.1108039563415852,96,96,45,1
5.9929783885643246,98,99,58,7
4.0965844157255047,98,99,56,1
1.7321946504987291,98,99,48,5
4.6697654851168746,94,94,39,2
5.5811864227508305,94,95,50,1
3.8678915987989866,96,96,54,4
0.0934977486154063,98,99,59,0
2.1870769055432198,100,100,57,7
4.1596937376945471,98,99,55,2
5.8582982996123238,98,99,59,6
2.4210869377363404,94,94,53,0
2.3483645586300499,98,99,44,7
1.0027983708492469,96,97,55,1
4.1210484457564283,96,97,46,2
3.6865230603977444,100,101,50,6
1.3932347616884164,98,99,48,1
1.2274583866816764,100,101,35,5
0.7582388862303737,98,99,43,2
0.4690173597051468,96,97,44,4
0.9933627420328752,98,99,49,4
3.9175054057547105,96,97,54,2
4.6546345563004854,94,95,41,4
0.4570356350734791,98,99,47,6
6.0732477255893373,100,100,43,5
2.1748973767446822,102,103,47,0
5.3412035527948971,90,91,53,4
1.5540064534579343,98,99,49,4
4.9626248940162903,100,101,52,6
1.6410186254612682,98,99,47,0
4.8548734916334553,98,99,43,6
5.5718648788593788,94,95,58,5
0.1462068576050098,100,100,54,2
2.3279597986977691,98,99,51,6
0.0653017252457076,100,101,54,4
0.3369811886128016,102,103,57,0
3.5670583657180197,94,94,47,2
1.4591505130641036,96,96,39,1
1.4656709409897188,98,98,52,1
4.2897914893058209,100,101,42,4
0.1282273824187474,100,101,43,7
0.2065324009126891,94,95,50,3
5.4340167524516696,100,100,43,5
2.4095372026252369,98,99,55,6
1.5839907742823671,100,101,52,2
5.4161620848671763,100,100,47,7
0.8488375872584397,100,101,48,4
0.1388345839602257,100,101,51,5
0.5485665488926305,92,93,46,6
1.8132480457369122,98,99,45,0
6.2394196306499001,96,96,54,2
2.6563217645870476,96,96,50,4
1.6549187742664855,102,102,49,4
4.5139044241178663,100,101,49,1
2.0670793087084731,98,98,51,6
1.4384610369080209,100,101,42,4
4.9761947253182388,102,103,53,2
3.3238250891470220,102,103,45,6
5.5140945916520616,96,97,59,1
4.2072922413357929,98,98,60,1
1.7697743020350234,100,100,57,7
5.8073836300606834,98,98,48,1
5.1412158335512776,100,100,48,6
0.6103755646353702,96,97,50,6
5.4441696603614815,100,101,52,6
4.8721075368852196,98,99,42,1
4.6021598070504588,100,101,46,2
1.5548424614305023,100,100,46,4
1.4011272669073709,96,97,56,6
4.7866047019491349,98,99,46,5
5.0391303189318650,94,95,49,4
5.8021225813321804,98,98,52,1
4.6816980842510043,96,97,50,6
4.6390658540576535,98,99,52,7
2.0122892143783919,98,98,45,4
3.3986534902757777,98,99,45,6
3.0288102158251959,98,98,41,4
5.5865160145732782,98,99,52,7
4.4313968584020058,100,100,62,6
2.9432592855515765,100,100,60,0
2.6836324146721453,98,99,42,3
3.3840215584051827,100,100,53,3
4.3747197775021132,98,99,54,7
5.1760595733157100,102,102,49,0
2.3059386543750136,98,98,57,6
0.1418273289571608,100,101,58,2
1.1375574381217244,96,96,53,1
2.9417578011330017,98,99,55,6
5.6523983793808990,98,98,50,5
1.4956038494283539,100,101,56,2
1.7245556406867930,100,101,57,7
4.7298106767705113,98,99,53,4
3.3544440085156850,100,100,58,4
5.2408663608059216,100,100,54,2
1.4039724474686537,96,96,45,3
2.5422729879090675,98,99,52,1
1.4780325254813078,94,95,54,3
0.3225431539301963,96,96,56,4
1.3216435935830377,100,101,60,2
0.5578235114040271,100,101,44,4
1.6200217858546286,98,99,54,7
3.0328580502592337,100,100,51,5
0.1403629253535505,108,108,55,3
1.5723937424763110,98,98,44,3
1.0094852945510921,100,101,64,2
5.0290963061098184,98,98,55,6
1.9968479551042027,96,97,44,4
0.0640906943578353,98,98,54,1
1.3058106874433815,98,99,53,2
2.5112943263402827,98,99,53,2
2.1019917221632745,104,105,67,3
0.4829122353484283,100,101,57,7
1.3322241159154939,100,101,66,6
1.1754767320309716,100,100,51,1
2.8925718298322951,94,95,53,6
3.4195054909238638,100,101,50,0
5.5419454733738132,100,101,46,0
5.2472080299912180,96,96,53,3
4.1708223437506033,100,101,55,7
5.0368407032842208,100,101,45,5
3.5761084090074324,100,100,58,4
0.1046021615514209,98,98,50,3
5.8469775181332748,100,101,42,0
4.7844320915805456,96,97,49,5
5.0638733933035303,98,99,58,1
2.7418739668649366,98,99,56,3
0.8412544191748427,98,98,57,4
3.4354236205958162,98,99,56,1
1.1639633423741782,94,95,44,5
2.7835739613131087,98,99,61,2
5.0977586304721418,96,97,45,5
1.0136362060643411,100,101,50,4
4.4043782020611548,96,97,55,7
1.1065688852982121,98,99,44,5
4.8475969235298138,96,97,47,3
1.0946874711823402,98,99,52,7
1.1182512864970457,98,98,47,2
3.4222212179670239,98,98,61,6
2.7317303687092793,98,98,48,5
0.1203312999427342,100,100,60,2
5.4356788338156994,98,98,59,0
2.0893831845260635,98,99,43,4
0.3234750258327213,98,99,47,4
1.7207951736850493,98,98,54,3
0.0875059677440697,98,98,59,2
4.6188802548098709,102,103,51,0
2.3372113919282937,100,101,57,5
5.6836814708195122,96,97,50,2
1.0983046036478419,96,97,40,2
5.3513957964672327,98,99,49,0
5.7669145898163112,98,99,50,3
5.6630774108717441,100,100,47,5
0.8751802291228742,100,101,57,5
0.8967643641946909,98,99,52,1
4.5826607554615846,98,98,49,2
3.9146877280170722,98,98,58,5
1.1593665903387471,100,101,51,3
0.0448368059196916,98,99,46,3
0.5669081714000959,102,103,50,3
5.6154737810370969,94,95,50,5
6.1644648468456795,96,96,56,4
0.4208535273866543,94,95,57,4
0.3787363328712418,94,94,55,6
3.9470408703120712,100,101,47,1
5.2753006738550843,98,98,42,7
4.2732088621157400,100,100,52,2
5.3534259982867090,100,101,50,0
2.7659305925201081,98,99,45,0
4.6595326853337422,98,98,51,6
5.4376413372559202,96,96,54,2
3.4195631576692538,100,101,60,6
0.4439616423991276,98,98,50,5
3.9761759343452741,102,102,54,7
5.0309010688811693,100,101,48,2
0.7435902537609348,98,99,55,0
0.3435150881631471,100,101,59,3
0.2068211768130079,100,100,53,5
4.1131612588540900,96,97,56,6
2.6854740131566555,96,97,46,2
3.3159696033120736,98,99,54,7
5.2670289543292697,98,99,52,5
3.2802295242941395,98,99,51,4
5.9658271238281291,100,101,54,2
3.5644474094206715,100,101,55,1
4.6345604591434633,100,101,51,7
1.3965207129717148,98,98,54,1
3.8210321290814750,100,101,55,7
5.1676092015782009,100,100,49,5
0.2257254720002071,100,101,57,5
3.2825028201865956,96,97,47,7
3.8629312957743296,98,99,48,3
0.2122049741037322,100,100,51,1
2.7708290473475921,100,101,51,3
3.4744318504790352,98,99,48,3
6.0394539713754289,98,98,54,3
0.5416697483575138,102,102,53,2
6.2030932662640748,106,107,47,6
5.8232245616873337,100,101,64,6
1.9140767401958430,98,99,49,4
0.5006607478129413,100,100,51,5
2.7499467380846299,98,99,42,3
3.0099241124050877,98,99,48,1
2.5028170263474978,98,99,47,2
4.4363194897440437,102,103,57,0
1.8308321888375410,98,99,53,6
1.6472078690590251,96,96,55,3
4.8917258655489446,100,101,60,0
6.0568674585410349,98,98,49,4
3.0078478393312778,98,98,56,5
3.2252613073725724,94,95,44,1
5.6518854348673182,100,100,53,5
1.4955749652235353,98,99,52,1
1.6939279866288062,98,99,56,3
1.9779412600062716,98,99,54,5
1.7294596939986677,98,98,52,5
3.5648729112810544,98,99,49,2
4.9686420856957190,100,100,48,6
1.3674271592253777,98,98,43,2
2.5467054572399452,100,100,46,6
1.1938896304758586,96,96,46,2
5.6370652938619052,98,99,53,4
1.7904962203994244,98,99,47,6
4.5626040797068770,100,100,46,0
6.0491183881789308,96,97,43,3
1.1192086421503940,98,99,43,4
0.2353412650211794,100,100,59,3
2.7572523655977470,96,97,47,7
5.5042696857763973,98,99,52,1
0.8352782542868323,98,99,51,0
2.4050966090026198,98,99,45,6
2.8086174071863210,100,101,57,7
1.6447322328159473,98,98,52,5
0.5295607383866519,98,99,49,4
1.4232838403694099,98,99,48,7
0.0988580234678788,98,99,46,7
0.7212785744467676,100,101,48,2
2.4921593773018018,100,101,39,1
1.3752452554210464,98,99,42,1
2.2278044538324724,100,100,52,6
1.0615789187444016,94,94,41,2
1.2769412057598344,98,99,46,1
1.5075710775042936,100,101,53,7
4.6886836782298804,100,101,54,6
3.4974552194589204,100,100,50,0
2.3173503616787552,92,93,56,0
1.3618091063579671,98,99,51,0
4.0012730539341543,98,99,51,6
5.3173213669652588,96,97,51,5
1.9747541464144884,100,101,48,2
2.5098290116893969,100,101,42,6
1.8939902241323243,98,99,45,2
4.9213774766323226,96,97,48,2
0.3533267945970160,98,98,50,7
5.9958406934130082,102,103,59,0
2.7455168014212532,98,99,55,0
1.6279935211767953,100,100,40,4
1.9800981790942269,100,101,57,5
1.5092851956139304,100,100,54,0
5.6494836406529876,98,98,53,4
1.6231539285872647,102,103,57,0
1.3050711272907907,98,99,45,0
1.5860932073778156,100,100,44,4
2.8584867875190145,100,100,45,5
2.6764878950040649,98,99,48,5
1.2072214429863195,100,101,48,6
2.2436950772880535,100,101,53,3
0.3216226917456566,98,98,50,5
2.6749091327785584,98,99,50,3
2.5714954174779492,100,100,53,7
4.8664604886340044,94,95,49,4
5.8623875997891659,96,97,51,7
5.5207446217151235,100,101,50,6
2.9313780432976149,100,101,52,0
4.6032533279530865,98,98,56,3
2.8056115760057634,98,99,52,1
6.1403904610432756,100,100,40,2
3.3226121774335731,98,98,58,5
4.2948197952906177,98,99,43,4
0.9120020155137023,96,97,46,6
3.9921684091198002,98,99,53,2
5.0551389115271537,94,94,51,6
2.8909051411783198,100,101,53,5
3.5994192329436485,100,101,55,5
0.3658672928561808,100,101,47,7
1.5785164759748251,102,102,56,5
3.6270476881805616,98,98,50,7
1.6224655109514576,98,99,48,3
3.8857115645462987,100,101,56,2
1.5542574124991493,100,101,51,3
0.1358100545532857,98,98,56,7
5.8588744770714278,100,101,46,2
6.2342363021812837,98,98,51,0
0.9334988543208151,100,101,61,7
6.0354121466592252,102,102,51,2
1.1243741684783763,96,97,51,7
3.4913587452124375,96,97,47,1
5.2686354529818864,100,100,56,0
3.1989406794747586,98,99,48,3
3.3421325777382394,96,97,45,7
2.7307509941755965,100,100,44,2
3.7052857552796481,98,99,48,3
3.5612290274538028,100,101,51,7
3.4303228205746681,100,101,59,5
0.0357493894814127,94,94,45,4
4.3707797796972523,98,99,44,1
0.9928895494930583,98,98,59,6
5.6973944751473775,100,100,53,3
5.1036432684006279,94,94,46,3
2.7270879179921592,96,97,55,7
3.8547318495126635,98,98,50,1
5.6656584492245523,100,101,46,0
2.9813777313945447,96,97,48,6
2.3654732787121007,96,97,53,3
3.7213423862082369,98,99,48,5
2.5762971036755982,98,99,49,2
3.9193455895275648,94,95,49,4
4.8783730427801384,100,101,57,5
2.7791768203049920,100,100,50,0
1.8789671750609496,98,98,46,1
6.2251279621535192,100,100,52,2
2.3941233705164029,96,97,55,5
1.1770232428282126,100,100,57,3
2.0462117918334370,98,99,47,0
3.7514371616243611,100,101,59,5
4.2601999526677430,100,100,53,7
4.8004194073982207,100,100,62,0
3.7234868627158328,100,101,55,1
0.2395883495402374,98,99,47,2
1.0318609521727677,98,98,48,1
2.9870336115976168,96,97,49,3
5.3405659615267993,98,99,59,0
2.7800090586881168,98,98,57,6
0.8533338246393326,98,98,47,4
2.2654341837957568,94,95,47,2
3.2403719698825246,98,99,58,1
4.5791203827076341,98,98,47,0
0.8447405829896695,98,99,56,3
1.1644952595142797,98,99,46,3
3.2144018656677336,100,101,56,2
2.4497226524943612,96,97,50,0
3.0139536915261265,98,99,57,2
2.0337109075312969,98,99,48,5
1.0876392820521794,98,99,56,1
5.5754468645293214,98,98,49,0
4.5303390007913942,98,99,52,7
1.4616806590152540,100,100,58,4
2.9712935175705368,96,97,53,5
3.9340184930821445,100,101,45,5
4.7345310747934386,98,99,50,5
3.8314076119404890,100,100,51,1
2.7581355075489560,98,99,53,0
0.0835059377438557,98,98,55,0
2.6102398587163411,100,101,54,0
1.4059335605802097,100,100,52,2
4.2473444481591951,96,96,57,3
0.8913465705442467,98,99,49,0
3.0540161243922799,94,94,46,1
0.1417096583591407,102,103,51,4
0.1880002242205939,96,97,51,7
2.2937860350462445,98,99,48,1
0.5676007757990615,94,95,48,5
1.6786261241753804,94,94,54,1
3.7435863746581415,100,101,49,1
2.0705988743323140,98,99,49,6
1.6255911165057595,98,98,48,3
1.3937353679797977,98,98,57,6
4.3713139611782372,96,97,48,2
3.1021162567812732,98,99,44,3
4.0123947072831161,92,93,49,5
6.2155114578801012,98,99,47,2
0.2665052562030696,98,99,50,3
0.5573234440900637,98,99,48,1
4.8084215545936217,100,100,57,7
0.8134943990800954,98,99,57,2
2.8838744481718117,98,99,54,7
5.3676241925535750,98,98,45,0
5.9801260618061267,96,97,58,2
3.7951923608565465,98,99,48,5
4.0629968589237428,98,99,44,1
0.6527695692937232,96,97,46,0
2.6511789959315699,100,101,51,1
3.3288813991674688,96,97,42,6
3.2124258235310044,100,101,53,5
4.4821627087060012,98,98,48,1
0.3548047695060290,98,99,53,6
6.0709760685398155,96,96,50,6
3.7321894840840115,96,96,47,3
3.7381098562823691,96,97,52,6
3.4163683666213420,100,101,45,3
1.0460547342554969,96,97,44,4
6.2274991942183604,98,99,48,5
5.2253803390684803,96,96,51,5
1.6975392604595243,98,98,41,0
1.1086611724342661,100,101,45,3
1.4924540834525348,98,98,43,2
2.8269145572588084,94,95,46,3
2.8045591130639025,98,99,53,0
4.0901874191888972,98,98,49,2
4.9705823738568409,100,101,54,0
5.6769582130524681,98,99,58,3
3.9235835337982676,98,98,52,7
3.3492813516718809,98,98,43,6
3.8603013437631541,96,97,46,4
1.3579916489584845,100,101,54,0
0.0305378420266840,96,97,52,0
5.6955640639092096,98,99,48,5
6.0489686271498524,94,95,39,0
4.8070160386112688,98,99,44,5
5.3138480964290791,98,98,44,5
1.0934284074815286,100,101,53,5
5.0386976083451618,100,100,44,2
1.9236054876663877,98,99,43,2
3.2916253955046204,100,101,51,3
0.5413587626931713,94,95,52,1
3.1994760184790456,98,99,45,4
2.9853531801917033,96,97,52,2
4.5919410314683979,100,101,55,1
4.5619922193632609,96,97,49,3
3.1382841778103252,96,96,42,6
3.3930293780250809,98,98,54,5
4.2900430881134115,98,98,53,4
4.9645271300041074,100,101,61,5
6.2212904006243042,100,101,56,4
1.9363135703080476,98,99,48,5
2.1595864293934088,98,99,48,3
1.7804770028027028,96,97,48,0
1.3780061665797192,96,97,49,1
4.1301264997786502,98,98,57,6
4.0823008848622084,94,94,40,7
3.8319444902784250,98,99,49,4
6.2249446262289396,98,98,48,1
3.8733516124113203,96,97,50,4
1.8628127892014477,98,98,49,6
5.6683370505332551,100,100,51,7
4.3180587648073097,96,96,55,5
0.6474513349406422,98,98,58,3
0.8056891506582760,96,97,60,2
1.6991089260222909,98,99,44,3
4.3988419813020547,100,100,45,7
0.2963059214732962,100,101,49,3
5.3255875156005024,96,96,53,5
5.9753631914867951,100,101,44,4
5.3401269151407256,100,100,46,2
4.2851821271404553,98,99,47,0
5.8170007685144220,94,95,45,0
4.8998426579601926,100,100,50,2
1.9570180825323242,100,101,46,6
2.8203982387174240,98,99,45,6
2.1321871158665586,100,101,60,6
5.5967064878323471,96,97,45,3
1.6078668222171715,98,98,49,0
1.3285990459187498,100,100,57,7
0.6152881693957203,96,97,48,6
6.1755817546075491,96,97,54,2
5.4327309969955868,96,97,59,5
1.8525464592573562,98,98,49,6
5.7115145208033349,94,95,55,6
1.1801052808839949,98,99,53,0
1.7928582226716661,98,98,46,1
2.5610771095103906,98,98,43,0
1.5720324440108771,98,98,57,6
5.3121537479103358,98,98,47,0
4.8010370985064874,100,100,52,0
4.5751459711019162,98,99,54,7
1.4801409254559266,100,101,50,4
1.1419151374331453,100,100,53,3
4.8371208515404041,98,98,44,7
6.2218112074174838,96,97,52,0
0.9515171388969633,98,99,52,7
4.2152602921295541,100,101,54,0
2.3206704774902347,100,100,54,0
3.6173649837862620,102,103,54,1
1.7465522794314474,102,103,58,3
1.0870079869861564,98,98,53,2
5.2335801947654872,102,103,50,3
1.2108890896379325,98,99,54,7
2.1274312202102315,98,99,52,3
5.8080393875650094,98,99,48,3
1.8203382116860203,100,101,53,5
2.5510056435771307,100,100,48,4
5.3939959314020252,98,99,54,3
2.8501397218343185,98,99,50,3
0.9294818141812360,100,101,52,0
5.0952292010669105,98,98,41,6
3.4131432175207990,96,96,43,7
4.2454009763912444,100,101,38,2
0.6854937921930340,98,98,52,1
5.5672747483598011,100,101,60,6
2.6472772035025769,100,101,51,1
2.3772885842701479,98,99,46,5
0.3908538401641490,98,99,57,4
0.3623083007234005,100,100,46,2
2.1524898738861040,98,99,51,2
2.7249509437165411,98,99,47,6
3.5587943418452266,98,99,46,1
0.3035489216797261,94,94,46,5
0.6434562499284464,96,96,40,2
4.8214423857413218,98,98,49,6
0.0130643997535143,98,98,55,4
0.8652818564260089,98,99,57,4
2.9341216439661579,98,98,49,4
1.2474796110594781,96,97,52,0
0.8713020129025071,96,96,53,3
0.8200814840586330,98,99,52,7
5.6700386984091766,98,99,40,1
3.1831761626018307,96,96,51,1
2.7057190143634684,98,98,51,6
3.4970745049126770,98,98,44,3
2.5661320564471803,98,99,62,5
2.3266474522379732,100,101,55,1
0.9538174091033789,100,101,46,6
0.2651757837278525,96,96,53,1
5.6973102216800449,98,99,49,2
4.4371318428732467,96,96,45,3
1.1475400739849000,98,98,49,2
3.6761377410120026,100,101,54,4
3.8757133290838106,98,99,54,5
3.2769065718687256,98,99,55,0
5.1238609225926215,102,103,46,3
2.2643559760876935,98,99,60,5
5.4453597976553656,98,98,59,4
4.0897974333260763,98,99,53,2
0.6324676089404901,100,100,48,4
4.0973230971285908,94,94,59,6
3.5681989517569868,96,97,41,3
1.3911651486709957,100,101,47,7
4.5488406411965352,100,100,51,3
3.7331596960727151,96,97,48,0
1.4559878264187747,96,96,52,4
4.6877576408049224,100,101,56,2
6.1615465667117588,98,98,46,5
2.1677801707985807,98,99,46,1
3.3448697759847383,96,97,55,3
3.3974741481001143,98,98,58,1
6.1902968002929306,100,100,52,0
4.0339272156967070,98,99,57,6
3.9250548068485438,98,99,41,2
5.0726699180951389,100,101,56,0
4.3443268328224640,98,99,48,3
4.0527757614134874,98,99,51,0
4.9325015358788686,98,99,54,5
4.4521574305685183,98,99,51,4
4.8450224153447907,98,98,57,0
5.1080360639608653,98,99,48,5
4.1545261511865625,98,98,46,3
1.5974422842077141,90,91,47,6
4.1243037715412845,96,97,46,2
2.0207556753746312,98,98,57,0
5.6666788627094782,100,101,48,4
5.8364954582669446,100,101,56,4
3.4607383199823305,96,97,64,2
1.2900238063909422,98,99,51,4
4.4551532699973562,100,100,50,6
2.0822111332647184,98,98,53,2
2.3996467025553971,94,95,45,2
0.8747847690207154,100,100,43,3
3.2553005173703071,98,99,50,5
4.3834746103410565,100,100,51,5
1.7120030160398614,98,99,44,5
0.0519447023899902,98,99,49,0
1.1853694946045168,98,99,44,3
0.1203913760065273,98,99,48,7
2.9469089407366704,100,101,42,2
5.4416481840094857,98,98,44,3
1.7082635873919112,98,99,45,4
1.4668813627960597,98,99,57,4
6.1570061498254187,100,101,66,4
2.6074616654003062,98,98,54,7
5.5199022083358447,98,98,48,3
3.1825014032507748,100,101,51,7
5.1774096758040749,98,99,50,1
4.8807038197668300,96,97,48,0
3.8511212583857146,98,99,42,7
1.3161909879507945,90,91,49,0
4.3096455509238760,96,97,45,1
3.4695759374067108,102,102,49,0
4.2835427636082102,100,100,59,1
2.0664270098407571,98,98,50,3
2.2876543820077786,100,101,60,4
2.6670162908358788,98,99,52,3
1.9701565180125769,100,101,66,0
6.1613288420491017,98,99,49,4
2.2042732798801765,100,101,54,2
2.5868003638522414,100,100,53,5
2.4298390710926059,98,98,52,7
6.0647520107020503,98,99,52,1
5.4836714582018145,98,99,52,7
3.3505989235214164,100,101,53,3
3.8672228030417282,100,101,48,2
0.7913679046595902,98,99,54,5
2.2625119754353307,98,99,48,3
0.2654333091418481,98,99,43,2
4.1770389356872277,100,101,49,5
3.2115695259661554,98,99,63,0
0.9648094064853451,102,103,45,2
1.1698167019197292,100,100,49,3
5.2167652679870162,96,97,46,0
0.7361478290490012,98,99,55,2
4.6670179559474523,96,96,44,0
4.4840826656131823,98,99,55,4
0.5777783711699833,96,96,48,0
0.8092285665289390,98,98,60,3
1.7837158813373013,98,99,51,0
4.0988289423516644,96,97,54,2
0.4033942989755427,98,99,47,4
5.4661433967839823,96,97,58,6
3.1794532784900245,100,100,60,4
2.1563472797196708,94,94,55,0
1.1972481134119322,102,103,54,5
0.4042451669303476,98,99,58,5
0.6608722867586960,96,97,43,7
0.7382292661694464,102,103,50,3
4.5193248482286892,90,91,49,0
0.6614783580295259,98,98,40,5
5.0151012248266804,98,99,60,7
0.4300862191396225,98,98,54,3
4.7824035036429562,100,101,58,4
0.5675664635569765,94,95,48,7
0.7554302897454227,96,97,48,6
3.2229135272870324,100,101,51,3
5.6660450418759867,100,101,47,5
5.7259997057996630,96,97,50,0
4.6072248720940845,100,101,53,7
2.8141419703517054,96,96,49,7
4.3451906488641727,96,97,49,1
4.6530480342815519,98,98,49,6
2.9848830454099384,98,99,50,1
3.9779304759895617,98,99,55,0
5.7262165629843471,100,101,54,2
2.3844019147263094,98,98,43,2
2.6101323305823128,96,96,44,2
4.6404565079636875,94,94,55,2
6.0199584768094665,100,100,55,5
4.7901604037242995,96,97,58,2
3.8340037238477658,100,101,47,3
2.0894689619871873,96,97,59,5
2.0990856727783682,92,93,51,7
0.6323828277678282,98,99,46,7
4.6627760051129368,98,99,50,7
6.0529238816304352,100,101,44,2
4.7570563904801988,98,99,57,0
1.0738513351787531,96,96,54,2
4.6904116997104204,96,96,50,4
0.3160276311840021,102,103,50,7
0.1967193058300719,100,100,50,6
4.4827309464568401,92,93,55,1
4.0789144109383164,98,99,43,6
5.9537789532842185,98,99,43,2
5.1777929851248361,92,92,47,5
4.3141304943392162,98,99,47,0
2.9062537949388352,98,99,45,0
1.0843509678918990,98,99,52,7
1.8451300817888678,100,100,52,0
0.4887128367411204,100,101,45,7
6.0889736910588708,102,103,64,5
0.1298926785466079,94,95,40,5
0.6992164993713172,98,99,46,1
4.5587451030473254,100,100,45,5
2.7932614426184759,100,101,49,7
2.4396937184910255,100,100,54,6
4.4595922677181496,98,98,57,6
4.7686499049121318,98,99,46,7
3.0408329392382254,100,101,53,1
1.1632911403238664,100,100,56,4
5.8698630292883172,96,97,53,3
2.2493460562139815,98,98,54,5
1.1248812386798799,100,101,44,2
2.1863048415504776,96,96,49,3
6.1257927866364099,98,99,50,7
1.0897325683686068,98,98,49,0
4.5442709800744625,98,99,50,7
4.4320402946730857,96,96,47,5
4.0727284915918309,96,97,50,0
5.6943713937805311,100,101,55,5
2.5402002936936410,100,101,50,0
5.7420809499343104,96,97,54,4
1.4618734011357180,100,101,47,7
2.0358065241796468,96,96,46,0
4.2948121335962188,98,98,43,0
4.7385452004682946,102,102,55,6
1.0337265738918482,100,101,55,1
3.2010583511327355,98,99,55,6
5.3930743316225467,100,100,51,3
5.1442870109310830,100,101,41,1
0.5450940117903872,96,97,52,2
1.3737468433433069,98,98,50,7
0.1100733095424257,100,101,51,1
3.2504232220595615,100,100,55,1
4.4880108099197233,100,101,56,6
5.7045901150752929,104,105,52,6
6.1340803087092715,94,94,49,0
3.9636750991044747,98,99,51,6
5.9046576279773593,100,101,55,3
0.1194626478131250,100,101,58,4
0.0451814342296166,96,97,43,7
4.3215994610799120,98,98,50,1
6.0193312017286349,98,99,48,5
2.6918153542063319,98,98,48,3
5.5992666146745487,96,96,48,4
5.6462351950832526,96,96,51,7
1.6596572535090814,98,99,53,0
5.9333441685002448,98,98,48,3
6.2648558471867961,98,99,44,7
5.9837285909502116,98,98,53,0
5.1371510564066920,98,99,56,1
6.2751332600163021,98,98,45,6
6.0050798018918865,96,96,56,2
4.9852432002553808,98,99,37,6
2.2798403867239583,100,100,51,3
0.3180900757055838,98,99,57,0
2.6858728125262941,98,99,47,6
5.2878067029599221,98,98,50,7
3.1175919359557378,98,99,52,5
2.4505405158132918,98,98,50,1
5.6066207467434879,98,98,52,1
2.6767856273231190,100,101,50,4
2.5406875905132837,98,99,55,4
2.0142782278459648,100,100,51,3
1.0601416343826278,96,97,47,7
1.8408997570940631,96,97,54,6
2.6842767930373115,98,98,51,2
3.9118660820649338,100,101,60,6
4.2901420485713881,98,98,59,0
3.5243844662665977,100,100,53,7
2.2889922265510410,96,97,52,6
5.3175414483867272,100,101,54,4
2.2910747527235187,100,101,60,6
0.1345632842425620,98,99,56,1
2.9571444598972820,100,101,45,3
2.6256948545582994,98,99,50,1
5.9216695996074202,98,99,46,5
1.8679228694176191,98,98,62,3
4.9802349101851418,100,100,55,5
2.8634111423384434,98,99,61,0
4.8724140281032593,98,99,55,0
5.9458986127616740,98,98,47,0
3.3494870107200994,98,99,50,1
0.4476078449247005,98,98,46,1
3.2534089486134938,100,101,46,4
3.8953471335963727,98,99,50,3
2.6421190109225408,98,99,49,2
2.8314233516164875,98,98,45,2
1.1785997846861727,98,98,38,1
4.5375103625137081,100,101,51,3
5.3580640722047308,98,99,49,4
6.1835714871577778,102,103,45,4
5.6577360420392031,98,99,48,3
1.6313623145887828,98,99,50,5
4.4652045849398361,98,99,51,2
1.8570667909655652,96,97,46,2
0.0437586796710068,100,101,52,6
2.4397014799896537,92,93,53,3
1.9040613615699320,96,97,47,5
0.3502039249876867,100,101,55,3
4.4190965536448852,100,100,49,3
1.2383481095273445,98,99,50,5
3.2039100349347800,100,101,47,1
2.9604451495368180,104,105,52,0
3.4463631345835473,98,98,50,3
5.4595308369603792,98,98,54,3
3.8604837103159184,98,99,52,5
3.7575350212211691,98,99,48,1
2.2464925509286822,98,98,51,6
3.3945886187751362,98,98,56,5
1.1264450137405118,98,99,55,0
6.1122619159151252,98,99,60,7
4.7368386061351044,98,98,50,1
0.3173005011406482,100,101,50,0
4.6408328942593240,100,100,55,5
4.7016810038718102,100,101,50,2
2.8116131792065406,98,98,57,0
5.8409894507271085,102,103,50,5
3.1062566339193833,98,99,49,4
4.7587767741796805,96,96,51,3
2.7514283375225537,96,96,55,7
4.1545416730032265,100,100,57,7
0.0011208317151344,98,99,50,7
3.3706320066500823,98,99,53,0
1.6366161136713344,98,99,57,4
6.2518849571316100,98,99,53,2
0.9056970115147437,100,101,44,6
5.2426249942634033,98,98,59,0
0.0978590051778429,98,98,52,5
5.2393852715054310,102,103,57,4
4.0021374299366181,96,97,47,5
4.1326246963354674,94,94,40,1
5.0412094905924620,98,99,49,0
2.2291697641528150,100,100,48,6
3.5401362066441666,100,101,53,5
0.9800785084269011,100,101,60,0
3.7869557948946939,100,100,40,6
4.8966431728264777,100,101,51,7
1.2445262264924430,98,99,48,3
0.0483618185592325,98,99,58,1
3.5617698252971550,98,99,53,0
4.4851694061783594,100,100,42,0
5.2446538228703199,100,100,64,4
3.4718342250067447,100,100,58,6
3.4412762144006908,100,100,54,4
1.6752399880698081,96,96,60,0
1.8015781187808015,96,97,40,6
4.2021493520731665,98,99,49,4
6.2637583288942178,98,99,45,6
3.8263751207568659,96,96,48,0
2.6920198499389882,100,100,48,2
3.7652592214146900,98,98,42,5
3.9365891330041460,98,99,50,7
0.0894594242730159,98,98,58,7
5.9052154678649948,98,99,50,1
4.6224884244992008,98,99,39,2
0.0490702805411716,96,97,61,5
0.3946653673786547,98,99,51,0
4.5800365549017590,96,97,42,2
0.0839228413312732,96,96,46,2
0.7463284944805439,98,98,43,4
5.1730963582825709,96,96,46,6
0.1312573880873483,96,97,48,2
3.8739504263775402,98,98,42,3
0.1566580547848721,100,101,58,4
5.3941840235022456,102,103,50,5
5.7741331123241615,94,95,39,0
4.4346421553640329,102,102,46,5
3.0506709499753208,100,101,59,5
1.8226259009053034,102,103,51,2
1.1203980623806076,98,98,47,4
0.6170693054243964,98,98,46,1
3.6502210953852257,98,99,55,0
5.9024291167365073,98,98,51,4
1.9637475283363888,98,99,39,2
3.0285374476078157,94,95,49,6
2.0033726120699313,98,99,49,6
1.5918954480722356,100,100,51,3
6.0028370531590065,98,98,56,7
4.7572336776481032,100,101,46,4
4.8287210348707958,98,98,54,3
2.9054123571668433,98,99,49,6
2.8896177235579965,96,97,47,1
1.1210623562241426,100,100,53,1
0.7122302013720755,98,99,52,3
1.9637258478304802,96,97,54,0
5.6475596560078252,102,103,51,4
0.5970179378733669,100,101,49,3
3.1940290313192108,98,99,52,5
1.7831149032135460,100,100,56,2
3.5143687970695443,94,95,47,0
5.6085803642025782,98,99,56,3
0.9304558070800915,98,99,50,1
5.4160505749822345,100,100,45,5
5.4269833680659003,98,99,59,4
5.9643159333963069,100,101,55,1
3.9929357475743363,96,97,46,6
4.9692897128992124,98,99,48,1
3.9614467231605395,96,96,50,2
0.4074897243345140,100,101,51,1
6.2183264728479770,96,96,53,1
2.2686684248706359,98,98,48,5
2.6233209497605978,98,99,52,3
0.6300630215848364,98,99,46,5
4.4885522736431342,100,101,53,7
4.5037737851243334,100,101,50,6
4.5648180395026143,96,97,52,0
4.6420032070956188,98,98,59,6
4.0749927596376363,96,96,60,2
0.7820839347966078,100,100,45,5
2.0879957061075403,100,101,61,3
5.0520436672203557,98,98,51,2
1.0745285772070199,98,99,50,7
1.9777939628621473,98,98,61,6
3.8746966416725805,96,97,48,6
1.8842137886840398,96,97,56,6
2.2177725599202009,100,100,40,0
4.1477161447201025,100,101,46,6
1.2516348245943070,100,101,45,1
3.0331174856047229,98,99,53,4
4.0903660296164261,96,97,53,1
6.0209488237113966,98,99,63,6
2.6169312148073978,100,101,60,2
3.9013561177861367,98,99,44,3
5.2177265460022850,98,99,50,7
2.8250145200892196,94,95,52,7
6.0096422849129381,100,101,42,2
1.1602520496522160,98,98,41,2
0.1160066080076070,98,99,50,1
3.3528773305352604,102,103,51,0
5.5009610941134390,100,101,50,2
4.9469510025691479,98,99,40,1
0.4604691354491914,98,99,51,0
1.4756739722107779,98,98,52,1
5.3937393927935569,98,99,45,4
1.7272302046776347,96,97,50,4
2.1724344931123305,98,99,54,7
6.0965566295644305,100,100,55,5
0.7193062009042219,98,99,45,0
2.4286627676781034,98,99,56,1
5.1238640525478285,98,99,46,3
3.0187126234972190,100,101,53,7
4.6321122930438925,98,98,51,4
1.9883423438673145,98,98,47,6
2.2796109158210207,98,99,58,3
4.2825349170642442,98,98,51,0
2.5176326594378229,100,100,48,4
5.1527377307590356,96,97,45,3
2.1327160583769378,96,97,45,1
3.9455915819218554,100,101,50,4
5.8044320367180262,98,99,52,3
4.1049518504191678,94,95,48,5
6.0243171596671719,96,97,47,3
0.7329297768732290,98,99,48,3
5.6709140540492982,96,97,49,3
1.9432156236986047,94,95,55,4
3.3891626820236369,98,99,58,5
2.8592122120590338,96,97,63,3
5.8857824775390633,100,101,51,3
0.9917704644819061,100,100,48,2
5.4605485657152970,100,100,42,4
4.1951462975006883,98,99,51,2
4.6154127300980905,100,101,57,1
4.7004992667227405,98,99,54,5
0.1169171779890100,98,98,44,1
1.6421220944592556,96,97,51,7
3.3624242209946478,98,99,55,0
5.3248370501079219,98,99,51,2
0.8168659623960131,98,99,46,7
4.6625477875830308,98,99,42,1
5.1470014556126458,100,101,60,6
2.8837260345177986,98,99,53,0
5.3582377881507490,98,99,58,1
2.3966313870381932,98,99,52,5
0.8311299619395369,98,99,48,1
3.1002450863905460,100,101,48,6
2.3209693363654140,100,101,55,5
3.2282328707998733,98,98,50,5
5.2367357434772561,100,101,56,2
0.3975022164012522,98,99,42,1
2.2419056740065511,100,100,51,7
1.5991614842738993,100,101,59,1
4.6354973540323066,96,97,51,3
5.3599640665461887,98,99,55,4
4.5430636735450287,98,99,52,1
4.5444463298346003,102,103,56,7
3.7888432958772755,100,101,63,3
5.2524641621035935,100,100,44,4
3.0896128914600491,98,99,52,5
1.2638989944140377,100,100,55,1
5.4830091360882509,96,96,50,4
3.9531678330300859,96,96,52,2
1.5481717432005291,94,94,49,2
1.9284974784548166,96,97,53,1
3.1415773158296401,98,99,39,4
1.3772072045890813,100,101,53,7
2.6059246631395672,98,99,54,1
1.6466055947954896,98,99,53,6
4.0248858791481812,98,99,43,0
3.1112281497122645,96,97,48,2
1.5739801219395002,96,97,52,6
1.8303816984899868,98,99,51,4
0.3663143552733705,98,99,48,5
1.1126500663073888,96,97,58,6
4.4959487892833057,96,97,46,2
1.3696292489784976,98,99,61,0
0.9116893163174563,100,101,50,6
0.8273056479578784,96,97,52,4
2.2794981699817316,98,99,49,6
4.8559714896932702,100,100,52,6
5.2935995053908540,96,97,57,1
5.3679275403611202,100,101,37,7
4.3605453470384354,98,98,54,3
2.4007676006703109,98,99,54,3
1.7826470339785312,98,99,58,5
2.8336874631377071,94,95,48,7
5.8189617126694504,100,100,51,5
4.3418196602549335,100,101,51,7
0.7560609765675230,100,101,52,2
4.9075388373246893,94,95,53,4
0.1406442367208119,100,100,46,2
5.6603976638100422,100,101,57,1
2.7397533397205716,100,101,49,7
5.7561471293913362,98,99,42,1
3.4158044827028404,98,98,55,0
0.4221631622729159,98,98,50,3
4.2351300345528262,100,100,57,1
0.4877375309999583,92,93,55,3
1.3131498155853885,96,96,48,0
3.8070524900426777,100,100,49,3
2.4492424055338300,96,97,38,4
1.4390490346966958,100,101,44,6
5.5497088997588628,100,101,61,3
1.7740318866494211,96,97,53,5
4.0392746183513131,100,101,50,2
0.7535793200495137,98,99,55,6
4.2456710512080393,100,101,51,3
3.2467791684967806,98,99,55,6
0.0462735353129065,100,101,55,7
1.0113963479947088,98,99,65,6
2.1569337932731592,98,98,57,4
3.5752949151318911,98,99,49,6
3.2167236755245634,98,99,53,2
2.1474764310894727,100,101,58,6
5.0340218491054127,100,101,44,4
3.4881712039417532,98,98,47,4
3.1379574722679440,90,90,42,5
2.8344960134262620,100,100,43,5
4.7634433317562905,98,98,43,2
5.9984263246827858,98,98,44,7
2.1917216360622169,98,99,56,1
4.4424180130294912,98,98,42,1
4.5251236542194002,98,99,58,1
0.7193119494709419,98,99,50,1
5.4978642716044863,96,96,46,6
3.3993567029365650,96,96,50,2
5.1213302001929204,98,99,49,4
3.6132780474733477,96,97,51,3
2.6560875674537439,100,100,57,5
1.8588097438442319,96,96,54,2
1.3322520804845897,98,99,52,1
1.9720757167027181,98,99,54,3
5.6588019686259061,98,99,53,4
1.4864773637853903,98,98,51,4
2.7408649254272563,100,101,56,2
2.5794142720436226,98,99,52,7
0.6380580913561325,98,98,49,2
3.6516351393394797,100,101,53,3
1.0356136784786576,100,100,47,5
0.2629082073983246,98,98,59,6
4.9995210207951235,98,99,50,3
0.8059556086035968,98,99,55,2
3.6478443333564359,100,101,46,2
6.0349917069640844,100,101,51,3
2.9032978969036733,92,92,55,1
3.6768226405444500,100,100,57,7
3.0849855426491963,100,100,53,1
3.2575106208912672,98,99,46,5
1.4842995031517721,98,98,40,7
1.9017679136358805,96,97,50,2
0.8549105482898489,92,92,44,6
1.7400709124949274,96,96,53,7
4.7218767247004738,96,97,54,0
1.6373225041409760,96,96,48,4
4.8855394567740618,98,98,52,7
1.9998442612232403,100,101,55,7
1.9140147614358571,102,103,54,1
5.4186220351883732,102,102,47,2
1.2705896042410141,100,101,52,6
2.3627553625494904,96,97,50,2
2.3042322369818327,98,99,58,7
2.7780579748574445,98,99,62,5
0.0309736322285071,98,99,48,7
1.3848819137447934,100,101,53,7
3.0434100190906319,98,99,54,3
5.6280167834825336,100,101,55,7
2.2088918584516155,100,101,54,0
5.0855572887688725,98,99,49,4
5.4094229890760177,98,99,42,7
1.1127641385110754,96,96,48,4
4.1574936388122978,98,99,49,6
5.2676545837704589,100,101,57,7
2.2570902231034555,98,99,51,2
3.8867265428427009,100,100,46,2
1.2896771329506620,98,99,46,3
0.7879762060228412,98,99,55,4
0.7606163415404749,100,101,50,2
2.7566458980022368,96,97,55,1
4.6969904743540907,100,101,46,6
4.9831784030498207,96,97,49,3
2.5557193436176244,100,100,49,7
5.7484519794634314,94,94,46,7
0.2449502647361357,98,99,58,5
0.6331399868731903,100,101,45,1
3.3018181151479684,98,98,42,7
4.0071031813536271,98,99,54,5
0.1464099354158022,100,101,55,7
5.8843154432276732,100,101,56,0
4.7555677019180873,98,99,51,0
4.0833715988796691,100,100,55,3
1.8920793040368982,92,92,46,4
1.9396171967357723,98,99,53,2
4.7857409542749068,98,98,47,0
3.6890173453777977,96,96,46,4
0.8415891562859048,98,99,48,1
3.7787086149441991,100,100,47,7
0.9305240354815579,96,97,51,3
4.7561077254817876,102,103,60,7
5.2755140655278145,98,99,52,1
5.6880261391423135,88,88,51,7
3.8412955219553502,100,101,65,7
1.9828963594192923,96,97,47,3
3.2893111889421873,100,101,54,4
0.1829411964958020,96,97,40,2
0.9242240723360839,94,95,35,6
1.8283933710124618,100,101,52,2
1.6564603732759731,98,98,57,0
4.8153516992119556,98,99,48,3
1.8813762146646382,98,99,56,3
1.2827905405019067,98,99,56,7
4.0040063429505572,98,99,57,2
0.9045309146593646,96,96,43,7
6.2787476460240779,96,96,50,4
2.1499106615910941,100,101,49,7
5.9267842976477851,98,98,41,4
3.2363786747014309,96,96,55,7
1.0536761053693811,98,99,56,5
2.7799410639499080,102,102,47,4
0.8133680536373487,100,101,49,5
2.2511830396039327,98,99,50,5
0.6042849592211229,100,100,52,6
1.3958275970697305,98,98,56,1
5.6800734072716033,94,94,41,0
2.5423896552787975,100,100,52,4
0.0860471154682284,100,101,50,6
3.8259864387050428,94,94,40,7
5.4045361551897031,96,96,55,5
4.5744256288217082,98,99,58,3
1.2840116137002189,98,99,59,4
5.5650980846273352,98,99,40,3
2.9237420170314676,100,101,55,5
1.2443324653809715,98,98,56,7
1.8621512212680147,100,101,55,1
0.8781170119628017,98,99,45,4
2.1167579589926557,94,94,42,3
5.6310016457617289,98,98,57,6
2.3118600737785711,100,101,54,0
4.8117978551317231,98,99,59,2
4.8950553368319074,100,100,57,5
0.1788966239423261,100,100,55,1
3.6105975698667661,94,94,54,3
3.1749105639504633,98,99,58,7
2.2328374713959036,98,98,52,5
2.7034211148493865,100,101,49,7
4.8822560555572077,98,99,53,4
2.4843808014289008,100,101,62,4
5.7076850028582067,100,101,57,1
3.9724327985979668,98,98,41,6
4.3806399072451141,96,97,59,3
5.8174136132417287,98,99,60,5
5.0597331744692875,100,100,54,6
3.2535533679640918,100,100,53,5
3.5155384174265101,94,95,40,7
0.9885460826931901,100,100,58,4
5.2475375009550334,96,97,54,4
2.2061295625607631,96,97,56,0
1.2106263799286507,98,98,56,1
4.1259608609501779,98,99,50,7
2.4438222678850194,98,98,38,1
3.6712508385328779,98,98,45,6
3.3339367395825872,92,92,46,0
0.4743215028281590,100,100,57,5
5.3251779245521638,98,99,48,7
1.7836144001907106,100,100,50,4
0.8610293487362264,100,101,53,1
1.7434707937913136,98,99,45,6
0.1466527997151903,102,103,56,7
3.3642278747149725,96,97,48,0
0.7393391792565360,98,99,46,7
4.1229507605718476,98,99,41,2
2.3189286248629579,98,98,46,1
3.5642942421674535,98,98,42,3
0.0994925009876195,100,100,50,4
2.9534395893983696,96,97,58,4
2.8669476506872482,100,101,50,2
1.9962976184577303,100,101,53,5
2.5314848901988785,100,101,57,3
3.9741354516670278,100,101,54,6
2.1551476989849569,98,99,48,1
5.0172028732252114,98,99,50,1
5.8322059205195220,96,97,52,6
3.2168128715553217,102,103,52,7
5.2380088932677316,96,97,57,7
6.2359371819356895,96,97,44,0
3.3757724101616913,100,101,46,6
2.0870079057078477,98,99,52,3
3.2649249156787437,98,99,46,3
0.0092379723384546,94,95,55,4
4.9447498908514467,98,98,50,3
2.0790611755546515,100,101,58,4
3.1002805951290471,100,101,61,1
0.5148538997498611,100,101,50,2
4.1881591785026657,94,94,56,7
1.1194483072375698,98,99,52,1
4.8320767336202612,98,98,42,1
3.5321099902715631,100,101,45,3
1.7261966497109114,100,101,57,5
3.7217925887483383,100,101,48,6
3.2370832718183840,96,97,47,7
5.5346210636565107,98,98,56,3
1.7172997700362866,96,97,42,0
1.6473981933530870,100,101,59,1
3.8016569739829369,98,99,55,4
5.5714732087162986,98,98,57,4
3.6941054450668180,96,96,50,6
4.3702548339482030,100,101,55,3
1.6292272674414296,100,101,54,0
1.0184215035338844,100,101,46,0
0.1633826421217539,102,103,51,6
3.5530081635434354,96,96,54,2
0.3573004713741003,98,98,55,6
5.6273745943084901,100,100,45,7
2.3251893951236471,100,101,54,0
5.2736676571852339,98,98,47,4
0.5866089534687188,98,99,56,7
2.1073982529386459,90,91,51,6
4.2466225660747190,98,99,50,3
5.0343661076171973,100,101,55,3
3.6478444450400094,98,98,49,2
0.8698263245098933,100,101,55,5
4.8974091728619973,100,101,39,7
1.8170759222752013,100,101,45,3
3.8049847076068706,98,99,52,1
2.1934972958666217,100,101,48,6
2.9524301164118896,100,101,54,6
2.9015890905503015,96,97,46,2
4.8386711630126342,98,99,46,3
3.5427820247988215,100,101,43,5
3.8304391393174191,94,94,44,7
1.4319183605670101,98,99,55,2
0.0509101912429127,98,99,57,4
4.2562483246526996,100,101,52,6
4.5575319763259907,100,100,38,4
5.7999730911219052,98,99,53,0
1.5404406747835482,100,101,52,0
0.1605487856336415,96,96,48,2
4.5123912009547116,96,97,46,6
1.7727703063380489,94,94,42,3
5.9937420318806618,100,100,45,3
2.4669398479096452,98,99,48,7
5.9670573344453963,100,100,53,3
3.6923260320649072,98,98,53,6
1.6905072923735960,96,96,56,6
1.7993708328368025,98,99,46,7
1.6676341260106053,98,98,48,7
4.5087070291604459,98,99,50,3
1.6266232796722293,98,98,54,5
1.0072571318249459,98,99,48,7
1.5077103501154210,96,96,46,6
0.2481992026164670,96,96,49,5
1.4504988180491887,98,98,48,5
1.7831738983621388,96,97,46,0
1.1478112908661748,100,101,41,7
5.5994043371073561,96,96,49,7
4.9447897698025125,96,96,55,1
5.9640936379021188,98,99,55,6
0.6513974716297314,98,99,40,5
4.6613427965155436,100,100,50,2
5.6369669106053708,100,101,55,1
1.3534789440347725,100,100,45,5
1.1150786610678005,98,98,51,2
4.9871260114444151,98,99,52,3
3.2855608641475462,94,95,60,3
5.6153812093557764,98,99,51,4
5.2129639861656702,98,98,47,6
4.2885382556187368,100,100,52,0
2.0047108799650077,100,101,46,4
4.4294386460028852,100,101,58,6
2.5999689551739329,100,101,51,3
3.4277257206428651,100,101,51,1
3.6213119485079455,102,103,48,3
3.0421359714509335,98,99,47,0
1.7523766064241344,96,97,53,1
5.2548367962855078,98,99,52,3
3.5760627963963016,96,97,52,6
4.4676652451816938,98,99,45,6
1.5532721772954385,96,97,49,3
4.0753020499761270,98,99,48,5
1.3032073585356461,98,98,48,7
1.4447775241678913,100,100,51,1
5.1846251603574149,102,103,48,1
3.8971182752995830,100,101,56,2
5.6191583364279820,98,99,46,7
3.8035164669999046,100,100,47,5
4.8815486301313742,98,98,48,1
1.2455789955190231,100,101,52,0
4.7882110719332562,96,96,46,6
4.9417984157598456,100,100,57,5
0.2087490182468052,100,100,58,6
6.0290784233827601,100,101,58,0
5.5689806110067481,98,98,41,4
1.9461862434190704,100,101,51,5
5.9363866032337214,100,101,49,5
3.3869966234533031,96,97,54,6
1.7761431695757572,98,98,47,4
0.3333121816455645,96,97,50,4
4.2498001642806944,96,97,58,2
3.8393512233399814,98,99,49,0
2.8427141544372336,98,98,50,5
5.8945040608538255,98,98,56,3
3.0495191944318978,98,98,52,3
4.3880799534675932,100,100,46,6
5.0767417988902155,98,98,58,3
1.8931666392118998,98,98,50,3
0.0657213381551701,100,101,51,3
3.6399275230091539,100,101,50,4
4.2608296245236303,98,98,50,5
5.0282289606264792,100,101,47,5
2.2368118918537232,100,101,56,6
3.3474531790417221,100,101,51,3
5.0361622871330178,98,99,45,6
6.0388390061330011,100,100,47,1
0.2848263636367449,98,98,47,4
5.6150338835862241,100,100,50,4
0.3161359711665434,100,101,46,6
1.6858282560053657,98,99,49,0
5.5172321523912107,98,99,39,6
2.5924187507310954,98,98,60,3
2.2664305283913193,98,99,48,3
2.1389143329245095,100,100,44,6
2.4733958047037365,98,99,60,1
5.2008240378914445,100,100,52,2
4.3333766060604599,96,96,44,0
3.3712827004832016,98,99,51,4
1.7810109544675079,96,96,44,0
5.6317742633624208,98,98,45,2
4.5174118153373231,98,98,45,4
0.3742384443003970,98,99,43,4
3.8116067202673154,98,98,54,1
3.7940318943281621,100,100,53,7
6.0313855235671046,98,99,48,3
0.9714503391778055,100,101,40,4
6.0602303406029581,100,101,45,1
2.7532604209596410,100,101,51,7
3.5029519203408044,92,93,47,7
4.4574518618802541,90,91,55,0
3.2182806536555515,98,98,48,7
4.9268203647410074,98,99,54,7
0.5770641835362931,96,96,49,1
6.1345957884615734,96,96,49,3
3.1968551447038034,92,93,51,3
3.2123751799075180,98,98,46,7
2.1392966008610568,100,100,47,3
2.9575565534024917,98,99,52,7
3.1726789648802773,98,99,54,3
4.3512460629275926,98,99,57,2
2.5653240030287967,98,99,51,6
3.5538061367005320,98,99,54,3
4.4183449249986539,96,96,45,7
4.9099053329861011,98,98,51,6
0.8893994330605294,98,98,48,3
5.5022456291548929,100,100,61,3
4.8012862322743945,100,100,49,7
1.4530407797732201,98,99,55,0
0.6072717252685650,98,98,46,7
4.5544784456631540,94,95,55,4
0.5656585899234966,98,98,48,7
3.9221030359691365,100,101,47,7
6.2049444219016943,100,101,47,7
3.8540667796920300,96,97,47,1
1.9532658097529163,100,100,54,0
2.7178058732551227,94,94,42,1
1.6052429601583909,96,96,51,7
0.2389373395822259,100,101,51,3
3.8384343939559287,98,99,59,4
1.8081501322831897,98,99,52,5
0.4501546097528811,94,94,47,0
6.2146829873678389,100,100,45,7
1.4315362843095785,98,99,53,2
5.1367350197107404,96,97,49,5
0.9502341892511629,96,96,51,1
4.6512171220392853,94,95,41,6
3.6361919527415161,98,99,55,2
1.0914362990822986,98,99,45,2
4.7052544385816333,100,100,40,4
3.6695815499399838,100,101,53,1
5.5985532161267137,98,99,48,3
3.8172298303436771,100,101,52,0
5.3607866062878884,98,98,41,2
3.4224384940553350,92,92,34,2
6.0097899453767960,98,99,60,3
0.6918610892273711,96,97,45,7
6.2774278207914511,100,100,49,3
3.1000489260209823,100,100,60,2
5.9232973095411641,100,101,49,5
4.9518867373053501,96,97,53,5
1.9944657871626497,96,97,46,0
0.6413757237308563,98,99,40,1
3.8773529291823001,100,101,49,3
0.3600697439643158,100,100,41,1
2.5663791101425488,100,101,50,0
3.7857568299687832,98,98,51,2
1.2837069473845679,98,99,52,3
0.0772993027715485,98,99,47,4
5.4829443220564160,100,101,55,3
0.4547931283915738,98,99,35,2
5.8479914732700982,94,94,47,0
4.4702405477562772,98,99,54,7
2.9746356216255547,100,100,50,6
0.5481461235936067,100,101,61,5
3.2451871320855243,98,99,56,7
3.5629160308944483,100,100,42,2
0.6167293575536171,98,98,56,3
4.7975753823277900,98,98,54,7
0.5503413755424005,100,101,49,7
5.4576635195694490,98,98,52,7
3.5407090736215934,96,97,46,2
0.3497850345312197,100,101,56,0
4.3435825374603141,98,99,41,0
3.9673469908402166,100,100,43,3
3.1259228433772814,98,98,45,2
0.8194848453410891,100,101,54,0
5.5166158106451642,102,103,60,7
1.6523676845152881,98,99,47,0
1.4357139025706229,100,100,53,1
3.1689380803388363,100,101,47,3
5.3288586247782419,96,96,49,7
4.5414495444948777,100,101,51,5
5.3602450158765240,100,101,45,5
2.4065043806656923,96,97,56,2
5.8194865198034229,98,98,52,1
4.0022682835743959,100,101,43,1
3.6064247165328851,98,98,46,3
2.4372903269373385,94,95,50,3
1.8827981464402139,98,99,50,7
4.6569867969000658,100,101,51,3
2.0142023775099731,98,99,57,2
0.6071842326893279,98,99,57,2
5.0226715322757638,98,98,48,3
4.6151228435935741,98,99,49,2
5.9628601328763891,96,96,49,7
5.0638622170594791,100,100,52,2
4.1929587254669025,100,101,63,1
5.1202965953744295,96,97,50,0
5.2636401210586765,98,98,53,0
1.8082255062816774,100,101,50,2
5.6820698751034451,100,101,60,4
0.4117552306110411,94,95,46,3
0.1918964774117794,98,99,60,5
0.0917737172785590,100,101,49,3
2.4274989305209744,98,99,54,1
0.2054369922267889,94,95,52,5
0.5229398834885304,100,100,60,4
2.6848409703261855,98,98,45,6
1.2090481007267562,96,97,49,7
4.6365872342067895,98,99,57,4
3.3219727666196515,98,99,43,0
2.8092222955475799,96,97,47,3
2.6774863586230930,98,99,52,7
4.5457886226000204,100,100,60,6
5.6359923240486554,96,97,54,6
4.5141672341711105,96,97,52,4
2.7953040100236417,96,97,51,7
4.9706541297012352,98,99,52,1
1.7391483329892867,98,99,54,5
1.7700199970503008,98,99,54,3
4.9481873383251136,98,99,43,0
5.2885646545994396,94,95,50,1
3.5476936515953712,100,101,54,4
3.3204225922068433,98,99,53,2
0.3714448789471723,98,99,54,1
5.1678373624231471,98,99,49,4
5.6896090814608975,96,97,49,5
0.4833629113810335,96,97,57,7
5.9960106432764748,100,100,49,1
4.9796818581193314,100,101,60,6
3.1778844964024651,98,99,51,0
5.1367462840747038,100,100,57,5
3.9091672631754477,100,101,58,0
2.0428018613876557,96,97,41,7
5.2090894113736290,100,101,45,5
0.2672965553896570,100,100,56,2
5.8527562581262726,98,99,50,1
0.1082022518329295,98,98,47,6
2.3657182902843266,98,98,52,5
3.8087768982217982,98,99,49,6
1.8835816024116814,98,99,53,4
2.4778432370008829,100,101,53,7
2.5131346623202737,96,97,42,2
1.7641357347498907,100,100,46,0
4.0120046253044714,98,99,51,2
2.6671960749334604,100,101,52,2
1.1018050277321454,96,97,51,5
5.8880859371590661,98,98,53,4
2.9220153472367234,94,95,60,7
1.0448642927614951,98,99,51,2
1.7843343599075132,96,97,48,4
1.3106065237758666,94,94,48,1
4.4861695293263004,98,99,45,4
3.1486973178774806,98,99,53,2
1.7402030588211665,98,99,57,4
4.2468141598921108,104,105,57,7
3.8273198370077588,96,96,47,5
2.5904153744753096,100,101,52,2
5.1903727673691398,100,101,57,1
1.7492536800357485,100,100,55,1
2.6677382028467891,96,97,47,7
5.7466580552968143,94,94,43,2
1.1481665391306679,96,96,53,5
0.9547637074449075,98,99,53,0
1.1182854593382880,98,98,46,7
5.4614008407085208,98,99,48,7
3.9934614938528221,100,100,50,4
1.6497267426329216,100,101,50,4
0.6960453970860317,98,99,50,7
1.1247216451828748,98,99,47,6
2.2377005294731513,98,99,43,0
3.7265445485816207,100,101,50,4
4.0845890044607112,96,96,39,3
4.1586488772281882,96,97,43,1
2.0428249647427639,98,98,44,1
1.3715108703176822,96,97,52,6
0.5126782405138050,100,100,53,1
1.5861479189799996,94,95,48,5
3.4747801272203729,98,98,51,4
4.7164045608788658,98,99,50,1
6.2414509009563730,100,101,58,0
4.6917252806115659,100,101,52,0
4.3780600705445369,100,101,46,4
2.4908739696560822,96,96,54,2
5.7767351378783554,96,97,49,5
1.2188253564947984,98,99,48,7
2.0891971751978402,98,99,50,3
5.5487821909398232,98,99,55,4
1.6616133554038588,96,96,53,5
3.5186929954423256,94,95,43,2
5.6719831455125140,100,100,50,6
1.4880819218181942,98,98,59,2
1.6212437423895456,98,99,56,1
4.1009171609971622,100,101,50,4
2.9099294071341091,100,101,59,1
4.5154138185775228,102,102,44,1
4.3802172731479097,98,99,53,6
2.0078676288200876,98,99,60,3
3.2797405101631525,100,101,57,7
2.9939891992299121,96,97,51,7
4.8756112808784335,96,97,50,6
3.4701218821444968,98,99,37,2
3.2062361013079266,92,92,48,2
5.8591613379949985,98,99,48,3
3.5323320803841791,98,98,57,6
2.8873698651722708,100,101,53,7
5.9940090898989178,98,99,47,0
2.3194997685188197,100,100,53,1
2.8084741189305147,100,101,51,5
3.7974655518571474,100,101,58,6
0.0554259945661173,98,99,53,0
2.7882653740829149,100,101,47,1
3.4243037172294106,98,99,46,1
2.1653629953833642,100,100,48,2
4.8769799044253634,100,101,53,1
1.0670534949674833,98,99,50,1
1.3717663849640065,98,99,51,2
0.6217317796990731,98,99,38,3
4.3961495283241829,100,100,51,5
6.1452928424835829,96,97,56,0
1.9961816265067791,94,95,56,3
5.8382807078174084,96,97,52,4
5.6994357900268966,98,98,54,3
3.3407180748744514,96,96,53,3
5.1384801385913050,94,95,53,4
4.0368450228596826,100,101,52,4
0.0255599820581493,98,99,43,6
1.4522742852552393,96,96,48,2
0.6370989967871805,98,99,54,7
4.6497716844431904,98,99,46,7
3.2529347998280036,100,101,42,2
2.7640637570614093,98,99,57,4
5.7321331123604518,96,97,45,1
4.5015122600309843,96,96,45,3
0.7646501692217289,98,99,55,2
2.1615329970734529,100,101,60,6
2.2496367303698102,98,98,54,7
0.2990273492894883,98,98,45,2
5.9078231614453136,100,100,58,6
6.0920704686431035,100,100,46,4
3.9646743501491164,100,101,41,1
1.5861059593498166,98,98,46,5
5.4523688162750634,100,101,52,6
0.9988780830639261,100,100,62,6
3.1063964782598332,100,101,56,4
4.1477380403457413,98,99,57,2
0.8671609148962409,98,99,44,3
4.7922841101835401,100,101,55,3
2.6960879090867560,98,99,51,6
4.2117348668781469,98,99,38,3
0.4180079945860362,98,99,52,7
3.8135876524740500,96,97,52,6
4.6588632539698756,98,98,45,0
4.4798794303189444,100,100,57,7
4.8094832902888323,98,99,64,1
0.4328649343888351,100,101,42,2
4.6534403978940801,98,99,53,2
3.1192435972580568,98,98,52,5
2.8493500396461018,98,98,50,5
2.7075601645977536,100,100,46,2
0.3315436860894046,102,103,60,3
1.9632492394200849,94,95,50,7
1.9488956222195815,98,99,49,4
1.9035012404310567,98,99,47,2
5.3670599525947011,98,99,50,3
1.7554409191103668,98,99,55,6
4.6565652157746689,96,97,53,1
3.1790471548295276,100,101,49,7
3.7820809799370387,96,97,56,2
0.6984682893241755,98,99,52,3
4.3632292579374097,100,101,64,0
1.6400810552067657,98,98,50,7
3.3219349496688895,96,97,54,4
4.7890030620260617,96,96,52,6
2.1794328009368789,94,94,53,4
5.9251852317338249,100,101,52,0
1.8958833324976514,98,99,50,3
1.0052154338141930,96,96,56,0
1.1917587160408538,98,99,52,5
2.6584113068542541,100,101,43,3
4.4330288879331334,102,103,56,5
1.8661739645983639,100,101,38,6
0.5036206720845158,100,101,41,3
2.5146688060474651,98,99,49,6
1.8158927150618400,98,99,52,7
3.9810137652036404,94,95,54,5
2.6365353721146878,100,100,47,1
3.1021185820522925,98,99,48,1
3.1797407615726621,100,100,58,2
4.1741456205441034,100,101,48,6
0.2318237303331657,100,101,47,5
5.8226978722449960,96,97,47,3
4.0710079365725145,100,101,48,4
2.1884783467786386,96,97,48,2
1.0693758155397366,100,100,42,6
3.7152462552865275,100,100,47,5
5.6379717149618944,100,101,54,4
1.4987271094853651,96,97,49,3
0.8024402445692654,98,99,52,7
4.4924565374413623,100,101,52,6
0.3096718957824741,96,97,54,2
3.7670220957102716,94,95,53,0
4.3151158226349766,96,97,57,5
0.2537580202404421,100,100,57,7
4.0020186342796089,100,101,58,0
3.4795122369277722,98,98,59,4
5.5550967189557490,98,99,59,2
2.7542046002100542,100,100,64,6
0.9654517250500773,98,99,47,2
4.3861318201175594,100,100,53,5
3.3457872907913639,100,101,55,1
4.9909817085112556,96,96,49,5
4.7297655647620758,98,99,51,6
6.1878557458705199,98,99,55,0
0.2242085597691240,96,96,53,7
5.8257015942656381,100,100,51,7
4.4386602720390940,98,99,57,6
4.3527694300865951,92,93,46,6
5.1925329590030502,98,99,48,5
3.3646036075212824,100,101,54,0
3.4462026086871886,98,99,52,7
5.0591326885109629,100,101,47,5
1.9807298057630327,98,99,56,5
2.9726136785498891,98,98,46,7
1.1443596838776711,96,97,52,0
6.0298031673913508,96,96,47,7
3.9751041745043092,100,101,62,0
1.7753130225973670,98,99,54,7
4.7213466998453404,98,99,56,3
5.7391459607204309,100,101,49,5
0.0767253956076431,100,101,56,4
3.3352167585111028,92,93,51,3
1.9841721460343038,96,97,54,6
1.5216972512238240,98,98,43,6
3.5013121280744173,98,99,58,3
0.3682474857158894,100,100,50,0
2.3085960752551489,98,99,37,6
6.0135586033401642,100,101,57,3
2.1906709419018711,96,97,40,6
5.5155326998403069,98,99,51,4
3.7106792348746040,98,98,53,4
5.4823228764418230,96,96,54,2
3.4790577779428324,98,98,57,6
3.9515157674964132,100,100,50,0
3.3053844355896560,98,99,54,1
0.4805478791128436,96,96,55,3
0.7143958116074068,98,98,49,6
3.5586721231835607,100,101,52,6
1.9084964191877303,100,101,52,6
3.6550862681985565,98,99,49,0
3.2876079608725131,98,99,46,5
1.7666121546836258,100,100,45,5
4.5355551661414619,96,97,56,4
6.1670045351606042,98,99,49,4
3.4284755299863190,96,97,58,2
5.0250938762702857,94,95,48,7
1.9918432502711505,100,100,49,3
3.1415847211260957,96,97,47,5
1.8980418119964551,100,100,58,2
2.8851039743916527,98,98,55,4
2.4026384031383179,98,99,53,2
1.0468536744867087,100,101,59,1
2.3533417271048265,98,98,50,1
2.2099583399922631,98,99,47,4
3.7724448992244497,100,101,54,4
0.7295680456021295,98,98,47,4
0.0178563558129719,96,97,46,4
5.7128256280987904,100,100,49,3
5.1007102937275386,100,101,44,6
0.1756123685404995,98,99,52,7
0.4422432536414158,98,98,45,6
3.9901697938943870,98,98,47,6
5.1644497845867194,100,101,53,7
6.1900525293019903,98,99,51,0
3.6056149033079530,100,101,47,3
5.9113802392858839,96,96,52,4
2.9316402203873837,98,99,45,6
2.3858697898903061,98,99,56,5
3.2179516503504688,90,91,50,1
3.2058464378914864,96,97,49,7
5.6802348912873644,98,99,57,4
4.7323853892605516,98,99,49,4
3.2396873375333155,98,98,50,1
2.1065943365524560,98,98,57,6
5.8889115662811928,98,99,56,3
0.8844993970808664,98,98,49,2
3.3118165050269135,98,98,42,5
0.0029307809885026,100,100,50,2
5.3955194538662834,102,103,54,5
4.1176085891919030,98,99,49,6
4.5986679663707832,100,100,57,3
4.5338409872283094,98,99,55,0
2.4803112107504366,98,98,41,4
5.6045994386297391,98,98,49,0
3.9164466710476309,98,98,50,1
4.4161164041141827,96,97,53,5
3.6529594306109714,96,97,48,6
1.2720018659280223,100,101,54,4
4.1104252245650743,96,97,51,1
4.5272215588406794,98,98,47,2
0.3774111186911265,96,97,49,3
3.0968639509977551,98,98,57,4
0.2509631324770486,94,95,45,6
4.7218042333768331,100,101,46,4
0.0204776993624358,100,100,50,4
0.6840128916570781,100,101,48,6
1.9125956084289293,100,101,58,0
5.5373421676245460,98,98,46,1
2.3311270835329432,96,97,48,6
0.4832970739503485,96,97,44,4
2.8150972099962370,100,101,55,5
2.5059453721175431,100,100,49,7
3.8478919318770055,100,100,48,4
4.2174768613312406,98,99,43,0
3.8308081251794106,94,94,53,0
2.0496958757423340,98,99,53,0
4.8524625264769110,96,96,44,4
4.4129839884765856,98,99,66,1
2.2614137783072414,98,99,59,6
2.3225215362085523,100,101,52,6
3.9634240662434430,100,101,51,1
2.4198483361225054,96,97,60,6
1.3006011240259765,96,97,51,3
4.4658008485689917,100,100,49,1
1.6034650601406579,100,100,60,2
1.2480879426844573,94,95,43,2
0.4491655607861991,100,101,51,5
0.2849783145107975,100,101,46,6
2.4226272956971218,96,97,56,2
4.0105596134125561,98,98,56,3
0.0883896823293824,96,96,46,6
1.8942226766723240,96,96,46,4
3.3433302816052595,96,97,55,5
3.0807914945337691,100,100,58,4
3.8960356866588985,98,99,52,1
0.1490631281563561,100,101,54,4
6.0694308680805769,96,97,50,4
5.4067592020513695,98,98,39,6
2.3257617356696016,98,99,53,2
2.5761484575625557,98,99,45,0
0.6956375559861954,98,99,55,0
1.2324852869166647,98,98,52,7
5.4868873433394079,96,97,61,7
0.3304545875374650,98,99,51,0
2.5193521688255638,98,99,40,7
0.0559937063621826,98,98,55,0
5.3334067136268706,98,98,54,1
0.2548390082730533,100,101,61,5
1.6741974304605507,98,99,53,4
2.0859580821648840,98,99,41,6
1.7341971927192530,98,98,48,1
3.1579826127799713,98,99,56,7
0.4083255799741359,98,99,50,1
5.0349187534191939,98,98,51,6
3.7124288357179958,98,98,43,0
4.9721756433394457,98,98,55,4
5.3721581132022989,100,101,60,4
5.7520723077393656,98,99,58,7
1.1952517762562491,100,101,53,5
5.8428271677757762,98,99,46,5
2.5211131012731158,96,97,48,4
4.9727648106509132,92,93,57,3
5.8883090887184135,98,99,51,4
5.8476174365481057,100,100,47,5
3.6440856389972436,96,97,55,1
2.4916260721281396,100,101,53,1
2.9833493903149231,98,99,41,2
4.3697925636949417,100,101,48,4
1.4267494545014316,98,99,49,0
5.7711042053549217,96,96,50,4
5.1693807268803802,98,99,47,6
4.8775698789206654,94,94,49,4
3.8472461200006687,96,96,45,5
3.0371628956580352,96,96,41,5
5.9821838389427562,98,99,52,3
5.6141229695622998,100,101,61,3
2.8065523115808970,98,99,50,7
2.3392095967285238,98,99,55,6
4.8090544351934348,96,97,49,5
2.2199196476557308,96,97,44,6
4.6654867203379959,100,101,52,2
4.8344427514838353,98,99,55,4
0.9285339301146768,98,99,55,4
4.2820719322337979,98,98,49,0
2.1133786814628790,96,97,47,3
2.8930298107718659,100,100,51,1
5.8105488867468988,98,99,54,7
1.8293664872659992,98,98,59,2
2.3831004131076501,98,98,56,5
2.5864803653645501,100,101,54,2
3.5417977212629399,100,101,45,7
2.7416705364318621,96,96,50,6
6.2437342207667692,100,101,49,1
2.3019333085345028,98,98,49,0
3.4598088289320668,100,101,57,1
4.2547791695366399,98,99,56,5
3.8880125026016934,98,98,62,3
3.8844692822431197,100,101,44,0
5.8247302504765921,94,95,51,4
0.1454994319215136,98,98,53,4
1.6606600426835425,98,99,50,3
1.5330186178611531,100,100,53,3
3.6793331028767011,92,93,51,3
2.5978529995335315,98,99,51,2
1.2146501843235040,102,102,42,5
4.9033522127966149,100,101,53,7
0.7160900389355493,98,99,46,1
4.6165614657785605,98,99,56,7
0.4685945705827315,98,99,57,2
4.4551776245659429,98,98,58,7
3.0494448902614835,100,101,52,2
1.3568573944847655,98,98,50,7
0.2411265993324481,100,101,54,0
6.1070808502729710,100,101,61,1
3.0649454477285500,98,99,52,3
3.8787353995086495,100,101,50,4
0.7586495454954406,96,97,52,2
5.0217306158957893,98,98,45,2
1.9099062235005186,98,99,60,5
3.4558334447962236,102,102,50,1
0.4762694506535217,98,99,57,4
5.4099023962325736,98,98,57,2
2.0245460204527168,98,98,57,2
4.6392680988247896,100,101,52,2
2.1186568929516016,96,97,48,4
3.2052833304268376,94,94,42,7
0.8669940508888053,96,96,56,0
0.6219248695443184,100,101,52,2
3.3425289015036896,96,97,51,1
3.7449055128991895,100,101,53,3
4.4840072986857065,96,96,49,7
1.1326165198789828,98,98,51,4
3.9387714991734781,96,96,55,3
4.7204411203262922,98,99,45,2
0.7471475579575039,90,91,40,3
5.8463860770455192,98,99,52,5
4.1744575586966155,100,101,52,0
1.9048312356129544,96,97,47,7
2.9138914887941518,98,98,48,1
3.8696451632921578,100,101,51,1
6.1133214745671172,96,97,47,1
0.8758031719151181,100,101,51,5
1.9216088632717270,100,101,55,3
2.2278006964959003,98,99,50,7
3.5093111389232217,100,101,47,1
1.8803407539705259,96,97,48,6
5.2937876507879178,98,99,48,7
5.1903112883564644,98,99,52,3
1.8221856379755488,102,103,46,1
2.9372489808928006,96,97,50,4
5.5629798305943137,98,99,54,1
0.8015496783419800,98,99,53,2
4.8270602953404929,98,99,51,2
3.8577766292555893,98,99,46,7
3.6058920106960488,98,98,51,0
3.5034373656076552,98,99,57,0
3.8207358515601868,96,96,56,0
0.7156187303871073,98,99,51,2
2.5375476949331479,98,98,50,1
4.6575267382325576,100,101,51,7
0.6440326943636623,98,98,45,2
2.6950835686962935,96,97,47,3
4.0842631651113752,100,101,50,4
5.0832875582399533,98,99,64,3
6.0634389016003789,106,107,56,5
4.5243864922542354,96,96,52,0
2.2695137102443135,96,97,49,5
4.5027556436913487,98,98,44,3
5.7975015832503409,98,99,54,7
3.8795457766632913,98,99,56,1
2.8769990756109252,100,101,53,7
4.2029907734555110,98,99,55,4
1.7654970111325288,98,99,48,7
2.3090975046396949,100,101,45,5
3.8465237991293515,100,101,56,6
4.3740408452690991,102,103,62,1
3.6956769223259123,100,101,51,5
2.1871901325541327,98,99,50,5
4.5805743009653543,100,101,58,0
2.1024097175366032,100,101,49,5
4.2065763299686232,96,97,39,5
6.2361961364561722,94,95,43,4
0.5838133234975580,100,101,49,1
0.4512390412503103,100,101,44,2
3.5374705264250146,96,97,60,6
4.0163703603672927,96,96,46,2
2.1055847744915472,98,98,52,5
3.7840468160489094,98,99,59,0
4.8298088121155098,100,101,49,7
3.2277268327013462,100,100,60,0
0.0826826557655386,100,101,53,1
4.7929708388346839,96,97,47,3
3.9691316437647668,100,100,50,6
3.8843020261922176,98,99,55,6
4.5299927009387071,98,99,59,0
4.4258196435513764,96,97,49,1
1.7935311621376706,96,96,55,7
2.9059945166521479,100,100,45,7
5.6134155663211898,98,98,47,2
5.0877631009212667,98,99,48,3
2.7290334043839035,96,96,44,2
4.5871953610684768,100,101,51,3
2.4761773828201314,98,98,55,6
2.2536375331252385,98,99,59,0
0.1703881222490699,100,101,54,6
1.7164811079258124,96,97,41,3
2.9471582813138886,96,96,50,2
6.2438820620882458,100,101,52,6
4.2657902413926756,100,100,53,3
0.3297908547777728,98,98,47,4
2.3834914474365312,98,98,55,0
2.7686182676327573,96,96,46,4
0.3383636859897781,98,99,54,5
0.5932514236432893,98,99,51,4
5.8724353011423052,98,98,48,5
2.9559182291205044,96,97,44,0
5.5878668540271015,94,95,60,3
5.5771560099863908,96,96,60,6
0.9890619699654214,98,98,50,5
1.0255105555799096,100,100,48,6
5.1521969731583965,94,94,46,3
4.2833263238032169,98,99,43,6
4.6685573104357285,96,97,48,4
0.7107090304467502,102,102,50,3
1.7672437739069111,96,96,47,7
1.6484666673791850,100,101,50,6
6.1527088244081165,100,100,58,2
1.8250656668829126,98,98,51,0
3.8554228880574852,100,100,57,1
0.9990976281840213,100,100,51,3
4.6149712045097573,98,99,51,4
1.2829583174743331,98,99,57,6
0.2458051939921665,98,99,48,7
0.5919410201244208,100,101,54,2
4.6287676712444830,98,99,47,4
4.8298298710677781,98,98,55,6
3.7482816945823627,98,99,52,7
0.2679927542415869,96,96,53,3
5.6776748158965074,96,97,62,2
4.5696335809204260,100,100,47,5
2.1846518303901665,98,99,53,4
5.0205855655501059,98,99,54,7
0.7210086500649519,98,98,56,5
5.5233014656629180,98,99,49,6
2.2725598434800287,100,101,52,4
1.4526395393009175,100,101,50,2
6.0343721535571433,98,98,50,3
5.0429132996325876,100,101,54,4
4.9096027404325637,96,97,57,3
4.8789015170930261,98,98,41,4
3.3858995483315901,98,99,57,6
2.4924372222822093,100,101,55,7
2.2497964466429003,94,95,47,6
2.9976149232480873,100,101,53,1
4.6539375432148100,94,95,44,3
5.9314311137841536,100,100,53,5
1.2676223972328164,98,99,62,5
5.9252916983471930,98,99,52,7
3.3107081251029071,98,98,50,7
4.2684389702105241,102,103,50,3
2.1577888238018601,100,100,50,0
4.5341014134861020,96,97,50,6
0.8337911940439240,96,97,53,7
2.8429424326442079,100,101,55,1
4.0758327243827104,100,101,53,7
0.3451548712975651,100,101,46,4
5.4662690094025210,102,103,54,1
4.6390935832573961,98,98,52,1
2.4528147218502516,98,99,54,5
1.7131745272250436,100,101,54,0
5.9580653013688947,100,101,58,0
3.1130174379685527,96,96,53,1
5.0758484601419180,98,99,58,1
1.9402151296691150,98,98,57,2
0.9650782313842493,98,99,55,4
5.8733413075631375,94,95,54,7
5.8283414930495550,100,101,58,2
4.3948154129743804,94,94,40,3
5.6113964012218016,96,96,47,5
5.6955241631425642,100,101,53,1
3.4366355730586653,96,97,45,5
1.5390448160064798,98,99,52,7
1.5875703848405278,94,95,46,3
0.3601052698904957,98,98,56,3
5.9363110945227566,100,100,50,2
0.7257817658156890,100,101,48,0
1.6643886518690387,98,99,47,6
0.5589303976950644,96,97,43,5
5.4800790008935474,100,101,51,7
0.7462870308108850,98,99,46,5
4.9028286815594884,96,97,56,2
1.5699503469284763,100,100,51,3
4.6516253168230408,96,96,45,1
0.8772383001921124,98,99,43,6
1.7367336714305741,98,99,45,6
1.2182546798768601,102,102,54,5
0.3981813671366199,100,100,40,4
3.4215573983226619,98,99,46,1
5.4142003845665752,96,97,56,4
3.3660390957997919,98,99,45,2
1.9979741302209229,96,96,48,2
5.8811193412841982,100,101,51,5
0.6467146884266531,100,101,52,2
1.0159712320281262,96,97,52,6
2.8006786490777849,98,99,49,4
3.0125347984348516,100,101,53,5
4.8090845742620214,98,99,48,3
3.5789483676007046,100,101,51,5
3.3473636275635448,94,95,44,7
5.4260714153039045,98,99,52,3
6.1870010710681154,96,97,41,3
2.2090151632483770,94,95,45,2
3.4042412529026809,98,99,54,5
3.9103422431412476,100,100,66,0
5.2292234550253180,96,97,44,4
4.1987320957104863,98,99,50,5
1.8225189050170785,98,98,56,3
4.9182811027028350,98,99,51,6
4.9362407238839063,96,97,55,5
2.7599875428062699,94,95,50,5
2.5376015767059492,100,101,55,5
4.3802206012636162,98,99,41,2
3.6690314291176360,100,100,50,0
2.0714562421031557,100,100,52,2
6.1485056872906423,98,99,49,6
3.9950287696133708,100,101,51,7
2.9506347107619928,96,97,54,6
3.7555378480795443,98,99,44,1
5.8194568732818217,100,101,46,4
5.2594720159159625,98,99,53,6
5.7652510930336582,100,101,46,0
4.5217833073371931,96,97,54,4
2.6687940542605735,96,96,41,1
2.6560156791886964,100,101,51,1
3.6762134901916745,98,98,57,4
5.1945625277494925,100,100,42,4
3.1366148981983328,98,99,51,0
0.2981362835207016,100,101,59,5
0.2259309795186309,100,100,54,2
2.7432532837659509,98,99,51,4
5.6040388443026057,98,99,57,2
5.6225678648613258,100,101,56,2
5.3104786745529102,98,99,46,1
6.0761050611987777,100,101,50,4
1.7104147837539416,98,99,49,0
0.2174362433509293,96,97,53,1
2.5795410109981116,100,101,57,3
5.1939121065693401,100,101,51,1
3.7242436813022595,102,103,57,4
5.4105113455565643,100,101,49,5
3.6642619296282466,98,99,50,5
0.2915549141000578,98,99,45,0
1.6431874733499507,98,98,52,3
2.0167230129686340,98,99,51,6
0.6378598820872736,98,99,56,1
0.8203854040346503,100,100,48,6
4.5334107135215307,100,101,51,7
3.7462852862103646,98,98,46,5
3.7909802009046905,98,99,56,3
3.9084232679999324,100,101,55,1
0.0445476105570840,98,98,53,4
4.1900164605769419,100,101,44,6
1.7717585131775275,98,99,48,1
4.3608734316820978,100,101,53,5
5.2368341179934701,98,98,49,2
5.1949335466876887,100,101,54,6
0.3496166267623256,100,101,62,6
2.2104801630593607,100,101,45,5
3.0075594274690007,98,99,46,7
1.1972112703132374,98,99,58,5
2.8984763457592280,96,96,47,5
0.4204322280884320,98,99,55,6
2.9646712779121001,100,100,49,5
0.1400709316596790,98,98,61,2
0.9946409297751782,94,94,50,7
5.4724474284722575,100,100,52,0
2.3502138106774582,98,99,51,0
2.9518092811141932,92,93,40,0
2.0765977293862163,100,101,47,5
3.4724493087432595,98,98,44,7
1.8380342893591790,100,100,47,5
3.5134950228698441,100,100,50,0
1.5051041034860075,102,102,42,7
1.4719616498017982,100,101,54,0
0.9633682577401489,100,100,55,3
4.5682806325647132,100,101,46,6
2.0870114141432676,98,99,54,5
4.8008612083031403,96,97,52,2
6.0135802347979288,100,101,51,3
0.2735901438411703,98,99,48,7
3.4816450119139049,98,98,53,2
2.8433026312114440,96,96,53,5
4.8195122649157947,96,97,52,2
0.8515553198187041,98,99,47,2
5.9712692948283044,100,101,51,3
0.1635459323392351,98,99,48,5
1.2172032357599420,98,99,50,5
4.0517710218006204,98,98,55,6
0.3191041856174981,98,99,43,4
5.5438847532549564,100,101,52,2
0.5072450832738842,94,94,44,3
2.5203019401740843,100,101,55,7
4.0373756695669671,98,99,46,7
0.3826939993338171,98,98,57,2
5.1131553349242349,98,98,44,5
1.3068027590259976,98,98,49,2
4.5628553735346582,98,98,45,0
0.5536267961633371,92,93,41,3
0.2294935655027077,100,100,46,0
3.9752653632348918,98,99,50,3
2.7143505712719187,96,96,49,3
1.7703494458202884,100,101,51,1
1.2732255513823831,98,98,54,7
4.6617357572551565,98,99,49,6
4.1792721249792706,100,101,53,1
1.0386066484207130,100,100,44,4
6.2410400609926233,100,101,47,3
0.1645830188055338,98,99,54,3
5.4284428552636674,96,96,49,7
0.8629918058827337,100,100,45,1
6.0671520855212409,98,99,49,0
2.7558695244849178,96,97,47,1
2.7518422107280660,100,101,49,5
0.1166329612625061,96,97,62,0
3.3838667795928572,100,101,57,7
1.4356503477873881,100,101,52,0
2.0013392055206833,96,97,52,0
1.2244729809438919,98,98,47,4
0.1082379486385599,98,99,54,5
2.3919471810925121,98,99,46,1
1.4634829548394983,100,101,53,3
3.7673942132157254,98,98,54,7
3.4504687941450909,100,100,50,0
6.2294441129753144,98,99,52,5
4.0529253726223837,100,101,49,1
2.6222824657494916,96,97,39,1
4.2048270238024283,98,98,53,2
0.4904927004486093,100,100,55,1
4.4818020740331148,94,94,51,4
0.3466051650496962,100,101,45,3
3.4033141083175664,98,98,54,1
1.5987868399166631,100,100,56,6
1.6908229725128294,98,98,43,2
1.0005928760117142,98,98,56,7
5.7374908489725485,98,98,53,6
4.2969037326670705,100,101,63,3
5.3676146564412681,96,97,47,7
5.3060155667129889,100,100,42,0
0.4392611045065629,100,100,52,0
3.0479548075000769,100,101,50,6
0.4426365681670054,96,97,43,5
4.7972713507367946,98,99,55,2
0.6925848534209841,100,101,53,3
3.6557796255587873,100,101,55,1
1.7700356981682293,100,101,49,7
6.2471756995097651,100,100,56,6
5.6764205213708125,100,101,51,5
3.6366649759170242,96,97,44,4
2.5641919474781880,98,98,49,6
3.8398447524784727,100,101,47,5
3.3440391348324270,100,101,52,2
4.6829956241943531,98,99,48,5
0.4269738104704159,100,101,47,3
5.7717040044214283,98,99,47,0
0.0220333949595374,100,100,49,3
4.3307484892935957,98,99,48,1
0.5247008081454445,100,101,46,0
1.0283319412265732,98,98,52,7
1.5898456754645776,98,98,50,3
1.1029436316112553,96,97,57,1
2.9072160599112684,98,98,61,0
5.0580157032401862,98,99,50,1
2.7254664767262855,96,96,52,4
0.3545012515221706,98,99,44,1
0.6095691773784326,98,99,51,6
3.7127631202044133,100,100,54,4
6.1792399157925182,100,100,53,7
5.0202384816249781,100,100,50,0
5.9286251213100130,98,99,53,4
1.2426735509911333,100,101,59,1
0.1592726546017863,98,99,46,7
6.2652941261066832,100,101,49,3
1.9635526965662193,98,99,60,1
6.1413457868687065,100,100,58,6
4.3304685918527328,96,96,51,3
3.2882705469324316,100,101,51,5
3.5587091715277506,96,97,46,2
2.0331625024838966,98,99,49,2
1.6980490980766054,98,99,45,6
2.2171018462350753,100,100,53,7
0.0433713973535300,98,98,48,7
5.4526309609136803,94,94,47,2
4.5308303954859408,96,97,51,7
1.3708743840565376,98,99,56,1
4.3808995161232023,100,101,42,6
3.1348456583499043,96,97,46,4
5.7089712203566370,100,100,51,5
0.4009063924064110,100,101,67,3
3.7473092820345935,94,95,46,5
2.4864640325462459,100,101,51,1
4.3784448804694263,98,99,50,7
1.2737815920900324,98,99,51,0
0.8860844461706693,98,99,63,6
2.4859073682782444,98,99,52,1
2.1197511428001783,92,92,38,2
0.7672503404525153,100,101,50,4
1.0860143085933220,100,101,48,4
0.0866149455485462,100,101,57,7
5.2757039691743373,96,97,55,3
4.5464213420100830,98,99,46,7
5.9478924778731921,96,97,43,7
3.8888827522176102,98,99,58,1
5.0906528017818751,98,99,52,1
5.0182358689577482,96,97,46,6
5.2410175288947283,98,99,53,2
1.0499133443566913,102,103,51,4
0.0633245925068630,100,100,53,7
0.0895718009871526,100,101,60,4
0.5546389270673386,100,101,52,6
5.9350774363562238,102,103,62,3
0.2149039793018042,98,98,60,1
2.8611144702181450,100,101,51,7
5.6729097576359155,100,101,54,2
0.0199382087501104,100,101,51,3
5.9974510286980660,96,96,52,4
4.0816490909248273,106,106,63,2
5.6791783169363708,98,99,50,5
0.2997200693053542,100,101,57,7
1.4966736376462533,94,95,42,5
2.8442672852294839,98,99,55,2
5.3499627906536924,100,101,62,4
5.0496162519603267,98,98,50,3
2.2660552445265174,98,99,50,7
4.6910728640607475,98,98,55,0
5.2467803197256098,98,98,46,1
2.2145190012258640,98,98,49,4
0.8578944715786450,96,96,52,6
2.7451345075436548,98,99,51,4
0.0777701281861503,98,99,48,3
5.5819787449390423,100,101,48,2
1.2450930814794972,96,96,57,3
1.5275927677973717,98,99,44,7
2.8918267122208978,96,97,48,0
4.9074041281984959,98,99,43,2
0.0457850404166902,100,100,57,1
3.2204822881564832,100,101,58,0
6.0727788191766123,100,101,45,5
0.8804883305099117,100,100,58,4
4.8813228493859455,100,101,42,6
3.5894343486804452,100,101,53,1
5.6826959205819119,98,99,45,6
2.0425402445158873,100,100,57,5
4.7697454673946682,100,101,57,1
3.9257940413068870,98,99,46,3
4.8591563729506424,100,101,51,3
1.5109041537062253,98,98,49,6
0.7053630852610828,100,101,54,2
4.9833288304746910,98,99,48,7
2.7763819255127551,98,98,49,6
1.3122722789507877,98,98,47,4
5.6355154747299974,96,97,44,4
0.8983044627808602,100,100,51,3
3.7870493877828268,94,95,47,6
3.8679149017565524,98,98,56,7
2.9703916128402015,98,99,48,7
3.3681267458182971,98,99,60,1
0.8778685175586752,98,99,43,0
4.8867579023239225,98,98,57,0
4.2657707928718649,100,100,52,2
5.8555802195845521,94,94,57,0
2.4233560224868653,98,99,61,4
5.9056158581425837,100,100,58,2
1.5283013127394391,94,95,45,0
2.6106471600245826,100,101,51,7
3.6687737438610335,100,101,49,7
2.6497407314302341,94,95,55,0
0.3198338520691645,96,96,53,7
3.7075484699484740,96,97,49,1
1.0962750740014215,100,101,54,0
4.3440557234556563,98,98,45,0
0.4409721611287628,98,99,45,4
2.2911719810776168,102,102,56,3
5.6783692972496542,98,99,58,1
2.3876626102028449,96,97,49,7
4.2478899555520515,100,101,60,2
3.7524394153775682,100,101,54,0
2.9349065688107503,100,101,48,0
5.6282054049937225,100,101,45,7
4.0716235695732053,100,100,44,6
6.1829905045545530,98,99,58,3
6.0767634460947573,98,99,50,5
2.9363481366053161,98,99,44,3
0.7288920742478223,96,96,60,4
0.9750756092723781,98,99,56,3
3.7703338466575431,102,102,57,2
2.6187120322303730,98,98,45,4
5.1102559849542208,96,97,47,5
5.8779449788397180,100,101,48,2
3.5637063471949015,94,95,49,4
2.0052882857589629,92,93,48,2
4.6754512511734347,96,97,48,6
4.2222130957039568,100,100,50,6
2.5599981065867627,98,99,59,4
1.2640957843450282,98,99,50,7
3.9053068779916971,98,99,39,0
0.2033569789137062,96,97,46,4
3.0204270410515868,100,101,47,7
2.0978550777251370,96,97,55,7
3.0621458367097705,98,99,55,0
3.2617130836054988,100,100,57,1
0.2813906016023945,98,98,57,4
1.9653037986537363,98,99,57,0
1.8831377402229628,100,100,44,0
0.2321966428444011,98,98,62,3
5.4687929542625549,100,100,48,0
2.4511079434365994,92,93,48,6
5.9493253218701980,100,101,47,5
3.3843838085668558,100,100,54,0
5.3905702184738056,100,100,56,0
2.5045425193900144,98,99,44,7
5.0057373765427373,98,99,54,7
1.6936515077486882,98,99,57,4
5.3577659283444463,98,98,58,1
3.3927885970421094,100,100,53,1
3.4324738998034157,100,101,52,6
3.7799975292408443,98,99,49,0
2.3370304541506983,100,101,54,4
2.9008282304022739,94,95,53,2
6.0323804838663806,100,101,45,1
1.2636520251639962,100,101,54,6
3.7403885512893358,98,99,46,7
0.4610745265778380,100,101,51,1
6.0435163196176882,96,96,44,2
0.0471716586536102,96,97,51,7
0.5752968668468675,100,101,45,5
4.8148596805601658,96,97,54,6
0.9759819238286140,98,99,62,3
3.9227832773357041,96,97,49,5
5.7658923877165726,96,96,54,6
3.3104559980483299,98,99,43,2
3.4954960923660425,96,97,56,0
2.5635605841821927,100,101,54,0
2.9531865720078745,96,96,45,7
0.3479606760785324,92,93,56,4
4.0894083705868942,94,95,53,0
4.1421730658694109,98,99,47,2
3.6513170421951968,94,95,57,6
1.0466124913849351,100,100,50,6
5.1363083771764169,96,97,57,5
3.1499918202733848,102,102,48,1
3.3721640899076921,98,99,50,3
1.3442528486973373,100,101,56,2
5.4800151475419261,96,97,56,6
4.7608154444660791,100,101,56,2
3.8486948250674029,98,99,57,0
2.4367618233519570,100,100,58,4
0.1463663818939195,100,101,49,1
2.4207205616828600,98,99,45,6
4.1724901900350702,96,97,46,2
6.0980817465283925,98,98,50,5
1.6349914592787531,100,101,50,2
1.1933294021996110,100,100,54,4
5.6283600060545087,98,98,50,7
6.1978206073486550,98,99,48,3
3.9976815743204157,98,99,48,3
4.3407869583605043,98,98,48,3
0.6587640014514975,96,97,45,1
5.6700666028159041,100,101,44,4
2.0994911722694507,98,99,54,3
4.9321252984679882,98,99,39,4
5.2147614024822877,98,99,56,5
3.7295076595008454,100,101,55,3
1.9404888076199529,90,90,55,2
5.8209565199004887,100,101,57,5
3.8041414262611797,96,97,54,6
1.5177744018787545,100,100,51,7
4.5347804339995097,98,99,46,5
2.1410717901709200,98,98,54,1
2.7720629564729786,98,99,54,7
1.5796265852432811,100,101,47,3
2.7685684613479227,98,98,48,1
5.6993124061604110,100,100,52,0
0.1751671820776199,98,99,42,7
5.5670364867218352,100,101,48,6
0.9200669000713736,98,98,54,7
0.8709817032365641,98,99,49,6
3.4790094470177886,100,101,53,7
2.9235439793953888,98,98,57,6
3.4649077797201149,100,101,57,1
1.0949940757551755,98,99,46,1
1.4339918000599545,100,101,47,1
0.8543943773969784,96,96,56,6
5.9732393776657045,100,100,44,6
2.3521014882842524,100,101,43,7
2.2109397915563269,98,99,53,0
3.0519072559909546,98,98,56,1
0.5659921480049389,100,101,61,3
4.1374676649998614,98,98,49,0
5.7293291849808234,96,97,55,5
0.6456693355845625,96,97,53,7
1.9764193815076121,98,99,50,5
4.9553710007716143,98,98,64,3
5.9961119387261732,92,92,53,7
6.1691183117168702,106,106,48,5
5.1774408837556081,96,97,51,7
1.7452855689631146,96,97,52,6
0.2002263281439091,100,101,65,7
2.9293271423412852,98,99,53,0
4.2127938211367892,100,100,51,3
4.8883664577992860,100,100,48,6
4.5034360605713273,100,100,50,6
3.1109181629466285,100,101,50,4
2.0289105959962197,98,99,51,6
4.1809772542718946,100,101,51,1
2.1605962078653702,98,98,41,0
1.3928474913896378,100,101,62,0
4.6098896091357098,98,99,54,7
6.2388741118773590,98,98,55,6
1.4710549949608231,98,99,42,7
1.9185802814657362,100,101,53,3
0.0060299495593972,100,101,49,7
3.6595736744090810,100,101,40,2
1.2879473233717527,98,98,60,5
2.3753713013738476,100,100,54,0
4.7857100933301178,98,99,47,4
1.6195130491490126,98,98,56,5
3.6633819146838040,98,98,53,4
4.9618958868055492,96,96,42,6
0.1689512965626084,100,101,58,0
5.4941022572953004,98,98,54,5
1.1108418130363067,100,100,46,6
4.1114920380626012,98,99,53,0
4.7155678485532189,96,96,42,6
5.7743883935632887,100,101,52,2
1.0465955458319174,100,101,49,1
2.5403798034982557,100,100,44,0
6.0609707162476365,98,98,52,3
0.0471887822500129,102,103,53,4
2.3529386865228359,96,96,49,3
3.4075665878795158,100,100,50,2
5.0842614373991752,98,99,48,5
0.4563367976916766,100,100,44,6
4.5808009619937602,98,99,55,6
2.7008384784255490,98,98,46,3
4.5415761665612759,98,99,47,0
2.5484479073437636,92,93,49,5
5.2384983277931010,100,101,50,0
4.3792440074605237,96,97,48,4
2.6285517047734404,98,98,49,0
4.7583952070067195,100,101,52,6
3.3037948911705728,96,97,59,7
0.8305008256159984,100,101,51,1
4.0396023501679812,100,101,54,0
2.3035415220905811,98,98,42,3
0.8396435833587470,98,99,54,3
0.6844271889541802,94,94,52,7
5.6179101189901415,96,97,51,7
5.9291720951514968,100,100,51,5
1.3205633429086361,100,100,51,7
3.6236713741919768,98,99,53,0
5.2893285960616092,98,98,51,6
2.1038724621005498,98,98,44,1
4.4554547236870317,98,99,42,7
0.7011646672034689,96,96,46,6
2.1771851602057315,98,99,48,3
4.9849769827930723,100,101,47,1
0.0336936879154386,98,98,47,4
2.2705832142413156,96,97,54,0
4.6351348755114801,98,99,52,1
5.4868989946052373,98,98,45,2
4.3565201509954896,98,99,50,3
5.4422263990321227,98,98,49,0
5.1515246479868457,98,98,49,0
0.9753523786516138,100,101,60,4
5.7039252478681508,98,99,48,1
3.5254270375754517,98,99,49,2
3.1495296816503107,104,105,58,4
0.5422282906754861,98,99,54,3
5.5213075465529471,100,100,47,7
4.9272767581287260,98,99,50,3
1.6457691208880803,98,99,44,1
0.9372299488179970,98,99,53,2
4.7408049055264971,96,97,43,5
4.4333874863367839,100,101,43,5
6.2700675159537180,94,95,51,2
1.2029708045092962,98,99,37,2
0.9885962827592879,98,99,46,7
4.5852862560923171,100,100,43,1
2.5099147100248675,100,101,50,4
3.4910162461257945,98,98,54,7
1.6188730431433185,98,99,45,6
4.6053264777644598,100,101,52,2
3.3099058835651896,98,99,54,5
3.6638284693194088,98,99,53,0
4.7248126362441676,100,100,46,0
1.4262805268275063,96,97,47,3
0.9757191665254581,100,101,50,0
6.2372084709615008,100,101,51,3
5.6385322085292389,98,99,48,7
5.3577415306969831,98,99,48,5
5.1402271448435828,100,101,51,1
3.5328677841926490,100,100,50,2
5.6412158462685298,96,97,51,5
3.3608601104471618,92,92,47,7
2.7053475506430420,100,101,48,0
6.1702787925533222,100,101,57,3
5.3133980578196658,98,98,47,6
1.6232142085090784,98,98,53,0
1.0617159742054021,94,95,39,4
5.3290724252857524,98,99,52,7
0.3481310883560549,100,101,51,1
4.4618638983240837,98,99,47,2
3.7706877262097853,98,98,61,6
0.9252376036301312,98,98,40,7
4.4457734563864308,100,101,61,1
5.2180223762474984,100,101,52,0
1.2488688658398066,98,99,51,0
2.5654820908209968,96,96,49,1
1.7316256008723041,96,97,57,5
0.9870478466312491,98,99,47,4
4.4898146726415318,96,96,46,0
5.8752811406135770,100,100,39,5
0.2172109845476688,96,97,47,7
4.9856331867789514,98,99,52,5
6.1880124566489858,96,96,48,2
5.3273601977438343,100,100,55,3
1.6593292821501973,98,99,44,5
0.9445723974512337,96,97,40,6
0.1200008064473238,100,101,66,6
0.3370461525834602,100,101,57,3
3.8594623190697734,98,98,47,6
5.1657966389783976,98,99,47,6
1.9477499941532508,96,97,52,4
1.8521622030917739,96,97,47,3
3.2892920750014398,96,96,41,1
5.5892659589816791,98,98,56,1
2.4025560997980766,98,98,49,2
0.0174109685129815,100,101,44,4
4.4053676867448734,100,100,54,0
0.3022673246495952,96,97,53,7
5.1815230326190402,100,101,42,0
4.8731356322262647,100,101,49,1
0.7445345705987358,100,101,53,5
3.0348194695828514,100,101,54,6
5.3287608012662684,98,99,57,4
2.9514962872871173,96,97,48,2
5.2386691858849943,98,99,62,7
5.8849483601824533,98,98,47,0
4.0724623830682880,98,99,38,7
0.9781885989362598,98,99,49,2
4.3024308549880956,100,100,54,2
3.4197653745697290,96,97,50,4
3.2225621914453986,100,101,52,2
2.0707935736339294,100,101,50,4
1.8352256885469258,98,98,41,0
1.2900002992091328,96,97,53,3
2.5238731092979734,98,99,50,5
2.0404904666162538,92,93,46,2
0.3799880686812175,94,95,49,6
0.7057565066546019,100,100,53,5
4.5479630894076246,96,96,47,7
5.4963512129286221,94,94,48,5
4.8297116427753970,100,100,54,6
0.4231212062294346,100,100,51,3
3.6363256774996731,100,101,49,7
0.7735101648273528,92,92,48,2
4.6186738140722001,98,99,53,0
3.6100508868002494,100,100,51,1
6.1503978477751122,96,97,36,6
4.9036055240487899,100,101,54,0
2.2969147920295958,96,97,49,3
5.2602811694439202,98,99,60,1
4.0884441568999828,100,101,51,3
4.7281964003593098,94,95,46,1
4.0057458196128817,100,101,61,5
3.2007426180243663,98,99,49,2
5.4727023830333668,100,101,56,4
3.4649414643511838,100,101,56,4
3.4495503630351680,98,99,41,6
1.9628706973273911,98,99,49,4
5.7089358078364327,98,99,42,3
5.7204741516931508,96,97,44,4
3.3293774937316516,98,99,49,6
2.0473012656645841,98,98,55,6
0.6410042624223600,102,103,56,5
1.4068105406733966,98,98,47,2
5.0805199703682957,100,101,41,1
1.2837986569611599,100,101,56,6
0.9474947713934169,100,101,50,0
1.7814428726890750,100,100,49,5
2.9065085553259649,98,99,51,0
2.7111558024543672,100,101,49,1
6.1909603993890476,98,99,59,6
5.3782737926633892,94,95,44,7
1.4951462147223653,98,99,52,5
1.7913672786086097,98,99,52,5
5.5181039111541317,94,95,49,2
0.9860313951708400,100,101,54,4
1.6051997634773074,96,97,50,2
5.3346876188520902,100,101,50,0
3.4838689072249598,98,99,55,6
5.2260129851663484,102,103,44,7
0.2354637062865038,98,99,50,3
6.0346267702469412,100,101,52,2
3.5494074030928049,94,95,53,4
3.0009099628964480,98,99,52,1
3.3964866317767375,100,100,59,5
4.4466266727340145,100,101,54,0
0.1638451009606297,94,94,45,2
0.8619962052843839,96,96,46,2
1.9571441408927996,100,101,61,1
4.3686422235937661,98,99,66,7
0.2616209681443610,100,101,52,0
3.2114629956836134,98,98,44,5
1.6032642111251667,100,101,44,6
5.9147774270046458,98,99,51,6
3.4491683733685035,98,99,52,3
3.3244002995331896,100,100,45,3
0.2093285445745956,96,97,47,3
4.1814002164809496,100,101,56,2
0.9982169592554287,96,97,53,7
6.2283876304839865,98,98,53,0
1.6153151591307311,98,99,53,6
2.4098264576256727,96,96,56,2
3.3541033560312505,98,99,46,5
1.8031507739758892,100,100,50,6
3.5445515021265974,100,101,47,1
4.5191841388349250,100,101,54,6
2.1549937631543243,100,101,50,2
4.7913226367592276,98,99,43,2
2.1413168554178541,98,99,59,2
5.6398629649560945,98,99,51,6
6.0578314407612801,94,95,50,1
4.0615529211396089,98,98,56,1
2.4580881444244955,98,99,56,1
2.2910699507464494,98,99,53,6
4.2840043393749285,100,100,55,3
1.1497602146560457,100,101,35,7
4.4879682325832180,96,97,54,4
1.9184398792158615,96,97,47,1
2.2263065740762995,100,101,48,4
4.3294149940697864,98,99,54,1
1.5254018497579811,100,100,58,0
0.9681671912530948,100,101,36,6
3.0384700495568548,100,101,58,2
1.7892720353266240,98,98,55,4
2.9998935660061483,98,99,58,1
0.2049267018567438,100,101,53,3
3.2277040981312548,98,99,45,6
2.9026385179590033,94,95,55,4
1.8056555396060137,98,99,54,7
4.4037517937454389,100,100,53,3
6.0480739592238963,98,98,46,7
3.1797148518682641,100,100,48,6
2.3313230965184997,98,99,46,7
5.8199340206550039,96,97,51,5
3.4489516487786256,98,99,52,3
3.2472969431248635,98,99,47,6
2.8712780305744641,100,101,63,1
4.0951136744382231,100,100,54,0
2.7344307097250020,104,105,45,3
5.5321507027074173,98,99,51,6
0.6654352254379461,100,101,54,2
4.9842536353560387,98,99,50,3
2.3922437428168348,100,101,54,4
0.8854750208956689,100,101,47,7
2.1494110796911148,100,100,45,3
0.9332550543427925,98,98,49,0
4.3012675727762524,100,101,45,7
6.1985308782436253,98,98,46,5
3.9172779788115792,100,100,55,5
3.3752930522459343,96,97,54,6
1.6383881984201132,100,101,48,0
0.8915261733137733,98,99,40,1
5.6337209992660906,98,98,42,7
4.9330302014882630,98,99,55,6
0.9992146461836032,100,100,49,5
5.3951065199661601,98,98,56,7
0.4075487071515511,98,99,51,2
3.4695328451806517,96,96,45,1
2.4046994273680409,94,95,51,0
4.7423546458239079,96,97,50,4
5.6909655334460689,98,99,50,7
1.3984449899068419,100,100,54,2
3.3768717319585044,100,101,53,3
6.1549823324932902,98,99,46,7
1.0954548691642652,98,99,51,0
6.1970904944805403,100,101,51,5
6.1430794964853908,100,100,57,5
2.6135895199101578,96,96,55,5
1.4741253500749494,94,94,54,3
4.2219779043306360,98,99,49,6
1.3544525022573377,98,99,52,7
2.2533326585335200,98,99,45,0
3.6263254029187992,100,101,53,1
3.4886848364313394,98,98,53,2
4.2834390013898824,98,98,47,6
0.7160182222768791,98,99,55,4
0.3587234159123360,98,99,54,5
3.4045316196721918,100,101,62,4
5.0820074570992553,96,97,54,6
4.0378753338525932,98,98,52,7
0.9547306401131607,100,101,51,7
1.6291502200612922,96,97,52,0
4.2361803241532554,96,97,40,4
3.1039445807146402,98,98,54,1
6.2000036527577924,98,98,44,3
5.3790336391153994,96,97,46,6
0.0134794527324696,100,101,53,3
0.4955965473182143,98,99,53,4
0.8342701669752762,96,97,56,2
3.1662889827543874,94,95,47,0
4.9518666782440350,96,97,51,3
3.7707639101087698,100,101,59,7
0.8824684002419700,98,98,55,2
5.9849069580094829,98,98,52,7
1.2322207831268808,100,101,50,2
4.6772181924229042,96,96,44,2
1.0281392399169305,96,96,53,7
2.8105467818258938,96,96,48,6
6.1508924010574555,96,96,39,1
2.0679323110776502,96,96,47,7
0.1541357838068925,96,97,53,1
2.8224144683377905,102,103,60,3
2.9431617712338540,98,99,55,2
5.7969065065686918,98,99,57,6
5.7696995291661999,98,98,44,5
4.5982454521745542,98,99,55,0
3.5355223868753622,98,98,52,3
1.7944610824678953,100,100,49,3
0.7311976734355035,98,99,48,1
5.7970218317423576,100,100,48,2
3.4160645217072498,100,101,46,4
3.5515738246128752,98,99,55,4
0.1677032201734266,100,101,43,3
5.1133178893325262,96,97,51,3
2.8366511504388630,94,95,46,7
5.1409567447308122,100,101,39,7
5.8411457506140501,94,95,53,6
0.9417952841225408,98,99,54,7
0.0413283490496673,98,99,60,5
4.1578140212988304,98,99,51,2
5.1405650649101444,96,96,56,2
6.1263076510909320,98,99,56,3
0.0334301696302749,98,98,61,0
5.6828219952025139,100,100,44,0
6.1367251522977053,98,99,52,5
1.2582557502278426,98,99,50,7
3.5049961780335428,98,98,53,4
3.8942594623310116,98,99,47,0
3.7850107376300417,96,97,59,5
0.6979099451915211,100,101,57,3
3.9137771533308072,98,99,40,1
5.9844543886775465,100,101,46,4
1.0149922588471489,96,96,54,6
3.4726122984753940,98,99,57,6
5.8316362870841933,96,97,50,2
5.3904164320597978,98,99,54,1
5.8764736087957994,98,99,43,6
5.7150553903613623,100,101,51,5
1.1255961205572951,100,101,53,3
0.6150261251872411,100,101,53,3
0.7036094106446044,98,98,48,1
3.7688617200461492,98,99,48,7
3.5207883400204931,94,94,44,5
5.3906395381383172,98,98,50,1
4.0971404511296905,98,99,40,7
1.0140774055559896,98,99,53,6
3.6849096481192580,100,101,59,1
5.0053358785153526,96,97,43,3
4.1180069864979556,100,101,59,7
1.2179577484366664,100,101,51,1
2.2606753181114154,98,98,43,2
0.2537566909118203,98,98,49,0
5.1741917420297208,100,100,53,3
2.4740782425875216,96,96,56,6
3.3052825932265057,98,99,51,4
3.7065115412686036,98,99,42,7
2.7608788696550786,94,94,46,5
5.7324973535718691,96,96,49,7
2.4122656679159555,98,99,42,7
4.3558134784408011,96,96,47,3
3.2435484905404097,100,101,48,6
0.2034452373785189,98,99,56,7
2.8863422898782840,98,99,56,7
0.9714087830723229,98,99,48,7
0.8804786597370440,98,99,55,4
0.6366466622681364,98,99,42,3
0.8480332051466533,100,101,55,5
2.5599429101392217,98,99,45,0
5.1532434609205398,98,99,49,6
0.7773001235994731,102,102,48,7
3.1616588615689283,96,97,56,6
2.7062215428155865,98,99,54,1
2.1515625505187095,100,100,52,2
5.8085814165671241,100,101,54,0
1.3592008397585547,98,99,39,4
3.8668528658396970,98,98,52,5
5.3791271658551532,98,98,53,0
3.2289373420897749,100,101,56,2
3.8853203467005750,98,98,52,1
2.0745201533908757,98,99,50,5
4.3506741230089609,94,94,46,1
2.4666793507388713,96,96,41,1
3.0132500128325064,96,96,55,3
4.4781803914581078,96,97,46,0
1.3177904110113572,98,99,50,7
3.5420570192035430,98,99,53,0
2.1025305342553766,100,101,53,1
0.2566156458007376,100,101,57,7
1.9231038601115023,92,93,51,5
1.7264359434654315,98,99,48,1
1.6516951688349915,98,99,57,6
4.4839679860409971,98,98,51,2
3.4787069075649573,100,101,51,1
1.1242129183981775,98,99,44,5
3.6083886849062128,98,99,55,6
2.9846653399672323,96,97,54,2
4.7880293998109433,100,101,53,3
5.7019468215944276,96,96,42,0
2.9469899324937554,100,101,54,2
5.9579227592277650,98,99,45,4
4.4424976224722332,98,99,48,5
0.1055840993216502,96,97,55,7
2.1652996022592417,102,102,49,6
5.2334822400027567,96,97,48,6
1.2898733714583499,98,99,54,7
3.9629173901358605,98,99,50,7
5.8393216076514758,98,99,46,3
4.5141046463939398,96,97,49,7
5.9035922504525171,98,98,39,2
1.8874681957497279,96,96,46,6
5.0851309419628059,100,100,53,5
1.2807474637698448,98,98,43,2
3.1447277206127078,98,99,48,3
3.2180700245084020,98,99,51,6
5.7405394314775782,102,102,40,1
5.3963434247172604,96,97,49,5
0.2476082631123506,98,98,52,7
2.0865892790631215,96,97,52,0
4.4436645069196405,100,101,42,6
6.0085392154236850,98,99,53,0
5.9173539931137524,100,100,54,6
1.1024196303425704,100,101,60,2
0.7206784857645568,100,101,54,2
1.1061834807408641,98,99,50,3
3.8681823257256522,100,101,49,1
2.8808342951757568,98,98,54,7
4.0925660209689996,100,100,55,5
3.9588645780421965,100,101,52,4
0.1075378687839605,98,99,48,1
1.3782195037316085,96,97,52,2
0.6976102177657011,100,101,50,4
1.3990461089901314,100,101,51,1
4.7368686051642825,100,101,49,5
5.7608808558901980,98,99,49,4
5.0981409838862248,94,94,53,2
3.2952031496711083,98,98,52,3
4.3676130889263023,100,101,53,3
3.4164020581797159,100,101,56,0
6.0907456201640313,100,101,51,1
5.5433808860168030,94,94,49,6
3.2964562427827060,100,100,47,7
5.8474967159229436,98,99,50,7
6.1661749536456147,100,101,43,1
4.1735033372536270,96,97,58,2
2.2825235119099325,98,98,51,6
2.5999846758849827,100,101,42,0
3.9800491668434761,100,101,60,2
0.8771696747620378,100,101,52,4
3.1254889219957418,96,96,45,7
2.0713103533770254,98,98,57,4
2.9754460312804731,96,96,43,1
4.1312700561820170,94,95,49,0
1.7139091406081650,102,103,51,0
0.6150719352368833,98,98,40,3
3.4078210884390940,96,97,52,2
4.4174685092542747,100,100,53,7
2.5816045504972367,100,100,53,1
4.0325679046799614,100,100,52,2
5.4080383303724906,98,98,52,1
5.0113794213201901,100,100,48,0
3.8185011069067105,98,99,53,4
3.6579565746365539,98,99,54,3
1.7259042073598476,96,97,46,4
0.0353911243060098,98,98,56,1
5.4066726548776805,100,101,40,4
1.8126279710034230,98,98,54,7
2.1692498565076090,102,102,54,7
1.8723116264789945,98,99,45,6
5.9438340895105650,100,101,45,3
5.7528996638269607,100,101,50,0
0.6781973916028601,96,96,50,6
1.1114894988453685,98,99,52,3
3.0952284918433639,98,99,51,2
2.5950994007889818,98,99,43,0
3.6972212028459666,96,97,44,0
2.8160502984391869,94,95,40,7
0.3233012321471069,100,101,46,6
2.3763303352431233,98,98,51,0
5.7941589770438862,98,98,53,0
1.0203706379413775,100,101,48,4
3.7827814667975206,98,98,47,6
5.7149390714357899,98,99,54,7
5.1502807871349487,98,98,59,4
0.2377194535216534,98,98,43,2
0.6503011059489560,100,101,53,5
3.5079145836515453,98,99,47,4
4.0821097575358491,94,95,50,3
0.1434548106767264,96,97,54,4
5.7727337790023130,100,100,48,4
4.0245562164697128,98,99,54,1
0.4600755211900661,98,99,55,2
2.3309410121060559,100,100,53,5
4.5401147394639505,100,101,57,1
1.1507910649671393,98,98,50,1
0.0363444397495178,100,101,58,0
0.5740168883154845,98,99,49,2
0.3884539541744439,100,100,48,0
1.8513053719523633,100,101,59,5
1.5616172249083906,100,101,44,2
1.5899375448188455,96,96,54,0
3.5263605794671729,98,99,53,6
1.6963449367320094,100,101,41,1
0.0145619842128761,98,98,55,6
3.2606409503210902,102,103,68,5
4.8776797970146335,100,101,46,4
3.7378679508760535,100,101,54,2
3.2808309368162458,100,100,53,3
5.3856271150987611,96,97,59,1
4.7257995747589918,100,101,52,2
5.5225742822009636,98,98,53,2
1.3624619279789980,98,99,50,7
4.4718618612214565,100,101,48,4
3.4148398065220231,96,97,53,5
3.3641388304180633,98,99,59,2
6.0967614276178264,98,98,38,7
4.8149570008765297,94,95,45,4
4.0386528730319462,98,98,49,2
0.8707610196518374,98,99,54,5
5.1621936980043621,100,100,50,2
0.6887428535562382,100,101,48,4
2.9391050846806666,98,98,59,6
0.5436424548348147,98,98,50,7
5.0517775729753209,98,99,54,7
2.6119750030597522,98,99,53,4
3.5748474952313640,98,98,45,2
0.9773242237498736,92,93,52,4
2.3952233984385263,98,99,45,2
4.5672776595725812,100,100,49,7
4.1009533886370750,98,99,53,2
2.2378904660500551,98,99,56,1
1.4962503452917992,100,101,70,4
2.2785868760640553,96,97,54,4
5.3630828270602686,100,100,49,5
0.7574613935533193,98,98,49,2
1.7038961283366969,102,103,58,3
0.9430803810015292,100,101,51,3
1.3449228330044571,98,98,49,0
1.3645881933941268,100,100,57,1
4.8833763960397425,98,98,42,3
5.8042073753932195,96,97,54,0
5.6353247120168009,100,101,43,5
1.7370916672636305,96,97,51,1
2.2917315121518431,96,97,54,4
1.7741418311612647,94,94,49,2
0.1971122758475077,94,95,61,0
5.8921554316546638,98,99,58,3
3.2692340847127102,96,97,49,1
5.1741126608983041,98,99,46,5
4.6101725181892297,96,96,45,7
5.3237397197774046,100,101,53,5
3.5070194845895180,100,101,52,2
2.3598390138907246,98,99,47,2
1.8152393811652703,100,101,63,3
4.1544937726804640,100,101,50,4
1.4219911154236624,96,96,49,1
4.6627503334164100,96,97,42,2
1.7290772519962128,100,101,46,4
5.0715045721157539,100,101,49,5
4.6191257413207039,98,98,52,5
4.9703496513412135,100,100,51,7
3.5802237252250624,100,100,52,0
1.3963937599811223,100,101,45,1
5.7636437822518722,98,99,57,0
1.9658749013908701,100,100,54,6
3.4377568234229150,96,97,47,3
3.2966607820302856,96,96,47,3
3.9488843166356311,98,99,46,5
5.5009392954223104,102,103,57,0
0.3742380445628891,98,99,48,7
5.6865912386544517,96,97,54,2
0.6158306963084771,98,98,56,5
5.7202406091215847,98,98,46,1
4.7539741236625011,98,99,52,7
0.3120138700371188,98,99,44,1
4.0605153794264703,100,100,56,6
2.6439757816106888,100,100,44,6
0.0366043032134800,96,96,48,4
6.0834969845883959,100,101,45,3
0.4192202208016326,100,101,50,6
3.5672762002173024,94,95,57,0
4.1699642832379693,100,101,58,4
0.1597234265182223,98,99,48,5
4.1762610428370719,94,94,48,1
2.5266346849665249,100,100,45,1
2.4136464276835810,94,94,56,3
3.7535324720604382,100,101,57,7
2.9934347847327003,100,101,47,7
3.9113024767839537,98,99,52,1
0.6498227641565522,100,100,55,5
3.5849066731890558,98,98,48,7
4.9198856958403612,100,101,49,7
4.4892775336634907,100,101,46,2
3.3018016735168070,100,100,59,7
5.1723201692951895,100,101,49,1
3.7196564556737668,102,103,59,6
2.2511191643919424,98,99,52,3
4.0671730189905038,96,97,41,5
6.1904450671495024,96,97,48,2
2.8853346291091655,98,98,44,1
0.0133636083323142,98,99,45,0
4.8175668099703675,100,101,58,2
3.3304262211412667,100,101,55,3
0.3652114329661252,102,103,59,0
5.4586087006520003,98,99,52,3
0.7321764448890989,100,100,55,7
3.7624016789116146,98,99,46,3
2.8463720283115452,98,98,47,2
2.0569391548503142,100,100,49,3
3.2729352426398584,98,99,57,6
1.6762190802332286,100,101,54,6
5.8283942261556669,98,99,49,6
5.1115347361214090,100,101,46,2
0.1443971042899045,98,98,57,2
4.7446358773162789,96,97,51,1
0.1941402216455077,96,97,41,3
1.9468344377082634,100,101,48,0
4.8508812886319355,98,99,54,3
0.9729895723304742,96,97,41,5
1.4908388750013026,96,97,51,7
4.1803620837848205,98,98,54,1
4.8453227050295880,98,99,54,7
5.3469953573354427,98,99,52,7
3.2850911113433643,96,97,45,5
1.9265538104139874,100,101,44,4
4.6684176008391871,94,95,45,2
0.6049388452144078,100,101,52,4
2.3882597455118488,100,101,46,2
2.7950066656968167,100,100,40,2
5.0391230574497206,98,99,51,0
2.5632818985214332,98,99,52,7
4.7990052291109100,92,93,47,3
1.5621968181498136,98,99,52,3
4.0091575534977411,98,99,47,6
1.7757678086742226,98,99,47,0
3.9984638540298820,98,99,58,3
0.2467905692638126,100,100,51,1
5.7841842818253948,102,103,58,1
2.3320089837946316,98,99,48,3
0.6246700984609542,100,100,51,7
5.3598288163615679,98,98,49,6
2.8069760158356210,96,96,58,4
1.8007599238144139,100,100,60,2
2.4188083273681151,98,98,51,0
4.4683143355355002,100,100,57,1
5.3427142032426875,100,100,42,4
5.1305279539841671,94,94,54,5
0.1130027141625493,100,101,46,4
5.0678098884907836,98,98,42,5
0.9775830518026055,98,99,56,3
2.1881697725207805,98,99,52,5
2.6249386590443402,100,101,55,5
4.7686271576444499,96,96,47,5
2.5037039288807081,100,101,51,7
0.4467338253637289,98,99,44,1
0.8055674303160418,98,99,41,4
5.1168035529400271,100,100,56,0
5.1494213278672438,96,97,49,5
3.9111320505007434,98,99,55,0
1.6176708058752338,98,98,59,2
2.0853249062692956,98,99,48,5
4.3153456324081700,96,97,47,3
3.7172730121438757,98,99,58,7
2.9505800062303158,96,96,55,3
4.3302960622696451,100,101,64,0
3.5235227814955281,96,97,52,4
2.5939454680631133,100,101,50,4
2.6512400497940471,100,101,59,3
3.6113329096768534,100,101,53,7
1.7079735285603297,98,98,45,6
3.8731236556377380,100,101,63,1
3.0330583833318965,98,99,48,7
4.7468615079664689,98,98,51,4
0.9077635916560333,100,101,53,5
2.1577811016848529,96,96,45,5
1.0198044356891713,98,99,55,0
5.4779235409032641,94,95,46,7
3.4230972414005398,98,99,55,0
5.3985154620317237,100,101,56,4
2.8383209895047727,100,101,58,4
1.6527319637715421,98,98,55,0
3.6449443320975519,100,101,47,1
5.5600544116594737,100,101,54,0
0.0607914201440282,100,100,42,0
6.2611420057346852,98,98,48,5
3.7821238325238107,100,101,44,2
1.2862046576639881,98,99,54,7
1.1760311920087474,92,92,53,7
5.1278270836533766,100,101,53,5
2.6427341471134538,100,101,53,5
3.5805423045862619,98,99,49,2
1.2475327802309228,98,99,60,7
1.6619753982796950,100,101,53,7
5.4957558160214832,100,100,52,6
0.5719219199480889,100,101,49,7
5.1941134230309007,100,100,55,7
0.9794034334868403,100,101,59,1
1.0313810890335995,96,96,53,1
0.2518731856457657,98,99,54,5
2.8351919362432594,100,100,52,4
3.9522011097232261,98,98,49,0
2.7679100687345524,100,101,45,5
2.4322775825801863,98,99,62,3
2.1234794093194047,98,99,55,0
1.4823081705631946,96,97,47,3
2.5356459877584063,100,101,52,6
5.5354908010338368,102,102,52,5
4.6385137031566650,96,97,53,3
0.5051336795875961,96,97,45,5
5.8802130387350475,96,97,49,7
1.4224518772428600,98,99,57,4
0.9484155158887576,96,97,52,2
2.6354580853865270,98,99,43,6
5.7267267592205329,98,98,43,6
4.6234079071857410,100,101,47,7
4.4193755841912434,98,99,59,4
3.0721105596723572,98,98,46,7
1.6049679556509309,98,99,39,2
0.2924050525630179,96,97,48,0
1.2171677296881780,100,101,50,2
1.8092625694612974,98,98,52,5
2.0417673567379682,98,99,51,4
2.4849607865769885,100,101,53,1
2.6916366144616219,98,99,45,4
0.8033887131040965,98,99,50,3
5.7408078197364718,98,99,49,6
2.1036603355334806,98,98,41,2
2.0571202172629350,100,101,47,1
2.9552578627843360,98,98,51,6
6.1903098360879447,98,99,59,0
2.4445841401817199,100,101,50,6
0.3410422029674789,96,96,59,7
5.4389591548163470,96,97,49,1
5.2352517879055771,96,97,45,3
4.7509277958806573,98,99,53,0
3.2712330718687483,98,99,50,5
4.2664354489569734,98,99,54,5
4.6074417056859662,98,99,54,5
0.9211233985335290,100,101,58,0
3.7321601508476996,100,101,46,6
3.3841704284323342,100,101,57,3
4.7308151364755746,100,100,48,4
3.5281897234833886,98,98,53,0
5.1276161734769135,96,97,57,5
3.3730896770683536,98,99,43,4
4.9977140673350853,96,97,52,2
4.5179612245026783,98,99,55,0
1.8119519087020790,98,99,47,0
1.9521932174967953,102,103,50,7
0.7718359845836994,100,101,57,7
1.1981977854711123,96,97,46,2
4.0847951118495756,98,99,61,2
2.4295179672590179,98,98,51,0
3.9827848524997647,98,98,59,0
0.4067321408076596,98,99,55,6
4.7915743696453577,96,97,46,2
0.2986504371879743,98,99,53,4
5.2771147721422933,90,91,40,1
0.7649856598297652,98,99,46,3
0.8889505531042362,92,93,54,2
0.5318363804389087,98,99,51,2
4.2020901059537614,98,99,47,6
0.7340489485106368,98,99,50,1
5.3739488344825022,96,96,50,0
6.2701947735265797,96,97,57,1
1.8546950453988349,96,97,52,4
2.9346690611886652,100,101,47,5
3.8082265776669204,96,97,56,2
1.4000107944036813,98,98,57,2
6.1741984226529407,98,99,52,5
2.3074981242656514,100,100,47,7
3.7657774118213898,96,97,44,4
4.1585795299740420,100,101,53,3
0.4383688223847400,100,100,56,4
2.0157472557992788,96,97,51,5
5.8048064946215163,102,103,57,0
3.1360802033947541,98,99,49,2
5.5489719470769767,98,98,58,3
1.1780456846731140,98,99,49,0
6.2275624740414006,98,98,46,1
1.3056455028949341,96,97,54,0
3.5461181127763024,96,97,49,7
0.9956714401299083,98,98,40,7
1.1825474803196681,96,96,47,1
3.5514003802180705,98,99,46,5
3.9254524118661296,98,98,53,4
2.4493257948849241,98,99,49,4
2.5568400476859843,102,103,54,1
5.9149997412292974,98,99,42,1
2.4700518256665087,100,101,53,7
0.3565929909606319,98,99,51,4
0.7716053983357197,100,100,45,1
4.2561600797369961,92,92,51,1
3.2272582419336149,92,93,48,6
2.5106899881960607,94,95,48,1
4.9250325018081895,96,96,47,7
2.1459118178476855,100,100,50,2
3.4847607437975063,96,96,44,0
0.0046922168634967,98,98,46,3
1.8573497355068844,98,99,49,0
4.2789663062995738,100,101,46,2
1.7858869026590067,100,100,47,5
3.4809105541729961,98,99,55,0
5.1497469612660485,98,99,46,1
3.0690788943863514,98,99,47,4
3.2364964151817146,98,98,45,6
3.3055644038637824,94,94,57,6
5.1855917136105782,96,97,44,4
2.2816557887795019,98,98,41,2
1.4861816481003201,96,96,61,3
3.4978561319767278,96,97,44,6
0.0548770943240033,98,99,47,2
3.9157485558547398,98,98,48,7
0.5296894014009619,98,99,52,7
3.9241861090223935,88,88,44,2
2.4147227158035611,94,94,52,1
5.2489105652147652,98,99,55,2
1.0824346174912602,94,94,47,2
0.2800627232702575,98,99,50,7
4.3512775223553817,98,99,51,2
3.6173535701972250,98,99,50,5
2.1685255967331045,98,99,51,4
0.4375327339308110,100,101,60,2
3.5611390390231832,98,99,54,3
6.0499543551643367,94,95,49,4
5.6060855601745114,96,97,53,7
5.1023881646415825,100,101,45,1
1.8965126729154684,100,101,47,1
2.1136728615595071,98,98,52,5
2.5409488490141148,100,101,46,0
1.0860813573149959,98,99,49,0
1.9622614392677304,98,98,50,1
1.2615271158343766,94,95,43,0
4.1162632148532738,100,101,51,5
2.2274232119503967,100,101,56,6
0.2570885840140010,98,99,59,0
2.5690540754467075,100,101,53,7
4.0104608822195669,96,97,52,4
0.8135484431183154,98,99,45,0
1.2410313110453970,98,98,62,5
4.6319701245941918,100,100,56,4
2.6637355916812995,98,99,53,0
2.5119878110506519,96,97,56,0
3.1442754123420458,98,99,46,5
3.2005557934589359,98,98,53,6
4.9285875570563480,96,97,51,3
4.5112101048225233,96,96,56,2
3.6679740116690365,98,98,52,7
3.6060251515250132,96,96,49,3
1.0123461056990042,98,99,52,3
2.3487717563396826,98,99,49,4
2.5840219932756501,98,98,55,0
5.0707949545978170,98,99,45,6
0.9325216171783655,96,97,51,5
0.4096547355545982,100,101,56,6
5.8993998388479598,100,101,58,2
5.0102543735605103,92,93,46,6
5.9025017241366662,100,101,54,6
6.1056544016095344,98,99,48,3
1.8529784890945831,98,99,43,6
1.1925343547058829,98,99,47,2
0.4937562652333556,96,96,54,0
4.7703479950154124,98,99,48,7
2.0156641451917823,96,96,53,3
4.5097563266865288,98,99,53,4
1.5967067292438317,100,101,53,1
4.0095161603951786,100,101,47,3
4.8781687072710875,96,97,42,2
5.2037502412691943,100,101,54,0
0.9776730581783555,96,97,50,2
1.1430534796687102,98,98,55,4
1.5881169694186181,100,100,54,2
2.0662890464013217,98,99,48,1
0.2108431160002178,100,100,50,2
0.0300028344516566,96,96,48,6
5.5773683535085929,94,94,46,1
1.7028283674719735,98,99,56,3
0.8119631735310124,100,101,54,6
0.2925951912161343,100,101,50,0
4.0750434333328052,96,97,43,1
2.5685657387771252,100,101,51,3
3.0670124489047250,98,99,58,5
2.0612908270460908,98,99,49,4
2.2925822495275439,96,97,55,3
0.5111275772791248,98,99,55,2
2.8571729337501748,98,99,53,2
2.1690414796527704,98,99,50,5
5.0541588292270649,94,95,48,3
0.5861862576447969,100,100,51,5
0.2711757935401132,98,98,49,2
2.9727707429089349,100,101,63,3
1.2267976161534171,98,98,54,1
5.2657481013905061,100,101,57,3
1.2949692747853523,98,99,50,7
4.0902076825912657,98,99,46,3
1.5421838132059971,98,98,44,1
4.7152674202232294,98,98,57,6
1.6790655430531398,100,101,45,5
5.8883169314192516,98,99,51,0
0.6505386503932679,96,97,50,0
2.3877458688334547,100,100,46,0
4.8317067958335187,102,102,55,2
2.7837839169030909,100,101,43,1
0.9565473165691454,100,100,57,3
4.1645822128732446,98,99,48,7
5.4432495009367381,96,96,47,1
3.3632661636064216,98,99,57,2
6.0691050701882547,98,99,61,4
4.5571100722950284,98,98,44,3
5.8642529877562417,100,101,61,1
5.8590583779666581,100,100,57,7
6.1092346390125183,96,97,43,1
1.4388539736540380,100,101,63,3
6.0814222383762040,100,100,52,4
2.7481011991338589,98,98,62,1
2.7633573769348518,100,100,55,7
5.2576470828176198,98,99,51,2
6.1424969980778306,100,101,56,4
4.5736321217011167,104,105,50,0
2.2467382728069496,100,101,64,0
2.8046569763205369,100,101,49,7
4.9308997069012444,100,100,57,7
4.5611782236854959,100,100,58,6
5.2786104414095556,100,101,58,6
4.4421545921667667,100,101,57,3
4.3700162491371470,96,97,54,4
2.0387569785587165,98,99,45,4
5.5980573493669761,96,97,49,5
2.8190138261566466,96,96,49,3
2.9417467877511716,98,99,57,0
5.2983485647759760,100,100,49,1
3.8884180024239665,98,98,53,2
4.7303572362427833,100,101,51,5
5.3260158710837313,100,100,48,2
6.1104272487075866,98,99,47,0
1.4390837443260625,98,99,50,5
1.1736206216740472,98,99,52,5
1.2427404458521898,98,99,51,2
3.4417761111784393,98,99,47,0
0.8274090291720249,98,99,50,5
2.6707976245038800,92,93,46,2
1.7487654308057419,98,98,55,0
1.7104157710860068,98,99,49,4
5.7061526960128575,100,101,51,1
0.0469902810613229,100,101,57,7
0.5366359900588062,98,99,48,5
6.2293929730538906,94,95,47,2
2.6360129515622446,92,93,52,0
4.1014600976769424,100,101,47,7
1.6609995854702548,100,100,53,1
0.6096802705563488,98,99,55,6
5.1361525534129848,100,101,50,2
4.3049911541570260,102,102,44,3
2.0226401027623986,98,98,53,4
4.6773276414654390,98,99,49,0
4.3003022265812252,100,101,50,2
0.9549063606490814,100,100,50,6
3.7994073310470142,98,99,44,7
4.9324471111975825,92,93,47,3
2.5032592273333321,100,101,45,7
2.5029770235058568,98,99,51,2
5.2519321989873191,98,99,50,3
5.0483675536804649,100,100,48,0
4.0373221831682038,100,101,56,4
1.7629523822735018,100,101,52,4
4.4406933404306601,96,97,46,0
5.7758166534230924,96,97,53,3
5.0551255208762260,100,101,55,1
2.8708407038895949,98,99,47,6
5.1247658178366366,98,99,59,2
4.0472120817931998,96,96,53,3
4.7998224579562052,100,101,47,5
0.3127121904194119,100,101,40,0
4.2747826032473926,100,100,56,0
1.1484617267191286,98,98,50,1
1.4058699691430423,96,97,44,4
6.1915400459235235,100,101,61,7
4.6047248625037467,100,101,60,0
4.0491574239514829,100,101,50,6
4.2011187001127324,98,98,50,3
2.7485710023395304,98,98,42,1
3.4586820952521826,102,103,58,5
3.1242749359636299,96,97,50,0
5.3872544995027578,100,101,57,7
2.6500725550011333,98,98,53,6
4.1080984338049173,98,99,60,7
5.1170989836667404,98,99,55,0
1.0098931909130826,94,95,47,4
0.7557806598219664,94,94,49,0
1.3409286775858049,100,100,46,4
4.5617708463499840,98,98,43,2
6.0399732788167233,100,100,49,3
0.5200299910401368,98,99,54,3
1.9621869385477599,98,98,51,2
1.3169728766058391,102,103,54,5
3.8625234443157059,98,99,53,2
0.7783404763103243,100,100,50,6
0.3118219047343228,98,99,44,7
2.3511067095860811,100,101,54,4
2.8963602505360595,96,97,43,5
1.2483267680012453,98,98,50,3
2.1590220215120919,102,102,51,4
6.1446020571454465,100,100,56,2
4.7341747690381819,96,96,56,6
3.5129587178476118,96,96,52,4
5.0766353752413469,96,96,47,1
5.3862731671854132,100,101,51,1
1.0760168938408725,98,99,50,3
0.4584505186013298,98,99,46,7
3.7398783435374989,98,99,52,1
1.9235907748999084,98,98,55,6
2.4902586671537223,96,96,59,7
5.8893913306011285,100,100,51,7
2.3185580829522499,98,99,50,5
3.7247904785675265,100,101,45,5
5.3929897856139339,100,100,51,3
1.1207074154780681,100,100,57,1
3.8777619950318725,100,101,51,1
4.6909354257716256,100,101,50,4
3.6597653962355490,98,98,54,3
3.3614693363974109,98,99,51,2
5.4955044475277637,100,100,51,3
0.6797518099014607,102,103,55,2
2.7676318219826048,100,101,52,6
5.4848499995992643,100,101,46,0
0.4828757689862073,96,97,55,1
2.3307284421664729,96,96,44,4
0.4295238775315049,98,99,51,6
5.2156478196427276,98,98,57,6
2.2769337270414556,98,98,53,4
3.1338291762266768,100,101,52,2
4.3516070398912943,98,99,46,5
3.4861844162221618,100,101,53,3
0.4046016395705150,100,101,65,1
6.2295157144885991,100,101,55,1
2.3651522188188179,100,101,50,2
2.4737097196983351,100,100,41,7
4.9706842231524879,98,99,49,0
1.6548918926292147,98,99,57,6
0.9366857043277386,98,98,47,0
0.0339705998175668,100,101,53,5
5.0624681672308673,102,103,49,2
2.4365664950200516,96,96,48,6
2.2212427190999127,100,100,49,5
5.8123401342500998,98,99,53,0
2.3179542129259767,100,101,51,7
5.3703331997162085,98,98,52,1
4.6538965682432440,98,98,43,2
4.8349249660447517,96,97,40,6
1.9435418658404293,100,101,49,7
5.8210549664766287,100,101,58,4
5.9510047988489418,94,94,52,3
3.7917787059123080,100,100,48,0
4.5763446857328756,98,99,44,7
0.6958590750041238,100,100,54,2
0.4410314959687003,100,100,44,4
1.1751177894626545,98,99,45,0
5.6490419121505138,100,100,43,3
0.1816744180298371,96,97,43,7
4.1016926957153288,100,101,51,5
4.3679350807402768,98,99,48,5
4.8812644178828606,100,100,46,4
1.6687251780292467,100,101,57,5
5.8701228663315925,104,105,56,4
0.3256167731991563,96,97,58,4
3.9503957617007610,98,99,48,5
1.1240714947576236,96,96,59,3
5.5536492706557388,96,97,60,2
5.8273312044986678,98,99,53,0
4.0434565708834738,98,98,49,0
0.7356259421957103,96,96,51,5
3.4323095149655454,100,100,43,5
2.5272875688709244,100,101,46,2
4.2471933123990224,98,99,53,2
1.0261178402847535,96,97,33,1
4.9753147088990648,100,101,51,1
3.9105885963719871,100,101,51,7
3.8954866695441268,98,99,53,6
2.4032987264350347,100,100,59,7
2.8536711216953523,96,97,56,0
4.5219041098710369,98,99,42,1
5.3311788115028653,96,97,47,3
1.7148817750880667,98,99,59,2
4.6690408644676227,96,96,54,0
3.7479022914261120,98,98,53,0
4.6720336630704402,88,88,42,0
4.9619904537644048,94,94,48,7
1.7846226063489874,98,98,52,7
0.0945264416092561,98,98,46,5
4.2475138296706580,100,101,44,6
4.7022089007138401,100,101,57,7
1.7147876900368348,100,101,47,1
4.3133891972703573,98,99,46,7
0.9545478525463994,98,99,58,1
0.6125476998593309,100,100,44,2
5.5971476504824924,102,102,58,3
3.0938002586004130,100,101,58,2
3.3184062301261483,94,95,49,4
2.2791764701555204,98,99,57,4
2.4051539231598800,96,96,52,0
2.2371061085775859,98,99,53,4
6.2352297905752812,98,99,48,7
6.1570001615357555,100,101,48,0
1.6103965540435579,96,96,50,6
4.5374131701726101,100,100,55,1
5.1345488722320214,92,93,46,6
5.9103992479866170,98,99,41,2
0.1171687482185086,96,97,54,4
1.1655318931107297,98,99,47,4
2.8356340115734815,98,99,51,2
0.8537136144474675,98,99,48,7
1.0273500703684573,100,101,54,4
0.8308454024007680,98,98,49,2
4.2629496673858576,100,101,63,1
0.0317085779516431,100,100,54,4
3.4253027912377378,102,103,52,5
3.2262268716681861,100,100,47,3
3.9865667995975724,98,99,53,0
2.0179241548823632,98,99,58,7
0.2862009320458120,96,97,42,4
5.8927156312620808,100,100,48,4
4.3478979226062693,96,97,46,2
4.7732028820667560,94,95,51,4
1.5337640256327030,100,100,49,3
0.8981065225689391,96,96,52,6
5.7798020081272972,100,101,53,7
0.8486119228100132,102,102,47,6
2.4363520569911699,96,97,57,5
1.7837887943853947,100,101,47,1
4.1651538142496154,98,99,58,7
3.3816673408493827,94,95,45,4
5.8835887726082507,102,102,59,4
0.2816672284346797,94,94,51,6
1.8438586349244046,98,99,56,1
3.5437552416750009,98,99,51,4
0.5182199725823815,98,99,52,5
5.7769420254768864,98,99,53,6
0.5629957893628967,100,100,42,4
2.1286781394566874,96,97,51,3
3.7532274697779306,100,100,56,6
1.6239127239210578,102,102,50,3
2.6450646211922670,100,101,61,1
1.5477213018028384,96,97,50,6
3.6658389958505477,98,98,50,5
0.4954541917088101,102,103,48,3
1.0261676010888250,94,94,58,5
3.3425535191694973,94,95,47,4
0.3782084141493291,100,101,47,7
1.1088592522645455,98,99,53,6
0.0651849849210772,100,100,51,1
1.3733278658172805,98,98,54,7
5.3861975036168239,96,97,49,1
2.8068059503594003,98,98,55,6
4.0743596031817217,98,98,55,4
0.0108486885192468,98,98,59,4
3.3160749137722734,98,99,50,7
3.4401158394460905,100,101,48,2
2.2651009816692622,96,97,45,3
4.4062674977872582,98,98,51,4
4.5921679670601012,98,98,57,6
1.7464732428505358,100,101,59,7
3.5679853836601190,100,101,52,2
2.7940572370145724,98,99,48,7
2.1686615282897099,92,92,45,3
1.5370974170875438,100,101,49,1
4.5854621258289860,98,98,61,2
3.5796316532009951,98,99,48,3
2.2249479700751311,96,96,55,7
4.1961592212894763,98,98,48,5
6.2470723687360072,98,99,55,6
2.9677622514438706,98,98,43,6
2.5006498459148858,98,99,53,4
0.6006964431401253,98,98,49,6
3.2102019529725889,100,101,52,0
6.2156486788779768,98,98,59,0
5.6453739704839911,96,97,57,3
0.0051237394924766,100,101,51,3
3.3917315764682310,94,95,51,4
1.2467199952519301,98,98,46,3
5.4718535001865272,96,97,50,0
2.3601304500490699,96,97,47,7
1.9045436860957208,100,101,52,6
5.1036058188149989,100,101,54,4
5.8581777603810528,100,101,51,3
1.4926283652935992,98,98,48,7
1.3814797634230336,98,99,52,1
6.1095938200254851,100,100,55,5
3.1947339228617495,100,101,58,2
5.7165819826621593,98,99,52,3
0.1299703578509402,98,99,52,3
5.2584957714860483,98,98,49,0
4.2577913673204870,98,99,45,0
2.6517325508689309,98,98,52,5
3.1177852209083450,96,97,48,6
1.1636030747867914,100,101,52,6
5.8362151867748455,98,99,46,3
1.5329161135655107,98,98,48,1
3.3065917799762619,98,98,44,7
4.4510389319919836,98,99,48,1
1.0486773233071243,100,101,48,0
4.1740151848919780,98,98,42,1
5.2227891549740502,100,100,56,2
3.4063134930533403,98,99,44,3
5.4164388814803948,96,97,46,0
1.3728497163181983,100,101,56,2
4.3014419463039832,102,103,46,5
2.8427927041544430,88,89,50,4
1.9392211461299982,100,101,51,5
5.6889245098264611,98,99,45,6
5.7923012769054987,100,101,55,1
5.1017921380781139,98,99,46,7
1.7697075847631785,100,101,58,6
6.1156302163337761,96,96,47,3
3.8347455578291019,96,96,57,1
5.5384900484013881,100,101,59,7
1.0774252757421712,100,101,45,3
4.8185014045077326,98,98,53,2
0.8766349180385985,100,101,51,3
2.7204306257053372,98,99,54,7
5.1335569952245859,100,101,59,7
5.4474434707476620,100,100,58,2
3.0718385609863099,98,98,47,2
3.9915018395640147,100,100,51,1
4.8494113443146425,98,99,46,5
1.3203066246550805,100,100,59,7
1.9028359224971854,98,99,50,7
2.9972082415402608,100,101,49,5
1.9305514419645466,100,100,57,5
5.2069887015463276,96,97,56,0
4.7014389799376248,98,98,44,7
2.0013768023540432,92,93,48,0
0.6482400655490926,100,101,47,5
4.6461798029120756,100,101,54,0
2.1578315110101784,100,101,53,7
3.2915653648608902,98,99,53,6
1.4625675577089383,100,101,49,7
2.2251810119897484,98,99,52,5
2.2741497022964672,102,103,41,0
2.4991323517907924,98,99,46,7
4.2285313610118926,96,97,39,1
5.6020246222021406,94,95,38,1
3.1791024448890082,98,98,45,4
4.6930056235862967,98,99,50,3
4.9466355529968435,98,99,55,0
2.6938785778665415,98,99,55,2
2.6665704638470733,100,100,46,0
1.0573227287979214,98,99,53,6
4.9696583194731208,100,100,47,5
1.3088074312107458,96,97,55,1
3.6678084917158835,98,99,55,2
4.7554221870689171,96,97,51,1
2.7515187545873836,98,99,48,3
1.7917759571317142,98,99,52,3
5.5295870489199856,98,99,46,3
6.0606907399786714,92,92,60,2
5.3819767078956717,100,101,49,7
2.0135105639996502,96,97,44,6
2.9580836405068043,100,100,53,5
3.1906749212640402,96,97,53,5
4.5456489505636632,96,96,48,4
5.2039800139520178,98,99,60,5
1.4744792241868552,96,96,49,7
2.8500810064054036,96,97,59,7
2.7438025778558375,96,97,52,2
5.2456916198376859,100,100,51,7
4.8697752182623564,96,97,54,0
5.4321079585745871,100,101,53,1
4.2873352205832607,100,101,51,5
2.8756691898282836,100,101,53,5
2.2236221972520451,100,101,47,1
5.3321412883600576,96,96,43,7
1.0635056119856239,100,101,45,7
1.9927829955479779,100,100,56,6
5.4213242029430058,98,99,48,5
0.0226626673946070,94,95,51,6
3.6882580170043986,100,101,57,7
2.2417725397343551,96,96,37,7
3.8694108934429874,100,101,43,3
6.0818510649677364,98,99,51,6
0.3871982494525323,98,98,62,7
1.8050574454662440,94,95,48,5
5.9275563607630808,96,97,53,7
5.6071415385488752,100,100,47,5
1.4913531930538970,98,99,61,4
2.8274035951443168,98,99,54,5
4.4073436388034883,98,98,48,5
1.5434965118925004,94,95,64,5
4.5997321134234630,102,102,52,5
3.7269047873197465,98,99,51,6
2.8413890988272033,100,101,49,1
5.0249017666135307,100,100,49,1
1.8006515023728706,98,99,51,4
0.4247417669417161,94,95,64,5
1.8234260918445477,94,95,50,7
4.0737841835458157,100,101,58,4
4.2266699962593259,96,97,44,0
3.7633251167288808,98,99,48,1
6.1819536141447147,96,96,58,6
4.7082867627351215,98,99,50,7
1.8454885429353292,98,99,52,5
1.4045225263226413,98,99,52,7
2.3944842793633274,96,97,50,6
5.0778111414847356,98,99,44,3
0.9961900514432734,96,96,60,2
3.4612263656116404,98,99,47,0
3.1803948042538353,96,96,41,5
3.4296433349069884,100,100,53,3
5.5608437186983641,100,101,45,7
0.1188590058149803,100,101,53,5
0.6570090899744216,98,99,60,5
5.1516505157290444,98,99,49,4
3.0955613840545002,98,99,46,5
2.3572897396286128,98,99,46,7
5.9724908106705046,98,99,56,7
4.9042456811894048,98,99,40,1
5.0331326830600469,98,99,51,6
4.4311365939651237,100,101,47,1
3.6773665309518568,100,101,56,4
3.7194181960756816,96,97,54,0
3.6587444889091785,96,97,49,5
1.5386982451909570,98,98,54,7
0.0898697981755315,98,99,42,5
1.2709278669234678,96,96,47,7
6.1921277822053344,98,99,61,4
3.5373646263187930,98,99,55,6
3.6568250308025818,98,99,55,2
1.6251986331965582,96,97,53,3
5.2888831370195684,98,98,50,5
