theta,t_count,h_count,s_count,w_count
1.2417887809457879,72,73,50,0
2.7000698143634434,68,69,32,6
2.6046593376454581,72,72,30,4
5.5484276872579121,72,73,40,2
4.6233872287569309,66,67,33,0
1.6183231553002637,72,73,38,0
5.5755263356601530,70,71,42,5
5.3445879515306833,72,73,41,1
5.1310844528939592,74,75,38,3
1.9291970215870697,72,72,47,7
5.7858689901201235,70,71,34,5
4.0325731964038960,70,71,41,2
2.5070556132006785,72,73,30,2
4.8350964089064554,74,75,38,3
3.3852819112888470,72,72,37,7
2.4618686038011828,72,72,37,7
0.6410078640006615,68,68,36,4
3.6496779510391102,70,71,33,4
3.2841543971371996,68,69,27,5
6.2631434066875897,72,73,43,1
1.7420123356997976,72,73,38,4
5.4718222845907842,66,67,36,7
4.5302773143792461,72,73,41,5
1.0231669902887477,74,75,36,5
4.2070564023361667,70,71,45,0
4.8250371603025775,68,69,47,3
0.1635611329705539,68,68,33,1
2.3560903025710953,64,64,37,1
4.3774808929380562,72,73,41,7
0.6318364959178494,72,73,45,5
3.8609262285005106,70,71,44,7
4.1186175944183079,72,72,42,6
5.8905408250393263,72,72,37,7
1.5224018878745575,74,75,41,6
4.5794935379918700,72,73,36,6
5.4316394893848692,72,72,36,6
4.0241405371844996,74,74,48,1
1.8052715443599103,72,73,36,6
0.2071875768990195,64,65,31,3
4.7801211598610394,70,70,41,6
4.2134258062936567,70,71,43,2
4.8278371053510698,66,66,40,3
4.8830057928744282,72,73,41,3
2.5132898652662816,74,75,40,5
3.0478991321247615,72,72,43,5
3.2298867221179606,72,73,34,2
3.3394130539477902,70,70,33,6
0.3236859712579431,70,70,39,4
0.5789048036257318,66,67,40,1
1.4969422003944937,70,70,39,4
0.8832967074707605,74,75,37,0
5.6666190975834390,74,74,41,2
5.6424705499442567,72,73,44,0
4.0756985893483213,70,71,37,4
5.0579123852457633,70,70,44,5
5.0574408360903549,72,72,28,2
2.5242363770682972,72,73,43,7
1.4124549904129871,72,72,34,6
2.2238534648441046,74,74,46,5
5.9887287003172540,70,70,38,5
4.3484945860109470,74,75,32,5
3.9820123024296588,74,74,36,7
6.1085816508500690,72,73,41,7
2.1661832544902508,70,71,36,7
4.3149160975298519,72,72,36,4
0.0753768666534470,74,74,37,2
2.7199500100504417,72,73,35,7
4.4321306058986556,72,73,34,4
0.1826661370927106,70,70,39,0
2.6430337974129041,70,70,36,5
6.2417827523296339,72,72,37,3
5.1799946705843176,72,73,35,7
2.5734980277027732,72,73,44,2
0.2140649738041246,74,75,36,3
0.6851346540181253,72,72,30,6
4.6142873503329396,70,71,34,7
5.9919844134640838,68,69,34,0
5.7896003994286485,70,71,35,0
4.0769636251049564,72,73,48,0
2.9635733057461193,72,73,39,1
4.6076678635216499,74,75,44,5
4.1983390969402210,72,73,36,0
3.7530934120626100,72,73,34,6
1.7389987781827496,72,72,38,0
5.7639904295902715,72,73,40,4
5.6537002328327839,74,74,39,4
5.9534240560306859,70,71,41,6
2.1207341535669486,68,69,34,6
6.1911185023294166,70,70,30,1
0.2519883421082012,68,69,39,1
6.1804810949700979,74,75,41,2
4.5106570960585657,74,75,39,0
4.7891890842537439,70,70,37,4
1.7617735268220829,72,73,38,0
0.6151932062003348,74,74,41,4
2.0246519205641462,74,75,37,4
2.1658674175184713,74,75,38,1
0.0382552639638525,70,71,31,2
1.4092872872962279,74,75,47,2
0.4606841207068758,72,73,36,2
6.1744800391594481,74,74,39,2
0.4727698752216286,72,72,35,7
4.6305875624142452,74,74,39,0
0.7680060128631068,68,68,28,2
1.2641215280781282,70,70,43,2
2.2461190691249602,68,69,35,5
3.6667645123340971,66,66,41,2
5.7663127784960144,72,73,44,6
4.6760363344240998,72,73,44,4
4.7731813419661835,72,73,35,1
2.1389032167984450,72,73,37,1
0.3184347595289916,72,73,36,6
3.9965134691263597,72,73,33,3
2.8529915211809027,70,70,34,3
1.5294334200127881,70,71,31,0
6.2500872432231693,72,72,44,2
4.1100659789775484,72,73,37,5
4.0523538057239303,72,73,33,7
4.3155291276544041,70,71,33,2
5.5250580394216069,74,75,38,5
3.9225595423572766,70,70,32,1
1.4787041734043096,74,74,35,4
1.8552701114044809,72,73,33,3
5.5086181617655114,70,71,39,2
5.3364165110738160,72,73,37,5
0.6606117710312858,70,71,32,3
5.6615699286735559,74,75,41,6
2.0801887079535097,70,71,37,4
2.3258611345756863,70,70,38,1
5.1086064390257286,72,72,43,1
5.6962935192172059,74,74,32,7
4.2622156336642112,72,72,38,2
0.4715200480442983,68,69,43,5
4.0490164069020755,70,71,34,3
6.1240412719479060,72,73,46,2
2.4280024064182504,72,72,37,1
4.1652202195781003,72,72,44,6
3.0515447714385138,72,73,34,6
1.9897655873054747,72,72,41,7
0.5262777427930135,72,73,37,1
4.9935014040995602,72,72,39,7
0.2295549361361412,74,75,43,2
2.3352080871138368,72,73,34,4
3.6532244397232208,68,69,34,4
0.9317858317354882,70,71,37,2
5.8799543730825405,70,71,35,6
1.9251017693168073,72,73,32,2
6.0771969581836203,72,73,38,4
1.4257288293882118,70,70,45,6
2.8486160866654009,72,72,39,1
5.7478402547220782,74,75,32,5
0.1913194978531113,70,71,33,6
1.2988466014751485,72,73,34,2
0.6404686133769402,72,73,42,6
5.3230881564459738,72,72,37,5
2.8333495179959325,72,73,42,6
0.3314319783124936,70,71,40,5
1.7905645834406145,72,72,39,5
3.5621502444026669,70,70,44,5
5.7494799985069109,74,74,41,6
4.7714890191245871,72,72,36,0
1.6030910301163892,74,74,34,5
0.7768229374271084,74,75,43,6
1.3439271982372127,72,73,44,0
2.1007377343375304,72,73,41,5
2.9793621348381807,74,74,37,6
4.4434411286352562,72,73,46,4
1.9521249026737626,72,73,43,7
0.3582745365818006,72,72,39,3
0.3322049535441567,72,73,45,7
4.1988247018400102,70,71,42,1
3.4149380047187980,70,70,41,2
5.8102615781832601,70,70,39,0
1.1078528760854445,68,69,35,5
4.6837871872990346,72,72,34,4
4.8098200994305094,70,70,34,1
1.6951641440284946,70,70,42,1
4.6011773721906346,72,72,49,5
2.9035628223323195,74,75,35,2
0.5109453850641782,72,73,37,3
4.8802484730499636,74,74,40,7
5.8760920902360709,70,71,33,4
5.8097350434273825,70,71,40,1
2.8744970139655464,74,74,31,4
1.0365360725791439,72,73,42,2
4.4692618080872695,74,75,44,3
5.5714699032141448,70,71,32,5
4.2425564266287319,72,73,41,1
3.6347324581237066,70,71,33,0
2.5555917633771568,72,73,42,2
2.2505003294478110,72,72,39,5
0.3691072504188786,72,73,42,2
1.2916766911435833,68,69,40,2
4.5924857846059908,68,69,37,1
0.0096136725309699,70,70,40,1
1.9369211353677571,72,73,37,1
0.3845059119815248,72,73,41,7
0.5444584599015879,70,70,29,4
5.4486276462004151,74,75,41,6
5.2512958055279171,72,73,39,7
5.4958383769028663,72,73,38,0
6.2553579155171128,72,73,36,0
3.6671979559772714,74,74,34,5
4.2227930243974905,68,69,40,2
5.3528705748551291,72,72,36,2
3.9804632665283588,66,67,38,7
1.5003194687142705,70,71,45,0
0.2415356890578843,74,75,34,3
2.5205073247940049,72,73,36,4
0.8043072290716596,70,71,36,3
0.9804394901249461,72,73,35,5
1.3032962679512647,74,74,42,1
0.7698277766728381,72,72,35,3
0.1013652600933108,74,75,35,4
2.3702798874213173,70,70,35,4
3.8342083788003452,76,76,40,4
4.0097655778503460,72,73,45,3
1.4353405977453519,72,73,32,6
0.5831393124935101,74,74,35,0
0.0140075252187916,72,72,38,6
3.6486914439591485,72,73,40,2
6.2705380273993452,72,72,38,4
5.3712480468514014,74,75,41,0
4.9123139536693303,72,73,39,5
3.7392192127869137,74,75,44,7
5.4137171172474599,72,72,34,4
0.5200353972238807,72,73,32,6
4.2667180494107200,64,65,37,3
4.2172251505875744,72,72,37,1
4.2508700240588277,72,73,32,0
4.1814659329491493,70,71,36,7
2.9664120791466480,70,71,42,7
5.2369175379769546,74,75,39,0
5.5312404196076050,72,73,38,0
0.2028251466883347,70,71,35,2
0.5312822344807673,74,74,36,5
1.4255748154652392,70,71,44,3
5.9759835264750665,72,72,40,6
0.2463412643477981,72,72,48,6
1.8810812098897887,72,73,36,2
2.3217600491939407,72,73,36,4
4.6320525495772982,72,73,41,5
0.6920089331616033,70,71,37,0
2.9578971629252093,70,71,30,5
0.8405697310616683,72,72,40,0
5.8827072887442373,72,72,38,6
1.2028949250346606,68,68,35,7
5.3477382860113636,72,73,43,7
1.2906652937966028,70,71,29,2
3.9487341266870875,72,73,36,2
1.7432000253894708,66,67,39,6
4.5469252701400995,70,71,33,4
5.6173906323567353,70,71,39,6
0.3171746029209205,72,73,36,4
3.7916651275158921,72,72,31,5
0.5658437622017155,70,71,47,6
1.9394174630461734,74,75,32,1
5.5326939201653680,74,75,42,5
3.9109748944406744,72,72,34,6
2.2535070398224324,72,72,33,3
3.9201328541791889,72,73,42,0
2.5355003034903176,72,73,36,6
2.8026450947528438,70,71,39,2
0.2514730483438727,72,73,36,6
0.4566899454949534,68,69,30,4
2.4494469506859522,70,70,38,5
3.7257146894546209,74,74,31,6
4.6496756949553877,74,75,36,5
2.1293473195842747,74,75,43,2
3.6250455070120156,74,75,34,5
4.6617648873707962,74,74,37,4
0.8101850082255893,74,75,39,4
3.5576893982648596,72,72,36,6
2.8697536906476131,70,71,39,2
2.2962752579029764,72,73,43,1
5.9106440420191193,74,75,39,0
3.5551404548466965,70,71,33,0
3.6333305007161854,70,70,40,5
1.7857590066283502,68,69,28,0
2.0105027084093150,70,70,32,1
3.5330307614107137,72,73,32,0
0.8087630563903575,74,75,38,7
1.3445029236035828,72,73,29,7
1.3272849823700186,74,75,47,4
4.7431082415733270,68,69,35,3
1.3102867876405511,70,71,31,2
3.4415815385400164,72,72,38,6
3.8740284156048133,72,73,37,3
5.7615479084933883,74,75,42,3
2.0253166240782718,74,75,40,5
3.6724746362482241,70,70,39,6
1.0474801891902357,70,71,34,5
3.0434489213284852,70,71,31,0
4.9552878247864349,72,73,46,6
5.6340348331850567,72,73,38,2
3.1441908760124453,74,74,34,7
1.7935239910229102,68,69,36,0
5.0373710050541414,72,73,36,0
2.4682916652849762,74,75,32,7
4.3122441044052184,70,71,38,5
5.5766180633744424,72,73,43,5
5.5263774948219213,74,75,43,2
4.3142206596393811,72,72,46,6
0.2307196848490853,72,72,43,1
5.9755913422471485,74,75,33,4
1.0875121828428964,72,73,43,5
0.7169792426529649,70,71,36,7
1.0957759110581291,72,72,42,2
4.6732709549820139,72,73,31,5
2.8643379804094140,72,73,29,1
5.0598925013315528,72,72,45,3
4.6352300509201694,70,70,30,1
2.1175300888258159,68,69,40,0
3.9274493806395534,70,70,40,5
4.4233518015675903,70,71,41,0
3.5039282641848359,72,72,40,6
5.7050980910673390,70,70,30,3
2.3199850761433454,72,73,39,1
3.4565628705549241,72,73,29,1
0.9976248199719038,70,71,37,6
1.3540324716738834,72,73,35,7
3.8638442721477775,74,75,44,5
2.5396878592545482,72,73,38,2
5.1201759754247389,72,73,43,3
6.1369748884136239,72,72,41,5
0.9128664843652134,72,72,35,3
1.7711419311015255,70,71,35,4
2.3659266524733624,70,71,28,1
0.3653749211083700,72,73,39,5
1.6244486452292597,72,73,28,2
3.6284201637923355,70,71,33,4
5.1041117594406700,72,73,43,5
5.5391415424879522,72,72,41,7
0.3267424483954168,74,75,36,5
2.7692201271731505,74,75,37,0
2.9660740946612170,74,75,40,1
2.2844092274149310,72,72,38,0
4.7398243721465283,70,70,40,7
0.5606953842458902,72,72,44,4
2.8831466060094648,72,73,35,7
5.6921498319221548,72,73,35,7
4.2327412219732015,70,70,30,7
2.9903491461687661,74,75,45,4
1.7912566675167489,70,71,35,0
2.6090583834110794,74,74,33,4
3.0616403714851592,74,75,37,2
5.0653069391860175,72,72,39,1
3.7209225587504919,74,75,38,3
3.5455688382914645,72,72,40,2
1.2161331223927603,74,75,43,6
1.3953449936384472,72,72,42,0
0.8953018350157238,72,73,44,2
1.3186434385512382,70,71,34,3
1.5168120551924491,72,73,39,1
0.6959651409790319,72,73,39,1
0.4167925356228824,72,72,40,0
6.2441928247082616,72,73,43,7
0.5241571414657045,70,70,40,5
1.7200716236905833,74,75,42,1
5.1177248558977526,70,71,37,4
2.7232387969476073,74,75,37,0
6.0508367933921514,70,71,37,4
4.2524292771381740,74,75,42,3
5.0491174132926808,74,75,45,4
3.5182342507341766,72,73,38,0
3.2876535315568671,72,73,37,3
3.3317514553449024,70,70,41,4
2.4381447482297665,68,69,37,5
4.5810639131079443,72,72,37,3
0.3919407674758306,72,72,45,3
2.8246382497883076,72,73,38,6
0.0119659109329553,70,71,47,2
4.2735406420669770,72,73,32,2
1.7536078314630612,70,70,33,6
5.2827888059565398,72,73,42,2
1.5407915273239972,74,75,34,3
6.0174038675507466,70,71,38,3
3.0089838887943436,70,71,37,4
3.8048438169894028,70,71,39,0
2.4047661429416012,72,72,40,6
3.6059917735376601,72,73,42,6
2.4239878638088270,72,72,32,4
2.7629635257628009,74,75,39,6
5.2084644517573118,70,71,31,0
1.8606518166993935,74,75,39,6
2.9583956425446534,72,72,39,1
5.9694183341596228,74,75,40,1
5.3526816839296298,72,73,42,4
0.9492449726343343,74,75,38,5
1.6856315604645060,70,70,37,6
3.7527431402316012,72,73,42,6
5.8022148517370162,74,74,42,7
4.7035155934565624,74,74,39,2
0.9893985734537918,72,73,34,0
3.7670286796244206,66,67,31,0
0.0130403408006446,80,81,36,2
3.4795979529961043,74,75,32,1
1.7156018278028309,72,73,41,3
4.8397132429178553,72,73,43,3
4.7037741305030201,72,73,46,6
2.1917822632823754,72,72,42,0
5.1894798494385581,72,73,44,4
0.4851522681555470,70,71,36,1
5.0944834543362845,72,72,36,0
1.3287263268624678,72,73,45,7
2.2648520916091268,74,75,40,3
4.1419924072448406,72,73,36,6
2.3971197693392527,72,73,32,4
3.9411121531704527,68,68,38,0
2.6856773610310309,74,75,40,1
4.1635624394394988,70,71,47,0
2.4354055560237224,72,73,36,4
4.5707431826037661,70,71,42,3
2.0174880086653673,70,71,43,0
4.8097772518044986,74,74,30,3
4.7219188001866250,72,73,39,7
3.2841066716023524,70,71,37,4
2.5175825545318777,72,73,33,7
1.0157270825262603,72,73,37,1
2.6994735554823190,72,73,47,3
0.1195269227542568,72,72,36,0
1.0561730644735281,72,73,39,7
0.3937672403139252,74,74,42,5
2.3760144401214935,70,71,35,0
6.2179395175303069,72,73,43,1
0.9568908984766142,72,73,42,6
4.1623810237912107,70,71,44,5
3.1537214593527820,72,73,36,2
4.4854879266787746,68,69,36,2
3.3999263317794677,72,73,40,4
5.6495876419355699,72,72,38,0
3.0443551010711727,72,72,37,1
0.2199487221341372,72,72,43,1
1.0080535883511041,68,69,31,7
0.5595831328982616,74,74,33,0
1.4414695747154160,74,74,39,0
0.8242068829570315,70,71,39,2
0.5499604275072267,76,76,39,7
5.9986583836515193,74,74,36,3
5.2558683809848814,72,72,32,0
1.5706412094924587,68,69,35,1
0.3944816573782206,68,69,28,4
4.8049329178482418,66,67,31,0
6.1693430687105320,74,75,44,1
6.0485881583290464,72,73,39,3
3.7578735055413128,74,74,27,6
5.5245170798769729,70,71,35,4
3.2770556596469498,72,73,47,1
1.7946145343065680,70,71,40,1
1.0542636967336796,72,73,41,7
4.5906067681251290,72,73,40,6
0.2855564537561270,70,71,34,5
0.2382627920317683,70,71,38,1
3.3187255929768478,70,71,36,5
2.3618019979116789,72,73,33,7
4.0147709002688989,72,72,44,6
5.7322512393477281,72,73,33,1
3.3913637407503994,70,71,34,3
4.0164283848295508,70,71,37,2
0.6498580665271226,72,73,40,6
1.4040462385199985,72,72,40,4
1.2448693308342360,72,73,38,6
1.4232149105846348,68,69,31,1
5.9700986517652952,72,73,35,1
4.3586268466701457,64,65,29,1
0.0791777525671335,72,73,44,6
3.2805562347653940,72,72,41,1
3.3813947184900788,72,72,44,4
3.0174300089778634,72,72,41,1
2.4497750172294404,72,72,47,5
5.7435210921355617,70,70,29,6
1.8943975256886829,72,73,47,3
5.9141516192781154,70,71,37,2
1.1154618897545872,72,73,40,6
0.9118514825734024,70,71,40,1
2.4707555802042132,70,70,35,0
2.4387332002488349,72,72,36,2
1.9422235365689955,74,75,41,2
4.1299070316607986,70,71,30,3
4.4388913046698608,72,73,35,7
4.5474663324745626,70,70,33,2
0.9481612849600276,72,72,32,0
5.3039828696618114,74,75,34,1
5.3893757102584550,74,74,41,0
6.1957052497613079,72,73,35,7
2.1032305818164176,74,74,41,0
5.8603118936990759,72,72,31,3
2.4431344143910403,72,73,35,7
2.9959197681744518,72,73,37,5
4.2175877529420198,72,73,46,0
2.9734365473977813,72,73,31,7
4.5845490552337687,74,74,42,5
4.4977077754075481,70,70,43,4
2.7986002249477075,70,71,41,2
2.4813977400590268,66,67,36,1
1.8252680289549164,72,72,37,3
4.4897310831454114,70,71,45,2
2.4625759989088003,68,69,40,4
5.3319656761549608,72,73,40,4
5.1713624297419152,70,71,37,2
1.7251441562378858,70,70,43,6
2.3258093993416007,72,72,36,2
3.0025866707411413,72,73,35,7
5.6293992861443121,70,71,27,4
1.5905038308158839,74,74,38,3
0.4484760179472352,68,68,36,4
2.3742561837420446,72,73,48,4
5.5418312540720702,74,74,38,3
5.2668070629611750,72,72,31,7
3.9748840282270854,70,70,41,2
1.4539882402789994,72,73,43,7
0.6360784832033252,72,72,30,2
1.4926460764284233,74,75,43,0
1.7023261029689807,72,73,41,1
4.6387295146269851,72,73,34,6
2.9848293411772482,70,71,29,0
5.4136253103456919,72,72,42,4
0.4352105237357775,72,73,42,4
5.6082137734450015,72,72,43,5
5.6196932657604375,68,68,35,3
0.0928779952816983,66,66,36,5
1.6660497866347128,70,71,34,5
2.0516793004065983,72,73,35,7
1.1421925749977409,74,75,47,4
4.4239435396282296,72,73,40,4
1.7582705428184280,72,73,38,2
0.7890372884944442,72,73,41,5
3.2334442007987270,70,70,36,5
3.7303276198865545,74,74,43,4
3.7407462625933405,74,75,39,6
4.5644028647222097,70,70,29,0
6.2483920106602922,72,73,33,5
3.0627408581930147,72,72,39,5
5.1832615589973408,72,73,42,4
1.8853144917227869,70,70,38,1
1.7043722794439535,70,71,39,2
1.2734728320836521,74,75,37,2
4.9866941904685191,72,73,37,3
0.1135579163546718,72,73,45,5
3.3665782785077059,70,70,32,7
6.2302101854283736,74,74,38,3
5.4546860932977772,74,75,37,4
5.8222227465765588,70,71,42,5
1.8687326416520151,72,73,30,2
0.2154963603684354,72,73,45,5
1.4267613779893964,74,74,38,3
5.9025337167457721,74,74,33,4
1.4343473746266429,72,72,40,4
0.7134913149326798,74,74,38,7
4.9773927253944290,72,73,39,3
1.6007944012818187,70,71,33,4
4.3974882375932660,72,73,31,5
3.5503463599244074,72,72,36,6
2.4989000809383586,72,73,39,1
0.4916633813275506,68,69,38,2
5.0406077612950853,74,75,36,3
3.9649171674260479,72,72,39,5
1.1080812592593408,70,70,26,7
4.6446322721292095,74,74,37,0
4.4914268672885180,72,72,38,6
2.9852320830655144,70,70,38,5
2.7664355235803115,74,75,40,7
5.3900942706281905,74,74,44,3
5.5054159548133441,74,74,44,7
5.8383033293215565,68,68,34,4
4.6922030042340781,70,70,32,7
5.0996188882845566,70,70,32,1
5.6400426119753968,72,73,29,1
5.0804599087750324,74,74,43,6
1.6618601924558374,72,73,42,4
3.7992737311771654,74,74,37,6
0.8493999652702110,72,73,37,7
4.2570434117291347,70,70,33,0
0.2861778655418613,74,74,39,2
1.9215773812815762,72,73,42,0
0.9281668442348047,68,69,35,3
1.8687099110356422,74,75,44,1
1.7288546609571975,66,66,38,5
2.4713353380668983,70,70,33,2
5.0837460249544497,72,73,36,2
6.2480897648645515,72,73,35,1
0.6850124026219613,70,70,36,1
5.5204604375409216,72,73,27,3
6.2264827434034276,70,71,43,4
5.5203625518978567,64,64,29,3
3.9124241771590862,74,75,36,7
4.5419165542935920,70,70,35,6
0.1113792651479605,70,71,35,6
0.2878695209190757,72,73,39,5
0.6009656575574253,72,73,36,2
0.8318210838292167,70,70,33,4
4.9542870818363074,72,73,39,1
4.7187555790512725,74,75,42,7
1.9347168565406208,72,73,35,3
5.7119689606551116,72,73,38,0
2.4210772552901796,72,72,31,1
3.1072434696040649,72,72,40,6
2.4242864294724527,72,73,37,1
3.4354259976159911,72,72,45,7
5.4641428257524680,72,73,36,6
2.6334504085206030,74,75,37,6
2.3569955043659965,72,73,42,4
1.3492601268005795,72,73,35,5
2.3598228514249815,72,72,41,5
5.2312838525112459,70,70,38,7
4.4012350380141694,72,73,33,3
5.1457751241238876,72,73,34,6
1.8087705078000107,74,74,35,4
5.9029098490066483,70,71,37,2
0.3749848812622038,70,71,34,3
0.6766008068727712,70,71,41,2
0.2241485469178119,62,63,24,3
5.1831887775215906,74,74,38,3
5.3857066995875797,70,71,45,4
5.8693814407126741,72,73,38,6
0.5956998397241146,74,74,42,5
5.1730473468657276,72,73,36,4
2.4222286532554147,70,71,41,4
3.0061856697798541,72,73,35,7
0.0565997839447465,70,71,41,4
3.8209207042904629,70,70,36,7
2.8750024321532655,72,73,40,6
5.2135926180615781,70,70,37,0
0.5676974088750304,70,70,36,3
0.5605997362489729,72,73,36,2
1.7593245299743312,70,71,34,7
4.4745835663099713,72,73,38,4
4.9093403551432928,72,73,40,2
0.1850553276082365,70,71,36,5
3.4484058016714689,74,75,35,0
1.4353855679380667,74,74,42,5
2.9570161852225065,72,72,39,7
4.1215222780172489,68,69,35,7
1.8747822699951646,74,75,42,7
5.2980401153815393,74,74,55,6
1.0164560671368641,72,73,40,0
6.2653402862273033,72,73,36,4
5.6108226703886110,74,75,33,6
2.5690587499116369,70,71,37,6
0.2066757189797261,70,70,31,4
0.1402220076481765,72,72,36,4
4.7974641871411308,74,75,41,0
3.0933821924141673,70,71,40,3
0.9788951284867700,70,70,38,1
3.9688321441702428,72,72,32,0
4.9873108710250387,70,71,36,5
5.7927244544415997,72,73,36,6
5.7587764411711806,74,74,33,0
5.2275670419446030,74,75,37,0
2.5453834130870789,72,73,34,0
3.8395599403472787,72,73,38,2
4.3951182260170230,72,73,28,0
3.3935444316995902,70,71,34,7
5.4731495597907909,68,69,35,7
3.2266536347861230,74,75,40,7
5.5814400732097118,72,73,40,0
5.1358793717285431,70,71,42,7
6.1963055024565508,72,72,40,4
6.2048975143608951,72,73,44,0
0.5859351008394493,70,70,38,7
3.3276482496406574,74,74,47,6
4.9385521377891841,68,69,33,1
2.9033907691847234,70,70,43,2
3.0438834250230045,70,71,43,0
2.8320022845229649,72,72,38,0
1.9237658258183254,72,72,42,0
4.2148046765299076,74,74,44,3
5.3234035136296631,74,74,48,1
5.8791052432697342,72,73,41,3
0.2407551487954559,70,71,30,3
4.0776788294784652,70,70,35,6
4.6110495154709357,72,72,42,6
3.5800351039707929,72,73,37,1
4.0571864372330095,72,73,36,4
2.9295390439876852,70,71,42,7
1.8455314376167404,70,71,37,4
5.0078018517460698,72,73,40,0
2.0189031001327806,66,67,36,1
3.0652192022787759,72,73,43,7
1.6300693989267989,74,75,43,2
4.5792031563450326,72,72,40,2
2.4123405333497612,72,73,38,0
6.1202680460314065,72,72,35,5
3.2873333108975045,74,74,34,7
1.4092691835608322,74,75,39,2
2.8370706996442077,72,72,36,0
2.9774042292968934,72,73,35,3
1.8649660888979223,72,72,34,2
4.5942172179810461,70,71,39,0
4.3635183218468212,72,73,39,1
2.0246388347372930,74,75,40,3
1.9863750467769064,74,75,36,3
5.3134546710126163,70,70,41,6
0.1493393500009007,74,75,32,1
5.7735012561244057,68,69,32,4
0.5656929032701694,72,72,42,0
5.0154401484770341,70,71,44,3
0.9449112755542092,72,73,36,6
4.1033286875804835,70,70,41,6
1.8967051702435629,70,71,33,2
3.5602540568587919,72,73,41,3
4.3536339188054676,66,67,31,4
2.3243894420657498,74,75,43,4
2.8152223447784706,70,71,30,1
1.3745459425646198,68,69,26,6
3.2134573700301989,72,72,36,0
4.1681623662523739,74,75,38,1
4.2406209158721939,76,77,41,7
3.0822314312451042,70,70,40,3
0.8035678558803624,72,72,46,2
4.0885358895564066,68,69,43,1
3.5799064717081239,70,71,41,0
0.2424231194708926,72,72,30,2
1.0374418747087379,68,69,35,5
0.1336548386972019,70,71,29,4
4.8609670922955805,74,75,41,2
0.4662344858729099,72,73,42,2
1.1330490653859695,74,75,40,1
4.1283370321580932,68,69,41,5
4.1148044769075840,74,75,34,3
0.6102043996231220,72,73,41,1
1.9683384487782773,72,73,40,0
0.2710580530311300,70,70,37,6
3.3471812299895927,72,73,45,5
5.2165598289384807,74,75,45,0
3.0006977218397664,74,74,43,4
4.6198025906053690,70,71,32,7
0.6043921935531645,76,76,52,4
3.2680499030863026,74,74,44,7
3.0102186584176960,68,68,35,7
1.9729552032274802,74,74,42,7
1.5009824107516314,70,71,34,5
2.8774553758706314,74,75,40,1
2.8046569811618807,74,75,51,2
2.7768434238495625,70,71,35,2
3.4005202418626581,72,73,35,5
2.7226703796393972,72,73,40,6
2.3030187873103487,72,73,34,2
0.4445577891069132,72,73,38,2
2.1147867054843261,72,73,38,2
5.6649563407247534,74,74,31,6
5.4157593149166718,72,73,37,5
1.1632055562474128,72,73,39,3
4.1554854229944116,72,73,43,5
2.8238098008543413,72,73,38,4
0.5821661091189994,72,73,34,0
1.9141888532505729,68,69,33,5
2.3444739981309812,74,75,46,7
1.5135284651051610,72,73,44,4
0.5857744823413997,72,73,40,6
2.2810677682704834,72,73,47,5
3.7124851653008419,68,68,47,7
0.1991243841791442,72,72,32,4
4.5749106440433609,72,73,37,7
5.7136305520564195,72,73,40,0
1.3331862449587268,72,72,40,6
3.4490515538056146,72,73,29,3
0.4468938672121846,72,72,45,7
1.8174204039963600,72,73,45,3
4.2105129002039092,74,74,39,6
3.4284471492085653,74,74,45,0
3.0378121858887965,68,68,42,6
6.2124680277115170,76,77,40,4
2.0918830397452859,72,72,32,2
5.8721775209549634,72,73,26,0
0.7240307286291126,72,73,36,4
0.8088704287567985,72,73,38,0
2.9235562521673448,74,75,48,5
4.1821869616196370,72,73,39,1
0.7925272792544906,68,68,38,2
4.9359083225858571,72,73,38,4
4.8218884125917798,72,73,39,5
3.0965675607562577,72,72,40,0
1.1951154797847172,72,72,38,2
2.4434899765162270,72,73,40,0
2.4244853522773644,68,68,34,2
2.0841363083161872,74,75,29,0
2.9741936354663832,68,69,38,6
5.4484547252607118,72,73,42,2
0.9235334618162692,74,75,36,7
3.9018212903550320,72,72,37,5
0.0043584390610034,68,69,33,3
1.2688086512130068,70,70,31,2
4.8560598464398552,70,70,41,6
0.4896445999599490,72,72,31,5
1.7294976552580847,70,71,37,0
4.1225261329318252,72,73,39,5
0.8645880544301209,74,75,37,0
0.7877045318982457,78,79,41,6
1.2222265722631616,74,74,43,2
4.2296902655151909,72,73,36,6
4.5596749297180965,74,75,41,6
0.6510877022221223,74,75,37,4
1.5471679406373986,70,71,39,4
3.4766732970726988,72,73,36,4
4.0578196728489049,74,74,43,2
2.2654623419844797,70,70,42,5
1.8687565983827112,72,73,29,5
0.6223321331386527,72,73,38,2
0.6145759276752322,68,69,30,2
4.1862266209520271,72,72,37,7
3.2270832288594793,70,71,32,1
3.6767115679760187,70,70,30,7
0.7651769340716796,72,73,37,7
1.7400614957176606,74,74,39,0
5.0433159817092958,70,70,35,6
5.2028641755549812,72,72,39,7
4.5115017207057502,72,73,24,6
2.1050949138562793,72,73,43,5
5.4245726244477135,68,69,30,2
3.4534320843521544,72,72,38,4
0.5906141721098457,72,73,36,2
2.4512023272766723,72,73,39,5
4.2669660005045529,74,75,42,1
4.5144825202548811,72,73,38,6
1.4801265511629782,72,73,32,4
2.4303012336939025,72,73,35,5
5.7832402521891515,72,73,41,3
0.6780293643873713,68,69,45,5
6.2573386863119342,68,69,40,0
0.6940862786867614,72,72,40,0
1.8833936665906239,72,73,38,0
2.9186981886181553,72,72,39,5
5.1167176505702150,74,75,42,1
0.6964359768487588,72,73,41,1
3.4705628639221566,74,74,43,4
4.7150442637370915,74,75,37,6
3.4010556987201430,74,75,38,7
0.9491702095584494,72,72,39,7
5.3113291252069015,74,75,51,2
4.2701463331905636,72,73,34,4
4.7726795217693772,68,69,40,4
0.8954237845393842,70,71,38,1
2.5195686665948855,72,73,33,3
1.4562048401127081,72,73,40,2
3.9538359195931889,72,73,43,7
0.1940917483232164,72,73,35,5
4.3377429789434032,66,67,29,4
2.4127080651470023,72,73,36,6
5.1191813963227206,74,74,31,2
0.5681961574431524,76,77,42,6
4.9031178330812599,72,72,27,1
0.6235260920932167,72,72,38,6
2.9788942324141301,72,73,42,0
1.2008323192990298,74,75,34,3
0.4141740887605308,74,74,46,7
3.8975474510915058,68,68,33,3
1.0085082458005676,72,73,33,1
4.2208628860147881,68,68,35,1
5.2922179098634174,70,71,30,1
5.0366981073880117,72,73,39,7
2.0510718460498265,72,73,47,7
0.7796440803841500,72,72,31,3
2.0814948690767179,72,73,40,0
0.3119902066532882,74,74,42,3
5.5582260326097721,72,72,43,3
5.7397686126519778,70,70,30,3
5.0255263902631482,74,75,33,0
3.9708996254193880,74,75,34,7
4.4173305846612632,74,75,35,6
3.8266818064565435,72,73,32,4
3.7287980091891888,70,70,39,0
4.1972512061291996,72,73,43,1
0.5299185641156250,68,69,41,3
4.6355818541053626,68,68,35,7
3.2757834914605111,66,67,31,0
5.1928718010415302,72,73,35,3
3.8444085851657821,72,72,36,0
6.2510268601297829,70,70,40,7
1.0012615626707835,72,72,42,4
3.6350631284877823,72,72,36,2
3.0731389479671689,70,71,42,3
2.9542932321276316,68,69,38,4
4.5583967204610074,72,73,25,1
1.3466960683452092,74,74,38,3
5.6353285879660735,74,74,36,3
0.1884930262876009,72,73,39,1
4.6399824982249731,70,71,30,5
0.2186429724394715,74,74,35,6
0.6062013244710827,70,71,41,0
6.1110791808045937,74,74,39,6
3.3004795357317702,66,67,42,5
0.1364223682364906,74,75,45,4
1.7526611274211954,72,73,45,5
4.4576672951632563,74,74,44,5
2.5464191713725373,72,73,40,2
1.9217749954092729,72,73,34,4
2.2244256106536588,72,72,40,2
4.5084239339729120,72,72,38,4
5.5055376214328451,68,69,38,6
2.6370964475266838,70,71,32,5
0.7053708223750123,68,69,34,0
4.9712785953576315,70,71,36,1
4.3107397578969735,70,71,39,6
0.7985298408420964,72,72,36,6
1.0352069020802483,70,70,37,2
5.8616368826781811,74,74,37,0
5.4519426950541234,72,73,34,0
3.4532411829921461,72,73,30,2
1.1164111219837969,72,73,34,2
5.6575576289638203,72,73,44,0
0.5232280063408896,72,73,34,6
2.4076474103400001,74,75,33,4
1.6903980544045847,74,75,28,5
0.4999214208275126,72,72,36,0
4.3146392978377373,68,68,28,4
5.9026401001715119,70,71,31,4
1.6562374786426308,74,75,39,0
1.4688692711018945,70,71,41,0
3.6017561336530619,70,71,33,4
1.8895124540585897,70,70,28,5
4.6602907759864518,72,73,45,3
0.1519264014509872,70,71,39,6
1.8962303317501903,74,75,45,6
4.5546476515612309,70,71,33,0
5.6089762790216477,64,65,30,4
4.0974908253032307,74,75,36,7
2.9306757193721591,74,75,44,3
4.7456238220348057,74,74,42,5
5.2068636583926962,72,73,37,7
0.4894697587701459,72,72,40,0
2.7171061310652989,72,73,40,0
4.0530726940613793,72,73,42,4
6.1218736356401013,72,72,33,7
2.9926369405433633,70,71,43,0
0.2111799643359271,66,67,34,1
0.1822818889200918,70,71,40,5
2.9908195117517042,70,70,35,6
3.2028681345975056,72,73,32,4
1.1784411063002067,70,70,41,0
1.4123515569750869,72,73,32,0
0.7984230730894192,68,69,35,7
0.1057545682460440,74,74,34,3
6.2255896961799166,70,71,37,0
1.4666303458462362,68,68,31,1
1.5095227063102503,72,72,43,3
6.2143778794519591,68,69,37,3
0.9071462862770951,72,72,41,1
0.3141312986683425,72,73,40,2
1.9763584683873947,70,71,43,6
0.6018501355685542,72,73,41,3
2.8569315810176255,70,71,36,1
3.7263853310015769,74,74,34,7
3.4526374434379004,72,72,36,4
5.3114771227602020,74,74,42,5
3.6568692555203510,72,73,45,3
4.9423301060918687,72,72,34,2
2.2532152303458424,72,73,34,2
0.2652251196758112,72,73,41,7
2.3028826390337036,72,73,39,7
5.2863162702766964,74,75,42,7
0.6106856315806310,68,69,32,4
1.4021931834535837,68,69,38,6
5.8338210712212080,74,75,41,2
3.0396126324760862,72,73,38,4
1.6553271309274593,70,70,40,1
3.1575691325770410,70,71,34,1
6.2434076630986546,72,72,46,2
0.4002392752399774,72,72,40,6
1.4646341136873946,72,72,37,5
2.0000061829335718,74,75,39,6
2.5533261880297773,70,71,37,0
3.3020263355804209,68,69,37,7
4.3863466626097463,64,64,29,7
6.0604204381457984,72,73,40,0
4.6356026319438302,72,73,27,5
3.7771430218406064,74,75,35,2
2.0043818147382639,72,73,42,0
1.5577434851859846,74,75,39,4
1.1609538297764441,72,72,37,1
5.6915365021066044,70,71,46,3
3.5591818200333023,72,73,38,6
1.8715843923564630,70,70,36,1
6.1703873423143270,72,72,31,7
5.9608342212203835,72,73,35,5
1.6909014681987928,72,73,40,6
2.4503536355697673,72,73,29,5
5.1236255045537389,72,73,43,5
0.1350119208918099,72,73,34,4
0.0315592904551441,70,71,37,2
3.5876969660681910,74,75,39,2
2.8260805494242232,72,72,36,0
3.2542876659587674,72,72,39,3
4.5992079222943278,68,69,42,6
5.0184344220870853,70,70,35,2
0.0496819165673010,72,73,37,3
5.7081056449426013,74,75,43,4
4.5019725989855122,72,72,40,4
0.3456481285639124,74,75,44,7
5.0725267742642215,72,72,42,0
4.8327460093290222,72,73,35,7
6.2699425670837723,72,73,40,2
1.1418743250824712,70,70,43,4
6.2698324280311866,70,71,45,4
3.0776817040163342,74,75,37,0
0.1099188460529375,72,73,37,3
4.4204804387878065,70,71,36,1
0.0390510166087652,74,75,41,6
1.9596805477342187,74,75,44,7
5.4401863834821835,70,70,39,2
1.4071289836886347,72,73,31,5
0.0758765999829768,72,73,29,5
3.9604260870211996,72,73,38,4
4.0156369627565720,74,75,35,0
0.0892509722211843,72,72,38,0
0.9274168194656377,74,75,38,1
2.4668424158062989,72,73,40,2
3.6389832067689776,74,75,39,4
6.2129795570756734,70,71,45,2
3.4579123503568527,70,70,26,3
3.6880457367796362,72,73,39,7
2.9067249043878816,66,67,36,3
0.5138122748633094,68,69,30,4
3.7165470942011885,70,70,37,4
5.7381381159966098,70,71,40,1
0.0152642742312975,72,73,29,7
2.0849431638375346,72,73,35,1
0.5780945811120209,68,69,35,5
4.4595066507645651,68,68,37,7
5.5828235029026025,74,75,41,6
2.4432712615486247,72,73,43,7
3.4257160432702940,72,72,35,5
0.7348244831596116,76,77,31,3
5.4480607620733359,68,68,44,4
2.8172992821126801,74,74,42,3
4.4246839181826045,72,72,34,2
6.2234225542427879,74,75,34,1
4.4948374901122818,72,73,35,1
4.9694203797974499,74,74,40,3
5.9297371345755909,70,71,38,3
2.0148286994375386,70,71,40,1
0.0585622222258621,72,72,45,3
4.3519379493873993,72,73,34,2
6.2453888600472593,74,74,44,5
0.9587328247973621,68,69,35,1
3.8903056042666821,72,73,31,5
1.5046224339078789,74,74,28,7
2.3215113861521433,72,73,38,6
4.6190666095605932,72,72,32,4
0.0911308782550509,72,73,41,5
5.1884189235586442,70,71,30,7
1.8068037740035494,74,75,33,2
5.0037725515580584,72,73,41,3
5.4437884240466792,74,75,32,3
2.9579931978592504,70,71,29,2
2.6379050472663885,72,72,35,3
6.1033072788270477,72,72,38,0
4.1957186305967848,70,71,43,6
6.0307039509443943,72,73,44,4
2.0896615343509617,72,73,38,6
5.4523360606277160,72,72,35,5
1.8552866176434615,74,74,37,2
4.0161611493136569,72,73,27,1
5.5902382273448303,70,70,34,3
0.8607839595968869,70,70,34,7
2.8749200378902966,72,73,40,2
2.1209394623810969,74,75,35,0
1.9706697086755058,66,67,29,4
2.9008390053204507,70,71,37,4
5.7892833072538163,70,70,30,7
4.0869413834909150,72,72,39,7
1.2851603765935122,68,68,36,4
2.8276054131089969,74,75,50,3
1.3238406985200970,74,75,32,1
5.0356414322072549,72,73,44,6
4.5856551616257493,70,71,41,2
2.4194998354951109,74,75,38,5
0.9011946751148566,72,73,41,5
1.4292325629865492,72,72,40,2
2.2016475105056057,72,73,41,7
3.0980340573211538,68,69,35,1
3.5310079211943943,72,73,41,1
5.0104998050463445,74,74,36,5
5.6084167984709437,72,72,36,0
0.3992308546205590,72,72,33,5
0.7469021873237922,70,71,33,6
2.4818018300526168,68,68,35,3
1.9210550325094560,72,73,39,5
3.1298426101528181,72,73,40,0
4.3980504893006920,74,75,33,4
1.3675472630050998,72,73,39,1
4.3935896061172119,72,73,39,3
0.1348788329772516,72,73,41,1
0.6786768340335158,68,68,35,5
6.0206812368847942,70,70,34,3
3.7776461442580120,74,75,42,3
4.5026777860933240,72,73,40,0
5.7602000062059417,70,70,36,3
0.0257397854353805,70,71,35,2
2.7593356149968478,70,71,36,3
1.0427092540127467,72,73,39,5
6.2561725749230899,72,73,31,5
6.1162601475707001,70,71,37,6
0.0510551134548840,70,71,38,5
4.5219462754311301,72,73,37,1
3.6121486338368816,70,71,35,0
3.0552062913524196,68,69,44,4
3.4788401516233138,68,69,36,2
2.9969689288175538,72,72,41,3
4.5533971554910995,72,73,41,7
3.2521960722092085,74,75,38,7
0.8313542192314619,72,73,39,7
0.6082683003636985,72,73,42,6
1.8791906296410938,70,71,33,2
0.4591428861629038,74,75,44,3
4.6164332006389621,72,73,35,7
1.9085746288771559,70,71,30,3
4.9032631917941574,72,73,48,4
3.2035460853937900,74,75,40,3
2.7144360743453788,74,74,35,2
1.0535619645539882,72,73,40,0
2.2545829023355433,68,68,37,1
2.7467843439366142,70,71,42,1
2.1373160943304583,66,66,35,0
5.7479670355567505,72,72,38,0
1.8799267440499883,72,72,37,1
0.3523114112230188,72,73,33,1
1.7219305861578287,74,74,36,5
4.2443820046209124,70,71,36,1
3.1907228667604679,74,74,42,1
6.0739111551474716,68,69,42,0
6.1003412891858613,74,75,44,3
1.7456779054311327,72,73,35,7
5.6318411975241238,74,74,32,1
5.9248866074533622,68,68,34,2
0.9063226963029473,72,72,40,2
0.5066355059380819,70,70,30,5
2.6641670006020854,68,69,35,5
0.1546982074529725,72,73,49,3
2.8730403330166361,74,75,39,0
1.5649980874118612,72,73,40,6
3.7793758201418624,78,79,34,1
2.8791411023369906,68,68,34,6
0.7363507681939485,70,71,33,6
2.5003403023715047,70,70,33,2
5.2519141566109813,70,71,38,1
1.4690132908981006,70,71,37,0
6.1031502721879223,74,74,36,7
4.9773154174616909,74,74,34,3
0.6886200547466500,74,75,37,6
0.7608647384766623,72,73,36,0
2.4444933740879957,70,71,38,7
1.0464992527470762,74,75,36,5
0.3669004648211164,72,73,38,2
2.3313108313273148,72,73,42,2
1.5631146962383224,72,72,32,6
2.0828272404728989,72,73,47,5
1.3272897263222256,72,73,39,5
5.8208710209197649,72,73,45,3
1.9854022324237932,70,70,36,3
3.6358120815070780,70,71,45,4
4.4944021835526913,74,75,44,3
4.6805242243285354,70,70,40,1
5.6123425274714549,72,72,44,0
6.1697750076089841,74,75,41,0
0.1876968491805419,70,71,34,1
3.2317053011199315,72,72,36,0
0.2156637753476737,72,73,38,6
4.5321413639039996,70,71,39,4
5.7180411351995195,72,73,40,0
3.5517836838876500,74,74,40,1
3.4732217001172914,68,68,37,1
3.5337239409804946,68,68,33,1
4.6973839157292652,72,73,38,0
2.0880418023169653,74,75,34,3
3.5886298338735227,70,71,34,5
0.6493381831748644,72,72,40,0
1.5774472143466276,72,73,38,4
5.5819196787188847,74,75,46,1
3.8312802939015649,72,73,38,6
1.9349674575401468,74,74,34,1
4.5340367063152902,70,71,40,3
1.2446799032700098,70,71,38,1
5.8677777894040757,72,72,37,7
3.8248863012740166,72,73,33,1
1.9128811770309353,74,75,43,0
4.6796483346678892,72,73,41,5
0.3420092601921630,72,73,45,5
1.5534766526747354,70,71,37,4
2.4973264720571278,72,72,47,3
1.1788458245254889,70,71,44,7
1.5725568466200566,70,71,37,6
1.2703746888848886,72,72,42,2
3.2235243364724044,70,71,39,0
1.5581365164531946,72,73,35,3
2.2437318497952630,74,74,42,3
2.3892816273691673,72,72,46,4
4.5468539484564898,72,73,42,0
0.7888206407893537,74,75,43,0
4.8818056314333989,72,73,35,5
1.7415476202608580,72,73,44,0
1.3545439910586765,70,71,40,7
1.1224258232055746,74,75,36,1
1.9486306574204286,74,75,49,6
5.0997666182330406,70,70,33,0
0.9493559993279892,74,75,42,3
2.9028032990745394,74,74,36,7
0.4796156863254821,74,75,36,3
4.1943688850889247,74,75,37,6
1.2065781024774171,72,73,48,4
4.8615723923269769,72,72,33,1
6.0766579396165481,72,73,33,1
6.2417937255365610,74,74,42,1
4.0207639163911537,70,71,41,6
1.2531738296190023,72,72,39,1
2.6442151602914028,68,68,30,0
0.4348603511718024,70,71,31,2
0.4642314603645049,66,67,39,4
4.5684001989238725,72,72,38,2
1.2987826425574522,72,73,35,5
3.4988981432718660,74,75,41,6
3.3780833864039614,74,75,40,5
5.4498237164081633,74,75,38,1
2.9387475896068045,72,72,35,7
2.4583558112674102,72,73,41,1
3.4049614325103597,70,70,36,5
2.1641740570645216,70,70,36,3
2.5509831352216685,74,75,33,0
0.4772278689804642,72,73,35,1
4.2012034414108497,70,71,40,1
2.0795177070278261,72,72,41,5
5.2365550134669494,72,73,37,1
5.5712313643307354,70,70,35,0
3.2347595895377128,74,74,42,3
5.6894324537065737,74,75,45,6
5.4135009290750222,70,71,37,6
4.9405220122832549,70,71,36,7
0.1580582777909435,72,73,34,0
1.3923583802031412,74,74,34,3
5.3512090618287402,70,71,27,0
2.5786566460257356,72,73,39,7
1.9947634804283194,72,73,40,6
5.7947595270772698,72,72,36,6
2.1085827948222264,70,70,33,2
3.7414845138596919,74,74,44,7
5.0047059327343009,72,73,33,3
5.7091222049477128,72,72,35,1
1.9972309797383736,70,71,40,7
3.6368053077709885,70,70,46,7
0.8385366597316226,74,74,41,0
0.6775506431688532,68,68,38,4
3.1925741618840497,70,71,42,1
3.1083192940395197,72,72,37,7
1.4126645241632032,68,68,35,7
3.9900446007658359,70,71,39,4
0.1504343728346251,74,75,37,4
1.7851265001403418,72,72,33,5
0.4693483696870381,72,73,34,2
0.5559195141988429,72,73,43,5
4.5280059306359446,76,76,38,2
1.3962342363135107,68,69,42,4
2.2831201514998329,72,72,34,0
4.3727619761476220,72,73,38,4
6.0783101135341040,70,70,39,4
2.1834572042502467,72,73,34,0
2.0720234613590214,70,70,36,7
5.2219579923825119,74,75,31,2
0.6853633960119714,70,71,37,6
2.1457028028862579,68,68,30,2
2.5457318442295875,72,73,35,1
6.2586808491854100,70,71,40,7
4.3714622514627921,68,69,33,1
5.3612714878461540,72,73,41,5
0.4377988496545800,74,75,28,5
2.0779090326555072,74,74,36,5
4.6815926405052490,70,71,38,1
3.0444889719075992,72,73,42,2
1.5354568795463361,70,71,38,7
2.2823202709773205,72,73,46,2
2.5681107305681024,74,75,38,1
5.2196830435830277,70,71,42,1
3.1404021651396170,72,72,40,2
2.6302913562215942,70,71,37,2
4.7479158620985089,68,68,45,5
4.7177385090035893,74,74,41,4
2.6586414418790816,74,75,35,4
2.5411801889308396,72,73,41,5
1.9594460868340309,74,75,39,6
0.4838252337978638,72,73,39,3
4.3668726036839214,72,73,38,0
4.9356467797582333,72,72,32,6
4.9687836352454342,72,73,43,1
1.3887502463348738,72,73,38,2
4.3770352146769094,74,75,34,7
2.5521684582869475,72,73,31,3
5.2475643879230276,66,66,41,6
1.2507587487577285,72,73,41,1
0.4074380051286480,72,73,38,4
4.5277253397444488,74,75,38,7
3.4076436184238830,70,71,38,5
0.5643607275399820,70,71,34,7
4.6435591431795720,70,71,34,1
3.2960983638645831,68,69,35,7
5.0613504221231072,72,73,37,7
0.3507151584541458,72,73,43,7
0.1921736563423030,70,71,38,7
0.8378494594846916,74,74,38,7
0.2810067441952798,72,73,36,6
5.9966189342578993,66,67,39,2
4.2663813824510219,72,72,27,1
0.4581578572261590,72,73,32,2
1.4804493840704473,70,71,40,3
1.8744610610824983,78,79,44,5
6.2310032016819354,70,71,30,5
2.9776128348643547,72,73,39,5
0.1445577576282753,70,71,39,6
2.6077917489722218,72,73,43,3
4.0886883767066831,72,72,46,4
1.6898539502431362,72,73,34,6
2.4413545857705192,72,73,34,0
0.5466023771342793,72,73,35,1
5.8878031991557283,72,73,38,0
2.8562937581750663,72,73,40,0
5.9202543536539975,72,72,42,2
1.0268358456248257,72,72,34,0
3.7438101235746735,72,72,43,3
3.9717466695445407,72,73,32,4
4.8809240993036829,72,72,40,6
3.3113925070769352,70,71,34,5
3.1680503343832620,70,71,32,1
1.0388927346812626,72,73,34,2
1.8960756082675190,70,71,40,7
2.2459874597140783,70,71,38,3
2.5132786885015705,72,73,27,3
5.6365096195838822,72,73,48,6
2.1085022733217436,72,73,35,1
4.4325230730439023,72,73,34,4
0.6749382092467456,68,69,42,4
2.5547455507289629,70,70,28,5
1.6797194920969478,74,74,36,3
6.1977144713238790,70,71,33,4
1.9650835880547661,68,69,34,6
4.1038448421779590,70,71,40,7
4.5867950306421967,70,70,41,6
0.7671436691939977,72,73,35,5
5.1322417469700339,74,74,45,4
3.0236364385929395,72,72,38,4
4.2758043141699984,74,75,29,0
4.6208045622959224,72,73,35,1
0.3168637366139911,70,71,35,2
1.8451540930908805,72,73,40,2
5.1253483194188529,70,71,42,5
6.0321908065617400,70,71,46,1
5.0159299060823477,70,70,34,5
0.7951812681743958,72,72,39,5
2.5685233067844728,74,75,40,3
3.0276641606831713,70,70,39,0
5.0915511955617996,70,70,37,2
0.2914089787466664,74,75,38,7
6.1249766885708361,70,70,36,1
5.0214528732011514,72,72,40,4
3.7216211428440027,70,71,29,2
0.1045077154582423,70,70,32,3
2.8078054905876138,74,74,43,2
4.1090415135318379,70,71,43,4
0.7340620029062163,70,71,41,6
1.0741939686843531,70,71,35,4
0.3458746676144128,72,73,40,2
3.8322073808141948,64,64,31,7
4.6340591072013950,72,73,36,0
5.3740052915112404,72,72,42,6
0.9113733790146951,70,71,33,2
6.2587287813100714,70,71,41,4
5.3837277047722267,72,73,37,7
4.5903641812821867,78,79,42,5
2.4716422020173372,78,79,37,0
2.2091087686394433,74,75,34,5
4.5352767099839184,74,75,40,3
0.1155981974538754,72,72,44,0
0.3768510465672211,72,72,36,4
0.4732280496032987,72,73,26,0
5.4034732996926271,72,73,36,4
1.0682194890317245,72,73,39,1
3.2244976390754974,72,72,39,7
4.9962913325078890,70,70,39,2
0.8104920469667061,68,68,34,0
3.4124552480924435,70,70,30,7
2.0887564833644046,72,72,33,7
5.6124163235868236,72,73,41,7
3.7810474586528553,70,71,38,1
5.4767331001055712,70,71,42,5
1.7554522617597776,70,70,35,2
4.4676816051532144,70,70,30,1
2.3645824254817618,72,72,39,3
2.8906183184943135,74,74,44,3
0.3032998888631462,72,72,40,4
5.6590882948432286,74,74,37,6
2.8775352859497567,74,75,49,6
1.9238512426095700,70,71,38,1
5.6223686320117352,70,71,32,5
0.6661450217170483,70,70,36,3
2.9899936018348954,70,71,40,5
2.4400337848013498,72,73,32,6
1.8021553151891574,72,73,44,4
3.1976126666273168,72,73,33,5
0.8382782546849864,72,72,41,3
2.3438701734277880,70,70,32,1
4.3821286420891701,72,72,40,0
3.6231468421194619,70,71,37,0
6.1257429675380770,74,75,39,0
3.2456982625011865,72,73,36,2
4.4749117984594600,70,70,31,4
5.3127596060099638,68,69,38,6
4.3082943142876227,68,69,39,1
3.3935870436387421,70,71,28,5
4.4773271818840836,76,77,41,7
5.4041999407140846,72,73,34,2
5.5769356467914379,72,73,38,2
2.2388505987417608,72,73,38,4
5.3557157825366088,72,73,31,7
0.6538145799681823,70,70,41,0
5.1901679887900816,74,75,41,0
1.3639436885087610,72,72,28,0
4.1451272764692844,72,72,36,2
5.8150861878306364,70,71,39,0
5.1366525789527753,70,71,41,0
5.1706265578558064,72,73,37,3
3.3771094076873505,68,69,39,3
0.8665990126144489,74,74,49,0
4.2245410417589051,72,72,35,7
5.5593808764773822,74,74,39,2
2.8083205758897414,70,71,36,7
6.0519692715476623,72,73,37,3
1.1147153560984389,70,71,37,6
0.8165847838955654,70,71,30,5
0.1686800586073872,72,73,38,2
1.2063414185609760,72,73,44,6
0.3721702435243310,72,73,47,7
1.3570832235191208,72,72,46,0
0.5932563884991998,70,71,37,4
2.6393721566081552,74,75,42,1
5.3169680914081896,72,73,37,7
5.9982621293438525,70,71,41,4
3.3254103984332950,72,73,32,0
1.3353448052432426,72,73,44,2
1.4912049629429889,72,72,41,3
4.0509726945243001,72,72,41,5
2.6148115058609847,72,72,46,4
3.6981960035258243,70,71,35,0
3.1905355249696843,70,70,35,2
6.1595128645232844,74,75,45,0
5.3320825542171821,70,70,32,7
5.3479971272804221,72,73,36,4
2.1633510296216660,72,73,38,2
5.3671873855301495,70,71,39,2
2.3130912959398762,72,72,43,1
2.2475887484887536,68,69,35,5
1.1941911409596142,72,73,40,6
2.3205433506640953,68,69,32,0
0.3823310713710898,72,73,43,7
1.8776549384799546,72,73,39,5
3.6534073688482369,74,74,40,5
2.4372442685815430,74,75,29,0
4.3515944903059260,72,72,35,1
0.6641330376983542,74,74,42,1
0.3271198064903924,74,75,43,6
2.5937191557931518,70,70,37,0
5.8352596397675507,80,81,46,0
5.2232145348341961,74,74,38,5
3.9045945553115682,70,71,34,7
0.8690543934462358,70,70,31,2
1.3919469719486790,70,71,36,1
2.0494662457478845,72,72,36,4
5.0017411569653811,72,72,43,5
5.0037744451206212,74,75,44,3
5.7566106989268633,72,72,42,4
2.6196844117044251,72,72,40,4
5.5896895538286540,70,71,41,2
4.9151887247908750,72,73,31,1
5.4675277288319712,72,73,37,1
5.7150630517215717,70,70,34,7
1.9458303145877429,70,70,32,5
3.2227972102400249,74,74,39,2
5.1977707211862265,70,70,37,6
1.2618510813394666,68,69,32,6
1.8471873147169964,74,75,41,0
5.7707125851012711,72,73,32,0
1.5552570172099371,72,72,40,6
3.3867020655452658,72,72,39,5
5.8352593902446719,78,79,43,0
2.3203404258167430,70,71,43,6
5.7931767950005923,72,72,37,1
5.6936862813535685,72,72,43,1
0.2627189067287834,68,69,36,6
5.7055548705430450,74,75,42,3
0.8868350945067821,74,75,37,2
1.9938672812490363,72,73,27,1
4.7681823716921814,72,73,35,1
5.0294928440512932,70,70,32,1
4.7635594982705136,72,73,38,6
2.4326317597964096,70,71,33,2
1.2997068983394282,70,71,44,1
1.3226720208014922,70,71,39,2
1.0813873815554369,72,73,36,0
3.2372268610332569,70,71,33,6
1.9371748796733455,72,73,36,6
0.8230012613297911,70,70,40,7
2.3503339262041072,72,73,43,7
4.0460466113373297,68,68,34,6
6.0730238018542799,74,74,39,4
3.5334181316804094,68,69,34,2
0.0493055563364435,70,71,39,4
3.0948568447203106,72,72,40,4
2.6113440060617452,72,73,41,3
0.1587085742342167,72,72,45,5
1.6512839693977450,74,75,36,5
4.5450709462630829,74,74,32,1
3.9595923989762829,72,72,33,3
5.2862871988989486,72,72,42,6
1.1210967891736106,70,71,39,0
1.5239815953268654,72,73,39,3
6.1140193065097597,72,72,34,2
3.6973020331262600,72,73,36,2
5.5807183027246019,72,72,33,1
1.3267241694587038,72,73,34,4
1.9309733916256371,72,73,28,0
0.8402559070608360,72,72,39,3
2.6404773793312595,72,72,30,4
4.0245394749093810,72,73,37,1
1.8252030706067623,72,73,39,1
2.8415508784954429,72,73,34,4
3.8725042176407616,70,70,37,6
2.3804190708441602,66,67,36,7
3.3839843115998409,72,73,36,4
3.2502021541857582,72,72,34,2
6.0777455349099636,74,75,31,0
2.2059477774027023,72,73,38,0
0.9596018241136485,74,74,39,2
5.6651040297860646,72,72,34,0
0.5138597119345732,70,70,34,7
3.4333073924688042,72,73,40,6
4.5610500281103068,72,73,33,5
5.4013434695929474,74,75,42,7
3.2460561953651936,74,74,42,7
1.2552722233026912,70,71,40,5
2.0450286840916623,72,73,43,3
5.4114480883833478,74,75,34,7
0.2468645883339557,70,71,33,6
1.5807978837190821,66,67,34,1
5.7103632912105802,72,73,37,1
2.4053412503009044,72,73,44,2
2.0517843459893528,70,70,31,2
3.1911428168180573,72,72,46,0
6.2218290066188775,74,74,39,6
2.0015201043355066,72,73,44,2
2.8702336751618316,72,73,37,7
5.6502510678411069,70,71,32,7
2.3848168635067140,70,71,40,5
5.1896863121079511,74,75,44,7
2.0964001864117270,72,73,41,1
5.9262418623072479,68,69,38,2
2.9695600001092757,74,75,39,2
4.2199048944090771,70,71,42,1
4.7693210347475139,74,75,40,1
2.2660470210687884,70,71,28,7
1.6019793841146837,70,71,35,0
0.7512711771479799,74,74,36,1
5.2977987768566726,74,74,39,4
4.0036647709494106,70,70,32,7
1.3378947712450830,74,74,35,2
1.3824830590736856,76,77,45,5
1.3748310732394773,70,71,35,4
4.3087601450100523,68,69,30,0
3.0811703826746482,72,73,41,1
1.5104011880993502,70,71,41,2
0.0867417468226594,66,66,38,1
2.3763653715527586,68,69,38,6
5.5306637238238263,72,72,44,6
5.7225203921113206,72,72,40,4
2.6327697875217311,72,73,39,7
4.3485162422285812,70,71,45,4
5.8003713239781609,74,75,40,3
2.3131719661366947,72,72,47,3
1.2690721909813554,72,72,40,2
1.3824121662132902,74,74,38,5
2.6673311165170963,72,72,41,1
4.8239748954312347,70,71,37,4
5.2010830396964858,72,72,32,2
6.2827449425581294,72,72,41,7
4.1120109750525549,72,73,44,4
4.8664406255714736,70,71,35,0
2.0096580793797285,70,71,35,0
1.5100917376934400,72,72,43,3
4.3459445628908187,72,73,42,4
1.3981905746203942,70,71,41,0
4.6243478819121995,70,71,31,4
2.9322305378073557,72,73,38,2
5.9043349238140044,74,75,46,5
0.8874983342977545,70,70,35,4
0.7250776334234403,68,69,36,0
3.5752239245858779,70,71,33,2
6.1828661013535120,72,72,45,1
4.0228384576172012,78,79,49,4
4.7798592303076664,72,73,43,5
3.0422875233673099,70,70,45,4
1.8394744055075438,72,73,43,3
1.0702317571692559,72,72,40,6
1.2983681311973900,68,68,24,4
0.7473960243795544,72,73,42,6
0.1683913327100524,72,72,42,2
4.9752363351959170,72,72,31,1
1.6911769683522464,72,72,37,1
5.2409686773796951,72,72,45,3
1.5779913786338933,74,75,39,6
1.3278108620815749,70,70,36,1
5.5887113933410593,66,67,31,0
1.3423667233178844,72,72,38,4
4.1301101348230231,70,70,36,7
5.2205537413221226,72,73,43,7
3.1905974908284671,70,71,36,7
1.4384203755983989,70,71,39,6
3.6432762459979053,72,73,33,3
1.0237231195916516,70,71,42,3
4.8736909027207771,70,71,29,2
1.9076237703357932,70,71,30,7
4.2003842036631172,70,71,37,4
0.6004919017154400,72,73,44,2
6.0719558737059227,72,73,31,5
0.2906941895639934,74,75,35,2
0.6630964603151379,74,75,38,7
1.4623511340858959,74,75,38,1
2.5344630357161915,74,74,36,7
5.1086784392824365,74,74,38,3
5.2803247887582963,72,72,34,2
2.9128758134982942,72,73,30,4
5.1708460658557991,72,73,41,7
5.6743216931719198,72,73,39,1
3.1371527110578183,72,73,31,3
4.5097853183587731,74,75,33,0
2.8647269597349374,72,72,34,4
3.9651055575943706,68,69,32,0
1.9643954141878170,70,70,30,3
0.5988088256134823,72,73,42,6
1.2034476717864802,72,72,32,6
5.4415471462922458,72,73,42,4
2.4183471164413115,72,73,36,0
4.7184062739131951,74,75,46,7
3.1060628040963665,76,77,32,2
0.7100187006939235,72,73,31,5
1.5390624770386270,76,77,38,2
3.3950532353489806,74,74,46,5
5.3063144198072356,70,71,37,4
1.6488362363107305,72,73,41,7
2.7146540786587989,70,70,32,7
6.2040058585214650,68,68,37,3
4.5082027904747388,72,73,37,5
0.1531063124846477,74,75,44,7
4.7297440389202983,70,71,39,6
4.8649137805750771,72,73,42,6
1.3238896009654995,70,70,35,0
4.7462929064922870,74,75,41,4
2.4691258480464673,72,73,37,5
3.0709176436921135,72,73,42,4
2.4354366243208521,74,75,40,7
1.9803590384409209,72,73,42,6
3.7398962731289527,74,75,40,7
3.4140410791524762,72,73,37,5
4.3158562703549821,70,71,38,7
3.6653482859946669,72,72,37,1
3.7280869736278035,72,72,41,1
2.7504710231448395,70,71,36,7
4.7955895985816559,72,73,49,3
2.2911674710999863,72,73,41,1
3.7807856659032195,72,73,33,7
2.1556172250632137,74,75,42,5
0.1059511338444619,68,69,27,3
5.0730484140865375,68,69,32,2
3.2763471725550382,72,72,35,5
4.6253528848819290,74,75,34,1
4.8718940488124884,72,73,38,2
5.2288277032478137,70,71,34,7
4.0312283044064676,72,72,35,7
0.4939032579907022,72,73,40,2
1.8250695719318097,72,73,36,2
5.6041676919759329,70,71,40,3
3.2904134454821383,72,73,35,7
3.8527841925177553,74,75,40,1
5.9116467775153732,70,71,41,0
2.7386998536079847,68,69,40,6
1.0653831402775644,68,68,31,3
2.5572212507240035,72,73,34,4
5.5679077523923324,70,71,34,1
2.7499518789729707,70,71,32,1
3.3376542467703243,72,73,38,0
5.8884438932023713,74,75,36,3
5.1958396188690745,70,71,33,2
3.3521137667610668,72,73,35,3
1.5214789951404770,70,71,38,1
0.6936521383999000,70,71,43,6
3.8060761209352991,72,73,36,6
0.4843550050385834,72,73,38,6
1.1368579710692885,72,72,37,7
3.3098168859884409,72,73,31,5
3.2537171458207022,74,75,46,7
0.7133872892057130,72,73,45,3
6.0021965118249891,70,71,37,2
5.9060364570085619,74,74,35,4
4.0617735355844111,74,74,38,1
0.6220934641843419,74,75,42,1
4.4282936488619775,70,71,45,2
3.8372828593341906,70,71,32,7
4.9314325067802223,72,73,40,2
3.0169446914416387,70,71,31,6
1.0299809807813016,72,72,33,3
4.3727672367140924,70,71,42,3
1.4218088226236403,74,75,37,0
1.5539198952938524,72,73,39,7
0.8810758052194614,70,71,38,7
2.3060381921661515,70,71,43,4
5.5226493169347401,72,73,39,1
0.2558708233466070,72,72,35,7
5.8656392384703082,72,73,46,6
0.3753504715176141,72,72,42,6
5.0587018994206030,72,73,37,5
6.0967554264228427,74,75,32,7
2.6449788337354319,70,71,31,4
5.8309572661424172,70,70,36,3
4.7242151422385756,74,75,38,5
6.0874568597035301,72,73,42,0
4.8342986609303784,72,73,34,0
4.1459143537271732,72,73,44,0
4.8195856858867154,68,69,30,6
4.3467078633343386,70,70,40,7
5.8827075534252469,72,72,40,4
2.1008835195465845,74,75,41,6
1.8258466853073978,72,72,43,7
0.9575971987551504,76,76,48,4
0.3679806216107604,70,71,34,7
0.7849819347244592,72,72,33,3
1.1238893441634215,72,72,31,5
6.2403422725613531,70,71,36,7
2.5391950003391006,70,71,38,5
4.9798962632652684,70,71,38,5
2.8929855338130563,68,68,34,6
3.0939606141668841,70,71,37,6
5.0033099708496573,72,73,36,0
4.7470010058627459,74,75,40,1
1.7929693934952182,68,68,35,3
0.3735092341704601,72,72,37,7
1.7861261168177009,74,75,40,3
3.5180356667335420,78,78,44,7
4.5876932995597191,72,73,40,6
1.6406152575015396,72,73,40,0
0.7521848574986193,70,70,38,1
1.8243996070126709,72,73,33,5
3.0213289808426689,72,73,46,6
4.6365920966388448,74,75,32,1
4.6198391275982322,72,72,30,0
4.4880357117488847,72,73,38,0
0.6954361686280248,72,72,36,2
3.3929810382220418,72,73,35,7
3.4234089806438446,72,73,37,1
4.6624352977349615,72,73,36,6
3.7146475274502984,72,73,39,7
1.2538897964079587,74,75,45,2
2.4603911947899175,72,73,34,2
6.2524666455650424,72,73,38,2
1.9842729266522134,74,75,31,0
4.2203491795000350,74,74,40,1
5.0870455863975970,72,73,33,7
1.8671651844021586,70,70,38,1
5.7824868092951478,70,71,32,3
4.0068623564766117,74,75,41,6
1.5660945028461593,72,72,39,7
3.8656155831914352,72,73,40,4
2.5206487254112711,72,73,41,1
3.4513366364173890,74,75,36,7
4.7540555733551724,70,70,38,3
0.1051159999720348,72,73,39,1
1.2726611883124770,70,71,37,4
5.6059675861828966,74,74,45,0
4.0499354715450329,74,75,49,6
2.5394100704082803,68,69,38,0
3.7250339432115975,72,73,45,7
2.9980309990173888,74,75,35,6
0.0318419472342453,72,72,41,5
3.7071135673204072,74,74,41,0
4.4511706691537141,74,75,39,4
0.2092774938772509,72,72,35,1
4.5778962105455481,70,70,38,3
3.9238577305321418,68,69,31,3
3.3818888394703652,74,75,37,4
1.1869453105513867,70,71,36,5
4.7912774930318625,72,73,41,1
1.3982161742110921,74,74,38,3
2.9974519201706484,70,71,35,4
0.6208389530303153,72,73,33,3
4.7599491349374086,74,75,38,7
6.1363139829805897,72,73,35,3
1.6902666930659129,74,74,34,3
2.8168169661898919,74,75,39,4
0.7412948065798177,68,69,29,7
2.4828544081512809,70,71,41,2
1.0829332389997677,74,75,35,6
0.6653076397980254,78,78,45,4
5.1141740250798433,72,72,36,6
1.7764313420121502,64,65,36,6
3.1692508198344913,72,73,43,3
1.6917554433133986,72,73,36,6
2.4077865893489556,66,67,31,4
1.9552190598319468,70,71,42,5
0.7434510357974501,72,73,39,7
3.5576421051092431,72,72,39,1
0.7538607764375137,72,73,36,0
0.8415165800955293,70,71,38,7
6.2542123055780561,70,71,27,0
2.9749944263694532,72,73,40,0
5.2113410963456568,72,73,45,7
1.3326834851460232,70,71,30,5
3.1150360338432277,72,72,27,1
2.8563213512579670,72,73,43,3
5.0464245715423433,72,72,42,2
0.9566191714321163,74,75,35,6
4.4619890250621319,72,73,41,7
4.0416451477266175,76,77,29,3
3.7172205286614908,72,72,44,2
2.1563567210485997,74,75,29,6
0.7965946632012266,68,68,31,5
1.3331958714733112,70,71,37,4
2.8787416179341241,72,72,36,4
5.5209611390473290,74,75,48,3
3.8156369762771534,74,75,30,5
6.0859064879480194,72,73,38,2
4.3837067506835306,70,71,41,4
5.0450590940224114,72,73,36,4
3.8104512349486579,74,75,31,6
0.7242509732830812,70,71,39,4
0.0064600734125427,72,72,32,0
3.6783903014244208,68,69,38,0
5.8161985748674576,70,71,33,0
4.0739041793002446,72,73,50,0
2.4524076143665305,72,73,41,5
0.8198361451016830,72,73,46,2
1.4523958144376010,72,73,37,1
2.3205451053416493,72,73,34,0
4.9594786986433546,72,73,43,7
6.0808449644643723,70,71,38,7
0.3976599363931690,72,73,54,0
3.2111157987256398,70,71,42,5
4.5402838547738860,68,69,36,2
4.0700873669979467,78,78,47,6
3.3940318281644162,64,64,34,6
4.4550186584090845,70,71,37,0
2.8464555660144200,72,72,35,1
1.8564014275365344,68,69,41,1
5.5936771674474510,72,73,36,2
4.7479574638888922,76,77,37,3
5.5598508578694039,74,75,34,7
4.3399022258064894,70,71,34,7
2.3267307068867029,68,69,29,7
5.8826979069823757,72,73,35,7
2.8372441840732452,72,72,42,4
2.1768860490385755,72,72,34,0
2.1674531826660202,72,72,31,1
2.8003860143468251,76,77,34,2
0.1704917653876958,72,73,34,6
1.8288040882566527,72,72,38,4
0.4567271306786863,74,74,43,6
6.1754803697792378,74,75,39,0
2.7151359973956026,70,71,35,2
2.2349809882062650,72,73,32,2
3.4424429842626996,72,73,44,0
1.6855218240947769,72,72,40,2
1.9006870603017916,74,75,33,4
5.1164851348580909,66,67,28,5
4.6603446720508241,70,71,36,3
4.6629296747936788,72,73,32,0
3.5709808728638865,72,73,36,6
4.9623846754235093,74,75,41,0
3.3659928164886193,74,75,40,5
0.9431951566368594,72,73,36,0
3.5775096149817904,70,71,40,5
4.2996224500614897,72,73,43,5
1.3614721325192267,72,72,36,4
5.8107590707943411,70,71,37,4
6.1971525359281268,68,69,34,6
4.9216970118079253,72,72,29,5
4.7810896701307701,72,73,38,0
1.9593291542954314,70,70,29,0
5.1281391030893220,70,71,38,1
4.2095011557232853,68,69,38,0
4.1497718175716836,72,73,35,3
0.0849311885316590,70,71,41,0
3.4516437709855081,68,69,31,5
3.5856077281977696,70,71,38,1
5.5969373431726241,74,75,35,6
0.3948299397791199,72,73,40,4
4.3033235309598057,70,71,31,0
5.6929611877499893,72,72,37,3
2.5407813203467131,72,73,39,3
0.0041151787514543,72,73,35,7
0.4005528558635180,70,71,34,1
0.7350465503873799,72,73,32,2
5.0399287746613100,72,73,38,6
2.7470888960399429,70,70,32,7
5.7594156556736493,70,70,34,7
5.8586945827798740,72,72,36,2
1.1353045581335204,68,69,34,2
1.0250966674158559,72,73,42,0
0.9144824712790985,72,73,36,0
5.4544865256685986,70,71,43,6
4.6553415283788198,74,74,38,3
4.2457451359205756,72,72,36,6
2.5699305549869798,72,73,34,2
4.1936740076515866,72,72,41,5
2.5508485169003996,74,75,35,0
1.5837215191223775,74,74,34,1
1.4872222941966424,70,71,40,1
3.9348361633389572,74,75,39,6
0.8040470958565952,70,70,35,6
2.0739383423813615,74,75,38,1
5.5083936845972143,72,72,40,6
0.1472304163166060,70,71,42,5
3.4319672274711319,72,73,42,2
0.9432374636562092,72,72,36,4
2.7376606133231696,74,75,45,6
0.3832319764014532,68,69,33,3
4.4942334357046763,74,75,43,2
2.4301094863711787,70,71,38,7
2.2453690995788138,72,72,45,7
3.7841261364799248,72,72,41,7
5.6978944116762253,70,71,38,7
5.6159200172575154,70,71,34,5
3.4948940810009517,70,71,29,6
4.4717850647367401,68,69,42,2
5.7492700551618174,72,73,41,3
2.7350592431533780,66,67,32,5
4.7163658687768324,68,69,31,3
6.2412063338634756,68,68,35,5
1.2460587227943443,74,75,40,5
5.9936460683170916,74,74,37,0
3.6332563946878200,72,72,32,4
5.2978932407915567,72,73,33,3
0.9744312686849915,74,74,33,4
0.4199433578197489,72,73,38,6
4.3971671345085213,70,71,37,0
4.4943185778662160,74,74,35,2
2.1269530403743304,70,71,43,0
1.6990225617732633,72,72,34,4
2.1241775678975654,72,73,33,7
2.6671088615569616,72,73,33,1
4.0681407840241928,68,68,29,5
3.0683394863074809,72,73,29,3
2.8218645590593883,70,71,42,1
3.8652878312868522,72,73,45,1
2.5474141215825719,70,70,42,3
0.4010401732293880,74,75,39,0
1.3745627470508741,72,72,39,7
5.2288267490992917,70,71,37,0
1.0558849014085654,72,72,44,6
5.5301233282582087,72,73,36,0
5.6637037640144214,66,67,30,3
4.5557356363094597,72,73,39,5
3.5093116829587081,72,73,36,0
4.0850772503827475,68,69,38,0
5.5771785650533161,72,73,34,6
2.4449350748501630,72,72,34,6
5.7838408609878496,66,67,37,4
1.9001811751732776,72,73,33,3
4.5324490259619621,72,72,35,7
4.5193667394469488,72,72,39,5
5.9833888640919151,72,73,30,4
0.0445049745486691,68,69,30,4
3.1124075535096321,72,73,36,4
4.0726887058640830,70,71,36,5
0.5401297168611946,74,75,35,4
4.6451743331995852,72,73,47,5
0.7223176755651954,74,75,34,3
1.5059145400797351,72,73,37,3
1.4581522954567010,72,72,37,1
4.8235358231405305,74,75,39,4
6.0261596636913506,74,75,47,4
0.0336828760656027,68,68,37,7
5.1777169804760348,70,71,39,0
5.6396497227411899,70,71,30,7
2.7270876869340559,74,75,36,5
5.7212459144271124,68,69,34,6
0.3943308417166989,74,74,39,2
0.3408020252982886,72,73,35,7
0.7670373302369263,72,73,31,3
1.1643333760003745,72,72,39,5
4.8678958788012796,70,70,43,4
2.8709667802748089,72,73,41,7
4.6745982866876465,72,72,43,3
4.4444383062508415,70,71,47,2
1.4835054502597891,70,70,40,3
0.1963731335492656,70,70,36,3
6.0968732732871436,74,75,36,7
4.0900648097320822,72,73,43,3
0.4143953341450314,72,73,43,1
2.2192994508181862,72,73,39,3
2.2582188088920643,72,73,36,6
6.2532956561939672,72,73,44,0
3.5465673560937572,72,72,40,4
5.9320677439636356,70,71,37,0
2.1841163392756804,74,74,35,6
6.2402714742271872,72,73,43,3
4.3470021204109504,72,73,33,1
5.2377631935022446,70,70,31,2
6.1243277191574412,70,71,43,6
5.8405057237208293,72,73,41,3
0.1722800217976296,72,73,37,7
3.5876183205660661,70,71,33,2
5.6375777397263054,70,70,33,0
3.1102030209975124,72,73,32,2
3.6619354533380326,74,75,39,6
3.8624902914327421,66,66,30,7
4.2998325151120973,72,73,44,4
3.1894001069912554,72,72,35,1
3.3964916683786863,72,72,32,4
1.8606985755983483,74,75,45,6
1.7012753536285448,72,73,35,7
1.6182136664026250,70,71,39,4
3.9584295578928930,72,73,45,1
2.0410231878535550,70,70,37,0
5.4501236081151969,72,73,48,6
0.5048638056545511,70,71,36,7
3.1974621191754125,72,73,39,3
1.9990199513493505,72,72,34,6
4.8114395158819852,72,73,43,3
0.1686399635542141,72,73,39,3
4.7903471342001449,72,73,46,6
3.1914277167058853,74,75,35,6
2.1564127144287792,72,73,34,2
4.2078917962179307,74,75,38,5
3.7435559525506106,72,73,39,1
3.4457907317652721,76,77,30,0
3.8378647402045303,72,73,44,4
2.9091209966308984,72,72,31,1
4.8381443167971625,72,73,42,4
0.1091855002870607,74,74,33,2
1.6686499332806106,72,73,37,5
3.2687026127894994,74,74,39,6
4.2926367015985623,72,73,33,5
5.9497845171711399,68,69,43,7
0.0987892678901230,72,73,33,1
1.8839490399819143,66,67,35,0
3.5383648602295414,72,72,39,7
3.6195456364364951,70,70,32,1
3.2642220028138809,74,74,40,3
4.0740254089656007,72,72,33,5
0.1635064866806844,72,73,37,1
1.9543409804593781,72,73,40,4
2.5788129541568234,68,68,39,7
2.6366749541490444,70,71,34,5
3.9675308239125595,66,67,41,6
4.6012662884190707,70,71,32,5
5.3283206554748759,72,73,33,3
5.1875320705227894,72,72,42,0
1.9013743897801192,70,71,49,6
1.8237747878040036,72,73,39,5
1.2273538770498633,74,74,35,6
1.1045755147173397,70,71,40,1
2.8420876639591319,66,67,30,1
5.8985882745158458,72,72,35,3
2.4834576549425318,72,73,35,5
2.6818897128521337,72,73,38,6
4.1369701908736927,72,73,37,3
0.5578977723788252,72,72,38,4
1.9961892918954154,72,72,47,1
2.8841335566933419,72,72,40,2
5.5741279616899195,72,73,35,7
0.6767373741983693,72,73,46,2
4.3135316106799104,68,68,33,5
1.0604441619142797,66,66,32,5
2.5683472410957355,72,72,37,1
5.2899101161435844,72,73,35,5
4.0285426069097383,70,70,35,4
3.1984702737063859,76,77,29,7
2.9525182075223344,72,73,41,1
2.9455696720567133,72,72,39,1
3.7274027753724130,70,70,36,5
5.5911675094912283,74,75,42,3
3.5953383396732530,72,72,39,5
0.0378339961567606,72,73,45,5
2.1248440849639891,74,75,45,4
1.0049830628728231,70,71,34,3
5.7204814146361249,68,69,29,3
1.1960214807256542,74,75,45,4
2.0331320765908250,76,77,43,7
5.7150955861227697,72,73,38,6
4.4899741707931744,70,70,41,0
4.6491974206506912,70,71,44,1
6.0026775522982634,70,70,36,7
3.7391411348426682,72,73,38,4
1.6325861636890211,72,72,23,3
5.0109428004926588,72,73,34,6
1.6133496877728140,74,75,43,4
5.9238998314944711,74,75,40,7
0.1092191870043779,72,73,40,2
0.6941897355243990,66,67,31,2
1.7316906602378506,72,73,34,0
4.1321140140503037,74,75,42,3
2.3206210591710490,70,71,43,4
4.7690705614220672,72,73,34,2
4.5166487303826957,72,72,38,4
3.5857613228009146,74,74,37,4
4.7058080018004942,72,72,42,6
2.2435808874022589,70,70,36,3
0.0908298687952578,74,75,50,7
1.7915867672253505,70,70,38,7
3.7508312383211226,72,73,37,7
1.5878184884484883,72,72,35,3
0.8214407130350913,72,73,41,1
4.4033437842882428,72,73,32,0
1.2500414911289921,72,73,35,5
2.4648610021182176,68,69,34,2
1.2470400941857347,72,73,39,7
1.4416028164880448,72,73,33,1
2.0659322895388739,70,71,35,6
5.6684119621160374,72,72,38,4
3.8466201284736723,72,73,46,2
5.1910144011983324,74,75,40,1
3.8075332668299087,72,73,37,5
3.5599627025980216,74,74,39,0
5.3869042237092550,66,67,33,2
1.5015707124190278,72,73,33,1
2.9345886737279803,70,71,42,5
5.7954421368508262,72,73,38,0
5.6020276787140189,68,69,43,7
0.7217276301930937,72,73,33,5
2.2997317809212814,68,69,37,5
3.3658902789087803,72,72,34,4
6.1539112516633914,70,71,43,4
5.4363783015796070,74,75,41,2
1.9752508678014422,74,75,42,5
3.3456572596709226,68,69,36,0
1.4771587275326825,64,65,35,1
1.1366309390072560,72,73,40,4
5.8840320510729418,72,73,48,4
2.2248915315526832,72,72,28,4
1.5276635381645114,70,71,47,0
3.2903974879260804,74,74,33,2
5.9061507396583375,72,73,35,1
2.8844649880720383,66,67,33,0
5.5221396019752911,72,72,34,6
1.0670582257144270,70,71,44,3
4.4618081457632934,72,72,41,3
1.2928779557223540,72,73,38,6
5.0272594474955268,72,72,33,3
0.7890545078728235,70,71,36,3
3.6161259933605416,74,75,45,0
2.2550856157004375,72,72,36,2
0.5490678330625172,72,73,37,7
2.2397938862336653,74,75,47,4
2.0989103469045869,72,73,38,6
1.8945113563862257,74,75,36,7
5.7695556333401568,72,73,42,2
5.9225061229359648,72,73,45,7
1.3603473043187493,74,75,44,3
3.3689239198468957,68,69,34,6
3.9997991336416048,72,73,32,4
4.5084074882311453,72,73,37,7
5.2000698555810008,74,74,35,6
3.3464231809830780,70,70,37,4
6.0399058797898357,76,76,41,7
2.4799266761118708,74,74,37,0
3.4387083487883365,70,71,37,0
4.0268600112300268,72,73,32,2
1.4317870706181060,72,73,40,4
2.0252867415018097,70,70,39,0
0.9399830481422312,70,71,35,2
5.9818453329725889,74,75,44,5
2.3161770984033616,72,73,38,0
0.2579908240753372,68,68,36,0
0.5981907922237641,70,71,42,3
1.2981329447852252,72,72,34,2
4.7473502920168418,72,73,41,5
3.3841631936695138,70,71,29,6
3.6246585359710508,70,71,33,2
3.3922742792207576,70,71,40,7
3.8755147584625913,70,71,39,2
0.3669484591273401,70,71,37,4
3.7926782049971615,70,70,39,6
0.3315978837131718,72,73,46,2
0.7802691087390438,74,75,41,0
5.3579276830065048,70,71,33,4
6.0315835671878277,72,72,38,6
2.0497261123292962,70,71,36,3
2.8361591612324215,72,72,38,2
3.8621279642914881,72,73,39,5
3.1306226934403503,70,70,33,4
0.1874045193647665,72,73,36,0
1.6436018875531460,72,73,37,5
5.7175461487530672,68,69,34,4
0.7984312744750828,72,73,36,4
4.8512309863580034,72,72,40,4
0.5409954836494375,70,71,41,2
1.3013253833815444,72,73,44,6
1.6144027011940263,72,73,32,2
2.0709467391764900,68,68,32,2
0.1881023164052707,72,73,34,6
1.9892222370225146,74,75,38,1
4.0931121037798279,72,72,36,4
0.0129512725281856,70,71,45,2
2.2839769443311657,72,73,32,0
4.7879742275058597,72,73,29,5
4.4801619485696769,72,73,35,3
2.1726286907766137,74,75,43,4
0.9072911070765163,70,70,35,2
5.0514643689994205,72,73,45,7
1.8357512146095896,72,72,28,2
1.6767261230463573,72,72,34,0
3.0513675253861328,74,75,39,2
2.1529157838352888,70,71,34,5
5.4558348787320083,70,71,41,4
4.0779577696688438,70,71,38,1
5.1962830238536677,72,73,39,1
0.7563493326818768,66,67,31,4
3.7250567522336926,72,72,33,3
5.9178209170856100,74,74,36,3
0.0928051058375644,70,71,32,3
2.2599010179325001,70,71,36,5
5.7893686991060438,72,72,46,6
2.2220181181541134,72,73,39,7
1.5846571253484383,74,75,44,5
2.5659390949166498,70,70,31,4
5.1550385214074304,68,69,44,0
6.0602627601362071,66,67,39,0
0.3538630681550942,70,71,33,6
2.8611045418187113,68,69,35,5
5.7687207196255681,74,75,37,6
3.8026291718456164,72,72,39,3
5.9938663196714845,72,73,30,2
4.0772108647470988,64,64,37,3
3.3529639825542192,70,70,36,5
6.0299564902557892,74,75,38,1
0.6535776357132107,70,70,34,5
3.9593205077819302,72,73,31,5
2.1705786687228263,74,75,37,0
5.5303073171324266,72,73,38,6
1.7168956815206364,74,75,34,5
5.1944700846181036,72,73,39,5
5.0484008122579613,74,75,31,4
2.9447169775535533,72,73,46,2
5.7552156675607264,70,71,39,0
2.6144225721388747,72,73,36,2
2.9089730582724003,72,73,34,6
3.5307125234466810,70,71,40,7
1.9547411849175897,72,73,40,0
0.5692137849678046,66,66,35,0
4.3311268925001487,74,75,35,2
4.4720610640975513,72,73,40,2
2.6760665664560750,72,73,37,7
3.9713024197185076,70,71,42,3
2.2313436280414769,74,74,34,7
6.0841945386343692,72,73,40,6
1.0590420553944517,70,70,32,7
1.3842851994772121,72,73,44,6
2.1182329947474390,72,72,38,4
4.7259138215848759,72,73,35,7
4.6073923522047657,70,71,30,7
4.3749607634665804,70,71,41,0
1.1206358796327012,70,71,33,6
5.3370315105534329,70,71,37,0
2.1783478627933053,70,71,31,6
1.1179030902288045,68,69,35,3
3.1750818191202290,70,71,28,7
5.1693995452703145,82,83,38,7
3.3731689817504584,72,73,37,3
0.8723942101709433,70,70,40,3
0.4771829748253322,72,72,40,6
2.4150547592903719,72,72,39,3
0.1608757924660421,72,72,48,0
5.5516643250485593,70,71,37,4
5.2424088480496502,70,71,32,7
2.5765316156359033,70,70,39,2
0.4632894000500533,74,75,42,5
2.5879362238828154,72,73,37,7
6.2161072353572546,70,70,29,4
2.6492995721313193,74,74,40,1
1.4249163877340081,72,72,42,4
2.6101005796687771,68,69,32,2
0.6682038783972134,72,72,39,7
4.7754848831696242,72,73,38,6
0.6872476361730340,72,73,37,5
1.5895344717918720,70,71,41,6
1.7465915436641275,72,72,48,6
0.8465628906327066,68,69,33,5
5.7962519740857825,72,73,39,5
3.7388611252854669,72,73,39,7
3.9600686822814626,64,65,36,2
2.2620816102294490,72,73,35,5
5.9535284591706725,66,67,35,0
0.0351932312067535,72,73,40,4
3.9833437637014240,70,71,33,4
3.1349594789827040,72,73,40,6
1.3637516843847253,74,75,43,0
0.7086227040751962,72,72,36,4
1.8092630110969938,72,73,31,3
5.4227664853389355,72,72,39,3
0.7668086602698535,74,75,30,3
1.5859320478391248,70,71,40,7
3.4223169192041665,66,67,37,0
0.5651715172282694,68,69,31,3
6.0189917165320805,74,75,38,7
3.3533118462930371,72,73,35,3
5.1926614912711004,72,73,33,3
0.5004329435642242,70,70,35,6
2.5206788674261387,72,73,40,6
0.1335315702560036,72,73,40,0
2.5774130348401911,72,72,30,2
2.6245616626792962,68,68,39,1
3.5908957947052151,72,73,33,5
4.8718865782673122,74,74,41,0
3.2888407667699884,70,71,37,2
4.3044802432723772,72,73,37,1
0.8889496422321674,72,73,41,7
5.8996555841854255,70,71,39,4
2.0875718711446116,68,68,36,2
4.9275554024715333,68,69,35,7
4.8142163088132097,72,73,36,4
5.5382969720592845,72,72,32,6
4.0556304133444270,74,75,36,5
4.8874773592230598,70,71,46,3
1.8032036098350721,74,74,39,2
5.4849678631023648,72,73,42,4
3.0292289611188097,74,74,32,1
1.2092024298571720,74,75,38,3
5.0947040130295287,74,75,38,1
2.5223937833966983,70,70,42,3
2.3488817409057328,72,73,38,6
1.0362923310089323,72,73,44,2
5.7218287595722943,72,73,42,0
4.8579915265958604,70,70,34,3
2.1723191374404851,72,73,37,3
4.7631305358070630,70,70,42,5
3.2828176700919998,72,73,33,1
6.0953217636346375,70,71,38,3
3.3575467209850736,72,73,42,6
3.4058559718893577,72,73,44,6
5.4966386521565642,74,75,35,0
3.9308915048861226,74,75,42,3
4.5317849833440293,68,69,44,2
0.5436058763897178,72,73,35,5
5.5637066879590673,72,73,30,2
1.7884710806393558,74,75,38,7
3.5499027109959456,72,73,32,2
3.3382455420757511,74,75,44,5
0.7188519626795276,72,73,40,4
0.8980222809890078,72,73,47,1
0.2078220535873738,70,71,39,4
6.1607574370954161,70,71,39,6
2.0712900047126332,72,73,39,1
5.4463866044093763,72,73,42,2
0.1481326217921168,72,73,41,1
1.1689956166901749,72,73,40,6
3.4197259292141422,74,75,34,3
0.0659551180505886,74,75,39,6
6.1274369302383320,70,71,41,2
3.9906697454885180,72,73,38,0
3.7128411799389691,70,71,36,7
6.2709845247462139,72,72,31,5
0.7706748272267873,72,72,39,3
6.1295100386297756,72,73,37,3
3.6232332587410441,70,70,34,1
3.5253865669191571,72,72,40,2
2.8309535445489793,72,73,41,7
2.5620956429437132,74,75,32,3
0.7143349314934176,72,73,38,6
3.9777839163677671,70,71,35,4
5.6086146216262129,72,73,38,0
5.4782875617115252,74,75,35,2
1.4105622609046755,74,74,41,4
5.4947850980551465,72,72,45,5
5.7729148790263096,70,70,40,5
4.0556062750011552,70,70,38,7
1.5427068053146029,70,70,34,3
1.9580901717515933,72,73,33,7
2.4784564975286618,70,71,43,6
3.9376029932644747,72,72,38,4
2.2797377423678578,70,71,44,3
2.6434221370787232,72,73,40,2
5.7852930251112999,72,73,38,4
0.6805255290670538,72,72,33,1
4.3146876885948640,70,71,46,7
2.2418688642787261,74,74,29,2
1.4017553977996786,72,73,36,4
0.3273504049090791,72,73,39,3
0.8818867083005824,72,72,35,1
4.4442392698274418,70,71,38,7
1.1662079973679773,72,72,36,2
3.3114825625917432,72,73,35,1
4.6660986315260748,74,74,34,7
0.2966561123697530,72,72,36,0
1.8127996924430225,70,70,38,3
2.2539637913253032,70,71,44,3
5.8169582674476077,72,72,32,6
0.3039196583236413,70,71,34,7
3.1460074889900107,72,73,33,7
5.9033761821028641,68,69,39,3
4.6779336671335745,74,74,24,1
4.1694041560370803,72,73,38,6
3.4808260162530860,72,73,36,0
0.8956669429091877,70,71,44,7
5.5698906422286765,72,73,38,4
2.4608740745995386,70,71,38,7
4.0288923966321981,70,70,44,5
2.3796855407415669,72,72,31,3
2.6903961062208257,72,73,41,5
1.9486923491603263,72,73,42,0
4.0550464980485348,68,68,27,7
2.1553881482471069,70,71,33,0
2.2974630009197292,72,73,36,0
2.7430055867932550,72,73,36,4
0.1805197519088195,74,75,44,5
2.0745959817466240,74,75,38,1
0.0572270045361838,74,75,34,7
4.1587897799010420,74,74,37,4
0.5865844940285267,72,73,35,1
4.7359741419814787,72,72,41,1
0.2867265598331030,74,75,41,4
0.7677286155310959,70,70,43,4
2.0466594460647265,68,68,36,4
3.7241271598789449,74,74,40,3
5.3107034231408941,74,75,45,2
0.0540252731866757,70,71,34,3
1.4676026247778207,70,70,40,7
4.2173228809166128,70,71,35,6
1.7349857244294464,74,74,45,0
3.5532917192805891,74,74,39,2
5.7112761707320789,72,73,46,2
5.5859061730811490,74,75,34,5
0.5040157616446321,70,70,31,2
0.4223001934110194,72,73,34,6
0.3705919822788294,72,73,36,6
2.2390392531432379,74,75,35,6
0.2031058516912182,72,73,39,3
3.1137965681809092,72,73,35,7
0.1256572761877554,74,75,35,4
3.4205608625077333,70,70,37,6
4.3660344074162492,72,73,36,4
0.7994251336344026,70,71,34,7
0.9909239461382869,72,73,36,6
5.5595557609818131,66,67,36,7
4.7896543409099959,74,75,42,1
4.8906520309257973,70,71,33,0
5.0206858435654222,74,74,46,1
3.1521615007256503,72,72,29,5
4.6128427290247709,72,72,38,6
3.2654214882012784,72,72,41,3
2.0132082279230361,72,73,36,0
0.7883629821267644,70,70,43,6
3.0326059743877356,72,72,39,5
3.4174894133784828,74,75,42,3
3.7888169436070873,74,74,38,1
5.5749565662991518,72,72,43,3
2.9935081011355229,72,73,39,5
0.6867348212891428,72,73,29,1
6.0739153339771796,72,72,48,2
0.0913173728171749,70,71,36,3
1.8806906722615719,68,69,41,5
2.8979701926974810,74,75,37,2
4.5758318034402725,72,73,35,7
3.4699747806996584,70,70,38,5
1.3577968783938750,72,72,44,2
0.7756105744110222,72,73,38,0
3.7937351545309252,74,75,45,2
1.8685332312455774,72,73,40,2
2.3811948553211075,74,74,46,7
0.4390250348339391,70,71,33,6
4.8373040838838595,72,73,36,4
5.0546790205450796,72,72,37,5
0.4835520222702874,72,73,40,0
3.8421310272319733,72,72,39,1
5.6748391062531152,70,70,36,5
3.7091344386610987,70,71,37,2
3.5729728721434060,70,71,42,3
4.1187336744399596,70,71,43,2
3.9220532431082935,70,71,34,1
0.2194138912827391,72,72,36,2
5.6207695174710492,70,70,39,2
0.8809802982755218,68,69,41,5
3.6380344309009938,76,77,37,7
3.5892967040872170,72,72,41,3
3.4464505726106993,70,70,38,5
0.9744387046923859,72,73,34,2
4.2016916519261533,70,71,38,7
1.7856531511913440,72,73,37,7
3.5568676540506043,70,70,36,7
3.4801403664252932,64,65,32,6
2.3167555795752572,68,69,36,0
2.6998520631144798,72,73,33,5
0.8656660220778982,70,71,42,3
3.1305479109788266,72,73,37,5
5.5068771719102632,72,73,38,4
3.4975962784178023,70,71,42,1
1.4403344715460737,68,68,39,1
1.2819591785234705,72,73,35,1
0.1263638314406204,72,73,46,2
4.7373436556584272,66,67,41,6
0.4253851906199451,72,73,40,0
3.4724162512151961,72,73,47,1
5.7732983023311792,70,71,34,3
1.6321822233708734,74,74,38,1
5.1445059188521451,70,71,33,4
2.1841706797384290,72,73,46,2
4.7347007807311687,66,66,45,4
4.4631192314659742,74,75,43,2
3.4247888981968759,72,73,35,1
4.5765919588507300,72,73,41,3
1.8960571527017720,72,73,33,3
1.8322908407494538,72,73,40,2
4.1684477994465183,74,75,36,5
3.8818581318011494,74,74,38,1
3.8971718948830985,74,75,34,1
2.6495897694032662,74,75,33,4
2.0131162112766141,74,74,38,1
5.1761244798868571,70,70,37,4
6.0132205352397321,74,75,43,6
5.0181571451016369,76,77,29,5
2.9959364080480309,70,70,33,2
5.7751041535064402,74,75,38,1
3.1973637231000107,70,71,32,1
2.7387338617087540,70,70,46,5
3.8749274270146565,72,73,42,4
0.9733350254813030,72,73,34,6
6.1407936254787856,72,73,42,4
1.6932683382420515,72,72,39,5
4.2390437530441352,72,73,41,1
2.5725201057998111,70,71,32,1
3.6670869728869033,66,66,34,5
4.9648738604960885,72,73,36,4
5.8716642932446872,72,73,39,7
3.8031060805770567,70,71,36,5
5.9872044077161304,72,73,36,0
5.0885428655023590,72,72,35,7
6.1707691198379084,72,72,40,6
0.4968862884662893,72,72,36,6
3.9749219793835375,70,71,34,7
5.8088825774718451,68,68,32,6
0.9448258364848051,70,71,43,6
1.2639180415632749,74,75,30,3
1.8024663471611324,68,69,36,4
2.3219819514436919,70,71,31,6
4.0607148773543598,74,74,44,3
4.8879889032085186,72,73,38,6
1.3875853806770271,74,75,42,7
3.2001837451299799,72,73,36,6
0.3704747106048940,72,73,46,4
2.6889102590929754,72,72,37,3
1.0346337499259897,70,71,36,7
1.1338121927022629,72,73,39,3
5.8815306519221622,72,73,38,2
0.2169822666258453,72,73,34,6
3.0576655934565502,72,73,37,3
2.9757155007203173,70,71,37,6
4.5778387041833204,70,71,35,2
3.8891723955465718,70,71,29,0
2.2405318825863811,72,73,38,0
4.8346162163968200,70,70,32,7
1.7152078111530835,72,72,41,5
2.5923692247293482,74,74,36,3
5.5523418277385268,72,72,34,4
1.2736694752954696,68,69,40,6
3.1667624678517003,72,72,41,1
2.6559541462102838,74,74,39,2
4.3653870404494786,70,71,41,4
0.1191004529551183,72,73,36,6
3.5325053538678248,74,75,38,7
3.7618166443844645,72,72,39,1
2.4635039379365722,70,71,37,0
2.2411935081042951,72,73,36,6
3.5848355562096366,72,73,30,6
1.4172320115460153,68,69,34,2
4.3746390789756564,72,73,41,3
1.0334136390237214,72,73,33,5
2.6044436855384654,64,64,30,0
4.6082750814458366,80,81,43,7
3.0158136372401514,68,68,38,6
3.5204867750333970,72,72,38,6
1.4445993960481325,72,73,38,2
0.7871543050668819,72,73,43,1
4.8915418088759806,68,68,34,4
3.7158242822914662,70,70,28,5
3.0486251038803163,72,72,40,0
0.4382319496210327,74,75,39,0
2.8988416902909813,74,74,34,7
5.7428084870108265,72,73,38,0
0.1518401717790860,66,66,36,5
2.9537241587200245,70,71,39,0
2.0021563483797999,68,69,31,5
2.5655796396920101,72,73,44,0
4.9641790052888126,72,72,35,7
5.5897194782920225,72,73,32,4
1.9241459706970931,70,70,30,1
3.1986389209615966,72,73,42,0
5.3033357633852312,70,71,42,5
2.7957162590573144,68,69,39,7
2.0084811668551978,72,72,41,7
4.1732954381506628,72,73,39,7
2.0067131551403192,70,71,39,6
0.2491045065418547,62,62,33,2
0.3109520559223594,70,71,38,5
2.1318771974344077,70,71,37,0
2.4869697195361753,72,72,35,5
3.7905838438110089,74,75,38,5
2.8171116596533636,72,72,39,5
4.2451262321894276,70,70,45,4
4.7041579012757406,72,73,40,6
5.9847248717961650,74,74,32,1
2.2428490132780285,68,69,36,6
0.1889381345372825,70,71,27,0
5.8913642986616015,64,65,31,3
5.8631368236693397,72,73,36,6
3.0146492645194938,66,67,39,6
0.4974226695544470,72,73,37,7
2.1784985854632137,74,75,40,1
4.4117667476656388,72,72,42,2
3.7042120859959313,70,70,34,3
1.7788569499746858,72,72,37,7
3.7987102430930273,70,70,42,3
0.5903149347551492,74,75,42,5
3.2164179526541408,68,69,33,5
3.9120765503724653,70,70,41,0
4.3312567502643367,70,71,34,5
1.5165602418342419,74,75,45,2
1.7491655895621947,70,71,42,3
4.7078219974591597,72,73,38,2
1.7204632708969401,68,69,35,1
4.7381621571588450,72,73,41,7
4.3071553483930547,72,73,36,4
3.3721326478160245,68,69,33,7
4.1618163849897760,70,71,35,0
0.5051518826933419,72,72,43,3
1.2890189460712544,72,72,32,0
1.9152506087943630,70,70,37,2
1.9737244863229513,72,73,30,0
5.3056764647158081,70,71,32,3
0.9646588227351170,70,70,40,1
5.3554785582910531,66,67,38,5
5.0209605617770281,72,72,36,2
5.2722405851180110,70,71,30,3
3.1976417396674379,70,70,36,3
4.1989973279615800,72,73,35,1
1.4260723558778854,72,72,37,1
0.8004558075644437,74,75,35,4
1.6205538453278365,72,73,32,6
0.2467707631457600,72,73,43,1
1.0082008473201944,72,72,38,4
1.3099811263969088,72,73,34,0
1.3210399912229900,72,73,33,3
3.7451614455880944,72,73,40,0
5.2406218717481412,70,70,36,3
2.3626983184666246,72,73,43,7
5.1226164809726971,68,68,30,2
2.7645334287709447,72,73,35,1
4.2739069042507341,70,70,27,4
3.5809449393559065,72,72,42,2
2.3785720289985464,68,68,28,0
6.2436628849819567,68,68,33,7
0.1498487262228022,72,73,43,1
3.4721512702809560,72,73,36,6
3.7119741856779238,72,73,42,6
0.7104982827324366,74,75,38,7
2.8301248971417361,72,73,42,0
2.4844964447287858,74,74,36,7
3.3162074161472046,70,70,40,7
5.7131971792324130,72,72,35,5
3.2248530022230026,72,73,38,4
0.6596896376317956,74,75,34,1
1.1570581929761612,72,72,36,2
2.0960784033019757,74,74,43,2
5.2227883580528793,72,73,34,2
2.0714575283665768,72,73,35,5
2.9044869483119955,72,73,37,1
1.1313283557087968,68,69,38,6
1.5279901630533337,70,70,37,4
4.9374593870466850,72,73,37,7
3.6195378894056227,68,69,39,5
0.5051619028698721,72,73,32,4
4.7563120080359615,76,77,40,6
1.2123023325951925,72,73,29,1
2.1085184376523758,70,71,32,7
3.2185756432934185,70,70,35,4
3.3316684808252193,66,67,30,1
1.0398724997922615,72,73,31,7
4.2350739920454599,72,73,43,1
2.8884037738903459,70,71,36,5
2.2959315433112466,72,73,38,2
0.4717320237951905,70,71,38,7
4.0812326004697290,72,73,37,1
4.4841159016373044,70,70,35,6
0.2740212952506089,72,73,45,7
2.8325773738379110,72,73,42,6
3.6220966869340034,72,73,38,4
4.3167987605406131,74,75,41,0
4.2118476251002575,74,74,38,3
0.2793366622828489,72,73,24,2
1.4316396785875056,74,74,36,3
2.1924141521844973,68,69,32,4
6.1059034113722497,74,75,44,3
2.3692968540135166,72,73,34,4
0.0378082163067126,68,69,32,2
4.9508552571119981,68,69,32,2
3.0062734165598757,74,75,38,1
0.4902299802292664,72,73,40,0
4.9322376640579684,68,69,31,7
1.6409643494194706,72,72,40,4
2.7783374893166628,72,73,41,3
1.0430588065961455,68,68,35,3
0.0869356394470342,72,72,34,2
2.8533323575405531,68,69,37,1
5.9822176272091196,72,73,38,6
6.0422331294881797,70,71,40,3
0.6674957207296089,72,73,42,0
5.9008967610966039,72,72,41,1
2.7338368131341553,70,70,37,6
4.9343388851481391,74,74,42,5
5.1456501222538753,72,73,33,3
4.3081759538675160,70,70,34,7
4.2148661844674171,70,71,42,1
6.0134433250448662,70,71,41,4
3.3354378393822648,72,73,37,3
0.2844888201902643,76,76,40,0
3.2238621580611388,70,70,40,1
3.7146476679263758,72,72,37,7
1.6431751583265544,70,71,28,3
3.9136437978661216,72,73,41,3
6.2314716245818893,72,73,39,5
5.9701458741338955,72,73,34,2
4.6681739652306486,74,75,33,6
2.1107887268588112,68,69,37,1
2.1197976495565580,72,73,38,2
4.8152838983292243,72,73,41,5
1.7659463409535043,70,71,29,2
6.2491808876071362,72,72,36,4
2.3806706893273937,70,71,44,7
2.6314093073180058,68,69,31,5
4.1993612528668258,74,74,45,4
0.7705785396182212,70,71,38,1
5.8635314345982321,72,73,40,0
5.4930154745406607,66,67,37,2
0.1776926348650188,70,71,32,5
2.0408266203783891,72,73,30,2
5.8415794989360368,74,74,41,2
3.9486909957281942,74,74,30,1
6.0489939680791140,72,72,36,6
5.2470344271675913,64,65,29,1
2.6509354375009604,70,70,40,3
3.4443954864469299,70,71,34,7
3.1073154082615364,72,73,41,5
4.2742984848356915,72,73,40,2
1.9422894542173974,72,73,41,3
5.8809367604735892,68,69,32,4
5.0508002967326666,72,73,35,3
3.0109509267820025,72,73,39,1
1.0326111835892766,72,73,38,6
4.7812766011500809,74,74,35,2
5.7016361616787634,72,73,39,3
2.1086517004144332,72,72,30,6
4.0268357708685940,72,72,28,2
2.4440857765153723,72,73,49,5
2.5621281459844298,72,73,36,2
3.8009020670872946,74,75,45,2
3.8258518825884376,72,72,41,7
3.5305332542810595,74,75,34,7
4.7957340265128607,70,70,32,5
5.3377795929665925,70,71,41,2
5.9079831647580736,72,72,41,5
2.0592800585527589,70,71,32,7
3.1131563257809440,70,70,35,2
0.7190474357440323,70,71,34,3
3.5399487128322509,74,75,39,0
1.7704341371452990,72,73,37,1
5.1377830390227901,74,75,45,6
5.4241033685118580,70,70,40,7
6.1568197777642384,72,72,41,1
3.4197146856452894,74,75,43,6
1.0891467119478282,74,75,34,3
3.4259998059052079,70,71,46,3
2.8636186584169123,74,74,37,6
1.9445689941112176,72,73,35,1
5.8250588135123138,70,71,39,2
3.8568275829989282,70,71,33,0
4.6781170891892767,70,71,46,7
5.7597011505477287,70,71,28,5
4.3050812697358634,74,74,43,2
1.4755486760619114,66,66,38,3
5.8822985886597374,74,75,44,3
3.4627542453199007,70,71,41,4
1.0638893650893377,72,73,35,1
2.5791091679461124,72,73,38,6
0.7087884301942352,74,74,42,5
5.3875579078412636,72,72,36,0
4.1873663405975003,74,74,43,6
1.2801063708701070,74,75,44,1
2.3507044859203932,72,72,47,1
5.4130131957398833,68,69,35,3
2.6787570514355648,72,72,36,2
0.0487803239066007,72,72,34,2
4.1589139860515951,72,72,35,7
1.1983837153786483,72,73,38,6
4.8857989971627136,70,71,40,3
0.0265308394245355,74,74,38,7
1.7889659646533946,72,72,37,5
3.5369676062224777,72,73,39,1
5.6204480949257025,76,76,46,4
1.6992202230797500,68,68,34,4
4.5477297002563999,74,74,43,6
2.5315773220803206,70,71,33,4
4.3780225337935317,72,73,40,6
3.6169335465672066,74,74,35,0
3.1100549890353220,72,73,33,7
6.1727147604393791,72,72,35,7
0.9505836095848481,72,73,34,0
0.9006859109282841,74,75,42,3
0.7228195917546721,70,71,34,7
1.2538542045967687,68,68,37,1
1.7154337255312120,70,71,33,6
1.6159245448943349,72,72,38,2
5.6433183969863574,70,71,35,6
4.9991623067310353,72,73,37,7
5.0417705559603361,60,61,31,5
0.6716769106599704,72,72,40,0
4.9397172692463682,72,72,36,6
4.4271495638813931,72,73,38,6
5.9888487267571575,72,73,28,6
2.4610343343980996,70,71,38,1
2.5846336123467362,70,70,33,4
3.0477609470731082,72,73,40,2
1.4726848680549418,70,71,30,3
5.9114958058430611,72,72,35,5
1.2003334428666168,72,73,34,0
4.7455705450717174,72,72,37,7
1.3696022365881633,70,71,47,2
2.3731966147222425,72,72,39,5
5.9708450918467371,72,73,42,4
2.9369503358350597,70,70,39,0
3.9669924561309693,72,73,34,0
1.9699143976180662,72,73,30,2
3.9567912381397150,72,73,45,5
4.0116320267607986,72,72,38,0
3.5411973994304429,72,72,33,3
3.4631413194053793,72,72,35,1
5.6418293439845666,70,70,31,0
2.6325603842681375,72,73,36,4
5.3899913995661084,72,73,36,2
2.6999618955225557,72,73,39,1
4.8198712795371286,64,65,35,1
3.9757569204331729,72,73,38,4
2.5800630462774237,72,73,41,5
5.9008935377037739,72,72,40,0
4.6856104535519094,68,68,36,6
5.2123422873386591,68,68,40,4
5.8790998934423904,74,75,42,7
2.0068423277333887,70,70,43,4
5.6147434553505891,68,69,37,5
6.0161568032235486,74,75,42,3
3.1634891256197801,70,71,38,1
3.3023439268482093,72,72,24,6
3.8582494850529638,72,72,30,2
1.8764567332628226,72,72,42,2
3.0945955531047535,72,72,42,2
1.8843743415187919,70,71,36,5
2.5562524592880100,70,71,41,6
6.1071635765913657,72,73,45,7
2.5735903443814609,70,71,29,4
1.7113234480970680,74,75,35,0
1.5896428826762199,72,73,34,4
0.9767543350178547,74,75,35,2
0.0428767350805767,72,73,44,6
3.9027213199271866,64,64,30,4
2.1278932666382406,72,73,28,4
0.1977638580770128,70,71,44,1
2.5096047938984700,72,72,37,5
5.4517746287404094,72,73,35,5
3.5883513568962169,70,71,45,2
1.1190448934532538,74,74,34,5
2.1671977337828578,74,75,31,6
5.1202857473124261,70,71,44,1
5.5596422848944158,68,69,36,6
2.6113446778637703,72,73,33,7
6.2191004640076226,74,75,40,7
1.7952757521612359,70,70,44,3
4.9026908553199124,72,73,33,3
4.4944056197068649,72,72,31,3
1.5835431413749068,72,73,33,5
1.5986146189083945,74,74,49,4
0.2862021047401986,72,73,34,2
0.6520979296876911,70,71,38,7
2.1652702407257838,68,69,37,3
3.5593805639700808,70,71,43,0
1.1196047970083831,70,70,39,0
3.4530929980428753,70,70,35,4
3.3168154528422611,70,71,30,3
2.1522350396741312,68,69,25,1
3.3067993091188899,72,73,34,2
5.8017447301698706,72,72,35,7
4.2846163076842840,72,73,39,7
2.7988345110303325,74,74,45,2
0.3651591386188971,74,75,43,2
2.4871045589951768,74,74,44,7
5.4360928561440538,74,75,34,3
0.6296335573959905,74,75,36,3
3.7825713075074203,72,73,44,6
3.6322667954051751,74,75,37,2
4.3863999739133277,74,75,33,0
4.4050190636172433,68,69,37,7
3.3738237594785505,72,73,33,3
6.0565156571042378,72,73,33,3
1.6241481585534578,70,70,41,6
2.4444823953663306,72,72,38,6
4.8479148306274711,70,70,33,4
5.3154325134239615,72,73,42,4
1.8250653276781459,70,71,44,3
2.9012775646389084,68,68,37,7
3.6477176209158286,70,70,34,7
0.5012270222598726,70,70,40,7
4.4572189249896423,66,66,40,7
4.5554262944735191,72,73,39,3
0.6982251056505543,70,71,35,6
4.0053792060754452,70,71,39,4
4.8465431864975024,74,74,39,0
2.0376591315554902,70,70,37,4
2.0578233394095813,72,73,39,5
5.8110805578953473,72,73,37,7
0.1818832640668353,74,74,30,7
0.3445244090821216,72,73,37,5
2.4525749852089072,72,73,35,5
2.2887899210471856,72,73,40,6
1.7481689048729705,70,71,41,0
4.3624291974169980,68,69,31,1
6.1253441748096522,70,71,32,5
2.7767847676345259,70,70,32,5
3.6748231640826994,70,71,35,0
3.1129559057706810,70,71,38,7
4.3901232060533690,72,72,41,1
2.5628238537461518,70,71,37,0
2.6308955082497780,72,73,36,2
4.3995783171717564,72,72,29,7
3.3112755003976644,72,73,29,5
1.1456702938663055,70,71,42,3
4.0589625653220569,66,67,34,1
1.7173592908425956,66,67,40,1
4.7480015703537806,70,70,38,7
5.8799617849914609,72,72,36,2
3.4869663368627672,74,74,37,0
0.8877929239034461,72,73,45,3
4.9239402077268011,72,73,45,1
4.5088085082291220,68,69,43,5
3.2863738465651871,74,75,42,1
2.0289995656762865,74,75,38,3
2.9763090581355578,72,73,34,2
0.2977370144379038,72,73,39,3
1.5861292107902742,70,70,33,0
1.6268416072965055,72,73,41,5
4.8254088766588517,68,69,37,7
0.8164693005562155,70,70,32,1
0.8170034871085514,74,74,44,1
3.5816897886443502,72,73,39,5
5.1403892448184960,72,73,39,3
2.3313127651102463,72,73,39,5
0.2602649890030685,72,72,40,0
0.2348960916450650,68,69,36,2
4.6693337682355196,74,75,41,2
0.5460478583489102,72,73,36,2
1.5655221145191236,72,73,34,6
3.1296360223082336,70,71,37,0
0.0836135308676485,70,71,41,4
1.0069732057080840,72,73,36,2
1.4523012554868322,74,75,43,6
3.2610696964322066,72,73,38,4
0.2068559598813740,68,68,45,1
4.0808341081553277,74,75,37,2
3.3840745410339417,72,73,34,4
3.3571385810300325,76,77,44,0
3.1134298653456400,70,71,30,3
2.3941068351010695,68,69,31,7
3.3601485194224057,72,72,33,3
0.5714081030098856,74,75,40,5
3.2867028486591261,72,72,37,7
4.1211968039787124,72,72,35,1
1.5933009928585680,72,73,42,4
3.3056331610490224,74,75,38,1
5.4693639916438208,74,74,40,3
5.1956351758204882,70,70,40,7
1.3844312009215520,72,73,36,0
5.7367080788971547,68,69,30,2
5.4675964731474034,72,73,41,3
1.2404289704039801,66,67,32,7
1.9710567521510411,72,72,45,7
3.4244955396970713,70,71,35,4
1.9701806734238430,72,73,43,3
3.1400163428925305,72,72,41,1
0.3480849453699253,74,75,34,1
6.2155704685330484,74,75,34,1
0.7834657118556330,70,71,34,1
3.9840173544701774,72,73,40,0
5.8444820549628869,64,65,31,3
0.3363515678215572,72,73,41,1
4.8328896355042321,74,74,39,0
2.3092935850918974,72,72,38,0
3.1673422111571252,72,73,36,4
0.5791842460502747,72,73,37,3
4.0772491963220343,74,74,41,6
2.5698537434877244,72,73,45,3
2.9284305878128940,72,73,39,1
3.9005076825491551,72,73,41,3
2.0531369156071206,70,71,35,2
4.8147374904947053,72,73,40,0
1.3758971230080634,72,73,24,4
5.1577643417152474,72,73,48,2
2.9822924892473659,72,72,41,5
3.2538074014262213,74,75,39,4
3.0850743766570479,70,71,38,3
0.7270495752531366,72,73,40,0
1.7429279086268290,72,72,33,5
1.9934071618108411,74,75,45,6
5.2942499111727495,62,63,28,1
4.0366937165358090,68,69,34,6
0.3958983022529158,70,71,39,2
4.8392793367911473,72,73,34,4
3.6203822323652397,72,73,28,4
4.7976772993708137,72,73,35,7
0.1191725935444796,74,75,37,2
0.3130184288412268,72,73,39,5
4.9473269772869974,72,73,30,2
1.0895842823450537,74,74,39,0
2.8517835618697434,70,70,33,6
5.3221462257912462,74,75,39,0
3.3962373924429796,72,73,28,0
3.4999096532497451,72,73,40,4
2.3460808703606042,74,74,37,4
0.5250037034282903,74,74,27,4
3.4797539099922115,74,75,37,0
0.8858472431629575,74,74,38,5
3.9159999817426558,70,71,35,2
3.4071274367705198,70,71,36,1
5.1575948827222655,72,73,42,0
5.6921326007093169,72,72,24,4
3.2500158184559003,70,71,30,7
2.1988595549641308,72,73,34,0
1.7713554755695566,72,73,36,6
4.2848262996334956,74,75,33,0
0.1185984858552419,72,73,32,4
1.3752825882182822,72,73,40,4
3.2680031167941852,72,73,39,5
4.1175073860740925,72,73,36,2
1.5906731201559494,72,73,38,4
3.0267060132853159,72,73,35,3
3.0619820547659415,72,73,40,0
2.5847580293712342,70,71,35,2
5.9577689887364533,68,68,30,2
2.7826184669695495,72,73,38,6
5.0056858764113272,70,71,42,5
0.4256904124390635,72,73,37,7
3.6905155585667342,74,75,42,5
4.7810628231347101,72,72,43,3
4.3270841422058552,68,68,42,4
2.8424067643798869,72,73,39,3
3.8502450419080652,72,73,29,5
2.2772147318027822,72,73,41,1
0.1137920699003285,70,70,41,2
0.5586732392549003,74,74,36,7
3.6934165086086383,72,73,32,6
5.9570156409671675,76,76,45,7
0.0836800507817623,72,73,39,1
1.3263208276014056,70,70,34,5
0.7747442352835541,68,69,33,5
6.0958590386563127,70,70,33,0
1.8406547664428412,70,70,37,0
5.5167542595519592,70,70,37,4
1.9458313037638699,70,70,37,4
3.9977629035329958,72,73,33,1
0.8439599025332889,72,73,42,0
2.8185463413399616,74,75,37,2
5.4290823675443107,72,73,36,2
2.7951200777406848,68,69,31,3
2.8831711852801813,74,74,40,3
4.8065110794570609,74,75,43,6
3.7001430275212210,72,72,40,6
2.7388002480956839,72,73,41,1
1.5179374129729886,68,68,41,7
5.7648123417544861,68,68,39,7
1.7394489797765078,74,75,44,7
1.8530508285860765,72,73,34,4
4.5617957095296386,72,72,33,7
0.0170829369897218,72,73,46,0
5.7982373417208715,74,75,42,5
4.4467280303397700,68,69,37,7
6.0957378988192428,72,73,31,1
3.8386224456752096,72,73,43,5
2.6645080284638141,72,72,40,2
0.6051345677130936,74,74,33,6
5.1185256068629688,72,73,35,5
0.6894102448335225,72,73,42,0
5.5232732970471501,72,73,43,5
5.7104507966850040,72,72,45,3
3.2384404741424766,74,75,43,2
3.6265179925298501,74,75,43,0
1.8628458272246968,72,73,39,7
1.2825104668817744,68,69,36,0
1.1958302133934777,74,74,35,4
4.6633956235113843,72,73,40,0
0.7201309263859242,74,75,32,3
4.5684783233541140,72,73,37,5
4.7724674576226267,72,72,39,3
5.8183309545372950,72,73,37,1
3.2313942472367847,66,67,39,4
1.6624311528661972,72,73,39,3
1.9681289334343646,74,74,38,7
5.7483260670456158,72,73,35,5
0.2349168014142927,70,71,37,0
4.6926401184912505,74,74,38,3
4.5398486785396015,74,74,44,5
4.1619090820927056,72,73,39,5
0.6084974215339010,74,74,40,1
6.0094988892570855,72,72,40,6
3.0633125200461357,74,75,35,0
1.5522012079990772,72,73,45,1
2.3929495784406623,74,75,43,6
1.3307196419154805,70,71,33,6
0.5808072517461680,74,75,38,5
1.8471985082227236,74,74,37,4
0.3609561478650086,72,72,44,6
2.2593390602199213,72,73,47,7
1.2243393128918023,68,69,33,1
3.1516997128623827,72,73,40,4
3.1592528435038458,72,73,27,1
4.5036384512325638,70,70,42,1
4.3477208346528204,72,73,40,0
2.7035982544420336,74,75,41,2
4.2179120428314727,72,73,41,1
4.0119243952293075,72,73,33,7
5.0201827208291618,74,74,38,1
4.2053725838848512,68,68,35,7
0.3827990082970255,72,72,37,5
3.1637915364359799,72,73,39,7
0.7235795663599444,74,75,41,6
4.3246322649744044,74,75,41,0
5.4940726698655888,72,72,30,4
4.5917735764272960,72,73,35,7
6.1172562179474852,66,67,36,1
0.6881237763410673,72,72,38,2
2.7476799542947341,70,71,32,1
1.2844019103063613,72,73,44,2
1.3156071467983328,74,75,38,3
0.6104487476463828,70,70,33,2
3.0837451745528188,72,72,36,6
3.6369874206193229,74,74,33,2
5.0675885158639957,72,73,46,4
5.3641835466950596,68,69,38,4
1.8629405345851136,72,73,41,1
3.8117905853178393,70,71,33,6
2.2951996120934419,68,68,42,6
1.4753845259159921,70,71,40,5
2.9355238119343734,68,69,32,4
4.3975037977284135,72,73,37,3
3.4788313275618870,70,70,33,4
1.2048926691580091,70,71,39,0
2.1197554404546102,72,72,39,7
1.8364516378855236,70,71,36,5
2.2858081807393855,72,72,41,5
3.8446813807664779,70,71,36,3
4.6767576226962380,72,73,38,0
5.2563000202410590,74,75,45,2
1.9874617867598119,72,72,32,0
1.6145059582483248,72,73,42,4
5.1251736371601844,70,71,33,6
3.6188714173704937,70,71,37,6
0.6333377242896051,70,71,42,3
1.6429283473680141,70,71,38,7
1.4114874380885096,72,73,42,6
2.3089108035313224,70,70,31,2
5.2618189180818344,68,68,36,2
5.5013576791060554,70,71,32,7
4.0960561030302847,70,70,33,6
5.2969175677779070,72,73,32,6
5.8800656660641879,72,73,43,3
1.8069031304362682,66,67,36,1
0.6900364184530632,68,69,31,3
4.2774363446799004,68,69,41,1
2.5351857388328978,68,69,35,1
2.7833267894214671,72,73,45,5
3.6424908022184179,70,71,41,4
0.2661181477440253,72,73,36,6
5.0999480975250746,70,71,30,5
4.3422267069696252,74,75,39,6
1.6193625228484028,72,73,38,6
2.1953326826208373,70,71,32,3
2.5796380213343366,72,73,41,3
4.0257398034647105,70,70,33,0
3.8316226807925009,74,75,39,0
3.7360534782619435,70,70,39,2
3.1575845026246974,74,75,31,4
4.1192928414183658,70,71,35,6
2.8273122395425796,72,73,42,6
0.3211833862172121,70,70,32,5
5.4463171496252825,74,75,47,4
1.6514005742944931,68,68,33,5
1.7920946030288700,66,67,34,3
2.3224514652536374,72,72,35,3
2.5474051790437167,72,73,35,7
3.9754847585502522,72,73,32,4
0.0341466719700430,72,73,35,3
2.2755149394220680,68,68,30,0
5.5318869712088174,72,73,35,7
5.6725658344574059,74,75,44,5
2.8097163612233103,72,73,40,6
3.9260790678325743,74,74,42,1
1.7887368027681627,72,73,37,3
1.5996619197585018,72,73,42,6
0.3717973508112019,72,72,36,2
3.1673447220162871,74,75,39,0
5.0097862948007323,68,69,37,5
0.5760460257831618,68,68,37,5
1.9954686834075004,72,72,32,0
0.4534915058323285,72,72,34,2
1.3242366585364547,72,72,43,5
2.0438508793997840,74,75,32,5
5.6469285959286433,74,74,41,0
2.0111701176376533,68,68,38,4
3.5618250257766775,70,71,38,1
4.3910117241402871,70,71,37,6
4.0028125943685096,66,66,31,2
3.6908591959181778,72,72,36,4
0.2536085255145565,70,70,35,4
3.1539148489509432,74,74,34,3
3.0939761971623301,70,71,35,4
2.2208462381674519,66,67,34,1
4.1618823877703308,72,73,33,1
1.9502518941720426,70,71,41,6
4.0351205112692288,72,73,33,5
6.0367746622197851,70,71,38,5
4.4970598510757371,70,71,37,4
1.9249225125549787,74,74,38,5
5.2727450559518605,70,70,42,3
5.4251152562546485,66,67,34,3
4.0302140287612742,70,70,36,7
3.2922184745639229,72,73,37,1
3.8802100082414195,72,73,39,7
6.0586468462257281,72,73,35,5
0.9612034670515212,74,75,42,7
2.5955486367029832,72,72,39,7
3.1739470741214162,74,74,40,3
6.2780655182722693,68,69,37,3
2.1229566436424405,68,69,38,4
2.9048431986286953,74,75,31,2
4.9930745616413885,70,70,32,3
3.9295585839282547,70,71,38,5
4.0799436987418582,72,73,33,3
4.8506898474933760,72,73,45,7
1.1487185997597316,64,64,33,1
5.6283574164351249,70,70,37,4
1.3866020786097020,72,72,40,4
0.2044400006283101,72,72,40,0
0.0620528290963745,70,70,36,1
4.5391482760023711,70,71,46,1
3.8375978314091688,70,71,34,5
1.3685354645181831,70,71,37,2
1.8682382171047636,70,71,37,0
5.5379238905455566,70,71,33,0
3.9087099558630936,74,75,43,2
2.0163631955622110,76,77,41,5
4.4375319750960465,72,72,39,7
5.0200613981182656,70,71,35,6
4.4006964941657687,70,70,35,2
5.2394586405393202,72,73,50,0
4.3657869055288154,66,67,38,3
2.0444813054981226,70,70,23,0
6.0946881960650776,72,73,42,6
0.3749147599487629,70,71,38,3
2.3195744066816713,76,77,34,2
6.1247798185033906,72,73,39,3
3.1971186690526832,72,73,43,3
5.1033105029199364,70,71,37,2
3.7509439326880853,74,75,44,3
4.8757575420186372,70,70,32,3
0.2371667955332800,72,73,42,4
5.7406111773063424,70,71,43,6
5.6321203401789655,72,72,40,4
0.8839717752283298,72,73,38,6
3.9473070428914907,72,73,29,5
2.3740321947778806,70,71,38,7
2.1122823161471205,72,73,42,2
4.8038214679394606,72,72,49,3
0.7606757676342079,72,72,38,4
2.1212736490008344,72,72,29,3
5.3354957569520032,72,73,43,5
4.6411876887877757,72,72,38,0
6.0935915452948031,72,73,39,3
5.7481815262088354,72,72,40,2
6.0788735577893434,72,73,34,6
0.1178899281461087,70,70,38,7
6.2412644731448195,70,71,28,5
1.9122894361282818,72,73,37,3
1.1968721550056303,70,70,37,2
1.1206024055904453,70,70,39,2
4.3812429672055018,74,74,34,7
4.9606366425914494,74,75,42,1
6.1395302132678804,74,75,39,2
5.1296066030126779,72,72,43,7
0.2323820417507277,72,73,39,1
4.2695296024753073,70,71,29,4
3.6277094313761249,70,71,30,3
5.1731445452053446,72,72,34,2
5.8162965734265892,70,70,36,7
0.1237702611930037,70,71,31,4
1.5476869158630544,74,74,42,1
1.6712091606956869,72,73,29,5
2.5714334383442159,72,73,30,6
3.6370340648464086,72,72,37,5
1.3342486679760832,72,73,35,3
5.1728845114906195,70,70,40,1
2.6939951663304971,68,69,41,5
1.6586623926442392,72,72,40,4
3.8125063837900903,70,71,43,6
5.0182529952509194,72,73,46,6
4.7399144308130898,74,75,42,7
2.7015920787361276,72,73,31,7
2.4827436574468820,74,75,52,3
4.9580870908660897,74,74,38,3
2.1631887212858576,72,72,39,1
1.3866004130927596,74,75,31,4
5.8430463990538630,74,75,29,4
2.4765034202647169,74,75,49,0
0.1321789742661644,70,70,33,2
4.1548337076438635,70,70,42,3
1.8355663204614296,72,73,40,0
0.4643796417044166,74,75,37,4
3.3260342553311824,72,72,28,0
6.2624958176069558,72,73,47,1
3.3745299179627222,70,70,38,5
0.5864861755947940,68,68,41,7
3.0325451289996641,70,70,44,7
1.9928649626761539,72,72,38,2
5.0539066175824203,70,71,33,6
0.3188558697949231,72,73,39,5
3.5701325388512362,70,71,38,1
3.9669744102608333,70,71,41,4
5.4992696162673136,72,73,34,4
0.8796232506365734,74,74,29,4
3.8559148984395470,74,75,44,7
3.7632975699855695,72,73,37,3
3.0283583842915727,72,72,42,6
1.6492967541572734,72,73,39,3
4.8557051354529550,72,73,30,2
2.0519086902388670,72,73,37,7
5.4380760410545959,72,72,36,6
5.8849356364328758,68,69,27,3
5.6829734850843199,72,73,37,1
0.1209547579078775,66,67,30,3
4.1013812727810377,72,73,41,1
5.9935564041154867,70,70,31,2
6.2413894207343610,74,75,42,5
1.5567609554656656,72,72,39,1
5.9279759295742647,64,65,37,1
2.8497313078653637,72,73,37,3
0.3590957102489226,72,73,33,7
2.7454058770997039,68,69,35,5
1.4023767036375956,70,71,35,2
1.6430677718021875,72,73,39,5
0.3195921352728312,70,71,36,3
1.0630576446382738,72,73,38,6
3.8743669322369190,76,76,36,0
3.6041813140356602,70,71,38,5
4.8216712393746892,70,71,32,1
2.5896515776336755,72,73,40,0
1.4201160224536953,74,75,36,5
5.6674060384100180,70,71,44,7
0.8811385093442374,70,71,34,3
4.4268853783309323,74,75,40,1
1.8328649499980185,72,73,48,0
5.8076893005246113,72,73,37,7
1.7301065398391478,70,70,37,0
4.1863704748811763,70,70,33,4
3.8428078608943386,72,72,48,2
5.8950279486573987,68,69,31,3
4.5188782276273516,74,75,46,7
2.3847407414663317,72,73,32,4
3.9348111887669859,70,71,40,7
1.7965576115936013,74,75,37,0
3.5783385335193278,70,71,31,6
4.4038839542356838,72,72,40,6
4.9465503835382343,72,73,41,1
4.4627402085828276,68,69,44,0
6.0379089213027797,74,75,39,2
3.0332347295662290,74,74,37,2
3.2441097286317202,72,73,35,1
0.5416780160263164,68,69,37,5
4.4143651879857897,68,69,33,1
1.6933142131059091,72,73,40,4
2.7091180274011659,74,75,26,1
3.9656478646190898,72,73,34,4
3.6919521374533968,72,73,41,3
5.7581737021601755,70,71,31,0
1.1276538472807562,72,73,38,6
3.0367608241459756,72,73,31,3
3.3217059054408455,70,70,39,0
0.7403191352705070,74,74,37,4
2.8158230436701195,72,73,44,2
3.2511591303395586,72,73,41,5
6.0258663772656504,72,72,46,0
2.5614522048889490,72,73,37,5
1.8997223027246326,74,75,42,3
4.1955444953332917,72,73,36,4
2.0089657878322598,70,71,33,0
0.1642238786107553,70,71,36,3
4.8861915322373850,72,73,39,3
4.7621455074710024,72,73,36,4
2.5623764331391143,74,75,42,7
5.4619784543399783,70,71,38,5
3.1871547023012607,72,73,34,2
2.9497841327169141,72,73,41,7
5.0344848753731943,72,73,41,7
1.8324669422058313,70,70,31,0
0.7995498072850089,68,68,38,4
5.8531458637261640,70,71,31,0
2.2205252823300823,74,75,42,1
1.2392911479070650,74,75,36,3
2.0592418656989735,70,71,38,7
1.1635853918206189,66,67,34,1
3.9841903193677273,74,75,40,1
2.6918840977165988,70,71,34,7
6.0774084200246064,74,74,40,3
5.5653810101340424,72,72,34,4
3.1684806022313148,72,73,33,5
5.1777669350257378,70,70,33,4
2.1829862324685543,72,73,39,3
4.2565109546818727,72,73,35,1
4.8406479028208560,70,71,44,5
1.4957347891496715,72,73,40,4
4.9495086643185990,74,75,33,6
3.2304903093307096,70,70,34,3
4.6585482694031812,70,70,35,4
1.5067319513887021,74,75,40,7
0.4078549250491489,68,69,37,5
5.4396469375115020,72,73,36,6
1.5504368947562870,66,67,32,5
1.9826445623166584,74,75,43,4
5.7297942635888219,72,73,31,1
5.2411220972958219,72,73,44,6
0.6821310871112004,72,73,35,5
4.0943836795983861,72,72,38,2
0.1831254612399252,74,75,39,6
1.9208497734577936,68,68,42,4
3.2703769100010551,74,74,37,4
0.0276215848807966,74,75,40,1
4.9371395872133910,74,75,37,0
3.5961007537271303,72,73,41,3
3.3087374528029780,74,75,38,1
5.8594535041157982,72,72,44,6
5.6335451024359466,72,73,40,4
3.8976330750669965,66,67,32,1
2.6161755529808550,72,72,44,4
1.2221321434029735,70,70,35,4
0.6408106608982321,72,72,34,0
0.1349485090716500,72,72,40,6
3.2949270981938361,68,69,36,0
4.2023221711726508,72,73,45,7
5.6625443212279558,72,73,37,7
1.6849819916283932,74,75,39,6
3.6557786796465330,70,71,34,1
2.6897049958742105,70,71,38,5
2.6504910526460344,76,77,37,1
2.4576197153565116,72,72,30,6
3.0878344005360354,72,73,33,7
2.8622017436431402,74,74,39,4
5.5595306583584385,74,75,33,6
2.4618762424183269,70,71,38,5
6.0534291286750381,74,74,38,7
4.2199159987939314,68,69,40,6
5.1595744710229221,70,70,31,4
2.5734616055511110,72,73,33,5
4.0952211266739971,72,72,37,5
1.8998646436917814,68,69,34,0
6.1995682211474126,72,72,36,2
2.2845235329940272,70,70,32,1
0.6657502524835127,72,73,41,7
6.0096460968861596,74,75,40,3
6.2804848776700641,72,73,38,2
3.9218887167581946,70,71,35,4
1.5689782259106537,70,70,38,5
1.8202866886621523,70,70,39,0
1.9757676344584452,72,73,43,7
1.1063197960719855,72,73,38,2
4.9447263076861345,72,73,41,7
1.5878291942440106,70,71,36,7
0.3935863580930638,72,73,42,2
2.2830598503241917,70,71,40,7
4.5350568187257361,74,74,31,6
5.8132652651021486,72,72,40,6
0.3932896634875190,70,71,47,2
1.1293030493992517,72,73,42,4
0.3532343817381071,74,75,45,6
3.6308451852598620,74,74,30,1
0.8739097106023285,74,75,46,1
2.4438031615967941,72,72,41,3
4.3323558760317349,70,71,40,5
0.1806926214627557,72,73,31,1
0.4840962211874416,72,72,42,4
3.9214920543778713,72,72,38,6
1.0665450741318612,72,73,29,5
0.5697907099630112,74,75,40,1
2.0721868501447811,72,72,39,1
0.3389711622105053,72,72,38,6
4.1529639378354721,74,75,37,0
1.2858166358728862,72,73,33,3
5.9197115910478848,72,73,46,4
2.2497386722165338,70,71,30,7
4.9688235253296282,72,72,43,1
0.2950887425433867,74,75,39,2
2.9672485344890585,68,69,38,2
4.4405941443705901,72,72,37,5
4.9083065843047802,72,72,42,0
2.4816380108723890,72,72,36,2
1.4965696752610878,72,73,38,2
0.1723848132826741,70,71,43,6
4.3677149989728701,76,77,38,0
1.8161246629585146,74,75,39,4
2.5876610219690823,72,73,36,4
2.5872449370498596,72,73,40,2
3.8426626023496375,74,75,34,7
4.4147465865810913,76,77,42,4
1.7512675332795731,74,75,41,0
1.4231642705862095,70,71,30,3
1.4332183031340371,72,73,35,5
1.9187209411809338,66,66,35,4
2.5376320443318443,74,74,36,7
4.8507158749544574,68,68,36,0
0.5168179288484983,72,73,32,2
2.6091729317269006,72,73,42,6
5.2544108714277762,72,73,38,2
0.8271719121840456,74,74,29,4
0.7445300841937278,72,72,39,3
4.8514195544042691,72,73,39,5
2.0341702550877661,74,75,36,3
4.4450859832065506,68,69,41,1
0.6156082726751689,70,71,38,5
5.0214647983118708,74,75,44,7
3.1180856644275949,72,72,40,6
4.5494478641886911,70,71,37,4
0.7861063090462339,74,75,44,7
5.0753928261591703,72,73,36,2
3.0896078765332735,68,69,29,7
3.7923227346280868,72,72,39,1
4.7331932568508543,70,70,36,3
5.3445771297232225,72,73,42,4
0.4333399214744399,70,70,41,6
3.6335913346741400,72,73,38,0
1.7847950377057034,72,72,30,2
3.2022973972482274,68,69,32,0
5.6837869367824654,74,75,43,6
1.7285020815272087,72,73,37,5
1.3843968772023754,72,72,35,5
5.6477831704477461,68,69,41,7
0.2576467574880380,72,73,33,3
6.1059916821554134,70,70,41,2
1.5236436054104232,72,72,30,2
3.0681198177602682,62,63,37,0
3.1133892332795985,72,73,33,1
5.1939347357565939,72,72,40,0
4.8539637243319094,72,72,38,6
4.8020108527230079,72,72,39,3
1.8026901468885859,72,73,47,5
3.1841019246041085,78,79,45,6
0.4836172896202592,70,71,41,0
2.3421689986028924,74,75,42,7
3.6390850566716706,76,76,39,3
1.4254610676834076,74,74,39,6
1.6200993431707471,72,72,33,7
2.3468358255818176,72,72,35,3
4.3239905978696793,74,74,38,7
5.1477147523374089,72,73,36,4
5.4803183556175972,72,72,34,6
5.3844789564997262,72,73,33,5
6.1681167698710482,76,77,46,0
6.0586664208155581,68,68,36,0
4.9044546272141138,72,72,33,3
2.2716586110702437,72,73,33,3
2.4707666861463404,72,73,28,0
3.4177111144090113,68,69,39,5
1.3210652270969103,76,77,27,5
5.5604771120268159,74,74,41,4
5.1787415222367077,72,73,34,0
4.9875260910952983,70,71,36,1
3.4250276547683818,70,70,36,7
4.5095580745218742,74,74,35,2
1.3538730640971901,68,69,34,2
5.7719457718458935,70,71,42,1
5.2998706117098475,70,71,27,6
2.0882777099399155,72,73,36,0
1.2167105225939638,72,73,38,0
1.1129518922516397,74,75,34,3
0.2406766263058683,74,75,38,3
2.0162732433630564,62,63,32,3
0.2879736902285466,72,72,36,0
0.4168512445364665,70,70,41,4
4.9583904176794213,72,73,41,1
4.7287116925632375,70,70,38,7
5.4030933332087345,74,74,32,7
5.5475217214085699,74,74,38,5
0.8336448385384297,72,73,30,4
3.9660001563852019,72,73,40,0
5.7068054463015807,74,75,39,4
0.6810648421818686,70,71,39,0
4.6841533142723923,72,72,38,2
4.1366468084220918,74,75,39,6
2.5609726269134963,72,72,31,1
4.1476701775625182,72,73,37,5
5.2666552398280855,72,73,34,4
4.2734335011911817,72,72,38,4
0.9334011599265624,70,71,38,1
5.8333546230828830,72,73,38,6
0.6939573654015997,74,75,50,7
2.6900875377164404,70,70,41,4
1.6982313392223716,66,67,38,7
2.7989093704668355,72,72,43,7
2.7933891954802430,70,71,40,3
5.9673560524530398,74,74,35,2
1.8885566266346607,74,74,35,2
1.7784266346796811,72,72,41,1
0.7866439470808940,70,71,43,0
4.4121373705671276,74,75,45,0
2.3760071787733548,72,73,41,3
2.1900788188034506,70,71,34,1
4.3338398115933181,72,73,37,5
3.1063238338077248,70,70,46,5
5.0189352746929048,70,71,32,7
2.2654745153406202,70,70,34,5
0.8303639890733954,72,72,35,3
0.8125750823571303,70,71,42,1
4.0410051644892544,70,71,32,3
0.9319479758273046,72,72,38,4
5.9623010497010469,68,68,38,0
4.1968766007436891,76,76,40,0
2.7862911890643303,74,75,33,2
0.7149422290228973,72,73,46,0
0.5086114958341984,68,68,39,5
0.4110968852383242,72,73,34,0
2.2999917785359285,72,72,35,7
2.7727829516865756,72,72,39,7
6.1545465789445926,70,71,34,5
6.0759303091087364,70,71,31,2
3.2270986188324589,72,73,43,3
3.8426773877553457,72,73,41,7
2.2728072404908395,74,75,38,1
0.4550384842377325,70,71,39,6
5.1478630304512025,70,71,37,0
1.2118574655167955,72,73,34,2
5.7630167799888703,72,73,34,2
1.8498933141157896,72,72,37,3
1.3050422743172772,70,71,36,3
2.6281710100255462,74,74,35,2
4.0204798706424274,70,70,33,6
0.1686381787698825,70,70,39,4
5.6966905323499342,70,70,45,6
3.7273243638574654,72,73,33,5
2.6317054608510468,70,70,42,7
3.5159088247191583,70,70,29,0
5.5272978963480810,66,67,34,7
5.2660574641600659,72,72,34,6
5.0884301853652483,72,73,33,3
3.9143797606395734,74,75,45,4
3.0053431064667375,74,75,40,1
0.4594663257433108,70,71,37,6
2.0892863745537080,70,71,33,6
5.1752417112438982,72,73,39,3
0.8999599984042632,74,74,49,6
1.9519653095038936,72,72,38,0
1.4362867883938581,72,73,38,6
0.5309435737747223,72,72,42,0
1.9325489055856435,68,68,36,6
5.3601148539896935,70,71,45,2
5.5383113816573637,72,73,38,6
1.9524827384155983,72,72,37,3
1.2426487400553758,72,73,42,6
6.0333318301507841,72,72,44,0
3.8452623757285727,62,63,38,7
4.1686430385241708,70,70,33,4
1.6593391393672074,72,73,48,4
2.5781018070536721,62,63,35,4
5.7075722244437914,70,71,39,4
1.4116715996962357,72,73,38,0
2.6746003155149709,70,71,39,2
5.1492993879526088,70,70,34,7
2.2230770422384434,74,75,40,3
4.8811085412440507,74,74,39,0
4.8628530557545089,72,73,31,7
3.5345607105072077,72,73,38,6
2.2522337206491541,64,65,36,4
5.2723068152559120,72,73,40,4
2.6762794218587471,74,74,35,4
3.8883331923732505,72,73,39,5
5.1100904026798553,70,70,35,2
3.1363313061726386,72,73,41,3
0.4319043899774761,72,72,43,1
1.9352489529628700,72,73,32,2
2.9743329970012615,74,75,29,0
0.8889936245566227,70,71,36,3
0.9775592417938295,72,73,36,2
2.7905559546053222,74,75,30,3
5.5340353396197148,74,75,49,2
1.0939152222978019,72,73,43,7
0.3199392867202058,70,71,36,3
2.3110468641879640,72,73,33,5
1.9276959018356861,74,75,41,4
3.2811930929264750,72,73,42,6
1.9692497902871406,72,73,42,0
0.3413128174351815,70,71,34,3
4.1697734851122323,72,73,40,0
4.7307329129928624,70,70,39,4
0.1303061914736872,68,69,35,7
6.0023818391096864,70,71,34,5
2.5189606573593939,72,73,37,3
4.5102747456531427,72,73,39,3
0.8581420785184362,70,71,38,7
4.2110570906181843,72,73,35,7
1.2843819284559868,74,75,33,2
2.0821873013900949,72,73,33,7
5.9678822927552240,72,73,34,6
5.9909180448325490,72,72,34,2
4.0901241809220714,68,68,27,5
2.8203017893049203,74,75,41,4
3.9533159761490295,72,73,34,0
0.0074078088642731,72,73,43,5
3.0802802768794586,72,72,35,3
4.1940067445708564,68,69,28,4
5.6359102926056410,72,73,40,4
4.4147917181715473,72,73,32,0
1.8118499270027235,70,70,39,0
1.4038623100884620,74,75,42,1
1.7326507767528132,68,68,35,3
0.9744860003069143,72,73,37,3
4.3221306975864886,74,75,34,3
1.2825000833689910,74,75,37,2
1.7036462234644028,72,73,44,0
1.9470636085823241,74,74,40,1
3.9357117282795380,72,73,38,4
2.5092069135214854,76,77,38,4
6.0669023542870635,70,70,36,3
5.0238369635081002,72,73,43,1
3.2817729965435163,74,74,44,1
5.3139752811456971,66,67,31,4
0.5437938944998126,64,65,36,2
1.5573618884024583,74,75,44,5
4.2656197544023398,70,71,33,6
1.2486947546690637,74,75,36,1
5.2826922010709776,72,73,43,1
4.4735014587596691,70,70,38,1
0.8497599806371562,68,69,37,1
4.7146549560318372,74,74,50,7
0.2261538761605306,74,75,41,6
6.1545405421721844,72,72,38,2
6.2143054627470837,72,72,35,7
0.1628350008233669,70,71,31,2
3.0455427234057537,72,73,33,3
0.6756543246087036,72,73,31,7
4.3145683088324320,70,71,32,3
3.4445647231834546,70,70,40,5
1.1584877414452297,70,70,36,5
1.6762781310386397,72,73,40,0
5.1891154447391656,74,75,36,1
1.7406955115454426,72,72,38,6
0.3691841412862349,72,72,45,5
2.0177851605915316,70,70,37,6
0.5942129654067263,74,74,34,3
5.6789002210878845,64,65,35,3
1.4108720522591649,74,75,42,7
2.4699435530823006,70,71,37,6
3.5578890951136826,70,71,47,6
5.7577398934551782,72,73,42,4
0.6941131845022651,72,73,39,7
3.2808500272606924,72,72,46,2
0.2483525206598206,72,73,37,1
1.1027049897908405,72,73,43,3
2.9184760433013635,72,73,39,7
4.4283278297242790,70,70,35,0
1.9929733528680578,70,71,35,6
4.5939686843573186,72,73,37,1
1.6808491935475014,70,70,29,6
4.8385533746539640,68,69,40,4
4.2254886253389943,72,73,36,6
1.3078858861749039,68,68,43,1
3.9993698781649547,72,73,41,5
4.1347878904851036,72,72,37,3
4.3133425092636317,68,68,37,3
0.8201793907766239,74,74,37,4
5.6750686532121239,68,68,41,1
2.9583687999821691,72,73,35,7
5.1323459662538156,68,69,36,4
0.9122161503390731,68,69,35,7
5.5693692690321255,68,68,40,6
3.5493876543107246,68,68,44,0
0.6765310195074112,72,73,40,6
6.0676692721399945,68,69,31,1
3.6175891454370221,72,73,50,0
1.7393954093167168,72,72,38,2
0.6899873143888627,72,72,35,5
5.4538962467025636,72,73,36,4
1.6478237099086939,70,71,34,7
0.1985339805296006,72,73,31,5
0.8375686523327296,74,74,38,1
0.4794530476017628,62,63,32,3
0.5930171624284741,78,79,35,4
5.2234868835087047,70,71,35,0
1.5288756938122710,74,75,44,7
3.0528267473438189,74,75,34,1
2.7243753390493302,72,72,44,0
3.1150679915743424,70,70,38,7
2.1286024885628421,72,73,39,5
4.6548063285366235,70,70,41,0
5.8763936285587803,72,72,35,7
3.1103524350372953,72,72,27,3
0.1357241391546530,72,73,46,0
1.9588845769094827,72,73,29,5
4.5544880592100236,74,75,43,2
4.4781486337045546,72,73,40,2
3.1790501146837395,70,71,40,1
0.5873576613263445,74,74,46,5
2.5601702868420468,72,72,41,3
6.0168206619840783,72,73,33,1
2.0072550622410996,72,73,38,2
2.3281111524044475,74,75,38,7
3.5258461008950874,74,75,44,3
4.1941348668641272,72,73,37,7
0.3217783927255814,72,72,31,3
1.1770079365300454,72,73,44,6
3.1781844491072664,74,75,38,3
1.8685017680689906,72,73,46,2
5.5103467484885691,72,73,45,5
3.3548076344749305,70,71,34,7
5.1949348065553691,72,73,32,4
5.2493691683697206,70,71,38,1
1.8625671108994244,72,73,39,5
1.8551643684075108,74,74,39,2
1.8532759781407915,74,75,39,2
0.1659870950777035,64,65,31,3
3.5140196745027210,72,73,31,5
5.9210311868412404,72,73,36,4
3.7741642563679356,72,73,34,0
0.5520976210245163,72,72,41,7
0.7411771916142098,72,72,37,3
5.9069534216220303,74,75,44,3
4.8225038014336743,74,74,41,0
2.3736459216421664,72,72,34,4
3.9493300921255878,72,73,41,7
2.5961193243698237,70,70,37,0
0.5830727448950558,72,73,37,7
3.1965283232738884,72,73,41,5
1.1631079392873538,72,73,33,3
3.7412410516859080,74,75,42,7
6.1337260273901775,64,65,29,5
1.7499177660097747,72,73,40,0
2.3890335719736102,74,75,48,5
4.5985914357244511,74,74,41,4
2.8862220492686901,70,71,33,0
3.9870211007635534,72,73,33,3
4.0201658019783668,70,70,32,1
3.5889002547988604,72,72,34,2
1.3777314728662082,72,72,39,1
5.6980728107158782,72,73,40,2
1.2135541245426997,66,66,31,4
0.4216962723361244,74,74,37,2
4.6637336743078679,70,71,42,5
5.6795713282127060,72,73,32,0
4.6381721389686952,72,73,40,0
6.0769032422853977,74,74,38,5
3.3852675982634306,68,69,39,7
2.8260217826795322,72,73,45,3
2.9384350018015355,70,71,28,5
5.6513020067100825,72,73,37,5
6.0435465005052880,70,70,39,2
5.4991154605303922,72,72,39,3
2.4669845203666001,72,72,39,5
1.9115755789286923,74,75,41,4
2.2483243611258903,74,74,41,2
5.1278168495359706,68,69,36,4
1.9037864846689982,70,70,44,5
6.2594461204549594,72,72,38,0
6.1294308647231182,78,79,34,5
4.8799958660878469,72,72,39,5
5.6570178123687063,72,73,39,5
2.9805621987677404,72,73,36,0
4.8764238724415394,70,70,37,0
2.5541052428260866,72,72,41,7
1.6190885021257231,68,68,32,0
1.0829926402774233,70,71,38,1
6.2239085822225668,68,69,38,2
3.2384388616564697,72,73,45,1
2.0741696060211767,72,72,33,7
0.2737672549935467,74,74,38,1
3.2442417260854826,74,75,39,0
1.7542651889699490,74,75,39,6
1.7809251724792530,72,73,37,5
2.4651224033694108,68,69,27,5
5.1798773041255464,68,69,35,5
0.6077100820246963,70,71,42,7
3.6257749989752557,72,73,40,0
0.2641944283364003,72,73,38,6
4.4051078540235808,70,70,37,6
5.0223064075478279,72,72,37,1
1.7115794187245266,74,75,45,0
2.6994022626568568,72,72,39,3
1.1630392892940462,74,75,34,7
4.9479204237069139,70,71,37,6
1.1141879793940552,72,73,43,1
0.1413265933622763,70,71,36,7
2.1652324015473043,74,74,39,6
5.8750644371951450,74,74,42,5
0.0930723877728767,68,69,29,1
1.6168924661320085,70,70,37,4
3.7644149629283810,72,73,43,1
0.1457468731050302,72,73,29,3
1.0177631845457056,74,75,32,1
0.3306393044078743,72,73,42,0
1.7546038362632059,70,70,39,4
0.2566499898545657,76,77,41,5
1.7928297044407671,68,69,37,7
1.1150686367828226,72,72,38,0
6.1235560680804735,74,75,43,4
6.1817729899570608,68,68,45,5
5.9108790154877173,68,69,39,1
2.8484264294609458,70,71,40,3
4.5270787758576807,70,71,35,0
0.3722054438351174,70,70,34,1
0.7947435663037135,72,72,30,4
3.1880414597379851,70,70,40,1
3.7188872044120687,74,75,40,5
1.5722676676339988,72,73,41,5
2.6627065533625829,72,73,38,6
5.1512315767651824,66,66,29,2
5.8816486468670002,72,72,40,0
0.0113515141927853,68,68,33,1
1.4558979384258053,72,73,39,1
2.3864745981628959,72,73,34,2
3.7987006604442870,70,71,43,0
3.3743056950224757,70,70,35,4
2.5320435365900571,72,72,31,5
5.5968535874883374,72,73,40,0
1.8071631890906696,72,72,38,2
1.1480155307240005,72,72,34,4
5.6520852728911786,74,75,28,5
4.9578058443845299,70,70,31,4
1.3561152732360486,70,71,36,1
0.5733738286768396,72,73,38,6
1.8890249752809802,72,73,33,5
3.7463887564623692,72,73,35,7
5.7032356546957832,74,74,34,7
2.2853179344955459,70,70,36,7
3.6943953568268633,72,72,39,5
3.5494935870524489,68,68,36,0
3.0408004590897217,72,73,34,4
6.2660218962890175,72,72,37,1
5.2065463277795505,74,74,45,0
1.5852442078643565,72,72,39,5
5.3082123188516350,72,73,36,4
0.3586348921929546,72,73,43,7
5.3941554697501477,74,75,44,7
0.1887274991112422,70,71,41,2
3.9863997800768001,68,68,29,1
0.7236853510787558,72,73,44,2
2.5234821432974441,72,72,35,1
5.3539542618703564,72,73,41,1
1.8430532171538865,74,75,38,1
5.5689917480176447,70,71,38,5
3.1858705039052508,70,71,35,4
0.4087833300738779,74,75,33,6
5.4584611441780613,72,73,33,1
1.6475621591798577,70,70,30,3
5.7449496125924027,74,75,40,5
4.4030784742787885,72,73,44,0
1.2680342243291083,74,75,38,7
5.1318209849390515,74,74,34,5
0.3512299626001528,70,71,46,3
4.9207948509076509,74,75,34,5
4.6850408058320170,72,73,38,2
2.8004175294682514,74,75,38,5
4.4273791281680257,72,73,36,6
6.1548852550356923,74,75,30,3
5.5987955508673908,68,68,38,6
2.0185950902085157,72,73,40,2
5.6293443781322878,72,73,40,2
3.7697761089244426,70,71,30,5
0.3796730224181735,72,73,37,5
0.3316364725702052,70,71,27,6
1.1174723491893117,74,75,42,5
3.3294323908772485,72,73,36,2
5.7962619849164474,70,70,38,5
5.9980164479162239,72,72,42,4
0.3663522929376827,74,74,35,2
1.0528060724494082,68,69,31,5
3.8536583341891379,72,73,36,4
2.9627665226832205,72,72,35,5
5.7209431927190177,70,71,35,4
0.0064459666307813,76,77,41,3
4.6072576282090107,72,72,44,4
1.5863709714056635,70,71,40,5
5.7138189628999942,72,72,47,1
4.8247205437029557,76,77,38,4
5.2659678934641567,72,72,36,4
4.1317054796039656,70,71,42,1
1.9171431135282631,72,73,37,1
1.7612722132254786,72,73,44,0
1.2660877820488132,72,73,39,5
1.6528069772378993,66,67,37,6
2.2669845025021234,72,73,40,6
1.9721321714549576,72,73,36,4
3.3494918893523775,72,73,36,0
4.7005019116404627,72,73,37,1
1.5198398380835203,72,73,40,0
5.6040209072273051,74,75,42,3
4.0467993705421605,72,73,40,2
2.5646329083641586,72,72,31,7
5.5327108322984468,72,72,33,7
2.5209756057903649,72,73,36,4
0.2872186838848186,70,70,51,6
2.5620959591038077,72,73,31,1
5.5083267466775911,76,77,38,4
4.7496481307193896,72,72,44,4
1.0389590524995707,70,71,33,2
3.9120372463148461,72,72,35,1
3.1606959199573872,70,71,40,1
0.3715769873423212,74,74,35,6
0.5273148678201505,72,73,36,4
3.9785609811190348,70,71,30,3
5.2785747292502938,70,71,34,5
5.4230476623896866,72,73,35,5
1.1864805443720454,70,71,32,5
0.9694812229587084,70,71,32,1
1.7978239190690164,70,71,32,5
2.3565200371630137,72,73,44,0
2.2453182820554196,70,70,40,3
1.7760606364433507,74,75,35,0
0.5511913530008541,72,73,38,0
5.4844630113989563,72,73,41,3
2.1880925557245323,72,72,36,4
4.0474106463137174,70,71,38,5
3.5281869995053876,72,72,36,6
5.5447213521165351,72,73,38,6
5.8136227616227929,70,71,35,2
3.8561680619624488,72,72,45,5
3.2298108113018564,72,73,37,3
0.2218505104765726,72,73,39,1
3.2934621097496768,72,73,36,6
3.6668194081094856,72,73,41,3
4.8426211361591260,74,75,37,6
1.1519825482975694,72,73,40,6
5.2261906024347677,74,75,35,2
0.2239290033047689,72,73,41,7
3.4875999284576324,72,73,35,7
3.3699273945932511,72,72,40,0
5.5771739720243980,72,73,35,3
2.9626609573304195,72,73,36,0
3.3375311098775615,74,75,39,6
4.3989483623915060,74,74,38,3
3.7449019673606929,70,71,38,7
1.0522611880691533,74,74,43,0
3.5997104426693869,66,67,34,1
0.3016698057119777,72,73,38,0
2.1973411634342699,74,75,41,0
1.2613827909099613,72,73,35,3
1.4193922041954252,74,75,42,7
4.9736487524075859,70,70,36,5
2.0214231264284921,70,70,34,7
1.2816974080650025,72,73,41,5
1.3298935010310737,68,69,40,2
3.9217460597982146,72,73,30,4
1.2019687934833907,72,73,48,2
6.2750912480489855,68,69,41,5
1.5373862275322749,72,73,42,4
5.2249376383156108,70,70,39,6
1.9095758020932128,68,69,34,4
3.4592705485850930,80,80,47,1
4.5470766123254913,70,71,32,1
5.2886380085403859,68,68,39,3
0.3337022389116209,74,75,41,4
2.9538845829899221,74,75,40,3
4.3860876412875465,72,73,41,3
4.0198373437511208,70,70,35,4
1.5797994745037400,68,68,40,0
2.2732866633346442,74,75,36,3
6.1793948743988159,72,72,39,5
2.9732105145424343,72,72,36,0
3.0043727339410733,70,70,39,6
0.9340363759881803,70,71,43,6
1.4881107560643072,70,70,42,5
4.1901179709677399,70,71,38,3
3.4808101409432233,74,75,44,1
4.4155138060825871,70,71,30,1
0.4732644291819988,72,73,39,7
1.6391418775891073,72,72,37,1
0.7537984260573330,68,69,33,7
2.5833046493463234,70,70,41,2
4.2503453702594989,70,71,38,3
4.5112048842310228,72,73,41,1
5.6681363564973797,76,77,40,0
0.9709688139403969,68,68,34,2
5.7682919648953828,72,72,39,3
2.6586833257906868,70,71,30,7
5.6970033167457297,70,71,37,4
4.9530305151941869,72,72,41,7
4.6369892424500803,72,73,40,6
0.7160400021117884,72,72,34,2
5.9413005719922438,74,75,50,7
3.5617404405003774,72,73,43,1
6.0453420277754644,72,72,40,2
1.7770536456663966,70,71,41,6
6.2424855811385456,72,72,35,7
6.1880260685592985,70,70,40,5
5.3185752172176475,64,65,32,0
5.6189334041429930,74,74,41,4
5.8904389261052161,72,73,37,1
3.0478873045619599,70,71,34,5
5.7850374338605164,70,71,33,2
4.5535780344355450,70,70,33,0
6.0539618361114789,72,73,41,1
5.9451301229334641,72,72,35,3
1.9947081071003068,74,74,46,5
3.0918618405402425,70,71,35,0
5.4622912061246129,72,72,43,7
3.1315724366395248,72,73,37,1
5.4642590348720930,70,70,36,1
4.3745646533424658,68,69,42,4
4.9070751587284764,72,73,37,5
2.8681755858346860,74,75,41,4
0.2003315867869228,72,72,38,2
2.4014351404754954,70,71,43,6
0.9257858740474237,72,73,34,6
2.1571741544145282,72,72,37,1
3.9585402295184444,72,73,47,1
0.2094444350364234,70,71,44,3
4.7868062918862213,70,70,34,3
5.3679677409324071,70,71,35,4
5.4272551522865751,72,73,40,6
2.4343115671689755,72,72,34,4
2.1787115044769605,70,71,43,2
3.9435065130983609,70,70,38,3
2.7540988430987490,70,70,39,0
3.1266608518342816,74,74,45,4
3.4960966853221667,70,71,41,6
3.2601498314627300,72,73,42,6
5.3929726003761607,70,71,39,2
3.1274707911184603,72,72,44,6
0.5533546569412037,72,72,40,2
5.9186886894375847,72,72,39,1
1.8892625679815851,72,72,44,4
2.4349145916749668,72,73,33,1
0.0753992603120761,72,73,29,5
2.4576350619202083,70,70,38,3
5.0480753113115489,72,72,33,7
1.3278146280562100,76,77,45,7
3.3045498643279791,72,73,44,0
0.7596370072392548,72,73,27,5
1.8047387392716525,72,73,46,6
0.2764750009877636,70,71,43,0
0.8820264712290014,74,75,41,4
6.0112256455495521,72,73,31,5
3.6640921553418035,74,75,40,5
4.8288901191165445,70,70,38,1
0.3566714394898828,74,75,36,1
0.2192387136890937,72,73,39,7
6.1793482385560967,72,73,36,2
2.1404552632052201,72,73,35,7
5.5773461000247373,70,70,30,5
5.0586148924891958,74,75,37,6
6.2551675509320903,72,73,46,6
0.0049942524623963,70,70,45,0
4.4536875254695492,76,77,35,3
0.4941950942862192,72,72,39,1
4.9950271146454774,68,68,37,3
6.2427551041403815,72,73,33,7
4.1803307440153130,72,73,30,4
3.4697133040259964,72,73,42,2
1.0854883536395175,68,69,37,5
0.8197807886012121,72,72,39,7
2.3960578793250371,72,73,34,6
5.3911922530837328,72,72,35,7
1.9153043980779829,68,69,32,4
0.1333829112142014,72,72,36,4
5.8201869364954781,72,73,38,4
1.3983920062461208,66,67,38,5
4.8984774846675769,74,74,41,2
6.0037380113907668,72,73,46,2
3.1090103303536067,70,71,31,2
3.6771439965239114,70,70,40,7
6.2603886032404690,72,73,31,3
5.3956753404468243,72,73,31,7
4.2180010676267363,72,72,34,6
2.0518655953513143,70,70,35,2
3.3588557430189172,72,73,44,4
4.8001775413716716,72,73,41,5
5.4320634241361940,74,75,38,1
2.5116484163798090,74,75,42,3
6.1373704272091407,76,77,38,0
0.4570730190784624,72,72,42,4
3.8187965056484408,62,62,33,0
5.8952330273427398,70,71,39,4
5.0066856777997089,64,64,30,4
2.0284646287218453,72,73,35,5
0.1263928101418256,70,71,37,6
6.2612760207233684,70,71,31,2
5.5564464583766897,74,74,35,2
5.4735505097311883,70,71,33,6
4.9074704165742160,70,70,34,7
3.4999411211976601,68,68,42,0
5.0742365428045479,66,66,34,1
0.9826968237363045,74,74,45,4
4.9068324452057217,70,71,43,2
0.2720556480319847,72,72,34,6
3.9248055607108512,68,69,39,7
2.6668191988159680,74,74,39,6
4.4683036302121009,68,69,35,3
3.2270362796386847,74,75,36,1
2.8087702932807064,72,72,33,7
3.4291927332630761,72,72,35,3
1.6640438411928749,72,73,37,7
5.9769266059858879,72,72,36,6
1.1633933099276665,72,73,40,0
3.6883384338267167,68,69,41,3
1.5853750329783165,70,70,33,6
4.7088231380212831,72,72,35,1
5.7417496164264410,72,73,24,2
3.5172396217511066,72,73,34,2
4.5473150738485293,72,73,37,7
4.0231640306339393,72,73,39,5
3.2616770775998609,74,74,37,2
4.7350829619231689,72,73,39,1
4.2930170082375252,74,74,44,7
4.5390948165374025,74,74,42,7
0.9029277786741875,70,71,39,0
4.7618989112158721,74,75,35,4
2.9116732195771666,68,69,28,2
3.9710373217269592,72,73,44,6
1.7924248523346042,74,75,40,7
2.1896340537127670,70,71,33,2
1.9856690791065468,70,70,40,3
0.7355038893815595,74,74,33,0
4.7942502647120007,74,75,41,4
2.7536504873328966,70,71,42,7
2.0879030868040025,70,70,27,6
2.4264841991456789,76,77,37,7
5.9510191492246793,72,73,31,1
3.8995717126300797,74,75,44,3
5.0128593938875117,72,72,37,1
1.9742309521002361,72,73,44,4
0.1581249368966302,70,71,42,3
5.1427615791014381,70,71,35,2
5.2404132671176731,68,69,36,2
0.3480900347230180,76,76,35,7
3.7638483715553095,68,69,30,0
2.4079124319555656,74,74,39,0
0.2521403034843347,70,70,32,5
3.0741867334328656,72,73,40,4
2.5046050132046411,72,72,34,4
5.4799934122574498,72,73,48,0
5.3119326257810897,70,70,35,4
0.8641020944814150,70,70,33,4
0.8015400640764703,70,70,36,1
1.9636808601258515,78,78,41,2
5.3397180308557219,70,71,39,6
3.6813164473444342,68,69,34,4
4.6314976700538466,72,73,44,6
4.2192617992805008,72,73,38,4
3.1862139312216873,70,71,36,1
5.8369909791854049,70,71,31,6
1.3543351899956659,70,70,36,7
3.4493581630485273,70,71,30,1
4.0976112280855608,68,68,34,4
5.4240454707264281,74,75,46,5
5.2471045867831956,70,71,39,0
0.8838638002179834,74,74,38,3
4.1968637036221930,72,73,28,2
5.0397796623040358,72,72,34,0
6.2716540944200849,72,73,38,6
0.6673597731674367,68,69,35,5
4.0044423084830525,70,70,41,0
4.5528378154948186,74,75,47,4
0.9650646620568616,72,73,40,0
0.5077737579275328,74,74,37,0
3.4789434866228008,70,70,36,5
4.5616536535966246,70,71,39,0
3.9222403513326505,72,72,33,7
0.6415672017937830,76,76,43,1
3.2490203697649638,72,73,34,2
1.4456311130500061,70,71,35,4
6.0829839058124247,72,73,38,4
4.1604723024876593,74,75,41,6
2.1893443654017486,68,69,32,0
0.5145930931847706,72,73,40,0
5.4430450470793579,70,70,37,4
2.8627382901203604,72,72,48,4
4.5988232857609983,70,71,36,5
5.6674728859653554,72,72,38,6
4.9237979941951870,72,72,38,2
5.4019740190411216,70,71,36,3
0.4026297869310699,72,73,39,7
6.2760369889257319,70,70,35,2
0.7868688300077779,70,71,35,0
3.0409057823778216,72,73,43,5
6.0034572181953303,70,71,30,1
6.0694171971394049,72,73,34,6
5.4160296366335015,72,73,39,5
6.1166768267201928,74,75,44,5
4.3759108992436886,72,73,31,1
4.1158947613673904,72,73,35,1
4.2674581825347477,70,71,35,2
2.3023525573337098,72,73,37,7
4.7329610638770712,70,70,42,3
3.6319358364725538,72,72,42,6
4.9391687483919995,78,79,44,7
0.1922206899980416,74,75,43,4
6.0777205867571578,72,73,35,7
3.7796602926400849,68,69,37,5
3.3100833315787495,74,75,30,7
4.2940812821158518,72,72,38,0
6.2010348251739087,74,75,39,2
4.2899067147422061,70,70,35,4
4.3586588904167023,72,72,35,1
2.0387051646504886,72,73,35,7
6.0549778845597970,74,74,34,5
2.3747007130109345,72,73,34,2
4.4053149230793407,72,73,32,2
1.3489673422715462,70,70,39,6
5.0393027689741832,74,74,45,6
4.3114714037033952,72,73,35,5
2.0669089670661869,72,73,33,3
0.4447126908481420,72,73,39,5
0.1839673900403136,72,72,28,6
3.7618522879635377,72,73,43,5
5.5984169582685368,70,70,32,3
3.0188266560506016,74,75,40,1
1.2190738130722933,74,75,35,0
3.2624660140271478,68,68,41,7
1.8421631345224996,70,71,32,3
2.5310740337984989,72,73,50,6
1.5450880286105186,72,73,36,0
1.4452027350936167,72,73,39,7
5.3648254199118872,72,72,28,0
0.4833947307418617,74,75,43,6
3.2996865311703059,68,68,30,4
1.3896297077455853,72,72,32,4
3.5716384994237149,70,71,33,6
1.0430128530395839,72,73,45,5
3.2103117265003278,70,71,38,7
2.4920275712300834,70,71,34,7
6.1177371888167116,74,74,38,1
3.1471727921697519,72,72,35,7
5.1193550919355877,68,69,39,5
1.2234540702900576,72,73,37,1
4.3375018950433955,72,73,35,1
3.6100849411576599,68,68,31,3
0.8070031605622204,72,72,31,3
5.5949594056189147,72,73,46,2
5.1830494227341939,70,71,39,6
5.3659583191423428,70,71,30,7
6.2086178981923883,72,72,36,0
5.5000813295544662,72,73,35,1
5.2573112692929893,72,73,33,3
0.2594850541991027,72,73,37,5
1.4141608146259965,70,71,34,1
0.0428141890696844,74,75,39,0
1.8467998009020621,74,75,42,5
2.3351089644259773,72,73,30,4
2.7376003527188977,70,71,41,6
5.7758819485715849,74,75,34,5
4.0925049238136699,72,73,32,4
1.8333036410964256,72,73,33,7
0.3798529181151047,72,73,38,4
3.3349834919614678,70,70,35,4
6.2081529614201827,74,74,39,6
0.5201419393826048,72,73,43,1
1.9339688674299533,74,74,29,2
0.7053842097775613,74,74,40,1
1.0859104694161761,74,74,40,3
5.4002618481150328,72,72,38,2
5.2234069415526294,68,69,40,0
0.2000115593604810,70,70,39,4
3.5175169349448860,70,71,39,6
0.5217864293930153,70,71,34,1
5.5356334699081362,70,71,34,7
5.1727319258802682,70,70,42,5
5.8901461154339998,72,72,38,4
0.3798950096182159,72,72,42,0
2.4448634115893482,68,68,38,2
2.2135261349866475,70,71,47,4
1.0734048304150172,70,70,32,7
2.7302047636675004,72,72,36,2
1.4039202345177877,72,72,36,2
6.0484235598282368,72,72,30,4
5.0571114283303835,68,69,33,3
3.0528162941530685,72,72,36,0
0.8848031112523346,70,70,39,4
1.7194359653314981,68,68,33,5
2.8995931222395632,74,74,37,6
1.2912349332985842,74,75,42,1
2.6446955358471587,74,75,44,5
4.1509717068326628,68,68,37,3
4.0295527131384921,68,69,37,3
0.5205369590301696,72,73,37,3
3.5628306370184091,72,72,40,4
1.5758402246899266,72,73,42,2
0.8244369200962770,66,67,44,1
4.9591579017987195,70,71,37,0
0.1743958447499906,70,71,40,5
5.3386887383283570,72,73,40,4
4.0209774242738776,72,73,44,4
1.2581190964036508,70,71,37,6
3.7382953639614960,72,73,45,7
4.3533407542010423,72,72,39,7
1.7390847761516095,68,69,28,4
3.1045622038304237,72,72,35,5
3.4404818338925911,72,73,41,1
3.8726096286720924,72,72,40,6
4.8498432261221831,70,71,42,1
2.6463175323901980,72,73,26,0
3.5564358852641940,72,72,36,6
4.4184530302915110,74,75,44,3
0.0963113714319181,72,73,33,5
2.3628978254854758,70,71,41,0
5.1359925470152152,72,72,43,7
0.5108077290782861,72,73,42,2
5.9199620741923091,74,74,34,3
5.5876740478840894,72,72,40,6
4.2262387536927566,72,73,35,3
2.0669464352937048,72,72,43,3
2.0953631703078921,68,68,32,6
2.9328591771039325,76,77,38,2
3.9778517609030533,72,73,41,7
1.0879466522772072,72,73,36,4
4.2336314672287019,72,73,35,3
1.1143558682389156,74,74,47,0
4.3047043673695295,74,75,34,5
0.8682499088925802,70,70,39,0
6.0272150063720797,72,73,44,4
2.9098658804177546,74,75,42,7
1.3523991292326638,72,73,36,2
4.8714654704774558,70,71,29,2
4.7071335671226580,72,73,42,4
0.5640284839654099,68,69,38,0
1.1222733894958992,70,71,35,6
4.5010094318310969,72,73,34,4
2.4705137753376141,72,73,37,7
0.7275097339136457,66,67,38,5
3.7118718242138127,72,73,47,5
4.1874455811485758,72,72,41,1
3.0909074521339415,68,69,35,7
1.4114448140091818,72,72,37,7
0.1816275488373943,72,72,34,0
4.6507260535841333,72,73,36,0
4.8591626188242838,70,71,36,5
2.2000631182385026,72,73,38,2
4.4809792260495049,70,70,40,1
5.5704714364423502,72,72,39,5
3.0775835346621396,72,72,41,5
1.4158886663709818,68,69,35,3
1.0172173701298477,72,72,41,3
1.7990154116717099,68,69,32,6
0.3965136645737783,72,72,36,6
3.1932268814394202,72,72,45,3
6.2467179801040054,70,71,28,3
3.3722413439385854,70,71,33,0
2.3533036513354908,72,72,39,1
1.0531263689281090,72,73,38,4
2.6863705120981769,68,68,33,3
0.3326529342460489,70,70,34,7
2.6944817995731554,68,68,41,7
4.9681578306034018,74,74,32,5
0.4769316012197038,74,74,43,2
2.7065020485301350,72,72,32,6
3.6378544513674167,72,72,36,0
3.6182864959447083,72,72,37,5
5.9710461764543599,70,70,36,3
0.6516525766980019,70,71,33,6
4.8587436905276489,72,73,37,1
3.7292592133894629,74,75,44,3
2.2761150486546629,72,73,36,2
4.4671591420079659,72,73,37,5
3.3573263276246395,74,75,41,2
6.0478654373261671,74,74,31,0
5.5201779503308543,74,75,41,6
1.5592167860607000,74,75,44,3
3.2286286614256512,72,73,43,5
0.4312175584583295,72,73,40,2
3.6397137135754094,74,75,47,4
1.9453903473400631,74,75,37,6
1.0989306675496195,74,74,41,4
5.5040446430421497,72,72,38,4
2.4533004203345175,74,75,41,4
5.7604866987871368,72,73,41,1
2.3582746559010612,70,71,32,5
2.9120064275437265,70,70,27,0
0.3580577581073442,72,73,47,5
2.5527953976088105,72,72,38,0
4.2889891845360557,74,74,34,5
3.5577044687087560,70,71,34,7
4.0380325190565394,70,70,40,3
3.9690317264941695,68,69,27,3
2.2690376709403113,72,73,40,0
6.1310172420119056,72,72,37,3
2.4310641742589283,74,74,42,5
2.2858398646576963,70,71,44,7
0.8923844738287036,72,73,37,1
4.0799369689285427,72,73,40,0
0.3073384598746415,70,71,38,1
0.1217383104983646,68,69,43,3
1.4947758836303304,72,73,37,7
3.5217430588679375,70,71,34,5
1.3171728785285035,72,72,36,4
6.2828170442536750,74,75,41,0
3.0673129672000319,70,71,37,0
0.1795731866684349,72,73,34,4
6.0018917235995692,74,75,45,0
1.1292186915720259,72,73,35,1
2.4309831676642619,74,74,38,7
4.1003556345115877,70,71,37,0
0.9662312917311757,70,70,39,2
2.8002776407578596,70,70,36,1
5.9831516619757883,74,74,41,0
4.9875577830757791,72,72,34,2
0.0748664475974124,72,73,40,6
1.0163227640805876,68,69,41,1
3.4130205813855845,74,75,46,5
4.5420032249895810,72,73,31,3
5.0784690933407770,74,75,42,1
4.6060908071400997,70,71,40,3
5.4361327021300134,72,73,37,7
3.6169764727277025,74,75,45,0
5.8816727611233137,72,72,37,3
5.1784772272606467,72,72,41,7
4.7939612674717873,72,73,41,5
0.9914276602913334,74,75,43,0
0.2392389691367861,74,74,41,0
1.8843822969014219,76,76,38,2
0.0290186297534222,70,70,42,1
0.1007545283259815,72,72,39,3
3.0581431072040290,66,67,30,7
5.6920558610726877,72,73,41,1
0.9726168067595622,70,71,43,0
3.3833387437487938,70,70,31,2
2.1033968454082790,74,74,39,0
0.2055836473783826,72,72,38,4
1.1907905583161715,72,73,49,7
0.3770296194513886,68,68,39,5
4.5526842547928048,72,73,44,2
3.8964870722654585,74,74,36,1
0.9291144483504478,70,70,33,2
2.3756600045542560,72,72,41,5
2.6496431449280533,72,73,35,5
2.8553610343402105,74,75,37,2
1.3210075509153496,70,70,38,1
0.1334705367279679,68,68,32,4
5.8976802390262044,74,75,34,7
0.7063373987930679,72,73,35,1
3.3561255605786595,70,71,41,0
2.1685339597195656,72,72,39,3
2.1464813442711614,72,72,37,7
5.1367385961222549,72,72,43,7
4.1679502164451430,72,73,35,7
1.2491198755797164,70,71,41,4
3.4930861226624397,68,69,37,1
2.7254130926491906,72,72,34,0
4.5613375804891456,74,75,37,4
3.1748874199978374,72,73,38,6
2.6541832263996614,72,72,43,7
0.1764521113101456,72,72,38,6
4.9422020993475444,72,73,39,5
3.0325738232424726,74,75,41,2
3.4962628944235647,68,69,33,5
2.5001209845027930,70,70,36,7
0.7403343118611007,74,74,39,0
0.0647141365472295,72,72,36,6
6.1581499031246487,72,72,36,2
2.4799131810408306,74,75,39,6
5.4604272666166924,74,75,36,3
5.2125599690320179,74,74,44,3
4.7729600137221411,72,73,41,1
5.0741618103450570,72,73,39,5
2.2457721738441023,72,73,36,0
1.5578900594510505,68,69,42,6
0.6333021286261711,74,75,40,7
4.9028254945925607,76,77,42,4
2.4317076362558034,70,70,37,6
2.2114792090064457,72,73,37,1
0.4093984314263234,68,68,34,4
4.4159259151416892,72,73,40,0
4.2554990950326834,74,74,39,0
2.8509672376724966,70,70,32,5
0.7855531169481907,72,72,39,5
4.2982083633970332,70,71,42,5
3.4524598384319614,72,72,35,1
3.3646622757067846,72,73,35,3
5.4814636886205950,72,73,44,4
3.0692373500748804,72,73,39,1
5.6910498201430348,72,73,46,0
2.4328666288006633,72,73,38,4
2.1205249688365067,74,74,41,0
0.8253104575986534,68,69,38,6
1.3500529008208701,70,70,32,3
0.4135567324207730,68,69,36,6
5.8570791013555752,72,73,33,7
1.6582137115357574,74,75,40,1
5.6964213324086330,70,71,37,6
4.1666808220008686,72,72,42,6
2.6709120584077031,68,68,30,0
2.2567045877450145,72,72,39,3
5.1320661208950131,68,68,37,5
2.8426662071200290,70,71,38,7
2.0985932436150581,70,71,42,1
5.6783162990315450,70,70,32,7
1.4467997636357233,70,71,37,6
0.9115205705702994,72,73,42,0
0.6041636248393364,72,73,39,5
3.9960831375286476,74,74,46,7
1.8442452504028926,72,73,37,3
1.4565984652358197,70,71,40,5
5.9212611436325346,70,71,41,2
5.6014916191906536,70,71,35,0
4.3294835475838065,70,71,37,0
1.2032516535207165,72,73,29,1
3.5363294412220783,68,68,31,3
4.3651686050207958,72,73,41,1
2.0304366451170406,72,73,38,4
0.6581881291827597,72,72,42,6
2.0782210222372486,72,73,39,7
3.6856124529493992,70,70,35,0
1.7686053819215359,70,71,34,3
1.3357732310665102,70,70,41,6
5.6024465984409462,72,73,38,6
3.0220276212358206,72,73,42,6
0.7299120672839248,72,73,33,1
3.2800837769876323,68,68,38,6
1.2287084805212876,70,70,31,2
1.9331693059322348,70,70,32,7
4.2778091737814190,70,70,33,4
3.7512132002347456,72,72,40,0
4.0536949063403851,70,70,33,0
5.9387878761595134,74,75,31,0
3.8248208080780133,72,73,34,2
2.0262310522046278,72,73,38,2
4.2533225384081383,72,73,48,6
1.8525031337090585,72,73,33,1
2.8840066587609097,72,73,32,2
2.5413700620905200,72,73,44,0
0.9075213631143106,70,70,35,2
5.0859076116640178,74,74,40,3
0.6953597178194521,70,71,43,4
1.5664196810425706,70,71,35,2
1.6809190930494806,68,68,38,0
5.1640247228691125,72,72,40,0
1.8439474227532748,72,73,36,2
0.7783788717659361,70,71,39,2
5.9310139425092094,74,74,38,5
4.5900851730444714,72,73,36,6
2.4537561793153881,72,73,40,6
5.0666145136376795,70,71,34,1
2.0936534215793210,68,69,29,5
1.6533124868310527,72,73,35,3
4.7981846369507934,72,73,40,6
3.2700794594343199,72,72,47,3
5.4770266467338464,72,73,42,4
6.0669031979854200,72,72,32,0
3.7655957929437700,72,73,42,6
0.0436982592929749,70,71,35,4
0.5149614653475107,70,71,38,3
6.1478314958064963,70,70,34,1
1.0464670746477240,68,69,29,3
5.0240768473259738,74,75,38,1
3.0783083861591520,72,73,39,1
5.2583444030182900,74,74,44,5
2.2292844504321199,70,70,40,3
2.4450600295272422,72,72,42,0
0.2888167288652975,72,72,38,4
1.4008614346988266,72,73,38,2
0.2597711875481028,72,73,33,7
3.0234357775431766,74,75,45,6
0.2651277878426435,72,72,35,3
0.4896769812282565,72,73,37,1
3.5666814808694056,72,73,40,2
6.2544892141310733,72,73,43,3
2.2783400793063677,72,73,40,6
4.9589449356874145,72,73,42,4
2.8410434852993469,72,73,41,7
2.0504781386283972,74,75,39,6
2.5964220528276321,74,75,37,2
1.7046529799938404,72,73,36,0
4.3112053221373090,72,73,39,7
5.3569102508561883,70,70,38,3
3.8123098454442754,70,70,35,2
4.3919430425288892,70,71,35,4
0.6594296386670769,74,75,41,6
4.4798001903965892,70,71,30,1
1.6004363854386243,70,71,35,4
3.5762344239586188,72,73,41,7
1.3706733650014964,70,70,39,2
1.0027210743859465,72,73,33,1
2.4319771534650498,70,71,32,7
5.7119471536304749,72,73,40,4
5.9369073375336070,70,71,32,7
1.2789053688729881,70,71,36,5
2.1862852414235796,74,75,35,2
1.3441379923132384,70,70,45,0
5.6246608060678618,70,71,39,2
0.3744541534302063,72,73,37,3
5.2371635886452923,74,74,37,0
2.5654193002025418,70,71,34,1
0.1379004601163601,74,75,40,5
0.6521232136469018,72,72,37,5
1.9246747824916370,68,69,28,2
1.4910386519099472,70,71,39,6
4.7941737722885067,72,73,42,0
0.3986561287442982,74,75,41,4
5.6258120498209596,72,73,46,4
4.4037357633393599,72,73,41,3
1.6730831134180615,70,71,37,6
0.6642858474445992,74,74,38,1
4.6788913334412126,70,71,29,6
1.7127536968733923,66,67,38,1
4.6147697636815295,70,71,41,4
1.7802300347946654,74,74,42,1
6.2730062104154429,74,75,43,2
5.2960231768577239,74,74,33,0
3.9403325147684369,72,73,38,4
5.8959496492455665,72,72,32,0
4.4481476458336635,72,73,30,4
0.2089227143368811,72,73,45,5
4.0712781854752018,72,73,42,6
0.6077818297621531,70,71,34,1
5.6332030156647068,70,70,31,2
5.4213169825146217,72,73,41,7
1.3009896251932287,72,73,37,5
3.7656552168313508,72,72,39,5
2.5902853124923069,72,73,46,4
6.2178367754932964,70,70,42,3
5.2778607094901648,68,68,31,7
3.7943643501195727,72,73,46,0
2.1503094985297828,72,73,33,3
5.9460414015779612,74,75,38,5
1.4386345916553955,72,73,39,7
2.6516445200205081,72,73,38,2
0.3442580928868989,70,71,43,2
3.2504650002903008,74,75,38,1
2.7638081427475143,72,72,38,4
2.8428601880213615,68,69,36,0
1.9638169901051485,70,70,36,3
3.9822727092018080,68,68,43,1
2.7527894849715997,72,73,42,2
0.0581746457919872,70,71,40,7
6.2325094668394589,70,71,40,3
5.2596759910550483,74,75,34,7
0.5876386053314629,72,72,41,5
5.5968560637347418,74,75,33,6
3.7885810785936505,74,75,53,6
0.7276868905888433,72,72,33,7
5.6541622512120355,72,73,37,7
0.4637795447811324,70,70,39,2
0.4247860045704895,72,73,40,4
5.4781106272059592,70,71,42,7
5.9392636603620330,72,73,37,3
0.3267525417716088,72,73,36,4
2.2886866096945586,72,73,27,7
5.0697410913508909,72,73,34,4
4.1308791612982025,70,70,41,2
6.0293261800360902,62,63,33,4
5.5921181000736011,72,72,32,6
0.7306572174645071,72,72,38,6
1.2319662586944702,72,72,34,0
1.1043097589154172,68,69,36,2
5.7561137504416564,68,69,38,2
4.8088749485028721,74,74,42,7
5.0451195801494615,72,73,34,4
3.8398981550656317,72,72,35,1
3.4953847197650769,70,70,34,5
2.3433224707419256,74,75,42,1
0.3492335935678211,70,71,36,5
2.4010408109566876,68,69,42,6
5.1620841871276655,68,69,24,6
2.8989138994391839,74,75,37,0
1.6932212017064958,72,73,35,3
4.0346677216425686,74,74,37,4
1.8114119351606686,74,75,37,6
4.8891001722497993,74,75,44,7
0.3751606747886893,74,74,45,2
5.8060454585217318,74,75,36,5
2.7796693818799199,72,72,37,5
4.8866061696364280,70,70,36,3
5.1897614243058214,70,70,38,3
4.2641561377576336,72,73,37,7
3.3159157643063573,72,73,41,7
3.4281031960368105,72,73,43,5
5.9391379562385644,74,74,36,5
1.9344996897997573,72,73,42,0
1.8950320416551283,72,72,40,0
1.8752313289126301,70,71,42,7
4.4202590241432711,74,74,38,5
6.1175181213437622,72,73,39,7
4.3191853350870870,72,73,38,0
2.5016288695117184,70,71,39,0
0.9947584375883303,70,70,38,1
2.9028741270587224,70,71,45,4
1.1419071604781339,74,75,40,1
0.2493054172176751,72,72,39,3
0.9639548007646652,66,67,33,2
0.3459595016380081,72,72,38,2
1.3165665886425000,74,75,44,7
5.6860785790142714,70,71,34,1
1.2360095609547039,74,75,41,4
3.7810158617268632,70,71,34,7
2.4048890436857406,72,72,38,4
5.5459982989158449,70,71,39,0
0.1622021153046757,72,72,42,4
3.0565938794586556,74,74,35,4
5.1160370065469412,70,70,27,6
0.4793749871473919,74,75,36,1
2.2183078347200000,70,71,40,7
2.6342490251796242,68,69,36,6
1.7959561234437718,72,73,37,7
5.5695883890256281,70,71,36,1
4.6129299664759156,72,73,42,6
0.2410781677728206,72,73,43,3
5.7459341489413669,70,71,39,4
0.8350842694379379,74,74,36,1
3.1130255910869864,74,74,35,6
2.4067613794755554,74,75,40,3
1.9571750182987875,72,73,34,4
2.1800085847339461,72,73,43,5
0.9339396293510234,72,73,41,5
1.9329622172822118,72,72,35,7
5.1646954195997576,70,71,36,7
0.6232312294122916,72,73,36,0
4.4100997469872310,72,72,33,7
5.7413776361741498,72,73,38,6
1.5677237831285571,72,73,37,3
2.9422335277577747,70,71,41,4
4.7925473596530299,74,75,38,1
3.5163226543748016,74,75,39,6
5.9829613702142979,72,73,36,0
4.6499449371998312,72,73,47,1
2.6924129499528044,70,71,38,5
4.4042245245981668,72,73,31,1
2.6578525941139222,74,75,35,6
4.0754139817549433,70,71,39,2
4.1406017771346830,72,73,39,5
3.6520837737853853,74,75,37,0
0.2322795143332851,68,68,43,7
3.8465348304217271,72,73,44,6
1.2913198254019183,74,75,39,0
3.0436749673888190,72,73,36,6
0.2879578291589018,74,74,38,1
2.4918133080426847,70,71,37,6
5.2956861990180792,70,71,36,5
3.4381208399832102,72,73,36,0
0.2866369172151599,74,75,44,1
1.0573690774913103,72,73,34,6
6.1865216958038616,72,72,35,7
6.2760330506119830,72,73,35,3
0.0268821827601532,70,71,48,1
0.6609857184018766,72,73,37,1
2.2461101205345804,74,74,52,7
3.2022727111311848,72,73,36,0
1.6369092154000313,70,70,37,4
5.2754762216958495,72,72,39,1
2.9643290582786577,70,71,35,6
2.4131789261703243,66,67,33,0
0.1133401379434712,72,73,34,4
0.4544510049011939,72,73,49,5
1.9672735387218754,74,75,39,0
0.0999735712032804,70,70,37,6
5.9947280653209534,72,73,37,1
3.7021943224584839,66,67,31,0
5.9943271908165663,70,71,36,3
1.3372333954131597,72,72,38,0
2.0431222071810842,72,73,31,3
4.5480076756808385,68,68,42,6
3.4812425567644709,72,73,41,7
0.9534774520197724,72,73,39,1
2.7645999589469552,70,71,41,2
4.3877321915289027,74,75,38,5
3.2976208910670217,74,74,39,6
1.5014028933819767,68,68,38,2
4.8045394661848864,70,71,33,6
0.8370469171613331,72,72,39,1
3.5293512255075612,74,74,36,3
2.9852452534182730,72,72,39,5
2.2297490459859324,72,73,41,7
1.5755275393151156,74,74,36,3
5.8215298524218175,74,75,45,4
5.8482609069689886,72,73,34,6
4.9607628553980145,72,73,38,0
3.5879583733344460,70,71,36,3
0.6747584965217266,72,72,43,3
4.8232551649288586,68,69,38,0
1.3548859106497102,72,72,37,7
1.3373043678491940,68,69,31,1
2.1034373260262944,72,72,43,3
0.6046701483780798,72,72,41,7
1.2201563323907354,72,73,43,5
3.8540095545999127,76,77,37,7
0.5875952036332244,70,71,42,7
5.0314656157747848,70,70,31,2
6.0635609023518162,74,75,36,7
1.4397667343225611,70,71,46,1
5.0515924777765662,72,73,42,0
0.3341740310533288,72,72,35,5
0.5142240654880347,68,68,39,5
2.8855600258248479,70,71,36,1
3.0534141113129101,74,75,37,0
2.9352510602047244,74,75,36,1
0.1546504052612564,70,70,41,4
5.7330588784519314,72,72,39,1
1.5376589694239631,72,73,35,3
0.2169410491345838,72,73,41,7
2.7188829302133026,68,68,37,5
5.3934892584670191,72,73,38,0
5.1962320526215056,70,71,37,6
4.2426773864605396,72,73,34,0
1.5817945873405388,72,72,37,7
2.5882116929491756,70,71,40,5
1.3914814081106504,68,69,39,5
0.1818537953422653,72,72,28,6
1.0867206035659369,72,73,38,2
2.2785209060594722,70,71,40,1
3.3646079691315371,72,73,40,0
1.2282025478145171,70,71,33,0
4.1926558200017743,72,73,39,5
0.4433138706341919,68,69,31,1
4.5246113267942700,74,75,37,4
4.6929222198788922,72,72,31,1
4.5846930817364422,70,71,40,3
5.4810030120929891,66,66,33,0
5.7521000285243309,72,72,32,2
4.8301932586210699,72,73,29,7
5.2824240980047614,72,73,37,1
3.6872315155305935,74,74,38,5
5.3482145723553884,70,71,41,4
5.2900701514982442,74,75,46,3
2.2712764240917100,74,75,41,2
3.5880270527533660,74,75,45,4
4.1809075932067250,74,75,31,4
4.7454245695244905,70,71,40,3
0.3549831252191631,72,73,33,5
3.4731554773015483,72,72,44,2
3.9463812978469086,72,73,34,4
0.7896887368133944,68,69,34,4
4.6478662121373553,74,74,37,6
4.1552426015886219,74,74,44,3
0.0289972846318610,70,71,39,2
3.4228907740958103,68,69,44,4
2.2617934530386896,72,73,33,3
0.0508353413445176,68,68,34,4
4.9490720449766989,70,71,37,2
4.5936005015015020,74,75,35,2
0.5788976833510167,72,72,39,3
1.3288698164858892,74,75,35,6
5.0003227149854208,74,75,43,6
2.8095778985629960,70,71,42,5
3.3491284016936880,72,72,34,4
0.9265643153148048,70,71,45,0
4.5876540431392900,68,68,40,2
0.7986266024729722,70,71,40,5
5.8600803560714381,72,73,29,1
3.6971073137314203,68,69,32,6
2.9745427361144166,74,75,40,1
2.5378381082749786,74,74,33,4
4.2418206485704557,74,75,41,4
5.9688115121848817,70,70,35,0
3.0669950510378223,72,73,38,6
4.1491875914231029,70,70,41,2
4.6838929580237423,72,73,40,4
3.6206220588479399,68,69,30,0
0.0175783197511614,72,73,39,5
4.6764914016540970,72,73,40,4
5.9858039210318275,72,72,42,6
2.5795274293618866,72,73,41,7
1.9886194320659227,70,71,34,1
2.2255562651569383,66,66,29,6
3.0086130716533486,70,71,43,2
3.5216907189588920,70,70,39,6
6.0335776116707827,74,74,43,4
4.2345117104888832,74,74,38,7
6.0154480529718830,70,71,45,6
0.8426890046335420,72,73,40,2
0.4915788582503443,72,73,41,3
1.1896869787374940,68,69,45,7
2.1912231892294773,70,71,36,7
4.1678948396699251,70,71,33,6
0.5196714760089288,68,69,37,7
3.4516033625775773,72,72,38,2
5.5446765940235094,74,75,40,5
4.0274857265543087,70,71,34,1
0.8908707765623368,70,71,38,5
3.0884505081820954,74,75,44,5
0.3543075792570646,70,70,32,3
2.4826433391645937,72,73,41,1
0.6606153493432469,72,73,38,0
2.4884675748610050,74,74,38,3
2.2575964948146892,66,66,27,0
1.6733651976605604,72,73,44,4
2.7347880522499803,72,72,47,5
3.1345868382367055,70,71,35,4
2.3742995388849657,66,66,35,6
5.0427326103998960,72,72,43,5
1.3721058266038331,74,75,37,0
5.5624235548460783,66,66,35,0
5.8481204336918760,74,75,42,5
3.7796906116653193,72,73,37,1
3.5146312423160224,72,72,35,5
1.5289911622251300,74,74,41,4
0.8911503224776086,70,71,32,3
