theta,t_count,h_count,s_count,w_count
3.5894854018506344,96,96,42,4
5.8295731965215580,96,97,42,2
0.6441292926287824,96,96,46,4
2.9406849059788165,96,97,49,3
2.1453089494648552,94,95,47,0
5.5095533454489845,96,97,51,3
0.2088075642939777,96,97,57,7
3.7656170354711707,96,96,51,3
5.9475141836070602,98,99,53,6
2.6821809399152010,94,95,41,2
3.0089410611449705,96,97,50,4
5.7333278763468307,96,97,45,3
1.7470571141684288,98,98,42,5
0.4424542954113058,94,95,49,2
1.0134122056012118,96,97,53,1
4.4121365158331152,96,97,47,5
4.0288470929826312,96,96,50,4
1.0860667170373424,96,97,52,0
4.7080881341507315,96,97,43,3
3.5341055298105641,98,99,48,1
0.3683623971112356,96,97,55,5
0.6832830713173484,94,95,54,1
5.6067528887686890,98,99,52,3
3.2595481414399585,96,97,50,6
0.7430193993441181,96,97,46,0
1.2691298436285652,98,98,58,1
4.0878577775260867,92,93,45,7
2.7754751793297854,96,96,47,7
2.9134893805009399,96,97,43,7
2.8891640980958742,98,99,48,7
5.5542094936974724,94,95,49,6
4.3250448902383551,94,95,47,2
1.0156138104270447,98,98,59,6
0.1494482638384397,94,95,60,5
4.6063419362483762,92,93,49,1
0.9653436247786880,98,98,51,4
1.8874040371207359,96,96,53,1
4.8751521142802110,96,97,57,3
0.0479559361437788,96,97,53,7
5.8427869908297358,96,97,49,3
0.9509761250805687,96,97,49,5
5.7510069502115320,96,96,52,4
2.1043537542908610,98,99,39,6
6.1517664579451985,94,94,44,7
0.9174164924977525,94,94,50,1
3.6063647719226029,98,99,48,3
0.4079589684447234,96,96,54,2
4.7026455012381714,96,97,57,7
3.5555005456302764,92,93,47,7
0.1439935094676841,98,99,49,2
4.7259286600204202,96,97,55,3
1.6997245664036036,96,97,39,3
5.9917790381686418,96,97,55,5
4.4485915914657799,96,96,52,4
1.5311539708467796,98,99,49,6
3.6923336345332380,96,97,54,4
2.0013048099737274,94,95,48,3
3.1241233274665361,98,98,50,3
0.6598110222778947,96,96,44,4
0.0438155860327775,98,98,55,4
0.4371631334051134,98,99,48,5
0.8831322699252793,96,96,51,5
4.3497543331068309,92,93,37,7
4.0135592859121401,98,98,46,7
0.1915030643401018,96,97,45,5
1.0008656192933849,92,92,36,0
3.6914784245741545,98,99,45,2
4.5859301507808441,94,94,48,5
1.1329038793831574,96,97,52,2
3.1378478546905875,94,95,41,4
3.6093763382690751,96,96,38,6
2.0580747936163131,96,96,54,2
2.0725099107270228,94,94,46,7
4.0308946792515687,92,93,45,1
1.2186597794851175,92,93,53,5
5.0508620320853757,98,99,55,6
4.3364711867528030,94,94,52,3
3.8941669329713333,96,97,43,5
5.4238225297306881,94,95,55,0
6.2750566559495331,96,96,53,1
0.5401955132021916,96,97,49,1
3.8187522816020265,96,97,49,7
3.4581150897626016,96,96,40,4
3.1004796925562248,98,99,62,5
0.4654058545049997,92,93,50,6
4.3814947569320797,96,97,54,0
4.2475861212588280,96,97,55,3
3.6782032206606154,96,96,56,4
0.0360974854758219,92,93,48,0
5.9830558379784513,96,96,47,3
6.2713500953228589,98,99,57,2
0.9909539545684553,92,93,48,4
0.0809198633367758,98,98,54,7
3.9732083018714737,94,95,50,5
5.8885176510833945,96,97,47,1
1.1531235912867099,96,97,50,6
5.9997030635383091,98,98,38,7
3.0820812543292875,98,99,48,1
1.1040954181154083,94,95,48,1
0.7833712115456118,98,99,49,0
4.3390074446692148,100,100,54,2
0.6241692221787929,96,96,60,4
1.9649687841996346,98,99,50,1
2.6321695787013000,96,96,54,4
2.9148781604130418,96,97,51,5
1.1320566316802638,96,97,45,5
6.0696272426045503,96,96,41,7
5.8423713451970487,96,97,48,0
5.0065529856853104,96,97,45,7
2.7808761165234497,96,96,58,6
6.1313206045649595,96,97,58,4
1.1853286975904973,96,97,52,4
4.9663918381999155,92,93,47,7
5.6126735990170680,94,95,50,1
3.4252255308903816,94,95,49,4
2.3158303165793832,94,95,45,2
5.6864571123294576,96,97,51,3
3.7051860441587769,96,97,46,0
0.7903221454213981,94,94,39,4
3.0162681286526736,96,97,49,3
0.4674426161091592,96,96,56,4
0.3662924018427578,94,95,39,4
6.0035712408228710,96,97,50,4
0.9835217799173198,94,95,56,3
3.5717710693131091,98,98,49,2
3.7814623339213878,94,95,47,4
3.9099645307101838,96,97,53,3
4.7341613045461566,98,99,46,7
1.1767858735011489,92,93,48,2
2.5674157084680695,96,96,56,0
5.8363943448558606,96,96,54,2
4.7727199404835785,96,96,56,4
0.7149431735632639,94,95,46,7
0.3656183366658437,98,99,44,7
2.0668681583134356,96,97,47,7
1.9088316596649304,96,97,47,7
1.4439922925455957,98,99,51,6
5.2012114570848365,94,95,49,4
1.5104224011680079,96,97,50,0
3.3343947362858133,96,96,45,3
4.0734495130674659,92,93,51,3
2.6062527548817860,98,99,54,5
1.2160624971149736,96,96,44,2
3.6592130507676162,94,94,51,4
5.0418701558220791,96,97,48,4
3.7683679586275094,94,95,48,3
1.1129144936469300,96,97,53,1
3.4378506642530047,96,97,56,4
4.1342150902917840,96,97,41,1
2.9087287742499868,96,97,52,4
4.8518805996111789,98,99,58,7
4.3526574764086554,94,95,47,2
3.6988812854397155,94,95,56,3
1.8387975986296523,96,97,53,3
1.5316836711763004,96,97,49,1
0.9689982074516417,96,96,56,4
5.3235219809564320,94,95,51,4
4.9386389089421998,98,99,53,0
1.5415423075021175,96,96,53,5
4.1782716844620840,94,94,54,7
2.5810759652733313,94,95,50,5
3.3090498429352331,94,95,49,0
0.6999552700112540,92,93,52,4
4.5358139521309955,94,95,45,0
5.3537257862781784,96,97,55,1
5.4527246036595631,94,95,42,3
1.5703280445560386,94,94,42,5
0.3890590901748589,94,95,55,6
4.2940792466152855,96,96,58,4
4.2405497379681121,98,99,58,3
1.4864777343647151,96,97,56,4
1.6052480906909117,98,99,57,6
1.6738952999885615,94,94,49,2
1.9858975680040341,96,97,47,5
0.4789722366593996,96,97,47,3
4.5657251411690813,96,97,47,3
2.8810704274798637,96,96,46,0
1.0024834823332083,94,94,43,2
0.6921297340452642,98,98,49,0
2.3781509118016380,96,97,51,3
3.1964975019264625,100,100,55,3
1.6409009780376747,98,99,53,2
2.1460279197535868,94,95,53,2
2.0911669976919383,96,97,53,1
3.2025941290480771,98,99,54,5
4.8939356037853150,96,97,54,0
0.9157053470788810,98,99,65,4
4.0547014168833497,96,97,44,0
5.3176937094955274,94,95,47,6
1.4803568775063733,96,97,51,3
1.9908362852853170,98,99,50,1
3.1165078770217236,94,95,46,5
3.7586650066873979,96,97,55,7
3.4275299682748077,98,99,50,5
1.3842401102188926,98,99,53,6
0.1342176192080128,98,98,60,7
2.8015884720713995,98,98,54,3
4.4134852580841786,94,95,45,0
5.9032295451393955,98,99,48,5
3.5358066406536390,92,92,49,3
5.7102602962001017,94,95,43,4
0.5192921788641180,96,97,52,4
4.1506152457509895,94,94,46,7
4.2036841211100384,92,93,46,2
0.4687988828100085,94,94,50,1
4.7608566955302241,96,97,47,3
0.9776208813567219,90,90,46,3
0.3674090245096646,96,96,55,7
0.7183947265102735,94,94,56,7
5.6861099945424556,92,93,52,0
2.6224994999450817,94,95,54,5
0.2944056925096530,92,92,48,4
4.2789074393990889,98,98,51,6
2.7230476643451484,94,94,45,0
0.6785083733390883,96,97,40,6
5.9361291605098083,96,97,51,3
2.9837680176808528,94,95,43,0
2.7247535988471170,96,96,50,2
2.6352068084474696,94,95,53,0
5.2526452723125265,96,97,50,0
3.3964212916206282,96,97,50,6
4.7046084525507448,96,97,48,6
3.7732558044768170,96,96,47,5
5.3332747712779645,94,94,50,5
5.0114590304798261,96,97,47,3
3.2698124723532866,96,97,58,0
3.6187248112216253,94,94,47,6
3.1707370913938488,92,93,37,5
0.1912937707122902,96,97,48,0
0.6884583904814385,96,97,47,7
4.3886558886892759,96,97,59,7
0.5418711938047794,96,96,45,7
4.7721549768707856,98,99,47,6
2.8869257761285700,98,99,61,4
1.7649234125125273,94,94,47,2
1.1983815365639980,96,96,55,5
0.6895647373201484,94,95,48,3
5.9197733982549234,96,97,42,2
5.9874089385632496,96,97,52,2
2.6887152388958069,88,88,51,7
4.7121815275416203,96,97,47,1
2.0104599186741288,96,97,47,1
2.5919122578069120,96,97,53,1
3.8093789887357841,96,96,46,4
1.5855398687047175,96,96,62,6
0.7584696001472727,92,92,53,1
2.9692748365290398,94,95,47,4
0.9667801028483483,98,98,46,3
4.5687167409042866,96,96,42,4
2.8938743379652814,94,95,45,0
6.1075024203920636,98,99,50,7
1.7753304577678961,96,97,60,0
1.5564959519958381,94,94,44,5
2.6413420951964985,96,97,50,4
2.1210969660363990,96,97,52,0
0.0075107084717104,94,95,46,7
0.5104721147631813,96,96,45,7
6.1797396377127676,92,93,50,0
5.4574797926980478,92,92,50,4
0.4521582264802675,96,96,43,3
0.9965972976386945,96,96,59,3
0.9502198379532475,96,96,51,7
0.0127289516104911,96,96,48,4
0.8944477843617027,96,96,43,1
6.0413774920997252,98,99,55,4
0.8897818819819082,98,99,49,0
3.0501185069739836,96,97,48,0
0.7374406975247576,96,97,47,3
0.1884914015842579,96,96,47,7
1.7312647081989139,96,96,56,4
2.0606500947161641,92,92,47,7
0.3412852917931237,94,94,46,1
5.6766526941502038,98,99,50,3
4.8080838386478684,94,95,47,0
5.5692767029028456,96,97,52,0
1.0559214902305167,94,95,51,4
3.6486423734014868,96,97,50,2
2.5391510291221628,92,93,34,4
4.0872055126222078,92,93,52,0
1.0657143141595298,96,96,41,7
4.7676319667665350,92,93,52,2
1.0292098413000663,98,99,49,0
1.7199152362640575,96,97,45,5
3.0945724197624065,98,99,53,2
3.0401542338812355,96,97,60,2
3.9753658922220589,96,97,56,6
2.3501727344941985,98,99,45,0
0.2729675973271405,96,97,48,6
5.4719574969576303,96,97,52,6
2.1161798548960578,94,95,53,0
1.9510381062362558,98,99,41,2
3.0972810254215353,96,97,49,5
5.2024288832094365,94,95,44,3
3.8397250744446878,100,101,44,0
1.6937581433932734,96,97,50,2
3.1063819324608812,96,96,47,1
2.3950971545880839,94,94,46,5
1.1196142478934594,96,97,54,2
0.9736841034013419,96,97,51,1
3.5019056899447412,98,98,56,5
3.1833290466369903,92,92,49,1
4.6902090450832263,94,95,49,4
4.5361104160834440,94,95,62,5
4.9112636221287129,98,99,47,6
4.7961150775918551,98,99,43,6
1.5142583241649892,96,96,40,2
3.4788892865084367,96,97,54,2
0.5855451612314370,94,95,50,3
2.3277399170952577,96,97,54,0
0.4065228605233565,96,97,42,2
6.1959149861920046,96,96,52,4
3.3634630739348168,96,97,43,7
2.5518032981812704,94,95,56,3
3.4872966523753832,98,99,58,1
3.4155655430261223,94,94,50,3
4.5297086351069993,96,96,52,6
0.7490793405291017,96,97,36,6
3.1338032600547341,96,96,43,1
1.1896930803650623,94,94,50,3
4.6197705171857315,98,98,47,4
1.4338090316644507,96,97,47,1
1.9804904885436638,96,97,56,2
4.8791871740612596,96,96,35,1
2.0781465158630366,92,92,45,7
0.9597964637497559,96,97,46,2
5.8990646447365975,94,95,45,4
6.2205249162847176,98,99,53,2
3.3915254346887349,98,99,50,5
0.6186279852693406,98,99,51,6
1.8958535674415722,94,95,45,4
4.4554657155219015,96,97,45,5
5.8507552135895544,96,97,52,2
0.1601201240960103,96,96,58,4
3.6822147373031613,96,97,59,3
5.8181922074755370,92,93,53,5
5.6519518265637556,96,96,53,5
5.6263459610175071,96,97,62,4
3.9145850282542831,100,100,52,2
1.6142751655374286,96,97,53,1
1.6457895039626522,96,96,48,6
5.7813649119272439,94,95,56,5
4.0247927975417284,98,99,55,0
4.8359994672631190,96,97,55,3
5.2802163640963382,96,97,54,6
1.9504978160570552,98,99,52,5
4.4509277960767566,96,97,56,6
4.9952047950910607,96,97,45,3
0.1794484156038874,98,99,44,7
4.3788868744233538,100,100,50,0
3.1774130471490616,96,97,47,3
2.3566254975138201,96,97,52,4
5.5340220299715082,96,96,46,4
2.0630015434829505,98,99,57,2
6.0991589670735165,96,97,61,3
6.2274843964469646,94,95,52,7
0.2973631481519873,96,97,46,4
1.1102678371758030,94,94,55,6
3.7624465557357838,92,92,49,1
0.6809111854269174,96,97,46,2
2.3402335595792390,98,98,51,2
2.5614504085147969,98,99,50,7
1.2723592755560715,94,94,53,6
4.5646144673377904,98,98,56,5
3.1280472797490715,98,99,46,3
2.8856317245060308,98,98,46,1
1.3043466277953106,92,93,47,7
5.8579258134581291,94,95,53,2
0.1461980850122816,98,99,56,3
1.8945336489262314,94,94,39,6
1.1667397283316037,96,97,44,6
5.1231663620574217,94,94,48,7
0.9786463170169163,96,97,62,0
5.5751455315481504,98,98,57,6
4.9364137966384494,96,96,57,7
0.6626734309948429,96,96,54,0
6.1409869968753155,94,95,51,0
1.5318962284783344,96,97,55,5
0.9682176636274905,92,92,44,4
5.6707047868101359,96,97,40,6
4.2857074578152714,94,95,50,1
1.0650192146027964,98,99,57,0
4.8161329096165337,94,95,39,6
1.1154387028814248,94,95,54,5
5.7716907142602265,96,96,51,1
3.6469292907846715,96,97,44,6
6.1430849973049959,96,97,54,2
0.8110174281135289,98,99,53,4
3.2747100374821136,94,95,53,6
4.0463725908928367,96,96,47,3
4.3338309264953008,94,94,51,4
3.9609694608993364,96,97,50,2
3.1636964168499224,96,97,57,5
3.7812305807392916,96,97,51,3
3.8471987029607844,94,95,46,7
3.6929988389121107,98,99,43,4
3.6251187856847800,96,97,47,3
2.8216023111790038,96,97,49,7
5.7634254413521688,96,96,58,2
3.1997215576979903,96,97,52,6
6.0710323007865608,92,93,48,6
0.3561135862280944,94,95,46,3
1.4861603146545947,98,99,56,5
4.7196899090193414,96,97,58,4
1.6815661241513806,94,94,45,4
5.5159150466454729,98,98,44,7
0.7552301580856055,96,97,48,2
2.0697602868527669,98,99,55,0
0.8525310928130805,94,95,49,2
3.1198849996325091,96,97,55,5
5.4387355249981955,98,98,51,6
3.3990530517858462,94,95,41,4
0.6193467672293709,94,95,51,0
5.9220481199175747,98,99,52,5
1.1007608240003577,96,96,54,2
1.0710338330877243,96,96,48,2
4.8922867224429467,96,97,49,1
3.8220724554081138,96,96,52,4
2.9697116139269166,96,97,48,2
2.6897203836899441,96,96,57,1
3.3020869782451703,96,97,54,0
2.6680003536428267,98,98,53,6
6.0544397453075129,98,98,51,4
2.3401996454314209,96,96,46,6
4.0100411329946670,98,99,52,3
2.4395164740386792,98,99,52,7
1.5074199035381255,96,97,55,1
4.3432409215891967,98,99,46,1
2.4599407737756267,98,98,43,0
1.6494579930106044,96,97,61,5
2.3710374024777625,94,95,47,4
5.3338093069928041,96,97,44,6
0.9018633215201893,94,95,50,7
3.5715307535084047,96,96,47,5
3.2893014602744994,96,96,49,7
2.6118735980937489,98,98,47,0
5.1113982524656665,94,95,43,0
5.0630616236403032,96,97,51,1
1.3258311004920191,92,93,49,7
3.8461261341164850,100,101,55,7
2.1409737468114884,96,97,42,2
0.0110556402860185,98,99,41,0
4.7607769967056388,94,95,44,3
0.9949829534231298,96,97,48,2
1.8270188491220296,96,97,50,0
6.1521852074763634,96,97,43,7
5.1767808483519477,94,95,48,7
1.8988669174553527,92,93,44,0
1.9642038149130165,96,97,49,7
2.1586049406461130,98,98,53,6
3.3300583177772518,94,95,40,7
1.0807959683329498,90,91,43,2
2.9175826899154607,98,99,58,5
4.2087684722209486,96,97,45,5
6.2235723863821271,96,96,47,5
1.9495673690677913,96,97,46,2
4.3331606919957393,94,95,53,2
2.9172403178509398,96,97,55,5
1.5381292258422656,92,92,55,3
1.9609920613924539,96,97,51,1
3.1225977121588437,94,94,54,1
4.1922236744088908,98,99,40,1
0.3782955743994416,98,99,51,0
2.0560519980848535,96,97,51,1
5.4904194021817325,94,94,54,5
0.3440600120093535,98,98,50,5
0.0766250072969648,96,97,49,7
1.9591577743791053,96,97,54,2
3.7339940883127181,96,97,47,5
3.3807800746758629,96,97,48,6
1.2415742335553790,98,98,58,7
3.1456555063555922,98,98,56,1
2.9880253655105511,96,97,50,0
3.3619558286156512,98,99,50,3
5.6905859688750402,96,96,50,0
1.9441514308119359,96,97,56,0
0.0911259948722404,94,95,49,2
3.9395545542413575,96,97,49,5
1.4806564684794428,96,96,44,2
4.5400859528528175,96,97,57,5
4.0601424989332031,96,97,49,1
5.9235748131666295,94,94,48,5
0.5476640707471715,96,97,53,1
3.8379871468362161,94,95,45,2
4.8633362462282310,86,87,47,6
6.1777278622026266,94,95,45,6
2.4012722278669418,98,98,52,3
2.2333391997738294,94,95,40,3
4.4080952184472855,98,99,50,5
1.3708668156742094,98,99,46,1
0.3901370217811670,98,99,56,7
5.0210897121886857,94,95,45,6
3.6267298066916127,98,99,58,1
1.5183523901843270,98,99,54,1
4.2330016858259887,96,97,49,7
1.6568384676029668,96,96,47,1
1.3071178496011608,98,99,61,2
0.0275189344642909,92,93,49,3
0.2741269993038065,90,90,38,3
0.3252149791159680,98,99,69,2
2.0431204721923328,96,96,48,4
1.7394225584586234,98,99,54,1
5.1864622853020572,96,97,44,4
2.8991620911812777,94,95,42,7
0.4949434006301225,98,98,55,0
2.3148252907858744,98,99,57,0
1.6259905228544367,96,96,45,3
1.0430866722389671,98,99,51,4
5.8731482071492938,98,99,46,1
4.3706755113493756,98,99,53,6
0.1695471129965629,94,94,43,6
2.5823451641209996,92,93,44,4
0.7314679732037869,98,99,45,4
4.5059690552132174,96,96,48,4
3.2083823366581217,98,98,50,3
5.5561950804477247,96,97,45,3
0.7770546276035013,96,97,54,4
3.6362301221602396,94,94,52,3
4.4688980569251218,96,96,55,1
0.4165007515429396,96,97,57,7
1.9424097473668336,96,96,49,5
1.8226499547006076,96,96,51,3
1.1629519148279113,92,93,52,4
2.1294809677863040,96,97,50,6
0.8431380153933389,94,95,51,6
5.1042264008445573,98,99,52,7
5.8091011155689216,96,96,51,5
0.7106887481181094,94,95,47,4
1.8240699000530070,98,99,57,0
4.6720437596151045,98,99,59,2
3.3155217108716801,92,93,50,6
6.1911116532338015,98,98,45,2
2.1266348544304670,98,99,48,5
2.3342742496980318,94,95,62,1
4.5115597835225199,96,97,45,3
0.3286357553970383,98,99,55,2
0.7648599135594911,98,98,47,6
0.0087407976468039,98,99,50,5
0.1853986863588640,98,99,58,5
0.4520658708974093,94,95,47,4
4.1959327047724102,98,98,63,6
5.3424190421044884,94,95,45,4
3.5669967040899491,98,99,51,4
0.3279282591046543,98,99,57,0
3.3337648708291892,96,97,55,1
4.5161155172653737,96,97,57,1
5.0021692786810030,96,97,54,6
1.4897383149683943,96,97,46,2
3.7237011563322020,94,95,53,0
2.7831276668313021,96,97,45,3
3.1993845034238282,94,95,41,6
4.2569309933037545,96,96,53,3
2.4511833309133957,98,98,46,7
1.5437671741281951,98,98,51,4
5.0576387332859696,96,97,49,7
5.3433179800517303,96,97,50,2
3.7047966653228972,92,93,46,2
2.7098596820707463,96,97,50,4
0.5823844210183642,94,94,56,7
5.6355606295064931,94,95,52,1
2.2768078244982437,96,97,49,5
2.1423587811439848,96,96,50,6
4.5005903866264534,98,99,52,3
0.1356240932467779,98,99,42,1
6.2733788878306296,98,99,39,0
1.1940411485243447,94,95,43,0
3.9161393216078793,98,99,53,6
4.5088577671257450,98,99,45,2
1.7042360596631432,98,98,51,4
6.0929113446506955,96,97,47,1
2.9614481427358066,98,99,56,3
3.8158090763305750,98,98,50,7
2.1162207952368841,96,96,52,4
1.0749882190270614,94,95,42,7
5.8966460721200420,96,97,59,1
5.7244952145611609,96,96,44,0
2.0007230223564232,92,93,45,7
0.4109324992771687,94,95,46,3
2.4473780299119672,96,96,43,3
1.8688862925390908,94,94,44,5
0.2258042242035791,90,91,44,1
5.9770640383088507,96,97,50,4
4.5125282805427842,96,97,50,6
1.0244494766180692,94,95,47,6
3.2231860755241590,96,96,49,1
4.0369087828279904,96,97,50,2
4.9135621837354799,98,98,49,4
0.1656994947313694,96,96,51,1
6.1660616441070548,96,97,50,4
0.8764508009704550,94,94,43,0
1.0134408335013929,96,97,51,3
6.0604482180498982,98,99,54,7
1.0378457316884018,96,97,56,6
0.2743081434916067,94,95,54,3
1.8551384239936173,96,96,55,3
5.5948120478588859,96,97,51,1
1.4277469749976539,98,99,56,7
2.5998953602091595,96,97,51,3
1.2714115172388036,96,97,47,3
1.5227704608515762,96,96,49,3
1.1438668688954694,98,98,59,6
4.5274354908248648,96,97,52,0
1.2159746363705062,98,99,57,4
5.9303535863500274,96,97,52,0
3.9117639589128643,96,97,54,2
2.9733358129417362,104,105,55,5
1.1031016901907655,98,99,60,7
2.2466446251299539,96,97,52,6
0.2221576904951116,92,93,47,3
2.3144193854395465,96,97,50,0
2.0100126877762690,96,96,59,5
3.3235818287735510,94,94,53,2
2.9155019069626369,96,97,47,1
3.0243321059814030,94,95,48,5
2.5989810623477245,98,99,54,5
5.0835451246482011,98,99,55,6
2.3148499895568069,94,94,51,4
0.4338477486019201,96,96,49,1
0.3730545798138625,94,95,54,5
5.6871141347705461,94,95,57,0
5.9466124767278821,92,92,45,3
1.8498924130170393,96,97,49,7
4.6530954831165161,96,97,47,7
4.9220053094268739,96,97,52,4
2.9914491326065984,92,92,44,6
4.9401073015253854,94,95,49,6
0.7035281893123648,94,95,45,6
1.4590513330744062,98,99,56,5
4.2012788024537135,90,91,57,4
3.3977491049093076,92,93,49,1
1.3703395246686056,96,97,58,4
5.3982943623498034,98,99,53,0
5.0591642482658319,92,93,45,1
4.0300186349594869,96,97,50,2
0.0912810537335476,98,99,45,0
0.2614362728620119,98,98,49,2
2.6075502332819034,94,95,47,2
4.6463959763183365,92,93,43,7
0.2254006515123796,96,97,43,7
2.1734966704040901,98,98,61,4
1.1062265246806453,96,96,54,0
3.2281815839163728,96,97,61,3
5.8878841694875126,98,98,46,7
0.6902558180340869,94,94,38,7
5.5329337032232129,96,96,57,1
3.0464934287155399,98,99,61,2
4.6720147359828843,96,97,50,0
5.5901639911294581,96,97,47,3
3.1436202393115451,96,96,44,4
3.8189587789242654,96,97,47,1
4.9460753069331158,96,97,49,5
4.1257348717517939,98,99,47,4
2.0493360923222186,94,94,49,4
2.7816411788825350,96,97,58,2
2.4029907343088239,98,99,54,3
5.4128305805622290,94,95,53,4
0.3736792148346784,92,92,48,2
0.0101417313855989,96,97,55,5
3.4391264493253804,98,99,55,2
3.3567964657979501,94,95,51,4
5.3040836222925574,98,99,45,0
1.1282408934698378,96,96,36,4
2.6183615817603543,96,96,52,6
5.9994004069092970,98,99,49,6
1.1706722288929172,94,95,51,4
6.2619883996288976,96,96,51,3
0.6635288148761659,98,99,61,2
0.4206809247356625,98,99,55,4
2.4541546473850908,92,93,47,5
0.7082300368771813,98,99,60,3
2.1004380996948648,96,97,55,7
2.7210792614728248,96,97,43,7
0.6667256078887126,98,99,57,6
2.0685353879357602,94,95,56,3
3.4811223777695881,98,99,49,2
4.2010632477925407,98,98,52,5
5.0324582723867657,96,97,54,6
3.5765654080317719,98,98,47,2
4.8994457398959845,94,95,47,6
4.4831151125407889,94,95,50,7
3.3500471540863286,94,95,52,7
1.0164187130317792,96,97,47,1
4.6774339379544081,98,99,56,5
3.4387342254991635,98,99,51,2
2.1133177971365140,92,93,54,4
0.4887976106162364,96,97,52,0
4.3040693178432052,96,96,50,4
0.0027761080896924,96,97,49,3
5.3885453446132505,96,96,48,6
0.2997316368059726,94,95,48,3
2.2208096228748491,96,97,37,5
2.0204104625672659,92,93,40,0
0.8982894907520644,96,97,51,1
1.1589168811146486,96,97,51,5
2.6828611036593260,94,95,48,7
0.0281047295667521,96,96,57,3
5.0623854326204443,94,95,49,6
3.3284980231011936,96,97,46,0
6.2622747385547077,94,94,54,3
5.9068701729474240,98,98,46,5
1.5929033185501573,92,93,48,0
2.3789353331565684,96,97,48,6
3.7902823890122685,96,96,57,3
5.2107669645984176,94,95,55,2
3.6768693334655791,96,97,54,0
4.0417956834946800,96,97,54,6
5.3714999802833470,96,96,53,3
5.2315992291764006,96,97,50,0
0.7893159236682071,96,97,51,1
5.1099987458812519,96,97,47,1
1.4400115778100147,98,99,56,1
0.1252315754387390,98,98,45,0
3.8723121299457386,96,96,52,6
2.0104888848048192,94,94,46,7
1.1765347907603365,98,99,50,1
2.0580599512126696,96,96,55,7
3.9086469572729383,96,96,51,5
5.5570196920080583,92,92,50,0
2.7695915502364152,96,97,49,3
0.1313520227650549,96,97,45,7
1.2815773398690395,96,97,44,4
1.2280103125438688,94,94,50,1
5.2739149836519461,96,97,45,1
1.1426343242278310,98,99,51,4
3.3117242016929582,94,94,51,2
5.2846464161355913,98,99,57,2
5.7401318516771145,96,96,50,2
0.4019147752620675,98,99,46,5
2.0017181205437433,96,97,47,1
5.4026091524048043,94,95,46,5
4.3234857837483229,96,96,51,1
1.6752481292423260,96,97,54,6
1.2123555762631606,96,97,47,1
5.2771537709786616,92,93,52,0
0.7808388500848935,98,98,54,5
0.9408511119474201,96,97,49,7
5.2945266943522942,94,95,50,7
0.3889807607465574,96,96,44,0
3.6656188474818880,92,93,42,2
0.9388863471686676,96,96,44,2
5.7010517806143310,98,98,48,7
2.1735861055198007,96,96,50,4
4.8673462829672252,98,99,51,4
0.6159906237620827,98,98,49,2
3.3199247789020148,96,97,49,5
4.1542161869746241,96,97,52,0
2.1775046033023759,94,94,55,4
0.9152041552832605,98,99,46,1
0.5220333580131886,94,95,57,4
1.0010484595723168,98,99,48,3
3.7754360591112905,98,98,37,2
1.1955819449672045,100,100,40,2
2.9402024807852483,98,99,54,5
1.2616593796212152,96,96,49,7
0.3554434832777721,96,97,60,4
3.4985424558011409,96,96,51,7
4.2859303016540089,96,97,44,4
3.1190548184249298,98,99,50,7
0.4692447789384592,96,97,43,5
0.2327612146609655,96,97,46,2
0.7519835839125769,98,98,44,3
5.8921239532884471,94,94,41,0
6.0994272036018931,98,98,48,3
0.3193886862570615,96,97,43,7
2.9203798639979337,98,99,53,4
4.1114913607007759,94,95,50,5
3.8583015868811743,98,99,53,2
4.1785542731067471,96,96,48,0
2.2897482315970632,92,93,45,1
3.0539544024241203,94,95,45,2
4.5007346216068758,96,97,42,4
3.4922937204436399,94,94,51,6
1.9886996849113561,92,93,45,5
4.7155193936149624,96,97,44,6
4.6086601460695134,94,95,50,1
0.7335493879428401,96,96,50,2
2.1530010470853194,98,99,51,0
5.9885954455624608,96,97,57,3
6.0418404855847339,96,96,57,1
0.8352001632062644,96,97,51,5
2.9269898402584840,94,94,47,6
2.1877068932965380,96,97,50,0
4.9260016616104183,92,92,47,3
4.3926017224192133,96,97,53,3
5.2917077453413608,98,99,42,1
3.1477751447444944,96,97,46,2
1.7016842593851866,94,95,43,0
4.8345704057286518,98,99,40,7
5.1974619954980001,96,97,48,2
3.3535110806137265,90,91,47,6
2.2198637249999247,96,97,45,1
4.3204418275567207,96,97,52,0
4.3081816564019784,96,97,51,1
5.6037447916351288,92,93,40,6
0.1593711375274511,94,94,55,4
3.4342654305246261,96,96,51,1
5.8122573441387138,94,95,48,7
4.7023820046019260,98,98,51,6
2.5010314515517877,92,93,48,6
1.0654302586572346,96,96,53,3
2.1312657401299533,94,94,49,2
6.2501700812220262,98,99,49,4
3.3173425887936219,98,98,47,0
4.2166854450555942,98,99,58,5
1.1404020351442683,94,95,46,7
5.0506309158174254,98,99,44,1
0.2089161456216306,98,99,49,4
5.7056417855544712,96,97,50,4
3.8966395098511595,96,97,48,4
5.0688207666841576,98,99,46,5
4.4375803817123414,96,97,51,7
3.4774791329948709,100,101,58,2
0.2319000684935299,98,99,53,0
3.8885580104485107,96,97,51,1
5.8159446544825064,96,97,52,2
3.8799543793082152,98,98,44,3
1.1941459486679782,96,97,55,3
5.7372939799925220,94,95,52,5
4.7962003746882491,96,96,48,0
4.6699697704415177,96,96,45,7
3.8692650654199645,96,96,54,4
4.6276418035442433,94,94,48,5
3.9475854114620614,96,97,48,2
5.2673762631077254,92,93,46,2
1.7428840616551993,94,95,45,4
6.0005015384024487,96,96,43,7
4.9939384954751480,96,97,40,6
3.4068367891018809,96,96,48,6
2.4679057434060794,94,95,41,4
0.8852461940108872,96,97,55,7
1.8388704361332444,94,95,49,0
3.7096855404413778,94,95,54,1
6.2700731382246779,94,95,50,1
0.1657725664420567,96,97,49,7
3.5324712355801133,92,93,36,4
1.5812183743551327,94,94,51,2
1.8265119130859588,98,99,46,7
2.9875193784392251,98,99,57,6
2.8037712471768095,92,93,52,4
4.1300256419108186,98,99,50,3
3.3062229457717622,96,96,48,0
5.7252341870935473,98,99,49,6
4.8720178535923679,92,93,46,6
0.8621241700503269,96,97,43,7
4.7815041058208507,98,98,57,0
2.5750111521411805,96,96,43,1
3.7491021830077029,94,94,46,5
4.0717294732188813,96,97,52,0
2.8053363135041698,98,98,33,2
1.1042960154603090,96,97,50,4
2.1857436530132230,96,97,42,2
5.7863320154631994,94,95,54,5
5.5786954616077411,96,97,60,0
5.9375647709637160,88,89,44,2
5.0328708085929579,96,97,49,1
0.1441822348399401,96,97,43,5
2.7383595662189526,94,95,55,2
2.9968005971956497,88,89,51,3
3.3247564771099700,98,98,51,0
1.4636742626684012,94,95,49,4
3.2421731629867101,98,98,58,7
2.2883466355810627,94,94,48,7
2.0591395332540965,96,96,48,6
4.8115711510725241,96,97,42,0
3.2530586166546431,96,97,43,7
3.7812846189089133,92,92,50,6
5.5738032677237408,96,97,48,6
5.5135685052172549,96,97,44,4
1.3207600931612635,94,95,44,3
5.7820205633015034,94,95,46,3
3.6699406389592881,96,97,58,0
2.9203461608164045,96,97,62,2
0.2855331216135835,98,99,48,3
5.3673524829729082,98,98,47,4
2.5939582158600283,96,97,48,6
4.8889928109476237,96,96,55,1
4.9444361877135297,94,95,47,4
6.0458965168715322,88,89,52,2
3.4112038743229496,94,95,43,6
6.1688533586132701,98,99,55,4
1.4578069230858646,96,96,50,4
0.4927902422501622,96,97,53,5
2.0963778846156691,98,98,53,0
6.2749673624842259,94,95,53,2
3.5609014645688069,96,97,47,3
3.4099183904390342,98,99,51,6
4.9036485805109988,92,93,43,7
1.8196192324422897,96,97,45,5
5.4260836886769512,98,98,48,1
4.0934001942792690,98,98,53,6
3.4867050344741597,96,97,48,6
2.9395120080058263,92,93,62,2
0.2994367801984610,98,98,47,2
2.8387423484755705,96,97,45,3
1.1611001283627440,98,99,50,3
1.0207974580715518,96,97,52,2
3.5181551271010716,98,98,49,0
0.5899724478905052,94,95,47,6
1.6845283505801598,94,95,50,7
1.2848533624376914,94,95,51,4
2.7081884561329850,96,97,51,7
3.2514353160726959,96,96,46,2
0.7367540742830421,98,99,53,6
0.3088637377568612,96,96,49,1
0.4385602189074490,96,97,49,7
2.8488030334137391,94,94,51,2
1.2008427664520820,96,96,41,3
0.6712684952653383,96,96,51,3
5.4572266669608913,94,95,46,7
2.3040419362166320,98,98,59,4
2.3858168701441000,92,92,45,1
6.0912388058749816,94,95,54,7
1.8746287651646758,96,96,45,3
0.7453167218570027,94,95,44,3
3.5779678586857848,98,99,50,1
4.8692943660164989,98,98,60,1
2.9638170274941120,94,95,50,7
1.2068997647752970,96,96,54,0
0.7898660687205096,98,99,59,2
4.3978892362583348,98,99,52,5
1.2026710381163244,96,97,43,3
5.8916228207612127,96,96,55,5
3.1059802390763234,96,96,54,4
1.2884959728377163,96,97,57,1
5.4677161708844704,94,95,48,1
2.0801431248478890,92,93,57,3
1.6761825041082716,96,97,48,4
0.8187820433868095,92,92,55,7
4.2032394879380677,94,94,47,4
3.5718771938048715,94,95,43,4
2.9205950520866191,96,97,52,0
3.5249307396934535,96,96,41,3
4.9514575473203859,94,94,45,6
0.1346225200402421,96,96,43,1
4.8032717805967788,94,95,45,6
3.0850343993382676,98,99,49,6
3.2885644828912479,92,92,48,4
6.2104044914074885,94,95,55,6
4.8908968271214155,98,99,51,6
4.9037801555009874,94,94,54,1
3.5829353324576014,94,95,55,2
4.5639275463275588,96,97,49,7
3.5477547431852776,98,99,54,3
0.8948308472081036,98,98,60,3
0.7543598502860335,96,97,52,2
5.2560462109187922,98,98,55,0
2.8810481033127622,96,97,51,5
3.7135048986981052,98,98,50,7
0.1986851542068192,94,95,44,7
6.1053053056160174,92,93,56,6
5.9281843334637863,96,97,57,3
5.2986934573225337,98,99,50,3
0.6927773529134308,96,96,61,7
1.3810875963830385,96,96,50,4
0.1980853797406942,98,99,49,2
2.8867335299050354,94,94,53,0
4.9424319438253548,98,99,48,3
0.0994647949264834,98,99,54,7
3.3958797532039102,94,94,51,6
2.5140389120519813,98,99,48,3
0.3464800295583645,94,95,48,3
1.1585087531346390,102,103,50,3
0.8757193655319042,92,93,51,1
2.7752135220410930,92,93,52,6
0.1054230384523560,98,98,47,4
3.1484069985830518,96,96,54,0
3.1831948961799781,96,97,51,3
2.2859849899240654,96,96,46,0
2.4225372255982487,96,97,49,7
4.1620428202592628,96,96,47,7
1.6035195525579391,98,99,55,6
3.6712510899938287,96,97,45,5
3.2042430079791830,100,101,50,2
5.9183969364355686,90,90,46,1
2.2629002917913454,96,96,46,2
3.8814477737728019,96,96,54,2
4.5614134953878356,96,96,49,1
0.9211505269681389,102,102,43,4
2.3254015968569370,98,98,40,1
5.6559272160438026,98,99,49,6
5.0638703558753466,92,93,48,6
0.7605219722713431,94,95,50,7
2.2689566434522610,96,97,39,3
3.7932418050951004,94,94,42,7
5.4285273367076323,92,93,60,6
1.7855957354815335,98,98,51,4
1.5265372831319206,94,95,47,4
5.7280262556860224,96,96,46,4
0.6254128014550820,86,86,48,7
4.7117350094827728,96,97,52,2
2.6158524322196315,98,99,49,0
2.5380017740713003,96,97,44,6
4.9187770551075225,96,97,42,6
4.5323565000435213,96,96,49,5
4.7856112796905874,92,93,52,4
0.9421420820453870,98,99,55,4
0.3010818050048024,96,97,40,6
2.6229018564704614,98,98,43,6
1.6276303864183335,98,99,52,1
3.6131318525288965,96,97,47,3
1.6213954873793208,102,103,57,4
1.5840599248437004,96,96,47,7
5.9066219106557201,92,92,52,6
0.5809781169544241,94,94,46,1
1.4019578997249491,96,97,45,5
2.0184664609936029,98,98,50,1
3.4631618503426016,90,90,49,0
2.8390601479979920,94,94,50,7
0.4157352559115421,96,97,48,0
0.0042522634476891,96,97,45,5
1.8564527727421190,98,99,52,7
3.6948554613524363,96,97,50,0
4.5524216573210401,98,99,45,4
4.6861959936176296,94,95,49,6
5.5282836959456079,96,96,53,5
1.4891038209829077,96,97,57,7
2.1168311541236262,96,96,55,1
0.9944035704589171,98,99,46,5
4.6858237066708393,94,95,56,7
0.5422178695836560,98,98,40,7
1.2478977343814488,98,99,46,1
3.2551092894014686,96,97,48,0
6.2334100079566710,96,96,51,3
0.5085595927579204,94,94,49,6
4.4375091501297605,98,98,56,1
4.5956244730156826,98,99,47,0
5.2506960058530403,94,95,44,5
5.7476644244485167,94,95,47,6
1.9274836509385189,98,98,56,1
3.9666980145972972,98,99,54,5
1.8515744731082979,100,100,58,6
0.0481522631657524,96,97,55,5
3.4997352665438441,94,95,49,6
0.5893789648915657,94,95,46,5
4.6682426087185913,96,97,51,3
5.1011417819907914,94,94,51,2
0.3995557909203248,94,94,52,7
1.9314310990890375,94,95,48,5
2.0722360024190718,94,94,49,2
4.4701783324733366,96,97,51,5
5.2396274548848867,96,97,42,6
4.6814805498902183,96,97,54,6
0.5287270420354370,98,99,38,3
5.7861775379347922,94,95,50,7
6.0157177156179387,94,95,63,2
1.8314090896341677,96,97,55,5
4.0174504258625161,92,93,46,6
4.9356959759266434,96,97,56,4
3.8784952402481743,94,95,52,1
1.4428759912757658,94,94,45,0
0.9034595738648524,96,97,55,1
4.2601682240988010,96,97,46,4
6.0239423237528129,94,94,56,1
4.5254725284266453,96,97,49,3
5.5185425175055132,96,96,44,4
5.5316924013573043,98,98,45,0
5.5864334154692568,94,95,52,7
5.7543303260109013,94,95,41,4
2.4864057385301317,92,93,53,5
0.9939399117493504,92,92,50,2
1.2970592019321887,98,99,53,0
5.9423541166965004,96,97,48,0
3.7866720292754481,98,99,56,3
3.5942968265338040,98,99,53,0
5.8551893701049540,96,97,47,5
2.1812607524703682,96,97,43,1
1.4981920018082209,96,96,50,0
4.7177867974448739,96,97,48,2
5.5779767081536402,96,97,50,0
2.5984365049455698,96,97,53,1
4.4111451702370523,96,97,43,7
1.2007906945348328,96,96,49,1
1.7106940993343283,96,97,44,0
3.2384348606931823,94,95,45,0
5.0814352082990784,96,96,45,3
2.0003576831590570,100,100,53,7
3.6259448484057941,96,97,53,3
2.4044440903493989,94,95,50,7
5.4233422085726124,96,97,48,2
2.5334014256479618,96,97,54,4
2.3895835704068515,96,96,59,1
4.8352117972929527,94,94,52,5
1.2893845950957756,96,96,52,6
4.3986608656836408,94,95,56,5
4.8316801427594918,94,95,55,6
3.8358967499996988,98,99,53,4
1.9700344113818868,94,95,51,4
1.9239283548240964,94,95,51,6
3.3221149325510746,98,99,49,4
5.3561871879355278,94,95,55,4
5.1999021121777407,92,92,47,5
0.4711883739777480,96,96,50,0
3.8979248640022433,90,91,45,2
4.1651218155962457,96,97,53,1
1.6933557089059403,94,95,46,3
4.8670853339809526,90,90,34,7
4.9907038431125512,96,96,47,1
2.5515051306814649,98,99,53,4
0.5330419104763727,96,96,46,6
5.7832543309839055,92,92,54,6
1.3940649249796333,98,99,54,3
5.0711129297972404,94,94,49,6
1.3843949563665263,96,97,43,3
5.6236479100059960,94,95,53,4
4.6612103054636158,96,97,48,6
3.9485207464082559,92,93,45,3
0.5410622067734633,98,98,59,4
4.2839283682516029,96,96,55,1
1.6113898598416521,96,97,52,2
2.0461207919261875,96,97,50,0
1.6354501492725018,96,97,50,2
2.3940155695002590,98,99,52,7
4.3863429168354555,96,97,42,2
1.6452156989372242,94,95,53,4
0.2296246993137324,94,95,47,2
5.3094419755775029,92,93,51,7
2.4725385485953515,94,94,55,2
1.7706192592584384,98,99,50,3
3.8604910982213534,94,95,44,5
5.0460831026315036,96,96,57,7
1.6727682414381182,96,97,55,7
5.6274510817944909,96,96,52,0
4.7052287253005094,92,92,53,7
3.4203793534919331,96,97,49,3
4.6296048907687384,96,96,56,0
3.7888297414412100,94,95,58,1
3.2529326984708482,96,97,46,0
0.9718508792502911,94,95,59,2
3.3504267213536458,98,99,41,2
2.3790054323726522,96,97,50,2
0.7479719762757294,98,99,45,0
0.4368102717844324,98,98,45,6
3.2491834852054975,94,95,52,7
0.7267836739376743,90,91,45,6
2.6581562338665075,96,97,58,6
2.7333140261942730,94,94,54,7
4.2121529218486415,94,94,49,6
0.2255908827447401,94,95,52,1
3.6955726589099100,96,97,41,5
2.1055369431744007,96,97,55,7
0.2289344747654853,96,97,55,3
4.7118102229635603,96,96,58,0
2.3904076049217520,96,97,49,7
5.0385421721734058,86,86,43,2
4.0438844922912054,96,97,50,2
1.9054945799944143,94,95,58,5
0.3667696656692521,98,99,53,4
0.5641320030036127,90,91,48,1
0.0129259412926857,96,97,63,1
5.5652461026344211,96,96,46,0
4.1598176512158611,96,96,54,2
0.3618587849594558,98,99,45,4
1.7659461730960666,98,99,49,6
3.5195992679325947,94,95,51,4
0.9150068283889929,98,99,55,0
0.3832004758513266,96,97,43,5
3.3769333509587360,98,99,45,0
5.0821435934582828,94,95,50,1
1.2607190112072164,94,95,49,0
3.3507014257336523,94,95,43,0
3.8409975643480228,102,103,57,0
3.6777192064644328,94,95,49,6
2.1576207079451164,94,94,48,7
2.6678947754247453,94,94,44,1
1.8048830928426887,94,95,55,0
2.2837523276423721,96,97,57,7
2.9392354806054874,96,97,53,7
1.4956960662137335,96,97,46,6
2.8342443408219755,98,99,44,7
3.5807102936889383,98,99,58,5
4.6027315486455684,96,97,47,1
2.5003231799616716,96,97,47,1
5.4851147676445171,96,97,51,5
3.6621429733320374,98,99,44,7
4.5904742145949280,100,101,55,5
0.2795959424818176,96,97,58,0
4.4848436093921720,94,94,48,3
5.8664133116671699,96,96,49,1
4.2502331314389830,96,97,50,2
4.8716714792659861,96,96,45,5
2.5326638612533015,94,94,51,6
5.8706672569427516,96,96,47,5
1.9403277559533294,94,95,44,7
4.1995477327940955,92,93,56,6
1.3487148736303591,94,94,45,2
1.8282812041670433,94,95,53,4
5.1621051407471823,96,96,51,1
0.1616445218783846,96,97,48,6
1.2266596719892264,98,99,56,1
4.6210581904582382,96,97,49,1
4.1623270824732819,96,97,39,1
2.5940188591289037,96,97,51,5
4.0865258226744743,92,92,41,5
2.9631124497480559,94,95,46,5
3.9102342756256045,96,97,44,0
5.7761633979502944,94,94,43,2
5.9933450547857774,94,95,54,5
3.7510437970755208,96,97,60,6
0.5114346626439360,96,97,49,7
5.3450887346048654,96,97,52,2
4.2472829559995535,102,103,52,7
2.6703828848050613,96,97,43,7
2.9579971812502843,96,96,50,4
0.1476764449466900,94,95,51,4
1.9143558063601211,98,99,50,5
1.3483527395039285,96,96,39,5
2.6695249378887973,96,96,50,4
5.5574902988844572,98,98,54,1
0.6497072250159528,94,95,45,6
0.2876865463454385,96,96,45,1
4.3913485249492163,94,95,46,3
4.7113108046730874,96,97,44,2
4.6209336322864516,96,97,45,1
4.8394565461550059,94,95,55,0
2.9932619671599383,96,96,49,5
1.6635633891351675,94,95,57,6
4.5606720993773342,96,97,48,4
1.6495558989239685,96,97,49,1
0.0357811827115982,96,97,50,2
0.0834745657433136,96,96,53,5
5.3861171498974691,96,97,43,7
0.0416420910305430,96,97,45,3
0.9131711484684355,94,95,56,3
2.8448502484664027,94,94,44,5
6.0467039465894086,96,96,42,6
5.4225944081637003,94,95,49,4
4.1872699971716454,98,98,53,4
1.5716820607567887,96,97,46,0
1.6836933974824098,96,97,48,6
4.3965669132617426,98,99,55,4
1.0986552141065093,96,97,43,1
1.3375441805733412,98,99,54,1
0.9788566301533907,94,95,47,6
0.5484173060955987,98,99,58,5
5.0011719006434365,94,94,42,7
4.4835388895298642,96,97,54,0
2.1771063770849906,96,97,53,7
0.2730561491370181,96,96,46,2
2.3692495533633160,96,97,52,6
4.9345027362213960,96,97,49,5
5.2380908456156980,94,94,56,7
5.9136359423235243,96,97,48,2
1.5924870087256902,86,86,41,4
4.8919801739689035,98,98,48,7
2.9443367418979030,94,94,52,7
1.3389941393453717,100,101,52,2
2.8090953232716624,94,95,45,0
1.7545394760140081,92,92,46,6
6.0518526345492107,98,98,51,2
0.3658862455858830,96,96,57,7
3.1150370453524352,92,92,49,7
5.7310840766080346,96,97,47,5
4.7541665278137240,94,95,54,5
4.4395752322860345,96,97,47,1
0.3323074958659310,96,97,49,5
4.4784909359685754,96,96,49,5
3.7817546732968927,98,99,44,1
4.9380904403472030,98,98,52,5
1.0711789256054376,96,96,54,2
3.2682561551465725,98,99,49,4
0.6428200490429975,94,95,52,7
2.0828032813645305,96,97,45,5
5.9283995693697884,96,97,53,5
3.8371289878591384,96,97,51,7
5.5870938862708055,96,97,56,6
3.7861184002180033,98,99,62,5
0.1429710611248580,96,97,49,7
3.9761471891336995,96,97,61,5
5.4065575561952350,94,95,49,0
3.9647771895745114,96,96,50,6
3.8223323313970670,96,97,55,7
1.2844694617352415,98,98,55,0
0.8237694890263962,92,93,41,3
2.2967867184999387,96,97,50,2
2.5749320939136142,96,97,49,1
0.3979140387444081,96,97,48,2
2.3371198447147949,96,96,40,2
1.3851775557406494,98,98,51,0
6.2337010988260024,96,96,49,1
3.8450133706839349,94,95,41,2
1.5462761756498513,96,97,47,5
4.3013133851321887,96,97,55,1
3.6529392594388703,90,90,42,1
2.9057199741068684,98,99,58,7
5.7801898553878175,98,98,50,5
2.2090368113030490,94,94,50,7
2.7777529205694664,98,99,54,5
5.0726528327253728,98,99,44,5
1.6218744560002403,98,99,54,3
4.5331542557695066,92,92,40,6
0.9474099569709813,98,99,67,0
2.5324552708225170,96,97,57,1
1.9913476086243946,94,95,50,7
3.2908366335068302,92,92,42,4
1.6046650076759050,96,97,54,4
5.7251533188651225,96,97,42,4
3.5074348138153892,96,97,47,1
6.1035043540991403,96,97,43,3
5.9900156838262726,94,95,46,1
2.2203467790653089,98,99,51,6
1.7677340695172532,98,99,53,2
4.5126674377829321,94,94,51,4
1.0795748422278231,98,99,51,6
4.9836418870613928,96,97,50,6
2.4470050568458954,96,97,44,2
0.1623962189869762,98,98,44,1
0.8135337628062613,98,98,45,4
0.4143189371394225,92,92,58,0
5.7527759921094521,96,97,48,6
3.7907298056610514,98,99,45,0
5.8671979628632531,94,95,57,0
4.6854260203448730,98,99,48,3
3.7278878034631795,94,94,43,0
4.2262935915121416,96,97,47,7
5.2619404794006552,98,99,45,6
3.0242890109781420,98,99,49,2
6.2152966110822270,94,95,51,0
3.3398452057954255,98,98,53,2
1.4949437490403428,94,95,44,7
1.8884762101329113,96,96,49,1
4.9747188737985706,96,97,50,2
2.1639788522091998,96,96,59,5
1.8091795971449987,98,99,49,2
3.1573534838370310,96,96,49,7
2.8587408862376620,96,97,51,1
0.9628874664126115,98,98,62,1
4.0358331531088929,96,96,46,0
5.6734325698069243,96,97,54,2
4.7694914828846509,92,93,45,7
5.2737727575043651,96,96,50,2
3.1741448653064501,98,99,54,7
1.3255566509081964,98,99,44,1
0.3101244125696029,96,96,48,2
1.9139915219472057,96,97,51,1
3.6273475147212859,96,97,58,6
2.3605716402158747,94,95,55,6
5.6047188345378798,94,94,46,5
0.3903637347462862,96,96,52,2
4.0321189842906060,98,98,49,2
4.2805253061407198,96,97,52,0
5.3619376720603400,94,95,46,7
5.2881267037525896,98,99,54,7
5.0035845999990061,94,95,47,0
3.7541349598734288,98,99,47,2
2.6468568149734013,98,99,57,6
2.2525403561286930,90,91,55,2
1.9473924923546060,96,97,39,1
5.9018050905150554,96,96,55,3
2.0762250618220639,94,94,49,2
3.5412123629989773,96,97,39,5
2.0589892371154299,92,92,54,6
2.6027803791385975,96,97,46,0
1.1054118928268322,96,97,49,1
5.9734534252696241,92,93,45,3
5.8884116566566203,96,97,49,5
4.6975106781410831,96,97,51,1
2.0103073257684096,98,99,56,1
0.0733184919112631,98,98,51,4
1.0238984673420151,98,99,55,6
2.4067665690763791,90,90,57,6
1.2751307039181867,94,95,38,7
3.7292552093568636,98,99,44,7
4.5805418861579117,96,96,54,4
2.8715471928463860,98,98,58,1
1.1209888788195663,96,96,45,7
1.2167303825459650,96,97,54,6
5.0875447494728405,94,95,51,4
0.9047887266518627,96,97,47,3
3.3945225101499847,94,94,46,1
4.5572697849384722,96,96,50,2
1.7088195819072973,98,98,50,1
3.9817078135396642,96,97,41,3
5.6355409611296379,94,95,48,3
3.6410083680833090,94,95,49,2
3.0418566757790222,90,91,53,2
0.6186496537999590,96,97,59,3
4.4312902965685970,96,97,47,3
1.4308058074874770,96,97,50,0
4.2752140625076347,96,96,48,0
0.8446058938651952,96,97,54,2
4.4353398744816213,98,99,53,4
0.8450639193357484,98,99,51,2
5.3738766640558415,96,97,49,1
4.0287624595181137,96,97,49,3
0.2232555838252522,98,98,50,7
2.4254798796218004,98,99,50,7
5.0474465182856534,96,97,58,2
4.6304865761667982,96,97,50,2
3.9008816906855701,92,93,46,4
4.3225561538190886,98,98,43,0
2.4073951306718611,96,97,45,1
6.1372451870884337,94,94,54,5
3.2909924042658139,98,98,57,2
5.5300438862739210,96,97,53,5
1.6774067095721341,96,97,50,2
0.4522196713561595,96,97,51,7
5.5181698453590302,96,96,59,3
4.1116508762166069,98,99,43,0
5.2976644969643383,96,97,50,4
3.7242170242088757,96,97,53,3
3.4767508601869701,96,97,37,1
1.6027146618652415,96,96,50,6
1.7353232153870064,96,96,51,3
0.6591741649089734,98,98,53,6
2.5929454975071256,96,97,45,5
0.9071973377200380,98,98,53,6
2.1391288336671672,98,99,51,0
0.7746896272162735,96,97,46,4
4.6288155047700501,96,97,56,0
5.8294103169579490,92,92,49,3
3.0138265746593316,96,97,41,7
4.9189467351747824,96,96,45,5
4.4544768044387686,94,94,37,2
2.7456741514666358,96,97,50,6
3.7180759389008293,98,99,47,6
1.7636976986386566,96,97,44,0
5.6363411661319400,94,94,52,3
2.6792715158717315,94,95,51,6
1.3964766927664007,98,98,45,0
3.8885026975928008,96,97,51,5
3.1529207446880760,98,98,48,3
5.2723417261399392,96,96,50,2
1.3816118757557496,96,96,42,4
1.1567595881376986,94,95,50,3
3.7723402996221886,94,94,55,0
2.0452674190491065,94,95,55,2
4.0839795005458877,94,95,41,4
6.0843180604592924,96,97,47,7
0.2521658479509682,96,97,52,2
4.7074148265893569,94,95,45,4
1.2176114443202291,96,96,46,6
4.6965967514605120,90,90,48,1
1.9464767246226584,96,96,57,3
2.0072304306929718,90,91,47,4
5.7367842651889100,96,97,53,3
5.7510765150963596,96,97,58,0
3.0386809537664448,98,99,60,7
1.4765087358807121,94,95,49,0
1.2528693763047298,94,94,50,3
5.4545829352576565,96,97,49,7
6.1754571391300219,98,98,53,2
1.1805316101200964,94,95,56,7
2.5336715384971309,98,99,47,4
2.7710548496053446,98,98,46,3
4.4489285215416592,98,99,46,1
4.8814226243905328,98,98,53,2
3.4139425732695008,88,88,46,4
1.9160897168100566,94,95,50,7
0.5946986551603451,96,97,48,0
0.4457604984112407,98,99,42,5
5.8700370867523750,96,97,44,2
2.4064774937564342,96,97,50,0
5.6680594230078238,96,97,47,7
5.1452660921045474,98,98,44,1
4.0855176114194487,94,95,48,3
3.0199818682500159,96,96,47,3
0.2227840136906225,96,96,47,7
6.2796660628820735,96,97,48,2
6.1856001588125187,98,99,46,5
4.0270572650257277,98,99,47,0
6.0986084848293469,98,99,43,2
2.0852874989448473,96,97,43,7
1.7445855209627839,96,97,52,6
5.9592249538366087,94,95,53,0
3.7188335468229603,96,96,53,3
0.1372818884266623,96,97,53,1
4.1161036777019033,96,96,59,7
5.3440085360093539,94,94,43,2
1.6704039471173664,94,95,55,6
5.3438703194724226,94,95,59,6
4.7412794930571209,96,97,51,3
2.8031760052235617,94,95,51,2
4.5827705775882954,98,99,54,5
5.1208740506340797,96,96,45,3
4.4550898929199088,98,99,55,0
4.8305010932653056,98,99,41,0
1.8039934000748423,96,97,52,6
0.2905213482629534,94,95,53,6
1.1243325752337936,98,99,50,5
1.2464169947286530,94,95,48,3
1.5797666909738093,96,96,44,0
6.1680494269733597,96,96,50,0
0.1597292556898134,96,97,58,0
3.6670648829234214,98,99,46,1
2.3906193997590970,96,97,47,1
2.4454025727692090,92,92,52,4
6.0477319245429806,96,97,46,0
4.5259059699616699,98,99,45,4
3.9929824571396475,98,99,61,4
4.0173736611166095,96,97,55,1
5.3895706913708059,96,97,39,7
3.8137426737587936,96,96,44,4
3.1956897780630285,98,98,54,7
4.6249044338648462,96,97,54,6
1.3728789595855249,94,94,43,2
0.4290403958842124,98,99,51,2
3.7732615949454589,94,95,52,5
6.1460485398006446,94,95,49,0
1.0861468233646099,96,97,47,1
0.6357888338529658,96,97,60,4
4.2122191226418044,94,94,38,5
4.5106909805042585,92,93,50,0
0.7571984023458388,92,93,54,0
3.3587964692817485,96,96,56,0
1.4140482600048463,96,97,43,5
1.5493728512485114,96,97,49,5
5.3243343928946611,96,97,48,6
4.5021675909415855,98,98,51,2
2.2025634290959601,98,98,54,7
3.2711278846088736,96,97,45,5
2.7826518130742168,94,95,52,3
6.2189404053111019,96,96,39,3
1.8956953347107119,88,89,48,4
1.5828184462438957,94,95,41,0
2.5816697894001650,94,95,52,5
5.3365577845548975,96,96,55,5
3.9629298332808305,98,99,45,0
1.9740794387802092,96,97,51,5
2.2098926972518798,98,99,56,3
3.7447415077595454,96,97,56,4
3.1076718106308894,98,98,52,1
3.9891148329475428,96,97,46,0
2.7633821702738248,96,97,45,7
1.0088901858333301,98,98,50,1
2.1120007372632346,96,96,51,5
4.4330761446972620,98,98,54,5
0.0621152125797136,96,97,52,6
6.1604935634929454,96,96,45,7
2.3315761409364004,96,97,60,2
0.8117304414103033,92,92,52,4
1.6214457291746720,96,97,49,7
2.5937231903308402,90,91,51,2
3.7354083003814167,96,97,54,6
3.7892273666126952,94,94,53,6
0.8305880125843785,94,95,51,2
4.0539321089984419,94,95,42,5
6.1304529396709455,92,93,48,0
0.2733003253413307,94,95,33,4
1.3052602342886717,96,96,41,1
0.4665333333874743,98,99,53,0
4.1753836828864737,96,97,49,3
1.8516407910803909,98,99,47,2
2.0149926622180199,94,95,60,1
2.2830195959268109,94,95,45,4
2.3745749637259155,96,96,43,1
3.8099621782809487,96,97,43,5
0.8041400941415544,96,97,56,2
5.9845934827490304,96,97,48,2
1.2570340750103615,100,101,58,6
5.0568341559884820,94,95,54,5
3.0448964588059106,96,96,41,1
5.6074405350165648,94,95,47,0
3.2118272067383158,94,95,47,6
5.8897847067245532,96,96,54,0
2.0522405379814761,96,96,47,3
0.8000435800881115,98,98,53,6
5.9379971566935374,96,97,51,3
1.2232554184674096,92,92,53,3
5.2878196243786748,92,92,42,6
3.7569456310373250,94,95,56,3
5.0922129441027604,96,97,46,0
0.0028897085427261,92,93,58,2
1.6414389828123654,96,97,46,0
1.9047426500888294,94,94,56,1
2.0671348738397639,94,94,39,4
5.4914150381603148,96,97,50,0
0.3661964240113488,102,102,52,1
3.1497540096605765,94,95,58,7
3.0041226026358996,98,99,49,2
3.7961742668886007,96,97,58,2
3.5137421473457477,84,84,44,2
0.5235652870896497,94,95,47,0
0.7399897517486417,90,91,53,2
5.2433290478924839,92,93,46,6
4.6531958064081831,96,96,41,7
3.8949847755946685,96,97,56,6
3.9078162469663416,96,96,51,7
0.7504622797322870,98,98,46,3
1.7734474220766021,96,96,44,2
1.0639641274016662,96,96,49,7
1.6333109674469504,96,97,41,3
1.2176091549740924,98,99,57,4
1.5177344051381021,96,97,41,1
1.4782408522259676,98,99,51,6
3.4246216428010738,98,99,51,2
2.9951643543989110,98,99,53,0
6.0041842528916760,94,94,54,1
1.1968800404906104,96,96,49,1
2.5736283616388276,94,95,54,1
0.5215796343294087,94,95,51,2
2.1935636629845257,94,95,47,4
5.1646280117501755,96,97,60,6
6.0672105327487245,96,97,49,5
2.1187403830918048,96,97,38,0
3.2331962436801218,96,96,56,6
0.9663500666084238,96,97,50,2
4.5115953956664958,98,99,51,0
0.3649626556603291,94,94,51,0
2.3083444711852250,100,100,52,2
3.3520624724331238,98,98,55,0
4.9545714370016984,98,99,53,2
4.6839437446040719,90,90,41,4
0.4626520686929434,96,97,39,1
3.2377679691272512,94,95,53,2
5.1966566234169198,96,97,54,6
1.0992257380901362,92,92,51,7
5.1329121019298771,96,97,52,2
1.6147631201858730,90,91,46,7
5.1795576498655427,98,98,53,4
5.2790740035384740,96,96,54,4
1.6196952197903445,96,96,53,7
3.7236749578661477,94,95,53,4
5.2638859501890547,98,98,46,7
5.0732769443511909,96,96,37,5
4.1366013734395501,92,93,40,4
4.6110024546032671,100,101,52,2
1.2482464258074906,94,95,46,5
2.5007510259972547,96,97,50,6
5.3698522599820153,96,96,49,7
0.4165508980618187,96,96,57,1
5.1520089208740147,96,97,52,2
2.6778591557399083,94,94,52,7
2.5679560583095045,98,99,45,0
5.6240404893356359,96,96,33,5
4.4335202797122664,96,97,53,7
0.4475652318591449,96,96,52,6
4.5373571212147716,94,95,37,2
3.5175163770436995,90,90,47,2
6.1281823078953872,98,99,47,2
1.5184427001826788,96,97,49,3
4.6965029997950847,96,96,50,0
0.4480122619229718,96,97,40,6
2.2128002104322162,96,97,50,6
5.2164012099450483,96,97,48,0
5.2488355594369045,96,97,39,5
5.4616882353111338,96,97,47,3
0.1194914000404212,96,97,55,1
5.4599776798602440,94,95,53,4
1.3190329455504013,96,97,48,6
3.9232164570032291,96,97,53,1
3.5164980252583371,100,101,43,7
4.3559701775958128,96,96,52,2
0.8147507479881828,94,94,42,5
5.4888057307043452,92,93,48,0
4.1105397845501424,94,95,56,5
0.4272820843906099,92,93,44,4
6.2377011968350384,96,97,51,3
5.9781632506848164,96,97,49,1
2.8133999761583581,98,99,47,0
2.7448214494140872,96,97,50,2
0.5065779338031020,92,92,44,2
1.4528550208089486,94,95,53,4
3.3536060922060993,98,99,50,5
1.5321131082238826,90,90,49,2
5.2282831203869673,98,99,48,1
2.9456896041818270,96,97,51,1
2.9607459296975986,96,97,53,5
3.9765519941237422,102,103,61,6
3.9821720571625501,96,97,50,6
3.5415002285832879,94,95,49,6
0.8442157527197346,94,95,56,7
5.4877357600882721,94,95,46,7
1.9941366365245552,96,97,49,1
3.8117060616827048,94,94,53,2
4.3029062873544124,96,96,52,2
1.2564591664695195,94,94,49,4
1.1095672777972487,94,95,53,4
2.1278659528317898,96,97,52,0
6.1848130066046227,96,97,51,7
2.1112242267863413,98,99,57,6
6.2567402962059200,90,91,54,5
5.6079739035536633,96,97,41,3
3.3618631795137146,96,97,53,3
1.5018507466640929,96,96,44,0
5.2792237874959760,94,95,46,7
3.9205054804081474,94,94,50,7
0.2772657811455689,98,99,47,2
5.3403813896051595,92,92,39,1
4.4600988388243277,96,96,49,5
0.1685884534611964,92,93,45,3
5.9046036008878220,96,96,52,2
6.2423101711549815,98,99,44,5
5.1953025316269681,88,89,34,2
4.7194356512182853,94,94,52,3
2.0152226745571729,96,97,58,4
4.5254529513685489,94,94,47,0
0.1435160797019466,96,96,48,0
6.0455915649880465,92,93,46,4
5.6275288569939743,96,97,47,3
4.4308757205172205,96,96,56,6
2.9559724966156176,96,97,47,1
2.5136108785505655,96,96,54,6
4.5255185016541510,98,99,56,1
1.4503181789528223,96,96,52,2
1.8087398314034377,96,97,55,5
2.3573587388149959,96,97,51,1
6.2430702351712748,98,99,57,4
1.9890317699622686,98,99,53,2
0.9950565403158018,96,96,57,5
3.5768151385031235,94,95,49,0
1.1676866265098227,96,96,51,7
5.2047927802365086,96,97,45,3
5.7426899192815535,94,95,50,3
1.0530516738200566,96,96,48,2
0.9957944692021264,98,98,43,0
2.2191847386913568,92,92,43,1
5.6098721268957812,96,97,45,5
5.0530203694028968,96,97,50,0
5.3290110277963834,96,96,53,5
5.5631906214152247,90,91,53,4
0.7179165647634650,94,95,51,6
1.6709770366341612,96,97,59,7
3.9030315927638619,96,96,59,5
2.7073676335502670,94,94,52,1
5.3389181583499186,96,96,45,7
6.2468243496381506,94,95,47,4
5.1304427880830072,90,90,46,5
3.8893815459749588,98,99,51,2
1.7739558020214452,98,98,47,6
5.3749158545422704,96,97,46,4
3.4603570878684762,98,99,56,1
0.6266598237090457,96,97,46,6
1.2193982107065997,96,97,48,4
1.6979970736072421,96,97,51,5
3.2310082383172536,94,94,48,7
0.4538545488995316,94,94,44,1
0.6572946592050593,100,101,47,1
4.0643053830860394,92,93,39,3
4.1062195396503309,96,96,46,0
2.2490968781486047,96,97,52,4
5.3101272444858179,96,97,41,1
4.6953226386488014,94,95,41,6
5.4151175575396620,96,97,59,3
4.3918020203658061,96,97,56,0
0.3362422928995893,94,94,59,6
4.4681765301472183,94,95,47,6
4.7294264542563447,98,99,50,1
0.4225574451862752,94,95,52,7
4.3367299144211682,98,98,54,3
6.1352841720429527,96,96,52,6
0.6778796884757710,96,97,42,0
2.7270030193759380,98,99,51,2
3.4529470409250593,96,96,51,3
0.6397724196803359,94,95,55,2
5.6824560659841108,98,98,54,5
2.8453727111841607,98,98,54,1
3.3623668068980583,92,92,50,2
6.1909946073578590,92,92,47,5
1.6783285914596990,98,99,51,4
5.2797041757370096,96,96,51,1
4.8394834810848018,96,96,48,0
4.0669376473365944,96,97,56,2
0.1101505159772117,96,97,47,3
2.2707412374084326,98,99,55,6
4.5055199727407880,90,91,52,7
4.1886708078764681,96,97,41,5
5.9620380319981319,96,97,53,7
1.3292091737429585,96,97,51,1
0.0674933737851067,96,96,49,1
5.9472964010034479,98,98,53,2
1.0488960284265569,96,97,54,0
2.3076790582300704,96,96,49,1
0.2262640482234199,94,95,43,6
1.6931159088783334,94,94,45,6
5.6840277673573709,96,97,41,7
1.8636719965682724,96,97,62,0
4.4055287106666263,94,95,54,7
1.5878987676809841,98,99,45,4
3.2341327708112617,94,94,51,2
3.3203391574461083,98,99,51,6
3.4769042988954113,96,96,51,3
4.3853583476639253,96,97,51,5
4.8889280126738210,94,94,53,0
2.5616483961347014,98,99,51,6
1.7903282742359843,96,97,56,2
4.2731890924106706,90,91,56,7
1.9924256223472014,96,97,50,4
2.9756523717321905,96,97,47,7
4.0555758932901478,100,101,54,6
5.2823226644907919,98,99,55,4
2.0644862834412172,96,96,40,0
1.6120234799707551,98,99,44,3
0.3577524785358892,96,97,48,4
1.2112916622192922,96,96,50,6
3.4065900400170710,96,97,63,3
1.0892603556827039,96,97,44,6
4.1757101040056757,94,95,51,0
4.0712323033090048,98,98,44,1
3.3419751996222971,94,95,50,3
0.8515076347199318,94,94,45,4
4.9873043621055384,96,97,60,0
1.2168993357935962,96,97,50,6
4.6416373305575265,96,96,44,2
2.7912140337995766,96,96,44,6
3.8187025790119709,94,94,43,4
5.3859976868164186,96,96,48,4
0.5248027380995071,98,99,49,6
6.1132202292389932,98,98,48,1
2.1104008076952128,94,95,49,4
4.2690997989507693,98,99,57,4
1.9880740986730707,96,97,48,0
4.7464607977060780,96,96,42,4
1.3758021900502286,88,89,50,0
3.8115755969515233,96,97,44,4
5.4251793868791118,94,95,53,0
2.4519699945504736,96,97,52,4
4.9076749471261794,94,95,50,7
0.1249601951105728,94,95,50,5
1.5092573679978321,98,99,57,0
0.4744415109861588,96,96,50,0
5.5910516960620926,96,97,52,4
3.2209262396052263,94,95,48,5
4.5040777831730594,92,92,39,3
2.5274183504846826,96,97,41,3
2.1124419521481839,94,94,40,3
0.6730312408867266,96,96,56,4
0.3449038683603377,96,96,56,0
0.1511221833712698,96,96,52,2
0.3667032737548993,98,99,42,7
5.0192790545925847,94,95,51,4
4.8585978289359764,96,96,54,4
5.6308753976398345,92,92,53,7
1.4039027845252041,96,96,49,7
5.9403233919439815,96,96,45,1
1.3251019565691815,98,99,48,5
3.1967972027927751,96,97,43,7
3.9756646372596482,94,95,46,3
6.2695974430222581,96,97,40,4
1.4143304002752468,96,96,48,0
2.7483365774347526,96,96,46,6
1.8190602706180381,94,95,42,3
1.6895069826048243,98,99,57,4
0.1364093444338393,98,99,65,6
5.7565302655257735,98,99,52,7
3.7628044609307492,94,95,45,2
6.2731382694416151,98,99,53,6
1.1233492668751037,96,96,54,4
5.3062996625820746,94,95,52,5
5.2024554248117481,94,95,44,5
2.4819188948105650,96,97,54,0
2.8717456168919995,98,98,51,6
0.9747889378716482,94,95,53,4
2.7845549321067353,96,96,48,4
4.0299419407808461,96,97,55,5
1.1176652823750626,96,96,46,4
2.3160614410288747,98,99,52,5
2.2251555768145770,94,95,52,3
5.9785616322387947,92,92,46,0
5.2359878993117768,94,95,44,5
5.9093974357717096,96,97,53,1
0.1931719157204188,96,97,56,4
6.0855451217994911,92,93,54,4
0.8412043772800439,96,97,52,2
2.8582652233715971,94,95,53,4
2.3590741572475484,96,96,49,1
4.6706406403729517,94,94,51,0
1.6644061664270418,94,95,52,7
6.2232497444659520,100,101,51,5
3.7226431338189006,94,94,47,6
2.6719167154282082,98,98,51,0
4.7135476941043111,96,97,48,4
2.6387726785593553,96,97,48,2
5.1003712367961995,90,90,49,0
0.7489082428359928,94,95,57,4
0.3178150794911436,96,97,52,6
2.3949253811796014,92,93,47,1
5.4525209884026804,94,95,55,4
5.2385666763914482,96,97,58,0
0.5947870102354766,98,99,44,1
4.3494718980136655,96,97,49,7
3.9221769654210497,98,98,55,2
1.0981334437632619,96,96,46,4
0.5019774025453662,96,97,48,6
6.0096694268680402,96,97,45,1
2.8456953856949321,96,96,54,6
3.6892009741110994,96,97,54,4
2.6496250520923592,98,99,59,6
1.6210366388808786,94,95,42,1
4.7277310402108723,96,96,52,6
1.3703418666775771,96,97,53,3
3.6665565493198184,94,95,54,1
2.0900309889247777,96,97,46,4
2.8678571176579046,96,97,45,3
2.2384922608530333,96,96,63,5
5.7998204398807456,92,93,49,7
5.7210585012543120,94,95,48,7
3.8756138519585681,98,99,47,2
3.5813370053169988,92,93,45,1
2.9742419702635767,98,99,54,3
3.8900733691678400,96,96,47,5
5.7731894987399945,96,97,50,2
0.0847945567546465,98,99,45,4
4.5843642687705186,94,95,46,7
1.1195876157370823,94,94,42,1
0.4244624963975889,98,98,52,5
3.7451961462789116,94,94,54,7
2.7772160680333422,96,97,45,3
1.4415837119846489,96,97,48,2
4.8210349254692542,96,96,48,2
0.1213233038889238,98,99,54,3
3.5765545251848438,98,99,50,3
0.0330591453975760,92,93,41,3
3.1793215444559908,96,97,49,5
5.9463921047895081,94,95,53,0
4.9133891504174168,96,96,56,2
1.9896794953122807,98,99,45,2
0.1744763447094310,94,95,48,5
6.2674931279640855,96,96,40,6
5.1869139682875511,94,95,47,6
1.2300617885454201,96,97,51,7
3.7137528040805412,94,94,56,7
4.4114333623633399,94,95,51,0
5.1940644768510023,94,95,43,4
4.4437617414740558,94,94,54,5
0.7238992028660521,94,95,37,6
3.9775373057489904,94,95,44,1
5.6511716019477651,94,95,55,6
6.1006918004844790,96,96,46,4
1.8678088720923842,98,99,54,5
1.1417819386232586,96,96,50,6
5.2740775882739399,96,97,47,3
4.6072247775931228,96,96,45,7
1.7456901213182832,96,97,45,7
3.3841151765963557,96,97,41,3
6.2713639970880495,98,99,45,2
4.6706796465115916,96,97,51,7
2.3479223108571574,92,93,51,1
0.6070719493366219,98,99,54,1
6.1321830864362932,98,99,51,0
6.0671580440144357,94,95,54,1
4.9220738383722908,96,97,39,7
4.1181557146674370,96,97,44,4
4.0597190891954629,92,93,47,3
3.4667993759080176,96,97,61,7
1.5638232667926126,94,95,48,5
0.1057572960010478,98,99,53,2
4.0477876334115415,94,95,50,1
3.9005793952291379,96,96,50,4
4.8857140739876446,96,97,43,1
0.7718398447703573,94,95,51,0
0.4874672515874460,98,99,60,5
4.7799007576834711,94,94,45,2
1.1771138093438978,98,99,58,1
5.1693613003361589,96,96,44,6
3.9109098235165116,96,97,51,7
3.4269808868840190,94,95,49,4
0.7819439085978455,98,99,53,0
3.1157877783669181,98,98,49,0
3.7919108189327964,98,99,45,0
5.6240019232001375,96,96,55,5
4.7801923142767517,98,99,49,2
4.5304815661391720,94,94,40,7
5.0732012970943057,92,93,54,4
0.6011207926775417,100,101,48,4
6.1297967204308241,98,99,53,6
0.0830809332866070,94,94,55,6
2.4247929025083148,98,98,57,4
3.0216577726730609,96,96,39,5
4.0904936536356091,96,97,48,4
1.8273659816702505,96,97,52,2
3.2085445243057782,94,95,45,6
5.2810888288549469,96,97,46,0
4.6045457433706920,98,99,59,0
2.6222830243623756,98,98,47,6
2.6638764554155219,96,97,53,5
3.6068142406528181,96,97,53,5
4.5177456697477858,98,99,53,0
0.2238368218625634,98,99,55,6
4.0897191316327799,96,97,45,3
4.1606863945426706,98,98,56,3
4.8353595461919205,94,94,51,0
3.9142552845491299,96,96,58,4
5.4004581807719605,94,94,54,7
0.7607595016583468,96,97,45,3
2.9555406187802640,96,97,49,3
6.2584852280395458,94,95,45,6
1.2563703888482765,96,97,55,7
5.8986545422812426,98,99,59,2
4.5376859792417186,96,97,47,1
4.5626669125110384,96,97,49,5
2.0026735967146476,94,94,57,4
5.7750642802206613,96,97,51,3
4.5987178982293857,96,97,39,3
3.2232950469333410,94,95,57,4
0.1430782148916862,94,94,57,2
4.8510161068931019,96,97,43,3
5.1103119490141191,96,97,49,5
2.1045484830683612,94,95,48,5
1.0032055369240052,94,95,54,1
2.3293965507613246,98,99,54,1
5.7325059616145833,96,97,46,0
2.9465140006210078,94,95,54,1
0.5357802916931023,96,96,56,4
0.2548635516835496,96,96,46,0
3.4979628587620986,96,97,46,6
0.8214157264353746,96,97,53,7
1.7504627543059466,94,94,52,7
1.5951191940879121,94,94,50,7
2.6140929027955977,98,99,51,4
0.2349292609829462,92,93,46,0
2.1057913400843726,94,95,51,2
0.1553161940950543,96,97,49,3
5.8511427079608112,98,98,34,1
0.7418392589620393,94,95,60,1
1.3962756777722662,96,97,48,6
0.0108819547915277,96,97,48,2
1.4998449025912766,98,99,49,4
6.1080244969089090,96,96,50,2
4.5580374308866709,98,99,62,5
0.5896103300890453,94,95,51,6
5.1451095603863868,98,99,51,2
1.5334459990206404,96,97,52,0
5.3274599511392990,96,97,52,4
5.9620224214725015,98,98,51,0
5.7759622133934307,96,97,41,3
3.0749118796604127,98,98,51,4
2.7642008079685128,96,97,61,5
2.2026715241732817,94,94,47,4
0.3650587360519539,98,99,41,2
2.6833570191725391,96,97,50,0
5.5768328155276823,96,96,47,3
0.0459619632943228,96,97,45,1
5.9496038710968975,96,96,47,1
1.6365466470410985,96,96,52,6
0.7741092747929624,94,94,46,3
2.0693210686980623,96,96,44,2
4.2736982422171534,96,96,53,5
0.3270690014418688,96,97,51,3
1.6244888315221671,98,98,48,1
3.0246890508181785,96,97,49,5
5.4196687781235191,96,96,48,6
1.2629790170555042,96,97,51,5
0.2433473631068289,94,94,46,3
0.3951632684029973,98,99,49,2
1.1320955353332021,98,99,47,2
0.4811684065390580,96,97,55,5
0.7849006612779402,98,99,47,0
0.1321917607622150,94,94,49,2
6.1753259568661072,96,97,50,6
0.4709231526547620,98,99,55,6
3.0940707965315757,96,97,54,0
4.3923986862633129,94,95,54,5
2.1282562078001983,94,94,54,3
3.2446806662459320,94,95,62,7
4.8608835758435269,94,95,46,1
2.5362312698451794,96,97,51,1
5.8958619284950959,96,96,48,0
0.0521472355027037,94,95,52,5
3.9696655014296520,96,96,53,3
0.0318800133898061,96,97,54,6
0.6543277067706513,96,97,52,4
0.7837287120964384,98,99,50,7
3.1331917271764955,96,97,53,7
3.8697091028005048,94,95,45,4
5.0761679064233762,98,99,47,2
0.5213008200284048,94,95,61,4
2.7908677796705028,96,96,50,2
3.1891309248128668,98,99,53,2
3.1755987243761803,96,97,54,2
4.8276252632025756,94,95,37,6
3.4178161642658527,98,99,53,6
2.5442546073815402,88,89,45,5
1.5185703150388374,94,95,46,1
0.3546986916029384,96,97,52,6
5.4730593507129912,96,96,47,5
1.2427808333298762,96,97,47,1
6.1131372199374781,96,96,42,6
2.8982564483571100,94,95,48,1
6.2211348414518453,96,97,46,4
3.1937862687614231,96,97,53,1
5.2497984424020023,94,94,51,0
1.6023556641437671,98,99,54,5
0.3451268574248978,94,94,44,5
4.4310598510397110,94,94,52,1
5.4243111435584055,98,99,44,1
5.4042752094317219,96,97,54,0
4.8518646171958331,96,96,43,1
5.1057246526761624,96,97,56,6
4.6720981757849129,98,99,56,1
1.7319780714297062,96,96,47,3
0.8179102841124049,96,97,60,0
4.5199092090193380,98,99,57,2
0.0843068041218470,98,99,51,6
5.7356918528043295,98,98,49,6
2.6513067705124871,92,93,55,1
3.1304135765425376,96,97,51,1
2.2085084721776704,98,99,56,3
2.8312043587085109,94,95,49,0
1.9658744919734967,96,97,60,6
6.1824331276093663,94,95,45,0
4.6489145230956748,94,95,53,6
5.3386749778916318,98,98,44,7
2.9026199177208833,98,99,51,4
4.5386786892534916,88,89,42,0
3.4712955408592783,94,95,52,5
5.3028723985720658,98,99,58,5
4.6974762704512907,98,99,46,3
1.6255051825332534,94,94,53,0
0.9184311139161762,96,97,60,4
0.4414249698645067,96,97,45,7
0.4224972227565702,94,94,46,3
0.9933011437604214,98,98,35,2
2.3646410829482378,94,94,51,0
1.8364957618405171,92,92,48,2
3.8139366924114837,96,97,54,4
2.9233751634954297,94,95,46,3
6.1495948833468086,96,97,52,2
1.0503426448451427,96,97,51,3
0.4384751663111994,96,96,54,6
3.8572363662364419,94,95,56,7
4.9174952913078922,94,95,53,4
1.3329330107403881,98,99,51,6
5.2206549358499936,96,96,50,4
0.6902348158766867,96,96,47,5
4.8896163066278868,96,96,55,3
3.6759302171250892,94,94,56,7
3.1429833247599772,96,97,53,1
1.8142585646677327,94,95,47,0
0.3007215298881488,96,97,43,5
3.3427954782315279,92,92,45,1
5.3423298689377150,96,97,50,4
5.8624730440357355,96,97,56,6
2.6910569476106021,96,97,54,6
0.8336378344232169,94,95,54,3
4.1482145957207894,96,96,36,4
3.8047230453670764,96,96,61,5
4.2904124081514512,96,97,55,3
4.7622609616359268,96,97,54,2
3.7821942342973229,94,95,44,5
0.5556886445793889,94,94,48,5
1.1480921333391170,96,97,54,4
5.0464733862211197,96,97,53,3
0.8945348555059690,96,97,56,4
0.6939143450864264,96,97,48,0
5.2507299293574778,96,97,49,5
4.8698726989531362,96,97,57,3
1.1517680944103801,96,97,40,4
2.9107937461168354,98,99,51,2
1.5872564435763359,96,96,49,7
3.3597236627303779,98,98,50,1
0.3611518936845786,94,94,46,7
2.2669433570732815,94,94,53,6
2.5116710047163080,98,98,50,1
6.1745430809061137,92,92,45,5
5.1688689816875097,98,99,54,3
0.5221833646881292,92,93,50,6
5.8316441885419019,98,99,54,7
4.7199787208014303,98,98,57,0
1.0770763423461804,96,97,54,6
2.9180578008798577,96,97,51,1
6.0781532793962363,96,97,52,0
5.1606350651164021,96,97,45,5
5.1739221201927208,96,97,51,3
0.5414841733093092,96,97,46,2
0.7782917956358991,96,97,55,3
5.0746880893601043,90,91,48,1
1.4870292663149409,92,93,56,6
0.2323893799626932,96,96,45,1
3.3548003519017255,98,99,56,5
5.0626281377226192,98,99,54,7
0.2003470530320705,98,98,53,6
2.0718295178734230,98,99,52,7
5.1478558818978915,98,98,51,4
1.1515049096247114,98,98,52,3
5.0397331842236168,94,95,38,1
3.2787280204812008,96,97,41,5
0.6376550523605299,96,97,53,7
2.6764779060474613,92,92,41,3
2.2926538531192722,94,94,47,6
5.2090096870570664,96,96,52,6
1.3879915025928928,96,97,46,2
2.4506329418149155,96,97,60,2
2.0696499966570383,96,97,49,7
2.4692651112268886,96,97,53,7
3.7372060059492616,96,97,49,7
5.1556939724051478,94,95,54,7
0.0239961031414937,98,99,46,5
1.0988026807244906,92,93,47,5
1.7311156384786570,96,96,50,6
6.1701000750227557,90,90,40,7
5.6921580853718723,96,96,44,4
2.5670246275288533,94,95,52,3
0.2870264567480763,94,95,54,3
3.2504623870327540,94,94,47,4
0.8544069745864480,94,95,51,0
1.0256709541852269,96,97,54,4
1.4189603788241976,96,96,52,0
5.7780923962707238,98,99,42,5
4.6970278922417874,96,96,53,1
4.9468337793641721,98,98,53,0
3.4466560470832830,96,97,45,3
3.7582197239495767,94,94,45,4
3.6659947125806900,98,99,56,3
4.8737734329908804,98,98,58,5
5.7302480878619004,94,95,50,1
3.4406817928266471,96,97,51,5
3.1298035632734926,94,94,57,2
4.7380602258778062,96,97,49,5
1.4197555767917702,96,96,56,4
1.8034722999012485,98,99,45,4
5.8396710505849496,92,93,38,4
0.2933218021498648,92,93,45,1
2.9015550572762381,94,95,56,5
1.4599997151257513,98,98,48,7
3.7805383472131577,96,97,51,7
5.0509618369831246,94,95,55,6
0.8935741747866395,94,95,40,7
3.8539703384165884,96,96,58,4
2.1437276057113288,92,93,39,5
4.1787515742691985,96,97,42,2
2.2733416746498434,96,97,55,1
1.8210007271363229,96,97,52,6
3.4196718872808249,94,95,51,0
1.2009066626617191,98,98,65,2
3.2659964463741229,94,94,45,2
4.9117413858444445,96,96,46,0
4.0857982144134199,96,97,56,6
3.9410570839699215,96,96,52,6
4.3965284066891339,96,96,56,6
2.4327687265235487,94,94,44,1
3.7472305904300152,96,97,40,4
5.0353878642245595,96,97,50,6
1.5677641773760449,98,99,45,0
0.5834031298884703,96,96,50,4
0.7953143243293115,96,97,47,3
0.6409445705630004,96,96,40,4
3.3266809203303556,96,97,60,4
1.8037665859686005,96,97,59,7
4.6078617861245634,98,99,47,2
5.2626539838280175,96,96,48,4
1.3051379765914046,100,101,46,2
5.7437968100878267,92,93,54,6
5.6643488819642593,94,95,48,5
1.5591171192979711,88,89,50,4
1.6110079022135466,96,96,47,5
5.1680255249892495,92,92,49,1
3.9745306791388946,96,96,50,0
5.4086309354702413,96,96,47,1
6.2592989127284708,92,92,49,5
0.1221502759203465,96,97,48,6
1.9694248588170284,96,97,36,4
3.3692898662386379,98,99,46,1
5.9002477119497794,94,94,48,7
5.2087827203786574,96,96,51,5
1.1812559280408683,96,96,42,4
5.7003774121277573,92,93,38,6
5.5247190189043556,96,97,50,4
4.9867233556301800,96,97,52,4
1.5862684122217117,98,99,45,6
2.1035826132045563,94,94,38,7
4.8471742373515996,94,95,56,7
3.5209058852901740,96,97,43,3
4.2159210700040903,98,98,54,7
4.3276772318487895,96,97,50,4
3.1722204791156177,94,95,55,0
5.2528030209214682,94,95,51,0
3.9979047279437889,96,97,60,4
3.7037251694874396,96,97,42,2
4.4759609157468523,96,97,52,0
4.7548739616282480,96,97,50,6
0.2277470171402008,96,96,45,1
0.6564870884167372,92,93,38,0
5.7685711279722121,96,96,51,5
0.9492545500362640,98,99,46,3
1.7456002368126751,96,96,48,4
3.2387344312059709,94,95,47,4
0.5388745473105560,96,97,45,7
5.5192822547775711,96,97,53,5
3.1114390494568478,94,95,37,0
4.1527211307755838,98,99,52,1
3.6682558043963911,96,96,49,7
1.4751114715545990,94,95,44,3
1.1696655071876143,96,97,51,3
1.9155709562170009,96,96,52,6
5.7170436176548103,94,95,64,5
2.3345704430060343,96,97,54,4
0.0822911749273974,94,94,49,2
5.4451776547493767,98,99,51,6
4.1628890509708514,94,95,47,4
2.9769790672172962,98,99,59,6
1.8788719705443060,94,95,51,2
3.8352959886609042,98,99,53,0
3.5303594668131133,94,95,49,4
1.7067128873297408,96,96,67,7
1.8894021424800389,96,97,49,3
4.8530917427832030,96,96,54,6
4.7970354322090865,92,93,53,3
0.4394430842162418,96,97,52,2
2.3902780266484540,96,97,45,3
0.4901095668080940,98,99,54,7
3.2482019821912855,96,97,47,3
5.1051218224238175,94,95,51,2
6.2531223236411915,98,99,52,1
6.1822945498778941,96,97,50,6
0.8984607811956129,92,93,41,3
1.1306721326851903,94,94,50,5
1.8035319581015772,94,95,60,1
4.6895532433113134,96,96,55,5
2.3440719580051961,98,98,51,4
2.3386568817491895,90,90,41,0
0.1696030989488118,96,96,50,0
2.1437104790119852,96,97,48,0
4.2191596273255989,94,94,53,0
2.3699731445496086,98,99,47,6
4.2347113704616577,96,96,42,4
0.3718738261441960,96,97,49,5
5.8975236248625063,96,97,43,5
3.6445896172073931,90,91,49,4
5.7174391390415762,92,92,48,2
0.1691705938338627,98,98,49,0
1.4162475286635581,94,95,40,5
0.0494382766184765,96,97,51,3
3.7422650014832892,96,96,45,7
1.0728705666922989,96,97,49,3
1.2520204939214594,96,97,54,6
5.9693144675283305,94,95,58,3
4.9023886442069520,96,96,39,3
2.4910712869780447,94,94,55,4
5.4441348752963430,98,99,50,7
2.5863612414586510,94,94,45,0
2.1426300883050131,94,95,54,7
5.0599041545205790,94,94,56,1
2.7994681401001289,96,97,58,2
1.8145903903122220,94,95,42,7
0.2315181182020903,96,96,45,3
4.5417033382678484,94,95,55,4
3.3115789104395357,90,91,51,0
0.0440147641244931,94,95,49,6
5.6500981606313498,98,98,49,0
1.0252483058402380,96,97,54,0
5.2442353219901054,98,99,40,1
5.1098417613291875,94,94,34,3
5.6710616123802025,94,95,55,4
3.2523313808142831,96,97,56,0
5.7044774886366802,94,95,56,1
1.1459122756709765,96,96,41,3
3.8243339899947095,92,93,49,7
2.3596056545221376,96,97,42,6
4.3428134371804505,96,96,51,5
3.7536194421868880,96,97,51,3
0.8759025960797389,98,99,45,0
4.5237866147365171,96,97,46,4
5.3353737387615547,96,96,52,0
1.0710301981799395,96,96,50,4
1.4657753712341797,98,98,55,4
1.7792699195210777,96,96,47,5
5.9881242505866226,96,97,58,2
1.0080471515246061,94,95,49,2
4.1022756869306942,96,97,50,2
3.8100438707539448,92,92,51,5
5.0196976622218621,96,96,55,1
2.9456894095792419,96,97,56,0
5.7302979054142185,96,97,47,5
1.9527053894867095,96,96,43,7
5.5354456028693484,94,94,40,3
4.7367988726706036,96,97,44,2
6.0498849041779970,98,98,45,2
2.4563647170899361,96,97,51,5
0.2183893361609058,96,97,51,7
5.8922155657495514,94,94,58,3
5.0028287670738907,96,97,43,5
1.7287458550797554,92,93,54,0
3.6101462693046305,94,95,46,3
5.7559379735141549,98,99,48,3
2.3579576504658375,98,99,53,6
4.4689516522435548,94,94,46,7
2.2593746043033964,96,96,44,6
5.1089148967955609,90,91,41,4
1.2685506165521236,98,99,53,4
2.4229565537430493,92,93,46,4
0.9004527266158744,92,93,60,2
4.9445407856830546,98,99,53,4
4.3205723269515381,96,97,46,2
1.5125450425143467,96,97,53,5
5.0302117746072641,96,97,53,5
5.4265562622355406,94,94,54,7
6.1058992704225465,98,99,48,5
5.0146760421393823,94,94,49,4
5.1347885188782492,96,97,52,2
2.1319583317132702,92,92,52,4
4.3726217512225798,96,97,59,3
1.5732747527420994,98,99,45,6
3.4335728492675175,98,98,49,0
5.4331498180194151,98,99,43,4
3.3048121610780616,98,98,51,0
0.0142045476409702,96,97,42,4
4.2527759256012425,98,98,53,0
5.2039181875896068,96,97,49,3
1.8207203655415831,94,95,48,5
3.6283962228832221,96,97,41,1
3.2923534050992265,96,97,48,6
2.8755305979228685,94,95,50,3
3.7599631104573108,98,98,49,2
5.9173378346930283,98,99,52,7
6.0616409702781100,96,97,46,2
5.7064394770158255,94,95,46,1
1.6211196145647220,98,98,59,6
4.9932539035204409,96,96,46,6
1.1308837720799005,98,98,44,3
3.1740720006950913,94,95,50,3
3.5630695674690971,96,97,43,7
0.2451971880139116,96,97,51,1
3.4253299156004182,92,93,51,5
4.0198917660813720,94,94,55,0
0.0370091297259631,94,95,45,6
5.3444980467764438,94,95,43,0
1.7292593158506020,92,92,47,5
6.1325911924207128,94,95,54,7
2.7652433522973241,94,95,42,7
2.7170479587417855,96,97,36,0
3.9084393407547511,96,97,42,0
5.6841080314397354,96,96,48,6
3.8490131569934505,94,95,53,0
0.6172643517514489,98,99,52,1
2.0357781007127440,96,96,53,1
3.8491600588926560,94,95,57,4
5.9173928454582558,94,95,47,4
3.1510833094997652,94,95,50,1
3.7945444209747672,98,98,60,5
4.6815315584164452,96,97,47,5
1.8202490873716148,96,97,48,0
0.8173084709981839,94,95,57,6
0.6997476052300997,96,96,61,1
2.9070721934738568,96,97,49,7
0.5254710196727499,92,93,44,6
5.4780137079985378,98,99,63,6
5.9206263179043193,96,97,53,1
0.0442426751619972,98,98,52,1
5.6004670427733432,98,99,61,0
4.1473332175894759,94,94,49,4
2.1475948859092910,92,93,48,4
3.2826138512803325,96,96,58,0
0.6299627440273260,96,97,59,5
1.8625161724220765,98,99,48,5
0.4157429883139716,98,98,45,0
0.0016245896404772,96,97,42,0
3.2037130789805244,96,97,42,0
1.6443884021198203,94,94,46,1
2.0830477622377406,98,99,62,7
3.2197484100515870,98,99,50,7
4.1532153029111427,96,96,44,0
0.3182066721676948,98,98,54,7
2.5230730960108567,96,96,48,0
5.9158716922917085,96,97,46,0
3.7912635342411569,96,96,48,0
0.0487442526038441,96,97,49,7
5.5004439262905915,96,97,54,2
4.6564935296427361,96,96,48,2
1.2129926559336324,92,93,49,7
4.8564196195656626,96,97,51,5
3.3965041290000739,98,99,51,2
1.0920523606706960,92,93,41,3
0.4306287206998591,96,96,56,4
2.4824943658410277,98,99,45,6
2.1738568711278798,92,93,45,5
4.0666520402671100,96,96,43,7
4.3978210248766638,96,97,53,1
4.6666149783306681,94,94,46,3
4.5976777415138734,96,97,42,0
5.2583906035268608,96,97,40,6
5.0434651136701465,96,96,48,6
1.5489447483359253,96,97,64,6
1.1215850510111975,90,90,47,6
0.0636367415174620,96,97,47,5
3.6955776914418852,94,94,49,4
0.1772419595750889,96,96,53,1
1.9029214250795476,96,97,49,5
0.1890297226773297,96,97,52,0
4.9075749551406833,96,96,58,2
3.5249678968223330,98,98,53,4
2.7741004165303660,94,95,51,2
4.0122357788477672,90,91,48,1
2.9383429958550185,102,103,59,6
3.3004167220806373,96,97,63,1
2.5208901562681314,98,98,52,3
0.1663437453185743,96,97,52,2
0.8388911802302494,96,97,56,2
5.5823607967075342,98,99,50,1
6.0849588484016754,96,96,44,2
4.4252731087450412,96,97,41,3
5.1019960322927078,94,95,43,6
0.2656986737640851,94,95,50,7
5.8077389278319611,94,95,51,6
3.5708209248371263,98,99,54,7
5.0069535108354914,96,97,49,7
2.5846673659167116,96,96,46,0
3.7193637690176651,98,98,50,1
5.6531373252678607,96,97,51,5
3.0528408282099067,96,97,50,0
2.9657773369760552,100,100,60,2
1.6704002533749449,98,98,45,4
5.0531301180974850,98,99,46,3
4.2216656026760546,94,95,49,6
1.5827469625239283,96,96,54,0
0.9142167782979518,98,98,50,5
1.6677285231984280,96,96,44,0
6.0118716946633013,98,99,51,2
3.7899703920852073,96,97,43,3
2.2719154416878435,96,97,54,2
4.2601417490991009,92,93,45,7
0.5279329925459123,98,98,60,1
3.7871424938710434,94,95,48,1
0.4016210061653197,96,97,50,0
5.7836102340502702,96,97,48,6
0.6599947231408758,92,93,57,3
2.2706141493477077,96,97,49,1
5.7342194335096845,96,97,41,1
3.5759139514738618,96,96,44,0
2.0158604652443106,96,97,51,5
5.7606911999037989,96,97,50,2
2.7494271030776876,96,97,56,2
2.8144019033623500,96,97,57,3
0.8887161390969720,94,95,51,4
5.4364902923675205,96,96,50,6
4.1232480943929533,98,98,52,1
5.3337308686546931,90,91,47,6
4.3201447221153471,94,94,50,1
4.9196117753655830,98,98,48,5
3.8195001706877192,96,97,54,4
2.6068162479999044,96,96,51,5
1.2460848445892612,92,93,53,1
5.7582089494221949,96,96,44,6
5.1681118509567430,96,97,50,6
4.3337817480211216,98,98,54,5
1.3541497016303823,98,99,56,3
0.6616880291967688,96,97,53,3
2.4136979457617369,96,96,53,1
2.9649549208051766,96,97,51,1
1.7509437307938822,98,99,49,0
3.3239245777319741,98,98,47,4
0.0918113438958307,96,97,57,5
6.0841771589117464,94,95,41,0
1.1064552194035790,96,97,57,3
4.9936261396681916,98,99,47,6
1.9793834825534227,96,96,42,0
4.4200565893296577,98,99,51,6
3.5719654539020462,94,95,54,5
6.0244090922645608,96,96,40,6
1.2123124084100838,88,88,41,1
4.9017674430541804,96,96,47,5
2.1217500042164681,98,98,48,1
5.9509251425533760,100,101,57,5
3.4566285422497471,96,97,48,4
3.3508107585420110,98,98,56,3
2.5459976757397187,94,95,48,5
3.7538211229424827,98,98,44,1
1.6382889601229367,98,99,48,3
3.9953824692103841,96,97,58,2
4.5839295335247447,94,95,55,0
2.5029940688616907,96,96,49,3
5.8665039382654278,98,99,56,1
5.9710485914178015,96,97,55,5
0.2132171024520735,96,96,59,3
0.6468530573338916,102,103,59,0
4.1994843099872172,100,101,51,1
2.3206726068064891,96,96,45,3
5.1170629461166071,94,95,48,1
5.8471805459986639,96,97,46,4
1.4577971258076639,96,96,54,6
4.7645301135911593,96,96,53,3
2.6274056024222769,96,97,53,1
5.7603721633565392,92,92,49,7
4.2717419625498092,96,96,52,2
5.0940887503467929,94,95,44,5
5.1139951283533387,98,98,42,5
0.4807786311834475,100,101,54,6
1.1315433261517125,96,97,57,3
5.5971192795035556,96,97,49,1
5.4179208713146458,94,95,45,4
1.0834646016258282,96,97,50,0
1.7820366588578287,94,95,48,1
6.1704804012439993,96,97,62,2
1.0873298499868000,94,94,48,5
4.1784122825913652,98,99,58,3
4.8493202368963546,96,97,51,5
4.2791347130337076,94,94,55,2
4.5549821551438630,98,98,55,4
5.9160518545032925,98,99,53,6
4.2181001739053432,96,96,55,3
3.8882846962980890,96,96,52,2
5.4446712015428522,98,98,42,5
0.8008015700459907,98,99,48,5
3.7242181171086579,94,95,52,5
3.0869749920348042,98,99,48,5
2.6835893226045546,98,99,45,6
2.7659288272360172,98,98,43,2
1.9131274514446053,96,97,51,3
1.1532041788683240,96,97,48,4
2.0081738251564651,92,93,54,4
6.2385051381340659,96,97,48,4
2.6272200199077012,96,97,45,7
1.9790035909073473,94,95,50,5
3.9363733822341445,94,95,55,4
3.4045987569280012,88,89,44,4
1.0507559573008951,94,95,51,0
0.7012906675756548,98,99,49,4
0.3934989925345110,96,96,55,5
1.1026086593899667,94,94,50,7
3.7051123011378415,90,90,39,2
0.0558878781295658,96,97,48,0
2.1986109089694077,94,95,47,4
2.9282459140318267,96,96,55,3
5.2894194551762315,96,97,49,1
4.2768160937721627,96,97,54,2
1.2254397230600262,96,97,53,5
2.1679397484808360,94,95,42,7
0.8241054551457874,94,94,60,7
5.7957786757405589,94,94,49,2
4.6508330700714398,96,97,53,7
5.9908928263548367,98,99,42,1
2.6756880779182235,98,99,58,7
2.7250807993533472,98,98,47,6
0.4782755686877762,96,97,55,5
0.5218361669558544,94,95,56,1
2.8021086175421339,94,95,46,1
1.7780769264592653,94,94,56,5
6.2812922976771306,96,96,49,3
5.3272940260124688,94,94,44,7
3.0133733110642509,92,93,46,4
2.1284083657500013,92,93,50,2
6.2640860947396426,96,97,48,6
5.3825666994283434,98,99,48,1
5.7455444530656274,96,97,44,2
3.5643098772500825,96,97,44,2
0.8954829487751647,98,98,44,7
6.2005842151647261,94,95,44,5
3.8201854961117965,98,98,54,1
3.0231414811258568,94,94,57,0
3.2178098401031932,96,97,56,2
1.6283561413258674,94,95,38,7
5.0960449939324786,94,95,49,4
5.2478580573625724,96,97,50,4
5.5509443692812761,94,95,43,2
0.7686025817683614,94,94,46,7
2.0251804137696223,94,95,47,6
2.0336413913296409,96,97,49,7
4.9114049799751047,94,94,54,7
3.3720654788830871,96,97,55,1
1.5368550664009830,94,95,54,7
1.8568909458969201,96,97,43,7
0.2854058766260255,96,97,50,6
5.5269831007693027,98,99,54,3
5.9601643162778126,96,97,48,0
5.2092400570498567,96,97,45,7
3.1738642975790956,96,97,59,1
1.2437529178353792,90,91,48,5
0.0400844746232770,98,99,53,0
4.4557159716304371,96,97,53,3
1.8676566676337669,94,95,52,5
6.0867684758277214,96,96,49,5
1.8547136416075760,96,96,45,3
5.1535493866382778,92,92,49,7
6.1235894153747967,98,99,44,5
5.9682998773511367,92,93,49,1
3.5389865252334629,94,95,45,4
1.3743228328767749,96,96,43,1
4.1868373697818413,94,94,50,5
2.0916217199481228,96,96,44,6
4.2683753228577643,96,96,41,1
1.3013538205266775,96,97,51,3
0.7787024620846161,88,89,41,7
4.8345883843924735,94,95,52,7
4.0862607971956448,86,86,35,0
1.5110657553881162,98,99,45,2
2.3528876021048220,96,97,52,6
4.5279298670400703,96,97,48,4
5.6760433021331096,94,95,58,3
5.9145561339680883,98,99,57,2
5.8268143990725827,92,92,54,4
3.5573430230950360,98,99,51,4
2.1923260360073931,96,96,53,7
1.4042444279394981,84,85,46,6
3.5419626395691179,96,97,55,3
3.8474905166604412,96,96,41,3
0.1564259326073722,94,94,53,6
3.4137740993500238,98,98,49,2
4.4765594498628003,92,92,49,5
0.0751459019497820,96,97,57,5
1.7221539188926953,98,99,46,3
1.1337393521429748,96,97,48,6
0.5567002190580891,96,97,55,5
4.4726071469456032,96,97,49,3
1.1606444113926104,90,91,49,6
1.8665559336602471,96,97,52,4
3.6008202980072976,94,95,51,4
2.1153278493906229,96,96,50,4
2.4549005692971000,96,97,55,3
3.9522145444783638,94,95,51,6
2.1025387472248069,96,97,51,5
0.1483689880088569,96,97,51,7
4.1554558586995958,98,99,58,7
3.6386087031846461,94,94,44,1
1.1398506391664258,96,97,48,4
4.8339396033807542,96,97,49,3
5.5606997168030938,90,90,45,4
3.8824798662834303,96,96,51,5
5.9955239947156720,98,99,52,7
4.8828187002974301,96,96,54,0
3.9643943662753425,94,94,41,2
4.6065036707235487,96,96,46,4
5.7613580733857717,94,94,49,0
3.5862004906981100,94,94,49,2
5.0272068182216190,94,94,45,2
6.0851716889825003,94,94,43,6
0.7271410068820320,96,97,44,4
3.5556145563755059,92,93,46,6
2.2139003496363778,96,97,59,5
5.5110980553178504,96,96,47,7
5.1884049293976915,96,96,47,1
1.1347454389179437,100,101,50,6
3.9050981474445998,98,98,49,0
4.3881282106221331,96,97,52,2
2.1891848021345117,90,91,44,1
4.5764436681941110,96,97,59,7
0.7994400768658882,96,97,50,6
4.8650745696257198,92,92,48,6
0.4856555326474714,94,95,55,0
4.3660577599794985,96,97,43,7
5.5898228046162677,96,97,52,4
4.1130556301805479,98,99,51,0
4.5297385296026667,96,97,52,6
0.4539694332098657,94,95,49,6
5.7472521385027351,98,99,49,2
3.4546620531687280,98,99,56,3
1.5694684654138646,96,97,46,6
1.4885921235608177,94,95,43,0
6.2737009638664372,96,97,49,5
2.2110040989338122,94,95,48,1
2.6362350388359541,96,97,49,7
1.0057992983011184,94,95,53,4
0.0855677370463425,96,97,39,3
3.5438711355000394,96,97,47,1
5.3114652769918544,96,97,53,5
4.9386030310064530,96,96,49,1
5.2091766578475074,94,94,58,7
3.0331491053888957,98,99,58,3
3.6845121301078434,98,98,44,1
4.3084401205471066,98,99,57,2
0.6912177413511327,98,98,46,7
2.4266830375679223,96,97,49,1
0.1526038748868751,96,97,58,4
4.8742008176160594,96,97,43,7
5.6715802911542683,96,97,48,0
1.9453380831759024,94,95,49,2
0.6680066739808085,96,97,49,3
5.4566023449471990,96,97,48,0
0.3971124891153394,94,95,44,1
2.8340475774022638,96,97,50,4
0.2604517463500469,94,95,44,5
1.4175829441179599,96,96,45,7
5.1180539687290922,98,99,59,6
5.4212728304602722,94,95,55,4
6.0584146137908936,94,94,47,4
0.9803999096911171,96,96,43,5
2.9262822224626661,96,97,48,4
0.8557409353191757,98,99,51,4
5.7269836934663427,96,97,49,3
4.4241116153923636,96,97,43,5
1.5129985415333480,96,96,38,0
4.2867161496315838,96,96,55,3
2.4080286670437121,96,96,53,3
5.1560498529264773,96,97,53,3
3.3274846788728958,94,95,49,6
2.6270955900995210,94,95,55,0
4.6872477878385288,94,94,43,4
4.5202269511181150,96,97,54,4
5.6027862825088244,96,97,48,6
2.8436065563163186,96,96,50,4
2.2504537161528875,98,99,59,4
1.0020577741139616,94,95,48,1
2.1840013120202166,98,98,44,1
1.3111414714936749,94,95,52,3
0.1403797415126878,96,97,54,2
5.5593044710782351,94,95,36,5
5.8969023407273777,94,95,54,5
5.0570154667071794,94,95,52,3
5.8966331050942138,96,97,44,2
2.6534158166963833,98,98,45,2
3.7264216300959476,96,97,49,3
0.6205092568362289,92,93,41,3
5.4905875329930769,96,96,57,7
0.2843540392973093,100,100,47,5
5.8088611381978197,96,97,46,6
3.4576328802564262,96,97,52,2
3.6211308060069212,94,95,54,7
5.3818170195198940,98,99,46,5
2.3540027339235277,96,97,58,2
5.5263075233166150,94,95,46,3
6.0731374692738553,98,98,59,0
6.2440309167479873,96,97,50,0
3.5317976186731381,94,94,48,3
3.6589392450599560,96,97,57,7
2.7059779526889285,96,97,48,6
3.1772453988631195,96,97,51,1
4.8884298053772097,96,97,44,0
4.3746445047168887,94,94,44,3
3.0938099930091587,96,97,46,0
2.2597073626390016,96,96,47,3
3.7659768351501555,96,96,55,1
5.7419114285837782,94,95,57,4
5.6795868206222204,96,97,48,4
2.4854709464076312,94,95,53,0
4.3723995380566141,96,97,51,7
2.2185846988917093,96,97,47,1
3.5789548758361960,98,98,47,6
1.9720023833867959,92,93,41,7
4.2276078229460783,96,96,41,7
0.1163024195461222,88,89,47,7
0.8705019142865038,96,97,47,3
4.8828965748631035,92,93,41,7
2.5145216080454693,96,97,46,0
3.4156820923226761,98,98,51,4
1.1579105079888130,94,95,48,1
4.6582052892053181,94,95,59,2
4.6123212220911824,96,97,57,7
5.1287407219655625,96,97,46,6
5.5654643312862460,96,97,44,6
2.5058270303720622,90,90,41,0
1.5188042594282973,98,99,51,4
3.9323100455391984,96,97,41,5
3.0380900375768514,96,96,47,1
5.3551936206979507,96,97,38,4
3.5666327056784843,96,96,53,3
1.2631665063846231,98,98,50,5
4.4146344451963149,98,99,40,1
2.5612243930001113,94,95,52,1
4.2497259976872046,92,93,38,4
2.8020651600286777,94,95,51,0
0.3778865034922627,98,99,57,2
0.3012587457835719,96,97,40,2
2.7811158136691150,94,95,34,5
3.5481392189057419,96,97,50,4
3.4799771282847578,96,96,52,4
5.7848859988691492,96,96,56,6
4.3603701437200266,96,97,56,2
1.5103300677087057,98,99,40,1
4.8692921722782891,96,97,55,1
3.1803684392873262,96,97,38,0
1.9194871884316116,94,95,48,7
3.1446354663447598,96,96,51,1
1.0284225847516004,96,97,62,6
3.2412699205812645,94,95,53,0
5.0008887974015108,102,102,54,1
4.6735398450172534,92,93,49,7
4.1488039891659856,96,97,40,4
0.6388393838886195,96,97,58,4
6.0890451578891582,98,99,45,0
5.0451071028404435,96,97,49,3
0.3710284225554107,96,97,47,5
5.3363934000841811,96,96,44,0
2.6629522183599454,96,97,42,4
2.3824968435480138,94,95,43,6
0.2101486940289252,98,99,54,1
0.2436412453649303,94,95,49,2
4.5298082332590885,96,96,43,3
5.5700532106443825,96,96,42,2
4.5537258381820767,94,94,55,6
4.1242823062764842,96,97,44,2
3.0976100451095157,96,96,47,5
0.8771646899445014,96,97,46,6
4.9313302705653648,94,95,50,1
0.7310957645628205,92,93,46,6
6.0909123168715462,98,98,48,7
6.0384193620679110,96,97,54,2
1.7368259055547293,98,99,61,4
1.2935904380856944,96,96,50,0
4.1678141047571140,96,97,52,6
5.1656999833590600,94,94,40,5
4.1338472251696539,94,94,53,4
0.9682992047453118,94,95,53,4
4.0819341604464912,96,97,42,2
1.8944339328222732,94,95,50,1
4.0239231199115890,96,97,46,6
3.1199335906169519,94,95,51,0
2.9422409618116538,94,95,49,4
4.7003167008800206,96,97,52,4
3.0407742169624168,98,99,55,4
5.7627991767402245,96,97,56,4
1.1715260486082837,98,99,60,5
2.3050575978772074,94,95,55,6
5.7302640277974248,96,97,51,7
5.9795891508954684,94,95,42,5
2.1309842740480067,92,92,48,0
0.2518823356070043,98,99,56,7
3.4465715630190732,98,98,49,4
3.0612701166798497,98,99,45,4
0.9446585051709757,94,95,46,5
5.2401018889855617,96,97,52,0
3.4696845079668468,92,93,42,0
1.3434576240061682,96,97,47,7
2.4376933805544851,96,97,37,5
1.2359438046230451,98,98,47,2
0.6516968609427281,96,97,56,0
4.6063493405124030,96,96,53,1
0.7157673266173388,94,95,54,7
3.0540889671431337,94,94,42,1
2.9572630465221006,96,97,50,2
4.4617162936671777,96,97,43,3
5.6043572104093844,96,97,50,4
0.0256281690901198,94,95,50,5
1.1823446039739827,96,97,47,5
0.5621502596553871,96,96,48,0
0.4679960299539369,94,95,50,1
6.2399302015892752,96,97,51,1
1.5109018673453627,98,99,58,1
2.5573585502719292,98,98,45,4
5.2256463595863503,94,95,46,7
6.2706894982079424,98,98,56,7
2.7852949765721413,96,96,45,7
4.4686514389833274,94,95,60,1
5.2518618956564067,96,96,48,2
2.9352937704853019,96,97,45,7
0.9415922781324297,96,97,45,3
1.5488540581025547,94,95,56,3
4.3462850158058695,94,95,56,1
5.1026764775526399,94,94,42,7
5.5403286741262603,98,99,58,5
4.4268621620708339,94,95,49,2
0.6149166815102765,94,94,44,3
1.3309510842555170,96,97,52,4
2.3382628680541804,90,91,48,5
0.0881988165924672,96,96,56,6
2.6560552029936724,92,93,52,2
1.9597628140453298,94,95,52,5
5.7401224754405771,96,97,54,2
2.6510610626577158,96,97,46,6
3.4782967560176288,96,97,53,1
2.2187816346163935,96,97,56,6
2.0579373988813945,94,94,47,0
1.7931238305660675,96,97,51,5
6.1968196502949606,98,99,51,6
3.2822118000687595,96,96,46,2
0.1086641862258376,96,97,55,3
0.1162348627746708,96,96,41,7
2.8033032359037806,94,94,56,7
5.9729917986858698,92,92,47,1
2.4204344500439516,96,96,48,2
5.6522069127974195,96,96,46,6
5.1433964521296955,98,99,53,2
0.9575327349096990,92,92,48,0
5.6468863645173926,94,95,47,4
1.3747650372217628,94,94,45,2
3.1529222664145626,94,95,45,2
2.0767006974692630,96,96,45,7
0.9646242964285441,98,98,50,5
5.2125579212285942,98,98,51,2
2.5107847988936238,96,97,48,6
5.4659888845114235,96,96,43,3
0.0277227165866382,96,97,43,1
1.2865174666192165,94,94,53,0
5.1830848687464677,94,95,50,3
2.9948209249437503,96,96,46,4
1.5790385144685641,94,94,49,0
6.2369180275648750,98,99,44,5
0.7622898940092087,100,101,55,3
0.8172423565323349,100,101,54,6
0.3951094426432835,94,95,46,5
6.1147516031263205,94,95,46,1
1.5465049070155295,96,97,43,3
4.6584845559653152,98,99,49,2
5.3577798666429617,98,99,54,3
0.3038416896744532,96,97,54,4
0.2297947711615417,96,97,49,5
2.4281572466790124,96,96,42,2
2.3549338529879464,94,95,40,1
2.6275398185737520,96,96,47,5
0.0764497130384891,96,96,49,7
5.8596819238358764,98,99,54,1
1.3247579856482807,96,97,46,6
5.4751696146295048,94,95,53,2
3.1921664576917883,98,99,63,6
0.3424291409498458,96,96,54,2
1.1613981490359426,94,95,56,1
0.5544916662575683,98,99,55,6
5.5633658581636007,96,97,60,0
3.9538458766533373,94,95,52,7
2.4022151998701697,96,97,54,6
0.7142877823423632,96,97,48,0
0.3721866924915068,100,101,46,0
2.2055460894812535,96,97,58,0
0.4118996502582393,96,97,52,2
4.5123504064351634,96,97,51,5
3.8995474054888439,96,97,50,6
0.9795017078228232,86,87,45,2
5.3433379626459292,94,94,55,4
2.9488003541083416,92,92,43,3
4.2953283438904197,98,99,52,7
4.4345107122922132,98,99,53,2
4.0750337343803098,96,97,57,1
0.4809729047563048,96,96,54,4
0.6997359667287191,96,97,62,2
6.2825809474909198,96,97,46,6
6.2772124491636294,98,99,47,6
5.7851804563049587,94,94,49,2
3.8517574638192387,98,99,52,1
1.9378710727654351,92,93,48,0
2.6463835714083324,94,94,43,6
4.2463139885483079,98,98,56,3
2.2677661870249826,96,97,43,1
1.4941206010757559,94,95,47,4
3.2305532103036354,98,98,50,5
5.3982688295943770,96,97,54,4
0.7441259666725020,94,95,49,2
2.3045475174679879,94,95,46,1
3.2774383434060348,92,93,49,1
1.0774202772925379,98,98,46,5
0.9947622878711374,94,95,42,5
2.8115429044600440,96,96,42,0
0.7383594602608872,98,99,57,0
0.2536772220815939,94,95,48,5
6.2549393599494882,96,96,51,3
4.3582532786527830,98,99,47,6
0.5037014450728561,96,96,47,5
0.9375649356939572,94,95,44,1
0.8418921560532799,96,96,43,5
0.4486105417676761,94,95,38,1
2.4715749149604855,98,99,42,3
0.2995997538449593,98,99,58,5
5.7208868123529291,90,91,44,7
3.9980904017719410,96,96,46,4
3.4119459334615208,98,99,46,7
2.5595755069278536,90,90,53,0
3.2513434527081788,96,97,58,4
3.8910057912191194,96,96,39,3
5.0876670087340692,96,96,54,0
4.3602398943749288,94,95,54,5
1.5820384202775117,96,97,51,3
3.2329017643181217,96,96,59,1
0.4161586233660998,96,96,50,6
0.4026380062842795,98,99,53,4
3.9347202133172994,94,95,43,4
1.9720472626006365,98,99,51,2
5.5458678576263898,96,97,56,4
2.3251156766743324,90,91,43,0
3.2250788632142169,100,101,51,7
0.0226557228973281,96,97,52,4
2.9158675206797464,96,97,50,6
5.4377699806249886,98,99,54,3
3.0135581919067560,92,93,45,1
0.4391437622060409,94,94,46,5
1.9462702718350031,96,97,60,4
5.8819136560221974,96,97,40,2
4.2553629993877369,94,94,52,1
3.4461757679317695,98,98,49,4
0.1304146513721853,94,95,51,6
3.2842462663589052,94,95,49,2
4.2661935518707068,96,97,42,4
2.6299194418783989,92,93,44,6
5.0716774361232853,96,96,45,5
5.7597961538696669,90,90,50,3
2.0222853933972629,96,96,49,7
4.9961290269762246,96,96,54,0
1.9670086657947838,96,97,49,3
2.9074672313847914,98,99,50,7
4.5351177716487863,96,96,53,1
4.6152462089451083,96,96,51,3
3.5165682966072547,96,96,46,0
0.1640113814569614,96,97,51,5
1.2981727143474282,96,97,53,3
5.6941342864757063,94,95,37,2
5.6916372959168262,98,98,48,3
5.0060965239194219,96,97,50,2
4.3924844795558098,96,97,56,6
4.1762874887743058,96,97,44,6
2.6863087031463713,96,96,37,3
5.9924286886776006,98,99,49,6
6.2015223396615555,96,97,46,6
1.8061301854066794,96,96,45,1
2.6945925641212400,98,98,57,4
1.9917665467864731,96,97,47,3
6.1211901807710118,96,97,55,3
5.0399847894930803,96,97,50,4
2.0057552214574561,98,99,42,3
4.0126745149155170,96,96,48,0
5.8854667591810461,96,97,58,0
6.0562284312994343,98,98,44,3
2.6327135149961687,98,99,43,4
6.1109287935691121,96,97,55,1
5.4729727699600117,96,97,53,7
3.5030086266305309,98,98,52,7
6.0378872205699183,96,97,54,0
4.4673965501869271,96,97,48,6
3.7546363542856951,94,95,50,5
4.5637275474599948,96,96,42,0
1.8965348584724611,94,94,61,6
3.6415686185857208,96,96,55,3
1.4293953157726753,94,94,50,1
2.7772894522202796,94,94,46,7
2.5432730830595220,98,99,57,2
1.3088245051787126,96,97,48,0
4.0396250317220002,96,96,46,6
5.7969630291607857,92,93,47,5
3.3662495679305837,98,99,56,5
4.4762352950321862,96,96,48,0
0.5211763727800032,96,97,44,4
2.6160162153274635,98,99,52,1
1.5481099566818692,94,94,52,3
5.3741764958985598,96,96,51,1
4.1657973271976942,96,97,53,1
0.0878628876114108,94,95,49,0
5.4463980911940038,94,94,46,1
5.7586662683726013,96,97,48,0
4.5097565533397965,98,98,46,3
1.3036726251492490,92,93,55,5
4.7570052188395602,98,99,43,2
5.8151504304841612,96,97,49,3
4.5525703468778316,98,98,46,5
0.1314174700226859,96,96,55,1
2.9587940577534595,94,94,50,1
1.6140770844760042,100,100,47,5
3.2107885759370594,94,94,48,3
4.9073839246271884,98,99,50,7
5.3126722307269789,96,96,53,5
0.2283265569929142,94,95,52,3
4.4806954110205721,96,97,43,1
0.3849668564983862,94,94,53,6
2.0769753651511613,94,95,55,0
3.9583714132282402,96,97,43,3
5.4415201786168721,98,98,50,7
2.9434837429316585,92,92,46,6
5.4057404268755249,96,97,44,2
6.1626617128664760,96,97,51,5
5.1629115424720808,96,97,52,4
5.4905359347656422,94,94,47,6
2.7766078451244431,96,96,46,6
3.3276122371499195,94,94,47,2
1.9959882394158837,94,94,44,5
3.6132207186202692,94,95,52,1
1.5910595284571489,96,96,60,6
3.0863568592206874,94,95,53,6
4.9614433199757055,98,98,54,3
3.4196906180374493,96,97,43,5
0.9803328348658652,92,92,45,1
5.9975027771329872,96,97,50,6
5.8557677043947294,96,97,55,1
3.9319785607492457,94,94,50,1
0.0454604731758031,94,95,38,1
2.3481240647791730,94,95,41,2
4.6504999783845493,94,94,49,6
3.3540397226209220,94,95,56,3
4.2671632672097646,94,94,44,7
5.4602203603984663,94,94,51,0
5.6094085111771363,98,98,48,7
2.2700170751645619,96,97,51,7
2.9475770335913074,94,95,49,4
0.8514654423040381,92,93,49,3
3.8487018627251146,96,96,55,3
0.7579914825753010,96,97,45,1
2.0709192100990386,98,99,45,2
4.2763656869592719,94,95,39,2
1.5515363111095990,94,95,38,5
1.5718785785359437,94,95,49,4
4.3267668416198042,94,95,52,7
3.6003225540721040,96,96,47,1
6.1660084208091774,94,95,64,7
2.8731617685889983,96,96,41,3
4.6627434733481117,94,95,42,3
3.2726262995001330,90,90,46,3
3.6202306040021601,96,97,46,0
1.1114128452206062,88,89,57,1
3.2027184459988574,90,91,56,7
1.2234231467323251,96,97,38,0
5.0216861736496954,98,99,53,4
6.0340218287756819,94,95,47,4
4.8640088641894712,94,95,50,5
1.2405055271598371,94,94,50,3
3.9103479046778240,94,94,47,2
1.6793470375216881,98,98,56,3
4.1484299671093741,98,99,52,1
2.6491712272874701,98,99,50,7
6.0798527130126399,96,97,45,5
6.1603264865864391,98,98,52,3
3.0297772087980537,100,100,47,3
2.0378042446653963,94,94,49,2
4.6974303141982690,96,97,50,2
1.2472833221523301,96,96,46,4
4.9230230724501274,98,99,45,4
3.2675379049053470,94,95,48,7
6.1585775202387056,98,99,42,5
5.1995329647695376,96,97,40,6
5.3470839629325280,92,93,51,7
0.0789622669618658,94,95,40,1
1.4394926857336117,96,96,51,5
5.3489473639443963,96,97,53,1
5.4126783753017111,94,95,56,7
6.1138196624491874,96,97,46,6
0.8624307983511798,96,97,57,1
1.6140957741909860,96,96,44,0
5.3404987579166736,94,94,47,0
0.0980819240422412,96,96,49,7
6.1604549282372094,92,93,50,0
2.3831008525015203,98,99,51,6
3.2403048154675016,92,93,38,0
3.0370784802529984,98,99,59,4
4.0687742623105114,96,97,48,4
2.2645492628982895,94,95,40,3
5.8461707625246797,98,99,51,0
0.0899587882050550,92,93,49,1
4.1741481154102145,94,95,48,5
2.7913530275419864,96,97,43,5
4.1107630561902058,96,96,45,1
3.1139438281355862,94,94,51,0
3.2159785468013347,98,99,42,7
4.3602470656712624,96,96,46,4
2.9023347538300328,96,97,45,3
5.9179188043154527,90,91,39,2
4.4644661313969838,96,97,55,1
4.4880408274364152,94,95,49,6
0.3278574258117861,98,99,56,7
4.4568681768428018,98,98,41,0
0.4417231086681044,96,97,49,1
4.2857170607926260,96,96,53,7
3.5537432868286563,98,99,43,4
5.0243486143904619,98,99,51,2
4.1943933640946716,96,97,56,6
5.9585076178208638,98,98,56,1
1.0238018861822169,96,97,53,5
6.0649025909051648,92,93,50,6
2.1151868022500802,96,97,45,3
3.1877951514778737,94,94,53,2
3.7203387687260183,94,94,47,4
0.9660344563125637,96,96,51,1
5.2082555165103654,96,97,45,5
6.2807912218827973,92,92,48,2
0.1499367684350433,98,99,42,1
3.9528692965205390,94,94,49,6
4.2747050025697968,98,98,44,7
2.1270647876696542,96,97,50,0
6.1017120854522684,96,96,45,1
2.9164168659499832,96,96,57,5
0.3754984888100662,98,98,55,2
2.8263003517597003,100,101,60,4
2.3930366932073661,96,97,39,7
3.7498931224748535,98,98,53,0
4.5375993487759150,96,97,43,1
0.0387305323162988,94,94,45,6
4.1119061373356844,96,97,48,6
1.0674334574567739,96,96,46,4
3.3401144120004016,96,96,45,7
1.8836441866356686,96,96,41,3
2.8775660265167375,98,99,48,5
2.9533886072236006,98,99,56,7
3.2279659887662353,94,95,56,1
1.5202863882877260,94,94,55,2
5.7083916678231832,96,97,47,1
2.9241003286997147,94,94,48,7
2.6099110458422876,96,97,55,1
5.4386684386551876,92,92,44,6
2.5816838018289365,96,97,53,5
5.7307207729214005,96,97,49,7
1.4716421997885676,96,96,44,4
0.9877619200976239,96,96,56,6
2.1959160241891689,96,96,50,0
5.7411539869589081,96,96,38,2
0.5182241522302398,96,97,55,7
5.8863844858050296,92,93,53,5
3.7776760114133254,96,97,40,0
0.0893047615479240,96,96,53,5
4.1894011904421156,94,94,53,4
3.2357109716744490,96,96,52,6
4.7411193677288397,96,97,52,4
3.8477062614367274,96,97,60,2
5.2720862931395018,98,99,62,1
4.6101055590511972,94,95,43,0
5.3622039332119220,96,96,51,1
5.8903054435694413,102,103,56,7
2.6551932058450540,96,97,53,5
5.2590630990185980,96,96,44,0
1.2829262708607618,98,99,52,1
5.8544763664956534,96,97,44,2
2.8869503696136549,92,92,51,1
5.4866480481296867,92,92,53,5
4.4883808560986225,96,96,45,5
1.6751351406443342,96,97,51,7
2.5957049226194302,92,93,48,2
0.8740303788179228,98,99,47,6
4.4403900380832617,94,95,48,7
0.5244173133598962,92,93,48,4
4.4615097183586441,98,99,43,2
4.3544662182567677,94,94,53,2
5.2023367374532254,96,96,54,0
5.8372518129639337,98,99,57,0
1.7511957160724383,96,97,49,7
6.0112445757167343,96,96,46,4
0.9284046365651962,94,94,42,7
0.7566434729768898,98,99,59,0
5.8325282916918528,96,96,50,6
5.3843397627341965,96,97,63,3
0.9994257458304876,96,96,53,1
0.9246610967019635,96,96,45,3
5.8335964992918834,98,99,57,2
4.9177013210487184,98,99,46,5
6.0907152290111926,98,98,48,3
1.5885505927058285,96,96,53,7
3.6702369106177639,96,97,49,3
1.8857679909311396,96,97,48,2
0.7144251699126879,96,97,48,0
4.1300586368133398,96,97,50,2
3.8854243916872124,96,97,43,3
4.9380008534181457,98,99,52,3
5.1844033534823275,94,95,45,2
0.9197596430885218,92,93,59,3
2.8989848770435760,96,97,57,7
4.6023902441768785,96,96,41,7
4.4395177658652569,96,96,52,2
2.2391296844259321,96,97,51,7
4.9260160313251058,98,99,46,1
0.5704708377640909,96,97,57,3
6.2386730976865499,96,96,49,3
0.0083028021807043,98,99,51,0
4.1549584500747372,96,96,51,1
4.3889117344678485,96,96,39,7
0.0596349128767275,98,98,51,4
0.0318737248291639,96,97,51,1
3.3163142367948271,92,93,46,0
2.0689633015049593,94,95,45,4
3.0936911712588331,92,93,47,1
3.3710914971680039,98,99,50,7
1.8084965700720066,94,95,41,4
0.5064108747649352,98,99,46,3
2.2984272554577156,90,90,56,5
3.6801494444811782,94,95,51,6
4.1329840119751893,96,96,46,0
6.2746569113789903,94,95,43,6
1.2846008332162393,96,96,42,2
3.4251081062409350,96,96,47,1
5.2033994716385275,92,93,45,3
1.3137480716930243,96,96,54,4
2.7074189461689722,96,97,57,3
1.9409897337393374,96,97,41,5
3.4910423811907427,94,94,44,5
4.8334132646426013,94,95,58,7
0.3987169010340172,92,93,45,3
3.4596030027212210,96,97,55,1
1.0860591943838716,90,90,53,4
0.2685388007974115,98,99,52,7
2.0843446656282132,96,96,47,7
0.8929583284267238,96,96,48,0
5.5957016936894499,92,93,42,0
2.5071697381720637,92,93,48,2
2.3145173191555921,92,93,53,1
3.4947388953793461,96,97,54,4
0.8725801043443772,96,97,50,4
4.4173850112035717,96,97,57,3
4.3133092847436982,96,97,50,2
5.4329525344328866,96,97,50,0
0.1637291286153094,94,95,51,6
3.9760151363319189,98,99,39,0
5.2058982817055943,94,95,49,6
4.0108858611256082,94,95,52,7
1.8530784875870026,96,96,55,5
3.2733987779720617,96,97,54,0
0.4369140352532303,96,97,56,2
4.1848068715197977,98,99,54,7
3.4211116411257936,98,99,49,0
3.5906487031272616,96,97,48,6
6.2198569881733841,96,97,51,5
4.9359719136525753,96,97,42,4
0.0241231124746292,100,101,50,4
3.4494999059606677,94,94,48,3
0.1443811001869831,98,99,47,0
5.0872557339184654,98,99,51,6
2.2712168537948365,96,96,58,2
1.4890639580919385,94,95,42,5
4.7990271642832232,96,97,48,6
1.4818964528937371,94,95,54,1
4.2912347318573012,96,96,46,0
2.6761502463468863,96,97,46,0
1.0714813063342721,96,96,52,4
5.2021210938907245,94,95,46,5
0.1516702134465024,92,93,61,5
2.7743205804927764,96,97,53,5
4.5323568787446336,96,97,48,4
2.6876299783764215,94,95,41,6
2.5697814071688714,100,101,49,7
3.7554795872826352,96,96,53,7
4.1771866299527023,96,97,48,4
0.7794059745439530,94,95,52,3
6.0745613315568150,96,97,48,2
1.0322235703090963,94,95,59,4
4.6044738590788246,96,97,48,4
3.9598467093062726,92,92,43,7
5.6962963493125471,96,97,50,2
2.3387111607549733,96,97,50,2
2.9511995808010134,96,97,52,2
3.7875860042405494,96,97,48,0
2.7074466499358345,98,99,48,7
3.4046651822606497,98,99,60,7
2.8447967597738955,94,94,49,0
4.1433119346295699,98,99,54,7
4.3157150759717640,96,97,46,6
1.7484258890005187,96,96,49,5
4.7715234543047291,96,96,47,3
4.5608607093375761,92,93,48,4
4.8742591230365093,96,96,43,5
0.9996833722710498,96,97,60,6
2.5108653621972259,94,94,53,6
3.2645944246962784,92,93,43,3
0.1954915446987469,94,94,40,5
0.8240596214388037,96,96,43,7
0.2956597291642433,92,93,43,1
5.3975922977951560,98,99,56,3
0.4702736261899482,96,97,45,5
5.5741881206425470,96,96,54,6
3.9536343806783103,96,97,50,2
1.1587011678278538,98,98,56,5
5.0589380309604799,96,97,45,3
1.4715534142131679,96,96,58,4
3.0744125534752702,98,99,47,2
4.6266523294581319,98,98,52,7
5.4540399268436168,94,94,45,6
5.3197861650451133,96,97,49,3
4.7059936840781686,96,96,48,0
5.9804487612735358,96,96,51,5
1.3543314330120038,98,98,63,2
5.8195321029960967,96,96,43,7
3.2760438637662288,96,97,47,7
1.0281106674783480,94,94,50,3
5.0186378787268850,96,97,49,3
4.7408424521107744,98,98,57,4
4.9961129387781122,96,97,53,5
4.2014666375167558,94,94,51,2
1.4081066527377100,96,97,62,2
3.1361976685780579,98,98,49,6
6.0554621737887251,94,95,55,2
3.0478719927574232,96,97,44,6
4.0005006958287010,98,98,43,6
2.5248371925303954,100,101,49,3
0.3828306652986543,96,97,44,0
0.7617534795935620,98,99,49,0
3.7792463256649178,98,99,44,3
1.9482907358628081,94,95,53,0
3.7327278828632435,96,97,52,4
0.2308668001149557,94,94,51,2
1.9700114150806092,96,97,49,1
0.3757698507560688,90,91,44,7
5.2229467976686461,96,96,50,2
5.6005459449051473,98,99,51,4
3.4243367048573625,94,94,46,1
4.5165899237647080,102,103,56,7
1.5608836153573025,96,97,46,2
2.7143277019541530,92,93,52,4
5.0700632258344251,98,99,49,0
4.7999809742218309,96,97,43,3
2.0484363462538435,98,98,47,6
3.4472792273016255,98,99,41,2
2.5173758307422074,96,96,53,7
1.2408855693220640,96,96,40,0
4.7000975713344459,98,98,58,7
0.6685251656010233,94,95,40,1
5.2565550204967613,94,95,44,1
2.4551644272806055,96,97,48,2
3.9956222733424687,94,95,62,5
4.8855675647466521,94,94,46,5
0.7553691912350206,98,99,56,7
3.5446981471339245,96,97,44,2
4.2905951834686178,96,97,48,0
0.3942081484859280,98,98,54,5
6.0345389158867242,98,98,52,7
1.9652375436661906,96,97,52,6
1.3681712617572215,94,95,47,0
3.6912576896966787,96,97,44,4
3.5807207652452520,96,97,49,1
1.2801048714052110,96,97,40,0
2.8361014889408356,96,97,44,6
3.4629401153419370,98,98,54,5
4.1279283524784898,96,96,54,0
0.2420049322999745,96,97,42,0
2.4502612128768457,96,96,48,2
2.7192195960827066,96,97,47,3
1.8501619236474041,96,97,57,1
5.8480345759944985,94,95,51,6
5.6553812301511677,94,95,52,5
5.3333486729577748,94,94,41,0
3.6817843852021288,98,99,53,6
3.6906642809404233,98,99,49,4
2.0266203648483789,96,97,54,4
0.7306559499676776,98,99,56,1
6.1929279277889631,96,97,47,7
2.9993644987277817,94,94,41,4
3.4769478364468611,94,95,52,1
3.2379820481037496,96,97,46,2
2.0613412541652072,96,96,61,1
2.4221358727092901,92,93,50,2
1.4772520271919356,98,98,55,4
3.7798066484709842,96,97,48,0
0.9428924942875381,98,98,55,4
5.5393179580113561,98,98,47,2
1.2697061198581878,96,97,44,6
5.0652986835871605,94,95,42,3
0.5751696832661817,98,99,50,3
5.1946247031424964,98,99,48,1
1.7425910643460953,98,98,56,1
6.1185216661445532,96,97,61,7
5.2883673108131930,98,99,54,7
3.8316072922418170,96,96,48,2
2.7574711792286353,96,96,48,2
3.5020748628050833,98,98,43,4
5.5106805548083013,96,97,50,0
3.8834566883719277,96,96,46,6
1.7156422097902506,94,95,46,7
3.9476829439515200,98,99,50,5
0.5841851379988856,94,95,51,2
3.9306444437437675,92,93,41,7
1.7971534296346958,96,97,45,7
2.7008063526640460,96,96,45,1
0.6697245875082444,94,95,55,6
0.4565984145311341,96,96,45,1
2.6826860452474990,94,94,42,5
4.1316102584882435,98,98,54,7
1.9931959260572996,96,97,53,3
3.1020628050004291,96,97,58,0
1.0597955907044054,96,97,53,3
4.4079626514666650,96,96,48,4
3.8640958698074455,96,97,47,5
5.0471743565568836,94,95,55,6
0.5411135635228929,96,97,55,1
0.8966136359933015,92,93,47,3
5.2742752508548287,94,94,46,1
2.1623887625239631,92,93,55,1
4.5122370987507061,96,97,53,3
4.8484027246492332,98,99,51,6
1.2948227814923099,96,97,44,0
0.9668452926665992,96,97,49,1
3.3100233606566198,94,95,58,3
0.6093890114092816,94,95,51,4
5.1918006889703552,92,93,46,4
3.5770108001662368,94,94,50,3
4.1731647519319521,96,97,49,3
0.3425783610025372,96,97,54,4
5.5222141653131880,96,96,47,3
2.0681817270643541,96,97,57,7
6.0690729173151388,92,93,52,6
2.7926065467684440,96,97,50,2
0.6228560582762953,96,96,51,1
3.7739961343915560,96,97,57,1
0.9302022121748508,98,99,46,7
0.1287799418884810,92,92,42,0
3.9273066889888724,94,95,51,0
5.8106109949596627,92,93,49,7
2.9177576769775602,96,97,41,3
0.3998960282632754,98,99,49,4
5.2231224359119981,98,99,53,6
2.6020631982281013,98,98,48,5
5.6495906682925376,94,95,43,6
1.8485330022352244,96,96,50,0
5.0304863079917332,98,99,50,3
3.6244810088039916,98,99,47,4
5.6053187440493133,98,99,49,6
0.1607075230274670,94,95,58,7
3.7924853498383562,94,94,44,1
5.9066728876540990,96,97,44,0
2.7070642341168139,96,96,50,4
2.1064674504242733,96,97,48,2
2.8522822447831393,96,96,45,1
0.1040666170559991,96,97,55,1
1.1491145632604698,94,95,51,2
0.4661978475952935,98,99,46,3
0.6544134962017608,98,99,45,6
2.6080051219266296,96,96,47,1
2.8607926224626166,96,96,53,7
3.0022343912965517,96,97,48,2
2.8261169947649738,96,97,57,3
5.1632903024169980,96,97,47,3
4.9420105896842683,98,98,46,1
2.9755350521494206,96,96,46,0
3.7611114395488192,96,96,47,7
0.3995207699238469,96,97,50,6
3.0175230710501197,92,92,51,5
3.8621904762688501,96,97,46,0
5.0719635727505041,94,95,43,4
5.5327364489811321,98,99,50,7
0.0203487856483199,96,97,52,6
5.7630445061408695,100,101,63,7
6.2095229839608335,96,97,56,6
6.0414719458923960,98,99,45,0
4.8240325275554898,98,99,52,1
6.0923958438025938,88,89,47,1
5.1655137471317847,96,96,42,4
5.7995021497912802,94,95,53,6
3.4891386490936993,96,96,47,1
6.0060915538226167,96,97,52,4
6.0402733209558424,92,93,50,6
6.1958189857817203,98,99,45,2
4.2390036587501667,92,93,53,5
3.7924777555953861,96,97,57,7
2.4997110109754503,94,95,51,2
2.4047426210613674,96,97,50,4
3.3082840081036244,98,99,47,4
5.0481519767199989,96,96,44,4
3.5646959209071016,96,97,40,6
3.5672653742123632,94,95,47,6
4.7600248729049586,98,99,57,0
5.8800301925909544,94,95,47,2
1.3332081087444014,94,95,49,6
2.2780135338150900,96,96,49,5
5.7914361371900185,96,97,40,4
3.9753645271115090,98,98,51,6
4.7644353188508797,94,95,48,3
1.8886388800700591,96,96,49,3
1.3046361034027856,96,96,49,3
4.9708258083335037,96,97,51,3
2.2220878791083090,96,96,49,3
6.1126651435324355,92,93,45,7
4.9337522776943752,96,96,48,0
0.4727520035582086,96,97,50,0
4.0626235575406922,94,95,51,0
2.6254383238985595,94,95,45,6
6.1114654359652913,90,91,45,4
4.5785964485407424,96,96,46,2
3.5437245828981192,92,93,48,6
1.5196021325878857,96,97,52,4
4.5411146791142674,98,98,48,3
1.0104119339452073,96,96,51,3
3.3117337206859636,98,98,48,7
1.1793117852284556,96,97,55,3
4.6985508077584139,96,97,53,3
0.5209948651148388,96,97,45,5
0.9721758162018852,96,96,52,6
5.2783011234236232,96,96,47,5
3.0799695407260241,96,97,54,6
3.3209543674678494,92,93,55,3
1.4242920044364955,96,97,54,4
3.1618590337527892,92,93,53,1
3.6212146136346082,98,99,51,2
0.9894924463668151,94,95,46,5
2.5838845794290721,92,92,50,2
3.9214312792453514,96,96,54,2
0.2225717365730887,98,98,54,3
5.3803305076260584,94,95,48,5
3.3441113874583999,98,98,51,6
5.0141640922771806,98,98,52,7
3.7170630048167612,98,99,58,3
5.1237490141633746,96,96,39,5
1.5871571811801806,98,99,52,7
4.8304396202806306,96,96,50,2
2.8521238929776707,98,99,48,1
5.6025612381360776,96,96,45,5
2.5402397954047062,98,99,50,7
4.0938917998326980,98,98,47,6
0.3579260133743194,98,99,61,4
0.9804371729752321,98,99,54,1
3.0309063718529083,96,97,49,3
3.8283760955856740,92,93,44,4
3.7466932379138655,96,96,42,6
5.8393477180703695,96,96,53,1
5.1729107658128397,94,94,39,0
0.8858292062407139,94,95,43,4
0.0041425226583870,96,97,46,0
1.8309974770597455,98,99,49,2
5.4883503304274139,92,93,47,1
2.1240564307750551,98,99,53,2
4.5959231575157000,96,96,53,1
0.4333796144705274,98,99,53,6
1.2283645055855172,98,98,47,6
2.6708440085603384,94,95,48,3
5.1350328448874745,96,96,54,4
0.9880154475721512,96,96,50,4
0.9038574469624447,94,95,50,1
5.6980626246933292,96,97,55,7
4.1732996068538828,92,92,42,0
5.9471268067811209,98,99,50,7
4.4905356909803231,98,99,56,3
6.2586971620568814,96,97,51,3
2.3076325480173536,96,97,57,1
3.6412657533912935,96,97,56,6
1.3953956439472928,96,97,54,6
5.7836994342729868,92,93,52,6
1.1959249652266286,98,99,57,4
3.7797091159904417,96,97,50,4
4.4984418446939571,96,97,53,5
1.7384506037277518,96,97,51,7
5.9016840523431346,96,97,50,4
2.1064581760743968,96,97,49,3
1.4076032354712027,96,97,39,1
5.3936415065120960,96,96,46,4
4.5372139831944995,90,90,50,5
3.0971332896934274,96,96,52,4
4.9156336306584150,96,97,54,0
1.4153994871901086,98,99,51,6
3.3050147544904154,98,98,50,3
2.2306254291809409,96,97,55,3
2.2464498902362213,96,97,58,2
5.7954701791697802,94,95,44,7
2.3428084461016945,96,97,44,6
4.7558476936178193,98,99,57,2
1.2307895352648446,94,94,54,5
3.0455166651783325,98,98,44,3
2.4157902862199547,96,96,51,3
5.2304326737933371,96,96,50,2
4.0913339879314075,98,99,47,0
5.0064799468613126,98,99,49,0
4.4392717528626138,94,94,46,5
2.8809982935297516,96,96,45,1
6.2043871225744462,96,97,52,6
1.0443207011225684,98,99,49,6
3.3188163959203316,96,97,46,0
4.5128502686427385,92,93,47,7
3.2735080842431619,98,99,53,6
2.4283294427773314,94,95,48,3
6.2139319197876759,96,96,52,2
4.1253477788164323,96,97,40,0
3.8655326131530594,90,91,41,0
3.9203438985132539,96,96,48,0
1.6862018352689863,96,97,43,7
5.2933974243067246,94,94,46,7
1.3269389562800944,96,97,46,0
5.3965586789713749,92,93,48,6
1.9735182293283451,98,99,48,1
1.4290073911461858,94,94,46,5
2.3512978444375126,98,98,54,3
2.7185944909583952,96,96,57,1
4.2223866088862456,98,99,51,4
6.1050870636254686,96,96,55,1
1.0237469845097964,98,98,45,0
2.8995261410541979,98,99,59,2
6.0290808594744263,96,96,54,6
4.1012077594685206,98,98,56,1
3.4658041335800451,96,96,45,7
4.8296463042587900,88,89,51,3
4.5812479237349431,96,97,59,1
6.2764368770032029,98,98,49,6
5.6815446173868578,98,99,43,6
0.4446861384997026,96,97,48,0
4.1774321052798848,98,99,52,5
2.4913311912977880,98,99,54,7
2.0777807191094326,96,96,56,4
1.0736550556701350,96,96,52,0
0.8062814476742562,94,95,42,1
2.1645161092313550,98,99,48,3
3.3030153643534717,90,91,42,3
1.7252288328764238,94,95,59,2
4.2872556606132939,94,95,48,3
4.3823594327980482,98,99,53,6
6.0259831874143641,96,97,55,1
6.0003373638571214,96,97,53,5
1.3497588287241344,96,97,50,2
0.6615844798551526,96,97,52,0
3.0874545791156982,96,97,59,3
4.4289069264558050,94,95,48,7
0.2989468860877607,98,98,58,3
4.5892972327904431,96,97,51,5
3.8980107278398801,94,95,44,5
3.5242578693267972,94,95,56,5
1.2117626635551006,98,98,56,1
2.2253342326104169,98,99,46,1
2.1183969122172113,96,97,46,6
5.2781761731841277,94,94,47,2
2.6470429048261721,98,99,54,5
4.0435430351608881,94,95,55,0
5.0455291748944617,96,97,44,4
4.3389447680550361,96,97,39,3
1.3118750419282530,96,97,43,7
3.0858972681554930,94,95,48,7
2.1370689083354542,96,97,48,2
0.1469355744127315,96,97,48,2
2.3176957321684322,94,95,47,2
5.0256779603721435,96,97,56,2
2.9754790560735311,94,94,55,4
4.4026620630964706,96,97,49,3
4.5485752530702106,96,97,49,1
3.0874157536831413,94,95,48,5
0.0408148190224900,96,96,47,3
0.4882172869093148,92,93,41,5
0.1436608327149149,96,96,54,4
0.6013697806236958,90,91,48,7
2.8143131034929914,98,99,47,0
4.8155197866235078,98,98,47,2
3.0694692459621367,94,95,40,3
2.2743395155669583,96,97,53,3
2.1684316683578997,96,96,52,6
4.2840616004760745,94,95,44,7
0.0353834215677694,96,97,49,7
2.5339207622242874,96,97,51,1
1.2544467751504342,98,99,49,4
4.3104119896206372,98,99,46,1
0.6407742854088666,98,98,45,6
4.9903277200523384,96,97,57,3
2.0260806841712098,96,97,48,2
4.2006618833040426,96,97,51,3
3.0034547528685742,96,96,54,2
2.2592851722698630,96,97,53,7
2.6448703380129772,92,93,54,6
5.9083011985819400,96,97,50,0
4.6495217076299999,98,99,44,3
1.4952715591426013,94,95,46,5
1.3912632667738629,96,96,56,2
4.8860559396169752,94,94,44,3
2.5594078509008069,96,97,49,3
3.2086865909463174,96,96,41,3
3.2680283324890462,94,94,50,1
6.1912635558620375,96,97,49,1
4.9011462392446283,96,97,53,1
2.7015233901873050,96,97,46,2
5.7787848880593247,98,99,51,4
4.5600620050951379,98,99,46,7
4.0207652750943312,96,97,53,3
1.9882107998216427,96,97,53,7
4.0926997313478948,94,94,49,4
4.6072298068846980,96,96,52,4
2.3732199859400360,98,98,54,1
6.0775894721124422,100,100,46,2
4.9386306893983329,90,91,44,1
4.5809850830973984,92,92,47,5
1.9355063682593909,92,93,51,5
3.6427176034176072,98,99,55,6
2.4724214963620632,96,97,46,0
2.9937018091938881,96,97,49,5
2.3378160600451867,94,95,46,1
3.9492153855412746,100,101,49,7
5.4606709444955044,96,96,48,2
4.4322012388101379,96,97,52,2
0.3905416013717389,96,97,43,1
1.6477747537027296,98,99,60,5
0.1348851045099105,98,99,46,7
4.8897796148366917,98,99,45,2
4.7897510455428005,98,98,54,5
2.0939589406903294,98,98,49,4
5.0791129777384256,90,91,42,7
2.1442001599295306,96,97,47,3
2.5007436741117344,94,95,50,3
0.1244914216462107,96,97,54,0
3.4834969882057338,96,97,44,4
0.8306223528353368,98,99,43,4
0.8675035269768632,96,97,42,2
2.4521929931813311,96,97,56,6
3.4364627790306033,94,95,48,3
0.3027116787882139,96,96,43,5
3.4868842958110506,92,93,46,2
4.4344764478926688,96,97,51,1
5.2542402189342727,96,97,47,3
2.8697008722485733,98,99,62,3
3.9248557771122847,96,96,56,6
1.2720372156689330,94,95,60,7
6.2530668379557657,96,97,51,3
3.6629746308378857,94,95,51,2
3.4226682510239215,94,95,48,7
5.3750001981828008,96,96,56,0
2.1049253659562175,94,95,47,0
6.0147773923729009,96,96,51,3
2.1854997288250764,96,97,53,1
1.1153624429547986,94,94,42,5
0.4079474132980020,98,99,58,3
0.6434217468845764,96,96,51,7
5.2772404801251369,96,97,44,4
2.1604390661874713,94,95,43,4
4.2429532850308256,94,94,46,3
6.0233086834553253,94,94,48,7
4.1181580378036733,96,97,50,2
5.3274021115215175,96,97,49,5
0.0244232067885552,98,99,53,4
1.4064141508739121,96,96,45,3
1.1286853811850188,96,97,50,6
4.6651087323334233,92,93,47,3
4.3807474881964579,96,97,46,4
4.7306011328113868,98,99,49,0
1.0740045928270394,94,94,42,5
2.5616590550349967,96,96,45,5
2.3920149659503420,96,97,38,4
1.6613603849189895,98,99,46,7
0.3358192326814189,96,97,46,4
4.9451056332640340,96,96,48,2
0.8746297253054555,98,99,52,3
4.2972678311974022,96,97,53,7
5.4766881223352932,94,95,50,1
4.3175629649577960,96,97,46,6
0.4937352954452969,94,94,49,6
4.5891307337253684,98,98,49,4
0.9641077168943258,94,95,50,5
1.7370911637701378,94,94,48,1
6.0427486402403527,90,90,48,5
2.7420762606750100,96,96,41,1
5.5213499632056591,96,96,51,3
5.6061616784092658,96,96,53,7
4.1904028150482651,98,98,46,1
0.7863783465634696,96,96,45,3
5.5859112925526180,98,99,49,2
3.2076054782671162,90,90,37,4
1.3582277045267050,96,97,48,2
5.2578656696317037,94,95,45,4
4.9697867015354378,96,96,53,1
1.5746386464779396,96,97,40,0
0.7326058021122303,96,97,51,5
4.6483138001245132,98,99,53,4
1.9742494418615766,96,97,44,6
5.9296815902576725,96,97,49,5
4.3525564212579955,98,99,49,2
5.2409338313075491,96,96,48,2
4.5317996843005091,96,97,48,6
1.0350516660449036,96,96,52,2
2.6788980899754975,94,94,41,4
5.6832200951326941,92,92,50,4
1.3419895526782333,98,98,48,7
5.7164094591649199,96,97,57,7
4.7809617032032969,96,97,51,7
3.1643528885393546,94,94,38,3
0.4568992839456651,98,99,46,5
3.9277093910425487,98,98,46,1
0.4126616263420624,96,96,48,4
3.7724578641418609,98,98,44,3
0.0161960083116363,94,94,50,3
4.8688256030728105,94,94,40,7
5.3842225866635998,94,94,47,2
3.7557718178782098,96,96,54,4
0.0065882423388585,94,95,53,4
3.2487920807813540,96,97,45,3
3.1154694642610608,94,95,46,7
5.1891003168982879,94,95,45,6
4.7979258821599728,92,93,49,7
5.9382823344000020,96,97,53,3
2.5042535361380680,98,99,51,4
0.6402800656120996,96,97,52,0
3.8525977871914314,96,97,54,4
2.3219121303576733,98,98,56,5
1.2742628867776891,88,88,44,2
1.7466189938423842,94,95,48,1
5.5704890202859012,96,97,46,6
4.1474656361706321,96,97,45,5
2.4786101490390124,96,97,53,3
2.5019183545155768,94,95,42,3
3.2805795791407073,90,90,41,0
0.3840907261892849,96,96,52,0
4.7250771269634493,94,94,48,1
3.7500147642943920,96,96,48,4
5.2380512785274149,94,95,62,3
4.7478880329101374,96,97,56,4
5.5487081726494356,94,95,55,2
2.2936816184235189,96,96,52,2
6.2249881860713883,94,95,55,0
4.9336106973168521,98,99,38,7
1.1586556451020382,98,99,51,6
3.1217887798536927,96,96,57,5
4.5989849728662326,94,95,54,7
0.6036310947543688,96,97,56,4
5.5891644875471886,96,97,47,1
2.0181043891288870,96,97,56,2
0.6679938244041365,96,96,54,6
2.1468596758342193,94,95,45,2
2.5151993474596845,96,97,47,5
6.2046692242134833,96,97,47,3
4.7708781202494865,94,95,48,7
0.7832027727353975,94,95,52,7
2.5361102607751067,98,98,49,2
3.7185903296995941,98,98,51,4
5.7846420235438325,92,92,50,0
4.6921632251894234,94,95,50,3
4.8440339221760134,96,97,47,3
2.1848108796354460,94,95,54,5
2.0301648808837660,98,99,51,0
1.6102443728573574,96,97,45,5
0.5230362240891343,96,97,47,1
2.9937551384625212,96,96,56,4
4.9764832377775337,96,96,49,1
0.5265064513721062,96,97,57,7
4.1543911160612943,98,98,55,0
4.9282897535166441,92,92,43,7
2.8562168940197608,92,93,53,3
3.1028235614788886,98,99,41,0
4.1357002113409749,98,99,52,3
4.6942703468897857,98,98,56,5
2.3409622954518845,96,96,46,2
2.8200556251370474,98,99,50,7
2.3391409661343112,94,95,58,7
3.8849668658712408,96,97,51,3
5.0726001040678632,96,97,49,1
2.6337633590013065,98,99,54,5
2.9865786541291985,92,93,49,3
2.3258582908261434,96,96,49,1
3.8119653880137574,96,97,45,1
1.4233231287194277,98,99,58,1
0.6350552844450141,98,98,47,6
3.4156042764021683,94,95,48,1
3.3711328647603565,96,96,47,7
4.0178034363462718,98,99,60,3
4.8456097760277208,94,95,49,4
4.8773073455985205,96,97,55,7
5.5909106234410162,96,96,45,5
4.2432911219045524,92,93,46,2
0.3427498734078885,96,96,48,0
0.4958115415329278,96,97,45,7
0.1594450452472668,94,94,52,7
0.1996252172410922,96,97,53,3
0.7874169987856887,96,97,52,6
1.1175855891036361,96,96,50,2
1.7205994108665026,92,93,46,2
5.6524356615225848,96,96,46,2
6.0368887913187121,94,95,44,7
5.3510263193831822,94,94,52,5
3.6753214916622681,96,96,44,6
3.9281825177955167,96,96,60,0
3.5487235306012828,98,99,49,4
0.6568009942373413,96,97,48,4
1.7615754328112714,96,97,52,6
2.9442789538488374,94,95,52,1
1.5846508744811707,92,93,40,6
4.4893163133242364,96,97,58,6
2.3389473273227273,96,97,55,5
3.4134091162869176,96,96,52,2
5.1552496928682130,96,97,49,3
6.0552801576619242,94,95,43,0
3.9020142979343855,94,94,40,1
3.9754952497820093,98,99,55,2
2.4951077020338626,96,97,54,4
6.0781109996715941,94,95,47,6
4.0727735006971484,96,97,49,1
5.1292696941390785,96,97,57,7
2.6603503213990103,94,95,53,4
4.3588255851236131,96,96,51,3
2.0333637449109330,96,97,43,5
4.9995037023718636,94,95,45,0
3.7726980936602192,94,94,56,5
3.8894198905622268,94,95,55,0
5.7374716580727787,94,94,56,3
2.0218815534997714,94,95,51,2
2.4705313815405314,94,95,46,1
3.6304964817486680,96,97,60,6
0.7782758756610474,98,98,43,4
3.7945194590632192,98,99,60,3
3.7612361322213315,98,99,36,7
2.9302638015220923,98,99,46,5
4.8096249698403373,96,97,55,7
4.9992701067185656,96,97,47,7
2.4216748061585438,96,96,45,1
4.9557831874817593,96,97,51,7
2.6875527751289559,96,97,52,6
1.3782716432318174,98,99,48,5
5.8764061510868748,96,97,52,2
2.7813902268748305,94,95,41,4
3.4204506392146121,96,96,47,3
3.0512011605558444,96,96,52,0
1.3081608918980934,92,92,45,7
3.6743718982754894,96,97,44,2
3.2669285625438698,96,96,52,4
6.1039068767740234,94,95,51,2
2.3882170382755961,98,99,43,4
3.3314723142914882,96,97,41,5
2.1860136268578594,98,98,55,4
5.7510886508438164,94,95,48,7
2.6063710151686714,96,96,54,2
4.1827036817682384,92,93,46,4
2.9498433494183938,94,94,43,2
1.5895524988204333,94,94,51,4
5.0350402212212053,96,97,47,3
3.0029643609240120,96,97,52,2
0.6356094512541393,98,99,50,3
3.5818517285375147,98,99,53,4
3.8623164493345477,100,101,54,4
2.3032393617125253,96,96,53,1
4.7563939529821422,92,92,49,1
1.9000989287100734,94,95,41,0
5.4442250893571975,96,97,50,4
3.9468064333719362,96,96,51,5
4.5027162949574180,94,95,50,1
1.5849840699833297,94,94,41,6
0.8533218456044418,96,97,47,1
4.8134877031906740,96,97,39,7
1.2820226143941140,96,96,48,4
2.7087725381549688,96,97,54,0
2.6323236189910655,94,95,49,0
4.7288109235069999,92,93,50,4
1.3377487535361998,98,99,50,5
0.8068114594039797,94,94,57,2
2.4546553907629280,96,97,60,4
2.2736283405572806,98,99,46,5
4.8216463581382705,92,93,45,3
3.0454652891001026,94,94,42,5
1.0869107734502768,100,101,55,1
4.2209890129592820,94,94,41,6
4.8774272819107516,94,94,46,7
0.3281425101236061,98,99,57,2
3.5772762295883398,96,96,48,4
3.9544199884042808,94,95,50,1
2.1590300494261663,94,95,47,6
4.4379535570981536,98,99,54,7
6.0945646213222497,96,97,38,4
5.9321684939215480,94,95,52,7
5.2247243223824977,92,92,48,0
1.1329865762543354,96,97,45,5
4.8015061548807454,96,97,48,0
5.9517975678230313,94,94,56,3
0.4205622813836027,96,96,43,3
0.0289911463286210,96,97,49,5
4.5394752850886206,96,97,56,0
4.3580381281108211,92,93,44,2
0.2994169392202392,94,95,50,7
4.2423926422624749,94,95,42,7
1.3862491857308217,96,97,46,0
1.0453142483040074,94,95,57,2
3.1888602256437224,92,93,50,4
4.6046871210638916,96,97,49,7
4.7203262992664516,96,97,51,3
1.4053543080336315,86,87,41,2
0.9183741886688929,96,97,57,7
5.1376471737363980,92,93,52,4
4.5805518522376545,96,97,50,4
4.5614277336569282,96,97,51,3
3.0637888933111972,92,92,54,0
2.6478441073938859,94,94,48,3
0.6681413053031254,96,97,47,7
0.5035233005683369,96,97,58,2
6.1225876196041886,96,97,42,4
1.7914126953230176,94,95,51,4
6.0599121046538400,92,92,50,6
2.1740669000721251,94,95,47,0
4.6221780835077020,96,97,49,1
4.1672016722633423,96,97,39,1
1.8877653850932632,96,97,44,6
1.4879249429373149,94,95,46,1
0.0635288617409855,96,97,49,1
2.6759865775131764,98,98,45,0
2.0029956761156549,96,97,46,0
3.6521798194020980,98,98,50,3
0.2578179317597999,96,97,50,4
1.4140282331978740,98,99,53,2
4.2826949301470156,98,98,52,5
1.5516712320946624,96,97,51,1
4.7507260791515744,94,94,47,4
0.8842106671580258,96,96,49,3
4.9751675475804129,98,99,50,3
5.8973716782984749,94,95,48,1
4.4815100248084860,96,97,49,1
0.3985194124767588,96,97,47,7
1.9806704837711659,96,97,60,0
6.0767872349004373,94,95,49,6
5.1610388980766340,94,95,48,3
2.8273146028023532,92,92,54,0
0.0524536484040318,98,99,49,0
1.1483025279612207,96,96,50,4
1.6966328370911610,92,93,45,7
5.4737604633343659,92,93,43,3
5.2513243516018457,94,95,49,2
1.3883570405403338,96,97,53,3
1.6749037383441163,96,96,48,0
5.5045126735222381,98,99,55,0
1.6741594048189565,96,97,53,1
3.5692687937296035,98,99,61,2
3.4825599764795574,98,99,46,5
5.9821186356223874,98,99,45,6
4.0223202525536319,98,98,61,2
1.8570091320896527,96,96,48,0
6.1202592616939508,98,99,58,5
4.3677709936604927,96,96,46,4
5.4809180669638300,96,97,38,4
5.6854914881815937,96,97,55,7
2.0014402653354177,98,98,46,7
4.6953463849445383,98,98,56,7
4.3376422166764392,90,90,49,6
2.1918708786813688,96,97,61,5
4.3543258875655697,94,95,53,0
1.4175356070807088,94,94,52,1
1.2579124725886526,90,91,37,2
4.3192643119839422,94,95,54,5
6.2268825356902848,98,99,43,2
0.3046481736783176,96,97,49,1
5.3559002191091372,96,97,40,0
3.4857588106683286,96,97,51,7
2.2124202840582248,94,95,49,2
2.3570332135613112,94,94,47,6
0.6117708092670983,94,95,46,3
3.3523109481525184,96,97,52,6
3.6253425079145734,90,91,51,0
6.2679513637789990,94,95,46,3
4.8499918748201249,92,93,50,6
6.2443933053065939,98,99,45,2
5.8287858099477674,98,99,56,1
4.0268607070299529,98,99,53,6
4.8659025640998914,98,99,40,3
4.8734603726533035,96,97,58,0
1.0125419891511249,98,99,48,3
1.9343394340706626,94,95,52,7
5.6332902552764059,98,98,55,0
2.4204885277577861,96,97,55,5
2.4613431776065178,96,96,55,3
4.1410503519893531,98,99,45,2
4.9705290395987101,96,96,50,4
2.4820229516822025,92,93,45,5
5.0631527650832471,98,98,41,6
3.6922785097171817,90,91,51,2
5.4226305235614296,96,97,42,0
1.6006109803577262,96,97,55,5
5.9599900772853092,98,99,44,3
3.3237139468328243,98,99,58,7
0.9997462936496403,96,97,49,7
5.1026430930644633,94,94,53,2
3.6946213228344260,94,95,51,0
0.0957615287459444,96,97,38,2
2.2949282789251511,98,99,49,4
1.3039608254773780,96,97,46,0
2.2773856794927752,98,98,55,2
2.3665733693294344,94,95,45,2
3.2642326146048233,98,99,57,6
4.5089227067923883,92,93,48,2
1.6039645918945376,96,97,62,4
1.3953503397324043,96,97,51,3
6.0696277397490350,96,96,51,1
2.3466607767311358,96,97,48,6
5.5856395785144590,96,97,60,6
5.0531671687246869,98,99,51,2
4.0652512928410651,94,95,54,1
2.3448014537881399,94,94,55,2
4.8716933139070964,96,97,57,7
2.1416859889686601,98,99,50,1
3.7871075948811495,98,99,54,1
2.0038433704871177,92,92,43,1
4.4566412568466829,96,96,51,7
3.2391749489342234,96,97,50,4
1.4879352431085082,96,96,45,7
4.1235949620815013,94,94,46,7
5.0839381447000731,92,93,45,5
4.6599210166694158,94,94,50,5
5.5118143446020991,92,92,51,1
2.0084546676165766,98,99,54,5
0.3670820219664876,96,97,43,7
5.2877821257319839,92,92,51,1
5.3579215115981107,98,99,48,7
3.4146095256640088,94,95,56,5
3.7058399309125090,92,93,45,3
2.4504466360662467,96,96,48,2
4.0302233438935344,98,99,51,6
0.9560835608663413,96,96,57,5
1.1713344727846979,98,98,60,7
0.1827446018258048,98,99,54,5
4.2352059126732966,96,97,43,1
5.7603463369740133,96,96,41,7
0.1600005653461387,96,96,51,1
2.6280118795706642,94,95,44,3
5.5125748024731802,98,99,45,2
3.1872103133764500,96,96,52,2
0.3863751272922081,96,97,52,6
4.7574798540898051,96,97,50,2
2.0881428162349760,94,94,54,1
0.5762044250429229,94,95,39,2
0.0576368123462557,92,93,49,3
6.1042725522423744,98,99,60,3
0.7684535209613629,94,95,46,7
0.4736111094365788,92,93,44,0
2.2953293626431437,96,97,51,7
0.8987463782133539,94,95,51,6
2.7008378140254461,96,97,43,5
2.2756561137252556,92,93,45,3
1.9281992930018539,96,97,44,4
2.2564162929298597,94,94,49,0
1.2939332447712635,96,97,41,1
4.9125945688030468,98,99,44,1
2.4823896219666390,94,95,56,7
5.3059406729111744,96,96,49,7
1.9054599467205235,94,94,49,0
4.1799268609793634,92,93,51,5
6.1102168128864340,96,96,49,7
3.7598001313967613,94,94,44,1
5.8195619701877117,96,96,48,4
6.1961354342692694,98,99,53,2
1.3403752215687152,94,95,50,5
2.2414885722446449,96,97,50,0
0.6028629678566505,96,97,54,6
2.3426687200650145,96,97,52,0
5.4960618317178476,94,94,44,7
2.5840939207954730,92,92,47,7
5.7783943779064133,96,96,48,0
1.5514634848551188,98,98,46,5
3.3532869004051840,94,95,57,6
1.4930052693973701,94,94,41,2
5.3917812739348561,96,97,52,6
0.2951864537186670,94,95,54,7
1.3385111967673695,98,99,54,3
2.7851176415200962,96,96,52,2
3.0839059700528506,98,99,51,4
3.8329214751727307,96,97,55,3
6.0532857725469693,96,96,59,7
2.8503366216784909,94,95,57,6
0.6637806421703413,96,96,52,4
0.6825942071563669,98,99,50,7
2.3188128232340977,94,95,44,1
4.5923354655627096,96,97,49,7
3.4802237887655556,92,93,47,5
0.5946961442587855,98,98,55,0
3.9913248511593395,94,95,45,4
4.6359493481578458,94,95,56,7
3.5353591709191474,98,99,52,7
1.3597389203544010,92,93,51,3
1.0528310260154483,98,99,61,4
6.1426087307073347,96,96,51,5
4.3619143772311730,92,93,41,7
1.4637890856911049,90,91,48,7
2.3747765284482716,96,97,44,0
4.8999466462943007,98,99,39,2
4.6391867450557296,94,95,48,3
1.3862889762967867,94,95,52,3
5.1118984553150266,96,97,49,3
0.6197356092297577,96,97,57,7
5.9745772925038523,94,94,50,7
5.7308864501282333,96,97,58,4
2.3262862024898956,94,95,46,5
5.0211489915676450,96,96,54,0
0.4619149704764540,96,97,51,7
1.6916488714619569,98,98,51,4
4.7907487661647075,96,97,55,7
5.6765258635021079,96,96,52,2
1.6459161969129292,96,97,47,3
6.0866190570151266,96,97,41,7
0.0367340331824464,96,97,51,7
4.8899983544391041,96,96,45,1
5.9223477286618920,92,93,42,6
1.5330432332140624,94,94,54,7
0.8867052415491701,94,95,49,2
5.2638903172525957,96,97,50,2
3.6810570224729404,94,94,44,5
1.0972494917109870,94,95,52,7
1.1006640095232985,94,95,45,0
2.0722888614786594,94,95,58,5
3.5064917627919154,94,95,52,1
5.5744382633654244,96,97,56,4
5.8162747437519107,96,97,57,7
4.2678868182641274,98,99,55,6
4.5758329638642410,96,97,51,7
1.4952530055041602,90,90,41,0
5.1410460331040575,96,97,41,1
2.9710645574552919,96,96,48,4
0.3350196817970617,96,96,45,5
0.3008802153980881,98,99,55,2
2.8183137636263313,96,97,51,3
2.5487788688029815,96,97,59,1
5.4523994709287775,96,97,47,5
0.4048213141829300,90,91,43,6
3.2763280566260056,96,97,46,6
3.2159505409261029,96,97,56,2
5.9975516438622760,96,96,52,2
2.7946039470033219,98,99,49,2
4.1647483237173466,98,98,56,7
3.9465396188966877,96,97,56,6
3.3483383241387767,96,96,54,0
0.6043446683432803,94,95,49,0
3.8977397887172094,98,99,41,4
3.7115501445176435,98,99,45,6
5.8886858664441082,96,96,49,7
3.2732233298296398,96,97,45,7
0.6038794161987977,92,93,53,3
6.0062936660015342,90,90,45,6
0.9081908288157480,94,95,54,5
2.1743948573300949,96,96,46,2
2.6712471304858707,96,96,50,2
4.6427079845034447,94,95,42,1
4.9878033818650120,94,95,49,2
0.4045981512434816,94,95,48,5
2.3953794594071889,96,96,47,3
4.7726429059885920,100,101,48,6
2.3671137386881038,94,94,61,6
6.0888787548338374,94,94,48,3
6.1951071859322022,96,96,48,2
3.9224784168102476,96,97,45,1
1.7077511170834201,98,99,57,0
0.4029959724075221,94,95,57,4
5.8564385025882890,94,95,62,3
4.4053830264662350,96,97,42,0
4.2338069557231632,90,90,44,7
3.3778803879094434,98,98,49,6
2.7563769481184823,96,96,49,3
3.7229433418889135,96,97,55,1
1.6138974758926123,96,97,44,4
6.1454086720001353,94,95,45,6
2.0271883697029009,92,93,47,5
1.7562583063241763,94,95,45,6
4.2293770921479190,96,97,44,2
1.7144282299925739,98,99,52,5
0.9475773180520705,96,96,53,7
5.2625928927326457,94,95,46,3
5.1040614204337391,100,101,54,4
4.0760249550845122,98,99,44,1
4.8713388245005484,96,97,41,3
5.0835061539302968,92,92,49,7
4.5375999684763126,96,97,46,4
4.6944577576933000,94,95,45,6
2.7634890840802471,96,96,45,5
2.3147269232263801,98,98,59,2
4.9018761190326137,92,93,49,3
5.7039316797999131,96,97,55,3
1.6208440100669890,94,95,53,6
5.1794792914733083,98,98,48,7
5.1438772193923556,96,97,53,7
1.7732984490651140,96,96,59,7
4.6280093934082593,96,96,50,6
4.6350015161997202,94,94,54,7
2.9294361019334256,96,97,50,4
6.1674885481230932,94,95,41,6
3.1404665530769149,98,99,53,6
5.7459736693088814,98,99,48,1
4.8549367750854300,96,97,51,5
2.5949153666980651,98,99,52,5
5.5986176599811346,96,97,51,7
2.3078855490559356,96,96,53,1
4.7653567226056346,98,98,51,4
3.9591975477552603,96,97,45,3
5.2178142920152633,96,97,50,6
4.9115621657711861,96,97,58,2
2.3711094507801742,98,99,53,2
5.6422027709798011,98,99,47,2
1.8581384703785424,94,95,49,2
3.0126392285646157,96,96,43,1
5.4424633113488508,96,97,47,1
5.6574495157282270,98,99,56,7
0.7249482018370157,94,94,52,1
1.9328574430906686,96,97,56,4
2.0524594650121908,98,99,51,4
3.5776975452331121,94,94,53,4
6.1799652540827710,98,98,63,2
3.5795087752350678,96,97,45,1
1.3859628580925003,96,97,50,0
2.4870050789761837,96,97,48,0
4.8824890508134731,98,99,60,1
5.3671474949714941,94,95,51,0
4.8576857612697317,96,97,53,3
3.6372872945747967,96,97,55,1
2.9290751204060572,96,97,49,3
5.8206725989760466,96,96,54,4
1.2894874351055317,92,93,44,6
4.7196456349290568,96,97,48,6
1.0287060505584353,98,99,58,3
4.9679124726922295,98,98,52,7
2.0367472989789266,96,97,58,4
0.3444607674275982,92,92,41,3
4.8813605912427729,94,94,43,4
5.8718571613568589,96,96,53,7
2.0928049310261216,100,100,40,2
3.7448337183957312,96,96,56,2
1.9367000630384343,96,96,42,2
3.9528663744907653,92,92,51,7
1.3222837329589194,96,97,47,1
0.1716325372931932,96,97,53,3
3.5530085318502946,96,96,49,5
3.7682759608547567,98,99,49,2
4.9297887036900958,96,97,47,5
1.0873734707439855,98,99,46,7
5.5864325090357818,96,96,53,5
1.0153645984555237,94,95,42,1
5.6989209490709776,94,94,46,3
0.1965263721847091,92,93,46,6
5.8830337357566735,94,95,50,5
5.5641555823793620,96,97,59,3
1.7480645397094785,96,96,49,7
2.5588409840640041,96,97,49,1
2.9653328036849573,94,95,58,5
2.7259415672939009,96,97,54,4
0.6875208081267982,96,97,49,5
3.2812187725092992,96,96,52,2
5.7229253899855284,94,95,53,4
6.2533065975872901,94,94,47,4
0.0411404683286609,94,94,40,3
5.8867031772415839,96,97,57,1
3.2162847280473752,96,97,55,7
0.5761131815131552,92,93,48,4
5.2244670828174327,100,101,53,5
5.6115369948495673,94,95,49,0
1.8038220975720110,92,93,52,2
6.2522324324625957,94,94,56,7
3.3243298927348683,94,95,49,4
4.7863724786752844,98,99,50,1
2.4515185192075699,96,97,51,3
0.8276716963582267,98,99,42,3
1.6208593859583216,96,97,46,2
4.6779555233217298,94,95,48,5
5.5024188382331509,94,95,56,1
4.4171844608508950,98,99,53,6
2.9293732085291051,94,95,50,1
6.0302252000722421,98,99,45,0
4.6184090221164551,92,92,41,7
2.7691288629223170,94,95,59,2
5.0771394682875410,96,97,44,0
3.1098464268129931,94,95,47,6
1.0754650048168635,92,93,52,2
1.8800799776094732,94,95,52,5
4.2859110076337288,100,101,48,6
5.1552817986137676,96,97,60,2
1.2661053756780458,96,97,58,6
0.1528208527811107,96,96,45,1
5.5883560398709085,94,95,44,1
1.5495667179868520,96,97,56,2
0.1956450472308099,94,95,48,3
1.6795379983347867,94,95,50,7
5.4097203649184662,98,99,44,7
4.1847507031707236,94,94,46,5
4.1754508010207729,96,97,52,6
0.0228337138533616,92,93,47,7
2.8197089509522781,96,97,52,0
0.6583505747269012,94,95,55,0
2.4833928899134028,96,96,53,7
0.1944029234862398,96,97,49,5
4.8017641538349487,98,99,46,7
2.7806841491933665,94,94,63,4
0.0036081439517461,98,99,57,4
1.5655755382123353,96,97,48,0
2.1099941311561587,94,95,50,5
3.6448088142082327,96,97,51,1
5.9468000784363495,92,92,42,6
5.0847120243121964,98,99,55,2
2.9203041190889163,96,97,42,2
3.9579157534978973,96,97,52,2
2.3689831841719657,96,96,43,3
1.3015882461910950,96,97,48,6
4.4239517728206685,96,97,52,6
2.1528311006807432,98,99,49,6
4.1869482039987886,92,93,51,1
6.2462336998879557,90,91,44,7
2.6982356693264831,96,97,56,2
3.9697334300216478,98,99,53,6
0.2214440568910628,96,96,50,4
1.3685558708347800,94,94,50,5
1.6589829444897985,96,97,47,5
5.5167212875031026,96,96,52,4
2.5852166081045871,96,96,50,6
1.8755100393025159,98,99,41,6
5.6264602624116700,96,97,46,4
1.8970903616325430,96,97,55,7
1.0200907651437661,96,96,48,4
4.0734219820494486,96,97,51,5
4.8164924413411914,92,92,47,3
2.6829021527000196,96,97,45,7
4.6276099307020786,94,95,53,4
0.8430654645802831,90,91,57,2
5.8326263534527163,92,92,49,5
2.3984856288605978,96,96,47,1
4.8191033892039412,94,94,45,2
4.5290318801014129,98,98,57,0
5.1609473609723802,96,97,50,6
0.4900269684778189,96,97,48,0
0.7428169012492820,98,99,59,6
5.3259846941017841,98,99,52,1
4.2182090808446207,94,95,51,2
2.0620442639485459,94,94,57,4
4.8753826867478258,96,97,53,3
2.8168158753882189,96,97,45,3
4.8707908589166404,96,97,44,0
2.2370965231759161,96,96,52,4
0.4635914284150697,96,97,43,3
3.5736604282039783,94,95,51,4
4.2627082899469206,94,95,56,7
4.0092994321154123,96,97,51,3
0.2860639826737198,98,99,49,2
3.1571489010738087,92,93,46,4
3.1035615063359141,96,97,47,1
1.9205920031564594,94,94,51,6
3.3503922561343669,96,97,38,4
2.4042278577832854,92,93,47,5
1.6267976949111389,98,99,59,0
5.5684730407523668,90,91,52,7
1.2156516895332139,96,97,53,7
1.1176491262845156,96,96,46,0
2.2749792343261288,88,89,44,6
5.1810501901288504,92,92,50,6
5.3928243265948170,98,99,46,1
3.1954117762243350,96,97,50,6
6.2681784251796833,94,95,48,3
3.5802479118473691,98,98,48,1
0.8828582392439739,96,97,47,1
6.0507059136587378,94,94,52,7
2.6953320125091973,98,99,56,3
5.7563042179774468,96,97,53,3
1.7176465302369506,94,95,48,1
0.0820119813244570,96,97,54,6
2.2450586081972981,96,96,54,0
2.1382185375682132,98,98,55,6
5.4280812207964955,98,99,47,0
3.8813994324552672,96,96,44,6
1.8570672165771294,96,96,56,4
1.1932204575823928,94,94,51,4
3.0023000202103924,96,96,55,3
2.3314754599710854,98,99,53,4
5.3045011829778179,98,99,59,0
6.1802423710222261,94,94,48,5
3.1093328975950865,98,98,52,7
3.4066079576094577,100,101,47,7
3.8789453542861878,98,99,53,2
0.9228048484694404,94,94,45,2
5.7997740446729660,98,99,43,2
2.7073168336015496,94,95,51,0
3.1271900981378966,98,99,53,4
5.2411207483824302,96,96,57,3
2.3806742715833096,96,96,57,3
4.5199571283612503,94,94,52,3
1.2397697138053341,96,97,38,2
0.0576658909938869,96,97,47,7
4.7840421017166186,96,97,54,2
2.9760215623221695,96,96,55,3
2.4535446201336222,98,98,52,5
4.7748114198529219,96,97,49,1
5.8802948047928574,94,95,45,6
0.5788949641961131,96,97,50,6
6.0961277304735431,96,96,48,0
6.2034461496726268,94,95,51,6
6.2830931480601970,94,95,51,0
4.1247819270690229,94,95,53,0
4.3423125590531022,92,93,50,0
3.9142897676216060,96,96,43,5
4.0741337050071360,96,97,52,4
1.5785616983480399,98,98,56,3
3.5888885574473295,96,97,50,2
3.3196638642598515,96,97,48,2
0.4329568931755146,96,96,34,6
4.1060684233794342,94,94,48,5
4.7698606026196764,94,95,46,7
6.1433686521386699,96,97,46,2
5.2382967898051902,98,99,52,3
3.3625600756193643,94,95,52,7
0.4889351295825198,98,99,59,2
0.8503701851965568,96,97,44,4
1.9324532775757557,96,97,54,4
5.4687213423084060,96,97,49,1
6.1919833518284921,96,97,54,6
4.5088815524267014,96,96,43,3
2.7323754800519859,94,94,50,1
0.8927251904839794,98,98,59,2
3.6197741117444697,96,96,57,5
2.2181155598604927,96,97,56,2
2.4668242714280773,98,99,50,3
1.3110766894495145,94,94,45,2
2.5146908977123550,96,97,48,0
4.1279441516625317,98,98,49,2
3.7928827638466749,94,94,52,5
4.9007275370832524,98,98,52,1
5.1265463936006865,96,97,45,5
3.4569699470828210,94,95,43,0
3.5992345890634985,94,95,51,6
1.3647488670939720,98,99,52,1
5.4947617714831036,94,94,51,6
4.4286908855226557,94,95,46,1
2.2165232732058051,94,95,50,3
2.9375274586823097,96,96,57,5
4.8091373304426828,90,91,51,2
5.8702019430296373,90,91,43,6
3.7032173353321829,96,97,50,6
4.8724573417085386,96,96,49,7
3.1133019664835846,94,95,50,5
5.1099066223289515,98,98,55,4
2.9792940291828640,96,97,57,7
5.8041332617283059,96,96,61,1
4.2724064397039232,96,96,53,5
2.9052512268480073,96,97,51,5
3.7630326176668589,96,96,57,5
6.1450459234970802,98,99,51,2
1.2393349797386841,98,99,51,6
3.5579124537198727,94,95,49,4
5.3816488681567716,96,97,50,6
0.0425426356931647,96,96,46,2
3.8059369956663303,96,96,54,4
2.5547730267041597,96,97,47,3
3.3441984372692257,92,92,45,5
0.1151129268809781,96,97,53,7
2.5463941628560800,96,96,54,6
5.6772806803155822,96,97,50,2
5.3207801622742101,90,91,44,3
1.6935338488580642,96,97,47,1
5.1810956888919479,96,96,57,7
2.7461884552423088,94,94,50,1
5.5732102692886931,98,99,53,4
1.0524586121443931,94,95,42,3
2.3682790295754215,96,97,58,0
4.1422039126355621,98,99,55,0
5.3264669844576789,96,97,42,6
4.9155839149802443,94,94,53,0
4.6395301488024279,96,97,52,6
1.2874255470406939,96,97,48,0
1.7536724766384222,96,96,48,6
2.3909743440307767,92,93,44,0
2.9587716429391371,98,98,48,5
4.4294980207316694,98,99,52,5
3.6787832657261053,98,98,53,6
1.2917712149858318,94,94,49,6
3.4601573826851721,92,92,52,6
2.7229028418902095,92,93,51,3
1.1083214211089722,96,97,50,0
2.9048267051140675,96,97,55,1
5.7457680428687201,98,98,55,4
1.6317016639542035,96,97,46,2
2.9808929161822011,96,96,46,2
5.3943304638152867,96,97,61,1
6.0453949961998248,96,96,52,6
4.4668578745161529,96,97,52,0
1.3500860188985810,88,88,46,0
3.0302748205233661,94,95,56,3
4.1481244626565443,98,98,55,2
1.2705532451401136,96,97,36,2
2.7455494619747260,94,95,48,5
2.5229512607104039,94,94,57,0
5.4047096060470148,96,97,51,7
0.8575513843955801,96,97,46,0
0.8483174726221420,96,97,48,6
4.8405438012292130,96,97,51,1
0.9809724282754025,94,95,57,2
5.3443625942880724,90,90,44,5
5.1279038611044463,96,97,56,0
3.0400068829251810,98,99,58,5
1.3729115371845229,96,97,51,3
5.0426391358557225,88,89,50,6
4.4150391577912176,94,95,55,4
0.8030160550944526,90,91,45,0
0.6966146631790852,96,97,42,6
2.3464320902714642,96,97,40,2
4.8558928039374623,96,97,54,0
5.7434051809848379,96,97,47,3
3.2850021395504987,98,99,45,0
2.2863644061572099,96,97,58,0
0.7483281420658384,96,97,54,0
1.8762390823066206,90,90,59,4
3.9004983590537572,98,99,46,5
3.9875445230241882,92,93,47,1
1.7769309613177779,94,95,54,3
1.7425500709670165,98,98,51,6
4.3832407217051204,96,97,51,5
2.2547132780795955,94,94,56,7
0.1970809973958093,96,97,48,2
3.0046706547889253,92,93,48,4
5.6816331023878055,96,97,52,6
0.0496340656565362,92,92,52,0
4.8350858328031237,96,96,46,2
4.8964082532790529,96,97,42,0
1.2156602827834355,96,97,50,0
0.9269844788287668,94,94,54,3
0.5621398089738486,92,92,48,6
3.0563918925456006,96,97,50,0
5.7537458663084600,92,93,43,7
1.9472408604478986,94,94,46,7
1.3780467825496596,96,97,48,4
2.1186016868331405,92,92,49,5
5.0555676469386510,94,94,43,4
5.1633444379055531,96,97,49,5
5.5635326248521615,96,97,59,3
5.0457092896778795,96,96,42,6
4.9281223962469509,94,94,48,5
5.0345416493082675,98,98,50,1
3.9304571097147210,94,95,47,2
0.0652790012911699,96,96,45,3
1.0449894378649243,94,95,43,0
1.7818928493514410,96,96,44,4
4.5138853845296349,94,95,50,1
2.1360859706268065,96,97,49,5
4.7791348053433449,92,92,41,5
5.2509109370001017,98,98,45,6
1.2352722976093211,98,98,48,7
2.8262986663850569,96,97,45,3
5.4679239927615217,98,98,54,1
1.9524574313860230,98,98,52,7
5.7946119422020734,96,96,47,3
4.4310453147721356,96,97,51,5
4.4795766542105691,94,95,43,2
4.7176620353617746,92,92,52,4
4.9343673218142499,94,95,40,1
5.9110509021564583,94,95,48,7
4.8439553795392394,96,97,56,2
6.0179512714881014,96,97,45,3
5.2168410654999295,96,96,52,0
1.4290055227984746,94,94,54,5
4.4063238203795301,94,95,49,0
1.3716586260053407,96,96,52,0
3.8381311360472226,98,99,49,4
5.8606412382647362,94,94,48,3
2.8183506278869253,96,97,58,0
2.0967852834697367,98,98,53,4
2.5998796227619674,92,93,46,2
1.1626352965822269,96,97,51,3
5.8201229264016181,94,95,52,7
2.6994607749595612,96,97,61,5
3.4392617568896671,98,99,51,2
5.2139089589210821,96,96,46,0
2.2266222269486895,98,99,44,1
3.9918406741712213,94,95,39,0
4.0450555853465247,96,96,48,6
2.3691478962586232,98,99,50,5
1.7176219110342521,98,99,58,3
4.2390833523565314,98,99,56,7
2.7940868806200445,98,99,49,0
5.2234517151533799,92,93,40,2
4.6193196653701714,98,99,43,0
1.7240384197167946,92,92,44,6
5.7736892488814506,100,101,51,1
4.5629873737353872,92,92,55,3
2.2575498598692407,94,94,42,3
5.6405346549786746,96,97,44,0
2.1562310497602200,98,98,40,1
2.1469359785620581,96,96,60,6
2.8356740765575537,98,99,49,2
5.6839825751949977,94,95,48,7
4.0118156813613091,96,97,51,5
0.7224997623004373,94,95,56,1
3.0990757553024655,96,96,45,5
1.4032825390364410,96,97,47,3
4.3787028120076483,96,96,44,4
0.0462567948929704,98,98,47,2
0.4914516422681985,96,97,44,6
0.2676785797850978,94,95,44,1
6.0599543076339932,98,98,54,5
3.3048202229751746,96,96,45,7
4.5916415652229281,94,95,47,0
2.3357816880635678,96,96,46,4
4.0503575857750889,96,97,55,7
6.2236885308312964,98,98,55,6
5.8736067640978566,96,97,57,3
1.6829361018980864,94,94,42,3
2.6982014432534043,96,97,45,5
4.6180580818419861,98,99,55,2
3.4085281139632824,96,97,47,3
2.8724531121787553,96,97,43,5
4.2460350965891953,94,95,47,4
3.0486188267212477,94,95,60,1
0.7026991173030831,94,94,48,5
5.8968735241866472,94,95,50,3
2.2719201043488528,94,95,52,7
0.2879153175081788,96,97,54,0
4.3483964877243571,94,94,47,6
1.2140675015537392,98,99,57,2
4.7398045144051926,98,98,56,1
0.0708907754397258,96,97,54,2
2.5905055011550098,96,97,55,3
4.1648611321820290,92,92,49,5
3.6326153320339793,96,97,55,3
0.6045067970220662,94,95,50,5
3.9303323835346218,96,97,46,2
3.6845856148951128,98,99,49,0
5.1225120489802425,98,99,48,1
2.3661954953080535,90,91,48,1
0.1265043697081873,96,97,54,6
5.3474555397709462,92,92,44,6
6.0603684106767597,98,99,48,5
3.1090099354467151,94,95,57,2
4.9861271466448303,98,99,43,4
1.0976505841870403,98,98,51,0
6.2766032592887750,98,99,47,2
2.9143793861675662,94,94,46,7
5.1831296146866377,100,101,55,5
5.8852788939967766,98,99,47,0
4.0721976420120845,98,99,45,0
1.9972373325392783,98,98,47,0
3.5652957580042273,96,97,49,1
5.1885577352901393,96,97,57,7
0.7862154368973135,92,92,44,6
5.9779940713702953,96,97,56,4
5.1883165544644747,92,93,44,4
1.5954311111643553,94,94,44,3
0.8409070675701478,98,98,57,6
5.0036321907093937,96,96,51,5
4.3031509810387147,98,98,49,2
3.5437128429856224,96,97,52,0
0.0782125634903866,96,97,53,5
3.2507232637143186,98,99,50,3
0.5523619835590449,92,93,48,6
5.5983629858228152,96,97,51,5
5.0332625109534463,94,95,47,2
4.0473494043601894,98,99,49,4
0.9046612207531005,98,99,42,3
4.1775871512601181,96,97,57,5
1.0706056077829760,96,96,49,5
0.5926594172881585,98,99,49,4
4.1536489043492759,96,97,59,3
4.9141020508350408,96,96,46,2
0.6171993523387943,96,97,45,3
1.9874666052717123,98,98,47,6
3.4802908797335106,96,96,51,3
2.6185271170325097,96,97,42,6
1.0972391811108673,96,96,48,4
6.2348707262250782,96,96,54,2
5.4221138292129911,96,97,55,7
3.2189735792885865,96,97,56,2
5.1352396618257679,98,99,50,3
4.2790482832080512,96,97,52,0
2.3682772250869837,96,97,54,0
4.7738189928117558,96,97,45,7
6.1566125902361417,96,97,51,3
4.3830894956228130,96,96,51,7
5.1621370974912253,98,98,55,2
0.6003693684683524,96,96,51,5
2.2290763546776757,94,95,48,5
3.0630018442059033,96,97,52,4
5.6703306951405397,98,98,51,4
2.5304179971916727,96,97,55,7
1.7247429475595046,92,93,46,0
1.7146635770064673,94,94,61,2
0.7392138755938257,94,95,47,6
0.3466109993156389,98,99,45,6
2.4676305362552902,96,97,50,4
4.3281928478361058,98,99,44,5
4.5665120559012351,94,95,52,7
1.2965374940973418,96,96,47,1
2.8458285081926231,98,99,48,3
2.7508629570438035,96,96,50,4
0.0305455474972055,92,93,47,7
3.9390672638693007,96,97,54,6
5.5194010973163463,96,96,45,7
0.1717884916283358,96,97,54,6
1.4658281514257412,94,94,53,2
3.9275535528670646,94,95,44,5
2.2695209540029646,92,93,45,1
5.3827820964269222,98,99,54,7
1.8827425466956036,96,97,47,7
0.6894638008701445,94,95,46,1
3.7968701267631721,98,99,43,0
4.5177322679228302,94,95,46,1
2.8946979432285973,98,99,59,2
5.3075292118830673,98,99,60,7
3.4783878302743836,96,96,50,0
5.5461729778386628,92,92,42,0
0.1019926967439857,96,97,40,0
4.4753910162434147,94,94,41,6
4.8984767679772192,98,99,59,2
3.5250717542219161,98,99,49,4
0.9646836909218007,94,95,52,7
4.3714785153413036,96,97,48,2
3.6820855691412446,96,97,46,6
5.0076948551389968,92,93,48,0
0.7732158938601437,94,95,54,7
2.3835162293131407,96,97,40,0
0.8338959262983059,96,97,45,3
4.6201836663865565,96,97,48,2
2.9518348428642307,96,96,48,4
4.6815333738716518,96,97,45,5
4.6122179556558454,96,97,48,4
3.3217073548484923,94,94,48,5
1.3283074574755274,88,89,38,2
4.5232765816689913,94,95,49,0
4.8684129350502312,96,97,54,4
1.9207868670013433,98,98,45,2
2.8847125547249099,96,97,47,7
3.0956194529802361,96,96,53,1
3.9473279372889962,96,97,57,7
5.5753818812733149,96,96,45,5
3.8765564887037733,94,95,39,4
2.8712502660569257,86,87,48,3
3.9640467940932660,98,99,48,7
2.7744524308528318,94,94,55,2
3.9474796364961007,92,92,48,0
0.4302021252743682,94,95,52,7
1.8820017716538104,94,95,47,0
2.3713365861766866,98,98,45,0
5.4726435445787018,96,97,55,5
4.5235727904171679,98,98,52,7
2.0550351984768263,96,97,51,3
1.7269407327820616,94,95,44,3
5.6143024857273680,98,98,48,5
0.3893449768801799,96,97,54,6
0.6307545484937146,92,93,47,7
3.1256539259142806,94,95,45,2
1.4061352842267607,94,95,48,3
3.2061300121818110,96,96,54,2
2.8240495877949487,94,95,53,2
5.2450672059548937,96,96,54,0
3.0533038792812031,96,97,53,5
4.3508526518214881,96,97,45,5
2.2509395727171810,96,97,50,4
2.4519506292370390,92,93,44,0
6.2457009899927378,94,95,54,1
3.0886477839891175,96,97,53,3
6.0669318293161796,96,97,48,4
4.9562658091145577,96,97,41,5
6.0543484433525379,96,97,45,3
5.8485827848876877,96,97,48,0
3.7383962034678113,98,98,45,4
1.0877696084808994,92,93,53,7
3.4041392270441504,96,97,45,3
2.4593318909994935,94,95,49,4
2.4012443507321413,96,96,41,7
0.2891817439716249,98,99,51,4
1.9007195871080433,96,97,45,1
3.2381971806442009,92,93,45,1
0.0390444024485665,96,97,52,0
3.8445554990187834,96,96,50,6
3.4195398266753885,96,97,44,2
3.5854076720454886,100,101,57,1
1.1127905698915008,98,99,54,7
0.1065992884084440,98,99,46,1
4.5598495191867512,96,97,49,3
5.5818002342226540,94,94,55,4
1.6581554713261937,96,97,54,4
5.7866470131632912,90,91,51,6
4.3757493646880512,96,96,42,0
5.0548067469496445,96,97,46,0
1.3892501325982194,98,99,45,6
5.2941402061371967,96,97,57,1
2.8193225786993894,98,98,40,7
5.9083157376975191,98,99,49,4
1.5579722435875885,96,97,48,4
0.8832281072713219,96,96,49,3
4.0137121219873988,96,97,47,7
4.8294134161164441,96,97,55,5
2.2308781608145662,96,97,49,3
2.4065504458145628,96,97,43,1
0.9207896469731536,96,97,51,1
4.6391289800622317,94,95,55,4
0.6553044346844524,94,95,57,6
3.2424072914069613,98,99,47,4
0.9357335103734026,96,97,50,6
4.9218765553004964,92,93,50,0
5.6750325005740798,92,93,47,7
1.6804540471207898,96,96,48,4
4.1792309057009165,98,98,52,1
0.9402670227321432,98,99,52,5
0.5577013179862504,98,99,52,1
4.8231886797648738,98,98,61,6
3.2530795127223615,96,96,55,1
2.4751408068741516,94,95,54,3
6.0356648010042582,90,90,47,2
1.2873934645258818,90,91,49,6
0.7826015418654022,98,98,49,0
5.8947939234422462,96,96,42,2
1.7604005135916212,96,96,42,4
