theta,t_count,h_count,s_count,w_count
4.4494838776916303,98,98,50,1
5.8789599287464522,100,101,57,1
4.1228162111894910,100,101,52,0
4.1484761853336876,96,97,43,5
5.7497073941311880,102,103,62,7
2.0505013161325403,100,101,45,3
0.4019362522401604,100,101,58,0
3.5429418571058027,100,100,50,4
1.8667872132229277,96,96,36,6
3.9323693954447148,100,101,50,6
0.9964911908112037,100,101,56,2
3.9132241957851894,100,101,59,3
3.1799346544940685,98,99,50,7
5.8435477015264521,100,101,58,0
0.4856952147753614,98,99,48,3
3.6486502473495270,100,101,50,2
4.7574071431976090,102,103,60,5
1.9150198412037538,98,99,56,3
3.9243060685242299,96,97,46,4
6.0451003894451096,100,101,54,6
5.2265276679229320,100,101,53,1
2.2266371000615215,96,96,52,4
3.4163406713838755,96,97,47,5
1.9760858708895321,96,97,42,0
2.5286111041594901,100,101,50,2
5.6911936323063452,98,99,50,3
3.1693622738518434,96,97,49,1
1.6210027809744405,96,96,44,4
1.9113589707566268,100,101,57,1
4.8446621355396484,100,101,53,7
0.4894030667708067,100,100,58,4
4.5741326641802713,98,99,44,5
5.4187439399010984,100,100,42,4
5.6545563612400347,100,100,51,3
4.2479522877460054,98,98,48,7
6.1646779596455685,98,98,48,5
3.7703398956343968,98,99,57,0
0.4032165346969661,100,100,57,3
5.7634028269019231,100,101,45,5
3.3505157778309491,100,100,50,0
1.0778576823785520,98,99,41,6
3.0162947227573631,96,97,51,1
3.2899281982653079,100,100,52,4
2.5272378917793707,96,97,52,2
4.8069317339925206,90,91,39,2
1.5486047184594895,98,99,57,2
3.4213616730589322,98,98,49,6
1.5449551179619248,100,101,55,7
6.2567286837415725,100,101,46,6
4.2887281807866353,100,101,51,7
2.5155549899123066,100,100,61,7
3.0874134908322493,100,100,54,2
4.0578402482530471,98,98,51,0
2.5345439327926633,100,101,52,6
2.6117110565291082,100,100,59,3
5.1324168276702755,100,101,44,0
1.8897345281180369,100,101,57,5
5.3570828077997810,100,100,51,5
6.2719998818722189,94,95,52,1
5.2418464958295603,98,99,51,6
0.1694348712803416,98,98,61,0
1.7962574990594675,100,101,50,2
3.6580335109112370,96,97,54,6
5.0313600656165978,94,95,58,3
2.0774827328248575,98,99,62,3
2.7118494657239669,98,99,50,3
3.2809485553148532,100,101,56,4
0.9503134396572241,98,99,54,7
5.7563973993971960,98,99,53,0
0.2663292096358695,98,98,52,5
4.9167910568679041,98,98,49,2
5.5271929392260448,96,97,45,5
6.0859147372043987,100,100,56,0
2.9445116675658221,100,101,44,0
5.6880264451272273,100,101,58,6
3.8819962861576847,102,103,57,6
4.8722870894626169,98,99,54,5
0.9664674290387896,100,100,40,2
2.4699458983136715,100,101,53,1
5.3726849097098226,98,99,55,2
2.5526040586650742,100,100,41,7
0.1045002032569033,96,97,52,4
6.1078923565413445,98,99,51,2
2.2113854499829846,98,99,49,2
4.3681272595291842,94,95,55,4
4.8838516691990348,100,100,52,4
3.6233792979410748,98,99,49,0
2.9429761979655509,100,101,61,1
5.7120255957428352,98,98,50,3
5.3208345509022825,100,101,46,0
1.8550287010749464,98,99,49,6
4.4875574179722868,100,101,54,2
1.2311470091375571,100,101,56,4
0.6277742168773323,100,101,51,3
4.1981590083825280,102,103,54,3
4.1591319129373652,100,101,51,1
3.5529359166010250,98,98,53,6
2.9465482865542061,100,100,58,2
1.5978681367607337,100,101,53,7
5.7957473377892139,98,99,49,6
2.9743291345653442,98,98,42,7
1.4950013527738792,100,101,53,7
0.5192495455875058,100,100,57,1
2.8756530252435724,100,100,58,4
4.5043825550683092,96,97,42,2
0.0147445603718129,98,98,50,3
5.4704237687065236,100,101,47,5
1.7163458089804595,100,101,48,6
3.3174775189712258,100,101,55,7
5.4986129692978425,96,96,54,6
5.0734186462204578,100,100,55,3
1.1748979683798186,92,93,47,1
5.4460174862954904,96,97,52,4
1.7719503254609936,92,92,41,3
4.6857661443740346,100,101,52,0
4.0449841053106432,96,97,47,3
5.4971548924871962,98,99,44,3
1.7952665308735043,96,96,50,2
3.6343770017323411,98,99,49,4
2.0442929673368413,100,101,57,1
0.7036483804054698,94,94,47,4
1.3922291389539725,98,99,55,2
5.7100985398231856,100,101,49,5
0.9856016964448656,100,101,52,0
3.7264609118181671,98,99,53,2
5.6378236892342830,100,101,53,7
1.5233897780025507,94,95,44,1
4.4704667020042965,94,94,49,0
0.9661453931064548,98,99,57,4
4.6980447292089575,100,101,51,7
1.0261417427628283,100,100,50,6
4.8477359474718051,98,98,55,2
0.5783605642035982,98,99,55,6
3.0310071261531122,98,99,57,4
0.0899275368139062,100,100,54,0
3.2394757307755175,98,98,54,7
5.7075280128846426,98,98,50,3
3.8278931002100820,100,101,45,1
6.1728808924203697,96,97,54,0
0.5125431354654733,100,101,52,4
0.3771821551027133,98,98,54,3
2.5673880170045318,100,101,53,7
0.6811356762526585,100,101,44,2
5.5481200915577471,100,101,53,3
2.6910580287352097,100,101,56,6
5.3854555194732017,98,98,49,2
2.2397968847176393,98,99,57,4
4.4493159307292443,102,103,48,7
4.0569036314819291,98,99,57,4
4.4750813186100533,98,99,51,6
1.3622826390622296,100,100,53,3
4.6043948529876513,100,100,43,3
4.5333726039579458,100,100,50,4
5.8303025389901046,100,101,54,6
3.4746426612581609,98,99,47,0
2.4156999402856276,100,100,54,6
5.4637949257952236,96,97,52,6
1.9542571202213379,98,99,53,2
4.4142225029148454,100,101,50,4
5.1103465917713775,96,96,49,3
0.6180344039922875,102,102,42,1
4.0358850072244881,98,99,47,6
3.6955678033798613,98,98,53,6
0.5477420775925614,98,99,48,1
0.2219602797814633,100,100,65,1
4.5954321086666701,98,98,50,5
5.5403372928121790,100,101,49,1
3.9870396188610320,98,99,54,5
6.1232883311246873,96,96,59,5
4.6628958636605198,100,101,57,7
3.2648908371025613,98,99,59,4
4.6858468532545192,102,103,51,6
3.4868469863528992,96,96,49,5
1.6537962417561400,100,100,47,1
0.1466493117462877,100,101,52,0
2.7426603805590108,100,101,45,1
0.1106465686484259,100,100,50,6
1.6723264991874016,96,96,47,1
2.9856506953793143,98,98,56,3
6.0856073690758148,98,99,45,6
1.4588864013481246,100,100,62,0
5.7232654561378800,98,99,46,5
3.6402014483464051,92,93,55,7
1.4232448791682955,94,95,52,7
1.8033046422142742,98,99,49,6
0.7596327616737596,100,101,59,3
6.2210784206170935,100,101,48,6
5.5126675693322014,100,101,52,2
3.5386851119814073,96,97,58,2
3.8326813833452920,94,95,45,4
4.7782886181667177,98,99,50,7
2.3857197558169831,98,98,50,3
0.8765501645489144,102,102,60,3
5.0361765456170193,100,100,57,7
3.4864898431724880,96,97,55,5
3.1088674990528382,98,99,48,5
5.1716027333900003,100,101,47,7
2.3588195327053576,96,97,49,7
5.2253177297744333,100,101,50,4
4.4685788499930155,100,101,47,7
4.4376481647108221,98,99,45,2
5.6229075844052954,102,103,58,7
2.8498946673962360,100,100,58,2
0.1389844864792485,100,101,52,2
1.8826965811206418,96,97,49,5
3.9086019333465911,98,99,51,2
0.2032199156020884,98,99,52,1
4.1024695660441584,96,97,53,7
5.6104410615970792,100,101,52,6
5.6999539137128261,98,99,63,4
2.1276767022184999,98,99,57,6
4.7281271719639753,98,99,58,5
4.3535385872044925,96,97,60,4
3.7711695483812666,98,99,54,3
1.6534430849708366,100,101,54,4
0.1475163734903429,100,101,62,0
1.2707305998242957,98,99,45,2
4.1135900601416457,100,101,53,3
2.5918669123057159,100,100,54,4
4.6610359625519493,98,99,60,5
0.8329639241355594,100,100,54,2
5.0878139807121183,100,101,53,3
1.7283574933523049,100,100,56,2
1.0894528501896541,98,99,56,1
3.3011521140596174,98,98,52,5
1.4673632509694818,98,98,54,5
3.8565118310107236,100,101,61,3
2.6862983270569445,98,99,51,6
5.3922486375372802,100,100,56,4
3.9650088525131144,100,100,55,3
5.3308530094484636,98,98,44,1
2.4390000735117101,100,100,57,5
0.4197910684744721,100,101,51,3
3.8128707080309630,98,98,55,6
2.9736402404019202,96,97,47,3
0.8468456741516344,100,101,51,3
4.3521623751946645,98,98,62,3
5.0610913087509717,98,98,52,1
4.2117474467385092,96,97,46,2
2.8569994660499276,100,101,48,4
1.5589111576536996,100,100,52,2
5.8770035230298019,98,99,47,4
3.0739739741901557,98,99,50,1
1.7350299781462371,100,101,51,7
1.5128320497754171,100,101,52,2
4.8158053292718135,100,100,52,6
2.2429546531639848,96,96,58,4
4.4142939272867716,98,98,47,2
4.6863519275945800,98,98,47,4
4.7600159071472516,96,96,52,4
3.0699931243520484,102,103,44,7
3.7531102173755149,96,97,47,1
4.7979208227277921,102,103,64,3
2.5847042529134181,98,98,46,3
3.4459162820738380,98,99,45,6
3.0595949562686773,96,96,55,1
1.2042603654671347,98,98,57,6
3.0008768987647279,100,101,52,6
2.9759428184146390,102,103,55,6
3.4777071664796280,98,99,52,5
1.6364866570680363,100,100,51,1
1.7391199346089610,100,101,57,1
0.9092509158080748,98,99,57,6
2.1906255750356682,98,98,49,0
3.3780625258591690,98,99,52,7
1.5774358502831320,98,99,56,7
0.2251456804864369,98,99,56,3
0.1409212577389292,98,98,47,6
1.0250472292210100,98,99,47,0
0.2101955601789275,96,96,54,0
4.1111896151997351,98,98,48,1
2.2203019982222814,98,99,50,1
0.0355357784862187,100,101,52,4
2.9780163172488638,98,99,41,6
1.6485181171777195,100,100,48,6
6.2156282015544457,98,98,51,6
0.7533045577947910,98,99,50,7
1.1564707679152666,92,92,37,3
1.7760011387245169,100,100,58,4
4.5054760895049339,96,97,55,7
1.0028641757613856,98,99,52,1
0.5673189631153038,96,97,46,2
4.4136425879454322,100,101,51,5
2.4047134574591644,100,101,43,1
3.1718455567384858,96,97,46,0
0.3684832052838440,96,97,48,2
5.2633986248827123,98,98,43,6
4.9152046368317039,94,94,54,3
4.6110662008937240,100,100,46,4
1.9377521555066801,100,100,42,0
1.2194525549323314,100,100,48,4
5.9136957755240154,98,99,43,4
0.4665622618937099,100,101,50,0
3.9381440172809654,98,98,51,2
5.7117218216574495,98,99,54,7
0.4879735147110174,98,99,48,5
0.0879560160483463,96,97,60,6
3.5917483456140658,100,101,45,3
4.7535746779382402,100,101,53,7
5.9758893374871116,100,101,54,4
5.9227313495686102,98,98,62,5
0.9409713411239350,102,103,53,4
1.5439975150730405,96,96,44,2
3.8345282155090006,100,101,55,7
0.5009042105045840,102,103,46,7
3.4643328107449523,100,100,61,5
2.8322108221028670,100,101,52,4
5.0979632727077320,98,99,48,1
0.2579106794219028,100,101,51,5
4.5805645000614961,96,96,43,1
4.0208656148406492,96,97,52,4
4.2454280420283892,100,100,52,6
1.9345508809313361,100,101,54,4
1.8676524363682829,96,97,56,6
2.1306228402723160,98,99,52,3
4.8996118163481643,100,101,58,0
4.1295900316158880,100,101,50,6
1.5198339779819996,100,101,48,6
0.6868442672606945,100,101,57,3
3.0044536154639583,96,97,54,2
3.7098272092503799,100,101,53,3
4.9499563122936072,100,101,53,1
4.1554308809092317,98,98,52,1
4.9113079351092042,92,93,46,2
2.8370477760269837,92,93,59,5
2.4749776723021180,100,100,57,3
6.2660694686669425,98,99,54,3
3.8828941393825813,98,98,53,0
5.7193742278634749,98,99,49,6
5.7465836132350212,98,99,53,2
2.0999239207754745,100,101,52,6
5.0268946128180749,100,101,60,0
0.4343396943619757,96,96,53,3
5.2498847861398463,96,97,51,1
4.4758331862889236,96,97,54,2
2.3939146328945178,98,99,50,5
3.7984822309853441,100,100,53,7
4.0574634638661253,98,99,48,5
3.5336435655665097,96,97,48,2
0.4263461546858037,98,98,42,3
5.0958927454595617,90,91,44,7
4.3324692826763824,90,91,43,2
0.7052426069604660,102,103,61,2
0.2784452340589917,98,99,47,4
0.6996071042342827,100,100,52,4
4.5703864934436753,98,99,60,3
3.0676767885490959,98,99,55,6
1.1601778102859128,98,99,42,5
6.0043554311319554,96,96,55,3
0.8445188566670387,100,101,62,6
4.2331064430417547,96,96,41,3
2.7890414640090180,98,98,57,4
0.2726454257971004,96,97,51,5
3.7806774324433183,102,103,57,2
5.4998271891607216,102,102,61,6
3.6538939278863549,98,99,50,1
4.7134645675295843,100,100,55,3
5.4808820641215670,98,99,48,7
1.9313790120692960,92,92,47,7
2.1576127099647908,98,98,40,7
0.5535718863769284,100,101,46,6
2.4579490839438853,94,95,46,7
5.6085619432462330,98,99,43,2
3.4161135446292676,96,97,47,1
4.7445772735580718,96,97,45,1
1.8073631454618260,96,97,46,6
5.5632867021668773,98,98,51,6
5.8274926728864971,100,101,54,0
2.4059153356531731,100,101,44,2
3.7260472687318944,100,101,54,6
0.5385925023110896,100,100,47,1
5.3936822478177158,98,98,50,3
0.5636618598339044,100,100,57,1
1.8138184314203321,100,100,51,1
0.2915089756330409,100,100,49,7
2.5854810784128919,100,101,52,4
2.7050843628569874,98,98,43,4
4.0509321410207493,100,101,55,5
3.2729612941316617,100,100,51,7
5.6065337846210808,98,98,58,7
3.9444871726921527,98,99,55,6
1.5278097740555490,98,99,48,7
2.3444941962287018,100,101,56,0
2.3422752767675417,100,100,47,7
4.8039100196757758,94,94,54,5
4.4555575874763678,96,97,54,0
2.3281373559327685,98,99,47,2
6.0052769441659537,98,99,50,1
5.1555880529243741,98,99,52,1
5.2630626424326419,94,95,35,4
4.6346438063053546,94,95,50,5
2.9356921015355901,100,100,46,0
2.0739739871419340,96,96,55,5
3.7093345642722246,100,101,56,2
0.5612819208812146,94,95,47,2
2.0295913739908196,100,100,49,3
2.9505422332292590,100,100,50,6
0.6275124447988756,98,99,52,1
4.9281424232210513,96,96,49,3
0.1158083855741303,100,101,59,5
1.2045020524046810,98,99,53,6
4.6121396152272913,98,98,51,6
0.1662731099633463,100,100,46,4
3.8694288631069162,98,99,54,3
5.9334323196972072,98,99,53,4
6.0656430375386154,98,99,46,3
6.1564299334723422,100,101,44,6
5.9768206070946661,98,99,45,2
0.5544157363526904,100,101,52,0
4.3071691991523497,98,99,57,4
4.5827274611200934,98,98,49,2
5.7618704430220680,100,101,49,5
1.0366418233670671,98,99,46,5
0.0156450495952741,100,101,49,1
5.0887326610512531,96,96,58,6
5.2975642730492343,98,99,56,7
0.7752695577175588,100,101,50,6
1.2514918729607316,98,98,54,1
4.2875896093192507,100,100,57,7
0.7226278369581941,98,98,52,3
6.0698502247196098,100,101,51,7
3.5806708869065389,100,100,57,1
1.0709453672030043,100,100,52,6
3.3309753043039749,98,99,55,6
0.6815427322546501,98,99,54,5
0.7614891989806504,100,101,49,3
6.2430673028037713,96,97,48,6
5.1907405821266135,100,101,50,0
4.3337303554150495,96,97,56,4
4.9509737779981133,98,98,40,7
2.9941675445540250,98,99,51,6
6.0641274131254548,96,97,51,5
4.5290899956057826,100,100,58,4
5.6109425727729265,96,97,40,4
3.1943782778691059,98,99,47,6
2.8766236527303328,98,99,61,0
1.9647748765864317,98,99,53,0
3.6364798452780880,98,98,50,3
5.6299901009567224,100,101,55,1
4.8164093137150443,98,99,53,6
3.7650110682974720,96,97,46,0
6.0971200472945331,100,100,54,2
0.4491564168825921,96,96,46,6
4.7963650230512380,100,100,53,5
3.0273765013780092,102,103,53,4
3.2414637632547634,102,103,35,4
3.3685239209974118,96,96,44,6
3.9123551783955088,96,97,58,0
2.2347690142358494,98,99,60,1
2.0985300865822722,100,100,56,2
0.4998571375748278,100,101,49,5
3.5022205560191915,96,97,49,7
6.2615612695452914,100,100,48,6
0.1912758486878397,100,101,45,7
3.0690469568010488,100,100,53,5
0.7876996337750605,100,101,48,0
3.2763076115546297,96,97,53,7
1.5243865278606044,96,96,53,1
1.6109467379327138,98,98,56,7
2.7987881692884100,100,100,51,5
5.5876964610371287,98,99,60,3
0.3590926546781477,98,98,51,2
1.5749080178646135,96,96,47,3
4.1273248677750987,100,100,52,4
1.0915799572830369,96,97,57,7
5.3536786243327663,94,95,50,3
5.0867452793251964,98,99,49,6
1.7445621143579471,100,100,64,0
0.2291932558686820,100,100,59,3
4.6505111303363078,100,101,57,5
2.9647917677434372,100,101,53,1
0.9250332807118696,100,101,51,7
4.1023725397106441,100,100,52,4
1.5057648532835513,98,99,48,5
4.5346712603946315,100,101,53,3
1.3910432076875165,102,103,55,4
2.0951126980945056,96,97,46,2
2.4379302318294771,98,99,57,4
5.6377843954185503,98,98,51,4
6.1033890414649941,94,94,48,7
1.1340545109669735,98,98,52,3
1.9379359779416874,100,100,50,0
2.7301269170864053,100,101,51,5
5.3661803626239193,100,101,49,3
2.8467200607906622,100,101,44,4
2.6243112542514444,100,100,61,5
2.7461255896843229,100,100,48,6
0.2796388399007201,98,99,60,3
4.5446328524118407,92,93,53,3
1.6521774581911777,100,101,51,7
1.9104709578529542,100,101,52,6
5.7188373133600825,98,98,51,0
4.0358308777763998,98,99,46,3
1.7616076132097234,100,100,54,2
1.0834185567519998,100,100,49,7
4.3365022283682366,96,96,56,0
3.8728532655305825,98,98,50,3
5.6275025616080114,102,103,53,0
2.6865602879197010,100,101,50,2
0.6650314297007106,102,103,58,5
2.8287754291129810,100,101,54,2
6.1227082284672401,100,100,57,5
2.7555914053549095,100,101,51,5
0.9756622438642878,100,101,60,4
3.5039460032957543,98,98,52,7
2.8802126864071909,100,101,54,2
3.4297299560654846,98,99,45,6
0.0540506070519022,100,101,47,5
2.2124814293877573,100,101,53,3
5.1608376827134048,98,99,53,0
5.8615716654553971,100,100,44,0
2.4311155917434832,98,99,58,7
5.0766260171461539,100,101,47,5
1.4263692184303993,100,101,60,4
4.7707242867937980,98,98,53,4
6.0312923265339808,102,103,58,3
0.5010353109096455,100,100,50,2
2.0084155845118414,98,98,45,4
1.8540603156427540,94,95,50,3
4.8923328723547135,98,99,48,7
6.0466065918015852,96,96,51,3
3.2724483978774033,98,99,47,4
2.0341602396913072,100,101,49,5
4.4181359729752927,98,98,55,2
5.3829940834451673,102,103,50,3
4.8587317551849996,100,100,44,2
4.7216080616640959,100,101,52,6
3.6321379221468426,96,97,45,7
1.6796877791446745,98,98,45,6
5.4917894146830246,100,101,59,3
0.7960838209486126,98,99,56,3
0.0002975882135561,100,101,55,7
6.2482465870349886,100,101,60,2
3.0216969052678269,100,101,46,0
3.3722584424496724,94,95,47,6
2.1732212956159223,98,99,54,5
5.0121470971615150,94,95,53,6
4.8004040873826899,96,97,50,0
2.3705819476031516,98,99,49,6
3.5981183019719589,94,95,45,4
2.3984961221380829,102,102,53,6
5.4958228787910128,96,97,51,3
5.0544115767572562,98,99,35,0
5.8070271344629454,100,100,49,5
1.9966185047472269,98,98,49,2
4.8662461470151044,100,101,55,5
5.1195957166644659,100,101,57,7
2.1567167531155422,96,96,58,2
0.6478369299529219,100,101,61,7
4.8997898693229116,98,99,51,6
2.6360735555267674,100,101,53,5
4.8513522298231129,100,101,38,2
4.0817882481782641,100,101,55,1
1.3210308711275274,98,98,49,0
0.5645397058023465,98,99,53,4
4.2450057988669512,94,94,44,5
4.6441876873845001,96,96,51,7
2.0972714267829207,98,99,46,7
1.3869389501354985,98,99,56,1
3.7855666508578145,98,98,47,6
3.6430234224425662,100,100,47,5
2.7419201453807607,102,103,53,4
5.2410866699471041,98,99,46,5
5.0505776475095558,100,100,56,6
1.0156180477415648,100,101,48,2
1.1518263501483006,100,100,59,7
0.1052215389535797,100,101,59,1
5.1862539446154710,100,100,52,2
1.3210509807325364,98,98,54,3
4.9084368782825312,100,101,54,0
5.2479165944629376,100,100,64,4
1.2423011121022629,100,101,53,1
1.0618121080290015,106,106,55,0
1.0665341449996868,96,97,47,3
6.0264286366304241,96,96,57,7
3.0800990261987482,92,92,44,4
0.4901841346167813,98,98,53,4
1.5669030498017644,98,99,48,3
4.6640558159528194,98,99,44,5
4.1206578669316949,96,97,46,4
5.8740982923115705,100,100,46,2
2.0352445544199065,100,101,48,6
2.3482675203034273,100,101,56,4
4.4433599501536314,100,101,51,3
2.9353241112618624,102,103,49,6
6.0608100799277391,96,97,47,1
2.1674412492115067,100,101,52,0
5.7239428472876570,100,101,50,0
3.4531173489810056,100,100,55,5
1.9957168676122152,100,100,56,2
2.5243171488096863,96,97,42,0
0.0424661315574432,96,96,55,5
4.6048775356489866,100,100,44,6
5.8502669586212503,98,99,47,4
5.5254645138501282,98,99,48,7
3.5456564594266160,100,100,53,1
5.7364173403061089,100,101,52,2
4.0293330115309480,98,99,49,4
6.0964303463250760,98,99,54,3
5.8063920098004100,100,101,55,5
1.9433687686439556,98,99,53,2
2.9591685390362406,102,102,51,0
1.1018190640526180,100,101,60,2
2.8265631877831043,96,97,56,4
1.1545019306989894,100,101,64,2
3.9834735461675614,100,101,51,7
5.9956422554925197,100,101,53,7
2.1517644430565372,100,101,42,0
0.3206956445042362,100,101,63,7
1.4994762073620735,92,92,49,3
3.8849250622368054,98,99,47,2
1.8481604052036940,98,99,52,3
0.1789143730262358,100,100,48,0
4.5320037165995384,100,100,54,2
5.8819566494816540,100,100,51,3
4.9077542909544540,94,95,47,6
1.8519064551581847,102,102,58,1
3.0461122906002909,100,101,42,2
0.8263147731847934,100,100,58,0
1.8460303121397261,100,101,48,4
1.5989840865819254,102,103,53,2
0.3069549608075278,100,101,49,5
5.2873591342916741,98,98,45,0
4.8222217470778599,98,99,54,5
2.8262985400889011,96,97,53,1
5.4375674614550071,100,101,57,1
1.6145479554966937,100,101,63,3
0.5177392456378189,98,98,56,7
3.7322114637621122,98,99,51,0
2.6422273731971124,90,91,48,5
4.6371674417600728,100,101,47,3
3.4321543150747500,98,99,59,6
3.5231638134465828,98,99,59,2
4.1602841548082257,96,96,56,6
3.7380545452236795,92,92,55,7
2.4499933607569173,100,100,45,5
1.7782192305102480,98,99,58,3
1.5756088872287126,92,93,49,3
3.6693128985490380,98,99,51,2
1.2625718010283897,98,98,46,7
0.4493041162941819,100,100,52,4
5.4624157786467666,96,96,45,7
4.2534545336691769,98,99,44,3
1.5816038327968958,98,99,44,1
1.2113305730937391,106,107,57,2
0.6927108864272141,96,97,53,5
4.5649060089790403,98,99,56,3
2.5693641221735790,98,99,60,3
3.1741104307272283,100,100,55,7
0.4798324549618369,100,101,48,0
3.3698170710649391,98,99,55,4
1.0787748480862469,90,90,41,4
4.4903524936299393,96,96,56,2
5.5518905807092054,98,98,45,0
1.9938628465473762,98,99,44,3
5.5716210137941014,102,102,58,7
6.0501143152013528,100,101,52,0
4.8707090186539848,102,103,58,7
1.6504778547968522,100,101,55,5
6.1226204927275836,100,101,46,2
4.8580680095930404,100,101,45,1
3.4667215089129590,100,101,53,3
4.5754476523546650,96,97,53,3
5.3729378111342436,100,101,61,3
0.9771231661553079,98,99,57,2
2.0097211252469545,100,101,51,7
6.1491024146242790,96,96,42,2
0.8338328847476687,100,101,57,5
1.8471214014114001,100,100,53,5
3.2294482022156195,96,97,43,3
3.7472082294949081,98,99,50,1
4.6916720881419911,98,98,51,4
5.7384897178573562,98,99,61,2
5.3856687877227118,98,99,44,3
1.3701538435909153,98,98,50,3
4.5903632056328174,100,101,56,0
3.7060184166690009,100,101,48,4
4.6627533235722982,96,96,48,0
0.8928335291514791,98,99,54,5
1.2895143668258637,100,101,51,3
3.1206947969488024,100,101,65,3
0.2222274099105681,96,97,58,6
1.6391710651973794,98,98,59,4
0.1090924208134454,100,100,52,4
2.8710148178581041,98,99,49,6
1.1411805175944969,96,97,50,0
3.2748064530213044,98,98,49,4
1.3396479423835193,98,98,56,7
5.8734118940339570,98,99,46,3
1.3689979515077155,100,101,57,1
1.2525860992596469,100,101,50,0
0.2883166604645716,100,100,50,6
1.2721283338348419,96,96,55,7
3.5762403543261754,100,101,49,3
5.2445853643250704,98,99,57,4
5.5281427689201790,98,99,51,6
0.9475321046185026,96,96,58,4
6.1030514082776453,98,99,52,7
4.6932243777385052,98,98,52,5
0.9175033655104519,98,98,54,7
0.3935731254230258,100,101,58,0
2.4382231746098588,100,100,42,2
4.7659919516440619,98,99,51,0
6.1914073031484635,92,93,51,5
4.8285830361275597,98,99,48,7
4.2550089506552924,98,99,51,4
2.5276742802395549,100,101,45,7
4.8748071232704806,98,98,56,1
3.7971310352386745,94,95,46,5
2.2905998659003002,96,96,64,2
6.0588982304465153,98,99,44,3
3.6938403495286423,100,101,53,1
4.3968306985047727,98,98,49,4
6.1089113388634555,100,101,48,4
3.8657829429186856,100,101,45,1
3.3810095765004102,98,99,54,7
4.5999879931351693,98,99,55,6
2.1629688300490697,98,99,48,1
4.7281166888147093,98,98,49,4
2.6530561896812186,100,101,50,6
6.0024096402518330,100,101,53,7
2.5406467354316828,102,103,59,6
6.2092487544475308,100,101,49,3
2.3499994771472110,102,103,50,7
3.7150518871167284,100,100,47,5
3.7607280886809331,96,96,49,7
2.8847463652235263,100,101,49,7
2.9806390731642050,98,98,52,5
2.5112560442219318,102,102,58,3
4.0858478443351540,100,101,56,6
5.8928678512772104,98,98,48,7
1.3801104406628846,98,98,51,2
0.3148098269694553,98,99,58,1
1.3698537878892723,100,101,49,7
4.5195217877094800,98,99,46,3
3.3431063067953297,98,99,55,6
3.4964998232112947,96,97,49,5
2.4150170633703580,98,98,41,2
1.4467390184578841,98,98,50,3
0.1096659939247358,100,101,53,7
4.9665626777178211,100,101,52,0
5.9042525851920278,96,97,51,3
3.5039274890383747,98,98,53,6
1.7682650820562327,98,99,52,5
0.3690689561342164,96,96,52,0
0.4436818132402320,100,101,47,3
1.8750493365979821,96,97,47,3
0.8906432383672401,98,98,48,5
4.5028010651149861,98,99,54,7
3.0780467460860232,98,98,50,3
4.5590402775440104,96,96,45,1
3.9423798445120588,102,103,51,0
4.0517852924180993,98,99,50,1
3.9618675440674740,100,100,57,1
2.0367733050000503,104,104,57,5
1.2104940700963069,98,98,55,0
3.9226865149479320,98,99,56,3
3.4930071329019685,98,98,47,6
2.7604315391456873,98,98,51,4
2.0976556009066898,98,99,50,1
2.2046642301221309,98,98,50,7
1.1844839606637227,96,96,49,1
4.3896373647108433,96,97,46,6
5.5541969908482587,100,101,56,2
1.7891571627433276,96,97,47,7
4.3032717271070293,98,99,42,5
5.5429024265215547,96,97,52,6
1.4870447545305832,98,99,53,0
5.6802152076515595,98,98,54,7
0.3349305280544375,100,100,48,6
6.2436523029516744,100,100,53,5
5.7869582235710375,100,101,48,2
2.2065811067940637,96,97,52,2
6.2564572853849576,100,101,57,7
1.1274797882622756,98,98,54,3
5.4567984627855415,96,97,42,4
3.9024797100321318,98,99,54,3
6.2240349883942532,96,97,50,0
1.7783782726233679,100,101,47,7
2.2568056283177063,96,96,50,2
0.5166949206986611,100,101,59,1
5.3278206547623901,100,101,60,6
5.0276241734047353,98,99,47,4
1.9840870564246376,102,102,50,7
5.4798934891891777,98,99,55,4
1.5603975513762625,98,99,48,5
1.4929012927407110,98,98,48,3
1.2739333000257269,96,96,45,5
2.0726805314666228,100,100,53,7
1.8439530228280925,100,100,53,5
3.4931973232840838,100,100,47,5
6.0663233229685281,98,98,54,7
2.9713057306247563,100,100,53,1
2.6098735992225728,100,101,48,0
2.7751407752427122,98,98,52,3
1.6057263773512520,100,101,51,5
0.6621275657718818,100,100,53,3
3.1543674552814340,100,100,51,7
5.0721503722982977,102,103,48,1
1.8940926377740051,102,102,52,3
0.6567198192650260,96,97,42,2
6.2735573323929685,100,101,47,5
5.4870074156384785,98,99,50,5
3.8791418917972731,100,100,47,5
5.3424192074315151,94,95,47,4
5.2873101972217951,102,103,48,3
6.0686776155075313,98,99,49,4
2.7116616178827360,94,95,53,0
3.4808266740645504,100,101,54,4
1.6857156115644305,98,99,47,4
4.6673343995614083,98,98,50,7
3.8598258379416595,102,103,51,6
0.9999702048473235,100,101,53,3
0.6703590807832697,100,101,65,5
4.1230956627527640,100,101,57,5
5.5410623978966678,100,101,54,0
5.3704188730798599,96,97,55,3
1.3955753879384558,100,101,54,2
5.3651665897354412,100,101,53,7
0.2391937900575956,96,97,45,7
1.7879819726440662,96,97,39,1
0.5716477810439030,98,98,61,2
0.9610293173819088,98,98,54,1
5.8114075644405974,100,101,51,3
0.0396489326710042,98,99,47,2
3.6918975626221395,100,100,49,7
5.5241553571168174,94,94,52,7
1.4964621430497660,98,98,54,1
1.9438875286058319,100,100,51,7
3.0222689758735650,96,97,49,3
0.7036959892010952,98,99,48,3
5.2738764513959504,98,99,58,3
1.1659774908360747,100,100,50,4
0.4457814899107150,94,94,47,0
0.9751818179319106,100,101,52,2
5.4724346681016778,100,100,51,3
3.8141830232447793,100,101,65,3
1.2760940854787524,100,101,50,2
1.0482444124397061,96,96,50,6
3.4045660822461556,96,97,62,2
3.5081742354280627,98,98,62,7
1.1205259705756185,100,100,45,1
1.7887918891395196,100,101,59,1
2.4425650357747579,88,89,46,0
4.8394525112259386,100,100,38,2
3.4786204106569056,100,101,50,4
5.0211651379750890,100,101,55,5
3.5303320090557042,96,97,48,0
0.6325457907660154,100,100,56,6
2.3350727637261057,100,101,52,2
5.9012231991909507,100,100,44,6
2.5782694739735521,94,94,47,4
4.8911948321090888,98,99,49,0
3.2317978727262808,100,101,55,7
6.1632066376598917,104,105,56,6
5.6650424634437533,96,96,47,5
1.7839455964437898,102,103,53,2
3.1006661325755527,98,98,38,1
0.4663686174979951,98,99,46,7
1.9071518467290438,98,99,50,1
5.3742329403138331,96,97,53,7
2.3618537757808498,98,99,39,2
0.1846604326211572,98,98,52,7
2.6593720786635604,98,98,45,4
1.8773143834135770,98,99,56,7
0.9634285180656239,98,98,47,4
5.8684536724430476,100,101,53,5
4.5418731268917760,100,101,42,0
3.7692861773924786,100,100,54,2
3.8756139477926177,100,101,52,2
2.4206736595971794,100,101,52,0
0.7097301509224512,98,99,51,6
3.4171343832400760,100,101,49,7
4.6220917383336477,100,101,47,3
4.9874493462715606,96,97,49,3
0.8933245781393778,98,98,48,3
0.8380013702401968,98,99,47,2
4.7348481769410489,100,100,39,5
4.0251370211392956,100,101,50,2
6.1261435515047955,102,102,58,1
1.9605866155515506,96,97,52,4
0.0492063400693804,100,101,56,6
5.2952016938807223,100,101,52,2
1.1413916681195866,100,101,52,2
5.1034011534002675,98,98,51,0
1.0031474801490912,98,98,48,5
1.8490880359973065,98,98,51,6
4.3015676533213139,98,99,49,6
2.6374503491513086,100,100,53,1
0.5008631010624492,98,99,52,5
5.7960507355853625,100,101,56,0
5.6811943922816965,100,101,48,6
4.2223280033964672,94,94,48,5
5.1426326419958643,100,101,41,1
5.9676956094372517,98,98,46,1
0.7765252540231189,96,96,44,2
0.0082383855393070,100,101,54,4
0.3641582879039035,98,99,42,1
3.4669446360657439,96,97,42,0
4.1611077913255468,98,99,52,7
1.7302913217761318,100,101,51,3
4.0535169105596367,96,96,49,3
2.8266028765483098,100,101,53,7
3.2935180763944758,98,98,60,7
6.1636365288554256,98,98,51,2
2.0899615725664518,98,98,48,7
5.1484447549337053,102,103,48,5
1.0606728656837301,98,98,48,5
5.7496956088217281,100,100,55,7
6.1786193638242022,100,101,58,6
4.2742645492882367,102,103,45,4
4.5888221518589090,100,101,45,1
0.2161879973413931,100,101,55,7
0.1955628416566303,98,99,46,1
0.1702385450596837,98,99,50,5
1.4904462103233167,100,101,48,2
2.7997193497519488,98,99,54,7
1.5330161124603123,96,97,62,2
3.6027746901356443,100,101,49,1
3.1325305315357457,96,96,54,6
3.8761841404279793,98,99,53,6
4.5756884945381193,96,97,47,7
5.9821344224576167,98,99,50,7
3.7443440896999594,96,97,47,7
2.6659616934291508,96,96,60,4
5.7425634691407872,100,101,47,3
4.8822185930989059,100,101,58,4
2.2567957415132964,98,99,51,4
1.7792961321474088,110,111,54,1
3.3958240710249887,94,95,55,4
5.0152338949675377,96,97,43,1
5.0518436630651378,98,99,43,6
4.7106552896255458,98,99,48,3
5.8042386919346134,100,101,49,3
2.4659286803512912,100,101,60,6
5.7077289703339167,100,101,46,2
5.3681344626929643,98,98,46,5
4.8027935923822369,96,97,53,3
4.6979276337028049,96,97,54,2
1.2762963561293601,96,97,44,2
4.5539518480911712,98,99,51,0
4.3629109396222692,98,99,55,2
5.9015552043244845,96,97,51,1
0.4797626558762427,102,102,55,6
0.4863965626619157,96,96,56,0
4.1879738912155933,98,99,57,6
4.2799234199919178,98,99,50,5
6.1378536745068200,96,97,42,0
5.0474501267068685,100,101,56,6
5.3956993967983511,100,101,57,1
5.5023873790102416,96,97,41,5
5.2334350347547538,98,99,46,3
5.3438275928705190,98,99,51,4
5.8965832031760854,98,99,53,2
1.0855590243145021,100,100,38,0
2.3539686992800477,98,99,59,4
0.5985758469512682,100,100,56,0
5.2781635166539926,98,98,48,5
4.3044267245152179,102,103,50,3
1.6513463819913856,98,99,50,7
3.5747426527997512,96,96,53,7
4.6542900481203411,98,99,55,4
0.2613301291764086,98,98,54,3
0.3127585741788624,96,97,50,0
4.2278004899947685,98,99,55,2
5.9905505320648640,100,101,63,5
5.3301517495712316,100,101,50,0
5.6562359710640688,98,98,52,3
1.8844904544849683,96,97,53,1
0.3407695839920547,100,101,48,4
3.9232000064087842,100,101,57,1
0.6996554880781846,100,101,55,7
4.2239598274950252,100,101,46,0
3.5088573979729558,98,99,56,3
1.5675633421935233,100,100,57,5
2.5230019243358175,100,101,53,7
3.9372793106180146,98,99,41,6
3.8780282066258933,100,101,55,3
1.2316867083782519,100,101,40,6
3.4049805737159899,98,98,46,1
5.6814887859212861,102,103,51,4
4.4377143738914873,98,99,47,0
2.9525041390835449,100,101,56,2
3.1323673350717489,100,100,44,2
0.1492717370759307,92,92,46,4
6.2784070653658306,98,99,41,6
1.0562937300158084,98,99,50,7
3.0818105264392628,98,98,50,7
3.7978954909340041,102,103,51,4
4.2383044262555130,98,98,57,2
3.4731134564466246,98,99,47,2
4.5443079250378338,100,101,62,2
1.4364778898354547,98,98,48,7
5.9881725135779380,100,100,54,0
2.1486052602169510,100,100,48,4
4.6750521474472650,98,99,44,3
0.8965716585435766,98,99,53,6
1.7183558598718982,96,97,47,5
4.6595342374872279,98,99,55,0
2.4304811886935798,96,96,53,1
2.6678418222096121,100,100,54,4
4.1552561482120227,96,96,45,1
2.0546651553322404,100,101,52,6
0.2276724807514285,100,101,50,4
0.5262110671906833,100,100,55,1
2.8636561185635943,100,101,49,3
2.4104416024905926,100,100,45,5
0.0430806094147895,98,99,49,2
6.0243755687816769,98,99,50,7
5.0085545674576410,100,100,53,5
3.2944280025700370,96,96,50,4
3.4161341453190310,98,98,48,3
3.4413459843763916,98,99,55,2
4.7451895598863905,98,98,55,4
0.7113217880997986,100,101,61,7
0.6602681753802311,92,92,45,5
6.1217834027317855,100,100,56,6
2.8952253851520786,98,99,52,1
4.6214973588926433,100,101,52,2
1.6469511135248507,100,101,49,7
3.9957307492260807,96,97,55,5
5.3548643320570646,100,100,44,6
5.1502658558399572,100,101,48,4
5.2235077810331019,96,96,57,3
4.0249152514406896,102,102,45,2
5.5021209739346686,92,92,48,4
5.0068948997886764,100,101,56,2
5.8317101423454538,98,99,53,0
2.9016458799615417,98,99,51,4
0.5878819491206647,100,101,48,4
5.3526380869689971,98,99,44,3
3.6307258758071721,96,97,60,4
1.4005782433462208,98,99,46,5
3.9301601610706740,98,99,58,7
5.9442116380174603,100,100,50,0
0.0818622692138015,102,102,51,6
4.4175572887776147,98,99,46,3
6.2763264712000053,102,102,48,5
1.4664723154940047,100,101,48,6
5.3027177426703211,98,99,50,7
2.5498312249632074,100,101,58,6
0.7544592283064797,98,99,56,1
2.0158410994377460,102,103,58,5
4.1307441741676270,98,99,50,3
5.2264640611490254,100,101,41,1
4.0120268556660790,100,101,54,0
3.6741902959687511,98,99,36,3
1.6718696809648228,98,98,45,0
4.4392275967126338,100,101,52,6
4.2124458540699816,100,101,44,0
0.2901709297885915,98,99,52,1
0.7058605018569734,96,97,53,3
5.0565575528300553,100,101,45,7
5.8617641309440920,98,99,48,1
2.2358178720999247,98,99,46,3
2.7659134182522283,98,99,60,1
0.1441338345002305,98,99,46,7
5.1725672011164585,98,99,53,6
4.3581452504390086,100,101,49,5
4.4198155574502529,98,99,45,6
2.1530297135846084,98,99,60,5
5.5678596439366146,96,96,51,3
0.5518983382125304,96,97,47,5
1.2788584694631691,98,99,48,7
5.7569930994516172,100,100,54,6
1.0237773567333095,102,103,54,3
0.3418662117131014,102,102,59,6
2.3075985273952386,96,96,44,4
4.4003658971937645,100,101,51,7
4.9120573237934524,100,101,46,6
1.1275365447787045,100,100,54,4
6.1925716893570062,98,98,52,7
4.8642990866381250,98,99,47,4
2.7496534980565523,102,103,53,2
0.3301644734055469,96,97,36,4
1.7900161967450969,96,97,53,7
5.9837853656137785,102,103,54,3
4.7120011801231163,98,98,50,7
4.7460360598414884,100,101,54,4
4.4413842823618852,94,95,57,4
0.2445247241562185,98,99,45,2
3.4966314799011928,100,100,55,3
2.3852912206195507,96,96,46,2
3.7591274173132603,98,98,49,2
4.2716068694238354,100,101,51,7
1.2374037249129801,96,97,57,7
4.7822652960893173,98,99,59,6
1.5817034112218220,96,97,50,0
1.0002288874294243,98,99,47,4
4.8668758491735797,96,96,53,7
2.3610819812481214,98,98,54,7
1.9524126970685205,100,100,50,6
4.2195750190223924,98,98,52,7
5.9969093954627324,98,99,49,2
6.2490963108224573,98,99,54,3
1.2951809845319828,100,101,58,0
1.1757678930857107,100,101,55,1
0.5428249243379115,98,99,54,7
0.5462958734347222,100,100,51,3
6.1901219559842353,98,99,50,7
2.8948954572466477,100,101,54,6
6.1911596334415053,98,99,48,3
5.5770975185621703,100,101,40,4
0.6849674660982460,100,101,51,1
3.7527833519369316,98,98,48,7
1.5229553674410425,96,96,54,2
0.3268688743428931,98,99,47,0
3.2655695899845614,98,98,51,4
2.2110012944302300,98,99,53,6
1.0559018751137432,100,101,43,1
3.6347161272389856,98,99,40,5
1.1127123438439244,100,101,50,0
5.8837592491209234,98,98,51,0
0.2640308663228097,100,101,55,3
3.3586690052684225,100,100,52,4
1.4090752493051433,96,96,43,5
3.8575557836483663,98,98,54,3
0.2824812561467591,98,99,56,7
3.0558867054897427,98,99,42,5
3.1972759384403560,100,101,51,7
5.8632105922930187,100,101,62,0
0.7300814552238820,100,100,51,1
3.4344269792180611,98,98,46,5
3.6466893186388769,102,103,58,3
3.8730608608869339,100,101,50,0
4.9550662471447771,100,101,42,0
1.6965001386746128,94,94,53,6
1.0306728968415966,96,96,53,1
6.1546066587745809,96,97,54,0
1.7703580036562363,96,97,41,3
1.9455738724817939,98,99,50,3
4.1910920992191967,96,97,50,4
3.9038757883186865,98,98,51,6
3.5266860159194064,94,95,51,0
3.0266728435010744,94,94,44,1
2.1897646580804144,100,100,49,7
1.2980497111855911,102,103,52,7
4.0254825182852887,98,98,58,3
1.0826170796003676,98,99,52,5
2.7440533461194452,94,95,48,5
3.9278474054658257,96,97,61,5
0.8394022557329901,98,99,45,4
3.9782899465560924,100,100,64,4
5.8393177989105007,98,99,47,0
0.2661521768788805,98,99,39,4
5.0391399309632536,98,99,54,7
4.8478958905310545,96,97,54,6
4.4276531985648262,100,101,49,1
1.1148891225913971,100,100,49,5
5.1332535342612697,100,101,59,3
4.1172524595469895,96,97,54,2
4.9361868092946652,96,96,51,5
1.4280843090783035,100,101,49,1
4.9583553618445650,96,97,55,5
1.8842792314721004,94,95,50,1
1.7999978336347708,100,101,49,3
1.6890504572230525,100,101,39,3
5.5576962035149560,100,101,49,5
1.1819990326666796,100,101,48,2
5.5726634898706964,96,97,55,1
5.1516876179277160,100,101,44,0
1.3174540483425450,100,101,46,4
5.1152904987487320,98,98,44,1
0.6617030601648926,98,99,54,7
4.4420129451578934,98,98,53,2
0.5944661052769959,98,99,53,0
6.1156798545619804,98,99,56,5
1.7083245234145574,96,96,52,2
3.4196946348076351,96,97,49,1
3.9898224305881125,102,102,47,4
1.9706775739227140,98,99,45,6
0.1851414786475523,102,102,51,6
4.9728222801138200,98,99,52,3
0.0210719318172227,100,101,50,0
5.9685398521597248,100,101,49,5
3.4743973275747253,100,100,51,5
4.1598845629960559,98,98,41,2
0.7291187092230592,100,101,59,7
5.1115536148954437,94,94,51,6
0.3441838677325884,100,101,59,7
1.0453538218060299,98,99,47,4
0.0199726681292262,94,95,46,7
5.3316358806872772,100,100,57,7
4.6171066585474403,98,98,53,4
4.3077076154347607,98,99,52,7
0.2024930101086462,98,98,46,3
2.8164083821247865,96,96,54,2
4.5707826175700079,102,103,60,3
2.1895753399484672,100,101,51,5
1.1458253824686946,98,98,51,4
2.3175978366421939,98,98,60,1
4.2661602423477385,98,99,58,5
5.0503808091536166,98,98,43,2
1.9793362272882356,100,100,59,5
0.5064935806387503,94,95,50,3
3.7893958238829950,92,93,42,4
4.5417885786254182,98,99,46,1
1.6021432647667129,100,100,49,3
4.4475775755439768,100,101,49,3
4.1815880064014284,98,99,57,6
3.2146571941856399,100,101,53,5
0.3035046777355034,96,96,48,6
3.9503253501927351,100,101,45,3
4.8533263828587518,98,98,53,6
3.1034747558217877,102,103,53,4
1.0468730248056073,98,99,55,2
0.1770599954193209,100,100,46,2
3.5104041940505524,98,99,55,4
4.2583636572234882,96,97,56,4
1.7349288658885780,96,97,47,7
5.0573879736585834,96,96,45,3
3.8688854638203050,98,99,54,3
4.8016159975475521,100,100,58,6
2.0416765957383713,98,99,44,7
3.2595141516615214,100,101,42,2
3.1796007575488647,98,98,47,6
3.9480167484708075,100,101,55,5
4.3684098952000445,100,101,56,2
1.9478364190136870,98,98,51,2
0.8866047510158227,94,94,46,3
5.9142668437481829,98,99,51,6
0.7277894691734702,96,97,42,2
3.1244904848439483,98,99,50,1
1.6287843092570566,98,99,49,2
1.1476325423743048,98,99,57,4
1.5218132051074309,96,97,53,1
0.7378835931224667,98,99,49,0
0.3119428963743000,98,98,47,4
2.8547827542411004,100,101,56,4
5.5160280263450119,100,100,56,2
0.6967118225065853,96,96,53,1
4.9569644091839598,96,97,49,7
2.6009133933302957,98,98,50,3
1.3587783351303704,100,101,57,7
2.8169680401749990,98,98,49,2
2.5494526613381492,100,101,48,4
4.8810229571226627,98,98,55,6
1.5064353897923020,98,98,53,2
1.8397559241643799,96,97,55,1
2.5367591857327874,98,99,55,6
2.7037300562077404,98,99,50,7
2.0961119632331648,100,100,58,4
4.2190557523849064,100,101,55,5
2.9622456125310448,98,99,44,7
3.3854007964263828,96,96,52,4
4.1627622954374868,100,101,49,1
4.8060458493552511,100,100,53,7
4.1211699926690732,102,102,50,3
0.0217604762630531,100,101,46,2
0.6588069704107041,104,105,50,0
2.6934907820211924,100,101,43,3
2.2036570144054677,104,105,61,1
2.5746524749794855,94,94,62,7
0.2509622970680338,98,98,51,4
0.4413333605751775,96,97,45,3
1.9566209773675858,100,101,60,4
4.1245901651504164,98,99,62,5
3.8091114991028903,100,100,54,2
3.8840887916507185,96,97,50,2
2.6590896828196242,98,99,45,2
4.4783537588609219,100,101,57,7
0.7225520018668204,100,101,55,3
2.5535377542253914,100,101,54,4
5.6474552461975271,100,100,50,0
3.1715840442756273,98,98,48,1
1.9383275805287030,98,98,46,5
5.3147388351424656,98,98,48,5
1.2304234054832828,94,95,55,4
3.2074744275294540,100,100,53,5
0.0862806940518029,96,97,43,7
0.8783651611462920,96,97,42,0
3.5494366017613213,100,101,54,6
1.1484322294570046,102,103,43,4
5.8151202989142217,98,99,50,3
4.1631197306898979,100,101,51,1
3.7426920445015313,100,101,50,2
1.2904215552490257,100,100,49,3
2.3178506480584278,96,97,45,5
2.8298575452531409,100,101,51,1
3.2822889404044173,100,101,49,5
6.0985509652709577,100,100,51,5
0.6578699802998326,98,99,43,2
0.7497071806351732,92,93,51,7
2.3422617883772920,100,100,47,5
3.9385586506486936,104,105,56,0
0.3056358134847524,98,99,38,3
3.6078352523364767,102,103,51,6
1.2991788562999778,98,98,47,0
1.8018420656728147,98,98,54,7
5.7020665612598567,100,101,45,1
2.4134836441731542,102,102,49,6
1.2154054040039859,96,97,57,5
2.6869834170304627,98,98,53,0
5.9178211794489490,98,99,42,1
4.0520004675702470,94,94,48,3
5.5037566048892286,100,101,55,1
4.7034078481028070,98,99,62,5
5.6328983678109612,90,91,49,6
5.6967636929551126,100,101,55,1
3.4914577746575435,100,101,49,7
1.9229973947951378,98,98,46,1
5.5936680194746957,100,101,51,7
2.1447014860022953,96,96,54,0
1.7164529232172385,96,97,56,0
4.5672440882800363,100,101,55,7
4.8297127272517484,92,92,50,4
4.6674587054500245,100,100,55,1
1.9496160015052582,98,98,55,6
3.8291152112656097,100,100,42,2
1.9528125521600890,98,99,54,5
2.3521308983789844,98,99,46,1
0.8461985790034001,100,101,43,1
2.3137637203520480,94,94,45,4
2.6447273802115729,102,102,53,6
0.1797622659463798,98,99,46,7
0.6856003393436958,94,94,41,6
1.0367324918336842,100,101,46,4
3.7173189168919172,100,100,41,7
1.0888205089139873,98,99,54,7
2.9849002259123720,102,103,51,4
5.0678793409625564,96,97,51,7
5.3787862644205129,90,91,41,2
2.4001974925813920,98,98,52,1
5.5602668754754347,98,98,52,1
2.0056212770659800,100,101,49,7
3.3926516709018695,100,101,51,7
5.9106234744167230,96,96,58,4
0.4370482426381313,100,101,52,6
2.7081988398583885,100,100,49,3
2.0349662337033703,98,99,50,1
1.0183169112241759,98,99,54,5
1.4815057710490875,100,100,47,1
3.0679841411433251,100,100,45,3
2.1175644570935077,100,100,57,1
5.4713144341421875,98,99,45,2
0.1392271797559297,100,100,46,0
2.9484032086526475,98,98,49,6
2.3292517692942418,98,99,50,1
1.8126319112624416,96,97,47,3
6.1342177528869373,100,100,59,7
1.4151244330056072,96,96,43,7
2.2348643452886594,98,99,46,5
6.1098209827157053,100,101,56,0
3.5882455749949926,100,101,59,1
0.7670820441539891,98,98,45,4
2.7687895608221855,96,97,43,3
4.6775445983324229,96,96,59,7
3.6590479348236462,100,101,55,5
6.0536346532381078,102,102,49,0
4.5256278678416635,100,100,41,7
2.1072301419186328,100,101,43,7
2.0188413830651339,98,98,48,5
1.1007608855616133,102,103,47,2
3.6097154907971354,98,99,51,6
2.1441758259387020,100,101,51,7
3.9506143843021153,100,100,46,0
5.2427126729281177,98,99,52,1
0.6921831533729312,96,97,53,7
0.5056309879532092,98,99,55,6
0.0289079113729642,100,100,53,1
5.1061863727602708,100,101,55,7
0.0801977112118738,100,100,56,4
0.9868436428457227,98,99,53,0
2.8106419740673250,100,100,54,0
5.4052147436549625,100,100,49,5
5.8163655225392557,102,102,53,4
4.3472921505803921,100,100,53,7
3.9571370201992213,102,102,35,4
1.3054902364811580,98,98,57,2
5.3124659488661266,100,101,50,0
4.6379810936348589,98,99,49,4
5.5644657182233495,100,101,52,2
5.1566625464318214,102,102,61,6
5.9362450716175204,100,100,48,6
3.0137036837552236,96,96,54,2
5.1923686858681233,100,101,49,5
0.8067506670848641,98,98,44,7
2.5543132580812502,100,101,57,3
3.5568079528010830,96,96,45,3
2.0916339573640879,94,95,53,0
5.0478313147074205,100,100,59,1
4.1210835371060126,100,100,52,2
1.1484431931992354,98,99,49,0
3.8477537281043457,100,100,41,1
2.0664298649536956,98,99,46,1
6.0883929173757156,100,100,50,4
6.0779110135187064,98,99,50,7
1.0269648673566083,96,97,44,0
0.6749554082919439,100,100,50,4
2.9822046600052281,104,104,59,3
5.3384864213312371,100,100,54,0
4.8347848635344777,100,101,55,7
1.1341894647116952,98,99,54,5
1.2108820750718534,100,100,55,5
4.3232299723122294,98,99,47,0
4.3001172897850948,100,101,54,2
4.9103463379002577,96,97,51,5
4.6042953820181634,98,99,49,2
4.9943547208743846,98,99,52,7
1.4696793344891264,98,99,47,0
1.6023570064266421,100,101,55,1
3.1152698950192277,98,99,48,1
4.3269491164201419,100,101,46,4
2.5811130369866397,102,103,48,3
4.4940707597974283,98,99,54,1
5.9736538499495326,100,101,49,5
0.1896992366238485,98,99,53,2
5.8300323194624664,94,95,37,4
6.1217083210120400,102,102,52,7
6.2814978309597258,94,95,45,0
3.0689031335194943,100,101,45,3
6.1225767030871578,92,93,44,0
6.0905552502461173,94,95,44,7
5.4387871602353774,98,99,57,0
1.9209683590242592,94,95,51,0
3.9465235941003085,100,101,52,6
5.0932990790545043,100,101,50,2
2.0182548186271148,100,100,60,0
2.1147356254114169,96,96,40,4
5.4162436208450409,102,103,54,7
2.8342979182588657,96,97,48,0
3.6847285891546173,100,101,54,4
3.1234783170849285,100,101,56,2
5.4602654250857992,100,101,53,1
5.6752059952296605,98,99,47,0
1.4285933975718457,96,97,50,6
4.5923604916122409,100,101,45,3
0.0504493887190593,94,95,50,1
1.6010850985971332,100,101,50,0
0.9740275148457219,96,96,50,2
5.9402651866139466,98,98,56,1
5.6116015300427131,100,101,48,4
2.8356013858106075,100,101,63,1
4.5098169382569289,90,91,48,1
4.1470981225781518,98,99,50,1
1.3665343608246168,100,101,58,2
3.5115556581611056,98,99,53,4
4.5689520410364066,100,100,57,1
5.2347272713412192,94,95,50,3
2.9477949371529024,100,101,59,5
2.7323167314344574,98,99,49,6
6.1734005958809517,100,100,62,6
0.5060309179341365,96,97,49,1
6.2817070356783180,100,101,56,4
3.0218081824081153,100,100,56,6
4.2786726118196761,102,103,55,4
5.7555561833499684,100,101,54,0
0.7864956384075714,96,97,54,0
4.9816357896910848,100,101,52,4
4.9734873425199710,100,101,51,1
4.2591094769770592,100,101,59,7
5.5185295072374272,98,99,51,4
3.5248919143239319,96,96,43,1
3.7995830609792831,98,99,55,4
3.7369293762437574,98,98,48,5
4.6677292255604872,100,101,51,1
5.0833190962317483,100,101,60,0
6.1132845177477062,98,99,56,3
0.2066962827523890,102,103,54,3
0.6160811345051488,100,101,49,5
5.3470144435445830,100,101,46,2
3.7558857570684872,102,103,50,7
6.0537357316758600,98,99,49,4
5.2794425814812556,98,99,46,3
0.2286204455064924,100,100,42,0
1.9150060335262968,100,101,48,6
2.7544789576008073,98,99,42,1
3.2082402797255503,98,99,58,1
3.5631951155376038,98,98,55,0
4.5941272533056416,98,98,46,3
5.3272133334421818,96,97,42,6
2.6155154969699019,100,101,54,2
5.2055384463528815,100,101,53,5
4.7692718067210702,98,99,62,3
1.7222901309921539,100,100,55,1
1.2402516789715803,98,99,46,1
0.1560136902222967,100,101,53,7
2.5342818950351984,100,100,44,2
2.8181484202548615,94,95,50,3
1.5673913426850627,100,100,61,1
1.3297548769403207,100,101,59,5
1.2574190293642775,100,101,48,0
2.9442153125687764,100,101,53,3
0.4713639099607980,94,94,48,7
4.4901034946792091,98,99,46,7
5.5354765370614087,98,98,52,5
1.8333392266278730,100,100,44,4
2.4774586539910084,100,101,46,4
3.8265510533972869,98,99,55,6
2.4499920915770295,98,98,47,4
6.1365285908650140,100,101,53,7
2.0282985358394101,100,101,47,7
6.0716873598478891,100,101,48,2
5.3305925420256131,96,97,54,2
5.1647817835003300,100,100,56,4
2.7350136330365968,98,99,51,0
3.1295067419087736,96,96,54,4
3.1604133575685185,100,100,56,4
1.2296625157968970,100,100,51,5
2.5736156209610379,94,95,52,1
4.4308239999547983,100,100,48,4
0.9078442859204212,100,100,54,0
5.6411913447737154,96,97,57,3
1.0422033933923522,98,99,51,0
1.7363836436572890,100,100,54,0
5.2127668732586772,100,100,54,6
1.1075464217348516,102,102,51,6
0.3472830622220117,100,101,63,3
4.5995329950339450,96,97,53,5
3.4311863999061138,96,97,45,3
4.7463009887803382,100,101,58,6
3.7900237730447182,100,101,46,0
2.1418609803590396,98,99,51,2
5.9465902816383398,98,99,54,7
5.5195871856331138,92,93,48,6
3.0981175462885382,98,99,50,5
1.9865564380830938,98,99,49,4
4.6005056540721583,100,101,44,2
1.4689198812646440,100,101,53,7
0.2993651110171942,98,98,57,0
1.7399995118594600,100,100,56,4
2.6814132105935364,100,100,45,1
4.1458944459847373,98,98,54,7
3.2195429982533961,98,99,47,0
2.5490204268852645,100,100,42,0
3.2736246957987865,100,101,49,5
0.4500646935469961,102,103,53,6
2.1118528468842386,100,100,48,0
5.2475407402353547,96,97,49,3
5.2409908080772114,98,99,41,6
6.1751143412197882,98,99,43,0
5.1763315816148889,96,96,47,3
3.5300187616508945,96,97,48,0
1.7472628133231001,100,101,47,7
3.5616823311279378,100,100,41,5
0.1197449379487530,100,100,55,3
6.0750510393123864,98,99,46,3
2.6491912754488260,96,97,47,1
1.7232886767783222,100,100,56,2
2.5806265091616774,100,100,57,3
4.0633571505819726,100,100,49,5
5.3181949043522145,100,101,53,3
0.6717646260695357,100,101,60,6
5.5277469440516649,98,99,44,7
4.0603920037104970,98,99,54,1
5.8906593256436448,98,99,42,1
2.7114332024604826,98,99,58,7
2.1595663938739587,100,101,47,5
1.1678416369437772,100,101,60,0
1.3475409718709264,100,100,55,5
1.0528288551852358,100,101,51,7
1.3827418654087495,100,100,56,6
0.6362829233920219,98,98,58,7
5.8023528325691291,100,101,56,0
2.1248556431646275,98,99,46,7
2.5374742763834179,98,98,55,0
0.5111160334184365,100,100,53,7
2.8879248804251119,98,98,46,7
3.5841999006881391,100,101,53,3
1.0671332567918916,100,101,58,6
2.5300554698585733,94,94,51,6
2.2889637162413634,98,99,53,0
3.2667468399238193,98,99,56,1
1.2742837016802318,96,96,47,7
2.8190181255303974,100,101,55,5
0.7076448449098731,94,95,45,4
5.3735267647504736,98,98,46,5
0.8556071810552730,98,99,45,2
1.2107188293348166,100,101,56,4
4.9181141424752877,98,99,52,3
0.7151736206548618,100,101,54,6
0.1086644655475771,100,101,59,7
1.5926844911821831,96,96,45,1
2.7303905465495659,98,99,45,4
0.2207849686149087,98,98,47,6
1.7733335225991380,98,99,54,5
5.9507624630822047,102,103,46,1
2.9141951909474977,100,101,52,6
2.0564627149995727,98,98,46,1
4.4507508035094796,98,99,51,2
5.0963883424499334,98,99,49,0
2.3334890345950763,100,101,47,5
2.9031650140011371,98,98,59,4
3.3043269176030581,100,101,55,1
4.0437548066257083,94,95,37,2
5.8892372837841291,98,98,49,0
2.2671631394954841,100,101,51,3
3.1177452710031219,96,97,53,7
5.0909526836687888,100,100,50,6
5.4202609765988266,100,100,57,1
0.1116215862815742,98,99,43,0
4.0287779043798393,100,101,49,5
1.2760388177681636,100,100,54,6
5.3356801857341125,100,101,56,6
2.4552287223153360,98,99,49,2
5.2292359381624065,100,100,44,2
1.6474251522685524,96,97,51,7
2.5315164884385473,100,100,48,4
0.1995649912825634,98,99,51,4
3.7411910264277775,100,100,42,0
4.4790663399567281,102,103,55,6
5.8653809904646899,100,101,55,1
5.7436228313940685,96,97,54,6
0.0714944948169391,96,97,43,3
4.3202671118359355,100,101,58,2
4.4027983300395874,98,99,51,2
4.4876396316966902,98,99,53,2
5.2873126887206565,98,98,52,7
5.7325246903685967,94,94,63,0
1.9905053760229956,100,101,53,7
2.1104375019052295,98,99,48,5
1.0358726363720010,100,100,49,3
4.8507256609069920,98,99,47,0
5.4864353281896117,100,101,52,4
2.9225573798150006,96,96,47,5
2.7141126534531890,100,101,50,6
4.6481513910272687,98,98,45,4
4.8992265899173075,100,101,61,3
5.1268196002468569,100,101,56,6
1.7134147727300533,98,99,65,4
2.0422869192418971,100,101,50,6
1.5198493627148206,98,99,46,3
5.4978659186562204,100,101,48,6
6.2112899902408429,96,96,40,2
2.4757781160941223,98,98,48,7
1.1399222765006720,98,99,51,0
4.4999801782670481,100,101,48,2
0.5979116193156876,98,99,48,1
2.0747310660838783,96,97,44,2
0.6945545092024871,100,100,55,5
1.8312317258185875,98,98,47,0
5.5805417051256638,100,101,65,5
2.4947279358444745,100,101,44,0
1.2030877126524229,100,101,54,2
5.0147540498804455,100,101,52,0
5.9237281112550093,100,101,59,3
4.3594856559576138,98,98,47,0
4.0790688217183373,94,94,47,4
5.9082147088307142,100,101,53,7
4.9932088673791268,98,99,51,6
1.2190960375178939,98,99,52,5
5.9107430737413358,100,101,62,4
1.2371448097946853,98,98,39,0
2.2589216585427971,100,101,47,7
0.7625982116239083,96,97,45,7
4.8213111299396809,100,101,49,3
3.2482270106812257,100,100,42,2
3.6119635059808251,96,97,58,4
5.7434095634210784,100,101,52,0
3.7650700290163956,100,101,50,2
4.7896896990149100,100,100,47,7
1.0801924057729013,100,101,59,1
1.3456796994194991,100,101,52,2
0.1735797206550709,100,100,59,5
0.8137762422480617,98,99,53,6
0.6710887327911794,100,101,55,3
5.2868190497665122,98,99,51,0
1.4813374702231372,98,98,55,0
4.8317434712920360,98,99,55,2
0.3743130848286292,100,100,51,3
2.0156302418862975,98,99,57,4
4.5273499305764346,98,99,52,1
0.0154849641147715,100,101,49,5
1.1020706652026142,102,102,48,7
1.4294357611283499,102,103,46,5
4.8126951040435095,100,100,43,5
2.9311010071144663,100,101,53,1
0.6330075724782982,100,100,48,6
1.3322770684637861,100,100,58,0
2.1606360925276369,102,103,56,1
4.0727792382218659,92,93,49,1
4.2903852747409221,100,101,51,3
3.8587773245404713,100,101,51,5
4.0990649710770164,98,98,54,3
4.4084597095236688,100,101,53,3
5.4622589465972808,96,97,55,3
4.4549437557373635,100,101,48,2
5.3731438562770721,102,103,51,0
6.1672429617430700,100,100,49,5
3.7439327991835438,100,100,53,5
1.7749977300375306,98,98,53,2
2.7487919108828947,96,97,59,7
0.2512258980368773,96,96,55,1
2.8696619016872229,102,102,50,5
6.1295615552911160,98,99,45,4
1.8336655146501724,98,99,57,0
3.1571832162021720,96,97,53,5
3.5601808050301136,96,97,47,3
0.2549125568586519,98,98,52,3
1.7399093226770419,100,100,50,0
4.2120837258845363,100,101,53,7
5.1206970462638912,96,97,47,3
2.3274058254869359,98,99,44,5
5.7723216330482154,94,94,48,5
0.8896425181383507,98,99,53,2
0.4961654956863382,98,99,46,3
4.9177580475310139,104,104,56,4
5.1970893054702874,96,97,42,2
4.6427708536174723,100,100,46,6
2.6922453051408182,98,99,54,3
2.2239981988923243,100,100,43,3
2.5422445429574099,98,99,60,3
1.8335434560250208,98,99,44,1
4.2297689874280016,100,101,54,4
5.7684535733095039,92,92,49,7
3.3142636170554232,98,99,54,1
2.6099171160587811,100,100,54,2
1.3433573950563418,98,99,52,7
2.8109827558321245,94,95,50,1
4.6454792790222434,98,98,41,6
3.8053437519046915,102,103,68,7
4.6084303919174783,100,101,48,4
5.7404824681364657,96,97,50,2
1.9108810595498651,100,101,57,5
4.8909227503525390,98,99,38,5
0.4774619404657685,100,101,47,5
1.5774180183008342,96,97,51,1
0.9877908399307764,98,99,49,4
1.3610297930790241,98,99,48,1
4.8272906899643502,100,101,47,5
0.3589788341934732,100,101,54,4
3.4420250909869359,100,101,52,2
5.0671786956832312,96,96,45,1
3.9956289836186429,94,94,46,1
1.6921276190008823,100,101,49,3
3.8082691409374756,96,97,53,7
6.2563187406940761,98,98,44,1
0.7076226406285249,104,105,49,7
5.2368048291102500,98,99,49,0
1.3457340033603420,98,99,48,1
1.2114604550025285,100,101,53,1
3.9002324197973248,96,97,45,7
6.0184957137816415,96,97,46,6
3.3001217820308928,100,101,49,5
0.4988070519200392,100,100,55,3
3.7813462928187960,96,96,59,7
2.8975339173926304,96,96,54,4
0.8300574199984219,96,97,48,4
0.7210085244848374,100,101,55,5
5.7689656776038101,98,99,52,3
0.1713596235837043,96,96,43,7
4.3240114995009948,100,101,58,0
0.0505985397645334,100,101,50,4
2.0976067169836048,102,103,47,0
2.9526473823308961,98,98,51,4
3.6745838359911764,98,99,54,3
4.1281352540570060,102,103,55,6
4.5097774401790778,102,103,48,7
4.9033351351565306,96,97,55,7
3.4603357959249945,98,98,47,2
4.9241127027609446,100,101,44,0
5.6953348472712859,102,102,51,6
2.2962290150409963,100,100,48,4
1.2324618029159395,98,98,49,4
1.5943272180188832,98,98,57,6
1.0616399927803244,100,101,49,5
5.1154456719206909,100,101,54,4
2.6538551487092228,100,100,49,5
3.4556555134403997,98,98,51,0
2.1410484103041276,100,101,52,0
4.5432680651747406,98,99,53,6
3.2577868609653331,100,101,50,2
3.6716838718808260,102,103,51,0
2.9410386371915838,100,101,60,2
1.0816261914652334,98,99,54,1
2.7297159558305775,100,101,44,6
4.7504355502399376,98,99,50,7
2.7666860974211938,100,101,57,7
4.9388877914172307,100,100,46,2
3.2382375326476609,98,99,49,0
1.9727339243950579,98,99,48,7
5.1677134875454342,100,100,54,0
0.9018553530873143,98,98,61,0
3.5817959251710407,96,97,43,5
3.1016204086903536,98,99,55,6
2.2164933497241632,100,101,49,1
2.9797812961184929,98,99,53,2
5.2167748167542660,96,97,55,5
3.9904427882268694,100,100,50,0
2.2359464973830896,100,101,52,4
4.7814432957343875,98,99,54,1
5.3164658749931144,100,101,48,6
4.6541317507727946,100,101,48,2
0.8096275382313112,98,98,45,2
2.5399501401256419,100,101,46,2
2.2323697717790481,100,101,45,7
4.9181930621753160,100,100,36,6
1.9615954782621154,100,101,49,7
0.9590018579343139,100,100,55,5
1.9546430281385605,100,101,47,5
4.0639253844662786,100,100,53,1
0.9688767624617916,100,101,53,1
5.4466620254799016,98,99,44,7
2.3080396004799466,98,99,59,0
4.1887324237016834,96,96,57,7
5.6301493936901936,98,99,53,4
5.0535987686023702,102,103,49,4
5.4701257675693418,100,100,57,7
2.4663160816539991,100,101,39,7
3.5930329649795065,100,101,51,3
4.5087245648751759,100,101,53,5
0.8242746395137550,98,99,50,7
3.2448707268512478,98,99,46,7
3.9085061673765087,100,100,49,1
0.0099558505596672,100,101,53,7
6.0919111729551174,98,99,46,3
4.6142834735053224,100,101,59,3
4.5204327038569430,100,101,61,5
5.5573746192424087,100,101,50,0
5.4649002239054649,94,95,50,1
2.4062310078890281,94,95,51,6
6.2718381867341213,98,98,46,3
3.1951620591120520,100,101,51,1
3.8403293837001482,98,99,53,4
1.6087009825572500,100,100,57,1
4.0952735161713765,98,99,48,5
2.3781817446937605,96,97,45,3
1.1618144463910824,98,98,55,2
4.3466737808308364,100,101,55,3
3.1229963914255947,98,99,52,1
5.8093474896088795,102,103,52,7
3.4089098625795260,98,99,46,7
0.8132735301390123,98,99,58,3
4.4160138912954245,100,101,55,7
6.0347096035976300,96,96,48,2
2.2594191386316198,96,97,54,2
2.7293839813095109,98,98,50,5
5.8984625713050756,98,99,51,6
0.6034548382374142,100,100,52,0
0.2232478372388537,100,101,50,0
2.8785671428637878,98,99,58,5
0.7019978691507808,96,97,56,0
1.9204088954595162,102,103,67,0
0.6912449047243728,96,96,47,3
1.8211756575069216,98,98,40,3
0.5523812485445536,98,98,51,4
2.7437574741969906,98,99,51,4
4.1928255450716323,98,98,49,2
2.6607498853010227,100,100,50,6
4.6308850437798528,100,101,48,2
5.1963945569232681,100,100,66,4
2.5863129958548243,100,101,45,1
3.9901013302614459,100,100,54,0
2.2289371024389175,100,101,53,1
0.8154462527904955,98,99,48,3
0.8604582202504190,96,97,52,2
2.7751756528912606,94,94,48,5
5.9849558034826726,100,100,53,5
4.0556002829230584,96,96,51,3
1.8408647095228174,100,100,49,3
6.2538636670277432,98,99,54,7
0.5183670350477504,98,99,53,6
2.8208146968687320,100,101,57,7
4.6529674006091000,98,99,56,7
3.4286487986970533,96,97,56,6
6.1347802593303182,94,94,41,2
3.4291806037562234,100,101,48,0
3.3607421549831553,100,101,54,4
4.2432863475982341,94,94,51,0
5.4079588362123348,98,98,58,7
3.1833364834073272,98,99,40,7
0.4967165606823547,100,101,49,3
3.4002342714204850,102,102,47,6
4.6503862317342151,98,98,44,5
3.9795081001215906,100,101,50,0
3.9677101607045406,100,101,58,4
0.2468401247487487,98,99,50,1
0.9950952820820756,98,98,54,5
0.8855449632654548,96,97,49,5
1.6884983263167646,100,101,61,5
5.7279382018317762,96,97,47,3
4.6475361132751294,102,102,55,2
5.4548664745318005,98,99,58,1
5.6547416622307543,98,98,59,0
0.5437752484457985,94,95,58,3
5.6993764480394766,98,99,55,4
5.6307814074078140,96,97,46,6
2.7420710743985315,100,101,58,6
2.3552800637745377,102,103,58,1
2.5833727018492301,100,100,57,7
3.6171374450535616,98,98,46,3
2.4812291915883882,94,94,43,4
0.6995771716281113,98,98,51,6
2.9082521985985150,100,100,58,6
1.4912298354660614,100,100,48,2
3.7545785410315866,98,99,50,3
5.3781323614850107,102,102,53,0
2.7698048133388982,96,97,47,5
2.3939189590120189,98,98,46,7
4.4625305471156924,100,101,53,7
0.3157411109430571,100,100,53,1
1.6336946414216476,102,102,51,4
4.8067562234557757,100,100,55,1
4.7374280905849826,100,101,49,7
1.2958237367440624,94,95,59,2
4.2647306563481102,100,100,58,0
0.0779862105249679,98,99,48,5
2.5296794075318281,96,96,49,1
1.9051474073446546,100,100,55,3
5.7984970002811034,96,96,55,5
3.9179172651015861,100,101,56,2
4.1893056598026064,96,97,46,6
2.1172732479176921,100,101,46,2
1.3610669613158053,98,99,62,3
6.2557047537642836,100,100,42,2
2.4642505994443331,98,98,48,5
4.1984697168567857,98,98,55,4
6.0955520670018801,98,98,41,2
5.2176681848125446,98,99,52,5
5.7873812174138193,96,97,50,2
2.2872069040679928,96,97,51,5
4.8372578427907200,100,101,57,7
3.8447677131643672,100,101,55,1
2.2230863019050804,100,101,44,4
3.9383803409360065,100,101,49,3
1.0555744830701004,96,96,41,3
1.6189873115215589,98,99,54,5
1.0805169119684681,98,99,45,0
4.6489048187563764,98,98,60,1
6.0550441882284805,100,101,46,6
2.5797544456733110,98,99,50,7
4.5077450429609414,98,99,56,1
0.6232959942391584,98,99,43,2
1.1555983307074635,98,99,50,3
2.9097404948933905,98,99,54,5
5.4941430549702153,100,100,50,6
4.0059452638522677,98,99,63,2
3.1757733066354259,98,99,51,6
3.5217361303990860,100,101,53,3
0.1868084022200872,96,96,45,7
5.8169721691371867,96,96,45,3
6.1898248501468114,100,101,41,3
4.3868950156479016,94,95,45,4
1.8782492561366304,98,99,52,3
4.2035639394477835,98,99,57,4
3.0537733636874855,100,101,44,4
2.5683145455496592,98,99,56,5
2.2404991452978469,100,100,48,2
1.1349978566259420,96,97,50,4
2.3661515009506640,100,100,46,4
5.0269609541762277,98,99,56,7
1.3923523187441156,96,97,47,1
1.5295078198909320,98,98,59,0
5.4455314827463637,100,101,49,7
1.3622192837491556,100,101,50,2
4.8574284874551399,96,96,56,4
0.9676464356753343,100,101,58,6
3.7554258896559833,96,97,55,5
5.0483605377834353,94,95,50,7
4.0577144813231243,102,102,61,4
4.3239219418671917,98,99,45,4
1.6637276265438470,98,99,60,7
3.2687765790322101,98,99,44,3
3.4443222076762714,100,101,51,1
3.4585031043240813,100,101,51,3
4.6609289546049446,100,101,54,6
0.0015912347622182,100,100,59,3
0.3904647897209928,98,99,60,1
1.0747012039701356,100,101,55,1
2.1415082441065421,98,99,51,6
4.0837950370969347,100,101,48,2
5.3769116985139638,100,101,48,2
0.5204200397510057,100,100,46,6
0.2485567090049599,98,99,59,0
4.5738620529521041,98,99,57,4
2.0381075690880115,98,99,56,1
4.7063397955353263,98,98,48,7
1.8505742880499649,98,99,51,6
6.2653529054687596,100,100,52,4
6.0497782041309582,98,99,54,1
3.7961957982300714,98,99,51,4
2.1540208289869791,94,94,34,5
3.6587522820472818,100,101,57,1
2.5534820228127937,100,101,52,4
4.9449227162117797,98,98,57,2
4.3807150744923806,100,100,48,4
1.7983360237969428,96,96,48,2
3.0591509916721602,100,101,51,3
1.4911456906224461,98,99,59,2
4.4489412560102926,100,101,57,5
1.5935703354662496,100,101,57,3
5.4375619044050625,96,97,50,4
2.9612712471930314,100,101,57,7
5.2918917629450473,100,101,50,4
6.0127080008605756,100,100,48,2
0.5471767646657427,100,101,52,2
0.9335075636586051,98,98,64,3
0.5894532616000837,96,96,43,7
1.9149958071684725,94,95,51,4
0.1951472320682819,100,101,45,1
6.1105014932529569,94,94,51,0
2.0542348966338837,90,91,43,6
6.1474184533792711,94,95,44,1
0.7943428471227879,100,101,52,2
2.9214074116166455,98,99,47,6
3.3372630503646019,98,98,46,5
2.8099387413077870,100,101,53,1
2.0922573860036229,100,101,46,6
3.8659618645243268,100,100,47,7
5.1809829157374425,100,101,53,7
3.1202515311941776,98,98,52,1
2.8689602365527573,98,99,51,6
2.8188829087332592,96,96,49,5
6.1699494758699780,98,98,62,7
0.3488267168983900,100,101,58,6
1.0733577074382268,98,99,44,3
4.5564110992086011,98,99,55,2
0.1536923150931785,98,98,49,4
3.1423318836294531,98,99,48,3
2.9655705912252261,98,99,52,3
4.2958834906972543,100,101,47,5
5.9085352209064688,96,96,45,1
3.2170966320678147,102,103,52,3
1.6174476242419780,100,101,52,2
1.8924357973835741,96,97,56,6
0.4276668727540306,98,99,59,2
5.8994228869614664,100,100,53,5
2.6578614737713249,98,98,47,0
6.1900946636650689,96,97,53,7
4.1660091432084032,100,101,48,0
5.4532878833539753,100,101,49,3
2.6218627583249545,100,100,55,1
5.1238861711043047,98,99,50,1
5.7118213096091219,100,101,62,0
3.2680728468849214,98,99,53,2
1.0075747733273288,100,100,47,1
4.8821385449463834,100,101,47,3
5.5200640042092823,100,100,48,4
1.7865465426075724,98,99,51,6
5.8568495723831777,100,100,47,5
0.5135165039325780,98,98,53,0
3.6544325366371573,98,99,56,1
3.3922942842166766,100,100,51,5
0.7827842784684761,100,100,48,0
1.1903722285944851,98,99,48,3
0.8186323164904041,100,101,54,0
1.7366167866298385,98,99,44,3
0.2979304244730488,100,100,47,1
4.1129627381997489,98,99,57,2
0.2464884029525821,98,98,53,6
2.7131011405822782,100,101,47,7
4.6472810379686953,100,100,49,7
2.0024117397746384,100,101,57,3
4.8215744322330396,100,101,48,0
5.7319593750688353,100,101,51,7
0.7239876448355564,100,101,48,2
0.5334122481249454,102,103,47,0
3.8375708830701738,98,98,45,0
1.8242589197225874,98,99,48,1
0.3815602126196869,98,99,62,1
0.4519957193384619,102,102,51,6
0.4925691369742606,98,99,58,3
5.4060573549885991,100,100,49,3
4.8048545973578873,98,99,51,6
2.4137201770905468,98,99,50,7
4.1825542138069913,98,99,48,7
3.4600938980677833,100,101,48,0
2.7670157400404807,100,101,53,1
4.8517765753521136,98,99,52,1
1.5816381257227983,100,100,53,3
2.5509425479501808,98,98,56,1
4.1429496293178998,100,101,52,2
2.4950099961194656,98,98,43,2
2.2531876499436931,100,100,51,5
2.6853097504091554,104,105,49,5
4.9904696740389394,100,101,58,0
4.5173444811604204,100,101,54,4
1.1915152585508746,96,97,52,2
3.3586260283031129,98,99,41,4
1.6839799308094985,100,101,49,3
2.1520179449763961,100,101,58,4
2.2438778938472557,102,103,56,5
0.2568920310857683,100,100,57,3
0.5127151922597876,98,98,44,1
0.1526235895254880,98,99,52,7
5.2056525391430055,100,101,50,0
2.9854855140198304,100,100,49,3
4.0944415009714463,98,99,43,4
2.3547629526264897,100,101,51,5
5.0865070214039951,94,94,48,7
2.2225611184682870,94,95,44,5
2.0125187203682802,98,99,53,2
2.4899306162200627,100,100,48,2
5.9103022976008450,100,101,49,3
6.2665402114062809,100,101,53,3
5.2059481057800223,98,99,50,7
5.6612372953221630,98,99,53,0
1.3862903273487825,98,98,57,0
6.2063847968938850,98,99,42,7
2.0943056615532201,98,99,58,5
6.1397019609947883,96,96,60,2
2.0323834177661966,98,99,52,3
0.4289420828444752,98,98,51,2
4.1276346034360909,100,100,59,7
0.0336827371062675,100,101,47,7
5.4632186028117049,100,100,57,5
1.2356990992121990,100,100,56,2
5.1743737140689170,96,96,54,0
4.7315733296604927,98,98,42,3
5.9673825471011472,100,101,52,2
5.2433543400757028,96,97,42,0
4.4388465692009973,98,98,45,0
0.8083123290415278,96,97,52,6
3.0830635608354537,98,99,55,2
0.1900698608662164,100,101,50,0
3.3386714634440557,98,98,46,7
0.3607944585430873,100,101,57,3
2.9198367881431055,100,100,53,5
2.2452182871281940,92,93,49,5
3.2751228777945300,96,97,49,3
0.3036840323683227,100,101,55,3
3.3137982983279120,98,99,53,6
2.0683692357812666,98,99,57,0
2.8560504876703625,100,101,67,7
5.3644567238206493,100,101,49,3
3.5121570003747720,98,99,46,5
2.3871085534821126,100,101,54,0
0.1698141803411593,96,97,47,7
2.5966900683343170,98,98,55,2
3.3306807211573881,100,100,51,3
3.4473005171327245,96,97,47,1
2.8129092462987049,100,101,57,3
0.1084773976619931,98,99,46,3
1.7585426270167634,98,98,45,6
0.7313678286948466,100,101,51,1
1.1207274907263161,98,99,52,3
3.0930811222688441,96,96,50,4
0.1829494579459520,96,97,45,1
1.8123235747293747,98,99,57,6
1.5220388989225824,96,97,49,1
2.0459126620371322,98,98,52,5
0.8669635497163483,98,98,41,0
5.9390822089676378,100,100,46,4
6.1619002978456319,98,98,52,3
0.5882542166108576,98,98,61,2
4.1902952128995912,98,99,50,3
6.0750397317509339,98,99,52,7
4.2569249104494853,96,97,47,7
3.1281362334004763,102,102,56,7
0.9828460744925516,98,98,52,3
2.6782649865474135,96,97,46,2
5.7442965660594565,98,99,46,5
5.2532734428741108,100,101,55,3
4.2407086761454700,96,96,49,5
2.0866175889752365,100,101,54,2
2.3643012497404983,100,101,51,1
1.5747754258385116,98,98,53,4
1.4918733493082927,96,96,62,6
0.1854579452830940,100,100,48,4
4.2943412571745450,98,98,60,3
1.0441905378960363,98,99,49,0
5.8419282992735386,100,101,52,6
3.8803956485257816,100,100,53,5
0.9945675820848492,98,99,43,4
2.1676222753470018,100,100,48,0
5.7068845198698890,100,101,56,4
4.6126074869307097,100,100,56,4
5.3150418695793817,98,98,46,5
0.1025355475331489,98,99,52,1
0.6252050220843207,98,99,48,7
2.2447717195317844,98,99,54,5
1.4960551276681737,100,101,39,7
6.0952047278825026,96,97,52,4
3.6514042492616867,98,99,43,6
1.0272439364089170,98,99,60,1
3.9792369697512435,96,96,48,4
0.9143534301443716,98,99,51,0
0.3824727805462718,100,100,47,7
4.4486620984403027,100,101,53,7
6.0500364920696645,96,97,64,4
0.5692868266066967,100,100,49,7
2.0423675102679497,100,100,54,2
5.5424410400527053,102,103,46,3
4.4181796021687578,96,97,41,3
3.1438676028228953,100,100,49,5
2.5221973391175485,96,97,48,4
5.1139003453112455,100,101,55,3
2.9471600249298766,100,100,48,0
2.3423539406118903,100,101,61,7
2.4193469369354670,96,97,50,2
5.2289128896804691,100,101,49,1
5.8825583229442273,98,98,53,0
5.7910259452508175,100,101,60,6
3.6644478601780643,98,99,42,1
5.2533010597946568,98,99,56,5
1.9735323043910677,98,98,43,2
1.7635374958936216,100,100,52,2
5.1415234596921273,94,95,53,4
2.4225224684382947,104,105,47,7
4.1849129001562462,100,100,54,2
1.0553622220593668,98,98,48,5
1.9570262307031387,100,101,54,0
2.5323618922034434,98,99,48,7
0.2911785372266802,106,107,49,2
2.1382128542303169,100,100,42,4
0.0984654824159304,96,97,48,2
3.2584955872792287,98,99,54,5
4.1861850569661634,98,98,46,7
5.8092316666527246,100,101,54,0
3.6855588966408139,102,103,62,3
3.1114975073145557,98,98,52,3
4.0653669767620482,100,101,52,6
0.6569921205660326,100,101,57,3
3.7551591143660348,96,97,55,5
0.2643713455753500,98,99,47,2
0.1853689061415722,96,97,46,4
5.6143593622125509,98,99,48,1
1.8260200512855607,100,101,49,1
4.0967598893858002,98,99,52,3
4.3468771588950395,102,102,52,3
3.4743089260583151,98,98,49,2
1.6801541422418842,100,100,64,6
0.4442679302130557,100,101,50,0
5.1082339801932113,100,101,57,3
3.6513609457024212,96,97,49,1
4.6505847402963747,100,101,47,5
1.6547001232428369,98,98,50,1
4.7449282673839344,98,99,53,2
0.0196682225824901,96,97,51,5
3.9851047724247284,100,101,54,6
1.8632726433543880,100,101,56,2
1.0924994492539686,100,101,59,3
5.7477922839595523,100,100,63,7
5.7797519343636825,100,100,54,6
5.1523950174199333,100,101,56,0
4.0396790358924912,96,96,45,5
6.0670669360994030,100,101,58,0
5.0503033142712530,102,102,51,0
1.8509142827478475,96,96,49,7
2.1915732952767066,98,99,47,6
4.5726386119671485,98,99,50,7
3.0527342350028808,96,97,42,4
0.4551144236748483,100,101,59,1
2.9296627502056021,100,101,61,1
3.9699511415812152,98,99,57,2
6.2653061492878468,98,99,52,1
0.9456177463559657,100,101,64,0
3.2328131825394126,100,101,51,5
2.0352739238995428,96,96,51,7
4.7583078555733644,98,98,55,4
5.0802533371993510,100,101,49,1
1.7050146724403672,96,97,56,0
5.4139737383196902,100,101,57,5
1.7784690657237745,98,99,50,1
0.9375773711499202,102,103,47,2
2.0893876403038067,98,99,47,4
6.0719191058300295,100,100,56,2
1.4284340278409282,98,98,58,5
0.2096497628008901,100,100,47,3
4.9221558166240111,100,101,54,0
1.2016122853694389,100,101,56,0
3.3896460162678066,98,98,52,3
4.2106645758577219,100,101,55,3
0.8833695068048679,100,101,43,1
4.0667639541522620,98,99,58,5
1.5349160188644977,98,99,53,4
5.4835166384503866,98,99,61,6
0.0957347568114206,98,99,50,3
5.5978021938399989,100,101,57,7
1.2370171851593958,98,98,50,7
4.3217845483073081,96,96,51,5
3.2055739599202622,100,100,56,6
2.6495982130363460,100,101,50,2
5.5483103610985864,98,99,54,3
3.3626216715620076,100,101,56,0
3.0104900303834561,102,103,52,7
3.4986392822845898,94,94,44,5
5.9228613897882179,96,96,45,7
3.1425208848407720,102,103,53,4
5.2438828848671930,100,100,45,5
1.1778380356854377,96,96,46,6
4.5122915702133461,98,99,47,6
2.2851783991809604,100,101,51,7
0.5247268644446493,98,99,52,3
4.7385682639226667,98,99,44,1
2.0082794341909578,98,99,61,0
0.4491480669430063,100,101,56,2
1.3523804209734094,100,100,47,5
5.6023165461492832,100,101,52,4
0.5825698787442886,98,99,47,6
0.7609969708822055,100,101,52,4
3.6828197028389047,98,98,43,2
0.3275804876848790,100,101,50,2
2.3831131864229285,100,101,44,6
0.0525765743551207,100,101,54,4
1.1790033207561097,98,99,45,4
2.7815429473417184,98,98,52,3
5.4223040989998257,100,101,52,4
3.7765597287354753,100,100,55,1
0.3633022935535052,100,101,50,4
4.4342412267729401,98,99,47,4
5.3307777184246774,100,101,56,2
2.7147183528455341,100,100,54,4
5.6824397260198927,92,93,50,0
3.1106791079069542,100,101,55,3
4.8280587811117854,100,101,46,0
1.2944701704849091,98,98,57,2
2.2020074269849967,98,99,54,3
4.1181829984310170,102,103,58,3
2.2941914379551531,98,99,46,3
5.2361119202528856,98,99,48,1
4.7809718171579867,98,99,53,4
1.0295546114916805,96,97,47,1
4.3177134709319036,102,102,56,1
4.9369371892452119,98,98,57,0
4.8765025863305631,100,101,46,2
4.1501136090964144,98,99,50,7
2.4488646947699979,100,100,55,7
3.0580110107666214,98,98,50,5
3.9299994862065182,98,99,51,4
3.2500076681314169,98,99,52,1
2.4328715096733280,98,98,51,2
5.8158914593170525,100,100,55,1
1.0178645522990253,100,101,48,4
5.1446584476562736,100,101,55,3
2.5900679976068917,96,97,40,2
5.0043304633470092,100,101,46,2
2.5373885311453583,98,99,55,2
2.2380624942257414,100,100,57,1
2.2541845926421979,100,101,50,0
1.3505921742156495,98,99,46,7
1.2130052529315209,100,101,56,6
4.4081415468183467,100,101,56,4
2.7566273311644638,100,100,62,0
2.4255104569344526,100,100,51,7
1.0946737574025831,98,99,48,3
4.4174744187325024,96,97,46,6
4.6065574860502840,106,106,59,6
2.6639693451404294,100,101,54,4
1.7601255556963051,98,99,45,2
5.6982023809450233,96,97,50,6
0.5448643781632020,102,103,59,0
3.8358358353418125,100,101,45,7
1.3016320649267357,98,99,54,5
2.3869870670074791,100,101,58,6
6.0249039389768777,100,101,51,1
4.7917786439256362,98,99,51,0
2.2298231058914131,98,98,49,0
4.9311748439518945,98,99,48,1
0.4028438774050133,96,97,58,4
3.8043202442601847,100,101,60,6
3.3184997809921253,100,101,54,2
1.1421501242051451,98,98,46,5
1.4668573892656656,100,101,46,2
0.2156658816432407,100,100,48,4
1.2213457910965679,100,101,57,3
0.7721977845869998,100,100,54,0
1.9160417064502897,98,99,47,6
0.1139145807571390,100,100,53,5
2.4304371089826491,94,95,41,0
4.9655942437833831,100,101,49,5
0.6902202277242925,100,100,52,6
0.3927433894398942,96,96,61,1
0.3513363517006068,100,101,58,2
1.5397437373347094,98,99,54,1
5.9125346454828973,100,101,58,2
3.9595754546831561,100,100,61,7
0.7820582838156135,96,96,51,3
1.9976307654433612,96,97,55,3
2.9377011773888895,100,101,59,1
1.6069858232820495,100,101,52,6
0.2293228001509958,100,101,47,3
3.9818309509221472,96,97,57,7
6.0966913067685935,96,97,55,3
4.8342912689121302,98,99,60,1
5.9815785421194896,100,101,50,4
5.6426013924111311,98,98,46,3
0.8818551174674631,98,98,64,5
4.2962867179885142,96,97,50,6
1.5973207986493068,100,101,48,6
3.0697509882651670,98,99,49,2
3.5783434038852953,100,100,52,2
5.9681677664360757,98,99,48,5
0.5488125801952692,100,100,50,4
4.0582645045453107,100,101,52,4
1.1158955864667206,98,98,48,5
4.5652278801234782,96,96,53,7
4.2557482845782548,96,96,48,6
1.2661607362985923,98,99,44,3
5.6779581388763294,100,100,54,6
2.1204188208789843,100,101,52,0
1.4210530805313153,100,100,55,5
3.7515426201790025,98,99,59,6
0.7574145042087361,98,98,54,1
2.1721976749564602,96,96,52,6
4.6716542195272943,100,101,49,5
2.8053060259230920,98,99,47,6
2.1273188190968013,92,93,41,3
2.9200118569372933,98,99,57,4
0.7108869585084345,98,99,49,2
0.0089964733657069,98,99,54,5
5.2929450850654511,100,101,56,0
4.9864054089897012,98,99,57,2
6.0171373001473833,98,99,64,1
4.4943695384134266,98,98,52,5
4.6108512370007499,96,96,50,4
2.5626580326303063,94,95,49,6
2.2241153576764034,100,101,55,3
1.6153475222013924,98,99,43,0
4.4823631945246190,100,100,48,0
0.7919464649696092,100,101,54,6
4.7844333042738514,96,97,51,7
4.0165327254161500,98,99,45,2
1.6062518514988124,100,101,63,7
3.7700444639237918,100,100,52,2
4.6264796577152465,96,97,44,0
5.9487875897866651,100,101,44,6
0.1785137750836716,98,98,46,5
5.9733014211311852,100,101,53,3
2.6442678158057329,100,100,50,4
5.5427990894320409,100,101,58,2
1.8200049151550695,96,97,48,0
5.5792330422534260,100,101,63,7
3.4193316455119822,98,98,50,5
1.5806792828337648,96,97,57,3
6.1507481676071363,100,100,61,7
5.8480548740205753,100,101,44,0
2.4270097573694036,100,101,53,1
5.8231906886692446,98,98,64,3
2.1958386920471371,98,99,53,6
5.2943892154477989,94,95,49,6
0.8561607443433229,98,99,42,1
5.1262245117315439,100,101,50,0
1.5848000588169671,98,99,47,2
0.3758763681049068,98,99,45,4
5.0536729241949381,96,97,46,4
0.3275628962703458,98,99,45,6
4.8292896490782713,96,97,59,7
0.6486740841751770,98,99,49,2
6.2784225660584427,102,102,47,2
3.4201719593972646,98,98,47,0
2.5343001937663892,100,100,46,0
1.8428720326481820,98,98,45,6
0.4923195924189575,100,101,50,4
1.0315549137610489,98,99,48,1
4.5229924875570662,96,97,38,0
5.3709313226083095,98,98,49,2
4.6500823008201158,100,100,52,0
3.7620689079662331,98,98,48,5
6.0551075733812043,102,102,50,1
0.7142711414823785,98,99,49,6
0.6124630589461545,98,99,46,5
5.8462243122400164,96,96,49,3
5.8475624429409949,98,98,50,5
0.3972786304550180,98,98,49,6
5.4088311117549130,100,101,47,7
2.6460046508587429,98,99,55,6
1.1120622619372953,98,98,45,0
3.1720849599297205,100,100,51,3
5.0339949804775195,102,103,56,5
1.8058818244736698,94,95,47,2
0.2083717875349181,100,101,51,3
4.6742464610276331,100,101,51,1
0.3570348062022062,100,101,48,2
1.5323418379052258,96,97,58,0
5.8321498727324368,102,103,56,7
2.4169802105826586,100,101,60,0
0.3581190249687278,100,100,53,1
2.2162962475063486,102,103,53,4
0.6730716594467790,98,98,46,5
5.7570226439246310,96,96,48,0
4.1536863471673353,98,98,42,5
0.4029723372422344,100,101,60,0
1.3071223826076097,98,98,47,2
0.3810190004603278,94,95,42,3
5.5773206269930293,104,105,53,7
4.1192915925658182,98,99,50,5
5.6777264812724439,100,100,48,2
3.8721799921377027,96,97,53,5
3.7315111113871997,96,96,55,7
0.1579311315889700,98,98,53,4
5.9906754026153566,100,101,58,4
5.1259118052671857,98,98,54,5
3.6401288846153914,96,96,46,2
1.2241657313264465,98,98,53,2
3.5607693056102119,94,94,50,7
0.1428859229949870,98,98,40,7
4.7185419817045702,98,98,49,6
6.1285306689186498,98,99,46,3
1.5884986566600641,96,96,41,1
3.9083707117582764,98,99,52,1
3.6118140679291324,100,100,53,5
2.5501709798834753,102,103,49,2
2.0144753863850320,98,99,55,4
2.1519339028201907,100,101,58,6
0.7179708408008744,100,100,46,6
6.0980469733133109,98,99,49,4
4.3748346980779820,96,97,55,3
5.0816004177372447,98,98,47,0
4.9480978381879037,100,101,57,7
0.2180888748644286,102,103,50,3
2.3663695891678365,98,99,52,7
0.9757319266068830,94,95,50,5
5.3200824439899685,100,101,53,3
1.4343473848548318,98,98,49,4
0.6673415453132152,100,100,54,0
5.8350567131236204,102,103,55,0
4.7303978857055187,98,99,44,3
4.6786434497740661,100,100,55,3
1.6530191480657412,100,101,52,2
0.8891244826992555,98,99,50,1
5.5137315308131427,100,101,47,3
5.8785093438121248,96,97,52,0
2.5817071497004416,100,101,41,5
1.0876691325140873,98,99,48,5
3.5506862259670919,98,99,43,0
0.4321488574409290,98,98,45,2
3.1980685010880627,96,96,54,6
3.4604867695152239,98,99,46,7
2.2534800856197563,98,99,46,1
2.0437733178889110,98,99,43,0
0.4519389329443677,100,101,47,5
3.1537256307889083,94,95,55,2
1.0631865192641488,100,100,46,2
3.9297707908262933,98,98,54,1
2.1142888816849794,98,99,53,2
1.2995118571496873,98,99,42,7
3.2270123637571904,100,101,50,0
3.8925756758015768,100,100,47,7
2.1582638884866787,98,99,46,1
0.6820556465792382,100,101,55,1
0.3588588751664206,100,101,48,4
5.7900221495407003,98,99,48,3
3.0952703974371718,98,99,45,0
2.2334181992502331,100,101,50,2
3.3085010727567754,92,93,42,4
5.6012919494112214,96,96,47,5
5.9758795988983699,100,100,43,3
5.3361462567533140,100,101,47,7
1.2699850098482695,96,96,55,1
5.3788707296876934,100,101,53,7
4.6766929507189809,100,101,53,3
4.9747549375667557,98,98,50,1
2.1217485243889835,92,92,37,1
1.1410702209274979,96,97,60,6
2.7993763589185710,94,94,53,4
0.3746862477375310,100,100,55,5
2.8036601897723923,100,101,48,0
6.1325848656268018,98,98,57,0
2.0299385574995612,100,101,53,3
1.7237345430152369,104,104,55,1
1.0966834372666761,100,101,58,6
5.8838690297539484,96,97,47,3
5.6625576862252762,98,98,53,0
4.6291570021147530,100,101,47,7
0.6245582729949063,98,98,52,7
0.8239964014994490,98,98,54,3
6.0074078637809167,98,99,48,1
2.6861964820596032,98,98,46,3
4.9380247112006002,102,103,49,4
3.9482824819372269,98,99,37,0
5.8487689799559535,100,101,55,1
4.4558453146522377,100,101,54,2
1.3286062468828805,100,101,46,6
0.7323820241595999,96,97,47,7
1.9555232264359870,100,101,49,3
2.0224590419601443,100,101,53,5
1.3566009979898426,100,101,51,7
0.9256286611546792,102,102,50,1
4.1761323400175927,98,99,48,3
6.2020677166919418,98,98,48,1
2.7961923927777224,98,99,57,2
5.2720647667932568,100,100,52,6
0.5717201715607939,102,102,39,0
3.1594363800129566,98,98,54,5
1.4529727951252343,100,101,45,3
2.5340097006072995,98,98,54,3
2.5218795446991851,100,101,55,7
4.7383864694105853,98,99,53,2
4.6465798694973000,96,96,59,7
0.6627148382238640,100,100,56,6
5.3955838408028924,94,94,51,0
4.1249023150419486,96,97,46,0
3.1777261809718822,98,98,46,7
4.5277724002552446,100,101,58,0
2.4251347375732091,98,98,40,1
2.8318725737751609,102,103,54,1
1.2390481615337428,100,101,44,6
1.3480056270461518,102,103,52,3
2.2071270527781373,100,100,43,1
3.2579671896510654,98,98,56,1
6.2310689164215178,98,99,50,5
1.9236298658173079,98,98,57,0
4.8814822660522230,102,103,51,6
5.2668500951498061,100,101,58,2
5.0840013411941651,98,99,47,0
4.0204935484531097,100,100,48,0
2.4363902223195666,100,101,42,4
6.1731375281237675,98,98,55,4
1.8182791323933123,102,102,55,2
5.4926291906390086,100,100,50,6
5.3218030565577221,92,93,45,1
2.0430737769295724,100,101,48,6
5.8154194114521971,98,98,53,0
2.2032280802404083,102,103,56,1
4.0198912483044724,100,101,54,2
0.9631690942212773,100,101,36,4
5.3086354482684559,100,101,54,6
6.0225335830629110,100,101,51,5
4.1683530076372461,98,98,48,3
5.5526410928994832,96,96,54,6
3.4432553184520622,98,99,57,2
5.4246133056302979,100,100,47,1
5.9284854076004949,98,99,57,6
4.2503543272899140,98,98,55,2
4.6220919563032021,98,99,58,5
1.6165059250963687,96,97,41,3
1.3841592535492457,98,99,58,5
1.8999114828349271,90,90,54,5
1.9095453824472237,102,103,48,1
3.1464984337219679,100,101,56,0
3.7923355844217923,102,103,52,7
0.0007371043145287,98,99,48,1
0.5490397499300222,98,99,44,3
5.0619029504033106,100,100,44,2
2.1424624616046231,100,101,53,1
2.5730679911550980,100,101,51,1
0.0802445000621488,100,100,50,6
5.4973017755360214,98,99,46,3
1.4130469981586036,100,101,52,4
2.9082178874955171,100,101,52,6
0.8290958382579081,98,98,46,7
3.8623936660951266,98,99,57,4
6.0451618170783075,98,99,50,7
3.0219521362953241,98,99,59,2
4.9828861714409429,100,101,46,2
5.2839228571923567,100,100,55,3
0.7935139166535148,100,100,41,5
0.7936573440069120,100,101,42,4
1.7583640995587664,98,98,55,2
1.4899978943272676,100,101,47,7
1.2392313950087621,98,99,67,6
0.6885771925757955,100,101,46,6
3.2870408962597129,100,101,53,7
0.1451848263241151,100,101,53,5
5.5280834090997137,100,101,51,1
2.2955005473290893,100,101,51,5
2.8252389626901464,98,99,47,2
1.2653383450549049,98,99,47,0
0.3048019976109494,98,98,34,1
0.5901952674468948,100,101,63,1
4.4562155067594329,96,97,56,6
0.2035642237964137,98,99,46,5
1.7097900620464395,98,98,50,1
0.8120183880417415,98,99,51,4
4.8048569203873148,100,101,50,6
1.8356706295357039,100,101,55,5
4.2670637588546745,100,101,52,6
5.8692349697904636,98,99,54,3
4.4479316031524414,98,99,64,5
1.8856037857789147,102,103,56,3
2.4708510662761722,100,101,55,5
3.8460613212824484,94,95,52,5
2.4317131282308466,96,97,49,1
5.0474950428644476,100,100,58,2
2.0747367333610871,98,99,59,0
2.7189682899654608,98,99,53,4
5.8000987181307311,100,101,52,6
5.3318268071066699,98,99,42,7
6.0516724643681199,98,98,48,7
5.9909866722977716,100,100,56,4
5.6547704168928306,100,100,42,6
1.7417276485315298,100,101,49,3
2.9916745520263994,98,99,51,0
2.2910035738092529,98,99,50,3
2.1638886673690609,100,101,54,4
2.8197585219601473,100,101,49,5
2.8325457258771682,96,97,60,2
2.8822822905172183,98,98,47,2
1.4254665021354049,98,98,53,0
0.2340037722640004,100,101,46,6
4.4672169483332560,100,101,53,1
4.0937483100883236,98,98,45,0
4.5912947339702566,96,97,49,7
5.8497368462273487,100,101,52,4
3.7718532212665719,98,99,47,4
5.8045086441344695,100,101,49,1
2.4555379240604673,102,102,53,6
2.2174109406320652,98,98,49,2
4.0435257372275242,98,99,48,1
4.4515131200944440,100,100,50,4
5.6652123977702891,100,100,51,5
3.5009362412335929,98,98,47,4
6.0551405182291029,102,102,49,0
0.1711367296645311,94,95,50,7
5.6960764994890409,100,100,55,1
4.3066916018463370,100,101,58,0
5.5183176773916669,100,101,49,3
6.1104126608154870,98,98,50,1
2.7036905315548454,96,97,49,1
0.0716133934438613,100,101,47,1
3.3383438278173974,100,101,55,7
5.0880822118509688,96,97,50,4
1.4742645783533852,98,99,50,3
5.1185697554689948,98,99,53,4
6.1565379222793934,102,103,51,0
3.0461343092200046,100,101,55,5
5.2221663605766935,100,100,56,2
0.3788282447913242,98,99,43,2
2.8981978763752059,100,100,60,4
0.5471743960051791,98,99,45,2
1.5213978975488220,98,99,60,1
3.3825575241968484,98,99,57,6
3.0857783941649539,100,100,56,4
2.3186325390379015,98,99,56,1
0.3637581978187701,98,99,49,2
6.0648372392890462,98,99,48,5
3.7506255439136069,98,98,50,5
4.4583268963900675,94,94,58,3
3.8695407607531651,98,98,45,0
5.0397814248365460,98,99,49,0
3.9633548435510928,98,99,53,0
3.0833797827494909,98,98,55,6
6.1681193273783030,94,94,50,3
4.3838895224103309,96,96,39,1
4.1901272391258848,100,101,55,7
1.6668798540772083,100,101,56,0
3.4720845811560737,100,101,52,4
4.6225864465628064,98,99,52,1
2.4743790687343781,98,98,44,5
5.9031393128411231,100,101,54,4
0.4646385311138324,98,99,59,0
5.2507328892499485,102,103,46,3
0.1366677963787229,90,91,47,4
5.9403906036228831,100,101,50,2
3.3866152360663495,98,99,47,2
2.3254166998254293,96,97,53,5
3.7713867658201781,100,101,50,4
5.9923809628268110,100,101,55,1
5.5196158545312235,100,100,51,7
5.4622366423157365,102,103,58,7
1.6636325525179911,98,98,49,4
3.5074597313281028,100,101,54,0
3.8748819261842784,100,101,57,1
1.9693570058050747,100,101,60,6
3.2880994306148996,98,98,47,4
2.7184382385275412,100,101,56,4
2.3398262803876055,100,100,54,0
4.9723676933267207,98,99,55,6
1.1631222677719975,100,101,53,7
2.0937574825655068,94,94,52,1
0.2502778172673060,98,99,50,1
2.0048578082334103,98,99,51,0
1.1290279975559165,98,99,51,6
0.6170479985479655,98,99,61,6
1.4117816608349050,100,101,49,5
3.0751210381964524,98,98,50,7
2.1907230033982530,98,98,58,5
5.9657535375391273,96,97,50,4
2.2628037945941899,100,100,50,2
4.1515430527649508,98,99,51,4
5.0041142079502974,98,99,41,4
2.6840301577849379,100,101,58,6
4.8528222977060551,98,98,57,4
1.3690373280610306,98,99,49,4
4.9305837150025580,98,99,57,4
3.8352294068042068,98,98,51,6
4.9765258546541968,98,98,52,7
1.0374518559358221,100,101,61,5
6.2412424489857417,98,98,50,3
4.8880049972580037,96,96,46,2
5.2029516669467579,98,99,49,4
6.1538561863101116,98,99,42,3
0.0611252123995370,100,101,55,7
1.4818158404399275,102,103,57,2
1.2695238418898449,98,98,45,0
0.7439459585372433,102,102,58,1
0.4471456069173642,100,101,58,2
1.9699640018937881,100,101,47,7
6.0085200503294711,100,101,53,1
3.7330344398578479,96,96,48,6
5.4834445761561330,100,100,44,2
4.0954000458635118,100,100,54,2
4.4662465395885000,96,97,57,3
3.8349992324698841,98,99,39,6
0.2609421470734359,98,99,46,7
3.2520431305786217,102,103,43,2
0.2266597484140301,98,99,47,0
1.0570422915270175,98,99,45,4
2.9584326413946558,100,100,49,3
5.3749271040694016,98,98,50,1
4.8541409937088718,102,102,52,7
1.4192393590674073,100,101,57,3
5.0839181442041550,100,101,46,6
1.7640303880748334,98,99,50,5
3.2894818504388561,100,101,56,0
3.0321083698177351,98,98,56,7
2.5118356342361494,98,99,58,7
1.5167279620835858,98,99,51,4
4.5608483686876520,100,101,59,1
2.5646382454621803,98,98,60,1
5.3973616029212232,100,101,54,0
2.7981858568890159,100,100,52,0
2.0587482169608009,96,97,55,7
0.9694054271983474,100,100,59,3
3.0076487711582325,98,98,50,3
4.0536798175292947,98,99,50,5
2.8028957093327089,100,101,50,6
2.0500903336653442,96,97,54,6
4.8501249163209499,96,97,51,3
4.3987722610065587,100,101,57,1
3.6010943515794094,98,98,51,6
0.4596249515254267,98,99,52,3
0.6210698177702720,96,97,49,3
3.1363593738565125,100,101,51,3
5.8478763888354344,88,88,54,2
1.0523691114459273,96,97,61,3
0.4031611806321435,98,98,53,4
1.2679957604181806,94,95,39,2
2.4296151428215964,98,99,43,0
5.6811824522029370,98,98,60,3
5.0874837991007924,100,100,54,0
0.7225387845745121,100,101,47,7
2.8579923168995496,100,101,52,0
0.2198740529943267,100,101,44,2
0.5368014935987059,100,101,52,0
0.4389853724584373,100,100,56,4
2.6770586933189158,98,98,53,4
4.3190805622969837,98,98,58,5
2.9186418330033264,100,100,47,5
5.2690173007405861,96,97,51,7
4.4425838496090204,98,99,50,7
3.1432284832027371,98,99,43,2
4.4101505145542470,98,99,58,7
6.0759716679132598,96,97,42,0
0.8567891509407525,100,101,58,6
3.1863333553666244,98,99,55,6
1.8737164577266436,100,101,43,1
2.9276194550038932,100,100,52,0
2.9402716344988225,100,101,52,4
6.2746921800388753,100,100,50,4
5.0195238567015394,98,99,47,4
5.0127089643603728,100,101,51,3
0.7011003547429151,98,98,49,0
4.0218967994739510,94,95,47,6
3.2971542744130016,98,99,48,5
4.4618743812290171,98,98,45,0
0.2300972046531926,100,101,46,0
5.7853202688904535,100,101,56,4
2.9042642450295717,100,100,53,1
2.9509042626865751,100,101,58,2
3.7176872194881563,96,97,56,6
2.2840001779678656,94,94,62,3
5.2734356275954006,100,100,54,2
1.5918816310801485,96,97,49,5
4.7580805942441433,96,97,55,3
4.9745837854997488,98,99,51,4
4.4188618771773989,100,101,49,1
4.9842104549777302,100,101,46,6
4.5351362178820720,98,99,52,3
2.3213705249579095,98,99,46,7
2.4498869563970680,98,99,51,2
5.1030358694455638,96,97,46,0
5.3229629681615043,100,101,53,7
1.1475866811647750,100,101,60,6
1.5233603273996208,100,101,46,6
4.6061322161925036,102,103,49,0
3.7788529461378357,100,101,56,6
1.9178882670018711,98,98,50,7
3.1114583190141589,98,98,55,6
2.3784227381882062,96,96,52,4
3.5310686840065566,98,99,55,2
5.9761131987435512,100,100,42,2
1.3754225243436908,100,101,48,4
1.9716357237055402,98,99,49,6
5.6480278668665855,100,100,52,2
3.1743948917736211,96,96,49,1
3.8255794162768688,98,98,60,7
1.4310428576629670,100,100,41,1
4.7705792310739428,98,99,56,1
1.9540185150662512,100,101,57,7
4.3622977424601981,98,99,52,5
0.4206435821909699,100,101,49,3
1.9185530471606673,98,99,54,1
0.0714522976308752,98,99,56,3
1.0935228179977539,100,100,52,6
2.7567704372455077,94,95,49,6
4.8532483062940281,98,99,48,7
0.1642446924261236,94,95,44,7
0.1743709731144238,92,93,53,3
0.0907897248747723,100,101,43,3
2.7825893463553655,102,103,50,7
4.6607321100147532,98,99,48,1
1.6782317387080459,100,101,54,6
1.0382854357590854,100,101,61,1
5.7842509348098847,98,99,53,6
3.6544411027518113,102,103,60,1
5.0640056432074685,98,99,51,6
4.9147246876906925,98,98,51,2
1.3048297236992774,96,97,55,5
1.2425751168378962,98,99,50,7
6.0269382726610710,98,99,53,2
1.8180110565684673,94,95,52,7
0.4926359104134207,96,96,57,1
3.2294589296868184,100,101,46,6
4.7705039997690530,100,100,59,5
2.0306606792474540,98,99,55,6
3.4533971716622216,100,100,60,2
1.1764468893457125,98,99,56,3
3.3474472478485278,98,99,53,6
2.6891887116857669,96,97,51,1
3.9154313311252196,100,101,55,3
4.4007562117730590,100,101,47,1
0.4606658631468774,100,101,49,3
0.4333872524525074,96,97,52,6
6.1753852707143579,100,101,56,2
5.5902342948153914,100,100,58,6
3.8983021363762766,98,99,53,4
3.8322033107327007,98,98,46,7
0.6233200035675950,98,99,55,0
0.3383319961910006,100,101,57,1
4.2662606402092624,100,101,43,7
4.3218741081027945,100,101,49,1
1.0756739482141546,98,99,55,6
4.2697427589706791,100,101,48,2
2.2231037803692204,100,100,53,7
4.7602285748752786,102,103,57,6
1.7999812673197000,98,98,50,5
3.5895851716169127,98,98,51,2
4.2279773991103431,100,100,53,7
4.5163007165075797,100,101,47,3
2.5584027272495247,98,99,46,5
3.0239764471186934,98,98,52,7
2.8274311337929605,102,103,59,2
2.6963117141149295,96,97,48,0
2.9046911864522365,98,99,56,1
5.1777360309425209,96,97,47,7
4.5377456330189752,96,97,57,5
3.8797473848486592,100,101,47,7
2.9449912633931574,100,101,49,1
5.9902288278979103,100,101,45,3
5.8111077473965382,96,96,46,2
5.8176532493951187,98,99,56,7
5.4400641657584927,100,101,52,6
4.3869431786351356,100,101,61,5
4.8329638245974920,100,101,52,2
0.4388922837040476,96,97,60,6
3.9789770375595914,100,101,57,7
2.7499997194122647,96,96,43,1
6.1200016684456768,100,100,54,4
4.2020543136134876,100,101,54,0
4.2031921329487778,100,101,51,5
0.8542325673643574,100,100,49,5
3.0687774282549629,98,99,61,4
3.8089062831540752,100,100,47,5
3.1863324481784847,98,99,52,7
0.4823964872297716,100,101,51,7
1.5815939827915115,92,93,46,6
4.5503329351632971,96,97,48,4
0.3579517117702281,100,101,48,0
2.7760948162335302,98,99,56,3
1.1055526405294678,100,101,60,2
3.7575327940127803,98,98,54,5
2.7131906652086584,102,103,52,5
4.6600297962210542,100,101,54,0
0.3950611909288084,100,101,54,2
3.8757713829130891,98,98,50,5
0.8074643919206873,98,99,54,5
0.9297137999114076,102,102,51,4
2.6151160687650226,100,101,54,6
2.8641010862227123,100,101,52,2
4.9463489742447395,98,98,55,0
4.1690606064565001,98,99,53,0
3.5783889000532798,100,100,55,7
3.2240344458988983,100,101,46,6
3.1056534427680798,98,99,42,3
5.9137142828056612,98,99,56,1
5.5832418583484706,98,98,53,4
0.9871036309620780,100,101,58,6
2.5600382445406846,94,95,50,7
5.3600846427041295,100,101,47,7
1.2771341323708989,100,100,55,7
4.1236259732355389,100,100,54,4
0.4908019569313081,98,98,50,3
0.8231138672063890,102,102,53,4
4.7427647894114884,98,98,43,0
2.0074667586421207,100,100,43,7
2.1594433754901181,98,98,39,0
4.8106009028403047,100,101,45,5
5.1483354439009412,102,102,52,1
2.3279439031119371,96,97,49,5
4.4316427493931050,98,98,51,0
2.5439412775393588,96,97,48,6
3.0422754017452802,100,100,44,0
6.1044713840649276,100,100,53,3
3.9495084327279457,98,98,50,1
1.8377021148311554,98,99,46,5
2.8884848606651841,100,101,46,2
1.9560658819459766,100,101,58,4
5.1465426929641334,98,99,48,3
3.0821464026407956,100,100,57,5
6.2642813578465990,100,101,53,3
0.6668168003911722,98,98,54,5
2.2814856066480420,94,95,52,5
2.8966846919465610,98,98,41,4
0.2187559535980888,98,99,57,4
3.9453762936181334,100,101,48,2
0.7296569094759455,98,99,51,4
0.4645719578713421,102,103,46,5
0.4146310459821528,98,99,50,5
4.2072706812890583,100,101,43,7
5.9030467016205757,98,98,48,3
5.4748919379001526,100,101,41,1
1.6577698497618476,98,99,59,4
5.3775193927826672,96,96,49,3
5.3822738952284563,96,97,44,6
1.1180645241404028,102,103,59,2
3.8694682652733685,100,100,51,7
0.0883559119813097,102,103,55,0
2.3077380169013582,100,100,60,6
1.3853826822546886,98,99,45,0
1.4779929263580718,100,101,48,6
4.6290899828443299,100,101,57,5
0.5013251783308275,96,96,48,0
0.2390365373298179,98,98,52,3
6.0469757216088400,100,101,48,6
5.8531763619511192,96,97,52,2
2.6710330331487468,94,94,48,5
1.4247987141789473,98,99,48,5
5.4971517409999171,98,99,48,7
3.6125560661262779,94,94,44,3
2.6716167671052720,100,101,50,0
0.8468998405118887,98,99,52,3
5.2284940118047096,98,99,47,0
5.2641636619312511,100,101,47,3
5.5615238445196082,96,96,47,3
2.3388198319944493,100,101,49,5
2.4893948169812461,100,101,58,4
2.2724660982901441,100,101,62,6
6.0427584574721962,98,98,61,4
0.2281044443551914,98,99,56,3
2.9986913885918201,98,98,50,7
5.0771301435214609,98,99,48,5
3.8647775059397591,100,100,41,3
6.0284971665942724,100,100,53,3
5.9678125631537178,98,99,57,2
4.9477471300649229,100,101,46,2
2.6931487854848584,98,99,42,5
0.4495648361212718,98,98,47,0
0.3157525471854862,98,99,47,6
0.9687058728467409,96,96,47,5
1.9216213854713116,98,99,56,3
4.3559178983999383,96,97,45,7
5.6984878092999711,100,101,55,7
2.0984673050033278,100,101,53,3
3.7286002226809654,98,98,55,4
0.9835886918201995,100,100,60,0
4.5249647112605045,102,103,60,1
6.1544543325063978,98,98,47,6
5.1273519335211279,94,94,44,1
4.3438346026246943,98,99,47,4
3.5798192107405877,100,100,50,4
0.6655203060738178,98,99,56,7
4.1772903005584912,98,98,43,0
0.8524366961889213,100,101,46,2
4.6853251893494905,96,97,41,3
5.9813676215646012,100,101,47,1
3.9154260924297439,98,98,50,5
4.1310689937928817,98,98,58,5
2.6933106928244839,100,101,48,0
4.0684558605998387,102,103,47,6
1.3402630172828833,100,100,51,1
2.4268305352427468,100,100,47,3
3.3197949346557292,98,99,49,0
3.0369191727686360,98,98,51,0
0.9361895922409552,96,97,50,6
4.3936667361005819,100,101,52,2
4.4960253233189036,100,100,50,4
2.2612689546314906,96,97,52,0
2.5464096599666135,98,98,56,5
6.1533848857673794,100,100,49,1
4.2907778957848564,102,102,49,0
4.4753940613350300,100,100,56,4
5.7004163866908693,100,101,54,2
1.0086117518125302,98,99,48,1
5.6124464905515632,102,103,52,5
4.9309950281060031,100,101,47,3
3.9609844583807914,100,101,53,7
4.4763051508582841,100,100,42,2
3.0186226212550622,98,99,52,1
4.0302315545268215,98,99,57,4
1.6891099893117707,98,98,47,6
3.2258096021181202,100,100,57,7
1.6257598698545896,100,100,62,6
1.5057161916753228,98,98,52,5
2.4918137778711467,100,100,58,6
5.2292325978398830,96,96,48,6
1.4171405272253716,100,100,50,4
2.0232890178145198,100,101,53,5
0.4023416154775442,98,99,47,0
4.3693903774124019,94,94,47,6
5.7683451849752645,98,99,61,4
3.0124240178829753,96,97,50,4
6.0576804695082176,100,100,51,5
2.9714688717018261,96,97,52,6
5.6345849946161906,100,101,51,1
1.8622750404166561,98,98,45,6
2.7884697217748982,100,101,48,0
4.4453872699264041,98,99,56,3
2.5871872259774658,96,96,61,5
4.6863257039148527,100,101,49,1
4.7791545974465475,100,101,61,5
5.5426880546836905,98,99,58,5
0.3477655411718151,100,101,47,5
0.9695133361998960,100,101,49,1
1.2679813910878552,100,101,54,6
4.4422597839039950,98,99,48,5
3.1064246344832060,100,100,57,7
2.8154640384535488,100,101,49,5
1.9210346754539296,94,94,45,4
0.1823174861669721,100,100,54,2
1.6883491902289756,98,98,53,2
5.5195918155659971,108,108,57,3
4.3708774255072846,98,99,53,4
0.6849937149557185,94,94,48,3
4.2771722542755013,100,101,59,1
5.1693452174228325,98,98,52,1
3.6251851660564220,100,101,45,5
0.6813559491410250,100,101,49,1
3.4422599376937870,94,95,58,3
2.4116357348534518,98,98,48,5
1.6620409607601485,98,98,45,6
3.7769537911339195,98,99,49,0
2.0013516066784369,96,96,52,0
6.2653941335193055,100,100,51,5
0.8085727561383440,96,97,54,2
1.8155858315018816,98,99,55,6
1.2110208804450369,104,104,56,6
3.3728272392951819,98,99,43,2
2.0959671599139904,98,98,50,5
1.1787897876616034,98,98,56,5
6.1631749168996643,100,101,53,1
2.1470279984576996,98,98,45,0
5.7639777043854066,96,97,56,0
3.5326574581015668,100,101,47,5
5.0584885417370566,100,101,60,0
5.5651255522860774,98,98,54,1
4.2718551902108777,96,97,47,3
2.1437393913623755,100,100,51,7
2.9844937725954539,100,101,48,6
3.9977897703032199,100,101,52,4
0.5044817994710450,100,101,47,5
1.6578317559030942,98,99,43,4
2.5357661596318040,98,98,52,1
5.8356971168326792,96,97,48,2
4.6153197542431093,100,100,50,0
3.1903574459451387,100,100,54,0
2.7590298265954982,96,97,48,2
0.9434856401606863,100,100,50,0
4.8205805071432470,98,99,46,1
4.4640353897784602,98,99,51,6
6.1534538766196647,98,99,52,1
3.1782318513639471,94,94,43,6
0.2711480558263953,100,100,49,3
3.8870203158392713,100,101,55,1
1.9509584894447274,100,101,52,2
4.9373019377944374,98,98,38,1
5.7814326268596012,100,101,64,2
2.5364429190020652,100,100,50,6
0.7206249008895895,96,96,50,2
4.8984152022365768,98,98,52,5
2.5860485370631023,100,101,50,6
4.8296755276641674,96,97,40,0
3.9146901358837862,100,101,51,5
3.0264952647289070,100,101,59,3
5.8809177249125417,100,101,50,0
1.1188050706350239,98,99,53,2
3.0826694436970428,96,97,49,7
2.1661954730322037,96,96,42,0
6.0398910755960324,100,101,45,5
4.5584222188366201,100,100,53,5
1.1415120394825780,100,101,53,3
4.9277427005245098,100,101,50,4
4.6870222800789385,98,98,45,2
2.1516080778398510,98,98,48,7
3.5858304693573304,92,92,51,3
1.2839440438418412,100,100,57,3
5.8971862277694775,98,98,55,2
0.0459546733231613,100,100,57,7
4.0798700238420391,100,100,44,6
5.9424619128844780,98,98,49,2
1.4304093196191043,98,99,57,6
4.8768139466677329,98,99,54,5
6.2582640253440918,100,101,58,2
0.9451801940360552,98,99,58,1
0.1787017955607917,102,103,53,2
5.6097531553793081,98,98,51,4
6.0761475974982018,98,99,47,2
5.3135984485416987,98,98,55,0
0.3324413396480058,98,99,55,6
5.5185926719264220,100,101,52,2
4.4681144495061718,100,101,58,0
2.9698817961360171,96,97,53,7
4.0742176937720691,96,97,50,4
4.6541061262150434,98,98,54,7
1.5153294689996144,100,100,46,0
4.2548469426483519,100,100,50,4
3.4119559649212623,100,100,54,6
5.9155680760461768,100,101,55,3
2.8973465405281886,98,99,52,3
1.3580139344411748,98,99,50,1
1.5568390594408477,100,101,47,3
2.3210312809375679,98,98,56,3
6.2049115406695439,100,101,44,6
1.2628966560475812,98,99,49,6
0.1573746357052160,96,97,54,0
3.7721046739035597,98,99,38,7
5.1395922629164916,98,99,49,6
2.9270918166931152,94,95,44,5
5.0363404022251181,100,101,56,4
4.6940161362027384,100,100,61,7
3.6909773840333173,100,101,53,1
2.3037499032876099,98,98,54,5
4.0962702439240992,100,100,40,4
3.0204527928129159,98,99,51,0
3.8323940563747416,100,101,54,6
0.3313310578415704,98,98,55,0
4.1592501882137443,98,99,55,6
1.8910290161486174,98,98,52,1
6.0737573504089690,98,99,51,6
1.4901521727914520,98,98,45,4
1.6759233723626281,98,99,47,2
2.2518223609217367,100,101,62,2
3.3741005624110976,100,101,41,7
2.5917155893462325,100,101,49,5
5.0915953207953812,100,100,50,6
4.6684818033547311,98,99,53,2
3.9696780281966833,98,98,51,4
1.2360917874382855,100,101,45,1
4.2059208553582366,98,98,52,5
3.5915505734921211,96,97,49,3
4.4926616011826050,100,100,49,5
3.1318143783524333,100,100,51,7
4.7629290811947254,102,103,57,0
5.6108014585827632,98,99,48,7
0.0193603968337042,100,100,62,2
4.8782412320742541,98,99,65,2
4.2146412669246205,98,99,48,7
4.5701717686078931,98,99,68,3
1.7730357103225287,100,101,51,5
2.2620391920676335,100,101,57,3
0.8329939991208828,94,94,49,6
2.1408164888868333,96,96,53,5
4.5564188708322471,98,98,52,7
5.7076132102615507,100,101,46,2
4.8057329136194280,94,95,56,7
2.7619751534385162,94,94,51,6
5.4795767388837078,100,101,54,4
3.8346430915524725,98,98,53,0
4.2233215144735103,98,99,53,4
3.0188693409065110,100,101,46,2
2.9619677157751263,96,96,50,6
0.9219747736381007,98,99,56,5
2.6738879302055558,98,98,51,6
3.6394530007006973,98,98,47,4
0.0913852189011468,100,100,54,6
0.0327618843530838,98,99,39,4
5.8259931700393501,98,98,48,3
1.4183171779320984,102,103,54,1
4.4667500173979429,102,103,52,7
3.6855807134681675,100,101,59,7
3.6952374243945751,100,100,45,5
2.7329925506769666,100,101,52,2
5.7455593263119811,98,98,51,0
0.3830789762574295,98,99,44,5
1.6371160497255377,100,100,41,7
5.9073899890074468,100,101,50,0
0.4273108246087347,98,99,51,0
0.8529383964791335,100,101,50,4
1.7724665400199777,98,98,51,0
2.3230809200597120,96,96,56,0
5.1526743097640901,100,101,51,1
1.8805109013144912,96,97,59,3
0.2209978578703505,98,99,58,1
4.1395966514308862,104,105,51,3
6.2350847695828726,96,96,49,5
0.6854194128740227,102,103,65,6
0.8662774018597149,98,99,48,1
0.7917901829550481,100,100,51,3
2.6622585751938712,100,100,55,5
0.9407879942304114,100,100,51,3
0.2308645544504870,100,101,52,6
4.6230514827418334,94,95,53,4
5.8804567440889475,96,97,45,1
3.8213149203709307,96,96,53,1
1.7437226813687268,98,99,44,3
1.2566687106910610,96,96,50,6
0.9455212874320398,98,98,54,1
6.0178259653985426,96,97,53,1
0.4440236961541171,100,101,56,4
3.4730881564557397,98,99,48,5
1.2027944193526445,100,101,56,4
1.5486789815078548,100,101,59,7
2.4669130167827222,98,99,41,4
2.7894541869654157,100,100,52,4
1.1447113667235509,96,96,49,5
5.7798131921557454,94,95,51,4
4.2114483352193890,102,102,52,3
6.2546490883585051,98,98,50,3
3.6467069145615261,98,99,50,1
4.7314891977293936,102,103,54,3
4.8186348488663784,100,100,48,2
3.2243168670382327,96,97,43,5
4.5142736078604093,96,97,48,6
3.9109878508671376,96,96,57,3
1.3403433426795857,96,96,54,0
0.0178740286250327,98,99,57,2
4.5470591927238679,98,98,54,3
5.7156736595764892,98,98,55,2
1.4619432300609370,96,96,54,2
5.3496718472402494,96,96,42,6
1.9685000187407946,100,100,54,0
6.2594485689858415,96,96,48,4
1.8158076131825862,94,94,52,1
4.6812946449388075,100,101,53,3
3.2912662104233661,98,99,53,2
0.6270948266248134,102,102,46,5
2.7327529008815770,104,104,55,3
4.8842446031029478,98,99,50,1
5.7894021035694205,98,99,56,1
4.3852328752178673,100,101,48,6
3.4312868471373124,100,101,54,0
4.3239763438148469,100,101,45,3
3.6959145677109739,100,101,52,6
2.9349181839932137,98,99,46,7
1.9919157712036599,100,101,52,4
1.8460186367644851,100,100,42,4
1.5048474324828680,98,99,52,3
4.8360316353174797,96,96,47,5
2.4646935895853810,100,101,54,4
1.1303097571401073,100,101,39,3
2.4957682418760343,96,96,48,2
5.5734249098178728,98,98,45,6
1.6747927335732238,98,99,49,2
4.3512325144930069,96,96,46,2
1.0438374218756297,96,97,44,0
4.7527473532257094,100,100,45,3
5.6160215990847426,96,96,48,4
3.3367365260020296,102,103,56,3
2.2169150999005653,98,99,53,6
3.3974152979916994,98,99,54,1
1.8239523853057713,100,100,49,3
2.2121687227308051,100,101,50,4
5.0684845033076193,102,103,58,7
2.0394341518126824,100,101,53,5
5.2229017365367332,96,97,51,7
5.1918389880233917,100,101,58,0
5.6334612544003573,98,99,43,4
1.2618486447798267,98,99,48,3
2.4925494198521285,98,99,52,3
5.1420367211221025,100,101,53,5
0.0972999314791644,100,100,56,4
1.4186500859119950,98,99,45,0
2.0169485189040324,94,95,56,1
3.5759826283976892,100,100,64,0
5.0401488804243950,100,101,60,2
0.9526266264925983,100,101,54,0
5.1603501799315143,98,99,49,4
4.3208143969843986,96,97,52,6
3.6075185765810280,94,94,53,6
5.6294578845885397,98,98,51,4
3.4165653458719780,98,98,48,1
5.8213432002196344,96,97,51,7
4.3729998575099289,100,100,58,2
2.0023659422421285,98,99,52,1
5.0604206377559224,100,101,50,4
0.6677816400575854,100,101,57,3
5.9578256426229821,98,99,51,6
4.6313713425833347,98,99,55,4
3.2470617853745209,100,101,44,2
5.1704760723995902,100,100,48,0
6.1378901114975077,98,98,46,1
2.3183452648513789,100,101,56,2
3.9018565972691674,98,99,50,7
1.9951287156170396,98,99,54,1
5.1269665233961916,100,101,58,6
5.4377865578197158,98,98,52,5
4.1104691118217582,100,101,53,1
3.1806577276269952,100,100,52,2
3.7199424834173320,100,101,54,2
4.2866907326373926,98,99,55,6
2.5559412777984512,98,99,45,0
3.9867607112574914,100,100,55,7
1.4458956386468138,98,99,50,1
3.6268289044704347,102,103,47,2
4.8576082499439268,98,99,55,4
4.1316373581361479,100,101,55,1
0.4080078233378480,102,102,59,0
5.9713128622386185,98,99,47,6
3.2228396923174323,96,96,49,5
3.1974633329628439,102,103,57,4
2.0414612165153225,96,97,50,2
4.3238773571443794,98,98,47,2
2.5378003847341102,100,100,53,3
4.5468976305099966,100,101,47,1
2.4777852729531387,94,95,48,1
1.3778885855058034,100,101,59,1
1.1950453305846298,98,99,46,7
0.4303075674373943,96,97,52,0
5.2303393588416682,98,98,56,5
0.1824998249563619,100,101,48,6
3.9443493671853651,100,101,50,0
1.2653658311216878,96,97,43,1
0.1576021489212078,102,102,53,4
2.8991784895867232,100,101,57,5
3.7894562105516463,94,95,44,1
5.1182232764125066,98,99,47,6
1.8199214862320126,96,96,42,0
5.7403551672641102,98,98,57,2
0.0194719448420398,100,100,52,2
4.8095310880155209,98,98,53,0
0.9758677677712890,96,97,53,5
0.9100973054055994,98,99,45,6
3.2246692815392821,96,97,50,2
2.3130998014049218,100,100,48,6
0.7343524834885241,98,98,46,5
3.4316433860871385,98,99,55,6
4.8624006338291075,100,101,50,4
1.7009578278879265,98,98,43,6
1.0792850043291167,98,98,51,0
4.6198537770012917,98,98,46,7
2.4204690103310695,100,100,46,2
2.7403413531695895,100,100,49,5
4.3717893211983663,94,94,55,6
1.8376317345618367,98,99,58,5
5.1020908304069232,94,95,53,2
4.8544282542797488,98,99,55,6
2.2839126188957466,100,101,64,4
0.2997796000100965,100,100,51,3
3.3595684531363643,100,100,50,6
3.8230468624873502,98,98,55,4
1.4760135009968691,98,98,49,4
3.4780667000200736,98,99,52,3
5.7267654655135036,100,101,46,6
1.5477256997595110,96,96,54,0
5.2030671450681094,100,100,47,5
0.9602332939239118,100,101,51,3
2.3474815960446112,96,97,56,0
5.5533833130384451,98,99,55,0
1.4971052484403753,92,92,50,0
5.7658696811666035,100,101,53,7
1.2015733560013566,100,101,47,1
6.0214821824276852,92,93,50,4
5.2761748480765069,94,95,59,6
4.1857291825249483,96,96,51,1
0.7918612835767511,98,99,51,0
1.8569944486569678,100,101,48,2
1.6277617472109049,98,99,52,1
3.7276942969926585,100,100,47,3
1.4034695631645027,100,100,50,6
3.8192066013765396,98,98,56,5
1.1927232020560965,98,99,54,1
1.1755029253467821,100,100,58,2
3.8125124351325166,96,97,42,6
2.6488746459710448,100,101,49,7
4.2969161849192172,98,99,52,5
5.0301900846266072,98,99,53,6
2.9992665291235134,98,99,53,0
1.0592725240437906,98,98,50,1
1.3173754325387497,98,98,47,2
5.0668835236334351,96,97,47,5
6.2001407241776407,98,99,51,2
5.1400554374677121,100,100,49,5
0.8699081497092772,100,100,54,6
2.0759677385337718,100,101,53,1
0.1256386056999187,100,100,49,1
4.7702559476961186,100,101,43,5
3.4182882482773054,100,100,49,5
0.4910845803400279,100,101,54,4
5.8139895490779780,98,99,50,1
0.8671999375208765,98,99,48,5
4.7624984747368080,98,98,58,7
5.6353156432409550,100,100,51,1
4.7083091249372817,94,95,49,4
1.3668215014543017,98,98,48,5
2.1973814260098714,100,101,48,2
2.3254509885775128,98,99,48,3
5.7598658876534836,100,101,52,4
2.3780074975283307,96,97,60,0
6.0370712514706018,100,100,53,7
0.3657532269561610,98,99,48,5
4.1180290648007247,100,101,41,5
5.3420934006041874,100,100,53,3
5.4322440053368259,98,99,49,0
3.6975215910804118,96,97,52,4
2.2724051161761794,100,101,51,5
5.0648666525693713,98,99,57,4
2.8865126653552560,102,103,57,2
5.7976992280044186,100,100,52,4
3.5388667211663534,100,100,58,0
4.9066984486384850,100,101,50,0
2.5846570911851048,98,98,45,2
2.6475901910013393,100,101,45,3
3.0154806633611440,94,95,52,1
0.4362051169600135,96,97,62,6
1.4941887230362072,100,100,60,4
1.2012996487983383,100,100,54,6
4.8286655930719906,100,100,52,4
1.9441094656877564,94,94,56,7
0.7477531405207680,102,103,49,6
5.1523666253709726,100,101,50,0
3.8057247540414090,100,101,52,0
2.0920476138491697,98,99,53,2
2.9246284313118918,100,100,56,0
3.1249413625943929,100,100,47,5
1.5506764820247274,98,98,45,2
0.3322897204639224,98,99,53,2
0.3607434854095539,98,99,48,1
4.6224336047882426,102,103,53,0
4.4083505156135550,102,103,49,2
3.8668606108115631,98,99,50,3
3.5323841586282771,102,103,53,6
2.0844304593953371,100,101,57,7
1.2445833587477630,98,98,44,7
0.5295450105862315,98,99,50,5
0.9494959662161755,98,99,48,7
0.0922016085434774,100,101,52,2
3.8889057081717384,98,98,49,4
4.7109125233993234,98,99,49,6
3.6536007463277551,94,94,63,6
1.1214989307594798,100,101,42,6
3.6202175054461265,98,98,49,4
4.8174503831361042,96,97,50,0
3.7736874174754207,98,99,43,4
1.6628709249875804,100,100,57,3
5.4129148404001315,96,96,44,0
4.0610731234944177,102,103,50,1
2.9935079556110558,100,101,54,6
4.7233754360275375,100,101,47,1
0.9958029891814353,100,101,54,2
2.4571088767571165,98,98,44,7
2.9479554730017332,98,99,48,5
0.7793535187817926,98,98,48,7
3.8926002797602632,98,98,59,2
5.5922502138062384,94,95,47,0
5.3797683047229281,98,98,53,6
4.3907706467830252,96,97,48,6
5.1975037733588669,100,100,56,0
2.2480553343038983,100,100,50,6
1.4898071933602481,98,98,48,1
3.0568698683151485,98,99,43,6
5.6286709660434928,98,99,45,2
6.0426320172842392,96,97,50,6
6.1590408379311485,98,99,54,7
3.9583173070688082,98,99,41,2
1.0476893152421705,98,99,51,4
5.9753425946730339,96,97,44,4
2.9897084771196254,96,97,54,0
2.1188414645173501,100,101,55,3
4.4489419923335269,98,99,45,0
3.1090039176217061,100,101,51,5
2.8266118037823880,100,101,55,3
0.1467032894577285,100,101,55,3
2.0239771187040314,100,100,51,3
1.2251171811721751,100,101,52,0
3.6487329217805828,100,101,52,4
2.0411320261111721,98,99,61,2
2.1493152399509161,96,96,51,3
3.5615762969167113,100,100,55,1
0.2423130093004544,100,101,62,4
1.9732714888017879,100,100,60,2
3.3660416910056585,98,99,53,4
5.5546220600452036,94,95,57,4
0.7893926772892356,98,98,54,5
0.1872726551263676,100,101,51,7
6.2367371416714077,100,100,58,4
4.2041474073491125,102,103,55,4
5.8760808487473080,100,100,57,3
5.6792518447193059,100,100,51,3
1.6804701579612824,98,98,52,5
1.5223880173610662,98,98,53,0
5.5179757547548745,100,101,49,1
4.1010117870582565,100,101,55,3
4.5791893285071019,100,101,51,5
5.2483323749321213,92,92,52,6
3.5882630072114696,94,95,46,7
6.2647641450709353,98,99,40,1
5.0209496754615417,98,99,60,3
3.1381240213566390,100,101,47,7
5.6471656740263620,98,98,46,7
3.2126493819441859,98,99,50,5
3.3874673387098833,96,97,49,7
3.6985830800762263,100,100,50,6
0.4757894058344002,100,100,46,2
2.2087201282581579,98,99,44,7
0.1953965444865363,100,101,46,0
1.6047877934439345,100,101,53,5
4.8572729300682802,98,99,54,3
1.8990976897979079,98,99,47,0
2.0832671610078872,100,100,50,6
5.8433904719931853,98,98,45,0
4.2653823776377982,98,99,50,3
5.6246149689989577,100,100,55,5
2.9521006172659408,98,99,52,5
3.4423921198984919,98,99,50,3
0.5346506127406970,102,103,50,7
3.1004906617334376,94,95,49,4
5.3707393333323603,98,98,64,1
2.1313428160368213,94,95,47,6
4.4279759973351753,98,98,48,7
4.0607318021717758,96,96,41,1
4.4096491071363895,98,98,45,4
0.7020629427651540,98,99,40,1
5.0326767648607191,98,99,52,3
0.1907771562082287,98,99,46,5
4.1338919288172793,100,101,55,3
0.0932686644015256,100,101,49,3
2.2353794671396159,100,100,44,0
5.2786720544698698,98,99,49,0
5.1958249457366019,100,100,47,3
4.5946054739803195,100,101,50,2
3.2144346215169208,98,99,46,7
1.2705749008761058,100,101,61,5
3.7231913874441962,100,100,56,2
1.2454416611977159,100,101,51,1
3.3683042934662595,98,99,53,6
3.8446180019201761,100,101,57,7
1.0611631394186305,92,92,45,3
3.4399088100281130,98,98,58,7
3.5691110830379218,94,94,51,6
0.9103982458042401,98,98,60,3
2.7671374850471491,100,101,47,7
0.1805120700454169,102,103,46,5
3.4934629344037202,98,99,54,5
4.8053813800208047,100,100,56,2
1.4033545484891172,98,99,52,1
5.1591452079821760,98,98,52,3
3.5391043351094118,100,101,54,0
4.6539891820862289,100,100,55,3
1.6172772973755773,96,97,51,3
4.9269852413180537,98,99,45,4
2.3705030568162515,98,99,44,5
0.3410914314896655,98,99,60,5
5.3889428643287518,94,95,50,3
2.3411052054048431,100,100,58,0
0.2828764737196059,98,99,56,3
3.0596629030663687,96,96,52,6
3.8574985877902943,100,101,52,2
5.3619441297806727,104,105,63,5
1.7819776036664796,100,100,48,0
1.1856004377590288,100,100,44,2
5.4764758645566332,98,99,51,4
2.1933084891443739,98,99,47,4
4.8822136578115156,96,97,55,3
0.2961024315197756,98,99,61,4
6.0376895938042088,96,97,47,3
1.5576506499025569,100,100,48,2
5.7877492543106079,98,98,49,0
5.9616715057734648,96,96,43,5
0.2769732801322173,100,101,51,7
3.5191000090855251,100,101,50,6
3.0671952630119268,100,101,63,7
5.9465460430852692,98,99,50,5
4.9309213230942452,96,97,41,7
4.0028860493565777,98,98,46,1
3.7310706300610503,100,101,48,2
1.4824826955581563,100,101,41,3
4.3133336600087091,98,99,48,5
1.7866887004037899,100,101,43,1
3.5398777400499877,98,99,49,0
1.8729274070973170,100,100,48,6
5.0807204153816707,100,101,48,6
3.6786982726055251,100,100,52,4
0.5292084739614554,100,100,51,7
1.5834451015673272,100,101,58,4
1.5950684793060559,100,100,59,1
2.0437110572928607,96,97,62,6
3.2133236423214164,100,101,58,2
2.7818753668447096,102,103,51,0
0.5848713037152571,100,101,52,2
5.2156320375422762,98,99,58,1
5.3334378310223132,96,96,48,6
4.0713780066887635,98,98,50,3
3.0216761178156490,96,97,39,1
3.4998245164128026,102,102,51,4
5.0886169727528561,100,101,45,5
2.1981680628002271,98,98,45,2
3.8246078984255489,98,99,50,5
6.2012700742101785,100,101,55,1
5.2390326853829325,98,99,51,2
2.9571660381446350,100,101,52,2
0.4626469835672575,98,98,44,7
3.2704047269038723,100,100,52,2
4.3941886557555803,100,101,47,5
3.2438758473109695,100,100,50,0
5.9866819998324310,98,99,51,4
2.2911189317942329,100,101,45,3
1.7181788739718979,100,101,48,4
3.1612756596312579,98,98,50,3
3.6439480350722846,94,94,48,1
2.9618060840022689,96,97,50,0
2.9665232960875008,98,99,51,4
1.2787481762836752,100,101,56,2
5.9335017680958133,100,100,61,1
5.8570759690068996,100,101,55,3
3.5843068530369950,100,101,52,6
1.7265341716884792,102,102,48,3
3.8645239483385572,98,99,48,1
1.4804292681481257,98,98,59,0
5.3528351686454556,96,96,55,7
2.9068582195354580,98,99,48,5
4.7641004318686058,92,93,47,3
4.3293238295835739,96,97,46,0
4.1544471525810112,100,101,42,0
0.3119824203228779,96,96,53,3
0.6078987379050873,98,99,53,4
2.0501659295309693,100,100,45,7
4.5905282003263892,98,99,48,7
1.1967062884606456,100,100,51,3
4.1957549318608258,98,99,54,7
5.5834659582793948,96,97,44,4
5.1418843351562646,100,101,48,0
0.8066904810321912,98,98,45,2
3.0114145865992850,94,94,51,6
2.5818264073434065,98,99,53,0
2.2956026457506775,100,101,47,5
0.1886225291010361,96,97,49,7
5.2875285489604869,100,101,53,5
5.7618170929687524,98,98,56,7
1.9004339040756273,98,99,53,4
5.7340654456393301,94,95,50,3
4.8916180670699712,98,99,48,3
4.1873350473318069,100,101,61,1
1.6908692486833452,100,100,53,3
2.9272801867037779,98,99,56,5
1.9584577524686628,96,97,53,7
0.1194577734771903,98,99,56,5
4.1226491240347931,102,102,46,7
0.5615825250282320,98,99,53,4
4.6082381345082082,100,101,51,5
1.4535576368540473,100,100,47,3
2.8321178966662255,100,100,64,4
2.5984124243562454,102,102,51,4
2.1965294033756777,98,98,56,3
1.5853049949127789,98,99,52,1
5.0966171115890511,102,103,63,0
1.8595573297756620,100,100,52,4
4.8979140501869001,100,100,41,1
3.0827937490360822,98,99,50,7
3.2697185606934642,98,99,44,7
5.4862672623541213,96,96,60,2
5.2081737049927028,100,101,52,0
3.3104779517663729,100,100,54,6
3.5660120705127061,102,103,52,5
2.2957258739605475,100,100,44,6
2.4563831176160851,98,99,57,2
0.6884428887222899,100,101,51,1
0.7479107899162425,100,100,46,0
2.0807497653982412,100,101,44,2
6.1325625599513849,98,99,44,3
1.5880706252412169,98,99,54,1
2.7012095788110901,98,99,41,2
5.0106094071857141,98,98,52,1
1.9424214520304268,96,96,51,5
6.1600768498318272,100,101,50,2
0.2015746239887155,100,101,38,0
2.1609980336701646,100,101,59,1
2.9266525110314467,100,101,41,1
5.8724546763980543,98,98,49,2
6.0603753515402312,102,103,54,1
1.1830428217145945,98,99,48,3
4.0263879887779268,98,99,42,1
2.6419304845143059,98,98,46,3
3.3624234670537532,98,99,46,5
4.7953216151935276,96,96,46,0
0.1414677726792695,98,99,50,3
0.2480389024566322,98,99,49,4
1.8557375625399597,98,99,56,3
1.2007164845846237,100,100,53,7
3.0431472095212984,100,100,54,6
3.7953557945439655,100,100,53,5
1.6060605491679567,100,100,54,6
1.5193421334891379,98,99,48,7
3.6016071595589150,96,97,51,1
5.5962145774340035,94,95,53,4
0.1878941777621251,98,99,45,2
2.2237338484680929,98,99,45,2
4.8523973217564720,98,98,59,4
3.5701613242828794,100,101,57,1
1.9684119877622344,100,100,53,3
3.9959376459830822,96,97,52,2
0.0275554512114286,102,103,46,5
5.1014373216151725,100,101,54,6
3.7683246520327933,96,97,48,0
5.3138663027340849,100,100,63,3
4.8616893761319675,96,97,48,2
0.8817521761076101,98,98,52,5
5.1769210024973953,98,98,50,5
4.4693093802416763,100,100,53,5
5.0156572831315129,98,99,52,7
4.2118324858811604,100,101,55,1
0.0781760512943293,100,100,45,3
2.7235251215967837,100,101,44,0
4.6470433584132440,102,102,53,2
3.7664517996617684,100,100,45,1
1.0950692326165921,96,96,48,0
5.9406089246136045,102,103,49,2
3.8357215395478872,102,103,53,4
3.6854362356571131,100,100,52,0
0.3837850406107562,96,97,57,1
6.0904525538365242,96,97,47,3
5.9299753023658948,96,97,40,2
0.1714331109391059,98,99,50,3
3.7963148205429293,98,99,56,7
2.3825881746745674,96,97,52,6
1.4299247988569348,100,100,50,0
0.7102830021505172,84,84,40,4
1.0561877176471637,100,101,45,3
0.1868298789799546,102,102,57,2
1.8734040552554221,100,100,52,2
5.0588029108402273,102,103,45,4
1.4953876344985559,94,95,49,6
2.4100939695134800,98,99,56,7
3.5184448938896606,96,97,50,6
4.6961175369909043,98,99,54,7
2.9226443057568234,100,101,51,3
3.7324266274969364,104,104,53,3
2.3235431433254066,100,101,51,7
2.4599307071345962,98,99,37,0
3.2259197597383760,96,97,47,7
0.2944899941713203,98,99,51,2
5.9854452861568204,102,103,56,5
1.6959111909542364,98,99,55,4
4.8105850335838163,100,101,61,5
2.1942010352540731,100,100,48,0
0.7120843470121784,98,99,60,7
0.4706450591608627,98,98,54,7
4.1384402171612553,98,99,49,6
4.8890170457058870,100,101,55,1
4.0420625905217467,100,100,53,7
1.1570315551008565,96,96,50,4
3.2657453034956849,100,100,54,2
6.0836590932374657,98,99,59,4
2.5738353313620852,98,99,50,5
2.1288932386666604,98,99,50,5
5.8797421833256411,98,99,57,6
3.6270738048348590,100,100,52,2
3.0729680812509486,106,107,46,3
2.0145500495566857,100,100,54,0
6.1887745076068112,100,101,53,1
4.2292549460038185,96,97,51,3
2.3511886295443993,96,96,49,7
4.0131552147807854,100,101,52,0
2.1876375165906183,100,101,60,4
6.0159398856147916,100,101,52,2
0.0214714344583519,98,99,52,3
1.3166262293574791,100,101,52,4
3.9673059632065448,98,98,53,2
5.9090814805165071,98,99,47,2
0.3651996427472557,100,101,46,4
4.7084083111399924,98,99,48,7
1.6261488725587550,102,103,54,3
2.6203745140075330,98,98,56,3
3.1832414817943824,100,100,52,6
4.0122532948792049,98,99,48,3
1.1428879128269753,96,97,67,5
4.8021112521707634,98,99,47,0
3.0503939843634482,96,96,43,7
0.2916919978857637,96,96,57,1
3.5247362682174281,98,98,55,4
0.8651611506735287,98,99,58,5
3.2543000979578753,100,100,41,7
0.5135450912791495,94,95,46,3
3.2102537978765384,98,98,48,5
5.3204920058291796,98,98,55,6
2.7351708782676805,98,99,49,4
3.2126819879053787,98,98,47,6
2.4969229136854958,100,101,51,1
1.3181370646924166,100,100,49,1
3.6500007137219361,96,96,43,7
0.4865968658859349,102,103,47,2
1.4485570770700600,96,97,60,6
5.9255579648386920,100,100,54,6
5.5986599340350409,98,99,49,6
0.5129755702066351,98,98,40,5
3.9278437124746239,100,101,55,3
6.0041972317410304,94,95,57,6
5.5716538020908830,100,100,44,6
5.7974860507577164,102,102,55,4
3.1779491567715046,102,103,52,3
0.5619597370031757,96,97,49,1
5.9979871909536122,102,102,46,3
1.9830883768506415,98,98,51,0
5.5870394223020563,100,101,53,7
4.3756781803101363,100,101,59,1
5.5267430878982822,100,101,54,2
0.6390136725599092,100,101,51,3
4.0260989796957931,98,98,57,4
3.6368398308193552,96,97,44,6
4.2308874286199778,98,98,49,0
0.1803681536502812,96,97,50,6
6.0503905129487672,98,98,48,7
0.1203501542776967,98,99,54,7
3.3898503932163684,96,96,50,6
2.4741512420880238,92,92,48,0
5.1446596514381282,98,99,51,4
4.6775319648197176,98,99,55,0
0.7017995981565900,94,95,52,7
3.9475525064580643,100,100,52,6
0.3743822760386156,96,97,48,0
3.6195332797891702,102,103,57,4
1.9646983515874987,100,101,42,4
3.8045244970980088,98,99,44,3
0.1100204286046282,100,101,43,5
2.4768925170352416,98,99,49,0
1.8241733146695855,100,101,58,2
0.9608382277920762,100,100,53,5
4.6534834762149586,100,100,47,1
5.8557834800946029,98,99,49,6
0.4179223084119677,100,100,49,3
5.4930068290053375,100,101,63,5
2.3693669188484088,96,96,46,4
5.5896263668981847,98,99,37,0
1.0475440402521572,98,99,47,2
2.4857943403465081,98,99,54,5
4.9710020826320092,98,99,56,7
0.0276236636155009,100,101,53,7
2.8921638880784291,98,99,49,6
4.5128145985762131,100,101,58,0
1.5398460710103381,102,103,52,1
2.8765093072044552,98,99,47,6
2.9696010391450494,98,98,57,0
1.5514124165917333,100,101,59,7
4.5626073752954310,98,99,57,6
2.2715450781279882,98,99,47,4
5.3753042598439373,100,101,46,0
3.7512345841526917,94,94,46,1
1.2265532816418303,98,98,48,1
5.4885201418521161,98,99,50,3
2.4974512334416907,100,101,57,3
3.9470128409532461,94,95,50,7
4.5253142050918340,100,100,51,7
3.9469440632336332,96,97,47,1
2.5317662367658107,100,100,49,3
4.0488787855001940,98,99,51,0
2.3543854945378051,98,99,47,4
4.0848229270929242,100,101,51,1
3.6161623710385062,98,99,56,1
0.8518017275443837,98,99,52,7
4.5923504101972616,100,100,43,3
0.0725644636052867,100,101,62,2
0.4911269283525257,100,100,54,2
2.6508533686275322,100,101,69,5
1.5143514053766371,96,97,45,5
6.1322608866245716,100,100,52,4
4.6563845019955199,100,101,56,6
0.5354488780628133,98,98,53,2
5.7311573627377808,102,103,60,7
6.0909620102765496,98,98,54,5
2.2394091555259230,98,99,55,4
0.8813385317082835,98,98,53,0
5.1773638580650951,98,98,48,3
4.6714558738107756,100,101,50,4
4.6540620383403288,98,99,56,5
1.6301417061501875,98,99,50,1
1.1213550093374027,96,97,48,0
4.4263372293135763,98,99,51,2
3.1172811274768528,100,101,55,1
1.1237816693640790,98,99,67,4
3.4764848691923440,102,102,49,0
0.9724610240484853,100,101,56,2
6.0087427524099342,98,99,64,1
3.5684980776222037,96,96,43,1
4.9633518434449488,98,98,58,3
0.0910613194414243,98,99,53,4
2.7666539799456458,100,101,47,1
5.1117336971305516,96,97,36,0
2.2022520035291708,98,99,55,4
1.8090764697265982,96,96,59,7
0.4243611995668244,98,99,58,7
3.2603635167836016,98,99,48,5
3.6448951271764152,98,99,52,3
1.1101095407927832,98,99,49,4
5.2185541846624695,98,98,43,4
1.9250845767808618,100,101,45,7
2.7681734539913614,98,99,54,5
1.9325378891091292,98,99,45,6
6.2287308875396450,96,96,43,7
6.2104170212325762,100,101,54,0
5.8790415903738875,100,101,48,0
1.3005758707894692,96,97,60,0
2.8604440131550550,98,99,49,4
4.7521242997021105,98,98,52,5
5.9754896340020300,100,100,57,5
1.1377253915578529,94,94,52,3
1.1806077722578627,94,94,51,4
2.5032058625421874,98,99,47,0
4.3922035912985891,98,99,54,1
2.4581506007974308,96,97,42,0
3.9899929674443175,100,100,54,4
2.3949155065982128,94,95,49,4
4.2608708745279298,98,99,64,3
4.0183315775322495,96,97,43,3
5.4741110678664482,98,98,48,5
0.1289695688311357,102,103,53,2
2.5488852706559841,100,100,45,5
5.5205989399595916,98,99,44,1
4.0312217442773761,100,101,47,7
1.6957037223311238,98,99,49,2
1.1093471294507098,98,98,51,0
1.5315798805421494,100,101,51,5
3.6731186674537244,98,98,58,7
5.4529239384735231,100,101,50,6
1.9030976405793703,100,100,57,1
2.7884362039608299,100,101,51,1
2.8068609630519781,94,94,55,6
1.9192361612973341,98,99,55,0
5.6558231329530564,100,101,59,5
1.0922684637671680,102,103,49,6
5.0790107925917809,96,97,52,6
2.8708612775185376,94,95,55,6
0.5375853129971508,100,100,56,2
1.4268110944733337,100,101,61,3
0.2330492910268397,100,101,54,6
2.6755091795420385,96,96,55,3
2.9124145189566710,100,101,52,0
0.9173973427052555,98,99,40,3
3.1399348186939777,100,101,45,3
2.7444353748364270,98,98,45,4
2.7692351477451931,92,92,50,0
0.6356761823482550,98,99,44,7
3.8240771069867847,100,100,52,6
2.1327088099698877,98,99,56,5
5.2042943717645880,104,105,54,4
2.4870605442782749,98,98,52,1
4.9295478646498632,100,101,60,6
0.3705599939316577,98,98,37,0
0.6365222462651740,100,101,59,1
2.7863760405525921,96,97,52,2
1.8950459621737978,100,101,56,2
0.9477605215619234,94,94,46,7
1.1744115014065486,98,99,59,2
5.8346201333493974,100,100,51,7
1.9410734057897194,98,99,53,0
0.6927089694138472,98,99,47,2
1.8650010363712273,100,100,47,5
3.7107367337138357,94,95,50,1
4.7420527508812871,100,100,52,4
5.4707132268142020,102,103,62,1
2.2869614070553448,100,101,57,7
5.3673231969538167,98,99,39,2
1.2910271195968073,96,97,48,4
2.8555728516844829,98,98,59,4
0.5896268557200158,98,99,47,4
2.7497303795884909,100,101,45,7
0.8028206697150539,98,98,45,4
4.2907489325585262,100,101,44,6
4.9977879065922535,100,101,62,4
2.2482918008277837,98,98,55,4
5.0412699313557932,100,100,57,3
2.2803582495863672,96,97,48,0
1.0951128493058702,98,98,48,3
0.9847701626313554,94,95,54,3
1.5731058190007119,100,101,49,3
5.3788365955843389,100,101,50,4
0.8494468036154585,100,101,61,3
2.3025382915809147,100,101,55,7
2.8140632908462018,100,101,45,1
0.0705604891787282,94,95,46,7
4.0186326528230225,100,100,61,3
1.1923063252343007,100,100,56,6
2.9877789986117236,100,101,54,4
1.6882531105533320,94,94,46,3
5.5385131499711280,100,101,60,6
3.9877958117107708,98,99,48,5
2.5701260952098868,98,99,54,3
6.0925721883166188,102,103,59,4
1.1092733127342946,98,98,46,7
2.3249052312969245,100,100,55,3
0.7941908017154107,98,99,41,2
3.5531615269610284,100,101,41,7
3.4473658711025807,94,95,51,0
2.0104065444549484,98,99,52,5
2.6926964829275737,98,99,48,1
6.0651572540669463,100,101,47,5
5.8929294933481025,100,101,50,2
5.5109285066021929,100,100,43,1
3.6565555940863246,100,100,58,2
1.2834793745922308,100,100,46,4
5.4398003661581313,98,98,42,5
3.8729473446472200,100,101,46,6
2.6060033588375067,100,101,54,4
4.3237931102538720,98,99,42,5
1.3278433086300954,98,98,51,4
1.0951730303285294,98,98,46,3
4.7294873610630219,98,98,57,4
1.6242184963653428,98,99,44,3
5.4859181941002353,98,98,48,7
2.8773432388486579,98,99,57,0
4.0872621112129073,96,97,51,7
2.9569507948517937,98,99,50,1
3.0640323536401928,100,100,58,4
5.6164247305602180,102,102,53,2
0.5364015528795445,100,100,50,0
0.8565457810852857,96,97,62,6
2.4116136062104818,100,100,49,1
2.2923095321406155,98,99,59,0
4.2149089769696779,100,100,52,4
2.5323200202138065,96,96,50,0
5.0803249210724370,98,99,50,5
0.8047931969429375,100,101,38,2
0.3026750452865463,96,97,52,0
0.6329480030333546,94,94,45,0
1.6120737048170222,98,98,44,5
5.0228772659568346,100,101,55,3
5.3938839507508458,100,100,51,1
1.3239733064522974,100,100,51,5
0.5290695321295557,98,98,36,7
1.1571141809430616,100,101,63,7
1.3428458468362012,98,99,60,3
4.1816971744491944,100,101,44,0
0.4441014043734045,100,101,53,5
0.9072509720026318,98,98,49,2
0.0148337396759539,102,102,50,3
0.4833205274757648,98,99,63,2
0.5334296664239089,98,98,53,4
0.6642238453217212,100,101,59,5
1.5191679622617384,100,101,51,1
6.1710533303421684,100,101,51,5
4.4474791593527527,100,101,55,5
4.2645016071015345,98,98,57,2
1.1810392382213748,98,98,54,1
3.7464856343408948,96,97,44,2
2.3637023271056652,96,97,51,5
3.4617777951020270,102,103,46,5
0.4140020746544902,96,97,50,0
5.0907867831560827,98,99,52,5
5.3892778949012863,98,98,57,2
3.6933298708717590,100,101,62,2
2.8908624158962417,98,98,50,3
5.1504495827862034,98,98,53,4
2.2913794514373436,100,101,55,3
3.0835357685598264,96,97,49,1
4.6089590741991913,98,98,52,5
1.2770610463211503,98,98,57,2
1.3547518525923596,98,98,52,5
2.2190468843901696,98,99,50,3
0.3861278391221704,94,94,47,0
2.6138704102751631,100,101,51,5
1.2249673849495240,94,95,57,0
3.9957371869738547,100,101,60,4
2.1247020646336923,98,99,51,6
3.7610241419049517,100,101,55,3
3.7792728842476988,98,99,54,3
4.3149665955335594,96,97,47,5
4.8936218453991760,96,97,54,6
1.6670288192187837,102,102,51,2
4.3926523121087779,98,99,68,3
3.4091474282396259,100,100,50,0
3.5986822337897144,98,99,50,7
5.7988245616305001,98,99,48,5
4.1862636906773876,102,102,59,0
0.6525470308268218,100,100,55,3
4.8931331436404841,98,99,56,5
3.8632263374103428,100,100,54,6
3.5749595146523281,98,99,47,4
4.3374053863476414,94,94,48,5
4.2657630038926362,100,100,49,3
2.7992310124925011,100,101,50,2
5.5176322901468069,96,97,37,1
5.9288276386097838,100,100,41,3
4.5585533711352300,100,101,56,2
4.2242140201325640,102,103,48,1
2.3139914302672606,100,101,45,1
2.4921904513958042,100,100,53,3
0.7254394995606297,100,101,47,5
5.1643970191069641,100,101,41,5
5.6624898560136563,96,96,49,1
2.6831259729524510,100,100,54,6
6.0136106857248981,96,96,53,1
2.4560317675390055,96,96,46,6
6.1605535435817913,98,98,55,0
5.7792603857903737,94,94,57,4
1.4437177724500916,94,95,43,2
1.3501345929907578,100,101,50,2
6.1265513560851401,98,98,41,4
4.5422390023480412,96,97,56,4
6.0375561621143587,98,99,55,6
4.3108344314076374,98,98,45,0
4.2938513329657955,102,102,54,3
1.6086773005879083,100,101,40,0
1.6483903916530489,98,99,41,4
5.8530333792558844,98,99,55,2
3.0410802847645408,100,101,51,7
0.2195283361069222,96,97,48,2
4.6907456249856336,98,99,49,2
4.2538337172184528,102,102,48,3
2.9861208811304403,102,103,57,6
5.3438672799230096,100,100,58,2
4.0710346953166896,100,100,57,3
2.3217674234875179,100,100,47,1
1.4971535248435595,100,101,61,5
1.6575092368287729,100,101,49,7
2.9390630887599873,100,100,61,7
3.8404655780410941,98,99,45,2
4.5302720783404151,96,97,37,3
2.1232671714736546,100,101,43,3
0.9087244214346820,98,98,54,5
1.4065426930995035,100,101,51,3
1.4066658602463578,98,98,49,0
1.7779509945057315,98,99,48,7
5.2219194623019964,102,102,55,2
4.1320187385306619,100,100,58,2
4.4320210612873980,102,103,57,6
4.3937894735299272,94,94,47,4
1.7593366068227738,96,97,51,5
1.4318155003339088,96,97,53,3
0.4346117559664788,98,98,49,0
3.7287623363666422,102,103,55,4
3.0981867980535944,98,99,48,1
4.0244641973130069,100,100,56,2
1.9304992107692978,98,99,51,2
2.2377605988328098,96,96,44,4
5.9410432813875440,96,97,45,7
2.0203122017650865,98,99,53,0
2.5647708816110959,100,100,56,6
5.5548992199250122,98,99,62,7
5.2623931043241168,100,101,51,7
0.9243236150465047,98,98,43,6
2.6393846123693199,98,98,43,2
4.9666739032118992,98,98,57,2
4.8701898102772843,100,101,51,7
5.5344501844868157,98,99,54,7
0.9889048318161349,96,97,45,3
3.6683901187139676,100,100,50,2
3.6704347960834336,98,98,47,4
3.1918080014839880,94,94,51,0
2.2132652173706484,98,99,58,3
0.2439690182601996,100,101,46,0
2.6587825447712725,100,101,49,7
2.1239965713642559,96,97,59,7
4.1051638668023021,96,97,57,7
3.8943468494417588,100,101,61,3
4.1620356025779905,96,97,52,2
1.8343878436952521,98,99,53,4
0.5420594515160635,100,101,59,1
5.5801076960646281,98,99,51,6
0.4023650356217200,100,101,51,5
1.0461853372689660,100,101,53,5
3.9347459861323157,98,98,48,1
0.0938546417793270,98,99,53,0
5.4446157896165648,96,97,42,6
0.0143215451712912,100,101,55,3
1.3004081424317959,98,98,58,1
2.2256365857011216,98,99,50,1
3.5980365935634628,96,97,48,4
0.1009516866757654,100,100,57,1
4.7931146706337442,100,100,50,6
1.0026235002934565,100,101,56,6
4.9198859005363182,100,101,55,7
5.3192868365213366,98,98,46,5
3.9738752817441947,88,89,51,7
3.8059112764493013,100,101,56,0
3.3260923889420582,100,101,54,0
6.2653311025947094,98,98,37,4
5.5659880348044011,98,98,55,4
0.1542317601505100,100,100,51,5
1.8169066161706842,96,97,42,0
1.2505473295579883,100,101,52,2
3.2740760625825973,100,101,48,6
2.3169089128614919,100,100,52,6
5.1026097622929827,98,99,49,6
0.7501558570192799,98,99,53,2
5.3162279990392829,100,100,48,0
4.7994147761159605,96,97,51,1
2.5591984190130237,96,97,49,1
1.8404127644655197,98,99,47,6
6.0203811311316455,100,100,52,6
5.1650483096859015,94,95,48,3
1.0501545434597563,102,102,50,7
4.8062091109096210,96,97,49,1
4.6481519804424947,98,99,49,6
0.8430344167961121,96,97,56,6
2.3356576543660625,100,100,53,1
2.6965338185575383,98,98,50,7
2.0513467479973015,98,99,54,3
2.6579842464567265,100,101,46,4
5.8497558274846364,98,99,50,5
1.3019809442745196,98,98,52,7
2.1747685692558205,98,98,43,0
4.2989566121999392,100,100,55,7
1.7665386082351999,98,99,43,6
1.3657746509787907,96,97,44,6
6.2514126186089927,98,98,48,7
0.3830965390014451,96,97,54,0
2.8486654378195477,100,101,51,5
6.1654001915063166,100,100,46,2
5.2151455462927645,98,98,52,7
1.7713843938392038,100,101,53,7
3.7988628095924364,98,99,53,4
4.0541801568576279,94,95,60,3
2.8071306157787221,98,98,44,7
6.2383125531059012,98,99,50,3
0.9873943416212664,98,99,58,5
3.6101328267438633,98,99,49,0
3.0351592189821619,102,103,53,0
5.0008153808892715,100,100,56,2
3.8915488087509438,98,98,45,2
0.3134935074539826,100,100,41,1
4.5746413370346524,98,98,51,4
1.2295541371463283,98,99,50,7
0.4805607679001717,96,97,57,7
6.2644058769082820,98,98,51,0
4.3874507396939411,100,101,51,7
1.0544216768221832,98,98,52,1
4.8526525470447748,98,98,51,2
5.7628976064673925,100,100,41,7
4.7341830944514083,102,103,59,4
5.9088759084135152,100,101,52,2
2.7636995065868444,100,101,58,0
4.6991400313928420,98,99,44,1
0.1669221807705843,100,101,51,5
1.9227436631705246,100,101,53,3
5.8135157811492206,100,101,54,0
4.0023407680159666,96,97,54,0
0.1999815860940221,100,101,46,0
3.6211946437052496,98,98,46,5
5.6954748077836390,100,101,57,3
2.0357762762624980,98,99,39,0
1.9074741646123028,96,97,54,0
2.8868540973246564,98,99,55,4
4.7939427976333420,100,100,44,2
2.9428680639568885,98,98,62,5
4.7396849260092830,100,101,53,1
0.2903895990837502,100,101,52,4
0.1113032503722804,98,98,40,1
5.1461527096888693,94,95,58,1
0.7276615691122411,102,103,50,7
1.6942856374222699,98,99,57,6
1.0749184211208789,96,96,54,0
0.8677187448382940,100,100,52,4
3.2321259226916719,100,101,50,2
5.3203268900416720,98,98,45,2
4.9630262567606831,102,103,53,6
1.9732898400628698,100,100,55,3
2.9337405369638994,98,99,56,5
2.1920101162439609,96,96,59,7
4.9218589041965259,98,98,53,2
0.7634004840862806,100,101,47,7
2.1621942559117482,100,101,55,5
4.7700491387902346,100,101,51,1
1.1933026339575603,98,98,52,1
1.9343220884953827,98,99,56,7
5.2571969606957918,98,99,47,4
3.9836537398712459,98,98,52,1
1.4710913682329101,100,100,56,4
1.1768360966855318,98,99,51,2
3.0857505418998645,96,97,48,4
1.0773265649326342,100,100,56,6
1.5870439869473627,98,99,54,1
5.3473099657740777,100,101,51,5
1.6896216973396014,98,99,46,1
3.3661108107129936,100,101,42,6
3.7144318518795454,100,100,57,5
1.9434731542326851,98,98,54,1
6.0977182965188064,102,102,54,1
5.3946339324589809,98,99,51,2
3.1954781327908299,100,101,55,1
5.8775321652632408,96,96,55,1
1.0797904484405001,94,95,48,1
5.6951536345528373,100,101,47,3
2.5879430948342486,98,99,51,6
0.2360833848285243,102,102,51,2
1.2588526116605139,100,100,62,0
1.1482596335470707,98,99,52,7
0.4773423779782313,98,99,60,3
0.9364794079310802,100,101,48,6
3.5766014655402705,96,97,52,2
0.5713847009222145,100,101,63,1
5.6357757307551788,100,101,43,1
2.3045154559398600,98,99,50,7
1.7418569194268945,100,101,51,5
1.4523311109994932,100,101,62,0
0.5469798877991263,98,99,57,2
3.1549611114067955,94,95,48,7
1.6603480029286992,96,97,50,6
1.5475757817163323,100,100,55,7
6.1435566808501063,98,99,50,5
4.0220822913620440,100,101,47,5
3.1235568151800828,94,94,43,2
1.4584021603969797,94,95,45,0
4.6487087578667463,100,101,53,3
1.0989478207992183,100,100,56,4
4.0992430068547190,96,97,45,5
4.8666816791167076,96,97,54,0
0.2891835551444552,98,99,54,7
4.3822190344011718,100,101,47,7
2.7091722129750777,100,101,58,2
4.5621884750270318,96,97,50,0
0.4118008562069893,94,95,50,3
3.8907858328777114,94,94,55,4
3.7239433956470616,94,95,54,5
2.1693899904066067,100,101,52,0
3.3770916820483889,100,101,52,0
3.1328348773507639,100,100,52,6
4.7131711312571376,100,101,49,3
4.4051443804522687,102,103,51,6
5.4653953652824425,92,93,44,6
0.6381210546817486,100,101,56,4
3.3408372127027621,98,98,52,1
2.9788834018344139,100,100,46,4
5.5791076853163828,98,99,49,4
4.5861477175473429,100,100,48,6
3.3955912721414769,92,93,43,7
4.9160162664843492,100,101,47,1
1.6575979038130559,98,99,53,2
4.4704058481762159,100,100,49,3
4.0487376666267192,100,101,54,4
5.2539246241533659,98,99,48,7
0.7490246540657627,100,101,53,1
1.0893182503795944,100,101,54,0
4.9381874287231611,100,101,46,6
1.7993619300342156,100,100,43,5
3.3433033936677830,100,101,58,2
0.2581052175470227,98,99,53,0
1.2088773905274985,98,99,57,4
2.1638394831468943,96,97,50,2
0.4783437080909541,100,101,55,7
5.1817990668690852,98,99,57,4
3.1583877956457966,98,99,52,1
3.9018962294276665,98,99,58,3
1.9325504003934817,92,92,53,7
1.6512629357908493,100,101,59,3
3.2646000054750974,100,101,52,6
3.0913320715312964,100,101,52,0
5.8531654725754150,100,100,52,2
3.9744947905499388,98,98,61,6
4.8587205915756977,98,99,52,5
5.5668396719380402,98,99,48,7
4.2806418805941062,100,101,52,2
4.3032018477494622,100,101,42,6
5.3909406443729759,98,98,43,4
1.7310769697551431,100,100,45,3
0.1702698626504036,96,97,61,3
3.7924126635413762,100,101,53,7
0.8308650346690937,98,98,52,5
4.9253691154246191,98,99,50,1
6.2307588711200905,98,98,60,7
2.0779513644770264,100,101,51,1
2.1292764098443255,98,99,52,7
2.6365710257004600,102,102,62,1
5.7409580270876770,100,101,50,6
3.0568455114158097,94,95,40,7
5.4948812168193344,98,98,55,2
3.2087437300363786,100,101,57,5
6.0183972721895636,100,100,57,5
4.1268279203977105,98,99,56,5
0.6822827589608810,100,101,57,7
3.7646827775626472,96,97,45,1
5.9289923651311103,98,99,49,0
2.8787994043873208,96,97,49,5
4.0810669682741878,98,98,52,1
5.5674745821003890,96,97,44,0
4.5877670026461050,98,98,56,3
5.1988869569884848,100,101,52,0
5.1216050376672229,98,98,53,6
3.3538449178545586,100,101,47,3
2.0658127757365650,100,100,54,4
5.4153979436444333,96,97,50,4
1.0490410222535063,100,100,56,2
3.8829581019884074,98,99,54,1
4.5220317315427003,100,100,50,6
3.8247481541212616,98,99,42,1
1.8781487470838496,98,99,53,6
0.3928454945469103,100,101,41,1
0.3984906007970329,100,101,56,0
5.3275232751341335,100,101,50,4
4.7657623641011222,100,101,58,6
2.2269622627413970,98,99,42,1
3.0678527946924561,98,99,48,5
4.2315947533030762,100,100,56,6
3.9584460699862953,94,95,45,0
5.9854408550691405,98,99,42,1
2.7850590034379623,98,99,57,0
5.1362942682681343,100,101,54,0
3.5772826436017904,98,98,53,0
0.6549145369957141,100,101,49,3
2.9466816184399209,100,101,44,4
3.2509427437339102,100,100,46,2
1.8442875756083033,98,99,58,5
2.9220061263422741,94,94,41,4
1.6763994906702908,96,97,52,6
1.2690102281354887,100,101,45,5
4.2158984605701795,100,101,50,0
4.2959948158052290,94,95,50,1
3.2556215464539089,98,99,51,0
2.5537833514175281,100,101,60,6
0.6099891075171037,98,99,48,1
3.5425942641351371,94,95,53,6
1.2004952598826064,98,98,50,5
5.2582904733663707,96,97,44,2
5.1041580850292698,96,96,47,1
2.3379296522788859,100,101,48,0
2.3448947452037072,98,98,43,2
2.7903543500210599,98,99,47,4
1.2294473708249420,100,101,49,1
2.1771868245421944,96,97,51,7
3.9965902294466278,100,101,50,0
2.0910941701231156,96,97,51,5
5.2878460780024925,102,103,48,7
5.3916266721992008,94,95,49,6
3.2732943839267139,98,99,59,0
2.2423340290645251,94,95,49,4
6.0500320064900013,96,96,48,2
5.5969377577488055,98,99,50,5
2.7423648497397233,100,101,53,5
3.1468801728503966,94,94,55,4
1.7400285895111960,100,101,47,3
6.1905464792693152,96,97,46,4
1.2369071117702386,98,99,44,1
3.9885342881251837,98,98,40,1
2.0131917546117410,98,98,56,3
5.2583454113341608,100,101,45,7
4.5124996956425143,98,99,46,3
2.2354818025013921,98,99,50,1
5.1866069066587297,98,99,39,6
1.2485554164211552,96,97,53,5
3.3188386454999907,98,98,50,1
5.2581892839514426,100,100,48,4
5.5589560561094071,96,96,43,3
0.5230998808900259,100,101,49,3
3.1391578997237710,98,98,44,5
5.6169232980912529,98,99,51,4
4.0384317054378087,100,101,64,0
2.6331024116941100,100,101,43,3
2.3880066516925011,100,101,51,7
0.2993946769475536,98,99,47,6
2.1832061406183962,100,101,54,6
1.9495808611236798,98,99,46,3
6.0532625573225562,100,101,60,0
3.3682719651130295,100,101,52,2
5.4917489077253334,98,99,57,6
3.3669385310482949,94,95,49,6
3.1658413119767057,100,101,57,3
2.1121090788050987,98,99,45,2
1.9886133008289926,98,99,50,3
2.4367709263492072,98,98,47,2
2.8878784152043244,96,97,56,2
0.9044065049908682,98,99,55,4
1.2505080981124739,100,101,52,2
3.0197446079812504,100,101,50,6
4.7657807871450695,100,101,48,4
1.7550861466131942,100,101,58,6
3.4974356498942818,98,99,50,1
1.7724901775758344,98,98,56,3
1.7778158128393360,100,100,57,5
2.0746986816784601,98,98,46,3
0.9060867584143153,100,101,44,6
0.4662640802344439,100,101,52,0
2.3191742095021635,100,101,54,2
2.0695495220060134,100,101,43,5
6.0252843461016941,102,103,61,2
3.6297193276623902,100,100,47,3
3.7331593068536510,100,101,49,7
4.4769871014424867,100,101,46,4
6.2566108450883089,98,99,51,0
3.0324907843176532,98,99,53,4
0.6276324471081322,96,97,50,2
2.8663552957446305,100,100,55,7
1.5465439256154878,98,98,44,3
3.3255868678328846,100,101,52,2
1.9834568002090360,100,100,45,3
5.0989974349649216,102,103,62,5
4.8435188652278418,98,98,50,3
3.9744957275770676,100,100,45,1
2.2949462099226405,100,101,42,4
1.1394857712744371,100,100,48,6
2.4291789719997676,96,97,57,1
4.1879962102702519,100,101,61,7
4.9443584894641388,100,101,53,1
0.8979944845714294,98,99,51,0
0.7605172983142161,96,96,53,7
3.7460130546247141,100,101,37,7
1.2413511590475905,102,103,56,7
4.4251787314414397,98,99,45,4
2.2125442244629494,98,99,55,4
1.7584730940250817,100,101,56,4
0.6686826033203724,100,101,52,6
0.5345532010801926,98,98,49,6
0.7629352409985223,102,103,48,1
0.3515004202097529,98,99,54,3
6.1562733894552100,98,99,50,7
3.5042162288481848,98,99,55,0
4.9165367378588387,100,101,59,7
5.1859892911705812,98,99,47,6
2.0854645660064373,98,99,52,7
3.3661928586558982,98,99,56,1
3.8501719962113343,100,100,50,6
0.3171300646451387,100,100,57,3
0.5036859842825470,100,101,38,6
1.8586369648904759,100,101,45,1
0.1464923722405273,100,101,61,1
0.8447927379898892,100,101,50,4
5.4595839263262258,98,98,51,4
5.6136165500778885,100,100,49,7
1.3688980608546779,102,103,54,3
6.0327879168878074,100,100,55,5
3.9115654529348145,98,99,50,1
5.7643096057989673,94,95,51,2
4.5991090875168190,98,98,50,3
2.0099995620408784,98,99,43,0
2.5535988583660267,100,101,59,1
0.1128110625757337,96,97,51,1
4.3143621972029216,100,101,46,6
0.4430493839353521,98,99,48,1
1.7222521668941884,98,99,55,4
3.3379755617864086,98,98,56,3
5.5374536750519221,98,99,43,0
2.7324098500104674,98,98,52,7
0.2009295162091386,100,100,48,4
5.9001232429271555,98,98,55,0
4.6743133493124036,98,98,48,1
2.2799605395750784,98,99,46,5
3.4977071186518240,100,100,48,2
1.8144066059274129,100,101,46,6
5.4770957173569137,96,96,52,0
5.6394365873760206,96,97,45,3
5.9053094289607211,96,96,44,0
0.5695070769896176,96,96,49,1
2.6113733853705012,102,103,55,2
2.0404337985487917,100,100,52,6
4.4306993447288665,100,101,50,0
6.1340543382612216,100,100,56,0
2.0427383370552237,96,97,47,7
2.1333679278124644,100,101,52,4
2.4677143914841011,98,99,59,2
4.7014555495736774,100,101,50,6
2.5243373435686585,98,99,50,3
3.2432556083464847,104,105,55,3
5.4250567232390248,98,99,61,4
2.4374065563349769,96,96,51,5
2.9888740130538625,92,93,46,2
6.0790942560379335,98,98,43,2
3.8622821202900117,98,99,44,5
0.1057377694504257,100,101,55,5
1.3718799980521488,98,99,51,6
5.2017252478983060,104,105,59,1
1.0649109137458532,98,99,47,6
4.7931693297146243,90,91,40,3
6.0137718897531354,98,99,52,1
2.5530151393682150,98,99,45,4
3.2276362090389212,96,96,40,0
2.1078718425601215,102,102,51,0
1.3759626967599186,96,97,52,6
0.7585874277243191,96,96,46,0
0.0184913957696477,96,97,50,4
5.8346153517008013,96,97,57,1
3.8770201227314889,100,100,52,4
2.0347764418821428,100,100,59,1
1.6154827935593754,98,98,48,3
1.4363339735880316,98,98,53,6
2.9420142007483125,98,98,53,0
0.2402627638050971,100,101,50,2
4.2468140170611868,98,98,49,6
1.9134848000834142,98,99,56,3
0.6640482382871780,98,99,50,3
0.6276229746699251,98,98,55,0
3.9188659852553274,100,101,47,3
0.9564908501007747,96,97,36,4
0.1099240741205554,98,98,59,4
2.9414445489788372,100,101,58,6
2.3361210803142129,100,101,49,7
5.8874948563645342,100,101,49,3
3.6062044390693133,100,100,58,4
2.6875689119407324,96,97,46,0
3.0802261718963062,98,99,51,4
0.5921426599860312,98,98,62,1
6.0717730977419153,100,100,60,4
5.0268360497432711,98,99,52,1
4.7839297186295182,96,97,44,4
0.1507703498828866,98,98,47,0
2.6879313000541374,100,101,59,7
0.9522659076177974,98,99,49,0
5.9831037326177450,98,98,50,5
3.2161302108296597,100,101,56,2
1.6635969259305299,98,99,50,5
2.1028221637924425,96,97,52,2
0.4033510871935024,98,98,44,7
2.8340743291257300,96,96,51,3
1.4646626536487781,100,101,53,1
4.3116532130961627,100,101,47,3
2.6409627232004418,98,99,54,3
1.3291301325327889,100,101,51,3
5.8218545333620426,100,100,58,2
0.5494913598438516,100,101,65,1
5.1761683748918594,96,97,49,5
0.7837148215421887,98,99,37,0
2.8850522839051256,98,99,58,3
1.9544932084594566,98,98,53,0
4.4182667343242006,100,101,56,2
5.0597205436905712,98,98,53,6
1.6122611970617213,98,99,46,1
2.2718420942071424,100,101,51,1
2.3546085369851628,98,99,45,4
0.1470969304888186,98,99,51,6
0.9688480475562418,96,96,50,4
3.1260079427196876,98,99,57,6
4.4410846538486073,100,100,49,3
1.8377453427918420,98,99,53,0
0.7617432201955668,100,101,50,2
5.1219549424773501,100,101,44,2
5.1092833453928543,96,97,53,1
3.7779657416517889,100,101,54,2
4.5708305144611696,100,101,52,4
4.2292893917894254,100,101,54,2
0.1481723784092737,102,103,47,0
2.7534825878352542,100,100,51,7
4.1054807801197546,96,97,52,2
5.9443376924959361,98,99,49,0
0.1884367419764056,100,101,56,6
5.1705828867374013,96,97,51,3
1.7031151730609624,92,93,53,3
2.1857939451805577,96,96,52,2
3.2188692549427231,98,98,59,4
2.1006451243390654,98,99,56,3
4.3115926530863193,100,101,57,1
2.6102925924479652,100,101,49,3
4.7652272903758011,98,99,47,0
5.5620562156933868,98,98,47,0
0.8208368005246721,100,101,54,2
4.6291435344494767,100,101,42,4
1.1493695518868567,98,98,48,1
1.3949793310339964,100,101,56,2
0.6838209348032717,98,98,53,0
5.5070326903425029,96,96,52,6
2.7879213571074248,98,99,56,5
5.9926330674031911,98,99,57,4
5.2167575975701448,98,99,56,5
5.4643683117913966,100,101,61,5
0.3374073849326245,98,98,51,0
1.6576666691678044,98,98,60,1
4.5681339572741582,98,98,49,2
4.5769299823482079,100,100,57,7
6.0484766679088020,98,99,54,5
0.2494804901028434,100,100,59,5
3.9497372625659306,100,100,45,1
2.6225982165990707,100,101,49,3
0.9742108991687120,100,101,54,0
3.1477374237449598,98,98,57,0
4.8856576815946626,98,99,49,0
1.1601817941924724,96,97,47,3
4.9975941757612263,102,102,50,1
0.4648520974819952,102,103,51,6
3.7732122879373846,100,101,47,7
1.0188188886870650,100,101,57,1
5.3050009870382997,100,101,45,7
1.5350565965642686,98,99,53,2
1.1091164034647527,100,101,49,3
1.4417215677303490,98,98,52,1
5.6028790943436064,100,100,44,4
2.1309058256321749,100,101,68,0
3.7801106608065980,100,100,45,5
1.3665204874717127,100,100,50,6
4.8372665857313573,100,100,48,6
2.6301159034574892,96,96,54,4
4.4272565015425069,102,103,50,3
4.4831959783923310,98,98,52,7
1.7144069319894431,96,97,59,3
4.9115073268739051,98,99,56,7
3.5704159736594425,100,101,44,2
5.1138689936355410,100,100,57,5
5.6946801700856167,102,102,44,7
5.5546327354582861,100,101,60,6
5.4132816615556409,100,101,49,5
3.8314800400565820,100,100,52,0
6.2559314889482787,100,100,58,2
2.9582340007367707,100,101,49,5
2.8340445311431113,102,103,51,4
4.2201794184719246,98,98,52,1
2.8950055039238110,100,101,46,4
0.5180299167846794,98,98,43,0
5.6922921062556222,100,101,54,4
5.1434948185259559,100,100,50,4
1.3515194900990459,100,101,53,1
1.5915476403824598,98,99,46,3
1.7813269348796248,98,99,66,5
2.7148932604062379,100,100,55,3
3.7650459657388500,100,101,47,3
1.7214921367690883,96,97,51,3
3.7764725154591012,100,101,40,0
2.2447533327936102,98,99,52,5
6.1001791068547027,100,101,52,2
4.8976192557152407,102,103,59,2
5.0656891732385221,100,101,55,7
2.8086247758889229,98,99,55,0
2.2709399053009318,100,101,58,4
0.7578531513236809,100,101,60,0
4.4907979138804439,100,101,53,7
0.3130371888778934,100,100,54,0
5.3240858769534540,98,99,57,2
3.2441339435936838,100,101,50,6
2.0083550419764089,100,101,46,0
5.9718309170111192,98,99,54,3
4.2956072560649465,96,97,44,2
3.4642078400814520,100,100,56,2
2.8778196048908531,94,95,57,6
5.9103588600616419,98,99,49,6
3.0515983523317480,100,101,46,0
2.9179694661737101,98,99,52,1
4.8066749544671765,98,99,51,2
4.2444575257145143,96,96,43,1
0.2132547415324794,96,96,48,2
5.5456172266980008,98,99,42,1
0.7668370922468408,98,98,51,0
1.1179067852518025,98,98,59,2
1.9435846198934723,98,99,56,3
0.4227248821471036,100,101,54,2
1.0357230638084312,100,100,55,1
0.3336758846564476,96,96,55,3
2.5945564325454362,100,101,48,0
2.7941553706781423,98,99,45,0
0.6058707099160112,98,98,52,5
6.0722039961269711,100,100,52,2
2.2189237443080123,100,100,49,7
5.1376403095525571,96,97,53,3
2.2834771127923164,96,97,46,2
4.6169150316885483,98,99,55,0
1.9410908028460716,100,101,57,3
0.7221977699330636,100,101,64,0
0.4384667101437003,98,99,50,1
3.7444928456889874,94,94,52,7
0.8848363942032532,98,99,41,2
5.3833112146647286,100,101,43,3
3.7560805380871281,100,100,60,2
5.0813372287707370,96,97,49,7
4.1454275256377153,100,101,47,5
2.5729234769148528,100,100,45,7
4.9856906024535323,98,99,51,4
0.6141615633414134,100,101,54,0
0.6742524177146533,96,96,54,4
0.0896293613032410,100,101,46,2
5.7794581448318070,96,97,47,7
4.9587939836184223,100,100,49,3
1.2278752899406775,102,103,51,4
1.3218705020158579,98,98,56,5
1.7950480399469102,100,101,52,6
4.2343026112167772,98,99,41,2
5.3847383501051951,96,97,55,5
3.5901530290963826,100,100,56,0
1.6270166194365829,98,98,52,7
4.4360794588361161,98,98,52,5
2.8939482832339651,98,99,53,6
3.6187140822395842,100,100,49,1
2.2738256932236940,96,97,50,4
0.8827262730884433,98,99,58,7
0.6944305463438332,100,101,47,7
4.8675930416964066,98,99,53,0
3.0392405496497927,98,99,53,2
5.0990584842705271,98,98,55,6
2.4519690514984802,96,97,54,6
2.3488790938668203,98,99,53,4
5.9661681388099836,100,101,43,3
4.0918175854737449,100,101,36,4
1.7149875682824480,98,99,57,6
4.9726509299846837,100,101,45,5
3.5789280506233623,102,103,54,1
5.0922925184264569,100,101,47,1
5.8845430046908120,98,98,50,5
4.8097497829824789,98,98,50,1
4.4543515880969595,100,101,46,4
4.6222101773685607,100,101,58,2
1.7127888853865683,94,95,51,0
4.5650275405207337,100,100,57,7
0.3431842281553188,100,101,63,1
3.8803614754963429,100,101,38,6
3.1996849795658395,98,99,62,3
2.6291795119925041,90,90,53,4
0.2164619857422188,100,101,52,2
5.8621490530710911,96,97,47,3
3.8518300910622267,98,98,52,1
2.8754460769430326,96,97,46,2
1.3270018493164790,100,101,55,3
5.6925992418207141,90,91,46,7
0.3432832519927538,94,94,52,5
0.0916294219102854,98,99,51,0
5.7502005305415551,98,99,53,6
5.9144864340075181,96,96,45,7
0.8239196588799655,100,101,54,6
4.9234763180775909,98,99,54,5
0.5431145494459002,98,99,51,0
0.7544606579912829,100,101,52,4
0.8848392053807902,98,99,52,3
6.2183993395200456,98,98,54,7
4.5414127464534637,98,99,48,3
0.9919862059577216,100,100,51,3
4.9848778425885536,98,98,54,3
1.3879309463980574,100,100,53,1
4.4020316564236621,98,99,51,2
2.2529103911903983,100,100,48,0
4.0085732690290428,98,98,45,0
5.5540241632607001,100,101,47,3
1.8130529464493230,92,93,48,2
2.8369738029625906,102,102,44,1
5.2837181534319271,98,99,51,6
5.5273560862420750,100,101,50,4
5.3578030938652699,96,97,57,7
3.9968915676840711,102,103,53,4
4.2186080309482090,98,98,46,3
1.6455134441083499,98,99,46,5
2.3508302450118310,98,99,43,4
3.1938185006146189,98,99,46,3
2.5463481536720933,100,100,48,4
3.2491146208595110,96,97,43,5
1.6766779375820950,98,99,47,0
5.4298301767623984,98,99,54,5
1.5595268554492900,98,99,58,5
0.0700965447316789,98,99,61,4
5.3479666373739434,98,99,51,6
6.0305572313185261,98,99,52,5
3.7295132397029054,98,98,56,1
2.8844132711769612,98,98,56,1
3.0051290483225643,100,101,62,0
1.8244039538187531,100,101,47,3
4.8302287608074890,100,101,57,3
3.4153197672316962,98,99,51,6
4.8357920672057482,100,101,61,3
1.5390662591039510,98,99,48,3
0.2058381600446970,100,101,52,2
5.6406446459671917,98,99,59,2
4.3387482209380517,100,101,61,1
5.8707682194467896,100,101,58,6
4.5113224878284859,100,100,50,2
2.0317174158504581,98,99,46,3
4.4493245541810973,96,97,42,2
5.1415228045450014,102,103,61,4
1.2254433634722388,100,101,49,3
2.1822987291903058,100,101,58,0
3.4167294306818095,98,98,50,7
6.2529063207570852,100,100,51,7
0.8461964665066625,98,99,40,5
1.9942726422337538,90,91,47,2
2.8184040586644654,100,101,46,2
6.2188086567014915,98,99,53,0
2.1430347941862147,94,94,58,5
2.0606399650242673,98,99,52,1
5.8821155543333328,100,101,37,7
0.8358598151447547,98,98,47,6
0.7806612828008269,98,99,48,5
4.9277184880827489,98,98,57,0
1.7349366273061768,100,100,53,3
6.1144809575100227,98,99,50,7
2.0061049846801775,98,99,43,4
0.8625361186321703,98,98,44,7
3.3649312898728256,100,101,51,5
4.1423190482152359,98,98,48,5
2.4851775868613895,102,103,62,3
4.6803880095268751,100,100,53,7
5.4970294175088297,102,102,44,7
3.3710661218787652,98,99,54,3
1.2474077547299358,100,101,53,1
5.1646279827288257,100,101,47,3
4.8700440204748938,98,99,50,1
5.8912496683846394,98,98,44,3
3.2923383093748262,100,101,51,5
4.5319424369709198,98,99,53,4
5.2597020126553202,96,96,42,6
4.4733082012043148,98,98,52,1
4.7958259836585917,100,101,52,4
5.9823364125736447,100,101,51,1
1.8985629232540728,100,101,50,0
1.2293715521195676,98,99,52,7
2.2964375765496090,98,98,47,4
4.5283198110485028,100,101,45,1
0.5964814415209408,96,97,49,5
0.3688869747501576,98,99,50,5
5.2337543411680301,98,98,41,0
5.9917044712086112,100,101,52,6
2.8038184090191516,98,98,45,4
5.0476834733900287,102,102,57,2
1.4032937225084676,96,97,57,7
1.9064259716314904,98,99,42,5
3.9394217862419407,100,100,49,3
3.1043545355823974,96,96,54,6
4.3900045815391913,98,98,54,5
4.1546106555228972,100,101,50,2
2.8905271019060761,100,101,43,5
5.9893890402234620,100,101,48,6
4.0137271751632220,100,100,46,2
6.0355276234697959,96,97,54,6
4.9402850065678781,96,96,50,6
1.9927308249586630,98,99,55,6
6.2485237147159323,100,101,57,1
4.9412906680037727,100,101,45,7
2.1659930326464889,100,100,50,6
0.0039772380335178,102,103,57,4
4.7089144282504085,98,98,49,4
2.5880760347104319,98,98,64,7
1.2021582266856523,98,99,49,2
0.5385136193779865,100,101,48,6
4.6231923689752898,100,101,38,0
1.3600985106281622,92,93,53,5
5.8686634346980586,100,100,49,7
2.5355125557833329,98,98,40,1
4.7232504848342360,98,99,44,1
5.5015772191961183,100,101,59,7
0.0083688171763554,98,99,47,4
2.6810347654956672,100,101,40,0
2.8624207306941187,98,99,45,6
2.4692421495493848,98,99,55,4
1.8371005050902176,98,98,60,7
