theta,t_count,h_count,s_count,w_count
4.7541450661692428,90,91,52,5
3.2416269375096176,94,95,46,3
4.3071915964086562,94,94,50,5
1.3353909388922800,96,97,50,6
4.5396001176976473,96,97,53,3
0.8656472478096364,96,96,57,3
4.6547727787412274,94,95,46,3
3.9823885917995354,92,93,48,4
3.2937481790336633,90,90,47,6
1.1910617231201195,94,95,51,2
3.6608623003705389,94,95,47,6
4.9575704415200796,94,95,51,0
5.4567703833984886,94,95,53,4
4.6500363851805950,94,95,55,6
2.1489501553624257,94,94,48,7
3.9126424119891046,94,95,48,3
5.0802161431439252,94,95,42,5
0.0695479797420737,94,95,40,7
2.5976221095929026,96,97,45,1
2.2498308805702893,94,95,50,5
4.8804605272935007,94,94,52,1
4.0619728637875268,96,97,47,1
4.8442725180090029,96,96,59,1
3.9836881893989271,92,92,47,1
0.5380694862102532,96,97,43,1
1.1940775557376027,94,94,43,0
4.2064411763048248,96,96,51,7
3.8946294558930150,92,92,48,6
1.9005585504377596,96,97,47,7
3.6639332338808632,92,93,48,4
0.9597093610176315,90,91,43,0
5.7620462057246993,94,95,52,7
0.3542726203936227,94,95,60,3
5.6572956595085291,94,95,46,3
3.1022289615385468,94,95,51,2
2.3617554396981566,92,93,41,7
3.7378906360532511,90,90,38,3
0.9452353833012203,94,94,53,2
0.3619710757200707,94,95,57,4
3.8997083931916388,92,93,49,1
3.4634789939738235,94,95,46,5
3.0597717678541851,96,97,47,1
1.4063151873891186,92,93,43,7
5.5785962676999929,92,93,54,2
1.8186902918571763,90,91,53,6
4.8426845199877695,98,98,53,0
2.6440727648274911,94,94,40,3
2.4362444874522442,94,95,47,4
1.1307255614758045,92,93,44,4
2.3221620848302056,94,95,45,6
4.8867411829410070,94,95,48,3
3.3043340657838569,94,95,42,1
2.2506546746008045,94,94,50,1
3.8254496621491039,96,97,57,7
3.0081137251926173,96,97,44,4
2.7110264286858197,94,94,46,7
1.6644688241358574,94,95,46,5
5.5112716977365048,94,95,48,5
1.1453741427503354,96,97,47,1
6.1589015948904180,94,95,49,2
3.7571717096109456,92,92,43,7
2.0491358090018625,94,95,40,1
5.1309291500738192,94,95,45,4
5.3955314772815601,94,94,50,3
0.9892412968070768,94,94,49,4
3.1231724685807714,96,97,48,4
2.7223665627183968,92,92,51,5
0.0867277053614697,94,94,38,5
2.8789746622209020,94,94,49,2
0.7221690483888376,94,95,46,7
6.2801103363935997,86,87,43,2
2.4012081165368322,96,97,49,3
5.3217709056278792,96,97,57,5
5.9534910428978831,94,95,47,2
1.8600117844912896,94,94,52,1
4.6583035231323651,94,95,50,7
0.4391746816371094,96,96,50,2
3.2146307396543170,94,95,43,4
2.7984978676504739,94,95,47,4
4.8820243806459196,94,94,47,6
3.9034495074843734,100,100,45,3
3.5725519275071762,92,93,44,2
1.4649107902171252,96,97,50,0
6.0673267452077670,94,95,64,7
0.1595255374003901,92,93,49,5
0.6317228149334946,94,95,43,0
1.5006903034883712,88,88,51,1
5.2831695993414538,92,92,49,1
5.2394725283177284,94,95,45,4
5.5780760465757595,94,95,45,0
3.8219418093422997,96,96,43,5
1.4042456989723406,96,97,45,1
4.4171641346583312,92,92,48,6
6.1931138361650984,96,96,51,5
4.3146548604713946,94,95,41,2
2.9040077695334459,94,95,54,7
4.2571843082686662,94,95,43,6
1.8652846134322585,94,95,48,3
2.1207568519403952,94,94,52,3
2.3829990863760742,94,95,53,4
1.3782583373140100,92,92,50,6
0.9899754510078181,96,97,50,6
5.7750974084891826,94,94,50,7
3.9234788021159868,98,99,61,2
3.8604778706124874,96,97,50,6
5.7507923490563870,94,95,51,0
3.7920933627023943,94,95,55,2
0.1357717745091686,94,94,58,5
2.4875258175953170,92,92,43,3
3.0721605444307349,96,96,48,4
4.4603493399744352,94,95,47,2
1.0214821333433939,92,93,37,7
3.5161741686489583,96,97,45,5
3.5272983374266111,92,93,54,6
4.0784923527129351,94,95,54,1
5.9699048697510957,92,93,49,1
0.0435037545957554,90,91,55,6
2.5684848132933009,94,95,44,7
2.8443436772319819,94,95,52,5
1.5149160761343443,96,97,54,6
1.2471015911490300,94,95,51,0
1.2004840040504487,98,99,51,6
2.6020840102378671,94,95,43,6
1.9412061940346041,94,95,44,5
1.6326449822761133,90,91,37,6
5.9386053493849245,94,94,47,0
1.5304557468995059,94,94,46,7
5.6558596686731404,94,95,50,3
5.3708215524692466,90,91,39,4
0.4717736100392472,92,92,48,6
2.5964111594260970,96,97,52,0
6.2320779281781205,96,97,51,1
3.6751032478314953,94,94,41,0
0.6613486724794116,94,95,40,1
4.3366644052110184,96,97,60,6
4.5808057322839746,94,95,47,4
3.5743745494131098,94,95,53,0
0.9718105976904416,88,89,40,0
1.0264906143418058,94,95,50,7
3.9493384781049636,94,94,47,4
2.6624757455809229,96,96,62,4
5.7551757436527762,92,92,40,2
5.0062932180178921,92,93,56,4
0.0448063266473167,94,95,41,0
3.4134003547348821,92,92,44,0
0.9470506927091695,94,95,43,0
5.0471819518773433,96,96,54,4
4.8454541747035362,96,97,51,7
5.1925794178796405,94,95,55,2
5.7586469521299124,94,95,48,7
3.2885397684211108,94,94,40,3
5.7280221115171690,90,91,47,6
4.0464494430153159,96,96,55,1
5.5137299829583144,92,92,39,3
4.2225200290951657,94,95,42,5
4.0727229599615962,94,94,46,7
0.4366100513013645,94,95,50,3
4.9090852712330069,96,97,59,7
0.3743363988695063,96,97,49,1
1.8180189905773205,94,95,45,4
6.0839712969746804,94,95,49,6
1.1505896310325245,92,93,45,7
2.9161084796828622,96,97,53,5
1.1785900503815856,94,94,48,1
2.3718895935253252,94,95,54,5
1.6064469293362778,94,94,45,0
1.5689283706441108,94,94,39,6
5.1377052151545604,96,97,46,2
1.4852402391376525,92,93,48,6
6.2786851937547956,92,93,47,3
4.5496813204969495,94,95,54,3
5.6844979595206819,94,95,50,1
5.6346556603080993,92,93,48,0
3.3133923631528557,94,95,48,5
2.2275283211458694,94,95,42,3
0.6783917554953793,96,97,57,5
1.2405789697051655,92,93,52,0
0.6475568652335733,94,95,46,5
2.6145409947144538,94,94,53,2
0.8337904879224255,94,94,52,5
0.6901911012154517,96,97,50,2
5.2477834789180733,94,95,52,5
3.2588704124192560,94,95,43,0
4.8996975310007569,96,97,52,4
2.3661432826246478,96,97,50,6
0.9950257008802879,94,94,52,7
1.7649737948281403,96,96,53,5
0.2195670512820270,96,96,55,5
2.8168316784158804,96,97,50,4
0.4810930228813098,90,91,43,4
0.3007783338044434,94,94,53,6
4.9078056820351481,94,95,42,7
2.5486050110100043,94,95,55,4
5.3059665414067325,94,94,50,5
4.5816275021596526,94,95,54,3
2.4775564834992854,92,92,42,0
2.5856405548390056,94,94,48,7
1.8536603230697333,94,94,48,1
3.1789900204581061,92,92,48,2
6.1450038888917486,96,97,50,0
6.1324465103578154,94,94,45,4
3.3925562977105330,92,93,48,0
3.3621007187063228,94,94,45,2
3.4300783903771728,92,92,51,1
1.2174349084646601,94,95,42,5
1.7283927473361096,94,95,62,5
5.3857257904352238,96,97,47,1
5.8796946661131466,94,94,42,7
1.8386596215204447,92,93,42,4
4.9311318963878064,96,97,49,3
4.1834531518664759,92,92,54,4
2.9091031358279467,94,94,44,1
5.8040717380009177,90,91,46,3
4.2407194455018411,92,93,57,5
5.1281331100643675,96,96,47,5
2.7133152659252411,94,95,46,3
3.7218631799285635,90,91,46,7
0.3008283263099596,92,93,49,3
3.7569456924169726,94,95,47,2
2.7573579231135432,94,95,49,0
2.9246764545957009,94,94,54,3
0.3358660672331253,92,93,54,0
0.3740052059077889,96,97,43,7
0.6964138666465741,88,88,41,5
0.9053880423043227,96,96,46,0
2.3752892434144641,94,95,44,5
0.6442623936362339,90,91,36,5
0.2269794944718356,94,95,50,3
2.5937399530053793,94,95,44,7
3.0939984701785419,94,94,37,0
2.2540251884671476,96,97,53,5
4.4442135679034074,94,95,58,3
1.1128195383406725,94,94,46,1
2.2014958867975598,88,89,42,2
3.0070544923500737,96,96,50,4
1.2529435672195444,96,97,50,4
3.9990952587020945,94,94,40,3
0.3124090167572690,94,95,50,3
5.9486615383855428,94,95,49,4
1.2916844923598683,96,96,50,4
1.8824745689836944,94,95,52,5
5.9994613390790272,90,91,53,2
3.5462752980178531,96,96,49,3
5.9168022126065605,94,95,53,6
1.1690155454488402,94,95,46,3
5.1789209833993031,94,95,38,3
4.5532471291528909,86,87,42,7
3.0102858815734166,94,95,53,0
6.2319631658876169,94,95,57,6
2.7454536179617732,94,94,46,5
1.8115109146892991,94,95,44,1
5.5077367138123385,96,96,53,7
3.1948050430638721,94,95,47,0
3.3008142075057352,92,93,60,0
4.7374119527256191,94,95,56,7
4.9315482956926653,94,95,44,1
5.4846865381744205,92,93,49,5
3.3589428276789515,96,97,47,3
4.4210856891047268,96,97,47,7
2.2715833350515071,94,94,46,5
1.4001514223824543,94,94,53,6
4.0919500135723501,96,96,51,5
0.3342428302998336,96,97,49,5
5.1406691412918120,96,97,48,0
3.3179596283192905,92,92,43,1
3.1271014991800570,94,95,41,6
4.2529573193245458,96,97,48,2
4.2087018946636494,94,94,41,0
2.1833369211570308,94,95,47,0
3.1812687561075390,92,93,56,4
5.1650686737825122,94,95,53,6
4.4046094800619420,94,94,52,5
2.8537116298733172,94,95,48,5
3.1042897456789240,96,97,59,1
3.6065595911258774,94,95,59,2
2.3743249911237565,94,95,42,1
4.3255199258028982,92,93,51,1
1.7099625726448970,94,94,58,1
3.7954606774635455,96,97,54,6
5.0482552648718029,94,95,48,1
3.9991628587966921,94,94,51,4
1.2118440452654633,96,96,46,2
0.7874717272173335,94,94,49,6
1.8970596456335531,96,97,56,0
1.6451198210892146,96,96,53,3
2.8519262233293361,92,93,53,7
2.2213079006273380,94,95,50,1
0.1264939329139622,96,97,42,6
3.3229446118218164,96,97,55,7
0.2128098619795707,94,94,40,5
0.2497873416219235,96,96,47,1
3.2903857599549564,94,94,55,2
4.2084159072766205,90,90,51,2
5.7662630449183325,94,94,45,4
0.6243264886714583,92,93,56,2
2.9857982473952931,94,95,48,5
3.7667391797567813,96,97,50,0
3.8731547978339553,92,93,45,1
3.4499390380255304,94,95,47,4
1.4134661680748668,96,96,51,1
2.9378495864523066,92,93,43,5
2.1539828515280433,94,94,51,6
2.5471017412320021,94,94,49,2
0.2984178831528122,90,90,46,3
6.0889352513702324,94,95,59,4
0.3935621152513611,94,95,57,0
0.5193577005231705,98,98,49,0
3.7471232724532677,94,95,53,6
3.1921871418101637,94,95,52,7
1.0559639406916814,94,95,47,0
2.0025872840615446,92,93,49,1
1.3850496752853791,90,90,46,7
2.2546250919928092,92,93,45,5
0.0421490040825487,96,96,50,2
0.1106707573501321,96,96,48,6
0.0601800244943916,96,96,49,5
2.3475964774794709,96,97,46,4
0.8160600640325006,96,97,50,4
4.3609448760838605,94,94,50,1
2.4325678769151824,90,91,49,6
5.8896987149382465,94,94,51,6
4.3649637188249875,96,97,54,6
2.5587066604484563,94,95,47,4
0.5770071221583548,96,97,46,6
4.9427078979231176,96,97,52,0
2.3615925050061901,94,95,49,4
0.6916489749301750,88,88,47,7
4.7262657232463079,94,95,51,4
5.9175718804409367,96,96,47,1
1.8261536903388369,94,95,49,0
3.0937144237424139,94,95,44,1
2.0377102682070292,96,96,53,3
5.6486787175103048,94,95,51,6
0.0457307945345227,94,95,47,0
4.1834208941800783,96,97,44,6
2.7071901470506883,94,94,53,2
2.0676472134287294,92,92,39,5
5.6138835316099094,96,97,49,5
1.2811321325102840,94,95,46,7
1.1140494425046918,96,97,48,6
4.9939078776890753,96,97,50,2
1.8152176271298353,94,94,51,2
5.2258131837031661,96,96,50,2
4.0383281656311221,96,97,51,3
0.1826363827579583,102,102,59,6
6.1198871350602202,96,97,50,0
1.8535359097444615,92,93,43,5
4.0561271172436131,94,95,43,2
4.1675391687498946,96,97,48,0
3.0421202546354316,96,96,43,3
1.3517172769602190,94,95,49,6
1.2438090217216693,94,95,47,4
5.4442314400309488,94,95,53,6
2.3469222314476768,96,97,55,3
2.7441669962554189,96,97,57,3
0.1150664827783835,92,92,46,4
0.9755042131568586,92,92,47,3
3.0327327424102615,92,93,47,5
1.2426991125190878,94,94,56,3
4.5931085049688152,94,94,48,7
4.8009586813192984,96,97,56,4
2.9118362775956022,94,95,54,5
4.1723439033497201,94,95,40,5
4.6378520003999739,90,90,47,6
0.6744043774327246,94,94,56,7
5.5443766535894881,96,96,48,0
4.6232226411754747,90,91,41,4
3.4426006810683920,94,95,45,0
6.0173939875311930,96,97,49,1
5.0247648843996746,94,95,53,4
3.7488031687426719,92,92,47,1
2.7563457398384283,96,97,37,7
0.8565467788302253,94,95,46,3
4.5967186514751255,96,96,50,4
1.4730145286065530,94,94,45,4
5.0499889368861606,94,95,44,5
5.1872492708928117,92,92,52,4
0.3223248692154020,90,91,46,3
4.1173981795744794,94,95,45,6
4.2021479116038627,96,97,50,4
4.6218077284434953,96,97,53,7
3.4085379083212470,96,96,58,0
2.1536358292992488,96,96,56,2
3.9797246229910539,96,97,44,2
2.8369372486986117,96,96,49,5
5.8904624739670872,94,95,52,7
0.6429305873488307,92,93,47,1
0.8108331977872205,96,97,51,1
3.6824990784469955,96,97,49,3
6.1284075167701175,98,99,48,5
1.5397497127249595,88,89,39,3
4.8334102073154179,88,89,46,6
5.9878103900630428,90,91,46,3
0.9097176050851917,94,95,52,5
5.2085469554471251,94,94,44,1
4.4031252634689171,94,95,42,1
3.0712603876415718,94,95,51,0
5.9059747921227546,94,95,51,6
0.3156426664916030,94,95,52,3
0.4533257440950278,94,95,59,4
5.1416563594657072,94,95,39,0
2.5738916601287394,92,93,51,7
4.8763325674447477,94,95,54,1
5.1917067543722197,94,95,45,4
0.8112665545654036,96,96,56,0
4.0709905493507224,96,97,52,4
1.9731604005576562,94,94,54,1
4.0225851245144453,94,94,54,3
4.2416929939706414,90,91,42,7
5.7572319682156570,92,93,52,4
6.0267271146067349,94,95,51,0
6.2633273282821147,92,93,50,2
3.7570867741588367,94,94,46,3
0.5329426655798463,96,97,52,4
3.7951149185489572,96,97,53,5
5.6809717208003851,94,95,39,2
3.8064151830529540,90,91,43,0
2.9629995134479792,94,94,46,1
3.9282012898824341,92,92,44,0
2.9772746471489944,94,95,37,0
1.1284564242450890,94,95,47,2
2.9414222893731106,94,95,47,2
3.6781636032922695,94,95,48,5
4.6930329097213992,94,95,51,6
5.8020421773643145,88,89,43,1
0.6472145864363349,96,96,45,5
3.3159107008481636,94,94,63,2
0.7608018253742445,94,95,52,3
0.9013212555096486,94,95,42,3
5.4514150759332729,94,95,50,5
3.0775382193305116,94,94,47,0
1.9522984963764032,94,95,45,6
3.3997013982891766,92,93,50,4
4.6607481843729657,94,95,52,5
1.9624453794340244,96,97,45,1
3.3089208860930155,96,97,50,4
1.0305219032570492,92,92,51,1
4.3858397928108177,96,97,52,4
4.3514096144726739,94,94,50,7
1.6785804575197072,96,96,49,7
5.0872805183107435,94,94,48,5
4.9386005390762771,96,97,55,1
5.1416706410833237,94,94,50,7
3.5267029158037349,96,97,52,2
1.8735447698833967,92,92,51,3
1.7968866272201227,96,97,52,0
5.7214243310945792,94,94,46,3
4.6930374056609576,96,96,51,5
2.9333124717954377,88,89,49,1
0.0657308834198481,96,96,44,4
5.4785950653275117,94,95,48,3
0.0957074658494089,94,95,49,0
4.2953588553885149,94,95,51,0
2.0933034451236567,94,95,43,2
3.8703506055471553,94,94,41,6
0.4025274293352895,96,96,60,0
0.5892248481543720,94,94,46,7
3.1218215337471600,96,96,61,1
5.4892230188631634,96,97,45,5
1.4575563360628310,94,95,44,3
3.9554461666788399,90,91,53,0
0.0240456932778878,90,90,49,2
0.0628479458265727,94,95,57,4
3.4035573026223567,94,95,46,5
4.4088303814702821,98,99,44,7
1.2081473427960832,96,97,63,1
0.4633034646977258,96,97,51,5
2.1952997740839555,96,96,52,0
6.2257380893417862,94,94,51,2
2.4186964004295590,94,94,55,2
1.4935694177469427,98,99,50,3
0.4660263911507687,92,92,53,7
0.6446148484983758,94,94,49,6
5.1276343141987342,96,97,41,5
6.1740104352309713,94,95,40,5
1.7050938909722400,94,95,46,1
5.8912310106582728,90,90,38,1
5.4772512740835158,94,94,50,7
0.8469216569489317,96,97,41,7
4.7684160735415801,94,95,36,5
6.2398152956777402,94,94,44,7
1.5773526964248070,96,96,58,4
1.4037579483976719,94,94,49,6
2.3553593392798300,96,97,59,5
1.6036153858810045,94,94,56,3
4.8935136178225775,96,96,45,1
4.5603817261210473,94,95,46,7
1.6355671743099527,92,92,47,1
2.4028773905034186,94,95,50,5
4.2267444280356434,94,94,52,3
0.7884010307554065,94,94,50,3
3.9753176446917156,90,90,44,5
2.6161344412722145,96,97,47,1
3.0561244221067647,98,99,51,6
6.0267162359820432,96,96,46,0
0.8969992583507380,94,95,48,1
2.3231590290772881,92,93,48,4
2.2635127185652641,96,97,50,2
2.1786259281388500,92,92,55,1
2.8412367818521784,96,97,49,5
3.4920082878618381,96,97,50,4
4.1180900332865793,92,92,47,5
5.0585159187107864,94,95,45,2
2.6022677550502631,90,90,42,3
5.6786799142946682,92,93,54,2
4.5807767870729359,96,97,45,5
3.1550785626538387,92,93,52,6
2.8116574764132625,94,95,56,5
1.6289959213117791,94,95,57,0
2.9085564607189838,94,94,53,0
2.2210352331898564,94,95,57,4
5.9965820209676330,96,97,42,2
4.1206841378003549,94,94,64,7
3.5338953120733376,94,94,45,0
0.6762323095356548,94,94,51,2
2.3460395500987592,94,94,44,5
3.8115115470879850,94,95,39,6
1.2513409260954453,92,93,47,3
3.7003009145600698,96,96,50,6
2.0666321811445716,96,97,51,7
0.3503928886771652,94,95,47,4
2.2429800439128611,92,93,45,1
5.7741925888945502,94,95,46,5
6.2265773055675036,92,93,51,1
3.0211269700100654,92,93,52,6
0.2099955845839718,94,95,40,5
3.0097517725482943,92,92,54,0
1.9144495449164145,92,92,49,5
5.3480839136605560,92,92,46,2
5.0765841959929610,92,92,47,3
1.1624471481711673,90,91,42,5
4.6807127995716682,96,97,54,6
1.7791918397661148,94,94,45,4
5.7653598405657434,96,97,56,2
4.9126418062291561,88,89,48,4
4.1937360566639565,96,97,48,6
5.8030029903263296,96,97,51,5
3.1900989050719106,92,93,57,1
3.3189977642953945,94,94,51,4
3.4908445395045988,92,93,45,3
3.0236240682338282,96,96,45,3
0.3524241250454350,92,93,49,1
3.0960116044243837,94,94,43,6
4.1553392664788085,92,92,54,4
5.6986342906021887,94,95,50,3
3.4780885526250778,96,96,46,6
4.8042037642842850,94,95,52,5
2.4869505691173437,92,93,43,3
3.4753734821328908,96,97,45,5
2.7000261611332643,96,97,52,0
5.7422789154214282,92,93,47,5
6.2806340746696501,92,93,54,2
0.3606035146793988,96,96,51,1
4.6925830098391117,94,95,46,1
1.4874119723481358,92,92,57,3
0.2883566220390527,94,95,44,5
3.6543786455415388,94,94,47,0
3.3840407186339445,96,97,54,6
0.9442361254610988,94,94,54,5
1.8310490785976310,94,94,53,0
1.0863744554133399,94,95,45,6
4.7632552558129460,96,96,43,7
3.6167341929667409,96,97,55,5
0.1154184317892935,92,92,55,7
0.1385132742552945,96,97,49,1
1.2498401769391629,96,96,56,2
0.3478038479866958,92,92,43,3
6.1965706049060536,90,90,43,6
0.5495907479298768,94,95,40,7
3.4699668653853708,94,95,41,4
1.4955445462763051,94,94,61,2
4.0199002817798162,96,96,52,0
4.8443116349435797,86,86,52,1
0.9107407245734787,90,90,44,1
4.3422892209220434,94,95,55,2
0.8986130675265440,92,92,44,6
5.7095962898958854,92,93,37,7
1.2713539728131797,94,95,51,6
3.0310646003238060,94,95,46,7
1.5933131929186211,96,97,56,4
1.4513681993313052,92,92,44,4
3.3970657936333906,92,93,44,2
0.3233766014395720,94,95,46,3
4.1974874969441842,92,93,45,7
5.1080519646046234,88,89,48,0
3.3741482715463236,92,92,39,5
1.5694538273540399,96,97,45,3
1.7181050323492599,96,97,55,7
1.3079769710627436,94,94,48,3
0.8787178905972405,92,93,46,0
0.3702198753175631,94,95,51,2
6.2782729482191550,88,89,41,5
0.7599470293830609,94,95,51,0
4.8566540882088258,94,94,48,7
5.4679138077177107,96,97,53,3
3.7955809117565589,94,95,48,5
2.8211759257988769,92,93,48,0
0.6167819776809561,92,93,47,5
4.2344099087634044,96,97,51,5
2.1111035852842739,94,95,50,1
1.7349006917285053,90,91,51,6
1.8196244075067394,94,94,48,7
5.6143317396131227,92,92,55,5
4.0914585886740680,94,95,48,1
3.4000931074400702,90,91,41,6
5.7233988542639356,92,92,52,0
3.7740437517126439,96,96,53,1
2.8116157952167882,92,93,50,4
0.3469187831508771,88,88,41,3
5.1133628656839889,96,97,56,2
3.9527854312420874,96,97,45,3
2.6607599301933580,94,95,41,4
2.2279752964372368,94,95,50,7
3.3560063500913038,92,92,46,6
2.0045012560577344,92,93,45,7
2.6429887848873861,90,90,45,0
3.7873046428487105,96,97,51,1
5.4106773212774089,96,96,50,2
2.7697145147862687,96,97,46,6
2.4654420245005344,94,95,53,2
2.2231473144834752,96,97,58,6
5.9348278273099826,94,94,52,7
1.7088336069530803,94,94,52,1
2.8645271148395977,92,93,44,4
2.0473104292434074,92,93,51,1
0.6752888394314984,96,97,58,4
5.4986081852289983,94,94,51,6
3.9551428151757637,94,95,53,6
5.0474689735384457,94,95,48,1
0.2777640164465984,94,95,51,6
5.2223538520593413,94,94,51,4
4.4284284554621607,96,97,46,0
2.7529248741899250,90,90,46,7
1.9665904951610222,96,97,53,5
2.4217735226057169,92,92,54,2
4.2541079163267401,96,97,47,1
1.8215093658814252,94,95,52,5
5.2946231830170287,96,97,48,0
5.0364966283833059,96,97,53,7
0.4504988869040348,94,95,53,2
1.5207016455106463,96,97,39,7
2.7913204733030605,92,93,43,7
0.4756219951864186,94,95,57,6
4.7549647031736146,94,95,49,4
0.1094861294069682,92,92,46,0
2.8444061562393217,96,96,57,1
5.0514832283210129,90,90,47,2
5.9788784751998607,98,99,52,5
1.5200767941433293,94,94,52,3
6.1880709334236030,92,92,58,0
1.5965256298397692,92,92,56,4
2.6106028179588439,94,94,42,3
2.1255185654293158,94,94,43,6
6.0951980414305282,94,95,45,2
2.6644291945937493,96,96,57,1
4.7306442055214992,94,95,43,4
1.8476809490225004,94,95,45,6
0.3902948201990620,92,92,46,2
1.8134715321425987,94,94,44,3
1.0296261102654891,94,95,49,0
1.1646386373058524,96,96,51,5
0.0092992904932185,94,94,48,7
3.4210715066572175,92,93,45,5
4.7559620726595506,94,95,54,5
4.4780175885274174,94,94,53,2
1.0479999589896878,94,94,43,6
0.4386457963183988,94,94,49,2
5.0521449327628511,94,95,54,1
3.0695049049255183,92,93,36,2
3.5744249221043747,94,95,46,3
2.6444522187080666,92,93,46,2
4.3829737989108510,94,94,49,6
0.1818926932729750,96,97,45,7
0.4488078575735527,94,95,40,7
0.8027904005835975,96,97,61,3
0.7646751678752448,94,95,58,1
5.3955845398030906,94,94,45,2
3.8413378049896711,94,94,41,2
1.7056470839326112,94,95,46,1
4.2351406063427310,94,95,48,3
4.3422054711196978,94,95,43,0
4.5217098478893378,94,95,44,3
4.6575931573361702,94,95,60,1
0.0088515831058526,92,93,53,7
5.0568799025467328,94,95,49,4
4.2344296155703622,92,92,53,1
1.2600707948026324,94,95,48,1
5.8081565550603429,94,95,48,7
3.3545221153600067,96,97,54,6
6.1308932388366193,96,96,40,6
3.9028791942285181,92,92,51,5
5.6705604685878548,94,94,51,6
5.5116698541078035,92,93,55,7
0.4425105574334937,98,98,45,4
3.6021526011012055,94,95,48,1
2.4454599570951152,92,93,53,7
5.3368363508147372,92,92,43,1
5.4357278371631388,92,92,56,6
4.1873398737006235,92,93,46,2
5.8583659790068277,94,95,56,5
5.8680496879124053,96,97,44,0
5.2307132342278653,94,94,35,2
3.6028748834781421,90,91,45,2
5.7672700985932659,96,96,51,1
4.5528135243542014,94,94,47,6
3.4641327414841698,94,95,39,0
1.4010621937845806,96,97,46,4
1.6122352682785404,94,95,39,2
2.1498136866598956,94,94,50,1
3.2182752436928919,96,97,52,0
0.8731446583917903,92,93,50,4
4.3322032108287054,96,96,56,4
0.4770637735946265,94,95,59,0
0.2877443168866844,94,95,54,5
1.6445654392354325,96,96,56,2
1.2360890518723879,92,92,49,1
1.4785667155031186,92,93,50,0
5.5905260879862251,96,97,42,6
4.1173071711829854,96,96,44,6
3.3800118953245812,94,95,47,0
3.2266440675800330,94,95,51,0
6.2286665196051434,92,93,46,6
3.0050581262612464,94,95,52,1
1.1727730168456871,98,99,50,5
6.1073803225451613,92,93,47,1
0.4951609591122591,92,93,48,0
2.3291993517202689,92,93,44,2
3.2235024847354605,92,92,44,4
4.9579543366574983,94,95,42,3
1.8457733963531286,98,99,57,4
5.0786843473209915,98,99,49,4
5.3320279065073528,90,90,51,4
0.3607453905644316,90,90,42,3
3.5140418086790008,92,93,54,6
3.5153095293566539,94,95,46,7
0.2050470989622052,94,95,49,4
0.4190752232467517,96,97,50,6
1.7927827156594318,94,95,48,7
1.8249346768277064,94,95,51,0
1.2127996175205957,94,94,47,6
5.6078909459358828,94,94,58,1
1.4396774092955178,94,95,54,5
2.5600830605011220,94,95,49,4
0.3355723618431662,96,96,52,2
2.5129861125729360,94,94,51,2
0.6692947647761888,90,91,41,6
4.1793339119086079,96,96,53,1
5.2912775200516071,92,93,49,3
4.6043194774994713,96,97,51,5
3.7015548871875552,92,92,50,4
1.3473491958605213,92,92,49,7
0.1782659639414245,96,97,49,1
3.4886672468760138,94,95,41,2
1.8545116357356570,94,94,52,1
2.6657916798990184,90,91,46,7
0.4379018600506129,96,97,54,2
4.9787139932890927,94,95,52,3
5.9427374821987371,92,93,39,3
1.0769733072053012,94,95,53,6
3.2063402823920990,96,97,46,4
5.4249937017855387,92,93,56,2
3.9964671160248026,92,93,48,4
4.7601288004932165,92,92,62,4
1.5408480975526644,94,94,42,7
6.1730950980773303,94,95,44,1
4.1416322135967576,94,94,39,4
3.6700675921117671,90,90,48,1
5.0530115511485283,94,94,43,2
0.4236026386326883,92,93,55,5
4.3288903095620102,92,93,50,4
4.1170145561639160,94,95,52,1
1.9464518571361462,96,97,50,6
3.5220732917058228,90,91,51,4
1.6281460232163933,94,95,51,2
1.3553417685895091,96,97,58,4
4.1963576565174856,90,91,41,4
2.3693589271838857,92,93,53,3
5.4298348054531704,94,95,48,5
0.5718526918671742,92,93,44,0
5.4125181823220512,94,95,49,2
5.5060917146033530,96,97,48,2
2.0730094882316572,94,94,49,4
5.8015444891763668,94,95,56,5
2.9073576179545104,94,94,54,3
0.8225305650176484,94,95,50,3
2.4543144766306053,92,92,53,7
2.9314147538774455,94,94,48,3
1.4627165544030243,94,95,58,3
4.4151827520512077,96,97,51,1
5.1465846160163720,96,96,51,3
2.1647922254526133,94,95,45,2
5.1320074623502814,94,95,50,3
3.1426815383855269,94,95,49,0
4.1562606304193404,96,97,42,4
1.4134462419558398,94,95,54,3
0.1235312612859676,94,95,56,7
4.5114424211105719,92,93,45,5
5.7118195923084256,94,95,48,7
2.6273642098083192,94,95,60,3
4.2012722990756837,94,94,52,3
4.2167454156026274,94,95,49,0
0.9075949327651003,92,93,45,5
3.3696356841168598,92,93,45,3
2.9728856631291127,92,92,48,2
1.8720643053990178,94,95,47,2
3.1148914359000459,94,95,51,0
1.9352994403716572,94,94,50,1
6.2708174157102077,94,95,50,1
3.2882839081675352,96,97,57,1
6.2458652209790602,94,95,60,1
1.5500964943112139,94,94,50,5
5.5543138900132014,92,93,41,1
5.3165157748932224,96,96,54,0
3.2173582522299902,94,95,43,4
1.6644460075020491,94,95,53,2
3.4474278367360336,94,95,52,1
1.5098762476626990,96,97,53,5
3.5665132001375857,94,95,40,3
2.6948385876661041,96,97,49,3
5.8687424383743672,94,95,43,2
2.8617643914336672,92,92,49,1
0.2503935097205317,92,93,37,5
2.0682581006232077,96,97,61,3
4.1639054653971161,94,94,41,6
6.1612511116970605,94,95,47,2
4.3452193201420002,94,94,45,4
4.8923502822089375,94,95,42,5
4.2860362986022702,92,93,53,3
3.7965225289514417,96,96,55,3
1.7478358225762594,90,91,51,0
0.0072647732112731,88,89,40,0
5.9449876361713647,94,95,52,1
1.1241877900561277,90,90,51,4
5.2963289725938969,90,91,45,4
1.9572019945477266,94,95,52,7
3.4460660234947755,96,96,50,4
0.1538891038312872,94,95,45,2
5.1470198584802773,92,93,57,3
2.1263191773735239,92,93,47,7
0.0366653369749455,92,92,44,2
4.5256952885087829,94,95,47,4
2.8245528616912399,96,96,49,5
4.4195416363027311,94,95,48,1
3.2524165259481279,94,95,44,3
1.5698912134066132,96,97,41,3
5.1963591153652882,96,96,52,6
0.6333951351567570,92,93,47,3
4.9263845979858054,94,94,41,2
5.8889397260589904,96,97,47,5
2.8788808782326849,94,95,58,5
4.7839253737879162,94,95,40,1
3.2968372350822364,96,97,44,6
3.8712333344397365,96,97,44,2
5.8366328244484480,92,93,48,6
2.8668513346559155,96,97,57,7
4.8851661241967808,94,95,51,4
1.5312851617674634,94,94,41,6
1.7009897798732558,94,95,54,1
3.4844123058166656,92,93,46,4
5.1474831228240410,96,97,59,3
2.2274875186536605,94,95,49,6
6.0188618259175612,96,97,49,7
3.8719350474666943,92,92,47,1
4.6652679513037452,94,94,41,4
0.5197878914082991,96,96,58,2
5.8700029657606798,94,94,40,1
5.6123990054057424,94,94,48,5
5.4991104623961418,92,93,48,6
2.3560769382294797,96,97,55,1
3.1901542912512846,94,95,50,3
4.2110953971299603,94,94,41,6
2.2675870820584096,94,95,58,5
5.9450736850709633,92,93,43,3
4.9313822898838655,96,96,50,2
1.3590169663022320,96,97,44,4
0.1069871602490351,96,97,56,0
0.0876323443667717,96,97,57,5
1.8288657545762923,98,99,52,3
0.3160918018406088,96,96,51,1
3.1831572686156155,90,90,42,7
5.3199122787957132,94,94,54,7
0.1302745492949847,92,92,47,1
1.7764604736918217,94,94,45,0
2.2647713324632472,92,92,51,7
3.0403626903094461,94,94,47,2
3.5101957456578075,96,96,58,2
3.2807066654007069,94,94,44,5
3.8115643709356180,92,92,54,4
4.4158057893624854,96,96,49,1
5.0133141045009308,96,96,61,1
1.2103761382067493,96,97,56,6
4.4323040402969536,94,95,51,0
0.2079436118860886,94,94,51,0
1.3019461072708802,94,95,47,0
4.4791572992752986,94,95,55,4
1.3467595803621779,92,92,51,3
3.6399083486266934,94,95,46,1
2.3584607091396856,94,94,47,6
6.1663103740130509,92,92,47,7
0.1086130870751507,92,92,52,4
4.8476415856097201,92,93,39,3
5.7215968340393566,96,97,42,6
2.4973777463393376,94,94,43,2
5.0475901005740864,92,92,49,3
4.1145559527765840,92,93,47,5
0.7811377128657592,96,96,55,5
1.0012362471345628,94,94,51,0
4.9230973092623325,92,93,41,5
2.0738691880865945,92,93,42,4
2.1827104540087192,94,94,55,0
3.0682567128078095,94,95,45,2
5.9813129831700511,92,92,49,1
3.1959960671863024,94,95,50,3
5.9115788020518520,96,96,47,7
3.3381779958640818,94,95,53,0
0.6982195168978608,90,90,41,2
3.4210486824704209,94,95,44,5
6.0898578059675188,96,97,46,2
6.2291321311215251,96,96,46,6
3.6281920599594413,94,95,54,5
2.5573710224494226,96,97,46,2
1.8471701972513352,94,95,44,5
4.1452167837374700,94,94,52,1
6.1869990229119685,96,97,50,4
5.0604803766620128,86,87,43,6
0.7717869251846141,94,94,59,6
4.9618071150654641,96,96,51,1
4.8282664607804247,92,93,51,1
0.2062875786848215,92,92,45,1
5.0535441194535791,92,93,51,3
5.4732131701237074,94,95,42,1
1.4976661493829080,96,97,43,1
2.8379052522530954,94,95,46,3
5.0595765466335676,94,95,50,7
5.8762532073091158,94,95,42,3
4.1176644995384235,90,91,42,7
6.1996978229623183,96,97,54,2
3.8523136461772598,96,96,46,0
5.3775359461634311,96,96,46,6
0.6528260637106792,96,97,47,3
1.5626294419880911,94,94,48,3
2.0612230601117472,96,97,50,4
4.8979294664132977,94,94,41,0
1.7344333709433724,96,97,54,0
4.8837825071916159,94,95,41,0
0.1460903471519892,94,95,50,7
5.1382359358447527,96,97,44,0
4.8091027889851325,92,92,46,2
0.1443433026058873,94,95,46,3
5.6508839116183394,94,95,52,7
0.9446256053599541,98,99,52,1
0.6261803509700454,96,96,47,1
5.3808014646376403,94,95,49,2
4.3754145659427008,90,91,47,4
0.2514340927593496,96,96,58,6
4.2614189973716829,94,95,50,7
0.1739057834342926,94,94,50,7
4.6824913092217511,94,95,42,5
0.2756086028372523,96,97,46,6
2.3485206778272549,92,93,41,1
5.0561958662344573,94,95,55,2
1.1123099702895403,94,95,48,1
1.5558138043366696,96,97,59,3
3.2824391229974008,90,91,51,4
1.1064116979570300,94,95,49,6
4.9943721084168082,96,96,52,2
5.3753232337746812,96,97,48,2
0.8206076538767475,96,96,52,2
5.6607881284573480,94,94,49,0
0.4706007225726122,92,93,49,3
0.8818889097624321,94,94,55,6
4.6778361074111139,96,96,49,5
2.5707431457729877,92,92,37,3
2.1908917316981080,94,94,48,1
4.3621088956944005,92,93,57,1
2.3280672954272452,96,97,47,1
0.4847388324281922,94,94,52,1
0.8565512594569807,96,96,56,6
1.1558865298274570,94,94,52,3
0.6566520990391070,96,97,59,5
1.6057033919469650,96,97,46,2
6.1650252407355204,96,97,53,1
5.2699282679785773,92,92,56,6
0.3581222976688065,94,94,48,5
3.4163156466966429,96,97,52,6
5.9012379192528153,94,95,48,7
5.7837960103471806,94,94,44,3
3.6357672952007785,94,94,45,6
5.9979050736960762,94,95,45,6
4.6825782913148455,92,92,44,0
4.1481387504515510,96,97,48,0
0.7903799745183127,92,92,50,2
0.9004327575972390,96,96,50,6
4.5751022503467471,94,94,51,6
0.3675166517043638,96,96,46,2
0.4348922014275943,94,95,57,6
3.5905067740657106,92,93,50,0
3.8413024919057523,94,95,45,0
2.6367580659542833,96,96,45,5
6.2489514385422584,94,95,52,7
3.7302834425700842,94,95,44,5
1.8068392034711118,90,91,41,6
5.9887354514763267,96,97,53,5
0.9697453570199227,90,90,45,6
3.1554243002260192,90,91,44,3
0.3930072746801665,94,95,47,4
0.6495068124466562,94,95,45,6
3.7631855864212937,94,94,53,6
3.1014344531240940,94,94,40,7
1.9978256208610021,96,97,39,1
2.6675881682138809,94,95,42,7
2.5093110058892045,94,94,41,2
4.8209502995553724,94,95,48,1
0.5781526675863752,96,97,45,5
5.7458815215923060,90,90,46,5
3.5293270916844990,94,94,45,6
3.5517196877355062,94,95,55,6
0.5633495979645007,96,97,41,3
2.0036376068224708,94,94,52,7
3.8460830350022199,96,96,49,7
1.9173519875859701,96,97,57,1
1.7176351643922703,94,94,53,6
4.1885055177361865,96,96,44,6
3.1902252326320695,96,97,56,4
0.2201429239829333,90,91,39,6
6.2408128546184773,94,94,49,0
4.9285946007499577,94,94,47,2
0.2569950348944740,88,89,44,0
5.7112387675861322,94,95,50,1
3.6738708460954488,92,92,51,1
6.1689172714385734,94,94,42,5
0.1119826228472060,96,96,44,4
4.5569401142475670,96,96,53,1
3.5763918520576587,96,97,46,6
5.6392749611451789,96,97,49,3
5.0057268890756905,92,92,46,0
2.0259510477973195,94,94,59,4
3.8883289161736894,94,95,47,6
2.7851344113223973,94,95,39,4
0.3413327341066784,88,89,52,2
4.3149540420984023,92,93,58,2
5.6552795749942399,96,97,53,3
2.5088707023823051,96,97,49,3
2.7946759500085663,94,95,41,4
0.8525086488161409,94,95,53,2
4.0304111935475939,90,90,49,4
3.1686441308740494,94,95,42,3
3.8939404569273357,88,89,41,1
0.7970470185650181,94,95,63,0
1.4950342294629040,92,93,48,0
4.0075739338990450,94,95,55,0
4.0063909129803008,96,96,53,3
5.6472340858744401,96,97,51,5
4.3084104617667336,96,97,50,0
4.2404176364913955,94,95,49,6
1.4989170348587026,94,95,55,0
1.9758735410132802,96,96,51,5
5.8431266580238281,94,95,49,6
6.2055423788256698,96,96,56,0
3.3140002762188807,98,99,67,6
1.4144927190926866,92,93,50,2
0.5717756858854171,94,94,47,2
3.6913907648415933,92,92,48,0
0.1166566248472114,94,95,49,6
1.1150689703366601,94,95,61,6
2.7964815044920570,94,95,57,4
0.0387236407596452,94,95,46,3
5.5031230179528841,94,95,57,0
0.7692362650474268,94,95,45,4
1.8318377694495929,94,95,46,1
4.3531457737284205,92,93,55,5
5.5662142468957354,96,97,53,5
5.8282450393083121,92,92,51,5
4.7658725261637587,94,95,56,3
0.3874497359148942,94,95,46,1
1.5896927039737272,94,94,54,3
1.5530975246082042,96,97,53,7
1.3024899994616774,92,93,47,5
2.0753739780571574,94,94,48,3
2.1006809207456199,90,90,47,6
3.0870927885714861,96,97,44,0
3.2973404966132742,96,96,64,2
3.6772195437470265,96,97,50,2
2.7870289033128275,92,93,46,6
0.0132977007035964,94,94,49,6
2.9049921203961886,92,92,58,6
3.7665223794244773,94,95,50,7
0.9034173345829851,94,95,37,0
1.1278305454764972,92,93,53,7
2.7805403968173348,94,94,50,1
5.7271130952916867,94,94,47,0
1.1612992675649623,96,97,55,7
4.7374272245026710,94,94,48,1
1.4247586891098605,94,95,52,7
2.5187980120599538,94,95,42,1
5.6778398998722857,94,94,51,4
3.4775014101607602,94,95,47,0
5.7881725591783928,92,92,51,3
5.6173781865178576,92,93,58,6
5.7814964330697203,94,94,49,2
3.4838700670937648,92,92,55,1
3.4095039254988895,94,95,56,1
4.2454370327810080,92,92,52,6
3.0859618396812207,90,91,56,3
2.0699252649348963,94,95,47,6
3.2012934166111879,94,95,50,5
1.5021318737736256,94,95,45,6
5.9161014943381405,92,92,50,0
4.9363543774845988,94,94,49,4
4.7089016262255505,96,96,45,1
2.0680467081980920,96,97,46,6
2.0630145039292218,96,96,55,1
5.6039211045285722,92,93,43,7
6.1922132076778631,94,95,41,2
2.5037941165848516,94,95,47,0
4.2255357950453334,92,93,45,5
0.7618255226883991,92,92,43,5
1.3783588977675683,92,93,51,7
0.4972773864095396,92,93,37,1
0.2576497988407835,92,93,56,6
2.2878140522361310,92,93,54,4
5.6641727726671371,96,97,49,7
4.0151160412619751,94,95,54,7
5.4810118352539066,94,95,48,3
0.3638863758222037,94,95,46,5
4.1890362008295483,94,95,58,5
2.2476014537256970,96,97,51,7
4.3863543494192010,94,95,51,6
1.5008732864622214,98,99,47,0
5.1404059313212738,92,93,44,0
1.1490974551956552,92,92,39,1
1.2918965331448897,92,92,56,2
3.3259918278098528,92,93,50,0
1.5354816623845839,96,97,40,6
3.5503790978590049,94,95,49,2
4.2246025099360471,92,93,48,4
4.6741087958540302,92,92,60,6
2.7823511666762766,90,91,39,6
4.1963586230103109,94,95,49,0
3.8434457710229317,94,95,44,1
2.9211314268091511,94,95,46,3
4.5145704097259243,92,93,47,3
4.0210006157519276,96,97,48,6
1.2227203626437027,94,95,49,4
1.4355943773802482,94,94,41,2
2.3822617611401773,92,93,57,7
3.4212801789867919,96,97,56,2
2.3723483547092750,96,97,43,5
4.0219743246072426,92,93,39,5
4.1839515896821435,94,95,41,6
4.5818643018446554,90,91,51,6
2.5367232195472149,94,95,44,5
0.3507305590963454,94,95,49,4
6.0217671990166899,90,91,51,6
5.8585474038209382,96,97,49,1
4.5785161861639523,94,95,53,4
1.6767978483353678,94,95,47,4
3.9753488342053349,94,95,55,6
0.6348850860752139,94,95,40,5
5.0804234262361874,94,95,53,4
1.2402276707059956,92,92,53,3
5.6933519417570340,94,94,49,2
4.2038470680398534,94,95,45,0
4.6284101236220128,94,95,49,6
0.2692304284110376,96,96,51,3
5.9692166936119717,94,95,57,6
1.8541596382223027,90,91,45,0
6.1280790698175194,94,94,38,3
1.0201678216593646,96,96,47,1
4.4035758142124068,92,93,41,7
3.3348716774918352,94,94,39,2
4.7069167370249678,92,92,45,5
0.0796307405555973,92,93,48,2
2.3486948360281841,94,94,46,1
5.0742708923220468,94,94,53,0
5.2873765662429255,96,96,45,7
4.1221369818607307,92,93,51,3
3.9147403261658247,96,96,49,3
6.0707575645775851,94,95,47,2
1.7328365157395624,94,95,49,0
0.0851021899157088,96,96,45,1
5.3369041370204737,94,95,56,5
4.0383191491549919,94,94,48,5
4.3189466072182601,96,97,43,7
3.0813480467825234,96,97,44,4
5.0606008941976226,96,97,43,3
2.5323966941345182,94,95,52,7
2.4744176782873764,92,93,48,6
3.3064332236785989,94,95,50,5
2.0330320490878191,94,94,49,4
2.4765550477294154,98,99,47,6
3.2789988641862502,94,94,57,2
0.4665189243252463,94,94,47,4
0.4976675193192958,94,94,54,5
4.2919056333472509,92,92,43,5
1.1244276320344160,94,95,54,3
4.3857015771040562,90,90,53,6
5.2452088787918623,92,92,55,7
0.9635594011040245,94,95,49,4
1.8666603692972863,94,95,35,2
0.0564731167377377,92,92,45,3
3.1056502879367476,94,95,52,5
3.6641985294196422,96,96,47,1
2.1594871876947224,94,94,49,0
0.9841617151027935,92,93,43,5
5.2503630469181815,92,93,43,1
1.7342372773057868,94,95,53,4
0.7683068590909875,92,92,48,6
1.4493162978244294,96,97,56,2
3.5911951125791077,98,99,56,3
0.0665189888899118,96,97,49,7
2.2487953987719118,94,94,42,5
1.6632566955698176,90,90,51,4
0.0037887564992924,94,94,52,7
1.3139223560537614,94,95,56,3
4.4694479881817664,92,93,54,2
1.5645189141127125,94,95,51,2
2.3688532637953119,96,96,46,4
0.0744500308281119,94,95,52,3
2.7031722771764617,94,94,49,6
4.8981381982921075,94,94,54,7
6.2790790394978044,96,97,41,1
1.2251848544423720,90,91,51,2
4.4319608785997806,94,95,48,5
5.6912524960459265,90,91,46,5
2.8096640100388330,94,95,44,5
1.9300305179623760,94,95,47,6
4.1736190996559914,92,93,51,7
1.9348148004466179,92,92,50,6
0.3523141506703372,92,92,46,0
1.0309540881248103,94,94,46,7
5.2486543532344996,92,92,48,0
4.7634488161810973,94,95,45,6
1.8216914105692354,94,95,50,3
2.1561082411761485,94,95,54,1
2.3674577025617545,94,95,50,1
1.7279392665134776,96,97,51,1
3.1498263734597902,92,93,45,5
1.3076072549157265,96,97,52,2
4.2700061497226853,94,94,52,1
0.8714430247485875,98,98,53,0
2.7326452497682787,94,95,56,7
0.9156502589826718,94,95,48,7
3.8892675268164889,94,95,58,5
1.0813214048683493,92,93,40,2
0.1108570496644149,96,97,48,4
0.0293851253865848,98,98,57,4
0.6893219287862040,90,91,44,7
2.4884166728601351,94,94,48,3
2.2395487857039171,96,97,40,0
5.1322406144568422,92,93,49,1
6.1692776916187153,96,97,38,2
1.1998770975253343,96,97,53,5
2.7013460518744501,96,96,48,2
3.2813037461799408,92,92,36,6
1.7450911020755002,94,95,51,6
4.0303382385346342,90,91,47,0
1.8317361449870415,94,95,46,5
4.0412947699789603,92,93,49,1
3.7302184155792566,96,96,61,7
6.2617486610697561,94,94,51,2
1.7337489476078614,94,94,43,4
2.9720302161279251,92,92,52,2
1.2276561766930798,96,97,54,4
1.8533334382755320,94,95,59,4
1.0797616302710997,96,96,52,4
2.8247106968056692,92,92,47,5
5.8120413611090633,94,95,54,1
4.2370890790367390,96,97,48,6
1.7538269671684019,94,94,44,5
2.2214205915187990,96,96,53,1
1.6766990899800704,90,91,51,4
2.7443998031941641,94,95,50,3
3.1913842207698444,96,97,44,0
1.6991048621520797,94,95,44,5
0.3719426740721574,96,96,53,5
4.6943003398685184,92,93,46,4
6.2117036121742926,94,95,43,4
3.9784572983802899,92,92,46,2
1.0897372752646706,96,97,49,5
5.8731763593346491,94,95,52,7
1.1851248391184910,94,94,47,2
5.1777220875428682,96,97,51,5
5.1283341809535292,92,93,49,5
4.6900260539468501,96,96,43,1
5.9570447641846567,94,95,51,6
1.6647440416126029,94,95,46,5
1.1524266922123951,90,90,50,5
2.2272340706516944,96,97,44,2
4.5942328190393340,94,94,52,5
3.4115270734232803,94,95,54,1
1.8169170702979709,84,84,49,1
6.1895378204287814,94,94,49,6
2.2837775553913837,94,95,51,6
5.0688344850674056,94,94,49,6
0.5137524080518834,96,97,47,1
0.0104767066207491,96,97,44,0
1.3529509194476512,94,94,47,0
4.7387257430019867,94,95,50,5
5.3039191582453249,94,94,47,0
5.1350260923175712,96,97,46,2
0.5145708939801328,94,95,55,6
0.9685132169747768,86,87,34,5
4.3605659748871677,96,97,54,4
2.3999893853712946,92,93,52,6
1.8482951848062330,94,94,45,0
2.1337108505310769,94,95,52,3
0.2303884177206367,92,93,51,5
3.5721948579926317,92,92,62,0
4.0725291719497907,94,95,48,7
3.8997860516007843,94,94,63,2
5.2427660374207026,94,95,43,6
2.8640512724208587,96,96,52,2
4.0689563364004551,96,97,46,0
5.5757845888322528,94,94,52,1
2.6557443656400963,96,97,58,4
2.5633845605961669,94,95,40,5
0.3323012888013739,92,93,55,5
1.5931564818150370,94,95,48,7
0.4874264568188714,94,95,49,4
0.8307984649406371,94,94,45,0
0.6362139180127315,94,95,47,4
5.5636311840128583,94,94,50,1
1.7528682275200638,96,97,49,3
0.2433704959322852,94,95,45,0
5.0473699395454839,94,94,42,7
5.8911957555957244,90,91,61,0
1.9256308406255886,94,95,47,0
1.5719130911612946,92,93,49,1
5.9774039119629165,94,95,47,4
0.4774106015533500,94,95,45,0
2.3582195088456004,96,97,56,4
0.0254814585525889,94,95,51,6
1.1888419885939117,92,92,55,5
0.1822556910839194,94,95,42,5
4.2357905459792287,94,95,40,5
3.6529013523678846,94,95,38,3
4.4812670557314904,92,93,53,7
5.1086134786138659,90,90,48,5
2.0402998724155634,92,93,44,4
3.5542464923019450,96,96,49,5
3.6645776553391198,84,85,44,6
4.0575526703211091,96,97,46,0
3.5455003628612589,94,95,43,6
0.0224399516589461,94,95,48,1
1.6498173835149388,94,95,47,4
3.0246977559028707,96,97,51,7
2.9521686218598129,90,91,49,0
2.7791552966672155,90,91,45,6
4.3379663744734014,96,97,45,7
4.1527580473990531,96,96,48,2
3.7149908862770076,92,92,51,5
5.9639257304636422,94,95,55,0
1.9127620158832888,94,94,50,5
5.7064222492363852,96,97,43,3
1.8796613896282313,94,95,50,5
5.9516250356932847,96,97,53,1
2.2325798001857868,90,91,63,6
2.8885141901566178,94,94,43,6
0.0532210357755964,94,95,50,5
1.3393507390478239,94,95,59,6
5.7132604413556471,94,95,48,1
3.0882762443984704,90,90,44,1
4.7975782965192257,94,94,55,0
1.9898323729372696,94,95,50,3
4.9561615157828811,94,95,50,7
3.3610882881176090,92,92,56,0
2.2748254638301204,96,97,58,6
0.9893122740750235,94,95,53,4
5.7858967413115332,98,99,59,6
3.6820510198003751,96,97,41,3
5.3085863252299177,96,96,51,5
0.8483021766892223,94,94,52,5
5.2531788905979875,94,95,55,6
4.5875906199684895,94,95,50,1
3.3654464664563788,94,95,45,6
0.5356948272346601,96,96,53,7
2.2711350219999864,92,92,47,7
4.9775201858583662,94,94,46,1
4.8669084961719360,94,95,56,5
2.7309072443920810,94,95,55,4
2.9589262761470083,96,96,50,6
1.4114263228665624,94,95,44,1
4.4975431317270074,96,97,55,3
1.5387652826281533,94,94,45,2
3.1893328423245979,96,96,55,5
0.6172692370376422,92,93,35,5
4.4128204684702528,94,95,55,0
4.4274600966026227,94,95,47,4
2.7918518925163349,94,95,60,3
6.0536798346452665,96,96,45,7
5.6438908649769735,92,93,50,2
1.8843083349494651,94,95,42,5
1.7739242967980555,92,93,41,5
0.8637963976169161,94,94,41,4
2.9288905915302546,92,93,45,5
6.0873211559137879,94,94,44,7
3.9109251472380895,94,95,51,6
4.3575084799803641,96,97,49,7
4.3914860226909100,94,94,45,4
1.0232881003578711,94,95,51,6
2.6685121265832903,94,95,53,2
1.2518421109738798,94,94,55,0
1.6428695301368741,96,97,49,3
5.2735782124202899,94,94,52,5
1.5271290564567106,94,95,58,7
0.3499534453062708,94,95,51,2
1.0201870630369165,94,95,49,0
1.2244484637332718,92,93,54,0
0.0832937276321488,94,94,60,3
1.3241247652519776,94,95,45,0
4.9546109265114620,94,94,56,7
4.1546160205940321,94,94,49,0
1.5162854901696319,94,94,44,3
6.2088847413121604,92,93,45,1
5.9051456137734544,96,97,45,5
5.2287901178391891,96,97,50,2
5.3724716376431321,94,95,39,4
4.7560258202313310,92,93,49,3
4.0919979383167924,94,95,50,1
2.3895389823713833,92,92,43,1
0.8272802906605898,92,93,44,6
3.9558817216952380,94,95,59,2
2.7293322032386089,92,93,43,1
0.8955919226843270,96,97,49,1
2.1459288541576433,92,93,45,3
6.1244085586448058,94,95,51,4
2.5716547189843015,94,94,60,7
0.0529439943316814,90,91,43,4
0.3541639389472313,92,93,47,7
1.3836642214932828,94,95,51,2
2.4275852923682391,96,97,52,4
3.7577210172266193,94,95,52,7
1.1392150523597979,94,94,46,5
4.8330790876193745,94,95,50,5
2.1445347585383425,92,92,50,2
1.9452746787580242,94,95,40,1
1.0400455543827676,94,94,42,1
4.8316023831793986,92,92,55,3
1.4784504508248082,94,95,45,6
0.2583984962837706,96,97,58,6
0.3017816165005763,92,93,52,6
3.5343049178179098,96,97,54,6
5.2839222586396160,94,95,50,3
6.0982567212485668,92,93,46,4
0.7125504886636239,96,97,47,5
3.8021849522532531,94,94,45,0
4.4947457961318653,96,96,57,3
3.1700159368419527,92,92,42,2
0.3678328910271886,94,94,49,6
0.5395905041975325,94,94,49,6
4.0211967466518264,96,97,50,0
0.4690018249137202,94,95,52,5
5.5606726719125303,94,95,47,0
1.1741901679390687,94,95,42,5
2.2576973529229534,92,92,45,1
2.9021220441026734,90,90,41,0
2.2968588229363571,94,95,39,0
4.4145600069030229,94,95,47,6
4.1706698126652411,94,94,54,3
2.3429835314615057,96,97,44,2
2.0349293011402407,98,98,50,3
5.2363781791143849,94,94,56,7
1.9788134399692536,94,95,60,7
4.5650868301902880,94,95,54,3
0.0291283284326737,94,94,46,7
5.6477722953976413,94,94,38,5
1.7680139181368102,92,92,52,2
0.6938337445251700,96,97,54,6
1.4937115692872271,92,93,50,6
5.6097965630253546,96,97,52,0
4.2909396328190308,94,95,44,1
3.5661769732765780,94,95,56,3
4.1093339864704390,94,95,53,4
0.3929619359033921,92,92,44,2
2.5836050021296328,96,97,49,5
2.2186917742076995,94,95,47,0
2.2606426430883437,92,93,36,4
0.1190710200507966,92,93,58,2
3.4283026832409256,96,96,53,5
2.5044982169444281,90,91,47,0
2.9081048014297437,96,96,55,5
1.0878006451752167,94,94,46,7
0.0721852147946698,92,93,48,0
3.7072549937622878,96,96,57,3
1.8544801136780122,92,93,51,5
4.5776944873458545,94,95,61,2
2.1653433011399605,94,95,45,6
1.2117857768159210,94,94,54,5
2.7041092373762399,92,92,47,7
2.3029343672624272,94,94,56,1
0.4801318328220100,96,97,48,6
1.9369688411853305,94,95,45,6
4.8142646853350390,94,94,60,3
2.1416905786069633,94,95,44,5
6.2038468293000264,94,94,53,2
1.8994051073313245,94,94,52,3
6.0381285852880540,96,97,46,6
1.4641644090467536,92,93,45,3
5.9635536278495556,90,91,39,4
4.5206965078849342,96,97,50,6
5.9205226156997641,92,92,48,0
5.8780370700885261,94,95,36,1
4.1995622811144964,96,96,46,6
1.3089984911437955,94,95,48,3
2.4150915023522099,90,90,42,5
2.5548806267119795,92,92,40,0
1.1237031850094503,94,95,54,7
5.9744371171290895,92,92,40,6
2.4553319226464407,90,91,48,7
4.3788843497998471,94,94,44,5
3.0251219692808600,96,97,61,3
3.1930795394446694,94,95,58,3
3.2991707311873926,94,94,44,3
5.9086169705545535,94,95,44,5
4.2702748233915955,96,97,38,0
5.5656602816133454,94,94,56,5
4.5955556457323361,90,91,53,4
3.9001199306176884,96,97,45,7
0.5760431334706848,94,95,49,4
3.6954282109604217,94,95,56,5
0.8059690888182987,92,93,48,6
5.1939463882011605,94,94,61,2
0.7723003452214531,94,95,48,1
2.4701401031733274,92,93,57,1
0.1559002202736911,92,92,51,1
1.1110050400248657,98,99,43,2
4.4158482281867473,88,89,42,0
5.3660159095335604,92,93,57,1
2.3835157315501596,96,97,53,3
4.6020957956443960,94,95,45,2
3.1950397065464671,96,97,44,4
2.7439196091767308,94,95,44,7
4.0960963603188185,94,95,55,4
3.7155499444723712,92,93,51,3
3.3072461726176665,96,97,44,0
1.6544461387991181,94,95,52,1
3.5903531327077531,90,90,40,5
5.2038272053345995,96,97,52,0
1.4635187920926396,94,95,52,1
0.5257051137196127,96,96,49,3
5.1969785064182537,96,97,49,1
3.9403811877882253,94,95,45,0
3.7044592585732938,90,91,50,3
2.1719056671017172,94,95,66,5
0.6330151655532018,94,95,59,4
2.2291388579969884,92,92,44,0
3.6852771135342577,96,97,47,1
4.0728772762536529,94,94,39,4
1.8150730058005671,94,94,50,7
2.6109472547147519,96,96,48,2
1.9007617528522220,94,95,49,2
6.0053209021750362,96,96,47,5
5.4066696733533446,94,95,48,1
4.0582540856627780,94,94,50,1
1.8074931874221314,92,93,52,4
4.5968585035733804,94,95,40,5
2.2610744256326907,94,94,45,0
1.1508843289142889,92,92,56,2
4.4552091529605997,94,94,41,0
4.1378483552619878,92,93,54,6
0.4858683747553417,94,95,49,2
0.4310684984158243,96,97,59,3
1.6016561871496178,92,92,43,3
3.4676139835270900,90,91,53,0
6.0718806270709615,94,95,50,7
4.9885103501106949,92,93,49,5
5.2817961111232545,96,97,44,4
0.8435203649080338,96,97,45,3
1.7384832732874309,92,92,41,1
1.4044687335679527,94,94,53,2
3.5278314020188426,94,95,52,5
4.8110980463838695,96,97,49,5
5.5847239747445183,92,93,52,4
4.3484738843162472,96,96,49,7
5.5133851031191119,94,94,46,5
2.7868129106468893,90,91,41,0
3.7491263523956144,94,95,48,5
2.3501589515545791,92,93,49,3
2.5930920987456618,94,94,46,3
4.2078893826790722,94,95,55,4
3.1654254285837102,94,95,53,6
6.0463741266750715,94,95,48,5
2.1749482054257081,94,94,56,1
3.8358969693700655,94,94,50,5
3.0219585358314123,96,96,53,5
1.8211093406541294,96,96,46,4
1.2822931491372702,94,94,56,7
4.4392115493016577,92,92,37,5
4.9599637638783980,96,97,46,4
0.5442525458498011,94,94,40,5
2.4884696655301379,92,93,38,4
2.1617040156290561,92,93,52,2
3.2191848457419305,94,95,44,3
3.8911628019564120,94,95,54,3
3.2725908071447578,96,96,51,7
2.8730862388771992,96,97,46,4
3.9583060985736043,96,97,58,4
1.8152668492296777,94,94,47,6
0.5602307829715309,94,94,53,2
1.4452723607822500,94,95,46,5
1.6161866115243040,96,97,48,0
0.5722595535072243,94,94,56,1
4.8484620861940790,90,91,46,7
4.6202664119325085,94,95,45,2
0.0263393537622591,92,93,47,5
0.2640163529903484,96,96,51,7
0.9595166314378831,94,95,55,2
6.1577476807090621,92,92,48,0
0.0696512474589451,94,95,42,3
1.1528705644589516,98,98,48,3
2.1247111644104675,94,95,47,4
4.5149947605508149,92,92,52,6
1.9478825352554696,96,97,53,1
2.9739089588048429,94,95,47,0
2.3318027083956321,96,96,52,4
0.3407202205439361,96,97,50,2
4.1670871887325278,94,95,52,1
1.7307248002792366,94,95,53,0
4.7731101433803316,94,94,56,3
5.5298944777791537,94,95,46,1
4.2017587204866693,92,92,41,5
2.5021952426344751,94,95,57,4
4.7787540152970092,94,95,40,5
1.3399849151338263,96,96,53,3
4.7231477653534677,96,97,52,6
0.8397442665251678,96,97,54,0
3.7368281616212458,96,96,51,3
2.0580286748257635,96,96,51,1
3.4398241230104349,96,97,48,2
3.7954533247565001,96,97,41,1
2.5440967084732899,92,93,54,0
6.0171636124405028,96,96,52,6
1.7671774088194878,94,95,48,1
2.4712515229600256,94,95,41,6
0.7485067868659639,96,97,61,7
1.0387446309439778,94,94,56,3
2.4348133496209896,92,92,50,6
2.9242863541787520,94,95,46,7
0.5334962280938182,94,95,45,4
0.5933841783836410,92,92,39,7
4.7612056391995106,100,101,54,4
2.2759160451310789,94,95,51,2
5.9724523521750399,92,92,47,3
3.6339455123439870,94,94,43,0
1.8030018122411584,96,97,53,7
2.3938519335804238,96,97,47,5
0.1663987761837032,94,95,52,1
0.8415808903553617,94,95,51,2
2.6446301312298370,94,95,46,3
3.4915036940024886,88,89,44,4
1.2609002508686824,86,87,45,4
5.2191031855911172,98,98,52,1
4.6859108329328754,90,91,46,3
2.8421109268606544,92,93,48,6
1.7410594858858921,94,95,41,2
2.5559724958755372,96,97,50,0
5.6378420119899895,92,93,44,6
2.6206449391284061,96,97,50,6
3.1277512055807111,94,94,48,5
0.3515418285164885,96,96,52,6
5.0592000917038114,94,95,44,1
2.1190274148709309,96,97,48,0
2.0693232575227367,96,97,46,6
3.6638074013618573,94,95,36,3
1.7307809612948351,94,94,51,6
2.6419173838014030,98,98,54,1
1.6719343059935863,94,95,48,3
5.4742020579631712,94,94,49,4
5.9211762770719654,94,94,48,1
1.2993271294853705,94,95,58,1
2.8557947056294304,92,92,46,0
5.7432193392287711,94,95,47,4
5.4869738194611282,96,96,40,6
2.2752082915103569,94,94,49,6
2.1732904805347970,90,91,54,7
0.0497702423209531,98,99,52,3
4.2630240849600058,96,96,63,5
5.9366600112630179,94,95,51,2
5.5014264279502338,90,90,49,2
4.5804560792867068,96,97,58,6
0.9374079150728990,92,92,41,7
4.9155452115882969,96,96,46,0
1.9322062201407739,94,95,48,3
0.0148083385932386,94,95,45,0
1.2458968914596569,94,95,59,6
3.7196640650096926,94,94,51,2
0.3783197724249074,96,97,53,3
3.6195909706832001,94,95,42,5
1.4787550445775643,94,95,56,5
3.7638426457328116,94,95,57,4
0.4107050586207275,90,90,48,3
1.4451869595071936,94,95,51,4
4.7146794076469520,96,97,57,1
0.2830624198484391,90,90,48,1
4.7148461661222916,94,94,47,0
6.2506181184187497,94,94,55,6
5.1941204613273451,94,95,46,5
2.6346758212927637,94,95,50,7
4.5804810051440805,94,95,45,0
5.4385947845936062,94,95,49,2
1.6899325318370433,94,94,46,7
4.2214693842505957,96,97,51,5
3.4900619254153868,96,97,54,6
3.9452609691436189,94,94,46,7
4.9778779499530597,94,94,45,6
4.1112640381775414,92,93,53,1
0.8884543386363524,94,95,42,1
4.8602423675669639,94,94,43,6
3.4613337683061722,94,95,58,7
1.7791612074700209,92,92,49,7
4.5071005513177296,90,90,39,6
1.5738963910569019,92,92,52,2
5.8867700056800825,94,94,49,2
1.5690595583568114,92,93,49,1
4.8988713845501088,96,96,43,7
4.6469281217425280,92,93,34,4
3.6727972311856907,96,97,51,1
5.9479033753872992,96,96,46,0
2.8158724139376985,90,91,41,0
1.9988904263597753,96,96,54,0
1.8736002859745373,94,95,56,7
2.2193998065110097,94,95,49,2
2.5427149776515638,94,94,57,2
0.6377903681207034,96,96,51,5
1.1063729738912111,90,91,48,5
0.7738125668916420,96,97,58,4
4.8855143790640874,96,97,46,6
4.4861140489026718,92,92,51,5
2.2878955897674880,94,94,48,5
1.8625354676374235,96,97,47,1
3.1079882597363784,98,99,43,4
0.4123115083791382,92,92,50,0
4.6037468677961817,90,91,49,4
5.0730567178397328,94,95,47,0
3.6222232560698031,94,95,46,5
3.9287396753354193,96,97,55,1
3.6390603708328619,84,84,47,1
1.2517374748248666,96,97,47,3
2.0399936223051176,94,95,64,1
1.7684361267574267,90,90,49,0
2.2092914125748551,90,91,35,6
1.8900057838786077,96,96,47,3
1.5311242311622666,94,95,48,1
4.1127335928865074,92,93,43,3
4.9269937658456069,94,95,42,3
5.6191877782414172,96,97,47,1
5.8417293336023182,90,90,37,4
4.9262643941613939,94,94,50,3
2.0454714666139182,94,95,47,6
2.6075508397001519,96,96,42,2
2.8213462083917773,92,93,39,5
1.2882064120757750,92,93,40,4
0.5471828638591366,92,92,43,1
6.1770827453958281,96,96,48,0
0.4276626816472514,92,93,53,1
5.3241416328453717,94,95,49,2
3.1892072374602223,90,91,52,1
2.0929947636888402,96,97,51,1
5.9298346161611626,94,94,50,3
5.0357601877524507,86,86,43,4
2.0431215344595137,94,94,45,2
0.7024629682740031,92,92,41,3
0.6984422646228815,96,97,51,5
5.4493282681616124,96,97,61,1
3.8653331581752530,94,95,58,7
3.2520844208151294,92,93,42,0
1.8767144536921414,92,93,45,3
5.9859604406886868,90,90,39,6
1.0626932475153830,94,95,55,0
0.3815471151421392,94,95,46,7
4.9093534808660548,94,94,44,5
3.0154428214750304,96,96,53,5
2.7111707199251760,94,95,47,0
4.7967264394756883,94,94,51,0
0.3801820892536904,96,97,47,3
3.8760483163393236,94,95,49,6
4.2172179090801363,94,95,51,4
3.5949434244638843,90,91,40,5
5.9970666317658088,96,97,57,1
3.5689834901754103,96,96,46,6
1.4588315274143249,94,94,54,3
5.9281517699661537,94,95,44,5
0.4175847293757395,94,95,45,2
5.7916988499879514,92,93,46,4
2.1765304080095702,92,93,46,4
0.5111051753204451,96,97,53,5
5.0627003642607740,96,97,52,2
3.6730570415581747,96,97,49,5
4.3488516335044514,94,94,49,4
2.9404219988390605,94,94,43,6
2.3389314310979659,92,92,45,1
5.6303321094502339,94,95,56,3
2.9589860817135887,92,93,50,4
3.8462092468578044,94,94,46,7
3.9315151794100722,92,93,48,2
2.6541607929707087,92,93,40,2
1.1436429677772908,96,96,46,2
3.6688314544220000,96,97,43,1
5.1142445247073542,94,95,50,1
4.5945521487733467,94,95,40,5
4.9904451491623307,94,95,47,6
4.9476417974062743,96,96,51,1
3.2511322900686523,96,97,52,6
6.1004726173979398,96,97,43,5
0.6333294104947579,92,93,48,6
5.3280176324106865,96,97,48,2
1.2544478186274008,92,93,52,6
5.0005632345033852,96,97,61,1
3.1778039899224808,96,97,53,1
4.8504156381947512,96,97,51,5
5.6473500535916319,96,97,46,0
3.2018966018542425,92,93,55,5
5.4060711056529698,94,94,53,2
4.9901766491683732,94,95,41,6
5.7537035141435204,96,97,57,3
3.1260222981422574,94,95,46,1
4.5178290507003815,96,96,60,2
4.3563146271372375,94,94,56,7
3.9456001887838039,96,96,53,1
2.8168954176015499,94,95,54,7
0.5740989727708983,94,95,52,5
4.3133131618105756,94,94,45,4
3.2939978240173207,94,95,50,5
3.6916690468798925,94,94,53,6
4.3360077302956972,94,94,47,6
6.1093432294062238,94,95,49,4
2.2299483572781198,96,97,54,2
5.4402503042366863,96,96,55,5
5.6228889044246690,94,95,51,0
4.9153166868799998,92,93,46,4
2.1493153341938664,90,91,45,2
0.4913091570636103,92,93,46,4
5.9405701194730449,96,97,51,7
2.0101452996999853,96,97,56,2
3.7326072626790889,94,94,46,5
1.6956947283549044,96,97,60,6
2.8151239593861019,96,97,49,5
2.8754649421607006,94,94,50,3
0.3422098164283708,94,94,50,1
2.3947937283121088,94,95,46,1
1.0244996826645709,94,95,44,7
3.4156838600417001,94,94,49,2
4.1162900332052965,86,87,42,3
4.2784735608596094,96,97,48,6
4.5061030068274679,94,95,46,5
0.0111599646132064,94,94,41,0
2.8832567851019935,94,94,56,7
1.1170431099268729,96,96,44,4
3.5393826431381168,90,91,49,2
0.2426330396056956,94,95,52,7
4.5929548261154700,92,93,39,3
0.9321863657118556,92,93,53,1
5.7461302005333410,94,95,52,1
1.7190986062669034,96,96,59,3
4.8470553863210482,94,95,49,0
0.2306191967136295,94,95,53,6
4.4563287163425578,94,95,51,6
3.8287215513719599,94,95,48,1
0.1344188035791979,94,94,51,2
0.8154025427725539,94,95,44,3
4.4155870498037997,94,94,55,4
4.0542609083035561,92,92,57,1
3.6400878179263998,96,97,48,0
1.9401973807211303,88,89,46,2
4.7463797252241005,96,97,52,4
1.3933050647641412,92,93,49,1
5.2033047083253772,100,100,50,0
4.9280866583571132,92,92,48,4
2.5887998586813934,98,98,55,0
1.4519966538531341,96,97,48,6
2.7471446677146401,92,92,47,1
4.7343990615573244,94,95,51,4
5.7662860591468794,94,94,59,6
5.1989658414318507,88,89,37,3
4.6419638892644777,92,93,50,6
1.9702337741260121,94,95,45,0
2.5949362907785716,96,97,54,4
1.8321153056844046,94,94,52,5
5.9446855034589152,92,93,48,6
1.0561168310075379,96,97,58,6
3.1066918550661544,92,92,44,2
5.0137779289433171,90,91,38,1
4.4538121762906897,96,96,57,3
0.5443358617425827,94,95,54,7
1.3351767701830695,92,93,46,2
4.8363780413710833,94,95,48,7
1.5140303055372890,90,90,47,2
4.9062899948810266,94,95,44,7
0.5070621842427031,92,93,49,1
4.3648659634014191,90,91,47,2
6.2415176456041639,94,94,50,3
0.3752893178150741,94,94,46,5
5.2396000468393211,94,95,44,1
4.5861756333335730,92,92,50,2
5.3140358063663307,96,97,42,6
4.9908303164187178,94,94,38,5
6.2523250755916120,92,92,44,2
3.1967690122241579,96,97,48,0
5.4475477932152812,94,95,43,0
1.1711793936499311,88,89,47,5
0.1989926571812290,90,90,50,3
1.1370059987973435,96,96,56,6
3.5777385098009811,94,95,55,6
0.8362567750325036,94,95,42,3
1.2832016732433853,96,97,44,4
2.0447776385914405,96,97,50,2
0.9834911502486560,94,95,49,4
3.5474447302024776,98,99,53,2
1.6985368981826072,94,94,60,3
4.4416389881135432,94,95,47,6
2.7305845005926610,96,97,57,1
5.4980528068398176,96,97,52,4
2.9717281071770696,94,94,47,6
4.0150552478188679,96,96,57,3
3.8470354089578365,94,95,47,2
2.1579760507795127,94,94,46,1
1.3958735430718381,94,95,50,7
6.2278345438819027,96,97,45,1
1.0742223023829165,94,95,55,0
5.2113553627851887,94,94,49,4
4.7352208225512316,88,89,45,7
3.9301755997771508,94,95,49,0
2.8224398462920925,94,94,51,6
1.7258110786828778,94,95,47,4
4.5854143710920754,94,95,55,0
5.1110746451054041,94,95,38,3
0.1201895130332532,92,92,49,1
2.4207860475017347,94,95,44,3
5.6901939328941369,94,95,56,3
1.1756653914372990,90,91,49,0
2.7483079773621761,90,91,48,3
3.7600178579119179,96,97,50,2
2.0511847488421204,90,90,53,6
4.6361850307616645,92,93,50,0
3.7177419909832179,96,96,55,7
1.0852571462731615,92,92,45,7
3.2395180420971657,94,95,48,7
4.0491699465347395,94,95,54,1
0.3840173927571056,92,93,53,1
6.1772459286985875,94,95,44,5
2.2148198467576710,94,94,45,0
5.8734593096218983,92,93,57,5
2.9257455422318874,94,95,58,7
0.6627820154332893,96,97,49,7
2.2624333172676621,96,97,48,4
3.8103092502654619,96,97,49,3
2.0415439215142110,84,84,41,5
1.8476336384006771,94,94,54,3
3.2233409396480948,94,94,46,3
2.4729578042857803,94,95,55,6
1.7280214243054226,94,95,54,1
2.9357295042871279,94,95,50,1
1.8941513066439877,94,94,58,3
4.5677809851132301,94,95,48,5
3.9056920658792240,92,93,49,3
0.2902370643786828,94,95,45,2
5.5150986351982150,92,92,36,2
3.8364960305250588,92,93,46,4
0.1893530214341873,94,95,51,4
4.1196391199918967,92,92,46,6
5.3596591426190425,94,95,52,3
4.3870566523989893,94,94,46,5
0.7872135247412202,94,95,43,4
1.1778635887496824,94,95,50,7
2.9728252724235027,96,97,50,0
3.0782952249354474,92,93,48,0
4.0117236710409543,96,96,49,3
1.6870445595831884,96,97,45,5
0.1301309960850741,90,90,49,4
2.6710264288723651,96,97,51,1
5.6093503749596456,94,94,41,0
4.2958935263601985,96,97,45,3
2.0504032123808593,96,97,47,7
4.3717990807363831,94,95,56,7
3.5389214445041315,94,95,54,1
2.7397888766919420,94,95,43,4
4.5400130497397226,94,94,57,4
3.2667578728790314,96,97,47,5
0.8427976938326643,94,95,47,4
6.1040990793448309,94,95,45,0
3.4560504383526380,94,95,46,3
1.0318357151588147,96,97,50,2
3.8308636532663871,88,89,52,0
1.1061014029349447,94,95,48,5
5.5146758970174226,96,97,47,7
1.6725870959004259,92,93,53,5
3.0249116158080462,94,95,47,2
1.2306270913207531,96,97,53,3
3.4914502598350055,94,94,47,0
0.3872992770310985,94,95,46,3
2.6673855094864756,96,97,61,5
3.4253959463316592,96,96,47,5
4.7011775124420891,94,94,44,1
4.3645741690922186,92,93,52,0
2.6507832497955786,94,94,52,5
5.6431435655404085,92,93,51,3
0.1169211781821290,96,97,58,0
2.3100117619775085,94,94,47,2
1.2889364140801316,96,97,47,5
5.3113751666656439,96,96,42,2
0.8173650661412413,90,91,54,1
2.1448031825706453,92,93,54,2
3.1613395353306712,100,101,51,7
0.6822472106769966,94,94,50,3
5.3180175526876763,96,96,53,7
0.2855954330878265,92,93,52,2
5.8317957189954122,94,95,44,1
4.9794287334553857,96,96,49,1
3.8772403784416403,96,96,48,6
1.0573499263961539,94,95,47,2
3.1680159089742856,94,95,49,6
2.2153732511247237,92,93,52,2
3.4355499511492642,92,93,51,3
4.4197219711596940,96,97,54,4
2.1812928653637260,86,87,49,0
5.3523724003492577,94,94,48,3
5.8705726093281276,94,95,45,4
1.4090696128994400,96,96,52,4
3.5615141440350802,94,95,48,3
2.6478490886702830,96,97,48,0
1.2391462068066164,94,94,52,1
2.8429974099869426,94,94,48,7
5.1394066225706014,92,93,53,3
1.9120772634143448,96,97,52,0
2.2944359985391141,96,97,51,7
1.3812479502247201,94,95,37,4
3.6480972269315863,96,97,48,0
5.2301947819148866,94,95,59,6
3.4552894169319424,92,93,42,4
3.8100596002156730,96,96,46,4
4.7992307875029221,92,93,45,3
6.1984418844386022,92,92,48,6
0.0802078358650864,98,99,51,0
2.6308928401408367,94,94,51,6
0.6548160504852697,94,94,47,0
4.8118740003473341,92,93,54,0
4.1899632507220925,94,95,46,5
1.8129708030449225,92,93,44,0
0.2106539713384033,94,95,46,7
4.8818288652194175,94,94,50,3
2.6996984654105423,94,95,47,2
0.3189937509614121,96,97,53,7
5.0168067869636319,94,94,42,5
5.1497782168606472,96,97,58,0
0.1483480997634610,94,95,58,3
1.3405818295980139,90,90,42,3
3.4198790240217729,96,96,52,6
0.9110713989415102,92,92,47,7
3.1203119320340780,92,93,52,4
0.6087900092865122,94,94,46,1
5.7591330585847462,94,95,50,7
1.9979487285498565,96,97,42,2
2.5051921606547460,92,92,47,1
4.2005839377816701,92,93,58,4
1.8337616730524497,90,91,50,3
2.1407890434461727,96,96,58,4
5.4418846939417538,90,90,41,4
3.0744760651517145,92,93,48,2
5.0974034830724033,92,93,58,4
0.8943857668968735,96,96,45,3
5.0343547692151080,94,95,51,2
1.8087429733521989,92,93,53,3
1.4712327885330223,96,97,33,5
2.9914642495453849,92,92,33,5
3.5357607527577657,96,96,53,5
1.5718491359847921,90,91,51,4
1.1082873594931881,92,92,46,2
2.2063725154185150,94,94,42,1
3.2639423906715583,96,97,46,0
4.5918427783911016,94,95,41,4
3.4324916841535300,94,94,50,1
2.5338141402132566,96,96,43,5
4.9733738973363728,96,97,50,6
2.0516170508008456,96,97,51,3
0.0779985554753133,94,94,48,3
0.5337736950039064,96,97,47,7
0.4971427222234884,94,94,48,7
2.5421291825744441,94,95,49,0
5.4046272247783609,94,95,46,7
2.5787799610904769,96,97,51,1
3.8150495078248077,92,93,55,5
3.3310336265112754,94,94,45,6
0.2476290449735189,96,97,50,4
5.8591844250681193,94,94,48,5
0.5510822992080601,94,95,52,5
5.2225436331262767,96,97,54,0
1.9807270793986338,92,92,50,2
0.5692870427858640,92,92,44,2
5.1215685044257580,96,97,51,7
1.0255939852771199,94,95,58,7
2.1545850160765947,94,94,44,1
1.0981812791675858,96,97,49,7
0.0080442687200592,92,93,48,2
6.2443259003553697,94,95,47,0
4.4246206410135374,92,93,47,5
4.2505747618218948,94,95,44,1
0.2740056703472836,96,97,42,0
5.4479171377802258,96,96,56,2
2.2927392960022686,96,96,53,5
5.4264801205456097,94,95,50,1
4.4924299440819686,92,93,45,7
0.5114596726943119,94,95,45,2
4.2110075174462418,94,94,48,7
6.2561442783885619,94,95,54,7
3.2269418750853287,94,95,50,3
0.0278775404435695,96,97,49,5
2.5576908849193920,96,97,50,4
2.8390535720179000,94,95,42,3
1.8814329258355909,96,97,44,0
3.2490623499897739,94,94,56,1
6.1092702539339809,96,97,50,4
5.2912380202244584,94,94,44,1
0.1365610507781075,92,93,49,5
5.9223646399769931,96,97,51,5
4.3646463331580900,94,95,51,2
2.7376141340433380,88,89,48,2
2.3673540966885604,92,93,47,5
5.2099951750316427,94,94,51,2
1.3831917706200771,88,88,38,0
2.8606594804379228,94,94,47,2
1.2859220464978234,96,97,54,0
1.0321677937109466,94,94,45,4
0.8581277995601285,90,91,53,4
3.1150176267110630,94,95,50,5
1.5244954605610901,92,93,47,1
2.9398445201428611,94,95,47,0
4.8401880102163668,92,93,52,6
0.8586359213620238,94,95,52,7
5.7265964119144277,82,83,44,5
3.4218777287632736,96,96,43,5
3.3659482429058327,96,96,43,1
2.5272439266160420,94,95,50,7
0.8002977803949863,96,97,49,5
1.0630126567878730,94,95,49,0
2.4938873160366994,96,96,46,4
0.2551647382448750,90,91,48,7
3.5248050533920692,94,94,53,4
0.3840634299098243,96,97,55,1
0.1576695171759444,90,91,43,6
0.2308967372773493,96,96,49,5
2.9562531933510927,94,95,45,0
1.9576143718501684,94,94,40,3
5.9213385243434065,94,95,47,6
5.6764895241157696,94,95,51,6
4.4362731531175275,94,95,51,6
1.5180505846124455,94,95,48,1
0.9704186803822591,96,96,36,0
1.7017033545812268,92,93,50,2
1.6677099889191505,96,97,56,2
0.1020988357731638,94,95,43,6
0.3822215525695242,94,95,49,6
4.7724887167627870,96,96,53,7
4.9356388129888007,90,90,44,3
3.5815793390111574,96,97,45,3
3.5313396173729195,94,94,46,1
4.6711871683274460,94,95,47,6
1.5934749453485979,96,97,50,6
1.5255242611484150,94,95,41,6
2.3133954287184810,94,95,51,2
3.2278333774791923,90,91,52,3
6.2423342353392792,90,91,50,5
2.9675367388152543,94,95,48,5
1.5882336068948637,94,95,56,7
4.6734112595799147,94,94,43,4
3.2209039151696244,94,95,46,1
3.7832548273190354,96,96,50,0
3.0057918409233406,94,94,45,2
1.2438589660506796,94,94,50,7
5.2729191499359720,96,97,49,5
4.3172872891992515,88,89,42,0
5.3383443337214889,94,95,56,1
2.6180945350887201,96,96,54,6
3.3521091351220771,92,93,47,7
2.1453481532313394,94,94,53,0
5.2220904976029088,92,92,48,0
1.6615897019024159,94,94,35,6
2.2233551579279061,96,96,50,2
5.9282551867285944,96,97,40,4
3.8363431742162866,96,97,54,0
1.5477884340967620,94,95,47,6
0.6879399887021019,96,96,50,2
4.2146140411282165,94,94,50,7
0.6383632861718654,96,97,51,5
1.6113932007101694,96,97,55,7
5.7908004916101055,100,101,53,7
4.4802345943700423,96,97,47,1
4.0070341122325566,96,97,39,3
5.2649588130577003,94,95,52,1
3.5071498025603605,94,95,54,5
0.8844416317052557,94,95,47,2
0.4897370862881110,96,96,47,5
2.2544988360540184,94,94,45,6
1.1023959158787062,92,93,32,4
4.9584414670434942,94,95,48,3
5.1348270844334536,92,92,51,5
2.7047458897854257,94,95,48,5
1.2212414783185541,96,97,51,7
0.0253354459831881,98,99,50,3
3.1266026771744522,98,99,56,7
6.2361520006407867,96,96,43,3
3.1631109646782294,94,95,43,2
2.5100593732136205,92,93,45,1
2.7140768344451085,96,97,49,3
3.0653289854186334,88,89,36,0
3.4385899836450968,94,95,55,4
2.9482055319628149,96,97,41,7
2.7045053923265359,94,95,48,7
0.1366301319288150,94,94,54,1
2.3510351638177229,94,95,49,0
2.6149897438961278,94,95,39,0
2.1960645093844362,94,95,53,2
4.7756484151812550,92,93,50,4
6.2439439795459695,96,97,44,2
0.6194526874477235,96,97,55,1
3.6894426940455789,94,95,53,2
3.6822484281470156,92,92,59,3
4.9797927478194204,94,94,42,5
4.0073733777713620,94,95,48,5
4.4697325619067412,94,95,48,7
0.8377315551772769,94,95,46,5
2.2399595838132669,96,97,43,1
5.3856404950319199,96,97,48,6
2.1508222192155162,96,97,46,6
2.3449446474573281,94,95,51,0
1.8565223108300524,94,94,48,1
3.6238123928648127,92,92,50,4
0.5949843248078163,92,92,43,7
1.1410507044464533,96,96,41,1
0.6455757380609043,92,92,45,7
5.7321748131369432,94,95,50,3
0.7845577632092747,92,93,47,1
0.9615704154387011,92,93,45,1
1.2589437838708573,92,93,48,0
1.5408065738846901,94,95,42,7
0.8123119194740195,94,95,52,3
1.5299607737879808,92,93,48,0
4.3024165674835499,96,96,49,3
4.7050917779783550,96,96,62,4
0.2238610516650839,94,95,56,3
2.5460061336776110,94,95,48,7
1.5655104238466615,92,92,58,0
2.2409566918384405,96,96,49,1
0.8013360090696376,92,93,47,1
2.2016358743272839,92,93,45,5
4.6227256747136982,98,99,49,0
4.7157831171479838,96,97,42,6
2.7702980689752761,94,95,47,0
5.8494491340861474,96,97,45,7
1.9384800351247695,96,97,51,3
5.7462165586206559,96,96,47,1
2.8866355480976846,92,93,54,0
5.1418308708680991,94,95,49,2
5.3694319872114153,94,94,63,2
1.6753721232550893,94,95,50,3
1.4722769774907005,96,97,53,5
2.5313745169730653,94,94,46,7
2.0295301877018255,96,96,50,0
0.7868709252242735,92,93,43,1
6.0009725356057508,96,97,44,6
4.1029316814296193,94,95,42,3
1.3920661210889924,92,92,40,0
2.9542423537711446,92,93,50,2
6.2339585159411817,92,93,47,1
0.0215048445525451,92,92,42,2
6.1633161849316647,94,95,62,1
5.3738573451001823,92,93,44,2
3.6790656949294229,94,94,50,1
2.6981386764902378,92,92,46,6
2.7091696553342848,92,92,44,2
4.7805929672418905,92,93,45,7
5.4682674727983720,94,95,60,5
2.9039101535595941,94,94,43,2
1.2524954255285767,96,97,44,2
0.9265109754507868,94,95,46,5
2.5892989758307876,90,91,44,3
2.1487954614456450,92,92,53,7
0.7938432717878094,90,91,46,7
6.1151292403437729,94,94,45,2
3.4792394458021372,94,94,51,4
0.4761025323996301,94,95,65,4
2.6400505427126575,92,92,45,3
5.1851704443217388,96,97,60,6
0.1879161965023339,94,94,54,1
3.1298216820275724,92,92,45,7
2.4896977246157963,96,97,41,5
4.7018607260310850,94,95,54,7
6.1495191797885100,92,93,56,4
5.1434567436689642,96,97,42,2
3.2262099288678527,94,95,60,1
1.2737205410663250,96,97,48,6
3.6594828941025002,94,95,51,2
2.3660325452880642,92,93,48,2
5.3270638266269543,96,97,54,2
1.8502453116385382,92,93,45,3
6.2792185176573048,94,95,54,1
3.7607226046936275,96,97,44,4
0.6180728079622104,96,97,50,2
3.5570505159643786,94,94,49,4
5.5216645952634664,92,93,45,7
0.0847228809255769,92,93,45,1
0.2977638995584104,92,93,45,7
6.2214858319745900,90,91,61,2
2.2096307792327603,96,97,56,6
5.5762426218381140,94,95,42,1
3.5466290032315464,94,95,52,1
5.5815541218459614,96,97,48,2
5.7432275897660157,96,97,48,0
3.9493694045972840,94,95,51,2
2.7077076666226469,96,97,50,6
4.7009931571815757,94,95,45,0
0.6967075770059750,90,90,38,5
5.6489270210955267,94,94,44,7
4.9194437353209715,96,97,59,1
1.7470857777405693,88,88,52,6
1.7086354963715904,96,97,51,1
4.8370470748709398,94,94,49,6
4.6547072175678883,98,99,50,7
5.8122621842387820,94,95,39,0
5.0580803824510090,96,97,52,0
3.2226717680944801,96,97,50,4
6.0665544093871429,92,92,52,0
4.5281458839542266,94,95,48,5
1.9622790072565377,102,102,60,5
0.0180522026736348,96,96,49,3
5.2499034392871486,92,93,48,0
5.8318874602684465,94,94,54,5
5.6707879104383307,96,97,56,0
1.1212249267689296,94,94,51,2
2.4061336622985907,94,94,55,2
3.3659337633518995,96,97,52,2
5.1300071002131453,92,92,39,7
0.0385266567863359,94,94,48,1
5.9348898394333327,92,92,38,4
3.7856639578202418,92,92,48,0
2.7692334763926092,96,97,59,5
1.7519596254380145,96,97,49,3
2.7359898242581773,94,94,45,2
0.8216893376523111,96,97,57,3
4.1075197916666282,96,96,57,3
3.3963086106619964,94,95,44,1
5.6058776542178164,94,95,54,1
3.7354479635412168,92,92,50,0
1.9032286393992732,90,90,48,5
3.5932732813086781,94,95,51,6
4.7052446738077700,94,95,41,0
5.5145182966170498,96,97,45,1
4.4467181675515626,94,95,50,1
4.4248204251791510,92,92,44,2
0.8025535646862324,90,91,50,3
0.2571178076493693,92,93,46,2
1.1935211749353791,96,97,47,1
1.4913063270469733,96,97,55,1
1.3963423124400522,96,97,52,4
5.5613800837135594,96,97,49,5
2.5395072896333137,98,98,53,0
1.9717709313774991,96,97,57,5
5.4574424688644330,96,96,53,1
0.0341659500944444,94,95,52,7
0.7235726060822070,96,97,52,0
5.0024783702170605,90,90,45,6
4.8543744624662262,96,96,49,5
5.9132362674000527,96,97,55,1
2.1209639742759792,94,95,46,7
5.8294538769189703,90,91,49,4
3.2936909445424063,92,93,49,5
6.2124621975662997,94,95,52,5
2.5984566219495999,94,95,51,6
5.2796294912516784,94,95,42,3
3.2147215948826648,96,96,48,4
3.4817020364893989,94,95,53,4
5.1378593163203794,94,94,55,2
4.3839736996134056,90,90,49,4
2.9275952731544543,90,91,44,5
0.7185837173534730,94,94,60,7
4.6397421879771548,96,97,47,5
2.5217948576582629,92,92,51,3
5.0299349820743764,96,96,47,7
1.8638973125474343,96,96,39,5
0.2793561629239319,92,92,49,3
1.3584497733248395,94,94,52,3
1.2150526050915114,94,95,49,0
0.4397088309120374,94,95,49,6
0.6912286118755303,92,93,41,3
3.6186931537172957,94,95,47,2
0.5801282078361177,94,95,54,7
3.6144176497471747,90,90,46,3
2.3703233764646310,96,96,47,1
5.5552274912734854,94,95,40,3
4.3201087902823634,88,88,40,4
3.0755513755913251,96,97,44,2
3.7037745448880894,92,93,44,6
4.4596464296010145,96,97,43,5
1.9851826916659416,92,93,51,5
3.3981970204408478,94,94,45,4
6.2154171527068884,96,96,42,4
3.0120950244570515,96,96,52,2
4.0125231809693291,94,94,55,6
2.9438249657980893,96,96,53,7
5.8461426168709378,94,95,55,6
3.6732334498151475,94,95,55,2
1.7829652863517436,94,95,45,6
2.7697493849584212,96,97,54,4
6.1203062993906734,90,91,50,5
1.1868910543572802,96,97,43,7
1.4597597742673600,86,87,52,1
2.5313257977219181,92,92,49,1
5.5802275159776586,94,95,55,4
2.2590651776334290,94,94,44,1
3.5873657808149408,94,94,47,2
1.3360766820412731,92,93,51,3
0.0848554274035350,96,97,58,2
3.2465324494184253,94,95,45,2
0.3680502949898559,94,95,47,6
0.9712078533728684,92,93,51,3
4.4967000689692833,94,94,51,6
3.7486703146899432,94,94,56,1
5.7515733696677289,94,95,55,0
1.4061676712457760,94,94,49,2
2.9172335247640286,94,95,47,0
1.6535132406366835,94,94,47,6
3.8954873764831728,94,95,45,6
0.0915907540090464,94,95,39,0
1.4474574627308343,94,95,42,1
1.6144675512203797,92,93,39,5
0.6590140009259438,96,96,51,1
1.3358083773274496,92,93,41,1
0.2236279299242852,94,94,40,5
4.7969969868251496,94,94,53,0
0.1160603173202988,92,92,46,6
2.8958159084066462,92,93,52,6
1.2662601279643788,90,91,47,2
2.3054523490990007,94,94,52,3
2.7423350366334178,96,96,43,1
0.5719014459086684,96,97,56,4
6.2662248861510692,96,97,48,6
3.9970419994041166,92,93,48,0
5.1775868707102646,94,95,47,2
2.3773977794566137,94,95,36,5
1.1873121505941771,96,97,52,0
0.1912501219593669,92,93,45,1
3.2886071792462745,94,94,43,0
4.5192685112548112,94,95,42,1
0.1279109614030251,94,94,45,0
4.7320700118497596,94,95,48,3
5.1262555857804566,92,93,46,6
5.6266982934836127,92,93,49,5
4.0673483666411698,92,92,47,7
1.3551506134454949,94,94,44,5
4.8379167890006336,96,97,55,3
4.8362789905178634,94,95,50,7
1.4382932801686388,86,87,49,0
4.2588231186268457,94,95,46,7
3.9779663456378769,96,96,44,6
4.3696409597413695,88,89,52,6
1.5081312681710164,92,93,50,2
4.8392056755871620,94,94,50,1
3.4856084103300526,94,95,47,4
3.8484210099883605,92,92,45,3
4.2349331739714637,94,95,35,4
1.7937382800426649,92,92,51,3
3.8388236649421503,92,93,48,2
4.6845257815736883,94,94,58,3
1.3231097684823674,96,96,60,0
2.7377651279490163,88,89,40,2
2.8105489281576883,94,94,46,1
1.0330474196821406,94,95,53,0
0.8448089884550612,94,95,52,1
5.5810220728401436,92,93,52,6
4.9876027246875800,92,92,49,1
0.7484835203712079,94,95,47,4
2.8227524929535130,94,95,46,1
6.2286168666809232,92,92,45,5
2.2420780476508333,94,95,46,7
4.7011853517721001,92,92,45,1
1.4688963935891068,96,97,43,3
3.9798237943077730,96,97,56,2
4.2191266998709258,94,95,44,3
5.5732439241101588,94,95,59,2
1.4521650808111137,94,95,52,1
5.8544877817128942,94,95,53,6
0.1576825129752167,96,96,50,4
0.1785590333634233,96,96,51,7
0.3768530914741338,94,94,47,4
0.1331540085872714,96,97,55,1
2.2467243845283438,96,97,47,3
2.8935089391118751,94,95,45,2
3.8029614466791810,94,94,46,3
0.5934168849631463,90,90,53,6
2.6375642137257675,94,94,49,0
5.4701989359063070,94,94,45,2
1.1613058435475867,96,97,44,0
3.1438619523718327,94,95,53,4
5.8147332256276902,96,97,47,3
5.7320581669799857,90,91,55,6
1.5568262359016720,94,95,55,2
5.5285013164479926,96,97,55,1
3.4538150758401471,94,95,48,3
0.2618905841629359,92,93,54,2
2.0856538911794593,96,97,52,0
0.8404038487488317,94,95,51,6
1.2542236672414782,96,97,48,0
1.1080696685218121,98,99,52,3
5.7013531818603491,96,97,46,0
3.2873825121651215,94,94,59,4
2.0900096985906904,96,97,48,2
0.0321577921300338,94,95,49,6
0.2820284106819245,94,94,60,7
3.3466847674391200,96,96,44,6
0.6100684655151193,92,93,46,0
1.7452782135246057,88,89,43,5
0.8205293557320950,96,97,57,1
5.3398475788913684,94,94,40,7
0.8856180996772831,92,93,38,6
5.1036372479637064,96,96,54,0
1.7027160301359057,92,92,42,4
3.6385742490595119,94,95,45,2
6.0754979503542197,96,96,52,4
2.5670312503608517,94,95,50,3
1.9134283729222166,94,95,55,2
4.4646221913166118,92,93,45,1
4.6827633708667298,94,94,46,7
3.3212566499772049,96,97,46,2
2.4578115682841775,92,92,45,7
0.0536346571216212,94,94,50,1
0.5730085857734524,90,91,46,7
1.0756873111107101,94,95,50,5
1.9336767239618911,94,94,42,5
1.7666067122682498,94,94,44,3
2.3096358027665569,96,97,50,6
2.4100678521753038,92,92,42,0
0.1421209554924242,94,94,48,5
2.4298652087125334,94,95,43,0
4.6523418311567060,94,95,49,6
5.6886122318378884,92,93,38,0
2.8157784003480950,96,97,53,7
5.3890241763906879,96,97,46,2
1.3573951590841529,94,95,49,6
5.4722015995523217,94,95,50,5
6.2046703352654484,90,91,43,2
4.4973503636959213,94,94,53,2
4.0637454409597487,90,91,44,3
4.3185718618406144,94,95,50,1
3.4074626446079441,96,96,55,1
5.9807334348437298,92,93,47,1
1.7570354180926420,94,94,48,7
3.8383190750759346,94,95,40,7
3.7009497539946303,96,96,53,3
5.3684361094810882,92,93,45,1
3.7465276809751162,90,90,50,1
4.2515849063934672,96,97,60,2
4.3714378017869411,94,95,45,4
1.0648359950280200,90,90,38,7
3.9834012201612783,96,97,53,3
2.9503080983511691,88,89,43,5
4.9872692059564372,94,95,47,0
5.1097531902580675,96,97,44,2
2.7851932633492753,96,97,50,2
3.3247047760411306,92,92,38,6
0.3285833058751804,94,95,55,4
2.8041511148491614,96,97,56,6
0.5662144046547394,92,93,49,1
1.3333001264762820,94,95,48,3
1.4918250933101369,94,95,46,1
5.5163686899085365,94,94,49,4
3.4478797369057603,94,95,48,1
6.0738350614507475,94,95,43,6
1.6625695049562565,94,95,48,1
4.2669020801901452,96,97,55,3
5.9050437448876609,94,95,47,6
6.1027022653954752,90,91,48,3
4.3113681143050835,96,96,51,3
3.8104503834896559,92,93,49,5
5.2491021186086746,92,93,51,5
1.7387137060608537,94,95,49,2
0.5083176749266590,92,93,53,7
1.3895429112483066,94,95,46,7
3.0888144911225006,96,97,52,6
2.6376219761045112,94,95,51,4
4.5682657697318563,96,97,51,1
1.8867102073246176,94,94,38,5
0.0209248291467061,92,93,50,2
0.0018816818224035,90,90,36,5
1.1375617822610442,92,93,52,0
4.0035710131797613,90,91,56,5
4.6220772338648715,94,95,44,1
2.4198207735498074,96,97,49,1
0.5988759011823359,92,93,45,1
5.6125667608818830,98,98,52,5
4.0918748469498025,96,97,57,3
3.1812694836183546,96,97,49,3
4.4076980389557603,94,94,48,5
0.3188999562903783,96,97,46,0
5.4952634786401529,94,95,52,1
1.7872479781823121,94,95,51,2
6.0793939241861192,90,91,49,0
0.2457509436908807,86,87,50,1
1.0981342405919268,96,97,44,6
1.8512313677784280,94,94,46,7
5.1084481802171124,94,94,48,3
3.2398103416269173,94,94,44,1
0.1716886918229739,94,95,44,3
0.1010375378045872,90,91,44,7
4.9502111291029172,96,97,50,4
3.4284365758435138,94,94,47,0
5.9820316083092857,94,94,56,5
4.4602747586944327,94,95,49,6
1.4437270732213139,92,93,40,6
2.3144657997656952,96,97,56,4
2.7769624642411355,94,95,49,6
0.8378416213150419,92,92,55,1
1.7411994123636376,92,93,39,5
2.6068398250453484,94,94,55,2
1.5504012044543727,94,94,50,1
5.0597538488746094,94,95,52,5
5.5205592178319618,94,95,45,2
5.8544645283776218,96,96,50,2
0.2716231455926402,92,93,49,5
3.6413772885241529,96,97,57,7
3.7961768334965900,94,94,56,7
5.7238895227438915,96,97,53,1
2.1772257075050874,94,95,55,4
6.0791648067008435,96,97,49,7
2.0769763820956548,88,89,48,2
3.3180672896873280,96,97,47,7
3.2012327475842532,94,95,55,2
3.1820895922972392,96,97,64,6
5.5594090300183518,92,93,43,3
0.6341752881487748,96,96,53,3
0.7434957444034979,90,91,54,7
1.4281994850360620,96,96,52,0
5.0343682174322097,90,90,45,6
1.0213129228046069,96,97,46,4
5.5810692783083589,94,95,49,6
0.9278855515065054,92,92,52,2
2.9617932921757548,94,95,45,0
1.4724691817048794,92,92,48,0
2.7562909825574611,96,97,50,0
4.0766258823219372,94,94,45,6
2.5730363038878106,96,97,46,6
4.0699009706888809,94,95,48,7
2.4948939534005241,94,95,46,5
0.5499171004393346,94,94,46,7
1.6867302414785137,94,94,50,5
5.8298443618716931,96,96,58,0
3.4246699024904048,94,95,52,1
5.5095004309944446,94,95,48,3
2.8302590793853435,94,95,47,2
1.6521118264212036,94,95,52,1
0.4436895229782960,92,93,44,6
5.4889418671695163,98,99,51,2
2.0534506140920317,94,95,44,3
1.4744051518573968,92,93,49,5
2.6261754239041935,92,92,45,1
3.3155505236578895,94,94,43,2
3.8469981281898424,96,96,56,4
5.2149098308395816,96,97,44,4
2.3884820029906675,92,92,46,0
0.9618129261998195,96,97,53,7
2.7828117593362012,94,95,49,0
3.4186349956335782,92,93,53,5
4.8439797856350566,94,95,40,3
3.1239261418985245,94,94,46,3
5.2913224892796942,94,94,43,6
4.2958103785561708,94,95,50,1
0.6325644854915686,92,92,44,4
5.9326970216710198,94,95,55,6
4.0582693397300309,92,93,49,7
4.6792196721014419,92,93,45,1
2.8545438246594785,92,92,56,0
6.2785871695747284,94,94,47,0
3.6061735075693635,94,95,46,5
1.7058726467247771,94,95,41,2
1.1674989812129355,94,94,54,5
1.7420143864327635,94,95,46,3
3.7600846072109149,94,95,43,6
3.4971276201805988,92,93,45,3
4.3928275881310981,94,94,47,0
1.3118082467285512,92,93,43,7
2.7939307051055815,96,97,52,4
5.4955675464390303,94,95,51,4
4.3289666093934382,94,95,51,0
5.7541597725743392,90,91,50,1
6.0636441740854101,96,97,49,5
5.5381719518423633,96,97,50,6
6.1080428453235207,94,94,42,1
0.5966624608818395,94,95,52,1
4.6531199875182043,92,93,48,2
0.2110786629613252,92,93,40,2
5.3841661352407080,94,94,46,7
0.3885915889286635,96,96,46,2
2.5558963476632615,94,94,45,0
2.1275602109781868,92,93,46,0
5.8492107616069573,90,91,43,2
4.5262935853418353,92,92,52,6
3.8629581799193207,96,97,52,2
0.9838778553217025,94,94,50,7
5.8492149521469656,96,97,51,3
4.6417763172921349,94,95,48,5
5.2727662505768720,92,93,44,6
4.1950499952209102,94,95,51,2
4.3485485917780649,92,93,47,7
1.9089152440071733,96,97,46,0
0.2562275774819325,94,95,49,0
2.8768963534208809,94,94,58,3
1.5755131301300944,94,95,46,3
3.4829611513179537,94,94,51,6
0.5260703609340229,96,97,41,5
0.2382418580547311,92,93,39,3
5.4269761834346459,94,95,56,1
5.3288133181640553,92,93,47,5
1.3090956934161431,94,94,49,2
4.1994239492067233,100,101,59,3
3.1126153848046294,92,93,42,0
2.9981710101587487,94,95,48,1
5.0533308361033775,92,93,44,2
4.9231927748988689,90,91,43,2
3.2771019787247098,94,94,47,0
4.2318616968153639,94,95,53,6
5.5210174060413566,94,95,47,6
4.9030288719404709,92,92,46,6
1.1583155509949667,94,95,46,5
1.5390135365820072,92,92,41,5
1.9875927080879248,96,97,57,1
3.6653631777599784,96,97,54,2
3.7313006915026503,92,93,40,6
4.0841834795928458,96,96,47,1
4.1976739365450477,94,94,53,0
2.1742403073416328,94,95,50,7
2.2581715012032748,94,94,44,7
2.5846421812430043,96,96,52,2
6.1603532640783030,92,93,43,7
6.1601684866439150,92,92,53,7
4.9766846879531155,94,94,52,5
1.8499192559793738,94,95,44,7
3.7766999716608249,96,96,55,3
5.4669543871302038,94,95,48,3
2.3114731923304723,94,95,56,5
2.4099929453151829,94,95,41,0
2.2718657358129475,94,95,53,2
1.5083490789094787,94,95,47,0
1.8296707895287669,94,95,36,3
1.7315614298205311,94,94,51,4
1.6890172538558814,96,97,44,2
1.2765091851286263,92,93,49,1
1.6495514783994034,96,96,44,6
4.4567190331238793,94,94,49,4
4.5254292867029191,92,93,45,1
5.7242137849961976,92,93,55,7
3.2125995364924842,92,93,44,6
1.7120862734403217,96,97,51,1
1.9778207851111846,94,95,54,5
2.1726498304241213,96,97,50,4
1.1261782891103866,96,97,56,4
2.6195786112903319,94,95,55,2
4.2957824084586971,92,93,51,1
2.3703201223798311,96,97,60,2
1.9037785200007067,96,96,52,0
4.8308566190775935,90,91,43,4
2.2378300838956133,90,91,48,3
1.8249091615941511,94,95,55,6
0.0462023308349899,94,95,46,1
2.0518453092329589,94,95,51,6
1.3816930641575405,90,90,45,6
5.1590468776320026,96,96,57,5
2.9542493445775482,92,93,52,0
5.1599708116983649,94,95,39,0
0.2060862017673468,96,97,58,6
4.2833777994529880,94,95,52,1
4.3569564432166663,94,95,46,5
2.7714904588033642,96,97,53,1
1.7408245826970246,92,93,47,5
5.1844736126879711,96,96,40,6
5.0246606958073388,94,94,55,2
0.3506682843086333,90,91,45,2
0.4722449465000454,90,91,48,1
3.1460897827463135,92,92,41,1
3.3180136981512161,94,95,52,5
5.6543179995726307,94,95,42,7
4.7729672788674851,92,92,47,3
4.4341338878578638,92,92,54,6
3.3065722560266968,88,89,44,6
5.5702202203009676,92,92,40,4
1.3604548240154237,94,95,50,1
5.7160625136674792,92,93,55,1
5.3336495297109341,96,97,41,1
4.6786596178982913,96,97,53,3
3.5297512681655294,96,97,42,0
3.6744327016021581,94,94,43,0
3.5226301993035642,96,97,48,0
4.3130759277464312,94,94,48,3
1.6053184558977189,94,95,48,1
3.8658911712881734,94,95,43,0
5.0800397405173570,90,90,53,0
0.3572164992486129,94,95,48,3
2.1922153897021768,94,94,37,0
2.8926023147485616,94,94,55,4
1.6415682332294523,90,90,46,1
4.4133583970332673,94,94,48,3
1.5562982704793251,94,95,44,5
3.1549834726584316,94,94,45,0
2.5499115498435176,94,95,43,2
3.4340065841735412,96,97,53,3
0.5713128160317471,96,97,46,2
1.9491465107996997,96,97,41,7
1.6170559620002440,94,95,57,4
0.2068468815964775,96,97,54,4
0.3182581267329929,96,97,41,1
4.8590740842899249,96,96,46,6
3.5777418741128573,94,94,51,4
6.0770947521328349,96,97,47,7
1.2206985605419123,94,95,41,0
2.6797767661815888,96,96,53,3
0.4129935345590802,92,93,41,7
0.7717659573908203,94,95,50,7
5.2831316066443286,96,96,61,3
4.9265310787884600,92,93,49,7
5.7529467821256564,92,93,51,3
3.5654623361379754,94,95,54,3
4.3954898534469429,94,95,59,2
1.5725196308877187,94,95,40,1
4.1259541069903971,94,95,58,1
3.1050900415980527,94,94,52,1
2.1387226189871829,92,93,48,2
3.2187688472997844,94,94,50,3
2.6906806183587286,94,95,43,0
1.3253242576428526,94,95,51,2
0.2646439438813501,88,88,48,2
1.8877072934328283,90,91,51,4
3.4908844172654065,92,93,51,7
3.1420186264234666,92,92,47,1
4.2304686563539038,96,96,44,6
1.2995029502979711,94,95,57,4
3.0195966294433463,96,97,47,3
0.3977498631287274,96,96,52,6
1.7147694619040541,94,94,51,0
2.9068333913402862,96,97,47,3
5.5454567954634628,92,93,48,2
2.8520984808540679,94,95,50,1
0.3041128027429706,94,95,47,4
2.2903588087039610,92,93,46,2
1.9016825719529402,94,95,60,5
3.1597024455428984,94,95,48,1
0.3716005874250420,94,95,43,2
2.9121917297377804,92,93,42,2
2.4113449556266224,96,97,48,6
5.5896521171288382,94,95,44,1
1.3328679388227456,94,95,46,7
4.5113246848397646,94,95,50,1
5.0718589749418825,94,94,48,7
5.2137156833239349,90,90,55,2
4.5007895103938589,92,92,52,4
3.0718731679899958,94,94,52,7
4.5630140795829721,94,95,50,5
1.4289338592940835,94,94,50,1
5.5300996914529046,94,95,45,0
2.2571607725828708,92,93,58,2
2.2136282649192491,94,95,46,5
0.8607581765991018,94,94,47,4
4.9646400914143767,96,97,50,2
2.3987399158711593,92,93,45,3
1.5019936365873605,96,97,47,3
2.5491946087116077,90,91,48,5
6.0995680898395035,94,95,59,2
2.7521225853514046,94,95,44,5
5.4312173084951985,96,97,48,0
3.1700954837829762,94,95,46,5
1.2553391984821833,96,96,57,1
2.4229930419180743,90,91,46,5
4.1693599194239965,96,96,53,3
4.5598863672789554,94,95,47,0
3.7989514504270478,94,94,49,0
5.0303408531624383,92,92,47,1
4.3672632874656623,94,95,50,3
5.0260768003273233,94,94,47,4
0.5299614666901797,90,91,46,5
0.5926741148672927,88,89,47,5
3.3509182073684967,94,95,48,7
3.8796051457566239,94,95,48,7
4.4080661126326950,94,95,45,4
2.8437208232289652,96,97,57,3
5.4225090345348992,94,95,47,4
1.2307921931602330,92,92,44,0
3.6643280041266326,94,95,51,0
4.9946818334615006,96,96,61,3
1.4917338175490837,92,93,45,5
5.2935046361202485,94,95,55,6
0.1739347400736553,94,95,49,2
2.0475450243985995,94,94,50,7
1.8570218419511146,96,96,53,1
3.4378911652681521,96,96,50,4
2.6861822074219566,92,93,48,0
4.5748749386947223,92,93,51,3
3.4674070137986046,94,95,55,4
6.1301461549048772,92,93,50,2
0.2235998985704000,94,95,50,1
4.5720936519985544,94,94,58,5
1.3476435014146733,96,97,52,4
5.0586643201361152,96,97,44,2
0.7687159317052215,92,92,52,2
4.5356944910592274,96,96,40,4
5.4262373054343778,92,92,44,6
4.1857409164640753,90,90,54,1
0.5228036283513673,92,92,40,4
5.4060250011575333,96,96,52,0
5.6020988269579437,90,91,49,2
4.0975676136341912,92,93,39,1
4.9860577786100198,92,93,44,6
4.7656152750255609,94,95,36,7
3.6277130506006037,96,97,51,5
5.1773921310991504,94,95,52,3
4.0975725150600155,92,92,49,7
5.0748076384276928,94,95,48,1
3.1281284303366013,94,95,50,3
5.5727780197946526,92,93,48,0
2.4110044202063539,88,89,48,4
5.8875485963952734,94,94,56,7
4.3112735302596050,96,96,55,7
5.6131464574870558,94,95,49,0
0.4409992195696508,92,93,44,0
1.5385018532604742,96,97,48,4
0.5803217937488852,94,94,43,6
2.4344597945122723,94,95,52,3
2.9375991546638436,94,94,46,3
3.1140894369192971,92,93,43,5
2.6414901193912681,96,97,50,0
2.1880382895361548,96,97,44,0
4.7296980949317602,94,95,45,6
2.0914904123960376,92,93,51,3
3.8463795527615803,94,94,44,5
5.9195742606000277,94,95,48,3
4.4709811722591084,96,97,53,3
5.1335031876949380,90,90,43,6
1.7658833656118345,96,97,50,6
2.3687225416006643,94,94,42,3
5.8896803772935931,96,97,46,6
0.1947240544917848,94,95,36,7
1.9459027933242103,94,95,47,2
5.0299384145832988,96,96,44,6
5.2276090471864283,94,95,56,5
2.5372827356078917,96,96,48,4
1.1416160762791401,94,95,48,5
3.6782816384625083,92,93,49,5
3.0953462364913022,90,90,55,0
3.2284624842932783,98,99,42,1
2.4819275191658003,96,96,47,7
4.7800113214524389,94,94,53,4
1.1277484822316697,94,94,46,3
3.8401624454825183,94,95,42,3
2.1756307318116659,94,94,48,5
0.9491552620136946,94,95,53,2
3.2004552125493562,94,94,54,5
4.1826950704047681,94,94,54,7
4.9005751164737879,96,96,50,2
4.3301091717914870,94,95,47,0
0.8571642853899437,94,94,43,2
5.5550140422116421,92,92,58,0
3.3857618842884984,92,93,45,1
0.2240362333848861,92,93,55,5
5.7129163978655191,94,95,52,1
2.3459489944021827,96,97,46,0
3.5716856659453002,96,97,44,2
6.1792522711118867,96,97,58,6
4.2488344286629731,88,89,45,1
5.6022477801041024,94,95,43,2
4.2530322746394074,96,97,53,3
5.2381691402854482,98,98,61,0
0.7082676384366285,94,95,46,7
4.5426166135586259,96,97,54,4
3.9589073289041337,94,95,56,5
3.8171958403158399,90,91,43,6
5.3228404758054619,96,97,52,4
3.4616275288652640,92,93,40,4
3.0860174641559026,96,97,56,0
0.8193570914532834,88,88,44,4
1.4860447744477394,90,91,44,7
1.4064555334665723,94,95,49,4
4.7675314196576091,94,95,57,4
6.1661332605066539,96,97,53,7
3.6426532034487940,94,95,47,0
1.5914976780147745,96,97,51,1
1.7624055658343738,96,97,54,2
5.6934267584240077,94,94,52,7
5.3565460628635106,90,91,47,2
5.8425990459531603,94,94,45,0
0.8474702042102245,94,95,44,3
2.6316205351562831,96,97,44,0
3.8962569192705470,98,99,50,7
1.6785135536940166,94,94,46,5
3.7991935141264848,94,95,54,5
5.0691028136346361,92,93,47,3
4.7446368018837415,88,89,41,7
3.8467009400693044,92,93,58,2
0.1192475077580558,96,97,46,2
5.8753759638608516,94,95,55,4
3.1954740025650108,94,95,38,5
2.3948446367083349,94,95,49,6
2.3753284155660697,96,96,48,2
3.4833077671510897,94,95,55,6
1.2498387485814761,94,95,38,7
1.5371719816444878,92,92,57,5
5.5543774499867693,94,95,45,2
1.0439932504802185,94,95,48,3
6.2171697511940023,94,94,39,0
0.5359674929844468,94,95,54,7
4.7385238646278491,88,89,54,6
5.5245748200066247,96,97,60,6
6.2654298370360548,94,94,45,2
4.3941965617759342,96,97,41,5
4.0804090554953172,96,97,53,7
4.5386089514191825,92,93,46,4
5.5625372665728579,94,95,52,1
0.0072625962378890,94,95,53,0
2.7444958789402429,96,97,47,3
1.0695035693498409,92,92,45,5
0.2146089501218447,96,97,51,5
5.3966145141362372,94,94,46,7
1.2404365819880852,90,91,41,6
4.5442951590751735,94,94,59,0
0.4086812758466576,94,94,56,7
0.1563906013620965,92,93,50,6
1.6844267797935706,92,93,55,5
0.5844708816697037,94,94,50,3
0.4564582396553362,94,95,48,5
2.8925640767562562,94,95,53,2
0.3238204709217612,96,96,47,3
3.6769711110408245,96,97,51,5
1.0432717097110729,96,97,50,4
0.7965243087913583,94,95,52,1
1.6463269778234397,96,97,59,1
1.8109576555959424,94,94,49,6
5.6819161769515976,96,97,51,7
2.0930003864097282,94,94,52,1
3.1528548782816319,98,98,48,3
3.1214200720675351,94,95,46,5
4.2527455874157516,94,95,50,7
4.5795099519547584,94,94,52,1
5.8472107079636171,94,95,49,4
3.3016206510356572,96,97,54,2
2.4280895583923612,90,91,41,0
5.5964074199699789,92,93,42,0
1.9537412640421290,96,97,46,6
3.7885518742369135,94,95,40,3
1.9611249000618045,96,96,53,3
2.4779358631755644,94,95,41,0
1.4442798123815854,92,93,43,7
2.8375727509586843,94,95,50,7
2.6316848817298228,94,95,57,4
0.3235626495015092,94,95,52,3
2.3698690703425314,96,97,52,0
3.3775997387115972,96,97,47,7
1.5451639223637219,92,93,34,2
4.3704599375971434,96,97,52,4
3.9177438489790224,94,94,51,0
4.3383629061414606,92,93,57,3
2.5601618485681583,90,91,48,3
0.0571722598495372,94,95,47,2
2.1415811524433370,94,94,45,0
0.1634676851282959,92,93,51,1
5.6643931961449496,88,88,44,6
2.5964423686653175,92,93,50,0
2.9911666546648825,94,94,49,4
4.0584482401330417,96,97,46,6
1.3951907590064270,92,93,45,5
4.5623841062088681,94,95,54,3
2.4103259595137811,94,95,48,3
2.1912160738091742,94,95,43,4
6.1625935786706512,92,93,51,3
1.8357531660793827,92,93,45,3
5.2560115995568628,92,92,53,5
4.3016603708156005,94,95,42,3
4.2615765637665950,96,97,53,5
0.0995607542713912,96,97,52,2
5.3213153714733217,94,94,57,0
5.5164506547791081,94,95,47,4
1.4761329920636967,94,94,43,6
0.6664309167509834,88,89,50,4
4.5541966140559049,92,92,45,5
2.6402179382817033,92,93,55,3
5.2664111235425484,86,87,42,1
1.0820315559843050,96,96,42,4
3.5477873651172684,94,95,47,6
0.8098328159284656,92,93,42,2
0.7906011915764681,94,95,55,6
1.2039615677393469,98,98,53,6
0.1175952726828147,96,97,49,3
5.3993825023581419,94,95,46,1
1.4030261571091116,94,95,44,3
3.8064441783433844,90,91,49,4
2.1055678731757617,92,93,49,3
6.1605631554827909,96,97,49,7
0.2486282478654810,94,95,44,7
3.1585061085980812,94,94,48,3
0.2885496835861717,92,93,49,3
0.6318028696907771,94,95,45,2
4.9242370052188367,92,93,56,0
6.0125854379368819,90,90,47,4
0.1795331550045701,92,92,44,6
1.0428171948424094,92,92,45,3
2.2685532885095316,92,93,52,4
6.0242837216579863,96,96,49,5
1.5125443828624885,94,95,46,1
1.9143891723470536,94,95,46,7
3.1161377808003992,94,95,46,1
2.5295202504572400,98,98,47,0
0.8699142970722975,94,95,42,1
3.9323495797148875,96,97,54,2
5.2244492028123606,96,97,43,3
5.5513108713333184,94,94,56,3
3.2392487554238061,94,95,46,3
3.0006101808738910,96,97,43,5
0.6395864573106812,92,93,42,4
1.4064029582061726,94,94,57,0
2.7075629322937549,94,94,49,4
4.8135893077620073,94,95,48,5
5.4781544696424183,96,97,50,0
0.5351495165096365,94,95,46,7
1.7312124433276799,96,97,41,1
0.4154915612366594,96,97,53,3
5.5692704335218659,94,95,51,2
5.4996893199305577,94,94,41,0
3.0637447512201783,94,95,56,1
5.0057846717094421,94,95,52,1
0.7035018781101190,94,94,47,0
0.9445462085356539,94,94,48,3
3.1933734512522403,96,97,51,1
5.0187176894603471,96,97,46,4
3.2019499664009392,92,93,45,1
5.4805127263015727,94,95,49,4
3.6221699388208037,96,97,51,3
5.1722933963813968,90,91,46,1
0.6455981652381276,94,95,48,5
0.8589269702040294,90,91,43,4
2.5747537227728277,92,93,51,3
5.2480003318242527,88,89,52,0
4.8521083836779662,96,97,47,7
2.3230939133915434,94,95,52,5
5.9721410439196463,88,88,41,1
4.5954165764703649,92,93,42,0
2.1150748968550630,94,95,53,6
3.8142152187687817,94,94,43,0
4.9063530179346539,96,97,47,1
3.1935879298138579,94,95,45,0
6.0750451400757566,96,96,46,4
2.9399079287603858,86,86,39,4
2.2246177524618931,94,94,51,6
1.5314054702170885,92,93,41,1
3.9284733862116488,94,94,50,1
2.0335916083304966,90,90,51,4
5.9903093820476192,94,95,57,4
2.7676565006390415,96,97,49,5
1.6009660055003310,92,93,48,2
3.8181281235856632,96,97,58,4
0.1116596496977547,92,93,52,0
4.0899143555357202,94,94,52,7
4.9953300175617565,94,95,49,0
1.1642884567239207,96,96,52,0
3.6760737392810241,92,92,48,2
1.7381070774821012,94,95,47,0
0.6525258465358473,94,95,53,4
0.6363633871531966,94,95,38,5
2.1778794005556690,94,95,49,6
1.3876773221091541,94,95,43,0
5.1720240378339231,92,93,42,4
3.9855126086624786,94,95,51,0
1.6721392818347918,94,95,49,4
4.8559341844059958,94,95,48,3
1.1495494035427614,94,95,43,2
4.0969227088683446,96,97,47,1
4.1190250540661220,94,95,45,4
2.1891889492789827,92,93,42,4
2.3943836524368054,98,98,52,7
6.1668713637208965,92,93,52,2
1.8114084091400631,92,93,38,4
2.1722227200134556,94,95,45,2
5.0207976455924799,96,97,55,7
4.4518588958192957,92,92,43,1
0.4108162115667137,94,95,52,1
0.1719213427578712,96,96,52,4
3.1072662630080230,92,92,50,0
3.2515709968839590,94,95,43,2
2.5942880972895139,92,93,46,0
2.4710614947668015,94,94,54,7
2.6998754363867605,94,95,45,2
1.4664388594661635,92,93,43,5
0.1083543462638597,96,96,48,6
5.0574277380552539,96,96,44,6
0.6432195497667540,94,95,52,7
1.4232812516003341,94,94,43,0
5.6354537334782933,94,95,47,6
5.1107589566371807,96,97,54,6
0.6659722383863457,94,95,55,6
4.8289504922150526,94,95,46,1
2.2720489153764416,94,94,51,2
1.0008015311117064,94,95,57,4
3.5904658103221823,96,97,55,5
4.2687151724511683,94,94,42,1
0.7925753755123159,96,97,49,1
4.4815295638356849,94,94,42,1
0.4719588238545248,98,98,46,5
3.9993429546397676,94,95,41,0
3.3409492864625205,96,97,48,0
4.8543781608243712,88,89,36,4
3.4254907041588418,92,92,50,6
5.9302386189908090,92,93,44,6
1.6214157718520972,96,97,54,4
3.8296056993704766,96,96,56,2
4.9849460296921739,94,95,53,2
1.0553553883053448,94,95,59,4
0.8027626667883317,92,92,41,3
3.0076704174865707,94,95,44,1
2.3092276885019185,94,95,39,2
2.8703797393642891,94,94,51,0
4.9975662047658904,94,94,47,4
3.3780197597497237,94,95,58,1
3.3096162142934715,96,96,53,1
1.8994033508758668,96,96,54,0
5.0218028715218308,94,94,44,7
3.9401106174138696,94,95,49,0
0.5734740675377896,94,95,46,1
4.1414411941849654,98,99,48,1
2.5956232560095449,96,96,46,2
0.7306937140376781,96,97,59,5
2.6654189177735672,92,93,45,5
1.9315948085617030,94,95,57,6
3.1417178190754380,94,94,47,6
2.4302720323590044,92,93,47,1
3.5565718502885519,94,94,48,5
0.6006614890256529,96,96,47,3
4.3240996656654458,94,95,49,6
3.8380244149816045,96,97,50,2
5.7555817591400427,94,95,43,4
1.6453963906552522,92,93,52,6
0.4636957030810630,94,95,47,4
0.4351905563072173,96,97,52,6
4.3779384028503872,94,94,44,5
3.7253887402686723,94,95,56,3
4.1664426037638176,94,94,51,0
3.9820771252977232,88,89,46,6
3.8207141529592170,88,89,42,0
4.7079173148733231,94,95,52,1
2.1425008378331114,96,97,58,6
2.2027190670806114,90,90,49,6
5.4528130739829628,92,93,41,7
0.3146071921593904,92,93,50,6
5.0771778405174057,94,94,59,4
5.1890188680480804,92,93,44,0
3.0982752286196975,96,97,52,6
4.4745789594764833,94,95,54,3
5.2027758921590950,92,93,44,6
3.4663003737592888,90,91,43,4
5.6530493086243858,90,91,41,4
1.3511980358169771,96,96,50,2
2.5901148629148225,94,94,47,0
5.3616913955703662,96,96,50,0
1.6144294001638968,94,95,45,4
5.7005384174513187,94,95,58,7
1.0496434058576141,94,94,52,1
0.8609245701488815,94,95,51,2
1.5424540765043218,86,86,47,0
3.9851730994484460,92,93,42,4
2.4438173102099685,94,94,45,0
3.0917827631219423,94,95,52,5
0.3698473158046531,94,94,44,1
5.8722401535659676,94,94,52,3
4.3246711018877777,92,93,54,4
5.0108138198516174,92,93,44,6
2.6951043109739912,94,95,45,0
3.2210950315366285,86,87,44,5
0.9217485058674192,94,94,46,3
2.3194437185492940,96,97,59,1
2.6421147611176719,96,96,56,2
1.7790075257664224,92,93,51,7
0.6304959208329067,96,97,50,4
4.6287232671057081,96,97,37,3
2.7558521407069168,94,95,49,4
5.1942655366971753,94,95,43,6
5.6030106019916284,96,97,50,4
1.8114927740051985,94,94,44,5
5.8776041720589243,96,97,53,5
0.1838505571207109,94,94,49,6
6.1857936326386200,96,96,43,7
1.7370167532186704,92,92,32,2
1.4424414215391326,92,93,52,6
4.3287996656197967,84,85,48,0
0.6797501249660238,94,95,57,4
4.4254378313542571,90,91,53,6
1.6506763251862981,94,94,43,2
2.0609420785200792,94,95,47,0
4.8081773022939114,94,95,43,0
5.4846430979127474,96,96,46,2
5.6894863256626493,96,96,52,2
2.5897498261010834,90,90,52,3
1.8332385027469633,96,96,52,6
1.8213654244648678,96,97,42,2
0.5211799703701502,96,97,58,6
0.4432639577002845,92,93,47,7
3.7787432865304975,94,95,49,2
0.6537924831888020,94,95,45,6
3.0823830038534479,94,95,56,7
2.2721625190571206,92,92,51,1
0.2931045196343719,96,97,55,7
4.1503636567473050,94,95,50,7
2.7782091276547818,96,97,52,2
5.7835500551088579,94,94,49,0
0.0116023020717501,96,97,61,1
6.2174931212241509,92,93,44,0
3.6942155936741132,98,99,50,7
5.7110620225839632,92,93,49,5
3.3236408797804993,94,95,52,7
4.0300180527796163,96,97,43,3
6.1222104400235082,92,93,47,3
3.5875809659663611,94,95,59,6
0.7411180147101184,94,95,47,2
4.9755325910773696,92,93,49,5
2.6736875117249070,90,91,52,3
4.6018906069524252,94,95,52,3
4.6660840059534117,92,92,54,2
3.7069478297064995,90,90,50,7
3.9011650034289289,94,94,42,1
4.7049947745707472,96,96,57,5
4.7170739046886565,92,92,53,3
1.2348956584068567,94,95,43,4
2.2885030866418958,92,93,54,2
0.7800188797130010,96,97,58,4
0.5490362715809407,94,94,52,5
3.3706655818045674,96,96,54,4
1.2794298583929333,96,97,51,3
0.0493730983123889,96,96,50,0
1.1858432623246462,94,95,46,3
3.7147654879285819,88,89,50,6
1.1988928429327161,92,92,51,7
2.9737677264843727,96,97,48,2
0.2017271767865929,96,97,41,1
0.7455224771978022,92,92,55,5
1.0932289213172890,94,94,56,7
2.7197729188819761,94,95,52,7
4.4078867154982158,94,95,54,5
5.1933214762818105,92,93,52,2
2.2636615786840459,96,96,49,3
2.1049020403807068,92,93,45,1
4.0437006466480296,94,95,45,0
1.7855656213920277,96,96,54,0
2.8292372845031166,98,98,47,4
3.6452517600835042,92,92,48,6
3.2497413011354848,94,95,47,2
0.5028872196692998,94,94,45,6
0.6546518046482719,96,97,42,0
1.4649686845842711,94,95,42,7
6.0032727693312982,92,93,52,4
5.6423341601210781,90,90,52,7
1.8030693270691511,96,97,49,5
2.7938753749193972,94,94,48,1
2.3363269357497951,94,95,49,6
6.2381838314531883,92,93,42,2
0.8445681965687859,92,92,45,1
0.7439569309070259,96,97,54,6
0.0727150176817250,94,94,37,2
1.5893349321783377,94,94,48,3
5.8476667266319948,96,97,48,6
2.2179041639563990,94,95,43,2
5.1825278380743054,92,92,49,1
0.7553847112190216,94,95,43,0
5.9293983192616349,96,97,49,7
4.2755960477064363,90,90,51,0
3.8424335208471443,92,92,56,0
0.5890810415473223,92,92,53,3
3.2573696511461891,94,94,47,2
1.7045794134453871,94,95,49,6
1.8179429041886803,94,95,51,6
4.1281465729629581,92,93,43,1
5.1749880498453047,94,95,43,4
1.4705766008448615,94,95,49,2
0.5586834119053438,94,95,55,6
0.0992734713848815,94,95,45,4
4.8228631957621584,96,97,51,3
2.5855655224097380,94,95,54,5
5.7340586603899428,94,94,57,0
3.3576644640086872,94,94,44,3
1.2337473358748845,94,95,49,6
5.5337853830707564,96,97,39,3
4.0817666432182360,96,97,49,5
2.9662775664423484,90,91,42,3
5.3493042374718804,92,92,47,3
3.1614328047596780,94,95,50,5
5.9284274884294712,96,96,43,5
0.6034497765227034,92,93,54,4
0.3170981955115634,96,97,57,3
2.7729012838724563,94,94,46,5
5.4036858781254162,94,95,41,6
1.1037208710589734,92,92,51,7
4.6762176896370278,92,92,40,6
5.7769965740817106,96,96,52,4
1.0331340393862229,94,95,47,4
1.4178946907828187,94,95,50,5
2.8857112647124405,94,95,49,0
3.1341264931210731,96,97,50,6
3.0709460632930710,94,94,60,5
1.1222911701922216,94,94,34,5
2.8216986209929522,92,93,50,0
2.7701378958004494,94,95,45,2
4.7988656235850993,90,91,49,2
5.2009409437200764,94,95,43,4
6.0242061491760834,94,95,46,7
1.0884171708606862,92,93,55,1
0.4040317615253907,94,95,45,4
6.0694876341800352,94,95,44,5
5.9805135737903283,94,94,54,3
4.3027301287811257,94,95,55,6
2.0122238107407249,96,97,54,0
2.9514391298751823,92,93,44,6
4.5471545593649738,90,91,43,2
1.9521461887403520,94,95,45,2
2.2183457963463922,92,93,48,6
4.0773957538339856,94,94,47,2
3.5798498933472960,92,92,40,0
4.6938148214404087,92,93,49,7
6.1784192756199658,92,92,49,7
0.7360200050430676,94,94,46,7
3.4028022534028590,94,94,46,1
1.7445836074452474,94,94,50,5
3.8834778580554397,94,94,45,2
3.3873333615876442,96,96,54,2
0.7723086709091840,92,93,40,4
4.1689623861864824,96,97,43,5
6.2289746103546459,94,95,50,7
2.0813189023027237,96,97,54,6
3.8898940333432979,96,97,54,0
1.4181102553406693,94,94,46,5
2.2660203846092291,94,95,48,5
2.0460469608728462,96,97,49,5
0.5659597938551828,94,95,48,1
1.2214352902843593,94,95,52,5
3.7872365917167050,94,95,56,5
1.2207624106474184,90,90,52,5
3.7798490503531994,92,93,46,0
2.0594060136032075,92,92,44,6
3.0018730973510910,92,92,36,0
5.5926965270051809,96,96,44,0
1.9834248773276981,94,95,54,3
1.2868789331110566,96,97,43,3
0.5000873904851126,96,96,41,7
3.3019773002360857,96,96,47,1
2.5900115118965941,94,94,41,4
5.0234674984203833,96,96,51,5
4.5314533521838634,94,94,50,7
0.7553173513271458,94,95,51,0
1.0795731746089334,94,94,47,0
6.2425338332952993,94,94,52,7
0.6773779401930874,94,94,51,6
0.5940948448757521,96,97,50,6
0.5293406818534399,94,95,53,0
0.4485282252706682,94,95,34,7
1.1033159893809579,94,95,51,0
4.6816528676490039,94,94,50,5
2.0996031034144695,90,90,47,2
4.6012816429340608,94,95,53,2
4.1630913652835924,90,90,51,0
2.3531737506820170,92,93,46,4
1.0109589700835091,96,97,45,7
4.0110026785156423,92,93,53,1
0.7016753087308036,96,97,55,1
0.2496304293807383,96,97,59,5
4.9937305631454203,94,95,51,6
4.6197109905620293,96,96,51,1
3.3905632990158705,92,92,43,7
3.3334388023369281,94,95,40,7
0.4149360747452177,98,99,54,5
3.6720850763579489,96,97,52,0
1.6987482190401972,96,96,57,7
0.7051203569811809,90,90,48,7
0.5312467141164393,94,94,48,7
5.0679583671086430,92,93,52,6
1.6149946625983738,94,95,47,0
6.1330221423796862,94,94,49,4
0.7773296601439224,96,96,46,0
1.3584849760631008,94,95,48,5
4.6580486732473547,94,95,45,4
0.6960834557847054,92,93,48,2
6.0257071404549860,94,95,47,0
3.9316543369066261,94,95,45,2
4.0824321463687046,92,93,51,1
2.1233820340362133,94,95,44,5
4.4485168713925960,96,97,61,3
0.2099675951214019,94,95,44,1
1.0681279754718773,94,95,41,6
3.4796242727079796,92,93,51,1
1.2258413746168655,94,95,56,7
0.1887810237360227,94,95,50,3
0.4362728583248313,94,95,48,5
5.0553882320323762,96,97,48,6
1.2206176177114934,92,93,52,6
1.3345507113801229,94,95,54,5
0.3769644106174139,94,95,62,7
0.2166696810637976,96,96,55,5
2.8613743904164068,94,94,51,0
0.4346386832886476,92,92,48,0
2.8601375836776519,96,97,58,4
0.6662912505789301,92,92,44,2
0.8858004234994291,90,90,44,1
0.1251305761272599,94,95,39,2
3.8721178750036853,92,92,46,0
3.7667509564589348,94,94,53,4
6.0036478330262302,94,94,46,3
2.5778198998258142,96,97,47,5
5.1169806843836998,96,97,60,4
4.1698415976378698,92,92,42,0
3.5157437263986626,94,94,43,6
2.5995459300063062,94,95,56,7
6.2149091409061432,94,95,40,7
3.8448514877785192,92,93,45,7
5.4669263495854583,94,95,54,5
4.9407532310585580,94,95,40,7
0.5307983031311393,92,93,48,4
5.2098281897024927,94,95,51,4
4.9504793477297273,92,92,48,6
4.1237842653740149,96,97,53,1
5.4124406997008094,94,95,56,7
2.7083011067481157,94,95,54,7
4.0265982116631598,92,92,51,3
6.1063085288203824,94,94,49,0
0.2802304767075964,96,96,58,0
2.8013737689347118,96,96,49,3
2.1797323159815423,94,95,53,4
2.4233268439679274,94,94,48,1
2.0336245160008177,92,93,44,2
0.8138205029683355,94,95,50,7
3.8287221805803400,96,96,56,0
0.0874853467608080,96,97,43,3
6.0397226481083583,94,95,46,7
0.1321371734266163,94,95,50,1
4.0583807161994763,92,93,53,3
4.7223459740965117,96,97,50,2
1.8812154623564572,96,96,53,1
2.5575075995539667,94,94,54,3
4.1129325923724975,96,97,47,1
2.1271676515696027,94,95,57,4
4.6462997702157729,94,94,47,4
1.1521650199198310,94,95,46,5
1.5991168619919744,94,95,54,5
3.0654432560333822,94,95,54,7
1.1943424466453845,94,94,51,2
2.6422735075187833,94,95,49,4
5.3552551010776446,92,93,41,5
5.6951860096804285,94,95,57,6
3.5500550628342369,90,90,59,2
0.1211052825267091,92,93,54,2
4.8194114869115516,92,92,53,5
2.5876641684580859,94,94,49,0
5.6141982139747180,96,96,51,7
3.1930620747022327,94,95,51,4
0.8319895632786776,96,97,45,3
5.8498159410257875,98,98,52,7
3.8633461810631067,94,95,47,0
2.7936172276971614,96,97,48,6
5.4044579564660848,92,93,50,6
0.8534245686972498,96,97,53,7
5.6683021549579831,96,97,52,6
1.3910348802603110,94,95,49,4
3.8821968696701235,94,94,45,0
3.7863934945526236,96,97,49,5
4.7441980669095374,94,95,47,0
4.0994181162937258,94,95,48,5
5.8035020114600702,92,93,49,7
5.5900450819700831,96,97,48,6
1.0959963181621650,96,97,51,7
3.4619454497690096,92,93,43,3
5.0079275751792052,94,95,50,7
2.2244334467899534,94,95,58,5
4.0936298997062552,92,92,43,5
5.8343190629279862,96,97,52,2
3.4321082063523991,88,89,49,5
1.0992692198510052,94,95,47,0
0.7562217193544000,94,94,44,1
4.9793716922159144,94,94,47,0
1.9735548286392539,92,93,48,0
3.6170171217867511,94,95,53,4
2.0242415067443100,98,99,54,1
4.9721413268173817,94,95,48,7
2.3134112605702777,94,95,48,5
1.8824641414452641,94,95,55,2
5.9982349956622061,94,95,49,6
2.7217924527949742,92,92,40,2
1.4734496648947073,96,96,43,7
2.3967915603275594,92,93,46,4
0.8892529817572209,96,97,46,6
0.9893577599330374,88,89,50,2
4.2582652281162767,96,97,51,1
0.1398069475117635,96,97,46,2
6.1798858267436323,94,95,47,2
5.5113643815772084,94,95,46,7
5.7174137324615009,96,97,52,6
6.2674354635816760,100,101,46,6
6.1537753872801479,94,95,53,0
2.7103222202930093,96,96,48,2
4.7105462903489341,96,96,53,7
1.5225548350535187,92,93,47,1
3.9307756147302872,92,93,50,4
0.3907484251436221,92,93,47,5
5.3380850572075493,96,96,57,7
1.4208667641220900,94,94,51,6
2.1083207288561110,90,91,51,2
4.1723394940533263,94,95,50,5
4.9542640155693167,94,95,52,1
1.6508838921449083,94,95,52,3
6.0953555505458397,94,95,41,2
4.6770174849868305,96,96,53,5
2.3251669559468433,96,96,40,6
3.3880729014999416,96,96,59,3
4.9223404489922506,94,95,43,6
3.2679651954405968,90,90,49,6
3.0149530077433844,94,95,56,1
4.5415848847825462,94,94,38,1
2.9434557400016725,94,94,51,0
5.6711049856393254,94,95,45,2
2.7521880323280117,94,95,52,5
0.5812568349010748,94,95,49,0
0.3837202676112756,94,94,47,2
3.9326672652624164,96,96,44,2
4.4809808306856462,90,90,54,3
4.9072708402812832,96,96,54,0
2.0561602095724019,94,94,51,2
4.0257678674388391,96,97,34,2
5.4056115227082380,96,97,46,6
5.8214313923876766,92,93,55,5
5.4055106871881184,94,94,54,5
1.7045339072176700,94,95,47,2
3.0991720294251897,94,94,46,7
6.0709761527072672,96,97,50,0
5.4494312680793486,92,92,52,6
5.1483626915422533,94,95,54,1
3.8890651798571119,92,93,54,0
1.9922108220540253,96,96,55,5
4.1030338669239450,94,95,57,0
0.6133825280067060,98,99,49,2
2.5489557123908444,88,88,52,4
2.4687844109023813,94,95,52,1
4.2016763492006231,94,94,56,1
2.1025748983482018,94,95,42,1
5.3380201324444236,96,97,46,6
3.4959967013019835,94,95,48,7
1.0406641400311158,92,92,45,7
4.8520706162613987,92,93,57,7
5.5170333350635294,88,89,43,1
6.0755624497760419,90,91,47,0
2.7875855711337727,96,97,58,2
1.4786174944316948,92,92,45,3
5.1421382275625511,96,97,47,1
2.2046476681306442,94,95,52,7
0.5006139617194064,94,94,56,5
2.3986199487620166,96,97,39,1
5.7698188531254235,94,95,57,4
5.2949556357933298,94,95,50,5
0.3726602730038047,92,93,49,1
1.5265141085002265,92,92,54,4
6.0932778183915079,94,95,41,4
6.2473686293325574,94,95,47,0
0.4059149469102227,94,95,46,7
5.5143451562602381,92,93,53,3
3.9180791269983217,94,94,60,3
2.7516360535244537,94,95,50,1
1.8798214904860722,96,97,46,4
4.7863531333028222,96,96,45,7
2.1516522680679606,92,92,45,3
0.8619877799252001,94,95,43,4
1.4209912015559283,94,95,52,3
0.6137088176135799,88,88,39,1
0.2168233425139311,94,95,50,3
0.8584925868999826,94,95,52,5
0.1130934993523290,94,94,43,0
1.8078185974027516,92,92,45,7
6.1914014060845712,90,90,55,0
2.4353647737327222,96,96,44,4
0.2507725329214777,94,95,47,4
2.8695849511126821,94,95,51,6
5.8668826092558470,94,94,42,5
2.8048517779057200,98,99,52,5
4.2018995285712188,94,95,49,4
5.8931579481969596,94,95,47,4
4.3441637847671588,96,97,50,0
1.6379212289891936,94,95,46,3
4.7655645937684303,94,95,46,1
3.6959767505738337,96,97,48,6
1.3686242042150640,96,96,45,5
2.9260324995539166,94,95,39,0
5.2519544282895012,96,97,53,3
4.2355029726573168,94,94,44,7
3.6977365253750589,90,91,46,7
3.5107154353394652,90,90,50,5
4.6026111790878996,96,97,50,2
3.2275362527945659,92,93,52,6
2.9776989609396525,94,95,51,4
0.1390091165073895,96,96,47,7
4.2506829994913611,92,93,44,2
1.3919232110268402,88,89,44,4
5.7077994564619301,92,93,47,1
2.0304780741564095,96,97,39,3
4.3565860253841908,96,97,53,3
4.1026427022942000,94,95,43,4
3.8254216131874665,94,95,51,2
1.6005016134783494,96,96,52,0
1.1577119009550347,94,95,56,1
2.6726280566887164,92,93,44,0
4.5676482758942880,96,97,51,1
3.0764362438688209,92,93,48,2
1.5892247370297274,96,97,51,3
6.2251905913883645,90,90,40,1
5.0471555378234152,96,97,56,0
2.7809942268588324,94,94,58,5
0.7804522939466444,98,98,52,7
5.5366072616978066,94,95,51,4
1.7757083846546522,94,94,56,1
1.7051498225958559,96,96,56,6
5.1841145327463893,94,94,45,2
1.5731917200467036,96,97,42,2
1.6837386915061119,96,97,47,1
1.7125134564707303,92,93,54,6
3.3804338894561416,96,97,43,5
3.2774346428409351,88,89,45,1
3.4737936665246250,96,97,44,6
3.5029129726405270,90,91,51,4
5.4252280146203438,94,95,47,4
4.4143311635712976,94,94,57,4
1.0839264752798992,94,94,49,0
4.0608802857838793,94,94,39,2
2.1519285466662144,94,95,45,2
3.9205424691992730,92,92,45,5
5.7469572466455441,98,99,44,7
1.8706270306653761,94,94,41,2
5.5835003432374144,92,92,46,6
0.4139085857736157,94,94,46,3
2.4647173431984659,92,93,49,7
0.0648686284667377,94,95,51,4
0.8223847263498733,90,91,43,2
2.7830308694381332,88,89,44,4
5.4737586561081848,96,97,59,5
0.8927224058162533,96,96,51,7
1.9266149159176837,94,95,56,7
1.3550361410072227,96,97,43,3
2.6852659089066400,96,96,47,7
3.1838635579549055,94,95,47,4
4.9511052803752271,92,93,44,0
6.2545686750055216,90,90,48,3
3.9652240140345612,92,93,53,3
5.6281194676659991,96,97,50,6
0.2917206509760816,94,95,39,4
5.6522020248557299,96,96,58,6
3.8896565324209464,96,97,49,1
6.1997875197116334,92,92,50,4
1.1768028553522814,96,97,43,7
4.3427535319242239,96,97,50,4
0.3720500901437154,96,96,46,0
3.6869303604602535,92,92,50,2
5.7492595385668626,94,94,55,4
0.1021829212434325,94,95,49,2
4.3264306698050783,96,97,48,6
3.4523020521029535,88,89,49,3
6.2282819763339026,94,94,52,5
0.2801770990453277,94,94,52,3
3.0067850689639242,94,94,50,1
2.4678991575757823,94,95,51,6
3.6770490966372056,96,96,55,1
0.6870514896063981,94,95,52,5
1.7918317774875305,94,95,49,0
6.0243685075841258,92,93,45,5
2.9828924650472795,92,92,45,7
1.6647225543312885,96,96,43,3
5.4603188439569248,94,94,47,4
3.2537196512003779,90,91,48,5
2.8941524391257047,96,97,53,1
2.3095908605832358,94,95,59,6
0.2542816269984906,96,97,45,7
5.9248248802899690,92,93,49,3
0.8710756946678347,88,89,45,7
2.6357712842797021,96,97,43,5
1.7794703424347527,94,95,45,2
2.2084702172758490,92,93,51,3
1.4835671496739853,90,91,53,4
4.5551366105449453,96,97,45,5
2.5772709559991331,94,94,55,2
5.1088765585314180,94,94,43,6
4.3462653149424435,94,94,49,2
0.0870159764981584,94,94,41,6
0.3499867628638534,94,95,50,1
5.9906439822645794,94,95,43,6
5.1568256371921208,94,95,41,4
0.4679101028058130,94,94,48,3
0.6723156552736205,94,94,51,2
0.1226901592247950,96,97,52,0
0.9208584741696982,94,95,50,1
2.6247711987499116,94,95,46,1
1.1517736637273659,94,95,50,1
3.6686551687031015,96,97,49,1
3.2410127772653805,94,95,49,4
0.1200353963053819,96,96,49,7
3.8276886251303868,78,78,44,3
5.3400333458533789,94,95,57,4
3.1727260651779998,96,97,43,1
4.6036180817433969,94,94,52,1
5.2529446938903925,94,94,48,7
4.7767478258002747,96,97,47,1
0.4509089363559738,94,95,47,4
4.0215624882271728,94,95,53,2
6.2216411814362278,92,93,41,1
2.9355799092233874,92,93,45,7
0.4637927731309388,92,93,49,1
3.2256190280349468,92,93,59,3
4.5194714745646500,94,95,48,5
6.0289285741537961,94,95,45,0
2.9093284449706354,92,92,47,7
2.4646041396332685,92,93,51,3
2.0481248668789487,94,95,34,7
5.0816789266008451,96,97,53,3
3.4402345472959581,92,93,48,4
2.8007346860138913,94,94,44,3
1.3043510211146820,94,95,39,4
0.2305701461117641,94,95,54,3
4.1278593461424729,96,96,56,0
2.3231719859014763,94,95,46,7
2.4734816376120730,94,95,51,6
4.8927013521634679,96,97,48,0
0.4629469316397146,94,95,56,3
2.0094287183975483,94,94,50,5
1.6067813875618251,92,93,45,1
0.7615459286845289,90,90,55,2
3.2993574415008222,96,96,48,6
2.4249680424487079,88,89,49,1
2.7945151565544624,94,94,45,0
2.8428267022939773,94,95,54,7
1.2585006217253232,92,93,44,2
1.2732766371843491,96,97,53,5
1.6501136407084565,94,94,49,6
5.4951840130293252,94,94,49,2
1.1823688885681598,94,94,45,4
5.7182658533336861,96,96,53,1
3.3980595395884494,94,94,43,4
2.9502097740461619,94,95,47,2
2.5077765258520408,94,95,60,3
3.8535614448350275,94,95,58,1
1.5856841973480189,94,94,45,6
4.9006204474161903,96,97,45,5
2.6531137437579466,94,95,47,4
2.2401207462025132,94,95,49,4
2.1878852253405485,96,97,49,1
4.9818798713728567,96,96,55,1
0.9560942534238812,96,97,38,0
3.4014005437687396,94,95,49,6
5.6076359654215890,94,95,43,2
4.5905500335064797,92,93,45,7
0.4057279378680476,92,93,47,5
4.0751009997015224,92,93,52,0
2.3302962166213375,96,97,58,4
5.4606701568833484,96,96,47,5
0.4383304993036907,98,99,53,2
6.2705797554076836,92,93,62,2
0.0897674728168424,94,95,46,5
6.0956110600585296,94,95,47,2
4.8779747190224354,96,97,49,5
4.3413478300340165,94,95,43,2
2.2239867122042223,96,97,48,6
2.3128387991786701,92,93,53,7
3.7747639595739928,94,95,48,7
2.4311684390695456,90,91,48,3
2.6397200096902962,96,97,55,5
3.0246464521010035,94,95,51,6
2.2743249502552922,94,94,43,2
0.4104093995675162,94,94,51,6
6.2373043594856510,94,95,49,4
5.9007397732552480,94,95,52,5
4.9285824117822079,96,97,54,2
1.8101306175888605,94,95,49,6
6.2689830284292194,92,93,44,0
0.5696462492063119,94,95,61,6
4.7860934551882917,96,96,51,3
5.9620739245580623,96,97,47,3
1.6783385538482627,90,90,46,5
2.0182616602584424,94,95,42,1
4.1290250610301280,96,97,49,1
2.2889957105337091,90,91,55,4
2.5293038463018602,94,95,36,7
1.8108181131519445,94,95,47,4
3.0964070099401253,94,95,53,6
2.8804793792630834,96,97,58,6
6.1135285945372919,92,93,47,5
3.0575476094157517,92,93,42,2
3.6609989466715351,92,92,46,6
1.7748399481439143,94,94,53,2
5.5098292552988770,94,95,42,7
1.3293129864221824,94,95,62,3
2.0617536325377488,94,95,49,0
2.9122467234909433,90,90,50,1
3.5728401464776631,94,94,46,1
4.2368569805025720,96,97,49,3
3.0671332203931021,96,97,50,2
2.4415959046828677,94,94,41,6
4.8689807119263699,90,90,49,0
1.5763616519863428,94,94,47,2
4.8717414132663563,96,96,44,6
0.9172570553551569,96,97,54,0
5.4956245610399632,92,92,48,4
3.2893528349272532,94,95,49,6
4.7591220683703463,92,93,56,2
1.6443939129841396,96,97,60,0
6.1199427291396473,94,95,39,4
3.3062779381766538,96,96,48,0
3.2188341184938265,96,97,43,5
3.9493599298702389,92,93,46,6
5.9186176349987454,94,95,55,0
4.9628043807792057,96,97,47,1
4.5053597540961121,90,91,48,3
5.6214639730641851,94,95,51,6
0.2910776479458522,92,92,52,0
0.3962825340662573,94,94,49,0
6.0275776865195327,94,94,56,5
5.4360211894154551,90,91,46,7
2.7606151946739717,94,95,44,7
4.5096724403922703,94,94,45,4
1.9054428109053054,94,94,48,7
1.4654951873617326,92,92,45,1
4.2244009617991702,92,92,40,0
0.3949746599503826,96,96,49,5
5.0989990787240265,96,97,42,0
5.6193110734645844,94,95,45,0
2.8609786987360741,92,92,41,7
1.0804615216879467,96,97,48,2
5.1343057506678393,96,97,49,5
3.8550820757256581,96,97,57,3
5.8377457465555977,92,93,38,4
2.3540037867840748,96,97,53,3
0.9592096120763584,96,97,40,4
0.7078777148553363,94,95,54,3
4.0726513869960757,94,95,44,1
5.3185921687163145,96,96,43,3
0.9240263713019268,94,95,48,1
3.3562296153374551,96,97,52,2
1.6918606533033518,94,94,50,7
4.4134876906623575,94,94,43,6
0.8514912970373029,88,89,42,0
0.4847109223611790,90,90,52,7
3.7341157520806938,94,95,48,3
5.3060468129134115,94,95,50,7
0.4076429856340287,92,93,42,2
4.8891546754125415,90,91,50,1
3.9538255079744995,92,93,50,2
0.4500307743209350,94,94,48,3
0.5841463147584292,94,94,45,0
0.3899708236731583,96,97,54,6
4.3605750883543948,94,95,47,4
3.2243533849876109,92,93,57,3
3.3705572584908658,96,96,46,4
6.1716583740870146,94,95,46,7
5.5688275120848818,94,94,54,3
5.2447986685899384,94,95,45,0
4.7054397281529869,90,91,56,3
0.2791838163531179,94,94,48,7
1.1547007418875781,96,97,54,4
4.8062918402272876,94,94,48,1
5.5098245194272071,90,91,57,2
3.4571180609175038,94,95,40,3
1.7225310756828669,94,94,47,0
4.2284090448813263,94,95,50,1
2.0907457011571045,94,95,52,5
3.9545952905841402,90,91,53,4
5.1351931137461451,86,86,31,6
4.4385970910672103,96,96,49,7
0.4800126906161674,92,92,52,2
4.6026540355193291,96,96,40,2
4.5519649899791839,94,94,42,7
0.8284283730886453,96,97,44,4
6.0703141183706002,86,87,35,4
4.0083772605285377,96,97,50,2
0.7359905697932151,94,95,46,5
3.2204585507552737,94,94,50,3
0.8913203967407327,94,94,52,5
4.5626635286016137,94,95,44,3
4.0482471143472791,92,93,50,6
5.4752111332250450,92,93,37,7
5.9023066445808379,94,94,42,5
2.7789415600666825,88,89,42,4
4.5315773933857537,96,97,48,2
0.4096801308855323,94,94,50,7
3.8850997947837169,94,95,47,0
4.7196299038480429,94,95,50,1
2.8994292994972342,90,90,46,5
0.3173147605444841,94,95,38,3
5.6548825580193354,90,90,45,4
1.5691717065865083,94,95,41,0
6.2190921354382018,92,93,48,2
1.3711124067809894,94,95,46,1
5.0347938091715863,94,94,55,4
1.4025782496649017,94,94,53,2
2.3547929998695798,96,97,54,2
5.9572312129469056,92,92,51,5
1.1084748749745479,94,94,49,6
3.2290780494908415,96,97,53,5
0.4104387650776739,94,95,47,2
4.0245374820826303,96,97,45,7
5.1560506381577600,98,99,56,1
3.3935691598737767,96,97,55,1
3.8755304101612333,96,97,48,4
2.2729992538142456,94,95,53,6
3.5464614792116480,96,97,46,0
0.2550302182931967,92,93,44,0
5.5641716387839137,92,93,54,0
4.6088671727241763,94,95,50,3
3.8960798020063026,94,94,49,4
4.4716424718071668,96,97,54,4
1.7371831807698170,96,97,57,5
4.9388203230970866,96,97,40,0
1.2159165687384372,94,95,51,2
2.6750826425765566,94,95,57,2
2.1027959669074847,96,97,51,7
1.5100188270052990,92,93,43,5
3.7835727055831212,96,96,45,5
2.5876361748588810,94,95,52,7
5.2565906617092697,94,94,44,7
5.1310875321354787,94,95,57,6
3.8579904969798693,96,97,41,1
2.7510591857109601,94,95,45,2
2.8943600625877957,96,97,50,2
3.8270149585727276,96,96,54,6
5.4929306859358320,94,94,54,7
5.1244751444996837,94,95,49,6
4.1974917866273262,92,92,39,5
5.0446822607911894,94,95,44,5
0.2263094358428455,94,95,46,7
0.3456929794390287,96,96,52,6
2.1168887354083781,96,97,46,6
1.3119676107801397,92,93,52,0
6.1472295893945805,92,92,47,5
4.5340608583160709,96,97,52,6
0.3636860001134325,94,94,51,6
3.7862196309343723,92,93,50,6
0.7285267694555416,90,91,52,7
1.1784986528979517,90,91,49,0
1.5060568906026977,96,97,55,7
2.8916720806021958,92,93,51,7
1.9327625206515364,90,91,57,0
6.2447003050520928,96,96,39,1
1.2867373880960502,96,97,52,6
0.2614697583407813,96,97,54,2
0.3358381593572511,94,95,47,0
6.2769278402718554,94,95,46,7
4.0167610911070950,90,91,53,2
0.3424717892427672,96,97,48,6
3.5598225306989137,92,93,37,3
5.9468340489076521,94,95,59,2
6.1688331474683880,94,94,45,6
0.4210772151749744,94,95,48,3
2.3034490342970031,92,92,46,6
2.0239852540772891,96,97,45,3
3.9218323958024208,90,90,46,7
0.4130586580524934,96,97,57,1
3.0599570994005085,96,97,55,3
1.7467498007517293,96,97,50,4
2.2788780619237508,94,95,50,7
3.1442430234658167,92,93,48,4
1.8212800227635662,94,94,49,6
2.2782009868894804,94,95,51,6
0.4067673907711441,96,97,48,0
1.4146941744669435,94,95,51,0
6.2653906434907602,92,93,50,2
1.4737714960435848,94,95,47,0
5.6770206617978944,96,96,58,0
2.3428909275110907,96,97,52,0
2.3316263067474856,94,95,52,3
5.7683135741285954,96,97,47,3
2.8270726939158308,94,95,52,3
0.5158466583858341,96,97,54,6
1.0066001741453516,94,95,45,2
0.0073674745506965,96,97,58,0
4.1579886926828795,96,97,56,2
4.4764914425319597,92,93,53,7
4.4579982257703064,90,90,46,7
1.1614965705584248,94,94,53,2
1.2153478123895067,96,97,62,4
0.6726916465830465,96,96,49,1
0.7081091472364585,96,97,48,0
0.7424604698814203,96,97,48,4
2.7551379056359901,90,91,49,0
4.9835475759992907,94,95,47,4
2.2647149159969922,96,97,48,2
1.9244347676651037,86,87,44,5
2.6817901353113731,90,91,40,1
4.7775410705719095,92,93,49,7
2.4691080332509463,90,91,51,0
1.4585103478033434,96,96,55,3
4.5562012769953135,94,95,44,1
4.5780966895285449,94,95,41,4
2.8250806899665033,94,95,48,3
1.4701673066079914,88,89,41,5
0.1356528950359990,94,94,56,3
3.1770831162640896,94,94,48,3
2.3181773184678760,96,97,49,7
0.6791951422136243,92,93,54,6
5.5550477478304261,92,92,40,4
4.8524447363159897,92,92,42,4
5.5863742912713521,92,93,50,2
0.1781517016746935,94,95,46,5
2.2003361217020649,96,97,52,0
1.6672019633556550,94,95,55,4
4.7190826994101709,94,95,50,7
2.4156766201018782,96,97,46,6
6.1975879222824988,92,92,50,2
4.0077103803950491,94,94,48,3
1.3425300378157667,92,93,47,5
2.1351632848175797,94,94,46,3
3.5558364008613585,94,95,50,3
0.7146738106107365,94,95,43,6
4.5841905458231746,94,95,47,0
4.4815761271472097,96,96,54,6
6.0226941016544187,94,94,54,5
4.2831269535821734,96,96,54,2
0.1611443644726950,92,92,55,3
3.2350985011730016,86,87,53,4
0.9158939859980066,94,95,48,1
0.4565240673883167,94,94,47,4
4.7522254345720896,90,91,43,4
4.8928848830183291,94,94,49,2
2.8344980687440060,94,94,50,7
1.6036093598342791,96,96,52,4
5.9745136101734868,94,94,44,5
1.1838271967480121,92,93,49,7
4.9122148974176545,92,92,45,7
1.2019612789552179,94,95,54,7
4.7092751206025669,96,97,44,2
1.8099666546663900,96,97,47,7
0.8304826983791481,92,93,41,1
3.5750929408815231,96,97,55,5
0.3778019282298148,96,97,51,7
1.9731839818577754,94,95,52,1
5.8345434268182137,94,95,53,4
4.9366856279990818,92,92,50,4
4.7883420326318777,90,90,53,0
1.0075835963155337,94,95,51,2
0.6299131120090995,92,93,45,7
0.2297705704348284,94,95,44,5
1.5536035908778754,94,95,47,6
0.8154532650618991,94,95,53,4
2.1948089779783242,94,94,48,7
1.3401038707754038,94,94,42,1
3.4883937623969494,94,95,49,2
5.1180318295761786,96,97,51,3
3.1362300115055128,94,95,57,4
1.1046783946182230,94,95,52,1
2.3048322534932661,94,95,51,6
5.4927058925449526,96,97,45,1
1.5839110265492844,94,94,52,7
0.7810060043340393,96,96,42,0
2.4288476005914315,96,96,51,3
0.1361972779559871,94,95,54,1
5.0885086189595965,92,92,48,4
5.6512447871078795,94,94,44,1
6.1894478213619708,96,97,51,5
3.9464672771769989,96,97,45,1
0.1898130954392066,94,94,55,2
5.5712614247762131,94,94,45,4
3.1916116407576638,94,95,44,7
5.7222363956570304,88,88,54,2
1.1239605517922786,94,95,49,0
0.8693812121199506,94,94,49,0
5.6803651333981104,94,94,54,1
6.0370467415612117,92,93,50,6
5.4080795310957637,96,97,58,2
2.3184246280041636,96,97,48,2
5.0850268796885221,94,95,52,3
2.1187317391033349,100,101,66,4
0.5049785969008852,94,95,50,7
5.0854746689647508,94,94,52,1
2.5406902026625415,94,95,50,5
5.3908029237959898,92,93,49,1
5.1318216332670268,96,96,52,0
5.6258008946340752,94,95,53,6
2.3601405193628380,92,93,43,5
2.4186462742031818,94,95,53,2
5.6091592438406543,94,95,47,2
0.4783919117523359,94,95,48,1
5.0090499166898272,96,96,49,1
0.1155317119778443,98,99,55,0
3.9520286642724867,92,93,55,3
1.9287065776721173,94,95,50,1
3.6139116959814954,94,95,53,2
1.6629456220488705,94,95,47,6
6.0867508046299523,94,95,66,7
4.3339274955869396,94,94,42,7
5.8360960851142627,94,95,48,3
0.9947414594934730,96,96,48,0
2.0062368610232886,94,95,51,6
2.0210103745668002,92,92,56,6
2.0548017549119098,94,95,47,2
4.6518249057247658,96,97,43,3
4.4833951289614395,96,97,50,6
2.6539040279073283,94,95,49,0
1.0496012638012238,94,95,48,3
0.6768491414259158,92,93,56,2
3.5025290600413506,92,93,53,7
3.1178198713944432,94,95,52,5
3.4650612819718760,96,97,57,1
0.1450091915132287,92,93,38,4
5.0471998172966899,94,94,46,7
2.3113446459391067,94,95,52,1
5.6604341896833388,96,97,51,5
0.3987677595289683,98,98,54,7
5.8944371037029599,94,94,47,4
6.0470436122433551,98,98,48,7
4.7239233765852360,92,93,40,0
4.6008807052731155,90,91,50,3
4.2935187806311168,92,93,48,6
4.9357471987442842,96,97,50,0
4.8369278041123582,92,93,39,5
2.5183532610266450,94,94,53,2
2.2412683633725701,94,94,45,6
1.3765072152347255,96,97,51,7
0.6440131605287266,94,94,55,4
2.5087378658049979,94,94,49,6
1.1040288631914477,96,97,50,0
5.7834528457080587,92,92,45,1
4.2513336778918474,96,96,58,4
6.0131097122385935,94,94,41,4
3.6428326435739788,94,95,50,5
3.6610702929844368,96,97,45,5
3.6124812058001834,92,92,47,1
2.9305348150648882,96,97,46,6
0.9475180476721310,94,94,52,1
5.8678610425500564,94,94,51,2
4.8411263903355675,92,92,44,6
0.3165934824107118,92,93,52,2
5.9487468935814949,92,92,43,3
0.4522392738136906,96,96,48,6
1.4718888212897163,96,97,58,2
4.6933741289399817,94,94,47,0
6.0280818038140591,94,95,57,2
5.8966540982582583,96,97,50,4
0.8163665597509762,94,94,56,7
4.1839889076314583,94,94,49,2
3.6070675653282267,96,97,57,5
4.0925892775753798,92,93,54,2
0.4396304836760836,96,96,54,6
2.1179755594846026,96,97,49,1
4.7257872018298119,94,95,47,2
2.5112918410056961,96,97,52,6
3.7813825761806128,94,95,48,7
1.6549947206339191,94,95,53,0
4.5964906679622048,94,94,50,7
4.8667913329550094,96,97,46,4
3.6429406003616180,94,95,50,1
4.8044534839270954,94,95,50,1
3.9829008358847355,94,94,54,5
4.6371130039203949,100,101,42,0
5.6357889675189643,96,97,56,4
1.8569689455320049,96,97,60,6
3.2517440545704654,96,97,53,5
4.0658736325813507,96,96,52,0
2.5228900020637148,96,96,48,2
1.9378893215596193,96,97,44,0
3.5991571537088385,92,93,56,4
1.6843199852452049,94,94,48,1
0.2729128627634413,92,92,44,4
3.7271959160713077,88,89,46,4
2.7017493218181281,94,94,46,1
0.4517969516110913,94,95,45,2
2.1717014587123695,96,97,42,0
3.7982980969238227,94,95,44,3
0.9373597535378589,96,96,51,1
5.5772137826891690,94,95,50,3
3.7487313947164966,94,95,51,6
0.6795793827037356,96,96,50,0
4.8143656863945701,96,97,52,2
4.8030268290703599,92,92,32,4
4.1987897232920410,94,95,47,0
0.0794892676937325,92,93,52,4
0.9005741509055774,92,92,43,3
2.2047171661896696,94,95,45,0
0.6364760374260000,94,94,47,0
1.4665554357131014,94,95,44,1
4.5351307218423971,98,98,49,2
5.9676773242067513,94,94,44,5
4.3769385313195448,94,95,54,3
1.9386247408839083,96,96,59,7
1.7905167395316097,88,88,41,3
0.4990909306561719,92,93,51,3
5.2240367142367257,94,95,51,6
4.6079198214282533,96,97,48,2
4.8725728098485490,92,93,47,3
4.2418086912629365,96,97,56,0
2.2859847594757801,94,95,50,1
3.7522690349769721,92,93,53,5
6.2101554978022913,92,93,44,2
3.3187190341363726,94,94,45,0
4.9820050352273455,92,93,51,1
0.5199100559715829,94,95,47,2
4.2933887878854256,94,95,49,2
5.1832508154670576,94,95,55,4
2.7349093984590320,92,93,54,2
5.9489882860012431,96,97,53,3
2.1328364602122880,94,94,51,2
5.8888779415957666,94,95,48,7
3.9900911245045907,92,93,40,0
3.4545531549468826,98,98,51,6
0.2923017566647794,94,95,51,2
0.2085093326088605,92,93,52,6
0.4198713290826367,92,93,47,7
2.4033727840672836,94,94,49,6
1.3168520363970495,90,90,44,3
3.4900774241769614,88,89,47,5
1.3072325037689383,94,95,45,4
0.5557858036857261,96,97,50,4
1.2213032356216171,94,95,54,5
5.1412560523768605,90,91,54,1
3.0662485035857316,94,94,41,4
0.1437806219797343,92,92,52,2
4.1322180378283884,94,94,47,4
1.4789798067968476,94,95,52,7
2.1998911741425875,94,95,48,1
3.7514413012509316,94,94,52,5
5.1594545054658374,94,95,53,0
3.2819260407303021,92,93,44,0
1.8075642312229065,92,92,48,4
6.2245609359034457,94,95,47,4
1.0181058139286088,94,95,48,7
6.1723435120061385,92,93,48,6
3.1369760400431623,96,97,43,1
4.8537482249070711,94,95,54,7
1.4766851717037823,94,94,49,6
1.7094440882748378,96,96,52,0
0.6751117350262835,94,94,41,0
0.8125667513034720,96,97,48,0
0.6768803869947762,88,88,33,5
0.8842567677237506,94,94,56,3
0.8915011449783583,94,95,47,4
5.0523838649710022,96,96,60,4
2.3891869745603578,92,93,48,2
3.4499923210892751,94,94,47,4
2.6662761928535268,94,95,45,6
0.7945363044849419,90,91,55,6
5.8299042968607990,94,95,51,6
3.9664962807506057,96,97,50,0
3.6934189499662895,92,93,55,5
4.3172900528013427,96,97,50,6
2.8712627584600470,92,93,44,0
5.3480945253191008,90,91,45,2
3.7187705024652540,96,97,41,7
4.0813216077809873,88,89,41,5
4.7324981760078311,94,94,44,5
4.6394636642904903,94,95,59,4
0.4002911811271140,94,95,56,1
1.5639938411302179,94,95,47,6
5.1131464046564865,94,95,52,1
1.7364170020547884,94,95,60,5
0.4346000993671700,92,92,51,7
1.0239551022750062,94,95,50,1
2.6634504099347138,92,93,50,6
4.1827833235916883,96,97,52,0
6.1891113720347546,96,97,43,5
1.2828096261469144,96,96,41,5
1.8592112354943868,94,95,54,3
2.8801482600347610,94,95,46,1
4.7284702369658724,94,95,49,4
0.8458179029788306,94,95,49,4
3.2252749290599838,92,93,52,4
3.1776888149080884,94,95,51,4
1.6282193248767058,94,95,54,1
0.1533349355336543,94,95,51,4
2.2694696610331260,96,97,53,1
5.3248538350652828,92,93,45,1
4.3617137004802062,90,91,55,4
2.5153100047748964,94,95,54,5
6.2375370689164162,92,93,47,1
5.1037339762631539,96,97,44,0
3.5055701506933765,96,96,51,5
3.4689947851219669,96,97,55,7
3.8093945273669423,92,93,43,7
3.4675336258409546,88,89,44,6
0.4638637426828484,94,95,47,6
2.3092782473424944,96,97,43,7
2.8897931234693384,94,94,47,2
2.8717444300546422,96,96,56,0
3.1735838724445977,92,92,39,7
2.9205978111036806,92,92,46,2
2.0538637412050931,92,93,48,6
3.2999327239322076,94,95,49,0
3.4235778345924057,96,97,56,4
4.1469959917742996,92,93,49,1
1.6322008465395614,94,94,43,2
1.5267492715338733,94,94,49,4
5.3065718899153236,94,95,47,2
1.0463287637304177,94,95,46,3
0.8178913811608191,94,95,43,0
2.6269990982067655,94,94,44,3
3.5150099418138865,98,99,50,7
6.0694309373856532,94,94,50,7
5.8748020442482805,96,97,48,0
5.4077033574187663,94,95,51,4
2.5290773309164885,96,96,42,6
6.2513832361479640,96,97,53,5
4.9803122415666277,94,95,45,0
6.0808097936970498,96,97,47,1
4.5189570841553897,92,93,45,1
2.3561758594998494,96,96,51,5
5.9373743970291164,94,95,49,2
6.1268284467875951,100,101,59,5
5.0628020202391868,94,94,46,7
2.6866268895453023,92,93,45,7
2.3985102349700309,96,97,45,7
0.0219048368515035,92,93,46,2
3.3349064801823398,90,91,50,7
5.5350014086756962,96,97,39,7
4.2452035354664517,92,93,44,2
4.3630680912598434,96,96,50,2
1.2527136867384214,96,97,57,3
5.2408568986787269,96,96,36,6
2.4354511249221629,94,95,59,6
4.8649654223958372,96,97,47,7
1.9198138563720939,94,94,46,5
2.6843662466376919,96,97,43,7
3.4590586447663045,92,93,47,3
2.8377837717942391,92,92,45,7
5.7004246039766411,96,96,38,2
6.2192275211020940,94,95,50,7
2.2425669206031751,92,93,43,3
4.3337225011866867,92,93,38,2
0.0133739309434307,94,94,50,1
5.4161196824509243,94,95,46,1
4.7309018998523751,92,93,49,5
3.7700644427949723,96,97,45,1
3.8357909861481132,94,94,46,7
0.1926070486995685,96,97,55,7
3.1887261292396265,94,94,36,3
2.2289207268755589,100,100,60,6
3.0112042648268313,96,97,55,7
6.2665404347997793,96,97,55,1
6.1655890700383091,96,97,44,6
2.2410527346785778,94,95,49,6
3.1375511727894656,92,93,43,1
4.8787782102804647,96,96,55,7
4.9854892752015596,96,97,53,7
3.0362616092328061,92,92,46,0
3.0654838838449252,96,97,58,6
0.6453917180617462,94,95,51,4
1.3926614981225836,94,94,52,3
3.3764916223913222,94,95,58,3
2.3732197949608609,96,97,52,2
3.9744777054720504,90,90,45,6
1.2682255603759507,94,95,49,4
4.5525892863479305,94,95,50,7
0.0263080089897366,94,95,43,4
1.8398085884674045,92,92,44,2
4.6717949038166164,94,94,43,0
1.2975642037920347,94,95,44,5
3.2132626341255932,96,97,52,6
3.9264254658843907,94,95,52,3
4.6083191912764727,94,95,42,7
3.8711050792118029,92,92,49,5
5.5076012958944585,96,97,60,0
3.5991354099372037,94,94,47,6
2.7550670233584462,94,95,41,2
2.3925067589561988,96,97,46,2
2.3211268851165854,92,93,41,7
0.6606499488542226,98,99,44,3
2.7613449420276881,90,91,47,0
2.9522091109052169,88,89,42,6
6.2160157393823896,94,95,41,4
2.3092393152134059,96,97,52,0
4.9595049061200944,94,94,42,3
5.9937771234408901,90,91,51,6
5.1684956104634434,88,88,51,3
4.6765236868891913,92,93,41,3
1.3517562956959761,94,94,44,1
0.7585356359462337,94,94,45,6
3.8676137084050990,94,95,53,0
2.0546594055376999,94,95,48,5
0.1364290956762111,96,96,49,7
2.8455746924145524,94,95,56,3
1.7591407985113485,92,93,53,3
4.7701735330321267,94,94,55,2
3.3161035764656379,94,95,55,6
3.1477520616565844,96,96,52,4
5.0502495911774714,94,95,54,3
5.4670401768981849,96,96,51,3
0.3063775645011441,96,97,46,0
0.2366953439172693,96,96,50,4
3.6333363800939025,94,95,56,5
3.5275621864783533,94,94,56,5
4.1250291854866887,92,93,47,5
3.1008880091563027,94,95,50,3
5.6933349063476060,94,94,47,2
0.1705568904401952,94,94,54,5
4.3112821308368154,94,95,40,7
5.9813558731408003,92,93,48,0
0.0770160102489711,94,94,42,5
6.2124902975288947,96,97,60,0
1.0203468221676844,96,97,48,6
0.0609357188301541,94,94,47,0
0.1618304204784056,94,95,47,0
1.8078550105153879,90,91,43,2
3.5898267311765255,90,90,47,6
3.4623994062519472,96,97,52,4
6.1781851856729606,96,97,54,2
4.9425671738088841,96,96,43,1
3.0160296073069288,96,96,57,7
4.7285395581664833,96,97,55,1
1.6576538838151706,92,93,54,2
1.7252113420622437,96,97,52,6
2.6492459123396661,94,94,37,2
1.2955343734625491,94,95,53,0
1.3121326957498085,92,93,48,0
4.1883017861128735,94,94,51,6
5.1256427570665419,92,93,46,6
5.0190152120278455,96,96,49,7
2.6345064749245246,90,90,42,5
4.5885946562520017,94,94,58,1
0.4153100665546496,94,95,43,2
4.4518542931878491,94,95,47,6
4.2864752297615665,96,97,46,0
3.5320578204905697,96,97,58,0
4.6310554555002099,94,94,54,5
1.9992940662842094,94,94,53,4
4.2237288851014094,92,92,48,2
4.0191421730770651,96,97,55,5
5.6597698612411653,96,97,52,2
5.5488176392640893,92,92,49,5
5.5670751264887608,92,93,49,5
0.2209250858501082,94,94,40,7
0.0640659075870465,94,95,43,2
1.7979135943782110,94,95,46,3
4.8912897235119246,94,95,54,3
4.3985569055761493,94,95,58,1
5.2542066038750770,94,95,42,5
0.5553450601680155,94,94,57,4
1.3818859434627129,94,94,52,3
5.0390949610845031,92,93,53,5
0.1227188626355447,96,97,59,1
1.9773597846426505,96,96,42,0
5.8839614782145553,92,93,51,5
3.4016846072601337,96,97,53,1
2.7894436839275900,92,92,47,3
2.0792647614345245,94,95,44,7
0.4470201747135497,92,93,52,2
2.1105423674495287,94,95,54,7
4.1431415445737061,96,97,58,2
3.8428744829487851,94,94,56,1
1.4522948866458141,96,96,48,2
6.1753294540408197,94,95,60,3
1.5514044706625951,90,91,51,2
5.4988579735722913,94,94,53,4
4.5947293835148075,92,93,52,4
4.4874928530496883,92,92,47,5
5.8167020057047862,94,95,47,6
2.1132616075368040,96,97,45,7
5.5930770047930887,94,95,49,2
1.4202717951795816,92,93,45,3
0.0840354063960847,94,95,52,5
4.9402411428154016,92,92,42,6
0.6314986169400335,92,92,47,5
0.1049239793842943,96,97,57,1
3.3116202543854305,94,94,54,3
4.6164741820842004,96,97,47,3
5.1307762160383801,92,93,54,4
4.1227875345236722,94,95,44,7
3.9286271165817848,96,97,53,1
3.8943024689625498,92,92,42,4
5.2673641156069424,90,90,42,7
6.0184446150437898,90,91,51,2
2.0191952018284050,94,95,49,0
5.3058142679721207,94,94,42,7
1.3801674044659960,94,95,50,1
3.6955889220825289,92,92,41,3
0.1811455783459214,94,95,51,0
1.5783542312962568,98,99,57,0
1.5060900281756082,94,94,42,7
3.2932112038312211,92,92,53,1
0.5501480394770902,92,93,51,1
4.2812710984462923,90,91,48,7
1.5166188909983012,94,95,46,7
2.6471576508788717,94,95,47,4
2.5647544246490694,92,93,51,3
3.2344448548497944,98,99,57,0
2.5187212828888099,94,94,49,4
4.3351578836884439,88,89,49,5
2.8715538691654392,96,97,42,0
3.4107977816614112,96,97,47,5
3.8354851931851708,94,95,46,3
5.7652856398561587,92,93,50,0
5.9292555149733372,86,87,49,0
5.2319663622484498,92,92,49,7
5.3450777392863342,94,95,47,4
0.2654516430181581,94,95,46,3
3.4822261686894236,94,95,46,3
4.1986446246322044,90,91,49,0
1.1595205817509258,88,89,49,3
5.0443988579466685,96,96,54,2
3.9167591739097452,92,92,56,4
2.5775647369641494,92,93,51,3
1.0598262422988354,96,96,55,1
4.3313495399326092,96,96,44,6
0.9918360101279238,92,93,46,2
5.3522791890442898,90,91,50,5
5.0032114365288498,92,93,47,1
5.6898421516218924,96,96,59,5
6.1836806698285329,96,96,53,1
5.2389725964563683,92,92,49,5
1.9637693271457333,94,95,50,5
5.7243193636140939,90,91,54,7
4.3400295429351443,94,95,47,4
3.0528465601465755,92,92,44,2
3.4461595316850193,94,95,54,5
2.9432316317669747,94,95,50,3
2.6934616880376936,96,97,45,1
4.5375755312198649,96,97,53,3
3.6908364701030392,94,94,54,7
5.4972039738715530,94,95,45,4
1.3427506227191570,92,93,44,0
0.1651679172494737,90,91,46,5
3.4295729984366035,94,95,50,3
1.8856305319097584,94,95,51,0
1.0355133137779389,92,93,42,0
6.1052595624780697,92,93,46,2
2.7952464109017461,96,96,53,1
4.8705770243750761,96,97,52,6
1.8191868734741028,92,93,47,3
5.6416277233377450,96,97,52,6
3.8849380838503325,94,94,52,5
3.9440455024657926,96,97,62,4
1.1574949200075373,96,96,49,7
0.1571517145252072,94,95,48,5
3.3793431316006886,94,94,53,4
2.6889008726280923,96,97,50,4
1.3777188212392764,94,95,43,4
6.0193464190175376,96,97,49,7
0.7199687193999842,98,99,56,5
4.1448239178022988,96,96,58,6
4.6633026446251531,94,94,49,0
3.4863786340275085,96,96,54,4
3.7276991984005763,94,94,46,5
5.0484264379150634,96,96,47,1
4.5412169269399012,92,93,49,1
3.0084828623397759,92,93,49,3
0.0828453878011770,94,95,56,7
1.4672201937296103,92,93,49,5
4.5485763163927517,94,95,54,1
2.6789507077024290,94,95,47,2
0.5110095049638045,94,95,47,4
2.9808823897160726,90,90,38,1
4.9018451117236959,94,95,60,7
3.6718164767812240,96,97,55,5
0.4405354258675930,96,96,52,4
5.6491986677812385,92,93,40,6
2.9492061021138354,96,96,50,6
5.6927914511076416,92,93,49,1
4.8199066186754393,92,93,53,5
4.0517781340070362,96,97,53,5
0.7175829555493181,96,97,50,0
5.9752717446016073,94,95,48,3
3.5467145573346417,92,93,44,6
4.2357037189365343,94,95,52,5
0.1916768782620340,94,95,49,0
1.8345793826247230,94,95,52,7
4.8459648481463402,94,95,51,4
5.4523823168948722,90,91,37,0
3.7880586507288649,96,97,49,5
4.8757125326494926,90,91,51,4
0.8984905208590391,94,95,48,7
6.2070788977534077,94,95,35,6
3.4823304031249052,96,97,47,7
5.0299023261868756,94,94,42,5
0.9656395728377245,94,94,48,3
0.9916800797198876,96,96,49,7
4.1805907163364493,92,93,50,0
3.8004665039860805,94,95,61,2
5.1796040138305948,96,97,50,4
0.6999178755595541,94,95,41,6
5.0160914931617349,92,92,47,5
6.2648310014800765,96,97,60,2
2.3537302621617258,94,94,48,1
5.8294857813546379,96,96,47,7
5.5260603768797827,94,94,47,6
4.5399304531807321,94,95,50,7
5.1001433393010016,94,95,50,3
2.9737425228733172,94,94,50,3
3.7490339608884877,96,97,39,1
0.8871632871999325,92,93,48,4
6.2390924329408559,96,97,48,6
2.5596063100191033,94,95,53,4
2.9272860345970066,96,97,53,7
3.7304553991963512,92,93,51,5
5.6272353956673964,96,96,50,0
1.4883949721000806,94,95,46,5
3.0435505830225891,94,95,46,5
0.8997538484925381,94,94,42,3
4.5549321517715606,94,95,49,6
1.2744914982653317,94,94,41,6
4.0183647174582733,96,97,54,4
0.4686914513095663,96,97,56,0
4.6632272876651388,96,97,45,7
4.3976801149380469,92,93,51,3
3.5013507020198991,94,95,60,5
0.7046421124311890,96,97,49,7
1.6591951546323027,88,89,41,3
0.3964739930330447,94,94,45,2
1.3871875674641689,94,94,47,0
5.6647746533317918,94,95,42,7
1.2868450599466952,94,95,54,5
0.2770512040783066,96,97,54,0
6.0988323388892178,96,97,49,1
2.0579438444835536,92,93,42,0
3.6506239081612435,92,92,46,6
5.1678916673109194,96,97,51,1
5.6839674239668998,94,95,41,6
5.8380964634759831,94,94,42,7
0.8364288966396412,96,96,49,3
4.8739965289808733,94,94,43,0
3.4253722863161915,92,93,45,1
0.3409440311373297,96,96,49,3
5.5738481352684834,94,95,50,3
5.6922557123492918,96,96,46,4
0.9816681069735872,94,95,49,6
5.8631822380987471,92,93,49,7
3.2761916295851572,94,94,47,0
4.8991859008918066,94,95,51,2
3.2933671376361207,94,95,50,3
0.3182357651400487,94,94,55,2
4.0193065688642138,90,91,60,1
5.7474073151253142,94,94,47,2
6.0657833764435685,94,95,54,7
0.8309670239570492,94,95,48,5
0.1583249138135634,94,94,47,2
4.2285239445605374,90,91,53,6
1.1451405103207646,96,96,48,2
5.0990189025728130,94,95,43,6
4.1161158274442897,92,93,47,1
3.0672693598979417,94,94,53,0
4.4859226484302299,96,97,53,3
5.9369098525200066,94,95,47,2
1.0371172983557393,90,91,44,5
5.6885891540022264,94,94,52,1
0.6837170865265536,90,90,50,1
4.3686573250603038,96,96,55,5
0.7681926712107514,92,92,42,0
3.3965258705148385,96,97,47,5
4.6286731292615686,92,92,49,1
3.0982088120997604,94,95,50,3
0.6019197142765690,96,97,52,0
1.8966846797794850,96,96,54,4
2.2506589877333139,94,94,41,4
0.2348431589683999,94,94,55,4
5.2231980003822311,94,94,54,1
0.4593907192686474,94,95,44,3
3.1553810650168748,94,94,52,5
6.0001236132287135,96,96,44,6
1.9049058465805335,94,95,53,2
1.0269599443013933,92,93,45,3
4.2724157590186937,94,95,57,6
4.4279360434476294,94,95,56,7
2.4936619738787198,90,91,48,5
2.7019815077103084,94,94,49,0
2.9456198603856718,96,96,54,4
4.5917239145996627,94,94,43,4
3.5103292441705767,96,96,61,7
2.4134874450632453,94,94,57,0
3.5726360560016777,96,96,46,2
1.5088030753835862,92,93,42,0
4.4934994020481280,94,95,42,5
0.5991111730586639,94,95,49,2
3.3534117769059426,94,95,55,4
4.9163062691728250,92,93,39,1
4.6139085042645656,96,96,54,2
4.9672312168030031,96,97,50,6
2.9177610497474622,94,94,51,4
2.6932138972169488,94,95,49,0
2.4179740359140118,92,93,47,3
2.5916454421013895,94,94,48,7
5.5753876099908997,94,95,41,6
5.6579189546084248,96,97,50,4
1.0160618351266038,94,95,47,2
5.3324212438313179,90,91,55,6
1.3459905185139986,96,97,51,3
4.3947571691644134,94,95,45,0
2.9251399103088032,96,97,53,3
4.3777036704511847,94,94,55,2
6.0100330519883753,94,95,48,3
3.8091301143113747,90,91,48,7
3.2333423632316896,90,91,39,4
3.5975785127507969,94,94,52,1
2.3044369202103123,96,96,45,3
5.7066330366167461,92,93,43,5
0.2221982445910426,96,97,52,6
4.7113463061893830,96,97,59,1
1.3092254332713431,92,93,53,3
0.8227095870089577,96,97,53,1
3.3786616394030387,94,95,56,1
2.4151066647641728,92,93,50,4
2.3391720370981353,92,92,46,6
0.9718032885340545,92,93,41,1
4.7874371472524500,96,97,46,6
1.1659767864169541,96,97,47,7
4.0193366769430812,92,93,47,1
0.0233182616580012,94,94,47,2
0.7738974966014873,96,97,50,0
2.1620374729961847,96,97,46,0
6.0865193914168598,92,92,46,6
2.6486534138080318,94,95,47,6
4.8496594121495216,94,95,48,5
4.6184228221515617,92,92,50,4
2.4485593725783739,96,97,53,3
2.1502426274996673,90,91,48,7
0.8680348860323139,94,94,48,3
3.4240913129768464,94,95,48,1
5.3388815967236329,94,95,54,7
0.3237783142603227,96,96,49,7
3.4414336063657394,92,93,46,4
4.2041321994689271,94,94,41,2
1.5747969544754277,94,95,45,0
3.0343590279686223,94,95,54,1
5.5113412428686086,92,92,45,7
6.2504281635059398,94,94,53,6
3.7105008961276162,94,95,46,5
2.0152659736775957,92,93,55,1
0.6202876750176120,92,93,43,3
4.7899149091835058,90,91,48,5
2.1801889583584715,96,97,55,1
2.9771858097755448,92,93,45,1
1.3910497484552387,94,95,48,3
0.3499323304716827,92,93,42,4
5.1631151555990176,92,92,51,5
3.3977764557439438,96,96,45,7
1.8015675357250460,94,95,55,4
6.0818889329382655,94,95,49,0
1.5776179330765741,96,97,50,6
3.7894447489366487,92,93,50,2
1.4611715526194746,94,95,52,3
4.0733321028246978,94,94,49,2
2.5727932419740296,90,91,43,0
5.0215187051814691,88,88,45,7
5.6130961568440911,92,92,53,3
4.8062737047279560,96,97,52,2
2.7004310455412930,92,92,54,4
3.1001102920794930,94,94,48,5
4.8376956788328975,94,95,42,3
0.6913415104782570,92,93,52,6
3.7241704379253324,96,97,50,0
0.9464475637601654,94,94,51,6
2.9706527642580194,96,97,59,3
4.4108838316262640,98,98,57,4
5.3798958253152360,94,95,56,3
1.9904810055414346,90,90,35,2
4.3767766838956526,94,95,58,1
5.3221399021298987,94,94,49,2
1.8488966566092853,96,97,53,3
2.9985606273196752,94,95,43,4
1.1650071043618149,94,95,52,5
0.6677932493400085,94,95,54,5
5.2854442735531428,92,93,50,6
2.3054029439798445,94,94,56,1
2.9179294861470075,94,95,50,3
2.7289695471639432,94,95,51,4
0.5844421903446653,92,93,50,2
3.2728709529052211,96,97,46,2
5.9528911676891401,96,97,46,4
6.0716040662497033,96,97,57,7
5.2109127431310247,98,99,61,6
4.3617045493310638,96,97,60,4
2.4416869529175615,96,97,48,4
1.4528662318616057,94,95,55,6
3.1497458928365138,96,96,43,7
3.8706184668804839,96,97,53,5
4.1437995079201420,94,95,48,5
1.1579382046913060,94,95,46,7
0.3532952062847642,96,97,35,5
1.9598498586470201,96,97,53,1
0.4992412314535962,96,97,52,4
3.9696214901701983,96,97,50,2
4.2823462514145723,96,97,52,2
5.6986821997093822,96,96,43,5
3.7442146061998280,96,96,48,2
3.6666091362695759,96,97,54,2
0.2360829674722174,92,92,49,7
3.5161663475656657,92,93,46,0
2.9674451709972742,94,94,46,7
1.7592793138443683,92,93,50,0
5.0309844660389906,96,97,41,7
2.5424003613357593,94,95,40,5
2.7564762155163449,96,97,57,3
0.1030235538321981,94,94,46,3
2.8489763706591997,92,93,44,2
4.8451834976239176,96,97,51,5
4.6943260373384401,94,94,41,2
3.3537760566286883,96,97,41,5
5.9015780300099703,96,96,48,2
5.8973545450518881,90,90,47,2
5.4474834109817563,94,95,55,0
0.6662482145861318,96,97,57,1
1.1663352063355359,94,94,40,1
1.7152927932577855,94,95,56,7
4.1195127454171301,96,97,63,7
0.8619064156548889,94,95,47,0
4.9040877509175926,94,94,50,3
5.7233005155755281,94,95,49,4
0.2752539353176458,96,97,62,4
5.9290141334052340,96,96,45,5
3.4694608809573131,94,95,46,5
2.7169955182182690,96,96,49,7
3.5181689982745366,94,94,45,6
3.1135521180890358,92,93,46,2
3.0289232457686404,94,95,55,0
5.4200617824864175,94,95,49,6
3.1770236720921945,94,94,43,0
0.0611003028449333,94,94,49,6
6.0378352542428786,96,97,49,3
5.6381016616544022,92,93,43,3
1.3634132737817097,94,94,49,4
0.0584100016505418,94,94,46,5
3.6863736481569163,94,95,50,7
4.4699969298580022,92,92,51,1
2.1126687285315131,94,95,51,6
2.7884133583094899,92,93,48,0
1.4792901517623296,94,95,42,3
5.1830119327581921,96,97,54,0
0.5501919949131124,96,96,46,2
4.8977687175048494,94,94,39,0
5.3194190844382074,94,94,54,3
3.1846331810431918,94,94,39,4
1.8477189130205043,96,97,55,1
1.6073784391566348,94,94,46,1
2.7135208041598049,96,96,47,7
0.9634949917511213,96,97,51,7
3.1423132576372304,96,97,42,2
3.1119924357528723,94,94,51,6
2.0123150074705278,92,93,54,2
0.4275347842500444,94,95,37,4
4.8444791904458642,96,97,43,1
5.0144207015565945,96,96,48,2
2.6296142262375750,94,95,40,1
5.3464556870527540,96,97,43,5
3.4722856620175691,92,93,46,6
0.9790764137210969,94,95,54,3
6.1975509082756046,92,93,49,5
1.6525680792570983,94,94,38,3
0.1042126769358094,96,97,55,1
4.2871863120905154,90,91,48,7
3.2045663182940607,94,95,49,4
3.9216792881171796,94,94,46,5
5.8742402997418957,96,97,53,5
4.1526051703633646,94,94,52,5
5.7690539897257525,94,95,52,5
0.8670173654926643,94,95,50,5
3.6472309503762488,94,94,42,1
0.0268054407450044,92,93,40,4
2.4136836158755322,90,90,49,2
3.0694927122851023,94,94,50,5
0.2114229805383585,92,92,50,6
5.1503953053000746,92,93,53,7
2.3148302480919303,88,88,52,6
3.3791553609407976,94,95,41,2
2.4029003531241928,94,94,46,5
2.1892633808763708,96,97,45,3
5.3980590648201323,92,93,48,0
3.8975701641756761,96,97,49,7
1.3115165373258946,96,97,46,6
2.4816074698445134,94,95,39,6
0.6084852777453451,92,92,55,3
5.6383791258049039,96,96,46,4
1.8422691273915166,94,94,50,7
4.3913984791366625,96,97,49,3
5.2600626207703725,96,96,40,0
4.1939475929561363,92,92,40,4
1.0272045210347536,96,97,57,7
3.6001767350366269,92,93,44,2
5.0070167957824276,92,93,53,1
3.5553155042283393,96,97,46,4
3.2594267438191857,96,96,52,6
3.1302348097594357,92,93,49,3
1.9053473200310720,96,97,52,4
2.5408088224752086,96,97,54,2
3.6139775486982915,94,95,44,5
3.2014182490161129,92,93,45,3
4.8640573633513275,90,91,50,1
5.3620244917277153,100,101,56,4
6.1249124134261423,92,93,49,1
3.3453997333273389,96,97,45,7
6.1797784748801758,96,96,52,2
3.8969344294951935,94,95,46,5
0.2024704959681047,94,95,57,0
4.9268065522491602,92,92,44,4
2.5555966277230335,88,89,45,5
1.1112379638787777,96,97,52,4
0.4914068803040068,96,97,50,6
5.6908135390166388,96,97,46,0
1.5034434465265181,96,97,44,2
0.5431347071187032,92,93,47,5
5.5196096546397007,94,95,43,2
6.0159430712502013,94,95,52,7
2.0479481228469081,92,93,52,6
2.6200417834910992,98,98,58,3
1.8390327873244874,94,94,53,6
1.7029514924349214,94,95,51,2
0.9457525823659341,94,95,60,7
6.1096838132320652,94,94,45,6
5.2976347126374401,94,95,44,7
4.7418905905287678,96,96,56,4
4.8806928437756660,90,90,44,1
