theta,t_count,h_count,s_count,w_count
4.7154570608369086,98,99,48,7
4.7887451655293471,96,96,43,3
3.9070015680521495,92,92,48,2
5.8647098503506037,96,97,48,6
3.1305917123815168,94,95,37,4
2.8070552766576733,96,97,61,5
3.8392917968180091,96,97,58,4
5.4228466691091608,96,97,45,5
2.3533904304222291,96,97,44,2
5.2418842494758113,90,90,46,5
5.6720476376537370,96,96,50,2
5.9901314357596256,96,97,44,4
2.3254606180125390,94,95,41,4
1.8686125892641023,90,91,54,3
1.8798019228545482,94,95,48,5
0.9088276591354454,96,96,43,7
6.2143051234850581,98,99,47,6
0.2234809311526381,96,97,51,7
3.7995556651750366,94,95,54,5
3.3364746579219089,98,99,49,0
4.9397819484781458,98,99,55,0
5.7268906687575800,98,98,48,7
2.0621936548476878,98,98,54,5
0.0843134646792016,94,95,54,3
1.9707197716958651,96,97,38,4
4.1672821122595538,94,95,46,5
3.9785993558514998,94,95,48,7
0.6899212064893747,96,97,47,5
0.0686191624443802,96,96,50,6
4.3072977330912883,96,96,51,3
3.6623817713627553,94,95,58,7
4.1363881463893852,96,97,48,2
5.2612788985777010,96,96,49,5
0.5483365062296859,96,96,51,1
2.8861852478615635,94,94,45,2
3.2826168556234618,96,97,50,6
2.0581664536200086,96,97,52,4
2.7720814870721893,96,96,49,7
4.3045672158851804,94,95,48,5
5.0540558256836725,94,94,54,1
1.2898453319069560,96,97,52,4
5.2758142971423547,96,97,47,5
3.9844072673446287,96,97,47,5
3.0296515620964244,94,94,48,1
3.0032530619563551,94,95,52,5
1.5130563022227081,94,94,57,2
6.2407070650898246,94,95,44,7
0.7878074034094554,94,95,50,5
4.0132141630031803,94,94,47,6
1.6955465845087050,94,94,43,6
1.3430318729683202,96,96,40,0
1.7676224562717722,96,97,39,3
4.1114716896453478,96,97,48,6
3.2716382569846378,96,97,50,4
0.8895393585829832,98,99,43,4
3.5156812554441266,96,97,64,0
2.1171447471601406,96,97,51,3
5.8842874341146514,98,99,60,3
4.3233065604543102,98,99,54,5
2.4870316407542936,96,97,45,1
0.1133064692060659,96,97,55,1
4.8688585098167509,90,91,43,6
5.9602520430307369,94,95,47,6
0.8348659997604747,94,95,48,7
2.3664530022658417,96,96,51,5
2.4599252098011379,96,97,45,1
4.7650270479608290,96,97,53,5
6.0224472997050462,96,97,47,7
4.2435224543228074,94,95,51,0
3.3840026023915466,92,93,48,6
5.7802920999651537,96,96,37,5
3.5260773804378744,94,94,52,7
1.0293119570621021,102,103,53,4
4.3293351128895559,94,94,43,0
0.7019456936141030,96,96,50,2
2.5319496095949727,98,98,42,3
3.0302556790095472,94,94,49,0
6.1674394514075672,96,97,52,2
5.0576606400410258,96,96,51,1
5.1762955661760746,92,93,56,0
1.5576716536890818,92,92,40,2
2.5915863903447511,94,95,43,0
2.8560729070863116,96,97,56,0
5.9665355485045497,98,99,60,1
4.8058560291608909,96,96,50,2
5.9508656057793958,96,97,41,7
3.9899330194919806,92,93,46,4
0.9024146183776810,96,97,54,4
3.4328693409260524,92,93,48,2
2.1962547011635469,98,99,57,4
0.0541080149330684,96,97,47,5
3.4720459572662348,94,95,46,1
4.5879778517895016,94,95,46,7
4.9211149502269063,96,97,54,0
4.9275611993821755,96,96,49,3
5.4632749840731156,96,97,43,1
5.0877590231855736,96,96,46,6
3.5437864653111739,98,98,47,6
2.4050537615891203,96,97,53,1
1.3538988307285891,96,96,51,7
0.5462391139168101,94,95,48,1
1.3945082915720093,98,99,46,7
5.0753572073389108,96,97,46,0
2.7841534450275454,96,96,42,0
1.8598369627021998,98,99,50,3
4.9191169725646251,96,97,67,3
5.3320463191914360,96,97,49,1
2.0752874342686467,94,94,58,7
4.0096024679503115,94,95,54,3
3.2227358750531767,96,97,49,7
4.0634194984457395,98,98,50,7
4.9244417179876434,98,99,53,4
0.8263314788421209,96,96,48,2
5.2277571515744405,94,95,56,7
5.8835419231489396,94,95,40,1
0.7323957101033783,96,97,42,2
1.0194505612196592,96,96,49,5
2.9894619182733235,94,95,50,5
2.8824271366594418,98,99,51,2
5.6960894022521984,94,94,53,4
1.0822639505249314,96,97,41,3
3.7104808203587663,96,97,56,6
2.5624190828936451,96,96,47,5
3.3730048870392872,96,97,51,5
0.6306357750464298,94,94,42,1
5.1741903655224490,94,95,50,7
5.9053265931898924,98,98,52,7
3.5421890042717981,98,99,48,7
0.3134615252395266,96,97,53,5
4.7550574507342631,96,97,54,2
0.0839026014334604,94,95,48,3
5.3532230166789878,96,96,48,6
5.0268217035686362,92,93,56,2
4.6238327920498259,96,97,54,0
1.5889615186403103,98,99,50,5
5.4352961075401733,94,94,53,0
0.2371513397296588,96,97,47,7
3.2195130187166572,96,97,49,1
1.1117041074496419,96,97,51,1
3.3714505269894843,96,96,56,2
3.9970710753329426,96,96,52,6
1.1243981351818126,98,99,57,0
3.3158934085356639,96,97,48,0
5.2391106995780685,96,97,62,6
1.2536107313987159,96,97,57,7
1.0145768751297513,94,95,49,6
1.6138231696827696,96,97,56,0
3.5051921999553382,96,97,46,6
5.9652339128742318,94,94,44,5
4.7656417560903357,98,99,48,3
5.5235171785252515,92,93,47,5
2.9144444455807563,96,96,48,2
3.4780167443858310,90,91,51,4
0.5542349673129210,98,99,50,1
1.5419133519704129,96,97,48,2
1.5612548091465723,96,97,49,1
1.7021854241831917,96,97,48,0
0.6143909977705202,94,94,54,1
2.7998980764036352,98,98,55,6
2.6411985260289339,94,95,54,7
0.3690005848731889,96,97,47,3
2.4274664429749029,96,97,50,0
1.2734105917315903,96,96,48,2
2.6631216953109265,96,97,49,7
5.7618196719640862,96,96,40,0
5.9323885027493573,96,97,52,0
4.3632779464613227,96,96,56,0
1.5298401081911743,94,94,44,5
3.0032425992965130,96,97,48,0
0.8598141202734237,96,96,55,3
1.5665170495795453,92,92,46,0
5.1132497298302679,96,96,52,0
1.5202582140067258,98,99,57,2
2.7209975224005212,94,94,48,5
1.1938895517612949,94,94,53,2
3.1441781818168835,96,97,53,5
3.5246719036539891,96,97,47,7
2.1870329065556771,96,97,54,0
4.6817701894233057,96,97,53,5
5.7365041446847673,98,99,52,7
0.6763640343225341,94,94,55,6
1.3083204238594410,96,96,45,3
5.0600732330359985,96,97,40,4
5.4268711753061742,98,98,42,1
5.9628643899902229,96,96,45,7
6.0053414888894254,96,97,54,4
5.2376514661832596,96,96,50,2
5.1728204048133799,96,97,56,4
5.2174280690936463,98,98,44,3
3.6294472167521845,96,97,51,3
0.2068725570296496,96,97,48,0
2.7760003257619781,90,91,43,4
3.5064450846337127,94,95,48,1
2.7438956834150594,96,96,47,5
0.7448516220024922,96,97,52,6
2.8881691481195162,96,96,51,3
4.7102567572571754,96,97,43,3
2.8470059773307770,92,92,57,3
3.6548103372549310,94,94,56,3
1.5243552553272335,96,96,41,7
5.0409381669948754,92,93,48,6
3.6188921082101704,94,94,46,3
2.2110730312622517,96,97,44,0
3.9750081437543852,96,96,46,4
0.0984169507727709,96,96,55,3
1.9508859955130344,94,94,41,6
0.3907367601994421,92,93,52,0
1.2929304568222455,94,95,57,4
2.7680111485314938,94,94,55,6
4.9530751867427183,98,99,47,6
2.6666789951534189,96,97,57,7
5.7146649120832942,96,96,44,0
1.8817388797291024,96,97,55,3
4.1843867621109814,92,92,49,5
1.4891329447412265,94,95,42,5
0.3624227045319913,96,96,55,3
2.2290330766977986,94,95,40,5
4.0783950229029937,92,93,49,7
3.4925879934567705,98,99,42,5
6.1713380714711183,98,98,47,6
3.6958467557236521,94,94,42,7
3.8176141134061217,96,97,50,6
1.1620322108391086,96,97,49,1
5.6774547341622688,94,95,46,3
5.4616689251489978,96,97,48,0
5.7923878768440424,94,95,56,3
0.0952846296653011,98,99,47,6
5.9875619337735939,98,99,45,6
5.9580984336986456,96,97,55,5
1.0151525009420792,96,97,52,4
1.8783922634237822,94,94,45,0
1.0031652310578307,86,86,41,0
0.3570157659227085,96,96,52,2
2.2078823817801414,98,99,51,0
0.9846818519230588,96,97,50,0
3.3522441907198459,92,93,41,5
3.5891579028452436,96,96,59,7
1.7122035625054426,98,99,49,2
0.5651062925553055,96,97,46,4
2.9093888987967165,96,96,52,4
5.5568508705756328,94,95,41,4
3.9168756300602974,98,99,45,6
1.6394578433116225,96,96,42,4
4.6811787944423795,92,93,52,0
5.4729137307682878,96,97,57,1
1.9363093781767007,96,97,47,5
0.3732966501831720,92,93,45,5
2.2056831141448656,94,95,50,1
0.3302013001191562,92,93,44,6
5.5541391687521680,96,97,56,4
3.8741416528604109,100,101,55,3
6.2338348911166186,98,99,52,7
5.4371831292369386,98,98,44,5
5.0547311547351166,98,99,52,1
3.0150043792955024,96,97,43,1
4.0363965274288827,98,98,57,6
3.4884828935722516,96,97,49,7
5.2294583577351661,94,95,46,1
3.6425160727200256,96,97,51,7
1.1676882467328800,98,99,58,1
5.7551436890910166,94,94,43,6
1.2013516637856523,96,96,56,2
2.3609861611487388,96,96,47,7
5.6660759356274291,96,96,53,7
0.9934383940943670,94,95,43,4
5.5122365266963511,96,96,49,3
1.3635645583143341,96,97,53,5
5.4438971025388865,94,95,39,6
5.9410390472702490,96,97,57,5
1.7042477292937621,98,99,45,6
0.4969109815671203,94,95,53,4
0.7377897129081005,96,97,56,6
3.9476463536904216,94,95,40,3
3.7204908857300452,90,91,48,7
2.0641756673287088,96,97,52,4
1.5769867928019408,92,93,46,6
0.3175323062665063,96,97,59,7
2.8887521496248145,98,99,53,6
5.4736241464100477,96,97,51,7
3.9255946100713750,96,97,43,7
2.8094236148223253,96,97,50,4
5.2232036514867595,96,97,48,6
6.2830408261525035,94,94,52,3
2.2588239258632443,88,89,45,5
0.0470151682652969,96,96,48,4
5.8816726321237010,90,91,51,4
1.1115948571052470,94,94,47,6
3.7721149238207605,98,99,43,0
5.2005333884742022,92,93,49,7
2.9042612650413555,96,96,49,7
0.3863815387589185,96,96,43,5
2.5038243116318104,96,97,56,4
5.3828266101077560,94,95,61,0
0.4309495905971590,96,97,48,4
0.2666517175419949,98,99,49,6
3.8085014812634759,96,96,46,6
5.9820419403752068,96,97,52,4
4.9262405419025344,92,93,54,4
2.8635791245378397,94,94,57,6
4.2578022572171887,94,94,50,1
2.2374692978026229,94,95,51,0
0.4264247997436691,96,97,56,4
3.8300092477049272,94,94,42,3
0.5761057813033365,96,97,63,1
5.2940433233998068,96,97,47,3
3.9602464871493281,94,94,52,7
4.8412200439192388,94,95,50,3
3.0554264519653134,96,97,51,1
1.2527999408263746,96,97,52,4
2.7256090919756462,98,98,44,3
1.2878618459178013,96,97,52,4
1.4934632157413383,94,95,49,2
1.5618607982872212,96,96,53,3
0.9457065646555375,94,94,47,6
5.2923967227828825,92,93,47,1
2.2562910301153503,96,97,50,6
2.8781378918044518,94,95,49,6
5.4100354176506915,94,95,41,2
1.6588934135893765,96,97,51,3
2.4826700028236344,94,95,53,6
4.2028927767564861,92,93,49,7
0.5731666967818896,96,97,51,7
1.2725773203126041,96,97,49,3
5.1910616373793834,94,95,43,4
0.0397253897611702,94,95,53,6
4.2589697963887838,98,99,57,6
3.8727016403593573,94,95,55,4
4.5567054834948602,94,94,44,3
3.4107966615019683,96,96,48,2
3.5285997627958716,96,96,46,6
0.9249053999608813,94,94,53,0
5.5588245991968179,94,95,60,7
2.8969967069289808,96,97,47,7
5.4297205020918495,94,94,51,0
4.6268399472542816,98,99,56,5
3.9542200792039068,94,95,58,7
1.1699429475744536,96,97,43,3
5.8049481068710538,96,97,49,7
3.1824928068694502,96,96,45,5
0.4217577996378702,98,99,63,2
5.2050989703870210,98,99,46,3
6.0106454448118702,96,97,58,6
4.3818338532029069,98,99,52,7
3.0568429616784130,94,95,55,4
1.0293675528191037,96,96,42,6
5.4938153745345319,96,97,46,0
5.2623224732727030,96,96,56,0
3.5374155989731650,90,91,54,7
3.2731523832372051,98,99,52,1
0.6061339080037944,96,97,61,5
5.0303877664406977,94,94,43,4
3.2841824145048029,96,97,51,5
3.1992562254367281,96,96,58,4
5.3395904403922154,92,92,44,0
3.7517505611077664,96,96,45,3
3.9703684693267776,96,97,46,2
4.6121556391582752,96,97,55,3
2.6300683168980132,94,95,55,0
0.0610875117918451,96,97,45,5
5.4855032279946903,94,95,50,1
1.3637466011615440,96,97,50,4
3.8804030167848023,98,98,54,3
5.7408948646188742,94,95,49,0
2.1442483034016795,94,94,56,7
1.7809818615346484,96,97,58,2
1.9408108503726813,94,95,40,5
3.6374594222971353,94,94,45,4
6.2414983345221806,96,97,50,0
3.5207548758341023,98,98,52,7
0.0414861271279525,96,96,51,1
0.8059555541303031,96,97,46,6
5.3012983917098673,96,96,50,4
4.5630024839719416,98,99,51,6
1.9014221579437891,96,96,48,4
0.2419325716767730,96,96,57,7
5.2579764289503670,98,99,56,3
3.7524041111660362,96,97,48,4
5.6433363893767030,94,95,48,3
5.0714296282426448,96,97,50,2
0.7780787634221895,96,97,49,5
3.6467414043026518,96,97,51,3
2.8540208530064670,96,96,48,4
2.2557994292221850,96,97,53,7
2.6943743494603161,94,95,42,7
3.2253800355876145,96,97,59,7
0.2313140568915553,96,97,47,7
3.7722924237913285,94,95,37,2
3.5143979699295129,94,94,51,2
2.8817357486082416,96,96,57,7
4.3348485854790360,94,95,46,1
5.8445687829530666,96,96,51,5
3.6262575895878517,96,96,50,2
0.7524082063248844,96,97,54,4
4.4385365695135173,94,95,51,4
1.4102843519369070,96,97,55,3
1.7954870227483573,94,94,48,7
1.7405249598268928,100,101,47,5
0.8699933283690925,96,97,43,7
4.7792393135154638,94,94,56,1
0.1335996214469614,94,94,49,2
4.0088086542046266,96,97,43,3
5.1509992192318315,96,97,43,5
4.5527336861726377,96,97,45,5
5.8075634611101554,96,97,44,4
0.9507054352327361,96,96,51,3
0.2786620376275138,96,97,47,3
3.3483390178382875,96,96,53,7
5.4130149057344559,94,95,46,3
4.0809652866021642,96,97,44,4
0.3685812978970154,96,96,49,5
1.5803720116772220,94,95,52,5
2.3219975109081452,96,97,55,3
0.1981800601531720,94,95,49,4
4.8080142900563922,94,94,44,1
3.6500085131863687,96,97,54,0
0.8111872710684843,94,95,46,1
3.7756349650703362,98,98,59,6
5.8289862659401974,94,95,40,1
4.0627542211355125,96,97,48,6
3.0524266171191212,96,97,52,4
5.3407742543983892,94,95,46,3
4.7155546676717037,94,95,58,5
4.1800183875056254,92,93,58,2
5.5717423235012742,96,97,53,5
5.5235052492247689,98,98,62,3
2.2196731627905977,96,96,43,5
4.0823242760296363,98,99,50,5
1.2387966318356431,92,93,43,5
2.5800803229958067,94,95,45,6
2.7396934896275837,90,91,51,6
0.1599553093210582,94,94,52,5
6.0871370426412739,96,96,40,2
1.7898356775807993,94,94,43,6
6.1582061085246238,96,96,62,6
3.2827963616028351,94,95,54,5
1.9654396594006720,94,94,47,0
2.4340497403280250,92,93,44,4
2.9252874912548776,94,95,46,5
5.2344811360161172,94,95,47,0
1.2721314803455195,96,97,53,7
3.3675556148823267,94,95,51,2
5.5280659517533843,96,97,54,2
4.9342338782004544,96,96,53,7
2.8683445261182565,96,96,57,3
4.7114414835712042,94,95,58,5
4.1018206619270119,92,92,51,5
3.3246899210163248,94,94,48,7
1.5147833374761281,96,97,48,4
5.8184377250843360,96,96,56,4
2.7507740537849905,96,97,59,3
2.1353370475521993,94,94,58,3
5.4918659773687342,96,97,48,4
0.5345752948783122,96,97,51,5
2.4524705902346300,94,94,44,5
4.3952724931971554,94,94,37,2
5.2200867860203832,94,94,53,6
1.0086005963379889,96,96,47,3
4.3023227335708087,94,94,50,7
1.0851013958799132,92,93,43,5
2.8475267898214316,96,96,42,0
0.0008382967304047,92,93,38,4
5.7219426548729038,92,92,46,6
1.3815805912233983,96,97,56,4
3.2499383857792652,96,96,41,3
4.5068802075107959,94,95,44,1
5.2765704724020930,96,97,46,4
1.3780532533565371,96,97,54,4
3.4686872363289787,90,91,54,7
3.5612444051599521,94,95,49,6
4.6393308386147432,96,97,50,0
5.7112499454076424,96,96,54,2
0.3209933782317372,98,98,46,5
2.3108792368409734,96,97,45,1
0.2444640055834587,94,94,46,1
4.9223656015328672,92,93,46,2
4.0445414339261259,96,97,53,5
1.8843508261448410,96,96,49,7
3.3275695271087811,96,97,47,3
5.3283399362823065,102,103,49,6
0.5409995715907797,96,97,53,1
5.9861666371463347,94,94,48,7
2.1265551288805042,96,97,49,3
1.8428840259155002,96,97,50,6
3.7549696880881163,96,97,58,4
1.6812437680993639,94,94,49,2
0.9641438217843241,98,99,53,6
1.9876816575902243,92,93,41,1
0.1882379339280167,94,95,46,3
2.8150020801319542,92,93,46,4
0.3129292866019473,94,94,49,6
1.1272233451182088,98,99,49,6
5.9174582206628790,96,96,53,7
2.1581581628594004,96,97,48,4
5.5639477858962074,96,96,44,4
0.3099557881202009,92,93,50,4
5.5436999398656548,96,97,56,0
4.9871698258723338,102,102,60,7
1.8149025658801976,96,96,51,1
5.7608961154234439,96,97,44,0
1.9665441158047532,94,94,45,4
4.9995886114010917,96,96,52,0
1.8477307249021175,96,96,53,1
2.1648266458843004,96,96,63,7
4.8041839357327252,96,97,50,4
3.8228292892511044,94,95,54,5
0.0247886530150461,96,97,50,6
1.8953665642514195,96,96,48,4
3.9017938912527703,96,97,42,6
0.1948537130164563,96,97,53,1
5.3259211202360754,98,99,44,3
4.6104592944207079,96,97,52,6
1.1451825847891002,96,97,55,3
1.6162353262014730,98,99,48,1
4.3916884744388023,96,97,51,5
4.0138680914428733,96,97,50,4
1.8244992833320304,98,98,54,3
3.1807909169786663,94,95,44,5
3.2712429722450138,96,96,50,2
4.4831371302158267,94,95,51,2
3.9909565709373873,96,96,52,6
3.5435344826438344,92,93,52,2
3.2957340456599491,96,97,53,3
6.2434130938040084,96,96,56,4
0.7326211887762291,98,99,52,3
2.5904732039637639,96,97,50,4
6.1623875480650314,98,99,52,7
4.3985672685081552,94,94,54,5
2.3098821425724902,98,99,52,1
3.1992143617378748,98,99,47,2
2.5469026755068005,96,97,49,3
1.5400122676782353,96,97,53,1
4.4418991210161662,96,96,57,1
5.2682948364431974,96,96,50,4
2.9795504075051595,96,97,44,4
0.2604515950563098,98,99,52,5
3.1770827296492152,94,94,49,0
5.2449163567014185,98,99,44,5
3.4988047266355853,96,97,50,0
4.5269050020698804,98,99,48,3
5.4612891771650851,94,95,48,1
0.9538916921789978,94,95,48,1
6.0060733110947355,98,99,50,7
0.0824592549100605,96,97,50,4
0.7061179893052553,92,93,40,6
1.7015574170939427,96,96,47,5
0.5505141784182628,96,97,53,5
5.9249838330119848,96,97,49,7
2.2874822119443987,96,96,50,2
5.6561317335183272,96,96,46,6
3.7765641460660535,96,97,60,0
0.0804225164388310,94,95,49,6
2.4192036682140423,92,93,44,4
2.2720145856608025,98,98,46,7
0.3847632376587073,92,92,46,6
0.8712459055221227,94,95,51,4
2.2243434842445424,96,97,40,4
2.2452103574740767,96,97,57,3
3.4198570630835134,94,95,46,3
3.7035734061797503,92,92,37,3
1.3297099129604806,96,97,48,6
2.6786405136901532,96,96,48,0
2.4872116316748749,96,97,49,5
5.8334887568547611,94,95,42,5
1.0603396709525372,98,99,57,0
3.4764592374165710,96,97,51,3
3.8134295869045221,98,99,49,4
5.9054978619445242,96,96,44,2
3.7436184261162992,94,95,56,1
4.6847438964102963,94,95,48,3
1.9898339033397670,96,97,49,3
0.7594299634767669,96,96,55,1
1.4983939433840632,96,96,57,5
5.9475856758147785,96,97,47,7
5.7303968178373212,96,97,50,0
1.2562654570050089,94,94,51,4
5.0745333544905264,98,99,53,6
4.6881520121509972,98,98,53,0
0.4759720221866762,98,98,46,5
4.4862013030760037,96,97,54,2
1.2287666722697597,94,95,52,7
4.8872159358247558,98,99,40,3
1.6515946279864595,96,97,54,4
2.0735535492775781,94,95,44,1
0.3088761775494496,94,95,47,6
2.2637613243055745,96,96,45,3
0.7770790143249172,96,97,46,2
2.2720277470889121,96,97,44,4
4.7899102443067925,96,97,51,1
3.0516270189801946,96,96,45,3
2.6393279452662548,96,97,41,1
3.4306374413154801,96,97,50,6
3.6673076330840484,94,95,53,2
2.5097212471964006,94,95,55,0
3.7297892208649368,88,88,37,5
0.2839304173915640,94,94,42,1
6.2807754556290822,96,97,58,0
0.3935875800131595,96,96,55,5
3.2157456939919409,90,90,39,6
4.6388965889307086,96,97,49,3
0.3384634530428542,96,96,48,6
5.4382255369301795,90,90,48,7
6.2594220526217468,98,99,54,5
0.0905281757654587,98,98,46,7
5.2873117229987043,94,95,47,0
1.9001569905186881,98,99,50,5
6.1648857628121432,96,96,49,3
4.9900708327701473,94,95,51,2
0.0045355927549510,98,99,54,5
5.0472781624332361,96,97,49,5
5.8928528356443319,98,99,46,3
2.4394496454551162,98,99,55,4
5.9572865451052532,96,97,51,3
3.0887784638823983,94,94,43,4
2.9755709701900428,96,96,47,5
1.5958307810130254,96,97,51,7
1.8618345648556436,96,96,45,5
4.5067358736059679,96,96,57,5
0.5056567539767192,92,93,50,0
3.7455778929790391,98,99,50,7
3.3275806291203209,96,97,52,2
5.5085215816094015,96,96,50,6
4.1839662736784735,96,96,49,3
0.5661578201380643,96,97,48,6
5.7784479617865374,96,96,45,3
1.9310791477426419,96,97,50,0
4.5856020492926923,96,97,54,6
2.3318423859004711,96,96,53,1
6.0973097240397287,94,95,52,1
3.2499791965502816,94,95,58,7
2.2913515152973369,96,97,49,5
0.1607424894014715,94,95,54,1
3.1346419925294846,96,97,41,1
0.0591374020354206,94,94,52,1
2.8902184794233392,96,97,48,4
2.7551786447918278,92,92,47,3
4.5656524913230871,96,96,44,0
2.1856624396523787,96,96,48,0
3.1034093070908013,96,97,53,5
0.7758984492162817,94,94,58,7
2.6569992605591439,96,97,56,4
3.2962836086031513,96,97,48,4
3.8335558581530402,98,99,53,6
4.7775676314548416,96,96,50,0
3.5139383497210201,94,95,50,1
2.2970109495177300,96,96,51,7
1.3021447838831133,94,95,57,0
4.2824319717724748,96,96,48,4
3.8857121643345689,96,96,47,7
3.8262408766592557,96,97,49,3
4.0410832729296731,96,97,63,5
1.2681482730238913,96,97,47,7
2.4098149392423247,96,96,61,3
3.8802689938167299,94,94,53,6
4.4712934649136784,96,97,49,5
1.7979752433327600,96,97,51,1
0.3352908445259687,96,96,60,6
2.5686491975888610,96,97,49,5
4.4570494131686882,96,96,48,4
0.1813355911751353,96,97,45,5
2.9562731461194018,96,96,55,3
1.5716072420529121,96,97,52,0
2.1467848771292961,94,94,44,3
3.0577176609759067,96,97,47,5
3.2608169099216950,98,98,50,5
4.8104614760460249,94,94,44,7
5.7363348425684473,96,97,48,6
0.8776625129530558,98,99,45,6
2.0294379594208825,94,94,51,6
0.6681857429662328,94,95,55,6
2.6557013461025161,96,96,46,0
1.5399388620603336,92,93,43,7
2.7949335892012761,94,95,61,2
4.8404135131921615,98,98,48,5
2.2107287277726551,96,97,52,6
1.1079904668339227,96,97,55,3
0.7694771835127037,92,92,51,7
3.8725544399203793,98,99,57,4
2.2667870879067089,96,96,52,0
2.5280123542241388,94,94,49,4
1.0481459752063003,98,99,44,5
0.3337349623427447,92,93,40,4
3.3382019994581356,98,99,48,7
4.4367991983703838,96,96,56,6
4.4901973233987809,96,97,44,0
3.0445683545265481,96,96,47,7
1.8087147097204757,96,97,48,2
1.3170396752207751,96,97,48,6
5.3637378215209948,94,95,46,3
5.6516753834563938,98,98,55,4
2.0665833562681986,98,99,59,0
0.6066926233672755,96,97,48,4
3.7691009963197457,92,92,47,7
1.4898864307090480,98,99,51,6
2.7990885966372008,96,96,50,0
0.2684926049001927,98,99,55,4
3.8666728600875495,98,98,58,1
4.6148679953568550,94,95,54,3
2.4681163673888711,96,96,59,3
0.3715744224115669,92,92,38,2
1.4434208933573476,98,98,57,6
5.1298251962010939,98,99,49,2
3.5926641536437551,94,95,56,3
1.4013419936649936,92,93,43,7
2.7401182337659340,98,98,44,5
5.5263226626845565,96,96,42,6
0.3067097999308994,96,97,41,7
4.0784540728599881,96,97,50,0
5.1952815285405887,96,97,47,3
2.7725618704846990,96,96,55,7
3.0096984335287025,94,95,43,0
3.3141589758649794,96,96,53,7
3.0745071828813755,96,97,45,5
4.2518357131701752,98,99,55,4
2.7247394149294331,94,94,46,1
2.2388793642095495,98,98,49,0
0.4507227963510822,96,97,58,0
5.1352328404878449,98,98,55,2
3.5498083717551272,96,97,57,1
0.2535130273084663,96,97,53,1
5.7719662957608184,96,97,49,1
4.7385179458800488,96,97,46,6
0.3998382693387941,98,98,40,7
4.3495763887070460,96,97,49,1
3.5118042914678234,98,99,50,7
6.2426402278194200,92,93,45,5
3.9261475304180999,88,89,53,5
3.2420201954940295,96,97,52,4
2.7909228077873784,94,95,50,7
4.9384901988756882,94,95,40,5
5.4298716860138692,92,92,48,4
2.6596804432489805,94,95,45,0
3.5504655655431612,94,94,53,6
4.2163750089853567,98,99,56,5
5.5193558409330992,94,94,43,0
3.8811453694446629,96,96,60,6
1.4342838200155721,96,97,53,3
1.3227146620561898,96,97,50,2
4.3585175598738299,98,99,49,0
3.4213052423289878,94,95,47,0
1.0027767072034601,86,86,45,4
1.2084033310946245,98,99,65,4
2.6162769024276629,96,97,53,5
2.4364580000440967,96,96,50,6
5.6838396439058050,96,97,59,5
4.4267025474445987,94,95,53,6
5.4053944873905690,98,98,59,0
2.0994281151522789,96,96,49,5
1.4382240589756490,92,93,46,4
3.3382510950010889,96,97,47,3
0.5275901964900334,96,97,48,6
6.1168922745161147,98,98,52,5
5.1094428557273988,98,99,46,1
4.2768739838254453,94,94,51,2
1.5546937410881863,94,95,52,3
5.7077789458355488,96,97,44,4
1.2872226869454966,98,99,51,2
2.5353874593760950,88,89,50,4
3.4483491102110011,98,99,57,2
0.7096753564585860,96,97,51,7
4.6385680965878802,98,99,47,6
2.1009026064864331,96,97,47,5
5.9920581978531695,98,99,48,1
0.3312557045105905,94,94,43,6
6.1947054878523087,96,97,56,2
5.2105819351909703,96,97,44,6
4.0772635478498804,94,94,42,7
2.9828077830364310,96,97,47,3
6.0795684125664256,96,97,51,3
2.8093460909098584,96,97,57,1
4.7680276762786962,96,97,52,4
5.1533852241905835,92,93,44,2
3.6510767370711887,96,97,55,7
5.0753008572443070,96,97,56,2
6.2247308321738899,96,96,47,1
2.0433782835416840,98,99,50,1
2.7621864114002581,94,95,46,1
6.0908204776251615,96,97,54,0
1.5904090804292714,96,96,49,1
0.3586737519537381,92,93,46,4
1.7855769081985342,96,97,49,1
2.7220270609556563,94,94,54,7
4.1836482711958585,96,96,48,2
5.4129441469130013,96,96,56,2
3.9388037356664536,98,98,45,2
5.2035837049581666,92,93,49,5
4.9242545158721898,96,96,54,0
4.8089723636902946,94,95,49,0
5.0455799562634382,96,97,48,4
3.2088568006261373,96,97,55,7
4.6584853475633707,96,97,51,1
5.8124423865552881,98,99,62,5
3.4700079319104842,96,97,43,7
5.5838851158412890,96,96,36,2
0.2591622776465506,96,96,51,3
1.1236201100478449,96,96,42,6
3.8589224600780674,96,97,50,6
5.6503116374467002,94,95,42,7
2.0838836062186568,96,97,47,7
3.3590900677510076,92,92,54,4
5.9671128331931760,96,97,47,7
1.0935442766879706,96,97,47,7
1.5192556993422790,96,97,45,3
2.9826528322368104,98,99,50,3
2.4397840899441401,94,94,56,1
5.2774265736364114,92,92,55,5
1.3889286548063648,96,97,44,4
4.7443964775110175,96,97,51,7
3.9043154349041660,98,98,53,0
1.8873926408947461,94,94,45,0
5.7958090970623415,92,92,54,6
2.6117449422169834,96,97,51,5
4.9565780905860564,94,95,43,4
4.7477573406127069,96,96,56,2
0.9214502138706310,96,96,64,2
5.7537075605237211,96,97,53,1
5.8609174456606432,96,96,48,4
1.4473995140480742,96,97,42,4
0.0291003902877408,96,97,54,0
4.5464929174279085,94,95,56,5
2.8512756795504917,96,96,46,6
4.1782727879404087,94,95,52,1
4.7957320847504006,96,97,49,3
1.8160088483658536,98,98,48,1
0.4143123861152549,94,95,45,4
2.0053375675478731,94,95,47,6
1.2147212512529812,98,98,43,2
3.3601837637019956,96,97,52,2
4.9346197474733788,94,95,51,0
5.0785428454695349,94,95,54,1
1.5899276637097464,96,97,51,5
4.3971433686137091,96,97,54,6
3.1048111540752621,96,96,48,4
1.4520658269652371,92,93,47,3
0.4852145765289849,96,97,57,5
5.2242999504548742,98,99,47,6
3.8664134722787602,96,96,37,3
6.1621261459458934,92,93,44,6
0.3998613520925400,96,97,47,3
4.1189448853768793,94,95,50,7
5.1672516467138054,98,99,48,3
4.4409384556172862,96,96,45,5
3.1740413638274716,96,96,50,0
5.8616460417482577,94,95,47,2
3.3670887426785159,94,94,50,3
4.9987140587506476,94,95,47,0
4.5959879125439222,96,96,40,4
5.5042873287201672,96,96,57,1
3.5104635147617214,98,99,55,0
2.2577291349782720,96,97,52,2
3.8453038513528379,96,97,62,6
2.5074818776355814,92,93,51,7
5.7589208614495977,96,97,49,3
4.2370489490139747,94,95,55,0
6.0162525394004049,94,94,52,3
2.5103915426347281,96,97,43,5
4.7297521880865974,96,97,51,7
5.2824290903070201,94,94,50,3
2.2766456397721906,94,94,55,0
0.6122208771047861,96,96,59,5
3.4357081483603018,94,95,48,1
4.4751623737967723,94,94,48,3
6.0095188592902513,96,96,46,6
4.5184159203616714,96,97,53,3
5.7297643987787570,96,97,53,3
3.6762171337838598,92,93,51,1
5.2937543303809118,94,95,44,3
6.0738894237329868,96,96,50,2
2.4866448272598638,96,97,53,5
5.8461106463040053,96,97,54,0
2.2367329875508886,96,97,50,4
3.7093779465202181,96,96,47,3
4.5821509962124427,94,95,56,7
3.6284007577431283,92,93,47,7
3.5221250407988571,96,97,48,0
1.1683665190441765,98,99,47,6
0.8987424989758948,92,93,41,1
0.1015144602552672,94,95,48,7
0.9041714311054896,94,95,56,7
3.5929786313501015,96,97,48,0
2.0299886572897226,94,95,60,3
3.2773718583518550,96,97,60,4
4.5279999671593387,96,96,56,0
1.2972079361122923,98,99,55,2
5.1518030231154226,96,96,54,4
5.6442495906407606,96,97,51,7
0.7737833113251543,96,97,48,6
2.9092459408427223,96,97,55,5
2.6418550693927987,98,99,48,5
5.3974020340426216,92,93,57,1
1.2267012983144225,98,98,54,5
0.8847359636584921,94,95,50,7
1.6738962510004209,92,93,49,5
2.6670199526479093,98,99,52,3
5.8147103772321307,92,93,43,1
3.1115855819524918,96,96,52,0
1.1059376996360579,92,93,44,2
4.2316713303687381,96,97,47,5
5.2329474252298693,88,88,48,6
4.2400065505567843,98,99,53,2
0.7686617153626172,98,99,58,3
1.8343137386170671,96,97,50,4
3.7448953006820740,96,97,54,2
4.6114696506588562,96,96,45,5
2.3910330074485833,96,97,47,7
1.5942823754384721,94,95,57,4
0.7132799462648239,96,97,47,7
3.5685780257286379,94,95,54,1
5.7287965771539371,96,97,54,0
4.5401848469147659,98,99,52,1
1.3586377007850534,96,96,48,0
0.4803148586017282,92,93,54,0
3.7010061214706909,94,95,55,4
6.0160879626509480,96,97,52,0
3.3342337388708194,98,99,51,6
0.8812188185838049,98,98,52,1
4.6703610344262430,96,96,54,6
4.3258702579991706,96,97,53,7
5.0881078702368852,96,97,47,1
6.2806545436078762,94,95,46,5
3.4165790362202970,96,96,58,0
2.4914669980978035,94,95,49,2
5.6797361898505914,94,95,49,2
4.0674294280836190,98,98,51,4
0.0067615552555574,96,97,49,3
3.9166548994148975,96,96,50,4
6.1248972259193746,96,97,45,5
3.1700373040017999,94,95,54,3
4.6491229417550430,96,96,47,3
4.5667289150580928,94,94,53,0
4.9754092757274568,98,98,62,7
4.5197179378503582,94,94,48,5
0.6154833503355367,96,96,50,6
5.9390913341388991,98,99,45,0
3.5171883957936920,96,97,51,5
0.7475103412644275,96,96,41,3
3.1292242593394155,96,96,51,3
4.9598092979564656,98,99,48,5
1.4847220265123939,92,93,47,1
4.2483351946770620,94,94,55,2
2.7245275132641855,94,94,41,2
5.7491457186522883,94,95,46,1
3.4909120817410049,94,95,53,6
6.0711954947828302,94,95,53,4
4.0403825227064596,96,96,47,5
1.6975556246711567,98,99,53,6
1.7416495003867274,98,99,49,4
0.5450933942958190,92,93,37,1
1.9762999580790790,96,97,49,1
1.0797937527349648,96,97,57,7
5.8546542805538602,98,99,53,0
1.0609135211756822,96,97,56,2
3.5950808340313687,94,94,48,5
3.7586687622437016,98,98,51,4
2.8885870124010826,96,96,44,0
0.1237740903411415,96,97,48,6
0.8656997056896500,94,95,44,7
4.3931920126001058,96,97,45,3
3.3767540761580728,90,91,46,5
1.6451084030913847,100,100,53,3
1.3493888633672801,92,93,54,2
2.4748806886731729,96,97,48,6
5.3474803167096852,96,97,52,0
3.3628868687890767,98,99,46,1
2.3298086066387853,94,95,46,5
0.4289841791497040,98,99,46,1
2.5006563804134698,96,97,48,4
4.1704256759979010,96,96,44,2
3.7877221651319251,94,95,46,3
5.6616135323096728,98,98,49,0
2.6499378906444986,96,97,49,3
0.2897009826558764,98,98,53,0
2.3817616507746990,96,97,51,7
5.5206351069420858,96,97,53,1
5.8936044995104764,98,99,41,0
2.7652367808786038,94,95,44,7
0.5364031385863517,96,97,43,1
1.4197264126254603,96,97,56,6
3.7141333765515290,96,96,40,0
3.1751010256600947,96,97,46,6
5.0287150692981717,94,95,47,0
3.7723800653695956,100,100,65,5
1.1059137065799836,96,97,65,5
3.9690951474808385,96,96,42,2
5.1167460794679460,96,97,49,1
6.1415626203275053,94,95,53,0
5.6842721186679013,98,99,46,3
5.9522531624070005,96,97,50,2
2.1300136399738352,96,97,50,4
1.8933299773783252,98,98,55,2
1.8830934113335422,96,97,52,6
2.4190340959927301,94,95,43,4
0.8787157124020860,96,97,53,7
0.3521416914114280,94,94,50,7
2.6547220688325912,96,96,37,7
4.9057824340650447,96,96,46,0
1.8242338044249666,96,97,44,0
4.1280935154056815,96,97,51,7
4.3636408006490539,96,96,49,3
1.5109590751132003,96,97,38,6
1.5324367457305810,90,90,56,1
2.8049210808133727,96,96,57,5
3.5126771708478879,98,98,51,6
0.7994777966843295,96,97,58,6
5.1853773244701014,94,95,53,2
4.0575293779797663,98,99,40,7
0.2335479002008594,98,99,50,7
3.1406341270444513,98,99,48,1
1.6809381024343029,96,97,53,5
2.5904869743870673,96,97,53,5
5.5307461657374315,96,97,52,6
0.2937448448644978,96,97,55,1
4.4102866928994695,98,98,48,7
5.1540348459606919,92,92,40,2
0.0557113679820966,96,97,52,4
1.6008027210906790,98,99,47,6
2.8489552126134274,94,95,51,4
3.2631405033252463,94,95,45,4
1.8377516292919491,94,95,46,1
5.3403748320886422,96,96,47,1
3.7730699626097510,94,95,49,2
2.8041910429697241,98,99,58,3
1.4483355734640835,94,94,50,5
2.2979447931161521,96,97,50,4
0.4096490885622773,96,97,54,4
5.4917003358727436,98,99,58,7
5.9129144987861206,96,97,38,0
3.6519555002785853,96,96,52,4
3.2824988186266890,98,98,55,2
1.3870240236857889,96,97,56,2
1.0008494731383133,94,95,52,5
3.8249041307345637,94,94,51,0
0.8801433016280348,94,94,47,6
1.3894437584986195,98,99,54,7
4.2248470138273317,92,93,54,2
0.8466222491893610,96,97,51,7
3.0221012764047681,96,97,44,0
0.0169677838942339,96,96,50,2
3.6360192194781251,96,97,44,2
1.5090432184392106,96,96,55,7
4.1783947775250025,94,95,53,2
2.1617818406351486,98,98,46,7
3.8268135302135029,92,93,40,4
2.4193676936290323,98,98,55,4
0.8997416243635125,94,95,52,3
2.6536229778500919,92,92,51,5
3.0669285921961054,96,96,49,1
2.5306480768936530,96,97,49,1
5.3368346716285764,96,97,52,4
5.5175910162742579,96,96,46,2
2.9908187224315386,94,95,50,1
0.4571601433930874,96,96,53,3
1.9374705830647674,92,92,46,2
0.8068672396526483,96,97,52,6
6.1563479382743100,96,97,49,7
1.4547941145576999,94,95,47,4
2.3048567349471369,96,97,49,7
5.3294515341962860,96,96,50,6
4.2042925825054178,94,95,46,1
3.2334969813159842,98,98,54,3
4.2840359566043498,92,93,54,4
4.0565771997715050,94,95,55,6
4.3628391954689896,92,92,57,3
5.7901139688067085,98,99,54,5
4.3079060078410860,94,94,44,7
2.8532035666047753,98,99,52,3
6.0986066244208121,94,94,39,0
1.3542916471776589,96,97,53,7
5.0749922493115465,98,99,56,7
4.9200974202531249,96,96,41,3
5.0597228733348034,94,94,51,4
2.2455005929008118,94,95,49,2
1.2937815137255688,94,95,50,7
3.3220964081007236,92,93,49,1
3.3508574043196160,96,97,56,4
2.3349197147488021,96,97,50,0
0.5839928473760878,96,97,48,6
1.2651831074153348,98,99,58,5
1.0642397375762045,98,99,56,1
0.9904092465301848,98,98,46,3
1.0725704304589112,92,92,47,3
4.4458191855320788,94,95,43,0
5.2008683922226906,100,101,50,6
1.7897438036677995,94,95,43,6
3.7850975984521860,96,97,51,3
0.7404835451613981,96,96,50,2
5.7742130350382297,88,89,41,7
2.6297872271127702,96,96,41,7
4.9516276978112455,96,97,50,2
5.7238054645665510,96,97,46,2
5.0200003794180121,92,93,40,2
6.1618270537424831,96,97,49,1
2.5184288590110206,96,96,46,2
2.0298134663870679,98,99,47,2
2.3352765377390652,98,99,47,4
0.6125813087019680,94,94,47,4
4.9015340958948475,94,95,40,3
5.8021917572065886,96,96,47,1
4.0373914468777379,98,99,51,4
2.5661690118353251,94,94,53,0
6.1404956195645743,96,96,54,2
4.3424608535889266,96,97,58,0
4.3039045794090587,94,94,48,1
3.5344580668334578,96,96,47,1
4.7206417932199267,98,99,45,0
1.5484722065940977,98,99,46,5
1.5015042519531805,94,95,46,5
6.2533263482518082,94,94,55,4
3.2476498714186475,96,97,43,3
1.1855662770142621,94,95,45,6
0.3785190632640558,92,93,49,7
5.5120168352454231,100,100,59,3
2.0462215597474436,96,97,51,1
4.8181960211507695,94,94,53,2
6.0957902500455745,94,95,52,3
6.1793136193621905,96,96,52,4
3.1345564361321880,96,97,52,2
1.7903706274153475,98,98,50,1
1.6193892141169401,96,97,48,4
4.3968905503331630,92,93,52,4
4.8711580979688724,90,91,50,5
3.4007226310421887,96,97,50,0
1.3031936926189440,98,99,49,0
6.1783703534504664,98,98,45,4
5.8041556594568151,96,97,57,1
2.3605455919650087,98,98,52,7
2.7371094065489654,94,94,45,0
3.2115458533275141,96,96,41,1
5.8075141540773734,96,96,44,2
4.5572949840820627,98,98,46,3
4.0128103610991035,96,97,52,0
2.7143595069575635,96,96,60,0
6.2109903730096558,96,97,51,1
4.4673768224768509,94,95,53,4
0.6750645804989713,94,94,44,7
2.0172601289245931,96,97,52,4
5.2269463271201433,94,94,52,3
0.0878520823156370,98,98,46,5
5.6735546766541773,98,99,59,0
0.1732661841792194,96,96,49,5
2.8813379340369774,94,94,50,3
3.1371730805874622,96,96,46,6
0.4242090583898023,98,98,64,5
1.1326146148442455,98,98,49,0
3.9683242861194232,98,99,53,6
0.2930741184211957,94,95,57,0
0.4602878909085043,96,97,49,3
3.1495950386128895,94,95,44,3
4.8972850307494245,96,96,52,6
2.1300070568892968,92,93,52,4
1.8154830491839693,96,97,47,1
1.9575431269511778,98,99,54,5
5.9193236915008809,96,96,47,3
5.6836314503245289,96,97,49,3
6.1744648610889019,94,95,43,6
2.0035175813047967,96,97,53,7
2.8553447598790309,96,97,48,6
1.8369965360542535,96,97,50,0
4.2194208578123282,90,90,49,6
2.6138022707181947,98,98,51,4
0.9981888767246323,92,93,41,3
1.3370435430043319,96,97,44,4
3.6729322410920271,92,93,50,4
4.6181951299858284,96,96,59,1
5.4665009757565359,94,95,51,2
6.1019375992818814,94,95,48,5
0.8435810411463781,96,97,51,3
3.5084922498605939,96,97,49,7
4.4186140160748515,94,94,48,1
1.9940888999653001,96,97,46,2
3.5072067250184258,96,96,52,4
0.6646161551099293,96,97,62,0
4.9117288601620226,96,97,49,7
2.0979144489323205,96,97,44,6
1.3085593718291644,96,96,58,6
4.6289403981438833,92,93,38,6
0.2686672321406988,94,95,53,4
5.8360704810151480,96,97,52,4
5.0491713959356179,96,97,50,6
1.4627848256798368,92,93,47,1
3.4601383692990799,94,95,48,3
0.6114695657569080,98,98,56,5
1.8617112172055723,96,97,45,1
1.5103387035360916,94,95,41,2
5.4700382774916800,92,92,46,0
2.2164560665419639,92,93,43,5
1.8083758615298657,94,95,45,6
2.2882411629001456,96,97,58,4
1.6493880973012036,94,94,41,2
5.6089411087254319,96,97,57,1
3.6899673534157849,98,98,46,7
1.8031598286485955,98,99,55,0
2.8776774384084689,98,99,52,7
0.9777428700151108,94,94,42,3
1.7824537804348064,94,94,46,1
3.6213252356811427,98,99,53,2
2.6433412043990381,98,99,44,1
2.1926738312618337,92,93,46,0
2.4161837712183059,98,98,61,6
0.5368478415144521,96,97,43,3
5.8177359064472371,94,94,43,2
4.3675766490759775,96,96,44,6
4.3760246161377969,98,98,44,1
5.7697644329336564,98,99,62,5
0.7611266921914641,94,95,54,7
3.7592928508530705,96,96,63,5
1.1849074900633876,94,94,46,3
3.8717375222993851,94,95,57,4
1.7694344770075148,96,96,46,4
1.1289945782108555,96,97,49,5
5.8584156700516008,96,97,52,6
5.7748600675493034,98,99,50,7
5.0678206895493174,96,96,61,5
3.5153888047264936,94,94,56,7
1.2914680335369186,94,94,52,1
1.3678581090582698,96,97,47,3
1.2902315865385350,94,95,46,7
3.3890749086963092,98,98,45,4
5.7142951047222184,96,96,50,0
2.3154905396684891,96,96,59,3
0.2986683705626911,96,97,53,7
1.2059608252325207,98,99,51,0
4.7974881997594157,96,97,48,6
4.4606329823654800,90,91,54,3
3.1674584646134760,98,98,52,7
2.7664513054462039,98,99,56,1
4.3188217492823719,92,93,52,2
1.9712040943399149,96,96,46,0
2.8885060014992656,94,94,46,5
2.4502523610669731,94,95,45,4
2.6199933367091668,96,97,40,4
2.8162856880171558,94,95,45,4
2.0171749694758230,100,101,50,2
2.6420549516086020,88,88,43,3
1.1427081466878948,94,95,44,5
0.6227618947903627,94,95,50,5
0.1229772632281470,98,99,45,0
2.8587820932222159,96,97,52,0
2.4651610918131044,92,92,47,3
3.8491562075563430,100,100,48,6
4.8121151129442925,94,95,44,5
4.2172232178863140,98,99,47,2
1.4997732113222160,98,99,46,3
3.6116487630925174,92,93,51,7
2.2842296564809148,96,96,58,4
0.6488200260607951,94,94,49,6
3.5734587031289573,96,96,49,7
2.1149832521789516,96,96,52,2
2.5295032357518803,94,94,47,4
1.4561200355054957,96,97,51,7
4.5850097951040754,96,96,52,6
4.8869074491411340,96,96,50,6
3.3876310954972797,94,94,52,3
5.9947953093044921,94,94,50,1
5.5976955267733262,94,95,50,5
2.5515718423156568,98,98,48,5
0.2236068015600369,88,88,40,4
5.5388278850380823,100,101,51,1
1.5194239123913018,90,91,45,4
4.9093833946711873,96,97,50,2
5.1118194803084807,96,96,45,3
1.3630871147158616,96,96,41,5
3.0479080419110449,98,99,57,2
2.1507376650649856,94,95,47,4
1.2570597580654779,94,95,52,5
2.1621689689123427,92,92,41,3
2.1216391837839210,96,96,45,7
2.3640776489360253,94,95,41,0
0.2120251736975379,96,97,47,7
4.6364045568163066,96,96,49,1
3.2882355283890550,98,99,52,7
4.0561338270808278,94,95,47,2
0.4264731880068322,96,96,54,0
6.0450054250085827,92,93,49,5
4.6593340665706195,94,94,42,5
5.5080339246745940,96,97,57,5
2.2915043645406201,94,94,47,4
4.7665027989399071,94,95,62,3
2.0614377559482846,98,99,52,1
1.5485274874397328,96,97,54,2
0.7000083618228917,96,97,40,4
1.6206869568146351,92,92,48,0
3.0754880297011682,96,96,44,0
1.0122739551834063,96,97,49,3
4.1989742072659935,94,95,49,4
2.5575703260506133,98,99,49,4
4.9234273066000682,96,97,52,2
0.3277296338098586,96,97,51,3
3.7384744991212631,94,94,44,3
2.1119587328372891,90,90,44,1
3.6335336294744001,96,96,51,5
2.2630630298900178,94,95,48,7
2.9197624003900335,96,97,43,5
1.8395365789060723,96,96,57,5
5.8633923968753034,96,97,54,4
4.9542917353910951,90,90,46,3
5.7400136507560306,96,97,48,2
3.7559663482045051,96,97,55,7
2.2005814785827162,98,99,48,5
3.9707775707989792,94,95,54,3
0.2690887311391221,98,99,55,2
3.9499277680953511,96,97,51,3
3.6674803494663912,98,99,56,5
2.8598494580886817,96,97,58,0
4.4235454192439114,96,97,50,2
5.3206188374730745,94,95,44,7
3.8925454994523538,94,94,38,7
3.3728928495209836,94,94,38,5
3.1799169666881313,96,96,59,1
3.1321182252813515,92,92,41,3
2.4832514532809151,96,96,49,3
6.1721268681327794,96,97,46,4
3.9959741868557086,96,97,44,2
3.5164671083504646,98,98,43,2
0.0852532780549196,96,97,60,2
4.0426637919524548,96,96,50,0
4.3091542809329049,96,97,53,1
6.1887670259884420,98,99,47,2
6.2092421307711749,96,97,40,0
5.3442292219072778,92,93,40,0
3.3572107069454100,96,96,45,5
2.1936905729212519,92,93,44,0
2.3315455656534252,96,97,47,7
1.0172947542393358,96,97,49,7
3.7772744561494607,96,97,55,1
4.6074167872821015,96,97,51,7
1.5697236720193521,98,99,56,1
4.4829886718989966,98,98,60,3
2.6198944712789345,92,92,45,5
4.3925600113490022,96,97,45,5
2.6323743251509670,94,95,44,7
2.0402899818046252,96,96,53,3
3.0407127897331052,96,97,57,1
5.8811053041419612,98,99,55,6
4.7600735462345449,96,97,51,7
3.3521673397624254,92,93,47,5
4.9228037798292767,98,99,53,6
4.0845673528175981,96,97,51,1
4.0710321595807004,96,97,61,3
5.8032751530492916,96,97,51,7
4.6979154335531952,96,97,44,2
3.7455534830501707,94,94,46,1
3.7317968928911753,96,96,62,2
0.9293623951362190,98,98,50,3
0.3715367154331604,94,94,45,6
2.5412081784830161,98,98,44,5
5.4029811595282684,90,90,44,7
4.4376036003053079,94,94,51,4
0.2132868496017035,96,96,55,1
0.9263453282450277,98,98,44,7
4.7718336245756268,94,94,47,4
0.5469534020158082,96,97,57,5
4.5190271036802567,96,97,52,6
0.0459575527170373,94,95,54,5
0.3584189687549272,98,98,58,1
4.2967222939831329,96,97,62,4
1.5460600803806452,96,96,47,5
1.0763610449946497,96,97,40,4
2.0885054686169169,94,94,53,0
5.4774145070247693,96,97,47,7
6.1908415423825103,98,98,44,5
0.8796711829316971,98,98,62,1
4.1167998958043928,96,96,52,4
1.5377470271687010,98,98,46,7
4.9051716678435415,94,95,50,5
5.9465293871963452,96,97,54,2
4.5364118066044989,98,99,51,6
3.4182960814644252,98,99,47,4
5.4232025803903579,98,98,55,2
3.0761853672614876,96,97,50,2
3.6240933698473108,92,93,54,2
2.2956381457130322,92,93,50,2
2.8282156968507355,96,96,45,7
1.9413127405961470,94,94,48,1
0.3339005579565451,98,99,43,2
3.3135727179550116,96,97,51,5
0.8111834122331886,98,99,51,0
4.8223525951522923,98,99,50,5
4.5300038541201877,96,97,54,4
0.5816120261087764,96,96,52,4
5.9104986050860857,98,99,48,7
4.2013521866654999,96,97,52,0
4.0237016446555955,96,96,50,6
1.3309248254042312,90,91,49,4
4.3563491211610303,94,94,49,4
2.1342544650483051,96,96,49,3
5.0591799886506230,94,95,51,2
2.3922887556087495,100,101,53,3
5.3111875427514015,96,96,47,7
1.5124674416216464,96,97,56,0
5.1849639625459423,96,97,59,7
1.8131709465295878,94,95,47,6
5.2488309630600138,92,93,52,4
4.9743581855790149,98,99,43,2
0.5708901127529674,96,97,55,1
1.7451876662087389,98,99,45,2
1.9398022798675303,96,97,50,4
3.9284977278620419,96,97,47,5
0.1087532656214929,96,97,42,0
3.4674645005717073,96,97,54,2
4.4860466755890096,96,97,56,0
1.0586929661068731,94,95,54,3
1.9977954546823957,96,96,56,2
3.6301921022685284,96,97,44,6
3.6321755596343341,96,96,51,7
6.1990188946072484,96,97,50,2
2.9288052961643070,96,96,48,6
0.6541257901164903,96,96,57,5
1.8780725955971638,96,97,53,1
5.1028093415014029,96,97,47,1
1.9280439838433685,96,97,47,5
1.7181956248576642,92,93,44,0
4.2055978173644242,98,99,55,0
2.3026978822829820,92,93,42,6
1.0788912612051176,96,96,53,3
3.3504494205756608,94,95,47,4
4.9797820093627641,94,94,44,7
4.7883798435775304,98,99,63,0
6.0969616685898957,96,96,51,3
2.5244649217657860,96,97,52,2
0.9108056524520025,96,97,48,6
3.4472830891121666,96,96,51,1
4.2671230594083784,98,99,59,4
2.5625547078864672,96,97,49,3
3.6875555757814427,94,94,43,0
1.0099354373211069,98,99,54,3
1.8585575027309695,96,97,46,2
1.5929834166128647,96,97,53,3
0.4347828197069081,98,99,55,2
4.9142849066086018,94,95,51,4
4.1606558533135729,96,97,43,1
3.5958138441363374,96,96,46,2
1.7804410978301106,94,95,54,5
2.0031867115632234,96,97,49,5
3.2901663390155549,96,97,56,4
4.0804232098910989,94,95,49,0
0.3762066245647106,94,95,45,4
1.3198913920453532,94,95,48,1
4.2924552616801108,98,99,47,2
4.6648633166118794,98,98,52,5
2.1256020152190711,96,96,49,1
3.5197890535653098,96,97,53,7
2.2831262969478057,98,99,53,4
5.3446709312759513,96,96,47,3
2.6864686573105194,94,94,55,4
5.8173082915827097,98,99,55,6
5.5516983744903001,94,94,48,3
4.4624048327894812,98,98,48,1
2.4249223880689867,96,96,54,6
6.0081793867392745,94,94,57,2
0.9379742537771525,98,98,59,6
6.0207457795351962,96,96,52,0
2.4546545442817993,98,98,57,4
1.9717285118622232,94,94,47,2
4.4011567542880821,94,95,52,1
3.0259928784542334,94,95,50,1
0.1763949013030567,96,97,68,6
4.7886667185102638,98,99,43,4
5.8774914708388613,94,95,53,0
0.4940178384921252,96,97,42,4
1.4248561531757538,94,94,51,6
2.9369217086606105,96,97,42,6
2.1200018458637255,98,98,49,6
2.0492116110571152,98,98,46,3
2.5112273621372529,90,91,32,3
1.0642555183639317,98,98,56,1
2.0740799652669830,94,95,58,7
2.3321295686493686,98,99,58,1
1.1301366306949361,92,93,49,7
0.7040971236555615,94,94,47,6
1.6263915691074780,98,99,61,2
0.3926128073105170,94,95,46,5
1.3887225688082367,98,98,49,0
4.4453668702744631,96,96,53,3
1.2958990611293857,94,95,45,6
5.2262995606588714,96,96,47,5
2.5709538511465060,96,97,49,7
2.5811667499907447,96,97,43,3
3.1212445586513113,96,97,45,5
3.9351464623924417,94,94,50,1
0.4331954176007814,98,99,51,4
3.9663542403188954,96,96,52,6
0.8297166113505915,96,97,52,0
1.4827793817271724,98,98,52,5
2.1880334455385513,98,98,44,5
4.5171765998330429,96,97,49,7
3.2630787655745150,98,98,53,0
3.3568250415080039,94,95,51,4
4.7011262794942157,96,96,49,3
1.4719286446560611,96,97,51,1
3.6670122673149739,96,97,42,2
2.8592465917609498,98,99,52,3
5.2076759417877758,94,95,48,3
3.1647413514526472,98,99,60,3
1.2365460992210935,94,94,49,6
3.5732408310223689,92,93,50,4
2.1938209032803435,96,96,46,6
5.5096544208204827,98,99,47,2
1.4088448382733774,94,95,52,7
3.8509289740216182,92,92,51,5
4.6208187041225424,96,96,52,2
3.0287790878528442,96,96,51,5
5.1504488653902252,96,97,50,4
4.0272762368286399,94,95,55,4
1.5422294554883391,92,93,51,5
0.2161817648628380,92,93,51,5
0.1766273327198356,94,94,61,4
2.6802638356530606,94,95,49,2
0.9694457434385442,94,95,52,7
0.0796599577009207,94,94,42,5
4.6504173618821438,96,97,50,6
0.5629185607802092,98,98,44,7
1.6050580691263534,94,95,50,1
4.8041457126523728,96,96,46,2
5.7449550925669515,92,93,43,3
1.7972162851023998,92,92,50,6
5.7219164292409079,94,94,49,4
4.5898711171934590,96,97,42,0
0.4904432090304315,92,93,37,5
5.8514789562118512,96,97,51,5
5.4782551650199522,98,98,51,0
4.4099234425016824,96,96,45,7
5.3330245953949857,98,99,49,2
0.8724624594191458,92,93,55,3
0.9396013665044702,96,97,51,3
0.6077109979104736,96,97,58,4
3.5324685625329675,96,96,42,0
3.7168678349400657,92,92,44,6
3.8070576463932846,96,96,43,7
2.7774930940540430,94,95,47,4
2.3468662082995846,94,95,43,4
4.1251993749025226,98,99,46,1
4.2690223342174525,96,97,50,2
2.9504178855471901,94,95,44,5
1.3962501114132742,94,95,55,2
1.2648899830440361,98,99,53,2
0.3437298699756553,94,94,51,0
3.0466232111296248,98,99,58,1
4.1146776179670281,98,99,57,0
3.4331381339025473,94,95,49,4
1.3995564886103038,96,96,49,5
5.2605016134818605,94,94,61,0
3.6314637992320584,98,99,61,2
3.4561828615122030,96,96,51,3
3.1906277375802281,92,93,52,6
2.6270600877303307,94,95,47,0
3.8957456375145338,94,94,48,1
5.3822779166798735,94,94,57,2
0.1700547422790338,98,99,57,4
5.3052772783817952,96,97,47,7
4.4361825959299566,94,95,54,5
5.6414213101298882,94,94,52,7
2.3246218751893841,94,95,39,6
0.3822421970324623,92,92,56,6
2.9958794226818992,96,97,42,2
0.2930872829995079,94,95,51,4
5.9308062703072411,94,95,51,2
0.0650175845612781,94,94,53,0
0.2085682983599712,96,97,50,2
3.5022344612175980,96,97,47,3
4.2871813378656771,98,99,45,2
3.6578993124535755,90,91,45,2
4.6191803801724189,96,96,46,0
2.6642495666157529,96,97,48,2
0.8849662794792287,94,95,51,6
0.7649582077630126,96,96,42,2
4.2281781786072736,96,96,40,2
1.0351892797458997,94,95,43,4
5.7924783836482634,96,96,50,6
6.1890446127543521,96,96,55,7
0.4895687998592028,96,97,54,6
3.1510752684673218,94,95,51,4
4.1605967143934262,98,99,49,4
2.0831362755932497,98,99,59,2
2.5423021398119383,98,99,46,3
1.8483537940116357,98,99,47,2
2.4588758747821462,88,88,55,7
4.3285336503729548,96,96,46,2
3.3724669128796267,96,97,46,4
0.0861199625614387,88,88,39,1
4.7265402516592872,98,99,56,7
2.1593304535552305,98,99,52,5
0.4374677837434742,96,97,49,1
3.9369567593836003,92,93,48,2
1.1602215640729789,94,95,50,7
5.3549231326350917,98,99,56,1
3.4571999862011329,94,95,54,7
5.8994370126190150,94,95,49,2
1.3092693607784835,96,97,48,4
0.8775452636903546,96,97,47,3
5.5360346738721127,96,96,45,7
1.7296267996401034,94,95,50,7
0.3535040081825390,98,99,49,6
2.8895103390557377,96,96,56,2
0.6294825127567557,98,98,44,5
2.0054452332962605,96,97,48,2
2.6249892251524067,94,94,57,2
5.2319717174747895,92,93,45,7
3.5121404497856958,94,94,48,3
1.1104856866053650,96,97,50,4
2.1349300630904091,96,97,49,7
4.0579458996923297,94,95,46,7
4.6377273904030201,98,98,53,4
1.6393110179229675,96,97,46,4
0.2243230453129037,96,96,51,7
3.1351156508133498,96,96,56,2
4.3457881246354297,96,97,47,5
5.7495698639237220,96,96,53,1
0.3494558434423450,96,97,43,7
4.9620694577120679,94,95,44,3
3.8924587208370296,98,99,45,6
5.1631958088771999,94,94,55,4
2.9652426410373360,94,95,54,3
4.3273751935863718,98,99,44,1
4.2352958757994923,96,96,42,0
5.4885648477776963,98,99,52,1
4.5104638875175915,98,99,53,4
0.1865739748051098,94,95,49,6
4.4785514323383602,94,95,51,2
2.0340576323469786,96,96,55,7
4.8043040073063787,94,95,44,5
1.3036231756660588,96,96,62,2
2.6388297148021902,94,94,58,1
4.7464947748829633,96,96,47,1
4.5650913160457325,96,97,42,4
1.6902687123694462,96,96,47,3
3.1506594508167063,96,97,50,6
0.4681683232125350,98,99,61,6
2.1682097472715758,94,95,48,7
4.5586466798772065,96,97,55,7
3.6581280535155942,96,97,50,2
5.9998783340846042,96,96,51,1
0.7970177081256273,92,93,41,3
1.3090939135824420,92,93,46,4
5.9367365415045272,90,90,44,7
2.8610130312911721,94,95,46,7
3.2518151752569260,92,92,46,4
3.6816380567504683,94,94,55,6
4.1808476115547215,96,96,56,6
0.2441341385700269,96,97,47,1
2.3862251842647364,94,95,50,3
1.2377809464304135,96,96,51,3
1.7606553425110940,96,97,45,7
4.9163183861095794,98,99,46,7
5.3906458124022549,96,97,51,7
0.5846473274582022,96,97,46,2
2.3233715155354062,96,97,44,6
0.4813073290398944,96,97,43,1
1.3815907015167606,92,93,48,6
0.0776938062858957,96,96,57,5
0.3038937553906909,94,95,47,0
3.4176809457348951,92,93,49,3
1.5155267998837496,96,96,45,3
4.2973064801057550,94,95,59,6
4.4567314383681298,96,97,45,3
2.3792728502663012,96,97,50,6
2.4544088517956197,94,95,49,2
1.9403421058480410,96,96,45,1
4.9527128841424783,94,94,47,4
3.8037591543142151,96,97,52,4
1.1655686481554210,98,99,55,6
1.0980890793578859,96,97,57,5
2.6781514052540452,96,97,46,0
1.2663432742885690,96,97,50,6
3.0870884405123400,96,97,53,7
3.7591335784181021,98,99,45,2
0.8045911866823481,94,94,47,0
0.3179149581668694,96,97,47,7
0.7685242885052759,96,97,45,7
5.3541086991561961,98,98,50,1
0.5453672182352581,96,97,58,0
3.4075547946674809,94,95,43,6
2.8504869750980344,96,97,50,0
1.7830028055115712,98,98,50,7
2.2516913697488041,90,91,45,4
4.9542833112314737,94,95,52,5
6.0142179210154998,94,94,36,3
2.4033164343383104,96,97,46,6
3.4238483696251398,98,98,58,1
5.7706446425422051,98,99,49,4
5.7428366646794906,94,94,52,5
6.1680555548229901,96,97,50,2
5.8784442370656240,94,95,54,3
2.1749888935041133,94,95,49,6
1.9987736759691419,96,97,37,5
2.2429706051587956,98,98,54,5
2.9695987753972655,94,95,38,5
1.9808979757675065,96,96,38,6
3.4725076768553245,96,97,46,6
3.1630960375728465,90,91,40,7
5.6217486464810440,96,97,43,7
0.2304366135176857,94,95,53,6
4.6973112629975056,96,97,54,2
1.5381298836994539,94,94,54,1
2.7399787049947451,98,98,55,2
2.1207438511418824,98,99,54,1
5.2681720868978372,96,97,57,5
2.9330953817405523,96,97,49,5
3.5034932924159827,96,96,54,4
4.7390491472879415,96,96,48,2
3.3704450785846403,96,97,43,5
2.7130432590917675,98,99,51,2
2.0496804047882584,96,96,58,4
2.8789131276737336,92,93,45,5
1.1292171485430538,96,96,49,5
1.8712673595027476,94,95,47,0
5.8348379662672727,94,94,52,5
2.7671574974327369,92,93,55,5
0.7262196243838442,92,92,42,0
2.1251016580688358,96,96,55,3
5.5699155748415574,96,96,51,7
3.6263239445975373,100,101,49,1
3.8327845449050519,96,97,56,2
1.1931988549148171,96,97,59,1
0.5834629184453169,94,95,54,5
2.2438703324078033,96,97,40,2
1.9861189292413355,94,95,55,4
0.3331843023929310,96,96,48,0
1.0138919042970809,96,96,53,5
2.7729837467606693,96,96,50,2
0.0998010338210418,96,97,59,3
0.9799002035089144,98,99,57,2
2.6365805864343734,96,96,50,4
1.8954215842485873,96,97,49,3
3.6424107120456441,96,96,51,5
2.1925655531111947,94,95,49,0
3.2773497636926421,96,97,52,6
4.1628482142427101,98,99,42,3
2.4143534839405891,96,97,48,6
5.9379834606728217,96,96,51,3
0.9415473067746490,94,95,57,0
1.2089968278482650,96,97,51,3
1.4895142333344467,94,95,53,2
1.4920408328973254,94,95,49,2
1.2219906464283039,94,95,50,3
3.3891649735322718,98,98,45,0
1.3864348612189563,96,97,57,7
4.1499913943843927,98,99,56,3
5.1236196582088036,96,96,54,4
2.5202881197335727,98,98,56,1
5.5520684951040398,96,97,44,0
1.1405724142039073,94,95,50,5
0.4473476483107222,94,94,55,4
1.3597861604267085,98,98,54,3
4.5189834145929630,96,96,48,4
3.7521208412786389,98,99,56,3
3.2184596724455723,96,96,43,7
3.2008307299180987,96,96,48,2
5.4756324297441994,98,99,56,3
1.5820336960762131,98,98,49,6
3.5804791648256828,96,97,44,6
4.1131981041490544,98,99,58,5
2.5668387801360506,90,91,48,3
5.9772663138553375,92,93,49,3
2.4412976892328326,96,96,44,0
1.1767444821502502,92,92,53,1
2.4424862267581013,96,96,53,7
4.7680288137559605,94,95,56,5
5.0133828580923945,94,94,54,3
0.0484070161526393,96,97,51,5
2.7560903470839446,98,99,50,1
4.6429712649630428,96,96,50,2
3.2341334240911039,98,99,57,6
1.9517446187409822,94,95,46,7
4.9787148011410327,94,94,45,6
1.2051148098333333,98,99,52,1
0.1630282213028657,96,97,52,0
3.8548112079513706,96,96,49,5
2.1238596878014055,96,96,47,5
5.2865644941026710,94,94,50,5
6.0833629675157539,96,97,49,5
3.2073770691040995,96,97,55,7
0.4274434461909268,96,97,45,7
3.4335791387904351,94,95,42,5
1.1148317628382736,94,94,56,7
0.0728916188554439,94,95,54,1
2.8396884222957799,94,95,41,4
0.4846637007466988,98,99,51,6
1.7649556262058279,96,97,43,5
0.5575943588892665,96,97,51,7
6.2800909481550287,94,95,44,5
1.3146749088479099,94,95,53,4
0.6540288092574997,94,94,56,3
4.3411390903054796,96,96,53,1
4.7440679646557671,96,97,49,3
2.2452482966369796,96,97,43,1
3.2859501695841651,96,97,52,2
3.2857115369188001,96,97,47,7
1.9406070056867348,96,97,50,4
3.3304996547935684,94,95,44,3
4.5791981788569851,96,96,52,4
4.4653083287363531,110,111,57,6
4.5740242644715190,96,97,54,4
3.3177563617605412,94,94,46,5
1.4704943297301323,94,95,53,2
2.0125829768441674,98,99,50,3
3.8809516009386793,92,93,47,1
2.9201180299846881,98,99,45,0
1.7501692479983531,98,98,48,3
5.5464346904090815,96,96,51,3
6.2738317130674011,94,95,48,5
4.0377770386239202,96,97,55,5
5.1225965332511523,92,93,52,4
0.7388093566406240,98,98,55,2
2.6356825538668285,96,97,46,0
2.1326060539847029,96,97,43,3
4.0360120440994018,98,98,61,2
1.5616245804620732,96,96,43,7
1.7206429202410469,94,94,52,3
0.9700098969068506,98,99,52,5
3.5200042407828391,92,92,56,4
1.4863435421507496,96,96,51,1
2.1023448069478525,98,98,50,5
5.6310589726748281,92,92,44,2
3.6272537654542880,96,97,48,2
3.3850831984607415,96,96,46,6
4.7013208363979642,98,99,50,7
6.2277057865358216,98,99,51,6
2.2872429427705820,92,93,44,6
4.7190045409211097,94,94,53,4
5.2684389949382631,94,95,51,6
1.1176794504874508,96,97,50,2
4.4927928670234047,96,97,48,2
5.7333047313254708,94,95,51,0
2.3484797062777645,92,93,48,2
0.8275136823055503,96,96,45,1
5.3514465239809370,92,92,55,7
5.9777068673608289,94,95,49,4
0.5679497590981314,96,97,48,2
4.7149915470869317,96,97,44,2
0.7714790241493678,96,97,48,6
2.1239982953443834,92,93,45,1
4.1277497522395539,96,96,44,0
4.7740705567717407,96,96,44,4
4.8770367391025200,94,95,52,1
0.7638300730400103,98,98,48,7
0.3614202982270956,96,97,56,0
0.3135825754312193,98,98,49,2
5.1770966296472078,96,97,48,4
2.3362580239121606,90,91,48,1
4.3345912431767744,98,98,48,1
0.7171835646437038,98,99,45,0
0.4660798271847155,96,96,49,7
5.0745985346068077,98,99,51,2
4.1993860525583830,94,95,62,1
1.8209085685222455,96,97,54,6
5.1888719464772288,96,97,49,1
1.6289678652060804,96,96,51,5
0.7093407891548404,96,97,49,5
0.0185450990724191,96,96,50,6
5.5104648642034739,96,96,48,4
3.1907993613683070,94,95,41,2
2.0303574889100373,94,95,49,4
3.2059273165713971,96,97,48,4
6.1836375594258532,96,97,49,5
1.1194004015255505,98,99,52,1
1.9365443027610967,96,97,57,1
3.5373611536045546,96,97,52,2
1.3711208609056984,96,96,42,2
3.1935041170525338,96,97,49,3
3.0173625428027537,98,99,51,4
5.4342344287555679,96,97,42,2
3.4386139002456613,96,97,52,0
0.9091544868442304,96,97,53,3
4.2124960041653416,98,99,54,1
6.2483201274597313,92,92,54,4
2.3058763351402303,98,99,54,3
2.3169213040262275,96,97,45,7
4.7324024680655867,98,99,56,7
6.1954366698103165,92,93,49,7
5.3335457710413348,92,93,46,4
3.3402082027353264,92,92,51,3
0.3277319773815173,96,96,56,6
5.7533766665366146,92,93,50,2
1.7410332386383995,98,99,56,7
5.5171772511211001,98,98,50,5
2.4143862428839693,96,97,46,2
3.2050137921233683,96,97,45,3
5.8926224555096649,96,97,47,5
0.8077402962282797,96,96,56,0
4.3804814586434411,94,94,45,6
0.9694342719623114,94,94,43,0
2.5166335610555071,96,97,54,4
0.9130979323164965,90,91,48,3
1.5935946997656816,96,97,52,0
3.8349366285425557,94,95,57,0
1.6795760597045670,100,101,49,7
4.0763232126043247,98,99,42,3
4.9702220802633663,98,99,42,3
3.8246932718264097,96,97,51,5
1.3565205528930990,94,94,48,3
4.8171705668738403,96,97,48,6
1.6988952650939813,98,99,37,6
3.0858663741665668,98,99,56,1
5.5918081659970751,98,99,51,4
4.5759042493128925,88,89,47,7
0.8999500370025227,90,90,43,4
5.7099473144084421,98,99,49,2
3.3178940374391286,96,96,55,1
1.6650077367207980,96,97,49,1
0.1946497132314627,96,97,53,5
3.8558194909241466,96,96,47,7
2.0925243038333918,94,95,43,2
0.4236212307297514,96,96,51,7
2.5349161429804656,96,97,58,0
0.3940337161717166,94,94,61,6
3.9053376528050259,88,88,46,0
0.5404517629766524,96,97,56,6
0.3867034702838094,96,96,45,7
3.9900279268019010,94,95,49,4
5.0470148335449050,94,95,44,3
2.0069141680086049,94,95,51,6
3.0864485841270564,96,96,54,2
1.7871032304821222,96,97,47,5
4.6114423935486579,96,96,51,1
4.5509854130543888,94,94,49,6
2.1444318459591769,94,95,46,7
5.6483987745821942,96,97,46,2
1.9154474899485801,96,96,46,4
0.9588448595329355,96,97,47,1
1.4672911924640257,96,96,54,6
0.5243802529721678,98,99,55,0
5.1830766944383146,94,94,50,7
2.9958780627887029,98,99,48,3
3.8647982114729618,92,93,42,0
5.2859428262924384,98,99,54,7
3.9749187665991919,96,97,45,3
1.8432691686482150,94,95,45,2
0.8524854857682433,96,97,50,6
3.4718056707518485,96,96,54,6
4.8666603041106402,96,97,49,5
3.5276276731624243,96,97,47,7
6.1002932753273145,98,99,50,3
2.6439937915787906,92,93,50,6
5.4277450444171098,98,99,44,3
5.3062627065624426,96,97,45,1
1.1423981592224235,96,97,53,3
2.7146386670758575,98,99,56,3
3.0943364749435611,96,97,43,7
5.4555647344224845,92,93,51,5
5.8479629223770022,98,98,52,3
3.1359945816949040,96,96,44,6
3.9402943195559481,98,98,54,1
3.7224731955250090,96,96,53,1
0.1421222238381172,98,99,56,1
0.0413162540346735,92,93,60,6
2.3162038234751137,90,91,35,6
6.1816587989529195,94,94,57,0
2.3353778557017764,96,96,59,3
0.8545319286381901,98,99,42,5
3.1271691128104440,96,97,54,4
3.8375888233419033,96,97,50,0
0.7573677762004403,94,94,56,7
1.9016965065501983,96,97,42,6
0.7490462963472276,92,93,50,4
3.6592633966385240,96,97,55,7
0.6453064698438327,98,99,59,2
0.8628559736822892,98,99,56,3
2.7016361935983215,94,94,54,7
1.5038526437691151,92,93,47,3
6.1600024632256396,92,93,43,7
0.5378327619540374,94,95,44,3
5.3701181818222778,96,97,53,3
3.5435991211423650,96,97,46,2
3.3880758164051326,96,97,56,4
2.4902449875044939,98,99,46,1
1.4438333934385261,98,98,50,3
2.2688964045195728,98,98,54,7
0.3021784931003240,98,99,51,6
3.7779466745260581,98,99,48,5
5.0425141112945964,94,95,48,1
3.5685162301848403,96,97,51,5
5.5846657165219495,96,96,53,7
1.8243012119644075,94,94,49,0
5.7457622229758956,98,98,55,0
0.5378607297269412,96,96,48,6
5.1036457126059886,96,97,47,5
0.3538111731118348,96,97,53,3
5.4847547207662988,92,93,40,4
1.2830317539790228,96,97,46,0
0.0014797007178208,96,97,45,7
5.2407828041184166,94,94,46,1
5.2341498048361599,94,95,51,2
4.2249983806437266,98,99,54,3
0.8945956377661751,98,98,52,7
6.1670992158856937,96,97,46,4
1.9499831681894273,94,94,46,7
1.3986032632051648,96,97,57,7
1.6077896875228896,96,96,49,7
5.9381013986767996,94,95,46,7
3.7433582073453349,96,97,51,7
2.5794226769731434,96,97,47,7
0.3905007507087714,96,96,57,7
5.6763267665770600,98,98,61,2
0.6040801415290593,98,99,45,2
5.9786961268583871,96,97,50,6
0.8392857437312191,94,95,47,2
0.3262228933448924,92,93,48,4
4.8643964366387307,96,97,42,4
3.7091870707577490,94,95,50,5
5.9527591848822512,96,97,43,5
4.2114026188377034,94,95,43,6
5.4199526255957728,94,95,50,3
5.0517964560957598,98,98,51,2
2.9384788051749520,96,97,51,3
1.3669502588484890,96,97,51,1
3.2591485052578899,92,93,46,0
4.4571582009522146,96,97,55,1
0.9244019572813260,92,93,46,4
0.2610689911958051,96,96,47,7
3.8375225730368228,98,98,45,0
5.8801805147226140,96,97,46,6
0.7016118687352912,94,95,43,4
2.4307019410839410,94,94,55,6
5.3897512826818677,98,99,53,6
4.3608709844361000,90,91,44,1
4.0433664502970492,94,94,52,7
3.5618690381394407,94,95,55,2
1.0514916894578872,96,97,53,1
1.7472005570453910,96,96,57,7
1.8095378177012480,98,98,47,2
0.3341110691298058,96,96,43,3
2.8044480707758646,94,94,56,3
3.9096510722072826,96,97,52,0
0.9891388378463208,96,97,50,4
3.3889329740400309,96,97,50,6
3.3283253135335062,94,94,46,5
2.4510863628769752,96,96,52,4
0.0368301869956981,96,97,55,7
2.2392167554013489,96,97,44,0
0.2631085435197305,96,97,56,6
1.4461136035124154,96,97,52,4
5.8889245963768824,96,97,42,0
6.2646721210380365,96,97,51,5
4.6125210634539862,96,97,59,3
5.6360583088724265,94,95,51,2
5.6205744815250371,94,94,49,4
5.8152548588808841,96,97,42,4
3.8943978175998062,94,94,44,1
2.7420381346013545,96,96,47,1
1.0514737190856827,94,95,51,2
2.9702911689994442,96,97,46,2
5.3572234741657399,96,96,47,7
1.3910154138501705,94,95,47,2
3.7830465813745473,90,91,40,1
5.0608763717815899,96,97,47,3
2.5724354739811677,96,97,64,2
5.2594859909826344,98,99,51,4
0.4343919850204131,96,96,47,3
4.9949255420102885,94,95,59,0
3.7476470276138754,96,96,41,3
5.3596997473278147,96,97,58,2
2.4518589388172609,94,94,43,0
4.1368268790666303,96,96,55,1
6.0860402973556278,94,95,35,6
1.9279323387085716,98,99,57,4
2.1657900187979151,96,96,50,0
5.2803234980882108,96,96,51,5
1.1744580731495757,94,95,43,2
5.3082836819899306,96,97,46,2
2.9393430610946005,94,95,51,2
5.1900248994875300,96,97,52,4
0.8045826303635951,96,96,47,1
1.0034455056446181,96,97,56,0
1.3984621078208148,96,97,58,4
2.4484669919580431,96,97,48,6
4.8525445845628976,96,97,47,1
3.9007124709830263,98,98,40,1
2.7569302355240035,96,97,45,3
2.6256771927080389,96,97,45,1
0.3850291869491047,96,97,45,3
0.2447711140969866,94,94,52,3
5.5898975420691439,96,97,51,7
5.9375746289512339,96,97,55,3
2.5446970690063289,98,99,49,6
3.0067942468625142,98,98,49,4
4.1521191034499303,96,97,54,2
5.2313849424294112,96,96,44,4
4.3027535206407066,96,96,58,0
2.9869494532466465,98,99,60,3
3.1054054621765181,96,96,58,2
5.8792242963037573,94,95,55,6
2.6320795458481610,96,97,46,0
1.6889362613270920,96,97,44,0
3.8526761018733660,96,97,45,1
3.2002137422703849,96,97,52,2
6.2796021875953816,98,99,52,7
0.4571204105990210,94,95,46,3
5.8375239641186614,92,93,38,0
2.3311431900352160,98,98,47,6
4.8744473130332766,96,97,51,1
1.6436737751312798,96,97,49,1
4.1960123625447787,90,90,50,1
1.9671495651885293,96,97,46,2
4.6634037028564777,98,99,46,7
1.2349797605376853,96,97,49,5
5.3114596168918595,98,99,58,1
5.1225126378877706,96,97,54,6
5.3750169130244290,96,96,53,1
2.9572886770638220,98,99,51,6
2.6949350265951115,96,97,44,2
0.1720815575473497,92,93,52,0
3.3970572196001041,96,97,49,1
2.2981845241629966,94,95,57,2
5.2274824060975416,98,98,54,5
0.0218287930877841,94,94,44,1
4.8298479425662952,90,91,39,6
5.9515892588314330,96,97,62,2
3.4582594810542955,96,97,46,0
5.4379803551571122,94,95,44,3
3.6415128942521111,96,96,43,7
0.2734407928428988,94,94,32,5
1.2548199411827237,96,96,42,4
5.9361210297575688,94,95,45,2
4.6495546119968907,98,99,61,6
3.9679924590284807,96,97,48,0
4.2280822520897559,96,97,57,1
2.2704367179955858,96,96,45,3
5.0835256287448551,96,96,50,0
1.7794623543402810,90,90,46,1
0.3828540411406186,98,99,57,2
3.5244821823011163,94,95,49,6
4.4077333771145417,98,98,50,3
3.4183358767450112,94,94,49,4
5.8749373386295183,96,96,60,2
5.3330805396224656,96,96,50,4
3.2889266915059721,94,95,45,0
1.2284062109167428,96,97,45,5
4.6657598563392044,96,97,43,7
0.8363389345901131,92,93,54,2
5.8127713191358614,92,93,49,5
1.9415239094915178,94,95,46,1
2.7529764145909148,96,96,50,0
4.9440423743263855,94,95,50,7
5.2860502105976828,94,95,46,3
1.4754886888950425,96,97,48,0
1.3022375915168940,98,99,51,2
5.7697178014614297,102,103,52,7
0.4663766400226879,98,99,44,3
5.5170917359633176,96,97,55,7
1.2753156960229288,96,97,44,4
6.1915200840502314,94,95,52,5
0.2962712500338119,94,95,47,6
5.3414109422332112,94,94,53,6
2.9970253633013435,94,95,43,0
4.7745824292026633,94,95,56,7
0.7328294139227595,96,97,47,3
6.1476947655916616,96,97,52,4
3.4859846787497539,96,97,52,2
1.9326613309654024,94,95,43,6
2.3752210466315553,94,95,48,3
1.3061692550166162,96,97,44,4
2.0101374107204553,96,96,43,7
0.5517881750831432,98,99,56,7
4.7496901769185786,96,97,43,1
0.1786622536359991,98,99,44,7
1.8016159670920602,92,93,46,2
0.0001242546172458,94,95,52,5
3.5113075615483238,98,99,44,7
5.9829049423847396,94,94,44,3
5.1771412675115807,96,96,49,5
2.0262892021625638,96,97,48,4
2.6821900914729033,94,95,57,4
1.0183519245485115,98,98,49,0
0.7986186601025718,98,98,49,6
5.0966190897960351,94,95,56,5
1.3099201339717117,96,97,55,3
3.7467506697354751,96,96,48,2
6.2404974777220286,94,95,49,6
5.3869188321939303,96,96,46,2
3.3304151767075938,90,90,44,7
4.9343645959564775,96,96,50,0
3.1513087639807607,96,96,55,5
3.6316989772334498,96,96,43,1
3.7316679993201034,94,95,47,4
3.4194930113410722,98,98,49,4
2.8497246189447378,96,96,48,0
5.1788614409608922,96,97,46,2
2.7416844589947300,96,97,44,2
3.2234492879448777,96,96,60,4
4.5729368780097612,98,99,52,1
4.6451657016728749,98,98,52,5
4.5848997703318650,92,93,46,4
3.6601900416631570,94,94,52,1
5.8713268062982520,96,97,47,5
0.2805020134810955,94,94,48,1
1.5413264147512578,90,90,44,5
2.2358018972610436,96,97,48,0
3.7780476682490023,96,97,52,6
0.9337850112091677,94,95,54,1
1.6098025640023352,94,95,39,0
2.2385568248108192,96,97,46,2
3.9416565341593066,92,92,50,0
5.6102536425108394,96,96,55,1
5.0670097090966788,96,97,51,1
4.8068164222328349,100,100,51,1
3.6700229856448381,96,96,55,5
3.5257963705444157,96,97,54,2
5.7307733953701927,98,99,56,5
1.9375618444112666,98,99,47,6
4.6663956421050266,96,97,45,3
0.8627510723266623,96,96,45,1
4.2459884383940354,92,92,43,3
0.6047326230248959,96,97,46,4
3.1461284610989311,94,95,53,2
0.7343403230344407,98,98,50,7
1.5563520574186682,98,98,53,2
5.2458082693519472,94,94,46,5
4.1146420434339852,98,98,59,6
4.4147002467705905,92,93,43,7
2.7102564393847093,96,97,54,6
5.5956945814291332,96,97,38,6
0.1160925209373707,92,92,55,5
4.8881401153150268,96,96,48,4
3.5485991517172613,96,97,54,6
2.8143382573901601,96,96,47,7
3.3580169584227981,94,94,43,6
4.0097337770806201,94,94,54,1
4.6444414061638630,92,93,42,4
2.8483961277091705,98,98,45,4
4.4867077940694049,96,96,40,4
4.6008279223641519,98,99,51,2
4.4806822444040497,98,98,51,4
1.2166840603963045,96,97,44,2
1.7030712605592873,88,89,56,2
3.0962398358182655,96,97,43,7
1.5783873639539849,94,94,40,7
5.0754838987909086,96,96,54,0
0.3969288810453278,100,101,46,6
3.0789119766459234,94,95,49,2
5.2457764057776926,94,95,54,3
5.2060043845860662,96,97,53,7
3.2857378065933074,96,96,47,3
3.8613420835585881,96,97,49,5
0.4178304167481859,96,97,53,5
1.2935574084817170,96,97,47,1
0.8136659028349733,98,98,54,3
4.1474783721173862,96,97,43,5
1.3522269066354689,96,96,52,0
4.1152472705916274,96,97,49,3
1.5280476566852592,96,97,49,3
3.6329014308055743,96,96,48,6
1.3261221973083290,96,96,57,5
0.1809372482385652,94,95,52,5
0.7725518321749347,96,97,50,4
0.4276581249429290,96,97,60,4
3.0845075581514205,100,101,52,6
4.5743749906340483,94,95,54,1
1.2839163539672813,98,99,58,1
0.8770656798132519,100,101,48,4
3.6943944117521785,92,93,50,0
0.0991462755519770,94,95,52,1
3.3809247167243646,96,96,39,1
5.6163277093623059,96,96,45,5
4.5851811061279113,94,94,54,7
5.4646268849225779,94,95,56,7
0.2637449825272744,94,95,46,1
4.0986477654349978,96,96,43,5
2.5220531706130140,96,96,45,5
3.3806895176526797,98,98,45,6
3.4950733702911685,96,96,43,7
2.6634622209004646,96,97,49,7
4.3986983928636256,98,99,53,0
3.6433828554642940,98,98,44,5
2.4838627237030342,98,98,48,1
1.3538067736708894,94,94,42,5
2.7956332197706857,96,96,47,1
3.9982726102001385,94,94,54,7
4.7391807025685981,94,94,47,6
2.3183679471750520,98,99,43,4
2.5403510036524217,96,97,39,3
2.6839164286117350,98,98,50,5
0.1112566534867969,98,99,57,4
1.6094675194654584,96,97,54,0
1.6722571956490497,96,97,44,2
5.1708465966333561,94,95,47,0
4.6936064940940261,96,96,51,3
3.9799125361547105,94,94,48,3
3.6531873484125561,96,97,53,7
5.5843990127260987,96,96,48,4
1.2719330764994319,96,96,58,6
0.0984252866417525,94,95,50,5
5.8181169317926669,92,93,42,0
0.9952109522955231,98,98,53,2
5.9197002520583082,96,96,52,0
1.2985687352798820,96,97,48,0
0.7413747083924798,94,95,43,2
3.0104626886355774,94,95,53,4
0.7906225654931077,96,96,48,2
0.6297646280493370,98,99,44,1
0.2769161948191659,96,97,54,6
0.0284473167102439,90,90,55,4
2.2083522682915429,92,93,53,7
0.3328306450975835,98,99,47,4
0.4791678286569193,96,97,48,0
6.2253595939707189,96,96,57,5
2.9861549070079376,94,94,49,2
6.0504548927393360,94,95,46,7
3.4111052428415971,96,97,55,5
1.0500636171848909,96,96,54,4
2.8685742933835439,94,95,51,0
0.0152175288118864,96,96,49,5
1.1780281500886245,94,95,47,6
3.1421472177600487,94,95,52,5
5.9306228931853422,96,96,48,2
5.2638980663853863,98,99,49,0
1.7456924913428886,98,99,45,4
3.0927012786239843,98,98,58,5
5.4204513436614743,94,95,54,3
5.5610408148157866,90,90,49,4
0.5738422539889828,96,97,52,6
4.2376674805709369,96,97,63,5
2.3710561453746370,96,97,49,5
6.1841221474850974,96,96,47,5
1.9403753897352976,96,97,53,1
1.6029193961093628,96,97,47,3
4.0287829452542914,96,97,48,6
2.3669196637285808,90,91,42,7
1.3585313372324179,96,97,54,6
6.0415108126911505,98,99,48,7
2.9474906012179112,94,95,38,1
1.5408579469864587,92,93,39,5
4.6283039596582949,96,97,50,4
2.2065061014448490,98,99,63,2
4.9249126663880309,98,99,47,0
0.9934287253722376,96,97,53,5
1.0492873754674794,94,94,49,4
0.0919549787119077,98,99,44,7
4.2901349072159372,92,93,43,5
2.3989077065998736,90,90,45,4
0.8238122127305413,98,99,42,7
5.5648347014783370,96,97,50,2
3.8408736461213024,96,97,51,3
2.0006119973055041,96,97,56,6
2.6459854605075304,94,94,52,7
6.1856668853926653,96,97,47,1
5.6542915737837323,96,97,50,2
2.5867195431964243,94,95,52,7
0.0320406389577567,94,95,45,0
5.6060865699164513,96,97,51,1
4.7519102895641891,94,95,49,4
2.9855294912239145,96,97,54,6
0.0523057850078541,96,97,46,2
3.7630337760863282,98,98,48,5
1.9810272471990289,96,96,51,1
5.1438373640526756,98,99,56,1
5.9548370859326667,96,96,48,6
2.4338491950215175,96,96,50,0
4.2821995958147188,96,97,47,7
5.1212315893826705,96,96,48,0
1.2021866099360927,98,98,47,4
2.2727398432675847,96,97,45,1
2.3153778237125362,90,90,46,3
3.4476574918957965,98,99,47,6
5.4018793767610900,98,99,53,4
2.9451379272209839,96,96,45,7
2.3442986166622033,98,99,46,7
0.2734897523499549,96,97,53,7
0.3284757571497054,96,97,46,6
0.1963204452165430,96,96,44,6
2.4078310362194117,98,98,37,4
4.0212831776438316,98,99,60,3
3.7276569843770129,96,97,57,3
3.3193109663162392,96,96,51,5
0.8131608563847628,96,97,49,7
0.1834306060913231,96,97,44,0
0.6508965345198661,96,96,51,1
3.2401199455774474,96,97,48,0
0.3633538675941601,98,99,59,2
4.7444427386899299,96,97,48,2
5.3316186642183112,96,96,52,0
2.4007713970280231,92,92,33,1
4.5627092922022667,96,97,44,4
5.4194412402812118,94,94,34,1
1.3872276257807930,96,97,51,5
2.6077745660777594,94,95,49,0
5.9496563356486147,98,99,46,7
2.0361312358168071,88,88,43,1
5.1644947554951726,94,95,45,0
2.5866207033765587,94,94,44,5
2.2077468774204454,94,94,56,5
3.3570795981290424,98,99,46,7
2.8514378106572971,98,99,50,7
2.5711715783457927,96,96,52,0
1.0896140433359252,94,95,43,4
1.2298885669257280,96,97,55,3
1.6165710456740927,102,103,57,0
0.3027703898154379,94,95,51,0
3.5474775223472190,96,96,59,3
0.4271727084925575,96,97,45,5
2.2586248968906482,96,97,49,7
6.1526938229451771,94,95,44,3
3.0775331428860233,96,97,55,5
1.4883861969484087,92,93,49,1
1.1744618347858060,98,98,58,3
5.7662652714847802,98,99,46,5
2.3837937377919451,96,96,58,6
0.3416496585710185,92,93,30,4
5.5350189189356636,100,100,52,6
0.4001573190399213,96,97,49,5
3.5472725040782076,96,97,53,3
3.1095039712291710,96,97,43,5
3.6973673673846652,96,97,48,0
5.4266675168216985,96,96,50,0
3.8403362627859816,96,97,55,3
5.5589302550684998,94,95,39,6
4.8062024128662797,96,97,53,1
0.9400001415244597,96,97,51,1
2.3720952158825921,94,95,52,1
5.7561176235557978,98,99,54,5
5.7087532172832685,96,97,53,7
6.0853002176890572,98,99,52,5
5.1351739196685458,94,95,59,6
1.5463494273563880,92,92,45,3
3.2563043329278756,96,96,51,3
1.0528108052883922,94,95,48,5
5.9331834789546489,96,96,43,7
3.6201922485135931,96,96,50,6
4.2340977250553884,98,99,51,4
3.0094962996412975,94,94,38,1
0.5131077187628327,90,91,44,5
0.3870092791737789,96,97,37,7
0.2314149422238030,96,97,42,6
2.1908458185624462,94,95,55,0
2.9369434925091973,92,93,58,2
1.0068376101377765,94,94,49,6
0.8106740845615654,92,93,48,0
3.1389199555150151,96,97,50,4
4.7932885758756791,86,87,45,0
6.0695978239660162,98,98,61,4
0.8445251760100827,94,94,44,5
2.1779201523950968,96,97,48,2
1.0578727597762947,98,99,54,7
2.4471479420148454,96,96,53,5
0.8977418636286695,98,99,54,1
5.5163730640478681,98,99,45,6
5.4076178399026338,96,96,39,3
1.3933179829444164,94,95,45,4
5.2918960590405222,94,95,50,5
0.0009498727725476,96,97,51,5
5.8328461703368708,98,99,54,7
3.8901038638503866,98,99,53,0
3.5180714700894300,98,99,55,0
1.4238341630998095,94,95,49,2
3.6880876181127435,96,97,50,6
1.3774589340910137,96,97,54,2
1.5042640340314102,96,97,52,0
3.0178513498769948,94,95,48,1
3.8627220679989014,96,97,54,0
0.5136951080314887,96,96,48,2
2.3342554845199310,96,97,47,7
0.9076652090041826,96,97,55,3
2.0369549447576500,98,99,70,3
5.6641168559419084,98,99,50,5
2.8232056160069394,92,93,55,7
0.8089295835568678,94,95,53,4
4.2230030504326610,96,97,55,7
2.6479369835779254,96,97,44,2
3.2000342997781193,96,96,48,4
3.8783549853849077,96,96,42,6
2.5550541024682194,96,96,51,5
1.2499905079505340,94,95,53,4
0.9916893991571261,98,98,54,5
4.3755815508030889,94,95,53,2
1.5798537251739098,94,95,56,1
3.8523600359355994,96,97,55,7
0.7538788110296546,96,96,48,6
0.0249427101009870,94,94,50,1
0.1089172526897271,94,95,50,1
3.7089202667486818,98,99,59,2
0.0497783145177128,98,98,63,2
5.8977677420024959,98,99,49,4
3.9400372609666734,98,98,51,2
4.3603115740236955,96,96,54,6
3.6604823034936382,100,100,46,4
2.8661191954302612,98,98,45,6
0.3577496134815998,98,99,56,5
3.6523578981561395,96,97,47,3
5.6472119856754546,98,99,49,2
4.4678386642989816,96,97,53,3
5.0605857989400480,96,96,55,1
6.2018450923122002,94,95,52,3
3.6484898302643853,92,92,51,5
4.4067136128148636,96,97,45,1
2.9075086725891715,94,95,44,5
4.3964096851725314,92,92,48,6
5.4206903574747338,98,99,51,4
4.2133012410416075,96,97,55,3
1.4128349432953953,96,97,54,2
3.9189890377629095,96,97,58,4
1.7924409236923025,96,97,49,5
5.3996497562769576,96,97,50,4
2.2779829006462387,96,96,50,0
0.3460648524650506,96,97,56,0
1.9008817181860957,96,97,52,4
6.1212244312137836,96,97,60,4
1.8598117956632791,96,97,51,7
5.7808582381630487,96,97,51,3
4.8548503117288817,94,95,55,0
5.6833275143054864,92,93,49,3
5.3125738497838073,98,99,59,0
3.8239764393220135,96,97,55,3
3.2613473133954098,92,92,45,7
1.7123540220148874,96,97,47,1
5.4980724690615590,96,97,48,4
3.8725747633603844,98,98,51,4
5.3456261048202425,96,97,55,5
4.0458375060539105,96,96,53,7
5.7303934034710338,98,99,49,4
2.4488355664415109,92,93,50,0
2.7780812432999404,98,99,45,4
5.3529062164855263,96,96,53,7
6.0822645639350847,96,97,55,3
3.7072665353668501,96,97,47,3
4.0575243357212303,96,96,48,2
3.9896866421956401,96,97,62,0
0.9286217861279636,94,95,59,0
4.4247950237977669,94,94,50,5
0.2572763523924582,96,97,52,2
1.0576531645696503,96,96,44,2
4.9525394969190355,96,97,48,0
0.0742723823738032,94,94,50,3
2.0633787458985919,96,97,51,7
2.1385845174595519,94,95,50,1
3.9420443100526850,94,94,43,2
4.4180548419652768,98,99,55,4
3.8245357417064083,98,98,55,4
1.2058992486627431,96,97,41,3
0.0839758695041175,92,92,57,7
3.9388534665299644,90,91,56,5
4.6983525205540113,92,93,48,2
3.3108228784298541,94,95,45,4
4.4944845315390687,96,96,45,5
0.1305086268862290,96,96,47,5
6.0374637131610314,96,97,50,0
1.3729137595098302,96,96,49,1
1.4763369341968295,94,95,50,7
6.1484238175459947,96,97,48,0
2.6086850955014569,98,98,57,2
2.6584656744600905,94,95,47,2
3.7071204868036109,96,96,48,4
1.8254811561666580,98,98,43,4
5.7302235105150450,94,94,46,3
1.2795415538263377,94,95,53,4
6.0838774570144816,96,97,50,2
5.9464488138277964,98,99,58,7
6.0719199046637016,96,96,46,4
1.0796540783588839,92,93,51,7
0.8871885351225571,94,94,52,5
5.1721183703958893,98,98,51,4
6.0411198581130563,96,96,49,3
2.9522346091060054,96,96,51,1
1.5485263025285196,98,99,56,7
0.8008420489944835,92,93,43,3
4.6346261782341047,96,97,55,5
3.9891685026811738,96,97,46,0
1.2091213568197374,96,97,57,1
2.5242234985169425,96,96,58,6
1.6347894752211412,96,96,51,5
1.0327260740768942,100,100,52,2
1.5383659136603258,98,98,44,7
2.0740307045768764,94,95,47,4
0.6683910371605810,98,98,43,4
3.0334076548554463,96,96,51,5
2.6406212127243545,94,94,50,5
1.4703789953404565,96,96,44,4
2.5146920246617195,92,92,57,3
2.8897270569314282,98,99,52,1
5.0997996955097573,98,99,52,1
5.3847466986262544,96,97,43,5
3.0997730172202953,98,99,56,1
3.5302319403118920,92,93,56,0
5.9149093097290510,94,95,42,3
2.2955011029738963,98,99,63,0
3.2800645744851384,94,94,41,0
3.4260737968185979,92,93,58,0
6.0949847943862183,94,95,49,2
2.3216328388836609,96,96,52,6
3.1179567530323915,96,97,43,3
3.3611877236666423,96,96,47,1
0.7603330110479229,98,99,47,6
1.1593831591095949,94,95,38,7
2.2768358281274912,92,92,44,0
2.4810991534186080,96,96,48,0
5.1338355586095412,96,97,47,1
3.1309423844998192,94,94,57,4
6.2112841511119194,98,99,57,0
5.2145380487933988,96,96,51,3
1.3658207954761761,94,95,42,3
5.1014210367376265,98,98,38,3
2.3054007772924776,94,94,55,6
6.2232611585724449,96,96,53,5
2.9046721404622873,94,95,51,2
2.6751471338512078,94,95,53,6
5.5425134334231050,96,97,53,3
4.7010536667039533,98,99,46,7
1.5363055070664144,92,92,52,4
3.4954779475820490,96,97,52,0
3.8247268166869843,96,97,49,7
3.9359198141124798,96,96,57,1
5.7290161965693507,96,96,54,0
1.2163855555528527,92,92,52,0
2.4423058307173617,96,97,50,6
3.0604731829579586,96,96,54,6
2.1434103651555696,96,97,49,3
4.4099202778300768,94,95,43,6
3.8266440545120752,96,96,42,4
0.0580530349437050,92,93,52,4
2.7312174988636242,96,97,57,7
0.2980638796124368,96,97,47,7
0.6809299038612889,94,95,47,6
5.4971782977880581,104,104,51,5
0.1902294132019082,98,99,46,7
2.5680494040944750,96,97,42,4
2.6441651583061438,96,97,53,7
3.6055653105102210,88,89,52,6
5.8395918063979648,90,90,53,4
3.2396481061246361,98,98,52,7
1.2031357247111452,92,93,42,0
4.4812112228526821,92,92,50,4
2.2779943576953401,96,96,45,5
3.6219267092722709,96,97,50,2
2.1591704710570125,96,97,53,7
3.0961416205441439,98,99,48,7
3.7628518598869198,94,95,45,4
0.6602965949425027,98,99,53,4
5.0207276883671099,94,94,61,4
1.5559279583618242,98,99,45,2
5.5925205479610769,96,96,56,2
5.8062190659616366,94,94,45,6
1.0973928230419943,98,99,60,1
5.6276524479303118,94,95,42,3
3.3561008381190534,94,95,44,3
0.7927037934917416,94,95,56,3
2.3747587923659004,96,96,51,3
5.1823440320745862,96,97,52,4
0.6555120539360846,94,95,42,5
5.5144609945381120,94,95,47,6
3.5392733375778334,96,96,47,5
4.0435899191703371,96,97,49,3
4.3668632579438631,100,100,57,5
3.3023003237762882,90,91,46,5
2.7013957443833814,96,97,53,5
1.6243631352860817,94,95,46,5
4.0028819604821777,94,95,55,6
6.2621388653655714,96,96,46,0
1.5637465697703188,96,97,52,6
0.7656130328384337,94,95,55,2
1.2203317230730244,96,97,52,2
4.4183254107528667,92,93,50,6
3.1318539386847903,98,99,48,1
4.1719455400364884,98,98,44,1
2.1221699794552884,96,96,49,3
0.1683064256606314,94,95,44,1
3.2123665058148250,92,93,54,0
0.0558385856437361,96,97,44,0
4.5322349614424988,96,96,45,1
4.1160455291057012,94,95,49,6
2.8930052704801241,96,96,54,0
4.2369459186413634,96,97,53,5
0.0015629881614598,96,97,49,7
2.8076968306982399,96,96,56,2
3.0899792661379761,96,96,58,4
1.1848682643001036,96,97,46,6
2.5027927263951169,96,97,50,4
0.3164862110057594,98,99,59,4
4.9683797150545015,94,95,49,6
1.0836504374574989,98,98,43,4
2.8904128226360220,96,96,48,0
5.6716433596638103,96,97,49,5
2.2202913566640627,90,91,27,0
4.5611358129698720,96,97,48,6
4.7086018867326604,96,97,50,6
0.0679950035144578,94,94,53,2
4.4564699837521671,96,97,47,5
3.3369889010705456,90,91,45,4
2.8824483619464623,94,95,46,1
0.9503585138812609,94,95,43,6
1.9681232186440885,94,94,54,1
4.5244844125126393,96,97,45,7
2.4994172615670442,94,95,55,2
3.5579034554901625,96,97,62,0
1.5200553718280971,96,96,43,1
2.6636443399878651,96,97,46,6
5.4920927741018630,94,95,43,6
4.5514451796724797,98,99,54,7
4.5475226426206445,96,96,48,4
3.6123462495353373,96,96,46,2
0.2245601726128624,92,93,57,7
0.0630770468396813,94,95,46,3
5.1078764477439718,96,97,55,1
2.1730789017206629,96,97,51,5
1.2980471040948274,96,97,41,1
3.5857454723533402,96,96,52,4
3.3603072326564063,96,97,51,5
3.6529408305298854,100,101,59,1
5.2163611824275540,98,99,49,2
3.4357138786196577,96,97,49,1
2.5851474285832410,96,96,45,7
6.2737032697844537,94,94,51,4
1.3505820492289624,92,92,43,3
0.2458963379048370,94,95,41,4
0.4987421247131462,90,90,49,6
5.6805408032242495,96,97,45,5
3.9507265425395470,90,91,44,5
1.7006662385192575,98,99,50,5
4.0687280784610058,94,95,44,5
4.7276864169137314,96,97,50,4
0.3787198840572448,94,95,51,0
5.3931956690579730,96,97,53,3
3.4286656688423784,96,97,48,4
5.9044797479403970,92,93,41,7
5.0637986493296330,96,97,51,5
0.1602759476098241,96,97,51,7
5.2390841821592149,98,99,54,1
2.4853357374929113,94,94,55,6
6.1332360644321415,96,97,51,3
0.5183064699724997,92,93,44,4
6.0565509619186262,90,91,47,0
1.1194842958247535,96,97,52,2
4.0078619783343479,98,99,47,2
4.8077935437146975,92,93,42,4
2.7660480886613672,94,94,44,5
4.0523786246713680,96,97,64,0
0.6694055871215703,96,97,51,5
0.2705123658918264,94,95,42,5
3.7174663750979895,94,94,47,2
4.1350636346282190,98,99,54,7
4.3197188340332673,92,93,49,5
2.0701982232234237,92,93,49,5
5.4168912488324201,98,99,53,2
4.3292737341316920,96,97,39,7
3.7945935649533631,92,93,46,0
2.8396479246832356,94,94,55,6
2.8071978266636548,96,96,44,2
1.3395023748423747,96,97,51,7
2.9502366634305068,94,94,40,3
2.0791279498425843,92,92,54,4
2.6233922170619808,96,97,46,0
0.6059574350289548,94,95,57,4
0.7681659998314820,92,92,50,4
4.1187915683488923,96,97,43,1
2.5422104272711668,96,97,55,1
1.0267871504888173,96,97,53,5
4.2240319106140394,98,99,54,5
0.2296928545858412,96,96,57,3
4.9398573102655110,96,97,51,3
6.1696339702713487,92,92,49,1
4.4840930535308381,98,98,59,2
2.5149887839381138,96,97,53,5
2.0270265148408417,92,92,55,3
0.2223620188650804,98,99,59,6
5.8861132174104132,94,95,47,2
2.9549287437419651,96,97,52,2
0.8964338656415273,92,92,50,0
4.2506690986650852,100,100,49,1
2.3754321896166757,96,97,44,6
2.4240520505089727,96,96,51,5
2.9644233301230916,96,97,48,2
6.2191635733126684,96,97,45,5
1.1722789002271703,98,99,55,0
3.9137322308333067,94,95,50,3
5.2534763328362013,94,94,43,0
0.5420623510802383,96,96,45,3
5.3780002548796197,92,93,47,1
4.0933555746974459,96,96,52,0
3.8115059583430764,94,95,54,7
0.1692223406860198,98,98,51,6
6.1256305423294943,96,97,51,1
2.1784405100892066,96,96,51,3
0.7315409468338598,98,98,54,7
2.3093461894532745,96,97,51,3
2.0976095749443084,96,97,58,6
3.6255035796320296,94,95,55,4
3.4377939711121770,96,97,50,6
1.4361341381193884,96,97,46,6
5.4617400885684173,92,93,51,1
4.6660237577284196,96,97,50,2
0.2239774374142333,96,96,45,7
0.7391148040270338,98,98,56,3
5.9670341512819718,98,98,49,2
3.1012278714897370,96,96,50,6
5.8690042260061155,96,96,45,1
0.6117758469214332,96,97,54,2
0.9303178373965554,96,97,55,7
6.1520499077021134,94,94,55,2
0.3833896783823045,96,96,50,6
3.3850041117965732,96,96,49,1
5.8410459467405751,94,95,50,7
1.1305181309680505,96,97,51,5
2.5834049278241245,96,96,59,7
4.3770142695704841,98,98,59,2
0.4862434028614572,90,91,55,4
5.4198652954432029,98,99,51,4
2.7919330500334438,94,95,48,1
4.4270479572573320,94,95,50,1
0.2134392140089358,96,97,50,4
2.9398545802081228,94,94,43,2
1.8785205076313358,92,93,55,5
0.7026025175136117,96,97,48,4
0.3679826757716362,94,95,56,7
6.2757566568770997,98,99,54,7
3.3325352549853031,94,94,47,6
1.3241608445859023,94,94,44,3
1.6131742465270200,96,97,45,1
2.1317289487355104,98,99,51,4
5.3621991535356388,92,93,55,7
3.5520826916289501,90,91,40,7
0.8093513464004581,94,95,44,3
5.2701548553731872,96,97,43,5
4.7973335179630876,96,97,47,7
3.1498525763868717,96,97,51,1
5.7075824290629535,98,99,50,5
1.9088795913574703,100,100,51,3
6.0838883330632596,98,98,43,0
0.8603921903112702,98,99,42,7
2.6691646224508987,96,97,50,0
5.7524205509987354,96,97,46,6
2.5109882998883246,100,100,47,3
2.7350017947542788,96,97,42,0
5.7746606584784548,96,96,41,7
3.5726818099298208,94,95,51,6
4.7709318417381779,96,97,42,2
3.5372083935176786,94,95,50,7
2.9392133610617486,98,99,57,4
5.3321473969937525,96,97,51,5
5.1882834299601441,94,95,47,4
0.9491647683525058,96,97,49,5
0.8372782873177727,96,97,48,6
3.7705852194509455,98,99,49,2
3.9727889883362475,96,96,52,6
2.8095118266318466,98,99,55,2
1.4871145296026591,94,95,52,1
0.6128718546450954,96,97,50,0
5.8771896781255686,94,95,51,2
2.0874477425242630,96,96,47,7
4.9679458946518054,98,99,42,5
2.5426016259700774,98,99,46,3
0.6968451067450209,94,95,63,4
3.6621330614542367,94,95,47,4
3.2159962445070462,96,97,57,1
5.1632758731397832,94,95,50,7
2.2671760264407061,96,97,58,2
1.9622828418775240,92,92,57,5
3.8183274388006030,94,95,48,1
4.5830968092760553,98,99,60,3
0.8983486163133915,96,97,53,7
2.5127920267966779,96,97,56,0
2.8127213682052221,94,94,43,2
3.5644476717388658,92,92,44,6
0.9851431669633505,96,97,58,2
2.8899048367270219,94,95,49,0
0.1044228413850456,96,97,49,7
5.0984266597634553,98,99,47,6
6.1318129556508589,98,99,59,0
1.7314773773628078,92,93,50,0
4.3814794380598947,96,97,48,0
1.5035042447502367,96,97,49,1
2.7456730158791878,96,96,53,5
1.8640285103371905,98,99,55,2
2.3440746437361573,98,99,52,3
4.2193720593236010,96,97,52,0
2.3196498748650218,96,97,55,1
4.7995557246246472,96,97,51,3
4.1956433805931042,96,97,56,2
1.1408103143809820,94,94,56,5
4.3184037860116913,96,97,47,5
2.4594183227373172,98,99,63,6
6.0030035576812457,96,97,44,0
4.1655957480723389,90,91,49,2
6.2815633122915706,96,96,51,1
5.9749850574819119,96,96,51,5
4.3285615377797386,92,92,47,7
0.1775763997631433,100,100,46,0
2.6900457975862824,92,93,54,2
1.1882329657824968,98,99,53,6
3.1530758993292065,96,96,48,4
4.0256670333720601,96,96,48,2
4.6094024924066828,98,99,53,0
0.5809949299559348,96,97,59,7
0.6941490888784396,96,97,50,6
3.5067728043043234,98,99,49,0
2.2988575165487490,98,99,52,1
0.3228495096207610,94,94,43,2
3.4652001830717234,94,95,47,2
2.9976041921247614,96,96,48,2
5.8707517737619259,96,97,54,0
0.9760507615496338,100,101,56,4
0.5443020865794024,94,94,60,5
2.9465674573034466,96,97,47,3
5.0677507585729522,96,96,59,5
1.6966419418607546,98,98,64,3
4.2209896007640655,96,96,62,2
4.7534906834439434,94,95,52,1
2.9642936397050521,94,95,48,1
3.3172007260939766,94,94,43,2
4.4795942808022167,96,97,37,3
3.1126617573401854,96,96,43,7
2.3515670732510086,94,95,46,1
1.5475050591289485,96,96,51,5
3.4062157011374530,96,96,52,2
2.9422283363876454,90,91,45,6
3.7609776645592059,96,97,49,1
0.7602676458757494,96,97,56,6
3.6168858538169992,96,97,58,4
6.0639030952324600,98,99,55,2
5.7160922887368590,98,99,56,3
1.8055675760294212,98,99,42,3
4.3190764070920480,96,97,53,1
3.9399816159782755,96,97,48,4
5.7781820313617214,94,94,50,5
4.9803973429997974,98,99,55,0
1.8443386910105921,98,99,54,7
4.9538260663140603,96,96,41,3
4.7463386478570433,96,96,52,0
0.1135627943255716,94,95,42,7
1.6093480757446883,94,94,46,3
2.1337192818652513,94,95,47,4
6.2236166036170202,96,97,51,3
4.9943002762872997,96,97,55,5
3.7251617098248806,98,99,45,4
1.5639667245609465,94,95,49,2
3.8733540078811175,92,93,50,0
0.7030994824022745,96,97,51,7
1.8559652766892425,96,97,50,4
2.9934252062363349,92,92,39,7
2.2352325850202046,96,96,50,4
4.6598408136165883,92,92,49,5
5.4083260177534180,90,91,49,2
4.4939801648463122,96,96,44,0
0.6472656436057097,96,96,50,0
5.7251379033682568,94,95,39,0
3.6015008723852113,96,97,54,2
2.3156118380954047,98,99,48,7
2.0517298512420488,94,94,49,2
2.9381428751807568,96,96,53,7
5.5679258892295662,96,97,52,2
0.0160345306091074,98,99,46,1
0.6510054038172316,94,95,50,5
4.1728899459091728,96,97,53,7
2.2341885660657059,96,97,57,3
1.5870873968326575,94,95,59,6
5.5645393351064731,94,95,52,3
5.7006143390180375,94,95,46,5
1.0040739470251936,94,95,50,1
3.1601465514502727,94,95,58,5
4.6393756337239260,92,92,46,2
0.1307959463360008,96,96,51,7
3.8818943082118360,96,97,55,3
3.9104569300489533,96,97,53,1
4.0701726454605360,94,94,52,1
1.5258761683133109,96,97,47,1
0.4009968476652666,96,97,46,0
6.1353675881186707,96,97,54,6
5.1024680239249678,98,99,45,6
4.3954763302139392,94,94,49,2
1.6621747937891171,98,98,51,6
1.3005841462759307,92,92,49,1
1.1303272003937710,92,92,46,6
2.4028063018225136,100,101,54,6
5.9846642222582167,94,94,52,7
0.6259586485422305,92,92,49,5
4.7705796358184989,96,97,53,1
0.1758856984682937,94,94,48,1
2.8665948907323471,94,94,49,2
2.7615312953232602,96,97,50,6
0.0853809809973931,98,98,51,2
4.2295542042455239,94,94,47,6
5.7496502709224053,90,91,48,5
0.9999755587191556,98,99,57,6
1.0218576624141085,98,98,54,1
1.9098870319428516,96,97,50,4
1.7001737625138471,96,97,47,7
3.9004533030947153,96,97,59,5
1.9344743307325805,94,94,56,1
2.6967053036034820,96,97,55,3
5.4410634664304096,96,97,52,4
5.5638547190382432,94,95,48,7
3.2095931914205749,98,98,55,0
1.6415064827082928,96,97,48,4
6.2446964590430580,98,98,52,3
5.0398600681514596,94,95,46,1
0.1441898068311377,96,97,52,0
5.5352707957373779,98,98,47,0
0.5753796748306725,96,97,47,7
5.3095101234012070,96,97,45,7
2.3529804272080552,92,93,51,7
6.1814920397442998,96,97,44,2
3.8806130920332085,98,99,61,4
4.3627458508718044,96,96,57,3
5.2810837536015072,96,97,49,7
2.4896773701664512,98,99,50,1
5.7177882203373001,94,94,50,3
4.9601611143417959,94,94,36,7
0.9795294860669480,94,94,49,0
2.4170464570490444,94,94,49,0
5.5323639874081829,96,97,45,7
1.6162042002486574,96,97,54,4
2.4757755613563845,94,94,50,5
4.1456246871848599,96,97,45,5
5.8620333715828741,94,95,52,1
6.0983306943342495,96,96,45,7
1.1408200701918947,96,96,46,6
5.1381544711236344,96,97,42,0
1.4310659701850776,94,95,49,2
5.7174904209049853,96,97,46,4
6.2614090982788708,98,99,49,2
4.3941882538556456,96,97,53,3
1.6473726422688977,96,96,50,2
3.6837989826383786,96,96,54,0
4.3331317804286700,96,97,49,3
4.7902485931215200,98,99,49,0
4.1850074097226582,96,97,49,1
1.7541717522259415,94,95,46,7
4.3100040523409699,98,98,53,0
3.7766014531388765,94,95,48,5
4.6379724846490715,92,92,52,4
4.8408625974590915,94,95,48,7
1.8879988285550404,96,96,45,5
2.1025065998426213,98,99,54,3
1.3253415241582700,92,92,54,2
1.5069938568311751,98,99,48,3
5.3269845986364439,94,95,43,4
5.7990606156532536,94,95,60,1
0.6953401691811689,96,97,53,5
5.7419685857930132,98,98,48,3
2.5729599461557235,98,99,54,3
4.2248750602104543,94,94,42,7
5.5814436881517286,94,95,41,0
6.1925858495087009,96,96,50,0
1.2514044639564099,96,96,48,0
1.3049750922245946,100,100,56,2
5.1269551350810145,96,96,49,5
4.5150674520682337,92,93,54,4
5.6710180989211931,96,96,53,3
4.8257063825136175,98,98,45,4
1.6332290585096749,96,96,51,7
6.0794473698454787,96,97,50,6
1.0963283260793451,96,97,42,0
1.4107177445500669,96,96,57,5
1.3256041247633252,90,91,40,5
1.3573081413573946,98,98,59,2
2.6003844309531821,96,96,53,1
4.0249226959488285,96,97,50,4
0.6020614435053039,94,95,60,3
0.5139184348636289,96,97,46,6
5.9143244670709425,98,99,55,0
2.1461839798768594,96,97,49,7
3.0736113587285558,96,97,46,2
1.3669617534842307,96,97,43,1
3.2342335804799092,98,99,49,6
0.5111963043936435,94,94,59,2
6.0195696999320241,98,98,53,6
5.4952443922350165,98,99,54,7
2.6884308020997483,94,95,40,1
5.3000331265665981,96,96,45,7
4.3935749391208816,96,97,48,0
1.8739021572832368,96,97,53,3
1.3643794440023631,96,97,59,7
5.5860949058950498,94,95,49,2
2.8011758715641162,96,97,48,2
2.5751384168558098,94,95,44,1
1.0200405594492867,94,95,47,2
2.0167660491403634,96,97,47,5
5.3759720817461911,96,96,47,5
3.4673689102711411,96,97,46,2
2.1956537245269447,92,93,48,4
2.9656123928450802,94,95,54,3
1.4810351193625872,94,95,38,5
0.2232185869443371,94,95,56,7
0.8583165351381110,96,97,59,3
0.8665671283685157,98,98,39,2
4.5976906885761526,96,97,52,0
3.6858765849192907,96,96,60,6
4.8025169554869160,96,96,46,6
2.5333308122404445,96,96,52,2
3.1102269168247867,96,96,46,6
1.7704487597338046,96,97,55,1
1.3280085220234978,96,97,44,2
0.9302328051592419,98,99,50,5
3.2449325307424832,94,95,45,4
3.9169914122390628,94,94,52,1
0.4210115711659191,96,97,49,3
0.8019744355239475,96,97,57,1
3.3993105689737670,98,99,59,2
1.4581670887509453,98,99,46,7
2.0714246445530407,94,95,49,6
5.2408244899627077,96,97,57,1
5.6419381039384575,98,99,48,5
2.5947342053119073,92,93,49,7
5.9153471214084705,96,97,47,3
5.9094903544301527,98,99,51,2
4.4341945023315716,92,93,51,7
1.6880811209644866,98,99,52,5
0.5298187860714926,96,96,45,5
3.6005140004161813,94,94,48,5
5.4622017491933308,94,94,44,3
4.0486421222630806,98,99,57,6
2.1577109015443554,96,97,45,7
4.6220950168756758,96,96,46,2
2.6931769500868845,96,97,56,2
5.8613712807603529,94,95,51,6
4.4161851586295606,96,97,48,0
6.0285613287768918,92,92,43,3
0.8375273830414868,94,95,54,5
2.6553046412148462,96,96,45,5
4.8431432329351596,96,97,37,1
3.9210705279702367,94,94,51,2
2.3161292220953920,96,96,58,6
3.3686413450118522,96,96,43,7
2.5493572958875257,96,97,47,1
1.4949319894967403,96,97,49,7
3.9420382682340094,94,95,64,7
3.0873113184591903,94,94,44,7
3.4267896567863838,92,92,43,5
1.9866834120048817,96,96,56,0
4.3626628849471976,92,93,46,2
1.1653613902968467,98,99,49,0
3.4733813123779966,94,95,50,7
4.6116149870321488,98,99,52,3
2.3622419794637621,96,96,51,3
0.8482432998486699,96,97,54,2
3.4190743034748632,96,97,55,1
1.5920340773732677,94,95,46,7
2.7285745733949396,94,95,55,0
4.9291323847980522,90,90,38,1
5.2998962595136998,96,97,42,4
3.1600971198668604,94,95,49,6
5.2338181879232373,98,98,52,3
1.7024579629411318,96,97,54,6
5.3457401578335313,92,92,41,5
3.9724086255441318,96,96,44,2
2.7119289889988032,96,97,48,2
0.8892999866717762,98,99,45,4
5.8222688198684454,96,96,53,5
1.3137998189638422,94,95,49,6
5.2215507913087196,96,97,43,7
5.7864705378442869,94,95,50,7
5.6722547964535295,94,95,50,3
3.1067502478322955,96,96,57,3
5.3977911153925779,100,100,57,7
4.6464394912325098,96,96,42,2
0.6908585030238046,94,95,52,5
2.7282876805812077,92,92,48,2
1.8200187372964254,92,93,54,6
6.1740276477676668,96,97,51,7
1.2748666260027486,96,97,42,4
4.5484934923610405,98,99,42,5
0.8311617016690208,96,97,45,1
4.2759752546643934,94,95,50,5
0.8071064010234091,96,97,53,3
5.8654247925649186,96,96,51,1
0.9905704391237758,96,97,55,5
1.6799908806026791,98,99,55,4
5.2043121980341471,96,97,49,3
0.1692960558759234,96,97,57,1
0.2085023224276542,96,97,58,4
4.1937790056180795,98,99,55,4
4.7196547813879484,96,96,52,0
0.9201536809814844,94,95,47,2
3.4007000189691361,96,97,60,2
5.9864757950953935,96,97,50,2
0.2857572411327106,96,97,44,4
3.5756440492231061,96,97,46,2
3.1569797641234789,98,99,48,7
1.4654411621826999,98,99,50,1
4.9405273215161305,96,97,49,5
1.7577838457820134,98,98,55,2
3.4259050781305920,90,91,45,2
2.3751934239590380,96,97,51,3
1.1478787303590874,94,95,54,3
2.4209150951524951,90,91,44,7
5.0871704209804047,96,97,56,6
3.0107352716481848,96,96,47,7
1.3590794745674741,96,97,50,6
4.5989885922685021,94,95,46,1
3.4896687910091466,98,99,50,5
4.0473308238525378,96,96,48,6
4.1239042923087323,94,94,43,4
3.3027618857662353,96,97,52,2
2.1699843366144083,92,92,44,6
5.6501779386015505,96,97,45,1
2.4552799060640047,96,96,48,4
1.7236126716192568,96,97,52,2
4.5738741406200152,94,94,46,1
4.5769657778116057,96,97,57,5
4.6749086101274262,96,97,47,7
0.1616934271989034,98,98,40,7
1.8499618748049880,96,97,41,7
1.4475535855703259,96,97,53,5
1.5521882887536496,96,96,44,2
4.1248879972317711,96,97,44,6
1.7341325637542981,96,97,46,0
0.2430555011627624,96,97,48,2
2.1617059218073615,94,94,50,5
4.8209750770686615,96,96,51,3
4.6945909758273485,98,99,52,3
5.2072377841922517,96,97,46,4
2.8905042205983977,94,95,41,4
2.8950092175370417,94,94,43,2
0.5549051973218839,96,97,50,2
5.6892345222464646,86,87,40,7
5.6950329238624162,92,93,38,0
6.1783705754151770,96,97,42,0
5.8155134253573495,96,96,51,1
0.2649209608458213,96,97,50,6
4.2608487203258996,96,97,50,2
3.7090621520030269,98,99,55,4
1.6199545893878093,96,97,57,3
2.3100854629850831,96,96,40,2
2.3293647044190178,94,94,40,5
0.5979323518832820,96,96,51,5
3.1339922683913728,96,96,44,0
1.7402086901896734,96,96,59,3
0.5808788547301950,98,99,60,1
0.1082204947594096,96,96,46,6
5.2840007540153469,96,97,46,0
4.8514972112747445,96,97,51,3
3.7840292702675482,96,96,47,7
5.8382760587410880,96,97,53,3
6.2433321965428856,94,94,46,5
3.2047819154938839,96,97,49,1
6.1823490452338525,98,99,55,2
0.4237955297492330,96,96,40,4
4.2502757808533174,96,97,46,2
2.1378865589554925,94,95,46,3
0.6044579483514219,98,99,49,4
4.0142992128020341,98,99,50,7
6.1224411519098751,92,93,48,2
2.3784765002931354,96,97,63,3
0.2836516596203430,96,97,51,7
2.9837578325030987,96,97,44,4
3.8204339932043467,98,98,46,1
2.5483804530572436,98,98,42,3
4.5887525754270673,98,99,54,5
5.7241159657607357,96,97,60,2
6.1750378333636808,96,96,47,1
2.1833716957170854,96,96,61,1
5.2569919430054668,96,96,52,2
5.1743925517520637,96,96,50,6
5.4892226314678600,96,96,45,5
5.1024703680023320,94,95,47,4
1.5742094829027833,96,96,43,3
0.6038600379941687,94,94,49,2
5.0810232130088853,96,97,55,1
1.6494447284416827,94,95,57,6
2.5674560702242757,96,96,59,7
2.8757706007508452,96,97,39,7
1.8872598297115035,96,97,46,4
5.5952906542443435,96,97,53,7
1.8995198772809330,94,95,50,3
4.4484062671491937,96,96,52,0
3.2746002665001872,96,97,45,3
2.5024138681814541,94,94,53,4
3.8954253543313242,98,99,47,0
3.5863102894221943,98,99,60,5
2.6163624316998471,96,97,51,7
2.7268322548452559,98,99,48,7
2.7576158528738040,96,96,53,7
4.7623587144948232,96,97,50,4
1.0092173091547445,98,98,47,6
4.5455799763081206,96,97,55,3
1.1652375331299383,96,97,52,2
0.3163120504664433,96,97,51,5
1.0139895896105864,96,97,46,2
5.3824477667197801,94,95,48,1
0.1319384254609819,94,94,52,1
0.1702606851194451,96,97,61,5
1.9047616777056220,96,97,53,5
6.2276731392743701,94,95,45,2
0.0469926941652549,96,96,47,5
0.5755404196586926,98,99,44,1
4.2477450836576445,96,97,53,3
5.8150885839445099,96,97,52,6
1.2190886770542231,96,97,54,0
0.7086759574339551,92,93,49,7
3.0386244021415121,96,97,44,4
0.0464820157111637,96,97,49,5
4.3219885016632027,92,93,46,2
1.4705827111303957,98,99,61,6
3.7706797297766528,96,96,40,6
3.5150212683206261,92,92,48,6
3.8722680467948991,96,97,61,7
1.6740586927868111,94,94,47,6
1.2102817443021312,96,97,51,5
1.5363888165279440,94,94,40,7
0.4748369590721160,94,95,52,5
0.6019523819426076,94,95,42,5
1.5150844910423034,98,99,48,5
5.0827304843517114,98,99,50,7
0.6991880871282685,96,97,58,6
3.6810085199644584,92,93,44,2
2.3086019806540321,90,91,50,1
2.0363733383003249,98,99,65,4
5.0896034035413864,92,93,43,1
0.3243942108062120,96,97,52,0
5.1640250828199648,94,94,34,7
0.2255704607545266,96,97,56,4
1.3639627132350223,94,95,50,7
4.6243316409790456,96,97,53,3
0.0841974053172454,92,93,49,3
0.3804820447830757,96,96,56,0
3.7467760305812061,94,95,45,2
6.0716543421295084,96,96,45,1
3.1877580626488697,96,96,57,7
5.6278214794660917,96,97,51,7
0.6219540006860885,96,97,57,5
0.6093290566441557,88,89,56,6
1.3774357522441794,96,97,52,0
5.5132809812557193,96,97,54,0
4.3101829195775458,92,93,44,4
1.3898896765802340,96,97,57,3
5.7389496437165644,98,99,60,5
2.8437561250256689,96,97,57,1
2.6485851915730541,96,96,51,1
0.9548334316643532,96,96,46,6
4.4450714373338611,96,97,57,5
3.3100298446189069,96,96,45,5
4.7833693659877898,100,101,47,5
2.2168242494103221,96,97,46,6
5.5550739572422074,96,97,67,3
2.1515598362659234,96,97,43,5
1.6959636030106970,96,97,50,4
2.5410451290739324,92,93,58,0
0.0646274014700217,98,99,43,0
0.8325709090504456,94,95,46,7
0.2903988311774390,96,96,50,6
5.6404622731346237,92,93,51,5
3.2583139384180191,94,95,52,7
3.8812542278274855,96,97,49,3
0.0980408752355856,94,94,48,3
2.2763195786623167,98,99,51,2
5.1143006174461156,94,95,45,2
1.6136900773523186,96,97,50,2
0.4733684511680494,94,95,49,6
6.1626149400082779,96,96,38,2
4.6388277291211031,98,99,54,7
2.5848108697832428,94,94,46,5
2.9616622720443564,98,99,54,7
1.3282436274874065,96,96,61,7
1.8301070523749896,96,97,57,3
3.1959914991288438,94,95,46,3
4.8871877637884289,96,96,43,3
0.9164673736568881,90,91,43,0
3.4157765691491773,96,97,51,1
0.6225978004029232,96,96,41,3
2.4132587747337810,98,99,58,5
1.2957594846945595,98,99,51,4
2.7366761287755543,98,98,60,7
1.8351524901087108,98,99,56,7
3.8793542754048134,96,97,55,1
3.4208058954902101,98,99,46,7
0.6943279397830250,94,95,58,7
2.0074171559325511,96,97,53,3
3.4770282245560176,94,95,54,5
5.7026673215962713,96,96,52,6
2.1749071197466878,96,96,53,5
1.4604616836548241,96,97,45,3
2.2497884851706469,98,99,63,4
3.8253771804332710,94,94,56,3
2.0943840703973748,96,97,48,6
1.1290747249541027,96,96,55,7
4.9349520849770112,94,94,50,1
2.9160127255641100,98,99,54,7
5.4127003971888827,98,98,45,0
2.5410160453956872,98,99,42,1
0.5404417659706884,96,97,49,3
1.9711235883051008,96,97,48,0
4.7184170953622768,96,96,51,7
3.8416021884261258,98,99,47,4
4.9977276946266098,94,95,56,3
0.4545022514342678,94,95,48,7
4.1752948472260369,94,95,51,6
4.5736165654009149,94,95,43,0
4.8597342946680611,96,96,39,1
3.7926167958795021,86,87,57,6
0.5644918897769564,94,94,46,7
5.4446616944064807,98,99,51,2
2.2169087768624784,96,97,54,6
0.4091840542196545,96,96,52,0
5.4586851818088791,94,94,60,1
0.9879528597809800,94,95,51,6
2.3625881867331584,94,94,41,0
0.2921982203111351,94,95,49,4
4.0761880753575079,92,93,48,4
3.2326032515317160,96,97,58,0
0.4416516389481162,96,96,49,7
4.6328392623795835,98,98,60,1
5.8499914459086080,92,92,39,1
4.4456133452984297,94,95,56,7
3.0648193962250572,94,94,43,6
0.7329892682944111,96,96,50,0
5.2714322067441195,100,101,54,2
1.5296857124707555,94,95,52,1
2.3831258684609260,94,95,53,2
2.3483792148482947,96,97,45,3
0.7843406417946184,94,95,50,3
2.2895570795979978,96,97,54,2
0.0745402271369449,98,99,54,5
5.4832328040531984,92,93,46,2
1.6941761714192149,98,99,55,0
4.4745217150559204,90,91,49,2
3.2503110203896495,94,95,38,5
4.4138966549776733,98,98,56,5
5.5851909437134255,96,97,43,1
5.9254822581527149,98,99,56,5
1.6326382190526039,96,97,41,7
3.0628144338174605,96,97,51,7
4.5575558748995908,96,96,53,5
1.5698221767598250,92,92,48,4
5.4116506957077588,92,92,48,4
3.1581646074724161,96,97,43,5
0.6241997553335071,96,96,55,7
3.0734052296478489,90,91,47,2
4.5440781973367184,92,93,39,7
4.7901730136197198,84,85,40,2
6.2464852993522495,92,93,49,7
1.1074544982472889,92,93,50,2
0.0903126682308052,96,97,53,3
2.5398004332843942,96,96,36,4
6.1619564406068088,90,90,43,6
3.7382180898027975,96,96,57,3
2.7980856778179057,96,97,51,3
1.1742352341343323,98,99,57,2
5.6633056392600665,94,95,52,5
6.0969479393136723,94,95,50,5
3.7168121865937578,96,97,47,1
1.3413613173494798,96,97,47,5
0.1177122147735999,94,94,45,4
5.9252333033083442,96,97,56,0
4.9284556249793932,96,96,52,0
4.9434927149633516,98,99,52,3
0.4975664806997368,96,96,47,7
0.3902376662009250,96,97,50,6
0.4753660907653651,96,97,53,3
4.9349505291741504,96,97,47,5
5.8460127748297097,98,99,55,6
5.9170724359820630,90,91,43,2
4.4188534525672258,94,95,46,1
4.9829515407225529,96,97,56,0
2.9703408677312217,84,84,41,7
4.9050050319417533,96,97,59,3
1.2535020036444611,94,95,41,0
0.9386767854953186,98,98,58,5
1.8843697166668159,90,91,44,7
3.3476545277245777,96,97,54,2
0.5035140246056451,98,99,45,2
0.0944747851861518,94,95,53,2
5.1476607410441115,98,99,49,6
4.3960383573101351,94,95,47,6
0.6775607433521151,96,97,54,2
4.7149291390699970,96,97,60,6
0.2199751720671770,92,93,47,5
1.5764295806707580,96,97,49,7
4.1593801864174376,96,96,46,0
1.9306226251922276,96,97,44,2
4.8141500203773582,98,99,48,1
3.5175362623379267,96,97,34,4
2.5170165006810303,96,96,62,0
4.4111348133400643,98,98,48,1
1.9758014057504223,96,97,49,3
0.9530687132581962,98,99,55,4
1.6935270508561977,98,99,48,5
1.1162292995524725,96,96,44,0
3.4919909426342493,96,96,48,4
4.6270941926455018,90,91,54,3
3.6023413440933862,96,97,45,3
5.2808176895677121,92,93,47,3
0.7168586529684814,96,97,50,6
0.2736811064179692,94,95,51,0
0.3642630614342604,96,97,52,0
5.9395418734740142,96,97,43,1
0.7269090073773483,96,97,51,5
4.6498096240490892,96,97,61,7
0.1100543663293909,96,97,52,0
3.2906536166669529,96,96,51,7
0.5095756012765323,92,93,47,3
4.1546404163098201,96,97,47,3
5.2789760122368783,96,97,52,0
3.6506300357404267,94,94,47,2
4.9533078485331536,98,99,48,5
5.3159168988256216,96,96,43,1
2.5644100157228475,92,93,55,7
0.8309511025179331,98,98,49,4
4.7237051687518186,96,97,54,6
0.8129120649254057,96,96,38,6
1.5894325963308418,96,96,53,7
5.2291101669004085,96,97,46,4
4.7590608491348254,98,99,46,1
2.1365990300578050,94,95,53,4
4.3705431639551904,98,98,52,1
5.2001596262229901,100,101,46,0
3.3688911604320175,98,98,52,1
0.9824641332029518,94,94,57,4
0.5107962983059940,98,99,43,4
1.3606887526411626,96,97,49,7
6.2498316194512062,96,96,58,4
0.8052033745658647,94,95,48,1
0.9463791913763762,98,99,54,3
3.6126377206155054,96,97,54,0
5.9883564885324123,98,99,51,2
4.8150525430221762,92,92,56,6
4.1572643760000627,96,97,53,3
1.7494308524548838,98,99,47,4
0.2232681457720052,94,95,41,6
5.1223976901256281,98,99,54,5
5.7837856691647298,98,99,50,3
4.8332189492173541,94,95,46,3
4.5716539417285622,98,98,50,7
0.0322981553216913,96,96,46,6
5.6033211808799530,94,94,43,0
4.1978550590579600,96,97,59,7
0.6354674676462865,96,96,43,5
4.5480371269614377,90,90,57,0
2.1491012162942007,94,95,48,3
3.9210618572204941,98,98,43,4
1.4537816207502916,96,96,48,2
4.7805592554469003,96,97,51,3
4.7572452256169546,96,97,45,3
0.6446905927526572,96,96,57,5
5.8893662201700971,94,95,62,3
1.9165634616068685,98,98,50,3
5.2201692816250089,90,91,53,4
4.7578476627122432,96,96,42,2
3.3239820828419253,92,93,44,4
4.4352644891321455,96,97,52,0
4.8398978880166394,94,95,50,1
4.1195753901037211,96,97,39,1
4.8386366235635556,96,96,57,1
0.1722432079716567,96,96,48,0
6.0682677552500053,96,97,52,0
3.9997052919001406,98,99,52,3
0.3153808604383703,96,97,47,7
4.3545021571335187,96,97,48,6
1.4330415813349504,96,97,56,4
2.1650010408723541,94,95,49,2
3.1173000215140911,98,98,50,1
2.1295113102014946,94,95,51,6
4.6747491770994287,96,97,55,5
3.4868127778170748,96,97,42,4
1.8505152853971003,96,96,44,0
2.9937187643761720,98,98,48,5
5.0629631020818637,96,96,36,2
1.0169022671626162,96,97,56,6
2.9571942653151511,98,99,43,4
1.5115142485167075,98,99,54,1
3.6229434577466142,96,97,40,6
4.4283851408670873,96,97,53,3
1.2164841881859190,98,99,50,3
2.4675593320090652,94,95,45,0
3.7509467120142133,98,98,41,6
0.4527841440206070,96,97,46,2
0.5886669872826921,96,97,45,5
5.3670913772516951,94,95,49,6
2.5705633380575184,96,97,48,4
4.8538056779545400,94,94,47,0
1.4618568946554191,98,99,53,2
0.6339097519388728,96,96,54,2
5.3477983582842619,96,97,45,5
3.5805779517042975,96,97,46,4
1.2012676007636665,94,95,47,4
0.6655144495134945,92,92,55,7
1.0587123494877830,92,93,48,0
0.0710415824892266,96,97,38,0
5.6548612384079497,94,95,54,3
6.1205063613601300,96,97,54,4
4.1570233165911379,96,97,52,0
6.0266718708494835,98,98,52,7
1.8482640699040209,98,98,56,5
2.8338523858507183,96,96,52,0
2.0104568441280439,98,98,48,1
4.0224887926821493,98,98,52,1
0.9128786666742654,96,97,51,1
2.7845604548606149,96,97,47,1
2.1723189910817227,96,97,52,2
4.6164260619908006,98,98,55,0
1.9878107797694460,96,97,54,4
0.6671520004408967,96,96,47,3
2.6938555069578580,94,95,55,6
2.3909686913258246,98,99,56,1
5.0152728085833003,96,97,57,1
2.9289182244409813,94,95,45,6
5.4952572676164637,94,94,46,3
3.8266009490891055,96,97,54,4
5.4285060541978254,96,96,45,3
0.9476971285735531,88,88,48,6
5.1027023748798852,96,96,51,5
1.2654901815687296,96,97,44,6
0.8739076820080526,92,92,43,3
3.7860857692352328,98,99,49,6
4.8208605906041679,96,96,56,2
1.7857190118749744,96,96,50,2
4.0968725836329662,90,90,41,4
1.8539334645990577,96,97,52,2
1.2182656870748241,90,90,45,6
6.2781285651073153,94,95,45,2
2.7747236772460573,96,97,50,0
1.4844263914247366,96,96,50,6
4.7381932934326514,98,98,45,2
2.4044310592570435,94,94,47,0
3.1162557075174875,96,97,43,1
6.0503526597503665,98,99,50,1
4.0750722812199793,98,99,60,1
2.7207670109484701,94,94,50,1
3.2062379718644030,98,99,53,6
3.6953627625839420,96,96,48,0
5.9069604984327881,92,92,46,0
2.5381835512081286,96,96,45,7
3.5186547243298820,96,97,49,5
1.0173952864533353,88,89,46,2
2.6647587230979344,94,94,49,2
2.4865221643587643,96,96,60,0
0.0143864040714745,96,97,61,3
3.8417748076917451,98,98,57,4
1.1357331393736521,94,94,45,2
2.4301021188138070,94,95,57,4
1.2195649553124868,96,97,58,2
3.4802062151379065,96,97,53,3
2.0326642841784444,96,97,47,1
0.9570773442683237,96,97,50,2
0.4800819490494492,98,99,49,4
3.9763126953743941,94,95,35,6
4.0668141808217486,96,97,51,1
0.0911740792493497,96,97,49,1
0.7425414059265617,98,99,55,6
2.0826602512584222,96,96,55,1
6.1433073529734594,92,93,52,2
3.8093492740094668,96,97,47,3
2.8179227411376435,96,97,43,7
0.6931080294697176,94,95,42,7
5.1168247493892745,96,97,48,4
4.8302368948354593,96,96,48,6
3.1287026322907816,92,93,41,1
5.1737055869615354,94,94,48,5
3.1364990534480763,94,95,44,1
3.7063823892201264,96,97,54,2
2.6513032651358199,96,96,42,4
3.3969615159032642,96,96,56,2
2.8391616343146415,98,98,50,1
0.9529498361968948,94,94,39,4
5.5212585486607484,92,93,38,4
0.7112934351332515,96,97,44,2
2.8768051030594921,92,93,56,2
6.1565683214807061,96,96,56,0
2.6342023798159144,90,91,40,1
1.7782965285451946,94,95,55,2
5.1735670665162417,96,96,46,0
1.7437244228756272,96,96,45,3
2.4116427145218786,96,96,45,7
0.9973079931463930,92,92,49,7
4.9464717816521908,94,95,49,6
1.5248562719676673,94,94,43,4
2.8243485987907677,94,95,51,2
0.3685600725623077,96,97,54,6
2.2804865705158490,92,93,51,1
2.3052115714041159,94,94,42,1
5.6364781210634716,96,97,58,4
4.5047582518622153,96,97,56,6
3.8821270195816466,96,96,40,4
4.1359191722160205,94,95,52,3
1.0388571685318251,94,95,51,4
4.5584445598282564,94,94,47,4
2.0760247306984665,94,94,46,7
4.1625562414378798,98,99,52,7
1.2720643958845266,96,97,49,1
3.3491140637398056,96,96,45,7
5.0156940556330545,96,97,57,7
0.0875073350943164,94,94,49,2
6.0046416445193707,96,97,38,0
0.2824736173975045,96,97,44,4
0.2649872797656003,98,98,49,0
0.7378556666359435,96,97,59,5
0.0865597971547857,96,96,54,6
6.2527354242507647,98,98,56,3
2.0198294160465000,96,96,56,4
3.9407152361106226,98,98,52,7
2.2371990066394196,98,99,55,0
3.2547229425201096,94,95,50,5
5.5514746788896563,96,96,51,3
4.0591573021648300,98,99,49,4
1.8541272239474089,96,97,48,6
1.0499777826802130,96,97,47,7
4.7168037298051368,98,99,47,4
4.0805910000114096,92,93,54,4
2.2596942570184293,94,95,46,7
1.4205979510153706,96,97,49,3
3.3548760767340764,96,96,42,0
3.4439605576011902,96,97,47,3
5.9151129437573902,96,97,48,4
5.6099449858858597,96,97,54,4
5.7144803459907028,98,99,48,1
0.7755245845694666,94,95,55,2
2.9018625891288923,94,95,48,1
4.1335295111570423,96,97,44,4
3.8878604736954543,98,98,58,7
5.9437982899996191,96,97,52,6
0.7222730850072875,96,97,46,2
3.3289603054900523,92,92,53,5
4.2683457586405984,96,97,55,3
6.0579535453852706,98,98,52,7
1.4231338936025415,94,94,51,0
3.4697619763804970,98,99,44,1
2.7881743694949113,96,97,47,3
4.6325045305369557,96,96,53,1
0.0747162130282840,96,97,50,0
3.4733158761912488,94,95,45,4
3.4604654256814977,96,96,52,2
2.4943666721550031,96,97,51,7
5.5816092116389218,98,98,54,3
5.1983649984989144,98,99,55,0
5.1970174201996509,96,96,48,6
3.2819631559928331,96,96,49,3
5.6005234863820439,98,99,60,1
2.8065573643847692,98,99,48,7
3.6577944506707478,98,98,56,7
6.1763103290166033,96,96,46,0
0.6117604511925855,92,93,39,7
4.3995983880689833,96,96,46,4
1.9242838076337780,98,99,57,2
2.5824518827387641,92,92,49,5
5.7231909403599914,98,99,52,7
3.1954138354397270,94,94,48,1
4.1235282965418865,96,97,49,1
5.5797189004923435,96,96,44,2
5.6895882938305826,96,96,56,0
4.6621854494999733,94,94,43,2
3.5677055703995579,92,93,46,6
5.9717761328128329,92,93,52,6
5.3618618644625027,96,97,48,4
4.6081818640659016,94,95,57,4
2.0941255383226940,94,94,51,0
4.0153135365705923,94,95,47,4
2.1455800571309114,92,93,54,6
3.9933123678642963,96,97,53,7
5.9700699206233923,96,96,53,3
2.6997077267045713,92,93,48,6
1.4760805072660106,98,99,54,5
5.3035394120646959,98,98,56,1
0.7333758965117341,96,97,50,6
2.4654650722368037,94,94,51,0
3.4642623196936677,86,86,51,6
1.7557530090306954,96,97,46,2
0.0087291406858597,96,97,60,4
0.3641496638988985,96,97,46,0
5.3673177343916789,96,96,44,4
6.0909093677981927,96,97,57,3
4.2658245840877207,94,95,52,7
4.6757826161992142,96,97,53,1
0.7405921583663310,96,97,44,4
0.5336034248708930,96,97,48,4
2.0687683201044385,94,95,47,6
2.1714436821540053,98,98,53,0
0.7185682737180463,92,92,59,7
0.1808661936627318,96,96,45,5
3.9496825177980663,96,97,61,7
2.2055599583220920,98,99,52,5
2.9404016331007941,96,97,45,1
2.4240407473163064,96,97,42,6
1.5886298676813668,96,97,58,4
3.4974597077408234,96,96,52,4
2.2601580564936725,98,99,42,5
1.7362086783663904,96,97,48,6
4.3003074291784413,94,95,45,4
2.7148500037377903,96,97,54,0
4.4489726310601982,98,99,44,7
3.5123082130313996,98,99,54,5
4.3152089507729752,94,94,59,0
5.0442719150518895,98,99,40,3
5.9418145731653231,96,97,56,6
1.0793670330776670,98,99,47,4
6.0318040096950840,96,96,54,4
1.5065532072031846,96,97,41,5
4.3672479557590105,94,94,50,7
3.8837713651457579,94,95,47,6
2.2359675950561035,96,97,41,3
4.8381944020522125,94,95,53,2
6.2650350740778000,96,96,53,3
0.4345892604913416,96,96,46,0
4.6834954207980326,98,98,42,7
4.4893062711929748,98,99,44,5
6.2132265151928516,94,95,51,4
4.1283428333809820,90,91,53,6
5.3542621747647123,96,96,55,1
3.5875738633379619,96,97,51,7
4.7824964379572448,98,99,47,2
0.3346767322260954,94,95,49,6
1.5640788930363765,96,96,57,1
4.4807723881290107,96,96,49,7
2.8695800052765597,94,95,52,5
1.4937320966454024,98,98,49,4
6.1120994940662410,96,96,54,2
5.8018057903531162,96,96,52,2
1.3748350218323269,92,92,51,5
5.8759067411808532,96,97,42,0
2.3989408516507646,94,94,50,5
2.0243849427954022,100,101,50,4
5.8986899712870509,96,97,48,4
3.8602166244830243,96,97,50,4
1.9024939450024370,96,97,50,2
5.8584635281020505,94,95,49,2
0.5179916769222108,94,95,44,1
4.0043432868323618,96,97,46,0
1.4333926285986354,96,97,53,3
0.1013138962361674,96,97,55,7
2.7152318757343847,94,94,46,3
2.2685934588730268,94,94,47,0
1.6502425061703825,96,97,48,4
3.9022480460529656,96,97,48,4
2.4719469177360458,96,96,54,2
2.1484601962005354,96,97,60,6
1.7295026883637827,98,99,56,5
4.4874297719725877,90,91,54,1
4.4056191817383645,96,97,56,2
4.9620525034861229,92,93,43,7
4.4132305825714475,96,97,45,7
1.8237138507668726,98,98,47,0
5.7763063641035295,96,97,59,1
0.9898895955420273,96,97,50,4
0.9900811289805341,96,97,44,0
4.9872832761022092,94,95,52,7
1.7819139609844064,98,99,52,3
5.7159019361079784,98,99,53,6
3.9519902132775342,98,98,49,6
3.4399138565482921,90,90,47,4
3.8843393886049062,98,98,49,0
5.9078965421151031,96,97,53,5
3.8724195569553461,98,99,48,3
5.5839672212029843,90,90,49,6
0.5086978688345517,96,96,57,7
0.2548543525839130,96,97,53,3
5.5856397799302702,96,96,46,4
4.4485416407166065,98,98,49,6
4.1297245248954546,94,95,59,6
3.8804601246629864,94,94,51,2
4.9688164748691008,96,96,46,4
5.5418996823133497,96,97,50,0
4.5310458976273704,98,99,65,6
1.4945272730237340,96,97,53,1
0.4812569118066474,96,97,56,0
0.2881270206441880,96,96,49,1
4.4997309991972596,94,95,45,4
0.3224452834699874,96,97,53,1
5.9778801326788482,94,95,56,1
5.5411449561959509,96,97,45,3
3.2824982920681189,96,97,56,2
1.2558019455607512,96,97,51,5
4.8398206958671572,98,99,52,1
4.2526409963676635,96,96,46,6
5.3905926677731530,98,98,50,7
4.9150038876737128,96,97,56,6
4.1810038649948513,96,97,54,2
2.5246656561312024,98,98,51,2
4.9274432170836109,98,99,48,3
0.2405394710774935,96,96,53,1
3.0914270900175627,94,95,54,1
3.5871964040171704,94,94,49,0
0.2565729858119971,94,94,52,1
1.1321017664576718,92,92,44,2
3.4966919597938078,96,96,52,0
3.5562948644523971,94,95,56,3
3.8661035174287037,94,95,51,0
3.2406005265674573,98,99,50,7
2.1933000315079836,94,95,47,4
3.6391754334687678,94,94,47,4
1.6312662622776091,96,97,41,3
4.6324775047378282,96,97,39,1
3.4609999381159473,98,99,61,2
2.0334179170383182,94,94,38,1
2.6901749140069566,98,99,41,4
4.4603836071093674,98,99,53,2
2.9286879726215802,96,97,50,2
5.2704488343947107,96,97,49,1
4.9873448262932243,92,93,54,4
0.2034887758941466,96,97,54,2
6.2136057826570825,94,95,50,1
2.9972835244038647,92,93,48,4
3.8513784673178226,96,97,53,3
2.7746633780644219,98,99,50,7
1.9455942260264047,92,92,51,5
1.8495745727599713,96,97,63,3
2.8859426606267453,94,94,48,1
0.7049135988344315,94,94,60,3
2.2226431935998785,94,95,42,1
5.0879618625832173,96,97,43,5
2.7016214570695927,86,87,39,6
2.1096552239347313,96,97,47,3
5.7105658902675049,96,96,46,2
2.2977707591512129,94,95,55,4
0.0659679639213675,92,93,54,4
5.1234038964188828,96,97,52,2
1.2998070107803579,96,96,46,6
0.8398137398963653,92,93,53,1
3.0763799389535142,94,94,47,2
0.8385149997812423,96,97,54,2
0.6237810816753466,94,95,48,1
2.6943571950948311,96,97,48,4
1.1157725670465202,98,99,61,2
2.3944058472005705,96,97,53,1
0.4213780680850511,94,95,48,7
2.9965343755740546,92,92,46,4
1.9012957814887448,96,97,39,1
1.5279644066458400,98,99,62,7
1.2104602461207974,106,106,50,1
1.9779411906770286,90,91,45,6
1.7390791402112744,96,97,60,6
3.0645346240826172,98,98,45,2
4.9468865418525452,96,96,51,1
0.2766824527415797,96,96,41,5
0.6346852659749920,94,95,65,0
1.6965994977345789,94,95,50,7
2.5536178956670983,96,97,64,4
1.0889662118182528,96,97,58,4
1.2902002599337956,98,98,48,3
0.9521572878323721,94,95,48,1
4.2133653359886152,96,97,38,6
2.9862270907383284,96,97,51,5
4.7941250393460653,98,99,55,6
6.2054391351489890,96,97,42,0
3.8039072426291343,96,97,51,5
2.2859759360152112,94,95,48,3
4.8108776796119734,96,97,35,5
4.0721684069754387,96,96,53,1
4.9462670755939033,96,96,60,2
5.7552859233229121,96,97,51,3
4.1668686501563101,98,98,61,4
1.9481308311471084,94,94,53,4
2.6174873486470323,90,91,52,1
1.2821386930958336,94,95,49,0
5.4945377191512925,96,97,47,7
2.9441751745391125,96,97,54,6
4.0798185520986250,92,93,40,2
4.3325344765765452,98,99,50,5
1.4433643783982084,96,97,50,4
2.5803466016139436,96,97,47,1
2.6047724739522820,98,99,52,5
4.2999820514966007,96,97,44,2
0.6570073406592182,96,97,54,6
3.5665932413063941,100,100,47,3
1.2536994482594885,98,98,46,7
0.6034540049575596,94,94,47,4
3.1311717335599218,96,96,54,6
4.7490694721241757,94,95,49,2
2.8451505937926838,92,93,47,1
4.9646104496174228,96,96,49,5
0.5002512311089998,94,95,49,2
2.8351145238292630,96,96,51,1
4.6999176388667632,96,97,51,7
1.4396566306207350,96,97,46,6
0.7022283123314380,96,97,46,6
1.0984531976666447,96,96,56,4
3.3151174956525518,94,95,54,3
5.6673901742595580,94,95,49,4
5.1414651051718749,96,96,52,6
1.4442325550133022,92,92,55,7
5.2992880166423832,92,93,51,3
0.8982202233473369,98,99,49,0
4.7049915100578756,96,96,54,6
2.7175029436150200,98,99,57,2
1.7561587427465917,98,99,47,0
1.1769518947504549,94,95,46,7
4.3605313160789461,96,97,50,4
1.7608590412559806,98,99,54,3
4.7624686898309054,96,96,48,4
2.0691261965939578,96,97,49,5
1.6819471914222666,98,98,41,0
1.5416693840523727,96,97,51,7
2.5081895925714894,94,95,52,1
3.7134467193980174,98,99,55,6
4.6459902419193044,96,97,56,0
3.7127820939050724,98,99,47,0
6.1583396126927736,96,97,47,7
2.8667297784702246,96,97,46,2
0.6146312152040146,98,99,57,0
6.0456058697781128,94,95,43,4
5.2408796589930748,96,97,46,6
4.0267110957923862,92,93,46,4
0.8408596203123365,98,99,55,6
5.4957907403178696,94,94,40,1
1.7304898370052162,96,97,51,3
0.5677828442956880,98,99,52,3
1.2282562426780999,96,97,47,3
0.3844884938542565,96,97,47,7
1.0267200330403718,98,99,49,6
0.7880411808134239,90,90,46,5
1.2117211762224396,96,97,53,5
5.9123253957344444,96,97,56,2
6.2082405742378084,96,96,49,5
1.3685203175630323,96,96,44,6
2.2699934875468708,96,97,46,4
4.4252606600344375,90,91,38,7
2.0151431597048424,94,95,51,0
3.2527534945273540,94,95,45,4
5.9489381644106256,96,97,48,2
2.6723175254338938,88,89,48,2
0.8772494873034813,96,97,56,6
4.6957273868763343,90,91,45,4
5.2251890059493329,90,91,42,1
2.7844874073954498,96,96,47,5
0.7413788696364010,94,94,47,4
0.1825092000264897,96,96,42,0
4.8567977190696414,94,95,52,1
4.6287937424904477,96,96,49,5
5.8949912324148919,98,98,51,4
4.6058070102919348,96,97,52,2
3.6733069968198482,96,96,63,3
5.1878176511916978,96,96,45,7
4.7076144860360447,94,95,55,0
0.2928917207998373,96,97,54,6
5.1439223921351553,94,94,47,2
5.8292246972091144,96,96,54,2
6.2329043227267871,100,101,60,6
0.3669181472370266,98,99,46,7
2.2257333600650928,96,97,50,6
4.5007001422568713,92,92,44,0
5.4741860917927827,96,96,42,4
1.1948089041318071,100,101,50,0
0.5810070036700232,94,95,40,1
6.1609863068242481,96,97,57,7
4.7895173947044167,90,91,52,1
5.8448893339297685,96,97,41,5
0.7808127093018781,96,96,57,1
2.1937162028284889,96,96,47,7
4.0035046613090728,96,97,50,0
0.0617694868641491,96,97,45,7
3.2538173453922723,98,98,60,5
3.9799620004341119,98,98,44,7
6.1961310877226303,96,97,43,3
4.9506133145721680,94,95,44,1
1.3969216766731534,98,98,55,2
3.6446772158693737,96,97,56,6
5.5425851438465674,94,94,49,2
4.4846227920439725,94,95,50,5
2.8061850334009404,98,99,53,0
6.1621896413163126,94,95,47,0
3.5802743649803266,96,97,48,6
1.3252215589681229,94,94,56,3
3.5322193680971390,96,97,46,2
2.0540758468464202,94,95,54,1
4.5814055023569731,92,93,46,6
0.7436845550252521,96,97,49,5
2.9903895204411266,98,98,45,0
4.1130119506427043,92,93,39,5
0.6467825596105893,88,88,51,3
6.1926834974158158,94,95,48,3
4.7013457495223010,94,94,49,2
3.5850215396583698,94,94,39,0
3.1832763551742818,98,99,46,5
3.6166471048755202,96,97,46,2
5.1498631716014991,94,94,51,6
5.3745955636458564,96,96,42,4
4.2572385883419734,96,97,54,6
4.6468898283553344,96,97,50,0
2.0286688018121470,92,93,53,5
5.8691709875976441,96,97,53,3
1.3911224834719669,96,97,58,0
3.6656125740988759,96,97,57,5
1.1268557253462472,94,95,52,5
2.9159585945186142,96,96,45,7
2.3960710983534361,90,90,45,6
1.4084745802176075,94,95,50,1
5.0707796896947537,96,97,58,2
4.1754525213997109,98,98,43,4
0.8555155020040450,94,94,39,2
1.8914555035464271,96,96,42,2
4.2084407539709510,94,94,52,1
2.5476778524736168,96,97,46,6
1.8721887010043965,96,97,52,4
4.5110769330788214,94,95,54,5
4.7283987013453821,94,95,45,0
5.4574902234298417,98,98,43,0
0.9115320934970808,100,100,54,4
4.2611864978852871,92,92,48,6
0.7483759240568052,98,98,47,6
2.7494542230078767,96,97,53,5
6.0309291953954496,98,98,45,2
1.7532412154056791,94,95,48,5
0.6022419064580078,94,95,50,5
3.5212346879591925,98,99,55,4
3.3147408928708404,96,96,56,6
6.1615333386737943,96,97,51,1
5.2380222891089865,96,97,43,7
2.6393639078512030,96,97,42,0
4.0879229800118502,98,98,49,4
6.1899867938038575,96,96,51,5
4.5790007740151308,100,100,53,5
6.1004140623569381,94,94,47,4
2.5755276154335474,98,99,53,2
3.8818370719138211,94,95,40,7
0.2543869381194755,98,99,51,4
5.1755930544882194,96,97,45,3
0.9816217689604919,96,97,53,5
5.0736615322683436,96,97,47,3
6.1100292238061034,96,97,47,3
4.6243741473887914,98,98,59,6
4.6207638778347428,100,101,55,3
5.5631016620561766,90,91,44,3
0.1662741035575187,96,97,50,4
4.4798820614011428,94,95,41,2
2.1075886048150032,96,96,49,7
0.9537221172556730,96,97,47,7
6.2794837038309614,98,99,56,5
3.4868706058092460,102,103,59,6
3.4738935901703001,96,97,49,5
0.6469649775653387,98,99,51,4
2.6111720440567452,96,96,49,1
0.0304187810579864,98,99,59,6
2.6709630576899199,96,97,50,0
5.8994599787818869,94,94,57,4
5.2228851954789874,96,96,51,3
0.7403965168503472,94,95,43,4
4.1349298269647363,92,93,62,0
4.0821493035275198,94,94,49,4
3.6815858148611218,94,94,50,5
0.1476672049182643,96,96,50,0
6.0179215109660040,96,97,48,2
0.7849647062919347,94,94,48,7
6.2666173784586814,96,96,42,4
2.7912112214375151,98,98,58,7
1.5789171386732994,94,95,48,7
4.8346368166695486,96,96,41,3
3.6293130739863546,94,94,48,7
5.6600112766407813,96,97,53,3
1.7936625318200674,98,98,48,5
6.0138220906697795,96,96,45,5
4.3286658512901663,94,95,46,5
1.5773091313199712,98,99,50,7
4.5268014920903497,96,97,52,0
5.4143866485715462,98,99,57,2
0.8171560898673323,96,96,53,1
2.4739123715744875,98,99,50,3
0.8814595300713393,94,94,50,7
5.5485499513567067,98,98,54,3
1.1346721769990675,94,94,49,2
1.1804328050404971,96,96,47,5
6.2341780822348829,98,99,47,4
4.0879782278583736,96,97,52,2
2.9442379574879056,94,94,44,1
3.8699889769848439,94,94,54,1
0.6104954179399352,92,93,42,4
1.4588404565249131,96,97,51,5
4.9050700192346692,94,94,50,7
2.1717284142523581,94,94,51,6
4.5575287792378365,96,97,53,1
4.6781293699775306,96,96,53,1
0.9834384491053008,96,97,42,0
4.2154542749423110,94,95,46,5
0.3834058325205799,98,98,48,7
1.6919804701253509,94,95,54,7
5.3871245053565149,94,95,53,2
1.5966379921136127,96,97,44,6
5.7464994220970906,94,95,56,1
3.8804977748825809,98,99,55,6
0.2851899622847066,96,97,48,4
2.1275594162923661,92,93,47,7
2.7400748159412536,98,99,50,7
4.3331402772231584,94,95,54,7
0.1890467724686666,96,97,47,5
0.5951159667892640,94,95,52,7
3.2314793564365027,98,99,45,4
3.9555092057037733,96,97,58,6
1.7331581031371719,96,97,58,6
1.6799936997153004,96,96,50,6
0.7136961242820165,96,97,54,4
5.5755799220782380,98,98,54,1
2.0472234906514828,96,96,39,7
2.1430522389522864,98,98,57,6
1.8555754572767906,96,97,54,0
2.5753570251503897,96,97,45,7
4.1778601702706082,98,98,53,0
5.6583155141756230,94,94,46,3
6.1674610298378800,96,96,51,1
2.0581021967649655,94,95,52,1
5.2491580977575687,98,99,46,3
5.6258538405776219,90,91,50,1
1.7237305175548281,98,98,40,3
5.9641160568211271,96,97,55,1
6.0666310297415933,98,99,51,0
4.7001858700083021,98,99,50,3
6.0577191759683560,96,97,49,3
2.3630122252918220,94,94,46,3
0.5521928077210210,94,94,50,7
1.9856746869474824,96,97,50,0
1.9074720099153029,94,94,51,4
2.8182271825940957,94,95,49,6
0.7744432571734715,98,99,53,6
3.5979892703143017,96,96,52,2
6.0575412727035554,94,95,44,7
1.7523810325951121,98,99,48,1
0.5708484830640355,94,95,43,0
2.8086367114203945,96,97,55,7
4.4681751694711904,96,97,51,3
4.8763663284602128,94,95,58,5
2.2912638956713542,94,95,55,0
1.4197667694013885,96,96,54,6
0.1998819822871020,96,96,55,5
5.6742981742366778,96,97,46,6
5.6909983308792560,104,105,42,0
3.6126769965565773,94,94,53,0
2.8251415512500833,94,95,51,2
1.7394179639360949,96,97,59,1
3.3786124964141280,96,97,50,4
1.4749174317819702,94,95,51,0
4.6099741760221074,94,95,49,2
6.2066180112617522,98,98,46,7
1.4584268221341605,94,95,53,4
4.6511845743288545,98,98,39,4
3.8303628120952866,96,97,48,4
1.8097154173871643,96,97,53,5
0.0127822811548976,96,97,53,7
0.9800899214340022,96,96,46,6
4.1045793366380083,96,97,46,2
0.1493868357524219,96,97,51,3
6.2799579063769215,92,93,45,3
3.2535168576017170,94,95,53,0
3.0616979354987084,94,94,41,0
3.6138116418977511,92,93,42,4
3.9055327921852352,92,93,54,4
2.9108565985311312,90,91,48,1
1.2375169051253843,96,97,49,5
1.7078539555152135,98,99,48,1
0.8579787238598702,98,99,50,5
1.1481989388497349,94,94,50,3
0.3595451391374169,94,94,49,2
3.9429302690688721,98,99,61,6
3.4132200654032490,96,96,44,0
5.1108389536126904,94,95,48,1
5.4406019319661247,96,96,54,0
1.8171104137043583,96,96,48,4
4.0470976429911403,94,94,42,5
1.3416277040875804,94,94,54,1
1.6052422388067387,98,99,54,1
2.1386456161854088,96,96,51,1
3.5543259984429736,98,99,51,6
2.5933710271542125,90,91,46,3
4.9733686665392387,98,98,64,7
2.2380999742257788,94,94,44,1
3.3236379125684925,96,96,46,2
3.8185767130562880,94,94,49,4
1.4102206499350478,94,94,40,5
3.9057652463176762,96,97,48,2
5.0154690961565862,98,98,52,5
3.7118814054681697,96,96,50,0
2.4314011602478529,96,97,55,1
5.5988697557836797,94,95,51,6
6.1902388807219211,94,94,41,0
2.6906352435569616,94,94,49,4
2.1414520632521357,96,97,47,1
5.9624549512120106,96,97,53,7
6.0557613196464386,96,97,39,1
5.8518975313998629,96,96,56,6
1.0038654262440072,96,97,43,3
1.9732372466945598,92,93,47,1
3.6755320978154606,98,99,50,7
1.3375707035825388,94,95,48,5
2.8394311644206183,92,93,36,4
0.4114036886923218,96,96,47,1
4.2341869263317351,98,99,45,6
4.0809248691263180,94,94,48,7
4.6415335416110635,94,95,51,6
4.3077363552325876,96,97,45,5
5.3424697827757850,96,97,53,3
5.8523354801138883,98,99,42,7
2.9131426406270462,96,96,56,2
4.1255561241409779,96,97,52,4
0.6841977234388448,98,98,46,3
2.1357084090782403,94,95,44,3
3.5914831738749364,94,95,53,4
5.7462199089785218,94,94,43,6
1.5085838429506082,96,96,55,1
0.9493011795160466,98,99,43,6
0.9921134683957387,94,95,42,5
0.6050506902974371,96,97,51,3
2.6586787396601590,98,99,54,3
5.5949679806227302,98,99,58,7
1.3211477593231735,96,97,47,5
0.9366942921635144,96,97,51,3
3.8797439223921795,94,94,55,2
2.5085375320939147,98,99,48,5
1.5608356629301328,96,97,56,0
4.8889346218942888,92,92,50,6
1.3934623787656333,96,97,49,7
4.2581997790383079,94,94,49,6
1.2126486431956012,98,99,46,3
3.9843452870187552,96,97,49,7
3.0337651560701411,96,96,47,5
6.0917543643086987,96,97,57,5
0.9694470527750595,98,99,49,2
0.8471536234915008,94,95,46,3
1.2182570267676951,88,89,50,4
2.6461140606540852,98,99,48,5
5.4881748376373904,94,94,54,3
5.3271808592936809,96,97,43,7
3.0113331782709500,92,93,52,6
0.1215736779737481,96,97,55,7
1.3180660835964340,94,95,51,0
0.1399741032263491,96,97,48,2
4.5961350291705863,98,98,56,1
2.2141375255829048,96,96,49,7
3.6717220705801417,96,97,55,1
1.2393385967376809,92,92,53,1
0.5445515937666290,96,96,54,0
2.1002027362514717,96,97,49,5
5.6558049001867889,96,96,46,0
5.9586300870387383,96,97,51,7
4.2089088502607472,92,93,57,5
3.2315823613877921,94,95,48,1
4.3060354097697440,98,98,50,5
3.1862177103551259,94,95,50,1
4.0165182803753092,94,94,49,0
0.9814700448352536,94,94,48,5
0.6388287276724441,94,94,52,1
5.3196246867291315,94,94,51,6
5.8558026377834409,96,97,45,7
3.7644604599559659,96,97,55,5
2.6647494223458050,88,89,51,7
5.0621930024729735,98,99,48,3
1.8246046987764115,98,99,43,6
2.8267812144877436,96,96,51,5
4.3413190072876482,92,92,49,3
1.1161961032492562,98,99,60,3
1.1642244497641927,98,99,49,0
6.0142295877319691,94,95,53,4
1.4268866122439192,94,95,44,1
4.6403810470180966,98,99,54,7
5.0660699385285817,96,97,50,4
5.8184617418745166,94,95,60,1
0.0536717621096678,96,96,44,2
5.9420077303344048,98,98,53,4
2.1547325901025443,94,95,49,0
1.6218378167496872,96,96,51,7
2.0137943109991321,94,95,44,7
2.6703062391077279,92,93,49,3
3.8040972532288713,98,99,49,0
2.0391758194250906,94,95,43,6
4.4455800180658089,98,98,57,2
4.6312119824720046,96,97,52,6
4.0630321022709586,96,97,51,7
2.7688486220894553,92,93,47,5
1.7086826589910504,98,98,50,1
5.2428323125732401,96,97,47,7
4.7682991450653143,96,96,48,0
4.8286835036324840,98,99,47,0
4.7556303805342282,96,97,48,4
0.3684348131238495,94,95,55,2
2.8459599339838633,96,97,38,2
2.6815927145343266,96,97,51,7
2.2137952413859199,96,97,53,1
2.5645693174057436,94,94,52,5
5.2398309784830461,92,92,38,6
5.0274000257356208,96,97,56,4
6.0639374304961571,92,93,43,1
1.8240557449473940,96,97,50,4
1.8690394390193683,94,95,61,6
1.7446032758807033,96,96,51,5
1.6172359303013379,90,91,43,0
3.6405622789155183,98,98,49,6
5.5902425009542007,96,97,54,0
5.0824496190866313,94,95,47,0
5.9485093335902981,96,97,56,0
5.9196503216666692,94,95,43,0
4.9530169252712453,96,97,46,6
5.8342826821297074,96,97,47,7
0.6767594447505068,96,97,57,5
0.6206304827684870,96,96,53,5
1.5273481624683702,96,96,53,5
4.5689708304729182,96,97,60,2
3.9723930878271489,96,96,56,6
4.1900877331985367,96,97,48,4
6.0587583421251976,92,92,47,5
1.5835815612291746,96,97,60,6
3.9808297358733826,98,99,46,1
4.0745378019714709,96,96,50,2
0.1992101884050294,96,96,52,0
5.8827873570631439,94,95,51,2
2.0416683807061147,98,99,49,0
5.0728487428247462,96,97,54,6
2.1336076167631086,94,94,53,2
1.9822076171196896,90,90,46,5
5.6714917523412725,96,96,44,6
2.7571312860078314,94,94,51,6
5.6360752141463468,96,97,57,3
0.2717797246777131,96,97,48,0
6.2015920572588783,96,97,50,4
2.7170522643397659,100,100,56,4
3.7666263753192180,98,98,53,2
2.1971356971388794,98,98,51,2
5.6410015935113007,94,95,47,2
1.7739373256097966,96,97,52,0
4.1130677003749030,96,97,41,3
5.0396388079402037,98,99,55,4
0.6696860734217948,96,97,40,2
3.9136618504354774,94,95,51,6
2.5548436860320400,96,97,54,4
0.9869739314657507,96,97,54,2
6.0564142436768327,96,97,51,7
3.1161167843295932,94,95,48,1
0.5808210342458685,94,95,52,5
1.5492883178811019,96,97,47,3
2.7419168991843330,96,96,46,2
3.1078831615220541,94,95,54,1
2.3212064611907945,92,93,53,7
5.9920017508930954,98,99,51,4
4.2526273493998650,96,96,53,7
2.8386852701427023,92,93,48,0
0.9829915540277160,96,97,52,0
3.2215165733288620,96,97,66,6
3.9891210547025171,96,97,44,0
3.1076354086236448,94,94,52,3
3.3490904318175820,98,99,52,3
5.5319959419113225,92,92,46,2
2.3597092119477354,94,95,40,7
1.9757483377874565,98,98,56,7
5.6611517474043263,98,98,40,1
1.2922972099852834,98,99,49,4
3.5823971957111596,98,99,57,2
4.6859520194119941,96,97,51,3
0.5841397731770976,96,96,48,6
0.9173571721354743,98,99,52,5
3.2793994651028693,96,96,50,6
1.8617323624024269,92,92,48,2
5.7145546976898327,94,95,50,3
4.2579361150119368,92,93,46,4
0.6605595453704791,96,96,43,1
2.4147334859659719,98,99,58,7
1.4498459849728320,96,97,45,5
5.9508190374255516,98,98,57,0
0.2494874906211326,96,97,53,7
2.8119748946066889,94,94,45,4
5.2477069489411825,94,95,55,0
1.3816457722466262,92,93,52,0
3.9618560114224608,96,96,57,3
4.8014104690444359,96,96,51,7
3.9737871739089696,98,98,51,0
5.4812324794796101,98,99,49,2
4.8278592481667451,94,95,45,0
1.8401197351978220,96,97,59,7
2.6803834255396533,100,101,51,1
1.1206044435725977,98,99,34,3
5.7648253501934921,96,96,51,1
2.1412074504613012,94,94,45,6
4.2847047798256455,98,99,48,1
4.5452970482055859,96,97,53,1
0.3220736124845639,94,94,56,3
2.2163299284788911,94,95,51,6
2.5837970068104212,98,99,55,2
0.7018487993624337,98,98,49,2
5.1095479956192840,96,97,41,3
4.8864934075057525,94,94,46,3
0.9741736322931304,98,98,54,3
1.0722012427561787,98,98,53,0
2.0954444495912639,92,93,38,6
5.0395852758941491,90,90,49,6
1.6306443812448226,96,97,57,3
4.0507117216204360,92,92,46,6
3.1213354316096931,94,95,51,0
2.0813141654774898,98,99,52,7
4.7568834103526472,98,98,48,3
5.5320605483683662,96,96,57,3
4.6594805839857649,98,99,48,5
5.7982135869994025,98,99,47,4
3.0247206363749890,96,96,53,7
1.2344022084182740,96,97,41,5
2.9986831921865398,94,94,49,4
5.6818337030563395,98,99,56,1
5.8040403208504827,96,97,51,5
4.6479744583593483,96,97,43,5
1.6794714961601638,94,95,52,3
3.7640277564915361,96,97,48,0
1.3143543716377746,92,93,52,4
3.6551005567575499,94,95,51,0
0.7604044510404850,94,94,57,0
3.2809457224334615,94,94,49,6
5.8959235602598943,96,97,54,2
3.1283402454420921,94,95,45,4
4.3671825798364505,96,97,49,5
3.8971276092594169,96,97,49,7
5.4679166806369821,98,99,52,5
1.0578504817683199,94,95,51,4
5.7573842967250473,92,93,52,4
4.3367480249402837,94,95,49,0
4.1298705170499037,96,97,55,1
3.6906334847558937,94,95,48,3
0.0437325598700449,96,96,53,7
5.6288847657256973,98,99,54,7
2.2529295770488798,96,96,48,0
0.8384360066071583,98,99,35,4
3.6224834631741727,98,99,51,0
3.1534575714094579,96,97,43,5
0.4981926437959875,96,97,56,4
0.1344221492887059,96,97,57,1
5.4114055120727471,98,98,56,1
2.6270411339918498,98,98,45,6
4.4615911488144873,96,97,54,0
5.6967343256850649,96,97,49,3
0.2766693686384988,90,90,49,0
5.2933381594151641,92,92,45,7
5.3288088732769889,98,99,48,5
0.6163451072926713,96,97,47,1
3.6140165457346076,94,95,45,6
3.1419429861949233,98,99,43,6
2.1374745937494533,96,97,43,7
0.4316994282127763,96,96,49,3
3.0211289339117764,90,90,41,2
3.5334119441935883,98,98,38,5
5.5393817705633328,98,98,55,0
1.2031256242903294,96,96,46,0
4.2217591702527573,96,97,58,4
5.9269207699480990,96,97,49,7
1.9951975228668948,96,96,41,7
5.1563509272988783,94,95,51,6
0.4976244181701667,96,97,48,2
1.3279305608049925,92,93,50,0
3.6833723873696940,96,96,53,1
1.9324927036119104,98,98,46,3
0.4049484315385555,94,95,43,4
6.1439611345155960,96,97,47,1
3.2173671603075551,92,93,49,7
5.8548484236376721,98,98,64,3
1.6310028370854981,96,97,58,2
0.2574575382163544,98,99,60,1
5.9446840925787958,94,94,50,7
2.9609919912101312,94,94,45,2
1.3862351993509610,98,99,58,3
1.6676788291373987,96,97,48,2
2.7604824423534629,96,96,53,5
2.6227406808075324,96,96,50,6
0.1362690918277186,94,95,46,1
0.8037400711254613,96,96,50,0
5.8648028174820039,96,97,52,4
1.0556259227031464,96,97,48,6
1.9770406126588405,94,94,55,2
5.7480505118130161,96,97,50,6
6.1339629307924772,90,91,47,2
3.2377583499636744,96,97,43,1
4.8685561483148811,96,97,45,1
3.4385651785336102,98,99,48,1
1.7387419034281921,96,96,44,6
5.3245104406695125,94,95,56,3
3.7740333961400636,94,94,50,3
4.0803351444392488,96,97,55,1
2.1861058996680667,98,99,41,2
3.4669222686167389,94,95,51,0
1.6433594516689503,94,95,51,2
1.1383853286740326,98,99,45,2
0.3351056792924775,94,95,44,1
3.4601881588870924,100,100,51,5
4.2195746664192022,96,97,46,6
5.2255323154122975,96,96,45,5
5.9823722831822490,98,99,37,0
5.7127832663994269,96,97,48,4
1.9686828027590342,94,95,54,5
3.0550881156100922,92,92,54,2
5.2597622348506494,96,97,46,4
2.7864292250289426,102,102,52,5
3.5632917300915965,98,98,50,5
3.0651172130305095,98,98,44,3
1.0387382882820726,98,99,58,3
3.9529465455272512,96,97,61,7
5.7438150844337930,96,96,54,2
3.2881350003820495,96,97,55,1
0.1345470711658663,94,95,48,5
5.5628544633126378,92,93,52,4
5.7105236277337994,98,98,39,6
0.3500932126404264,98,99,53,2
5.6045456150686013,96,97,53,7
1.5149816015243194,96,97,50,4
3.9182243132386065,92,93,48,4
1.3457575006292579,96,97,48,6
1.4289510438082287,96,97,44,4
2.3947706070773083,94,95,38,1
1.0154460653660535,96,96,42,4
0.9438231638947853,90,91,51,2
4.7950178074686569,98,99,54,1
5.7378371464214757,94,95,40,3
4.8260572010002498,96,96,42,2
4.0183003951329326,98,98,47,6
3.2936508596872383,96,97,42,0
4.3432195503999322,100,100,55,3
0.0750698773711942,88,89,44,4
5.8428741279837002,92,92,50,0
4.9233251562932212,96,97,54,4
4.1356495630947707,96,97,39,7
2.7772661040025226,96,97,41,3
1.4033122846812198,94,94,46,3
3.3664333776000519,98,98,46,1
4.9518655690747204,96,96,55,1
3.8927275770914900,96,97,53,7
0.1780317598650225,96,97,58,2
4.4426454176475900,94,94,43,4
6.0383020198813471,88,89,41,7
5.2858229656950488,96,97,46,0
3.8942851281876587,98,99,54,5
1.8418971189917601,98,99,53,2
4.6281758923704208,98,99,58,1
2.7172385772618393,94,94,58,7
1.1763861926468466,96,97,57,3
0.1196428934346814,92,93,41,3
1.2347466045664737,94,94,51,6
4.6137609137645406,94,95,43,4
2.4901980045253485,96,97,46,6
0.5780239913139340,96,97,40,4
5.7749354631626044,94,95,44,1
6.0134872216180408,96,97,53,7
3.3313487737910168,96,96,52,6
3.9892056307670378,96,97,47,7
0.8164121268010418,96,97,54,2
5.6642024530591142,98,98,48,7
1.6610911536356165,96,97,42,4
3.9961557333669093,98,99,53,6
4.1973020026442800,94,95,45,0
5.9974519915552369,96,97,52,6
2.5669132622924287,96,97,59,3
4.3282536274035239,98,98,53,6
2.7892696439375810,94,95,53,4
2.4724277942507440,94,94,56,3
2.1149310821105614,94,95,43,0
1.9035751174838360,94,94,47,2
0.3808526908453487,98,99,50,7
4.5547836446608478,96,97,48,2
1.4248413256107866,98,99,50,1
5.8077642224650168,92,92,48,6
1.7389129922421511,94,95,53,6
2.5861985452329090,94,95,46,7
5.9892301164490611,94,94,52,3
1.7891564723427484,98,99,53,0
1.5561056317227877,96,97,53,3
2.9130386164414270,98,99,53,6
3.1598894423506083,96,97,54,6
1.3985228905631761,96,96,47,7
4.0786656093096374,96,97,51,7
6.1115308761991667,92,93,46,0
2.6738563804720332,94,95,48,7
0.6781709491201069,96,97,48,6
0.7753522497573748,98,99,54,5
0.0205607114890892,96,97,47,7
3.8659218312253341,94,95,39,4
0.3469214350074195,96,97,59,5
1.9596477206792209,98,99,50,3
5.0103213640397302,92,93,53,1
2.8464390329546014,96,97,54,6
2.8891082985514638,96,96,55,5
5.6075031999732134,96,97,56,6
1.3245146734806605,94,95,45,0
1.2781085623640793,96,97,50,0
1.6543374894354135,96,96,58,4
2.9188437602600383,96,96,47,7
4.9439767153389367,96,96,57,7
2.1878415766156007,92,93,51,5
2.0440890429753189,96,96,50,0
1.6230811110623711,94,95,50,5
4.1490611580773473,96,97,50,2
2.8492330264421706,96,96,53,7
2.3064927947766427,98,98,49,0
5.2355270252000965,92,92,49,1
4.9829567334982938,96,96,48,6
1.7921439635782093,96,96,52,2
3.0314565418020814,96,97,59,3
4.8287780164580107,94,95,55,6
5.2260687571479618,98,98,48,5
2.0233117999894232,92,93,48,0
3.1249300827622584,94,95,50,7
1.8030522574176837,96,97,52,4
0.2787497644603716,92,93,56,2
4.6193245895296284,98,99,43,0
4.4522303739461293,96,97,54,6
4.5709784092941925,96,97,56,4
1.3990445636375470,96,97,51,1
5.6953531279571870,94,95,55,6
6.0786250652659533,96,97,55,3
1.7478901659901394,98,98,54,3
2.5603778708008305,100,101,61,3
2.0351281113369222,96,97,54,6
3.2396399279591526,94,95,54,5
0.7763538811126657,98,99,49,0
4.4022895217143470,98,98,50,7
4.2170030882436622,98,99,53,4
0.5589731518862382,94,95,56,1
3.8857502535901629,96,96,53,3
1.0902232240942344,92,92,51,3
3.5265507413104173,96,96,45,3
1.3135081482584698,94,95,61,2
2.4560708930975457,92,93,51,7
5.3070113425446577,98,99,45,4
2.8688876001233639,94,94,43,6
5.6060896053034996,96,96,49,5
2.6356566722568693,96,97,44,6
6.1698099166046863,94,94,54,7
0.0431567081254168,94,94,47,2
0.7563080422767871,98,99,57,6
5.9852587584785555,96,96,49,7
1.7137287087130453,92,93,53,3
1.4873888203385934,98,99,46,5
4.3236768219509001,96,97,44,6
5.4776873958165382,94,95,47,6
3.5466449028675981,98,98,57,6
1.4279046972609726,98,99,55,2
2.9165544134617174,96,97,51,5
2.0645896246493760,92,92,43,7
4.0440516936068924,98,99,51,4
5.6549864083310473,96,96,52,6
5.6160809402004928,98,99,55,6
1.0694978224433938,96,97,56,2
2.0462445520294752,96,97,60,2
3.3493247078334769,94,95,44,3
1.2880506861278724,94,95,52,3
0.7303527661677951,94,95,43,2
4.6131354949456469,96,97,55,5
1.3558169441604775,96,96,49,1
0.9399837650639375,98,99,50,7
0.6433665259596321,96,96,44,4
1.5236780766823916,98,99,44,3
5.9633135748476240,96,97,51,1
1.3849013794867964,94,95,50,7
0.4869346611214742,96,97,51,1
3.7899300314310116,94,95,45,2
6.2725678455443310,94,94,46,1
4.4278720172527875,96,96,57,5
3.8950266918775402,90,90,52,7
4.9917563844940682,96,97,59,7
1.5036620225879698,98,99,47,0
1.5228253038643993,98,99,62,3
0.2669021228640411,98,99,50,3
5.7530430128336949,96,96,44,6
0.7556307624805052,94,94,47,2
3.0085431683257462,94,94,47,2
5.8631340582810161,96,96,49,5
4.6759720773176987,96,97,49,3
4.5632288089716599,92,92,47,7
2.9357879928205737,96,96,54,4
5.4059144139147364,94,94,44,1
1.8655294452528246,96,96,53,5
1.9016518518729149,98,99,47,4
0.3617110528430390,96,97,50,4
3.1071083818673153,90,90,43,2
1.9403543648914570,96,97,43,1
5.6039663881893977,96,97,37,5
3.1561730458799127,96,97,48,4
1.4032916723219098,90,90,46,1
5.8870340087932709,98,99,56,5
1.8315702778145797,86,87,44,3
1.8398554820358033,96,97,49,5
2.5135303451509858,96,96,61,3
0.9809517294456357,96,96,57,7
2.6981059999372068,96,97,48,6
4.7608596937657808,94,95,54,3
4.5104454846508153,98,98,48,7
4.6906416412485763,96,97,51,3
0.1127125741946882,98,99,49,4
1.0589799303149854,96,97,52,2
2.3916779370519543,94,94,42,7
2.2224031298991296,96,96,55,5
1.9798099575173695,96,96,53,7
4.2518024203377109,98,99,49,0
3.0450171042221776,96,97,49,5
0.6678640390741775,96,97,55,1
3.4645968451780149,92,92,44,0
1.4033422570689682,94,95,46,3
2.7424045880061230,96,96,44,2
3.1795616633585908,98,99,48,5
0.3472483437892564,92,93,43,7
0.1762755015859422,98,99,56,5
4.7170096410491622,98,99,57,0
3.3942753242411898,94,95,55,6
5.7021363030485119,96,97,55,1
4.0450096838810277,96,97,47,5
0.6703695598651610,94,95,51,6
1.6748137644450651,98,99,45,4
0.8521555474461047,96,97,60,0
0.4676380702693497,94,95,48,3
3.4578663210502230,96,96,50,0
5.1015429915956680,96,97,42,2
3.3530305567915666,96,96,47,5
2.1940288811728568,96,97,53,5
5.5945934829935080,94,95,53,4
2.4023011051325556,98,99,53,6
5.9564474771407694,96,96,71,7
3.4938668609602392,98,98,54,5
5.7189950617994576,96,96,46,4
1.6879694557944362,98,99,45,2
2.3287220291298021,96,96,47,5
2.2063236165119418,94,95,54,3
3.4427814356631106,96,97,41,1
0.2283888443046489,96,97,50,6
0.6129399205207302,96,97,52,4
3.1545905420190716,96,97,55,3
3.8095855005229553,96,97,53,1
6.2560194885176239,92,93,53,1
3.4185821951373141,94,95,48,3
1.6607258989488312,94,95,49,6
2.2635445007807671,98,98,46,1
3.0667354799395210,96,96,51,1
2.6533643566726055,96,96,42,0
6.0831069336440704,94,95,52,5
1.8814648173265343,98,98,51,6
0.8193391487449636,98,99,56,3
1.7188632215895696,94,94,54,7
3.9832033491436385,96,96,54,4
2.3900403608333947,96,97,48,6
3.9232850904853698,96,97,39,5
3.6231969937153967,94,94,45,6
3.0628582652634826,96,96,51,5
2.4612276762399081,96,97,45,5
0.2810502585774156,92,92,53,5
4.7027791477870968,96,97,54,4
2.8374955246386420,98,99,49,2
4.3360497624058052,96,96,48,0
1.0604177044540870,96,96,48,4
0.0454993608764941,96,97,57,7
1.9564891306860230,96,97,47,5
2.5449312939405893,94,95,46,5
4.9828996105233943,98,99,56,1
0.7549331325971067,98,99,54,5
0.0476402265400537,98,98,47,6
2.2014229109948467,96,97,58,2
5.6792952220926161,96,97,59,3
2.5466366944911201,96,97,51,1
5.9967080882508768,96,97,59,3
1.8897716400573523,92,92,51,5
1.8321533151954261,96,97,51,1
4.5065491047897455,96,96,54,2
6.0740226624596820,96,96,54,4
4.9211142213777421,98,99,41,6
4.2885897029909019,94,95,38,1
3.6955536729584075,96,97,46,0
1.1906687412950336,90,90,56,7
0.5869485358007179,96,97,52,6
3.8690189335927725,96,97,48,2
3.1524360433110510,94,95,50,1
5.9555156810746643,94,95,44,3
4.4654503093097198,96,96,55,3
4.0174279629368934,96,97,46,0
1.9015125258511525,96,97,50,0
5.6726724181225405,96,97,50,4
0.1755479732702462,94,95,46,1
4.9359252457504406,96,97,45,3
2.2081911348088057,96,97,46,0
0.9141285181707240,94,95,54,7
1.5721467995859959,98,98,57,6
6.1996927518365768,96,96,46,6
3.9351211224544769,94,95,43,2
1.8797907382658972,96,97,55,1
3.6761889194100430,98,99,55,4
3.7960655027278167,98,99,50,3
4.1138780648201081,98,99,51,2
1.0404312681394716,92,92,49,1
0.3397543706166850,98,99,46,3
3.8592733967382697,96,96,51,1
0.1527360050215401,98,99,48,7
5.0365979827692611,96,96,48,6
0.7331444639220389,96,96,47,7
1.2942139864137905,96,97,45,7
1.1522380028261789,98,99,53,0
5.6958340248957242,98,99,45,2
5.5460862820981180,96,96,44,2
6.1531988579079862,94,95,39,6
5.8548065734003369,94,95,52,7
5.5638224320712846,96,96,44,6
1.9048043376037602,96,97,46,6
0.5223518641258242,96,97,53,7
5.9053799562732250,98,99,54,7
2.2502881088644910,96,96,47,3
0.8895564568000628,96,96,46,4
4.9773107766094133,96,96,47,1
5.6464332248539835,96,97,46,6
1.6595183200472006,96,97,48,4
3.8598824591740994,98,99,47,6
0.4811114737400965,98,99,61,6
4.2111597152913118,96,97,54,6
1.5863419203019866,96,97,49,3
1.5594527088141292,98,98,56,3
0.6482680588912214,98,99,56,5
5.6887537740570746,96,97,48,2
4.5424349536737649,98,99,49,4
5.4186146229191197,96,97,51,3
5.6091255864136791,94,94,54,1
6.1792973301683212,98,99,52,3
5.6630684768426640,94,95,48,7
0.1979281030414848,96,96,50,2
3.4236242567939268,96,97,50,2
0.6713357640291407,96,97,49,5
1.9580610528338562,98,99,56,1
1.8765696686200610,88,89,39,3
0.1012561230101620,92,93,55,1
2.1912535021085087,98,99,60,5
3.5436679141185325,96,97,51,1
6.1847744778246287,94,95,54,5
3.7896127067021390,96,96,44,4
4.9143714502875113,96,97,42,4
4.4863582041331052,94,95,58,3
4.3299361196315767,96,97,47,7
5.2332732453974273,90,91,51,2
2.8966255014152158,96,96,55,1
4.4922800573926231,90,91,45,6
0.4417094752396133,94,94,48,1
5.8111883640121382,90,90,54,5
2.1638960195195138,96,97,60,6
0.9711215065326191,102,103,49,2
0.0419018035495201,98,99,56,5
5.5028041406435060,98,99,43,0
1.4458963620258447,96,97,49,7
0.6981754575668406,92,93,50,2
5.6706227393880679,96,97,46,2
0.3240260005023651,94,94,50,5
4.5084213895620211,92,92,48,0
5.5267022879828174,96,97,48,0
5.8258845281534413,98,99,48,7
2.2010881223652978,92,93,44,4
6.1961585358451581,98,99,46,7
0.2573695474066409,94,94,40,7
0.2604344141674063,98,98,57,0
4.3766145036590096,98,99,47,0
3.6048583330594632,92,93,48,4
3.8533101798232718,96,96,45,3
0.1802236361450399,98,99,54,5
5.9233006537684636,100,101,47,1
6.1726233232353751,94,95,55,4
6.0660998655809841,98,99,51,0
1.9062473686080466,96,97,58,2
1.9218162484249843,98,98,43,2
3.1314920228361482,96,96,50,4
0.6152639383917157,96,96,51,7
4.6250974179327358,96,97,45,3
5.0210699943877435,94,95,50,7
4.0230441430109316,96,97,51,7
0.5459813873898071,94,95,49,0
4.1295336074097788,96,97,47,5
5.9578450158318690,90,91,49,6
3.6718473285030400,94,95,43,4
5.7086660381499081,98,98,56,3
2.3462825712222735,94,95,51,6
0.7373323589754512,92,93,42,6
1.1709896535499571,96,96,48,4
0.9381718194158959,96,97,45,5
1.4870711005460187,94,95,49,2
6.2013904327447857,98,98,47,2
5.8661592589253955,98,98,49,6
1.8419284137232681,98,99,53,4
3.2169710177395907,96,97,49,5
2.7234733260373316,92,93,51,3
5.4979572979182718,90,91,54,7
5.4513477253367224,96,96,44,0
3.7201670919998935,98,99,44,5
3.2797681908052789,92,93,43,7
3.1612791526280151,98,99,52,5
2.6515044880498109,96,97,54,2
4.0166578885667512,98,99,51,2
3.1811592502204480,94,95,45,6
2.6040332021165988,94,94,58,1
5.7375311062898966,96,97,57,3
2.1405234516916769,94,95,42,7
4.5185132653194309,94,95,52,7
2.7292648769845353,98,98,48,5
6.2081183206777917,92,93,43,3
1.9097673855751289,96,97,48,4
4.7028211581564738,98,98,48,7
0.7006616764689569,96,97,51,5
4.6248108808893669,96,96,43,3
2.1323140095311874,100,100,43,5
1.0310150322555272,96,97,50,6
6.1571846260320866,94,95,48,1
5.5882099503397589,92,93,54,2
5.2619221583188960,94,95,41,6
4.9539363752936660,94,95,43,0
5.1719778482207257,98,98,51,6
2.3262816244517373,94,94,54,1
4.0691161817682149,98,99,53,0
4.5662239122912611,96,97,59,7
0.2236903149440882,94,94,58,5
3.0664418674387717,94,95,40,7
3.1016140513130876,98,98,57,0
0.3927495799621530,96,97,51,5
4.2356245131115218,96,97,49,5
2.2331830260062571,96,97,54,6
0.6695973461227094,96,97,52,0
3.8873372017906958,92,92,41,1
0.4754644027669634,96,96,50,4
0.6947440705509035,96,97,54,4
6.0761218285649665,96,97,45,3
4.0605608850337944,98,99,51,6
1.7670789265242293,98,98,56,7
3.2355117326369514,94,94,44,5
5.0120892145868137,96,97,50,6
0.0491362364804069,96,97,41,5
3.9892744944682756,94,95,51,2
1.4448901680657549,96,97,51,3
2.3081761430351140,98,99,57,4
3.4345352146542352,96,97,51,7
2.0509999142366682,98,99,53,0
3.6844963331964045,98,99,48,1
3.2783457735443964,98,98,42,3
6.1693817312959496,92,92,52,0
0.5567644493555757,96,97,49,3
5.1704788827273997,96,97,56,6
6.0884358508821368,96,97,49,5
2.6720571181935133,94,95,47,2
5.5058532384194061,94,94,44,7
1.1314627815941825,96,97,51,3
3.2527536731640931,94,94,56,7
2.6205512394504793,96,96,52,2
2.9800914362459689,98,99,51,4
1.6369855872283869,98,98,55,6
