theta,t_count,h_count,s_count,w_count
1.0135816565540046,96,97,47,3
1.6697180958364508,96,96,42,2
0.1804073108488183,96,96,44,4
0.9065730234534477,96,97,59,3
5.4454420642174650,98,99,50,5
1.4430300600044133,98,99,59,4
0.6679711271776422,96,96,51,5
4.8211848035933125,96,96,42,0
4.0984218385932314,94,94,44,7
0.3209795286704277,96,97,52,4
4.9692590843522249,96,97,55,1
3.2961768180063160,100,101,44,4
0.8721177425354240,94,95,56,3
2.3489108575490323,92,92,53,3
1.6390643619079774,96,96,54,6
2.7008611549846968,94,95,38,1
1.2014874269110474,98,98,47,0
3.1120745331020090,96,97,49,3
4.4668131813072938,92,93,51,7
0.9668588597225852,98,99,52,3
2.4697028122486695,98,98,53,6
3.6871651029390069,94,94,53,4
2.0596893721621945,94,95,57,6
3.4467269570473937,98,98,54,7
3.8032664091711661,94,95,55,6
2.9937097613305910,96,96,52,0
1.0482215103540899,94,94,56,3
6.1446923341185853,96,96,51,3
6.2787762012748107,96,97,47,7
0.5789031527305557,98,98,50,1
0.8628064505925752,90,91,50,5
4.6755391935292581,96,97,41,7
0.2862696264011048,96,96,43,7
0.0779284512289693,96,96,48,6
4.4532348717671075,90,91,42,1
1.1470331559316165,98,99,51,2
3.0930299280309099,94,95,51,2
4.7683414340226626,98,99,44,5
0.7832389936298833,98,98,48,5
3.2014540835407854,98,99,51,0
0.6531982222077599,96,97,56,6
3.6131580423628131,96,97,47,3
2.1487143786665772,96,97,47,7
2.0783218696968255,98,99,55,0
5.4364179854496300,98,98,50,7
5.7992546148313888,98,98,56,3
2.6934439382628246,98,99,56,5
6.1653612986439841,98,99,61,0
4.0686942131595893,96,97,42,0
1.2123901805811235,96,96,50,4
5.0790278158019966,94,95,52,5
3.0497145069590994,92,92,56,4
3.2024222878036563,96,97,49,7
3.2419942129114765,96,96,51,3
3.6886056508556346,96,97,45,1
6.2173304242171508,92,93,49,3
0.8243620756446371,94,94,45,2
0.6579997063905271,96,97,52,2
0.9581683962617862,96,97,51,1
1.9594254691770852,96,96,52,4
3.0024579364980966,98,99,50,7
3.2029862717066813,96,96,59,7
0.9026409069040665,96,97,46,0
6.1514505919130507,96,97,51,7
1.1058492920055110,94,95,51,2
5.6238255982656176,94,95,44,3
4.1393388716395902,96,97,52,2
0.8018048740673939,98,99,44,1
5.6948035329804245,92,93,40,4
2.2418185899158800,94,95,53,6
3.1055560200393679,96,96,46,4
6.2533072945346824,96,96,47,1
0.0106710092729586,98,99,47,0
3.9447313356341955,96,97,44,2
0.6073549578333751,96,97,60,0
2.3402852730521695,96,97,49,7
5.9663190421660008,96,96,45,1
0.2187554643738804,96,97,36,6
3.1373020074302449,94,95,55,4
1.2228604302071133,96,97,48,0
1.1867680699760572,98,99,60,7
1.8772919626466151,94,94,53,2
3.0467694941919805,96,96,51,1
3.5190110550071370,92,92,45,5
5.8877642837242270,100,101,61,5
1.8440888306720271,98,99,58,7
5.9563604698687582,98,99,55,2
2.2327952464496614,94,95,48,5
0.9163827064876356,96,96,49,5
1.3753797333040625,98,99,45,2
3.6095715106402531,94,94,47,0
6.2756946289385152,98,99,52,1
2.1518277921565589,96,97,56,0
2.6135536146315377,96,96,53,5
5.1573243614624387,94,94,52,7
0.2420158617298706,98,98,55,0
4.5553606459444715,100,101,52,0
2.1787391270978569,96,97,46,6
4.4495952144580064,94,94,40,3
3.5415479639079845,94,95,55,0
5.7519341809221336,96,96,52,4
2.7974279939698738,98,99,51,4
4.7770654135465511,98,99,53,4
4.5222730644524791,94,94,52,3
2.4663273523264881,96,97,52,2
5.9550884639433788,96,97,43,1
4.1282207360910190,96,97,49,3
5.7330998279323806,96,97,55,5
2.7186473723437681,96,97,46,2
3.9263396457472091,94,95,49,0
5.7126536556938214,96,97,53,3
1.2442934109285406,98,99,49,0
0.2013473949913726,98,99,45,4
0.6882293713551274,94,94,55,6
2.5656435486547964,98,98,51,0
5.3567170081742210,96,96,50,0
0.9317572903818440,96,97,53,3
5.7989009180657636,98,99,57,6
5.9996163649103345,92,93,51,3
0.4414740324462783,94,95,45,2
5.2234837929598381,98,99,53,2
2.3862877649926357,98,99,58,3
2.4989043153095412,94,94,57,6
1.0779516442373958,96,96,59,3
1.1552901771949873,96,96,50,6
1.0011875656281790,98,99,51,6
5.0845317386013456,98,98,52,1
0.9829376151151521,96,97,47,7
4.9943334021572721,96,96,44,6
1.0587098119473397,96,97,46,6
3.9858334057651530,96,97,54,2
1.5376889654101931,96,97,31,3
5.3311198597580542,96,96,46,2
4.6065768493047665,96,97,44,4
1.4734379941724114,96,97,57,1
2.5782671433066180,94,95,55,2
2.9097725087058866,96,97,53,7
2.1191610985728082,96,96,51,5
0.3929429216394938,98,98,48,3
4.6518228974401463,96,96,57,5
3.4602391770553140,96,97,40,0
3.0900179513807555,98,99,53,6
3.3448298049864613,96,97,51,1
0.5857615684480217,96,97,45,3
2.9393558069645365,100,101,44,0
2.8540216246826899,98,99,50,1
3.3354248811172380,96,97,47,3
1.0167230412940227,92,92,45,5
3.6044717491422547,96,96,50,4
0.2917765114783178,94,95,37,4
0.4384327053238486,98,98,56,5
4.8904577563534746,96,97,57,5
4.2248509021765974,92,92,48,2
6.0868453275274463,96,97,51,1
3.0141434158527991,94,95,49,4
6.1234123686376005,96,97,49,1
4.0272822622119167,94,94,43,6
0.8540393983983569,96,97,57,7
1.3520968523336756,96,97,50,6
3.4255551597688010,98,99,52,7
4.3749143600345244,94,95,55,2
5.0523023979151835,92,93,53,3
1.2011522326295729,94,95,43,2
0.7976854965066785,98,98,60,5
6.2339541743823368,94,95,60,7
0.4861479185530058,94,95,53,6
2.9073931440284744,98,99,55,4
1.9908413135242529,94,94,48,7
3.3970139569349569,98,99,55,4
1.3879588547696073,100,100,53,3
4.7638927529658384,96,97,45,7
5.4833045301776915,96,96,51,7
4.9193854971562816,96,97,44,6
0.4214112884796301,98,98,47,2
4.5329295727317263,96,96,37,1
4.5275117142047199,96,97,50,2
2.3786230394799830,96,96,56,2
0.0763915149113166,94,95,49,4
2.6606390471763408,98,98,47,6
6.0947326810496234,96,96,49,5
5.6690889649688483,92,92,56,0
5.6117764734777893,96,97,47,5
3.2357762987758183,96,97,42,4
0.3331804266507123,92,92,44,2
0.8144730102624342,90,90,47,4
3.2572814036580859,96,97,57,5
2.7492657315170117,94,95,55,4
4.0766101306647116,90,91,49,2
5.4551775803147722,98,99,52,5
1.6006970862438672,90,90,52,3
1.3689394095413756,96,96,50,0
1.5498108961739809,94,95,37,2
3.6868245290072315,98,98,54,7
4.4761575692588664,94,95,49,2
1.3889305543591175,94,95,42,7
2.9779296439147029,96,97,46,2
0.3706889242370143,96,97,51,1
1.3807731752034733,94,95,46,1
0.7259200035042069,94,95,47,2
2.3017405047909270,92,93,42,2
1.2915866163081653,98,98,52,3
6.1089611004723574,94,94,45,4
3.3982517271446349,92,93,48,6
5.5570954427037744,98,99,53,0
0.9270804825486683,98,99,48,1
4.1081015134523797,96,97,45,3
5.0783952532632890,96,97,47,7
4.3688205248853764,98,99,61,4
0.2667453309616256,96,97,42,4
3.1068995273317417,98,99,52,7
4.7100596579020619,98,98,53,4
0.0985914796493388,94,94,55,0
5.0118570008184582,100,101,59,3
4.6032908186529591,96,96,50,2
4.1763576896360251,94,95,53,6
1.7259387484229511,96,97,52,2
0.9210781957948814,96,96,40,2
0.7906269711798882,94,95,49,4
2.5938218807801756,96,96,46,6
4.7943867158670432,96,97,51,1
1.3119374884860355,94,95,48,1
5.8215730766407523,94,95,50,3
6.1787342696775660,94,95,50,5
1.6048414154471489,96,96,46,2
3.5966890362649302,94,95,48,3
3.9121484278743228,92,93,43,1
4.1545763151137409,98,98,49,4
4.6707413095397827,94,95,51,2
3.2932960058669480,96,96,45,1
0.5946611497169266,96,97,49,7
0.1285878031055626,96,96,52,6
6.1385947094195155,94,95,42,5
4.5004814705905245,94,95,46,5
3.9684545083733078,96,97,55,5
5.5584715614503963,96,97,54,4
5.4339243888353677,96,97,47,1
2.0098448945226517,96,97,45,3
1.1733965614157800,94,95,44,7
5.9053327149354518,90,90,52,5
0.3899267291720529,96,96,49,1
4.5548536698137871,98,99,45,2
3.1855394554999301,98,99,41,4
0.8546281223824159,94,95,49,4
1.6114810517377485,98,98,45,2
5.3599242639979732,96,97,47,7
0.0720858910990756,96,97,49,3
2.9611263134487729,98,98,48,1
2.5068376096995557,98,98,58,7
4.1662190919242734,98,99,49,4
6.2494874085155532,98,99,55,0
2.0723277080703033,96,96,48,2
4.3150879540149347,94,95,40,7
1.7701957473406167,96,97,53,1
1.0493769644916424,96,97,60,0
6.1894791810531364,96,96,44,6
3.6933526478804826,98,99,54,3
5.1727392920232367,96,96,53,5
1.4407153214898889,98,99,52,7
2.2244448521907372,96,97,57,5
5.7183692054370256,98,99,60,3
3.9749615445134010,92,92,57,7
3.7255786924586549,98,99,52,3
0.6772986662384106,96,96,48,4
0.1880571760147118,90,91,43,2
1.0743620471918991,98,98,48,5
1.3073645968631826,96,97,53,5
3.5118595151306056,96,97,54,0
3.1589403610109223,94,94,46,3
0.2013340681636040,94,95,48,7
2.3351550314706397,96,97,43,1
0.4810372441313336,98,99,41,2
1.8456652447582949,94,95,51,4
1.8316514495202278,98,99,47,6
5.3684141536011900,94,95,53,0
2.8246950726972622,96,97,43,3
2.7381369485388922,96,97,48,6
1.6480775175441467,96,97,54,2
5.6925146191749381,94,95,50,3
2.4682378113270671,94,95,53,2
3.3612760192821067,98,99,51,4
2.1009833120362655,98,99,58,3
0.2035447159628827,96,97,50,6
1.5787862209108339,96,97,52,2
1.9640329408117609,92,92,50,0
3.6874538539340973,98,99,58,7
0.2057205009996247,96,97,60,4
5.9921050899638129,94,95,46,1
4.3977092816504042,94,94,43,4
3.9774355895959417,96,97,55,3
3.5680574248566055,90,91,47,4
5.8870333033983915,98,99,51,6
4.4806884879056357,98,99,55,4
1.3510279511425543,96,97,43,5
2.9567746947031401,98,98,58,5
1.0187239438905109,98,99,53,6
1.2323390351949524,92,93,46,0
5.5282992009610741,98,99,57,2
0.7205521365489458,94,95,55,6
0.5969506077787633,96,96,45,1
2.2032782396233572,94,94,47,6
2.3718759541111036,96,97,46,2
3.3287904274146780,98,99,39,0
1.7400688160079287,96,97,54,2
5.9761180136052054,94,94,57,0
5.1174928217646762,96,96,52,0
5.1829623427907343,98,99,62,1
1.5581653309499555,94,94,49,4
0.2626381538826653,96,96,52,4
1.0331512946260033,94,95,44,7
2.7672665936570611,94,95,50,3
1.6212650906382697,98,98,48,5
5.7389702662263664,92,92,48,0
3.0332156867280697,94,95,53,4
5.6225500255589820,98,99,47,2
4.1781388774879211,94,95,59,2
1.4177853290164704,96,96,56,6
2.2613796664377834,96,96,46,6
3.5934730357409972,96,96,57,7
0.1875585392949716,96,97,40,2
5.1487691124564972,96,97,54,4
3.7891446468869066,96,97,45,7
1.2734602081575206,94,95,49,2
5.8219723514352788,96,96,41,3
4.8616345795577596,96,97,56,2
1.3322886068861524,96,97,58,6
5.7897928652417630,96,97,36,4
1.6737968652529356,96,96,50,0
2.7148994511781632,94,95,43,4
4.3026789069357836,94,94,60,3
0.9629343304222331,96,97,57,1
4.6066411203496784,96,96,47,3
3.2652447599199554,96,96,43,7
0.1195061338048224,96,96,43,1
2.8604986311582765,98,99,54,7
3.3358700767886154,96,97,54,6
4.0946595798223786,90,91,45,2
5.1624534906584518,98,98,51,4
0.6720421166129938,90,91,47,0
3.8119387945161027,98,98,53,4
3.2566135134559233,96,97,55,7
4.1697972559573966,96,96,54,4
2.2390759273956369,94,94,41,0
3.9434099223152663,96,97,47,1
2.6454193847222554,96,97,47,1
3.7678326695298177,98,98,45,0
3.5300752646816975,94,95,47,4
6.1945364559900220,98,99,55,4
0.7094707393464524,98,99,57,6
4.1561015070802227,94,95,48,1
1.8328942604905993,94,95,48,1
0.3371104019318281,96,97,55,7
0.2410373359870797,102,102,56,7
3.0845771773224744,94,95,53,6
3.2390637417870298,92,93,48,6
3.4135482351097401,96,97,50,0
3.9734993337226312,96,96,53,3
2.1296170329794553,96,97,48,4
5.2889327368057097,96,97,50,6
5.7954677010430240,96,96,57,1
3.5681469776546684,90,91,37,2
1.7649572396499702,94,95,47,6
3.6724664864302294,98,99,49,6
2.8250235710550351,98,99,52,5
4.6374405381960813,94,95,50,1
3.4318217309971168,96,97,43,3
0.0229534808546260,96,97,48,2
4.6462051517000154,92,92,58,0
2.9103162621240268,90,91,43,6
2.3103002250452396,96,97,45,5
3.2721538190156623,96,96,57,3
4.6579396681197682,94,95,50,7
3.5671357369278427,96,97,59,3
2.9271265765984391,94,94,50,1
6.2669480651188954,96,97,50,0
2.5398415753137775,98,99,48,7
5.9797459170646796,96,97,53,5
2.5618742059085551,96,96,51,1
4.3440889719541413,96,97,46,2
0.1908082124279910,98,99,46,1
2.9489950340565083,96,97,52,0
5.2686552011935683,96,96,51,1
2.8813968453629535,98,99,52,5
3.4645261828588834,88,89,50,2
1.6637083373861561,96,96,41,7
3.4877389104558709,96,97,48,6
2.2586740023414529,96,96,50,4
2.8917078883221059,102,103,54,7
3.8403070614513068,98,98,51,0
6.2414090160160498,96,97,51,1
1.7241172588221718,94,95,49,0
5.5491658355291280,96,97,48,6
1.1838936596286183,96,96,54,0
0.9764399420500232,92,92,49,1
3.0906737142346081,94,94,41,6
0.5910649007486747,98,99,60,3
2.7774232254550575,96,97,53,3
3.0445200486937956,98,99,51,4
1.4149855167080718,96,96,47,7
1.5366710339694258,94,95,47,4
0.6326452166572760,96,97,56,6
6.2382655012309378,98,98,52,3
0.2522137452855662,96,97,50,0
4.2418694060399558,96,97,46,0
1.4624522191775817,96,96,51,7
5.6414959120458832,96,97,49,5
2.3859807872130263,96,97,43,3
2.5275372366739339,96,96,46,6
0.4328779919721534,94,95,52,1
5.5521780005060748,96,97,56,6
0.3873886209462619,96,96,57,5
4.5631333779615169,98,98,43,4
5.4619908491653950,96,97,50,0
1.2283522306270467,94,95,53,2
5.7510399117078341,96,96,50,2
0.3878660165826502,94,95,45,6
5.1838966101978547,94,94,57,6
2.4198804838901546,98,99,56,1
3.2072195675771882,96,97,54,2
5.7755334587849045,94,95,57,4
5.1026135157608641,96,96,48,4
0.1001023843757230,96,97,51,5
3.2416753648914951,98,99,52,7
2.2201541942433360,96,97,50,0
5.6626836882320539,96,97,49,3
3.3963647518061828,96,96,44,6
3.6154200009528661,94,94,60,1
6.1663638434735830,96,96,46,0
1.6060080377104149,96,96,44,6
4.7313984418271406,96,97,43,7
4.8276050730820579,96,96,45,1
1.5517096692630810,98,98,45,0
3.4349297893982422,96,97,45,7
4.4251897513665313,96,97,53,5
2.0145098577161886,96,96,56,6
4.3840290690885197,94,95,50,3
5.8506719293349541,94,94,51,6
0.3280665766772009,94,95,47,6
2.4006854789098271,94,95,52,5
0.3440064403749767,94,94,49,2
0.5377615361597738,98,98,57,0
4.4152045992824069,96,97,47,5
2.6142046383545980,98,99,51,6
5.7440284698935198,98,98,53,6
5.5490720887647376,98,99,54,7
0.2861151167485630,92,93,45,7
5.0687817724610840,96,96,53,3
2.2923609220544887,94,95,51,4
3.0236331684514757,94,95,45,4
0.1058515222078099,94,94,47,4
4.7118945519742725,92,92,56,4
6.1145564625202020,94,95,51,4
2.8485590479258898,94,94,48,1
0.6214898660251912,94,94,47,6
5.3085548943054501,96,97,47,1
5.9495750866507091,98,99,48,1
0.0627563203818843,96,97,44,4
1.4483404631430512,96,97,55,5
3.4826785631383732,96,96,50,6
4.9578552688490474,96,97,56,0
5.2499764329442344,90,91,44,3
3.0520598886073160,98,99,50,1
1.6313702423276586,96,97,49,1
4.9078261980614002,96,96,57,3
0.6489898454708070,96,97,56,4
4.3265426464868630,96,97,61,7
4.0473064973852386,98,99,52,5
5.2133953446418460,88,88,41,7
1.9051875893821060,96,97,60,0
5.2881583667824410,96,96,44,4
3.3813504095980851,96,97,58,0
0.6983078914098371,94,94,47,4
1.8947266420812627,96,96,43,1
6.1990995082642684,96,97,50,2
5.5204682675193357,96,97,51,1
3.8329997570684720,96,97,49,5
3.8998716655317858,98,99,44,3
3.1545114292956167,98,98,50,3
3.6898982662777304,96,96,41,7
0.9475621116417846,98,99,47,0
6.0748567151126043,96,96,49,5
4.6173832218024673,98,99,37,0
0.4814613910498483,96,97,44,6
1.6165755279030540,96,97,54,6
2.2595387476824791,96,97,48,6
2.6140381786482525,96,96,46,2
6.2434189684395189,96,97,53,3
6.2027769525197431,96,97,55,3
0.8803476790551426,96,96,53,5
6.0054947500516684,96,97,54,2
3.3868927281227208,92,92,55,7
5.1060797641235061,98,98,57,6
5.2383898080399200,96,97,54,0
5.9844754226181012,98,98,60,5
5.0662352854460391,92,93,57,1
5.1573562296204534,96,97,50,0
6.0385819555650659,98,98,66,1
4.7013150435580195,98,99,59,6
1.6952703456505576,96,97,49,7
1.3552356469880449,94,95,50,1
3.7740119131499514,94,95,55,2
3.9382734916344639,90,90,48,7
1.2714998191060687,92,93,46,0
4.1939846838865016,96,97,51,1
2.3226382278798963,94,95,50,7
4.5639288938699929,94,95,48,5
2.8653886685340497,94,94,41,0
4.1965623754981110,98,99,52,1
2.0368954199417182,96,96,48,6
5.6577213694345962,98,99,50,3
3.8298690043482910,96,96,54,2
5.5185856803723894,92,93,48,4
3.2038788124776727,96,97,55,5
4.1533118735094536,96,97,60,4
5.3484351742822094,98,99,55,6
6.2510913220644344,98,99,51,4
5.7587751476541991,96,97,53,7
6.0874475112587927,96,96,43,3
4.4919619214476869,92,93,49,5
3.4689197528216833,96,97,45,7
3.9884903724865608,96,97,48,0
1.5687735639974423,94,95,61,6
4.3097050957252323,94,94,52,7
4.6373675398719572,94,94,45,4
5.6796903500979967,98,99,52,5
0.6936159441201326,96,97,57,1
3.9087495582020524,96,96,45,3
3.8679057304913398,98,98,48,7
3.0568715501254804,98,99,54,5
3.6501837802999240,96,97,44,4
3.3949576925651983,98,98,47,6
0.9486682862033492,94,94,46,1
2.7934156179469065,98,99,66,1
6.0481073107032568,96,96,51,3
1.0135840043888995,94,95,53,2
1.7453731624497191,96,97,57,1
0.7095673092750686,94,95,47,4
2.7415979589316160,94,94,46,5
0.2704029075198245,98,99,50,5
1.1739836245759256,96,97,47,1
0.7437391874236040,94,94,40,5
4.9066560116533218,96,97,53,3
3.4914378098741929,94,94,54,5
1.2676884492198679,96,97,46,4
2.0951492341415117,94,95,50,5
4.9585212746074472,96,96,55,5
5.7836166003765808,96,97,58,2
4.1974589034919774,94,94,55,6
4.5155960978626419,96,96,43,5
4.1236218696583249,96,97,48,0
1.7636670008070361,98,99,55,2
5.6011027834650902,96,97,55,7
1.2393723735894655,96,97,49,3
5.9043467688993339,96,96,52,6
6.0711458862114966,94,94,50,3
1.8314690791489330,94,95,48,5
4.0987754687538027,94,94,49,4
5.8455544418752066,94,95,41,0
0.1683998687888907,96,97,44,2
4.9222187516829923,92,92,51,5
2.3109062489250141,98,99,45,2
2.8028856814360625,92,93,50,0
3.4612617674066568,96,96,60,2
2.4517904934417056,96,96,50,6
6.0834035411797585,98,98,49,0
5.5053296415167381,94,94,43,4
0.9266924111711936,96,97,46,0
4.9525870071145732,98,99,53,2
0.7789536614910436,94,94,46,5
4.9055737123022354,96,97,53,5
2.5131916574367121,98,98,50,5
0.1089094700535995,90,90,46,7
0.0058211299856308,96,97,51,5
3.0830199569043941,94,94,44,5
5.2516521557502509,92,92,46,0
5.1681538692897986,98,99,54,1
5.1736265118762974,96,97,62,0
6.1692210706861603,96,97,39,3
0.0764293428790115,98,99,49,2
2.5242740598594051,94,95,48,1
1.6371498736415775,96,97,48,2
2.2733224053173355,98,99,60,5
2.1823876207024080,96,97,43,1
6.1868570987663078,94,95,47,6
3.3043348102368610,96,97,56,6
1.1291423764077486,96,97,60,0
2.8915506469904133,98,99,43,2
4.9878732793515876,98,99,54,7
3.4049528989540763,94,95,49,0
5.9849760040796429,96,97,53,1
1.4973926418150307,92,93,50,6
3.0350746575097087,92,93,50,2
5.5452270950239022,96,97,57,5
5.4654101037980531,98,98,56,3
0.9611449608059451,96,97,44,4
2.0557899467886558,98,98,47,6
5.8339272765105417,94,94,48,3
3.6531261878797365,96,97,50,0
3.8872395396382298,98,99,56,5
6.1120351697536135,98,99,44,1
0.1514479504935096,98,99,52,1
6.1556655512060203,94,95,48,7
2.8314342522051694,92,92,45,3
5.5719237286764534,98,98,47,4
5.3457353490796384,96,97,44,4
0.4246503390021206,90,91,48,3
1.2799255780032004,96,97,54,4
1.0367365198646297,94,95,52,7
3.7663816763765894,96,97,48,4
5.0221442383314630,96,96,53,1
3.4615909537451794,98,98,57,0
3.5313594383551021,96,97,40,0
5.5969857207682239,94,95,45,0
2.0702946594498761,96,97,46,2
4.4178593008132863,96,97,50,4
4.2309971135659046,98,98,44,3
6.2528769576449106,96,97,44,2
1.3213383003740398,98,98,43,2
3.5682218799585876,98,98,53,2
0.9161776634755190,96,97,43,1
5.9730883192678528,86,87,42,7
5.0859051165912970,98,99,59,4
5.2542745420695969,96,97,54,4
3.4875785841383262,96,97,51,7
1.3488562642285804,96,97,42,4
0.6889341764319425,94,95,47,6
0.6075326460112078,96,96,40,2
5.3939275254699259,98,98,48,3
5.3300582490670729,96,97,49,3
2.2179377151397119,96,97,46,4
2.1108320877809144,96,97,51,5
0.0864676673289127,98,99,40,3
1.3992970119997010,96,97,61,5
4.2003402725397301,94,95,44,3
0.8622900832263359,96,96,42,0
5.5219432648929088,96,97,60,4
1.4463712258633346,96,97,50,2
3.4148212725411162,98,98,51,6
5.3050884564875247,96,97,54,6
3.4190464699474576,94,95,48,7
4.6887156583153011,96,97,48,0
1.9712794618793263,96,97,51,3
3.4448200108931748,92,92,47,7
5.1824015167218063,98,99,50,1
5.4153590474463824,98,98,56,7
2.6724688437179238,98,99,61,2
2.2190192489894307,92,93,51,1
6.0146956279518333,94,95,51,2
2.0188573815913959,90,91,44,3
3.5501792268631860,98,99,50,5
3.0220174082921791,94,94,57,6
3.8394013632560604,94,95,49,2
4.2775879928247011,96,97,44,2
5.7167426147935094,98,98,49,2
5.2670819400608577,96,96,40,0
4.0388681554690500,98,99,53,2
3.4126946661728303,98,98,51,6
0.3682067725486958,98,99,51,2
5.1547437656241186,98,99,54,3
5.6345615719772368,96,96,48,4
5.7894569834912000,92,93,47,7
0.0213718547001337,96,97,44,0
0.7246040806765588,94,95,54,5
2.1530219224935112,94,95,56,3
5.9490860508985870,98,99,51,6
0.9577561849088083,96,96,47,1
1.0066353612339787,94,94,55,6
3.3080615212797322,94,95,45,6
5.2833290521081588,96,96,60,0
5.0772864852806165,96,96,51,5
2.8856114122313516,98,99,48,3
5.5896675547626620,96,97,55,1
5.5188946492338076,94,95,51,6
5.9715882928957100,96,97,39,7
5.9109847985516186,96,96,44,6
3.4338213747555204,98,98,43,0
1.6620190413611593,96,97,49,1
5.6067976197777316,98,99,47,6
2.2543152090089720,100,101,57,7
3.6638039354333696,96,97,41,1
1.3543441847779163,96,97,55,1
3.1456708448540667,94,95,44,1
5.1081970851981202,98,99,49,2
1.0357668675338372,100,101,52,0
1.0853719851064298,96,97,49,7
2.9635005300311659,92,93,47,1
5.0713847568683663,96,97,52,4
0.5701998528725671,98,99,40,5
3.3150406221611122,98,98,50,3
5.9066718163701921,100,101,54,6
5.2764898354504597,98,99,51,6
1.9103771478076841,92,93,55,1
3.3977936559668396,98,99,47,2
1.4708100429582636,96,97,44,0
4.5845302060335182,94,95,54,5
1.5734434841361082,96,96,45,3
0.0575717397158087,92,93,41,1
3.5195184571416154,96,97,50,4
4.0766151193018363,96,97,45,5
5.9724174764623799,96,97,48,6
5.8417105537278431,96,96,64,4
5.3773844141806979,98,99,46,1
5.6609526550014762,92,93,61,3
1.9903646648627333,96,97,52,2
2.6784798567060655,96,97,52,2
0.6313671978365023,96,97,43,5
6.0585235238803685,96,97,43,3
3.0424764388985759,96,96,51,1
4.7445788272202378,98,99,44,7
1.4952451094234989,98,98,53,4
5.1075775092486895,96,97,52,0
3.9120970215240534,98,98,54,1
4.1537967114430749,94,94,51,0
4.0115322331584213,94,95,53,0
3.3884679590473219,98,98,47,0
0.9249014473570968,98,99,50,1
5.9727766661728907,94,94,47,0
2.0491851591337826,94,95,53,0
6.2734786268035547,94,94,47,4
0.3887255507421398,96,96,45,1
5.5653010951835062,92,93,45,1
3.5646373748619000,96,97,55,1
2.0526465260094207,96,97,48,2
2.4044449126785330,98,98,50,5
5.3130997238889686,94,95,54,3
1.0303676101849302,94,94,61,4
1.9406669414587998,96,97,43,7
5.4980346880080839,96,97,53,1
0.3730019414481264,96,97,46,6
6.0077410755611096,96,96,45,7
2.0186859415379095,94,94,48,7
4.6743562539192052,98,99,51,6
2.5206611083448780,96,96,52,6
5.7938511700958006,94,94,53,2
2.9040014166054009,96,97,52,2
1.4050556163254462,94,95,45,2
4.5481548062755994,96,97,43,1
2.2355550161841431,98,99,46,5
1.4425515994892810,96,97,54,4
4.0407423389929553,96,96,47,7
4.1507384515089489,94,94,58,5
0.5979911707155776,96,97,57,1
0.8008288390325203,96,97,53,7
5.4536930557959362,98,98,46,7
3.5536103034161406,96,97,60,2
3.7640851961803730,98,98,51,4
3.3218882393370404,98,98,56,7
3.4539866057667110,98,99,59,2
6.1079413829358558,96,97,48,2
1.7559103805302774,98,98,55,4
1.1324188299921030,98,98,49,4
0.2837681812512490,94,94,55,4
0.8560572881338561,96,97,58,2
0.7212123172401025,100,101,55,7
6.0371557549824502,94,94,59,6
5.1113329117929922,94,95,45,2
0.4514140619406267,96,97,52,0
5.7598634762860179,94,94,50,3
4.2275839597099196,96,96,53,7
0.4147107745885502,98,99,51,6
1.7096004084939516,98,99,49,2
5.5664820427154016,96,97,44,4
0.4924161614372475,98,98,46,1
3.7265208843959181,94,95,50,3
1.1352534660851159,96,97,53,7
0.6151883357462548,92,93,54,6
5.8838268158570797,94,95,47,2
0.1092647436684962,96,97,42,0
5.8766408840873758,94,95,50,1
4.7841671451657009,94,95,42,5
1.4762561399046046,98,99,59,4
4.6519462271860856,98,99,57,2
5.9806229036860437,94,95,53,0
4.7790010397378992,92,92,48,2
3.8074940531335759,98,99,48,5
3.0257104203593239,94,94,48,5
0.4171625583446051,94,95,46,7
2.6806947524082076,96,96,53,3
3.5542413132217985,94,95,53,6
4.5992994039631059,96,97,49,7
2.1377289063341975,92,93,55,1
0.4293543601401210,96,97,58,4
3.5437421417066539,92,93,54,2
5.2330879875059724,96,97,51,3
0.6021670226747512,98,98,51,6
0.1004215687024153,100,101,59,5
4.9243264703182312,94,95,54,5
5.4926643292042501,96,96,56,2
5.4205453267464181,98,99,46,5
0.5310946813743888,96,97,51,7
1.9381694438749599,96,97,54,2
5.5686794557248955,90,91,48,1
5.8535742792701617,96,97,47,3
0.5979272251631599,96,97,52,4
5.8589623618920870,98,99,56,1
5.7237040814411717,100,101,57,3
3.5632687760600565,96,97,51,7
3.5490359555584710,96,96,61,1
3.0537470207797219,94,94,48,1
1.6360480921176979,98,99,52,1
0.3879027611356797,90,90,57,6
2.4748740816307193,98,99,46,1
2.3071170942413373,94,95,49,2
4.4509682392237204,96,97,42,2
5.8237557935744064,96,97,50,4
5.1837455391410856,96,96,48,6
2.0000676560133437,98,98,45,2
1.1079319151109293,96,97,44,4
3.7430585434470194,98,99,52,3
0.3230132100845439,96,96,47,7
6.0574437213093386,94,95,52,1
2.6236815415319095,94,95,53,0
0.8014253025829660,98,98,59,6
4.2014889537635591,98,99,51,0
4.9161776711578149,96,97,47,7
2.7128894076343797,90,91,54,7
3.9475955213872975,96,96,49,7
0.5219016419558777,94,95,53,6
1.0234864485791897,98,99,49,0
2.3977527137601786,96,97,53,5
1.5296395443998521,94,94,43,2
2.3913179036676526,94,94,51,6
5.1505459740954800,96,96,51,7
6.2500457782393513,98,98,49,0
4.7354486395437272,92,93,55,5
5.1061600996806433,96,96,41,7
2.6396916717877246,98,99,49,0
1.6970013515519908,98,99,50,5
5.3133373302174816,98,98,48,7
3.0345666971078051,96,96,51,5
3.6119805477630615,96,97,46,2
3.8874132649929845,94,95,49,4
5.2045574373808288,96,96,47,1
1.5790767989285746,94,94,52,5
0.0485899533838428,90,91,46,7
5.6554683983692904,94,94,37,2
2.2140785422295632,94,95,57,2
3.6235130268744280,96,96,37,3
3.8873461354609042,96,97,57,5
0.0373358590414156,92,93,44,2
2.4683393515012892,92,93,44,0
2.2066269322639811,94,95,45,6
5.7831371465253758,96,96,52,2
4.4499401963746044,96,97,51,3
2.2733222300054194,94,95,55,6
2.2131422613035361,94,95,43,2
0.2718603997752334,96,96,46,4
5.3714102453616634,96,97,47,7
0.0468554351337777,96,97,55,1
6.1660677373667019,92,93,45,3
5.7690201028899963,94,95,51,2
1.7498868038868149,96,96,46,4
5.3462019286978881,96,97,48,2
6.2341298183030336,98,99,47,0
5.8344705322135546,96,97,55,3
5.7591103591726185,96,97,50,4
3.8536267355257379,92,93,53,1
3.9147541038797629,92,93,40,2
4.0716214701656108,98,98,48,5
3.7093969819066297,98,98,53,6
0.1905529991546022,94,95,56,1
3.1748807122183917,96,97,52,0
4.5341907395554557,98,99,63,2
4.1110924751719127,98,99,53,4
5.0701103298003476,96,96,58,0
2.0928116162493655,98,99,56,5
2.7112349128842497,92,93,39,5
6.0534776200506117,94,94,48,7
1.0567921017187152,96,97,56,6
2.7474887994705766,96,97,53,3
1.8456697773343835,98,99,47,4
1.2086821439863398,96,97,44,6
0.6675793165217894,98,99,53,0
3.6834232963906146,96,97,50,2
3.3810352133404424,96,97,48,4
3.4405949044838660,94,94,42,3
2.6826787517922939,98,98,51,4
0.3286441995202906,96,96,45,1
3.7377569441300826,96,96,52,2
2.3973404913886176,94,95,51,0
4.3500960467274394,94,94,49,2
2.2693334135733547,96,97,51,1
3.5664821850492814,98,98,54,5
4.5818317426719330,94,95,54,1
3.3944871912107781,98,98,47,4
5.3402314744993769,94,95,48,7
2.9827129369917165,98,98,53,2
1.9828328538923929,96,97,52,4
0.7730302861915813,96,97,57,1
3.8832283837889658,96,97,46,6
2.6621170663039653,94,95,48,5
4.4145096908271180,96,97,48,2
3.2618184867115718,92,92,47,5
5.0334544443451366,98,99,54,5
3.8146367904793093,94,94,50,7
4.8703706791303008,98,99,51,6
5.3748564487328743,96,96,50,0
4.7502053032293992,98,99,56,7
0.6228402804842843,98,98,53,2
4.8772886292391968,94,95,54,3
5.5735091423759302,96,97,48,2
5.8338388997291899,94,95,42,5
2.9849980570941641,98,99,51,2
4.3742036863514624,94,95,55,4
3.0988006977523859,98,98,49,0
5.5906443922466726,92,93,44,0
2.8771557612172431,98,99,53,0
0.9137255671822220,96,96,46,6
2.2685321779399579,94,95,47,2
5.9377004030125500,96,97,41,1
2.7256490464323959,96,96,53,1
3.5785105884728039,96,96,47,7
4.7243903229995867,94,95,55,4
3.8872979400707899,92,92,50,2
1.0089489479612688,96,96,45,5
3.6172174169440701,94,94,44,1
4.4134822652194243,94,94,49,2
2.0061691783143236,94,95,44,1
2.6237529214065929,94,95,46,1
2.5999739820329659,96,97,46,4
0.2468043755134086,96,97,49,1
2.0607843422732359,96,96,51,1
4.9038576449395315,98,99,52,1
0.7696226474762604,96,97,47,3
1.5636845780857265,96,97,46,4
0.7202136700514230,96,97,57,3
1.9886542228572375,96,97,48,6
0.8399669218012483,96,96,53,7
5.4567950028530099,96,97,47,7
0.8195800938309343,96,96,49,3
0.5302616584990743,92,93,55,5
2.3534432714991969,98,99,51,4
4.1547403849122482,98,99,55,4
0.1413127991409415,98,98,46,3
0.5585304345154075,96,97,57,7
4.4180673420067240,96,97,47,1
0.1394016540021104,96,97,57,7
5.1348866460238263,94,94,46,5
0.9400858325594978,98,99,53,6
4.5617905887654748,98,98,60,7
1.8858390498477049,96,96,47,7
0.2621656688924756,98,98,51,6
3.4327631277081210,96,96,46,2
6.2218736709181739,98,98,56,3
2.6794482656615970,98,99,41,2
1.8366018199682652,94,95,52,7
1.6244098264392264,98,99,52,1
3.9847278161340141,94,95,51,2
0.0362357832253991,96,96,54,2
1.7256656933464842,96,96,43,1
5.1344057488179704,96,96,54,4
4.1116973979827902,96,97,48,4
2.0808972088549758,96,97,53,1
4.5766167128959943,98,99,48,5
3.7651583644714548,94,95,50,3
0.5918901884120676,92,93,41,5
3.0727510150124813,94,94,50,7
3.9941721702406108,94,95,42,1
4.9595412759307491,96,97,48,2
5.2989677762796417,92,93,47,7
3.7827307068233034,98,99,55,0
3.3671862711525251,96,97,54,0
6.1934188570108555,96,97,49,5
3.0529798169399394,94,95,48,5
6.0217520801180155,96,97,52,4
1.2842755248050222,98,98,49,0
1.3519173585045594,96,97,53,3
3.3916477970266339,94,95,46,7
5.8764907562070521,98,99,52,3
0.5366317517368886,92,93,56,2
1.6792308180416602,96,96,46,0
2.4698922267048382,98,99,52,1
0.2801573443802624,96,96,45,7
3.3161112219413287,96,97,46,0
5.6411720568806798,90,91,53,0
3.2416823987277423,96,96,49,5
2.4589498003750285,96,97,52,4
4.3191856380478333,96,96,47,3
0.8768073036734009,94,94,41,2
2.6235052342839702,96,97,48,0
0.7548737155441674,98,99,55,2
1.9147887391448619,94,94,46,5
0.7012826477986762,98,99,43,4
3.9564074594140477,98,99,53,4
3.6412867949947767,94,94,54,5
3.0070657657103803,96,97,52,6
4.5558370873193441,96,96,54,4
3.0284729388533034,96,96,49,1
2.0848068207428128,98,99,44,5
5.1777264427345342,96,97,45,1
4.5681202022605030,98,99,55,0
1.4464641207934279,96,96,53,7
2.3749075538503766,98,99,47,2
5.6120960778164370,94,95,38,1
4.7341152784204388,94,94,52,1
1.7008966659374092,94,95,47,2
0.4978789488785810,96,97,52,0
2.4014697079214269,92,93,38,0
0.7380900651112954,94,95,48,5
2.8202178336360304,98,99,44,3
4.2856626883629803,100,101,48,0
0.4331089479213961,96,96,45,5
3.7325886699730937,94,95,49,6
1.1931888154464976,94,94,49,0
0.6914499880327794,102,102,55,2
5.9505043658839609,96,97,47,3
4.3952461132866700,98,98,43,0
4.7140121995040394,94,95,48,7
1.7352459461871046,96,97,41,1
0.1880308165464363,96,96,50,6
2.8982652507277331,96,97,42,4
3.6198765302784008,96,97,51,1
0.8632871615014051,96,97,52,4
0.1206910106582073,98,99,44,1
5.8016294476894616,98,99,48,7
4.2765805621694657,98,99,57,0
4.0724227905649313,96,96,52,0
2.5867396360791561,96,96,48,0
1.6912415215023908,92,93,39,1
3.5175142226169336,98,98,47,0
3.9577760878414319,98,99,60,7
2.1591639521893407,100,101,58,6
2.8422512135763638,98,99,50,5
4.5869858799760115,96,97,52,0
4.2547799090991472,96,97,48,2
3.1290403807762899,92,93,44,0
4.5174668172061629,98,99,47,4
4.5287745153727608,96,97,51,5
4.1440551404915578,92,92,46,2
6.2298954522162902,98,99,56,7
4.1205431858164339,92,92,47,7
3.7333315714417847,94,95,49,4
4.6857997856840417,94,94,43,6
4.5524871654607288,92,92,45,5
1.1579024675405081,98,99,53,0
0.1376957912150520,98,99,51,2
0.5267755049870957,96,97,50,0
0.6488698562012858,96,97,53,3
4.1276995281582955,94,95,46,7
1.0789748418984060,96,97,60,2
0.0131173451237348,94,94,49,0
3.6882874089266076,98,99,43,6
1.4209341966917175,94,94,53,2
4.0261221197109016,98,99,57,4
6.1645121965625220,92,93,49,3
5.2179326324909150,96,97,46,2
4.7684427664386453,94,95,47,2
3.5408526083793528,100,101,51,5
1.1314869105323084,98,98,41,6
3.2581171150491546,94,94,50,1
4.9305357422887912,90,90,42,7
4.0616996397248908,96,96,49,7
1.4570289479427256,96,97,45,1
6.0099288742046273,94,95,48,5
4.0710310115334138,96,97,42,2
0.7113123094168227,96,96,43,3
3.9137936033799043,96,97,48,0
3.3871086334656733,96,96,45,5
1.6087955819792499,94,94,45,0
5.8014660127982260,96,97,43,3
5.1293485164724393,96,97,44,4
3.6708790978459747,98,98,47,4
1.4957721027615958,98,99,48,3
1.9116877263657746,96,96,60,4
5.1120542401644311,100,100,56,0
2.5870678299241394,96,96,54,0
4.1024075601308896,94,95,55,4
1.5102296334230942,98,98,48,5
0.9721299142336256,98,98,58,7
5.2850435290589433,96,97,50,4
0.4526240658768378,96,96,52,6
2.9559490980735825,98,99,50,5
4.2179863627014562,96,97,45,7
1.9016661479458163,92,93,44,2
2.5944704719172758,98,99,42,7
4.6178960347770293,96,96,47,5
1.3436188920056680,96,97,50,0
1.5847301549982915,94,95,49,4
5.1654158574362778,94,95,50,3
5.0556103672597548,96,97,51,3
4.0579123622298603,92,93,52,6
1.7372326108633602,92,93,41,1
3.8517852718742605,94,95,49,6
5.1125380409503629,96,97,56,0
5.6313583302770995,94,94,52,5
4.9231071544276386,98,99,56,3
2.8596659292705771,98,99,52,1
4.7990840453968495,98,99,42,3
5.5329163120638345,98,98,50,1
0.7066854653186757,100,100,57,3
6.1209107245812655,90,91,49,4
1.1937201515311207,98,98,52,3
3.3436500461547749,96,96,52,0
1.8881467955977034,100,100,53,1
0.5318154194476540,98,99,51,6
3.0224835990361654,94,94,41,0
4.3934398301096058,96,96,48,6
4.5323434476891125,96,97,51,5
3.5233274868023208,96,97,47,3
4.0064271167121648,96,96,45,3
3.8067548006237990,96,97,47,1
1.5964081886200892,92,93,42,4
1.4049430215039118,92,93,46,2
0.8581885903832973,98,99,54,1
1.7140205398393829,96,97,49,3
4.0149630762507504,96,96,46,4
4.2632358361737950,98,99,55,2
1.0277716798290055,96,97,53,3
2.4596578570857401,96,97,46,6
2.5467811678360524,98,98,48,3
2.5688210160104958,98,98,56,5
1.6207690619827608,96,96,47,7
5.8694005823146718,96,97,58,2
4.3928019690554958,96,96,44,0
5.5982588786999212,96,97,47,1
1.3727112883705681,94,95,47,6
2.9805150390040929,92,92,55,3
0.0571318761260384,98,99,54,1
3.5147690801569449,98,98,45,6
1.4933638492564436,90,91,37,6
0.4841648309482062,98,98,50,1
0.0318991481866798,92,93,51,7
5.6989389088379596,98,98,48,1
1.4592085043257217,94,95,52,7
5.7436700467928548,92,92,46,0
3.5513687963242466,94,94,48,7
4.1592745323898797,96,97,55,1
5.1085276644035931,98,98,41,4
1.8186895188173233,96,97,53,5
1.2463033737830100,96,97,43,5
2.1119443072488879,94,94,50,1
4.1565239847734032,94,95,46,1
1.3176877244594365,98,99,51,6
5.5919763452541309,96,97,51,5
3.0341877537954143,96,96,59,7
4.7025285053228467,94,94,57,6
3.5716362217847850,96,96,44,6
2.6358021059864511,96,96,48,4
6.2191251253230675,94,94,43,6
3.3613197436679090,96,97,48,4
0.5986180221105084,96,97,47,7
3.6644089547150034,96,97,50,4
2.7076525690613775,96,96,56,4
0.0115907736630077,92,93,41,7
0.7376700062445460,96,97,43,7
5.1004155339763635,94,95,47,4
2.2889138622681098,96,97,48,6
3.3061259654150730,94,95,52,1
2.0494465710596859,90,91,56,3
1.9178045467564548,94,95,47,0
0.2134082087052034,92,93,50,4
2.0865732651558773,96,97,51,5
1.5415698608364470,88,89,49,5
4.7820215140757778,96,97,57,3
2.9157559849596577,98,99,60,3
3.8819370672119802,98,99,50,1
4.6453964819074987,98,99,50,5
4.7111712754689892,96,97,55,7
1.1382169559567792,94,95,48,1
3.3652039704439125,96,97,48,6
3.2073169542874611,96,97,47,1
2.6940588502870448,96,97,54,4
5.1652840315866362,96,96,60,4
3.9010958139088046,96,96,58,2
1.5556042656266489,94,95,53,2
1.8880828008967150,92,93,47,1
1.6341026226563036,98,98,47,0
1.1944788805479578,96,97,54,2
6.2645726056910762,98,99,53,6
2.0638228568497512,96,97,51,7
4.2017413085415534,98,99,48,3
0.5639211766858737,96,97,49,3
1.3645195251085380,92,93,50,2
3.5876853455432700,94,94,50,7
3.4125809808304646,96,97,44,6
3.6620604238801531,96,97,47,5
5.7376267869973052,96,97,53,7
4.0739887833838191,94,95,54,7
3.4207848694639287,98,99,42,5
3.6427771930203736,98,99,52,7
3.8593561319180214,96,97,42,4
4.8417448069078555,98,98,45,6
2.6425620334091113,98,99,55,6
3.0763636288229388,96,96,44,6
5.8331696540581293,96,97,50,2
0.2678985426370115,96,97,46,6
4.7119405271191273,98,98,50,7
4.9809941695830151,96,97,59,3
4.0519623280297923,98,99,55,4
1.5718799818790357,94,94,50,3
1.7953835871732313,96,96,54,4
1.9873903931761276,98,98,59,0
4.0314460095039317,92,92,51,3
0.1678419020007042,94,95,43,4
4.2867958383675706,96,97,52,6
5.1452133100852508,96,97,50,6
3.5088128252396906,96,97,55,1
4.3316455440199428,96,97,52,2
2.2211431904566719,96,97,54,4
3.0230302514174481,98,99,51,0
5.2906015140029679,96,97,55,7
3.8651773935382985,94,94,39,4
5.2165612205536576,94,95,48,7
1.6066980907572201,98,98,56,3
4.9312936006122303,98,99,48,7
5.3201026828588285,98,99,47,6
0.9191265873243414,92,92,38,2
3.6030810237766531,96,97,47,5
0.6882542026506309,96,96,57,1
5.2142177990147989,94,95,47,6
5.4179452551559288,92,92,47,7
0.7129826180009714,98,98,44,3
6.2797460021091362,98,99,51,4
3.0182463662365064,98,99,51,2
3.6308278245590606,98,99,56,1
2.6510480090756752,96,97,49,3
1.9937161620185653,94,95,49,2
2.1726711216902101,96,96,49,3
4.2750478879552967,94,95,56,3
5.0351440925701976,96,97,47,5
4.9551520110466729,96,97,46,2
1.0425191195105719,96,97,47,5
1.5785419527322990,100,101,62,0
2.8048804754651826,96,96,59,3
0.5009546683470623,98,99,51,6
3.0862188063126004,96,96,45,3
3.6343985795125273,96,96,62,6
6.0166303663258720,88,89,47,5
6.0707467076085893,96,97,58,2
1.0474896168572363,94,95,43,6
0.3412932565961467,92,93,55,5
2.4603010459150370,96,97,45,7
1.6151680921697844,94,94,52,3
4.2888542109340602,94,94,50,1
4.8059833261527309,96,96,50,6
4.4073552715084139,98,99,49,4
2.0511977881298336,92,92,47,1
3.0615381845026328,96,97,42,6
4.1057445929113205,94,95,48,5
4.3918557443027009,98,99,56,5
3.9017922135790792,96,97,53,3
0.0710285842302802,96,97,55,5
3.3751918894007606,96,96,46,0
4.4681103177960182,98,98,47,0
0.0467593802542577,96,97,53,5
3.6819549716540418,96,97,44,2
0.3549110131741165,96,97,60,6
2.6696490931806163,92,93,47,1
0.5489238706589723,98,98,47,0
0.6277765440800592,96,97,49,1
2.2514765020902132,98,99,53,0
2.1584554318583682,92,93,49,3
5.3609925790075046,96,96,48,0
3.0070350020935024,96,97,49,1
0.4915842546335000,96,96,51,1
5.1013643915539895,96,97,48,2
0.0407064610088664,96,97,49,3
1.4871458621592932,94,94,47,6
5.0543013456312700,92,93,61,1
5.5654671314676145,94,94,46,1
0.1406241883540861,98,99,56,7
0.5271423105314870,94,94,46,5
3.0109088357252101,94,95,51,0
1.8959567551314642,94,95,52,3
0.3599158580980424,100,101,50,2
3.8477872511901698,96,97,51,5
2.6812107082096377,96,96,54,2
4.4047327015805502,92,93,52,4
4.0300029651872560,96,96,55,3
5.6060111947847817,98,99,56,5
1.5278805806053697,96,97,43,3
2.5125677230467649,96,97,47,7
1.6064770563931081,94,95,53,2
5.8567267932462066,94,95,50,7
4.6980216933111931,94,94,43,6
2.8271926728459662,100,100,42,4
3.9655518455170959,96,96,56,6
1.2569355977471390,92,93,49,1
4.2579710970931943,96,97,53,3
2.1307484394634879,96,96,41,1
5.9333289060372758,98,99,53,6
1.6901774520403723,90,91,56,7
5.6218661160593184,98,99,56,7
1.1080825852006841,92,93,46,6
2.0800620355488588,96,97,53,5
3.8718969989839755,94,94,56,5
4.5645317972488506,96,97,55,7
4.0380394669837605,94,95,50,1
0.5748440728767350,94,94,42,7
3.1336233966545697,96,97,43,3
1.0929793631640199,96,97,46,0
4.8267860782999579,98,99,48,5
4.7655635725585919,98,99,47,0
2.1202599433838429,94,95,55,2
4.3894375255802034,96,97,44,6
2.4135636985057456,96,97,52,0
3.3504478977313945,92,93,54,2
6.0516299142286494,92,92,49,3
3.3562510318598302,96,97,49,1
3.3899083626290363,94,94,49,2
3.5806614176663762,94,95,53,2
3.4210098954064341,96,97,55,3
2.7913689739919554,98,99,52,1
0.8571712585583785,98,98,52,1
5.7049054279490150,94,94,49,4
0.7259715737966638,96,97,48,2
2.1678004236072845,94,95,64,1
3.7766008665571276,96,97,47,1
2.3076456945385724,94,94,54,1
1.0710130635259223,98,99,53,4
4.3513968873073612,96,97,41,7
1.9734601100464630,100,100,56,6
1.4173633222573530,98,99,61,4
1.9337253573363291,96,96,48,2
2.1802274456802135,96,97,49,5
5.7064400941133746,98,98,52,5
6.0091368238880154,98,99,58,5
3.5332703682556890,92,93,42,6
2.0236870548994261,98,99,49,6
1.0985245013590350,94,94,51,0
3.0145600264952619,98,99,50,3
2.6836379632602698,96,97,60,0
2.2702743758754078,98,99,56,5
5.5079589009173127,98,99,56,3
1.4996847052054332,96,97,42,4
5.7406595665922806,96,97,50,6
3.2300994226467528,98,98,45,0
1.2479175106461333,96,97,52,4
5.2934860595698137,96,97,51,3
4.5938046657093734,96,97,50,2
0.0205399742200734,98,98,52,1
4.2635869882908501,96,97,46,6
6.0661042297253598,96,97,52,4
3.2352714143752435,98,98,39,4
5.3801703004762826,96,96,51,7
0.4150685113130981,96,97,49,3
5.4261422332750673,94,94,60,3
4.0220271578455602,96,96,56,2
2.6873266983618462,96,97,46,4
2.8457550884653755,98,99,58,3
2.9656852590921701,94,94,49,6
4.5883550526985566,100,101,48,0
2.3039482674752008,98,98,47,6
4.3202386683300382,98,98,47,4
2.3126824957189980,94,95,39,6
4.9388336631791088,96,96,53,5
0.0319054340819165,94,94,51,4
1.1390844469072421,96,97,54,0
1.5745007536135123,94,94,53,4
1.7665878814869813,96,97,53,1
1.0424858431539361,94,95,46,1
3.5737726320692040,96,96,57,7
5.0876591214736537,96,96,55,3
5.9127336142431535,94,95,52,3
2.7664305307401307,84,85,43,5
1.7996228260044749,96,96,48,2
0.6920632865036530,92,93,38,0
1.6182037881638631,96,97,48,0
3.7629039933068196,98,98,51,6
5.8648807810368151,96,97,46,4
3.6294210021687352,96,96,42,6
4.5051808922381449,96,97,49,7
0.1838804987886626,96,96,46,2
4.2531593024081520,94,95,56,1
1.6181919340299487,94,94,50,3
0.8420903609470151,94,95,40,5
3.1530003987736155,98,99,51,4
2.0482872346122782,94,95,56,1
3.5655294617468765,96,97,43,7
5.6737722916906916,92,92,49,7
3.5162278928999822,96,96,50,4
3.8404270838990833,96,96,39,1
3.3747025750046449,96,97,46,4
6.0623295905495178,98,99,52,1
1.1573368668196808,100,101,46,0
4.5895750205106074,96,97,41,7
2.9635341359836413,98,99,48,3
3.6142060851162392,94,95,51,6
5.0636766506463333,94,94,39,0
3.6028415172677302,96,97,49,5
5.9464300098390348,96,97,50,4
1.7579584372954453,96,97,42,0
0.2787296934442362,88,89,54,2
4.9403696455744788,98,99,49,4
5.1391009248176331,96,97,62,0
5.5789968826599550,96,97,52,0
4.7808808766745639,96,97,51,1
6.0586361119937875,96,97,50,6
5.6404357699494181,94,94,48,7
4.4759489602036977,92,93,45,7
5.3718579479230408,86,87,38,3
2.0488636330077625,96,97,52,6
2.3545192441905538,96,97,43,5
1.2197778133904489,98,99,53,2
6.0487634124887713,98,98,49,4
4.6680186560422250,98,99,50,3
3.4377371912561117,94,95,52,3
4.5575708433460322,94,95,49,4
5.6736574996096181,98,99,47,6
1.4046307347623910,96,96,50,2
2.7374173408164193,96,97,41,1
1.2265698597655410,98,99,47,4
3.0126214756894774,96,97,47,1
3.3398967711832106,96,97,53,1
0.6276890517851720,98,99,50,3
2.0112317325762019,96,96,51,1
6.1982698420864306,92,93,51,3
3.7050737260184303,96,97,41,5
0.4159317755994937,94,94,41,2
4.3214599079981468,94,95,51,2
6.2516332376377868,98,98,50,5
2.1528448446436648,96,96,49,7
4.6856329946313693,96,96,53,5
1.5634878170598268,90,91,52,5
3.0824548094141635,94,95,39,6
5.3008933467946671,96,97,49,1
2.6980684441855658,96,96,46,0
5.7112743769975607,96,96,46,0
3.9793938914496696,96,97,48,4
6.1157891065926755,98,98,45,0
2.0858866010287915,98,98,44,7
1.6198894167663378,92,92,46,0
3.3031474373358152,96,97,53,1
1.5175735128863743,98,99,54,3
1.0928168707038308,96,96,53,1
3.8560267378431461,96,97,53,1
6.0018147283527270,96,96,44,4
0.3753315155643367,96,97,47,5
1.3751713827248679,96,97,48,0
4.7317833630340358,92,93,47,7
5.5373607798113378,96,97,57,7
1.6813836771606256,98,99,56,1
5.2006455208648825,96,97,57,5
1.9904512663178264,96,96,44,2
2.3082499307303097,96,97,42,2
3.6623004329258881,94,94,42,1
4.4718037666399990,92,92,38,2
0.4002906623042048,98,99,56,5
1.4083478235866826,94,95,46,7
4.2475300618802496,98,99,53,2
4.0971982865555159,96,97,51,3
1.2556260179219012,96,97,57,3
4.7847376043876189,92,93,46,4
0.8219389691466528,96,96,42,6
2.8674529319427444,96,97,60,0
1.4799720764074633,90,90,41,2
4.8637941439912611,96,96,59,5
5.6932014973029794,96,97,47,1
1.8984920308540831,94,95,53,4
1.5535897370435092,94,95,54,5
4.9012012149450053,98,99,52,3
1.1916298108823205,92,93,55,5
1.9977452546378955,98,99,67,2
3.7950287605177051,94,94,48,1
1.2307148333429307,94,95,51,4
0.6899805177259575,96,96,45,1
2.7554674041769065,96,96,50,2
1.5943961846280228,98,99,50,5
1.8528053462719072,98,99,54,1
1.3199242343005393,96,97,48,4
1.1133690103279015,98,99,43,2
0.3816883225316766,98,99,51,2
2.0170949402831710,86,86,48,7
4.3513627336358454,92,93,43,1
4.8714671566346013,96,97,53,5
2.9377001752505914,94,95,48,3
0.7084040178436296,98,99,55,6
2.0859133801033756,98,98,43,6
2.0150498756676218,96,97,45,5
2.9774540245974639,96,96,47,1
5.9076939779621425,94,94,53,0
0.6242102857162818,100,100,50,6
5.0873682126629047,96,96,42,2
2.0729373197186960,96,96,47,5
1.1314135182632705,96,97,55,5
5.6216583680729357,94,94,54,5
0.7831663307108240,96,97,52,2
1.4198512961309044,98,99,48,7
2.4746626585230831,98,98,48,7
2.5128939383904876,98,99,49,0
5.0205735532242599,98,99,55,6
6.0003188711652795,94,95,48,5
5.5705549118418531,94,95,52,3
5.5431278326407014,92,93,49,7
5.2288353868809665,96,97,48,6
1.6755682473670359,92,93,43,7
4.5414112312174844,96,97,50,2
0.7374974295687692,94,94,58,5
5.0367925511304135,96,97,50,2
1.3636468077334720,88,89,42,6
2.6500925395702679,92,93,41,1
4.2876457429374106,100,100,52,2
5.8864331350156016,96,96,55,7
5.6449354156969740,96,97,53,5
0.7376890715447108,98,98,57,2
2.5018354303959485,96,97,61,5
2.1054544650658027,98,98,51,0
5.6429909124398954,96,97,56,0
5.9780181427655492,94,95,41,6
3.5677014131778013,98,99,53,4
5.0459857921514670,94,95,50,3
3.1154529641412974,94,94,44,7
1.0266088505220028,96,96,44,0
2.0886989458453900,96,97,45,7
0.7926847491089193,96,97,46,6
3.3420511033545406,96,97,48,4
5.6818874118680842,100,100,58,2
4.2903502614348268,96,96,51,5
3.6512944722054326,96,97,57,5
0.3811444289919301,98,99,51,4
3.7016867718872466,94,94,45,0
3.1590260242834356,92,93,51,5
2.9813545235501433,96,97,55,1
2.3650431889206480,94,94,43,4
5.1911184206631251,96,96,45,7
4.7355477520247176,92,93,45,1
0.7829363291227028,96,96,43,7
1.3852249655935998,96,97,41,5
0.1371538853382686,96,96,53,3
3.8213553942498675,96,96,44,4
2.6182776211453023,94,95,47,0
0.8188581576358477,98,98,40,1
4.2719948128918332,94,94,48,3
1.3351367190806243,94,95,44,3
5.5860855159688612,96,96,59,3
5.6006140044377872,96,97,56,0
2.9753254241707165,96,97,53,7
3.2530630665093745,94,95,51,6
0.4303843881988317,96,97,45,5
2.5465262784600173,96,97,53,1
1.0525604594925120,92,93,33,3
3.8909328202334219,96,97,57,3
2.3433048895652666,94,95,46,1
1.2930266179964414,100,101,52,4
5.4395330527171728,94,95,48,1
1.5167213345903645,94,95,52,5
5.7280089767180131,94,94,47,2
2.4203149384000149,94,95,49,6
0.8595001437444426,92,93,50,6
4.7061019396973762,94,94,49,0
1.1174910176310993,98,99,53,4
3.0643826685929962,96,97,42,0
0.9917255405704390,96,97,52,6
1.1116026401298731,94,95,56,7
3.2239728867425730,98,99,50,5
0.5011906637694001,96,97,38,6
0.6775160582464952,98,99,54,1
3.7827880857216063,92,92,44,0
1.9540668165540329,94,94,59,2
6.1376620190093085,98,98,45,0
4.3821247614688854,96,96,49,5
4.9395600347033035,96,97,50,2
2.0306563187795192,94,94,52,1
2.1181194550355462,98,99,62,7
2.6518444656163100,96,96,54,6
4.4491712891325035,92,93,43,5
4.6562677706483395,98,98,46,1
4.3474157965881739,96,97,54,2
2.4255694007003372,98,99,50,7
5.3635739388901715,90,90,43,0
4.7729116174390551,96,97,48,6
0.4768611079644846,96,97,44,4
0.2488543982394322,98,98,49,6
1.1621736683754489,98,99,54,1
2.4078338149655063,92,92,52,4
3.1174353358596103,98,99,45,2
3.4662844544205575,98,99,59,0
4.9448544429360917,96,97,54,4
2.6760757223357334,96,97,51,3
1.0542240952966480,92,92,54,6
1.9402939935741927,96,96,39,5
4.0648142885574785,94,95,37,2
3.0207512047307268,96,97,49,5
0.1755061366745707,96,97,57,7
5.9986272188617873,96,97,55,3
3.4212699127494979,96,97,50,4
3.3654074563498724,96,97,42,4
5.2120837117533645,90,91,42,1
0.5854298091689489,96,97,51,7
3.0871837358456165,96,96,45,5
2.9511212886900036,94,94,46,3
0.9382638145653965,98,99,49,4
5.4827726460308446,96,96,38,4
4.9569278993143806,98,98,58,5
5.2840606651977939,96,97,49,7
3.6195371502192732,96,97,55,7
5.8396358450965593,98,99,48,5
4.4567704855762367,96,97,43,5
2.8752793138819781,92,93,43,5
3.8056728911108428,96,97,56,4
5.8175515866488077,98,99,53,4
0.7716663564305700,98,99,56,3
2.4021598514186677,96,97,58,4
4.4651272059568079,98,99,51,4
2.1473351392304090,98,99,52,7
4.0636920148172120,96,97,56,4
5.9200234316170492,96,97,53,3
0.1332222971996387,98,99,55,0
5.5944761532652239,98,99,56,5
4.1127541915532664,96,97,49,3
0.8585647325948147,98,99,44,1
4.7068039886598587,92,93,44,0
0.9225824924174596,94,95,49,0
5.3166251993044984,96,96,45,3
2.2125257497467961,94,95,46,1
5.2792794317215526,96,97,55,1
6.2069293786892210,96,97,46,4
0.5640532836435130,92,93,49,3
5.4244257843683057,92,93,53,5
2.9038880516341110,98,98,50,5
1.4209362770913982,92,93,53,1
0.2149557383696688,94,95,53,6
3.9996039307061451,96,97,46,6
3.7540989483863920,98,99,56,7
3.5056765366422233,98,98,46,5
1.5635840661278448,96,96,59,1
4.1472248974279129,96,97,49,1
1.5692695467156164,94,95,44,7
2.4337166549511995,96,97,51,1
5.3344004449863398,94,95,48,1
3.7594735749318704,98,99,45,2
3.0076283865269242,98,99,38,3
2.3204038335980934,98,98,50,3
2.9940266640210185,96,97,50,0
5.4647046676964317,98,99,47,4
0.3417885941706972,96,96,52,0
3.3801754183602570,96,96,49,5
0.3683484018707818,96,97,53,3
2.1667808891735318,98,99,50,7
1.9464226358563950,94,95,46,3
4.1349685739344721,98,99,54,3
5.7679619711359145,94,94,53,4
4.6938301158791829,96,97,49,3
5.9757886324859921,94,94,48,7
1.9469139339572505,96,97,53,7
2.4212540670642708,98,98,47,0
3.7165455256012914,92,92,49,7
0.0479154726294167,98,99,53,6
2.2150855302475518,98,99,57,6
1.9434733794898129,94,94,54,3
1.5225069868765062,92,93,45,7
1.8097276047989574,90,91,46,5
2.0720563302319013,96,96,47,5
1.6089732833916581,96,97,47,7
4.8645351884949974,96,96,50,6
1.8102269718054405,96,97,44,4
3.3652728921553785,98,99,57,0
4.5681182502173554,94,94,46,3
1.5651853903971689,96,97,47,5
6.1075262759115638,96,97,50,0
2.9306447408584035,98,99,56,3
1.3593036750575040,96,97,42,2
3.1499912994966865,94,94,47,4
4.8409327633837611,98,99,52,3
4.7528541860123479,92,93,52,2
1.0777325368471438,96,97,49,1
1.9924529659778225,96,96,55,3
1.4898367514069777,96,97,52,0
0.8904057229973061,96,97,56,4
0.7449985733815611,96,97,49,5
1.8655406277936140,98,99,44,1
5.3646333629774245,94,94,49,2
6.1965311238671488,98,99,55,4
5.2218174474699843,98,99,55,6
1.3155662841578797,92,92,44,2
2.0334859020953737,96,97,53,3
1.8549493651655009,98,99,56,7
1.7055851565648874,92,92,51,3
4.0844390302543729,94,95,44,5
0.2520351298461336,100,101,59,1
4.8338777906018509,96,97,50,4
2.4626613224058067,96,97,53,7
0.2918333278477211,94,94,55,0
5.7008832653331298,96,97,53,1
1.2053956926395395,98,98,50,7
1.9371440336699304,94,95,44,1
1.6040093901684156,96,97,48,0
0.1696601454408921,98,99,52,1
1.5228630854276488,94,94,55,4
0.7153067094378288,96,96,59,5
6.1407207966714337,98,98,52,7
3.4489543891420515,98,98,48,1
1.9533603733011842,94,94,50,5
2.1472517842146979,96,96,59,5
1.1782830318648987,96,97,45,1
0.9418850943810264,96,97,45,3
2.6495051048275484,98,99,44,1
1.9940107586655924,94,94,50,7
6.2817429138426366,94,94,48,1
3.9720479782550497,98,99,39,2
1.3268652046320615,90,90,44,1
0.3074088346942774,96,97,49,1
3.9389891570133160,96,96,56,0
0.5994901450486151,96,97,49,5
4.3642670954008347,96,97,49,5
1.3184425253464327,96,97,49,7
0.0635943456317055,96,96,58,4
5.2647654195341431,98,99,53,6
4.8487706645740163,98,99,50,7
5.4845039215682432,94,95,44,7
3.8216540826138963,96,97,52,2
5.3128482526357557,96,97,53,7
5.5703317137019992,96,97,50,6
5.4408284627286401,94,95,42,5
0.5372940707905479,98,99,48,1
4.8825551456229626,98,99,54,1
5.5808421194906481,96,96,51,5
0.3740437098995414,92,93,55,7
2.6054986199237136,96,97,47,7
5.2503613277264369,98,99,50,3
3.9840553397201393,96,96,45,7
0.4767745251031575,98,98,49,2
4.7941504343364798,94,95,50,3
1.5042061201294210,98,98,56,7
5.2974072777361192,94,95,46,3
5.0699342460252046,98,99,48,5
2.3502472722523127,96,97,46,4
1.0266102379275128,96,96,48,4
3.2179432692594179,94,95,46,7
5.3374150674050851,96,97,45,1
5.1526239033694061,98,99,49,0
0.3733937042582473,96,96,39,3
4.1658497961294030,98,99,55,0
1.2766074268076393,98,99,48,3
1.7639077315028384,98,99,51,6
6.2707164177206112,94,95,50,1
2.4813390182901061,96,97,49,3
2.3111717919730230,96,97,51,3
3.9792800262142083,96,97,49,5
4.1771979697838155,96,97,55,5
4.6290453292577842,96,97,48,6
1.7897498500746414,94,94,49,0
3.2725691739786171,94,94,50,1
3.2395154978646996,96,96,52,2
5.8235544280477640,98,99,54,5
3.5744009534094170,98,99,60,3
5.8269812244436849,94,95,43,4
0.4103974633320651,98,99,50,5
1.9030016899511397,98,98,47,4
4.9290850436957241,98,99,54,1
0.7882719459132668,96,97,55,5
1.8116152484917296,96,97,55,3
3.3016144594564039,96,97,59,7
3.2507071999698756,94,94,45,6
4.2372985986310656,98,99,46,5
5.9243299977387824,102,102,51,0
0.8602691828563511,98,98,48,3
4.1517576538066070,94,95,52,5
4.8783956827811190,94,95,49,6
4.4436740978007885,96,96,52,0
3.0843345188119815,96,96,55,3
4.0907522053203991,98,99,52,1
5.1524669042892892,94,95,40,5
3.2831025557072921,94,94,44,3
5.6945752556197142,94,95,45,4
2.2567807700450335,98,99,56,3
1.8602998697216331,96,96,39,1
3.3866457100092457,94,95,44,3
4.6682570259514531,92,92,47,3
0.8454486802428266,98,99,44,7
2.2011551387702051,92,93,54,6
5.7910426970575060,98,99,49,4
0.5760218872890833,98,99,55,6
2.0203851250108951,96,97,47,3
2.1015735886707905,94,95,56,3
1.9623709310226416,96,96,45,1
0.6744022448422921,96,97,45,7
1.2383083041139902,98,99,52,5
2.1497223918785902,94,95,53,2
0.4286394489484087,98,99,54,3
4.7204882859862698,96,97,45,3
4.3985405784979656,96,97,54,4
0.7439421475844595,98,99,47,2
1.3339309124686229,96,97,46,4
2.9947955473594252,90,90,46,5
3.6439898015242012,96,97,55,3
4.8109314360827042,98,98,50,7
5.9068648473062124,98,99,40,1
3.8287499340213533,94,94,55,2
2.2766341843535964,94,95,44,7
1.3619056461984340,94,95,47,6
1.2090095919366166,98,99,54,5
0.4159445708001618,96,96,52,6
2.2929055343690976,94,95,53,2
5.3494493515792847,96,97,45,3
1.9779857575160975,96,97,45,7
2.3320078114600027,96,96,48,2
4.7769883314384520,94,95,55,6
4.0872023848443897,94,95,47,6
5.5514729700906216,96,97,46,4
4.8932100202855029,94,94,47,6
4.3715318545970803,90,90,48,1
5.7410584806906959,96,97,50,2
3.9060161395911903,96,97,55,3
2.9086769403282697,96,96,54,4
6.0197898410793318,96,97,35,3
1.0110317445899417,98,99,56,7
5.3861922919382010,94,95,38,3
5.8846001302339443,98,99,46,1
5.1843038016535408,96,97,60,2
4.9213172695421266,98,99,47,2
1.8178232368965244,96,97,57,3
1.9015081001313543,92,93,47,5
5.5449361458620787,96,97,55,7
1.0306862215126822,98,98,58,1
2.4037612336351710,96,96,48,4
4.6363149147528437,94,94,36,3
2.3240002967533733,98,99,46,5
4.2694370599757763,94,95,54,3
0.5390880851823768,96,96,53,5
2.9989819720727215,94,95,47,4
3.6887433866684827,96,97,42,4
3.0495347851484205,98,99,48,1
3.7989320684062426,98,99,47,0
1.6275310340048439,96,97,51,1
1.4382022428321632,98,98,52,3
2.6976239387937819,96,96,45,7
5.9570467383559729,98,99,51,2
2.1886145952057099,96,97,48,4
5.4562779299373423,90,91,47,6
4.1767198743201321,94,94,48,1
5.3806954893853733,98,98,54,3
4.7693276315899267,94,94,43,4
1.2630835099703415,98,98,49,2
3.4577654473923651,94,95,40,7
3.7358740883852937,96,96,54,6
4.9944801400346392,96,96,38,6
5.0918844037374109,94,95,44,1
4.8546916804278242,94,94,40,5
5.2618176850639404,96,96,49,1
1.7935788513732738,98,99,47,2
5.7471242209876676,94,95,48,3
2.1588829361537614,96,97,46,0
1.5477938131951889,96,97,57,5
1.3964048448116892,96,96,53,7
6.0755641621301413,92,93,52,6
1.6965058978790051,96,96,56,4
0.5069178567863518,96,97,53,1
1.0527524188844954,98,98,53,0
5.1492114420736357,96,97,53,1
1.8907647328349746,96,97,56,6
2.5811559062842573,96,97,50,4
6.0016345188014517,96,96,47,3
4.1840750560399345,88,89,53,7
1.1703362651529416,96,97,51,5
3.7276626111443520,96,97,55,3
0.9770529233475694,98,98,51,4
5.3650055845759503,98,99,61,0
4.5448861871730495,98,99,48,7
5.5772055438703267,96,97,47,7
3.7937049237044578,94,95,51,0
1.2296343482006418,94,95,62,1
6.1755486422244008,98,99,47,4
2.2550576657273935,96,97,56,6
1.3383436297084406,94,95,55,0
1.5376295607150690,96,97,49,5
5.4922800227470283,94,95,52,5
4.1320046577719536,94,94,51,0
5.8032641396521489,96,97,43,5
1.4361718356725823,96,97,48,2
4.8310166684327989,96,97,57,7
5.2405128135522716,98,99,61,0
2.8328464598671506,94,95,49,0
1.2411924173375388,98,98,42,1
4.7865876441559578,96,96,54,6
1.1748029376934332,96,97,48,2
1.3886159518833305,88,89,42,6
0.1883050715821832,94,95,46,3
4.6227264899549594,98,99,53,4
5.8978154038916388,94,95,55,6
0.3201077757841198,96,97,52,0
2.1900519035686745,94,94,47,0
3.9274199707222732,96,97,43,5
0.1195122546522391,94,95,41,6
1.3650273606128704,92,93,46,4
5.4026150317326174,98,99,53,6
5.6798089263628428,96,97,49,1
1.3868228958290485,98,99,57,0
2.7612072070469349,98,99,49,2
1.8452808120378801,96,96,52,6
0.2083023764477972,94,94,46,7
0.2761753857519704,94,94,39,6
0.9131790257894580,98,98,54,7
3.9225972545627554,98,99,54,1
0.4403493316621168,96,97,43,7
4.6760945876381479,96,96,51,7
1.4862368897319083,94,95,59,4
6.1953050809005337,98,98,55,4
3.3458630749652825,96,97,48,6
4.1465093649831877,98,99,58,1
1.3972195097780471,98,99,49,4
3.3764783867631825,94,94,46,5
0.6889475813137717,96,97,52,0
3.0381065858799081,96,97,53,3
6.1275862819867930,96,97,52,2
3.5805710588764068,98,98,45,6
5.0006374286318023,94,94,45,2
2.9165261872868569,96,97,47,5
4.7930120824173343,96,96,52,0
0.5297262901249395,96,97,47,7
5.2150976568038425,96,97,55,1
3.6075735119486718,96,97,61,1
6.0926728216128367,96,97,53,3
4.8203100263880403,96,97,43,7
5.5477985006001695,98,98,52,7
1.4361919826824139,98,99,53,2
2.4169455777148876,96,97,49,5
4.9899245282989009,98,99,54,7
1.6358213924311404,94,95,46,1
0.6055999589353552,94,95,44,7
4.7921834828115282,96,97,47,5
0.1117476171577791,98,99,53,0
0.7460862417013135,96,97,40,0
3.6988554073627071,92,93,48,4
5.9234025127918652,96,96,43,1
0.3991003462750294,98,99,53,6
3.7068871939457182,96,96,56,6
5.2214480944912554,96,97,49,5
6.1036905912089541,94,95,45,6
5.2806766639536997,96,97,50,2
0.6491570879896522,94,95,58,7
0.7538950978531652,92,93,45,7
6.1078761599933191,94,94,52,3
1.5433337261306885,94,95,47,2
3.9946249889414442,94,94,52,7
4.8030708903632231,98,99,52,5
4.2035084378601217,96,96,48,4
2.0093119287477905,96,97,55,1
2.1763752669931451,96,97,47,3
4.9692422401431333,98,98,49,2
2.6588377097742670,94,94,36,1
1.7597984788714647,94,94,46,1
2.0704757115976413,98,98,41,6
5.3393516936143932,96,96,54,0
3.1136468672468571,96,97,46,4
4.8315572345973852,94,94,53,0
0.8978803002206058,96,96,37,7
0.6118013600941146,98,98,54,7
2.4567139595517666,98,99,56,1
0.5853029071206806,92,93,51,5
1.6131109352817912,96,97,55,7
0.9765541879484614,96,97,54,6
4.4991335633737410,94,95,53,2
2.3233989472209591,94,95,42,3
3.6763162953157882,96,97,59,7
2.8389242169898372,94,95,52,3
4.6801001192258758,94,95,54,7
1.1650983058491828,98,98,46,3
2.1121412527757784,98,98,47,6
5.6259259045351637,98,98,51,4
4.8944228619330676,96,97,54,4
1.3213592236028202,96,97,51,1
4.2171158406869198,94,94,47,4
1.1908077024587607,96,97,48,4
4.2208568041096495,96,96,47,3
3.6938315281966694,96,97,56,2
1.5266217226348930,96,97,54,6
1.7143693474886479,96,96,45,3
5.3510515845429261,98,98,56,1
2.1845927735903756,98,98,55,2
5.9769561173977346,96,97,46,4
2.6945698271049530,94,95,47,2
2.9088701447766914,98,99,59,2
4.3066632806497100,98,98,60,1
3.9203796999107325,92,93,47,7
4.7199504394966167,96,97,47,3
2.5921964108100983,96,97,42,2
3.5480093189940480,96,96,51,3
0.0467811838506940,94,95,59,0
2.3270616028240902,96,96,47,5
1.7216478281899827,98,99,51,4
6.2029157303669740,98,98,44,1
0.4582814017066917,96,97,53,5
4.2782027565779259,94,95,51,0
2.8184648783854156,98,99,48,3
1.7739867469805943,94,94,53,0
3.8884905127139646,96,96,32,4
5.4123887467610157,96,96,54,2
1.4396697516990424,92,93,55,5
1.4483817000650412,94,94,45,0
6.2452972846655701,96,97,50,4
0.7117782595333710,96,96,57,1
0.1578561482088200,94,95,43,4
5.5420133621312759,98,99,51,2
0.9144799919333217,96,97,55,7
3.1341351488462341,92,92,43,7
3.4406084020299286,96,97,50,4
0.6151068353356682,92,93,44,2
4.8008280649121966,94,95,52,5
0.0960983479105049,96,96,41,5
1.5252462876751176,92,93,35,7
0.7856378486832681,98,99,55,6
3.1972253285994401,98,99,47,4
4.3885151814730374,96,97,40,4
4.4790356009235479,98,99,51,0
4.9976218611081187,96,96,56,2
5.5287413169067321,96,96,54,4
5.6827613960422916,96,96,38,2
4.9004165671383957,98,98,55,4
1.9936772601550901,94,94,51,0
4.8335019391485865,98,99,47,6
3.6159549007395508,92,92,41,5
0.7138346301175591,98,98,52,5
3.7031608554743940,98,98,50,3
2.4776107916446772,96,97,58,4
5.3564874660224460,98,98,54,1
2.1922590005233409,98,99,40,1
0.1800147246616779,92,92,56,2
1.3906609870726112,94,95,52,3
3.3246474737224196,94,95,54,1
3.9483105626176540,96,97,51,1
3.4551064391390955,94,95,46,3
4.6622084607523160,96,97,50,2
1.1673272336247180,98,99,42,7
2.7868308499413481,94,94,43,2
1.2569360181025460,96,97,45,7
0.2565548333590295,94,95,52,5
2.5440625290262187,98,98,58,3
5.4444834845665691,94,95,53,2
5.1462228459607058,96,97,48,2
4.3924865068684191,96,97,46,0
4.3710277806615219,98,98,52,7
4.7242798746047816,98,99,53,4
0.6179008217162694,92,92,43,1
2.0231279781678628,98,99,56,7
0.2793959768554453,98,99,47,4
5.2369336252061434,96,97,46,2
2.0201186575015044,96,97,46,4
2.4863595919250177,96,97,52,6
3.3632843320205668,96,97,55,1
4.1516359547658856,96,97,51,7
1.8113089979478876,96,97,50,0
2.4821438562455858,94,95,55,2
1.5146400978089534,98,99,54,5
4.5372378361444010,98,99,50,7
6.1954533541349459,98,99,58,3
1.6604371175544617,94,95,44,7
0.7507474473191598,98,99,48,1
3.4681451844625273,96,97,52,2
5.2380374939413725,96,97,54,4
2.1255974837338494,98,99,64,5
1.9603254279596032,98,99,47,4
4.1911641896714924,96,96,51,3
4.4812603719144697,96,97,54,4
0.4412388226779035,96,97,45,3
5.2671572972584393,96,97,52,6
3.1188881260596411,96,96,42,6
3.4224205914064565,94,95,55,0
2.6082022536496425,96,97,59,1
4.8539561503599309,98,99,55,4
0.7064017797106865,100,100,45,7
2.7565661273904292,96,97,49,3
6.2108669824524911,96,97,49,3
3.0059321822031921,96,96,51,1
2.9569454997568472,96,97,52,2
0.2720155210354575,98,98,57,4
5.7910006285103810,98,98,55,2
4.2838597089841217,92,93,48,6
0.2982971242417221,96,96,51,5
1.6982048756183878,92,93,50,6
4.2915004065991038,96,97,46,4
4.1770527112694200,94,95,53,2
0.1761946110582081,98,99,55,0
2.6165922613920873,96,97,53,1
3.9378522624804910,96,97,55,5
1.7697947294604195,90,91,45,2
5.6874440805042124,98,99,53,0
5.6239403297194519,94,95,51,4
1.5602561721981749,96,97,43,1
4.9876466893904352,96,97,60,2
2.6699687348107304,98,98,47,0
3.1568714663464799,94,95,47,6
4.8466049698348481,96,96,53,7
1.6753547672700273,98,99,48,1
0.4404140804950975,96,97,49,3
2.2901395377183147,94,95,52,7
0.1489702799417473,96,96,48,2
2.8429463352034063,96,97,44,4
3.1086806546080838,98,99,52,7
5.6639212700919588,98,99,57,0
4.4198474308493534,98,99,53,4
5.6381053334517359,98,99,64,5
1.4921515640992939,96,97,48,6
3.7328586437937870,96,97,49,7
1.5940886658621691,96,97,60,0
4.4579542774435232,96,96,48,2
0.0694473024475389,100,100,54,0
5.4673336220992725,94,95,48,7
3.7149324266679074,96,96,56,4
1.7665787960332198,94,95,52,7
3.6883249426679954,96,97,51,5
2.1285209486392143,96,97,53,3
0.3080482245394545,98,99,58,7
5.6721098979972551,98,98,48,7
5.7915779939289154,94,95,52,7
5.8087328329042220,94,95,44,5
3.2105185508805745,94,95,49,2
3.1317817189947506,96,97,50,2
2.6183427603082707,92,93,49,3
4.7178310938236283,96,96,48,0
5.3750062421818452,96,97,48,0
2.5778063572450804,96,97,47,7
4.1001161921178779,96,96,57,3
0.2880858796911545,94,95,45,0
0.2704842964780342,96,96,42,2
0.9890553727683951,96,96,53,5
5.1234439922689408,96,97,48,6
0.6134740337207487,96,97,59,7
5.5186557722876826,94,94,44,5
0.3217546658315328,96,97,46,6
0.3042856406410026,96,97,44,4
0.7623556900792088,92,92,44,2
5.6394930921054325,96,97,37,1
0.0281939102082953,96,97,48,4
1.4276443612580330,96,97,44,4
3.8514645716277989,92,93,50,4
2.7768620341368133,94,95,55,4
1.5041023784427594,96,97,51,5
1.1157323705571596,96,96,42,2
1.7633820759521484,92,93,53,7
6.1321301115006106,98,99,47,0
5.2179151327744826,96,97,45,5
2.6624547550453297,96,97,53,7
0.1670891000291856,100,101,44,4
3.5437510850420724,98,98,45,6
2.9084594880302665,94,95,41,6
4.3251656436739063,96,96,53,3
1.6784678590973183,92,92,54,6
2.6996230989772716,96,97,55,5
1.0245701081969776,96,97,53,7
0.2174332427808947,94,95,53,0
6.0202726836043201,94,95,46,5
0.7157198792415614,98,99,51,6
2.0152132488298835,96,96,51,7
5.8046387217104796,96,97,43,5
0.5569297554010385,96,96,54,4
1.6203083948074692,96,97,54,6
2.1690520988104192,94,95,47,0
2.9453372511711047,96,97,55,1
0.9084934656981358,96,96,35,5
0.8198345500815143,96,97,46,0
4.7205410417959488,94,95,49,0
1.1902819465760586,96,96,50,6
4.6723140917641954,96,97,43,1
1.1271292423037353,94,95,48,1
6.2412552248253892,98,99,49,6
5.5209955335803569,96,96,45,5
6.1688209624465635,96,97,51,7
5.9403273041145717,98,98,49,6
1.6949499992853452,94,95,47,4
5.4209962890766041,96,97,50,6
3.1410170203932521,96,97,53,3
1.4554308927739352,92,92,50,6
4.6521363185034845,98,99,45,4
0.4453742313986251,94,94,53,0
1.7519341599958105,96,97,51,1
4.1273242921794928,100,101,58,4
3.7933462218025258,96,96,54,0
3.9741885860339963,96,96,43,5
5.0416499692444736,94,94,48,1
2.9552358662613751,88,89,43,7
5.3629795344678852,96,97,50,4
0.3045480174406054,92,93,46,6
3.4587213923800988,96,97,46,0
3.5246656203974629,96,97,49,1
4.7007483051185472,98,99,53,0
4.0152050810943605,94,95,44,1
1.5693720324767757,98,98,50,1
4.4995214097920542,96,97,53,1
2.5068685858577617,98,99,46,3
2.6886883753940771,94,94,43,4
1.4962148213998676,96,96,48,6
3.7656567561545304,96,96,61,1
3.3515493930824549,96,97,54,6
1.6813382062450608,98,99,60,3
2.3377019261082532,96,96,52,2
1.9654765975351536,98,99,55,0
5.6125346318939666,96,97,51,7
0.8266182927081502,98,99,54,1
1.9561906124541557,96,97,55,7
3.5597528900769513,94,95,54,3
4.5138734757663341,96,97,47,7
4.0344041464864766,94,94,43,6
2.9436512954081526,96,97,43,5
2.2409649467726243,98,98,45,4
3.9172861230090370,96,96,42,0
1.3275457352221929,96,97,53,7
5.6312905889318960,96,97,53,3
6.1972263946102499,98,99,51,0
2.7334507772014804,96,96,61,3
0.0010052230566261,98,99,38,5
0.1304138555141581,98,99,52,1
6.0181177806458050,96,96,51,3
3.1334584273051656,98,99,48,1
2.5192467706401236,96,97,51,1
0.9644105529260972,96,96,42,0
1.0411079416229276,98,99,53,4
6.0704326424239445,98,99,55,4
3.8473531729860659,96,96,44,0
4.0678244198986029,96,97,47,5
3.7798315239768088,96,97,54,0
1.2090951373604488,98,99,57,0
2.3985450152579681,94,94,50,3
2.8998284272934298,98,99,55,6
4.5902270281951054,98,99,59,6
0.6434937179354562,94,95,54,5
1.4356055568556936,96,97,48,0
1.4491748849138528,94,94,42,1
0.7243236068528975,98,99,51,0
1.5256969339160991,96,97,47,1
2.7105387429480019,98,99,47,4
3.3731200126105567,96,96,58,4
5.6907238978810133,98,98,49,6
3.3976969088233968,100,101,53,7
5.8325763383459073,96,96,51,3
3.6820301026632123,96,96,55,1
4.3275989201043599,98,99,53,0
5.3448249358711344,96,96,52,6
2.7225484045894919,98,99,51,6
0.6351428897026530,96,97,44,2
2.9201958332329334,92,93,44,0
3.1994839696116477,96,96,45,7
2.4031488025149295,96,96,50,6
0.2632256763177548,94,95,45,6
0.5627004389361974,94,95,47,0
1.4881812443665210,94,94,56,3
3.8643463958436004,96,97,37,5
1.8525212825180795,98,98,54,7
0.7629747025299997,98,98,59,6
2.0818804573109020,92,93,44,2
1.9380301519500254,96,97,58,4
3.0643075742776844,96,96,46,0
1.6549543322312585,96,97,50,2
2.2663936821584802,98,99,53,2
3.2826996451063670,98,99,47,4
2.9433364748081972,96,97,42,0
3.0044392731801950,94,95,50,1
3.1790866550392245,94,95,43,2
2.0415174542778005,96,97,43,7
3.4762215657975282,94,95,48,1
3.2163576142660957,96,97,58,4
6.0393758331987435,96,97,47,5
1.4485559274421462,96,97,54,4
0.0510074210169193,94,94,47,4
5.2287666407460218,94,94,56,5
5.3047524632969925,94,94,50,1
3.5226027943459712,96,97,54,2
4.8891931310739665,96,97,46,4
5.2916986800362720,92,93,48,0
5.2708448399699321,94,95,46,3
2.8439869142238128,98,99,53,4
3.7250755678544469,96,97,51,7
2.8662202661247149,94,95,52,5
4.0312730685169633,94,94,51,2
0.5285686694270336,96,97,60,6
4.9947469605324146,98,99,46,1
3.1376629274000392,98,99,50,3
6.2316150944591131,90,91,44,3
3.2092999850387374,94,94,53,2
3.3947240269921228,98,99,53,2
3.9663814033954190,96,96,45,5
0.5699290426270918,94,94,49,4
3.2685067703245165,96,97,47,3
0.4187152269093827,96,97,55,1
0.5366474477186935,98,99,56,1
1.4725985742142516,96,97,51,5
1.5555755247769987,96,97,48,4
3.9414417660184164,98,98,50,5
3.8250176218467025,98,98,54,7
4.4315471380379314,94,95,44,3
1.8466105466075817,98,99,45,4
2.9657591927594726,96,97,44,2
0.7760315303329360,96,96,48,6
1.0584101352948734,94,94,39,0
3.8100557998180018,96,96,52,4
2.4164047237938830,94,95,51,2
2.6574309902749080,90,91,47,4
4.0837455858474492,92,92,43,3
3.6464001066491747,96,97,48,0
2.9479855894875469,96,97,49,1
3.5656686523393559,96,97,56,4
4.8925659317185275,94,95,54,5
0.2314622986089395,96,97,49,7
2.2806401509529906,98,98,53,0
3.0287244370775301,98,99,56,7
6.0894219980213107,96,97,54,2
5.6845377421595709,94,94,36,1
1.0571836046782572,96,96,47,7
3.3468990361833995,96,97,43,3
6.1633031221117696,96,97,51,5
3.2124336390481583,96,96,45,7
0.0782134289159991,98,99,40,5
4.4912538058119589,100,101,52,6
5.9094134474078395,98,98,51,2
5.3170826412418046,92,92,53,1
1.9633786713895813,98,98,54,3
4.4920371710907725,92,93,46,0
6.0492582599661571,94,94,45,6
1.6810794169211478,92,93,52,6
5.2622280711761258,96,97,50,2
4.2103685120240337,98,99,51,2
4.5959000622611610,100,101,56,6
2.2913747418757073,94,94,49,0
4.1788819051100408,94,95,37,2
1.5844261409302320,96,96,40,4
1.0146717381953758,96,97,56,0
5.4467155020210622,96,96,51,3
0.2604187324990700,94,94,50,7
5.5960230899761418,98,99,45,6
2.4344746029266924,96,97,60,0
5.9781068937551387,96,96,49,7
2.4936667420403951,102,103,52,5
2.3068754562378699,92,93,48,2
1.0170933089914262,94,94,42,3
0.7435137617492033,92,93,52,0
5.5204048508079824,94,95,54,3
2.0067681125563603,96,96,48,6
2.3806362381001898,92,93,42,6
1.8222781940724546,96,97,46,6
5.5112054690881340,92,93,50,4
4.4059315559914305,96,97,49,3
2.6775937078491685,98,99,45,6
4.0810956018539377,96,96,48,6
4.2900492591183452,96,97,51,7
0.4209445741199992,96,97,46,0
1.6271411434168570,98,99,43,6
1.5286559029575335,96,96,49,1
1.0581220189705827,92,93,40,6
5.9646259002386959,94,95,52,7
0.5386998652268076,96,96,52,4
4.8892415514813976,96,97,53,7
1.3398917018844811,96,96,45,7
4.4608575356275493,96,97,55,7
5.6412407740557233,92,93,47,3
6.2344873344518339,96,97,48,2
4.8860178905373495,96,97,46,0
4.5629070245948773,98,99,60,3
4.2114316090927701,96,97,54,4
2.3119243410785031,96,97,47,3
3.0129500363371857,96,97,49,5
2.7326719818310177,98,99,51,0
3.3433575481288655,96,97,54,6
0.2749723048995437,96,97,52,0
0.1423410794833421,96,97,54,4
5.8446443934936232,94,95,49,4
5.1483827904910653,94,95,43,6
2.6849005959257530,90,90,53,6
4.0738287530496597,98,99,42,3
0.0503338244980075,96,97,47,3
0.0136765799458087,96,97,43,1
3.2767407858230815,98,99,51,4
2.5662484836787742,96,96,47,3
4.6795743280667841,96,97,47,7
2.8746606265077630,96,96,46,2
5.1433530293638867,94,94,56,5
3.6448702529693517,96,97,45,3
3.2835112754173528,98,98,47,6
6.1357151310010600,94,95,44,1
0.5700811988113853,96,96,51,5
2.8183728799279275,94,95,49,0
5.4878902262565097,100,100,60,4
3.6554902970211289,96,97,39,1
4.4010336506078254,94,95,46,7
4.1161532336336579,98,98,61,4
1.7942975779415278,96,97,50,6
0.6549745696326265,96,97,55,7
0.9885563684464782,94,95,50,1
3.2690040466192283,98,98,48,5
3.8604019155931555,96,97,51,3
0.4402302200182189,94,95,52,5
5.4761829338236732,98,99,48,7
2.4065654636171709,92,93,55,1
5.1018468023796038,96,97,54,0
1.7458631624657710,100,101,43,5
2.3623494770593885,98,99,55,2
1.8866000447917401,96,97,47,1
6.1544790643427687,98,98,50,5
4.6383037387417465,92,93,46,0
0.7185266680154468,96,97,57,7
2.3035291216590728,96,97,51,7
1.9366359860844704,96,97,46,0
1.0860565591799327,94,95,43,4
1.2898799961643834,94,94,56,7
0.4376710858935478,96,96,54,6
2.3808010665268382,96,97,55,5
2.3971544383392529,98,99,45,0
4.6714977204668200,96,97,57,3
3.2500887505279978,98,99,54,7
5.2814627843066635,96,97,50,2
5.9401203308468631,96,96,43,3
2.0631132709489566,96,97,58,2
5.0310099894512241,94,95,49,4
2.5392343666998523,96,97,50,6
2.9373542642208714,94,95,51,6
2.1821265326485806,96,97,56,0
4.0389967425380782,96,97,58,6
1.6115302186284965,98,99,55,0
4.7782167896566836,94,95,37,4
0.6165838621768281,100,101,58,4
4.0386627663451371,94,95,55,6
4.2058806825643043,96,97,49,7
5.0367117675697202,98,98,54,1
5.1821035256955756,96,96,52,2
4.0451766482501839,96,96,54,4
3.2193133826436910,96,96,52,0
4.1615450431798431,98,99,54,5
2.6857638045894161,98,99,55,0
5.6196807887589184,98,99,48,5
4.7094685060375534,96,96,47,5
4.8872109225986851,96,96,57,7
2.0011459526553068,96,97,52,0
6.1438222543069525,96,97,48,2
0.7806450240194819,94,95,53,2
5.8607391261859174,98,99,55,4
4.2764585511435964,94,95,45,6
3.5253739634681263,98,99,52,5
5.3570180460959032,92,92,46,0
5.6571233122495084,98,99,51,4
1.8168193443631102,96,97,51,3
5.1057583039322969,96,97,50,0
5.0556751585679551,94,95,47,0
4.3381062439511489,96,97,49,7
3.6267503759607953,96,97,55,5
3.5394915796225273,96,97,55,7
5.6398987875362208,96,97,49,3
1.2465314972250872,96,97,53,7
3.2401198952588031,98,99,50,1
4.9135223660670508,98,99,57,6
2.0911265782881285,96,97,45,3
5.3407061440668144,98,99,49,2
0.0044148865252063,96,97,52,4
1.9823927013148988,98,99,49,2
5.0439894976032047,96,97,57,5
3.5378301273791068,96,96,46,0
0.1210489694206850,96,96,52,4
6.1672564576430879,94,94,49,6
4.5403058672564383,96,97,56,6
4.3580686306007790,92,93,53,1
2.4829261521264430,98,98,50,5
4.1468424888918536,96,97,48,0
1.6533131384040114,92,92,40,0
2.4585535367424995,98,98,53,0
2.0128973459398765,96,97,49,3
3.0258497625799405,96,97,43,3
1.6839546053739891,98,99,47,0
0.2065181730214179,94,95,48,3
3.6061387845217849,94,95,52,1
4.6280627264750418,96,96,49,5
1.6312769156854043,96,97,45,5
4.6068850114635431,98,99,57,2
0.7144907765626912,98,99,48,7
2.3014262505334111,98,99,57,2
0.9273529389473721,96,96,52,4
4.2211821577408912,98,99,58,1
4.3527492399312147,96,97,54,6
3.2288268791101404,94,95,47,4
3.8417547199960556,96,96,48,6
2.7543191014681945,96,97,54,6
3.6861003537225865,96,97,54,6
5.8544006825025123,96,97,59,3
6.2733915520581540,96,96,45,5
3.1416822959233417,98,99,50,7
4.3988609052321106,94,94,39,2
2.8442297142186166,88,88,50,4
2.5319790263821083,98,99,56,1
1.2066582567343953,96,97,47,3
4.8000871106847143,94,95,54,5
2.8838023235414800,96,96,36,6
4.8812241121118962,96,96,57,1
5.7929879517807548,96,96,48,0
3.5642967917090358,98,98,54,3
6.1770266181755273,94,94,56,5
5.7344279775273570,96,96,54,0
2.0929023001977001,94,94,47,6
0.3156522490912708,96,97,44,0
1.5446802694854556,96,96,51,5
2.2536494220352354,94,95,51,4
4.9311140765449100,96,97,56,6
1.4027667026383002,96,97,56,4
4.8996283115968930,94,95,48,7
4.2620913386377248,98,98,47,2
3.5065245007074681,98,99,47,2
3.9486260679587413,98,98,49,2
5.2031069611523213,96,97,43,7
5.3301343770239598,96,96,53,5
1.9210237781682213,96,96,50,4
1.4601312192275091,94,95,49,2
2.6013398976562274,94,95,48,1
5.8770425384671023,96,96,45,7
4.0233159444116966,96,97,55,1
3.0249133210131927,98,99,55,6
1.4056138264068139,90,90,53,4
3.5626408033549088,94,95,44,5
6.0423659850193463,94,94,42,5
5.4989048524616200,94,95,47,4
4.5628543238291019,96,97,53,3
5.9438175681050982,96,96,48,2
0.5032790656191737,96,97,48,4
3.8000649337074295,96,97,54,2
4.4055582126442410,96,97,50,2
2.3733333980293190,98,98,53,4
4.2029562731459187,98,98,48,7
5.7445373439069218,94,94,54,5
2.6131672971293498,94,95,57,0
3.8422996678597974,98,99,57,0
5.3095276738051540,94,94,49,2
4.7127397963594388,90,90,45,6
6.0715784461641160,94,94,62,3
2.0003701270993561,98,99,52,1
2.3602629747639430,94,95,55,4
3.4054241280107345,94,94,49,2
4.3464636477041934,94,95,39,0
0.0136484411468021,98,99,56,3
4.7583813243233362,96,97,46,6
3.4216628973907683,98,99,52,3
1.2427430841116311,92,93,44,4
1.0354227269217169,98,99,55,6
3.1061150522422114,96,97,41,1
4.0913635723918773,92,92,47,3
3.7921497723432256,98,99,42,1
3.1485217785585760,92,93,49,1
5.7308399570203177,96,97,45,5
0.5559547147142744,94,95,45,2
1.6552645205588110,96,97,50,6
1.1349795978059463,96,97,51,1
5.2798330786485712,96,97,48,4
0.8868520523335810,90,90,41,0
2.3233195270332070,94,94,46,5
4.8460712135429933,94,95,46,1
2.3701734765108489,94,95,44,7
6.1689089872859890,96,97,48,4
0.0932181030569870,94,95,48,5
4.7951450903618582,96,97,47,3
5.5529083476827985,96,97,51,1
1.1728009269945256,96,96,51,3
1.4815120680593543,96,97,55,3
3.2852058167549583,96,96,43,5
1.7360906157868898,96,96,52,2
3.1863408542055982,98,99,53,0
5.4177219184335383,94,94,50,1
4.7922778135784698,98,99,58,3
0.2864566154122272,96,97,45,1
5.6814772532491382,98,99,62,5
1.5474777814582592,96,96,40,6
1.6016111217365006,96,97,44,6
0.6060065986958318,96,97,57,3
0.6375311551687142,96,96,61,1
3.3391981661612808,94,95,53,2
3.7373645076326687,92,93,41,1
0.6652119426458560,94,94,49,4
2.6342105305592938,98,98,44,7
0.3328219301924473,92,92,48,2
5.0911860027105034,96,97,48,0
2.8012409362411570,94,95,58,1
5.4122298835132971,92,93,42,2
1.5604724896071740,94,95,36,1
4.6264001424369852,96,96,43,3
2.0405593285981718,96,97,61,1
2.3371626528391305,96,96,46,2
4.9669388965493626,94,95,40,7
5.3124045806048690,94,94,44,5
1.3374341519455699,96,97,43,5
6.2199892134407175,98,99,42,1
3.5192384257161522,94,95,51,0
5.4356155324675193,96,97,54,6
1.4908083092150985,96,96,48,6
0.7635423006406996,96,97,42,6
0.9338522626959119,96,96,45,7
4.9158055566989880,96,96,48,0
4.5927501693032635,98,99,54,7
5.4587751640739599,96,97,56,2
5.7335203302795499,98,99,54,1
2.8710595185759522,94,95,47,0
1.9157399752607887,94,94,57,2
4.9107185400063775,96,97,51,5
3.5887770686693559,98,98,52,1
0.9930346177669654,96,96,51,5
2.3713332649418182,96,96,41,5
0.1315653915426400,96,97,50,0
1.1905479658778277,96,96,47,5
0.4683943158675778,96,96,49,7
2.6686290680753793,94,95,47,0
1.1399475233824614,96,96,45,5
0.3661180179468397,92,93,58,6
3.8346675582955565,94,95,49,0
2.9046951950263442,96,96,50,0
1.1978420672422574,96,96,48,4
1.6960256744213209,96,97,43,3
1.8150864943635479,94,94,49,0
3.9377713518890793,98,98,57,2
0.8306777684388534,98,99,52,5
0.6282175899107117,94,95,46,3
1.9827970482241748,90,91,35,4
2.8165261761137828,94,95,49,6
0.1936056748239652,96,96,49,7
0.3888830310592016,96,96,47,3
0.7921614404716809,98,99,41,4
0.6221013037333982,86,87,48,7
1.1218241397772641,96,96,46,2
0.0956751117852276,96,96,45,1
4.3636978446646060,96,97,58,4
4.7115568488848192,96,96,56,0
3.0553341120095951,94,95,52,5
2.8903112736979577,100,101,57,1
6.2072795963464662,96,97,55,1
2.4034764335342724,98,98,40,3
5.3270371077303036,94,95,54,3
1.6543807635374617,94,95,45,2
3.8281439905968107,96,96,51,5
3.1488808484648727,98,99,54,7
2.1398453666598596,96,96,58,6
3.7242244260159239,96,96,44,4
4.5530119709602035,94,95,46,7
4.7330874777782128,98,99,57,0
2.6280188404774916,96,96,48,6
4.2458599817979144,96,97,48,4
1.7351748625749828,94,95,49,2
4.8929860508652201,98,98,45,0
0.7343537725923635,96,96,53,7
3.2982104142537163,96,96,51,5
4.3584061305276798,92,93,50,0
5.1315621062247807,94,95,42,7
3.4035584299202228,96,96,53,5
0.7363814388300653,96,96,50,4
3.7266304268225485,94,95,47,0
5.5230907902562754,98,98,53,4
5.6714542358858813,96,97,57,7
3.2622759110165997,98,99,48,5
2.1963670918179110,98,98,42,3
0.6207658750181043,94,95,33,4
5.1760060785681912,96,97,52,6
1.8738786639820377,96,97,52,0
2.7880371852229446,94,95,51,2
4.5912137408614040,96,97,46,4
1.1651623109918756,96,97,49,3
5.0070865955568031,96,96,49,3
4.3464302798725836,92,93,49,7
0.0269437194398308,96,97,52,2
2.7986178178684065,96,96,48,4
1.9416595759470903,98,99,52,3
0.8346243267856969,96,97,49,1
1.8367308263020852,96,97,50,2
3.6982848296689368,96,96,43,5
1.8924141494619133,92,93,60,4
4.3008322943353825,96,97,53,3
6.2112091946125698,94,95,47,6
5.3929700927123578,98,98,51,0
5.1700049702360342,94,95,49,0
5.2525358218481255,96,97,52,0
3.1011252487579171,94,94,52,5
0.7506842483684506,96,97,60,6
4.3965871880863956,96,97,50,2
5.0299777457771029,98,99,51,4
1.4372208893226526,88,89,37,5
5.6550847436864560,94,95,57,6
0.3356255971304022,94,94,41,4
2.8883380949011692,92,93,53,7
0.9564649222173661,94,94,48,3
2.6138781868206773,98,98,53,2
2.8008954113594342,96,97,51,1
0.2720966758114537,98,98,46,7
4.0165817605246481,96,97,47,3
2.2892979918921830,92,93,48,0
5.8218385581097465,98,98,51,0
1.8862627404940946,94,95,46,1
2.6557617097688206,92,93,51,7
3.6627205932106066,98,99,48,3
0.5954775525427333,98,99,47,2
5.6672742796222373,94,95,54,5
3.5166172824892477,96,97,52,4
4.4520098206052268,88,89,52,4
4.7069579004006821,96,97,47,5
2.5974598640514075,96,96,49,5
2.8040340169961571,96,97,44,2
6.2380444931483607,98,98,50,5
6.2733409689511648,98,99,54,7
5.1858439424073817,94,95,34,3
3.1007932124515305,98,99,52,3
5.7893319525223799,98,99,48,7
4.9038516165344621,98,98,54,7
4.5999932901327245,94,94,41,0
1.9754514821841898,94,94,51,4
5.7950755388339497,92,93,57,3
2.6775764495254282,94,94,46,7
4.7009838927854801,94,95,52,3
3.1716984317164312,92,92,38,2
1.7425297994986622,98,99,39,0
2.3870717437872275,96,97,48,6
3.9315863726679554,92,93,53,1
5.7343533467070298,102,103,57,6
5.0986598334639996,98,98,47,2
3.0161689823272173,96,97,46,0
5.4333079980346186,92,92,49,7
2.4927399867031070,96,97,47,5
3.9295811146865609,98,98,52,5
5.8296464147074527,96,96,50,6
0.0265466625200016,90,91,49,2
1.8031531974962560,94,95,40,7
2.7737406609431230,96,97,48,0
4.1238996937669326,96,96,58,6
0.1197026101009707,98,98,56,1
3.0599071363124231,94,95,44,1
0.2232517651731431,96,97,59,3
0.4477563500843981,96,97,43,3
5.3025621285685069,90,91,46,3
4.4303954835501482,94,95,45,6
2.1771253475210641,100,100,53,1
4.2693119333836478,96,96,45,3
2.9233730918375569,96,97,49,7
5.9987543318375787,94,94,51,4
5.3624491398990033,94,95,45,6
3.0590360366478468,96,96,51,7
2.1579129271486233,96,96,54,0
3.9010937348326489,96,97,54,0
1.1794127613290459,96,97,43,7
4.4434606505030612,94,94,49,6
5.2129494589301384,98,98,42,1
0.3839851477462099,96,96,47,1
5.0123120159096342,98,99,44,7
2.4185527834176974,94,95,46,1
5.8978953005915837,94,95,48,5
3.4956290560353902,98,99,41,4
4.4356948614139977,98,98,43,2
5.6575716437056780,96,97,55,7
1.1393748916783653,98,99,57,4
3.8049434496272023,98,99,50,7
0.4549747729984669,96,97,49,5
5.8437568662788051,98,99,52,5
2.6477661895072466,96,96,55,5
1.1800767095242919,98,99,49,4
0.4175315404363771,96,97,49,1
3.0639035683619400,96,96,49,3
4.8160890255573383,96,97,45,3
5.0582980861120399,98,99,51,0
3.4000551272026924,98,99,52,1
3.4093757442016788,96,96,39,5
4.7804970603444232,96,97,50,6
1.1262100096248104,96,96,43,1
2.4831297707534086,94,94,45,0
5.7850449753812851,96,96,49,7
0.0310628240229842,98,99,50,5
1.0224505029537172,96,97,49,1
5.5629401353734416,94,94,43,4
6.0258898122072875,98,99,50,1
3.9539397062911790,96,97,44,2
3.1552782695596173,98,99,39,2
4.1164439704990325,96,96,37,5
3.2473043391955301,94,95,49,4
1.0961472996291046,96,97,51,3
0.8533351227147293,96,97,48,0
3.4266714748652691,96,96,49,3
4.4585189370877583,96,96,38,0
1.5099324040158755,94,95,46,3
3.0377732547580067,96,96,49,7
2.3602892256368193,96,96,50,4
4.9113761041739821,92,92,48,6
5.3677488216424321,98,99,56,3
3.4820796950390251,98,99,59,6
2.2251025116280396,96,97,47,7
1.7493246381840468,94,95,49,6
1.8296379548120172,96,96,45,7
5.0110587789455634,98,99,47,2
0.9716081381415519,94,94,45,0
5.1221434670417105,98,99,48,1
1.0132082552295858,96,97,46,4
2.4241280523199538,96,97,51,7
0.2702939824781050,96,97,49,1
4.1040216763264121,98,98,50,1
3.7216181642308697,96,96,53,7
1.2292795633841085,96,96,52,0
5.4203996275575133,98,98,54,1
1.1302163722910870,96,96,42,6
3.4383686495190244,100,101,56,4
1.6099661637099179,98,98,45,2
5.1298991683043313,98,98,56,3
2.0643607093153880,96,96,46,0
3.2866241240908538,96,97,49,5
4.3591687395387337,96,97,58,2
2.7406237329858443,96,97,52,6
0.7295389402560314,96,97,45,1
0.2573257121366774,94,95,47,0
3.1040858488852292,98,98,46,7
2.3547734582499360,94,95,51,0
4.7299669324000950,94,94,55,4
5.0665390649434272,98,99,58,5
2.5489667303800014,96,97,46,6
5.1375072373766750,98,98,58,5
0.9557420398910320,96,97,52,0
0.0111837453718194,96,97,56,6
4.0620731864541488,96,97,47,3
1.4479809623979907,98,98,42,1
4.0880878131631864,98,99,50,3
1.7379616221703948,94,94,45,2
0.2771188918527301,96,96,51,3
4.0942079868453627,94,95,57,2
1.0881297812551678,100,100,43,1
6.1254856271671825,96,97,50,4
4.6806554788873864,96,97,49,7
4.8516958370918948,98,99,48,3
5.5603386400946366,96,97,50,4
1.9209060259054902,96,97,46,2
3.6080638250797543,94,94,46,1
3.8029627936315791,96,97,49,3
0.1856788246011844,96,96,48,6
4.4977559022020310,96,96,44,6
3.3758780361610188,92,93,47,1
4.6832723066050015,96,96,54,4
5.7776345883616758,98,98,40,5
6.1004646792627826,98,98,46,3
2.3409627444523511,96,96,53,5
1.2109501458286855,98,98,51,0
2.1114224506131976,96,96,51,1
4.8615854569583714,98,99,51,4
0.5569934282182161,96,97,49,1
1.6940107897005825,94,95,45,4
4.6066047458206123,94,94,50,1
0.9770065446155612,96,96,47,1
4.2982855671454718,94,94,39,0
1.6470169598778241,96,96,50,2
4.3081214269167374,96,97,46,0
5.8989512105616457,94,95,44,7
4.4779740861213124,96,97,46,2
0.4113185661134495,96,96,48,6
5.5562195756808137,94,95,42,1
5.9120514046002235,94,95,48,3
0.3387475807807547,96,97,46,6
1.9102950211228105,90,90,51,0
3.8961777039400047,96,97,47,5
3.5229497277859823,96,96,52,4
5.9122879328825322,96,96,54,0
6.1609122551325903,92,93,39,5
0.5808019146729408,96,97,48,4
3.6692173402574526,94,95,49,4
1.4555790571847440,94,95,60,1
4.1202882237840033,92,92,54,2
2.9128278702580475,98,98,62,5
0.0249571683910899,96,97,52,4
0.4109567112431231,96,96,58,2
1.4000604650200996,98,99,57,2
2.9537645322708861,98,98,52,1
3.8882570642327972,94,95,52,7
3.1717514319476292,96,97,47,1
4.5083037481343080,96,97,51,1
1.6475217146640819,90,91,44,5
5.3824684235397884,98,99,49,4
1.3275567315662602,96,97,49,5
3.0555587077109818,96,96,40,4
2.8616443803339853,96,96,55,7
6.2222564871963462,96,97,46,6
2.9830125842193516,94,95,60,7
1.1680944985260759,98,99,52,7
3.0706051580804217,92,93,40,6
0.4814190411996588,100,101,55,7
2.2873630404216798,98,99,46,1
4.3351396635962347,96,97,50,2
2.0634490106541681,96,97,40,4
3.6040216399635763,100,101,55,5
2.5555249538234510,94,95,63,6
0.0753298379697102,96,96,46,4
5.7929859071562317,96,97,48,4
1.1301898321783004,98,99,39,6
4.0116518756891768,96,96,43,1
0.7906183315818796,96,97,55,7
0.9425209010160123,92,93,40,6
0.0012919955066656,96,97,44,0
1.2990545660761812,96,96,48,6
1.8820258874922904,98,99,59,2
4.8786368439464773,92,93,47,1
0.0513128034408101,98,99,50,3
1.3191588258599667,92,93,57,5
5.9946409006032662,92,92,43,3
2.5003814149688264,98,99,58,7
3.7937527590606397,96,97,53,7
2.3592589824805072,96,97,49,5
3.5214915164297849,96,97,48,6
2.8601853300620288,98,99,45,0
3.8485197967412010,98,99,55,0
2.1557417821007534,92,93,52,6
4.6136487607629224,98,99,51,2
5.0008349383725923,96,97,48,4
4.4585466379562027,96,97,49,1
2.3554785740748323,96,97,50,0
4.0200359934857151,94,94,52,3
5.1665315200027813,96,97,48,4
1.3944047927077188,96,97,50,0
0.1337106819613986,98,99,41,6
4.4166738702178892,96,96,57,1
1.5114042657184972,94,95,42,3
3.5164989657673296,98,98,58,5
1.1615973320094874,94,94,46,3
2.9527248070209478,92,93,46,4
5.0305872667073546,96,97,55,1
5.8024318477938914,92,92,47,1
4.4506684125891747,98,99,42,5
2.7220794810026590,96,96,48,4
1.2894556641216028,96,97,56,6
2.8060977649626100,96,96,50,2
2.5833953048057974,98,98,61,4
4.4559910531410365,94,95,54,7
1.2529512876942370,98,99,41,6
6.2288645305271926,96,97,49,7
3.7852998834382454,94,95,53,4
1.2436123959455982,98,99,57,4
0.2427713424704985,94,94,43,0
3.6530422875780810,96,96,48,6
5.7959793151034704,96,96,59,5
2.8542729328426488,98,99,54,5
3.3014045016868057,98,98,50,1
3.0234589112098456,98,98,53,2
0.6348864513843571,98,99,51,2
6.2813786739409760,96,96,48,6
0.9715821869846655,96,96,47,5
3.7314580480998503,96,97,50,0
5.2959414188208820,96,97,56,4
1.5493862519811352,96,97,47,1
3.6031764832453428,98,99,54,1
3.9337521432210361,98,99,49,0
4.3273786199518316,96,96,52,4
3.5060189971949689,96,97,46,4
3.0720324685534446,98,99,49,0
4.9298971453314300,96,96,41,3
3.1842646246329163,96,97,51,7
2.4118283152445201,98,99,51,4
3.4444601211916783,94,94,49,4
3.4240979428322049,96,96,52,2
0.4138721561234737,96,96,46,6
4.8822318355989704,102,103,62,7
2.4092033604756131,96,96,45,1
0.3431753373618580,96,97,54,4
4.1658440229497442,94,95,50,1
0.1783362037942624,96,97,49,1
0.1430969935982063,94,94,52,1
5.8697377513860900,98,99,43,6
4.3462075869110430,102,103,58,5
5.2772011499552383,94,94,56,3
4.7537277716704063,94,95,50,1
4.2984408995853585,96,96,46,2
1.2799784082390206,96,96,47,3
4.2579366736847000,94,94,51,4
4.9396151842076339,96,97,46,0
4.6584014051214142,96,96,45,3
5.0876650618668986,96,96,50,4
2.5179220679678442,94,94,46,1
3.5735054247057438,96,97,48,6
5.1179630638467666,96,97,56,6
5.1239572070074439,100,101,42,4
1.1295956853599076,96,96,58,6
3.7512960245991986,96,96,47,7
3.6069706857299639,98,99,65,6
3.2623191329071473,98,99,43,2
4.9572480429989554,98,98,52,1
1.1828603291521413,96,96,41,3
0.9944649570024470,96,97,57,3
5.8212011416760729,96,97,52,2
4.7813600432384309,96,97,48,4
4.5550784257544361,94,95,58,1
4.2763879315027449,96,97,60,2
2.8421301956134828,92,93,51,7
6.1838904314740732,94,95,47,6
1.4575463506462727,94,95,55,6
2.9246711901502684,96,97,50,0
6.0324225271502749,92,93,51,5
2.2522636996311496,96,97,47,1
5.8390714035544331,98,99,50,5
5.9398698298369341,96,96,43,7
2.2457467016385051,98,99,56,7
1.2263044346608079,98,99,57,4
0.1028263811270269,90,91,44,1
4.7283862082672945,98,99,48,7
0.8924896060783964,98,99,52,7
0.3532188769830678,96,96,49,1
1.5792553904617574,96,97,55,5
0.6836845844638807,94,94,45,4
0.3328713128689367,94,95,55,6
4.0403079999561697,98,99,47,4
0.4809758428564926,92,93,56,4
3.7282487274212817,96,96,49,1
5.5690469721368911,94,94,48,3
1.4468829865926569,96,97,55,3
0.9821456972366428,98,99,44,7
4.7762369571349561,92,93,52,6
1.7970321017595468,96,96,51,7
4.6778591647940431,96,97,45,1
4.1664189109556498,98,99,51,2
1.0325185657627569,96,96,50,6
6.0147728633050530,96,96,55,3
4.1054560058505567,96,97,43,3
2.7710611980876831,96,97,43,1
4.7041098135242487,96,97,51,3
4.7756583211120605,98,98,59,2
5.6795009593468926,96,97,48,2
5.6458234264056717,98,99,43,2
4.3363995576014549,100,101,50,4
1.7655356784872445,98,99,56,5
2.9481277401076977,96,97,62,2
3.2879085328259920,98,99,44,5
5.1283606840889666,94,95,45,0
5.5113556286843997,96,97,51,1
5.9389287874222738,96,97,51,5
5.5443104067249287,96,97,49,5
5.1888325050793700,94,95,35,4
2.6104061523725544,96,97,52,2
2.7962034667872628,96,96,48,0
1.3784667170108482,96,97,54,4
4.2261184620492696,98,99,51,6
3.7632424377343452,98,98,45,6
6.1041276295725613,94,95,48,5
2.3510468086061844,94,95,50,5
2.7089772659188127,94,95,35,2
3.2960485784163955,96,96,53,3
5.6081319901309445,100,101,55,7
4.7030147102138802,98,99,44,7
5.4208922644181570,96,96,51,3
2.2070486039769990,98,99,45,6
2.9883733239473083,88,89,53,3
0.4721813068831236,92,92,57,3
0.5836938726497821,92,93,47,1
5.6476469860850145,90,91,42,1
5.8500434682028768,98,99,51,4
0.4100333369180901,98,98,55,6
5.2418621571664001,94,95,51,4
5.5709386194872437,96,97,52,0
3.4190843569597877,96,97,48,4
1.3850816828513892,98,99,48,1
0.2560628603465895,98,99,49,2
4.2409934969458360,98,99,51,6
0.4227174554285567,92,93,43,5
3.9313744634657106,90,91,44,3
0.1691365354281559,96,96,53,1
1.3502768601380104,96,96,54,2
3.2389474811247636,98,99,45,0
4.5319228195426815,96,97,48,2
4.5954172922297678,96,96,47,1
1.1222032342803814,96,97,52,4
3.6790262008332069,96,97,50,4
1.7743752413073406,94,95,44,3
4.6225613411418403,98,99,55,6
2.0319441347307818,96,97,40,4
3.5162495590906002,96,97,47,7
1.9750918553392673,98,99,56,3
3.8669113819236989,96,97,52,6
6.0390529117249203,96,96,55,5
2.1652537245566985,94,94,54,5
5.9568938172806130,96,97,53,7
0.4676533230596547,96,97,46,0
5.1335629150517761,96,97,53,3
6.1263586281259430,94,95,43,4
3.9783353275307949,94,94,47,6
3.2329591530290962,94,94,46,1
0.8773077805020875,96,97,49,3
2.6544110466799480,98,99,48,5
1.2034863888762086,94,95,49,0
4.0454899445436183,96,97,47,3
4.2600639893598808,96,97,53,7
1.5131491941375050,94,94,54,7
5.7352527654618353,98,99,56,1
3.0329898332326279,94,95,48,5
3.9912225009188007,98,98,57,4
1.8198173599594578,96,96,44,4
4.1497491804837736,96,96,51,5
3.6444777341956724,98,99,52,7
3.4511676159722100,94,95,45,0
5.3187682680174850,94,95,46,7
3.4951317580106531,100,101,49,7
3.6904245083370228,96,96,47,3
3.8125728194657036,96,97,57,5
2.3576183334693552,96,96,55,7
1.6632618223729969,94,95,40,5
3.9270689806848114,96,97,51,1
6.1453382123934528,96,97,47,5
2.9591150111228459,96,97,54,6
1.7441274038854462,98,99,51,2
3.6391045596949416,92,93,51,3
2.7559983646021058,96,96,60,0
4.1422145147820641,92,93,56,6
0.0325033586388509,96,97,53,7
1.7816297976020581,94,94,50,5
3.1776082949464302,94,95,56,7
0.9546146890459156,94,94,56,3
0.4570398325850640,96,97,49,3
4.1315506236913295,96,97,52,4
4.2960275511128536,96,96,43,7
2.0808360065440823,98,98,48,5
5.0505665402927136,96,97,47,5
3.3897407401133295,98,99,44,3
2.5371300685108351,96,97,56,4
0.3162370266612292,96,97,50,0
0.8389717366564671,98,99,59,2
4.8206254813176956,94,95,49,0
4.5316139178071273,90,90,47,2
0.0353026146724817,98,98,49,2
0.3104164511638498,98,98,59,6
1.2040848136615889,96,96,51,1
3.7491946162090279,96,96,45,1
0.1135123092672401,96,96,47,7
4.2520809264234325,90,91,38,7
0.7367967571205064,98,99,64,1
5.9965070663839972,100,101,51,3
5.2301184930944986,94,95,50,7
2.1210149452744971,96,96,44,4
0.1979343146792339,98,99,43,2
4.5507731355522338,94,95,43,0
2.2371445312066185,96,97,48,2
1.3377561520157093,96,97,52,2
3.5262668331845144,96,97,51,1
6.0575876774469082,96,97,47,7
1.7875761783847004,98,99,49,4
2.5658275812890809,94,95,42,1
1.9500600862495423,94,95,48,5
4.4686349340350020,98,99,53,6
0.9184103001148046,92,92,38,4
6.1102304375141951,96,97,50,4
2.6634589878123940,98,98,44,3
4.5257834930989560,94,94,44,1
0.3929819700558979,96,97,52,2
0.5683262292204309,92,93,47,7
1.6101559627394963,96,97,60,0
0.7090717377725717,96,97,51,3
4.1964607705764818,92,93,53,1
2.6930280671108502,98,99,39,6
4.4136137249100482,96,96,46,2
0.0041079728298283,96,97,51,5
0.3775079598738532,92,92,50,6
0.9354794502330380,98,99,54,5
4.9231328416868267,92,93,50,6
6.0330726736114535,96,97,34,2
5.2190845583445391,100,100,54,6
1.7322698882051104,96,96,46,2
2.8172625301439176,96,96,49,3
6.2362382526944407,92,93,51,5
5.4796797669011603,94,95,56,7
1.1916510682666821,96,96,51,1
1.7683017044950540,98,99,58,3
4.5773958497468117,94,94,48,5
1.2184026808686814,98,98,56,7
1.6956914458740180,96,97,58,2
2.8998660433996419,94,95,41,6
4.4780505865079183,96,97,48,2
2.7952018188116621,94,94,48,3
5.5677392276126829,96,97,46,2
1.5844736182628674,96,97,51,1
0.2550669864060426,94,95,50,1
0.0884071628033401,96,96,49,7
5.8903996183343725,96,97,53,5
5.2389113173504116,94,94,49,6
2.2589273324158019,96,97,52,4
5.7804503619967473,96,96,54,0
4.4593168130793606,96,97,47,7
3.3617367070958952,96,97,45,1
0.5038731650505911,90,91,47,4
2.5051892494119925,98,99,61,0
1.3153892428048197,96,97,54,4
0.7966238104551252,98,99,57,6
4.6487717764537475,94,94,49,6
3.3967895636236536,90,91,51,0
4.6882199275652718,98,99,44,1
3.9631508216763143,96,97,52,6
5.5400917432911143,98,99,49,2
5.9770944677313915,94,95,44,1
2.8637477001747693,98,99,49,6
2.4262840795344727,98,99,53,4
6.0779469093332930,96,97,46,0
6.2115216718987050,96,97,51,7
5.9264284100823668,98,98,48,5
0.3632136115111876,98,99,55,0
0.0763058969188612,96,97,55,5
3.9762337421689589,96,96,50,6
3.8512201473082071,96,97,54,4
1.6015210358796683,98,98,42,3
0.3683028386518508,98,98,53,0
3.4804767542333672,96,96,58,6
1.0191367642292097,96,97,54,4
5.0258667852482626,96,97,52,6
2.5919781234463848,98,99,60,5
1.1963608693717820,98,98,56,3
2.5788368826818124,96,97,49,1
5.2255831917505970,96,97,47,5
4.4168053522032169,98,99,49,6
4.8511061457661997,96,97,49,7
3.0825528397542925,94,94,53,0
4.4785424328763748,96,96,52,4
6.0629587859428193,96,97,49,5
1.9084937072806061,98,99,46,3
0.4078671679137995,96,96,51,3
1.6887157665834525,94,95,52,5
2.8729830389965252,96,97,48,2
5.8675875771515456,96,96,49,7
3.0030852141831463,98,99,53,0
3.5338993773431042,98,99,56,3
3.8691213946803655,88,89,46,6
2.6598033759755526,94,95,49,2
4.3533550625296380,98,98,55,2
4.6050556869634134,98,99,52,5
4.1420969191691466,96,97,58,6
4.3080480374158858,98,99,51,6
1.1838766107333376,96,96,50,2
4.0223920888914897,98,98,53,4
2.7769904439783177,94,95,57,6
0.6307579549447783,94,94,51,0
0.0170334125302096,100,101,51,3
4.2580147050025134,94,94,47,4
1.7429386098107926,98,98,49,4
5.2318120208529280,96,97,51,5
4.6859571086240086,94,95,44,5
6.1997782959838590,96,97,43,7
2.5343802333888892,94,94,49,6
0.1052955943320739,98,99,49,0
0.8695956870989887,96,96,50,4
5.7965339620954435,98,98,48,5
1.4620250410712421,98,98,47,2
4.5466108212012308,96,97,39,1
2.3051911477703229,92,93,37,3
0.3258981216624139,94,95,64,7
3.2828313821929185,96,97,51,1
0.2148447252516485,94,94,44,5
0.8217327725335565,96,97,45,7
0.4379560477180007,94,95,53,2
2.4921976330452402,96,96,50,0
1.2114634634296546,98,99,56,3
2.2068796286542556,94,94,41,0
2.4261257634362936,96,97,58,2
2.6546720156963044,96,97,48,0
0.3886989311343238,94,95,58,3
5.8693526868901751,98,98,51,2
5.6895957913597321,98,99,61,2
2.9995792753254213,94,95,61,4
0.0802889528786824,96,97,43,5
0.8459421965173147,96,97,49,1
2.7314783870007244,98,99,64,7
1.9496215457630548,94,95,49,6
2.6179927596179504,96,96,49,3
4.1124699564376277,92,93,44,4
5.9131372703202238,96,97,49,7
5.1903919886720944,96,97,45,5
4.8397157300509885,94,95,46,5
4.0870456864958111,98,98,54,7
1.7627537281242154,96,97,56,2
1.4225284184873455,98,98,43,6
1.5683060896799661,96,97,45,7
1.0337505583006328,90,91,47,4
3.6753854189836641,96,97,52,6
5.6715540061643637,90,91,55,0
2.1486125124470878,98,98,43,6
0.2983307610247090,96,96,52,6
2.0184430639428967,98,98,57,2
1.7877108819854284,94,95,45,4
1.4549228196221726,96,97,46,4
0.8619120278457050,96,96,45,1
5.8145632952761277,94,94,47,6
3.9235894508470559,96,97,53,5
2.6423758547992517,96,97,50,6
2.5509461365673172,94,95,57,0
4.1838309445890225,98,98,59,2
3.8628401997098436,96,97,50,0
2.7697759082419720,96,96,53,7
0.4489981971067588,92,93,48,0
0.5797228377089246,94,94,59,2
1.9203040144009051,96,97,53,5
6.1910081810426174,96,97,50,6
2.5883745740549706,94,94,40,5
2.4400040960245879,94,94,51,2
5.6881957861963075,94,94,43,0
0.7585318823093371,96,97,53,7
6.0519119841145681,98,99,54,1
3.6612637515580588,96,96,45,1
5.2989998438109351,94,94,51,6
5.9568283949195093,96,97,48,4
0.0228040661399764,96,96,48,0
3.4531001171294040,96,97,50,0
2.2280315085085909,98,99,58,5
4.5024071666072922,94,95,47,0
5.7884099665784934,94,95,54,1
1.1684248815927452,96,96,59,7
3.5194739485781903,94,95,49,6
3.9590442093767702,94,94,49,4
4.8104577856622237,94,95,46,5
0.3633147837182942,100,100,55,7
3.6865261098319548,98,99,51,4
3.0841072921454598,94,95,50,5
3.0411117088815640,94,94,46,3
4.4393053056561556,98,99,42,5
5.3590908282902037,94,95,44,7
4.2940821052444615,96,96,48,4
5.8884559526374458,94,94,54,1
2.7694979666796828,94,95,52,1
4.5897276148544703,96,96,51,7
3.6237304617129165,96,97,51,1
1.1363010560996933,96,97,47,3
1.6828204588399260,94,94,54,7
4.2974917992548098,98,99,55,2
1.2696651087968753,96,96,37,5
0.4782058884423686,94,95,49,4
3.9216106172007361,98,99,48,7
3.7502716851491389,94,94,47,4
0.3929573648838083,96,96,51,1
0.1009101526051125,96,97,50,2
3.2741085323968120,96,97,51,3
4.4972942378764245,96,97,52,4
2.9693650149400912,90,91,51,6
1.6920104539578729,98,99,54,7
5.5293314636660229,96,97,48,4
1.6802823942895133,96,97,51,3
3.7176411772293938,96,97,56,4
5.9199540176678518,96,97,52,4
3.5385476118983021,92,93,47,3
4.6606430071852820,98,99,51,2
2.0303692976482677,94,95,46,5
2.6262553263359329,96,97,48,0
3.3919661877013048,98,99,50,1
1.9757559359728032,98,99,54,5
5.3225045773935200,96,97,55,5
4.7999758212890873,92,93,42,4
4.9468382539254820,94,95,54,7
5.6585757099175060,96,96,53,5
2.9621488273928493,96,97,47,5
3.8367199538403902,98,98,50,1
0.9028061044069062,96,97,51,1
1.9905764573809115,90,91,52,7
2.4431435215359785,96,96,43,3
1.9915463376790892,94,94,47,4
5.1176301956525849,96,97,44,6
5.5762901048149169,98,99,47,2
2.7395214411147939,94,95,41,0
1.7129992757437913,98,99,46,1
1.9930487400021595,92,93,49,1
5.0425255638189910,98,99,54,3
6.2641619445937318,98,99,41,6
2.9275539194438012,96,97,64,0
2.0647489507786716,96,96,54,0
2.6489246825241564,96,97,48,2
2.5952111323229294,96,97,43,3
4.9395779881512274,88,89,53,1
2.0014402329420720,96,97,54,4
4.3060697400837276,98,99,53,4
3.0082785410211570,96,97,49,1
6.1380329670073142,96,97,52,0
4.2860320870860091,98,99,56,3
5.3982435875030221,94,94,59,0
0.0465142634623403,94,95,54,5
3.3517058989995974,96,97,41,5
2.7696413905425192,96,97,49,5
4.2978235167652983,96,97,57,3
0.5868080302019113,92,92,46,0
2.0087677265265222,92,93,45,3
0.2199221215820479,96,97,44,0
2.7112516936189359,96,97,49,5
4.7796157876491190,98,99,42,5
3.8502898112449313,96,97,50,0
2.6248239632657473,96,97,42,6
4.2924328701213010,96,97,56,0
2.1257466933328564,96,97,48,4
1.6055853856364488,96,97,49,5
1.7013834339493088,96,97,49,1
3.5768035393494944,94,95,51,4
1.9897638543636373,94,94,53,4
3.6609855978395465,98,99,59,2
4.0442434282819102,98,98,55,0
0.4717659984559818,96,97,52,6
3.2975991434908911,98,98,51,2
0.3605539253594400,94,95,42,7
1.8796903791203170,98,99,43,4
2.6310644445137044,98,99,44,5
1.2037431708925750,96,97,52,2
5.7390018335893700,96,96,49,7
4.9221794198871711,96,96,60,2
5.7434747974070692,98,99,55,4
3.0048604259077907,90,90,44,1
0.5812323291438942,96,96,48,0
5.1270899101527965,94,95,47,2
3.2612942116504020,92,93,49,1
1.6717410076035975,96,97,54,2
3.7345811126567567,92,93,50,4
2.3193216615946408,96,97,60,4
4.0191980576479409,96,97,51,1
5.5014347569925901,94,95,43,2
5.9516336291700913,94,95,51,0
1.4305857062740244,96,97,50,2
4.6070963051974996,94,95,47,4
3.0534515115590843,94,94,49,0
4.2766172233675199,96,97,48,2
2.6116671191290211,92,93,57,7
5.1275636117728096,96,97,46,4
4.3092408862386931,98,99,54,3
3.3993100971624628,96,97,51,1
5.6386130514784458,94,95,54,5
5.7258853626569071,96,97,47,3
3.9240340570561898,96,97,51,7
0.5647996179054002,96,97,58,6
5.4309435420361050,96,97,52,4
0.8316936126489144,96,97,53,3
1.1360703282684423,94,94,42,7
5.4670737095618067,96,97,47,3
2.3469167600571335,98,99,58,7
2.5682446074392611,96,97,42,4
0.4707387344539056,98,99,49,6
0.9954847951255202,96,97,46,6
5.0409216516113569,96,97,44,4
4.8695366862678382,96,97,45,7
0.3640837436337468,94,94,49,4
1.0471055660922974,96,97,45,7
3.6550208481540563,98,98,53,2
6.2702713382775919,94,94,58,7
2.8967147306518854,96,97,49,7
4.0598335179006382,94,95,53,4
2.0164347972566321,94,94,44,3
3.4081071939460346,96,97,44,4
0.9972738614571041,96,97,48,6
2.9923043539328060,98,99,55,0
5.6142731830664339,96,97,58,6
0.4940511496088222,98,98,46,3
5.1079413165128704,96,96,52,2
1.9412933205839331,94,95,54,5
4.5975221746626298,100,101,53,7
2.4384647841556388,94,95,48,3
0.5784871213020557,98,99,49,4
1.2415955532099776,98,99,45,4
0.0165925622231945,94,95,46,3
2.8675168267287492,96,97,49,5
1.7620255150591242,98,99,55,2
2.7851314764068751,96,96,45,1
2.7407771871888817,98,98,58,3
0.5029986848396146,96,97,49,5
0.5734984050685991,94,95,54,7
3.6564875335873497,94,95,52,3
2.3107290366722069,96,97,44,4
2.3282500693610828,94,95,56,1
4.0185709956439624,98,99,56,7
6.0658127605341186,94,95,42,7
4.1612233206277489,94,94,51,2
2.9030434721274134,98,99,55,4
2.6632724987414713,98,99,52,3
5.2926775842361629,98,99,59,4
1.8483481661233658,98,98,57,6
4.3501638354995231,96,97,48,2
5.9301067487013439,96,96,57,5
2.2511402687072244,94,95,49,6
6.2317998719999341,90,90,41,6
0.2257095927130477,92,93,51,5
3.0388366909847484,98,98,45,2
1.0399817669033160,96,97,51,5
3.8500259164318247,96,96,47,5
4.7439064448250772,96,97,47,5
4.5950671934678144,96,97,49,3
3.4171712550703512,98,98,49,6
4.0702275258218741,96,97,49,3
6.2211704584970926,98,99,59,0
4.8540371537690037,96,97,52,2
1.8114183563101629,98,98,45,0
5.8249733848372065,94,95,55,6
2.1969270436756290,96,97,48,4
4.2229111537860202,96,96,51,1
6.0391628940089896,94,95,45,2
5.7798260712342104,96,97,58,0
2.9474845534158529,96,96,50,2
6.0734962286560181,98,99,51,4
3.0341846399185699,88,89,41,5
4.2556284218800657,94,95,45,6
1.9502705201494908,92,92,41,1
4.8016252802242194,96,97,48,0
6.2153486226814039,96,96,55,5
4.8612350132204583,98,98,53,4
0.6260352710272664,98,98,50,7
2.4291324354682637,96,97,60,4
3.8830120445399743,94,95,48,5
2.0995118627114886,96,96,46,4
5.4803281690362402,92,93,53,7
1.0947253405224826,98,98,62,7
3.7197170768560324,96,97,52,0
5.0000859088592344,98,99,56,5
3.2303522176443038,98,98,55,0
2.8448269987379322,98,98,53,2
0.5541647807451939,94,95,51,6
3.9940653963743653,98,99,51,6
2.3152816128616212,98,99,52,3
3.2247344119948980,96,97,47,5
5.7211793234369646,98,99,53,0
4.8466452905687119,96,97,50,4
1.9338162960877963,96,96,65,7
5.2224214013268000,94,94,58,7
2.7133490557583588,96,96,48,0
2.3514526076349505,98,99,52,3
0.9722351398513370,94,94,46,7
5.3708061240614908,98,99,58,3
4.3547098649555869,96,97,59,1
2.0353669209660681,98,98,54,3
1.1631563909515270,96,97,49,5
2.6438886685325085,98,99,46,1
0.5096768974003142,98,99,43,4
3.2640294964063137,98,98,40,5
0.9891470871131656,92,93,49,7
1.4608359462353693,98,99,52,7
5.1503339832587614,94,95,48,3
0.1905120200881883,100,101,58,0
3.4535261633192995,102,103,53,4
0.5074851217283477,98,98,52,5
0.3940717839748368,96,96,52,2
5.4594741085337546,98,98,56,1
2.9247353677420489,94,94,47,6
1.1498752222833615,96,97,49,5
5.7358870747115063,90,90,42,3
5.7485404802873106,96,97,56,6
4.6187681274510188,98,99,44,1
2.9093383157425543,92,93,51,7
5.8321379053916438,94,94,49,6
5.0825683063317539,96,97,57,7
2.5697239736622302,96,97,46,4
4.4488221627755582,94,95,48,1
0.8595290127093581,96,97,52,4
0.6927103157646672,100,101,51,7
4.6472838366482341,92,93,50,6
5.9572430594570456,96,97,48,0
4.9541986690188109,96,97,56,2
0.9678416673978051,96,96,48,0
2.9371235082636669,106,107,60,7
0.0773202304934982,96,97,57,1
0.6889488458760202,96,96,48,2
1.1033589992270942,94,95,45,6
0.2869457050361272,98,99,47,2
5.5315357691154219,94,95,59,2
5.4318740290807206,98,98,40,3
2.6378601847767351,96,97,57,7
2.7050885410718482,98,99,48,7
1.7457864524775228,96,96,47,1
2.5222734491072414,94,95,53,4
0.1769522358995632,98,99,42,1
4.3433852172374579,98,99,53,4
1.3987592790579395,94,95,44,7
2.4334882619860156,96,97,60,6
3.6564495620832744,98,99,58,3
5.8255024347568414,84,85,50,2
0.0197528552465672,92,93,56,6
2.0793430335993248,98,98,50,7
2.2273277779468956,96,97,47,3
3.2229682756301581,92,92,54,4
3.6810607778010458,96,97,47,5
0.2064928854916427,96,97,43,3
2.9675049422768227,94,95,47,6
1.4256104640403771,96,97,60,0
5.7817700551630349,96,97,49,5
3.5969501423263743,98,99,55,4
5.2350566429851959,98,98,58,5
5.8089386808943599,96,96,43,5
1.0204847137237816,94,95,59,6
3.6323330704472392,92,93,46,4
5.0525354420820872,96,96,43,7
0.1215987791151833,96,96,51,3
3.2993515597556407,96,97,46,2
5.6734230098853979,94,94,46,3
4.6733459242626987,94,95,52,1
3.3270389149489894,96,97,52,2
6.1875204497992771,94,95,55,0
5.5212383966075240,94,95,49,2
1.4460647686492629,98,98,47,2
0.7641844119047948,98,98,52,7
3.4895272949199230,96,96,46,6
2.5320653206602910,98,99,52,3
5.3259178939982359,98,99,58,5
4.9943280870621471,98,99,52,7
6.0816509170401369,96,97,48,6
5.3801090833588088,90,91,48,7
1.1298595135454799,96,97,48,6
6.1880644005042384,94,94,46,7
4.2125228149689304,98,99,54,5
5.3255697206683177,96,96,44,4
0.9212529429661573,98,99,57,4
3.6532113478352035,94,94,40,1
6.1660480631940411,96,97,43,5
2.4851702203928552,96,97,45,7
0.4909279485127784,98,99,55,6
5.1111474195151079,98,99,47,6
2.6068739051756036,96,97,48,2
5.3826849596128650,96,96,47,7
0.2233589170646666,94,95,48,3
6.0096301742437719,98,98,60,3
4.5652127860136176,96,97,52,2
5.1012839284957074,96,97,46,6
2.3196436667392479,94,94,44,7
5.1427822843449791,96,97,55,5
0.3472123136793917,94,95,47,2
2.3786883269145163,96,97,49,7
1.6960489237533789,90,91,40,5
2.6035690076373386,94,94,50,5
4.7688887626008096,92,93,55,3
2.7090593414675661,96,97,44,0
0.8453028346113992,98,99,50,1
0.0587476708268347,94,95,36,3
5.6498156664375463,94,94,41,2
5.6175489306924895,96,97,46,4
2.4255143371830226,96,97,51,7
3.5147678513838518,96,96,46,2
3.5380210431894255,96,97,52,6
0.0166701476883690,96,96,53,3
5.1078380141382498,96,96,47,1
3.5929834880638665,98,98,44,1
4.8238173923813505,92,93,49,3
1.6589532406498184,98,99,52,3
1.4174093557012788,96,97,51,1
3.2942680368379627,96,97,48,2
5.8791383718856771,98,98,43,6
1.3093711623322883,96,97,45,3
0.1126162401205428,94,95,44,3
3.5774664931463325,98,99,54,5
4.5044052106574286,96,97,50,4
2.5757027419677381,92,92,49,1
2.5192529130817847,96,97,38,6
1.4981208813478673,98,99,55,2
0.2983284215295797,94,94,43,0
5.0961063164320732,94,95,48,1
4.7092481348501085,96,96,54,6
0.1868819158885645,98,99,55,4
4.1931419574427187,98,98,54,7
3.6760693040912940,96,97,61,3
2.6897677874005645,98,99,42,1
0.6610148079726992,98,98,49,6
3.7921947233096174,94,95,52,1
2.6470938598716991,96,97,53,7
4.1365283707008462,94,95,53,4
5.0031015056639854,96,96,51,5
5.2832909404848731,96,97,59,7
6.0993534896972905,94,95,41,2
0.5892173229299174,98,98,49,6
4.9886605110390292,98,98,48,7
5.3118937506802766,102,103,54,3
3.2563753435224116,96,97,42,6
4.7106560262303123,98,98,48,5
3.5161763434015154,94,95,45,0
2.7868195884040805,96,97,49,7
6.0203703174592711,96,96,53,3
2.2210065361314859,94,94,42,1
2.8847887513442201,96,97,48,6
3.9729779724484544,96,96,48,6
2.3116230511053808,94,94,53,0
2.8844371990341346,96,97,51,1
4.5780051747491068,96,97,52,0
3.5213657857008758,94,94,51,0
3.3139845426341843,96,97,48,2
0.2160192884631925,98,99,56,5
4.1280095052298282,96,97,50,0
4.8036754747034536,96,97,59,5
1.9847269262657097,96,97,55,3
2.2024611961060314,98,98,56,3
1.7098718660229673,96,97,55,1
0.9476706408896454,94,95,51,0
2.7066667599257750,84,84,42,2
5.6662557099960047,94,95,50,3
0.2011790520737436,94,95,45,2
5.0859129946480373,96,97,45,5
4.2461203887707502,98,99,58,7
1.1255158699385184,98,99,49,0
4.7948137333966692,98,98,54,1
5.0643472651086681,96,97,50,0
1.4098382652103525,96,97,52,0
2.5463874214410946,96,97,47,5
0.2269216364351790,96,96,60,6
1.2502103093249695,98,99,43,0
3.4753172230907463,98,98,50,3
5.4373555145645573,94,94,46,1
1.6734694566496311,98,99,50,1
3.0602220538198130,98,99,44,1
3.0011946914823180,96,96,45,3
5.1231382031084127,98,98,41,0
5.9411297407071659,96,96,43,7
3.1950242332312633,98,99,49,4
5.8575899490559946,96,96,44,6
2.2029880105892476,94,95,50,1
1.5720254414198314,96,97,46,6
5.2362661156961527,96,97,49,7
2.1198902112631166,100,100,56,2
0.9161708474377470,96,97,47,7
0.2951260541885611,98,99,47,6
0.5133729899169890,96,96,46,4
0.0572653216397206,98,99,48,3
3.0936311824782230,96,97,52,0
2.6684643262849335,94,94,41,6
0.9832569395068744,96,97,48,2
3.5486329719510272,94,95,41,6
5.2153954199843975,96,97,44,2
0.5722085104741848,94,95,48,7
1.0866186609657009,96,97,52,2
1.1163860327613675,94,94,49,0
1.6164854210263482,96,96,49,3
4.2540500972309143,96,96,43,3
0.3239180471437422,96,97,53,7
5.3762990326869824,96,97,53,5
4.1018523079425107,98,99,58,1
4.0786139860097048,98,99,60,7
1.4968772450672170,96,97,50,0
0.6610204516015653,92,93,47,3
0.6241022295914028,96,97,56,2
5.6939730277385037,96,97,56,6
5.1176691906982112,96,97,53,5
4.1002973766993209,94,94,43,0
1.3028518552859163,96,97,53,7
6.1793058118679669,92,93,53,1
2.7686667554536344,96,97,49,3
5.5492932885468349,92,93,49,5
0.9683057513460112,104,105,65,5
4.8347883460823198,96,97,50,2
2.0708431183439813,96,97,50,4
3.6334458981719111,94,95,53,4
0.5912179159864611,96,96,49,1
0.5470540755102149,98,99,47,2
4.0581624777392049,98,99,49,0
0.6764526541376691,96,97,43,3
4.3714445714501107,98,99,56,3
3.6046181657563494,96,96,53,7
3.3459839306110708,94,95,56,1
4.9976784766663993,98,99,54,5
0.3480108017193900,94,95,56,1
3.6032687125226155,96,96,41,1
0.5995321912727373,96,96,45,1
3.1019835432657965,96,96,50,2
5.3267382635393519,96,96,52,0
5.5749345665016836,98,99,46,5
1.3895056315152992,92,93,45,3
1.9913617366541638,94,95,48,5
1.8636094947131612,98,99,45,2
0.3684080938664104,96,97,56,4
6.0114922024465525,88,88,42,6
1.4580527500900864,94,94,45,4
0.1589013482267135,96,97,49,5
1.7753997123731020,98,99,50,3
1.9491556198113453,96,97,51,5
2.4874383475494977,98,99,57,4
5.8237499214765469,96,97,57,7
2.8413918089192540,94,94,53,2
4.7251796565210986,98,99,52,1
3.8629719667251003,98,98,48,1
3.5209074583858957,96,97,51,7
5.7244930127949605,96,96,58,4
4.2914863641797627,94,95,45,0
5.2082954310793150,100,101,48,6
1.0520426566039698,96,97,44,2
0.6061571885272340,94,95,47,4
5.1566997537678949,96,97,50,0
1.1771320778171193,94,95,53,6
2.4482720850115296,100,101,55,1
1.9318367990580245,96,97,53,1
0.5737055010562450,96,96,51,1
0.3775135321081885,96,97,51,7
2.2664875524676105,96,97,58,2
4.9150396504845304,96,97,57,7
5.7100903220435431,96,97,44,0
4.6640642355154887,98,99,58,3
0.4597381811951007,96,97,51,3
4.5168945650054155,96,97,42,6
0.8061031357316968,96,96,42,6
5.4247867662723026,96,97,42,2
4.8630968464129545,96,97,54,2
5.1666588662462924,94,95,49,0
5.4338998534988816,98,98,54,3
0.1958817629725549,96,97,43,1
5.7659475171294305,96,97,52,6
0.2567194438167070,96,97,45,3
0.1282484516361584,96,97,53,5
5.6861551391590401,96,97,46,0
2.8468298196816759,98,99,56,1
1.5719209449636267,96,97,47,5
6.0828825309243619,98,98,50,1
1.6958310280144047,96,97,50,2
5.7000279901922513,96,97,54,6
6.1972715141227530,92,93,53,3
3.3614893576234262,96,97,45,7
6.1309019140860475,94,95,45,2
5.7667152098238175,96,97,47,5
5.2938972532933892,94,94,45,6
4.6602632954843477,96,96,45,5
2.1117925475249542,98,99,51,2
0.2130996523070343,96,97,48,6
3.0855572423430928,96,97,52,2
0.2704277406095593,100,101,47,1
6.0638522883182038,98,98,60,7
2.7278580039447142,98,98,54,5
2.2583180477682117,96,97,54,4
4.0986571934674938,96,97,50,0
0.8808954519965486,92,93,53,5
1.6306912480024842,96,96,43,7
3.4443555931145120,98,99,50,1
4.8544309098927378,94,95,53,0
0.4157581646279954,96,96,51,3
1.5474542035125243,98,99,45,4
3.6328301333738988,96,97,60,4
0.1695170786247735,98,99,50,1
1.8247567724332467,96,97,52,4
1.9392045991347608,96,97,59,5
2.2765838880994473,98,99,57,6
2.4572614847854344,96,96,44,0
5.1253186908350727,94,94,49,4
2.6126056772137445,96,96,49,5
5.0811695471921503,96,97,63,1
4.1382906717438086,96,96,52,4
2.9796005494363080,96,97,49,3
4.1788370790359917,94,95,53,0
0.1655364974450582,96,97,46,0
5.5419084786453947,96,97,42,0
5.9195503102777147,94,95,47,2
0.4693426272030241,96,97,49,5
5.0619690405952324,94,95,53,6
0.8431248846053873,92,93,42,6
3.0558140990872324,96,96,41,3
0.7454855787768916,94,94,32,3
5.3021730496412536,96,97,46,2
2.9451585250215380,96,97,57,7
1.4971579888514515,94,94,42,7
4.0398923743470858,96,97,51,7
3.4610742782426200,96,97,38,4
0.0294457939703239,96,97,48,4
0.0576423831618900,94,95,49,6
0.8391550522413840,96,96,50,4
5.0729970325212372,96,97,50,0
2.5646733420584176,96,97,59,1
4.6512130807066034,94,95,51,0
2.5062776893525545,98,99,58,7
3.5250274475115209,94,95,51,2
0.9464354534509686,94,95,46,1
3.6773704711788731,92,93,52,6
3.9530332066819747,98,99,44,3
0.4340825829019082,92,92,52,4
4.6577728275888628,96,97,45,7
3.9323016053517241,94,95,56,1
1.8827699318065125,100,100,65,3
5.0590614589865668,96,97,43,5
2.9106569576435675,96,97,46,4
1.4921065473028119,96,96,55,7
4.7049559846557258,96,96,49,3
2.9146840271942565,98,98,54,5
1.5092752800302187,94,94,50,5
5.3765395846855322,96,97,53,5
2.6035352956067244,94,95,52,3
0.0588173883040715,96,97,50,0
1.7103672539412715,96,97,52,4
2.6451467687810428,94,95,52,3
6.1959590515913119,94,95,56,7
5.7902266284764137,96,97,55,1
4.7269706397264271,98,99,43,6
4.8532218032535779,96,96,47,1
0.8358898561802600,98,99,52,3
1.8346826604458162,98,99,52,5
5.3171264332039110,98,99,58,5
5.7788985138153048,96,96,49,1
1.5159663068804514,94,95,52,5
1.8914740327760662,96,97,46,2
1.2519656366788534,98,99,58,7
4.7870808366739181,94,94,53,4
6.1895836992341540,96,97,44,6
5.8979977514639410,98,99,52,7
2.0531957886074408,94,95,58,7
3.5935050605192633,94,95,41,6
0.2536587184319824,96,97,49,5
1.7626050016267150,94,95,46,1
0.6962895102184440,88,89,43,3
0.6376603756044086,96,97,54,0
4.8370467036721569,94,95,44,7
5.0783327223513259,96,97,49,7
0.9821926940499329,94,94,39,2
2.0574418634133402,94,95,49,6
2.1736074336225246,96,96,48,2
0.2590988753544788,92,93,50,4
2.2883156797492861,94,95,51,2
2.4570527304055263,90,91,45,2
4.7865214739343429,94,94,48,7
0.9166433810410212,94,95,45,4
6.0320793298455246,94,95,43,0
3.1481919849731854,96,96,43,5
5.7464363025741294,92,93,37,7
3.0905945410399731,96,96,48,2
0.4182060164996766,98,99,49,6
2.6241101852686568,96,96,53,5
5.5248630498035745,96,97,50,2
4.5127536985292505,98,98,43,6
3.3930037284511307,98,98,53,4
5.8835624438268823,96,96,48,0
2.7518696448204563,96,96,43,1
3.3017870635897717,96,96,56,6
5.3510252176546125,94,95,52,5
1.0320172900171551,96,97,50,2
1.8643144171585824,96,96,52,0
2.7060374132912925,96,96,52,2
3.4022177253902117,96,96,46,2
4.2354309092928055,102,102,53,6
2.7128481163953633,96,97,33,7
0.3889051428041961,94,95,38,7
3.6752513539205931,94,94,42,1
3.3865520293756770,96,96,51,3
1.4305601494776041,96,97,58,2
5.7284661930325820,96,97,54,4
0.2187787524817598,98,99,55,4
5.7112352393507138,94,94,52,5
5.0008157751515459,98,98,52,5
1.6945594169577478,92,93,57,1
4.1142787599804747,92,93,48,4
2.8038874605582342,96,97,45,7
0.2571534855273265,94,94,44,7
4.4557247759758729,98,99,51,0
0.3808997564051884,94,94,43,0
3.5311223846237572,96,97,45,3
2.7518103663261479,98,99,48,7
4.2853682699190854,98,99,51,0
5.0355412447657981,98,99,52,1
6.1934013268469457,94,95,50,7
0.7957447337795088,98,98,54,5
1.3171385983768371,98,99,49,6
1.9678110636345409,96,97,52,0
0.1170934714203441,94,95,46,1
4.9081159606591189,98,99,46,3
0.1608408177395127,96,97,58,2
2.6947166534791775,96,97,50,6
2.2060942489601461,96,97,47,1
4.0400414056598839,98,99,50,5
2.3851771999270435,96,96,49,5
4.5305535061644795,98,98,44,1
4.4351307351120512,96,97,51,5
5.8453178846040581,94,95,50,3
4.1932175798204900,96,96,49,7
4.2041227815549309,96,97,44,4
5.1597193953769489,96,97,52,4
3.3053672254467696,98,99,57,6
6.1626582969669412,96,96,52,0
2.6932423365792033,94,95,49,2
0.8732107306416971,100,101,54,6
5.5336102015744295,94,95,47,2
0.8161348158226588,96,97,54,2
1.5712226738447850,92,93,50,4
4.8431360641187036,96,97,41,3
2.3677376117214486,96,96,53,1
0.6045247786422239,98,99,52,5
1.6976543935138595,88,88,41,5
1.3416657973594011,96,97,56,4
6.0653877188976342,96,96,47,3
4.2265272054351168,96,96,57,5
3.8261610655672667,92,93,50,0
3.3362864082543191,96,96,53,7
1.9447311595794825,96,96,54,0
1.7546897254051073,96,96,47,7
1.3914173552546858,98,99,53,2
0.6231744426834868,94,94,50,3
1.3648048268738473,96,96,54,0
3.4219924106679143,94,95,45,2
1.1910228106509102,96,97,60,6
1.3741334746746121,96,96,46,2
0.2174086321686894,94,95,51,6
2.7539144329105945,96,97,45,1
1.6147555217923639,94,94,48,7
2.0434629381717522,96,97,44,4
0.3238019286449911,94,95,42,1
3.2617919295790339,98,99,50,1
1.4170754948329176,94,95,54,3
4.9456630069363996,96,96,44,2
1.8115863410418900,96,96,54,4
5.1361907440954591,94,94,51,0
2.1263467277913790,98,99,51,4
1.8882179577955986,96,96,43,5
1.4571831264082225,96,96,54,4
1.1356364947397961,96,96,55,3
3.7689421948685067,98,98,43,6
4.1015638752243913,96,96,48,6
4.5757328336013918,98,99,44,7
1.5453088360904619,96,97,57,1
5.6686640914726949,94,95,52,7
2.4261029454699270,94,94,49,2
5.6069287212172201,96,97,50,2
2.1041012947864530,92,92,44,6
4.3669654426424556,96,97,47,7
2.1302653590325895,96,97,48,6
1.5373129299978530,94,95,55,2
3.0601769497570279,94,95,52,3
3.0041223273741666,94,94,52,1
3.1855076190628857,94,95,52,5
1.6917890791226766,94,94,47,2
6.0774452243722088,98,99,57,6
1.3536886149265630,96,97,48,2
3.2074610732550384,92,93,50,2
4.2672085631826242,98,98,44,3
5.0621691023979949,98,99,48,7
4.1869603004139231,96,97,43,5
2.9373157171866175,98,98,49,2
4.6710957187026017,96,97,60,0
3.7312181507598394,94,95,44,5
1.4654280542467388,96,96,51,1
1.2039562255944074,98,99,57,2
1.6564991895795167,96,96,46,6
0.5908510365536181,98,99,46,5
2.9466384873595763,94,95,51,6
4.4936185091296110,96,97,41,3
5.1848632502295953,96,97,46,6
6.1205430895615818,90,91,49,2
2.6281661785632138,98,99,53,2
2.5694067447394167,98,99,40,3
3.9763006163038819,98,99,46,5
0.1718129050266183,92,92,46,4
4.7433697251175468,94,95,47,2
0.2823207050779992,98,98,55,0
3.8341274605044449,96,97,55,1
0.0789029084465587,96,97,51,3
2.4994487844968347,94,95,43,4
2.8871304213628970,96,96,52,2
3.3235923258330833,94,95,53,2
4.2305480320391577,98,99,54,7
0.7227965978685447,94,95,43,2
0.8197134471309443,92,92,52,0
5.0139631794932766,96,97,45,7
1.6166299331390246,96,97,52,0
5.1605648417353525,86,87,35,6
4.9934354483072774,94,95,58,7
4.5484385668100140,96,97,54,4
0.2670829999131197,94,95,46,7
2.7948252591490901,90,91,51,2
2.8232288810393587,98,99,50,5
4.8909817674972196,96,97,68,4
4.0180095178200865,96,97,51,1
0.4144694329288737,94,94,59,4
0.5587399557863871,94,94,49,0
4.0555902691766201,96,96,49,3
0.6197011856591186,96,97,49,3
5.2254806244179273,98,98,49,6
1.0340515930502454,98,99,50,3
5.2596949683650900,92,92,49,7
6.2082587050098423,98,99,51,2
5.2034004204073465,96,97,59,7
1.4597340385082340,100,101,51,3
3.2993450693309012,96,97,47,1
4.8666503888944339,96,96,46,2
1.4409508882451347,94,94,51,0
2.6594868786606343,98,99,54,1
4.4806740278280959,98,99,47,4
0.3287511228961180,98,99,56,5
3.3614846006112735,98,99,53,4
5.1377374966581391,96,97,56,4
2.6012911989069569,96,96,54,6
2.0603465393518814,94,95,40,1
4.4862338462808777,96,97,50,2
5.3951489515122155,98,99,53,0
4.1583304089026125,94,95,53,4
3.0843108204121270,94,94,51,0
0.1181709115241946,98,99,55,6
5.8687951890276322,94,95,53,2
5.0848199943761534,94,95,45,2
1.4269791666058576,96,97,55,5
5.0384733373512951,96,97,43,1
2.7036614941950687,96,97,43,7
1.8057244516398825,94,94,41,4
3.9089430891809633,98,99,37,4
3.2526839449096872,98,98,55,4
3.2504323227351253,98,98,52,7
5.2243634609716860,98,98,59,0
3.4170511086879944,96,97,50,6
0.2446967928286356,94,94,50,1
1.3569825129717952,96,97,52,2
5.2680716193360828,96,97,53,1
1.1087075693379695,96,97,49,1
1.3416434584293817,98,99,50,3
5.8706884694303101,94,95,54,1
5.1474621544934420,96,97,50,2
0.7009425862117644,98,99,53,2
2.0085181325933377,94,95,39,0
1.0552450733145071,98,99,58,5
3.3243912095231893,98,99,43,2
3.9636174640043280,98,99,47,4
1.3172143123321478,94,94,46,7
0.8783751241354792,94,94,39,6
5.9921801146063247,96,97,50,0
2.7954166095746227,98,99,44,7
4.4707551987448033,96,96,46,0
4.3987695358061227,98,99,49,6
5.0965369730571659,94,95,63,4
4.8500560280056524,96,96,56,0
2.5857763849824922,94,95,43,4
1.9497587933841078,98,99,53,2
5.6167267387064177,96,96,47,7
0.0037587398158765,98,98,52,7
3.2901854900885397,98,98,46,1
1.3587214826090035,96,97,52,4
5.9293483947681631,94,95,39,2
2.7657913868427779,94,94,44,5
4.6825111765342253,100,101,53,7
0.1861837602265541,98,99,51,0
1.8101591568825488,96,97,53,3
2.2465889359437812,94,95,50,5
5.4553171299570726,94,94,44,5
0.6586475273732446,94,94,42,7
1.6167824451432273,96,97,47,3
2.9376192793696001,94,95,49,6
2.9060513345629344,94,94,49,2
3.1713238140062963,96,96,46,2
6.0335557127086386,96,97,52,2
5.6269513011596919,96,97,48,4
3.9903256571197145,98,99,52,3
1.5320784558129232,96,97,54,6
4.1012898205087120,98,99,49,2
6.2766148543619362,100,100,46,4
5.6665579753768984,96,97,51,1
5.0938258356244059,98,98,49,4
3.8293557085821344,96,97,58,6
0.7906345947858181,96,97,48,0
1.4465344585405659,96,97,55,3
2.8701476910619736,96,97,49,3
1.0239904115625307,94,94,52,5
2.8339077822753835,94,95,55,4
2.6637968367098059,96,97,47,7
3.2027794404573990,94,95,47,2
3.5322589294909332,98,99,48,7
4.0470841877054129,98,98,43,6
0.5089710351120847,94,95,51,0
2.0937867877457093,96,96,43,1
1.3219554916769365,94,94,52,5
6.0944042092803254,96,97,51,1
0.3785788753140804,96,97,52,4
2.9307263325565729,92,92,45,3
4.2658900739211667,96,97,58,6
5.3015008835510544,92,93,38,4
5.4478962859986071,98,99,56,1
0.2362889209591716,96,96,44,0
2.3431664272866959,90,90,44,7
4.8744452991019251,98,98,55,4
0.3407756865990604,98,98,49,6
3.2648305788942165,96,97,46,6
0.9611882280572212,96,97,52,2
4.7524833597753577,96,97,40,2
4.5985406908588358,98,98,52,5
3.6288071845934504,94,95,49,6
3.5681390659285244,96,97,45,7
4.5320503991295125,94,94,48,7
2.1145861343858465,96,97,45,1
4.1203681879536074,98,99,56,1
0.1463697508016769,96,97,51,1
2.5380093792084071,96,97,49,3
2.0573154107934553,96,96,54,6
5.7014516073841159,98,99,54,3
3.0879453612578343,94,95,47,6
4.2579252521811632,96,97,55,7
2.0174428836020262,98,99,46,7
2.9084528289188483,96,97,43,1
5.9034643654511845,96,97,51,3
3.4702559900487979,96,97,54,2
0.2378902322529593,94,95,44,5
6.2827489416782765,96,96,49,5
5.8495412222967538,96,97,48,6
2.9916773353397939,94,95,53,6
2.6741339059944593,94,95,56,1
3.0384159747120156,96,97,43,7
3.4625005313339270,92,93,52,2
5.1872387444368995,96,96,52,4
5.5283908483100568,96,96,45,7
4.4157276757857726,98,99,51,6
6.1355111824473001,96,97,50,4
0.4296548126830884,98,99,57,6
6.0520526532114705,98,99,54,1
0.7695368609035408,96,96,53,5
6.0045177817303399,96,97,45,7
2.0017770707068179,94,95,44,5
4.9742452537995208,96,97,40,0
4.3641735671870823,90,91,45,2
3.4186381591921311,98,99,46,1
3.6292047882837966,94,95,60,1
2.2516118052089742,92,92,48,6
3.6411207758287514,96,96,56,0
0.2945807800578799,88,88,34,6
0.9400303170838844,92,93,41,7
1.8968889302757972,98,99,56,7
6.2188917194521478,96,97,48,2
0.7611383370800919,94,94,50,3
3.9411076301355927,96,97,41,5
1.7516905842611059,96,97,52,0
1.1863782886588403,98,99,54,3
0.0588158044419589,96,97,57,1
3.0740423353365030,96,97,49,1
3.1847642044818962,96,97,56,0
0.5349808263985966,98,99,51,0
3.9976296158608053,98,99,53,0
0.7084089599978245,96,97,47,5
6.0179338980163850,96,97,43,3
3.2658685049722718,98,99,50,5
2.4983432616813865,96,97,47,7
0.7777929646745453,96,96,56,0
0.8492075891025853,96,96,46,6
4.8370765754225840,98,98,47,4
5.0017043899323870,98,98,51,2
1.1387168730489481,96,97,58,0
3.4597220198686713,96,97,49,5
4.4918917152649467,98,98,51,6
4.1355740099585674,98,98,46,1
5.2044161613496458,96,96,60,6
6.0799949714969772,94,94,47,2
4.2919029028356919,94,94,49,6
2.6860969123764677,94,95,50,3
1.2602507965462493,98,99,52,1
4.5445490864930749,96,96,51,1
5.0988822544217030,98,99,57,6
1.3578792170306067,96,97,44,4
1.1956944515737906,94,95,49,6
4.4642310936094391,96,97,44,0
4.9997639059486243,100,101,52,2
2.7692176154068777,96,97,54,0
4.4152501241063025,96,97,43,1
2.6260334120121422,96,97,47,7
2.5672135351643983,98,99,61,6
5.2082477623167547,98,98,49,0
4.8082422690916413,106,106,49,2
4.5076136109405338,98,99,55,2
1.8709260089314232,94,94,49,2
3.1594792642265657,98,99,52,3
2.6495678111261678,88,89,45,5
2.9485065977957432,96,96,52,6
3.5445665082564046,90,90,50,3
4.7363400168898346,92,93,47,1
5.6365727728116131,98,99,50,3
0.8698394834128714,96,97,48,0
1.4980457583163582,96,97,47,5
4.0310194760230855,92,93,40,2
5.7193409043191892,94,94,47,4
4.2821134512486525,94,95,44,7
3.2224322155639054,96,97,56,6
2.8829103309383721,96,97,43,1
3.0091220080305727,96,97,43,7
6.1438660732521209,96,96,47,1
3.5970676561327029,98,98,44,1
0.7824807625288498,98,98,62,3
3.4891534992985216,92,93,57,1
3.5847134032352237,94,95,44,7
5.4572497805360980,96,97,50,0
4.7791251660032401,92,93,53,7
4.1555777994095777,96,96,56,0
0.8980014885386638,96,97,52,0
3.8412805769538694,96,96,48,6
1.7321144664181594,96,97,47,3
5.6056267183667030,94,94,43,2
1.2553435614285102,98,98,51,2
5.6662422276695787,94,94,57,0
1.6855025066619866,98,99,46,1
3.4647669313293457,96,96,54,4
2.3358052341992535,98,99,49,0
2.1560978595820268,100,101,56,4
5.6308222328997175,98,99,59,2
4.0544018215339239,94,94,46,7
1.1959671147905477,94,94,39,4
2.2947006690247003,92,92,57,5
4.3438701516461107,96,97,53,3
2.6382633797528952,98,99,50,1
3.8474758447715867,98,98,50,1
5.0253150213651683,96,97,53,7
0.9908048811326696,94,95,42,7
4.1001796468731655,94,94,45,2
0.8157376085040627,96,97,60,6
5.2871609931336883,94,95,54,3
0.4305574867022816,96,97,43,3
1.8872479268559319,96,96,48,6
0.1699016602754354,96,97,48,6
3.7859319854284319,96,96,54,6
4.1728569403020472,96,97,57,5
3.9510941082568261,92,93,52,0
4.9137915908286240,98,99,54,3
5.2975641713143053,96,96,50,0
0.6002449317713598,94,95,59,2
1.7695519023459576,96,96,47,3
4.5542145164182646,94,95,52,5
4.5827752765923293,92,93,52,0
3.3666995125389221,96,97,49,3
5.6672823759366331,96,97,53,1
5.7819117633450592,96,97,45,7
2.9506438445992105,94,95,45,0
0.9615118319077107,96,96,52,6
3.8757520431400088,96,96,55,5
2.4942546669936769,92,93,45,1
3.4257662156833670,94,95,53,2
5.8664352032545066,98,99,41,4
4.0733077424164712,94,94,51,2
4.3098848646696988,98,98,45,6
1.6205206441554270,98,99,56,3
2.8333404381448939,96,97,56,0
0.8961601437499599,94,95,46,7
3.7671584232781634,98,99,52,1
2.5181360623700453,96,97,48,0
1.3385399838286731,96,97,52,0
0.7292108306344006,98,99,53,4
2.6483416847935790,98,99,45,4
1.6034786354217352,96,96,45,5
5.5423693862752428,98,99,46,1
2.7593057004704242,96,97,49,1
1.7024238759308372,96,97,46,6
4.3797165024241105,98,99,55,6
0.3987497234398635,96,96,59,1
1.3037218615113220,98,98,51,6
0.0073608728303359,96,97,50,6
1.7994384135112396,96,96,46,4
5.4436197220604079,88,89,39,7
1.0952057153893433,98,98,48,1
4.0382496260118304,98,98,51,2
5.1673002406812811,96,97,51,1
5.2949941417083251,96,97,58,2
5.1250651745189097,96,97,48,2
5.6687166270038558,92,92,36,2
2.3316838526541166,96,97,49,3
1.9425501698983094,94,95,50,5
2.1408144561608786,94,95,44,3
5.0409491615065933,94,95,52,7
6.1798549236923010,94,94,56,7
4.1245792906252117,94,94,49,2
3.6259838513782237,96,96,46,4
3.6346387979520389,96,96,38,2
5.5737834937392607,96,97,39,5
0.5516122983432403,96,96,51,5
2.6673784931282003,92,93,52,0
0.9413684323569756,96,97,46,2
4.5348086165279682,96,97,51,7
2.5262385024328671,90,90,47,4
4.4422641895756803,92,92,44,6
1.5939806737540319,96,96,53,5
4.7579609221383272,96,97,43,3
6.0371621786107434,100,101,50,6
5.5446656974989539,96,97,50,4
0.7408048331543815,96,97,47,3
3.8138220690151936,96,97,48,0
3.4707787200205242,98,98,55,2
4.3914462200847151,96,97,59,7
5.5757976874146671,96,97,56,2
5.8091541044899300,88,88,46,4
1.1439150217694776,92,93,50,6
5.0717897102680478,96,97,59,3
0.4639255152778117,96,96,55,5
4.6095608072702765,94,95,41,4
3.3364416422627818,94,95,50,1
3.9191903153111083,94,95,45,0
5.6912952701298165,98,99,52,5
0.1190867331551710,92,93,62,0
2.2717507604913596,96,97,55,5
1.5813205147689542,94,95,51,6
3.4270837404282632,96,96,44,4
3.7876567287543503,96,96,50,0
3.4326498224630790,92,93,55,1
0.1988762369367657,98,99,45,6
0.6752428507629463,96,97,50,0
1.7650904015983675,96,96,54,0
6.1811330099013952,96,97,47,3
3.0627808997696122,98,98,53,6
2.9514964578898302,98,98,51,2
2.5495292002249323,98,99,51,4
3.3930885378429081,96,96,51,7
5.9045493309408439,94,94,43,4
4.8831886236746112,94,95,55,4
3.3138763149325614,98,99,43,4
0.8325062726733531,96,96,53,1
2.0032622553638859,100,100,41,7
1.1172280681355493,96,97,49,7
1.2582513632698027,96,97,46,4
1.9357882158261279,94,94,46,5
3.1609907346602215,96,96,52,4
5.0841164374737717,92,93,48,6
0.5201175861885752,94,94,53,4
4.8226441873228847,100,101,50,0
2.2898978409679573,94,95,47,6
0.1470323858520192,92,93,39,3
0.2408093147898008,98,98,49,4
0.2499469448048741,92,92,52,4
2.4262377239911683,96,97,50,4
4.3434068064772875,98,99,57,2
5.6651441833460732,94,94,47,0
0.7893821444667946,94,94,51,0
5.7112882293160316,94,94,52,1
5.3665763260544006,96,96,50,0
4.0767564337037223,96,97,52,4
1.6473531138724453,96,97,43,7
2.1603299150847235,92,93,45,5
0.5399292973193637,94,95,53,2
1.1220085309089969,96,96,51,5
3.9510430811662856,98,99,61,0
4.5733805728661361,92,92,46,4
6.2478509721847377,94,94,47,6
3.5123708353491159,96,96,52,6
1.2860943056286609,98,99,56,7
0.4096559180036120,94,95,46,1
0.1236693435954758,98,98,51,6
1.3248709740348199,96,96,48,2
4.9202560924978762,94,95,46,3
4.9122992164797381,94,95,51,0
2.1478570402176742,98,98,43,6
4.5341977669203741,98,99,48,3
5.1359729673329024,96,96,44,2
0.0250886671520365,96,96,44,4
1.0510152438303633,94,94,46,7
5.6462936098133243,96,97,51,7
0.9507427472417358,98,99,56,1
1.1729074250756060,96,97,48,0
3.8222364880090569,92,93,40,4
4.9145252738598053,98,99,47,6
6.1517823283316471,96,96,49,5
6.0378032191598958,96,96,53,3
0.0993724819624421,96,97,47,5
4.1956485081027202,98,99,60,7
2.0970327551668482,98,98,42,1
4.7761381290258900,94,94,41,2
6.0312435749751936,96,97,56,4
3.1650437590609939,96,97,56,6
3.2374081053072525,98,98,60,3
4.1941771696077073,96,97,57,3
2.7198187418131075,92,92,46,4
2.5668810699723146,96,96,51,7
4.0544910659078734,96,96,55,1
2.2058000388983103,96,97,48,2
2.2313253477969028,88,89,47,7
2.5439788370177299,96,97,45,3
6.1775485698248209,96,97,55,1
4.1371607455264190,94,94,51,2
0.2702915161767918,96,97,52,2
4.5415237647241060,98,98,51,4
1.4651410392186723,98,99,58,3
0.7317445857907278,94,94,42,7
1.7464454688384470,100,101,47,5
4.3005519154858209,98,98,49,2
5.3176871693585470,96,97,51,5
1.5673521036076330,96,96,57,3
3.0281725522740706,94,95,48,5
3.0920637475206609,96,97,42,6
0.9450629293713229,94,95,42,7
5.9072183051697822,92,93,44,2
3.9381322862034422,98,99,49,4
5.7909260227664161,96,97,47,1
5.7412179172970639,98,99,48,5
2.8014111229549701,96,97,53,3
0.6134347424285457,96,97,53,5
2.5912451523732285,96,97,43,3
0.9491418335314056,96,97,55,3
0.4535086711301941,98,98,52,5
3.0265869172058277,98,99,51,2
4.5916777420157784,94,95,61,2
3.2855826153810233,96,97,52,4
5.0171369333429547,96,96,33,1
2.6749524071721642,98,99,53,2
3.6233331444405690,94,95,55,6
3.4835870275992353,94,95,41,2
5.3759299872281074,96,97,47,1
0.1675756534758790,96,97,52,4
4.1984988375217354,100,101,48,2
3.9467375390863775,96,97,53,7
6.1128907121683751,92,93,49,1
4.1976832174129308,96,96,52,6
4.8064253933975616,98,98,43,4
2.9452265791446037,96,97,37,7
1.9283128810632373,98,98,51,2
4.7895234453539715,98,99,51,6
1.9949158120789983,96,97,43,5
0.9890554903951871,100,101,56,2
1.8176375803048925,90,91,47,6
3.8546104065574172,94,95,40,1
6.0363833197167471,96,97,47,1
6.0295942831653448,90,90,50,5
2.6658685118867158,94,95,48,1
1.5396171375961165,96,97,54,4
0.4512505008825133,94,95,51,6
0.9738757314591737,96,96,51,5
5.5180841480923712,94,95,47,2
1.3482092847433049,94,95,47,2
0.0648671236874351,94,94,52,3
4.1920602004436942,98,99,53,6
2.1232896737953841,96,97,48,0
2.5435376921072281,96,97,45,3
3.8508767651639753,94,94,47,0
5.7553923418126969,96,97,57,3
3.0068522187728437,96,97,51,1
2.9866782898490336,98,99,48,3
1.9643259297045566,94,95,48,3
3.5633290128699096,98,99,44,7
3.3014871292675041,94,95,48,1
5.8972050748351617,98,99,56,1
6.0389714288159180,96,97,56,0
3.1386625515030788,90,91,49,0
1.9393314257643157,96,96,56,6
1.4679611274696454,94,95,48,1
1.6958807433904213,96,96,45,3
4.8388168497291852,92,93,53,3
6.2733182712990123,94,95,52,3
4.6023476340611662,98,99,53,6
3.4491061631350690,94,94,51,2
3.9053124764868139,90,91,55,0
2.6652564183046321,94,95,50,3
4.7674558503649846,96,97,53,5
4.7818174954127928,98,99,42,7
1.8875617002731513,96,97,52,6
5.6630384000468119,98,99,51,0
5.1659140849316660,98,99,67,4
3.5201677656857977,96,96,46,6
2.3783507709074319,96,97,46,2
2.6637563967512312,94,94,44,5
1.5640849728556445,94,94,58,7
0.0033556417249328,96,96,45,1
3.4299365839424776,98,99,48,5
3.4609702414504810,96,96,47,1
3.3604220040955615,94,95,43,0
0.3718676125535112,96,97,47,5
5.2423320417425971,92,92,50,6
6.1472229106379519,94,95,42,7
5.5512047841807632,96,96,51,7
2.4763764944378073,96,97,47,1
3.9896517245463885,96,97,56,0
4.6873411447549147,98,98,49,2
3.4282015323012494,96,96,47,7
0.9784021175075838,98,98,53,2
2.8182881832050719,96,97,56,6
3.7141422917806164,96,97,53,1
5.3033961211605698,94,95,49,6
0.4778729974676551,96,97,48,0
0.5540192619153368,98,99,53,6
3.8784308787581576,96,97,53,1
2.2591854822301727,94,95,44,5
2.8099673110514694,88,88,36,6
5.5797280759499683,94,94,40,3
5.0854835921680381,96,97,37,3
2.4165390921579086,94,95,50,1
5.9181401560968903,98,99,50,5
0.6932824540229885,94,94,51,4
3.0652913101749326,94,95,48,1
5.9025853205337100,94,95,48,5
1.8572207817778741,96,97,59,5
4.1290630324071005,94,95,48,1
3.3788221724031886,96,97,43,7
5.8111801550207334,96,97,51,1
5.3537670190308155,96,97,51,1
0.8139902878186741,98,98,59,4
2.4090651435296584,90,91,53,0
2.7771296174427573,96,97,47,7
1.5704017060617550,96,97,48,2
5.0276244179220351,94,95,55,0
0.6799687101108511,98,98,45,6
1.7745819932818567,94,94,52,3
5.8402922323674993,94,95,49,4
4.9956087278240453,96,97,51,3
6.2703543936811812,94,94,46,5
5.4495079647059743,94,94,45,4
5.5022356807814692,98,99,59,2
5.6927763431042084,96,97,39,3
5.4148485604983625,98,99,53,2
2.9451698993179649,98,98,40,3
1.4293810341211737,98,99,47,6
5.2874635688420657,94,95,44,3
4.8921931716216704,94,95,43,6
5.5748544705360326,96,97,48,2
5.2028728952134200,98,99,49,6
4.4648231156777722,100,100,57,3
1.2826454572456318,94,95,43,6
0.9946560564383036,98,99,66,1
1.1191590485478007,94,95,50,7
3.5967493838567970,96,96,51,5
2.7317923771238166,98,98,45,4
4.1402819227181302,96,97,46,0
4.0811582755566276,98,99,50,1
1.8224732047564340,98,99,48,3
5.8160825158353227,96,97,56,0
1.1658005351705643,96,96,56,4
2.8398362957838552,96,97,50,4
3.5482019629414618,98,99,59,2
4.7578488564271373,98,99,43,0
4.2619812758301796,98,98,50,3
4.4175900544446982,96,97,50,0
0.0625004270985144,94,95,52,3
4.6772294046324188,96,97,57,5
0.7301706690068873,98,99,44,7
3.3519467148070188,98,99,52,5
3.1337464809193509,96,97,56,4
5.9491362317271905,96,97,51,7
2.8324684576107866,96,96,42,4
3.4312417076506674,94,94,55,2
3.8843049011935151,96,97,55,1
1.7280887321916960,96,96,49,3
0.3694466942426425,100,101,51,1
4.2409196083054077,96,96,46,4
3.1443259820271892,96,96,48,6
0.8501692263288554,98,99,56,5
2.0030965892700703,96,97,49,1
4.4299506651380840,90,91,38,7
4.4733729632600232,98,99,51,4
3.0195587775839128,94,94,48,7
3.5783758293318857,98,99,49,0
2.2103467870627251,98,99,52,5
3.1533454091966662,94,94,50,1
3.5488179069951560,94,94,52,7
5.3462573655948935,94,94,55,4
4.1807903655545759,92,93,50,0
4.7555956105548240,96,97,44,4
1.9685909724135870,94,94,50,5
0.1286509528386008,96,97,50,0
4.5232950337427997,94,95,41,0
1.3733071834400881,90,91,47,0
0.2929460541047674,94,95,37,2
2.3292565594930630,94,95,41,0
6.2383595052151275,96,97,44,0
2.7171942244324843,96,97,44,2
1.3195897313557308,98,99,50,3
1.0276855676600192,94,95,51,0
4.9816694975963935,96,96,43,1
4.1825835524342345,96,96,44,0
3.0601302134350066,98,99,52,3
3.7670893233922431,96,97,45,7
3.5375820035048133,96,97,46,4
3.0415024827174149,94,95,47,2
3.9220125401692094,94,95,58,1
3.6608207730730209,96,96,45,3
5.4438504796326947,96,97,50,2
4.9199426008399696,98,99,60,5
1.1278011260794025,98,99,51,4
5.4634126436960297,94,95,41,0
4.6960965708106128,98,99,53,2
3.7742125052068585,96,97,45,3
5.5929629176050257,98,99,47,6
4.9319207320024834,94,94,46,3
4.4928000693580445,98,99,46,1
3.4335256263934308,98,98,52,1
3.6346089543444680,92,93,47,1
4.3518658584354464,96,96,50,6
0.8720289132860741,98,98,49,6
2.4831784499676348,94,95,53,6
0.0860147412204504,96,97,44,0
1.8880257395100495,96,97,55,7
2.5388734137037465,94,94,56,3
3.6165938107773323,94,94,40,7
0.7225811815438044,98,99,54,5
4.1772627042136321,96,97,42,4
2.2258097553093115,94,95,48,5
2.1474242821608223,96,97,49,1
3.8336571479171844,94,95,47,6
3.8984781601570693,94,94,54,1
0.0032029694504152,98,99,53,4
3.2006225238175383,96,96,51,5
5.2939520203868788,94,95,49,6
2.5174506409640167,96,96,52,0
1.6499884801494700,94,94,47,6
6.0246630613061889,96,97,46,2
0.1950056429181685,86,87,50,7
0.2458544042423504,94,94,51,2
4.5868356640927983,98,98,63,6
1.1789527548157441,96,96,48,6
1.9178529554540042,92,93,48,2
1.7516190184724243,92,92,44,4
0.9838666067139690,96,97,43,5
3.5655851744697897,94,95,49,2
4.9410955348174612,92,93,43,7
2.6729086077933810,98,98,45,0
1.5573770992455460,98,99,45,4
3.0335718879280433,96,97,47,1
1.2827774080938772,94,94,48,3
3.6858936309261416,96,96,51,7
0.3553154129841683,94,94,50,5
0.0557947644153752,96,96,51,5
1.6643193769671969,96,97,52,0
3.1832831502864276,98,98,53,2
2.6107761640643954,96,97,46,2
5.3736829042281151,94,94,49,0
3.9347233604583218,98,99,41,0
1.2959654344393718,96,97,54,0
5.5077285624900512,96,97,48,0
0.2810472303290015,98,99,50,5
2.1233999482468304,96,97,45,5
5.0794234934513032,98,98,49,6
4.4421523415449862,96,97,51,5
2.5792015943913094,96,96,45,1
5.7457607998253462,96,97,52,2
3.7746467100843168,98,98,43,0
4.9495335021461644,96,97,46,4
6.2082423755143230,96,97,52,2
5.6186825642191263,98,99,56,3
4.9572225571351298,96,97,50,4
0.3833140092615377,98,99,54,3
1.7661730085402656,96,97,59,3
4.4231111262645069,98,98,58,3
4.1971568739918865,96,97,49,7
0.0131530096577133,98,99,48,3
3.5957825645681898,98,99,54,3
1.1408622988392070,98,99,50,5
0.0380137624653048,98,99,52,3
1.6756590267574745,98,99,38,3
0.4962239129624563,96,97,54,0
2.2816981216661034,96,96,55,5
4.7830150174158064,98,99,45,6
3.6725296169262176,98,98,50,7
2.8836278085096811,98,98,50,5
3.2205022207602858,98,99,55,0
1.9498587686751785,94,95,52,7
5.1740003169827542,90,91,44,1
0.3319496896642514,96,97,47,7
1.0931033451220022,96,97,51,7
2.1966699165510883,90,90,50,3
4.7138233814143113,96,96,47,3
0.9343139313239621,96,97,43,5
6.2786431581817368,98,99,52,5
5.9928165386478192,94,94,49,6
5.7067307801556186,96,97,62,6
1.5983462045982817,96,96,42,6
5.2234547020013737,96,97,48,6
4.6325838601075766,96,97,49,1
0.2049894227549759,96,97,45,3
2.0663782659887842,100,101,55,3
5.3815681319560120,102,103,57,4
1.3423848858616776,94,94,42,3
2.8431504039168405,98,99,46,7
3.0123430197191730,96,96,47,7
6.1391558601159364,96,97,56,2
2.0373280821134570,98,99,53,6
3.4922333649004331,94,95,45,6
5.9188407056211023,96,96,49,3
5.5588757292296780,100,100,46,4
4.5228658700012803,94,94,44,1
4.2915287874159205,88,89,43,5
4.4844557529956814,94,95,45,6
5.9840035610107627,94,95,48,3
2.3594221487357627,96,97,51,5
4.7783354049946771,92,93,61,1
0.4888202309940219,96,97,60,0
6.0801207153418320,96,96,47,5
3.2481215839603390,88,88,53,1
2.4957839038398224,92,93,50,0
6.0981199160677644,96,97,50,0
0.3837856016572977,96,97,54,0
1.9596573790020708,94,95,51,2
5.1519306259353224,96,97,56,0
3.5880082226634125,94,95,44,3
0.3052557927731030,96,96,48,0
0.9285452556453802,96,97,58,4
4.9355397036684305,96,97,54,2
2.7783111681426593,96,97,49,5
2.0130507489448632,96,97,55,1
1.7854735531055499,92,93,50,2
4.7996175457319206,92,92,54,0
5.8905165820770904,92,92,44,6
2.5731038412908682,94,94,53,4
4.5864350321891898,96,97,52,6
1.5128909845087606,98,99,54,1
3.8393912009565132,96,97,49,1
1.9246399688372158,96,97,43,5
2.5502988600601393,96,97,52,6
2.6167935133243732,98,99,58,7
1.1260777814672385,92,93,39,1
2.3676995390552054,96,96,47,1
3.7579032315873797,98,99,50,3
0.1104179506090539,94,94,46,7
2.0978512963461897,94,95,47,4
2.2761249931702161,96,97,46,4
2.9424552394040333,98,99,49,6
0.8758489283612859,94,95,52,3
4.7950121488972792,96,96,51,7
5.3011822190651738,96,97,47,3
4.2039437758181792,96,97,52,6
6.1914532470565460,92,92,50,2
4.1988577407588643,98,99,59,4
1.7944408389161384,96,96,49,7
3.6776485143978546,96,97,54,6
2.5590386163394343,98,99,44,1
4.5725577683339678,98,98,51,0
0.8000221427791864,94,94,52,1
3.9495084246607117,98,99,49,2
0.3000224763871306,96,97,49,1
5.2421674973128809,92,93,46,2
5.2281133678221625,94,95,48,7
3.3984873482366069,92,93,46,6
5.2132011093776764,98,99,52,7
3.6490935800655513,98,98,52,7
1.6232942348958705,98,99,46,1
5.8948873794663177,98,99,52,7
3.4791833608195022,96,96,52,2
3.7446593865283777,96,97,49,1
1.7809826097426156,96,96,60,0
4.3632115307662405,98,99,55,0
5.7952849642815014,96,97,54,0
1.2859995660013956,96,97,53,1
2.0440669404732250,96,97,55,5
3.2300714567650535,96,96,60,0
6.2495639219267014,96,97,51,7
6.0217794042630306,98,99,54,7
3.8374160816538940,98,99,52,3
1.7733418007550299,98,98,50,7
3.1337949186330580,96,97,53,5
0.2891386379278235,98,98,52,3
2.9740796181260807,98,98,58,1
0.5158892347837553,94,95,44,1
1.9523003984504572,96,97,49,1
6.2757608614812534,96,96,50,2
1.5704109640213872,98,98,51,2
0.3620727131745129,92,93,42,4
0.7378511769464299,96,96,52,4
5.5312033812099006,92,92,44,6
0.7424324858213711,98,99,52,1
2.8297809507182552,94,94,56,7
2.1922252682656125,96,96,49,1
1.6949010750693840,96,97,47,3
1.6604250800824849,96,96,45,1
6.2536031832159651,96,97,44,2
1.7896713706890151,96,96,47,1
1.2911470651912746,100,101,45,1
2.4100912920164514,94,95,53,2
6.0593539299661590,98,99,42,3
3.5374963088905322,98,98,52,3
3.9933389976758775,94,95,49,0
3.8696928556016155,98,98,47,4
2.5170363155350293,94,94,55,0
2.9656129815657235,94,95,46,3
1.4023251018438923,96,96,44,4
1.3652644826977136,88,89,51,5
4.2864364207297339,96,96,47,1
4.0527760598451339,96,96,55,1
2.7889199028962324,98,99,47,2
4.6730726424732785,98,99,60,7
4.3306696861349776,96,97,57,1
3.0215770740551040,96,97,46,0
5.7880063943532889,96,97,49,3
2.3167197636150290,96,97,51,1
4.0873069848482730,96,97,43,7
1.0483843533465604,98,99,47,4
2.4752114060133921,94,94,49,0
0.5942155715995955,100,100,58,2
1.5396461358582996,96,96,49,7
1.7417448703250773,98,99,43,6
2.1366817772278415,96,97,56,4
1.4968989617122201,96,97,45,7
2.2179877640469847,94,94,39,4
4.0740215538738820,96,97,48,0
0.5298725365823326,94,95,40,5
0.8189424652155342,96,97,47,7
4.0990201701624951,96,97,57,3
1.3719590365494836,94,94,52,5
0.3784991379784090,94,95,51,0
0.1480010405479709,94,95,45,4
3.8216260731098601,96,97,46,4
3.1965997494601508,96,97,51,5
5.9842499135964147,94,95,51,4
2.7832757749444053,96,96,43,5
0.1081127633901848,98,99,55,4
4.8261971169592188,94,94,47,6
3.2918052947227143,98,98,44,1
0.6278792759659211,94,94,59,2
5.8014251184486936,94,95,48,7
3.3042064527511426,96,97,52,0
2.6060428826242759,98,99,53,2
3.8959741689393930,96,96,52,6
3.6932868678930197,94,95,46,5
1.7282170334968685,96,97,51,5
5.0583022401789171,98,99,51,0
1.0027524866731032,94,95,52,1
4.5610717286098525,96,97,58,4
0.3706240249739018,94,95,44,7
2.2239348446645821,98,98,51,2
0.9290783044466578,96,96,49,7
5.3153731347303665,94,95,44,3
4.2881370587354386,94,94,44,5
4.9006555028008654,96,97,47,7
5.7166417756639101,96,97,45,5
5.5850107179778101,96,96,44,4
5.4719890040463142,94,95,48,5
4.0614202857989037,92,93,53,1
3.1518831070317650,96,96,60,2
1.5220950007711369,96,97,55,1
1.5370610365911406,96,97,52,6
1.5767298485987662,98,99,49,2
5.3987154296619062,96,97,50,6
6.1649278425368843,96,97,58,4
2.4938373617439971,96,97,58,4
2.0376333071432695,96,97,47,5
5.2226225860760227,94,95,50,5
4.0499436397024002,94,94,59,6
1.0937632541572404,96,97,54,6
5.0778331174809122,98,99,44,5
2.5036231040653947,98,99,41,4
3.0357841458282380,98,98,48,7
6.2649613517223992,94,95,54,3
4.4170014588195246,98,99,46,3
3.8495195233640311,96,97,46,4
4.8660790270443650,92,92,48,4
2.9641989272592815,90,91,37,2
4.7152412473358343,94,95,45,2
3.5137851050214732,96,97,40,4
4.1900228383490532,94,95,49,0
0.9513601583941158,94,95,56,5
4.8016229696346313,96,97,52,0
5.3739565354040097,96,96,43,5
0.3949060944991317,94,95,42,7
0.6821086817798397,88,89,47,3
3.2935245739465189,96,97,55,5
0.2763548151286816,96,96,47,7
3.3047044644649213,96,97,59,3
5.3417832456025138,94,94,51,2
2.0106954810175113,94,94,52,5
5.1299978211662580,96,97,44,2
2.4639946096696392,96,97,50,4
2.2938700710700934,96,96,57,5
4.6671676875626806,96,97,48,4
3.0085427931202169,90,91,44,3
1.1918528887065041,96,97,47,5
2.9023092972944036,94,94,51,2
5.3566830135463190,96,97,51,3
5.6713726458745519,96,97,48,6
3.3115996476597402,96,97,49,7
3.6071616513249691,98,99,46,3
1.3072050944174514,98,99,42,1
6.1052917934930262,98,99,56,3
1.8857460227921121,96,97,56,4
4.4408519689954762,96,97,57,3
0.3027317816943759,94,95,46,1
3.9114177403657586,98,99,48,3
2.9950667110890388,96,97,47,5
2.5198728468249731,92,93,52,6
0.8275868805497205,98,99,48,3
1.8668608996290628,96,97,47,1
4.6914909102324449,94,95,40,7
2.9652459654981960,94,95,50,3
3.5288235461408863,94,94,52,5
3.5837567282139968,98,99,50,3
0.2352358495223855,96,96,50,2
5.8410277087067808,96,97,46,0
1.5644598111085666,94,95,53,6
0.3569601876579541,98,99,38,1
0.7909121660425470,96,97,55,3
1.4166569235224724,96,97,47,7
1.2140534191385430,96,96,49,5
3.5186031240708080,98,98,45,2
0.1770410171423535,94,95,50,7
2.7457288300014064,98,98,58,7
3.9946911504242739,94,95,53,2
0.8268884152677994,88,89,45,7
1.4812102188736009,94,95,52,3
5.2377456025980962,98,99,54,5
3.7809764873493257,98,99,54,7
3.3532846656259072,94,95,50,3
4.3094910899650269,92,93,54,4
4.2608028391974466,96,97,51,3
1.7351794023833398,96,97,53,5
0.6074610679090704,98,99,42,7
2.7823665140549156,96,96,51,7
4.6515856273432732,96,97,51,3
3.5766976635928232,94,94,42,1
5.6532937754533181,96,96,57,5
5.6722012018623538,92,93,47,5
3.6915315219351541,96,97,41,1
3.3718610632278665,96,96,50,6
4.1218896789993735,96,96,57,1
3.0381142149224378,96,97,42,2
3.8103198800973184,94,95,45,4
2.1874101132732715,96,97,59,1
2.3176335354360877,98,98,59,4
0.0003240720180752,92,93,55,7
0.2335611293731708,94,94,39,2
4.4031188466078701,96,96,40,4
3.8907920969601499,98,99,53,4
2.6503239400596392,96,96,60,0
1.7626170828255598,94,94,50,5
0.0278025855303383,94,94,42,7
3.4622495026354523,92,93,41,7
2.5939493154042159,92,93,50,4
0.0374300326245076,94,95,46,7
6.0802054011208089,96,97,53,7
3.2277209452475142,96,97,55,5
6.0692491363573078,94,94,55,6
2.5214553184346742,98,99,60,1
2.0324901234204749,96,96,51,1
2.5068327137851338,94,95,48,1
2.1043692929452718,98,99,50,7
5.5823554454501583,96,96,38,4
4.7697872624014339,94,95,50,1
4.8587546334716434,94,95,52,5
0.6938868144749241,96,96,52,6
1.9158096322413740,96,97,54,4
0.4586927347731879,92,93,41,7
1.8014229293866975,96,97,44,0
5.3657949148070658,94,94,58,1
5.1418021914020811,96,96,47,3
0.9974517691877128,98,98,56,7
5.0300961788668719,100,100,53,3
4.3607561383225741,96,97,50,6
5.0491934724821315,94,95,46,1
2.4978770463717948,96,97,49,5
3.3041475072945130,96,97,43,7
4.1894972420215257,96,96,55,5
4.9108513589066431,98,98,52,3
5.7504410684357774,98,99,59,2
0.9853256171395243,94,95,53,2
5.1604233905524364,96,97,42,2
5.6623925225398901,96,96,47,5
2.6893064541701235,96,96,39,1
5.1062368816242145,98,99,45,0
0.4191177516850915,96,97,42,6
0.7562474964035737,96,97,49,1
4.1526354297896848,96,96,49,3
3.2244263627033209,96,97,50,0
2.1001662419568650,94,95,51,6
1.2259402033744518,96,97,49,3
0.9032285533869655,96,97,49,1
4.6042851211609177,94,94,47,2
3.8490492100375366,98,99,49,0
2.7851257113735106,98,98,53,6
4.9874410782716971,96,97,52,4
6.2767442109962968,96,97,60,4
6.0104248770837767,94,94,50,3
2.3858334275968183,96,96,41,1
1.1055920360745624,96,96,47,3
3.4679671544017889,96,97,41,7
1.5152482379891055,98,98,49,2
0.1507240371207329,98,99,44,7
0.9663337401496985,94,95,50,7
0.8832875670011833,94,95,45,6
6.1626937154419563,96,97,48,4
4.9977930186493627,98,99,43,4
4.6657819852096347,96,97,43,7
3.0587891512505649,96,97,60,4
4.3638958526042542,96,97,40,0
1.1733342725102505,92,93,42,4
1.7939447416665524,98,99,55,0
