theta,t_count,h_count,s_count,w_count
0.2849916353776029,96,96,51,1
1.8568063025957788,96,96,44,0
5.8926872207623564,96,97,51,3
5.1138373864302000,94,95,53,6
4.1799438400335482,96,96,56,4
3.7017888169158510,96,97,57,3
2.0684957040497456,96,97,46,2
1.5490297035799312,94,95,52,3
5.7610469059032576,96,97,54,4
5.8374392573086817,92,93,58,6
2.5445747970379191,96,96,48,4
4.0357651021331282,96,97,44,4
6.2013957357660372,98,99,46,1
5.8709599818962808,94,95,49,6
0.8177032175437551,96,96,42,4
3.3990117719334805,96,97,51,3
0.5754867149629794,96,96,48,0
0.8883088159065511,96,97,54,2
4.4863093203647528,94,95,45,0
0.3670195152741639,94,95,47,0
2.6359810140749298,94,95,45,4
2.7398974491446531,92,93,53,1
0.7393576534118400,96,97,40,2
3.6506143555373458,96,97,49,1
3.3994984416677161,96,96,48,6
5.6503985798032605,96,96,42,6
1.3054189544082579,98,99,56,7
0.9495438117518469,96,97,45,5
5.1225201958927924,96,96,53,5
0.8765469987265702,94,95,47,6
3.8569829904878850,96,97,55,7
4.8637449274209086,94,95,48,3
4.5359305063225897,96,96,46,2
0.2818315355323048,96,97,51,3
3.7250601565268746,96,97,52,2
2.3458120514860368,98,98,46,1
0.9982988936259449,96,97,50,4
5.0503828718091643,96,97,55,7
2.4497218050798639,98,98,53,4
1.7267879481959962,96,97,53,1
3.2051301045383633,96,97,44,0
6.0436351962417554,94,95,48,7
1.1415603160914138,94,94,48,5
0.0157647535802411,98,99,55,2
3.4069051071711973,96,97,54,0
2.1563485183144717,96,97,46,2
2.9875089915551256,98,99,47,0
0.7159057945274400,94,94,49,2
6.1094115008229020,94,95,53,6
2.9372509253325494,94,94,46,5
2.7115576204429215,98,99,49,6
5.4685738792415091,102,102,48,5
1.7965466249068880,96,97,55,3
6.2222368068480698,98,99,57,4
5.6007802369633728,96,97,52,0
5.4800129721858006,96,97,51,3
1.5251676335300621,94,94,51,2
3.8527341475479320,96,97,53,7
0.7578135647474608,94,95,51,0
6.1204739052805737,88,89,44,2
2.6437826613286952,90,91,45,4
4.3808404124523923,96,97,49,5
1.4251502625696890,96,97,47,7
2.6312766285534579,96,97,40,4
3.6251495740999808,94,94,40,7
2.1093153177045467,94,95,50,1
0.4986854432226411,90,91,47,0
2.7595238026383053,88,89,49,1
4.6239836930138347,98,99,55,0
2.3387691774668999,94,95,50,3
0.8651091424343734,94,95,41,2
3.3624117867497105,94,95,58,3
2.2509002974704764,92,92,47,1
1.4178590250332499,92,93,52,4
1.8942984077066958,96,96,46,0
5.8755758141030405,92,93,51,7
0.7624551111987257,96,97,66,4
5.4518958347625563,94,95,49,0
1.6408021038280083,96,97,49,3
1.9095838783347134,94,94,43,4
5.0504189677260651,98,99,53,6
2.0786157385201816,98,99,56,1
4.9593022104590689,98,98,54,3
1.4114825267228663,96,96,43,1
1.8898676518128055,96,96,50,0
4.4294257812813402,96,97,42,4
2.5564330406634035,96,97,47,1
2.3436302719000333,98,99,53,2
0.4811067253314398,94,94,47,4
5.4497433116364764,94,95,48,7
4.1061195079119255,98,98,44,7
3.0424410457457767,94,95,52,3
5.2627491284689034,98,99,51,0
4.5612218994949112,96,97,46,0
5.4630933347082538,96,96,58,0
4.8087232274400593,94,94,43,4
4.2646828501124103,94,95,40,7
1.5869752474137240,96,97,46,0
3.0926314159139139,96,97,54,2
5.6889532985836988,96,97,47,1
1.4652521643324394,94,94,51,0
1.6842603145719859,98,99,46,1
2.8202085874788976,96,97,40,0
2.8740678574909979,94,94,47,0
3.8515495141687435,96,97,47,3
0.6473387981221224,98,98,53,6
4.7354757461815158,98,99,54,1
0.2532179499877132,92,92,50,4
2.5590433655138511,94,94,49,6
2.7115016288631182,94,95,47,4
4.1069038753472249,96,96,50,6
3.4007045751892000,96,96,46,0
0.9212335326235775,94,95,52,3
0.6968913141189873,96,97,45,5
0.2894210169163859,96,96,50,6
1.3853280061276898,96,96,52,2
0.6466727277147166,94,95,49,4
2.6417268474685112,96,96,51,7
1.7577403190923582,94,94,51,2
6.1365890528132914,90,91,53,0
2.5539410848095208,96,97,54,0
6.0854401615436249,92,93,42,2
1.2349785040677241,94,95,52,1
2.1477695044100429,98,99,47,0
3.2639470212937147,86,86,50,3
2.8846677026588865,96,97,51,1
6.0095089544017997,94,94,46,1
1.8119903173538514,100,101,48,2
1.6723304894967794,94,95,41,0
2.7409367842406347,92,93,47,7
1.2863215303313171,94,94,52,7
1.4254996670301763,96,97,51,5
1.3023822486093950,96,97,41,1
5.9551148722967344,98,99,48,7
2.5875792821049872,96,96,51,3
0.0123887693968081,96,97,47,5
4.8714832022393848,94,95,59,0
5.8587748942777162,96,97,48,0
4.7276704273702084,96,97,49,7
0.0360413135297423,98,98,61,6
4.3301532023280576,96,97,54,0
1.1920076143287317,98,99,52,7
6.2352602350902240,94,95,48,1
2.0452440261194922,94,95,39,4
2.7373379671830480,98,98,51,4
4.7519776721784179,96,96,52,6
1.1911852281085309,94,95,53,6
2.8970114497139092,92,93,55,5
1.9764718198830626,96,97,53,3
2.4815620259157432,94,95,57,4
1.6482680528241589,96,97,50,6
1.5272149509542523,96,96,53,5
1.8894128860303878,96,96,47,1
5.2839779165521570,94,95,58,5
2.9010676920830578,98,98,56,3
6.2537418857542484,96,96,49,1
1.8748183678405441,96,97,48,2
3.5549646297482647,98,98,47,2
3.8244821972333258,98,98,55,2
3.7594787367600828,100,101,54,6
1.9850297391455283,96,96,51,3
2.9927714284927864,96,96,46,6
3.8914754908866396,96,96,51,1
3.4606961427504825,92,92,45,7
3.8350619977429647,94,94,49,6
3.7311033160193823,96,97,55,3
2.8469152472452990,98,99,60,3
5.3401792868416846,94,94,48,3
3.9458523217020107,98,99,53,0
4.7645954946625544,96,96,51,7
3.4442419856039801,96,97,39,5
2.1108385185763305,94,94,51,2
1.0276901596490051,98,98,56,7
4.6990351516853650,94,95,44,5
1.4361038219645732,98,99,51,6
5.1748171003763064,94,94,47,4
3.4979127140118327,96,96,48,4
2.3925243380031707,96,97,51,7
4.4949436291420337,96,97,52,0
3.8855843942271151,94,95,49,4
1.7412434619770236,98,99,52,5
3.9258260320805967,94,94,47,4
5.1884561487004381,96,97,54,6
5.0515380709693538,98,99,54,1
0.8380966014811468,94,94,50,5
4.6007597573780163,92,93,52,6
4.8346750562788792,96,97,44,4
4.5986913699897265,96,97,52,4
4.8759797960963569,94,95,42,5
3.0704882588409514,94,94,37,6
5.7507696949742462,98,98,56,1
1.4515986406546837,96,97,60,0
0.3871942426779883,96,97,52,6
4.0368305237190594,96,97,47,7
3.8150584608747917,96,97,56,6
1.5631459169333057,94,95,47,0
5.5551188571680612,98,99,50,3
5.9969062764721137,96,96,46,4
2.6731019533583007,96,97,57,3
5.0208650952574603,96,96,48,6
0.1855604084143983,96,97,53,7
5.0780226741552710,92,93,51,1
4.3525453915256751,98,99,42,5
6.0489406840098816,96,97,49,3
4.7640825164187710,94,95,44,3
4.3943521059756465,94,95,49,4
6.1303052793017514,96,97,49,5
2.6816610213783720,92,93,52,4
3.2818256985858145,96,97,50,4
1.3056603557117392,96,97,57,7
5.1872620371248130,94,94,48,7
4.8601927382768322,94,95,49,0
4.9484178994391428,98,99,48,7
1.7672502278880478,98,99,43,6
1.1009499158323552,96,96,50,6
4.8041873532962605,96,97,49,1
5.0052714796450219,96,97,45,1
1.3851573926333831,94,95,48,1
5.5218887523231004,96,97,46,0
0.5456441852020517,96,97,53,7
5.4237210839527616,98,98,50,3
1.3649712869799882,96,97,40,0
3.4823837123754879,96,97,50,2
0.4776630205142988,98,98,44,7
4.3390227386866576,96,97,51,1
3.8226543929207200,96,96,56,6
2.9329394283646035,98,99,51,2
0.5977760416611968,94,95,50,5
4.3708872322874077,96,97,47,1
4.4621681441053678,96,97,53,1
6.1388144253629502,98,99,58,1
0.8835512233035734,86,87,37,6
6.0979793631183767,96,97,55,5
2.8133941428694813,98,98,51,6
5.5364407042996175,98,98,48,3
3.4054234071958223,96,96,52,4
2.5938618944649616,96,97,47,1
4.8938367276426735,96,97,44,6
5.4717804798543304,96,97,48,2
2.1123917686103431,94,95,52,5
5.6727416626583587,98,99,47,0
0.5722213594074155,94,95,47,6
0.5194520976338902,98,99,47,4
0.3647984231392438,96,97,50,2
3.1871368162079183,94,94,44,7
0.3996872772871342,94,95,43,0
3.1193279118550912,96,97,56,6
4.7443679020242149,96,97,54,4
1.9992255955721181,94,94,41,2
4.2514022512113279,96,96,48,0
5.1859576831689980,96,96,47,1
4.4851010041509189,96,97,44,2
2.0034029701389611,96,97,57,7
4.6251505021476822,96,97,50,4
0.2026069011279328,92,92,47,3
0.9941735527328575,96,97,45,3
3.3033898871169334,98,99,49,4
3.6985134462080280,94,94,52,7
2.8887607005541165,92,92,51,7
1.1027873988866113,96,97,52,0
2.1082089007604559,96,96,55,1
2.9098840695376760,96,96,52,6
2.6094967657132524,98,99,44,3
3.7401502365741601,96,96,47,3
5.1104710588013829,96,96,55,7
2.7922695087410769,94,95,45,0
6.1328192616575459,94,95,47,6
0.2827443891040357,94,95,46,3
4.8137261554910626,94,94,44,1
5.7273463965104083,98,99,50,3
3.0787029395279419,96,96,50,2
0.2475403486451319,88,88,47,3
5.8207589056006963,92,92,45,5
0.2382751017259067,96,97,44,6
1.1852461828609520,96,97,54,6
3.0650989588295317,96,97,50,0
4.7832090197676962,98,98,49,4
4.8363595609936985,96,96,49,5
2.6589660273864837,98,99,53,0
0.2482474247835513,96,97,49,1
1.0678391103682237,96,97,50,2
1.3555703210621111,94,95,50,5
2.2100175087156768,94,94,43,4
3.9377432333181885,92,93,47,1
5.8376910763524474,94,94,49,4
6.0176359487219759,94,95,44,7
0.5588541520585577,96,97,53,5
0.5830232604567991,96,96,51,5
3.8832442594071441,96,97,52,2
4.7583177983971172,96,97,48,0
3.5022435407181609,96,97,51,3
0.3220355688841782,96,97,33,3
2.5378828693621034,98,99,51,0
0.3608932095579632,98,99,51,4
1.6286214004413908,98,99,45,4
5.7472817485631973,96,96,45,1
0.5713880956362345,94,95,43,4
3.8362034427295781,96,96,58,6
2.8983356226182058,98,99,51,0
0.6570596653045728,96,97,53,5
5.3547567548974815,98,99,54,3
1.2567184021968736,98,99,45,2
5.8709566204418326,98,98,56,7
4.8340999213200018,94,95,43,4
0.4240109970460330,98,98,49,6
0.6019934676276792,94,95,54,3
1.9142627631453613,96,97,38,2
5.6222465098326300,96,97,41,7
3.5846293010124901,96,97,48,0
2.7716989890885486,96,96,49,3
6.2233422295589191,94,95,48,5
1.9893260684560701,98,99,44,5
4.5235657799705713,94,94,47,4
6.2066531728829677,94,94,54,3
1.5655365982887932,96,97,47,1
4.5007389988819630,94,95,37,6
4.1865524614879366,92,93,47,7
3.8504465328280331,94,94,49,6
1.9205277003054284,96,97,52,2
1.4981101345635792,98,99,56,1
2.9480184407662664,94,94,44,5
5.5635508111983869,98,99,50,1
2.6953303385961127,96,97,49,5
5.6328780571031167,96,96,48,6
5.0283250754319084,96,96,51,7
1.9092530883454260,94,95,51,4
4.5604768637580362,96,97,48,2
4.5618177046743948,98,98,54,1
1.9222680267155670,98,99,54,3
3.9885957450553935,96,96,47,7
6.1712791604807897,96,97,41,1
1.9719452448367432,96,97,54,4
1.4149690813025757,96,97,51,7
4.3563785899334935,96,97,60,0
0.3961286055286627,94,95,46,5
2.3895531422373981,94,94,54,3
1.6588670322818682,96,97,46,2
5.9420847223060109,96,97,51,3
3.2788003999068374,98,99,52,7
3.4150834897155264,98,99,55,2
0.8707344880657054,98,98,58,5
4.9098563044248964,94,94,40,5
4.1496097510150509,96,96,48,0
2.9108652697118700,96,96,53,5
0.9759394202554925,94,94,40,5
3.9926537527150918,94,94,44,5
0.1850782460537014,96,97,49,7
3.1646833869644944,98,98,43,2
0.5694102378657705,96,97,42,0
3.6562575137295630,96,96,43,7
2.2741578373188718,98,98,60,1
5.2062707088522098,98,99,51,6
3.4106343506962271,98,98,45,6
1.5731976961178282,94,94,50,3
0.9818529502401181,96,96,56,4
3.2782721690654966,100,101,51,3
3.2969740998410870,96,96,49,5
2.4305072450443324,98,99,49,0
3.5730896340673981,96,97,51,1
4.5917148952469367,96,97,47,3
2.5056370575379874,96,97,46,2
5.4377327235751149,94,94,47,4
2.5814964726119705,98,98,53,0
0.3356641762796156,92,93,51,3
3.9172000020333875,94,94,49,4
1.9345073446463872,96,96,47,1
4.8274928542440527,96,96,47,7
0.8305230590711002,90,90,53,0
4.5362403313285640,96,97,55,5
4.3046438497377419,98,99,56,7
2.6128239167955658,96,97,50,4
4.7077381551582915,94,94,48,3
2.1287889934992785,96,97,42,6
6.0303616703772844,96,97,41,1
4.6780673034804119,96,97,52,6
4.7755155784445877,96,97,51,7
4.4362063540559538,96,97,49,7
2.0179183395668274,96,96,53,7
5.9033928473553319,94,95,51,6
3.5018028216765740,98,99,50,5
2.3537187418223016,94,95,45,0
3.5079214848376568,94,95,48,3
0.0559771999783231,94,95,47,2
2.1476870278558775,94,94,47,6
1.2099092214278695,94,94,58,3
4.7141722825174135,94,95,54,5
1.6125937173494924,98,99,48,3
2.8506003804554290,96,97,50,0
0.1941097364817490,96,97,44,6
4.1114252723695870,96,97,50,2
4.5718954900863906,94,95,49,6
1.6712667855615708,96,97,55,5
2.5764409878027656,94,95,47,0
1.9801328568222885,96,96,55,3
6.1461622886611522,94,95,52,7
0.4629309503639347,96,97,52,6
0.0102144985621210,92,93,51,1
5.7452344754205109,98,99,43,2
2.2297573034195475,92,93,46,2
4.4447367994968525,94,95,55,6
2.3618298040044285,94,95,45,2
0.7075243230474133,92,93,54,6
3.8391691394875047,98,98,53,0
1.9026209379107901,94,94,49,0
1.1359960304118291,96,97,51,7
3.9381608276179945,98,99,60,5
1.0746483685699268,96,97,43,5
2.3860947601158409,96,97,53,7
1.3018413595634730,92,93,44,2
2.6063690912719633,92,93,49,5
2.6424482859052363,96,96,57,1
2.5190339863765252,98,99,55,6
0.0826766164922495,94,95,48,3
1.0878076061750741,98,99,45,0
0.4475256314126352,98,99,52,5
1.4310731939465950,98,99,53,6
3.6759120869605217,98,99,54,3
2.4428794461685599,96,97,52,2
1.1009218464491026,98,98,50,7
0.5700114012064288,96,97,57,5
4.8408462878474730,96,97,58,6
5.0898358561463333,94,95,48,3
5.6765562012258082,96,96,52,2
5.4157954647617350,92,93,40,0
5.0208485354472634,98,99,57,6
4.5020076630735106,92,93,36,2
4.0536133118756705,96,96,39,1
4.4298834918216352,98,99,54,1
1.3649428321799715,92,93,50,0
6.1417121283275353,96,97,54,0
0.9330295353277830,96,96,41,7
1.6373545612814639,96,97,50,2
3.1419044757210104,96,96,42,0
0.3030794958266066,96,96,52,2
4.9949995148621325,96,97,54,4
0.4475923429304953,96,97,49,5
1.7375705374601524,98,98,41,2
5.7907136800504180,94,94,42,3
3.2518470480909301,96,96,47,3
6.1004624110869665,94,94,53,2
3.4905489106399252,96,97,43,3
3.9449259863666835,98,99,51,0
2.3580004739365834,92,93,45,3
5.8819157993076479,96,97,54,0
4.7895563883372976,98,99,54,5
1.0362504494137115,96,97,51,7
2.8060338563623279,98,99,52,5
1.6284804516003100,98,99,53,6
4.0603213514966328,96,97,55,1
5.6235905342760004,96,97,56,4
0.7605240695276259,98,98,46,5
6.0688089319869283,90,91,39,2
4.3381622352602980,94,95,43,2
0.1607389035357323,96,96,46,6
1.6422929342010271,94,95,59,6
2.3739488481410125,94,95,51,6
4.7744552780328666,94,95,48,7
0.1372984323663056,96,97,55,1
2.5965915690198718,98,99,49,2
5.7624028265933278,96,96,48,4
1.0519909366014650,96,97,52,6
3.5427221308703376,94,94,50,7
4.5344059715815517,92,93,55,7
2.9103032303314968,96,96,46,2
0.3069181469103577,90,91,43,2
0.0135189614541291,96,97,48,4
5.4046474232052688,96,97,47,3
2.1303129265285019,96,97,54,4
3.9262828509754759,98,99,54,1
0.5450393387337806,88,89,47,7
4.3548934552930278,96,97,43,7
4.6025379369059678,94,95,48,3
3.2675190499649189,96,97,44,6
0.9788201651301925,94,95,50,3
2.7662004871758903,96,96,58,2
3.6125632680654620,96,96,51,3
6.1531642373501105,96,97,59,7
0.2756384709896201,94,94,43,0
1.2412522509790027,96,97,47,3
1.7209961286573214,98,98,53,6
2.3198949180791870,94,95,59,2
0.0114150370717955,96,97,46,2
4.4120294600229233,92,93,46,6
2.8522425861299965,96,96,54,6
4.2716337776306101,94,94,50,7
3.4338456478404558,96,97,53,7
3.1450887907486016,96,97,50,6
4.5761166460044915,96,97,54,6
3.3957720345336031,90,91,57,0
2.2788496784731698,94,95,57,6
3.8794418049460719,96,97,44,6
4.9712490196566330,96,96,40,2
5.9639939889480535,96,97,46,4
4.2026423425306447,94,95,58,7
1.4512371966266631,96,97,53,5
2.8435709386353651,94,95,48,1
1.0463573460405609,96,96,57,7
4.2913923239726666,94,95,51,0
3.3572425698688635,94,95,51,4
4.9856159451770035,94,95,46,3
2.9851391297405123,98,99,57,0
1.3133037035218360,98,99,54,3
5.1512184267626617,96,97,53,5
2.9078712450638204,96,97,42,0
0.8611916466987036,92,93,54,0
5.9443909200495062,96,97,58,2
3.8144758724213652,98,99,46,1
4.0925533600962236,96,97,49,5
0.7455456364583412,98,99,53,2
0.6173228589122199,98,99,46,5
4.1380126363989236,94,95,46,3
5.3477828999281973,96,96,54,4
0.0387968211014883,94,95,47,2
1.1906053668524010,98,98,46,5
5.6039372154267673,94,94,53,6
0.4860915876900828,96,96,40,2
0.5534461676991624,96,97,40,2
0.1134201820946905,94,95,48,1
1.8663899725217150,94,94,46,5
5.8238803836687643,98,99,53,4
5.3129800029942613,94,95,47,0
0.7845722218914455,96,96,45,5
5.9061890141165572,96,97,48,0
5.1395626719116558,94,95,49,6
3.7737734947614334,94,95,44,7
0.2530010810111060,94,94,58,5
4.1484831626238590,94,95,46,1
1.7494261235272501,96,96,46,2
0.9674335983793699,96,97,47,7
5.2455745718514013,98,99,44,3
4.8461802226113031,94,95,52,7
1.6946499072045180,98,99,45,4
4.7005130146332936,92,93,49,7
1.3869433897101895,96,97,33,5
4.0351122465435303,96,97,43,5
5.4204799069064196,96,97,54,0
1.7106946141093315,94,94,52,3
4.9228657936991729,96,97,42,0
6.2469673462731503,98,99,54,3
1.9428290843320808,98,98,57,2
4.1452540591811999,92,93,49,3
2.8478378186864122,96,97,44,2
5.4299902758864480,98,98,45,0
4.9298856583766373,92,93,50,4
3.3177933845800514,94,95,46,7
5.3432123616352021,98,99,51,4
0.0795751473795982,96,97,53,5
1.6897397454875487,96,97,52,2
3.2018441143175829,96,97,47,7
0.6499105244859816,96,97,51,5
0.1770295534681658,96,96,48,2
2.5526278174317372,96,97,52,4
1.1656670318050939,98,99,49,0
5.6558383287726679,98,99,47,6
1.1667490707825114,94,95,55,2
5.6600775563959225,98,99,45,4
5.5246074719835407,98,98,44,5
4.4789871100908272,94,95,40,3
5.5853754430477851,98,99,46,3
3.0035508676093827,96,97,44,6
1.6415063684679805,98,99,56,7
5.5754522938851290,94,94,39,2
1.8458580648100171,96,97,52,6
4.1825082743029851,98,98,56,5
0.8660765854479187,96,97,46,0
5.7952799553871825,96,96,45,7
5.9502823012300388,96,97,48,2
0.9712048784512836,94,95,52,3
2.9649050996441795,94,95,45,2
4.9409636964828074,96,97,50,6
0.8721904575881035,94,95,50,3
2.4365777625969738,94,95,54,3
1.5019126178370688,98,99,53,6
0.9850460791756279,98,99,50,7
2.2844768165869156,96,97,60,6
4.0962547352755045,96,97,57,1
0.6108818358001540,96,96,53,1
4.2548958683425502,96,97,49,5
5.6944372871716498,96,97,53,1
5.0992597478247728,92,93,41,1
4.4393988040625718,96,96,54,0
4.8191489471014721,98,99,53,6
3.4338750513818015,96,97,47,1
3.9394288800762598,96,97,48,4
6.0984260995994646,92,93,56,4
1.4051084540543828,98,99,48,5
4.5457791693798573,96,97,46,0
4.0163646739525722,98,99,47,2
0.4412072519694835,96,97,48,0
0.9026332428729839,96,97,42,6
5.7206944302240181,98,99,45,0
0.7427184529474303,96,96,47,1
0.3022908503544459,94,95,50,1
0.7603181211685172,94,94,55,6
4.4602622213648244,98,99,52,5
4.9594110644495215,96,97,56,4
5.6366794372410736,98,99,54,7
1.5381402670238249,94,94,47,4
4.7443785241231806,90,90,50,3
1.4725495451336237,92,93,48,4
0.1893887796812246,98,99,44,5
3.0877187818134888,94,95,48,5
4.1051546933899035,94,95,48,5
0.8115823383813675,94,94,40,5
3.6755197682148206,92,92,45,3
5.6856184664107667,98,99,56,5
3.4883675075263634,94,95,48,3
4.5979370414559941,96,97,48,6
3.7346848659036187,96,96,43,3
2.4421894265593007,94,94,49,6
4.3657911351700891,96,97,50,0
0.8528741844073029,96,97,55,7
0.9575095115525211,96,96,61,7
4.5424487770434387,96,97,49,7
5.5270003902684337,94,95,53,0
4.1615502363924044,92,93,45,7
4.2587010674838872,98,99,60,5
4.9761952770393494,94,95,54,1
1.1443056800157205,96,97,42,4
4.0526761137736562,96,97,47,3
3.1100302502314885,96,96,44,6
5.2543572093162512,94,95,43,4
5.7763591379616734,94,95,58,7
4.2513479642706073,96,96,45,3
4.7182682350733556,96,97,44,6
1.3899994658193870,94,95,47,4
3.8020911823715298,96,96,43,5
3.1257312203985963,98,99,49,4
2.6522754701175617,96,97,44,6
5.2344602145839030,96,97,50,4
5.8826967698310906,96,96,51,5
2.7871534580731732,96,97,51,3
1.4052603019244532,94,95,47,0
0.3064884273961352,98,98,43,2
4.9617303940303490,96,97,51,3
4.0241142077118379,96,97,48,4
3.0528564926523969,96,97,54,6
5.0753956804550979,96,97,51,5
4.6970515752589339,96,97,38,0
5.3558942730412875,96,97,58,0
0.2388979743540122,96,97,52,6
1.0034864207295122,98,98,52,1
5.9581474884192431,96,96,48,6
3.0162013536108394,96,97,41,1
1.7394134231724561,92,93,37,1
1.8892201930798904,96,96,51,5
1.6869068438852848,96,97,51,1
2.1657569764018456,96,97,54,6
2.0862748832870275,92,93,39,5
6.0836649832620315,96,96,56,0
2.0340489218283344,98,99,56,3
5.0494802914648664,94,94,50,7
3.3878173294372451,96,96,52,4
3.3616440099191327,98,99,37,6
1.5144564982065511,96,97,45,5
5.5342915305035572,92,93,51,5
0.4679359904237079,96,97,47,3
3.0173956959529695,94,95,54,5
2.2761326706748788,98,99,40,1
3.6904472442609841,94,94,51,2
5.0904881093906251,94,95,51,2
0.9599596707179896,96,97,53,7
3.2342635473235282,94,95,48,5
0.7858382611597030,98,98,52,7
0.1887511140688606,94,95,49,6
5.8924204587497879,96,97,49,3
0.1009142828920271,88,89,36,6
1.9268463613733584,94,94,62,1
2.4164466767272481,98,98,45,2
5.9756863078453266,96,97,55,1
4.4130043633641343,96,96,43,7
3.6279759815106853,88,89,54,4
5.2956898374232608,96,97,55,3
3.7378258555141075,94,95,43,2
2.4220068030336179,98,99,50,7
0.4928156879746253,96,97,47,7
4.7826093216801508,98,98,55,6
2.3376529623208002,98,99,45,2
5.5868123172075776,94,95,50,3
0.2374238866704362,96,97,45,5
5.8409599167163417,92,93,40,0
5.7548233584149413,94,95,52,5
0.4624741032026435,98,98,53,6
6.1128222079509991,96,96,50,2
0.3129057100998990,96,97,59,7
3.6291817430417939,96,97,49,5
5.1710496041919676,94,95,48,5
3.6903417114006460,92,92,51,7
5.6701761220023741,96,97,52,4
3.7198684213910798,96,97,51,5
2.1513691162138340,96,97,55,1
5.0895755855982481,98,98,50,5
4.3166717650806898,96,96,52,2
4.0700370947917408,98,99,51,6
4.1378299893263257,96,96,50,0
2.9332395221049592,96,96,61,1
4.5516400596692472,96,97,52,6
2.4376540916722931,96,96,47,1
5.9272627856138804,98,99,51,2
0.3902183872521212,94,94,44,5
5.3187174183561412,90,91,59,4
2.6505860381246493,98,99,51,2
4.2722657619218545,96,97,45,1
5.2682279173730908,94,95,51,2
3.0366658818670635,98,98,50,3
1.0470902441293233,98,99,45,0
5.3355091845335094,94,95,52,1
2.6648634470986381,98,99,56,3
4.3645227222897773,94,94,47,2
0.9125196699005433,92,93,50,0
1.8270263019576187,92,93,45,3
2.5885166997985998,94,95,45,2
1.7533285731646158,94,95,45,0
1.6455207595152102,96,96,51,7
1.0875663637310016,96,97,51,3
3.5127549705621934,98,98,53,2
0.0837377584157199,98,99,43,2
5.4859563137598855,94,95,42,1
3.7264263772408879,96,97,49,1
2.3408148137018494,96,97,55,7
2.3151073867069440,96,96,52,6
2.6208648068299230,94,95,39,6
1.0423481097236016,96,96,50,4
0.3844067553923814,96,96,45,5
4.9601384144569387,98,99,45,0
2.5866647887263636,94,95,50,1
1.6415734471191674,96,97,49,7
4.9604431257223487,98,99,55,4
3.6829255578172080,98,99,55,6
2.3647319630760903,96,97,42,0
4.7994645729825240,96,96,45,1
5.1748322088493293,96,97,53,1
1.2539601155208782,98,99,57,4
3.6309324137754535,94,95,57,2
1.7939232535738872,94,95,48,1
3.4568371550668355,96,97,48,6
6.1191911471762959,96,97,42,0
6.1602996519832001,98,98,49,6
3.2699932745863971,90,91,45,0
3.8347680918303566,96,97,50,6
2.9993880771769312,96,97,56,2
2.7924123688122320,96,97,51,3
4.1443696499108071,98,99,54,5
5.8461353409803136,96,97,55,5
2.0070932778995596,94,95,41,6
1.3091847613425853,96,97,57,7
5.8687645007894140,96,97,49,1
1.1798129886874218,96,97,46,4
3.8131706345821113,92,92,50,2
6.2487583790656895,96,97,48,6
4.9834363917278353,96,96,46,2
5.4333301852752038,96,97,61,3
4.6921260133730796,88,89,45,7
6.0867566592402405,94,94,44,5
3.7993062172322665,94,95,58,7
4.1773357318504170,96,97,53,5
0.0151460767891740,94,95,52,3
2.2978864272647326,98,98,47,6
4.2273560530078234,96,97,45,5
3.1607214848284211,98,99,53,6
1.0709318933496821,98,99,52,7
1.7817210227248830,94,95,39,6
2.9908469523012005,96,97,46,6
2.4232978438089572,96,97,45,3
5.4482973636343477,98,98,54,5
1.0014616539280299,96,97,47,5
3.7606734101908637,98,99,51,4
1.9057507686848247,96,97,51,7
5.2544076699896838,96,97,48,4
6.1453535268098145,98,99,48,3
0.8534031963619287,98,99,55,2
1.8707276345574693,98,99,48,1
2.0495798209445497,92,93,47,3
0.6925614626446198,98,99,48,3
1.0997719650254758,96,97,43,7
4.6894885172317631,98,99,51,0
6.2505936197430980,94,95,56,1
4.5717442407718156,96,97,62,4
0.6299301519416496,96,97,52,0
5.9027977780514025,94,95,49,4
3.3077912655628179,96,96,50,6
1.9419655134847531,96,96,47,1
2.0627555317988229,96,97,42,0
0.0294918239475239,98,99,52,5
0.2062733597927345,98,98,53,0
1.8650589982394123,96,96,52,0
2.6131806479938295,98,99,53,0
6.1118099262625289,92,93,46,0
1.8606600096906876,98,98,50,7
2.5272146864226985,96,97,53,7
5.0852542001649716,96,96,51,7
4.4072044423001637,96,96,49,1
2.4952959957807925,96,96,52,4
6.0166781156573759,96,96,42,4
5.4018688693182346,96,97,49,5
6.2501385959459839,88,88,47,1
2.9192811052867511,96,96,50,2
4.5013774099308588,96,97,51,7
4.6054180569467027,96,97,53,3
0.3596943699292659,96,97,45,5
1.9848572981150159,96,97,48,2
1.6195537139418934,98,99,57,2
1.8914169203494990,96,97,57,7
3.7909018879306027,96,97,49,7
4.2674355372929744,94,95,55,6
1.9286571744219656,94,95,47,2
5.8531794792852478,98,98,55,2
4.6166300306485040,98,99,55,0
1.4956682338872054,96,97,41,3
3.1780481136128662,96,97,59,1
3.9046943265908332,96,97,55,1
0.8552246834155912,96,96,52,6
1.0439267792261087,96,97,43,1
4.2965812150266798,98,99,46,5
0.5664501594033887,94,95,64,5
1.0587111042299973,92,92,52,6
0.8702886386433353,92,93,43,3
1.3549469026693539,96,97,48,6
3.1505825610586990,94,95,45,2
6.1596813884157804,98,99,46,3
2.5446784591889697,94,95,46,7
3.3210243117915228,92,93,54,6
2.5267812510577325,96,97,40,0
3.1283530147799952,96,97,55,5
1.8405010776212838,96,97,48,6
2.1485424309217049,96,96,44,0
3.5434127818937933,98,99,40,7
1.5600196274146980,96,97,50,4
4.7423936705980703,98,99,49,4
5.5726524012660974,96,96,48,2
5.8079994330444586,98,98,41,2
2.4546567144971347,94,95,55,2
3.1299720408329748,92,93,53,1
5.6555512883174615,96,96,61,7
1.5711668897693671,98,98,51,0
5.8719717035530117,96,97,55,7
1.3605206563693877,98,98,52,3
1.5740527307428616,88,88,47,3
2.7717599061460603,98,99,47,6
2.0730584719940990,94,95,42,5
0.3591111651506173,96,97,48,2
4.2695126148190825,94,95,44,3
5.0753905871212730,94,95,47,4
5.2331793378188873,94,95,48,5
0.1553028170834221,96,96,43,1
2.0740101251305592,96,96,49,7
5.7499194569581835,98,98,55,2
6.2562620130349549,96,96,46,0
6.1545209710195090,98,99,46,7
0.3782218991853960,96,96,45,5
5.9429398846382355,98,99,44,5
4.9528550201963135,98,99,47,6
4.9823761146552030,98,99,45,0
3.3075162350045302,96,96,46,0
3.0991812039565838,94,95,55,6
0.5675813106385504,94,95,46,7
1.8885792615255885,98,99,43,2
5.8936238092459217,96,97,53,1
4.7885147403447164,98,99,49,0
3.4611030526659969,96,97,55,7
0.3711961712289986,96,96,49,5
2.5725887129033262,100,100,52,2
0.1582676840599272,94,94,55,2
6.0080235542164795,94,95,46,5
3.4344910060775256,96,97,45,3
3.5536301289976486,90,91,45,0
4.8511679035643009,94,95,55,0
2.7347185497187447,90,91,42,3
0.1887221129809159,96,97,54,2
4.1376745232129570,98,99,46,5
3.9904741406990127,90,90,48,5
1.7604206171586017,94,95,55,0
2.1490717813727183,96,96,53,3
0.9438461306698505,96,96,58,0
4.7496259478922900,98,98,46,1
5.3826693788137625,92,93,52,2
3.2657332256226419,96,96,60,0
3.0454999093674715,94,95,49,0
1.8976700519311755,90,90,47,6
2.1030683853294567,98,99,43,2
1.5987662967490222,98,99,53,6
0.0821934025123787,94,95,60,1
0.0853249571317416,98,98,46,1
4.7382275630700903,94,95,44,1
5.8676069530740156,98,99,56,1
4.8708207610509815,98,99,52,5
5.7410587739166488,96,97,50,6
2.8002542940195942,94,94,49,2
4.0082483337705286,96,97,54,0
0.6824388568094359,96,96,49,3
2.2237316512210561,96,97,46,4
3.3235202795095597,96,97,51,5
0.6439425455134717,94,94,47,4
1.2138160193115635,98,99,55,0
0.5196149034229620,96,97,50,4
5.9879716401294871,96,97,45,3
6.1607424798845365,96,97,60,2
2.3312013882702471,96,97,47,5
1.5167591697939964,96,97,42,4
4.6501825856503780,96,97,44,6
1.7248400422707557,96,97,48,6
4.1187216203407688,96,96,54,2
2.6134366301608525,96,96,50,2
0.1223559938025202,92,93,41,7
4.5307898974486447,96,96,54,6
4.3738400898705958,98,99,48,5
1.5566575982920337,94,94,46,1
3.2884343445327273,94,95,53,4
2.9625599025158849,94,95,41,2
3.0061519331362998,96,97,54,4
3.0829695413154803,96,97,57,3
1.2516165164582655,96,96,54,4
3.3348674920618415,94,95,50,5
2.3823865786716065,98,99,54,7
5.8643744552261570,94,94,49,2
1.9939284909205126,96,96,45,7
6.0387657756975957,96,97,48,2
4.5143391525488274,92,93,51,5
2.3369559929047177,94,94,52,5
2.0000186117699656,96,97,49,7
5.7849518134510047,98,99,54,3
2.7033025183270305,94,95,44,5
1.6462592480621381,96,97,49,3
4.7607761902139973,96,97,46,4
1.6764691380213783,94,95,58,7
1.9573213123587774,96,96,36,6
5.7473859413838753,94,95,41,0
3.2033366897210778,96,96,52,0
3.9354625155804781,96,97,59,7
5.7610443776948888,96,96,48,0
0.4727271787400188,98,99,41,6
3.9841936398298623,92,93,45,7
1.7091736031453288,98,98,57,2
0.9951872352885235,94,94,40,7
2.5960840177865157,94,95,47,0
1.7978038378495493,100,101,54,2
2.3277369148601252,90,91,43,6
1.7851875797074011,96,97,46,6
2.5644599303419415,96,97,52,0
4.6989359293025483,96,97,57,5
2.9860250329825688,96,97,53,3
1.5260848712545940,96,96,46,4
5.0636409003052529,96,96,47,7
4.7628871963367923,96,96,53,7
5.1912348896015157,96,97,41,7
3.1725334512476322,98,98,49,2
2.7695594973140349,96,97,51,7
4.9386221910790216,100,100,47,3
1.4056344137032302,92,92,50,4
4.7762435759953386,96,96,37,1
0.9072858136490218,98,99,49,0
4.8233867981829714,94,95,48,7
1.9818882984272232,96,96,43,3
0.5355641820101400,96,96,51,3
0.0301320895342364,92,93,55,5
5.0771470476228604,94,95,55,4
5.6430838427534429,98,99,51,2
5.7951997700868718,94,95,55,0
5.3639539970108672,96,97,50,0
2.7093586278570072,96,96,47,5
5.6708247842720843,96,97,59,3
5.0685556744093603,100,101,56,4
3.5899962764140878,92,92,48,6
1.3647396861601424,98,99,51,4
2.1254060599211986,96,96,53,7
1.7779667272843516,98,99,54,1
0.4768447051499810,98,99,44,5
4.1103709293147981,96,96,46,6
3.6346000145329671,94,95,53,2
1.4326146316723973,96,96,46,4
5.5940390224702403,94,94,49,0
2.6474631901291867,98,99,57,4
5.7056093655470059,98,99,50,3
3.1012952447996360,94,94,50,7
2.7885243759513307,98,99,53,4
0.7548837072475968,94,95,39,4
5.7004518392382710,94,94,49,6
3.7127534094442383,92,92,48,2
3.0435181539558798,98,99,48,1
5.0051959077085346,96,97,55,1
4.9266296086888870,96,97,48,4
4.8233349910709009,96,97,50,6
4.3377292242469068,94,94,51,6
0.2013943924494546,94,95,55,6
6.1265922882499568,98,98,59,4
1.5726406769325465,96,96,40,4
4.8539147376058347,92,92,56,0
0.0354822316682970,94,95,52,5
6.2022285234304109,96,96,43,5
5.0910141162951232,92,93,41,1
2.1674811916501264,94,95,43,0
1.2846233371523825,96,96,47,1
1.8011915725601804,98,99,56,5
2.4242819646902358,96,96,53,5
1.8715264789596886,98,99,49,4
3.8462903609419805,96,96,52,4
3.6988898402332366,96,97,45,7
3.6147289000271132,96,96,52,6
1.1230207279149866,94,95,46,3
5.4731936510027328,92,92,46,2
2.0285877456662398,96,97,45,5
0.6681725291058364,96,97,49,1
1.4110349013377974,98,99,58,3
5.6673048310119576,96,96,52,4
2.1103343738452858,96,97,38,4
2.4086662270751553,96,97,48,2
5.1121120964131057,98,98,55,0
4.4920323217838227,94,95,53,6
3.9020685117590515,92,92,45,1
4.9767381032741618,98,99,45,0
0.2320644608535402,98,99,51,2
3.3967091840860770,96,97,51,1
0.3264180602029482,98,99,48,7
1.0036639196329431,96,97,47,5
3.9823700839253235,96,96,54,2
4.8184004945322059,96,96,44,4
4.0635444440242390,96,97,52,0
3.7628549440671186,98,98,49,2
4.7550708160793045,96,97,54,2
3.9531065057495640,96,97,53,3
4.9319413556779965,96,97,46,4
1.5317211263044166,94,94,50,3
5.4260731833999332,96,97,42,2
4.3972878444221557,96,96,53,1
3.5575837632973419,96,97,47,3
2.1420135431704339,96,97,42,0
2.6544643207481231,98,98,50,1
3.7769614886051297,98,99,39,4
3.9110073029931276,96,97,48,2
2.9988525719823680,102,103,59,4
1.0392784932013819,98,98,56,5
0.4542468522431961,96,97,52,6
5.8452909949965806,96,97,51,7
4.8659605660311627,96,97,47,7
4.8999696091837883,92,92,45,7
4.0762716216195338,96,96,49,5
1.1973463812530567,94,95,50,3
2.3563320488918449,94,94,47,0
4.6226053096735980,96,97,51,5
0.2843876673832215,96,97,53,7
4.0618058146843845,92,92,47,7
0.4123405541202369,98,98,45,6
1.0911685197450391,98,98,58,3
5.5755864329083362,96,97,51,5
2.6799706182516427,94,95,52,7
5.3756957041790505,94,95,54,7
0.3514318296120095,92,93,42,0
5.7627182052696204,94,95,54,7
0.0526461988739180,96,97,54,0
5.3046018116336571,96,97,60,0
2.8318070085303133,94,95,52,3
3.4296582476062079,96,97,44,6
1.6474453236397231,98,98,42,5
0.1507371004433451,98,99,35,0
3.2956813238530729,96,97,52,6
4.4131100296736490,96,97,52,6
3.9434609198260429,96,96,56,4
3.8576514367262926,98,98,53,4
4.9802702789452962,96,96,53,7
3.8063954125675350,98,99,48,5
2.2318206406601275,96,97,52,2
2.1007845173893362,94,94,44,1
3.2407972268750456,94,95,54,7
0.8581502964582282,96,97,52,2
1.0432545958255846,94,94,46,5
5.1032475890830362,92,93,42,2
5.4172237802657950,98,99,61,2
3.0728810726855911,96,97,52,4
4.1511943939925722,98,98,52,7
0.8573656170077421,94,94,42,5
1.5172291774408051,94,95,55,6
4.9147255575118107,94,95,48,3
5.8341241603327880,98,99,48,3
1.8795468232772219,96,96,50,4
5.5225894480753874,96,96,53,3
4.9251608313512767,96,97,54,2
4.0187924098392953,98,99,42,5
0.7065610016418379,94,94,41,6
1.6596887981188113,94,95,48,1
6.1019438315915568,96,96,48,6
3.9693540876608617,96,97,49,7
4.0654061124776781,96,97,53,3
4.3521224568810002,98,99,52,1
0.3688586609732549,96,96,52,0
1.4806538670545719,90,91,40,7
1.2529454154666546,96,96,52,4
3.9465869310430630,98,99,46,5
3.4325104634816204,98,98,58,5
5.6859281651749152,96,97,43,5
2.9857011140689558,94,95,45,2
2.4681984489143960,98,98,50,7
2.4935502167716379,96,97,42,6
3.4724088858274600,96,97,44,6
4.0465206037484549,96,97,54,2
4.7893369847368454,90,91,41,2
4.9651329682292387,96,97,54,6
1.0958927782115322,96,97,51,7
1.4028768800008034,98,99,53,6
0.2729199772693350,96,97,49,5
4.0539558388939465,98,98,47,6
5.7420442765373352,96,97,49,7
2.6846303412943660,98,99,45,2
2.7605751227114737,96,96,51,7
4.9372231434150144,96,96,37,7
4.9591768969549603,98,98,44,1
4.2607611028127126,96,96,48,6
4.0295485801154447,94,95,45,4
0.4882422171824586,96,96,51,7
1.2712314049899625,94,95,45,0
3.5606113578953469,92,93,46,0
6.0131982089749725,96,96,54,6
2.8234277139584134,98,98,49,2
3.2350695880715827,96,97,46,0
3.7681362398612817,96,97,49,7
4.1218833906885282,96,97,46,2
0.9026267433962396,96,97,53,1
4.2680611542451787,94,95,51,2
0.2111963606839266,96,97,46,0
1.8538132504659939,96,97,46,0
0.5586636759512545,96,97,58,2
3.9456730012641579,96,97,53,3
2.7731003974943804,98,98,57,2
3.1597112344462746,96,96,47,3
0.6456616004593815,98,99,50,7
4.2011375272578579,96,97,50,0
1.7227409865259269,94,95,53,0
1.4500679865716242,98,99,46,7
5.5466825016205163,96,96,57,7
6.1240948381020655,100,101,56,6
1.2818127052741035,94,95,53,0
0.5634490643366482,94,95,51,6
4.8526699183674982,94,95,48,5
5.7972471566485479,96,96,58,4
0.1385891751851792,94,94,49,6
2.2420323019183805,96,97,54,4
5.1122865673918554,94,95,49,0
5.4139519910740157,92,93,51,5
4.5956247317649330,96,97,50,0
3.4719389069183468,94,95,51,0
1.0187025998454147,98,99,46,1
0.3389333469274662,94,95,41,6
3.6300048288339126,94,94,46,3
6.1435823676923915,94,94,46,7
5.4287264455800832,96,97,47,3
2.1861550126744835,96,96,47,7
5.1147121835064757,96,96,43,3
2.5383384798326030,98,98,53,0
1.9330329912314654,96,97,48,6
3.8671415847839929,96,97,46,4
2.3738613822825272,96,96,47,7
1.0645322969562918,96,97,63,7
1.2162029849747551,98,99,40,3
1.9541396367469195,94,95,52,3
3.1269217081157334,96,97,49,7
0.8133379802796586,94,95,52,7
2.7020521855630224,96,97,44,2
2.0130982171146861,94,95,45,6
0.7116261280245906,96,96,50,2
0.2564834824080920,98,99,55,0
2.5361626241229613,94,95,45,2
0.1318845503616871,96,97,57,7
3.5156759066025889,96,97,58,2
0.2849531387700301,94,95,54,3
0.5506937259617272,94,95,51,0
0.0394351548300316,96,96,49,5
2.0283188094559903,96,96,50,0
2.3886555130226306,96,97,40,6
1.3927632416711979,94,95,42,7
4.4181161058480560,96,96,51,3
2.4649495887104558,94,95,45,0
0.8798472337949877,96,96,43,7
1.4126386953026664,96,96,49,5
2.8707776641088696,94,95,55,2
3.2290479994850809,98,99,56,5
4.3763472354029584,96,96,56,4
4.1789349628253998,96,97,44,2
4.4795251960917941,96,97,53,5
1.5817221710491884,96,97,53,1
3.9630730294865488,96,96,60,4
2.7946084493432539,96,96,52,6
2.3916630906477843,96,96,50,6
5.0940968290179685,96,97,43,5
1.3120238531146891,98,99,50,3
0.7938115234070933,98,98,57,2
6.0948834550151991,96,96,53,1
1.8625554641012172,94,94,46,3
5.6178928496874203,96,97,47,5
3.4881758208433560,96,96,52,6
4.9382713918291392,96,97,50,0
2.7128722689669740,98,99,44,7
3.4178265366578180,98,98,47,6
2.6115636657511399,92,93,51,3
1.4846791383780069,96,96,49,1
5.0236035205401084,98,99,56,7
2.8363603498611392,96,97,48,4
0.5123511362300425,98,99,51,0
1.5864307658648451,96,97,49,5
4.8077681938289656,94,95,48,7
2.2324785465583790,96,97,44,2
4.5986696010579760,98,98,47,2
6.1522430648917670,98,99,48,1
0.9038199838972040,94,95,56,1
1.9700621458328056,94,95,54,5
1.2435465691638810,96,97,42,4
1.8863101522955874,98,99,55,2
4.5366012578371233,92,93,54,6
3.2619155246915628,96,96,43,5
0.6111511530486324,96,96,48,6
2.4506183669126136,96,97,54,2
1.7883431011405271,96,96,53,7
2.0910173199670079,94,95,47,6
4.1984824295981884,94,95,50,7
2.9129634927361505,96,97,53,5
1.0086670969062412,94,95,43,0
1.0048564833245897,92,93,43,7
3.1694389704136672,96,97,51,1
4.5750902928200263,94,95,47,2
3.1111421224609916,96,97,53,7
0.3744053007169953,98,99,46,5
6.2638298451183667,96,97,49,3
4.4728289147622444,94,94,48,5
0.7049458178109510,96,97,55,3
0.2668947483573258,96,97,51,5
6.2206842448041932,94,94,48,3
4.7734357693661602,96,97,48,2
5.2047439048414139,98,99,48,3
3.0594942005974226,96,96,47,1
0.7963691195339820,96,97,54,4
0.7621452180436972,96,97,52,4
6.1253173667256569,96,97,48,0
3.7909844242393187,94,94,45,2
5.0312422976540105,92,93,49,1
0.0610311516134871,94,94,52,7
1.8247105019561809,96,97,47,5
0.4742183192577168,96,97,56,0
0.0717569134657272,100,100,44,4
2.6859007076875585,96,96,58,0
5.9557493354607871,94,95,49,0
4.7629948636622048,94,94,47,2
4.4963872853619451,96,97,45,5
3.3248649503824312,96,97,50,4
4.1105134931759881,96,96,60,4
6.2285259665369512,96,97,56,0
0.9502931792071567,94,94,46,3
0.1552202793486747,90,90,50,3
4.7199604042522028,96,97,55,7
0.5650521441184826,96,97,60,0
1.8791886179005473,96,97,50,6
1.9718130089011003,92,93,34,2
0.3998585084238352,98,98,46,1
3.1481871128101542,94,94,55,6
4.5787233162769470,98,98,54,3
0.4512509920176976,96,97,55,5
4.6485726982104492,98,98,48,3
1.8018672895474064,96,97,41,5
1.6759453496433834,92,92,46,0
5.9608062364028953,96,97,52,6
0.9309760560504085,94,95,47,2
3.7478390805282444,96,96,50,0
0.5130078328890245,94,95,52,5
2.4137525484002889,96,97,46,2
4.6663790667174121,96,97,46,4
5.8622463179650417,96,96,48,4
0.7254730712007106,96,97,49,1
0.2572903268303887,94,95,48,5
2.1819004558331532,96,96,59,5
4.4134521247315899,98,99,50,1
5.2279661357439906,96,97,51,3
0.9639338429350106,96,97,48,0
0.8396572304828797,94,94,46,3
3.6545889545824890,96,97,50,4
2.8721277014098279,96,97,55,7
4.5484985169316703,94,94,48,3
0.1725239843616013,90,90,45,6
1.9090766536101362,96,97,45,1
1.2028618242246498,98,99,56,5
5.1453212743702421,94,94,50,3
2.3372150374661418,94,94,45,6
2.8196625097769541,98,99,45,0
2.6408837354754273,96,97,55,7
0.1270163482917355,94,95,51,2
2.0468985863835383,96,96,45,7
1.4816968977508784,96,97,52,0
5.2406764788321949,98,99,51,2
3.9629814866164574,96,97,51,1
0.2079916849964486,96,97,56,0
1.9150818048778127,98,99,55,2
5.2809889423284897,96,97,50,0
5.6473322953886882,96,97,45,3
1.2204774222004287,94,94,45,2
1.7765421955625997,96,97,50,6
4.9107163745919795,94,95,48,3
3.1622854399147879,94,94,40,1
5.8863809117722354,94,94,57,2
3.6078497400969325,96,96,45,3
0.3560781662240727,96,97,49,1
5.1793802931716844,94,95,44,1
3.7962803349402505,96,96,50,4
0.8133854133665832,98,99,50,1
3.9127937137286568,96,97,51,7
0.0133176518222054,96,97,39,7
4.4803015205865204,98,98,48,1
1.7282784217149680,94,94,48,3
2.9659281058185112,98,99,52,3
1.6795576907655052,94,95,51,6
1.4614773084571353,98,99,45,4
4.5346423480449829,92,93,52,6
5.6350077589041332,96,96,51,1
2.0480698809322648,96,97,51,1
4.8733078102773213,96,97,44,6
2.3238987274763656,94,95,49,2
1.4278230238888581,96,97,53,1
1.3213001389620573,98,99,55,6
1.4428689336632325,94,95,53,4
3.6029887225790573,98,99,51,0
2.8674008246248932,96,97,49,5
5.8062580230821119,96,96,42,0
3.8737900908456235,88,89,46,4
2.1424322343002129,96,96,47,5
4.5085345007694819,96,97,49,3
0.4281867065896490,96,96,46,2
5.4201238688270097,98,99,49,2
5.9688579527208203,96,97,57,1
2.8595512601692339,96,96,50,0
2.4313259079921696,98,98,42,3
3.4656553084156312,96,97,45,7
2.5058093718118939,96,97,33,5
1.0388196270531151,96,97,51,5
1.1774132872959451,100,101,51,5
5.0567124150026972,94,95,43,4
3.7847219409663997,96,96,47,7
0.6181533722405583,98,99,52,7
0.1918448241928968,96,96,48,2
2.1924751401148006,96,97,53,1
4.5319661465219916,96,97,54,2
1.0994941653185843,94,95,52,7
2.5831346552432959,94,95,53,6
1.2268965389149802,98,99,49,6
3.6890653199677952,98,99,47,4
4.7958754698550772,96,97,46,6
3.9621497837371278,94,94,61,4
0.2558249478917496,98,98,56,5
5.9432571609029790,98,98,51,2
3.6561694556493247,96,96,55,7
2.6206223384701390,94,95,42,5
2.9929891273656932,98,99,60,1
1.3832531621574806,96,97,47,7
2.6176899138777601,96,97,47,7
2.2568169794750177,96,96,47,7
4.3960929817296686,92,92,58,0
4.9115174792177623,96,97,47,7
5.4519841965423419,96,96,55,7
2.8030787514364550,94,94,62,1
5.6034174992960262,96,96,59,1
5.5775699039288318,92,92,42,6
0.2517144520630594,96,96,47,3
0.3267414924118985,96,97,47,1
0.4178792347741415,94,94,42,7
5.8468499215794916,98,98,50,1
1.3175931380609083,94,95,57,6
2.7248627951667852,94,94,56,5
5.4515432402830450,94,95,45,2
0.7197307724371060,98,99,43,2
5.4288172988216639,96,96,51,5
4.9190277409804342,94,94,45,2
1.5220111074928888,92,93,43,1
2.9557634594783724,98,98,50,7
4.9948310150077289,98,99,53,0
3.8628478879809411,96,97,46,2
3.2523267110600500,98,99,47,2
5.9769856897099283,96,97,51,7
2.8857199989999702,94,94,56,7
0.2934250061959918,96,97,50,4
4.2263312432634956,96,97,43,1
1.1358200258802074,98,98,58,1
4.2989461135677240,96,97,45,7
2.3060274952504769,92,93,46,4
5.3696464537836981,98,99,53,0
1.7209891718118504,96,97,49,5
6.2259670043471891,96,97,53,5
6.1533000673872014,98,99,53,6
2.4122507598803424,94,94,39,2
0.3679853323197754,96,97,50,4
0.5776637861364596,96,97,48,2
5.8460761653464717,94,95,45,6
1.2177970274629930,96,96,56,0
2.0728336709010948,96,96,55,7
2.3221164091697508,92,93,50,4
3.7682415717964526,94,94,47,4
4.5009307209055462,96,97,51,7
5.9864788673195379,96,97,61,1
4.8128488860183669,100,101,52,2
1.8150026771763565,92,93,48,6
4.3297842492386520,92,93,48,4
2.7858635301505634,94,95,43,0
3.1233230653004092,98,99,45,4
4.9475398231685013,94,95,50,1
2.9575010294334141,98,98,57,4
1.8207345840311930,98,99,55,0
4.0990900806561905,96,97,51,7
4.9504524618188288,98,99,50,5
3.5514850246826675,96,97,46,6
1.2370132532892952,96,97,51,3
1.3997512674032555,96,96,52,4
0.6657070055078769,92,92,44,2
5.5970453887656237,96,97,55,5
1.7864936942718248,98,98,58,7
2.8677707588820214,96,96,54,6
2.6172129740018346,92,93,41,1
1.4441505055031281,96,96,49,3
6.1521673926716316,96,97,56,4
1.5247622018888114,96,96,49,1
5.9946279211519160,94,94,41,0
5.5149254960199023,96,96,55,3
2.7237899080078281,96,97,53,5
2.6887270915150525,96,96,50,0
2.4414994785080935,98,98,41,2
5.8425835375382711,94,95,52,3
0.2368104983412543,96,97,40,0
1.0796037693635370,96,97,45,5
1.6201965297761076,96,96,45,7
2.8356680909690106,92,93,51,5
3.9124483298513573,94,94,44,7
5.5320108687878049,98,99,55,0
0.2770737349388756,98,98,54,5
5.9080342439050417,94,94,44,5
3.4203419883975053,98,99,45,6
1.3335898328594356,94,94,50,1
5.0616321875618251,96,96,35,1
5.8541633176079548,94,95,44,3
4.4777772168140757,96,96,48,4
5.2428396015905623,94,95,54,7
5.5323263340881494,94,95,45,4
2.0283421445373122,96,97,42,2
4.2560840788507965,94,94,53,2
0.5344977345602916,96,96,47,7
3.7459681089442216,94,94,55,2
2.6240163813734978,96,96,50,2
0.7750457543240522,90,91,48,1
3.2692841621949893,96,96,51,5
0.6924387481659340,96,97,47,7
3.1281597853741347,96,96,50,6
3.8344477492592395,96,97,49,7
4.7421245046933684,96,96,47,7
5.3240834316482406,94,94,59,0
3.7570670624090776,98,99,46,1
1.0732696623292635,94,94,48,3
1.9298127829207239,98,98,51,6
2.4798339667586986,96,96,50,2
2.4312939742006532,90,90,42,5
3.3146553230510536,96,96,43,3
0.2160231466790952,96,97,49,5
2.5296593286337670,98,98,58,5
4.5203333699492383,96,97,58,6
5.6588300918357319,94,94,52,1
3.9038161283957287,94,95,45,6
0.8262168033269879,96,96,54,4
1.3654414213753885,94,94,49,0
3.9544656165158716,94,95,44,5
4.9103720648602094,96,97,52,0
5.1939880250950869,92,93,50,2
1.4296511559585021,98,99,50,3
5.8032622224654133,96,97,46,4
0.1426386562212960,94,94,52,5
2.5914500740275166,94,95,45,2
5.5083954762656173,96,97,52,0
0.6731229559205617,98,99,47,0
5.2074570316079098,96,97,55,7
5.1693528671061921,90,91,54,3
0.4946661104858264,96,97,59,1
3.5685712575995590,94,95,53,4
2.2139902107297007,98,99,53,4
3.0541032735243685,96,97,44,6
2.3861398681897628,94,95,47,2
5.2583678137909375,96,97,60,6
0.2079457861080320,94,95,53,6
6.2663921511752481,98,99,57,6
3.6671607113473539,94,94,56,3
0.3046485500562776,96,97,43,3
0.9602511637877165,96,96,49,5
4.1562706151715743,94,95,46,3
2.1267719609922882,96,97,41,1
5.4835522523657980,100,101,52,6
2.2543748373309738,94,94,44,7
3.5967731766579054,100,100,49,3
2.2208762076706319,92,93,47,5
5.0807168991839102,96,97,49,7
0.0563174543595721,96,97,46,6
5.1036768034950590,96,97,55,1
4.2639855472692840,96,97,62,2
2.1924127161289335,96,97,48,6
3.8386850218240731,94,95,59,2
2.4889795712787621,96,97,49,5
3.9302526416252066,96,96,49,5
0.4057280202321390,96,96,56,4
4.7229430299721846,96,96,48,2
6.2344713190039185,96,96,42,2
2.5069021344252906,94,94,50,5
2.1978475603514589,98,99,45,4
4.7387426568436553,94,95,47,2
5.0541385725554768,94,95,40,5
5.6918011769898484,98,98,51,4
4.3687283386047699,94,95,57,0
0.2034737393947880,94,94,50,3
4.4232296089052179,96,96,50,6
5.3924232493686421,98,98,52,7
5.7493808079359345,96,97,53,5
0.9527416811303732,96,97,55,1
5.3844953929820889,98,99,53,4
5.5603650762403554,98,98,55,2
0.3669267802609117,96,96,53,5
6.1835172799778686,96,96,64,0
0.6518648540793665,92,92,46,6
5.0069596673126116,96,97,49,5
0.3913472574738662,98,98,54,7
1.9533742036631740,96,97,42,6
3.2837632846983285,96,96,48,6
1.7778170263516406,96,97,50,0
2.4138070452598330,94,95,51,0
0.7751613530438219,96,97,47,5
5.9297934159207877,96,96,50,2
0.7224879806802471,96,97,52,4
4.9640699693256600,96,96,39,7
4.6546161464223106,96,97,54,6
5.7612915490592513,96,96,58,4
4.7378383579177461,98,99,48,7
5.0126573262205181,96,97,43,7
2.3120069905498029,98,99,45,4
3.2561762338298110,96,97,57,5
1.2143715005493294,98,99,53,2
5.3876300174868854,98,99,56,3
3.1932505818217254,96,97,49,7
3.4595028245013006,96,97,56,0
0.2252390357434377,96,97,53,1
4.6177502569872031,96,97,55,3
6.1245366033777797,94,95,50,1
0.0469655191446957,94,94,49,0
1.2093445883740759,98,99,49,6
1.8513379458088248,96,97,46,4
2.7460183602451900,96,96,56,4
2.5503172970042480,94,95,41,0
5.7704027955409840,96,96,49,1
4.8766113359330223,96,96,53,3
0.3315579753282102,96,97,50,6
3.7539074377388646,94,94,54,7
5.2425377785608100,96,96,54,4
3.3879082656225181,96,97,49,1
0.1473510517500075,98,99,52,3
1.0714742114456841,94,95,51,2
4.1345464254429416,94,95,46,7
2.1254108407401366,96,96,53,1
3.8593262816093037,96,97,56,6
0.6394532890043263,96,96,46,2
2.7828256289924074,94,94,48,3
1.2224739759825785,94,94,46,5
5.8252593978210951,96,96,52,0
0.4900613276323882,96,97,44,4
0.7495117565319942,94,95,45,2
5.5386150833332799,92,92,46,6
0.9815210759865749,96,97,46,0
1.3451779430862794,100,101,47,7
2.7589531681057835,96,96,47,1
4.8624879565417993,96,97,48,6
4.2960845776491494,102,102,54,5
1.6617957890339472,96,97,48,2
2.5036955281227060,96,97,58,4
3.6996834053100609,98,99,48,5
0.7000886561139814,96,97,46,4
2.4928157568715714,96,96,44,4
3.3616787309669234,98,99,47,6
0.1823694998072048,94,95,56,5
4.3497222509552600,98,99,55,0
4.9396337984274954,96,97,44,2
6.0258067477976587,96,96,49,1
3.9454033124700900,98,98,69,6
5.6549668908135233,96,97,53,3
0.1839708780807084,94,95,60,1
1.1887459340690054,96,96,62,4
4.5678625991453972,94,94,45,4
5.0431841694243333,98,99,48,3
0.2761716100148974,96,97,47,3
5.7457135365312357,96,97,43,1
2.6690946839103691,92,93,52,0
1.1474721189295851,96,97,43,7
4.5390915251107122,96,96,46,6
2.0104507178655417,96,96,47,5
3.5398857043087775,94,95,56,1
4.3668553209757368,92,93,51,5
4.6549636812050093,94,94,54,3
0.3237499891977065,90,91,44,3
4.4456040112032840,98,99,55,2
4.2950052296926300,94,95,44,7
3.2796973159790017,98,99,52,5
1.5673981352214736,94,95,54,1
1.8303017093612819,92,92,48,2
5.2836733742250352,96,97,54,6
5.8509821451929538,100,101,48,4
2.6797843250310196,98,99,51,2
4.6237261075594143,90,90,39,0
5.9912616029707397,94,95,45,0
0.2603673951795911,92,93,54,0
5.8297320153118921,94,94,51,6
5.6041930039017158,94,94,55,4
5.3465985369202880,94,95,48,3
1.6706923846117756,98,98,45,4
2.2543451744250409,96,97,47,3
1.9052216491615803,94,95,52,3
1.0508739572827392,96,96,48,0
4.6365654841073134,94,95,55,6
1.6015315488816251,96,97,48,0
5.8314020331081640,98,98,50,5
6.1952053904289794,98,99,54,7
4.6199474182743314,96,97,46,4
1.2934945350330651,92,92,50,4
2.8845688625813453,92,93,49,7
1.9283576111762362,98,99,59,2
3.3343642116395031,96,97,51,5
0.9905970219200725,94,94,40,1
5.4982729720465269,102,102,51,0
5.3540700760074307,96,96,49,5
1.6437257369311760,98,99,54,3
3.2119162428563794,96,97,54,0
1.3752258012512009,96,96,44,4
6.1363422206221196,98,99,52,3
0.1502998266900191,94,94,55,2
1.3380506490634503,98,99,48,7
2.5802295134191033,92,93,56,4
3.1634559875943591,94,95,52,3
1.4806146177363237,98,98,49,6
5.4336734155746971,98,99,59,0
0.9724173041632074,94,95,53,0
3.8948581912860898,96,97,54,4
2.2815779043225048,96,97,54,6
5.2986600274824012,96,97,55,1
2.0049269447763320,94,95,53,4
5.8839012861170250,98,99,53,0
2.9172269808663165,94,95,56,1
4.7582103197744257,94,94,50,7
0.0767932363317370,90,90,46,1
0.1949723676418609,98,99,53,0
5.4047497963834354,96,96,59,7
1.3431449901991988,96,96,49,7
6.2020139083713728,92,92,45,3
3.6812325386108458,94,95,56,3
6.0316141464028101,96,96,55,7
1.1649733708021588,98,99,47,6
0.2451025513144704,96,97,47,5
1.7797411916463159,96,97,44,2
0.6041824840636166,98,99,50,5
0.6870315924783045,92,93,54,0
3.8741408208610353,96,97,54,6
2.9734421177289998,98,98,46,7
0.3553806179221744,96,97,49,7
4.4870391687589679,96,97,63,1
3.2161619766526419,98,99,55,2
3.8426010547056895,94,95,41,6
4.8396258643287986,94,95,49,6
2.9950518839891731,98,99,63,4
3.6018295799781375,92,92,42,2
4.1717430965174778,96,96,53,1
2.1098369467690850,98,99,52,3
2.6284246130681606,94,94,45,4
2.2913981088262312,96,97,46,0
2.5751265410001039,96,97,44,2
5.5398653354373302,96,97,49,1
3.2297002684951255,94,95,48,1
5.8958730675012987,96,96,49,5
3.4517030523763674,98,98,52,1
4.0344161330023436,94,95,44,1
2.0279935683416679,94,94,44,7
3.9072620982974642,96,96,48,4
2.3450854630221123,96,97,50,6
5.1386214373623513,98,99,50,7
0.5164224559421573,98,98,46,3
0.6682829986395736,98,99,58,5
5.0682198003824102,98,99,50,7
2.0709152768591363,98,99,49,6
5.8071443184460660,96,97,51,1
3.4980411549836785,98,98,56,1
2.7670603117174424,96,97,51,1
2.2382954286437746,94,95,45,6
3.6424358252732958,96,96,53,3
2.3769445302520489,96,97,46,4
4.1937131326555068,94,95,53,2
2.3283642076874962,96,97,48,6
2.2552293834576957,94,94,44,7
5.7957664886224229,94,95,43,4
3.6273646101848955,96,97,43,1
3.4499792350354688,94,94,43,6
2.7784754643912226,94,95,44,5
1.9580953877316110,96,97,49,3
5.3239230237264925,98,98,47,6
1.4270190247442918,94,95,46,1
0.0872793588776506,96,96,50,4
3.3078349921298829,96,97,56,0
3.8008019605084957,92,92,47,5
1.5358557879860739,96,97,46,6
5.9757545850127221,98,99,44,3
1.0958443796109039,96,96,48,6
4.8086243746916173,94,95,49,6
4.4527698408238843,98,98,53,4
3.0178611083121010,98,99,57,4
0.5399865800611577,90,90,53,6
1.9895912917886822,98,99,43,0
2.0153423627094855,96,96,53,1
1.5398281216892344,94,95,47,6
3.5309006154668432,96,97,52,2
2.2402832993122153,96,96,47,7
4.1625208801995885,96,96,49,5
5.7375508519952634,98,98,52,5
6.1737351854080300,96,97,59,7
1.1651141338153470,96,97,48,6
2.0600184857409314,96,97,61,5
0.1630873824777067,94,95,47,2
4.4180408400795672,96,97,50,2
1.6816981667738164,94,95,46,1
1.0058429411706165,96,96,51,1
5.1108923967363866,88,89,48,6
5.3675350731656168,98,99,49,2
1.5286755925531550,98,99,50,7
3.8796825915926090,94,95,49,2
3.5008043353181231,96,97,52,4
2.4481700428465230,96,96,49,7
6.0782016611077401,96,97,56,0
2.3364948300479922,94,94,45,6
5.1716136570296092,96,97,52,2
4.4633373496948057,96,97,51,5
3.9425247284844742,94,95,57,2
1.7612631549786149,94,94,40,7
3.5635907888856075,96,97,46,6
0.2305807674238649,98,98,42,3
0.6548894110569101,98,99,60,7
1.7720967200011439,96,97,54,4
4.3009994739581137,98,98,56,5
3.9123847355452583,96,97,56,6
5.7658732479604318,98,98,46,7
1.2433186478504263,94,95,51,4
0.0065307020092143,98,99,45,6
0.3828095723259088,94,95,56,7
5.0457657453616260,94,94,55,6
1.1141202036933318,90,91,53,2
2.1932638956990242,96,96,58,4
6.2636256348662505,92,93,58,6
2.2730444191057524,96,96,53,3
5.7886591251947070,98,98,49,6
6.0022263819336077,96,97,52,0
5.7220231821352510,94,94,51,6
1.7706406292655263,96,97,47,3
5.2846640080220642,96,96,50,0
3.6107477017399612,98,98,40,7
2.4457544137264984,96,97,54,2
2.9100273236112399,92,93,45,1
2.8223165520706721,98,99,49,0
2.6582512956760178,100,101,62,0
5.4366352169409291,98,99,46,5
5.3858940748572017,96,97,39,5
1.0260911697606871,98,98,53,2
0.3012357328656556,98,99,52,1
4.6635102910621438,98,99,54,3
0.9773759846369805,96,97,53,3
4.7735419743229679,96,96,49,7
2.6642652340976980,96,96,53,3
4.2572840596139097,98,99,43,0
3.1400859189788974,98,99,57,2
0.5188400711861766,92,93,50,4
4.0221353189483002,98,98,48,7
2.2874941407968001,96,96,44,4
5.6050265922400335,96,97,54,0
1.5121729968600182,94,95,48,7
3.3237721496484052,94,95,47,2
5.0532061522532761,94,95,41,0
3.5474092122516798,98,98,50,3
1.8610700859904008,88,88,45,1
5.8182319454746771,94,95,45,2
1.5713812727055576,90,91,43,0
2.3688235504700694,98,99,56,1
3.5078972213061723,98,98,58,5
1.8297755856476547,96,97,49,3
0.8658353527074291,98,98,48,7
1.1559511556549253,98,98,51,2
0.5013668779231909,90,91,41,6
6.2286119147778845,92,93,46,6
1.8647798397322817,98,99,58,3
5.9681558930613274,90,91,46,3
3.8025388362710215,94,95,46,7
1.6111534243732732,94,94,54,3
6.0046626023419956,96,97,57,3
4.3934179542795588,98,98,47,4
5.7891824186286520,94,94,49,4
3.4843851478518943,94,94,54,3
4.3125863424761253,96,97,54,6
5.6413214352366889,96,96,40,0
3.1650507477813425,94,95,47,4
1.7160744810539215,94,94,51,2
6.1617468659232912,94,94,45,0
3.7397728218398241,96,97,47,1
2.8666699619624789,100,100,51,7
2.2976880973564890,94,95,48,1
4.9438947123586265,96,96,58,0
2.5351731434520728,96,96,59,3
2.2582969324775006,98,98,45,4
0.2277610321992354,96,96,56,2
5.4387099642839098,94,95,52,1
1.4363243484459431,96,97,45,3
3.0942401557432722,94,94,48,3
1.1982887427386673,98,99,46,5
5.6901559595706814,96,97,43,5
0.3959830733259913,96,97,49,3
3.5989956228140705,96,96,48,0
6.2107516377973893,96,97,55,5
2.1797807156622153,92,93,41,1
2.1097020372750332,96,97,54,0
0.6081442256453630,96,97,54,6
0.4895588352333876,96,97,50,6
0.9744313144245754,96,97,43,7
2.6568180667794525,98,98,55,4
4.8413189909350667,96,97,46,4
0.3145166342167557,96,97,43,7
2.3847912299151788,96,96,50,2
1.6400221658981751,96,97,54,2
5.8137059542969194,94,95,38,5
4.8005113330595455,98,99,62,7
0.6408072013087894,94,95,43,0
1.2919089924200851,94,95,57,2
5.9442950901701774,96,97,41,5
4.4390041576599089,92,93,54,4
3.7169254934660674,98,98,49,2
5.2517565846867305,90,90,48,5
0.0028845532192390,94,95,48,3
0.5547627431567401,94,95,44,1
0.7204895439369829,94,94,52,3
3.2446375569177741,94,94,48,7
2.5077067752788023,96,96,50,0
1.0913695897988278,96,96,45,1
3.5087350168860767,98,99,53,6
0.8201242101558549,96,97,52,2
5.6824006157145917,92,92,44,0
5.4935615083075007,98,98,49,6
2.4716883485351588,92,93,39,3
2.3784235583308155,96,97,46,4
4.9537092960131481,92,92,46,0
0.7937361818578680,96,97,41,3
0.3861490856090364,98,99,51,6
5.6000956950885303,100,101,56,0
0.8239420777918487,96,97,54,4
2.4813875979565712,96,97,60,2
1.5863981124764199,92,92,42,6
0.5380505193768937,94,95,46,5
2.9185086042580020,96,96,54,4
4.8390024306259836,94,94,47,2
3.6990718358638595,98,98,44,1
0.4235898149249461,96,97,56,6
4.1392121319313473,96,97,53,7
2.6548609958520237,96,96,54,0
2.4026639173128777,96,97,51,3
3.5102302557645291,96,96,50,4
0.2237154763891235,98,98,55,2
5.8937081621614134,96,97,38,4
3.9377392292638653,96,97,45,1
0.4288890085917071,98,99,57,2
1.9997105670489506,98,98,51,2
2.5742783501370190,98,99,51,6
1.5615084922307085,96,97,50,4
0.3505068503113185,96,96,41,5
1.1639854303733106,96,97,57,3
3.5568488890614205,96,96,57,3
3.0607618078492864,96,96,49,3
3.8603162952936523,98,99,46,5
5.2225286111677471,96,96,54,6
3.6748987584426738,96,97,47,1
2.6711881495817074,96,97,49,7
3.0838728407359861,94,94,48,7
5.3949864237421341,94,94,47,6
5.3656170440997375,96,97,46,4
5.0200220227107080,94,95,54,1
1.3020287987324821,94,95,57,4
1.0272365954327103,92,93,33,7
1.6150573833991868,94,95,52,5
0.6551109643121611,96,97,46,4
1.4652901633106576,98,99,55,2
5.7451415513877739,94,95,56,1
2.1915974471617119,94,95,57,6
2.9092370328987540,96,97,55,7
5.3192190186996715,94,94,42,7
2.9511915998958309,94,94,47,4
3.1803319096852696,98,99,58,5
5.0603875274481913,92,93,41,3
0.4753132257063631,96,97,48,6
2.3468430005853986,98,99,47,0
2.1168273113323823,94,95,50,7
3.4374858570396176,98,98,45,0
2.9154767465069158,96,96,55,5
3.5250734882668513,94,95,55,2
4.8647635093343622,94,94,44,5
3.7012488318277614,98,99,49,4
2.8982822387897222,96,97,48,6
4.5344040817530997,94,95,56,5
1.4394949745272527,98,99,52,7
2.2424654570113773,98,98,40,1
4.9757772549002537,96,97,44,6
3.0016897491919754,94,94,48,5
0.6308583796145750,96,96,44,4
1.6541647688444350,96,97,46,2
0.3696213700389769,98,99,48,7
2.8957506192020306,96,97,54,2
4.9973501804989349,96,96,46,0
1.9062595253400147,98,98,48,7
5.2559053656214640,94,95,46,5
5.1588639703995076,96,96,52,0
4.7142734384605287,94,95,44,7
6.1328071412894340,96,97,50,2
5.4686370811282110,94,95,57,0
2.8597375346146507,96,97,58,6
4.7341424597575106,96,97,50,4
4.1844656069197352,96,96,46,4
1.6980400879231763,88,89,35,3
3.1803575018268444,94,95,50,3
5.9904297587264708,96,97,55,5
3.7107682440559522,94,95,48,5
5.3750828343236421,96,96,41,7
2.5035295800703765,98,98,42,1
2.1936918215407086,98,99,50,7
3.1486205058738808,90,90,51,6
3.7159608974676273,96,97,47,1
2.8631724223530695,96,96,48,0
5.0255621691937176,92,92,38,4
3.1812348634436369,98,99,55,4
3.0076673380600725,96,97,45,1
0.9945327054773537,98,99,53,0
4.5060154007494635,98,99,49,6
3.9607233054217637,98,98,52,7
5.3440780175903466,96,97,53,3
4.7256245798156851,98,99,44,7
1.6352707516476594,96,96,45,1
1.5544243278730996,92,92,49,1
2.7412716301017830,96,96,51,7
3.0546944405748695,98,98,53,0
6.0375271425011254,98,99,50,7
1.3553126879339585,98,99,50,3
5.4346360039368697,98,99,55,4
6.1636886428290349,88,89,46,4
5.7551864947045450,96,97,45,5
2.1790097003174966,94,95,43,2
3.4757616688387079,96,97,47,1
1.3570924268801396,96,97,50,0
1.0265307057240405,100,101,53,5
1.4251033480788695,94,95,59,0
5.6067113494747334,96,97,52,0
0.5437077285199080,96,97,54,2
6.2296142714172031,96,97,51,5
5.1367690680759592,96,96,43,7
6.0367867463817140,94,95,52,3
1.2832701782930556,96,97,48,0
5.6445224974360517,94,95,42,7
2.5032956750069131,96,96,45,3
3.1726233181334402,98,99,48,1
2.3075843687574906,94,95,53,2
5.4422739113003837,96,96,49,7
0.7567258727222971,94,94,51,6
0.0069825526393219,96,97,52,2
4.9921607003065196,96,96,46,0
6.0495918823417778,98,99,58,5
2.5938511433627180,96,97,41,1
3.8296763508998870,94,95,52,7
5.8957189829093535,98,98,53,4
2.1896475041561616,96,97,45,7
2.8666162950625065,96,97,47,5
2.1346686872112284,96,97,51,3
2.7412896452414661,98,99,51,4
3.7174687417126533,98,99,47,4
3.9742355221987036,96,96,52,0
2.3051515865784675,98,98,45,0
4.8477748731298709,96,97,52,2
2.7370253599930159,98,99,56,1
0.9835626864528177,94,95,51,0
4.6546613396566316,98,99,46,1
4.5066081946710259,96,97,49,1
2.5850238287086360,96,96,49,7
3.5546469038996844,96,97,51,1
5.5563234544927376,94,95,51,0
5.5745576791717504,96,97,48,0
2.4665826111748759,98,98,47,4
3.8478552204218857,96,97,44,0
0.0445277085385524,98,99,58,3
1.4621164131345403,98,99,45,2
2.6592964384386826,96,97,56,2
0.4070027993382132,96,97,51,1
1.1765700481038202,94,94,53,4
2.5001353634323253,96,97,40,6
0.6323878826870361,96,97,50,0
2.0797139845447461,98,99,54,7
5.6868735036965870,96,96,55,3
5.1459851830142105,96,97,45,3
3.5905706482251096,96,97,49,1
2.4955472115815316,94,94,46,7
4.7259816502698584,96,96,47,5
3.1550878743108020,98,99,53,2
1.9596958685021719,96,97,44,6
1.7745618250672361,96,96,46,4
5.6014543985711018,94,95,41,2
3.4841214850956921,94,95,55,2
6.0737678789029639,94,95,41,2
5.5791881152801208,96,97,51,1
5.5497599081755880,98,99,46,5
3.5612806009112150,96,97,54,2
4.9102032783336851,96,96,49,1
1.9046661645655698,96,97,45,5
2.3531765955484105,92,92,47,1
0.7986654739645080,98,99,46,5
0.5369087718259778,98,99,47,4
2.1353771521765550,96,97,42,0
2.2708099520141642,90,91,43,2
4.8841667946145995,98,99,58,7
1.1831581515826997,94,94,47,4
5.0001191916170269,94,95,50,1
5.8608703656037546,96,96,49,5
2.2249054648897717,96,97,45,1
4.4878565786357285,96,96,54,0
5.5904907195126938,96,96,49,7
3.8415540873532290,96,97,49,3
3.9529984044150117,98,99,60,7
1.1403230126658819,96,97,49,1
0.8197010923201582,96,96,51,1
3.7305941703928189,96,97,60,4
6.1462561622738097,96,97,52,4
5.0420900557500978,96,97,55,3
4.6652047009193351,94,94,43,6
1.8231930634967588,98,99,52,3
3.0467512743606235,98,99,55,6
1.2148853269926474,98,99,55,4
1.7410259421642167,96,96,49,5
1.9197084641215794,96,97,48,0
5.9118312688977728,96,96,52,2
1.9778765663202533,96,96,47,5
5.1123449062948216,96,97,49,5
5.2247846521115466,94,95,50,5
3.5358927027798202,98,98,55,6
1.0984797585496995,92,93,54,0
0.3146526930946354,96,97,49,3
4.1558021568290462,96,97,57,5
5.3997074187327945,98,98,50,7
5.8086920221511340,96,96,51,5
4.6813131205931251,96,97,48,2
4.9577346422470621,96,97,53,3
0.3336287125659275,94,95,54,3
1.4029313905171978,98,99,53,0
2.1069478794108156,96,97,49,3
2.2789534057066803,94,95,55,6
0.8850278521761892,92,93,40,6
1.3279547957227211,96,96,50,6
4.3419445831097105,96,97,54,4
1.3265233989818084,98,99,52,7
3.0529138638272504,94,94,47,0
3.7248762231752837,96,97,49,7
2.5433847580611140,96,96,56,0
2.8345504923782348,94,95,49,2
4.1640303451728009,96,97,54,4
1.3283354038988835,94,95,52,1
1.4829186280907143,96,97,54,6
6.0783486045876121,94,95,52,7
4.0063407573603937,98,98,51,4
0.0108886662046195,98,98,50,5
2.3132468451002071,96,97,54,4
5.8747749864296299,98,99,49,4
4.0939924131440302,98,99,49,6
1.8328650865018108,92,93,51,1
0.7436705690543252,96,96,57,3
6.1118959504947004,94,94,46,3
2.0363942402952446,94,95,45,4
2.9463702314253446,98,99,52,1
2.5558347204833471,96,96,54,4
3.5304967443157422,96,97,47,1
5.6601518749116755,94,95,43,0
1.3645819949186169,98,98,47,4
5.7260194896187970,90,91,59,0
1.6796429238222677,94,94,40,5
5.1406774199117446,96,96,51,7
6.0707298974931216,96,97,52,0
4.2606843822290790,96,97,55,3
0.9334295667757724,94,94,54,5
2.9835655281516718,98,99,51,6
2.9429433153275939,98,99,50,7
2.1965042586966743,96,97,47,7
0.2957235451460902,94,95,47,2
1.0558287556800268,94,95,56,5
4.3341478088984431,94,94,59,6
5.1964354626932101,98,98,54,1
1.6713381642599174,96,97,47,7
4.7261295626424431,96,96,40,4
1.1891628261842235,98,98,55,6
3.0994707261068424,94,95,63,0
1.3598763839261587,96,96,44,0
5.1638385872026404,96,97,49,5
3.2337637424566661,96,97,42,2
1.7364592572766369,96,97,46,0
4.3423154792440828,92,93,61,3
0.3951009727896465,96,97,49,7
6.1296629427150187,98,99,57,2
0.8923360778196947,94,95,48,1
0.2213939185664250,96,97,44,6
6.0260906412481345,94,95,51,0
3.1973973067385826,94,95,49,0
2.4022357028396750,98,98,48,3
4.8196005787694292,96,97,59,5
3.6741668340320679,96,96,53,7
1.3965254732036847,98,99,52,3
5.2247644262564661,96,97,55,3
2.8393642756096544,98,99,43,6
5.3481130177892648,98,99,50,3
3.0200657953124779,96,97,51,5
3.6527538224364409,96,97,54,6
2.4856301907691174,96,97,57,5
2.0303009698634997,94,95,48,7
2.8156608820782516,94,94,45,2
2.7392897270433516,96,97,58,6
1.2785596923945317,98,99,53,4
3.9822316390558554,96,97,50,0
5.7875502472266600,96,97,55,1
2.7975482242674667,92,93,46,6
3.3426847230231411,96,97,48,4
3.6307491593937855,98,98,50,3
1.7764533708040053,94,95,48,1
2.3274393274561627,96,97,53,3
4.1216368729032151,96,97,49,7
2.0161951862806089,96,97,52,6
2.6143350035956727,94,95,42,3
4.8388207477511029,92,93,49,3
3.6770654692312861,96,97,51,7
3.2417124385009664,96,97,51,7
3.6412572531011844,94,95,47,6
3.0712733880579464,96,97,58,4
5.0036794500509680,98,99,43,0
4.5705701097541738,94,95,51,2
4.8088599739703106,96,96,47,7
4.2239332081561090,90,91,44,3
1.7866604143420888,96,96,56,0
2.0186267688518682,96,96,50,0
3.8709855152744779,92,93,48,0
5.2940669409171814,94,94,51,6
4.6341544463751116,96,96,55,1
0.4881399400231161,94,95,47,6
3.1793067898904210,96,97,58,0
3.9271990614279644,96,97,53,3
0.9772887249902654,98,99,44,1
5.6267014235466783,96,97,52,6
5.8198731755116100,96,97,52,2
6.0960624620547836,94,95,38,5
1.7505644455881102,98,99,45,4
0.6440128806367932,96,96,49,5
4.4581677684616166,92,92,46,0
4.8825794307395185,98,99,50,3
1.8448821302097671,96,97,52,0
3.0521468989142915,96,96,41,7
1.3275539477045366,94,94,50,5
0.8563230126698091,92,93,45,1
4.6082455047062867,94,95,45,2
0.9751913007623955,96,96,41,7
0.0105393440027674,98,99,50,1
2.9412089227861369,98,98,50,1
1.3855440942360802,92,93,44,0
0.2702170855240198,96,97,53,5
4.2354704976414990,94,95,40,1
4.8967705845282037,98,98,53,0
0.5091332282165600,98,99,46,5
1.7016268819104536,96,97,47,1
2.4973524557960745,96,96,45,1
0.6806715228208592,98,99,44,1
0.8427374544595492,96,97,54,6
0.6866130492804114,92,92,48,6
1.1082139637802917,96,97,47,3
3.3385667993818648,98,98,48,3
5.6520326575130833,96,96,44,2
1.8055331805519856,96,96,43,5
4.7601156197451004,96,96,50,4
0.8734755028233393,98,99,47,2
3.4208111586484855,92,92,51,7
1.6681019343232646,96,97,55,1
1.9981050671288643,96,96,44,4
1.0354402501512823,94,95,52,7
2.4013571466642136,94,95,53,4
1.1591826586029552,92,93,54,4
4.5260976168668110,96,97,53,5
2.7505666189255291,92,92,47,1
4.2644158095130118,96,96,61,7
2.3734509756933426,98,98,56,3
3.0586567186157017,96,96,51,1
4.7987440452865675,100,100,54,6
0.6049119913366848,98,99,55,0
2.7561145148598718,90,90,49,0
2.6649847023842970,96,96,59,3
5.4806187386135088,96,96,50,0
0.9448948583504295,90,91,47,2
1.7319936246134300,96,97,53,1
3.9194410124957848,94,95,41,0
5.6256533131156541,96,97,46,0
6.1044168867735280,96,96,52,4
0.8694430913830130,94,95,52,1
1.2063469433421494,102,103,53,4
3.4283366602739398,96,97,52,2
3.3604691812372178,98,98,50,1
1.1478504120584214,98,98,52,3
2.1846640684852763,96,97,53,5
3.8715255564084523,96,97,50,2
0.7891144305296560,96,96,51,3
5.8699903049849302,92,93,53,5
5.9071870882094757,96,97,50,6
6.0782782566139186,90,90,54,5
5.6737214704521071,96,96,49,3
3.7643784978916406,96,96,53,5
5.6275937144822015,92,93,48,0
5.7246592222361343,98,99,44,7
1.2631846247351377,90,91,45,4
6.2685131117011643,94,95,52,7
5.5048335986943107,92,93,57,7
1.1902980955205356,96,96,49,7
2.6609993676944836,94,94,45,4
3.4427297644948971,96,97,61,1
2.3690822006328891,98,99,59,4
0.3240813529923845,96,96,49,5
2.4523305616835418,98,98,56,1
1.4202362091299778,96,96,59,5
2.3087126638677566,100,101,58,6
0.6725684882934321,98,99,42,5
2.8062791935004290,92,93,53,7
1.5005467201236771,94,95,47,6
0.6374037082319692,92,93,46,4
1.6449766507327674,94,95,49,6
3.5523635267126377,96,97,46,6
1.3761187357948161,94,95,42,5
5.3019394008169130,100,101,61,5
0.8193523776170197,98,98,57,2
1.8322716889686990,98,99,54,3
1.8643892556682309,96,97,56,0
4.2896512168163401,98,98,54,5
5.0251286647696967,96,96,46,4
0.9275461250735356,94,94,51,0
4.0709091120326217,96,97,44,0
0.4753382972148027,96,96,46,4
5.1215549334660135,94,94,53,4
0.3656032630164102,94,95,41,4
3.6153107179879638,100,101,48,4
0.1979263190740315,96,97,43,3
5.1705062209895187,94,94,51,6
5.6064561290707271,96,97,50,0
3.0845326272543026,100,100,44,6
1.6625013398834374,94,95,53,0
4.3788012795514843,96,97,50,0
0.2773347260873585,96,96,52,0
2.9462919755812438,96,97,52,4
4.6236613403984519,98,99,54,5
4.6205694715430141,94,94,49,0
5.1377214109281200,94,95,44,7
3.4600193686482341,94,94,48,1
2.5176170775573996,96,97,54,0
0.2476499411601894,96,97,48,6
3.6909211132897672,96,97,60,0
2.4618122465131158,96,96,51,3
0.9468911962529908,96,97,43,1
4.3020862480111521,96,97,54,0
4.2511699977177324,96,97,44,6
1.3428329998325501,96,97,45,7
1.5665610186567978,94,95,50,5
4.9754142186190746,94,95,49,6
5.6191908265824670,96,97,51,5
2.6693187781742247,96,96,56,0
1.4299752269475872,96,97,56,6
5.5151295899999759,92,93,53,7
3.7596212464241199,98,99,47,6
4.5835030429594488,96,97,42,6
5.1093119517767036,96,96,51,3
0.4302074337758450,94,94,51,2
4.4826682920341741,98,99,52,3
0.0728193978617862,96,96,44,6
1.2604847090512685,96,97,51,3
3.8920933841091583,98,99,49,2
0.0013376172736861,94,95,46,7
4.2814200232552766,96,96,46,2
1.2639547080735976,96,97,44,2
3.5356562883534353,92,93,46,0
4.5061667106721988,96,97,48,2
2.2254745881576214,96,96,51,3
3.8797363774893507,96,97,42,2
1.9269578467627360,96,96,52,4
2.6952785182116497,94,94,48,1
0.5920015710325885,94,95,49,2
0.4897956106870904,96,96,43,1
1.9335034299534164,96,97,48,6
5.5674868238065249,98,98,62,1
1.0147619118905626,96,97,46,2
4.4419020747898195,92,93,51,7
1.3307956577215125,96,97,50,2
5.1469828771295134,96,97,53,7
2.4308560617165957,96,97,53,1
1.4205550749714850,94,95,51,4
0.7703805861700505,94,95,51,2
0.6955593470092329,96,96,60,6
6.0958809541766508,96,96,57,1
1.8111301736839571,96,96,43,1
0.0096880337682653,96,96,53,7
2.1700214328778538,96,97,50,4
3.0465045553447117,96,97,52,4
3.1905994016087891,96,96,54,0
0.8977869549614204,96,96,55,3
0.1328300903348339,96,97,42,2
3.7357514543681112,92,93,42,4
5.7856762937413970,96,96,51,3
0.0034899183493146,98,99,42,1
2.7500599759597031,98,98,58,3
3.7180434725770262,96,97,57,7
6.2653412116687326,96,96,52,0
2.2320600650216056,96,97,44,2
0.8797292384846830,94,95,43,6
2.6857786434856457,94,95,52,3
3.9079191565325564,98,99,55,6
1.5904176394866045,96,97,39,5
1.2335985638968219,96,97,45,7
1.7198536328736505,96,96,50,0
2.0453790370881810,96,97,45,5
1.7544189139752200,96,97,51,3
0.6066322213194553,98,98,56,7
0.4440306593665450,92,92,48,6
1.2977513265380811,96,96,48,2
0.8186470204323417,96,96,44,0
5.4886493551644984,98,99,51,4
5.8810641636933960,96,96,45,7
4.6643946319948606,96,96,43,3
5.4455207343046892,98,99,43,0
3.4248071419434276,96,96,47,7
5.0779305101692636,94,95,54,5
3.8387358069109601,96,97,50,4
3.1356202965399249,96,97,53,7
4.1991871840019162,94,94,48,5
5.0181065082997822,92,92,50,2
4.7225001286112409,96,97,48,0
2.4617698977315032,94,95,53,2
1.0075829860224375,96,96,46,2
3.0457951313099363,96,96,46,2
5.7769279531399018,94,95,55,2
5.1166294814291327,96,96,44,4
5.3468540316905333,96,97,46,4
0.2655842691117525,94,95,51,4
2.5238355390518965,96,97,57,5
4.7429732382149909,96,96,49,3
1.2823818716969255,96,97,45,5
1.8024134950415764,94,95,52,7
0.4454358052212853,96,97,50,6
3.3701563741320637,96,96,49,3
2.8771929715384386,96,97,53,3
4.6319770595514145,98,98,52,7
4.1854069656748543,98,98,45,0
3.9836817179840476,96,96,51,3
0.9537144648694085,90,90,36,7
2.5925292530730077,98,98,51,6
1.9206783535671519,98,99,51,2
4.6977993702288154,98,99,47,0
0.5246978173016200,98,98,49,2
5.9570544296574095,94,94,40,1
1.3906341624734120,102,103,49,6
2.2068005647617319,98,99,40,3
3.1843832489671082,96,97,38,0
2.8243034223890158,92,92,39,7
1.2914550015675759,96,97,50,6
3.4675010572118192,96,96,46,2
5.2418519373610399,96,97,41,1
4.9221072243856510,96,97,40,4
1.4586933798067703,98,98,53,0
3.3722845599968485,96,97,57,3
0.3544846802329834,96,96,59,5
2.8367265801303931,96,96,50,6
4.3705332997093702,98,99,54,1
0.9491012468791408,96,97,52,2
4.3449405051110661,94,95,55,2
5.4226869215846270,96,97,47,5
3.3099454832284936,96,97,53,7
2.8727974234534273,94,95,52,5
4.2653367851111481,94,95,49,0
1.1975106516293637,96,97,54,0
4.2203740974915904,98,99,42,3
1.5664409457994490,96,96,51,7
4.5468047744187068,94,95,55,6
5.2520071688220016,98,98,61,6
5.9530918073938732,96,97,45,7
4.9327002929157517,94,95,48,1
1.1388187175801869,96,97,44,4
2.2075054992131631,96,97,47,3
2.6174621994448133,98,99,49,0
3.4655210828696661,98,99,53,0
2.7942606023297505,92,92,54,0
2.7464790936884502,94,94,51,2
1.8442788632528819,98,98,60,7
2.8781185453760059,96,96,50,6
1.4043039764805227,94,95,51,4
4.9327365394997056,94,94,44,7
0.2636344708674082,96,97,50,2
0.3097031718500860,98,99,59,0
0.6920788884684683,98,99,44,7
6.1700050550841281,96,96,56,2
2.6277007836264401,98,99,52,7
5.1362241794040653,94,94,46,1
1.1041209166116197,96,96,59,7
0.8117985489803944,96,96,56,2
5.8296564210187425,98,98,56,3
3.9298917817306749,88,89,40,6
1.2680100765039597,98,99,53,6
1.8911612348405293,98,99,54,3
3.1134519305867974,96,96,46,4
5.5095186584730040,96,97,52,0
0.6383911151374221,96,96,43,5
1.4480106603026044,96,96,52,0
2.0252032821922414,96,97,48,6
1.0305545487964833,98,99,58,3
5.3360946497384623,94,95,53,6
4.2861166137016653,96,97,55,3
1.8153172804142097,96,97,51,1
1.5163843775384185,96,96,61,3
0.7579088256014839,96,97,52,0
4.2547735628568750,94,95,50,7
0.6715696556516978,96,97,51,3
0.5720283567923509,98,99,56,3
0.0055152263660681,94,95,56,1
0.1546946478996666,92,93,48,4
3.5484502107982965,96,97,50,6
1.9921670008834620,96,97,48,0
1.2219718181221844,96,97,55,7
3.9082779430557855,96,96,36,6
6.1914384121397994,98,99,55,0
4.4999590616117304,96,97,42,2
4.1935004560233837,96,96,44,0
1.2027297723251356,96,97,54,2
4.4895658710491686,96,97,53,7
5.2479331707348749,98,99,56,5
0.2794370114306592,96,97,44,6
3.5314588813225916,92,93,40,2
3.4044911779539624,96,97,49,5
0.0250232569926236,94,95,49,4
3.1731728265124626,94,94,48,7
2.8683955630827134,96,97,64,4
5.6569267183058605,96,97,49,1
0.6754322705054029,94,95,51,0
0.7332311986602460,96,97,54,2
1.9145287773678104,94,95,46,1
6.1919668660078111,92,93,51,5
3.1834397605811011,94,94,45,6
1.4666519203490569,96,97,45,1
2.1269728307918774,92,93,43,3
2.3950742763309711,90,91,44,7
3.9822660326506436,96,97,51,3
4.5308512859682466,94,95,46,7
4.8049157371996074,96,97,51,1
4.3412448095884724,94,95,55,2
1.2911525390630347,96,97,48,2
0.5258260860969133,98,99,56,3
4.1384882985599338,94,95,56,3
5.2241396432947456,96,97,55,3
6.2553232602441904,98,99,42,1
5.2081464406541249,98,99,47,2
3.5638006101270898,98,99,54,1
4.4034059536993562,92,92,41,5
3.5963277270129730,94,95,48,3
3.6622472193939775,96,96,48,6
1.9800600310669201,96,97,52,2
5.3476642659995122,96,97,47,3
2.2409060821762132,86,86,48,3
4.5962466114038012,96,96,41,1
5.5226697433202121,96,96,49,7
4.5360149022351699,96,96,51,5
3.9664937963136362,96,97,44,4
5.2999526485507653,96,96,51,3
6.1085305465859641,100,100,51,3
4.2238761404836849,94,94,50,7
2.7648132311152676,96,97,55,1
3.6992114670781793,96,96,56,4
4.0757165506331914,94,95,50,5
1.0062796459057985,96,97,50,0
3.3660884367978978,98,99,46,3
4.1879921707498573,92,92,51,7
2.4529596583541751,94,95,53,0
4.9204291868134460,94,95,53,4
5.4770366039907268,94,95,45,6
3.9098513001905770,100,101,58,4
0.3089498263385196,94,95,53,0
6.1123902796671059,96,97,50,4
2.1214836271024109,96,96,48,2
1.6545779032451200,86,87,43,4
4.2990360192937018,96,97,57,1
1.6231999927206342,98,99,49,6
2.4242807249649929,94,95,48,5
4.2454328832145691,98,98,51,2
4.0668123916448780,96,97,54,4
4.4826610923181534,96,97,49,5
3.9413023561721916,96,97,51,1
6.0638119643558968,96,96,47,7
4.2334027555428762,96,97,46,0
5.9926484133234155,96,97,50,4
4.5223547679257114,96,96,51,1
1.0300832992164008,96,97,55,7
6.2243872230907149,94,95,46,5
0.8413436604411154,96,97,44,0
2.6381862542782679,96,97,48,6
5.2967880404832908,96,97,53,1
4.4575514151076883,96,97,51,7
1.8906730794731035,96,97,44,0
5.5454553407139588,98,98,50,7
1.8294073762578751,98,98,51,4
1.1489931101790982,96,96,50,0
5.9072516607105792,98,99,60,3
4.7467983175575208,94,95,45,4
2.9826533254869778,96,96,37,1
0.6120936733761035,94,95,50,5
1.5427539073755703,96,97,51,7
1.5944228534975351,98,98,52,7
5.9277129974870713,96,96,46,2
5.6501542428090197,98,99,51,6
3.1633050116063748,98,98,44,3
6.2629748162387360,96,96,48,4
4.3838513225508571,96,96,44,2
1.9080516485575958,96,97,54,0
3.1379536361323148,96,97,52,4
5.1302315326178629,92,93,49,5
0.7605848758256867,96,97,46,0
2.3549252661720144,94,94,42,3
5.0509536178827616,96,97,55,7
4.4438529225235071,96,97,44,2
2.2240493861970947,98,99,47,0
4.9522471800330550,96,97,42,2
4.3704482504844053,96,96,51,1
3.0079179819787623,96,97,47,5
1.9713490549068167,96,97,45,3
0.1299514671543347,90,90,49,6
3.3214701411977807,98,98,53,0
0.4208912095766608,96,97,49,5
0.1209880801658394,98,98,48,5
2.7371396813624251,96,97,44,2
6.2693542181328032,98,99,49,6
0.8489276358560203,96,97,49,3
1.4373956922294031,96,97,54,6
1.5732205068866560,96,97,60,2
4.5062976138153106,96,96,50,4
0.3596099568324931,98,99,53,6
4.9550699342075868,102,102,66,1
4.5534369028421660,94,95,48,7
0.6803179787559118,94,95,45,6
3.7527017834723631,96,97,48,2
4.9158679350518817,94,95,53,0
3.8939170046636726,96,97,47,1
2.1803374261794928,96,97,50,6
6.0754011492469910,98,99,57,2
1.9259529326668741,96,96,46,4
4.4258705278221306,92,93,59,5
4.4633053657788269,94,94,51,6
2.5793161778277365,98,99,60,3
1.8477291901429593,92,92,42,2
4.7698955921494175,98,99,48,1
0.1531696905355340,96,97,46,0
5.2570788438446181,96,97,52,2
5.1591805184908264,96,97,49,7
0.1811655089783604,94,94,55,0
5.4862433941468494,92,92,51,7
5.3131356765488444,98,99,50,3
0.3916959253842394,90,91,43,0
2.1457763519780682,94,94,42,7
1.0296096692862200,96,97,53,3
4.0105993250501726,96,96,49,5
4.3225335189136951,92,93,52,4
3.4217259153626194,96,96,44,0
0.1355460810271679,94,94,38,5
5.3039354024508780,94,95,46,7
5.4466964687202744,94,94,51,2
1.4243309674119020,96,97,53,5
1.0493680664964189,96,96,43,1
3.8377083911563346,94,95,46,7
1.4923363388112958,96,97,50,0
6.0482029724183244,96,97,40,0
5.9068727030924899,96,96,51,7
0.3762252595244680,94,95,52,7
0.0797064305763425,98,98,46,5
2.1061175533921634,94,94,44,7
3.8036657065718131,90,91,51,0
5.5563923686630394,96,97,49,5
2.6753679055751918,96,97,52,2
0.9445632998853032,98,98,55,2
4.8567121910031004,98,99,51,2
2.2425335374822843,94,94,47,6
2.2206573597096826,96,97,56,0
2.5856001387390450,98,98,48,1
3.1153975054720098,96,97,49,7
4.6595365674031530,98,99,53,2
5.8195534679147061,96,96,49,1
2.2642147135373101,96,96,49,3
0.8561145344377129,94,94,53,2
2.3495422183657015,98,99,50,3
2.5659744343923725,96,97,51,3
0.9352607333545364,96,96,50,4
1.7001602871420494,96,97,51,3
3.4428035871993603,94,95,54,7
1.1952835411029219,98,99,48,3
6.2078514536152296,92,93,53,7
0.9009474962568952,96,97,54,6
5.4458230314707610,98,98,55,2
0.6628480759214330,96,96,47,7
5.7708374128628339,96,97,45,3
0.6056799903764692,96,97,46,2
4.1328027283774658,94,94,52,1
4.7191788066236207,98,99,50,7
2.4405407341988909,98,98,57,6
3.4754460021636651,90,91,42,3
2.0706955943340177,98,99,63,2
4.3398444253730393,94,94,46,3
0.7754616894009850,92,92,48,6
2.7049261695541946,92,93,53,5
1.2488817685378977,98,98,55,4
0.3688729447990093,98,98,54,3
4.1949034690291729,98,99,49,2
0.0308660722836320,94,95,42,5
3.6664673296327441,96,96,56,6
1.5158334032413445,92,92,50,6
3.1624305902421046,98,99,46,1
5.4163604876163367,96,97,59,7
5.8590857322703007,98,99,48,5
1.4396773341902631,98,99,53,6
5.5032298607031258,92,92,48,2
0.6443254322813426,96,96,52,6
2.3192294783796110,94,95,46,7
2.5317639117188242,98,99,48,5
2.1724684358618664,96,96,50,2
0.7528739147908173,96,97,48,6
2.3185199506118632,92,93,46,0
4.7050342723526590,94,95,49,2
3.1123866020007989,100,101,66,2
4.7972689448775467,92,93,52,2
5.6039144653908037,92,93,44,2
3.6365514281816269,96,97,52,0
4.3985849051105603,96,97,52,4
4.8440414754488952,94,94,45,6
0.2725394943386604,96,96,46,4
4.3342936083477177,96,97,50,2
4.3584846597610509,94,95,46,5
0.7686692729784322,98,99,48,7
2.7485679571866024,92,93,51,5
0.6393530015658045,92,93,43,5
1.0285343194742109,96,97,44,2
0.5738419619089943,96,97,48,0
1.7004196973746102,92,92,56,4
1.5459648958792132,96,96,53,3
0.1026938589449428,98,98,45,2
4.5425110073012398,96,97,52,4
2.6587234198706384,96,97,56,2
4.5297668398096924,94,95,45,4
1.0100000106081077,94,95,45,0
3.4806798077693846,98,98,38,7
3.2308810074537182,94,95,48,5
3.8167732629568527,94,95,47,4
0.8095735364856236,96,97,52,4
2.9595852669258065,96,97,54,6
1.3689734900910440,98,99,40,5
5.7241675191507033,96,97,53,7
3.0743180700288506,98,99,49,6
1.5426650826703487,98,98,59,0
0.0593738989647399,96,97,59,7
6.1160843697645078,96,97,52,4
5.3277178538941108,98,98,49,2
5.2345490835295170,98,99,52,1
2.5425720590703591,96,96,47,7
4.4769912168867956,96,97,50,0
2.7275291934269026,94,94,44,1
5.4079275403354110,94,94,51,2
0.0865809234770865,96,97,51,1
3.0553792827183046,96,96,51,3
0.4837614573644743,96,96,55,3
3.4135291319276768,94,94,46,1
5.2285231905256770,98,99,42,3
4.3477691161857264,96,97,53,1
2.5061958753074589,96,97,45,5
1.9567341641953957,94,95,45,0
4.4222284725564274,96,96,54,0
6.1168150889014976,96,96,55,5
1.9617523467535241,98,99,43,4
2.7782727523876187,98,98,39,0
3.8029210193907099,98,99,53,2
3.9672448267007310,98,99,57,4
5.9512676538801346,98,99,49,6
5.8498028775541613,96,97,61,1
2.1411617923873938,94,94,51,4
2.4943299106757046,98,99,48,7
5.1006610110577713,94,94,48,3
2.7834939691615728,98,99,50,3
0.6140746934963145,96,97,51,7
4.5855784617340349,96,96,45,7
6.0410683653973027,96,96,53,1
2.2323301527692214,96,97,60,4
0.4770406933928626,96,96,53,5
5.2540740702457738,96,96,52,6
5.5441409104069583,96,97,46,4
3.9071539491055152,94,95,47,2
3.1848422632246600,96,97,52,2
4.6759100202190433,98,99,45,2
1.4650917010809716,90,91,42,1
2.4799091809029949,98,98,60,3
2.4027978198070850,92,93,41,3
5.1823815664029871,92,92,52,0
4.6169855528044392,98,98,46,7
6.1653462387352027,96,97,56,0
5.4830825150100706,96,96,50,4
4.5313905238053698,98,98,46,3
3.7539909364790764,94,95,48,1
0.3306033668756500,96,97,50,2
2.0142072361166239,98,99,52,7
4.2804453134370668,96,97,59,3
5.1671735487060113,96,96,56,6
5.3582442522287996,92,93,37,1
1.0530673209404073,94,95,55,6
6.1491731962862977,96,97,44,4
2.0556154178191601,94,95,46,5
5.8707654827607332,96,97,51,7
4.5425578077738331,94,95,47,2
2.7790289805451844,98,98,35,4
0.6085565575204794,96,96,49,3
2.0539443031008884,98,99,47,2
5.1269580950223981,96,97,58,4
3.3247147211647730,96,97,58,6
3.5513426443692011,96,97,48,2
1.8408262902544428,96,96,52,0
0.7580326124254851,96,97,52,4
0.3371002715373795,96,97,48,0
5.2814998656872376,96,96,49,7
2.8863022643738807,94,94,50,5
5.5115393729040134,96,96,47,5
4.3037854205413577,96,97,52,2
1.3077039802640551,94,95,41,0
4.6398169285575337,96,97,43,1
4.7582134539764898,94,94,46,7
0.6363263986718997,96,96,52,0
5.5759215952490591,94,94,47,2
0.3685419483089669,92,93,46,4
3.1822794743494041,98,98,41,4
0.9343681384411403,96,97,58,4
5.6105388773136911,90,91,55,2
0.4241850272718692,94,95,54,7
6.0681426455297363,96,97,51,1
0.5978277665407408,94,94,41,0
1.4751523943693639,94,95,52,5
4.1764663531328656,96,96,47,7
0.0757599786464046,94,95,52,7
3.9760064337174699,98,98,50,5
0.1585269172999783,92,93,49,7
2.1171673594816593,96,97,49,1
5.6974733341728685,96,97,56,2
1.8877648918648717,96,97,41,7
0.3125535942322634,94,95,57,4
3.5761812575119012,94,95,48,5
0.5633630351619719,96,96,58,2
5.7240559333956975,96,97,45,5
4.5275129936186831,98,99,59,2
1.1007445345160491,96,97,46,6
2.7236954051817297,96,97,48,4
5.8043868054431886,94,95,50,5
4.2892196676145371,96,97,53,5
1.3660971587286190,92,92,48,0
0.3597002348484155,96,96,54,6
1.5492440704475889,96,96,39,3
1.8745502876848894,98,98,51,4
2.8209490176856939,96,97,43,3
5.1866152967483332,92,93,47,3
3.7806748226027609,96,97,43,7
1.7308786575454054,96,96,47,3
3.0113436028898470,98,98,56,5
3.0458499525958862,98,98,48,3
5.3120762304173708,94,94,50,7
1.4528759093907724,96,96,48,2
1.4575063471949468,98,99,57,2
5.2695697606407164,94,95,42,7
1.3717773704157117,96,96,55,5
2.7355262423774525,98,99,52,5
2.5031236640120542,98,98,61,4
4.9443745094580160,96,97,45,3
0.2646889153461812,96,97,56,2
0.7497855969594366,96,97,45,3
4.0899786716476738,94,95,45,2
0.5303819108293897,98,99,51,2
5.5619187808315846,96,96,42,0
4.5919491036781377,96,97,44,4
5.1166141716086502,96,96,56,0
3.2437806434669549,98,99,47,6
0.7014198808555169,96,96,48,6
0.4148613693953262,94,95,43,2
2.4207544322571799,96,97,48,2
2.2595759999808953,96,97,48,4
2.0800136254064139,94,95,51,2
5.7965058775550080,92,93,48,2
2.3106215694295669,94,94,51,2
0.5828109085638090,94,94,52,7
4.1401432925347343,96,96,39,5
1.6118259188102730,98,99,49,0
5.2919733554359976,98,99,53,0
4.9334466267283910,94,94,48,1
1.9532018706627250,98,99,42,7
2.3785570410430394,94,95,54,1
5.6954580354969035,94,94,49,2
4.8544024936674379,96,97,48,6
1.7914280558455424,94,94,48,3
0.1093087935203499,96,96,47,5
1.9891466829766193,94,94,51,0
3.1351746142165124,96,96,43,3
3.5127920294205910,96,97,47,5
4.6232560245928784,96,96,46,4
4.5738685192653072,96,97,48,0
4.8708624986398386,96,97,54,6
5.0627788858934393,92,93,59,5
5.9398097203096727,96,97,53,1
4.1270715288190551,96,97,51,3
4.4297815912487142,94,95,55,4
1.7723540107558162,98,99,44,5
4.8639668455756553,96,96,52,4
4.7084595099806101,96,97,42,2
0.6053133711814425,94,94,57,4
1.7626784691820117,98,99,48,3
3.6802306500370880,94,94,52,7
2.7676816759684497,90,90,44,1
1.9291747625603055,98,99,54,3
5.1772494992039206,98,99,59,0
4.9663704873408152,98,98,38,1
2.1334650487146605,96,97,53,5
5.3250683816565179,98,99,55,6
5.4171098406792559,94,95,47,2
4.2260013088114707,96,97,47,7
3.6368981765566097,94,95,56,7
1.4431313895280273,96,97,55,1
3.9927716391123340,96,97,48,6
6.0365437114283962,94,95,36,3
1.9573244535450667,94,95,54,5
2.0072200482076950,96,97,54,0
0.0105064569740241,96,97,48,6
3.3318718115561889,98,99,47,4
2.3702397489525091,94,95,52,3
5.8255805083660341,92,92,54,2
0.3305331157067848,96,97,42,6
5.0838833156952168,96,96,47,7
0.2921322316505368,98,99,56,5
1.7581972504801187,90,91,47,4
3.1654839103299426,96,96,59,7
4.6744953221125671,98,98,52,5
4.6014740603352848,96,97,66,6
4.6354165166313930,98,99,44,3
0.5682500147634749,94,95,51,0
5.6093023818400090,96,97,46,4
1.3058601676932384,96,96,42,0
6.2387832083689583,94,95,44,7
0.7243016800130597,100,101,56,2
1.4171275137436008,96,97,52,6
4.5343757769749535,96,97,34,2
1.7379545359841924,94,94,57,2
5.0507319410426099,96,97,52,4
0.4470734062578208,96,97,45,7
2.3361974236585175,98,99,48,7
4.7599655681208368,96,96,39,7
2.6996429881069082,98,99,53,6
5.9922315097315160,96,97,49,1
3.0229423173403038,96,97,51,1
2.9820471674049229,96,97,44,0
3.0593176149321555,96,96,48,0
2.3781173176888464,96,97,48,2
3.0714500715500472,98,98,48,1
6.2315339503928202,96,97,49,7
3.8191139074266558,98,99,51,6
5.6522639497079936,96,97,48,4
5.5128080036790248,96,97,52,6
3.6671730587518301,96,96,48,6
5.6562289682444895,94,95,48,1
2.7240739134689687,98,99,51,4
1.3255504235843036,96,97,48,6
1.7100400525919501,96,96,48,2
5.0704048454845490,96,96,57,5
6.2095798790249672,92,92,54,4
3.6656041564274742,98,99,52,7
4.0603608987514672,92,93,44,2
3.0493004607742940,94,94,48,5
3.3449653398912718,96,97,56,6
1.9190354286959890,94,95,47,4
1.3040246156696469,94,95,41,0
5.4257818125205146,96,97,57,5
6.0248055532962761,92,93,47,1
5.7165766992095071,92,92,37,3
3.7099298951339983,94,95,42,1
5.1727222712721419,96,96,61,1
1.5313995965325369,100,101,49,5
4.8358048681397534,96,97,52,6
4.2835284788124541,98,98,39,0
3.9622947109740831,92,92,44,4
4.0457218221586224,96,97,43,1
2.1487147671656048,98,99,44,7
4.0811827514812737,96,97,48,0
4.3123851461501168,96,96,44,2
3.7612015841571944,94,95,41,2
5.6776233930779139,96,97,53,7
0.0737386462450959,94,95,59,0
2.9817249280470222,98,99,44,1
2.9553668299426485,98,99,50,7
1.4387776084627912,94,95,46,7
5.0190225871054155,98,99,53,0
2.3979501136636485,94,94,47,6
4.0121290921296175,96,96,49,7
4.8084606133622314,96,97,53,7
6.1301960251810677,96,97,46,0
0.5214180768647230,96,97,51,7
5.1645455208283186,96,97,58,6
4.3226850323436441,96,96,46,4
1.3916165320195575,96,97,49,7
6.1275319408975184,94,95,45,2
1.9714046066331630,96,97,44,0
4.5481707209158353,98,98,52,3
4.9358601812036413,96,97,44,6
1.6776932362093975,96,97,53,5
2.2706458359712691,96,97,53,7
3.4026455209356143,96,97,51,3
1.4376335297562628,98,99,43,4
2.2091085603800606,96,97,45,1
0.4207618397647199,98,99,47,2
4.5613109175183508,96,97,47,1
4.3800481755721350,98,99,50,7
3.5418325265874260,96,96,46,2
0.0514111076253480,90,91,47,2
0.5578755732970692,98,99,52,1
5.7080739183264031,96,97,48,6
3.9066319495481081,96,97,42,6
2.8816443988832692,98,99,51,4
5.5754240000015409,96,97,56,0
4.3993839518624949,96,97,53,5
3.0192957222610803,94,95,46,1
2.5130260518463872,94,95,50,5
4.2194420695516506,94,95,50,7
1.3195226838131582,96,97,44,0
2.3215384619404826,92,93,49,3
3.4126357155778351,96,96,57,3
4.8368923902729168,96,97,42,6
5.8316473552739492,94,95,40,1
1.6244865861343889,98,99,66,3
2.2210272126753297,92,93,30,0
1.1398090584234541,96,96,56,0
3.0295054745340306,94,95,54,5
0.8717696058977412,96,96,45,3
2.3767734348916654,92,93,45,1
0.9372396127952419,94,95,49,4
1.6237695212873049,94,94,52,7
1.9414861904077292,96,97,52,6
1.5432626680163826,98,99,48,3
4.4792406379122358,96,96,53,7
3.2527948419902271,94,95,47,4
3.5435905853242802,96,97,42,0
4.3995510632892065,94,95,54,3
5.0769215221471589,98,98,56,3
0.6551043599530242,96,97,61,7
2.6127600483452174,94,94,49,4
4.2528188474294373,92,93,44,0
2.0384199848843054,92,93,41,7
6.2502472827503830,96,97,55,1
3.7120431798963613,88,89,53,3
1.8161855116929657,98,99,53,6
3.4291707428744838,98,99,51,4
2.1100551975171169,96,96,54,0
5.9046164116668054,94,95,49,6
0.9374688006672440,96,96,44,0
2.1133467589124835,92,92,46,0
4.8617350951431781,92,93,49,5
0.0410378999478449,98,98,51,4
0.0127408282344427,94,95,41,0
5.5652336224953860,100,101,54,2
6.0976391804922914,96,97,43,7
4.2011067466850918,98,98,44,5
3.9939638525975933,98,98,53,4
2.9508550923273464,96,97,60,2
5.8567775452133697,96,97,54,0
3.2542804489325472,98,99,55,2
1.6255025034634876,94,95,47,4
4.2144146344451627,98,98,49,2
5.5878441090154976,96,97,53,3
3.3077024637817209,96,97,55,3
0.4742776640667164,96,96,55,7
4.9957418055608782,98,99,49,4
6.1105083219529472,94,95,50,3
5.5959394310649868,90,91,50,7
0.5217945825174171,98,98,59,0
2.9142439276466781,98,99,48,7
3.4620772987577504,96,96,48,6
3.4911448426500162,96,97,47,1
2.0955726554822278,98,98,50,3
3.8981441287987164,96,96,52,4
3.5354731355265168,96,97,62,0
1.7008619376652170,94,95,56,3
5.6635020253875590,96,97,56,2
0.0066630129717254,94,94,48,1
5.6129548192876220,96,97,54,2
4.0474006926639889,96,97,59,1
3.7440270905073012,94,94,53,0
4.6175438470889381,94,95,54,3
1.5672586517737537,98,98,52,3
5.4439481086238857,96,97,55,3
2.1418570869775970,96,97,52,4
3.5625100621593178,96,96,53,3
4.8704703024382869,98,99,47,6
0.9518684915634036,94,95,51,4
2.9774948129276209,98,98,49,4
2.4198800208545630,96,96,51,3
6.0637935499931714,96,97,57,1
6.0451617246510532,94,95,48,1
4.7922978834417167,94,95,51,4
2.9221580469826152,96,96,52,4
5.1601476992383208,96,97,57,5
0.4735507286435502,94,95,47,6
2.3723200399640874,98,99,58,3
2.0474568867624603,96,97,56,6
1.5141972805057815,98,99,41,0
0.5515474751478457,94,94,53,2
3.3727365839645196,92,92,42,2
0.9415811672648386,96,97,45,5
3.2856099201591409,96,96,56,4
4.7198796778621332,96,97,51,3
1.2247059263579931,96,96,53,7
0.9244157253738116,96,96,48,2
5.7360145469150785,96,96,52,4
1.6731862773405850,98,98,52,7
3.4905842956475093,96,96,40,0
4.8407687221326050,92,92,41,7
2.4223585166357440,96,97,52,6
0.5011283124934113,98,99,56,7
0.2861010784159815,96,97,55,1
0.5805710873745410,96,97,52,0
1.9682893779694492,96,97,47,3
0.2914162476878768,96,96,47,7
2.9634935013318326,94,95,43,0
1.0878449977767835,90,91,51,2
4.4830942626009795,94,95,41,6
3.8625976828903807,98,99,47,6
0.2207683311051214,98,99,46,3
5.9285817368534230,92,92,45,1
3.1722664466187132,92,93,44,2
2.3888713348623356,96,96,50,0
5.3750852296217957,94,94,47,4
4.3835894178421269,94,94,43,2
2.1318633827101525,96,97,50,6
2.6331279903426017,96,97,44,6
0.3763204120260989,94,94,51,4
2.8443588100167538,94,95,45,6
5.7865745090922358,94,95,48,3
0.9689531659667791,98,99,50,7
3.5429978857494664,94,94,58,5
3.7496648762744824,96,97,59,1
2.9303043108430646,96,96,45,7
2.9824057976667091,96,97,51,3
0.7481271855709911,96,97,47,5
0.5508555683425964,96,97,52,6
1.3358951408604729,94,95,49,4
0.9851847048625620,94,94,52,1
3.5481645335621743,94,95,57,4
6.2152166773400150,94,95,60,3
0.0941726312528281,96,97,52,0
6.2471685441704139,96,96,42,2
3.2858409205774981,96,96,45,1
3.9543733067992544,96,96,49,7
5.5154739340745405,98,99,54,7
3.1707624304165751,98,98,58,3
2.8180491904204641,96,97,46,2
3.7994993681381803,98,98,49,6
5.5671365308274963,94,95,48,3
1.9164382273220335,98,98,58,5
1.5189737148608915,98,99,42,1
4.7449234970139047,96,97,55,7
1.3161289785290662,94,95,48,3
2.9304627655976807,98,99,51,0
4.7710452932643674,96,96,55,1
3.5769745813684568,98,98,56,5
1.0558358731857975,94,95,60,5
0.1968419523270679,92,93,47,5
3.4866082764568289,96,97,43,3
2.0977319978990385,94,95,49,2
5.8096622048352300,98,99,47,2
5.6667898334753932,98,98,49,0
1.1450549870823621,96,96,53,7
0.6859298512822927,94,95,54,7
5.1036871398457029,94,95,53,0
4.1131799930789796,94,94,55,2
4.1378376423196022,98,99,52,3
2.7421585940448043,98,99,55,0
0.3312016542602988,92,92,44,4
2.6990070292896675,94,94,57,4
3.3127067003115260,94,95,45,2
4.8081120340513355,96,96,49,3
5.3270931799535512,98,98,52,1
4.2714289159018186,94,94,47,4
0.6569908625115299,96,96,46,0
2.1582794698934049,98,98,49,0
3.4888700952284837,96,97,52,2
6.2300584879368568,92,93,54,4
3.1844858643840053,96,97,50,0
1.1360803062122955,100,101,52,2
4.4197714765411895,96,97,49,7
0.5753321948316711,98,99,42,3
0.2418513174518986,96,97,61,5
3.2822312386362014,96,97,43,7
3.4086133899065514,98,99,41,4
5.5188519926730892,92,92,47,5
0.0511731544498784,98,99,57,6
2.3286307275338802,96,97,49,7
1.2272294837572073,94,95,58,1
3.1433616849135815,98,99,58,1
5.6864325595301572,98,98,54,1
3.7254514296820020,98,99,38,7
5.5297051525428396,96,97,53,1
5.9466171462259263,96,96,52,2
5.6147395977823669,96,96,54,2
2.5101417840166103,92,93,44,6
0.1774498936614396,98,98,53,2
1.4010888724225716,96,96,52,0
0.1371635064562024,98,99,46,3
5.4136543662628798,96,97,48,4
2.4858097952219134,96,97,49,1
1.9784142277670995,94,95,48,3
6.1270943651163563,96,97,50,6
0.6149013476259497,96,97,47,3
5.1144409336340200,96,96,51,3
1.8669772551444674,98,98,52,7
3.2467859347666619,98,98,59,6
1.9605914407985598,96,97,53,3
1.1487746618712988,96,97,52,0
3.2593468041746405,98,99,49,2
0.8699860851706361,96,97,50,2
5.1920106552191472,96,97,38,2
2.7499038542925902,96,97,52,4
2.5873768572009617,96,97,54,4
5.2842468971795000,96,96,61,1
5.0060741230416781,98,99,50,3
2.0245410444444500,96,96,52,6
3.1445156435142962,96,97,53,5
5.4778355619053762,96,97,44,6
0.4151489025303716,98,98,54,5
3.8276669677870232,96,97,53,5
4.7575757163127017,96,97,46,0
3.0534780861628867,94,95,45,4
2.9029998463727038,96,96,56,4
2.6505939182299030,98,99,49,2
5.4214954124902670,94,95,43,6
3.1064843450322357,94,95,50,5
0.8254511813466298,96,97,57,5
4.8633449763799481,96,97,56,2
4.2454175167100372,94,95,47,6
2.9731966450549807,98,99,50,3
3.4918278247433787,96,97,47,7
1.3725146841201898,94,95,41,4
5.7447188758511034,98,98,49,4
0.2344040203692531,96,96,43,3
1.3779264608451709,98,99,52,5
3.9021030512502808,96,97,53,7
1.6016430246494404,98,99,53,6
3.6064525190044123,96,96,50,6
1.0039748457303401,96,96,49,5
3.6043684744550699,92,93,46,4
2.5987152966348659,96,97,49,1
4.7667727685520385,98,99,48,7
6.2768002558402811,96,96,55,5
2.7823748500195666,96,96,43,5
3.4436735751394196,98,99,46,5
1.9770481911812789,96,96,44,6
2.5123544333814540,98,99,51,4
5.4876909180083242,94,95,47,0
4.9817733209273527,92,92,46,4
3.6834449288420830,96,97,48,2
5.8766517250647796,96,97,52,4
5.9912221351057759,98,99,55,2
4.6564831590954352,94,95,53,6
0.9804222688935132,98,99,47,2
2.3281385400497521,96,96,50,0
4.3631633487212786,98,99,48,5
3.9429078328428253,96,97,48,4
3.4933817767786639,96,97,48,0
5.9127941603016154,92,93,47,1
3.3790407614053710,98,99,44,5
5.6785890335951388,96,97,47,1
0.3790290650472405,94,94,40,7
5.4952929524305016,96,96,43,1
4.5065655513383227,96,96,49,7
0.1051049824934579,96,97,53,5
0.9633752154687510,94,95,45,6
4.2045460518515840,98,98,53,2
6.1221774293141769,96,97,47,3
1.0881745679065493,96,97,50,6
3.9597816803308210,98,99,43,2
4.8994538969105239,96,97,41,5
3.0952169620490624,92,93,47,1
6.0794503163750511,92,93,46,0
0.6911380424958957,96,97,45,7
2.7728080580686028,96,96,55,3
1.5208561470115485,88,88,37,7
2.6319358652621041,98,99,53,6
2.4259911894372319,96,97,40,2
0.1000679854746089,96,97,48,6
0.4584127268283122,96,96,48,4
3.7270743623082083,94,95,53,0
5.7384722241497546,96,96,49,3
4.3245232306457613,88,89,43,5
2.1862383171470996,96,96,47,3
5.5740947299665740,96,96,51,3
5.9688543935044347,90,91,56,3
5.9761181893440485,98,98,56,3
6.0246881692141061,98,99,53,0
2.4671948397755492,96,97,53,7
3.4206191572724349,94,94,54,5
0.7342644513824782,96,96,51,3
2.1747595242097528,96,97,41,1
1.3945976513268885,94,94,55,0
2.1248976919064404,100,101,54,0
4.9134200464985653,94,95,57,4
1.9537320012892920,94,94,45,0
1.1571101193846725,96,97,47,7
4.1368519679520857,96,97,52,2
4.7009982909386707,96,97,42,0
2.4247662243182755,96,96,60,6
2.8178705768782715,94,94,50,5
2.3802569225533392,98,98,46,3
2.2387335331614961,94,94,44,1
5.6003991871148697,96,97,49,5
1.2359800600395388,96,97,50,6
5.9722494865621032,96,97,52,6
4.6286370068987868,96,96,38,2
1.8061287666593524,96,97,47,7
2.3795356709723849,98,98,54,5
1.1270031844559210,96,97,54,4
4.9941301916266854,94,95,48,1
2.1294200412591451,96,97,46,0
0.0968815651047292,94,94,45,0
5.9207589531968043,96,96,54,4
5.1145998684821796,98,99,49,0
4.7357503566081762,96,97,51,7
2.9920117352795343,98,99,47,2
0.6582847349169654,98,99,56,7
2.5857301729374216,94,95,49,0
2.1027291628803035,96,96,46,0
4.4214033144601332,96,97,50,2
4.8407791451927098,96,96,46,2
0.8290878363480116,96,97,58,6
3.4244146767974026,96,97,47,1
4.2133250329748186,98,99,46,1
5.6871113069417323,94,95,47,6
2.9151858606797005,94,94,48,7
4.8503554890299867,94,94,52,5
3.8017576861089966,96,96,56,2
3.8885266356441974,94,94,51,6
1.7104470560970320,94,95,53,2
3.5115292868435670,98,98,49,0
2.4892536872861517,90,90,45,6
2.3793747747358855,96,96,49,7
1.6771114776016873,92,93,46,2
1.6407494224940491,94,95,50,7
3.9101377899593834,96,97,57,5
5.1610566782028027,96,97,47,1
5.5350548047999411,96,97,39,1
5.6644356070245259,98,99,53,2
4.9718004116109329,98,99,52,7
0.8750985785143307,98,99,47,6
1.6535330967187705,94,94,50,1
2.7385976713122435,94,94,48,7
3.6527648323801287,96,97,53,7
6.1419203132590097,98,99,51,2
3.6884566532027980,96,96,50,0
0.1188150506555021,96,97,47,3
3.8878788418038166,96,97,48,2
0.1175347885560455,94,94,47,6
1.8688966884643752,96,96,49,3
3.4755214847924241,96,97,52,2
4.0133968259506609,96,97,52,2
4.4202815220099581,92,93,51,5
4.8477412526291195,96,97,54,2
1.0012821804120597,96,97,50,6
5.0371397190295601,96,97,51,5
1.1424775741852728,96,96,48,6
4.3840985801176808,94,94,50,3
2.2796352559801063,94,95,45,6
4.5175341994185523,94,95,48,1
3.3988020465872300,96,97,44,2
1.5286390710932281,98,98,48,3
5.8076846845397592,96,96,58,4
2.1321950386057233,96,97,52,2
3.5334430116313289,94,94,60,1
0.0511639518279034,96,97,43,7
3.5720697687935816,94,94,44,7
4.2082935370557371,96,96,50,0
1.3737713494830528,96,97,49,7
4.4597086461651969,88,89,45,7
6.1662812233838773,94,95,50,1
2.5018330331872392,94,95,51,6
0.4453337239578607,94,95,51,4
0.5594593623649653,96,97,55,5
4.2863664545174220,94,95,51,6
2.4808402372838807,100,100,45,5
1.7582443002459718,96,96,56,0
3.6980031370510837,96,97,53,1
5.7729713919647159,98,99,43,2
0.3077656797929726,96,96,54,0
5.4724641255942998,96,97,61,3
0.1731883833553520,98,99,49,2
4.0886867254061396,92,93,50,2
5.8553089645216048,92,93,54,4
1.5616784532051355,94,95,55,0
0.9420509812819601,94,95,49,6
1.5429993330434186,94,95,46,3
4.4814025114186951,94,94,44,1
1.8693408190049210,96,96,46,4
0.0794170209430114,96,97,39,7
1.2736651755474406,98,98,53,4
5.4990623298823653,98,98,44,3
5.9523584411957327,96,96,47,7
3.6890605317959215,96,97,50,4
0.3431232305115945,96,96,48,4
1.7526729766622480,98,99,46,7
5.3665862358239229,94,95,42,7
0.6718244176596923,98,99,51,0
5.6284852026835415,102,103,56,7
3.8381796007055469,94,95,47,4
3.6512430645758207,96,97,55,7
3.9565401987386322,98,98,53,6
1.7270163021597369,96,96,48,0
0.0765906128059368,96,96,64,0
5.3379317805589439,96,97,52,6
1.1692485587160317,98,99,54,7
4.3398193724862191,94,95,57,0
3.7995515785909824,94,94,47,6
0.1486175105958223,90,90,44,5
0.9416628706914221,94,95,45,6
4.1246685290819416,100,101,58,2
4.6044299387333893,96,97,51,1
1.2937163242455658,96,96,63,3
1.5410399100305523,96,97,53,1
5.6022708598048245,94,94,46,7
0.6452097483626245,94,95,34,1
5.2571014113429326,98,99,59,6
6.2003100520423740,96,97,49,7
5.0582179031530137,96,96,51,1
1.9774655914245252,94,95,53,0
2.4942656702363024,98,99,52,5
5.4206196880373234,96,96,49,5
2.2452818398909757,96,97,54,4
0.1562041351326196,98,98,43,2
2.7748718868304607,100,101,59,7
5.9393707560236626,94,94,38,1
2.6536799413358603,96,97,54,0
4.2033744334585776,94,95,49,2
1.9734575711510420,96,96,50,4
3.3007991813303912,96,96,52,6
5.7766893613093107,96,97,52,0
0.7811485529186839,96,97,43,3
1.1129680403080309,98,99,51,6
4.4902310249493409,96,97,48,4
4.3537963126038930,92,93,45,3
1.7221751903762330,94,95,54,3
1.0797541839959770,94,95,43,2
5.8020820274434008,96,96,45,1
1.6130373798078574,94,95,51,4
2.0750016182852726,98,99,54,3
1.9356637404251786,94,94,52,1
5.9372694488400679,92,93,50,6
4.3887521283885720,96,97,49,7
5.8353531822228151,94,95,53,0
3.6507823543404370,94,94,59,0
3.4050198924731778,96,96,41,1
0.9378671932545611,92,92,36,6
5.6348209559762097,94,95,50,1
4.8263275027476498,96,96,54,4
5.8093428775312006,96,96,62,0
5.1837963594706107,96,96,42,6
5.2002516680916919,96,96,49,3
2.4326514446898519,96,96,49,5
0.6926644854878007,94,95,55,4
1.4125155553171467,94,95,50,3
5.4640929124747712,98,99,49,2
0.4902184397102274,96,96,44,4
5.2373633685413719,94,95,43,2
3.2220465824956195,98,98,48,1
2.1771889722601863,96,97,44,6
3.0951858611008247,94,95,51,2
4.0299536221846770,98,98,47,0
0.0792881778745391,96,96,46,0
1.2944215870698588,94,95,42,7
3.2135112089299889,94,95,53,0
5.2433514067399214,98,98,45,4
4.2705861099869216,96,97,49,7
2.4751414669359293,94,95,54,3
5.9935322259556330,94,94,56,7
2.6819624688320238,96,97,48,2
5.2183340563679925,96,97,47,5
1.2356394866370011,98,99,54,3
4.9685629353395120,96,97,40,2
0.5487096982312120,94,95,50,1
1.2988395021231742,94,95,44,3
5.6706511651976541,98,99,52,1
2.8562584570032987,96,97,54,6
4.9930592788238952,96,97,47,1
2.5151843298163943,96,97,46,6
4.3453749671547106,96,96,47,7
3.3212627818110154,98,98,40,3
5.3748840132863842,98,99,50,3
0.2574193152979281,96,97,53,5
4.6480183762094294,94,95,52,1
1.6894931178659580,96,96,44,0
5.7617814818208037,96,96,57,5
5.9179977647049551,96,97,54,6
1.6269495990802147,92,93,47,3
4.7568290839423701,96,96,50,0
1.7868571924961156,92,93,46,6
3.9543706035727060,98,98,49,2
1.9756834838077599,96,97,49,7
2.7551790796712168,98,98,49,2
2.6024706479877011,90,90,51,2
4.9721442618585758,94,95,50,7
4.1418281737336553,90,91,48,1
5.5633749508729702,94,95,42,1
5.4019998384442784,98,99,44,7
3.0444036675158270,94,95,42,3
1.7454949967237887,96,97,48,6
1.6800877707455060,96,97,39,3
5.7201984468814455,96,97,54,2
6.1796328065844932,94,95,54,5
5.1077341911398975,96,97,54,2
1.7863642546738996,90,91,50,7
1.6326055345639050,98,98,52,3
2.5147328014740649,92,93,46,6
3.6192834541115371,96,96,50,2
0.7233905563381375,96,97,55,7
4.0205831557786169,96,97,51,1
3.7727925722129410,96,97,55,3
6.1306766250469105,94,95,47,0
0.5135953054878850,96,97,41,3
1.9411194619081493,98,98,45,4
4.7379919154241641,98,98,56,3
6.2436104494645219,92,92,43,3
0.9965531821991424,92,93,42,0
4.8449497300340356,98,98,51,2
5.7161449601385979,98,99,54,5
4.5933891993877278,96,97,61,3
0.8000541754163384,98,99,49,6
4.7314452916280914,96,97,51,5
3.9856891776582590,96,97,56,2
4.5113339095411122,94,95,45,4
0.2331016455458284,96,97,49,3
6.0303057932441231,96,97,51,7
6.1808833594732624,96,96,44,0
1.1258239286585296,92,93,48,4
1.9802919025942454,92,92,54,0
3.3091762287017241,96,97,56,2
5.7796737018271056,94,94,50,3
2.1935762935738436,92,93,46,6
3.5972720676488339,96,97,54,2
2.6934046657599948,96,97,47,7
5.3530435282524298,94,95,45,6
3.8743640034844020,94,94,50,5
5.0246358604209211,96,97,58,0
5.9919368628298670,96,97,49,7
2.3487727001535239,94,95,52,7
3.8124719289573763,94,95,46,7
2.6797239136026363,94,95,51,2
0.2009401689170031,94,94,50,5
3.9138155623552704,96,97,52,6
1.4149142675745423,98,98,54,3
2.7292892253327796,94,95,40,1
3.7924107404402068,98,98,46,5
1.5550161672238960,94,95,44,3
1.2214831154441155,96,97,45,7
4.1400080720261068,98,98,55,4
5.1622496404697120,94,94,49,4
1.3436975822409858,96,97,37,7
5.7104507143521950,96,97,46,0
4.0309231127300924,98,99,48,1
2.3263254032702849,96,96,45,5
3.1909862256027659,96,96,56,4
6.1374286929367958,96,97,47,3
1.1656005255376993,96,97,56,2
4.1430723678921684,96,96,54,6
1.6204469136567292,94,95,41,0
2.7757790857856532,96,97,48,0
3.6000536040712432,94,94,43,4
0.2130570024360463,98,98,46,7
1.5687151658576917,96,97,57,1
0.0224312434445713,92,93,49,1
3.6608621326182220,94,95,47,4
4.4323420124834243,90,91,50,7
5.8609503242672840,98,99,48,3
2.1321844654334647,96,96,53,1
2.3027960485812211,96,97,44,4
4.1673143665573162,96,96,55,3
1.2334797950471457,96,97,52,6
0.7552564001544491,94,94,50,1
1.4400275974857122,96,97,61,7
1.0291448039498772,94,94,50,3
4.1333643033289231,96,97,58,0
5.9563788834712357,96,97,55,1
4.7134422906006375,92,93,44,4
3.7179863495770666,96,97,56,2
1.0651332470926702,94,95,55,4
4.1938154167128214,98,99,48,5
3.7413204529252289,96,97,58,0
4.1526871958676663,96,97,40,0
4.8494104992752920,96,97,49,1
1.9103498761556306,92,93,52,0
1.1386180818575675,96,96,48,2
2.0471202872142937,96,97,57,3
6.1056514015004302,94,95,54,7
5.9223938048109286,96,97,52,2
3.6582325568357410,98,98,50,3
5.0968558158426873,92,93,44,6
0.2973109186277964,96,97,46,6
4.3103131594663493,94,95,38,3
2.5274671946283078,98,99,52,3
3.1323523764792327,96,97,56,4
4.4817890435886572,96,97,50,4
1.7167351966269655,94,95,60,7
4.7004447027703202,96,97,45,7
4.9381178969061601,98,99,55,2
2.0223572748807861,94,95,47,4
3.2853168526245553,98,99,52,7
0.4010397431460004,96,96,48,0
4.1048635451112077,96,97,44,4
3.6454073640969953,98,99,58,5
4.4147464364307201,96,97,48,6
0.1197146952443836,96,97,57,7
2.2821909233280397,96,97,53,3
5.7514257243433224,96,97,53,1
1.0661099042017943,94,95,37,0
5.7572096689863024,94,95,49,4
4.4122909068608882,96,97,55,5
4.9672858588245230,96,97,53,7
3.7011079711865733,96,97,51,1
2.4628687222385421,94,95,59,4
5.5896359019315778,94,95,47,4
4.4037020846498800,96,96,59,5
4.3580383908599201,92,93,40,4
6.2535146261518806,96,96,54,2
6.1278091128862959,96,97,52,6
4.6562672749286369,94,94,49,2
4.7493330174061725,96,96,51,5
4.6940002557873255,98,98,55,2
4.3199498324393444,104,105,45,7
1.9912800988238220,96,97,57,3
3.6630580278614198,92,93,51,3
0.5017753578531988,96,96,47,5
1.9559098085358553,96,97,51,5
3.0436993178961935,94,95,49,4
1.8049344348408580,90,90,43,2
0.8545515941608006,92,92,47,1
2.5751564714396746,100,101,54,4
4.1163816751270081,92,92,52,6
0.1283094139671415,96,97,49,3
2.6263170916027678,96,96,43,5
0.3657264356983142,98,99,54,5
1.5688547739832339,94,94,53,2
2.3760011258691489,96,96,43,1
4.1375939842034359,98,99,51,2
5.8214282352529230,94,95,38,1
2.6466236242452541,98,99,55,4
5.1131228118282115,92,92,51,7
5.8453629531284053,90,90,49,6
0.4680839689384524,98,99,55,0
2.1434344782753385,96,96,45,7
3.5297689601240196,96,97,58,0
3.1700518159690678,98,99,53,2
5.7372569881420139,96,96,55,1
1.4830848876079012,92,92,51,3
4.5186181334861688,96,97,56,6
1.9969048687838340,96,96,56,4
3.5152204937942648,96,96,48,2
5.1232558821652221,94,94,58,5
5.2030440556989452,94,95,50,1
5.9265185715317426,94,94,43,6
3.2685156048454935,94,94,50,1
1.9202446681166467,94,95,59,0
4.3137260205286401,100,101,49,7
4.6512489576099725,92,93,51,5
5.3062012739140956,98,99,47,4
4.6358856871394512,96,97,42,4
5.6663779794555849,96,97,56,0
2.9870685630747187,96,97,46,4
2.0614430908658385,94,94,43,4
1.1775424005980319,92,92,50,4
0.0525841311603677,96,96,43,1
6.0191297413321418,96,97,49,3
6.1035493487653723,98,99,51,6
2.0492040413229082,90,91,50,3
3.9087717282186905,96,96,52,6
2.5453369935027808,96,96,59,5
5.7363253784601023,96,97,51,7
6.2460552950797474,94,94,54,3
5.7691752000252272,94,95,58,7
5.4295079344150441,96,96,55,5
4.3054652555422894,96,97,53,7
3.0630762409103842,98,98,58,5
0.8325744739596939,96,97,52,0
3.4681709074488944,96,97,58,2
3.8494818514599367,96,97,57,3
5.5294622163591134,96,96,50,4
0.8323179890909950,98,99,51,2
4.5770683510666990,94,94,51,2
5.5210934552006865,98,98,56,1
2.3880531381678298,94,95,49,6
2.9906264781537026,96,96,52,4
4.3354787644313397,96,97,50,2
3.1529902298767518,94,95,50,7
4.4658375009725724,94,94,52,1
2.4163535661876883,94,95,47,6
4.2739158162000646,94,95,51,0
4.5446036091927597,98,99,54,5
4.2736479728833654,98,98,51,0
0.6942567535215388,92,93,46,6
5.6944290266787263,94,95,54,5
2.3726227501677482,96,96,45,3
2.4153896371020265,96,96,55,7
0.0762757273801225,96,96,53,1
6.2748321262494766,96,97,52,2
0.0018458791613196,96,96,45,3
4.5807103984294395,92,93,50,6
3.1746642762754731,94,94,41,0
0.3069263748512485,96,97,50,4
1.2820569792460628,96,97,47,3
4.5058860720944294,98,99,65,4
0.9957821253499650,96,97,46,4
4.3955931278342666,96,97,44,0
3.0185595149300153,94,94,40,5
3.4005415982632390,98,99,59,0
0.5636122157830847,94,94,50,5
5.1030190584768889,98,99,54,7
3.3956954993116306,98,98,54,5
1.3443975201353870,96,96,51,5
3.2143453431523445,92,93,53,5
0.8090950264442109,92,93,48,4
6.2268535511468670,98,98,56,1
0.6456618393540248,98,98,49,4
2.1030073748407800,94,94,51,0
3.0893876080298490,94,94,47,6
1.4428453521129458,94,94,54,7
1.2775989052190371,98,99,51,2
1.9155915040938916,98,98,54,1
4.8263435910860482,98,99,43,6
1.8996899081029619,96,97,56,4
3.0054597195953483,90,90,44,3
1.6757084536591884,90,90,45,6
3.6599308088738343,96,97,51,3
0.0659414650410963,96,96,48,0
2.4655141265648530,92,93,46,4
3.5333335457306765,96,97,53,1
2.7645148449279460,94,94,42,7
1.8491307265641506,98,99,47,2
5.7663258111550366,96,97,55,3
5.4843571200752912,96,97,43,7
5.0722755821202572,96,97,50,4
5.8258276670250080,98,99,48,1
5.0602486538547451,94,95,48,1
2.7624797430612835,96,97,52,6
4.5772496980314381,96,97,61,7
2.3659206588563277,92,93,47,3
3.0151481233037951,98,98,45,0
2.5920349665891305,96,97,51,7
6.1993609667574212,92,93,50,0
0.7288487644260538,96,97,53,1
0.1394789975980345,96,97,38,0
1.3919000828540191,96,97,41,7
2.7885661745861978,96,96,57,1
5.1695267454416092,94,94,53,4
2.8606936924032831,96,96,52,6
5.9715831453733195,98,99,54,5
2.1280848568507666,96,96,49,5
3.5998836223003474,96,97,53,7
6.1335662745217787,90,91,53,6
3.3426827722468406,94,94,46,5
2.8078699529130491,94,95,57,4
1.0151057466559943,98,99,51,4
1.2820066141206992,96,97,53,3
5.5415923776320382,96,97,46,6
4.9721336169485886,96,97,55,3
6.1749371416627454,98,98,53,0
0.7521858294211845,94,95,53,0
4.2879727916357346,94,95,49,0
0.4796766500989493,96,97,44,6
1.6552679250091511,98,99,52,7
4.1277070615995317,96,96,53,3
4.7883150119503837,94,94,44,1
5.2954647581762755,92,93,37,1
1.5231532333370237,94,95,47,0
1.6645195322106667,94,95,60,3
2.5809325290644400,98,99,44,5
4.0424244992604415,96,97,41,5
3.2104222297053098,98,98,42,1
5.7746594544851853,96,97,45,1
3.8815494311678100,98,99,51,2
5.3738793646257097,94,95,46,1
5.3939702528098277,96,96,44,4
4.8230409588545955,94,95,48,1
2.2897093773265271,96,97,54,0
3.7005046820054392,94,95,50,7
4.5860268001912798,94,95,44,1
5.0386878432746522,94,94,49,4
1.5568321869694108,96,96,54,4
4.2877190754811689,98,98,53,0
3.6260453444441070,98,99,51,2
1.1491073075815321,96,97,54,4
4.9960147532632746,94,95,46,7
2.4133097380340485,96,97,46,0
4.7773591022212907,96,97,44,2
5.2245794986485832,98,99,51,0
3.7948342603045599,94,95,52,1
1.3770990568878940,96,97,47,5
3.3860558836905974,94,94,45,2
0.5970389618962977,98,99,50,5
1.4213699932006616,96,97,50,2
0.1477080172628304,96,96,47,1
1.1992981426204747,98,99,50,5
5.9340275308787289,96,96,49,1
0.6102357664681313,96,96,57,5
3.5508037243976953,96,97,46,4
1.2366263007304326,96,97,48,2
5.5358321480042090,98,99,54,7
2.6945638450897378,96,96,37,1
4.0081594429078038,96,97,60,0
5.8935447279204798,96,96,47,3
5.7026618895420054,96,96,48,0
2.6703041324333059,98,98,52,3
0.2635059237756646,94,94,45,2
1.3113692725557604,92,93,48,4
4.6330203452845247,94,95,50,7
4.7448605430449708,98,99,47,4
1.1919048484336729,92,93,46,4
5.1127419544841111,94,94,47,4
3.7033609647687018,94,95,51,0
5.5578111363999501,94,94,47,6
2.0028308089481901,94,95,55,4
1.3373732808562215,96,97,52,4
4.8230460172857823,96,96,46,4
4.5309473989061368,92,93,50,0
3.8035476164930548,96,97,51,7
2.4582954932836865,94,95,55,4
1.2560402047801642,96,97,46,2
3.1124665758187398,92,93,43,1
0.1604210229596530,98,98,42,3
5.0282138384231443,96,97,40,6
6.0345485511870498,96,97,54,2
1.0693282820871923,96,97,42,4
1.7385437558330907,96,97,49,3
1.2708655685895649,98,98,50,7
3.3817235560903929,98,99,50,1
0.9423816388524987,96,96,51,7
2.5147445536233359,96,97,46,0
0.9095942270694997,98,98,59,0
1.7658149997871222,98,99,51,0
4.8921092122378322,90,90,53,0
3.1032308238698638,98,99,55,2
1.8813569124981158,96,96,52,4
5.6617350542553755,98,99,41,6
1.2759604443313479,94,95,56,1
1.2969201822535530,96,97,49,1
3.4988229233891350,98,99,48,7
5.2638938684615617,96,96,51,7
5.7767255164337632,92,92,51,7
3.0072564045607724,96,97,53,7
2.5058675442127996,94,95,54,5
5.5680714780139589,96,97,58,0
1.0840066900035967,96,96,43,3
4.8238946259513575,96,96,51,5
4.5186880453475800,98,99,51,6
0.8050940635980991,98,99,56,7
4.0725378824190352,92,93,56,2
1.3113281096906135,96,96,44,2
3.3643614854295252,94,95,57,0
0.3866976002680552,92,93,56,2
0.5915768211232398,96,96,49,5
0.5838978413102908,96,96,54,2
5.8884809372557188,94,95,60,7
5.3687480295457410,96,96,63,5
0.9574629689416178,98,98,56,3
1.5910498561952593,98,98,46,3
2.5128844487965547,96,97,51,5
3.8430748990490762,96,97,46,4
2.7510545747690536,94,95,46,5
5.4313055372289005,94,94,53,0
5.0079111028107963,98,99,51,6
5.1490709132783365,90,91,48,5
3.6376749258606931,96,97,49,7
4.0932531530191696,92,92,45,1
1.2527171509612784,96,96,52,0
3.9526886293497925,96,96,46,2
5.0538119984948384,94,94,50,3
2.4923678310285133,98,99,51,0
2.2813093290172084,96,97,42,0
3.1766957666847229,94,95,55,4
1.4671544495232709,96,96,48,6
5.0606257542989841,96,96,48,2
2.4638589447892265,92,93,50,6
4.5535879341456171,98,99,47,4
5.3130456359084759,94,95,48,1
2.0925213473177302,98,98,49,0
1.1461215992499869,94,95,43,2
1.0654958833572636,92,92,41,1
5.6554297811024501,96,97,52,6
4.8628376784893543,96,97,59,1
4.7443737482827402,96,97,56,4
6.1102277661115902,98,99,46,7
4.8227590363133830,98,99,45,6
1.5121723590711191,96,97,47,7
5.5918125335715398,96,96,57,7
6.1163299629256862,96,96,49,1
5.1372563794881057,96,97,49,3
6.2152988986304649,94,94,50,1
2.8806861934644479,98,99,53,0
4.5823547008838119,90,91,47,4
2.6462966469361953,98,99,51,0
1.3405843847325329,98,98,41,0
3.7709811289611745,98,99,56,5
2.2165561867061503,98,98,60,3
5.7346937284339594,94,95,39,4
4.7913346158174255,96,97,47,1
1.4160867243978363,98,99,51,6
5.1830715424856120,100,101,51,7
2.8046811990039089,96,96,48,2
5.3850818295537017,96,97,59,5
0.3572892071351988,94,94,48,3
6.1054633188529888,98,99,48,3
2.2412253253241885,94,95,57,0
5.1529993284270219,94,94,51,6
6.2682494496219858,96,97,45,3
3.8127777175567843,96,97,60,6
4.4568155096851703,94,95,52,1
1.0477754476531740,96,97,47,1
3.2400767171231570,98,98,49,4
5.9700135706772492,90,90,45,2
5.1125065063601580,96,97,47,7
1.9523257543016044,96,97,48,4
3.4622391896837601,98,99,52,1
4.1535917143738796,98,99,46,3
5.4053225360923580,96,97,40,4
1.7776040712787589,98,99,52,3
2.7247388005465805,92,93,47,7
0.7791553764202430,94,94,50,3
4.0374838165003002,96,97,51,5
1.6184777544078173,94,95,45,4
4.4587104346751643,96,96,49,5
4.3414122320895183,94,95,49,6
5.9866450636362094,98,99,53,2
2.5452599209871738,94,95,50,5
1.3580681125285821,94,95,44,3
2.7942553276740516,96,97,52,2
3.4095887975437043,96,97,53,7
1.9106998847315571,96,97,44,2
5.1971114434231689,98,99,44,1
0.7998209435420270,98,99,49,2
1.0419071788701322,96,96,53,7
6.1696036550166449,96,97,61,5
1.1562286034132330,92,93,45,5
1.2411254636822993,94,95,50,3
1.0301956153494167,96,96,41,5
2.8935770629216857,96,97,52,0
5.6731121193843856,94,94,54,5
2.5828541704040724,96,97,56,4
1.1759058461978562,96,96,46,4
3.8945737291113121,96,97,48,0
6.2537613258732412,96,97,53,5
0.6377765243970290,94,95,47,4
5.4327739908821657,96,97,44,0
0.3992731137904833,96,96,45,3
1.6583823197533449,96,96,55,1
0.6738072860164955,96,97,56,2
2.2352379970908496,96,97,51,3
4.6929885870011514,96,96,52,4
5.6768602592726545,94,94,53,2
6.2704677626707674,96,97,51,7
5.4454778380330247,94,95,52,1
2.2926137558661175,98,99,57,0
1.4577817156703730,98,99,47,0
3.6904953731802035,98,99,46,5
4.3528366850463014,92,93,45,5
4.2878712612785019,94,95,52,3
2.7926697965579907,98,99,47,4
0.0347588802850349,94,95,46,7
0.6705888646242767,92,93,48,6
0.1272052068863997,96,97,43,3
4.4192079317877360,98,99,56,7
5.4295980139744069,92,93,57,1
4.6583198034539537,96,97,51,1
4.3865000093051618,98,99,50,1
2.8115715743901224,96,96,51,5
3.1481673853568966,98,98,47,4
0.3636862876042951,98,99,51,0
4.5660752531493953,96,97,49,7
1.0774009348265550,94,95,47,4
5.8204571468304938,98,98,50,1
5.2871762993495528,98,98,52,3
4.7137695715836205,90,90,53,2
2.9866318625574890,98,98,51,4
1.4787604376517485,94,94,44,5
3.2727781198258690,96,97,55,1
5.3680807748697870,94,94,49,6
0.0673731742258384,96,97,43,1
3.3802707318374816,96,97,43,5
3.9861376365625589,96,96,49,1
4.0982210580106537,96,97,49,7
1.3948425323792550,94,95,42,5
2.0802138084354356,96,97,51,1
4.5409047624334331,98,99,48,5
5.0251866850111284,94,95,52,5
2.3747116079566362,98,99,54,3
5.9966327006508342,96,97,41,7
4.0473372339228204,90,90,48,1
1.4963823677131403,98,99,60,5
1.2013566988234285,96,96,51,7
4.0860567168781152,94,94,51,2
2.1858463434470705,94,95,50,3
5.0894560688444352,98,98,47,6
2.7939939557754045,94,95,50,3
1.2232151788386623,96,96,56,6
4.9240874652107927,98,99,46,3
1.7773071101995173,96,97,51,7
3.6959602235703182,98,98,56,7
0.4097968553168605,98,98,48,1
5.8980163429579164,98,99,50,7
3.5188040516826522,98,99,48,3
1.8163355176786149,96,97,47,7
0.7082911578852470,96,97,53,7
5.3470000228769639,98,99,48,5
3.9539073135219409,96,97,47,1
0.6236696197699690,98,98,46,5
1.1678102130945889,92,93,43,3
2.0074965759105559,94,95,47,2
5.9312902968948524,96,97,46,6
4.6513850808967021,96,96,57,1
1.5632489359140531,92,92,48,0
2.8230671795113018,98,98,48,5
5.4907451871900168,96,97,41,5
1.1612113213252471,94,95,47,2
4.5684214919602137,96,97,46,6
2.1123076118155910,94,94,47,0
5.5601644210382819,96,97,44,2
5.0348924109512465,98,99,55,0
4.8422493106357836,92,93,51,7
2.6641026263338907,94,94,45,2
0.7997588646334124,98,98,50,5
4.6658350455190032,98,99,56,3
5.6965289019201890,98,99,53,6
5.4318762962630833,94,95,54,7
1.9501207613813554,94,94,47,4
0.5665750704874635,90,91,49,4
3.1195571237925335,96,96,55,1
3.3942660591904823,94,95,44,1
5.1666098128755804,96,97,46,0
2.1773766084944008,92,93,51,1
5.4832791319066363,94,95,47,4
4.8161240862766599,94,95,55,4
5.4303902687223973,96,97,46,4
4.5291649368179181,96,96,49,5
1.9715751748299775,98,99,52,7
1.1744240558721528,98,99,47,2
6.0273055657700079,96,97,46,2
4.9268716118135165,98,98,60,5
5.6037233863905378,96,96,50,0
2.2113205335162425,96,97,53,3
1.2167935529719591,94,94,41,6
6.1251772306717198,98,99,62,5
4.2517153516513710,96,97,54,6
4.7750311137186481,94,95,50,1
1.5585848948123491,98,99,53,2
5.5764014427095914,96,97,47,5
3.1385146447736663,94,95,49,4
0.8191252854458471,98,99,55,0
4.6383595157814623,94,95,58,7
5.2368109228111122,96,97,51,3
5.3309587179445428,96,96,61,7
3.2143546543844237,96,97,52,2
6.0280107146564879,98,99,51,2
3.6811473376853603,94,94,50,3
1.1895455113634121,96,96,51,3
1.5313217764026212,96,96,48,4
1.1303529979368445,94,95,54,1
4.3177906998164799,96,96,55,1
3.9161485053605931,98,99,47,2
4.0642714595333809,96,97,41,5
2.9555439705599555,98,99,48,5
2.9204830585041521,96,96,47,1
2.0611236095224985,94,95,49,6
0.2793060714038336,96,96,46,6
0.3987231745574342,96,96,49,3
6.0328175252718257,94,95,49,0
0.3774089890935607,94,94,48,1
2.9757275334050428,98,99,44,3
0.5780377350473134,94,95,53,0
2.0187400001529001,94,94,44,3
1.0206867165282199,96,96,50,0
2.4583514502409032,96,97,49,5
0.5751708446315263,96,96,52,4
0.5520646187938155,94,95,48,7
5.7804903784321375,96,96,43,1
0.6172572126117145,98,98,54,3
4.6785622904740514,98,99,40,3
3.4463696460591420,96,97,40,4
5.8255330024010181,96,97,51,7
0.5575389048668552,96,97,54,6
4.3630336982631306,96,96,62,0
2.7835885865755321,98,99,52,1
4.4605079461796739,98,99,42,3
5.8268705442334943,96,97,49,1
4.6673854727610333,92,93,52,0
5.9802763814176298,94,94,53,0
2.8534591332613117,94,95,51,6
0.8799414073769770,98,98,36,5
3.1136759872775972,96,96,50,6
0.1739194239310698,96,96,46,0
0.1827490694339194,98,99,58,1
4.0982962380906338,98,99,51,0
2.0385684882015993,96,96,51,3
5.3948296553926660,96,97,48,4
0.6105611909403575,98,99,55,2
4.5154379452713806,96,97,53,3
1.2435694362463656,98,99,43,2
0.3120775577713567,94,95,46,1
4.4736410338436947,98,98,48,1
4.4529890982872598,94,95,51,2
5.1856016554060558,96,97,48,2
4.0612049122720446,100,101,57,7
3.4138802016217342,98,99,49,6
4.0045326052370953,98,99,52,3
1.9835447267445239,98,99,59,4
6.2155944375496786,96,96,48,6
0.2821200393319940,94,95,50,3
0.1339342093164505,94,95,50,3
3.8907392398754270,96,96,51,5
3.6397615605776159,96,97,39,5
2.0901531073952326,98,99,49,0
2.5977517632469209,96,97,52,2
3.2595372644162546,96,97,43,3
1.9605531622353198,96,97,49,5
2.3833258206995467,96,96,53,1
2.9218902198242236,96,97,44,2
1.3405801922811817,98,99,48,5
4.1075858375784602,98,99,54,3
4.7276095725904375,94,94,49,0
4.7902104426745806,96,97,48,4
2.8898975648228928,94,95,55,6
2.7912847418301858,94,95,45,0
0.9000460816486896,92,93,57,3
0.2919518633981190,98,99,56,1
5.7798456712603388,88,88,43,3
5.0241713299978077,98,98,57,4
3.2748051821055340,94,95,50,5
0.1642529070905469,98,99,53,6
4.8062561019651922,98,99,58,5
5.4011313838069741,96,96,56,6
3.9727349907923220,96,97,46,0
2.6885845936382253,98,98,44,7
4.1355497574074143,96,97,52,0
0.8258488747257225,96,97,44,2
0.7162555620627101,94,94,45,2
2.4982661471732879,98,99,50,5
0.0982689907795881,96,96,64,4
4.5458148454462268,98,99,50,3
3.0156712143346716,94,94,46,1
6.1349067257905441,94,94,46,3
3.9917784654716302,96,97,42,4
1.3825974528419411,94,95,41,6
4.3591849166128158,96,96,39,3
5.6744720689814363,90,90,47,6
0.1357980708532313,94,94,55,6
3.3627424894906084,98,99,58,1
2.6951755954682972,98,99,56,3
1.2852369655001343,98,98,63,0
4.8986949173834944,98,98,50,3
0.2141344718901059,96,96,48,0
0.2977056639118493,96,97,53,5
0.5624937529296788,96,97,41,1
2.5643579576509365,98,99,47,6
0.7103568747853426,94,95,53,2
5.9719738690263853,98,99,52,3
1.4261185996168633,96,97,49,1
0.1403348882656046,98,98,47,0
5.7888552977896524,96,97,50,0
5.1356666781044567,98,98,53,2
3.6726583548824854,98,98,52,7
5.5076423825106673,98,98,51,2
2.3166212645546853,96,97,48,4
0.4339146835619809,98,99,47,0
3.2449718153737708,88,89,49,1
1.4248237785271975,98,98,51,2
5.2363538055054910,90,91,55,0
1.0655411615259172,94,95,45,4
5.3901127812187264,94,94,45,4
1.2109869599355692,96,97,53,5
1.3274538601915176,98,98,49,4
1.4574365370777231,94,94,46,5
3.6482252284805869,96,97,44,0
0.9727176996714922,96,97,50,2
2.9868931284183819,90,90,48,5
4.8517578789762528,96,97,49,1
1.5769789488595234,98,98,58,5
1.4765291494312389,96,96,51,5
3.7677933112967317,94,95,53,2
2.4710879734964633,96,97,52,4
3.3920461731725471,96,96,47,7
1.5949781889131065,94,95,49,4
2.3725231397149322,96,96,43,3
5.6168936395175848,98,99,51,0
5.0389912550984759,96,96,53,7
0.0755025967025195,96,97,49,3
3.5476559771035383,94,95,47,6
5.0943692196456247,98,98,49,4
2.8736649450914555,92,93,48,4
2.1800211055247329,98,99,53,2
0.0077339928046884,96,96,54,6
0.8546626942499360,94,94,42,3
1.4513337383390417,96,96,56,2
2.8629879755687768,96,96,53,7
4.7627601347415771,96,96,47,7
4.0385392267704550,92,93,44,0
6.2472097724772411,98,99,52,3
4.9999470672793871,94,95,52,1
0.1456407610426233,92,93,39,3
6.2346406600292905,96,97,55,5
1.9776558518062366,96,97,55,5
3.8186958335579830,96,97,52,4
0.2673042859934283,94,95,48,3
4.3607562417510684,96,96,50,6
1.9378281492680998,98,98,48,5
1.3613984210236463,98,99,47,0
5.5871846948059067,94,95,50,1
2.4430165246616871,98,99,54,7
2.1378063399099183,96,97,44,6
0.9234032325925977,94,95,49,0
6.0783432257722323,96,97,46,2
5.3705195111193227,96,97,48,0
0.9106314914786290,96,97,45,5
0.6689536918845628,98,98,46,1
1.5263157459390073,96,96,57,5
4.3637330541873700,94,95,50,7
5.4837726490615148,96,96,58,4
3.3436678655772076,98,99,47,4
2.6810347649783952,98,99,56,1
1.8227125363499384,96,96,44,0
3.8374735739157706,96,96,52,4
4.8671661259680885,96,97,53,3
4.4790753377490748,92,93,44,0
5.4201796293364959,98,98,56,3
5.3296374044722761,98,99,47,4
4.5234079643572844,94,95,50,3
4.2545567262392270,94,95,50,5
0.7642986526186233,94,94,46,5
6.0873143840452162,96,96,47,1
3.8463164657211233,96,96,51,1
0.9558250704253244,96,97,49,3
2.0928510599876096,94,95,56,5
0.9042025874503997,96,97,48,4
4.4242766087242025,94,95,54,3
6.1758991852317653,96,97,60,0
2.8248183382807173,96,97,41,1
5.0911894577117023,96,97,52,2
3.6289218935798653,94,95,54,3
5.2769108470265715,96,96,50,4
5.5357926161662876,98,99,46,1
4.8502903511648130,92,93,44,2
5.8728998564978001,102,103,49,2
2.9636829718003601,96,97,51,5
0.8872863120986845,98,99,56,1
4.8019490323544494,96,97,52,4
3.0250971039230867,96,97,51,3
2.8888192457421478,96,97,52,2
4.0258995343350570,98,99,51,6
0.4567257017429963,94,95,59,0
0.2997555541169107,94,94,56,3
0.6435220716003227,94,95,48,7
3.6587236458192378,96,97,49,3
0.9269136115099563,94,94,43,4
3.8254845329822751,96,97,51,3
3.4319614596698886,96,97,50,0
4.3120466437435132,96,97,49,3
3.5056546213671145,96,97,43,3
1.6732701654638658,94,94,50,1
5.5754083276433200,94,95,57,2
3.7588594578904186,98,99,58,7
3.4586799817683125,94,95,46,5
5.1325558064812471,96,97,42,4
6.1174893119025633,96,97,57,3
5.5243652462406709,96,97,44,6
3.1043019852507845,98,99,44,5
0.1393097195095175,98,98,67,6
1.8892336769095748,98,98,52,1
0.2287416994713131,94,94,58,1
2.2487590421699362,96,96,51,1
2.1524433723548362,96,97,53,5
2.5054767067638331,96,97,43,5
3.3048317966820724,98,99,49,0
2.4752753164438888,98,99,56,3
2.4924472612451227,94,95,48,5
0.1887659898181619,96,97,45,5
1.8120012131788357,96,97,54,6
6.1034529340380343,96,97,53,5
0.1748873971438332,96,97,42,0
0.7856941358074622,92,93,43,3
1.5292452394245197,96,97,56,2
4.4471369003929464,96,97,49,5
1.4647695541120684,96,96,50,2
0.3808651049455032,94,95,43,2
3.8835454617436955,96,97,57,3
6.2392408022443009,96,97,49,1
5.6245544363795910,96,97,43,3
3.1775426867436409,94,95,46,7
5.9261135116849939,96,96,56,2
3.5520230599174485,96,96,55,5
2.2263758013731922,94,95,55,6
2.1287557991365538,96,97,64,4
5.0430260844423778,98,99,48,3
1.1084573781686040,96,97,49,5
1.2756289659073228,96,96,45,1
3.7700676291995827,94,94,49,0
0.4439570818317662,96,96,48,2
3.4901399424637991,94,95,50,7
5.5960331669294066,94,94,59,6
0.4790895126369176,94,95,55,0
5.9897507314505916,96,96,53,5
5.7596367676273656,94,95,51,2
1.4461367544655073,96,97,41,3
0.9340200910294872,94,95,52,1
4.9106966006177339,96,97,44,4
2.4133839378187956,96,97,55,1
4.3657129484400423,96,96,51,7
1.8128457140101522,94,95,43,2
2.4564965978516082,90,91,55,2
5.9392526675556381,88,89,40,6
0.2060781934332193,92,93,43,5
5.1818632770269542,96,97,55,5
2.0749259706120338,96,97,43,1
5.4380490359548670,90,90,43,2
5.4441770602804693,94,95,47,4
4.7685374670442862,96,97,51,1
6.0473415979653957,94,95,50,1
3.1147292004740383,98,99,51,6
0.4444512836199344,94,95,57,0
0.5456638037544789,96,97,52,4
0.6844172309200627,96,96,40,6
1.8903324613180887,96,97,48,6
1.9482760217530104,98,99,58,5
4.0418971615030426,96,96,46,6
0.6671946640564053,96,97,42,4
3.7366310449969151,92,92,52,2
2.6518884844804598,94,95,53,0
0.6415874680038476,96,97,47,7
0.7318146429367867,96,97,50,0
4.0405390467378748,92,92,53,1
3.3483539793500565,96,97,58,6
2.3528167648450378,98,99,48,3
0.8230998533491107,96,97,46,6
5.0399876024786217,96,97,49,7
1.6010514026067324,98,98,53,0
3.3713838828854166,96,96,49,5
2.0387085192418075,96,96,46,0
2.3504303877356763,98,99,56,5
4.6735334515187290,96,97,60,0
2.6290649796953116,96,96,52,0
2.1621293034583435,96,97,49,5
0.8520360586955494,96,97,50,4
0.2084320606471640,96,97,56,2
5.9220787316051577,96,96,44,4
2.7375619171491055,96,97,45,1
0.8349181647905312,94,95,44,1
1.1146980585015163,92,93,50,2
0.5500709617706643,94,94,50,1
4.5583215266261590,96,97,48,6
1.5118149343986402,96,96,46,0
2.7433287224109533,96,97,51,7
2.1772926703614224,96,97,43,1
6.0620251867034796,96,97,53,7
1.3504204656824188,98,99,53,4
5.1221008094681757,96,97,45,5
5.2447570637251024,96,96,45,7
0.3481986443090473,92,93,56,6
2.5092810767620262,96,96,45,5
5.8896608108239406,96,97,59,7
1.7992120427962019,98,98,51,4
0.0970497627168951,96,96,54,0
1.5245340997676244,94,95,49,2
0.6258331447042770,92,93,59,5
1.0729973433494533,96,96,46,2
1.9857117912438436,92,93,53,5
5.2053544839275574,94,94,40,3
0.9319895390503291,92,92,46,4
6.0351827487534324,98,98,53,4
2.5730829269903901,96,97,47,3
4.1431220869861374,96,96,44,2
0.4064400810472129,98,99,55,0
3.5655264551523875,94,95,52,5
2.0555391145597213,94,95,45,2
1.0479452390884598,96,97,54,4
2.0798592155602931,96,97,61,5
0.3821207017528765,98,99,54,5
4.0580962849678821,96,97,50,0
2.4768515939812392,94,95,51,2
0.0426778418454008,98,99,57,0
1.9784268382282790,92,92,49,3
1.2983625026830465,96,96,57,7
5.0853659849599504,98,99,47,2
4.8895015243202096,96,96,46,0
0.9467870865243951,92,93,50,6
1.2862020829350571,100,100,53,7
6.2167732710474439,96,97,45,7
1.2030743523320127,98,99,51,2
3.7937739589849198,94,95,43,0
4.4927476283200676,96,96,56,6
5.2762179792038015,94,95,49,4
0.9549353471100254,96,96,49,5
4.5353503802790094,96,96,54,0
1.4171206105240528,98,98,59,2
0.5237498129087513,94,95,47,6
2.9332676774071595,98,99,48,7
5.2917496321739215,98,99,50,1
2.6283495483854584,98,99,53,2
2.8055944293622903,94,94,47,2
3.4890692641857233,96,97,50,2
0.6220329256575862,94,95,45,4
5.4632669436152899,94,95,48,7
1.2981462522904033,98,99,49,4
0.0187205414858921,96,97,50,0
4.5811786703882547,96,97,54,4
4.8444015154048738,94,95,42,5
4.9219232490390326,94,95,48,1
5.2280698494969338,98,98,47,6
5.3310867862684113,96,97,48,4
0.7366608287942269,96,97,52,4
5.4121110024446466,96,96,55,7
1.2343080303239087,96,96,49,7
2.2291209070919447,96,96,42,6
5.9254718709794254,96,97,52,6
1.3011957559779084,96,97,43,7
4.3818872443208772,98,99,46,1
4.8503047089558100,96,96,57,5
3.0548012626945038,98,98,63,6
3.9994479487975658,96,97,49,5
4.9832385441616411,96,97,50,4
0.2108974094021953,96,97,58,4
0.8986540239663151,96,97,54,4
4.0234645960421451,92,92,44,4
2.0954832573671163,96,96,54,0
1.1028655109801904,98,98,49,6
0.8754757151610280,98,99,43,2
4.4792245772656649,96,97,61,1
1.0892612008231228,98,99,50,5
4.0998253568843497,96,96,47,5
3.8348961346214514,94,95,45,4
2.7981852111682008,96,97,52,2
3.2778768929384459,98,99,43,0
2.2500120859605768,98,99,50,3
1.6207893391509005,94,95,55,0
5.0603608668416946,98,99,48,7
0.4455110024307036,98,99,50,1
4.8716504797384728,96,97,50,0
2.8621994344543342,96,97,51,1
5.5137461081890393,96,96,49,5
3.0543471035680301,94,94,46,7
4.8428529301721541,98,99,46,1
3.6540224265940369,96,97,53,3
2.7553796189723352,96,96,54,6
0.1460415499582867,92,93,54,2
6.0122532266123683,96,96,51,1
0.8171920052007156,96,97,57,5
1.1945451485794207,98,98,47,4
5.9617832520465983,98,98,57,6
5.4624983287076745,96,97,59,1
3.5756907856815001,96,97,55,5
1.7728679234408029,88,89,48,6
2.2624735771927953,98,98,62,5
4.0149964908605300,98,98,51,2
0.0651270307929522,96,97,49,7
2.4028429696837570,100,101,52,6
4.0687344272071702,92,93,49,7
4.6699441919603517,94,95,51,6
3.8355205732384396,98,99,51,2
4.2711464605577172,94,95,50,1
5.0988942376223871,98,98,53,4
5.6765596418325286,94,94,42,5
5.2322178660061187,98,99,56,5
5.1368554821066672,94,95,44,3
2.4922189069277332,96,96,51,1
1.8160613480806609,94,94,50,1
1.5168595870057437,94,95,51,6
1.9433263128628142,96,97,51,5
3.8970195833715078,98,99,45,2
3.6281623356363326,94,94,58,3
4.7764062136277623,94,94,50,1
4.8131632822979933,96,97,52,6
5.6664353972397796,96,96,51,5
4.3444820100972894,96,96,47,5
2.3549048326411630,96,96,48,2
1.7309827996851133,98,99,51,2
3.6675396170145977,94,94,45,6
2.2316415067201896,98,99,53,0
1.9426103701253215,94,94,48,3
4.0493262605040696,96,97,56,0
1.0281216965125861,98,99,51,4
5.7443190065029119,98,99,61,6
1.3223880742965293,98,98,46,3
3.7160016348256342,92,93,52,4
3.9351071398541690,94,95,57,2
4.0099103502683819,96,97,53,3
0.9062989695033118,94,95,49,6
0.2788171333528817,96,96,49,5
0.0887399841192857,96,97,51,3
0.2065880545525307,96,97,43,3
3.0938701727554077,96,96,47,5
1.0899284760769039,96,97,44,4
1.2850761934943764,94,94,41,6
3.2721835699552111,94,95,53,4
1.1517755659734339,98,99,45,4
3.1896548258707780,96,97,47,7
3.8588062871326829,94,94,51,4
4.7110176742859471,96,97,52,6
1.7065130312114107,94,95,50,3
4.4626383113861738,94,95,45,0
1.2352372360242776,96,97,44,0
3.4020374208573836,94,95,48,7
3.7624971278692048,96,96,53,5
0.0063686283009993,92,92,47,1
3.1068201338265076,96,97,40,2
4.3472416839485275,94,94,47,4
5.4604014508603189,98,98,48,1
4.8836754982448340,94,95,51,0
1.9617444256855887,94,94,49,0
4.8106953057591575,92,92,47,7
3.3828600650128595,96,97,51,1
6.2283637933565048,96,96,45,5
4.0786570404156990,96,96,53,5
2.1966247681268913,96,97,54,2
4.2868343979929131,98,99,45,0
1.0113910347221753,98,99,43,0
3.0173709651278831,96,97,53,7
4.2465535691787935,92,93,46,0
3.7963267817135375,96,96,42,4
5.0316016476728196,94,94,48,7
5.2211028060700473,96,96,52,6
6.0092094180946658,82,83,40,3
1.4190467242895861,96,97,53,7
3.2864918091878339,98,99,56,5
1.4159252671011719,96,96,44,4
5.9759912093077308,96,97,47,5
1.5677107228863369,96,96,50,2
0.9895279835427779,98,99,50,5
3.2000651428993860,96,97,52,0
2.5725538125003409,96,97,51,7
3.2596141449094080,94,94,46,7
1.4414590368039859,96,96,48,6
3.7053942936069904,94,94,48,3
5.4788947971024644,98,98,52,1
3.4594718725987170,96,96,47,7
4.0124222741171049,98,99,50,1
4.7702933146488151,92,93,44,0
2.0773288498722779,98,99,50,3
6.2197498832554512,94,94,44,7
0.0894894708481331,96,96,52,6
5.8488326118151974,98,99,44,3
2.6880296170143039,98,99,54,3
0.8969886785943790,96,97,50,0
0.6696744688853571,98,98,51,4
0.1987091453510023,96,97,46,0
1.9320266187827884,96,96,51,1
0.1033016542163698,96,96,51,3
1.7284267795455803,98,99,43,6
3.0620552224327078,96,97,59,5
0.3987251612117342,96,97,48,6
1.7774411302534219,94,95,49,4
3.2055836347675086,96,96,50,4
1.5101142046962255,96,96,44,4
1.2621364127268155,96,96,51,3
5.4380568173104287,96,96,45,1
5.1643554949261858,96,97,49,5
3.1561109226403898,96,96,48,0
0.9723043741387114,100,100,47,7
4.2254883287249436,98,99,58,3
1.4040271622161564,96,96,51,7
3.9036032866316930,96,97,52,4
0.2663192387862635,90,91,48,5
3.1778101334155151,94,94,58,7
3.9434586511324432,96,97,54,6
0.1905758668713810,98,99,54,7
3.9595385720624066,96,97,51,1
5.4273449909030163,96,97,49,3
4.6090864389242538,96,97,52,6
5.0553829013064950,92,93,49,7
1.1817378707724724,96,97,48,2
3.7885804594455368,96,97,58,0
3.1741962378246225,94,95,55,6
2.1208320301203414,96,97,45,7
4.2975981339427047,88,89,49,1
2.4834317859687154,96,97,52,2
3.7511813916033185,96,96,51,1
5.4192361357158765,98,99,47,0
3.5821526700045485,96,96,45,1
6.0605845594143508,94,95,47,0
3.0311429073789844,98,98,55,0
1.0300474184559665,96,96,51,3
2.5663900483006015,96,96,53,3
3.6204701169731712,96,97,54,4
2.6123779730442966,96,97,53,1
5.4316200366341008,98,98,52,5
1.4766781852798645,94,94,53,4
2.2525414294091584,96,96,37,7
1.5452065201569416,98,98,40,1
3.3726616610633493,96,97,42,2
6.0406101817750573,96,97,49,7
5.7001005870728880,96,96,56,0
2.8017807596308377,96,96,46,6
2.2831831248330596,96,96,56,6
2.2023930409308803,92,93,45,7
3.4402536405947730,96,97,53,1
5.5478769713204334,98,99,54,3
1.2887709777345635,96,97,49,1
2.2173558681345495,94,94,51,4
0.0034118267144519,94,95,51,0
4.9162679105171350,96,96,53,3
4.1419075451222165,96,97,54,4
0.8003227624489604,92,93,46,4
3.0369060460205213,92,93,44,2
3.0494732485076605,96,97,41,5
1.3917552823871810,94,94,50,3
1.3064802098095536,94,94,54,3
0.5854260320379221,96,97,48,6
5.5108097709953556,100,101,46,4
3.0227791043901475,96,97,50,0
6.0553289074305745,96,97,48,6
1.9895668927335775,96,97,50,4
2.9795961086474194,98,99,53,2
0.4301247030863555,96,97,52,0
5.5407585199700398,98,99,47,0
2.2207046928890892,94,95,54,1
6.1038575890984275,96,97,50,0
0.0635584177294066,96,96,50,4
2.8780798485809909,98,99,54,5
4.3117715486627253,90,91,44,3
1.7121478555185030,96,96,55,5
1.7658301893566033,94,95,55,6
4.6049699774537718,96,96,49,3
5.4151715888114484,96,97,53,5
3.5579383492017800,96,97,49,1
3.6932533609667511,98,98,43,6
6.0866638346715156,92,92,45,3
5.9361023348522490,96,96,56,2
2.7033538139974485,96,97,57,3
1.5240520843406240,92,93,52,0
1.2201253683658044,98,98,54,3
5.5956078867896277,94,95,53,0
5.2705631157579065,94,95,51,0
5.2365763045820346,92,93,54,4
5.4022355128083550,96,96,50,0
2.6523004204671756,96,97,51,3
4.8866871807049614,94,95,45,2
1.0495688168212114,96,96,55,5
3.4723050478815973,96,96,58,6
5.5809730482583113,96,97,57,1
3.2359674637925870,96,97,53,1
3.5525378115959052,96,97,42,0
1.5612168451633464,94,95,54,5
0.6561229639481598,96,97,43,1
5.5416274135579444,102,103,59,0
2.0875899924664485,96,96,54,4
3.2456409907995964,96,97,46,4
3.0511406328777815,98,99,47,0
1.5751368822312968,96,96,48,6
0.6933742300385057,98,98,54,5
3.6145322375144917,96,97,55,1
3.3176525495465667,98,99,54,1
2.1930789036201221,94,94,47,4
0.3990434014648065,96,97,51,7
3.0869458308195026,94,95,44,5
2.7571278325762658,94,95,43,4
2.6583610323532891,94,95,52,1
5.2648482513390569,96,96,49,7
1.9821079518028937,98,99,54,7
1.0399168393069809,96,96,53,7
3.1546832206862443,96,97,53,3
3.0988147517527374,96,96,48,4
4.3178268687300347,96,97,55,5
2.7166741675760444,96,96,53,5
2.2694033678585734,98,98,49,4
2.2822653456239825,96,96,53,5
5.8976436536318984,96,97,52,0
4.0369369534229076,94,95,50,7
3.2552605148907494,90,90,49,4
1.6915018421929451,96,97,53,7
0.4835109748830848,98,99,56,5
0.5850420540253944,98,99,50,5
4.5462452312192303,96,97,45,7
4.2266003754057300,96,97,54,0
5.5634554543944610,98,99,59,2
3.7154924686248330,94,95,53,2
5.4596030238894144,96,97,43,7
0.1958846886952091,98,99,52,1
6.2255055845526925,94,95,44,5
1.0584967177013356,92,93,46,0
4.4390313872912444,98,99,51,6
3.5742764136402201,92,93,44,6
3.3202907701217539,96,97,56,6
6.0718171910550254,94,95,42,5
5.4542355720293454,98,99,51,6
2.1879054572637107,92,93,50,4
2.4163351309823073,96,96,40,6
5.9054220891346745,94,95,47,0
5.4219352725339549,96,96,55,1
6.2633147959379185,98,99,39,2
4.9452379786751486,96,96,43,7
0.2655887262066634,96,97,57,1
1.7235370804898336,98,99,51,6
5.1911825899752229,96,96,54,0
1.7585180834081318,94,94,47,6
2.4307384587316423,98,99,57,6
2.0961692197817765,96,96,50,4
3.6190511622925947,96,97,50,2
4.0335121291556888,98,98,55,6
5.2186038821673488,94,95,50,1
4.8988821358152324,96,97,46,6
2.3261565760590615,96,97,48,4
4.8455068687223735,96,97,48,4
2.1640330033593957,96,96,43,3
1.3315653175861808,96,97,49,1
1.8870200652188485,96,97,42,0
5.1247293153099021,94,95,59,0
4.1210269960189230,96,97,48,4
2.5069407786870110,96,97,51,3
5.2643454626538730,96,96,44,2
3.6766697466600151,94,95,53,4
5.9662753134056814,96,96,53,5
1.8746421087578611,94,95,54,7
3.0660322549846413,94,95,40,7
2.1186560821742009,96,96,56,6
0.0919183849134473,96,97,52,4
5.2438526592738643,94,95,47,6
3.2704488353791570,94,95,48,3
5.3283375019346746,98,98,59,2
5.6972553378497830,96,96,50,6
2.4292586072466937,92,93,46,0
0.0996768647985597,98,98,42,7
1.6020384126807568,96,96,53,3
4.7286876991428084,96,97,54,2
4.1084589884582039,96,97,51,7
6.1011550693115169,92,93,43,1
3.3763448036133772,96,97,54,0
1.9858634958638204,96,96,44,0
3.6790556310994624,94,95,38,5
0.7989806441729652,92,93,49,7
4.5295201205026681,100,101,47,3
6.1802792188691091,94,95,46,5
0.2629111520257025,94,95,45,6
2.8811739453511054,96,97,58,4
2.0788069526777431,96,97,51,3
5.9692739789007216,96,97,53,7
5.1793391334867325,94,94,57,4
3.7900456355541312,92,93,45,3
3.2245410509677677,96,97,44,2
3.4037928394920636,96,96,46,2
1.8119062838146158,96,97,54,6
3.2880458670175132,96,96,43,3
5.2526358063912824,98,98,48,5
1.7031958693833527,92,93,49,3
6.0779414306656712,98,98,63,4
3.0225403645756090,94,94,47,6
6.1558636697341784,94,95,43,6
1.7651524288882481,94,94,50,7
5.6971093283939451,96,97,52,4
3.2933182821454898,94,95,48,5
4.8603031664196070,96,96,55,7
5.8929374856464483,96,97,43,5
6.2459236722120535,98,99,50,1
4.4914696723996874,98,98,49,2
1.0021185942055832,96,97,47,3
5.5878141465213425,94,94,60,7
4.6999774155150522,96,97,54,6
5.9574373687466862,94,94,44,7
4.0986888986807513,94,94,56,5
4.6926840243207959,94,94,50,3
3.9068088231354738,100,101,59,3
4.0805270821234103,96,97,50,6
1.4274370719597722,98,99,59,6
2.0753959244529789,100,100,45,1
2.9595113705820459,98,99,37,4
0.7831980000398956,98,99,61,4
3.9228577586063560,96,97,45,1
2.3244625459251038,98,99,54,7
4.0202320918584187,98,98,54,7
1.3045447065144848,94,94,53,6
3.6712983204053438,96,96,47,7
4.0669695510541288,96,97,53,5
1.3110145706103240,94,95,48,7
5.7448900826762754,98,98,54,3
2.0690059567773917,94,94,50,5
4.5269875736706799,94,95,45,6
4.8421280303399010,96,97,51,7
3.3790161999765345,98,99,51,6
3.1693783448152062,96,96,57,7
2.5590448249423940,98,99,58,7
2.9416099234652382,96,97,46,4
4.4316146881730054,98,99,57,2
3.5154956063232494,96,97,54,0
2.2234812236349701,96,97,56,2
6.2505925376791875,96,97,43,5
0.9003316493179891,96,97,43,7
5.8798504070427891,94,95,42,3
6.1098413941661791,98,98,57,4
3.3033560190209195,96,97,51,3
1.3119012737607774,96,96,47,3
5.6487152394924260,98,99,44,3
3.9255287148732876,96,96,45,7
4.6353025780257848,96,96,54,6
0.9979813832750888,96,96,55,1
4.5556749838059583,96,97,59,7
4.7204742078030710,96,97,57,3
3.5564140435777714,94,95,47,0
4.4416837386343868,94,95,50,7
2.5212668448315250,98,98,55,6
5.1165606525451865,98,98,55,0
4.0808779164668003,98,99,51,0
3.6016006625877726,96,97,46,2
5.4553581337180868,96,97,46,6
1.0650824853130487,94,94,41,4
5.2708434309869947,96,97,49,7
5.5033290051741863,94,94,51,4
5.6587224985300537,96,96,48,2
4.9996406453523266,96,97,52,2
4.4378762782731513,96,96,55,1
3.4053476881355556,96,97,48,4
3.1378291753395411,96,96,56,4
5.1416096287804507,96,97,40,0
1.2338474268730006,92,92,52,6
0.4768412679355126,90,91,54,1
2.2545096792724948,96,97,50,2
1.2817868455554386,96,97,50,4
4.0321758806266708,96,96,53,1
3.2494154066887266,94,94,49,4
5.3273257518556338,98,98,60,5
2.0679204401103295,96,97,54,6
4.8890357479576512,94,95,43,6
5.5074138898091292,96,97,52,6
0.0205481086930865,98,98,61,2
2.9137145638461166,94,94,51,4
6.0902379344109345,92,93,48,4
4.6420310425759670,96,97,49,5
0.3888639188213221,98,99,55,0
0.0334172647256984,98,99,44,3
5.2326646330877020,94,95,57,6
2.5822137848897406,96,96,46,6
3.6366854279620684,96,96,62,6
5.5469128732957227,96,97,53,3
5.5462231593400482,96,96,52,6
3.1098415653394622,96,97,51,1
3.5231492425423778,98,99,55,4
1.8362274985364886,98,99,54,7
3.9817896914678670,96,97,58,2
2.4073075766125824,94,95,41,0
0.3504959361772897,98,98,56,7
1.6024560002720047,98,98,61,6
6.0963986783121680,96,97,55,3
4.8644324036874069,94,94,47,4
0.3675232152225033,96,97,45,3
1.2771493938229537,92,93,56,4
1.4329342429028402,102,103,51,6
3.1078783887270314,94,94,40,3
6.0110859998564461,98,99,56,7
4.5257627958866822,94,95,43,0
5.6059897564968093,96,96,55,3
4.2086445598810620,98,98,53,2
2.0066787039042273,96,97,50,2
0.9704823819909016,98,98,57,6
1.9320362223060112,94,95,44,1
0.2043280282992439,96,97,48,0
4.0003530570919370,94,95,49,2
3.7887352351211567,96,97,43,7
5.0768378947016464,96,97,41,3
6.2767803398180630,96,97,48,4
5.3082421067506376,96,96,50,0
1.9698179744363711,96,96,42,6
6.0260550144943004,96,97,56,0
3.8389324466565680,94,94,52,1
1.1369015061957175,94,94,62,1
4.1602197174092677,96,96,51,3
5.3791755210692420,94,95,47,2
4.5470186299901387,96,97,53,3
4.8366744365674750,94,95,57,0
2.0254502574057893,92,92,42,4
2.9666968473884192,98,99,53,0
5.0439385249293407,96,96,51,1
0.2100413116857085,94,95,51,6
2.2044591325202640,98,98,46,5
2.9495544504288027,98,99,55,0
2.6387753805003284,98,99,47,6
3.3684683535037698,94,95,51,6
1.9041053536904502,94,95,42,1
1.0119498593809504,96,96,56,6
6.2403007949929341,96,97,47,3
1.8130543415098499,96,97,47,3
2.3018492708668159,96,96,46,0
3.2900986094275511,96,97,42,2
1.5717054121672553,98,99,59,4
0.9428768263896785,92,92,42,4
5.0553905293909605,96,96,42,6
4.5626364429317876,98,98,57,0
1.9309919495566397,94,95,47,2
3.3903324893836850,96,96,54,2
2.6002468026206156,96,96,54,6
2.9732955443874314,92,92,47,7
6.1062725298217604,92,93,48,4
1.0213192885079176,96,97,56,2
2.6859873141265926,92,93,50,4
2.6595909190262024,94,94,42,7
3.1235595105600691,94,95,44,3
2.5564470275572737,96,97,55,5
0.9271855984327200,98,99,53,0
2.0639705069005370,90,91,41,4
3.8107551710145393,98,99,55,6
2.8208481968854353,96,97,53,3
2.8173211994081964,98,98,48,5
5.9107162732551597,96,97,58,4
3.3128124023547127,96,97,49,5
4.8208171228838816,96,97,56,4
3.3823075753192118,96,97,44,4
6.0825461564164671,98,99,44,5
3.7248669164820822,94,94,51,2
0.3939038256268483,96,97,57,3
2.9665007209790786,96,96,42,0
3.0067095190435431,96,97,56,2
5.1480213331919256,96,97,50,2
1.8329966387537326,98,98,52,3
1.4118390735190822,94,95,51,6
6.2501195837620003,96,97,56,0
5.2114390169351736,96,97,50,0
3.5272589387194229,98,99,43,2
3.4495716075793923,94,95,45,2
3.8884842900946670,96,96,50,2
3.4729315968388410,98,99,56,1
2.2523790291538948,98,99,58,7
5.3590600335279870,94,94,52,7
4.1555391877425745,94,94,43,2
0.6619355471892773,96,97,56,0
4.2680943163331957,96,97,47,3
4.3204707985056503,98,99,46,1
1.3049087805960533,98,99,59,6
4.4797366832502385,96,97,40,4
3.2968723609396533,94,94,49,2
0.3937027619195148,98,99,47,2
4.3548432589893338,96,97,60,6
0.8340215018694865,94,95,53,4
0.9534417429773865,96,97,46,4
5.9344982310119745,98,99,55,2
1.2140510007895509,96,96,49,5
3.9540149907308182,98,99,45,0
3.1361278029079989,96,97,50,4
2.2987785349243386,98,99,56,7
0.7355057473926453,96,97,46,2
3.0049645982531206,98,99,55,2
5.9459608860298685,94,95,46,7
3.8202817725099121,96,97,45,7
3.8150224032525752,96,96,53,1
2.3033965333697575,94,95,47,0
4.0867551219328728,96,97,54,0
3.9254241918314303,96,97,49,3
2.7748848032317732,96,97,51,7
4.5620918775560391,94,94,58,5
1.6312005708384421,96,97,38,4
4.6406616801970726,94,94,49,6
2.7630011981644533,92,93,49,1
0.6643825974932912,94,95,57,6
2.6554864897925645,94,95,48,3
1.5203799651203744,96,96,49,3
4.1813164766935405,90,90,57,2
0.3981544883241237,98,98,55,0
3.3489481605827729,96,97,50,6
6.2598078786038416,98,99,50,1
0.1387674480110738,94,94,47,4
3.2861339220689056,98,99,59,6
2.0720761507052927,94,94,47,2
6.2699439878233720,94,95,49,0
4.8339953436023180,98,99,42,7
5.4186119434725164,98,99,58,7
4.4627485257135380,96,96,45,1
1.0989548278823862,98,98,55,4
6.0651888879134521,96,97,52,6
4.7184811170293512,96,97,51,5
1.3347384388910910,96,97,51,7
4.2254710786298180,98,98,52,3
4.1188042414208530,92,93,50,2
5.3072649097577482,102,103,57,4
5.7201827572671302,94,95,42,7
4.3893158298692354,92,93,52,0
5.8523240450662541,96,96,55,3
4.1418700421020080,94,95,45,6
4.1981374362120221,98,98,50,1
1.0182999889396276,98,99,50,3
5.5498180564455675,94,95,58,7
5.3467405602576772,96,97,45,1
2.8481002694069337,94,95,43,4
6.1916614984608200,90,91,43,6
5.7318861980377660,94,94,55,4
1.1187181443247858,96,96,48,0
0.8153942156197946,96,97,56,2
1.7732817484284338,96,96,42,4
2.5794448926155469,98,98,46,7
1.4747214487324369,92,92,49,1
3.3288742496628636,92,93,48,2
0.6954037992575755,94,94,47,6
5.1834297294061802,94,95,51,4
4.6087072922066143,94,94,48,5
1.8488101235588654,94,95,49,2
5.3031179290113046,94,94,51,0
4.5066411867117706,98,98,48,1
6.1059530454733579,92,93,47,7
1.3083613766962419,96,96,50,0
2.9567306349258793,98,98,48,5
5.1530812965504431,92,93,56,2
1.1072647185411135,98,99,46,7
2.7186462822516955,98,98,54,5
3.5287214579062240,96,96,46,2
0.7506788138321947,98,98,54,3
1.5600024522006604,94,94,42,5
2.6785998739445507,98,99,48,5
1.3268854988770382,92,92,42,6
0.8707689387192409,96,97,43,3
6.1715026218316078,98,99,49,4
1.6234179142427430,94,94,55,2
0.7642860905280592,96,96,43,5
3.9835757454927081,96,97,55,3
2.0549996790717731,96,97,50,2
1.4271792639961633,94,95,45,6
2.1441679420070798,96,97,52,4
1.2619704847302846,92,93,48,6
1.3865187000905876,98,99,50,1
0.6141253641790885,94,95,56,1
0.1563427804387115,94,95,50,3
6.0994714229144673,94,95,44,7
1.0884651844847124,96,96,45,7
2.4247172315400798,98,99,45,6
3.8571399290423538,96,97,51,3
4.8886217629443607,96,97,56,0
1.0047213197361984,96,96,56,2
4.3477061841024263,96,97,44,2
5.8348371185787329,94,95,56,7
2.6261368486138847,94,95,54,7
3.7169139293018678,90,91,44,3
0.3664525077738458,98,98,56,5
1.8989153828274985,96,96,55,3
5.3831233732186741,96,96,44,4
6.1679452217274688,96,97,62,2
0.5779273295120344,94,94,37,6
2.2815211219528972,94,95,54,5
4.0744858387474592,98,99,51,0
0.5069037086229811,98,99,57,2
6.1858429703991735,96,97,58,6
2.8854153266651994,94,94,51,2
0.2877489505604105,98,98,52,3
2.8325058442106670,92,92,52,0
3.5893919237298109,98,99,60,1
4.8717246533476235,94,94,48,3
0.2137779293780841,98,98,49,6
3.4464919455118417,92,92,49,7
4.2269121904077904,94,95,47,6
3.5566385094173949,94,95,53,0
6.1306587873001970,96,97,50,0
4.2487588022823859,96,96,44,2
1.5322968675710584,96,97,50,6
3.4473803250867121,96,96,48,2
3.3346146990604693,98,99,51,2
5.9029686458160295,94,94,44,5
1.7324201275023963,96,96,53,1
6.0395365473689946,96,97,57,3
5.2575597700504106,94,95,49,6
3.2603709863445030,96,96,52,4
5.7103192102223392,100,100,56,4
3.7612220679496811,92,93,47,7
5.9231660554331409,98,99,46,1
2.5043930254320457,94,95,49,0
0.9660661995596996,96,96,52,4
4.3808989610129814,96,97,50,2
1.4328711879688310,94,95,49,0
3.2307504489307868,96,96,45,5
0.3257529487405004,96,97,42,2
5.4788859634703480,96,96,57,7
0.6963538305269832,96,97,52,2
0.6956369454832940,96,97,51,7
2.1442275641914632,94,95,57,2
3.6760222548430397,96,96,50,0
4.3905619469191359,96,97,54,2
2.2624724199780664,96,96,42,2
1.0551217462658955,96,97,52,4
3.5589801600593054,96,97,44,0
5.4224241476598962,98,98,55,4
5.8194719227375993,98,99,44,5
3.7876254751727165,98,99,49,2
4.6292736806799546,96,97,49,1
5.4487550395605906,94,94,52,3
3.1128383347081852,96,97,42,0
4.8431975019818312,98,99,47,2
0.9985346572916174,98,98,44,3
0.6834060360828750,98,98,57,2
2.9497520267266557,96,97,51,1
4.8383159374446123,98,99,58,3
0.7333869437878622,96,97,49,1
2.0907246338218521,98,99,54,1
4.6645993897396103,98,99,54,3
1.7618791999063048,94,94,54,1
2.5668782065535307,96,96,49,3
0.7591473970933137,96,97,40,6
