theta,t_count,h_count,s_count,w_count
5.9867791386825475,90,91,47,0
1.3789283514576463,92,93,47,1
0.3571552080205663,100,101,49,3
2.8842047014353605,100,100,49,3
0.3563707861599030,98,98,57,4
3.4728906723586146,98,99,47,6
4.8759364067832589,98,98,50,1
2.7472627092784943,100,101,51,1
2.5139219095041287,98,98,51,2
0.3667472903153551,100,101,51,7
5.3940214726951590,98,99,58,3
0.5005894430467960,96,97,48,0
3.2836496108500439,98,99,57,2
5.6702199908363422,100,101,45,3
5.3669583911032976,96,97,51,1
0.2778353482523738,98,99,50,7
4.6747036611658839,98,99,46,7
4.2650193173590258,98,99,45,0
2.7479542578196270,92,92,49,5
1.6988102640324996,98,99,60,5
4.7944493923161717,98,99,56,3
0.1461742231232440,96,97,54,0
3.6899104787547690,96,97,47,5
1.2570900142256147,94,95,57,6
1.5055264661141532,100,101,54,0
3.1531600870555985,98,99,58,1
1.5509219536495444,98,99,45,2
3.3931421982899428,94,94,46,3
0.9162187736733388,98,99,56,5
3.0144588646308823,98,99,55,6
5.1101295227956172,96,97,53,3
4.8354896556095888,98,98,44,5
0.7701540082808354,96,97,59,1
5.2358705963505630,98,98,41,0
4.1337935750762291,98,98,48,5
4.0580118110212009,96,97,53,7
4.8298915291658959,94,95,47,6
1.9966266470729597,98,99,49,4
1.8859275455779028,98,99,55,2
0.2550780969648535,96,96,42,2
2.9380780180311685,100,101,52,2
0.9196725100657690,94,95,52,7
0.6986115597087325,96,97,42,4
2.8230436302128634,98,99,57,6
0.1880460936516835,98,99,59,6
0.5230022020555598,98,99,55,0
4.6318366682064278,96,97,50,2
0.4882705560998700,98,98,53,0
3.3836819431203491,96,97,46,4
2.6742404120150298,100,101,47,1
3.8497931786749717,96,96,60,0
2.6196931174937048,96,96,54,4
2.9206707076592302,100,101,59,5
5.4092351500298550,96,96,53,3
2.0145522169896268,98,99,51,6
4.9021610475068593,96,97,38,4
3.9873367544529690,94,95,54,7
4.8255610321068163,96,96,59,3
2.5949096439086152,96,97,46,0
2.0833990314094208,96,97,50,4
0.5789082044772060,100,101,55,7
3.7947332392200193,96,97,45,7
0.9246832867608437,100,101,48,0
4.5455518775742201,98,99,51,0
4.8845687284826589,96,97,58,2
3.2563705185294221,98,98,53,2
1.0120558836224183,100,101,53,5
5.2950923575566735,98,99,56,7
3.6860124213850747,92,92,37,7
5.2906577221843847,98,99,44,7
2.5434292969908232,98,99,53,4
1.6294234707654494,100,101,53,5
4.2283436078189327,98,99,52,7
0.6185847922637422,98,99,50,7
3.9080435660237569,100,101,58,4
0.4577956262138785,96,97,47,1
4.4003787637022898,98,99,47,2
1.6769346773230405,94,95,46,3
5.0258449381355721,98,99,43,6
3.4030179208495306,98,99,52,1
6.2240639911572204,100,101,42,2
2.6139684589358980,100,101,48,2
3.5742930758404885,100,100,54,6
4.5917248017378505,96,97,46,6
0.9062363247936424,98,99,53,0
0.3318450176636377,98,99,46,3
5.7512469811468607,100,100,56,0
5.2060368513324056,98,99,43,0
2.8086023596522613,100,101,55,3
1.8931286388862381,96,97,46,6
2.3281604528417001,98,99,40,7
4.9632867726611254,100,101,51,1
1.5382212921185781,96,97,45,7
1.5445110015010224,98,99,48,7
5.9762718954323173,96,97,49,7
3.7891482005489716,98,99,50,7
3.9301384444825538,96,97,44,0
3.9432072921262113,98,99,58,5
1.3951272757266584,98,99,38,3
4.0566960280007542,98,98,37,0
4.3820281664655338,98,99,53,2
0.7976544785383561,96,96,33,3
1.8074600581090208,100,101,48,6
4.3296212804246634,98,99,57,2
4.4663591823440516,98,99,60,3
5.1122913571299717,100,100,54,0
4.5998523473498913,96,97,52,4
1.8050993501477466,100,101,52,0
1.8098962874292142,98,98,51,6
5.6660674919260705,98,99,56,5
6.0776651481285073,98,99,53,4
2.8913567137800786,98,98,52,3
5.4203806257921290,98,99,52,1
2.0225642299369930,98,99,48,3
1.3873934841992246,100,100,66,0
4.7268036303835936,98,98,50,1
0.1450938714114329,98,99,52,1
3.9211603438833786,94,94,55,6
0.2500150723996492,96,97,49,1
3.7909408394399495,98,99,58,1
3.6386644097534693,98,98,54,3
1.0815767863230243,100,101,39,7
1.0701173497496568,96,96,37,1
4.6201987958939190,98,99,50,3
3.6762117179840703,94,95,47,4
5.5150575183347481,96,96,43,5
2.5588096852724713,96,96,48,4
3.5810056695012418,98,99,59,0
0.8452692598844675,100,100,51,1
2.5965658302068171,98,99,59,4
5.5366438254788175,96,96,52,2
5.7302528668346850,98,98,50,7
1.1079832636118505,96,96,52,4
1.2337320637845715,96,96,46,0
4.0416368037318913,104,105,58,2
2.5409940971678502,100,101,56,2
4.7077986831152314,100,101,47,3
4.1391278938205591,94,94,49,4
0.0704744868636563,98,99,46,1
2.0420133316580249,98,99,50,5
1.9117673080783941,96,97,53,7
6.0624578239967599,100,101,57,1
3.8050518728596097,96,97,52,2
3.9838628972728598,98,98,47,2
1.5913306249716950,100,100,51,3
2.0367819959379889,98,98,49,0
3.3113806617045212,100,100,48,4
3.3774371246840436,98,98,56,7
5.2520866263147994,98,99,59,4
3.0409384584223753,98,99,56,7
4.0975477953661468,98,98,57,4
5.8200687920077483,96,96,45,1
1.0748392061491556,98,98,50,3
4.9754417233924730,94,94,55,0
4.3212165039057879,100,100,53,1
0.9981573503214018,98,99,52,5
5.7765845440457060,98,99,41,4
2.0155555249106025,96,96,45,7
0.9971384996409621,98,98,48,7
2.1847633906681976,96,97,51,5
1.5420065267407796,98,99,40,5
1.4759922417513298,100,100,51,7
4.2630878634816973,96,97,55,1
0.2170688961259817,98,99,52,5
3.3349339202965660,94,95,44,5
1.7439414037372953,96,97,52,2
5.0303172750649718,98,99,48,3
1.5585528675733042,96,97,53,7
2.9961335513924952,96,97,54,2
1.9191061907816271,98,99,49,6
1.3741450248303737,98,98,43,6
4.7165517115266598,98,98,41,4
2.8511141686116286,98,98,42,5
5.3674440146358240,96,96,53,1
4.8266464921987859,100,100,53,7
1.3889509856685920,98,99,53,6
3.8514766933743085,98,99,44,3
4.3600659329810796,96,96,50,6
4.2642742672794300,94,95,52,3
1.7215775797467117,98,99,50,5
1.5836931014178812,98,99,51,6
1.1416123359259525,94,94,54,7
3.3865967456353743,96,96,51,3
2.6616402294377632,98,98,44,1
4.1409308715888393,96,97,47,7
6.1445565215625342,98,99,65,2
3.1828848571721498,98,99,60,7
2.3207956716457288,98,99,47,0
0.6561787911847728,100,100,43,7
3.3003385751445697,98,99,41,0
0.9377950559547950,98,99,51,2
4.0763707524595922,96,96,42,6
5.4812250693554114,98,98,55,0
5.9014903645219645,98,98,50,5
6.2257870991285920,98,98,53,2
1.7000400204516490,100,101,52,4
3.3286260769978275,98,99,49,2
1.7984528933842183,98,99,58,5
1.7960721718361659,98,99,48,7
3.1201998411635734,96,97,50,4
3.3915726926887837,98,99,53,6
5.6322374466112333,98,99,48,7
4.5427882299997719,98,98,52,3
4.0796266404997565,96,96,54,6
1.8588398509013908,98,99,47,2
3.1212692682460652,92,92,53,7
1.8918106811985982,100,101,41,7
5.3492075899847737,98,98,48,1
5.8605802767031818,100,100,48,4
4.4514123820777751,98,99,53,4
1.9034373976136771,98,99,48,7
0.1220253667729839,98,99,51,2
1.4282318728784826,94,94,50,5
0.3025905477062649,100,101,53,5
3.3199079541625984,98,99,57,6
5.5375809443268063,98,98,48,3
2.1925569112025896,100,101,54,2
2.9898290993222729,98,99,52,5
0.9760059142307440,98,98,51,4
0.5851731631316268,90,91,48,3
5.0602205778548708,98,99,56,7
3.8096321304162242,98,98,43,4
4.0027240208074248,98,98,53,2
3.5365604025137714,102,103,59,6
2.6403258178476245,100,100,45,5
2.6466689267101935,94,95,48,5
0.5429603732863694,96,97,55,7
4.1848149495940490,94,95,47,4
1.4387964618831279,96,96,48,2
5.1713885516716074,94,94,50,7
4.5606388690451185,98,98,55,0
2.3566371647357247,96,96,44,2
4.2668962827146881,94,95,49,6
2.3502514910182803,98,99,49,6
2.0667471995410311,100,100,43,5
3.0824830713460951,96,96,50,4
5.0650809274416551,96,97,52,2
6.0938326411552142,98,99,54,5
3.4216666501187682,98,99,58,5
3.4988473875837194,98,98,45,4
0.3228436195144484,96,97,53,7
1.0628022639589252,100,101,59,7
3.4221938117624773,98,98,40,5
3.5185321853610350,94,94,47,0
5.8144729704618294,98,98,55,2
1.9191962787951464,96,97,53,3
3.8020787493351142,100,101,44,6
5.2190362324556085,98,98,47,4
6.0514556777441371,96,96,54,4
0.3148945357110303,98,98,53,2
1.7776557533367905,100,101,52,2
2.9113829034550078,98,99,47,0
1.0652708433397795,98,99,58,5
1.7658379194256857,88,89,43,3
0.3865683626827633,100,101,56,6
4.4222105243464798,100,101,54,0
1.1112438042186250,100,100,44,4
5.1344814635542013,100,100,47,7
6.1825324805982049,98,99,45,0
1.0286311129356929,98,99,61,2
5.5529832454940795,100,101,52,2
0.3865040471321379,98,99,58,5
3.1221466337188937,94,95,49,6
6.0401875504929965,98,98,48,7
4.1395883631417520,98,98,54,5
2.2404972618080952,98,99,43,0
5.8024031956909967,100,101,54,2
0.6857135801084462,96,96,54,0
3.4489450501985757,98,98,56,7
6.1121617265132882,96,97,44,2
1.0965695299112681,96,96,53,7
0.9452679661350960,96,97,49,1
0.1434872378493016,98,99,54,5
1.1502247227010940,98,98,48,7
5.8597582035069600,94,94,48,7
5.6467827588725239,98,98,48,7
3.1553513132124857,92,93,51,5
0.4899344118173104,96,96,46,2
5.1121868641459418,100,101,53,3
2.6107761018964784,98,99,57,6
1.1205568254501637,98,98,51,0
4.4796955394212326,96,97,55,3
2.4644500636470337,98,99,57,6
1.2354961023117537,96,97,56,4
0.5121022654899290,98,98,41,6
1.0929975725943495,98,99,59,2
5.7198573647649136,100,101,50,2
1.9059090417782276,98,99,41,0
2.6981462735875859,100,100,55,5
5.8064414257721149,98,98,45,4
4.0390527304260244,96,96,51,1
0.2620139695439292,98,99,56,1
2.0633514061007667,100,100,41,3
3.7183297970049343,96,97,49,3
5.2068270497679148,98,99,46,7
3.5020763528370575,96,96,47,7
1.7192541785335358,94,95,47,2
4.3566174180591464,100,101,50,2
5.4426474650992809,100,101,45,7
5.8259787110825769,100,100,55,5
1.1194444444033762,96,96,51,3
3.8052695932557175,100,101,60,2
2.2910710126155234,100,101,61,1
2.9685488185935354,96,97,45,7
4.8921941560082720,100,100,54,4
2.9581797876031457,100,101,49,5
1.6923428259163411,96,97,46,6
2.5846341551788163,98,99,52,3
4.3857564237575115,96,97,54,6
3.8087688309456844,98,98,46,1
4.3884050107585555,98,98,47,6
5.1811397760795392,94,94,52,1
4.5600768235888660,98,98,56,5
2.8255821471951084,98,99,46,3
3.3267791374445479,98,98,51,0
0.0915821188615649,98,99,47,2
6.1015722703408084,96,97,46,6
3.9733214949523008,98,99,45,4
3.4269974337799907,100,101,47,1
3.8850631236106103,100,100,44,4
1.0971180118553716,98,99,56,7
4.0260377172669930,96,97,54,0
0.1160203132111539,100,101,50,4
5.7317019232906743,92,93,53,1
0.6455899789283235,100,101,55,3
2.1406989784915438,92,93,50,4
6.0294678001476969,96,97,52,6
4.3890016789532122,98,99,51,4
5.5209266475248233,96,96,51,7
5.2838927550239898,98,99,49,2
2.6749015695237759,100,100,44,4
5.1490268247384217,96,97,45,5
0.6872476321701950,98,99,52,7
1.4624353934569405,98,99,56,3
5.3817040808414029,100,101,49,1
1.4492130521957178,96,96,50,6
5.7495193712504591,98,99,47,6
6.1527555091358170,98,98,52,1
5.1464383403830913,96,97,48,4
3.9473027669587273,94,94,52,3
5.7401986316992604,98,99,51,4
1.8835312184569459,94,95,48,3
4.7051072425373386,100,100,44,6
6.0195635865798947,94,95,51,0
0.5100050068548000,98,99,50,7
4.3938780920894613,98,99,48,3
1.0621855399418365,100,101,57,3
1.0090252512142324,96,97,52,0
4.8627886628348804,96,97,55,1
3.1070837625092551,100,101,52,0
4.3677354196144398,98,98,45,6
2.4838763549153113,96,97,42,2
3.3517308902967233,98,99,56,1
3.8316864718604138,96,96,47,5
6.1088936932702884,100,100,44,0
3.5923323407231340,98,98,56,3
4.4687335962138102,100,100,43,3
4.4092441806084768,100,101,55,1
0.1597872371353508,98,98,50,5
3.2659861411679061,98,99,52,3
5.5810682058689896,100,101,52,6
6.1292110499511443,98,99,46,3
5.1022742283076763,96,97,44,6
1.1183485463539622,98,99,49,0
1.7896121817891946,100,101,49,1
5.2529238442101764,98,99,48,3
5.5788778524177278,96,96,49,3
5.5536084790649740,100,100,49,1
3.8171269197643087,96,96,51,5
0.3799840180988330,98,99,48,1
1.3345840286624946,100,101,52,0
0.1313882848301074,100,101,48,4
2.3739107893788205,98,99,51,0
1.2112200709632270,96,97,50,6
0.9494491528050238,98,99,64,7
0.2511724352417279,100,101,49,1
2.4718222844122191,98,99,55,0
0.5942676584097657,98,99,53,4
4.3999608856575838,100,101,49,5
2.4775004498372835,96,96,48,2
0.6702662010085977,100,100,52,4
3.3857363240108129,98,99,50,7
5.6247329206008523,94,95,36,1
5.1148431958202796,98,99,54,3
2.6016098373962526,96,97,57,5
2.3350612422415842,98,99,55,2
5.5399554755584655,100,101,60,2
3.0082565997744850,98,98,52,5
4.9640225825514639,98,99,49,2
2.5455397680780694,98,98,56,3
6.0059807329483812,94,95,53,4
5.3096163394763973,98,99,43,6
0.2034797907040382,96,97,51,3
2.5376715012472921,90,91,43,2
5.0261151968548203,98,99,40,1
3.2818899198349092,98,98,45,4
5.4632735607336640,98,98,53,4
5.1897926944781858,94,95,48,5
5.1511028255751006,96,97,50,6
2.8144760696881921,96,96,53,3
5.1941347035061831,94,95,40,3
1.6730049443478945,98,99,53,4
2.3316585289727931,98,98,50,5
2.4163094542135362,96,96,58,0
0.2179580888110340,98,98,51,0
6.1875693134430980,96,97,46,2
3.1421040197185151,100,100,47,5
4.1871111936522265,100,101,51,7
0.3870275983511877,98,99,43,4
1.6269732446155885,102,103,61,2
4.1834588141565181,96,97,53,3
5.0251709714792421,94,95,49,0
1.4973538560418982,100,101,42,6
4.7021384077224866,94,95,56,7
1.7051100162287982,96,97,46,0
0.9837816688691385,98,99,50,1
5.7569347480928359,96,97,50,6
4.2873360705207633,96,97,48,6
2.9115436075496759,100,101,54,2
5.5752447266546605,98,99,58,7
1.2960533078013792,98,99,60,3
2.4227485091614391,100,101,36,6
0.2211337310839514,94,95,50,1
4.1521256317776247,96,96,43,5
1.5337979340619996,98,99,53,2
2.1806168803327783,100,100,54,0
4.4091471659709853,98,99,48,1
4.9401143207353542,100,100,43,7
2.9744996825877532,96,96,51,5
5.8947536720282061,98,98,45,4
4.3275522403583455,98,99,54,5
0.1504704945182986,100,100,47,1
4.9968092403415785,100,101,49,7
6.1075620741849059,94,95,37,4
6.0030330736868418,96,96,44,4
4.3431449961983812,98,98,48,3
1.8064828703692979,98,98,53,2
1.5446319237461823,100,101,54,0
5.6700752203032350,94,94,42,5
3.2014005185283616,98,98,48,3
5.8539864369011259,100,101,43,7
6.0430526624691261,96,97,45,5
5.4421955594153095,96,97,44,4
0.5332490645050733,96,97,60,6
2.2723992545630787,94,95,47,2
3.0136809229602322,98,98,50,3
5.1792661460566691,100,100,53,3
3.5613245621516749,98,99,48,7
1.2757767996551952,98,99,53,6
5.1067442678184118,98,99,46,7
6.1177985897785483,100,101,49,7
2.0406774543215431,96,97,50,2
3.3731606113246744,100,101,46,4
4.4360910495274739,100,101,49,3
1.3911011014612253,100,101,46,4
3.9756327997170735,96,97,43,1
2.3570528258556624,98,99,54,3
3.7759992397185584,98,99,47,4
2.7321024401561584,98,99,54,3
5.9372606307125766,98,99,47,4
4.8098348124104140,96,96,47,7
2.5172553830236981,94,95,60,3
1.3675739776822580,100,100,50,2
0.8769828062920852,98,98,50,3
4.4973083095573374,100,100,52,6
3.5861886941180567,98,99,48,3
1.2699310004303357,98,99,47,6
0.6230340082726448,96,96,48,4
4.0785327051861939,98,99,47,0
0.1982211229196844,96,97,54,4
2.0268129529203418,98,99,45,4
3.3813157461339283,96,97,54,2
3.4706544975100200,98,99,49,6
3.1260121761174942,98,99,45,2
4.2557714656108310,100,101,52,0
4.2421815319834764,98,99,48,1
3.3733618419966303,100,101,40,4
0.4991400398234289,96,97,56,2
3.5586694770991483,98,99,50,1
0.1711721991228937,98,98,47,0
4.2465322254775879,98,98,51,4
5.7107594901135164,94,94,46,5
4.6349406681368022,100,101,51,7
2.7440083458808537,98,98,47,4
0.0934793271397464,96,97,49,3
4.6401624032349176,100,101,45,1
5.7416557748113775,98,99,57,0
3.4635250929003667,100,101,39,3
0.1060419207041187,98,98,52,7
4.3200469241647097,96,97,46,0
2.6324390577230954,100,100,47,1
1.9001329956238020,98,99,58,3
5.3578961367832054,98,98,59,2
0.4754971161330369,94,95,45,0
4.4698011922385135,96,97,43,3
2.8978279795554807,100,101,51,3
3.9277311785935489,98,99,53,0
3.5737426404169081,98,99,51,2
4.4018023633684589,98,99,51,6
2.5115615851790785,100,101,54,0
2.6357032036225654,96,97,46,0
1.6520385377298736,100,101,45,5
2.0543030543833773,98,98,51,2
5.0489656491875712,98,99,58,3
2.3460329612244997,98,98,48,1
1.7365570529406100,98,98,46,7
4.6408413757060991,96,97,47,5
5.7528948840403524,96,97,54,6
0.9713664891650351,96,97,57,7
2.1919304210014703,98,99,64,7
0.7099495188727237,96,97,46,2
3.5312531410585772,98,98,49,0
3.9429324104760091,96,96,52,4
3.1906177451738391,96,97,49,5
0.2709150816183344,98,98,52,1
2.1396643539541831,100,100,52,6
5.4385265689441900,100,101,52,0
1.5509404750077125,98,98,52,1
5.6631610067469484,100,101,50,2
2.3305413221605051,100,101,45,3
4.8734085472124766,98,99,48,7
2.7611797363413584,98,99,52,1
0.7009524387958528,96,97,44,6
1.3722192413264938,100,100,54,6
2.2023174604723299,100,101,46,0
3.5751597983259420,100,101,54,0
2.8463840884519565,100,100,45,5
3.5898118664751917,96,97,53,5
3.8861398054146243,96,96,51,3
5.7658594577201221,96,97,49,3
2.6256900893553983,98,99,63,2
5.1177191609988233,98,98,54,7
2.9036381955567321,98,99,52,5
1.5770459300967177,98,98,45,6
3.5949016392397737,98,98,47,0
4.7430852863972479,98,98,48,3
1.8950718172801013,100,101,56,0
3.3971053148630794,96,97,47,3
4.4565064946899033,92,92,51,1
1.3876544199821426,98,98,46,5
0.7758273815229257,96,97,55,5
5.9128150476694321,98,98,50,3
5.5670987245495569,96,97,49,7
5.0999072030830153,98,98,47,2
1.0172872297418427,96,97,43,3
4.6103549573916043,98,98,50,5
0.0757368989844602,100,101,54,0
5.8583272984279038,100,100,58,2
2.9952409424768485,100,101,53,3
0.7629165441284028,98,99,49,0
0.3814753829459283,98,99,52,3
2.3946043945995270,98,99,49,4
2.9789209995974320,100,100,44,2
5.8112229397992730,98,99,45,2
3.7363280622639854,98,99,55,4
3.8811710373290449,98,99,48,5
2.1852516169901453,98,98,46,3
0.7710498469232933,100,101,56,4
5.4722194777674433,100,101,52,6
2.4524354443722758,96,97,46,4
1.2730140733753754,100,101,46,2
4.7154101122234300,98,99,55,4
4.9740433762855742,100,100,49,5
2.0997970259146386,96,96,48,0
0.3508922262537482,98,99,49,6
3.9148685639336267,98,99,47,2
5.2114780025476000,100,101,44,2
2.9225517339870017,98,98,55,4
3.8068537871205379,100,101,60,2
5.9610920817068607,98,98,51,2
1.9265196971533827,96,96,54,0
0.7499933585566667,98,98,50,1
4.9752870535126403,96,97,51,3
2.1332328472168212,96,97,44,4
2.6579323608734060,96,97,49,1
3.4128020963562542,96,97,52,4
3.0310529897864562,98,99,49,0
2.0032368024764073,98,99,50,1
3.6339634967373056,96,97,45,3
1.3125545712162974,96,97,53,7
1.2703627891424469,94,94,54,5
6.2268335439716038,100,101,45,5
6.0444100361913140,98,98,55,6
1.1518889008171944,98,98,46,1
4.6855628510606859,96,97,47,3
0.9274679332433660,96,97,49,3
5.1859608680262399,98,99,52,3
5.7345151766350186,98,99,46,5
3.8460678885426236,100,101,53,5
2.7704148165152063,96,97,61,3
2.1213791051282724,96,97,51,1
3.4217123272059045,98,98,56,3
2.8760263455964332,98,99,50,3
4.4253632704849855,94,95,56,1
3.0857709217030043,98,99,58,5
4.5184200800054430,98,99,52,5
5.0561374077347958,98,99,53,6
5.4678606534375209,98,98,44,7
4.1342571413703144,100,101,41,1
0.7872731569642160,100,101,50,6
5.7423171638364527,96,96,37,1
2.1460159374537158,96,97,60,2
0.4583918591256985,94,94,52,7
1.6935362301237700,100,100,55,7
2.9378852220048324,98,99,52,1
2.5653183402548740,100,100,52,0
4.5333560254949381,96,97,46,2
6.2369947295610082,96,97,46,0
5.7285830259903010,98,99,52,7
2.7129794311644320,96,97,56,2
3.9029406086766176,94,95,45,4
4.8199338490795576,94,95,49,4
3.2376356388196692,98,98,42,1
0.4467867016015503,98,99,51,2
1.2384345305321172,98,99,47,6
2.3148930686885794,96,97,54,6
4.7474806719329381,98,99,50,5
1.5212575140695066,98,98,51,0
1.9392457932122102,98,99,60,1
1.5426735412535413,96,96,54,2
5.1772638740495482,98,99,51,2
4.5114951346387206,100,101,52,6
4.8120124361826644,94,95,51,6
0.9583581442650200,100,101,44,4
0.5239047926101262,100,101,46,4
1.8180335722304575,96,96,61,5
3.7895270178978668,98,99,54,5
0.6453904395261331,98,99,46,7
5.2450665879145077,98,99,60,3
1.5743154761266336,98,99,53,2
4.1417939698647448,96,97,54,0
3.3470937247218129,94,95,46,7
4.0107331730887044,94,95,55,0
0.9884117911208601,98,98,47,6
0.1495827838785760,98,98,48,5
0.2827423160459058,98,98,55,2
4.8006291277992350,98,99,48,3
1.2962502672553540,96,97,44,2
0.2734062470694254,94,95,54,1
1.0095443831763327,96,96,51,5
3.4330520818794077,100,101,41,7
4.8986599092167848,94,94,49,4
4.1323180667675627,98,99,59,4
1.7394263583867235,98,99,51,0
6.2819205738006971,98,98,54,1
1.4000208283511177,98,99,51,0
0.2725691863529289,100,100,49,7
2.3349085429490999,100,101,59,3
4.5348889815714317,100,101,52,2
5.0068401233267492,90,91,41,2
5.0936313385486862,96,97,50,4
6.2597698421142507,100,101,58,2
2.5443844798917485,100,101,52,0
6.1724089350175673,96,97,42,4
0.3585658937649973,102,103,49,6
4.3572675174400795,98,98,52,5
4.2296780719153428,96,96,50,0
2.4845746814100655,98,98,48,5
4.7411767243464649,100,101,48,4
1.6972961318502475,98,99,46,7
0.6926037163903646,98,98,51,4
1.2419659598259081,96,96,48,6
5.6856406503351753,98,99,41,6
5.1632394470797447,92,92,48,0
2.2742451252619014,100,100,56,0
3.5666144931356012,98,99,54,5
5.0916500901668869,96,97,45,7
2.3037515127431352,96,97,44,2
2.1291066766507085,100,100,57,5
4.7477700584557079,98,99,48,5
5.9890968986264088,98,99,40,1
5.3248835759668953,96,96,39,1
5.3113010449667755,98,98,47,2
2.4928339987141754,96,96,53,3
4.1111404766634729,100,101,55,1
0.1775536192705850,100,100,49,5
6.2644287562655459,98,98,57,4
6.1831930221316709,100,101,46,4
5.4957701568767359,98,99,50,5
6.2420583026412837,98,98,46,5
0.5348589152693717,94,94,54,5
2.1113291795746059,98,99,50,7
3.9189398606380164,96,97,44,0
5.8407856943355654,98,99,49,6
2.3471234982154909,98,98,60,5
1.7327550978203088,98,99,54,7
5.2214657813804370,96,97,49,7
5.9410885379261877,98,99,54,3
5.3772473374077787,98,99,48,5
1.4802439729865642,98,99,41,0
1.0076501406992828,92,92,50,0
3.8948137690282381,100,101,59,7
5.6751716526851199,98,99,47,0
0.7560242369981972,100,101,55,5
3.9130548741277922,98,99,53,4
3.0187720887216551,96,97,46,6
3.0177729311631873,100,101,50,2
3.9743357867849816,98,98,49,4
3.6624726759946880,96,96,45,7
4.4241800764342027,98,99,50,1
5.3553152488380427,98,99,46,1
0.0162428655912426,98,98,46,7
5.8767715678820336,100,100,56,2
0.4555309044849435,98,99,54,3
2.0185666011701211,98,98,52,7
5.1064231802802080,96,96,50,4
0.4131801789944169,98,98,50,3
0.5944273716851411,100,100,55,7
2.6631709277556586,98,98,49,4
1.2526730181030048,96,97,54,6
4.3838012116372438,96,96,52,2
4.1350502923145802,96,97,40,0
0.3465595332673827,98,99,58,3
1.8734349860540302,98,99,51,6
4.7296035055390124,98,99,52,3
3.8007286824850093,92,92,45,5
4.0009433242394401,98,99,43,0
1.4429539318568978,98,98,51,6
5.4985502982728844,96,96,63,5
3.4612731506492707,98,99,41,6
2.7292706355590228,100,101,51,7
0.0533015046369223,92,92,50,4
2.3663578101403018,94,95,51,2
3.5385643105218101,96,96,47,1
4.5605038562579372,98,98,49,4
5.4794343677765429,94,94,45,4
0.3254250562840182,98,99,42,1
3.1012909017685182,94,94,42,1
1.6463814550200380,100,101,50,4
0.1046784516665276,96,96,49,7
0.2709698471123126,98,99,51,4
0.6884161204126416,98,98,49,4
4.4374729770505255,98,99,50,3
3.4968035352744304,96,96,53,3
3.5024263092103416,100,101,46,4
1.7003074900824993,94,94,46,5
4.1943625019264381,98,99,55,6
0.0682213233878341,98,99,54,1
2.9829632714997572,98,98,53,0
0.1782832804183251,102,102,53,4
3.2115813877612309,98,98,49,0
6.0238191099123997,98,99,49,4
5.2746077298865686,98,99,48,5
4.8656379229365054,98,99,52,1
4.6689880752745108,100,101,53,7
2.1363701372433890,100,101,51,1
5.8805811745254646,98,99,55,6
3.0293023766113789,98,98,41,0
1.6443513075214007,100,101,59,5
3.4888650207559144,100,101,51,1
6.0319857894427509,98,99,56,7
3.0835721024715368,94,95,52,1
0.4182276355388711,100,101,39,3
5.5287645509585239,98,98,51,6
3.0994715976425371,98,99,48,5
3.1991203907891754,94,95,56,3
3.2383393954157875,100,101,64,0
0.5929044564610804,98,99,52,1
2.3872184450204967,96,96,53,1
2.0166419463024310,98,99,49,4
0.9998546528984256,98,99,52,3
5.6109930343238217,98,99,47,0
5.2275557146547982,96,97,43,7
4.6220239669569620,98,99,50,1
0.0958351261488052,100,101,51,1
5.9293173795494258,96,96,48,2
2.5227412661104518,98,99,54,5
5.6047873812943747,98,98,43,0
0.0947115652852377,98,99,54,3
4.1980874903556797,94,94,50,7
1.7252271318024603,100,101,50,4
3.6153168496131962,98,99,49,0
5.0814236518281399,96,97,44,4
3.4418237047044555,98,98,52,5
1.6378941320331453,94,95,50,1
3.5284675740705094,100,101,54,4
3.9199257014203592,98,99,52,1
5.5134440884246523,100,101,49,3
5.3474236790028566,98,99,38,5
0.5094415475336045,92,93,45,1
6.0906463382878178,98,98,48,7
0.1248742359877222,98,98,42,1
3.1551182768996653,100,101,48,4
2.0487225651486867,100,100,47,5
0.9489172830577364,96,96,47,1
4.7841256678827753,98,99,46,3
0.1964414047454938,100,101,43,1
3.6914727062967638,96,96,56,2
1.2494261565259999,96,96,44,6
2.4898733680330505,102,103,49,2
1.7570311106426397,98,99,48,1
1.7584351274170547,98,98,57,4
3.4482309809286358,98,99,51,6
2.6944166083415970,98,98,38,7
5.5581503358672126,98,99,44,5
1.9566810190232702,100,100,53,1
3.6391645036294817,98,98,46,7
2.7853797242271376,98,99,45,0
5.9212783367040194,96,97,56,0
6.2422167099798820,98,99,60,5
1.0123896832324835,98,99,49,2
2.3316063084185878,96,97,38,4
3.2097226451530356,98,98,55,4
2.0531763439626030,96,97,53,3
4.4297816468721161,96,97,54,6
3.6199142349571147,100,101,52,0
2.6697369701564755,96,96,46,0
5.3605545697112449,100,101,48,6
2.8908719451579379,98,98,57,6
4.1485243263997615,98,99,53,2
5.9436972706923701,100,101,52,2
3.9415278493895536,100,100,36,0
6.1367966669355036,98,99,51,6
4.3557775008084656,96,97,42,4
0.8161767348754646,98,98,51,2
0.7651426928304091,100,101,47,3
3.2042643835483879,98,98,53,0
0.3307727969632021,98,99,55,2
2.0910978386918671,98,98,44,1
5.5923039507726093,98,98,45,4
0.9890746251556803,98,99,50,7
1.4623841274608267,98,99,51,4
5.6330171081159985,100,100,56,6
1.6943004141175031,100,101,48,2
4.9030329389370051,104,105,47,3
2.8312911076800789,98,99,54,3
1.9997680561486562,100,101,53,5
5.4713244309670257,98,99,39,0
4.6489124059564375,98,99,49,2
2.5149983215121776,96,97,50,0
5.3784760622673913,98,99,49,0
3.2555024455964645,100,101,54,0
0.1603117260896594,96,97,62,0
0.9800471171553458,98,98,52,1
3.9492512293966198,98,99,55,6
2.7473822305480380,100,101,55,5
4.5445450977465942,96,97,50,4
2.7312132205060049,98,99,53,4
5.4223668858325684,98,99,61,2
4.7013979769845102,98,99,51,6
0.7457073109986206,96,96,46,4
4.8912492385553783,98,99,47,4
4.0729767661538716,100,100,64,2
2.0441587887855408,94,95,50,7
0.2627031996275155,96,97,50,0
2.6932960759536937,100,101,51,1
4.3737582464531277,98,98,53,4
0.4915954910271380,102,102,55,4
3.6043205303368056,98,98,42,7
2.0539765048859882,98,98,52,7
4.8925461649850028,98,98,57,2
1.6680476742444754,100,101,52,4
0.7206904219205835,98,99,51,4
4.8185474296686488,96,96,41,3
1.5688397322630860,96,96,47,5
2.2024100045161590,98,99,58,7
3.3311449705068630,98,99,46,3
0.9342342528280694,96,97,55,1
4.2998637793254044,98,99,48,5
0.5693531813714460,98,98,42,1
4.4773912245403578,100,101,44,6
0.6594195071133648,96,96,52,6
5.5036963565408001,100,101,64,2
3.8644889966194893,92,93,45,5
4.1539680568261774,98,99,60,7
0.2218137984380517,98,99,58,3
2.7899247880716209,100,100,52,4
2.1083988898576194,98,99,53,6
3.3473265468654430,102,102,64,1
3.2362218443347577,98,99,49,2
5.5978768312075893,98,99,55,4
1.6466632090431792,96,97,54,2
6.2047847780615362,98,99,49,4
0.0666798997296935,98,99,42,1
4.9105654459658377,98,98,55,0
4.6459414161560941,98,98,44,3
5.8129626284917952,92,93,36,0
5.5374414619245282,100,100,60,2
4.4707733735615243,98,99,59,6
4.6950441774156078,98,98,46,1
3.5403880694670176,98,99,47,6
3.6974758657690856,98,98,54,7
5.5335534264530972,100,101,53,3
5.4215714774118586,96,96,47,7
2.6794838845770470,96,97,52,4
3.8152911174724284,98,99,53,2
0.7216806055278795,98,99,48,3
2.5925457559421208,96,96,51,7
3.6909267087380324,98,98,46,7
3.1081708923489493,96,96,53,7
3.5889971122285727,98,99,47,0
3.9068374294325761,100,101,48,0
4.8068967162995877,98,99,41,0
5.5098522895478679,100,101,52,4
4.8712718898405800,98,99,52,3
3.9613433713115569,96,97,50,6
5.1341620805102490,98,98,51,6
2.5899283756871383,96,97,50,0
2.9367996531741789,98,99,54,7
3.5025658628662995,98,98,57,6
1.0689959812022991,104,105,56,2
0.0300695515250027,98,99,56,3
0.1776199766678143,98,99,45,6
0.5889335080477752,100,100,57,5
5.8550385941587928,96,97,50,6
3.9327005897820153,98,99,47,6
2.1730305315285419,100,100,65,3
4.5970080274063241,96,97,54,0
4.3733508950410860,100,101,47,1
1.5996654635476006,98,99,45,4
1.9132145957893965,98,99,55,6
2.4724831997482712,102,102,48,3
0.7850054236172354,100,100,57,1
1.9250073162289449,96,96,45,7
0.0304670460851777,98,99,52,5
3.1252787312927102,98,99,52,5
3.0194424368643480,100,100,51,7
2.4268639653518207,96,97,55,5
1.7489531255249910,102,103,57,2
0.1392277312514275,98,98,55,4
4.3198794094465391,98,99,46,5
4.2747220096229901,98,99,53,4
5.1971773157852637,100,101,53,1
3.6241441726429131,98,98,41,2
3.9745416707918073,98,98,43,2
0.6433876649018049,96,96,49,3
4.8723882044507834,96,97,59,7
4.4794105494181178,96,96,43,5
5.9384745576402906,94,95,48,5
5.5699419920098858,98,99,49,2
5.8014600460118606,98,98,44,1
0.2435278714150583,100,101,42,6
3.9872858039125960,94,94,57,0
1.7276519895397970,96,97,43,7
2.0814045771810044,98,98,58,5
0.8469761359584731,100,100,45,5
4.4630301777515760,96,97,36,6
1.9535129231124910,100,101,53,5
4.5932905519056968,98,99,50,7
0.2550105351715885,94,94,48,5
4.6204783507045075,98,99,49,6
4.7097950136147952,98,98,51,4
3.2287682804827509,100,101,55,3
3.2047940550260803,98,99,61,6
0.7000254415777640,98,99,52,7
0.4567482843679271,98,99,45,2
1.7820957519794201,96,97,46,6
0.3436363694857781,98,99,50,3
3.6284234452563080,96,96,60,2
1.1234667115501251,100,100,55,5
2.5161644560398728,98,99,46,1
5.1252262523188978,96,97,52,0
3.6813336784552937,96,97,46,0
4.2638629784315665,94,94,46,7
5.8616314184908633,100,101,49,7
3.3114689619701370,96,97,45,1
0.9400817032470330,98,99,55,0
3.4914674219505839,100,100,57,1
5.2199895402056535,96,97,52,2
3.8768591190903252,100,101,45,3
3.1352662909168201,94,94,48,3
4.2237886526200343,98,98,46,7
3.3614253485829249,94,95,49,0
1.8467338183705388,98,98,48,5
4.3541795097815248,98,98,51,0
3.7828545408857979,100,101,55,3
5.9191139551122172,96,97,56,4
1.9516017785903554,98,99,61,0
2.5365720281636830,96,97,44,0
4.6337963505210560,98,99,50,7
3.0488495025151945,98,99,50,3
5.7898309261247647,98,99,48,3
3.6786551793757263,96,96,57,7
4.3383859190509737,98,98,45,0
5.0363520071591275,100,100,45,7
1.3166403804802631,98,98,57,0
4.0680756836209575,98,99,55,2
0.5354465748210140,96,97,47,7
1.3809342424815241,96,97,44,6
5.8791508897989919,98,99,49,2
1.3033208070212321,94,94,56,3
5.6024571869776905,98,99,46,1
5.6844626245022276,98,99,44,1
3.4917385261490215,98,99,46,1
4.1952154755301185,98,99,52,7
5.8116752790777833,98,98,44,3
4.6095240018209029,98,98,42,7
2.1574652709500191,96,96,50,6
4.5772748362838671,98,98,51,2
4.9905431767856987,98,99,61,6
4.3050083834656920,98,99,57,4
2.4649930378344163,94,95,44,5
5.7616552782950379,98,99,51,0
2.5111261983113642,96,97,53,1
5.7286358835978310,98,99,54,7
4.0749428336967579,96,97,54,2
4.7888363965492973,98,98,56,1
2.2997701457912574,100,101,57,1
2.6620594595555045,98,98,49,6
3.8240428524646410,98,99,52,3
4.5153154428017581,98,99,43,4
0.4950667508920999,98,98,48,5
2.7828844117065001,98,99,44,3
2.1607276988822379,98,99,50,5
0.9500749800882624,98,98,49,2
2.6100416109432505,96,97,50,4
3.4302419574054315,98,98,44,3
3.6962407540808964,96,97,63,5
1.3500524380657122,98,99,53,4
5.8607652268732071,96,96,52,6
1.7398084959463949,98,98,46,1
4.5465560036677433,98,98,45,4
5.5085392433239617,98,99,59,2
5.0616347456102702,98,99,49,0
4.3859305409836260,94,94,41,2
1.6155647515362856,96,97,47,1
1.6802369444620158,96,96,43,3
3.0793960497863164,96,97,48,6
3.8620923701037295,96,97,49,5
0.3930668578458238,100,101,53,7
3.3969486906576551,98,99,52,7
6.1677509300953925,100,101,54,2
1.4018994865083065,96,97,49,1
4.1453218847840674,98,98,49,0
4.9207331222445179,94,95,42,5
1.5742564330232314,100,101,49,7
3.5808304706591580,96,97,39,1
0.9039863846828988,98,99,54,5
0.7416691918505538,98,99,56,5
0.4688263129757316,94,94,47,4
3.6426672891971110,98,99,59,4
2.2425285563597352,96,96,57,5
5.2452436698585823,98,98,54,3
1.3199671310342125,98,99,50,3
4.1688419287643246,98,98,56,5
0.6928561444113392,98,99,45,2
4.3302399586079625,98,99,51,0
1.0232824300070491,98,98,44,3
0.5203182175226964,98,98,46,7
3.5150071594634942,100,101,44,2
2.9725293566818216,100,100,51,5
3.4006280961773063,98,98,50,3
1.1579077973946663,98,99,47,4
4.5544778059297384,98,99,52,3
4.6517454954319941,98,99,55,4
4.5704932878086124,96,97,54,4
2.1386734781811803,98,99,51,2
4.4404363515709688,96,97,50,6
2.9293856047474831,100,101,45,1
1.7858471589385450,96,97,51,3
0.7586608137738253,96,97,55,1
0.3457193751510328,98,99,45,4
3.3684446686387881,98,99,59,2
2.8337279957004977,100,101,52,6
3.6237813203038760,96,96,54,6
3.8158803815128191,98,99,50,7
4.5011387647181422,96,97,57,5
4.4645631223004649,98,99,55,6
1.8010669237645580,100,101,59,5
5.7465194626510225,92,93,37,5
3.4132487423668416,98,99,52,5
2.4223290421762336,98,99,54,1
4.2263396504133688,98,99,48,7
0.9050662201364829,96,97,45,5
3.6268114902435871,98,99,45,4
1.8764395047738462,98,98,58,3
4.0674199063341137,98,98,46,3
4.7367015194417581,98,99,47,0
2.4138543615596775,98,98,40,3
2.6511770467931712,98,99,61,4
6.1217894024551063,92,93,46,2
3.3961569985197277,94,94,51,0
6.2502496671439927,98,98,44,3
1.7111333364426307,96,96,40,2
2.8008369664436410,96,96,55,1
0.0179833269050369,96,97,52,0
4.7248812925237376,94,95,58,3
4.1962257871152104,98,98,53,2
0.2895242102118126,94,95,47,0
1.7988289099217689,98,99,47,2
0.3526032880623311,100,101,46,4
2.1580671246699121,98,99,55,2
1.6795501269495225,92,93,48,4
4.1048648437698398,100,100,50,4
3.6963554302853439,96,97,52,0
0.2998526487559029,98,98,47,4
5.3120414091574180,100,101,48,0
2.3440418533171474,104,105,51,5
0.4847863538508261,98,99,42,3
1.3708455950098979,96,97,43,5
4.7970858609022855,96,97,46,4
5.4587964070155994,94,94,42,1
4.4739563652767229,98,98,56,7
5.7237305048503604,100,101,45,5
3.2163441047340071,98,99,49,0
6.1551513168012475,94,94,45,4
1.0656467827752052,98,99,51,2
3.4242022413813369,96,96,52,6
5.1813928596160128,98,99,51,6
3.5876707152658485,98,99,51,6
4.6583789156779298,100,101,36,2
3.3194653375608318,100,101,53,5
3.8377166803776093,100,101,57,1
5.3581849282192326,100,100,47,1
0.7316862298304790,98,98,49,4
5.6749598575682869,96,97,57,1
0.0622491127353426,98,99,59,6
4.6738206750618883,98,99,55,6
5.9070215711533605,96,96,43,7
4.8569175549336654,98,98,44,3
3.9479336672283498,100,100,55,3
6.0399933869152260,100,100,57,5
4.5697071027149905,98,99,48,7
6.2487581727067383,100,100,51,5
0.4100901682270359,100,101,53,1
1.6160048856577880,96,97,52,2
0.2736731536255909,98,99,51,6
2.8684515311870866,98,99,54,5
4.3746554079682634,94,94,48,5
1.9409689671359418,96,97,56,6
4.2367336145297028,98,99,51,2
1.8899471678056674,96,96,52,0
4.0438155761516832,98,99,47,4
5.4393347567347492,100,101,58,2
1.2024885056072938,98,99,46,5
3.2299518797842914,96,97,46,6
4.5790701469209649,98,98,46,1
6.0454130549602567,98,99,51,6
5.0511406586308940,98,98,59,6
6.1901920711317668,98,99,53,0
3.0799255544836566,98,99,61,0
2.3116516347862461,96,97,61,1
2.8408077329984636,96,96,50,4
2.2579123366975566,94,95,55,6
3.7579872731872963,100,101,59,7
5.9610349326779941,94,95,49,4
6.0010964682045662,98,98,42,1
5.1092113507462100,96,97,53,1
6.0406622150751517,98,99,48,3
4.2103472787793663,102,103,51,6
0.5142105200319489,98,98,49,0
4.1273600366972962,98,99,57,4
2.4966509980044269,92,93,38,6
4.7468035141828286,96,96,43,3
4.7799212996751974,98,98,47,4
2.5403254281627015,98,99,52,5
0.7096394418059475,96,96,54,6
0.4956430558280913,100,101,48,2
3.0812929590997906,96,97,55,5
5.6490769743709741,98,99,59,4
4.5394969289283509,98,99,53,2
5.7008398852669613,98,98,52,3
0.4256195512664765,98,99,50,1
4.9110729309396914,98,99,52,5
2.1418638869878097,98,99,50,5
6.2806427746836375,98,99,53,4
2.3867807625546895,98,98,50,1
3.0480239939103195,98,99,47,6
1.1501285347984487,98,99,51,6
3.2873192480181030,98,99,49,6
2.9321146584247844,98,98,46,1
2.9751478747659568,98,99,52,5
4.2967967401262124,98,99,54,3
5.5162824214097554,100,100,60,6
3.0513177011234762,96,97,55,7
0.1945541699758335,100,101,53,1
5.9716296208424460,94,95,47,6
1.7178066789287085,96,97,42,4
2.9305216159977698,94,95,43,4
5.2887075110790098,96,97,48,4
5.7913079322266974,100,101,57,5
2.7035208788578120,100,100,50,2
2.0910262014088792,100,101,50,0
2.7320506497064243,98,99,50,1
5.2002687054583943,96,97,54,4
2.6847883726556891,98,99,56,3
6.1981262980946745,96,97,48,0
5.7132920527306510,98,98,48,1
3.8390583141744257,98,98,49,4
0.4601150067222447,98,99,46,7
2.0857286295484676,96,96,52,2
2.9121161103584701,102,103,52,3
0.8114565003462268,98,99,51,0
0.3754121222730534,98,99,52,7
5.5674819614349955,98,99,57,2
4.8888955909103338,96,96,48,0
2.2226439634842965,98,99,52,3
5.2052030192144221,100,101,47,3
5.0922243118181152,96,97,54,0
3.9858116122703806,96,97,48,2
5.4783653529918581,100,101,54,0
3.8446174785312692,98,98,54,7
2.0505755486598245,100,101,51,3
5.7900872879059166,100,100,39,3
2.6876136304552474,94,95,48,7
0.5388618086911048,98,99,55,4
4.1281049537398653,96,97,48,6
2.9648108891023988,100,101,53,5
1.3412253209311320,96,97,52,2
5.0041415099880338,98,98,56,3
2.2220576004095602,98,98,56,1
2.8934615466828983,98,99,56,1
5.4628179722210026,98,98,49,0
4.3260696361577935,96,96,56,2
5.2933026401240690,98,99,49,2
2.0644596091729310,98,99,50,3
3.3888864105005343,98,99,59,6
0.8583430809431277,98,99,56,3
3.2908008433121019,96,96,53,7
4.8254260694907583,98,98,55,4
5.4202089598591945,100,100,55,7
1.6977994603474624,96,96,51,3
0.6974582212621870,98,99,50,5
0.6611590936138928,98,99,51,0
4.1088829798873840,92,92,45,5
0.9853565029537984,98,98,44,5
5.7541526843428086,98,99,56,1
2.5866610225837632,96,96,48,6
5.6782139613158282,96,97,55,1
3.9347974716595591,92,92,45,1
3.5043840219204054,98,98,49,4
3.9878716437347901,96,96,46,0
1.4706460461496598,96,97,51,3
0.7554370374477736,98,98,51,6
0.6012050283081353,98,98,45,0
0.6038545681142391,98,99,54,3
2.9094954353949869,98,99,61,0
2.9314712442201665,96,97,58,6
0.5475780773838105,98,99,59,2
0.8117868248392524,100,100,56,6
2.5887347346792917,98,99,56,3
3.0645052448179482,98,98,59,2
1.7497783543864605,96,96,46,0
3.5109829393475858,96,97,41,1
5.0755139529998594,96,97,64,0
3.0004009677724861,98,99,52,1
0.5382937822841215,96,96,46,2
3.8439495930904064,98,99,46,1
4.8814091826604917,94,94,42,3
4.4981629716964573,98,99,50,7
5.8338480264402550,98,99,47,6
1.3889397529955854,96,96,49,3
4.8639849721870938,94,95,44,1
2.0822338203816639,98,98,57,6
0.6826167638753615,96,97,48,2
2.1550323435370551,100,101,56,0
4.1102047339573273,98,99,57,6
6.0547173116170825,98,99,46,7
3.2236483054603204,98,98,47,0
0.2814091985111299,100,101,54,4
1.9573592430527440,96,97,48,0
5.8583503124656291,92,93,44,0
1.4095917602841745,98,98,53,0
0.5093161378844733,96,96,49,5
1.4890976208313067,100,101,57,5
2.2408960389319756,98,99,63,4
3.9048952867440065,100,101,55,7
4.8953594631343407,100,101,54,2
3.7997971068084486,98,99,54,1
5.1588116349973534,98,99,48,3
1.4772502627184165,100,101,41,3
4.7072892711182730,100,101,65,3
2.8101689764005089,98,98,57,6
0.9273561237497299,98,99,50,7
1.6125072765420736,96,97,54,2
1.8601679470170114,98,99,53,6
0.9113373596504105,98,99,53,4
1.1308330417312882,98,98,50,3
5.9940319821889343,100,101,47,1
3.0330054143756224,100,100,50,4
3.5312645886561858,98,99,49,2
0.6675375263274880,100,100,49,5
3.8623074753820315,98,99,53,0
1.9187046988461918,96,97,53,7
4.9273670483712300,98,98,57,4
2.6913830905668998,98,99,51,6
1.3106705867550095,98,98,54,3
1.9285574123003133,98,98,57,0
2.6803830431092495,96,97,50,0
1.2281448123920171,100,101,51,3
5.7707756929057039,98,98,46,3
2.0143106582134318,100,101,53,1
2.7581717906606245,94,95,58,5
4.9678790314539523,98,99,56,5
3.6015396793920647,98,98,44,3
1.4270250681148087,98,98,54,3
0.3324288295951046,98,99,55,0
2.8378759558835367,96,96,58,6
3.6364950690550755,96,96,42,6
1.9302482926020523,96,96,55,5
2.0444162920581603,94,95,48,7
3.4615224043220936,94,95,43,4
2.9693035761039637,96,97,55,1
3.4998623073243142,96,97,49,5
5.2103885788331681,100,100,51,1
0.2505440437927362,100,100,57,5
6.0388751210571350,96,96,53,1
5.5231836469281816,98,99,42,3
4.1086194969186245,96,97,47,7
5.4567752806880376,96,97,46,4
3.2067474795612667,98,99,43,2
4.1454243526790728,94,95,47,0
5.7691257773765514,92,93,44,6
6.2132830234176177,94,95,54,7
3.1517174091942572,100,101,55,7
3.3477181847547213,100,101,43,1
0.0056272784373476,98,99,48,7
5.9596001526028095,100,101,47,7
1.0640513587430853,96,97,52,6
0.9277294661119423,98,99,57,6
3.1255967779911598,98,99,52,3
3.9686158634773294,98,99,51,2
2.8447077778276033,98,99,46,3
3.4131560863046464,94,95,38,5
0.4943680456532522,98,99,49,6
4.4866267026881150,100,100,50,0
0.4177933754046961,96,96,52,0
0.7815691722736284,98,98,54,7
5.0051951655141176,98,98,54,1
5.7955228434783370,100,101,53,1
4.4176962995030822,96,97,51,7
2.9302765824688906,98,98,46,5
4.6635458864481070,96,97,42,4
4.6331876131002296,100,101,45,7
1.4755857876173417,100,100,53,5
4.9287327403207906,94,95,48,1
2.7258934248452524,92,93,45,3
4.1632258882386841,96,97,51,5
4.7013614712748435,98,98,52,5
3.0769871180003801,100,101,57,7
2.2601243160842590,98,99,54,7
0.4736143847423904,98,98,48,5
1.2817717139290581,100,101,47,1
5.1269889053304905,98,98,45,0
4.5911076580751153,98,98,56,5
5.2566692052758830,98,98,42,7
4.4953475041639122,94,94,45,4
4.0017621455082457,98,99,53,6
6.0693974784518883,98,99,50,7
0.0576254892109967,94,94,45,4
3.3612810795622892,98,99,50,5
0.6867910380348897,96,97,53,7
4.6370243361061618,98,99,41,2
6.1148184916133275,92,93,52,0
3.3028141184696902,96,97,52,0
0.5835369001032732,100,101,47,7
6.0012537396556729,98,99,55,4
5.3329503014103485,96,96,50,2
2.7915396283393985,96,96,51,1
3.3175897466628639,98,99,63,6
3.5095659461181969,98,98,49,6
3.8884945636940533,98,99,48,5
0.2213917737247141,98,98,49,6
1.2713717538740270,98,99,46,5
4.1904362982041112,98,98,55,2
5.9789593535486105,96,97,51,1
1.5217865852417365,98,99,51,6
5.8914483070181944,96,96,46,0
1.5608076994885198,98,98,47,2
0.0088296346364713,98,99,42,7
5.7472276733102046,94,95,49,0
2.5892855136273085,100,100,54,6
3.9559627768927093,96,97,52,4
2.6421979694435378,98,98,54,7
5.0245343246120013,98,98,51,4
5.5708334349897193,98,99,41,0
4.6009862305518743,94,95,49,4
4.0005881672071046,100,100,59,5
2.0278405339498695,100,100,48,6
2.3249078926799398,94,95,47,0
3.9309455473785717,98,99,47,6
0.3438899694591631,96,97,43,5
4.1381325204132482,98,98,49,4
5.8629085423253615,94,95,50,3
3.9746480339107571,96,97,48,2
4.7270938577667350,98,98,49,0
3.1504619998306564,100,101,61,5
4.0957369967373980,98,99,56,5
5.3558649677465144,100,101,45,7
3.9170539316680268,98,99,53,0
1.3507137566697007,96,97,48,4
4.3784724500835033,98,99,52,5
1.9894938679147429,98,98,51,0
6.0833792077139952,98,98,53,4
2.0356357047889881,98,99,45,6
5.3125673537739573,100,100,45,3
5.1100769040085243,98,99,51,4
0.2995789654890987,100,101,53,7
2.1917839910351566,100,101,53,5
5.7410259015962346,98,99,57,6
5.1661573785744839,98,99,59,4
0.7549483722619990,96,96,56,6
3.7090405299645379,98,98,51,0
0.6793962498162461,100,101,61,1
5.5047067410144939,96,96,51,7
2.6933276628236436,96,97,53,1
6.2462334275647020,96,96,43,7
4.7937723100803415,98,98,46,1
4.9858898776275478,98,98,49,2
1.8818520761323698,98,98,43,0
4.6118971146921899,98,99,59,0
5.7491994879107073,98,99,49,2
3.3147207154927125,96,97,57,1
1.4263188335689234,98,99,49,6
3.4376995517977469,98,99,55,4
1.0034892256455041,98,99,58,1
0.3045914733447591,100,100,50,0
1.9500950474093521,96,96,48,6
2.7926869957423159,98,99,54,5
3.8514696354248708,98,98,58,5
5.5495685533442938,98,99,51,0
1.2484723398936182,98,99,47,2
3.7693248286946130,96,97,50,6
5.5095289396381357,96,96,41,7
2.7396656132287203,100,100,44,4
1.8842462051352520,98,99,51,6
2.1463972111254144,98,99,50,7
0.6508920618964058,100,101,57,3
5.8436210026641557,96,97,59,3
3.2252393282881280,96,97,56,4
4.4214961515706550,98,99,55,0
1.0996674392534636,100,100,52,0
2.0272098526523568,98,99,48,7
2.6230239209541319,94,94,52,3
1.6571670718954061,100,101,53,7
5.0662013061931805,98,99,42,3
3.6968884710986658,96,96,53,1
1.0693100133827655,100,101,53,3
0.4629303067034176,96,97,46,0
5.6253273922351994,96,96,47,7
0.3992186954392762,96,97,42,6
4.7930325006846095,96,96,48,2
3.3985446983636076,100,101,52,4
2.4434923831813844,98,98,47,6
4.1105204947872682,98,99,52,5
0.3212398233871106,96,96,51,7
3.8291072050453723,98,98,43,2
0.6437486140104707,96,96,59,3
3.5994715045397006,94,95,43,0
2.9666826478522066,98,99,46,5
3.3113498295699944,100,101,52,6
0.2988016931830016,96,96,46,0
2.6966163542792381,98,99,53,4
4.8031619473975686,96,97,56,0
0.4520978722091633,98,98,46,1
0.5247427738965857,96,97,48,2
4.4224711915186337,100,101,51,5
4.0059873932812966,94,95,52,7
3.2315919737616654,100,101,56,4
3.1321702196034193,98,99,49,6
5.5359573022458584,98,98,57,0
4.9116239205956234,98,98,54,3
1.5019710852359403,98,99,45,0
4.3219956379458635,96,97,49,3
2.9071360113762181,100,101,44,0
5.0798164644449750,100,101,50,2
5.3287160132652307,98,98,52,5
4.3250520590948263,100,101,48,0
3.4600347304276684,98,99,54,5
1.7022386693596896,100,100,46,0
0.9210595660451316,98,99,52,3
4.1457398335025317,96,96,50,0
4.0239793131416119,96,97,48,6
4.5010672010744486,96,97,56,2
4.7275915666278658,98,99,46,5
0.4515680745760016,98,99,46,3
5.3571202179451536,98,98,54,5
6.2346400497452379,96,96,50,6
6.1562209311914726,98,99,55,0
2.2787781694782816,98,98,50,7
5.4540056557632814,100,101,50,6
0.8858878921922932,98,99,54,1
1.1985653234409415,98,99,51,4
5.3874229481891325,98,99,53,2
1.8674423101807425,100,100,47,5
1.9548092568746678,98,98,54,1
2.4567216374270058,98,99,59,0
0.4777792438428916,98,99,50,7
2.4973657694054845,94,95,57,0
6.0271767102117533,98,98,46,5
1.6410417898785232,100,100,59,3
5.7447626100269202,96,96,53,7
4.5434732201216788,98,99,49,0
5.7318022364273773,98,99,52,3
5.1073691956019474,94,94,41,4
4.9000905558124694,98,99,52,1
1.9953488793426908,100,100,54,0
1.1379876816490533,96,97,48,0
5.5126611173030593,98,99,48,3
1.2352863503658675,98,99,55,6
0.1270380595685680,98,98,52,1
3.2716976723599358,100,101,51,7
5.2534903737789937,96,97,44,6
3.1471996955749839,96,96,43,1
0.3891828745030091,92,93,39,1
2.9879446521649262,96,96,55,3
5.7137893072150820,100,100,54,4
4.0078884397518157,94,94,49,2
3.5962186252308368,100,100,53,1
4.7150213191628021,96,96,37,3
4.9670910707863243,96,97,60,0
3.5597128375195490,100,101,58,0
4.7833414747444198,88,89,51,7
6.0047032736799748,98,99,49,2
5.0561065268317247,98,99,48,5
6.0350073738213030,98,99,49,6
0.8053298645752289,96,97,46,6
0.2976742593193840,98,99,40,1
2.4144530572870964,98,99,57,6
4.2033396797733351,98,99,47,4
2.0187438410456169,100,101,56,0
4.3260232160015191,100,101,47,7
5.5543053421508883,98,98,58,5
3.9722933415147437,96,97,45,5
1.3672894255996069,96,96,54,6
5.5838156708648867,98,99,58,7
5.2173794164394893,92,92,47,3
5.1726173220484242,100,100,53,7
2.7879345505764332,98,99,45,6
1.6164497332853678,100,101,52,0
1.8704520187747684,98,98,47,2
6.0115274890035701,94,95,40,5
2.5387030027785062,98,98,48,1
0.3489652285792933,100,101,65,3
0.8818052190194864,96,97,46,6
5.2555044214960951,94,95,45,2
3.1987016538028450,96,97,47,5
0.6195823566364594,96,96,44,2
0.3379554566806943,94,95,47,4
0.3473227903375217,98,99,50,1
4.1206401354324749,96,97,56,0
0.2744655982682554,96,96,47,5
5.9074234857928323,98,98,52,7
3.0691895432898844,98,99,51,6
3.9806164919039415,100,100,56,2
1.3328020245538090,96,97,45,7
3.0140746370519911,98,98,59,4
3.1862784012984178,100,101,52,2
2.9689883795010688,98,99,51,2
1.9537165980704720,98,99,53,6
0.2026075230284601,96,97,53,5
3.5532871944240814,98,99,58,3
1.8566804745079086,98,99,60,3
1.4024987488423453,98,99,50,7
0.0364890922405436,94,94,44,7
5.9163971296639071,96,96,50,4
1.9554424051373809,98,99,51,4
3.9060142157670925,98,99,50,3
6.2052845192205117,98,98,43,0
3.0044122293945148,98,98,48,3
2.0266104621863827,98,98,48,3
1.0268760915559763,98,99,58,5
0.8364456423044812,100,100,54,2
1.1842257432038164,98,99,50,7
0.1685039709277562,98,99,55,6
2.3917620278649099,96,97,54,6
5.0531100430642297,96,97,50,6
4.5264483413151586,98,98,44,5
4.6862208295489145,96,96,41,5
4.2548822645984332,98,99,60,5
0.3227391035961578,98,99,41,4
4.4841545300758590,98,98,45,2
4.3982928973017064,98,99,54,1
4.0723056345780302,98,99,50,1
0.8630287047763565,98,99,45,0
2.4963991643931362,98,99,44,5
3.7500743842482813,98,99,54,3
3.3261893821658557,98,98,44,3
0.7692910547828751,98,98,40,5
0.3240672805367718,100,101,53,7
0.5823956055673190,96,97,49,3
4.5564166154623313,100,100,50,2
1.0033978233660539,100,101,46,0
0.0233145271315043,98,98,48,1
1.1708276285495220,96,96,45,7
2.3935114894818263,98,98,50,3
6.1704104113463094,102,103,49,4
0.5109334071768094,98,99,51,6
3.8584658362041924,96,97,52,4
4.1823560003900297,98,99,40,5
3.9599380264262609,98,99,47,0
0.0877925897838408,98,99,55,2
3.3916316302368004,96,96,45,3
2.7900578400664648,96,97,48,6
0.2519732977396908,94,94,50,3
2.2862548795498223,88,89,46,6
1.1639227764217615,98,99,44,7
1.9994556413028266,98,98,52,7
3.8702193255191069,98,99,57,2
3.8912616951221146,94,94,51,4
4.5918862750793625,96,96,47,7
2.4821177933374652,98,99,55,0
1.9118909822460963,98,99,52,7
1.2961454986198695,98,98,49,0
2.6480069338265393,90,91,38,3
0.0291032355867898,100,101,49,1
2.9457579175748707,98,99,60,3
3.4940978274034382,98,98,50,1
2.2674226335192436,96,97,45,5
5.2438068063801637,96,97,48,6
2.1005928921775521,96,97,54,2
1.8760450276758820,98,98,50,3
2.2156831643749686,98,99,55,0
5.0967897254447232,96,97,44,4
0.8305544120702099,98,99,50,3
4.3734307202004246,96,96,45,3
2.9205657579769704,102,102,51,2
3.5908801552261553,100,101,49,5
1.8832776360304819,98,99,51,0
0.6011524223046889,98,99,57,6
1.5882503308410325,96,97,52,4
4.2097504265898262,94,95,52,1
1.8282670094049125,96,96,48,0
3.3086871888220308,98,99,56,3
1.8895008345539481,100,101,62,2
1.8055501825304854,94,94,47,0
0.2067700294834970,100,100,42,0
2.8974392781689073,98,98,54,3
5.6961302888124248,100,100,46,6
2.3539905839775597,96,97,55,5
5.8882366424360315,96,97,41,7
0.9729221583563730,100,101,55,1
2.8383076736680630,96,97,53,3
4.0797304334808935,100,100,50,4
6.1761184942346077,98,98,44,1
5.3808814725682472,100,101,52,0
3.5534581292396323,98,99,51,4
3.8541682270249362,98,99,61,6
2.6375299553714533,100,101,53,1
1.8051248821459178,100,101,55,1
3.0704654093329724,98,99,49,2
0.0589185347727545,98,98,57,2
0.8985768478984769,98,99,54,5
3.9504048211041916,98,98,57,4
0.7964691654342982,98,98,41,2
3.7119688017193004,96,96,56,4
5.4143851085805830,98,99,48,7
3.3006779998531517,98,99,51,2
2.2692201178895370,100,101,51,7
0.1081491501856024,98,99,50,1
1.2878182254072055,98,99,46,1
6.0906117687820869,92,93,58,2
4.3790274370461013,100,101,60,6
4.9117999727846779,98,99,51,4
5.4200826251378604,100,101,51,1
4.0123884024470708,94,95,56,3
5.7401075071768473,96,96,56,2
3.4761389792719410,100,100,47,7
4.6886555777749299,98,99,57,0
0.6683438827185235,98,99,48,5
5.3297556532536206,100,101,59,3
3.0955436332439916,98,99,51,2
3.2772554522347082,98,98,55,6
2.9258836093296843,98,98,57,2
2.9181973524473355,96,96,48,6
2.4817679250934273,98,98,52,7
5.8734557263037335,96,96,57,3
1.5554279904703476,100,100,55,1
2.6928503894564924,98,98,41,2
2.1358874309434168,98,98,46,7
0.8566752769541319,98,98,47,2
0.9427579384610592,98,99,55,2
3.4634442317739844,100,101,55,5
3.7025974520288187,98,98,45,4
2.4364811852612411,98,98,50,7
4.7400401345093721,98,98,50,5
1.2125399709185851,94,94,55,6
1.5407046425687356,98,99,47,4
2.4459511453281815,98,99,46,1
5.9708732980579695,98,98,52,1
3.6084695995122180,98,98,53,2
4.1711728397891186,96,97,56,0
3.8812970423816888,98,99,51,0
1.7415365808057917,96,97,59,1
6.0631222612343123,92,93,49,3
2.4651637353827809,98,99,52,3
2.9299160153052854,100,101,62,0
4.3090198870758796,98,98,43,0
0.9579310761909225,100,101,48,0
3.1065535041330268,98,99,51,0
4.8434521874221925,100,100,52,2
4.4277790911849486,98,99,57,2
0.2406234628328381,98,99,51,4
3.0571505950403681,100,101,53,7
0.6818474423861406,100,101,58,2
2.6032569724695178,96,96,52,6
5.5063841720621616,94,95,46,1
2.3125683657109515,98,99,56,3
4.1029796646278651,100,101,65,5
4.7348178055573369,98,99,54,1
1.5920137315835323,98,99,52,7
3.2788592839350126,98,99,44,1
1.2641946275485643,96,97,48,6
2.5546788704138477,100,101,53,7
4.8238272291473967,96,96,37,7
2.6683020475421495,98,99,52,7
5.5293566367311167,98,98,56,3
1.6941111971184162,96,97,48,4
2.0360791097529414,98,99,51,6
4.8833697598486472,102,103,47,0
4.9849704698119357,94,95,53,6
1.9309509718048208,98,99,54,7
0.0424963721494325,98,98,46,3
2.6061086090995564,98,99,46,1
3.2297174209185897,90,91,45,2
2.4551643988961014,96,97,52,2
0.1468632966623011,98,99,50,5
3.6402153602659366,98,98,51,2
1.2397250369572470,100,101,55,7
5.1047955042294042,100,100,52,6
3.8535032631848916,98,99,51,4
4.4660301080515659,96,97,49,3
3.8362744735605245,98,99,53,4
5.8282402627167658,98,98,55,0
1.3275638484214363,98,98,58,1
1.2135662975760446,100,101,54,4
2.7956995274571104,98,99,51,0
3.8301356784624132,98,98,56,1
0.3747872996372483,98,98,39,6
0.5547620234127364,98,99,53,6
1.3148229539078733,98,99,52,7
1.5741045693095685,96,96,51,1
0.3471970401521486,98,99,50,1
2.1901181454999468,98,98,46,5
1.8705886513658487,98,98,53,6
3.0374428457595890,96,96,42,6
0.4813897414630451,94,95,57,0
1.4561598030680429,96,97,63,3
5.9025950349758318,98,98,48,1
4.4448863035585946,96,97,52,0
3.5456141683056970,100,101,42,0
6.1230010796241947,98,98,51,6
2.1656619599066254,98,99,54,7
1.9152526668857068,96,96,50,0
0.6093418437769278,96,97,46,2
4.0197812369107488,94,94,59,2
3.8871745563475382,100,101,50,6
4.6701868369617765,98,99,41,0
1.8243921536449761,100,100,49,5
4.1532061641720688,100,100,58,6
0.4610296373248439,96,96,50,6
2.4015592762993339,98,98,52,1
1.9949069172520197,100,100,47,7
4.7335309244018822,100,101,51,1
1.6742445290596293,98,99,51,2
0.4945936371819568,94,95,52,3
1.3296801204681727,100,101,50,4
1.0259218587351271,96,96,51,1
1.8412465563496998,98,99,60,3
5.2893916654061286,96,97,54,6
3.3962441405207193,100,101,43,1
1.9850980120751078,98,98,59,4
5.9741674484604017,98,99,47,4
1.3711591987939939,98,98,49,2
2.8014358183240660,100,101,56,4
1.5943083748026734,98,98,49,4
5.5258985563236802,88,89,55,1
0.1137761142146757,98,98,62,7
4.8001556996660835,96,97,55,1
0.7568578392494685,98,99,46,7
1.6638301275150067,94,95,47,4
2.3651719824371371,96,96,49,1
5.4247123436509037,98,99,47,2
2.8247353447579204,98,98,59,4
4.3710884575294857,98,99,55,4
0.2324203594595986,98,99,50,1
4.0075855892386647,100,101,48,2
0.1088255398913388,100,101,59,1
5.0555395627084136,96,96,40,6
0.3949477349672725,98,98,54,1
4.8910553637903922,98,99,47,4
2.7330575605181324,96,96,55,3
0.5489163513504414,98,98,40,3
1.9515006341233845,96,97,48,6
0.5549714139372599,96,97,47,1
4.5426085637761506,102,103,49,6
2.1046985816577783,100,101,56,0
2.4454464425221834,94,94,55,6
0.8220001793121654,98,98,56,5
5.2250922849035808,98,99,49,2
2.2016730891317460,92,93,50,0
0.2506034002942074,98,98,55,6
2.0571385439404581,94,94,56,3
4.6624830612802670,100,101,55,1
1.3390439153078788,96,97,45,3
1.6274158799999523,98,99,44,1
3.5386206175440975,96,97,57,3
3.7642217632388300,98,99,44,3
6.0835204050414378,98,99,47,6
1.1036362046579204,98,98,55,2
0.9698908004670158,96,97,47,7
3.0005123600482722,96,97,42,0
4.6324565714197616,96,97,54,6
0.4682329891788777,88,88,46,4
3.1674488208391223,96,97,47,1
2.2163046475640997,98,98,52,3
1.5558182947534323,100,101,45,7
5.4051344073842360,98,99,48,7
1.2618321682615710,98,99,49,0
2.7594349340699402,96,97,43,1
4.4896372725950746,100,101,51,7
6.0649761364900519,96,97,51,1
3.8529645076716297,100,100,38,0
4.8450382908446095,100,101,59,3
3.1482575353507940,100,100,56,6
3.8477225331273779,98,99,52,1
1.7796981928060760,98,99,60,5
4.1698457081283298,92,93,54,6
3.6094345652288573,98,99,46,7
1.8390587485039600,94,94,49,4
6.1176424298725900,94,95,50,1
2.6179143500719384,98,99,52,3
4.8398978076657668,96,96,54,0
1.1522458039365806,98,99,50,1
4.1934192923359088,94,95,53,6
2.0496185378202840,88,89,55,1
6.0686415961580744,98,98,49,0
4.2337007328022986,98,99,55,2
3.7622085300923231,98,98,59,4
1.4233283419278648,98,99,57,4
2.1283788202077272,98,98,53,0
5.5352273358894282,98,98,51,4
3.1652748531444499,100,101,50,2
0.9220997250236358,94,94,53,4
1.2798980969788263,96,96,48,6
2.5390818349903919,96,97,51,7
0.5915578344282028,98,99,52,1
2.0817057986083669,98,99,56,1
4.1840492287837137,98,99,52,7
3.1426009628555596,100,101,50,4
4.3454402019809431,98,99,57,2
2.9974133703793147,96,97,47,7
1.2695631716552604,100,101,50,4
4.2630874622786248,96,96,51,5
2.3369922066141338,92,93,53,3
6.1252131703926169,98,99,54,5
1.0606990196469011,98,99,50,3
3.2827537675327276,98,99,47,0
0.9534917537094781,98,99,47,4
3.5527865320181808,96,97,48,6
6.1111222931488269,94,95,53,6
4.9068570320034022,100,101,61,7
0.5298788614271243,96,96,42,6
1.7517584740212706,100,100,50,0
0.0922043382073658,96,97,45,5
4.1875974908286810,92,92,46,0
1.5353127128520545,100,101,53,3
5.6333603917321602,100,100,51,7
5.1439958475475605,98,99,54,7
4.2198953561077408,96,96,51,5
3.3323744487557256,100,101,55,7
6.1550286368187157,98,98,52,7
1.3355851578966693,100,101,49,3
6.1236173463579977,98,98,52,1
3.3609407433581704,98,99,49,6
5.0932441086980917,96,96,37,7
3.4082400031938875,100,100,39,7
1.5791341419080103,94,94,48,7
0.1870904509091394,98,99,48,7
5.3528655045418017,94,94,46,5
5.3215230738562500,98,98,50,1
4.2913767550407496,100,101,51,5
3.6180469267164383,96,97,51,7
1.1186970496202835,98,98,45,6
3.5026542758568753,96,97,49,3
5.2098140362968985,98,98,53,0
0.8721213793045237,100,100,51,7
0.7464271584483272,98,99,57,6
6.1480945258259379,98,99,58,3
2.7546945081714278,98,98,58,5
1.5317494475886382,94,94,50,3
2.4585351107291640,94,95,50,3
0.1281176084463240,96,97,57,5
0.0464184326250083,100,100,49,7
3.5700721700977605,96,96,45,5
2.3784258711262614,98,98,44,7
2.1801937015983688,98,99,46,7
3.9421534852839581,96,96,48,6
1.0971219743239693,98,99,57,2
1.1767702366577679,98,99,50,1
2.6384050382851565,98,98,47,4
0.2934678428599495,100,100,48,4
5.6621971903473201,98,99,48,5
1.8471385823867630,98,98,48,5
0.5284527574011344,98,99,51,0
0.8125323598384351,100,101,53,7
4.3965952978629543,96,97,50,0
5.8836196723052492,98,99,48,3
5.3566799360530544,96,97,52,0
0.6490867583194654,100,100,51,7
2.9232642990726321,98,99,55,4
2.3083807848960602,98,98,55,4
0.9020446611403049,98,98,57,2
4.3640702907763984,98,98,44,3
0.2575961819790227,94,95,49,0
4.3785364771835953,96,97,49,7
1.7558829955210919,98,98,58,5
1.5061571233617286,94,95,52,1
1.3058155970600045,96,96,44,2
3.4538462863835804,98,99,42,1
4.3450864410452104,100,101,55,1
4.3400488512112112,98,99,61,6
1.2563467385350127,98,99,46,3
0.2340288206746796,98,99,51,4
3.2562265140473046,100,100,49,7
2.0585232089109393,98,98,48,5
4.0360958411116536,98,98,56,1
2.4538421126269556,98,99,50,5
2.7694419118822946,98,99,52,3
2.7666932573689955,100,101,53,1
0.5768302154719471,92,93,49,7
5.6786955024067645,98,99,37,6
5.5112651854822055,98,99,54,7
1.9295181772172447,100,101,56,4
3.2224601922704554,96,97,49,7
4.0202051190433927,96,97,54,0
3.6768609685384179,98,99,50,1
5.9305296554655405,98,99,54,3
1.4494650733125907,100,101,51,5
3.1096620057054087,100,101,54,6
5.5691816807719583,94,95,43,4
1.8656335125659433,94,95,48,7
5.5459019744508513,98,99,50,1
4.4001217559497183,98,99,41,2
4.5836511030453000,96,96,52,6
4.6447701197792384,98,99,50,1
6.2601349869930365,90,90,49,0
3.1265097887827666,98,99,52,1
5.8346908820437813,98,98,46,7
5.5476205912212642,100,101,52,0
0.2939525638762027,98,99,47,2
5.4573271914935635,96,97,54,6
1.1349714207317774,96,97,48,4
3.5834521926657938,98,99,54,5
1.0155348777696382,100,101,51,1
4.2104130660798651,98,98,52,3
1.9422992264242662,98,99,50,3
1.7736489726478106,100,101,52,2
5.8648056517478118,98,99,52,5
4.1341369615453596,98,99,55,0
1.5033301384207267,90,91,38,1
0.5659521598817661,94,95,50,7
1.0652440518010859,98,98,43,4
4.6576507042476702,98,98,53,4
3.4965910989295086,96,97,48,0
5.4426671251083940,98,98,47,6
2.0137952716415768,96,96,48,0
4.8939613119566374,98,99,51,2
3.0510047651400876,100,101,46,6
2.2581212726994013,98,98,50,7
1.7333299488452696,96,96,51,7
0.0543911129474859,96,97,52,2
2.7268997235193768,96,97,52,6
5.9303586864990656,100,101,50,6
4.6401755950554486,96,96,55,7
4.3181771159138869,96,97,49,1
3.1361588907891753,96,96,53,3
3.5212922407038554,98,98,50,1
1.4219291090729780,98,99,41,6
4.1196019373002839,96,96,46,6
5.6574809188918280,96,97,49,3
6.2325942884682499,98,98,47,6
2.7366086492488395,98,99,59,2
1.9625992933265690,100,100,52,0
1.3819808425009790,100,100,59,5
0.8500569239439476,100,101,55,3
4.1184674115712534,98,99,54,3
2.0304588440534066,94,95,52,7
2.0756609712842007,98,98,49,0
2.8795387406636110,102,103,52,7
3.0525465116960562,96,97,53,5
1.7196969905917068,100,100,59,1
0.3951265070903299,98,98,53,2
3.5548493861457411,96,96,49,1
5.7107663379707754,96,96,59,3
0.3850831367658902,98,99,56,3
4.7150171784546764,98,99,45,2
3.5291683246341505,98,98,46,1
1.5942190591966314,96,97,54,2
1.3736741930341221,98,99,46,7
3.0760286034116215,98,99,49,2
5.1990055686864070,98,98,41,0
5.6590763145652874,98,98,45,6
1.0873188408980745,96,96,49,1
0.8877610781157345,100,101,52,4
1.0669199417208963,98,98,54,7
3.7179310626925548,98,99,48,7
3.5792241794806139,100,101,57,7
1.1624170249790027,100,101,54,4
2.5598842557887873,98,98,52,3
3.5412606937334217,98,99,52,5
5.9330711693161930,98,99,54,3
2.0701651985854701,96,97,48,0
4.0642321019244605,94,95,52,1
2.6035325281884125,98,98,56,3
6.2795334231170097,94,95,48,1
1.8513881878051672,96,97,43,5
0.0093699829766046,98,99,56,3
3.6497240644783471,94,94,45,6
1.4115525237761661,94,95,37,4
1.4350176787077014,100,101,51,7
4.4782799309354635,98,99,52,5
0.6353234458292351,98,98,51,0
2.6232578964150175,98,99,55,2
2.6332313638782980,98,99,54,1
3.8459619843612654,98,99,47,4
5.9028773570650035,98,99,50,3
4.3671878862413438,96,97,55,1
5.1399921302426623,98,99,51,6
2.4328310725389741,94,95,46,5
0.1040676284171414,98,99,56,1
2.1687380236269309,100,101,49,7
4.6493308004126090,98,98,59,4
3.4529019252754565,98,99,45,0
5.8892503464461967,98,99,53,0
1.2978091756772325,96,96,56,0
0.0372262324163401,98,98,45,2
5.4332426116629016,96,96,48,2
1.9632758997091238,96,96,48,0
4.4974268607266756,98,99,45,6
2.1049020714949100,98,99,55,2
5.0250084775305250,98,99,45,4
4.0131927442255391,96,97,48,6
3.3005151265527313,96,96,58,6
5.0722545309302323,98,99,48,1
2.8968859585158460,94,94,45,6
5.8167217913936797,98,99,49,4
5.3386486698139803,98,99,52,1
4.7551303897122592,100,100,41,7
5.4399928302773466,100,101,56,0
5.9397825973764267,98,98,49,0
4.2940459271243432,100,101,52,4
2.1349773614268046,96,97,41,5
2.4872392328109116,98,99,46,7
5.5134964097316974,98,98,55,2
3.5926845759403170,98,99,40,5
1.8211258660467633,98,99,45,0
6.2401810591294300,98,99,44,7
2.5267017457341452,100,101,56,4
4.2015608745215145,98,99,52,1
3.2278885704826905,98,99,53,2
3.2413560313781420,96,97,43,5
1.0265497583918508,96,96,47,3
5.4523459053957426,100,101,47,7
0.3083614531090652,90,91,54,1
3.6294084717425568,94,95,43,2
2.3765023687007027,92,93,46,2
0.7509371316084100,98,98,55,0
1.3809616857004550,96,97,51,7
3.9240282631844128,102,102,48,5
2.3352492994072938,96,97,46,6
2.0853814821183274,100,101,57,1
0.7089799925987116,100,101,53,1
2.3034432041885795,98,99,46,7
2.1606335697446331,96,97,46,0
1.7412487059427744,98,99,56,7
3.4440563910596973,96,97,51,1
0.3673803922961607,96,96,49,7
0.5122365414519192,98,99,49,0
4.6772313026686128,100,101,44,4
6.0472056849155464,94,95,53,4
2.4014578906947230,94,95,49,6
4.3073954541143333,94,94,54,7
0.6806728038587277,98,99,50,7
3.9005090262386126,98,99,52,3
3.6427544198383757,100,101,44,0
2.5476539597020045,98,99,52,5
3.4038564094389030,98,99,47,6
3.8853835118491475,92,92,57,7
1.4944668538829138,98,99,53,0
3.3568843349762885,98,99,45,2
5.6069053224510874,100,101,47,5
5.9386053190063830,102,103,59,0
4.6883240565085718,96,96,48,2
5.9815319588714688,96,96,42,4
4.4528565924402708,96,96,50,2
2.3458326106290017,100,101,47,7
2.1465612918702375,94,95,42,5
4.3220861096381942,98,98,59,4
0.1685821311537028,96,97,43,7
3.0808128289674799,98,99,53,2
5.3498404972903710,98,99,49,4
3.5736105384268497,96,96,51,3
6.0044830329207102,98,99,51,0
2.4116416723294880,96,96,45,1
0.8554501159027025,98,99,52,5
0.1286703644974010,92,93,41,1
3.3877153306078820,100,101,48,4
2.9219523506085743,98,98,49,2
4.8474395368154086,98,99,53,6
5.9385567498454099,98,99,54,1
2.1476602335684025,96,97,54,6
2.0184752719256607,96,96,56,0
4.2677332373802406,98,99,58,3
3.2748315948110926,100,101,49,7
0.1667444868597204,96,97,48,2
4.2168640382717957,96,97,50,6
2.3334670103461934,98,99,59,6
1.1424266632918278,98,99,46,7
5.8320037121939077,98,98,44,1
1.7861343951335291,94,94,53,4
2.3368451341071586,98,99,47,2
0.2447809446790688,100,101,43,1
0.5918746416951514,98,99,47,6
1.0129210992073789,100,101,50,6
6.2545882914043434,98,99,50,5
4.4120515646614127,96,97,38,4
5.2558623090948924,98,98,44,7
5.5761442224747881,102,102,53,2
0.4712421587116689,98,99,56,5
2.0532352017013502,98,99,56,1
1.5931951652840066,100,100,53,5
2.8225939339715111,100,101,49,5
3.6660146070770141,96,97,52,2
4.8925926768615318,100,101,56,2
3.6234684462846030,94,94,48,5
0.1012412553237217,98,98,42,1
6.2513119666934722,96,97,53,5
1.6128471276951342,98,99,44,1
2.5990313429636687,98,99,51,6
2.0709846120292257,96,97,52,6
5.9460403159234883,94,95,54,5
5.5642577960024733,100,101,62,6
5.6748759272348464,98,99,53,2
1.4044838386265013,98,98,58,3
1.5147673683569671,98,99,51,4
6.1500083311567790,98,99,50,5
3.2861748068669723,98,99,58,7
1.9321388553592889,96,96,55,5
4.8357766152595705,98,99,50,5
2.6842815972260925,100,101,49,7
0.4764078431090898,96,97,57,5
3.6925899185702580,98,98,55,2
2.3657231991002914,100,101,52,0
2.1291321590908598,98,99,48,3
4.4779749658223569,98,99,47,4
2.8039442755500144,98,98,50,3
4.0043430188638132,96,97,54,0
0.6865941965778991,98,99,56,1
1.1243321189012183,100,100,48,0
3.1027650180886690,98,99,45,0
4.4353649019747676,100,101,52,2
4.1450226589136978,98,99,50,7
2.1100125287259393,98,98,49,6
3.4665456451903660,96,97,50,2
0.7395977039584193,96,97,46,6
0.4758537085820934,94,95,53,6
2.6619637504108282,96,97,53,1
3.2169010133967002,98,98,52,3
2.5929580876439231,98,99,47,0
6.0368360466812607,96,96,57,1
0.5578120443545523,98,99,48,7
0.8552539533302554,92,93,47,1
5.4787124130178908,100,100,53,3
5.4071106544448577,98,98,42,7
2.0204534129611380,98,99,41,2
5.2378645220356326,98,99,54,1
5.9164251026527719,100,100,38,0
0.4794958999397774,98,98,55,4
0.6975809131134160,98,98,61,6
2.7109191846285969,100,100,55,5
5.5813848264258299,100,101,47,3
4.5935345847718745,98,99,47,0
1.4071546659845320,100,101,62,6
0.7804366902992527,98,99,49,2
2.4256892673883734,100,100,45,7
3.9452601476937232,98,99,49,6
5.2524681490681076,98,98,73,6
5.7491255362677860,96,96,56,6
6.0968705699444810,98,99,49,4
5.3332209963005672,98,98,52,3
4.8674960504777642,96,97,40,2
0.4071523147944210,96,96,50,6
0.8610772879881675,98,98,46,5
2.0962612167271026,96,97,53,1
0.9054335480585233,96,97,54,2
2.1656876437139765,96,97,51,5
2.6795467333538037,98,99,42,5
4.6508619168441694,102,103,60,3
1.0728978341082935,94,95,48,7
5.0392795101870664,100,101,50,4
0.2683740355184079,98,98,49,4
2.0794368235440173,100,101,43,3
4.1130976298308743,98,99,52,7
4.6157487846005427,102,103,56,1
3.2880535972032670,98,99,52,3
1.8038322857050217,98,99,53,2
3.1044389167867514,98,99,58,3
3.6128817238462019,100,101,51,3
1.7786330809351549,98,99,55,4
5.8480971227345693,100,101,47,7
4.2392559556279972,98,99,55,0
6.1219599484316518,98,98,56,5
1.0910217226996386,98,98,45,6
0.4319356153987283,98,99,55,0
4.8375889955220037,100,101,53,3
0.2536542490986711,100,101,50,6
5.2091817446636410,96,97,53,5
2.0360865128362295,98,99,48,7
2.1627073952986953,96,97,59,3
2.3517552564998794,98,99,50,1
4.1090632534112963,102,103,53,2
0.9356830270189171,98,98,59,6
4.4917022491654581,96,96,52,2
3.3766940803563470,100,101,51,3
3.2441589824580799,100,101,44,6
2.6346547618263121,96,97,53,1
4.8272950424345753,98,99,53,0
0.8874570061559569,98,99,46,3
0.3608127376341089,96,96,53,7
4.7376964125518013,100,100,52,2
2.2961404786571187,96,96,54,2
2.3865934968159288,96,97,51,3
0.5264702807777981,94,95,54,3
2.2486245704140524,98,98,44,1
1.3988913604661009,96,97,50,4
2.4695091839759060,98,98,48,1
1.8105849554715434,96,97,52,4
3.6206494088608010,98,99,48,3
0.0548855499101710,98,98,51,6
1.9101732104220168,100,100,47,3
4.6992113071976318,98,99,45,0
2.3329242362292271,98,99,48,1
5.3287998966169372,98,98,55,6
3.2707603045936717,98,99,61,2
2.9162239083677837,96,97,43,1
2.8032358526443013,96,96,50,4
5.8302602088358890,98,98,51,2
4.1622091486474035,98,99,51,6
5.3952143340239678,100,101,56,6
1.2080081013975812,98,98,51,2
2.3928638989530397,96,97,55,1
1.4869896574290784,96,97,46,2
5.3189851626784774,96,97,52,6
6.2125765266429136,96,96,51,3
0.0522586296034922,98,99,50,7
5.2555985592613057,98,98,46,3
4.0363512855878341,100,100,57,5
3.4145422172698843,96,97,57,5
0.7920108412197921,98,99,48,1
1.1065731703603559,98,99,47,2
4.1745734087762489,98,98,49,6
5.2953645994144773,98,99,50,1
5.7448138301042349,98,99,55,2
0.8369845053822966,98,98,50,1
3.9944618039920692,98,98,48,1
5.2084614152464823,98,99,48,5
0.1229476253311508,94,95,42,5
1.0614343675795188,98,99,47,0
5.6133747083024703,98,99,43,4
6.1578146218078533,100,101,59,7
4.0482175300706027,100,101,52,6
4.1878113353248025,98,99,56,7
1.7680300284597636,98,99,50,7
6.1845229036871290,96,97,48,4
2.7575779663597522,100,101,53,5
2.3315736975532642,100,101,58,6
3.9706451856283524,98,99,58,7
1.4193505314470887,98,99,59,4
3.6944059027305474,92,93,45,5
1.7559772142287242,98,99,49,6
6.1838293480718161,100,101,51,3
1.1619164208910295,100,100,54,2
5.0266218393899127,96,97,48,6
0.9223838094304170,92,92,54,6
5.4077093198674921,98,99,50,1
0.4927467714276896,96,97,56,2
6.0419527237784356,98,99,58,5
0.4883232890760740,98,98,57,0
1.9776497417123244,98,99,39,4
5.6760537533461335,98,99,48,3
3.4705456291970682,98,99,43,4
0.2773863445726291,94,94,46,3
2.5840514685853795,98,99,52,3
6.2276264926241671,100,101,44,6
3.0584478937114450,96,97,54,2
0.4036754912097495,100,101,61,5
5.3482896696560962,98,99,48,3
1.2018925486574479,96,97,51,3
1.8477912010453323,98,99,49,2
4.2691848911941896,98,99,46,7
1.3093787451523893,98,99,36,1
4.9611376385565427,98,99,55,6
3.9419425264400361,100,101,47,5
3.0167698428603811,98,99,49,4
4.4091375068112688,98,98,42,1
4.9375498853828281,98,98,49,2
1.6847288417225521,96,96,53,5
2.4108475098638706,98,99,54,5
1.3890650842819672,92,93,42,0
3.7166744240849745,100,101,60,6
6.1671213823923061,96,96,46,6
1.8762120541735456,96,97,51,7
3.6047429282080006,96,96,46,4
4.3501272837687699,100,101,48,0
4.3543838992577388,94,94,38,7
4.2118516691514678,96,97,49,5
3.5817563048821328,98,99,61,4
1.6281873511181915,98,99,50,5
3.1126551343269853,100,101,50,4
0.1070818106276621,96,97,48,2
5.2422495694085391,98,99,47,4
2.1622794727018544,98,99,54,7
0.8589463037349575,92,93,52,6
1.0074710485573184,96,97,46,4
4.4043102941561703,98,99,56,3
4.1116183633795798,94,94,40,3
0.6934106625486686,98,99,47,0
0.6099343919446580,98,99,53,4
5.8856101093815107,96,97,50,6
5.0644095523736210,94,95,43,4
2.2835731679879689,100,101,62,2
0.1590848008490140,100,101,57,5
0.5345633408646333,94,94,51,4
5.5024048286245577,98,99,46,7
5.8003985540249570,92,92,54,6
2.6237786545188730,96,97,52,0
4.0292600933268599,100,101,46,2
4.9277245196986597,98,99,49,0
2.7155499367170028,96,96,45,1
6.1268307321423583,94,95,48,1
1.2963157939756955,96,96,54,4
0.5334142775531308,96,96,58,0
4.7984068327819127,100,101,49,1
3.5790757949989125,100,100,55,7
4.1349865911933401,100,101,50,6
4.2812428306309549,96,97,48,4
5.2100717430850381,98,98,50,1
1.2397964792342373,96,97,50,6
0.7275885750952615,100,101,50,6
5.1905132108519130,98,99,51,2
3.1486071482511067,100,101,49,7
5.7794395636448241,96,97,54,4
0.5788053949511920,98,99,55,0
4.1859753267475641,98,98,45,4
3.3939023793207541,98,99,52,7
4.6371938127317618,98,99,52,7
2.2363159594870403,100,101,62,0
2.3613984074569916,98,99,55,6
4.3637687652881905,100,101,51,7
4.9105628902030967,100,101,53,1
0.4342657617522225,96,96,51,3
0.6192681475912807,98,98,56,1
0.8415436423416456,96,96,52,4
3.6627193868265993,98,99,60,1
2.6678261599234747,96,96,41,5
0.7394921347633258,100,100,51,3
2.6287646996042975,96,96,54,6
4.7324444975090216,100,101,57,1
0.3027696769813621,96,97,46,2
5.3549243617619062,98,99,52,7
0.4001351156424414,94,95,51,4
4.5234245936177802,98,99,44,1
5.9402009169890535,96,97,55,3
2.8937985675137514,100,101,48,0
6.2633536948238389,100,100,55,1
6.1885980794338016,100,101,66,4
3.6221668557140636,100,100,56,0
4.4056327177563164,96,96,44,2
2.6036076714238607,100,101,52,6
3.6917991096227789,96,97,53,3
3.1629863175206365,94,95,51,0
5.8899382708842225,94,95,53,6
6.1138800285075785,100,101,57,3
5.5058718718929445,98,98,52,3
5.1633539483442839,96,97,52,6
2.6469921009719855,98,99,49,0
3.1862049246752604,98,99,53,2
4.0358942253658077,94,94,49,6
0.0154758774056625,96,97,54,4
3.5076083954151751,98,99,46,7
4.4816159546700511,98,98,49,4
1.6148417154084656,98,99,53,4
4.4492917398404561,98,98,51,6
4.0921840352470555,94,95,50,3
4.3581041136359060,98,98,47,4
1.1548414602192547,96,96,45,3
2.1600531242095120,98,99,48,3
2.2297448468800583,98,99,49,2
3.5181923160693129,98,99,53,6
2.1890253136290410,98,99,42,5
1.3800177988865796,98,98,55,2
1.2002937209207472,96,97,50,4
4.7076401878985825,100,101,56,2
6.0062942906925105,100,101,52,0
0.5157595472426003,98,98,39,2
4.4273339240728165,98,98,55,2
2.7552592292532156,98,99,54,7
2.0177604118669668,94,94,44,3
4.4167934608576189,100,100,49,1
3.7743529505885585,98,98,59,0
4.6692615836379767,98,99,48,7
0.0499223712243390,100,101,55,3
3.3119630809143561,96,96,50,2
6.0814488911586269,96,97,45,7
4.1343397532403197,94,94,48,1
4.3568889459740978,96,97,52,2
3.1473127465933661,98,98,50,7
4.6029618012350753,90,90,48,1
0.0726587037705998,98,99,56,7
4.7134308181225952,96,96,50,4
5.9478000838490166,98,98,51,6
1.3639465232371346,98,99,57,0
1.2746684971926521,100,101,57,7
4.5218729233789183,100,100,56,2
0.2707339243532045,96,97,46,4
5.6576250763169149,98,99,43,6
1.7558596470684780,98,98,58,5
2.6183433485580649,98,99,55,6
1.6261070043154866,98,99,52,1
2.5459810517947288,100,100,54,4
4.4186869563770488,94,94,51,4
0.2602551992065369,98,99,47,0
1.2773027198783269,100,101,52,2
0.6500802107804996,102,103,46,5
0.3940794161898802,100,101,45,3
0.8906710612257247,96,97,58,2
0.7829187127942412,100,100,55,3
5.5962094660918060,96,97,55,5
5.3742758451824830,98,98,50,5
4.9882940485336018,96,97,43,5
0.8973185136082225,98,98,50,1
6.0099514073993436,98,99,42,1
3.5035000631203363,98,99,54,3
3.0763317838737581,104,104,50,2
2.7522587492304500,98,98,58,3
4.4705995203871431,96,97,47,3
3.6748908629489354,94,94,46,1
1.7831429228894899,100,101,50,4
1.7491847452799230,94,95,45,4
5.4370842287286383,96,96,47,3
4.3541127571518867,100,101,56,6
0.5900715906576610,98,99,53,6
1.6957388839402745,98,99,51,0
6.0194412067599501,96,97,50,6
5.9615187817478468,92,93,46,2
2.2977383289865689,98,99,51,2
0.4190429504263934,98,98,47,4
2.9571633294281376,100,101,56,6
5.0211802038578695,98,99,52,3
0.5004681286798993,100,100,56,6
5.2938384159024210,98,98,51,0
2.5546233862805812,98,99,47,4
2.3946305768029386,98,98,46,1
2.5094830750472465,100,100,54,0
1.3331223946600892,100,100,51,3
3.8114571662281893,96,97,44,6
2.6112731354130716,96,97,49,3
3.4048875573433444,98,99,63,2
6.0655054476590102,98,99,56,7
0.7064048416272072,98,98,44,7
3.6112813277674030,98,98,48,5
2.6681643245997013,100,101,60,0
5.8644796738168692,96,97,46,2
5.1393456776756015,100,100,55,7
1.0072559258089977,100,100,56,4
5.8338140515438646,98,99,51,6
0.4773430149332898,100,100,55,5
5.2380188930107163,98,99,45,2
0.0089487836487435,98,98,52,5
0.1000852281685764,96,96,50,0
5.4903214404334859,98,99,43,0
0.6302543491145396,98,99,59,6
1.7509412384282725,98,99,44,7
5.6793002174304030,96,97,53,5
0.4191499139981027,100,100,47,3
0.2056421036446587,96,96,49,7
4.1507450047189520,98,99,48,5
0.1450033590001185,96,97,41,3
4.0198245225713380,98,99,55,0
3.1578322867718400,98,98,52,1
3.0900111994088051,96,97,50,2
3.3626065502947076,98,99,50,7
4.3755974708958636,96,96,54,4
2.9048186087047654,98,98,43,2
4.3380854135709814,98,98,49,2
3.8562819875712915,98,99,55,0
1.5302147994115147,96,96,53,3
5.4884186649331816,100,101,50,2
0.4362710446740685,92,92,54,6
1.4831427968272046,98,99,49,0
2.4580673049822956,96,97,47,5
0.6633905206358600,98,99,56,3
6.0948224331114274,98,99,60,1
5.2211431377360684,98,98,52,5
6.0295256019446457,98,98,48,1
1.2820384569209713,98,98,48,5
3.0272665366948610,100,100,53,1
5.2641031989626041,98,99,53,4
5.4627132935421088,98,99,44,5
3.0564292840181237,92,93,48,0
2.8953091067337180,94,95,52,1
5.1264351523468701,102,102,52,3
3.5691560640470614,98,99,44,1
2.2981420348444748,98,99,60,7
0.1599576829294256,92,93,42,2
6.2794569160237534,100,101,48,0
1.6974616258953021,98,98,52,7
2.0570096154873538,98,98,52,1
4.0718981477872624,92,93,51,5
6.2623040938214629,92,92,53,7
4.6872197947507486,100,101,59,5
2.7851528704915833,98,99,52,7
4.1074459236914693,100,101,55,7
6.1836757756278589,98,99,50,3
4.1867347934781316,98,99,56,3
0.1103085456744990,98,98,49,2
4.1331320666803659,94,94,57,4
6.2583214875357926,98,98,44,1
2.3395568934800877,98,98,56,1
3.3787856179144282,98,99,51,2
2.6450058854233705,98,98,42,5
3.5646118123612069,98,98,52,5
4.8895841868663705,94,95,57,2
3.9629478080323564,100,101,56,4
0.2066977378858053,100,101,55,5
0.7680497353595133,100,101,51,5
4.5224232583723118,98,99,59,6
0.9882337204491813,100,100,56,4
0.8777334428053576,98,99,50,5
5.6952019152163098,96,97,52,2
3.4197892987630367,98,99,50,7
4.8407552539172780,98,99,47,0
0.3952793187932453,96,97,50,4
1.1327786036521281,98,99,48,1
4.5329480741025758,98,98,50,3
5.2386796494590353,98,99,50,1
3.1312460624042200,100,101,66,6
3.9593249536518713,98,99,58,3
4.4435633167077233,98,99,58,1
2.9967050372222181,98,99,53,2
3.5310462800141100,96,97,50,4
1.2543293462909446,98,99,55,6
3.8984994215439381,98,99,56,7
5.2812521784916404,96,97,49,7
1.1161430345911953,100,100,53,5
2.0591367053792018,98,98,46,1
4.3502853636783714,98,98,45,6
4.1462233826426811,96,96,52,6
1.7408293637376095,100,100,57,5
3.8090306664830007,96,97,53,5
4.8356211910269193,96,96,54,4
1.8059970738875302,96,97,41,3
5.4112172935526237,98,99,58,7
6.0488265631173066,100,100,49,5
5.8293989765759262,96,96,52,0
0.0709233688405714,98,99,51,0
0.8300279424230633,94,95,50,7
2.6585823186887421,94,94,47,6
0.9578503317599429,98,99,52,7
0.9072507192633856,98,98,57,6
0.0435462997280768,98,99,42,1
1.4819643804724016,96,97,53,1
4.6430638609454995,96,97,43,1
1.8384728388548788,98,99,50,7
5.8150280955720381,96,97,56,6
0.5283635193871232,98,99,54,1
0.1737071280304735,98,99,64,7
0.9990109065982837,98,98,52,7
4.3617933618372069,98,99,42,7
0.4404732103332949,98,98,47,0
1.3139804697476400,96,97,50,4
2.1200783854492746,98,98,43,6
3.6259242478085554,100,101,54,6
1.6073631547162446,98,99,45,6
2.7152686649005133,94,95,45,6
3.9846369736231266,100,101,45,7
1.5615689911175792,96,97,51,7
3.4923234895273381,98,99,47,6
1.3783899267477284,100,101,41,5
0.5192503385905026,98,98,53,2
1.7067809926422457,94,95,49,4
0.3580365590993163,98,99,60,7
3.6292930264077246,100,100,50,6
0.4288631789281696,98,98,59,6
4.3654806504582071,98,98,56,3
3.1654130495954833,96,96,48,2
3.1077487585590462,100,100,56,6
4.5267323100620906,98,98,39,4
5.1414758822448130,96,97,44,2
5.1865609981895657,94,95,56,5
1.1752172404075349,98,99,48,5
1.8392359603980430,102,102,51,0
3.5712659770432933,98,99,52,7
4.9409412750891821,96,96,42,2
5.2541909157848243,98,98,50,1
2.6956942035808438,98,98,58,5
0.0907269643350542,100,101,56,4
5.1112291200546052,100,101,50,0
5.9653334552246875,98,98,52,7
3.7354283471820420,100,101,46,0
0.2916870478476732,100,101,53,7
4.1637488020488505,98,99,57,0
3.7551693076622557,100,101,56,0
0.7805520245457167,96,96,48,4
0.1489057058853868,100,101,48,6
1.2714980667247520,100,100,47,7
5.1884251875485665,98,99,53,6
5.0997467834568475,96,97,50,4
1.1078427527195169,98,99,51,0
6.1356442745841617,98,99,58,5
1.0430974636948780,98,99,40,5
6.1381350938068149,96,96,41,5
3.6061150940805193,98,99,48,5
3.5658524199224306,96,97,47,1
4.3273572087594188,98,99,61,0
4.8004299548954359,98,98,56,7
1.6682992969504589,98,99,47,4
0.4205102764062748,98,99,44,3
2.3643959650973043,100,101,55,3
4.1364841267755965,98,99,55,4
4.6147303531486550,96,97,40,6
5.0364142296465726,98,99,52,5
4.1542456857389594,98,99,52,5
4.2121454996397274,98,98,44,5
1.6765317880333925,94,95,51,2
0.9547294306156688,96,96,42,2
3.2985311168864464,98,99,49,2
0.5647487022320720,96,96,45,1
1.6120124783884675,96,97,55,1
2.9715137726344021,98,98,50,7
0.4797888765459723,98,98,46,1
5.5790082864762782,96,97,60,4
1.3323546878147059,100,100,53,1
3.1430746951403052,98,98,53,4
4.5366528249323705,98,99,53,4
2.1616679578701454,100,101,54,6
0.3123136093127216,98,98,51,2
0.4382165175181135,96,97,52,0
1.1676006877781435,96,97,63,3
1.0059258100439652,96,96,46,4
2.2402903258466478,96,97,46,0
4.7668698264911287,98,98,49,2
2.5776676215641969,100,101,47,3
1.5871082711314313,100,101,49,1
6.0235893737019275,96,97,55,5
1.9286208602279726,94,95,41,4
1.9571497896050758,98,99,53,6
1.8086819041084790,100,101,53,5
1.9552427804501047,98,99,58,3
2.4223868233262715,92,92,51,7
5.6010662098172128,100,101,52,4
6.0497347473114713,98,99,52,3
6.1576523227711037,98,99,55,2
4.7311995677197203,96,97,45,7
3.0786412361667113,98,99,55,2
3.3024091114948240,92,93,51,7
3.3462911784268603,100,101,49,5
3.2587612295632113,98,99,58,7
1.9397221935210718,96,97,64,4
2.4844188180887703,96,97,48,4
2.2726881171778586,100,101,49,1
4.4983423613380591,100,100,53,5
0.3228855992889981,98,99,55,4
0.0555434643139687,96,97,57,3
4.5027622143382953,100,101,44,2
4.1286302896382985,100,101,59,3
5.4369236040172710,98,98,44,5
0.1360423983697632,98,99,51,6
3.2387873093973201,98,99,54,3
5.8591008934496553,98,99,51,0
1.9115218225636150,96,97,42,4
2.3824506055083545,98,98,45,6
0.8346758965944323,98,98,42,7
3.4192096016978475,100,100,51,7
1.3474806875833734,98,98,55,0
3.6307437856528977,94,95,48,3
1.9607632939407611,98,99,46,7
4.0244430366313360,100,101,57,3
5.6372920573629219,98,98,53,6
2.4814932678064530,98,99,57,6
2.0987482201647167,100,100,51,3
5.6619814623638423,102,103,52,1
4.7674988333987871,96,97,51,1
4.9561133178819459,96,97,52,0
4.7412115883345107,100,100,53,1
2.7231021116108849,94,94,54,7
4.7331297546902755,100,100,51,1
5.5831411652946512,96,96,52,0
0.6004927501663561,100,100,43,1
1.1864609899447249,94,95,49,6
2.6167252935962182,104,104,58,4
3.7180778149563798,98,99,54,7
5.7637282506088443,98,98,46,1
4.7097266254457093,98,98,46,1
3.7327606020884478,98,98,55,0
1.4449839339024522,98,99,45,2
0.0328830960334912,98,99,48,7
1.9899461308046902,98,99,47,4
3.3174111209355726,98,98,46,1
2.5184404979405492,96,97,51,7
4.6212066961426892,98,99,40,7
5.2796091279380812,96,97,60,6
5.2899335865394210,98,99,40,7
3.2642275435954717,98,99,52,1
0.1073683630367998,98,98,56,1
2.7070489527682211,98,98,55,4
3.3785104254871952,100,101,61,5
4.7068511703110678,98,98,49,4
0.5789250558213476,98,98,57,4
2.8635832406440231,98,98,49,4
3.0885272844181708,92,93,54,2
4.5586624742120669,96,97,49,1
4.1087153295748555,98,99,56,3
1.8832620203070563,98,99,52,1
3.3052694814051087,96,97,51,1
4.5541389621489756,100,101,65,5
4.1759013486224141,98,98,55,0
1.5309517088606819,96,96,54,0
2.4905024723415390,98,98,57,0
5.3006785209803500,98,99,52,5
1.8481250438857140,100,100,54,0
0.7772185319975294,98,98,50,7
1.0093048953466945,98,99,62,1
5.7283687702934420,98,99,50,1
0.5434460654824135,98,99,50,5
5.9100832910405172,96,97,53,1
1.3229960345167111,94,94,54,1
3.5553647003273250,96,96,54,0
3.6541188791197898,100,100,52,4
2.9992604476463360,104,105,58,4
3.8621877143125283,96,97,47,1
2.1897871205680683,96,97,43,7
4.5723105729812845,98,99,57,2
0.8494330623732418,100,101,47,5
2.2705599439826800,100,101,46,0
1.8583585390686572,100,101,56,0
4.3407572962078813,98,99,55,4
5.2835697360156724,100,101,50,6
0.3823253370019680,98,99,47,6
2.2998534744947383,96,97,52,4
0.7233107377455659,100,100,53,1
4.4667657384930664,98,99,50,5
3.6449029190966602,100,101,61,3
5.0477840547477575,98,98,51,6
0.0963545924082469,96,97,47,1
0.8644331800324209,98,99,50,1
4.1359877586851344,96,97,50,0
5.0584058599332771,102,103,56,1
2.9419410936188886,96,96,44,0
2.8153998027293574,96,97,49,5
1.7827935555213181,98,99,52,5
4.1646138815305571,98,99,51,0
2.3875586301774314,98,99,46,3
5.9213004083212013,100,101,48,0
5.4747252759298437,98,98,53,0
1.0531273356315807,92,93,48,2
6.2532364041087956,96,97,53,3
0.0711679947205351,98,99,53,4
2.2051663630221028,98,99,53,6
4.9316602594497541,96,97,54,6
2.6566715335938214,98,99,53,2
1.0110545050270852,100,101,53,5
5.8153945187016785,90,91,50,1
1.4223213979852880,100,100,54,0
0.2806946860533814,92,93,56,4
2.1243911477811106,98,99,53,6
1.4712443850998487,98,99,53,4
0.9054125848057906,98,98,46,5
5.7890410854402683,98,99,47,6
1.7568333525274462,96,97,50,2
1.8842075266820590,98,99,61,0
2.1279302982111079,98,99,50,7
4.5115551111424530,96,96,49,5
4.8112040297618162,86,87,38,7
3.9659453170829666,96,96,53,3
1.1949862909287812,98,98,40,3
1.2384357313856289,96,97,48,6
5.9585886272219932,96,97,49,7
3.4323956996095144,98,99,56,1
6.0253144616204519,100,101,53,5
2.0147713775954794,100,100,51,7
6.1452583568211585,98,99,60,5
5.3760013431384506,100,101,48,6
4.5914387411503270,98,98,43,2
3.7875494463840704,98,99,42,7
1.6545522461288011,98,99,49,2
2.1532627609685497,98,99,44,5
2.4321708906344166,98,98,49,6
4.6739247839725371,98,99,53,4
6.0526422245695475,98,99,59,2
0.1627849689787391,96,97,59,7
2.5369194406748967,92,93,46,6
3.4103887900119743,100,100,53,5
4.9373174039600229,98,98,44,5
2.5648050685174759,98,98,55,6
4.9753375398707114,100,100,54,6
3.0368100865786465,98,99,53,2
3.4302605528433712,100,100,39,5
5.5303209366905293,96,96,49,7
4.1750129420435389,98,99,51,4
3.0796847508575635,98,99,49,2
3.0041401543005848,96,97,50,0
0.0862327501650141,100,101,54,4
0.4897088880981623,98,98,51,4
1.6123696592987991,96,96,53,7
4.8422502483147234,98,98,47,0
1.3499186604960445,98,99,58,7
5.0957130357106291,100,100,53,5
5.9096154026184404,100,100,45,5
4.2977117046737519,98,99,50,3
3.5238104441876237,98,99,52,5
6.2540429502727868,98,99,53,0
6.1485963331845781,94,94,49,0
5.3046083159251189,100,100,48,6
3.0357744555960426,96,96,53,5
5.5853252893432384,96,97,47,3
2.1191462392368123,98,99,46,1
1.6111824587523416,96,97,48,4
1.0481112393379521,96,97,41,3
6.2201963210166920,96,97,45,5
4.8955219269502983,98,99,44,1
3.0308899245994922,98,99,50,7
4.1274328838820393,98,99,52,1
1.9402467461299544,96,97,44,2
6.0847589442792414,98,99,50,5
3.3274226246537553,94,95,53,4
0.7610670596230801,98,98,51,0
0.2801490953167283,96,97,51,3
5.7545607768624718,96,96,57,1
0.8203352438551129,94,94,55,0
3.1249599656934857,98,98,53,0
1.2274492204444745,94,94,51,6
2.3037985405430348,100,101,53,3
1.2088331229158991,96,97,50,2
2.8372342075198640,98,99,47,6
3.3243281301872538,96,97,50,0
0.8049912611000793,98,99,47,0
5.1429161158052468,98,99,47,0
3.7505392101195736,98,99,45,0
5.2286886319973682,98,99,56,7
5.9714881615717568,100,101,47,3
4.3282716109064916,96,96,45,3
0.2085550614808356,98,99,57,4
1.0982525382543715,100,101,55,1
2.3937375079478111,98,98,59,4
1.6879275893941361,96,96,50,6
5.3849760178024875,98,98,55,0
2.3590890925962960,100,100,51,3
0.8997106293692831,98,99,52,5
2.9739307049579891,98,99,55,4
3.4334018346278423,98,99,49,2
2.3977525676895155,96,96,37,7
3.3793497838402935,98,99,47,6
2.3574034372138697,100,101,43,7
4.1747299511669649,98,98,47,2
1.9350019417978714,100,101,54,4
2.4489637771415835,94,95,45,4
2.6205487276340023,98,99,56,1
2.3041045759563827,98,99,55,2
2.8476368606334743,100,100,43,5
2.8446943371741273,100,100,44,2
0.4610598178576922,102,103,49,4
0.4207071490812777,98,99,41,0
5.6876780220526966,98,99,49,6
4.1037722055956118,98,99,49,0
3.7417177417279954,98,98,41,2
0.6708100996092956,100,101,63,3
3.1966862278995034,100,101,42,0
4.5843017907488859,100,101,56,2
1.0368829159646413,98,98,53,0
0.0568178810404060,100,101,50,0
5.4494038189043641,98,99,50,3
3.2227352800473015,100,101,52,4
3.9961988061914697,96,97,53,1
0.5265087988335572,98,98,55,2
3.0529367966520518,98,98,55,4
6.0342856224277863,96,96,49,3
1.7086670948719940,96,97,58,4
1.5016195010253588,98,99,50,1
3.2500769015213087,98,99,51,4
3.4830836816367698,102,102,50,7
2.5200912476464712,100,101,51,3
3.2785387763694458,98,99,57,4
0.9938084386003599,98,99,56,1
0.0399291870414605,100,101,57,7
1.9921207616876608,94,94,45,0
0.7184277687053300,96,96,48,6
4.6897150775734611,96,96,51,3
0.5047990035995802,100,101,52,0
5.8056938406186793,98,98,46,7
0.5158856819252789,98,99,53,6
3.5322329554733485,98,98,45,6
5.0773639353966509,96,97,50,4
4.3128441161512194,98,99,52,1
2.5413741531652554,98,99,43,2
0.1913658786480222,96,97,45,3
4.6883117967440837,98,99,57,6
1.5965933053722130,96,97,43,3
1.9803874302416860,98,99,52,1
6.0622332422827050,96,96,46,6
2.2194678179422609,98,99,42,7
6.0891911941446599,94,95,34,5
3.2417827924382254,96,97,50,0
3.0533569961590175,94,95,49,0
3.5241942998843108,100,100,49,7
0.7884140300673613,98,99,52,1
5.2181900358847892,98,99,52,1
1.5953459401209948,100,101,54,0
3.8313059002840104,94,95,48,7
1.9391247622208017,98,99,61,0
3.2458669693558564,98,99,52,1
5.4375082609481042,98,98,50,7
0.8115346627658488,98,98,54,7
3.0944858325293270,100,101,51,1
5.0001229212641212,98,99,52,7
5.2665294506536489,96,96,42,0
4.7085387037296087,98,99,53,2
5.7660720446496052,98,99,57,4
3.9920052181415184,98,99,55,4
3.3849471090717445,96,97,47,3
5.2152891976477429,96,97,51,5
0.0438584543604188,94,95,48,5
2.4909762423466226,96,97,54,6
3.7440473964611720,100,100,46,0
3.8513629135205081,98,98,44,1
4.5350153994790059,98,99,67,2
3.7291954551065101,94,95,43,6
3.6571618616507791,96,97,53,7
1.2233745669453391,98,98,56,1
2.6329882232486410,100,100,53,3
1.5300040347002895,94,94,57,2
3.2228119146076324,100,101,46,6
3.9631033903697062,98,99,58,7
1.4681705211750162,100,100,44,6
0.8957115975568571,98,98,55,2
3.9224972451481896,100,100,55,3
3.7683344145817315,98,99,55,0
1.9551976034630927,98,98,48,7
2.7363058515562781,96,97,45,3
6.1264052793721113,98,98,51,4
2.2999342682086570,94,94,49,0
5.7030517871560269,100,101,53,1
0.0240809008152057,98,98,54,7
2.6688079974041541,96,96,48,6
1.6681948943809870,98,99,42,3
2.0799845351292436,100,101,54,2
4.7844306687863272,96,96,46,0
6.0787666598793013,98,99,45,0
2.4381746313408734,98,99,53,2
3.7489658305813465,98,99,47,2
4.4874238110600961,98,99,59,4
5.6918379743383634,96,97,52,2
4.3424460589884353,98,99,46,7
5.6248199575892643,100,100,55,7
1.6946520817006050,96,97,45,7
4.1959650535166606,96,97,38,2
0.6786739297685410,100,101,54,4
4.0262343124961371,94,95,41,0
4.2987691172838582,96,96,45,7
5.9598471922685716,102,103,47,2
5.4782369582218697,98,99,54,7
1.4421135758165293,100,101,56,6
0.2850169539999826,100,101,52,2
1.4698510269830876,98,98,52,1
2.9780080140263601,96,97,50,0
0.2485908249381872,98,99,54,3
5.6183018578787101,92,92,55,1
2.4854893997642877,98,99,49,4
1.3637087540603072,96,97,45,7
3.1591298143668927,96,97,54,2
3.3888767704319380,98,98,52,7
1.7845048003941690,94,95,53,6
1.2067464294558981,100,100,39,1
5.8118449367845040,98,99,49,4
2.2333260658564700,98,99,44,7
4.6575180451111287,98,99,49,0
2.4799462424761924,98,99,51,2
5.1917371669243364,98,99,56,5
0.6140140048096232,98,99,57,2
0.3089261498060504,100,101,60,0
4.6766867808371639,100,101,48,4
1.2427294077279867,98,98,48,3
1.2826899624168342,98,99,53,4
6.2231667237281458,98,99,57,0
5.1903373131187402,96,97,51,1
5.3551198846863848,100,100,60,2
5.1456593668172079,100,101,59,7
0.5061423465291806,96,97,62,2
5.6561887708300755,98,99,50,1
1.6696372803313242,98,99,55,0
0.8476597431817218,96,97,57,1
1.1536222901051989,96,96,57,7
4.6716656883938095,96,97,56,4
5.1762009528756430,98,98,48,1
2.7264403490995694,100,101,43,7
3.2134041717327739,96,97,59,1
4.7090238765616634,100,100,51,5
4.6475620498676946,98,99,52,1
4.3672383765716711,96,97,49,3
5.3694453460416760,92,92,46,6
6.0472884448134403,90,91,55,6
1.7472751750920053,96,97,55,5
2.3579185785059789,98,98,53,4
1.1143745077192457,96,97,50,2
0.6592809464797674,98,99,61,6
4.7774125619048542,98,99,45,0
0.0541720648515194,100,100,53,1
2.0468687042215761,98,99,50,1
1.4768411987047461,94,94,49,0
4.5801491595303885,100,101,49,1
3.7077364942018565,100,101,50,2
0.3954130794999791,98,99,51,0
0.3701722972658850,96,96,38,4
1.9883979486989478,98,98,55,6
3.6599790754522967,100,101,47,5
3.0153519618806097,96,97,59,5
1.6463157924571943,98,99,56,7
5.6955670930525297,96,97,43,1
5.8068724742195226,94,94,53,0
3.1806426796130758,96,97,40,2
3.5149399957901140,98,98,50,3
4.6261631591157100,100,101,53,7
5.2220235618029820,94,95,35,6
4.2055420041713347,98,99,53,6
1.3657805843877979,100,101,50,6
2.7452850813633183,96,97,47,3
3.9409126009484878,98,98,41,2
5.9765473006764065,100,101,52,0
1.2344671559914255,94,95,54,1
2.9751327059563195,96,97,58,0
5.8214502809597386,100,101,44,0
0.8572919665824356,94,95,40,5
3.9079442094698758,96,97,57,7
0.7384780183571893,98,98,44,3
3.9356684184725741,96,97,57,1
2.4832343945406259,98,98,60,1
3.1413422867524150,94,94,49,6
1.5321549455839854,98,99,63,4
3.0853544265450177,98,99,48,5
4.6162017874771681,98,99,55,4
5.1445288300092864,98,99,49,6
2.2977453442325095,96,97,57,7
0.3560645116596572,96,96,48,6
5.6022958632305953,102,103,55,0
3.4102567396176320,98,99,57,2
0.5273471056763244,94,95,50,5
3.2815908532284119,96,97,53,3
2.6822680283271643,100,100,45,5
2.3070828476293910,94,95,47,0
3.3840244425624357,98,99,52,5
3.3371048030373238,98,98,48,1
2.3251829565235336,96,96,45,1
0.0467945230711642,98,99,51,4
1.6403885094635777,100,101,53,5
0.2980231366331302,94,94,57,4
3.3903357105884058,98,99,45,6
0.4975554149630218,98,99,63,6
3.7336917847447517,98,99,47,4
0.5935801436241260,100,100,54,2
0.3949874957233371,96,97,55,7
6.1950868322780055,98,99,53,0
4.1996895750971612,98,98,49,6
4.4985445134387447,100,101,50,6
0.0967382060349637,100,101,52,6
1.0623321258820171,100,101,47,5
4.2566653508358900,100,101,47,1
3.6765911235093163,98,99,50,1
2.8789389852489724,98,98,44,3
3.2605464799616701,98,99,54,1
0.8459171422569939,96,97,48,6
5.2942765884620639,100,100,38,4
1.1597743198734392,98,99,61,4
3.7697885964719737,94,95,43,2
0.1911895425955197,100,101,46,0
2.3320246601947252,96,96,50,6
4.7521948549039710,98,98,41,6
1.3088139377546057,96,97,50,6
4.1576468164771159,98,99,50,5
2.3530827804225343,98,99,47,0
4.5751257480631367,94,94,52,7
2.6329332407682520,98,98,46,3
1.1680231515356370,96,97,56,2
4.7972689303633604,98,99,62,5
2.3098284169507193,100,101,52,0
5.0284688214884952,98,99,51,2
0.2254563256124373,98,99,46,7
0.4832117495606055,98,99,41,4
2.2413227745903139,96,97,42,4
4.5811167037357787,94,95,50,7
3.0251054216474569,98,99,51,4
6.0887318997667359,98,99,55,4
5.4102895947973604,98,98,55,6
5.8979199446883275,92,92,47,1
5.9813062991412291,98,99,48,7
2.2768215324473227,100,100,57,5
1.0986949473323864,100,101,60,0
5.0021715138264540,96,97,50,6
5.8591440415815752,100,101,50,4
1.1570326323584819,92,93,50,6
4.4991698691456605,96,97,41,5
2.9649984744358955,96,97,45,5
2.9270024383900979,94,95,49,2
4.6991015785222867,98,99,55,0
5.1142013811728306,96,97,49,1
3.3769532362882186,100,101,58,4
5.7483054083090037,100,101,42,2
1.4348856374964098,96,96,46,2
2.1998558025418737,94,95,53,0
4.9819068772548114,92,93,55,3
2.3483506424750256,96,96,48,0
3.7516508501699470,98,99,50,3
5.4398092273600538,98,99,51,6
2.8019443103774497,98,99,58,7
0.8068217864762957,98,98,49,0
2.6437019707605689,96,97,47,7
0.1956501637185220,96,97,51,5
6.1212755757119819,100,100,55,5
4.1809604540938112,100,101,51,1
2.0760534099147354,100,101,55,5
5.3871694619103767,98,99,51,6
2.2034885600079872,100,101,50,2
1.9595195831575398,100,100,57,3
4.0204331711829235,100,101,48,6
5.7832188889180918,98,98,48,5
3.7839368000892164,100,101,48,6
1.7868604041101119,96,96,52,4
3.6208636317718002,98,99,46,3
0.4346038316991579,98,99,54,7
4.4684984059470532,98,99,44,7
1.3216243149491835,98,99,45,6
2.0894068669980430,98,98,56,7
5.2341108350105721,98,99,52,1
5.6252604123681422,98,99,58,7
0.6549437729680402,96,97,50,6
0.1039384302178483,98,99,53,4
4.0112832247669497,100,101,52,0
1.1391794007599882,98,99,54,1
3.6077850770506830,100,101,47,1
3.4303070848776209,98,98,50,5
1.4712246762781116,90,91,49,4
1.6373155161617061,100,101,48,2
3.2818944310392673,88,88,48,2
1.4474476160659051,98,98,52,3
4.8187740368913712,98,99,52,1
3.7458545166571158,98,99,55,4
0.2574820648059687,98,99,54,7
0.5176971983964315,98,99,57,2
3.9137476988769779,94,95,46,3
3.9839512855690362,100,100,51,7
2.5433169178247161,96,97,61,5
2.5085005672420730,98,98,56,5
2.6519519444507273,100,101,49,3
6.0257101902489349,96,96,45,5
3.3510631611000643,100,101,49,5
4.0325387013981002,100,100,59,7
5.0748090400910666,100,100,51,7
0.8594895730061756,100,101,57,5
5.8755029733050641,98,98,50,1
4.7217269460108477,96,97,53,1
5.6030738937967230,98,99,57,2
0.0306276716437188,98,98,54,5
1.2652066867151839,98,98,42,7
2.3640228778115056,98,99,58,7
2.3521999032754941,96,96,50,4
5.1454495040976340,98,99,43,4
0.5490412924581161,100,101,54,2
2.6595941396041174,98,99,48,5
0.1822639696822669,98,99,47,0
5.7675522842564320,100,101,57,3
2.5004618868155291,96,96,51,3
0.9628533136198243,98,99,44,3
0.0450824229248703,100,101,49,7
3.6439645184183664,96,97,45,5
3.8426896195018037,96,97,40,6
0.7461637732765675,96,97,56,2
4.5075650174994539,98,99,56,5
4.9968489788072299,96,97,48,6
0.2503733358364592,96,97,57,7
1.3248517927920802,96,96,62,2
1.4329701636361056,98,99,46,1
3.8713877566882875,96,96,49,3
1.8498847609180071,98,99,48,7
1.9971475078023826,100,101,51,1
3.1436443519438209,96,97,49,7
0.0506049163727947,96,96,54,6
1.0872111820428874,98,99,53,6
3.4529835430670159,98,98,50,5
1.7406705388744801,98,99,55,2
3.7730646033023207,98,99,48,5
4.7803335782568546,98,98,57,2
4.9092742578979642,98,98,59,6
2.4950358927375147,98,98,45,2
1.6939809172540179,98,99,49,6
0.9466962833857540,98,99,59,2
1.0546981370227493,96,97,61,5
1.2569375451073168,96,97,53,7
3.7894078051351530,96,96,45,1
5.1794532658796282,98,98,57,2
3.6994358083918137,98,99,52,1
3.2759432028979334,94,94,48,7
2.1520990187098104,98,99,56,3
0.8122109403717149,100,100,42,0
0.8582753317625407,98,98,54,7
6.2026752072452194,98,99,55,4
3.6421506330291695,96,97,48,0
4.5382076695417659,98,98,52,1
5.9218575860731013,100,101,51,1
4.4828589725566808,100,101,46,0
5.3163095469990882,100,100,61,1
5.2090771352812153,98,98,50,3
1.6121709490097014,100,101,50,6
2.2024807511025215,100,101,47,1
3.1397411196060525,94,94,51,6
1.1309206269885277,96,96,52,6
5.6447034174701276,100,100,50,2
5.0192275247268778,100,101,51,3
0.5209136829556561,96,96,46,2
5.8013644386795749,100,101,55,1
0.5918596251508378,100,101,55,1
2.8682650976245836,98,99,49,2
1.3257647198079130,100,100,49,5
6.0217029436511265,96,96,43,7
3.7937148320752994,98,99,48,5
0.1327624431708561,96,96,49,5
2.0945440801254236,98,98,49,4
4.5221608428788542,98,99,53,2
1.0187204801359031,98,98,47,4
2.9425556140894855,100,100,50,6
2.9366703362222992,100,100,58,0
1.4823288418595273,98,98,54,5
1.7729959459452014,98,99,49,4
5.4864732865336787,100,100,58,6
3.3891830717344575,98,99,53,6
1.0164474982797562,94,95,55,6
4.9468546096174668,96,97,49,5
5.2152071441727870,98,98,47,6
4.3537078910807629,98,98,58,7
4.4459902885644338,96,97,50,6
3.1457856094847529,96,97,46,0
5.7580323237525839,96,96,45,7
1.4553114315934339,100,100,55,5
2.5458108690136005,100,101,56,2
5.1504620715551637,98,98,51,2
4.1150425689741210,98,99,47,6
3.9220644862750400,96,97,51,1
2.0412827124532824,100,100,56,0
4.4312688530939495,98,98,50,1
3.7075319103431781,98,99,49,2
2.0714565998343493,94,95,52,7
0.0161034372036315,102,102,54,7
2.6835296480611932,100,100,49,3
0.8320962073358975,100,101,61,3
5.1895792359269777,94,95,46,5
1.8728251692584530,98,98,40,1
1.2848140482663322,94,94,52,3
6.2004529142051270,98,98,55,4
0.6333448076389051,94,95,49,6
4.8797648391251904,98,99,51,2
2.7821213648691039,94,95,38,3
3.1195597576296290,100,101,45,1
0.3900884242590085,98,98,45,6
0.8772356013380209,100,101,45,5
6.1920101425045324,98,98,54,1
2.3768191214017698,96,96,57,5
2.3128665540586977,100,101,47,5
1.3263150514169351,96,96,53,3
5.3470739984734168,98,99,49,4
2.9722464044031796,98,99,49,2
3.4069395706755579,96,97,49,7
0.4548942398715743,94,95,52,3
0.1684966286255170,98,99,51,4
5.1362588250056938,96,96,46,2
0.7083116605005871,100,100,55,7
5.3422091840032824,96,97,53,5
1.5846724099453835,94,95,45,6
6.1486244696341483,98,98,49,4
0.7982265612747754,94,95,54,5
1.7486702874871189,100,100,48,4
5.7627688531645198,94,95,44,7
0.1012380972846774,96,97,51,3
5.1964210853222115,98,99,44,1
5.3669954651838312,96,96,57,5
3.2911523436539105,98,98,49,2
1.8230655677252989,98,99,46,7
2.0830205535492743,98,98,59,6
4.7420364389912262,94,95,54,3
5.4578482292797004,96,97,48,2
1.4916251088581318,98,98,51,6
6.1168818644658751,96,97,54,6
0.5559392940451880,98,98,60,3
2.3002284436805880,100,101,58,4
4.2860916083022795,98,99,61,2
5.4814832735295269,98,99,53,4
0.7231602190091948,98,98,50,3
2.7653437583395961,96,97,50,6
1.1330846396744771,98,99,56,1
4.2617025850521326,98,99,41,6
6.1070781401903975,98,99,61,2
1.8703126393809504,96,96,43,3
3.6721499740642023,98,98,60,7
1.3538299357361590,98,99,47,2
4.5146013403699419,96,97,46,2
1.2820209102423397,94,95,47,6
3.9138332095901656,98,99,51,2
4.3884529314088381,98,98,45,2
4.0173051006677349,96,96,46,4
4.8024083105140098,100,101,56,6
5.9701412162257066,100,100,55,1
4.8305229385735089,96,97,44,4
2.7474530776553743,94,94,47,0
2.6035220182949668,98,98,53,6
0.9112526073976488,98,99,49,2
4.0004419816600860,100,101,57,7
4.4805308998804865,98,99,53,0
0.9821472342076455,98,99,46,7
4.4966234554425242,96,96,46,2
5.4133469960021143,100,100,57,1
2.5803680022282034,98,98,52,5
6.0995171112820543,100,100,49,3
1.9723661232772411,100,100,46,0
6.1178045248185491,100,100,52,4
2.0745211269116939,98,99,53,0
0.7378646840351593,96,96,44,2
0.1787430232843774,94,94,46,1
2.7160044672882240,96,96,47,3
0.3372170197891287,94,94,54,5
5.7011992983275581,98,99,57,6
1.3290391471078871,92,92,49,5
2.7413042540556529,98,98,48,7
5.5223574600215377,100,101,59,5
3.2477585389730752,96,96,42,2
1.1064340809736284,94,95,50,5
4.6302257731081369,100,100,49,5
1.9446519015854351,94,95,45,6
4.9653176408757638,100,101,60,6
3.1386949807037903,98,99,41,6
4.2973052743261810,98,99,48,1
0.4127907039282714,98,99,43,2
4.5085742494280963,100,101,50,0
2.3578887439486014,98,99,50,1
6.0337834290310139,98,99,54,5
1.1272844571086025,98,99,56,3
4.0732068132993087,98,99,58,1
0.1204498456840351,96,96,45,5
1.6350018795376089,98,98,51,4
2.8204280069676608,98,98,60,5
2.4337391992178152,98,98,49,0
0.1632426508343969,94,95,52,5
1.6380065845348339,94,94,52,1
3.9944936647272122,96,97,49,7
2.2185471739049301,100,101,45,3
5.8394064517311097,98,99,47,0
1.0510533614327202,98,99,53,4
3.4220283539698935,98,98,51,0
4.2905370692439950,98,99,48,5
1.4983233514220586,98,98,52,7
3.8200007204947806,98,99,51,6
2.0749136123549836,98,99,46,3
5.4433529992260379,96,96,48,6
1.1119561937290192,98,99,55,2
0.7832794521490283,98,99,47,0
2.8702997835257036,100,101,57,7
2.3732607033579627,96,97,44,0
1.4338696698936628,98,99,47,4
5.8976027876846731,100,101,50,0
1.7216632097913194,100,101,51,3
5.4723532716395598,96,96,48,4
2.0023796045176288,98,98,46,3
3.4949925959185251,98,98,48,1
4.2168914728099063,100,100,40,0
0.6308025009851468,98,99,49,0
1.0544395590385078,96,97,56,2
5.0546913432417133,98,99,44,1
3.6266037817057231,92,92,43,7
5.0919007981544944,98,99,54,7
0.9871991827421094,100,101,62,2
5.8481462641305919,100,100,41,5
5.8731304160960391,96,97,56,6
2.0244953018747256,98,99,43,6
2.9060817444642932,98,98,50,3
0.3932634095761257,94,95,41,4
2.3662223754651683,98,99,51,0
4.9795401667015735,100,101,48,4
5.1318576879712818,98,98,51,2
2.4456951792726227,98,98,43,2
4.3739775318405885,98,99,55,0
3.0538530317641581,98,98,46,7
5.7030795625183348,100,101,53,7
5.1945306236159432,100,100,58,2
2.5584241573566828,96,97,45,7
4.7862988058948419,100,101,40,6
0.9575455189265141,98,98,45,0
5.4885927461654198,98,99,50,7
1.9073068325392775,98,99,55,0
0.8828304994978213,100,101,43,3
2.1756281681163614,96,97,55,3
2.9808785684790218,98,99,45,6
3.2066332612166684,98,98,48,7
2.0512808141810015,96,97,50,6
1.9300379648286552,96,97,51,1
0.6778925143588884,98,98,44,7
1.9106461474275429,100,100,54,4
2.0271992906269443,98,99,47,6
3.7693391107921794,96,97,44,6
5.6085003589474809,98,99,55,4
5.2492350462369881,100,100,52,6
3.9018746244113109,102,102,58,3
0.4991704778022701,98,99,55,4
3.0723473865907707,100,101,45,3
1.0988429728921834,98,99,51,0
0.9734299734549963,98,99,49,6
5.9313519863275959,98,98,48,7
3.7483036367774991,98,98,51,6
0.3769947750325575,100,101,49,7
4.5616096745251147,98,98,54,5
2.2386675405982337,98,99,48,3
6.1608492915093533,98,98,47,4
3.6652859340737498,100,101,54,0
4.2780515245665907,100,100,56,4
5.8753753632593293,100,101,53,3
5.3796144142804287,98,98,54,5
1.1643896937004947,98,99,41,6
2.6140949569425875,98,98,45,6
4.5822125784976695,96,97,49,7
0.6107264127683797,96,97,44,4
2.3458040031075602,96,96,59,1
3.4084386773223692,98,98,44,7
1.3894657137320805,100,100,46,6
4.5214398684557056,96,97,46,2
5.0665278596281338,98,98,56,7
6.2628300665267851,96,96,53,1
1.0516437125159113,100,100,50,6
5.3759334281608711,96,96,42,4
5.8961029635487234,98,98,49,4
5.6661461665593107,102,103,55,2
0.9931096701660102,98,99,47,2
0.9732987512175211,98,99,49,6
4.3909274190305805,98,99,48,3
0.2312778757999448,98,99,52,3
4.0718621772072341,96,96,47,1
3.4786840120305187,98,98,51,0
5.2900541370352521,100,101,57,7
4.2145720080036870,98,99,65,2
6.0568626368143041,100,100,48,2
4.9734690345772199,98,99,55,2
4.3219721158635025,98,98,46,7
0.3968693490592577,100,101,51,5
3.8529667430873911,96,97,52,4
4.8224991163510973,98,98,44,1
3.7753209593086692,96,96,59,7
4.6566094019109823,96,97,45,5
2.9985924161204673,100,101,52,0
0.2404719791381693,98,99,44,7
3.0333973096803808,96,97,45,3
2.1565473099757306,96,97,52,6
3.9315838351359953,100,101,47,3
3.9627924399570134,96,96,57,1
5.1561911363875321,96,97,42,4
4.2027129700255985,98,99,46,5
1.3975333287453948,98,98,53,2
3.8625508517192428,96,96,42,4
0.4131722688146953,98,99,53,4
5.9801373556372148,100,101,50,0
5.1140360176166357,98,99,53,0
4.9365441588029668,98,99,45,0
2.8116998107798090,98,98,55,4
3.3834770721221048,98,98,49,0
3.4396832406580473,100,101,49,7
1.3833814771970059,96,97,49,3
2.8222293250674952,100,101,54,2
2.7469216274743342,96,97,49,5
0.5610847650218149,100,101,58,0
4.5571655312283577,98,98,56,5
2.4754746652506241,96,96,44,0
4.8920011275660498,96,96,46,2
1.8389840817799092,100,101,50,0
3.4453839005721987,100,100,54,6
1.6822372080156918,98,99,57,2
0.2392316910228352,98,99,49,4
3.4285426438653999,96,97,54,0
1.9450439146322571,98,98,48,7
2.9013994793083806,94,94,50,7
1.2807544539037714,98,99,52,7
1.5395713333083256,96,97,46,4
4.6288804689426897,98,98,50,3
5.1458957939229952,98,99,52,5
2.0731717618145007,92,93,49,5
5.3990372909733066,96,96,56,6
5.1365801927441099,96,96,50,4
3.1471386289322627,94,95,50,3
0.4142524399318697,100,101,60,4
2.9206977704688089,98,99,49,2
0.7927129760697448,98,98,55,6
5.7610185843721595,96,97,50,2
5.0925798435285641,98,98,49,2
5.2596387180041031,100,101,52,4
3.8396866666475811,98,99,51,2
1.1281786327065828,98,99,56,1
1.4347334112812995,98,98,52,7
0.8888664511766428,100,101,54,0
5.9429090971018486,100,100,53,1
0.8652458845908763,100,100,49,5
4.9554440544623617,98,99,47,6
1.6659291149112052,100,100,51,1
4.8600254316114491,96,97,49,3
6.0949837833591856,98,99,47,0
5.1269851772334487,96,97,54,6
5.3109526742369866,98,99,49,0
4.3619296833216312,96,97,50,2
0.2989216818272408,98,98,47,0
2.2247907473596342,98,99,61,2
1.1016856948274156,98,99,47,6
3.4729726090260664,98,98,49,6
4.0229588172163808,98,98,61,2
3.0974086600346014,100,101,69,1
5.3683382930790131,96,97,48,4
2.0723208262114841,96,97,43,7
3.6397843209897212,96,97,55,5
5.4464436122265445,98,98,44,7
5.6164051274763676,98,99,54,5
4.0772260503674795,94,94,47,2
3.0088092971228639,96,96,57,1
0.1167151194414134,100,101,48,6
1.6590249923312899,100,101,40,2
4.2187663646923852,98,98,51,2
3.8398819086426785,96,97,49,7
6.2407848754158124,100,101,71,5
1.3932283284825890,96,96,39,3
1.2029059862675371,100,101,50,4
2.6127365132936986,96,96,43,3
2.8543621336441860,98,99,54,7
0.5893816969718048,98,99,52,3
2.2669088520043039,96,97,50,2
5.8787156109116410,92,93,48,0
4.9012944127970792,98,98,49,0
3.5208080021514445,96,97,48,2
2.6503987632889250,98,99,44,3
4.4680439793656612,98,98,49,6
2.4319856630579038,98,99,50,7
3.5511145560962167,96,97,41,3
2.1342837926419875,96,96,57,3
4.2603037521737752,98,99,56,1
4.2549206596131972,100,100,55,5
0.1531442264551863,96,97,50,0
3.8591824942707924,100,101,64,4
1.6580822205044177,100,101,60,6
5.8150946848308367,98,98,45,0
2.3115172862107549,100,100,59,5
3.7902294034411095,98,99,45,4
5.1001950512679119,96,97,49,3
5.1405748349367322,96,96,62,0
3.7257721449707946,90,91,47,0
3.9584273361860194,100,100,53,5
0.7941499179271549,96,97,55,7
0.7783644064321902,100,101,65,1
5.4729065894525890,96,97,53,3
5.6490739947461517,98,98,49,6
2.3613578627890544,98,99,56,7
3.7830407685385001,98,98,43,2
3.5797995019096942,96,97,53,3
5.2548001423128312,98,98,54,1
0.7985864532323879,98,99,55,6
0.1809988948447553,100,100,59,3
3.1660596138752712,98,98,49,2
0.2734333738488464,98,99,52,5
5.6703527936647813,98,99,57,0
4.0353661209537774,96,97,46,0
5.2577197195401864,100,101,61,7
0.1078481010995486,100,100,50,0
1.8505584135613424,98,99,56,1
6.2294470949217642,98,99,49,6
2.3523515238989749,96,97,50,6
5.4752758952627376,100,100,54,0
4.0653261574805475,98,99,53,2
2.5816646237014802,100,101,53,1
0.8137904508827850,100,100,47,5
4.7335463201457646,92,93,45,1
5.0187831202778623,94,95,51,2
1.4245346471172970,98,99,50,7
0.6982355880986796,96,97,56,6
1.2718274038814013,94,95,55,0
3.0161753424298121,98,99,51,2
3.0304734933420181,98,98,45,4
5.7120669955888026,98,99,48,1
1.7025740754247329,96,96,48,0
2.3552595275084567,96,97,53,3
4.1954364395521830,98,99,55,6
1.1739857847132471,100,101,56,4
0.8533178026318163,98,98,51,4
4.3873119697410612,96,97,46,2
0.8387009027103672,98,98,54,3
5.7823938599462394,94,95,59,2
1.6293058067273893,100,101,51,5
1.2790396950343461,100,100,46,4
3.1918209881640300,100,101,52,0
4.7633390897004562,98,99,48,3
4.1797604048775181,100,100,48,4
4.1025549667071086,96,97,49,5
4.7497755733675788,96,97,44,0
1.6035730685431975,96,97,52,4
1.7472702305021937,100,101,62,0
4.6512333828289787,100,101,61,7
3.8991790694686252,96,97,52,0
3.1132893677172651,100,100,46,4
2.7731877217249092,94,94,43,4
1.3378312787425271,98,98,47,0
1.7237478588722313,98,98,53,4
5.7967265827058894,92,93,43,7
5.9838623556726001,94,95,49,4
5.9536456693665611,98,99,51,0
0.1504158978617738,96,97,52,4
5.0726121372468009,96,96,50,6
0.0193846184588075,100,100,54,0
5.1968925951741225,98,99,55,6
5.5179191337830265,96,97,45,1
4.7601463326410345,94,94,45,6
2.7088315789354991,98,99,43,6
5.3862267539609174,98,99,52,3
0.7983289379338324,98,99,47,6
2.1560231525324669,100,101,46,6
5.2504111249925636,96,97,49,1
6.2276207273459043,100,100,52,6
3.1499511685860826,100,101,58,6
5.5453823738069108,94,94,42,5
2.6743224100155540,98,99,50,3
4.5601657230061612,100,101,52,6
5.6835034474620958,96,96,49,1
5.8004394682254210,98,99,46,1
0.6870827665084127,100,100,43,5
3.0412799061227052,98,99,55,4
3.5508921063291847,96,97,37,1
5.0674175842371332,100,101,50,0
4.0602815165378612,100,101,45,5
0.3320147203868151,92,93,44,2
3.9112136897841325,98,98,49,0
5.4376526113711581,106,107,50,3
4.8519853159471840,100,101,45,1
3.0585686770356468,98,99,55,2
4.5292775368060765,92,93,50,4
5.9366551619820918,100,100,60,2
4.9841195645209373,98,98,50,7
5.0757838266005830,98,99,50,5
5.9064879868147964,94,94,54,5
1.0529745179152046,98,98,51,4
6.0645706209060597,98,99,51,4
4.6190955058203027,96,97,43,7
5.2004887304146088,96,97,54,6
5.4947633977986898,96,97,50,4
0.4986410216752141,96,96,55,3
6.0350887329576786,100,101,55,3
4.8773621518529291,98,98,55,2
0.8055951133525484,98,99,51,0
2.5341676821484751,100,101,56,6
2.6220454905815083,100,100,46,0
0.5522206059979591,100,101,52,2
2.7385162432703138,96,97,60,4
1.7180055541813477,100,101,46,0
3.1914916442868786,96,96,50,6
4.4852815997317972,96,97,56,2
4.3318144366554163,100,101,58,4
4.0203926337450442,98,99,51,6
0.8524302187078965,96,96,45,1
3.8978557385582957,96,97,44,0
2.3086560434895196,98,99,47,2
4.1489519250384426,94,95,53,6
4.1697727685133366,96,97,58,4
0.9992849804615448,96,96,50,4
2.4528167840909290,96,97,50,4
2.0600376498118957,98,98,56,1
2.4627542072003754,96,97,47,7
4.5478954582358497,94,95,45,0
4.3618631570179316,96,96,50,6
1.8751264840190180,96,96,53,5
0.0804802257203830,100,101,44,6
3.3419808615471380,100,101,42,0
2.9340607785625124,98,99,42,5
3.9823122163186282,98,99,55,6
4.8042575133817600,100,101,46,4
0.9245632715873794,98,99,49,4
1.5011960826687465,96,96,47,5
2.9194294969661883,98,98,42,1
3.4253706747733310,98,98,52,7
3.5716349442652477,96,97,58,4
4.6911441587890321,100,101,53,1
0.6693769949212705,98,98,38,5
0.8013328893221876,100,100,47,3
3.1516009811156813,100,101,49,1
1.8031867429559587,100,101,53,5
4.7698795187864924,98,98,53,6
0.5317507388141380,100,101,59,1
5.7478359945503295,94,95,49,2
5.6663834219014353,98,99,53,4
5.7146631418643601,96,97,47,5
0.7981646482012381,100,101,52,0
4.6750619651702010,98,99,54,1
3.9398239164785087,96,97,43,5
1.4263736206086164,98,99,61,2
2.3078447693088600,98,99,51,2
3.2746868618269893,98,98,54,7
0.3727489928776325,98,99,50,1
0.0037287517094015,96,97,50,2
3.4079695302840789,98,99,45,0
3.1870206765294675,100,100,59,3
0.2594551174758603,100,101,51,7
5.4709281030661474,94,95,54,5
0.5961550863990187,100,101,55,1
2.2975523397799780,100,101,56,2
0.3860831021989149,96,97,43,5
6.1022050239229264,98,99,49,0
4.1324267027247901,94,94,58,1
6.0960825794691527,94,94,49,6
3.8508476810634908,100,101,57,3
1.1051043528265583,98,99,51,2
1.8291412457930309,96,97,45,7
0.1207085134172486,98,99,55,6
2.8221446249190789,100,101,51,1
1.1683914485531313,100,100,51,3
4.6208350033990708,98,98,60,1
1.1566521700302217,98,99,50,7
4.0329894219598401,96,97,56,0
2.7639990205989950,100,101,54,2
1.6441458574083563,96,97,57,7
4.0970108675329016,98,99,45,4
0.1050028912234683,96,97,49,1
6.2550473429714728,96,97,48,6
1.8975949633051719,98,99,52,5
5.9493217318616374,96,97,49,3
1.6732267798103559,98,99,47,2
3.2669419179923320,94,95,55,6
4.2631609166795128,96,97,60,6
4.1234277151540555,96,97,52,4
4.8902138168860994,98,99,53,4
2.8015223917896641,98,99,41,4
1.0578852009615540,98,99,56,3
0.7019910143123405,100,101,50,0
1.4939029868315818,96,97,50,2
5.9312579987995182,94,95,50,1
4.4689630146694634,98,99,46,5
1.4462161754469725,98,99,49,0
5.1035351489459790,96,97,49,7
1.7059376620419731,98,99,46,1
2.2459630913783828,96,97,55,3
3.5442946239626720,98,99,57,4
4.5529913625697551,100,100,53,3
1.2435131824464483,96,96,44,4
2.6089722964197253,100,101,55,3
4.5614161726757274,96,96,51,3
4.8223040572610607,94,95,43,6
4.4823190207002934,94,94,41,0
0.3842240289567714,98,99,51,0
2.1933330395880355,98,98,49,4
0.5448984473505981,100,100,47,1
2.7804091780691502,98,98,51,6
5.8881451633213153,96,96,54,4
2.6473723200432953,94,95,48,5
4.7584397205557893,100,100,49,3
2.6150819322130801,96,96,53,3
0.9082627629307407,96,97,57,5
1.3293953914387167,96,96,54,2
5.7279987763250224,98,98,51,2
1.0069157015170942,98,98,58,1
4.8072955514127313,98,99,53,0
1.7986812193460480,98,99,51,6
1.4955810582403635,96,97,52,4
4.0594947362472400,96,97,50,2
0.3302491619075791,100,101,45,7
2.2139439956637936,96,97,54,6
4.3881658871960791,98,98,47,6
2.9867736965669782,98,99,43,2
0.0858649038499044,100,101,52,6
3.2529401408397765,96,97,41,3
2.0194803209446168,92,92,49,1
1.1043064586581324,98,99,43,0
4.2798633664389669,98,98,47,4
2.6818437774285280,98,99,70,1
2.2267144757148425,96,97,50,6
0.8788479863093001,98,99,52,1
2.6121956602043559,98,98,58,1
1.7954360442258450,100,101,46,4
6.2038496886180772,98,99,56,7
1.3075095309085452,100,101,68,0
5.6582487070621488,96,97,48,4
5.2509497907644196,98,98,49,2
5.3152051645088623,100,101,53,7
3.8308780963642106,98,98,56,3
3.1011188065195028,98,99,47,2
3.8079474681128569,88,89,38,6
5.0320933181016585,98,99,47,0
2.0903275039233824,96,97,50,4
1.8339180196241935,98,98,51,0
1.4158872920716523,98,99,39,2
5.9859269491857434,94,95,50,7
1.0843340270169974,98,98,53,0
2.5537956032906215,96,97,41,3
1.3322060884145985,98,98,57,2
5.0244701956985951,100,100,45,3
2.1556434136377827,98,99,47,6
0.8929243724448711,94,95,42,1
4.0018571585676188,90,91,40,1
5.4067984167114389,96,97,51,7
1.4321241139047078,100,100,54,0
5.4538577214822359,96,97,56,6
3.5038232045010020,98,99,57,2
2.4099051196000416,98,99,53,0
5.4902064177851280,98,98,52,3
1.1251637005687860,100,101,54,2
2.1701391457204124,96,96,50,0
4.9936138826322489,98,98,52,3
1.5238716685097700,96,96,53,1
0.8591968369051981,98,98,50,1
4.6884385691458261,100,100,42,0
5.1182667277365015,96,97,45,5
1.5268261722981362,98,98,46,5
1.9373965454289745,100,100,45,1
2.5834481717961468,98,98,53,0
1.6428303515046896,98,98,49,2
5.0460376904667230,98,98,52,1
5.4703192934573561,100,101,48,6
3.3468052130975638,100,101,53,5
4.5255233602150966,98,99,58,1
5.0121118920447270,100,101,60,0
4.9394662062028960,98,99,45,2
5.7998974501751759,98,99,51,6
4.8550289129337196,94,95,53,2
5.7206345830491534,98,98,50,1
3.0364588025656420,94,95,51,0
4.3631881208761714,98,99,46,1
5.9929377603755771,98,99,48,5
0.2229989757839017,100,100,58,0
1.8070948589488569,98,99,48,5
4.6182049299769714,96,97,49,3
4.6465685947256405,100,100,52,2
1.4685319579715470,94,95,54,3
4.2419857878133254,98,99,49,2
1.8428594774303504,96,96,45,5
5.6306170675435405,98,99,55,2
3.9657893381305338,100,101,46,6
1.7025587870170424,100,100,59,5
6.0278543237428366,100,100,49,5
6.1717924791472152,92,92,49,3
5.9039232303450850,98,99,48,1
0.0599179267060152,100,101,56,2
4.6144748560003430,100,100,45,5
0.3300032348487941,102,102,50,1
1.4218575774519737,96,97,58,2
6.0749860528017150,100,101,50,4
2.2926425447318253,98,99,46,3
1.3404667763831568,100,101,50,2
2.0174489975787346,98,99,53,0
2.6123106279748414,98,98,49,6
5.8284401120831566,92,93,53,5
4.9292065877347717,98,99,51,2
0.4052994210796622,98,98,50,3
2.0024733922376603,98,99,53,0
3.6517677721920019,98,98,50,3
1.1084264725568354,100,100,52,0
4.5693666367451611,98,99,53,4
4.0438675035672489,96,97,51,3
3.4917978311984639,96,96,53,1
3.6158267600964544,96,97,46,4
4.5079413266741710,98,98,57,6
5.5988763844240168,98,99,50,1
1.5786277775583537,100,101,47,1
5.5131799314739123,98,99,53,2
2.8566171330033550,96,97,59,3
4.3348135929704599,98,98,44,7
1.0295841167918440,96,97,56,2
5.0353256139570419,98,99,52,5
5.7624412833935148,98,99,58,7
2.9344366134491535,100,101,51,3
0.1750891403701780,100,100,60,4
4.1149999679935183,98,98,53,2
5.9220641189070253,98,98,48,7
4.5298060076470907,98,98,51,2
5.6731197451914390,98,99,56,1
3.0022118736445069,98,98,46,7
1.8044813441754093,100,101,52,6
2.9296109514473008,100,101,57,5
2.5080192777467629,98,99,44,5
4.0862653362684460,92,93,61,7
2.7112063901952674,96,96,49,1
4.1117581839416522,100,100,45,7
5.2865774372046843,100,101,51,1
2.4839385758393679,98,99,54,7
2.2543111918318592,98,99,53,6
1.1730275061695519,96,96,42,6
2.5612388603301115,100,100,46,4
1.7284527437535362,100,101,51,3
5.5300756441239658,98,98,52,3
4.4439826838768459,98,98,54,5
3.5316979058245850,98,99,50,3
1.3117387562342728,98,98,45,6
1.4198720689728668,100,101,50,6
1.4161267819682231,98,99,49,2
4.0642908194572316,98,99,51,6
2.2076875402842262,98,99,51,4
1.4542046738035173,96,97,58,4
5.6329533863750765,96,97,46,6
2.9395532883968949,98,99,57,4
0.0110548942532259,98,99,48,7
3.7780570037806358,96,96,43,3
3.2443558764119649,96,97,48,0
1.1876149562683385,96,96,48,0
1.0806597606237047,96,96,47,1
0.4393890905504646,94,95,48,1
3.7137497060675915,98,99,49,6
1.7424821499639473,98,99,48,7
5.6185151874305097,98,98,41,6
0.6281824091781090,96,96,52,4
6.1004543976012355,98,99,57,2
2.4489052648524914,96,96,46,6
3.5740480787377313,100,100,62,6
4.2734402832179113,96,97,51,5
2.5995841806514721,96,97,46,0
5.9911883244153552,98,99,46,1
2.3206890620648251,100,101,36,4
2.7569727449489432,96,97,49,3
1.6936185724965092,98,98,49,2
2.6457575848380270,96,97,51,3
1.4932170400189317,94,94,45,0
4.7215042658723947,96,96,43,7
4.1064815624780397,96,97,55,3
0.3717960811726697,98,98,50,1
1.5617229616514083,98,98,50,7
1.4308303715260515,100,101,54,2
1.3434989031500271,100,100,49,3
5.7755646856481526,98,99,57,2
4.6334444170313729,96,97,51,3
0.6821831816110666,98,98,46,1
3.0766754623202872,100,101,49,1
1.7797483825817346,98,99,54,5
4.6805686344121709,98,99,52,7
0.6027397765199348,98,99,48,1
0.6355613433772097,96,97,42,6
0.9452579280443605,94,95,54,3
4.0607810387562351,98,99,60,1
0.2614937258653568,96,97,52,4
1.2180677906959507,96,96,54,4
0.9547053062073710,98,99,60,7
4.9089303634536110,98,99,48,7
0.4817984249758460,98,99,50,1
1.9402493353062442,96,97,52,2
5.0604356252422749,98,98,49,6
5.9675143771482615,98,98,51,6
1.9320260153590192,98,99,57,6
3.9017735438117613,98,98,50,7
5.0099644551024154,96,96,54,6
5.4502474268857926,98,99,47,4
3.6536905715507313,100,100,58,4
3.3474683381661552,98,99,47,2
1.7900964454203894,100,100,52,2
4.5451450800129356,96,97,46,6
4.2446074561484073,98,99,57,0
1.9152518999936239,98,98,61,0
1.7998153152071570,98,99,47,0
5.0856907298877854,98,99,45,6
0.8383384714774393,96,97,45,3
2.5397064034999981,96,97,31,7
0.6193007077914346,98,98,52,3
2.7636420243564919,98,99,44,5
0.8758996260040284,98,99,45,4
3.3813188278577861,100,101,54,2
3.4718211021010554,98,98,40,3
1.1183834254481284,96,97,48,0
2.6555225598429875,98,98,53,4
3.1297887901504513,100,101,49,5
2.9888494604747868,96,97,49,7
4.4544185311449374,100,101,52,4
3.8693780167378278,98,99,56,7
1.2942037336837182,100,100,57,3
3.5171811151813279,96,96,49,5
6.2375102224509700,100,101,57,7
2.2321467068665908,98,98,62,1
0.8582485130270141,98,98,41,4
3.9372471294609017,98,98,44,5
0.7340719793909127,94,95,43,0
5.6697616302489315,100,100,44,4
1.4521336583741753,98,98,43,0
4.2085724618544846,98,99,56,3
0.3512387984695547,98,98,47,6
2.9418846220748494,100,101,48,4
0.9401367440804154,94,95,44,5
2.1904198839640707,98,98,53,2
5.6472883907628892,96,97,48,4
3.7045915165476888,96,96,59,7
5.5992721427750904,100,101,51,5
3.1173431558727085,100,100,50,6
3.5707972461433588,94,95,51,0
3.4380068693860109,98,99,51,2
4.4323306830473195,98,99,49,6
2.4126973853883293,96,97,56,2
4.6848064935293490,96,97,47,1
0.1033000809694377,98,99,52,1
1.2534645384151262,96,96,54,6
2.6354507436697929,98,99,50,5
5.7412367069425443,96,96,50,0
5.4581781279165504,94,95,41,4
4.8134387826793317,92,93,52,6
5.6580435671502478,98,99,44,1
5.5965351187308068,94,94,47,4
2.2900860000271952,100,101,46,6
1.4874846112457780,98,99,51,0
1.2989030165599564,98,99,57,2
1.7310578422057763,98,99,53,2
3.9642021780359591,98,99,58,1
4.8282979883664545,98,99,50,5
3.5029183361981331,100,101,56,4
2.8596295361027715,94,95,45,6
0.3252493546869759,98,99,46,1
3.5473273206261182,98,99,44,7
1.8126301544742525,88,89,38,6
3.4663156968444415,100,101,59,1
0.1016561982915481,96,96,51,5
4.9766652878811781,98,99,49,0
2.1489734055161493,98,99,48,7
3.2947068920367863,98,98,55,2
2.2990185088576403,98,99,45,0
2.0575906070870555,98,99,41,4
2.0543168262981082,100,101,49,5
0.1233117719852727,96,96,46,6
3.1734447049483259,106,107,59,6
0.1858375803647247,96,96,50,4
5.4518894135132561,94,95,49,4
3.4009697687985909,98,99,47,2
3.8400758326870719,100,101,57,5
1.1045997085600030,96,97,46,4
1.0427949926479101,94,95,58,3
4.2194696994045673,98,98,46,1
5.9979815718199436,94,95,52,7
1.5203696552671511,98,99,47,4
0.2987651032630378,94,94,41,6
1.5946933511522197,98,98,50,1
3.7628651431989386,96,97,51,5
0.2853598027940669,96,97,42,4
1.9591000892760704,100,100,57,3
0.8096550723481046,100,101,51,3
6.1066166972495228,96,97,46,2
0.6069215355874211,96,96,45,1
5.9583427093829693,100,100,37,3
3.1548655385880151,96,97,47,5
2.9054088710948012,98,99,50,7
1.9697938860985329,98,99,45,0
0.4585882327999948,100,100,50,6
3.2491558535164629,100,100,51,7
4.5932355630779398,96,97,51,3
4.7259419035131565,100,101,51,5
3.4364311841408717,98,99,45,6
3.3323985300709382,98,99,46,1
2.4533090544143308,98,99,56,1
5.3682038089026509,98,99,56,5
1.1836799720780897,94,94,45,2
5.6834786218784643,96,97,43,1
0.9225409282159827,100,101,63,7
0.8195913823226094,98,99,61,6
4.5714797355062533,96,96,47,1
3.5523162994374786,98,99,60,1
2.2994644352741269,100,100,43,1
3.8560118580159566,98,99,51,6
1.9316880189390571,98,98,54,3
0.1401328302046076,96,97,52,6
1.0765160034237566,98,99,45,2
3.1515960770392693,96,97,52,6
0.9516326736254739,98,99,49,4
5.6465250994893204,100,100,56,4
5.5338043866535651,96,96,43,3
0.3552996297202923,100,100,46,4
2.4378363539016079,96,96,50,0
3.9443973015308647,96,97,42,0
1.9504551634545590,96,97,49,3
4.3296665271626145,98,99,43,0
2.8435748894691328,90,91,59,6
1.8665678869005080,98,99,59,6
2.2034479262121458,98,99,53,2
3.7427115623295282,94,95,52,5
5.8112214783617171,90,91,40,5
1.0552750427821826,96,97,47,3
0.2173839015663005,96,97,46,2
6.1977697026126028,96,96,53,1
1.9970056371983209,100,100,49,5
1.8509442950204944,98,99,51,0
5.3849520216934446,100,101,60,0
3.8501935340183708,98,98,50,7
3.9947551794878531,96,97,49,5
2.3181407597010932,96,96,57,3
3.9726012122738807,98,98,48,1
4.4600528571422533,98,99,52,3
5.8717579575117886,98,98,51,0
4.1691475634153869,98,99,47,0
3.5824003362140791,96,96,52,0
5.3634709342611711,96,97,40,2
1.4146445330722863,94,95,44,3
5.6406800009993407,98,98,53,0
3.9836398269789055,94,95,55,0
0.5055300611693583,96,96,46,2
2.3160719416966651,100,101,57,7
3.2518720739966107,96,97,52,0
1.2038605414498809,98,98,53,6
0.6614146302946674,98,99,52,7
2.8910364741135504,98,99,57,0
0.9699542495852932,98,99,52,7
0.4353999817709459,98,98,55,6
1.4026581203081558,100,101,47,5
0.1395691297851349,98,99,56,7
5.0667963819767916,100,100,46,6
1.6549332418948937,98,99,53,4
4.6545422565469012,100,100,51,3
4.8552211238576266,96,96,45,5
1.5152887626145604,98,98,58,3
3.0004248594648808,98,98,55,4
2.0325154009132262,98,98,51,0
2.5653465682465280,100,101,57,1
5.0844242298276612,98,99,40,1
4.8986071798892619,98,99,53,6
4.1137952709390859,96,96,50,2
4.5743398623023630,100,100,50,4
5.6404079410037573,98,98,49,2
4.1372962701870577,98,99,48,5
4.9718945218042325,98,99,50,3
2.6182531919749574,96,97,50,6
3.2867529662055790,100,100,57,7
0.7254221681913712,98,98,54,1
4.7820322175530245,98,98,53,2
3.6003217832228760,96,97,45,5
1.9407375138430720,98,98,48,1
0.8746137404960701,96,97,52,6
5.0319777402980659,96,97,48,0
4.1162672177456265,98,98,49,4
2.7197987660717060,98,99,52,5
6.0563485976867337,98,99,48,7
2.6964344267306517,96,97,56,0
5.9273716102073548,98,98,50,3
1.4121014528850524,98,98,43,0
2.2119175275575675,96,97,41,7
5.0466070290964495,100,100,53,1
0.4716648759399567,98,99,51,0
4.2278164346302081,96,97,64,0
4.7448751109529432,100,101,49,1
3.7008538294026398,96,97,48,2
6.1423283350553186,100,100,60,2
5.2440818712649664,96,96,48,0
5.7629947522680967,100,101,61,3
1.4101642283069364,96,97,50,2
4.2740488155449903,100,101,44,6
3.9161242431998522,90,90,46,1
5.9208872283186134,98,99,45,4
1.9343313323386750,94,95,52,5
4.0467683800461085,96,97,53,7
0.6216264510443507,96,97,57,1
5.7811091324435298,100,100,51,5
3.4669108133773165,96,97,47,5
5.9070093595746824,96,97,41,3
2.8474731685828436,96,97,54,6
0.2559538560799858,100,101,48,0
2.5877207180785389,96,97,62,2
0.1021277413847494,100,101,61,5
0.2408396982015442,96,96,48,0
3.1112914821743587,98,99,52,3
3.8873128807514181,98,99,56,3
1.8359465236064205,98,99,50,3
0.4492488120754806,98,98,51,2
5.6176455392152800,100,100,40,0
0.7012527265283990,98,99,56,5
3.3977723291001607,96,97,48,0
1.6226645171550682,96,97,42,6
0.1543696043273451,98,99,56,1
0.5348558280709951,96,97,49,7
4.3403694091332783,98,99,50,3
1.2628086534029697,100,101,47,1
4.3040244992979098,94,95,47,6
4.0802608720388509,98,99,55,2
1.6160558541872792,98,98,51,2
1.8227955715201045,96,97,46,4
2.3772953469756199,96,97,49,1
4.4203551032336588,98,99,50,3
2.5469506257658727,100,100,46,4
2.2308538427392883,96,97,48,6
2.3791138394725544,98,99,54,7
5.4530110335654527,102,103,61,6
2.2673514819072169,100,101,51,3
4.7930385535572189,98,99,52,1
3.4420469845884774,98,99,47,0
1.0737340139046783,98,99,48,3
5.3106553055463790,98,98,55,2
5.1563297221345392,96,97,49,7
3.2589182091959414,98,98,60,5
1.3080350184073168,98,99,49,0
3.9625561617359391,98,99,51,2
4.8964553000257016,98,99,55,2
6.2223797633275950,100,101,50,0
2.5500947780666774,96,97,42,0
4.2886080785959360,100,100,52,6
3.1053344909947893,98,99,53,0
5.8753418469884595,100,101,61,1
3.5151144827311893,96,97,48,4
5.7581306486027328,92,93,52,2
4.5225930523118265,96,96,50,4
3.1353508273423265,100,101,52,2
3.2134463926281653,100,101,58,0
0.0457338852107025,98,99,48,5
2.6923253593416656,98,98,47,6
0.0547028361207963,98,98,46,5
6.2059396369028956,100,101,54,6
1.5813916149752283,100,100,44,4
5.8807515685755325,100,100,53,7
5.7087646529831906,98,99,57,0
3.0019627279317840,96,96,53,3
1.8299451949423164,96,96,38,4
4.9352124863826194,98,99,58,3
2.5201420338648086,100,100,43,5
0.7019303128870891,96,97,58,2
3.9735022988994686,98,99,48,7
0.3969099910430383,100,100,49,5
1.3154140663949658,98,99,50,1
3.9736277710585917,98,99,47,4
3.1112979226176027,100,101,54,4
0.5597363003465072,98,98,43,6
2.2687574233337289,100,100,59,5
2.5905578033024268,100,100,55,7
2.8596521644432591,96,97,43,1
0.8022491552230612,96,97,46,2
1.9701011375018744,94,94,53,0
4.3453430753759221,94,95,55,0
5.1754836655245846,100,100,51,3
4.8105174044927841,98,99,57,4
5.0842412317996191,100,101,52,2
3.6321182003888559,96,96,48,4
3.3278031888382236,94,95,60,1
2.5573693511162143,98,98,43,0
1.6575746079044149,94,94,51,6
2.1973857472518969,96,97,48,0
5.2319733821255143,96,97,49,7
6.1792066874895371,98,99,53,4
1.7793213994517776,96,96,50,0
1.1872807422465930,100,101,55,3
0.2378086980881647,100,100,49,3
5.6291658028947742,98,99,53,2
0.4426825997293350,94,95,54,1
3.9629512919210081,94,95,65,2
6.1671733159880242,92,92,46,4
5.8666459895054333,100,101,46,0
2.9892597415285169,94,95,55,0
5.7381603810740316,98,99,53,2
4.8589612056426263,100,100,48,4
2.7360612291803248,96,97,57,5
2.2849077918809502,96,97,45,1
3.0210343988526454,98,99,54,5
5.8226604157416162,98,98,43,0
2.7379277547102174,100,101,49,1
2.3459376266243859,98,98,53,0
1.6551292244709983,98,99,51,6
5.3555020297096956,98,98,49,6
2.0363369398041704,96,96,52,6
1.0613750328033849,98,98,48,7
2.7777875016275453,94,95,55,0
0.4417316090238127,98,99,52,5
3.3844795665189835,98,99,48,7
4.0912015529728789,98,99,52,7
1.9875766002923234,100,101,48,4
1.9629559848604774,96,96,46,4
3.1566368024549019,96,97,59,5
1.0136977364625399,96,97,55,7
1.4029990424580367,98,98,57,6
5.2868604758878028,96,96,52,6
1.0156898203792790,98,99,45,2
0.2287520544856286,98,98,49,4
2.8336566070180722,94,95,45,0
0.4742788457663254,98,99,53,4
2.1379081515340492,96,97,59,7
2.7484192518643260,100,100,48,4
5.2483636190455343,96,97,41,7
2.8176164778452537,96,97,46,4
5.0735818561792447,98,99,45,4
2.5176931278641002,100,100,64,6
3.4785953814822816,98,99,52,5
1.7497189563423530,100,101,38,2
5.4345430671581552,96,96,39,3
2.2899392585356115,96,96,47,1
0.2387070060009302,96,96,44,0
5.5508204268465215,98,98,55,2
6.1864403703936679,98,98,47,6
3.4000614264733864,96,97,46,4
1.8040631460388692,98,99,42,5
5.7455470339366830,98,99,53,6
2.0789145627468426,98,99,59,4
2.2822624445389352,98,99,44,1
5.9114550169983495,96,97,51,3
5.9830106114196369,98,99,49,6
0.2072695084200949,98,99,55,6
2.2800629547807314,96,97,44,0
6.0100574913477312,96,97,54,2
0.4218881990460218,94,95,46,5
1.8169147171450670,100,101,50,4
2.9548676206791651,100,101,48,0
2.1624827558401130,98,99,54,5
5.1301479492623328,100,101,60,4
5.3778450526877499,94,95,46,7
4.4866159910528456,98,98,46,5
2.8911308853322022,100,101,45,1
0.2383888028298035,98,98,52,3
4.2428613220903495,96,96,40,0
3.4920173404821577,100,101,59,1
5.2099873626180724,94,94,48,3
4.7690789709907877,98,98,56,3
5.6022723292460492,98,99,45,6
3.9023838717227184,98,99,51,4
4.9353335159683400,98,99,59,6
4.5377268084042326,94,94,38,5
4.2817341520377745,98,98,46,5
4.6126668355057907,98,99,56,3
5.5157135485644542,100,101,55,5
0.5083983421420081,98,98,51,6
4.3508968226850220,98,98,49,6
2.7445354256324817,100,101,56,0
0.4851033073911576,100,101,44,6
1.9555752531015753,96,96,56,4
3.0726188955394473,100,101,50,2
2.7060082517324959,98,98,42,7
5.6794887971100767,100,101,50,4
0.7353948394022789,98,99,54,1
1.1750898606998035,98,99,48,3
6.0670226254576569,98,99,47,4
2.0997420159756883,100,100,57,1
4.7313684655808839,100,100,56,6
2.4529163198105963,98,99,50,7
3.0687989266613571,98,99,55,4
1.6839935761040259,94,94,47,4
0.9407006051101698,96,97,56,2
6.1612441256813408,98,98,52,3
1.3698730339904879,100,101,54,0
1.0719806217761210,98,98,53,6
0.3880195682791969,98,99,40,5
0.7924278284327522,100,101,62,0
4.5846858826090449,98,99,47,6
6.1775145257691628,98,99,52,5
4.7496212769019843,98,99,45,6
1.4308949566574944,100,100,52,4
4.4838179018859057,98,99,52,7
3.1908109203383792,94,94,43,6
3.4371224312345365,94,95,50,3
5.4517838179658575,96,97,46,6
1.9826445876659209,98,99,54,3
1.5008490950997655,100,101,52,6
4.1293025203272675,98,98,49,0
2.9012642601114100,94,95,50,1
3.7843230503172651,96,97,59,5
0.6998634692086579,98,99,53,4
5.9088671728069579,98,99,44,1
2.1996216800164792,98,99,44,1
1.8547375934753789,94,95,50,7
3.0046868495469945,98,99,58,3
5.6866994614730952,96,97,47,3
3.7175538072310390,100,101,55,5
3.3034962596556432,100,101,53,7
0.5305068375918129,100,100,52,2
1.7916804036973009,94,95,46,1
0.2534966055112935,96,97,44,2
3.8759937699164726,98,98,49,2
1.6325522010526370,100,100,49,1
4.3854076233069410,98,98,52,3
1.5435064921069279,98,99,51,2
0.4791200599655167,100,101,51,3
4.6852470997950908,94,95,56,5
4.8995131622111936,100,101,48,4
2.7737567334826978,96,97,44,2
0.4559312015730765,100,101,43,3
6.1386272961799664,94,95,41,2
0.4872593574099940,100,101,55,5
3.3814580486270338,98,98,46,1
3.0683804418912555,96,96,46,2
2.8809324307628206,96,97,51,1
5.6058198264240255,94,94,51,4
2.6640293470636172,100,100,55,3
2.9696212884929740,88,89,46,4
4.7946678526961870,96,96,39,3
2.2820352735020926,98,99,48,5
1.2161140232640688,100,101,46,4
5.1486342368608993,96,97,51,7
5.3233033045466946,100,101,42,6
5.5315517967249157,96,97,55,3
3.3478958757829216,98,99,52,3
0.2769518270122444,100,101,48,6
4.1891151267029780,96,97,52,0
2.8259273117966965,98,98,59,0
4.2041357533016841,98,98,50,7
5.6426675520754781,98,98,59,4
2.2656108124744407,96,97,43,5
3.5773708451815378,100,101,49,3
1.8398807835337929,102,102,52,3
1.0958860205985110,100,101,53,5
3.3210510977041223,94,95,53,2
3.1882035005158640,96,96,47,1
0.2005542343337458,100,101,52,6
6.1766169177960153,98,99,42,1
0.1628648357194931,96,97,50,2
0.4671582438647870,98,99,47,2
4.2009660086381357,102,103,53,2
5.8806465306984084,98,99,50,1
3.0450957641686656,98,98,43,2
6.0200867040039050,100,101,56,0
4.9996958555060083,100,101,59,1
3.1567174506629039,98,99,47,6
0.6601909250514256,94,95,53,2
5.1795018264764261,98,98,49,0
1.9325812466336423,94,95,52,7
5.9737620839218959,98,99,48,7
2.2994786406328114,98,99,47,2
5.1313952893214605,94,94,50,7
5.8480923376961123,98,99,62,7
2.0635095253046543,98,99,52,5
4.8316986931147436,98,99,51,6
3.3840621659193300,96,97,49,5
0.9108197564820102,96,97,47,1
2.2694658045748879,98,99,54,1
0.2786324281487961,98,99,58,7
4.0250015075614396,98,98,54,3
2.0523467757658946,98,98,60,3
2.1592106431033899,96,97,52,0
0.5682642052336331,100,101,50,0
2.3708010109921811,96,97,47,3
5.6744183781679407,96,97,47,5
2.5746166813853613,98,98,50,5
3.8029626294693148,100,101,55,5
5.6550231099997674,94,94,45,6
2.8758455418987094,100,101,38,6
1.8416885683861721,98,98,49,6
5.8597546111717396,98,99,49,4
4.2384278631396439,96,97,49,1
1.4690572817295502,98,98,52,7
3.4631343962501870,98,99,57,0
5.2962885122749057,100,101,59,1
0.8012741070601059,96,96,58,6
0.4550448493128083,98,98,53,2
4.0971991892686832,96,97,48,2
4.3631851720445063,100,100,50,4
2.8033959323630042,98,99,56,1
0.8585003952830799,96,96,45,1
2.2818198740553330,100,100,48,2
2.2093646699154839,98,99,51,2
2.0361912600043870,98,99,46,5
5.2354886428312595,98,99,48,7
5.5511881846749942,98,98,53,2
2.0272967510618414,104,105,52,0
1.8273718651630797,90,91,38,5
1.5498792256298526,94,95,44,7
3.6882188033531125,98,99,49,2
0.7596384205192375,100,101,50,2
6.0689353487832021,96,96,54,6
2.0400686277330076,96,97,50,2
3.9386446099475800,100,100,61,1
1.7759126347149123,96,97,59,7
3.8069567022894555,94,94,52,3
3.2282223894880544,94,95,51,0
2.3216883696933506,98,99,53,6
2.9230439367974119,98,99,54,3
6.1056203357259111,98,99,50,5
6.2728531759848787,94,95,41,0
2.6032906232262647,98,99,55,4
0.0166296546652812,94,95,44,1
4.7275319496279700,96,96,50,2
4.5095940981021503,96,96,46,6
0.0865248926816667,98,98,54,7
1.4627592976213757,96,96,49,7
0.8633526837158921,92,92,46,2
3.0666990553922924,98,98,53,4
2.2449985777107306,100,101,61,5
5.0510222688626891,98,98,58,1
2.9776735619969013,98,99,53,0
2.8694273119362985,98,99,40,3
5.3411003344919816,98,99,45,2
4.9822241726424128,98,99,53,6
0.5035317826740126,96,97,54,6
1.2900449193634207,102,103,51,0
5.1096215533146632,100,101,55,3
5.6246830489867774,98,99,47,2
2.8651955349887643,98,99,55,4
3.6127374060673629,100,101,56,0
3.2420687644845074,98,99,63,2
3.9976505920646850,96,97,49,1
5.3553846610103824,98,98,46,1
5.6729323412749100,100,100,44,0
3.6637532790946530,98,99,53,4
0.1109704403223502,98,98,48,3
1.1212916611262413,98,98,44,3
0.4313541302890433,98,99,52,7
4.8858865094619892,100,101,57,1
0.1927367542745585,98,99,47,0
4.3276261865950003,98,99,52,1
3.5806868519067789,98,98,50,1
1.9521348859638685,96,96,44,0
3.9493229763435163,98,99,50,7
0.4952781165377616,98,99,57,0
3.3927935832856928,96,97,48,0
2.9350587229240483,98,98,57,4
2.7929945247767960,94,95,42,7
0.6667634319317791,98,99,52,3
3.5391464634473122,100,100,51,1
1.1728333444529930,98,99,53,6
1.0646201861346256,96,97,50,2
2.4125219079826747,98,99,46,3
0.7678262443794035,98,98,48,1
5.0949529968856275,98,99,51,4
0.4931234904114727,94,95,51,2
0.2248245153284906,96,96,45,3
2.3169999575474529,98,98,49,6
3.1112927198009932,96,97,56,0
3.0215741228456166,98,99,56,7
1.4575934234593169,98,99,47,2
4.5194777655857559,98,98,51,0
3.1848964500921513,96,97,53,5
4.6281446071632883,98,98,61,4
4.4136603571396469,98,99,62,3
5.6375882970479161,96,97,53,5
2.3182644401070469,98,99,41,0
5.4869446477482944,102,103,57,6
2.2510608978571738,94,94,53,4
0.6942446529912121,102,103,58,3
4.2655543811267504,98,99,52,5
2.7198805750858650,96,96,49,1
0.8224900332516033,98,98,44,3
4.8224689912594636,98,99,48,7
4.1652646758419660,98,98,58,5
1.5825399474749879,100,100,50,2
5.2134199778738655,98,99,53,0
1.2191936393391019,98,98,47,2
5.5815335404421456,100,101,53,7
0.6125900071255422,98,99,55,4
2.6821255782211195,96,97,50,4
4.4197731888865972,98,98,46,7
2.2918898244234325,98,98,43,2
4.5617150963341144,102,103,47,0
2.8073377682416853,98,98,41,6
1.5186901287021544,98,98,58,5
1.7893623345704319,98,98,37,6
3.9231915080387889,96,97,55,5
5.5048131371213049,96,97,58,0
2.8404647866596324,100,101,56,0
5.6000524430277103,100,100,53,7
3.8645911227723904,102,103,59,0
5.3331039632190924,98,99,45,6
2.5925575699103787,100,101,43,1
1.9745538934771494,98,99,43,4
2.8019808227134653,96,97,51,7
5.2691607729730672,98,99,49,0
4.3936687108388934,98,99,47,0
1.2037445727424940,96,96,53,3
2.9532034651317538,98,98,62,3
0.7564635223282467,98,99,49,0
5.9244762505285564,98,99,50,5
5.4769833984707290,96,97,52,6
4.0819276362512973,98,98,60,1
0.4339612240129205,98,99,49,4
4.2579144804367992,96,97,44,0
1.5759374041582781,96,97,54,4
1.8642989670942691,98,99,57,4
3.5168568961203484,100,100,47,1
0.8079136622311623,98,99,52,3
3.0604275379080388,98,98,39,2
4.7345051338238777,94,95,51,6
0.9552718440621722,98,99,50,1
0.6839233156489944,100,100,46,4
1.2405708339783368,100,100,49,7
4.2538214938420404,100,101,48,4
4.4499453011205095,98,99,53,0
0.4810296064218000,98,99,40,1
0.8537073376120012,100,101,65,7
1.7131029413412044,96,97,56,0
0.4534538218790378,96,97,49,5
1.3187445254440273,100,100,45,5
3.7146371120356831,100,101,50,0
0.8999109263552760,98,99,42,3
1.1079305820260252,96,97,55,5
4.3154072478189356,96,97,46,2
3.6360862245759189,96,97,50,6
0.2710165430160165,98,98,51,6
1.2434381330566688,96,97,52,0
2.9943652622103958,98,99,45,6
3.0146841240612043,98,99,56,1
4.2682675012754361,94,94,53,0
1.3488849662545304,98,98,58,1
4.2470927084897063,98,99,60,1
1.1183649291353788,98,99,54,5
2.0601796416375104,96,96,51,1
4.6411024355288513,96,97,55,3
1.0689958978917782,98,98,43,6
2.3199120131937323,98,99,51,2
1.2954467900902233,96,97,47,5
5.2454967296584014,96,97,50,4
3.4978349179113133,98,99,50,3
0.7523911018858407,96,97,45,5
3.0523731127990623,98,98,43,6
5.4010606032333426,96,96,44,4
3.4766301851961998,100,101,51,5
5.3274937884444089,98,98,40,7
1.1403277021838678,100,100,41,7
4.5797088284820022,100,101,57,1
0.1660409659441497,98,99,54,7
5.8630261388554086,96,97,58,0
4.8203003107231748,96,97,51,1
5.5071413437125356,98,98,59,0
3.7690612889831727,96,97,48,4
2.1104267659069738,100,101,51,3
6.0433174729517498,98,98,44,3
1.6216821974862996,98,99,52,7
1.0400309579777869,96,97,49,3
3.7871534671257643,94,95,50,3
3.3720225596630713,96,97,47,7
3.5255348730709661,98,99,54,7
1.5782748380573299,96,97,42,2
1.0097419706313238,94,95,43,2
4.2228369084490476,100,100,46,4
3.9983505524559790,98,98,43,6
5.4086237159311947,98,99,62,5
1.3052796562765083,100,101,57,5
5.4586922512870633,96,97,53,5
5.7079188968188799,98,99,51,0
3.3899984005078583,96,97,50,0
2.6469129078967226,98,98,48,3
1.0107046443055325,96,97,56,6
3.4158265248090118,96,97,56,0
1.2927471110952262,98,99,57,6
5.6304328931460397,98,98,38,7
2.0698202946931734,94,95,48,5
0.3925018610911356,98,98,49,0
2.4798360061499789,100,101,52,0
0.5328304842921960,98,98,50,1
2.5090931265522860,98,98,45,2
2.4942755710650117,98,98,58,5
5.6042816071924983,100,101,49,3
0.9973701290951599,100,100,47,7
2.5777561616046367,98,99,54,7
1.2738627086989003,92,93,55,3
2.8176513569601895,100,100,49,5
4.6780035582827617,96,97,42,6
0.6493649897446695,98,98,56,7
1.6569869314123244,98,99,59,4
2.1190919691768442,94,95,43,4
5.5765420761532321,100,100,44,2
2.0334718912964878,96,97,45,3
2.7776163318310263,94,94,42,3
5.0319386339370622,98,98,47,6
1.1242792046239134,96,97,44,6
4.9423027556302870,96,97,55,3
5.9787930336847053,96,97,53,7
4.0510030502275614,96,97,45,1
4.6878628335006427,100,100,53,7
3.3133994451859961,96,97,38,2
5.2228209792953253,98,99,58,3
0.8040901448338329,98,99,54,3
4.9307116296725457,98,98,55,6
3.1098613480877866,94,95,54,5
6.1120326120969493,96,96,48,0
4.2308955100155803,98,98,57,6
0.5633124354169995,96,97,49,1
4.4110057606608732,96,97,47,5
2.8987263439685251,98,99,49,2
3.3985590784323039,100,101,46,2
4.6648556462251909,96,97,48,6
2.8774408108855023,98,99,53,4
5.6731888382451885,96,96,45,3
3.1918924245285312,100,101,50,0
2.8244846396836949,96,96,55,3
5.1077994767686858,100,101,47,3
4.6530002525158114,100,101,51,5
6.2085163616263568,96,97,45,7
1.9933753021313665,96,96,52,0
4.5425614366587093,98,99,52,7
2.0324912667723960,96,97,57,3
4.1299748641303662,98,98,61,2
1.7161545182444282,94,95,44,5
2.5829023165213099,96,96,47,5
2.2503380025870547,100,101,52,2
1.9698813896250356,104,105,53,1
0.9091317455816307,100,101,45,1
2.1128502608526887,98,98,48,7
6.2583750982940751,96,96,53,7
5.8080615657535644,92,93,48,4
0.5484663809469570,98,99,50,1
1.7033261888515434,98,98,50,7
1.1242993343632817,100,100,49,7
0.8334504784886256,98,98,54,1
2.9317571316133866,98,99,55,2
4.0744972250489484,94,95,45,6
3.8820801319790732,98,98,46,7
5.5276286212731982,98,99,45,6
3.5574684118322328,98,99,52,1
1.5755806748276293,88,89,41,1
5.1948528756894028,98,98,45,0
1.6650306885239923,100,101,59,1
0.3107322395474824,100,101,53,5
2.4806007146865645,100,101,55,7
2.5788443499607339,98,98,49,4
3.3036390892981871,98,98,43,6
4.9390760813871157,96,97,54,2
5.0954545393088964,96,96,60,0
5.2994788583718790,102,103,57,2
2.2219477137797949,100,100,45,7
5.1452444322753035,98,99,53,6
3.0918582378481601,100,101,53,5
1.6296093747521450,100,101,48,6
0.7684842852491304,96,96,53,1
3.8113309394691375,98,99,53,2
4.6498046122836314,98,99,59,2
5.4305879607218470,98,99,49,4
3.3070060293033774,98,98,58,7
0.9501182956874857,96,96,48,0
0.8538481196695891,100,101,53,7
5.6964021145659398,96,97,44,0
1.0122651527412023,100,101,54,0
6.1833802083059943,96,97,41,5
6.2256828718304584,98,99,54,3
2.2734493649366430,96,97,46,2
3.7250371419228818,100,100,49,1
1.8143722399892506,96,97,52,4
1.5205794420352765,96,97,50,6
5.8700540967831305,96,97,45,1
6.2232732940959128,98,98,60,5
0.9004581212059295,98,99,58,1
1.8687443329870252,96,96,47,7
5.9638832437543385,100,101,54,2
2.9252085128612477,98,98,57,6
5.5737545309728960,96,97,44,2
6.2437117430156830,98,99,50,3
3.9896364398176525,96,97,56,6
0.9260122181536572,98,99,53,0
1.7725724089770170,100,100,50,2
5.1982984714459155,96,96,50,0
0.7513865244883146,98,98,54,7
3.2279392902632456,100,100,53,3
5.5936621372603250,96,97,51,5
6.1777850417209290,100,101,52,0
6.2822791677558252,100,100,56,4
0.1090032463402353,98,98,50,7
2.0615413638302806,96,96,49,7
3.7027435710118275,98,98,53,0
5.3281273669939226,92,93,47,5
1.7028408710249960,98,99,45,4
2.1876624490802996,96,97,57,7
1.6482167862353354,100,101,48,4
5.1230842837575397,100,100,50,6
4.0177727029597383,98,99,52,5
4.7107167645013108,96,97,47,7
1.2685142504068394,98,99,53,0
0.0536249703377608,94,94,49,0
4.2898983918471512,96,96,52,4
3.5226874138144666,96,97,48,0
0.7225186724556401,98,99,48,1
5.4929263785347775,100,101,53,5
5.3058074461972629,100,101,52,4
3.0147594869613386,100,100,45,3
4.5583543629868624,98,99,51,6
3.0051770678833081,96,97,62,0
4.3235996917476989,94,95,48,1
0.5697644949550813,100,101,54,6
5.5525925203961819,96,97,51,3
3.3992343504662927,96,96,53,3
2.0039132210183714,100,101,50,6
0.6781527016421991,96,96,49,5
0.6174863476851077,96,97,53,3
1.6424590433663437,98,98,56,3
1.9130028674059445,100,100,44,0
4.6103715447816862,98,99,53,2
2.2939349343950215,98,98,68,5
1.3037914962364408,92,92,51,1
4.0808309417631099,100,101,50,0
0.5626921167685294,98,98,49,6
4.8844839697684730,98,98,51,4
6.1937045643305488,98,99,51,6
1.3537190580533434,98,99,48,3
2.0417443708410854,96,96,46,2
3.6090345003563922,98,99,53,2
4.0439688610219884,100,101,48,4
3.1035998164369536,98,99,52,1
0.4792623113914490,104,105,52,6
0.3315966503425538,100,100,57,3
2.5709095572462930,100,101,45,1
3.3615029716107410,98,99,56,1
0.4732005669801233,98,99,53,4
3.6144273179025301,98,99,55,6
0.3717807048247926,100,101,52,4
4.0105551751942041,98,99,50,7
4.4999693905690092,100,101,51,3
0.6053341174075089,100,101,49,5
2.0244059246227564,96,97,46,4
4.2271297395675553,100,101,54,6
2.2452611074156672,96,97,47,7
1.9814511499856202,98,98,48,5
5.4881314571301640,98,99,57,0
0.6144462811216683,98,99,51,0
5.2137907301841544,98,98,51,0
5.5798683713755413,96,97,43,7
2.8852171584043407,100,100,49,3
4.9441883633680366,98,98,39,6
4.8575914709800454,100,101,56,6
0.8907316933727089,96,96,47,5
4.3864287689947217,88,89,44,4
1.6495764564634086,98,99,47,6
1.2166784133977584,98,99,49,6
6.0926090633044829,96,97,48,2
2.5398628777282362,98,99,50,3
2.1049052283291272,100,101,60,4
0.8721590195146711,102,103,63,0
3.9983109598160986,98,98,50,5
0.3380508977768708,98,98,48,3
4.6280420018070174,100,101,56,4
3.1723863835536807,92,93,51,3
2.1483402726403997,98,98,44,7
3.6443960968329576,98,98,44,1
3.8228766191872032,98,99,40,5
6.1140103991689321,98,99,53,0
0.9048615646383286,98,98,47,0
0.3392240227409606,100,101,52,4
1.8965924332828601,96,97,42,0
5.9241971989170921,98,98,45,0
2.5066511679869818,96,97,61,7
0.5858586415277419,98,99,44,1
4.5707411894472392,96,97,54,4
1.0628012093939194,94,94,55,4
5.6635534352907966,98,99,53,6
2.2341818943560887,98,98,46,1
4.6341813452459757,98,99,54,3
4.5800658313328082,96,96,49,3
0.6810952830231617,100,101,50,2
5.0405058172367276,94,95,55,4
5.8475770690570101,100,100,55,1
0.7459911919325403,96,96,41,7
1.5956076428580575,102,102,59,6
0.5167944198422205,98,99,57,4
1.2362689930092294,100,101,54,0
3.4979639497646113,98,99,49,0
6.0652342700470099,98,98,55,0
1.8827437230637767,98,98,54,7
4.4195431408310784,98,98,47,0
2.9827135901876112,96,96,41,5
0.6233287656441826,98,99,46,7
1.0618569118631886,96,97,45,1
6.1664197266656213,96,97,47,1
4.3285821000246099,98,99,53,6
2.1647084603933973,100,100,55,7
3.5109705932425062,96,97,54,0
1.4529684994750092,100,101,52,2
5.1352633893645603,98,99,62,7
5.0252121727633607,98,99,56,7
1.4452361159548190,100,100,53,3
4.3730209472046040,98,99,48,1
6.1110780806010183,98,99,58,3
3.9952941532069715,96,97,48,0
4.6623669141219723,96,97,57,3
0.6609047945115892,98,99,63,2
0.6029107272476552,98,99,41,0
2.0070856906234704,98,99,49,0
4.6115589486480175,98,99,45,0
5.8355920440799087,96,96,46,2
1.1471130932575282,96,97,51,3
5.6680739667886071,98,99,51,0
4.9826042297670474,98,99,58,3
2.5802968002228615,98,99,46,7
0.1676200521495442,98,98,52,3
2.2026544023961696,94,95,48,5
5.7408501809983123,96,97,49,5
2.9419922564808285,98,99,55,4
4.8235738499068654,96,97,50,4
0.6371796837647841,98,98,47,6
0.9273450759405013,96,97,42,6
3.2645111803205871,96,96,58,6
0.9099653577233013,98,99,62,7
3.0525361378777740,96,97,54,2
3.8350352516360604,98,99,56,3
4.1844369754522281,94,94,50,5
0.1946561155241735,98,98,48,1
3.1512861078782386,98,99,52,7
1.1381981947579785,94,95,53,0
4.1167626959353445,98,99,55,6
4.1852294716827618,98,98,53,0
5.4649198955164868,100,101,52,4
1.7569511933113380,98,99,54,7
1.8452120785377704,100,100,52,4
4.1836427911541278,100,100,52,4
1.7765220358026150,100,100,60,6
3.1297455518740369,96,97,50,6
1.4389622306621339,98,99,47,6
2.6406835341127670,98,98,56,1
4.8798943188559152,96,97,49,5
5.7327655670723576,100,101,45,7
3.0753079498188218,98,99,57,2
1.1579505267990977,96,97,53,3
3.5538581392223638,94,95,53,0
2.6063308698778522,98,99,51,2
1.3910012487505836,96,96,55,5
5.1729445431226058,100,100,44,2
4.1719516530486986,94,94,54,1
2.0167221179555188,98,99,56,1
2.4826594510291473,100,101,52,4
1.6616590537304334,98,99,47,0
2.0467272238449068,100,101,55,7
4.8558810677532831,98,99,47,6
1.9135206602333206,94,94,49,0
0.6059212593525559,96,96,54,4
5.3927347952072902,94,95,43,0
2.3311309283924553,96,97,60,6
3.7383107661328578,96,97,55,1
4.1952944283954485,98,99,54,3
5.5583209538849347,98,99,53,0
1.4615868623343500,98,99,48,1
3.5118026661931472,98,99,58,3
4.5081742461349315,98,99,47,0
5.5226595543932602,98,98,49,6
4.3519617289276793,100,101,50,6
5.1613348378754615,98,99,51,2
2.7483596044421259,100,101,45,5
2.2294014247159741,100,100,54,0
3.4058109726648191,96,97,59,3
5.1244652315401433,96,97,59,3
5.2858413322491176,98,99,53,2
4.0024633902275299,94,94,45,2
4.3696471507879817,98,99,62,3
4.5325819561532414,98,99,51,2
4.3677007180936629,98,98,48,1
5.7925987172207671,100,100,49,3
0.8801649484657337,98,99,46,7
3.7458365233580220,98,98,51,6
3.9986745312582865,98,99,52,3
2.5705889663532031,96,97,56,6
3.0230875168690403,90,90,45,6
2.2095424318065424,94,95,49,2
6.2754952621061681,98,99,50,1
0.1343717650844365,102,103,53,0
1.9772538653956504,90,91,52,1
4.9389004680262820,98,98,54,3
4.1888085989859301,98,99,46,3
0.3248864186483702,98,98,39,4
0.5297760525219716,94,94,49,2
6.1736233204331104,102,102,53,2
1.0810953856642633,98,98,53,6
4.3728013627176452,98,98,48,3
5.7006331805339299,98,99,48,1
5.2380923078816419,98,98,63,2
3.6968388005643193,98,98,57,4
3.6843147925859623,98,99,50,7
0.5063695327499789,100,101,53,3
0.6044436890000233,98,98,50,3
1.9538028438800845,100,101,49,1
4.4375220132865927,96,97,51,3
3.5377033910919451,98,99,57,6
0.8494156094134260,96,96,51,3
0.1319862305362221,98,98,48,3
5.3080404132114687,98,98,51,0
5.9085961254116262,96,97,50,0
5.2258808258899956,98,99,50,7
3.8338337178032025,98,99,52,1
0.1643422871189633,98,99,45,4
2.2512174016353073,98,98,55,6
1.2111506719001046,98,99,60,5
2.9955316374968439,98,99,50,7
4.0403388858981035,98,98,45,2
4.3039666374820476,96,96,42,0
0.7522211241880078,98,99,53,0
3.8146795382218488,98,99,60,7
1.0875932941769089,100,100,50,2
1.6072880428517946,100,101,58,2
0.7415272867304730,98,99,43,2
0.5214351362873533,98,98,43,4
1.0433185411859971,98,98,44,5
0.9937539843981590,98,99,55,0
1.1005393529536092,98,99,50,3
4.5282067728876338,98,99,51,4
5.8236021165832677,98,99,53,4
5.7476047948816875,98,99,58,7
3.8033818899418446,94,94,40,1
5.8113253490507120,98,99,41,2
0.8687150547468501,100,100,50,4
4.3435941985159694,100,101,48,0
5.9885134348192999,96,97,41,3
2.7209033033900609,98,99,55,2
2.5337106043351398,98,98,45,2
2.4572828687143344,98,98,43,2
4.1087102402201072,96,97,45,3
4.7826998099100608,98,99,49,2
0.7182117084845647,100,101,45,7
3.4442383073849410,98,99,43,6
3.5026588244162817,100,101,46,4
2.0669873009794890,98,99,49,4
4.7696143843818186,98,99,46,3
4.6084633118504641,98,99,50,3
3.6795223628322442,100,101,53,5
3.3677630635983244,98,98,49,6
1.1806546475789383,98,99,52,7
0.8386978227969468,98,98,53,6
3.8428246401352744,98,98,58,1
0.2261049171167395,98,99,57,6
1.6622147660581663,98,99,54,1
0.9280575564157015,100,101,52,2
0.4432905951826613,98,99,52,3
5.9298225472986852,98,98,47,4
1.2730121763579536,98,98,47,0
5.0402938880233190,98,99,52,3
0.8864736750716818,98,99,54,1
3.4115090742576304,96,96,47,1
2.2441818299281779,98,99,55,4
3.8429754222684713,98,99,40,1
3.9016606393287332,98,98,59,6
2.9913302407190887,98,98,39,4
0.3807515195524613,98,98,49,4
3.9701264899479192,98,99,49,4
1.4349082914374780,98,99,61,2
2.2867210382183103,100,101,53,7
1.1424888781014506,94,95,42,3
6.1571056394973525,96,97,50,0
3.7623777937334859,94,94,48,1
4.7053043703952930,100,101,51,1
