theta,t_count,h_count,s_count,w_count
2.0315048369809610,96,96,57,3
3.5295618312002408,88,88,44,6
4.1326432445330328,94,95,47,4
0.9541602481608272,96,96,45,5
4.6753998399735650,88,89,49,5
4.0564129495536374,94,95,50,3
5.7066785682873142,94,94,44,1
4.6871399510192928,96,97,47,5
3.9043769496164784,96,97,50,6
2.8950295852821601,94,94,49,4
2.5260066670513903,94,95,43,6
5.1585396376156964,96,97,47,7
1.7541741533556623,94,95,53,6
3.9341411291788697,94,94,49,2
0.3195806580644128,96,97,42,0
0.9911830633956735,90,91,52,5
4.2438916981738490,96,96,48,0
3.6519155266520955,92,93,52,4
1.2021545463349990,92,93,46,4
4.0759877066684718,94,95,53,4
2.9185129467566786,100,101,42,6
4.9698244770574638,96,97,61,3
4.6096696483957791,92,93,43,1
6.0187664300843702,92,92,39,7
5.4128885362745649,86,86,50,1
1.1131510576366324,94,95,50,5
6.1290979982968476,90,91,46,1
1.5428116976800765,96,96,54,2
4.5446884627173940,92,93,49,7
5.6418862732390380,94,95,46,7
5.2372722513107473,96,96,50,6
5.7608240417581129,94,94,48,1
4.5988402644628215,94,94,59,4
3.6001417343947413,96,96,51,3
5.4839869018317184,94,95,54,5
0.6080236391797099,96,97,48,6
3.9618068517704419,94,94,45,0
0.3550639876076217,92,92,62,2
1.2539600754491624,94,94,45,6
3.6899624881630189,96,97,43,3
3.3438418228603588,98,98,50,3
2.4891530791349203,94,94,48,7
2.1883992370082681,96,97,46,2
0.0947111259517271,94,95,40,5
3.3368477675605859,92,93,44,0
4.7785232954867007,90,91,52,3
1.9278620155027124,96,97,50,2
4.4761134417696704,94,94,50,5
1.3080101036561540,96,97,49,1
0.8813440558068588,94,95,44,3
0.5183681330526509,92,93,49,5
0.2264799011027486,96,97,46,6
0.0756339902263628,98,98,51,4
2.2506837901744459,94,94,49,6
4.4606333795242623,96,97,44,2
3.6047568994684838,94,95,45,0
4.3511766377046222,94,95,45,0
2.7036348505905843,92,93,57,1
3.6615630176499656,92,92,46,6
3.6864710311036362,92,93,48,6
2.5196423449998280,94,94,48,7
1.4075955632431085,96,97,54,2
5.9196257685706826,94,95,45,6
5.3910240984484350,92,92,46,6
4.8741204007323402,96,96,55,7
4.3447036197301685,94,95,51,0
5.7919244492520354,94,94,45,2
4.5550220421269243,96,97,53,1
2.0582906354451533,94,95,51,4
0.4407957956458134,94,94,55,0
4.9700806526139738,96,97,58,0
3.4594359249071980,94,95,53,6
2.5594778586611682,90,91,40,7
1.8532720116807775,94,95,46,1
6.0174350146477371,96,96,54,4
0.4536165315601038,94,95,48,1
5.0649457283719119,94,95,52,5
5.6051644687771809,94,95,55,4
3.2291904361932393,94,95,50,5
1.2604438690670872,94,94,57,6
5.4885909140693521,94,94,41,2
1.4773262064283772,94,95,51,0
5.2563024271831669,94,95,51,6
2.5140452984612707,94,94,58,5
4.8366324342502525,94,94,46,5
1.4321873371525702,96,97,38,4
3.8707085425079577,94,94,44,3
5.5969704659844588,96,97,46,4
1.1380270867029021,90,91,50,3
1.3247168985339475,94,95,47,4
5.5246867863612543,94,95,53,4
0.1103651751812526,92,93,54,4
4.8489543372921622,96,97,53,1
4.0599253240423572,94,95,54,1
0.8332666204382119,94,95,40,7
4.9336654431725808,94,94,48,3
2.5294147899031985,94,94,52,7
5.0377865294477528,94,95,45,4
0.4225521797931872,94,94,56,1
2.9254651969197427,96,97,47,5
3.9221262075437138,96,97,44,2
4.9200854521042539,94,95,50,3
2.1744597005783657,94,95,62,3
0.8627280074135862,96,96,56,6
1.3708758565443402,96,97,41,7
2.1403979226936567,94,95,56,5
4.4947058517551328,96,97,49,3
2.9095177137314741,96,96,54,2
5.8891077617652794,94,94,41,6
5.2609649408731558,94,94,51,0
5.7683598159508849,92,93,57,7
5.3018867072508975,92,92,44,6
2.1225466793042589,92,93,46,0
3.4747828446014846,96,96,57,5
3.1992987119472351,94,95,54,3
5.6570518388395978,96,96,49,5
5.5034501080323270,94,95,44,7
5.6113606753804062,98,99,59,6
0.9963815293309829,98,98,53,2
1.1961626946288884,92,92,46,0
4.0727484047564566,94,95,45,2
4.1110867439750782,96,97,36,2
0.4806313773903129,96,97,47,3
0.4244797423749835,96,96,51,5
4.1229154720858885,90,91,47,0
0.7987450237340135,96,97,47,7
2.2062171222391052,90,90,45,4
5.2222837980408485,92,92,53,1
2.3179178241122327,92,93,51,7
2.9736959452698666,92,93,48,4
2.1493390456610908,94,95,44,5
5.1736610237456864,94,94,42,1
6.2372623669193672,92,92,44,6
2.3942867939330323,90,91,39,0
2.4816912566650271,90,90,56,7
2.5150184755344478,98,98,50,7
1.5715682431705678,92,92,45,7
4.3119163481182508,94,94,44,1
2.2528160804010531,94,94,56,1
3.1669772015763091,94,94,44,5
6.2026742123570591,96,97,53,5
1.1893223318213511,96,97,54,0
1.0619165919609115,96,97,66,6
4.5102174242164628,92,92,55,5
3.7584614988024776,94,95,50,7
2.0535420150686772,96,97,54,4
2.0575732571673324,96,97,54,6
3.5478511862033439,90,91,51,0
2.1110587582538702,94,95,54,7
4.8826156904303710,96,96,49,3
5.0746597340755892,96,97,62,0
1.6923198018862473,96,97,60,0
0.4264961184191355,90,91,51,0
3.8941559617567676,94,95,48,7
4.7905910038473634,94,94,49,2
5.9238432011303521,88,89,40,0
1.9837457740483908,96,97,53,5
5.6799761128016018,94,95,47,6
0.5826708421538928,96,97,45,5
1.0856415581753946,92,93,46,2
1.8074432799987983,96,97,49,5
2.0425187473431565,94,94,50,3
5.3931351621785000,88,89,45,5
2.1365391552416462,94,95,50,5
2.6901009549994943,94,95,47,4
2.9437115087023362,94,94,39,0
5.1676835768316201,94,94,42,7
2.5666144052809186,94,95,41,6
0.1974621781060194,96,97,49,7
4.2097426959214319,96,97,50,2
4.3472512629452069,96,97,45,5
4.7744835997442152,92,92,41,1
4.5939948857353841,94,95,43,2
5.1230652875868783,94,95,46,5
3.0009147571062287,94,95,52,3
2.2518066793726090,94,94,53,2
6.0566925041622621,92,93,44,2
3.6818906425735154,96,97,49,1
1.6650164805375611,96,97,54,4
2.3904316296018835,96,96,51,7
1.8045236097499078,96,96,55,7
4.1372392859830702,94,94,54,1
4.5444755127671241,94,95,56,3
4.6147115848246782,94,95,51,0
1.0282747694322243,94,95,59,0
4.8699621814924265,94,95,57,4
2.2762803988574514,94,94,50,7
4.9825664772293372,94,95,48,7
4.2506655219697889,96,97,47,5
1.0686347284204347,96,96,61,5
3.9853791446173834,94,95,50,7
0.6626019777788853,92,92,55,5
3.2121480560841196,94,95,47,2
3.6551754481028662,94,95,50,7
0.7207950032449935,96,97,53,5
4.7806043556271334,96,97,56,0
4.8426171359257468,96,96,50,6
3.2844119567569741,96,96,47,7
5.3262552971276031,96,96,50,6
6.2012994116949445,92,92,48,6
4.2534818269656522,94,94,46,5
3.3753477209630054,94,95,41,0
2.3290181917405510,90,90,43,6
2.8753423466386892,96,97,55,3
3.1222459688076283,92,93,42,2
0.4253196882278789,94,94,57,0
4.9675587451348235,94,95,46,3
1.3652740768236868,94,95,40,3
1.5956844497411677,96,96,47,5
0.2363269152815058,92,93,44,0
1.8564598908890479,94,95,55,6
3.0551069724606323,96,97,50,4
3.8752705639611724,94,94,58,3
5.5312935527661660,94,94,53,0
2.7375855496826631,96,97,44,4
0.9768704561236480,94,95,42,3
5.9101345320477208,94,95,42,1
1.6280920280905129,92,93,39,5
1.9947535866380275,96,96,46,2
5.0860772565348862,94,94,43,4
4.7745966084235603,94,95,56,1
3.8740103428814621,94,94,44,1
0.0083726390307755,96,97,50,4
5.7500425658537582,92,93,37,7
1.8153684916972175,94,95,48,3
5.8011258253477722,94,95,40,3
1.6212836022925785,98,99,58,3
2.8507868869495065,94,94,51,0
2.9734089424838288,92,92,50,2
4.8040658635319291,94,95,47,4
5.2843556038445882,98,98,49,6
1.6052087928324335,96,97,56,4
1.1117411201601974,96,97,57,7
2.8359020848821941,96,97,57,1
3.5814329148914519,92,93,43,5
1.0292397242294615,94,95,49,2
4.1182391435762327,96,97,60,4
2.9064703521251345,94,94,44,3
2.9477664442686256,94,94,41,4
5.5530578987932477,96,97,46,6
0.2244247531346499,92,93,46,4
1.4771508137755107,94,95,52,7
5.4652738569268369,94,95,46,7
2.1982782979491189,94,94,53,4
4.0892547061565940,96,96,52,4
0.3341911255381212,96,97,45,3
5.4790405658821015,94,95,51,4
2.4937170740255787,92,92,50,4
2.0948057353802034,96,97,50,0
2.9516886312021402,94,94,50,7
3.5277074368146555,94,95,49,6
4.7279029589294677,94,95,46,3
4.0366138566149417,94,95,44,1
2.2624420583692331,96,96,49,7
3.5072223232948336,94,94,47,6
1.2452675386672245,96,96,48,0
4.4099868837960639,94,95,50,7
1.7230671701520308,94,94,51,6
4.3579903050917705,96,97,53,3
1.3047858709678632,94,95,54,7
5.1236297714268506,94,94,50,3
3.4382713185086442,94,95,49,0
2.5713999344753353,96,97,42,0
0.7184191976249570,94,94,41,6
4.2132905611625304,90,91,47,4
3.3799244091553606,96,96,54,4
3.3847196791054892,90,91,43,0
0.6972362811146913,94,95,42,7
6.0626716576035804,94,95,43,4
4.9671579516285966,90,90,34,3
1.4383703345534757,92,93,41,7
1.4410039202718505,90,91,44,5
1.5750376742692205,94,95,45,0
1.7637898695499279,94,95,57,0
1.5317311051978022,96,97,45,3
3.4385432803439260,96,97,51,3
0.9196914862170291,96,97,48,0
2.6290095282007337,96,97,61,1
4.3925845505194614,90,90,41,4
4.3535037235285516,90,90,46,1
4.4208300737836321,96,96,56,4
2.7732065185136885,96,97,43,1
4.1929147173745527,94,95,52,7
3.7215026477576933,96,97,48,2
2.9899945491069504,96,97,53,1
0.1779680522238051,96,96,56,0
4.7419373856706848,92,93,49,7
3.4391872567940611,94,95,49,2
2.3905071817423709,94,94,53,0
2.1834527740818110,94,94,46,5
0.8888419671961771,92,93,47,1
2.1723221512350501,94,95,53,0
3.4118294974948311,94,95,48,3
1.8638209022028607,94,94,56,7
0.1957021486995120,94,94,54,3
3.0691144604270764,94,95,55,6
0.1265234949457538,94,95,52,1
1.4967178308826676,92,92,47,7
4.4230420340391303,94,95,54,3
2.0853275255874415,96,96,47,3
0.8444653264292502,92,93,44,6
4.8518001605885317,92,93,50,2
3.1955875109268148,96,96,42,0
5.3736212258382050,94,94,52,1
4.2237939397469368,94,94,53,2
0.8381737978085937,96,97,36,4
3.4549711640103107,96,97,50,2
3.1185698821078072,96,96,51,3
5.7495342173453095,96,96,54,6
1.8230881828323131,94,94,53,2
2.2800167123309349,96,97,53,1
0.3780852745829151,94,94,44,5
1.0762788444145976,96,97,44,2
0.9809541653555240,98,99,57,0
4.8287405810205737,94,95,51,4
4.4813605717042586,90,90,47,0
0.6950963944864157,94,94,52,5
4.2268495770659014,92,93,49,5
0.6059566363917389,92,93,48,4
0.7713443399558760,90,91,52,3
2.2691838982033530,92,93,56,4
3.2348295874131927,96,97,60,0
6.0519379311883990,92,93,45,7
3.9374801060692644,94,94,53,2
0.3256665880150243,96,97,52,4
2.8825188236625396,90,91,45,4
0.3149101787327380,96,97,52,6
0.3704156313007575,94,95,55,6
5.3190287583928475,96,97,43,3
3.2440536492024470,94,95,44,1
0.2088309323482480,92,93,58,4
4.0767334969909914,96,97,48,2
1.2290461128829575,94,94,46,1
1.6346774305262468,96,96,45,5
0.0391398644541484,94,95,49,0
3.4361948283366415,92,93,47,5
4.5643986832654750,92,92,55,1
3.6633160981041621,94,95,48,5
3.1357841975734071,96,96,49,3
2.1113003388086775,96,97,49,3
1.0383873290098187,96,97,51,7
5.5411240860727569,86,86,47,4
0.2412744536261464,94,95,46,1
3.8832281633227770,94,95,43,6
1.3105205474153880,94,95,61,6
0.3025987452517113,94,94,47,6
3.9074639756942187,92,93,45,5
3.5791422193289271,96,96,58,4
3.5342652235974343,90,91,50,3
5.4929642610101359,96,97,51,3
0.9209509537180445,96,97,42,4
3.0484986631302804,92,93,43,1
1.5774938047921658,94,95,52,5
1.5862644578132168,94,94,47,0
3.6745600892996850,96,96,51,5
4.2377702540989990,86,87,46,5
0.0762832843852250,96,97,50,0
1.8015890720273677,90,91,42,3
4.6232672243100028,92,93,40,2
2.6868879364246951,94,94,53,6
1.6781338756847914,92,93,45,1
1.5271724433019895,94,94,54,7
0.6929911519398443,94,95,47,6
4.7100031793109816,92,92,34,0
2.3747073143721744,94,95,38,5
3.6148378702241057,96,97,46,0
4.7098257337856655,94,95,54,3
2.8880425911757057,96,96,60,6
3.2453192720805863,92,92,47,3
3.7249205497262432,92,93,51,7
1.9183867994964288,96,97,42,2
5.7455318855264226,92,93,43,3
1.3101164676100747,94,95,52,5
5.3484751248928504,94,95,47,2
5.9649658790258746,94,95,51,0
4.1670913221253816,92,92,54,6
5.9044626527130806,96,97,52,6
3.3035778008942662,94,95,48,3
2.0285563504508155,96,96,52,0
1.5931203363374651,96,96,46,2
1.1021969365554780,92,92,52,2
5.1546777326189055,94,95,54,3
1.7912445768547105,96,97,44,0
0.5625051023528939,92,93,51,5
1.2554305785278106,96,97,57,3
5.4730884018802124,92,92,46,6
2.8527828353890747,94,95,52,5
0.2987745717316534,94,95,43,2
3.4283532376556898,94,95,48,7
2.4175761450721458,96,96,46,4
2.4555523571423956,94,94,45,6
3.8712960408466466,90,91,50,5
2.9542838113246379,92,93,51,5
3.5946606772427754,96,96,47,5
1.6811991415152594,94,95,50,5
2.5840426965396315,94,95,42,1
2.3793122124877506,96,97,59,1
1.5535499139054418,96,96,43,7
3.8690993601311754,96,97,58,2
2.6270703474968982,94,95,45,6
1.0215015480591720,96,96,53,5
0.5866870161321780,84,85,43,7
2.4512803803164243,94,95,42,7
3.0920245282986563,94,94,45,6
6.1054781635720623,94,95,55,6
5.5874760291854333,92,93,44,6
4.8056884780002589,96,97,47,3
5.5675283147679826,94,95,47,0
6.1011156329260192,94,94,42,5
5.0846897619580407,96,97,52,2
3.6239657610778488,96,97,60,6
3.1334539521107954,94,94,60,1
4.5560628012600777,96,96,50,6
2.5975959702353628,94,95,50,7
4.9441984227740035,94,95,48,5
4.6502535235423466,96,96,50,4
3.5959290009315188,94,95,49,2
5.8330922061260804,94,95,58,7
1.8403445993499861,94,95,55,2
4.9333149491511303,96,97,62,6
4.3774846108178762,96,97,50,4
4.5813765644394033,94,95,45,4
5.7923907713539027,92,93,43,1
3.9404794537436163,94,95,52,1
3.2133481682655671,94,95,50,5
0.5158571400386640,96,97,53,1
4.4513120324080884,96,96,49,7
5.2792500502933093,96,96,40,4
2.5923238215482112,94,95,49,4
2.9772834309734018,94,94,52,5
5.5682318246660492,96,96,51,7
3.1847868612892909,94,95,55,2
1.8313659465997658,94,95,44,1
2.4876030988473623,96,97,45,1
2.6830587995165613,94,94,48,7
5.4914581798579238,94,94,50,1
0.1176798088802132,92,93,52,4
3.2520822310845059,96,97,35,7
0.7223758644319438,96,97,49,3
4.3666063247651747,96,97,62,0
1.9630942300096459,94,94,47,0
0.7939584221360484,96,97,61,3
4.6563339977521636,98,99,52,7
0.1675841289169600,94,94,54,5
4.0322027025314826,94,95,53,0
5.3469230791857409,94,94,48,7
5.1659920829998267,96,97,47,3
1.2447552048762549,96,97,45,7
3.5193010331040773,94,95,47,4
0.1571569432972015,94,95,48,3
5.7488390963905767,94,95,41,0
2.9681066361064374,92,92,44,2
3.8663035939736901,96,97,52,4
5.8179484600057094,94,95,59,2
5.1758820303339359,96,97,41,5
4.5899229032497706,92,92,41,7
3.5533494735884426,94,94,47,6
3.5681829146650141,94,94,47,4
4.3242409837683642,96,96,55,3
0.3236471829354193,92,93,46,6
2.4467761441180769,94,94,53,6
4.2743495202222190,96,96,53,3
3.2385765992972111,92,93,44,4
4.5693280010570190,92,93,37,7
3.8400645564660172,96,97,52,2
2.1971978061956592,94,95,51,6
3.3135419063376061,92,92,47,5
4.8984221351935044,96,96,43,1
0.4843982360417312,94,95,50,5
2.7005177585730573,94,94,58,3
1.5052449247698247,96,96,43,3
4.4920236721564812,96,96,46,4
2.8783141476743088,92,93,51,3
1.5073919395354372,94,94,50,3
2.2186763010417780,94,94,52,7
2.7826999123344174,94,94,52,7
5.5178752999605827,90,90,55,0
5.9854733468899051,94,94,43,2
4.7195273162724156,94,95,40,5
3.4415726616530500,94,95,41,4
0.1504799174115205,96,96,42,4
0.5915170315491376,94,95,42,5
1.8027129012246055,94,94,55,2
4.0327146747106282,96,97,52,4
2.0871836432120290,94,94,52,7
1.4365759089135917,96,97,43,1
3.4583276665814999,96,97,43,7
3.4787835155324536,92,93,44,6
1.0024232417400569,100,101,52,0
2.3397749586525625,94,95,44,3
5.9020440696614394,92,92,46,0
4.6155334741190108,92,92,50,4
5.2645386053305199,94,95,45,6
4.6023293110091688,94,94,47,2
0.7255897403407980,92,93,56,4
0.4971947649633770,94,94,52,3
1.7243474056202701,94,94,47,2
5.8861368926401676,92,93,41,7
6.2722840350022278,94,95,52,3
4.5834533937514710,92,93,47,1
0.8484024879735560,96,97,63,1
1.1967346192609591,94,95,41,2
4.2536828139570764,94,95,43,4
1.3505165654975473,94,95,49,2
5.5412169992544120,96,97,49,5
0.6211721971084361,88,89,46,0
2.5945419649867341,96,96,50,4
5.0525870388038836,94,95,51,4
4.0545325603661970,96,96,46,0
6.1541739382811329,96,97,52,2
0.7311998987039956,92,93,62,4
6.0814306146389887,88,88,47,5
3.7449577187821133,96,97,48,0
6.0688616036378304,88,88,49,7
4.4966329528697528,92,93,48,4
5.5964812592622106,94,94,50,1
5.7927157743882756,92,93,42,6
0.4646451755731852,98,99,48,5
0.6331513873277622,94,95,51,6
6.2619678377256882,96,97,48,6
4.2811509158199801,92,93,42,2
3.6016203670575213,94,95,45,0
4.8758922645650076,96,96,54,0
5.9890167749221161,96,97,42,2
4.0456633576493912,92,92,42,4
2.2524907618559715,96,96,45,3
4.2044153855869979,92,92,59,3
5.5200029960009260,90,91,45,4
4.5736893372926497,90,91,44,3
0.1614607482424699,96,96,47,7
4.3983477068827952,94,95,51,0
1.2370751842474315,92,93,46,2
5.3887009894212561,94,94,45,4
1.4341175965753692,92,93,47,1
1.7834922800527628,92,92,45,3
6.2695956494371918,98,98,42,3
2.7147963088871943,96,97,44,2
4.2917551635824998,96,96,51,5
2.2581368939241386,96,97,55,3
1.7004571992462179,92,92,53,5
2.1630929478133307,92,93,53,3
2.0109059019363742,96,97,56,4
1.7417850747715466,92,92,49,1
5.5446992659076368,88,88,41,5
2.4611419950213809,94,95,49,4
4.6076130618864548,92,92,41,3
5.9755391383961820,96,97,48,6
0.3333881056358762,96,97,51,5
4.8229496224566848,96,97,51,3
2.6749630701068310,96,97,57,3
2.5318700599379804,94,95,49,2
2.5143163910191650,94,95,44,1
1.9476927550095451,98,99,52,3
0.6248492689460571,96,97,52,2
0.8220254332024722,96,96,45,1
2.0035207290569792,96,97,48,4
3.4184394830285081,92,92,51,7
2.6055374337819646,86,87,39,0
1.1611386911576700,96,96,48,6
5.0061348727034209,94,95,45,4
5.9250069986154079,90,91,57,6
0.0147285106797939,92,93,52,0
3.8935777266304341,94,94,57,2
0.9589723711317294,92,93,48,6
2.1409815062522379,96,97,52,4
5.9983200351764259,90,91,39,6
4.6931734774435974,92,93,46,6
4.2820679002511799,98,99,48,7
0.7740470898248665,94,95,44,3
0.5330507144670263,96,97,49,1
2.3160733755818934,86,87,31,6
1.0148845313173993,96,97,52,4
0.5179805253918287,96,97,49,5
2.9048731949703273,94,95,45,2
3.5828463028325315,92,92,44,6
1.1347640643972086,96,97,50,4
4.7455031184229073,94,94,44,5
0.0977401601934984,92,93,50,4
2.1850129839010846,92,92,46,0
3.5368432155296601,94,95,46,1
2.5038696595342436,94,95,46,7
5.7733836942330994,94,95,50,5
5.2809448541110537,92,93,49,3
1.7825688056864730,94,94,53,6
3.2796756156935811,94,95,54,5
5.2051933704270761,96,97,51,3
3.0098718215128928,94,95,54,3
0.5204287323578212,96,96,44,6
2.3884418901285613,96,96,45,1
2.8769170813584344,92,93,59,1
0.4291487923663322,94,94,57,0
4.6412365123487405,94,95,49,2
2.3523117918000569,94,94,48,3
0.6364390820998390,94,95,53,0
3.2972693077675683,96,97,52,2
3.9395265285252679,94,94,47,6
0.5553357378763557,92,93,39,7
4.2880547266148170,96,97,55,1
1.2492922705528604,96,97,52,0
5.9170648650927440,94,95,49,2
2.7586754831987368,90,91,45,2
2.0962234505144517,96,97,57,5
0.3433080345370237,94,95,51,4
5.6220877832069061,92,93,51,7
3.9171080650297827,94,95,51,4
4.3512033782027615,96,96,61,5
2.8320413181726667,96,97,48,6
4.8673519122873561,94,95,43,2
5.9788527472752051,94,95,50,5
3.0897806105543100,92,93,43,5
5.4647401805664373,94,95,57,6
4.1407554457674829,94,95,37,2
1.4666637419835966,94,95,52,3
5.3645667640354091,92,92,42,6
2.4144805652144394,92,93,56,4
2.5028788628952996,96,96,45,5
6.0213063216253104,98,99,52,7
1.9645021806136471,96,96,43,5
6.0315499374361714,96,97,46,4
5.7128215230107271,96,96,46,0
6.0728800825411282,96,96,58,2
2.5916374716774579,96,97,48,4
4.1598523458488037,92,93,45,3
1.4217842146694084,94,95,53,0
5.7187777789966532,94,94,41,2
1.7403624084286302,96,97,48,0
1.0322673401264373,96,97,46,4
1.7049336404282847,92,92,41,1
1.5527349400331643,94,95,49,4
2.2991487450413617,94,94,46,5
0.3526211043041471,92,93,53,1
3.8475931530791598,94,94,47,6
6.2807381767546415,94,95,48,1
5.4305426946387687,90,91,48,3
5.2530970388860272,92,93,45,5
3.5285164735548231,90,91,44,7
2.5525938450482122,92,93,41,5
2.2129128482032741,94,95,59,0
4.6319948799864523,96,96,44,6
1.5789087399649795,92,93,45,5
6.0955383348474435,88,89,50,2
5.1573372665186641,94,94,50,5
2.7552393395758323,94,94,47,4
4.2383133810841942,96,97,50,2
0.1861703005666495,96,97,56,4
5.9426681659588576,94,95,44,7
2.5052587890666107,96,97,47,1
3.3508478287199597,94,95,48,5
1.1355682794591231,94,94,37,6
3.5056652650727393,94,95,52,3
1.5012973182738776,94,95,44,5
0.1861844451000170,96,97,50,2
3.5927976029760127,94,95,45,6
2.4858726088836525,96,97,50,6
2.8588965000385738,82,83,47,2
4.1918623919012763,88,89,39,1
0.7982674223243099,98,99,55,2
2.8184204500949259,88,88,48,4
1.5604900926576775,92,92,42,0
2.1090947492831047,90,91,49,4
6.1353543827240156,92,93,48,2
0.0479250252964489,92,93,48,6
1.5818340412628893,94,94,48,3
0.8610082932641571,92,92,52,0
4.9643563247216287,100,100,53,5
4.1855328359875772,92,93,46,6
4.2585893825563783,94,94,40,3
5.0718398786256662,94,94,52,7
4.4294793790549569,96,97,45,5
0.6666749604442622,94,95,50,3
2.7511055152835158,92,92,46,0
1.7046486879285274,96,97,50,2
0.9184508419747258,98,99,53,4
3.6979048570437616,94,94,58,1
2.3134044124029303,96,97,52,2
4.5427490800540538,94,94,48,7
1.5924410976103156,96,96,52,4
5.0709764926343741,92,93,55,5
1.4701750233983435,92,93,48,6
2.3611321855327452,94,94,48,5
5.6092543193147080,94,95,47,2
1.2513140648654499,94,95,41,2
5.4212514877458133,96,96,41,7
6.1319437523072731,90,91,42,3
1.3056939172249675,96,97,48,0
3.6597017979710498,96,97,47,1
5.5866343763682069,90,91,48,7
2.8503461663200382,94,95,46,1
2.1182500004806673,96,97,48,0
1.2211689491211475,96,97,50,6
2.1943826192596130,96,97,50,0
1.5201365456999643,96,97,40,0
2.7711892176866764,94,95,50,3
3.5787650044738522,94,95,53,4
4.1004769564933241,96,97,49,3
1.7982605815235047,96,97,46,4
0.3893494637572367,94,95,44,5
2.6969426697063161,94,94,44,7
5.7344654035925355,94,95,53,0
5.1872327106556417,94,95,56,3
1.5042695043378684,96,97,53,3
1.7414513525766906,92,93,47,7
3.1696396198601549,92,93,43,5
3.3241345014097852,96,97,47,1
2.0649552143108378,94,94,54,7
5.0177498401521659,92,92,41,3
5.0899527439735017,94,94,55,2
5.3688316772716043,94,95,46,7
4.2441210011820072,96,97,50,4
4.8489759027788226,96,97,51,5
4.1865697652274010,94,94,43,0
0.2910282732905836,96,97,52,6
4.6701937557917352,94,95,48,1
3.4631114873931335,92,93,50,6
0.5948681384577497,94,94,48,7
5.4226299993489544,94,95,42,3
3.8008394212261236,94,95,55,6
1.2993296572687718,90,91,45,4
4.4302032990662914,96,97,51,3
1.2071614062296310,96,97,38,6
1.6001721891812897,96,97,48,0
0.8418549920088378,94,94,43,4
2.0257998490174796,94,94,38,1
0.5701416543365460,92,93,50,0
5.7560606743391336,94,95,43,0
3.2829604566097568,92,93,53,7
3.0455181334731050,92,93,59,5
3.2025091587972456,92,92,46,2
2.7878065277153521,96,97,47,3
4.2130206206566143,96,97,52,2
0.9676142566092474,94,94,49,6
0.0574043924233791,92,92,58,6
5.1580964937105653,96,97,53,1
4.1373543653549891,96,97,49,1
3.9692884311975760,94,94,51,4
3.4837133519529000,90,91,41,0
0.2111042390064908,92,92,60,0
2.2878933910648058,94,95,53,2
4.9841775960153907,92,92,50,0
3.0432667007440428,94,95,46,1
6.1640699712630100,92,92,51,7
0.4186427864285056,94,95,51,2
3.3002054023837402,94,94,47,2
0.2488063954610748,96,97,55,5
2.1995498616836047,92,93,42,6
5.8569612741871664,98,99,54,5
3.7254198201693081,96,96,50,2
0.1765333352898553,96,96,53,3
6.0278729987082658,94,95,52,7
0.0280093005523198,96,97,54,2
0.0501464829198317,94,95,47,0
4.2363768014678786,94,95,52,7
5.7077003003195763,90,90,52,3
5.0993555533220709,96,96,50,0
0.1406125972307649,94,95,48,3
1.3089022293829691,94,94,43,0
2.5491554964623138,92,93,37,1
2.9072694733508149,94,95,41,0
2.0043905742275472,94,95,45,4
4.5323734317393365,96,96,42,2
4.6672853081357841,96,97,50,0
0.8455630375796337,94,94,46,3
5.3192387019299385,94,95,46,1
1.7578275438857498,94,95,44,3
3.9133652148897680,96,97,42,6
3.9676739305912605,96,96,54,6
4.2140351492456141,94,94,50,3
3.7206003513837249,98,99,56,1
3.4559559171498120,94,95,43,0
1.9675902882641079,94,94,57,2
3.2313367121101071,92,92,47,7
2.4482324098998185,94,94,53,6
4.8447234021611596,96,97,52,4
1.9166858170277550,94,95,48,7
0.5770545934283905,94,94,46,3
5.5574724322099538,98,98,45,6
1.6526021658915069,94,95,55,4
5.4578109334751881,92,92,59,5
3.6931557162536848,96,97,55,7
1.0651341327656727,94,95,52,7
6.0753620977752290,96,97,44,4
1.1354927228494227,90,91,47,6
0.1359513340605047,94,95,50,7
0.8227585796156206,94,95,38,1
0.6787748000936352,94,95,39,6
0.1879868919090108,96,96,48,2
0.6611110500567700,96,96,41,5
5.8502922231561945,96,97,38,6
3.7774174729728984,94,95,50,5
1.2636821431645684,90,91,41,0
4.2600400547618156,96,97,46,6
6.2451516589586413,94,95,52,1
3.0946633954849783,92,93,48,6
0.6249496279006647,96,97,43,1
3.7469041345953560,94,95,40,1
0.8366397019484106,94,94,44,5
1.7021364122019496,94,95,56,3
3.1312609746665965,96,97,45,7
1.0323059493113098,96,97,61,7
4.8103734358884189,94,95,45,2
3.7103534489458108,96,97,48,0
3.4683644058760557,94,95,47,6
2.0744716202018494,92,92,40,0
4.3399462799746837,96,97,53,3
4.5784922885317734,94,94,48,5
4.3190271863162577,96,96,43,5
2.1686262549492614,96,96,45,7
4.8702928094224482,96,97,52,0
2.1013511749556919,96,96,50,2
4.2279772616126676,94,95,48,1
0.1177043565213349,94,95,58,7
6.0103307948973104,94,94,54,7
5.0723940823568006,94,95,41,0
0.7593789457646731,94,95,49,4
4.4601937061250965,96,97,53,3
5.8426099528464670,94,94,46,3
2.7887544173887786,94,94,42,3
1.0118243696372224,90,91,42,1
2.5764596054137598,90,90,49,4
1.9530514606072356,94,94,42,5
5.6033605133701103,96,96,54,2
6.0713099660976066,92,93,58,6
1.6562169348747109,96,97,50,4
2.9369474579623058,92,93,51,3
2.6838543214461299,92,93,53,7
1.5514247787403201,94,94,41,0
3.8254216195128525,94,95,45,6
1.5225657628211204,92,93,51,3
4.5937947484804953,94,94,49,4
5.4271932016228543,96,97,44,0
0.0095119289598649,94,95,48,5
0.7177365210506983,94,94,47,6
2.3032638665780270,94,94,40,1
4.7463723779091511,94,94,39,2
1.4557974194024479,96,96,46,4
4.5476610045952857,92,93,53,3
1.5490943819069967,94,95,47,4
2.3442926134445994,94,95,53,0
6.0593254338498523,96,97,47,5
2.6290260197807349,96,97,49,7
3.2952095824921868,96,97,47,7
0.5811413137653493,92,93,54,6
0.9291953782780554,92,93,46,4
1.3544541535957451,94,95,49,6
4.0101804969672168,88,89,49,1
4.1968991435686460,96,97,48,2
4.1929585130969498,94,95,51,4
0.8178828529248799,98,99,45,0
4.4116660459007528,96,96,47,3
1.4739289271258069,90,91,49,0
1.0864178489659211,94,95,54,7
4.9717892429709867,96,97,49,5
3.4040432671350764,94,94,52,1
4.6641926088691639,92,93,54,2
1.6860397224847441,92,92,43,5
3.3822419614180803,92,93,48,6
1.1057062304128187,94,94,45,2
6.1226373598144761,96,96,49,5
1.4976707478410154,94,95,48,7
4.0492086609445890,96,97,41,5
0.9151057710532511,92,93,47,5
6.0090551209395819,96,97,59,1
5.1578776265247228,98,99,47,6
4.7106377355690325,94,95,40,7
1.7990501329635775,94,95,45,0
4.3996917488289711,96,97,55,7
1.4668012636625256,96,96,50,4
4.9972241382472591,94,94,51,2
5.6196585725395982,96,97,54,6
0.4878215262424969,94,95,48,3
1.6150833878528943,94,95,41,2
5.2945304564919127,94,94,50,5
5.9808798749740868,96,97,45,7
1.6617850670778076,96,97,46,0
0.3683618170808445,96,97,42,6
1.5492939551439759,96,97,49,1
0.8659075168673327,94,95,51,4
5.6596947679685945,92,93,43,3
4.4883789649395300,96,96,56,6
1.9385456389279210,94,95,45,6
3.3802402593645842,98,99,37,6
5.3264062755170727,94,95,52,3
5.0910078315064249,92,92,45,1
1.5522572086744904,96,97,54,2
3.6718934324386274,94,95,53,0
6.0020959685048041,96,96,53,1
0.6807213907432014,94,95,49,2
3.8400343604362046,94,94,48,3
2.4036757274381326,92,93,49,3
6.1241118813590347,94,95,53,4
4.6173169455811136,96,96,48,4
5.6578194275582971,96,96,47,5
0.1137509594404142,94,95,45,0
3.1721310003304670,92,92,49,5
3.7119798804427249,94,95,45,4
1.9767394506683085,96,97,55,5
1.5867270522010701,90,90,53,0
2.3134692617724619,94,95,46,1
5.3127460328421332,90,91,38,3
0.2197634688603033,96,97,47,5
6.1051633823445703,92,93,46,2
6.2775516805625742,94,95,55,0
4.3492277852707275,96,96,46,4
5.8168866439279645,94,94,44,1
0.1543363114976040,94,95,56,7
4.5741112141899691,94,95,51,2
5.4355260235509260,92,93,41,7
5.2594923938545435,94,94,51,6
4.9081823905600688,92,93,51,1
2.8560862760240604,96,97,56,2
4.0753755977920312,94,95,56,3
4.9378449996096663,96,97,39,5
2.5983175029117858,96,97,34,2
3.5478575808211059,94,95,55,4
4.5427341471779847,94,94,59,6
2.6374991877045848,96,97,40,2
0.2233364129785764,94,95,51,2
1.4022466855358635,94,95,44,5
0.4401187439383209,96,97,46,2
5.8254958846945568,96,96,48,0
4.1054115192941945,94,95,55,2
3.8792763064855085,94,95,49,2
3.2514540054883470,94,95,54,3
0.7103859429090973,96,97,41,3
5.4760672485147515,94,94,43,4
5.1811671543670643,90,91,43,2
0.0274524274471366,94,94,48,3
3.9194556298259511,86,86,32,7
0.8235491876281242,92,93,49,5
1.1191982740045689,96,97,50,2
1.5792883699769891,90,91,43,4
5.2615721365858388,96,97,52,4
2.2215523429077035,92,93,58,0
5.0788228030272347,96,97,49,3
3.8304298078600900,90,91,42,3
2.4573293413743720,94,94,53,4
3.0521599058959494,94,95,44,3
6.2563416810220573,94,94,49,4
1.7666661875487395,88,89,47,1
1.5306424627752027,96,97,50,6
5.8739035612555792,90,91,48,5
1.6602020172657721,96,97,57,5
2.1633639738586918,94,95,47,4
0.1359062715880645,96,96,47,5
4.4292231738306933,88,88,49,7
2.4640001009191668,96,96,48,2
1.0987409517459044,92,92,49,5
0.9996253953734795,94,95,52,3
3.5282208502480814,92,92,46,2
6.2707402318009118,96,97,51,5
2.4571867973491215,96,97,53,1
0.9409607726240912,92,93,44,4
5.9370956845610010,96,96,58,6
0.2448731821518643,88,88,45,5
4.2578319929131041,96,96,50,2
5.6260906546332663,94,95,47,6
3.2239720795777620,96,97,56,6
5.2182095519725475,92,92,46,0
4.4711129335767321,94,95,40,3
3.5532671263416775,96,97,46,6
5.3492599303437611,96,97,49,1
1.7880480223340574,94,95,45,4
0.7844587186644532,94,95,52,3
2.3523530649323265,96,97,51,1
1.2069835738362431,96,97,41,5
1.8986844829537926,94,95,50,5
0.3333583365118674,94,95,44,7
0.2294542558879760,94,94,42,3
2.9315101853703407,92,92,52,0
1.2365036571095527,92,93,56,0
0.6485517419298709,96,97,41,1
4.8499262085507926,96,97,48,0
3.5787551916293920,94,95,53,0
4.1453278130510611,96,97,47,5
5.1794741063540695,96,97,58,4
4.9400831577137172,96,97,54,4
3.6082487169657864,92,92,44,0
1.3117748348679152,96,96,54,6
3.2137898924538137,94,95,52,7
3.4118876420255413,96,96,48,6
5.2521827419649103,96,97,37,5
2.0552133452532000,94,94,46,1
2.9499589762616112,90,91,39,4
4.4599745456987092,94,94,50,1
1.2888114133121669,96,97,50,4
1.6096670432887954,96,97,46,6
2.5425326803541708,94,94,45,6
0.2853516223410589,94,94,47,6
2.1097424700582730,92,93,47,1
1.5171222791442358,94,95,48,1
1.5369551548209122,94,95,43,0
4.1073041749284078,96,97,48,4
4.6462254481718350,96,97,52,4
2.4854776585029899,94,95,55,2
5.5702404371308205,96,96,44,2
6.0155452572892658,96,97,56,2
1.6023968044454895,94,95,45,0
5.1927755794443344,96,97,48,2
1.0769705661454636,96,97,51,3
1.3763479754048140,90,90,49,6
2.7162834996635277,94,95,45,0
5.6092750251652408,90,91,41,0
0.1754077915012112,94,94,42,7
1.9672086567966194,96,97,54,4
3.7837460930821663,94,95,43,6
4.8551474801268917,96,96,51,7
0.3527529086187483,94,95,49,6
4.3833599513832295,96,97,48,0
1.7815369849520661,94,95,45,4
0.4204093252416303,94,95,49,0
5.8883355065345295,94,94,51,4
1.8451084341030588,96,96,44,0
3.4201521006523157,94,95,45,0
2.5786294243172647,96,97,59,5
3.2879594744246230,96,96,51,5
4.1775745501201937,94,94,43,0
4.4324785383601260,92,92,53,7
1.5940057511265200,92,93,48,0
3.6930878765126347,92,93,51,3
0.1321035681515189,94,95,53,0
5.8503539204827861,94,94,48,3
3.9706196560809244,90,91,45,2
2.4450202239754710,94,95,48,1
2.6681173545215686,96,96,51,7
0.4369493927313586,92,93,43,5
0.6568232365991710,92,92,45,7
6.0247875019491897,94,95,53,2
2.6675670765140675,94,95,55,6
5.1855821175594201,92,92,41,5
5.8136821489259596,98,99,45,0
2.8811691881092076,94,94,51,6
4.1868196785732170,92,93,43,3
1.3885341092121490,92,93,46,0
5.0298461063572493,94,95,52,7
3.1717445577439713,94,94,46,3
3.5569439968089394,94,94,52,3
3.3953280139871937,94,94,45,0
3.1376764170467801,94,95,52,5
1.1034224216206550,94,95,53,0
2.0011932015698459,96,96,54,4
2.4092637496411298,92,93,35,7
4.3617904174094626,96,97,51,3
1.8447243355891627,94,95,54,7
1.0121153962001623,92,93,48,4
1.4129540749679370,94,95,51,4
0.9416779144720849,94,94,52,3
1.0975575918770228,94,94,52,7
2.1409962996273331,98,99,58,1
2.8673741430434641,90,91,48,1
1.2431765909108297,94,95,60,3
3.4024132826766613,94,94,46,7
2.5786074687025469,94,95,49,6
1.8469892517149096,94,94,52,3
5.0890418682244158,94,95,42,1
0.2004756590126042,96,97,51,3
5.8927573912151701,92,92,36,6
1.0165125683418483,94,94,47,4
0.0843728802549191,94,95,51,4
2.8909057194888330,92,93,44,2
5.3678516984901483,94,94,42,5
3.7029938715338520,94,95,52,1
0.5636254759829044,92,93,53,3
2.7923741633794927,92,93,50,0
1.8355607131338092,94,94,42,7
1.4165343726834727,96,97,53,5
1.2540241386412676,96,97,57,1
2.9495517685316859,94,95,45,6
3.9531143942627289,92,93,42,6
1.8512138358829024,94,95,49,6
1.1227155150929242,94,95,52,1
2.2577584991452495,94,95,49,4
5.2150736503442383,94,95,47,0
4.6893560473122600,92,93,46,6
3.5329722261187650,94,95,53,2
5.9023938887688798,94,95,49,0
0.2955339683065326,92,93,42,4
4.7970714617540899,92,92,44,0
2.6597801567262485,92,93,51,5
3.4971401620466946,96,97,48,4
6.2181080732077252,94,94,45,6
1.7999584812127791,96,96,48,2
1.4210197164883491,94,94,47,4
3.5874549202571591,96,97,45,1
4.2648039174449970,94,95,52,7
2.6180717411302483,96,97,49,5
2.7023851238901462,94,95,55,6
2.1857930596630251,96,96,52,6
4.7650484313286698,90,91,36,3
5.1353932922658760,96,97,52,0
2.7869059840373311,94,94,48,5
4.9774737203977226,94,94,53,2
2.7676229720917140,94,95,44,1
0.9665562126569907,92,93,49,1
2.5555712373234503,94,95,54,3
5.8410932751012412,94,95,50,5
1.5148769410445624,94,94,55,4
1.0258561009070652,92,93,42,6
6.0412333799917812,94,95,48,3
6.2511216574764870,92,93,53,7
0.1471912989548120,96,97,53,3
1.8551927781684199,100,101,47,5
6.0991510805369549,96,97,52,0
3.0634943718904553,92,92,45,1
4.3702925643973929,102,103,51,4
3.0207076976637430,94,95,37,6
0.4757180132545126,94,94,47,2
5.0795728240212616,94,95,52,1
3.8822880361625653,92,93,52,4
4.5872367220670487,96,97,52,0
2.9366851609055069,94,95,39,4
3.0474569043996462,92,92,46,0
2.0066009504553537,94,95,43,0
6.0591402011365947,96,96,48,0
0.8977497542880962,94,94,58,5
3.0491355877735300,94,95,40,3
4.4743872727727014,96,97,47,3
5.2979271698129891,94,94,53,2
5.3839650555977752,96,97,37,3
2.6445455761951289,92,92,38,2
3.3802265271701124,92,92,43,5
5.1807489515470220,96,97,52,4
5.0461659149183378,96,97,44,4
0.4238622404451985,96,96,58,0
0.0114813886841814,94,95,58,1
0.6128989259410152,94,94,53,4
0.0585514016250960,96,97,47,7
2.9758152966758811,94,95,48,3
2.4817708012199922,94,95,47,6
0.7447339106391399,94,95,54,1
5.5553768291569918,92,93,52,2
3.8287491973920003,96,96,44,2
4.1137426916746103,94,94,51,0
1.0349905279612426,96,97,44,2
5.6568979370316175,96,96,54,0
6.2484998549219153,94,94,47,4
5.2937089800616794,92,93,53,3
1.6875644022898968,94,95,48,1
5.4182968589555225,92,93,42,6
2.7216472154537801,94,94,52,7
0.3021483425578536,94,95,48,5
1.0999365046609579,94,95,45,4
4.2374812832118387,92,93,43,1
2.8547897060998566,94,94,52,7
5.2407739227522097,94,95,47,0
5.4871785629285821,94,95,60,1
2.6538546043031723,94,95,40,1
4.3570080093715751,92,92,50,4
4.1900765467896397,96,96,45,3
0.0694660948211265,96,97,48,0
5.1041392243201500,94,94,54,7
2.5688040274209611,94,94,52,3
4.8942478041877502,94,95,48,1
0.9039584651248744,96,96,53,7
4.1835848520219638,92,93,52,2
5.7786828059951523,98,99,49,2
3.7160809212668946,90,90,35,6
3.4633441819801658,94,94,54,5
5.4372061413393782,94,94,53,0
5.8918350783765794,92,93,45,3
0.5939119529532392,92,92,51,3
3.1389023384695887,96,97,50,4
6.1742164873250278,96,96,66,4
4.3445729407983853,92,92,51,3
3.0028878408574582,96,96,46,0
5.8320803348773698,96,97,44,4
3.5020634220725233,94,94,47,6
2.1726227518589720,90,91,44,5
0.3918192421581855,92,92,48,4
4.5788989619275133,96,97,57,7
1.5814958602691946,88,89,41,1
2.5104324264165778,94,94,44,1
3.8888212130609334,96,97,49,7
1.0270629202784969,92,93,47,5
5.6524075357969670,94,94,47,0
5.7520333071349388,96,97,46,0
5.3102414189272817,92,92,44,6
2.9556198299425649,88,89,50,2
5.0960626834070206,96,97,57,3
3.0919502259924072,90,90,32,5
3.5760939663676199,96,96,49,3
4.0132052574162875,96,97,51,5
2.7690851089991120,96,97,50,2
2.1618787122384036,92,93,58,4
5.9621987974314576,96,97,45,3
4.0786760552700017,96,97,55,7
0.9229169484119104,96,97,40,2
0.9680732880065528,94,94,39,2
0.4037689156893045,96,96,47,3
4.0390950552794500,96,97,41,1
0.7141675438991113,94,94,51,4
3.3388948383153467,94,94,60,1
6.0746894473454871,94,95,47,6
5.6914736372610903,92,92,50,6
1.6649519133954112,92,93,51,7
0.5277256420381278,94,94,39,4
3.7271619396215065,90,91,41,6
3.3258165528646777,96,96,52,0
4.4220777465247822,96,97,47,1
5.2759776667342502,96,96,48,2
6.1976568645594057,94,95,47,4
5.3083620134152252,96,96,44,0
0.8899195277289642,94,94,44,7
5.7652966638693810,92,93,49,7
6.2539285249432055,100,101,49,5
1.0457594858471215,92,93,49,7
0.4575028283943252,96,97,43,1
4.7031178268011864,94,95,49,4
5.0707714487406657,96,97,53,3
3.5839063366556618,94,94,50,1
0.1584060716022737,94,94,55,0
4.0258429320909910,94,94,61,6
2.4677649622717097,96,97,53,3
5.7923510024312730,96,97,45,3
1.7942848917424032,96,97,49,5
0.6476968133314847,96,97,58,2
2.8215859568095247,94,95,45,6
4.6879878830997619,94,95,49,0
3.7369938534181109,96,96,49,7
1.3587916248646987,96,97,44,6
3.1725409997086449,92,92,52,2
5.6780347273877867,94,94,49,4
0.1123028860899444,96,97,46,0
5.3796928931827228,96,97,44,4
5.9152828284668075,94,95,46,1
2.0468098219374373,90,90,44,1
0.5566340023319558,96,97,49,1
1.4725173382372698,92,92,34,6
1.7577038307226642,94,94,57,4
0.7802804702469864,96,97,42,0
5.4252619688370594,94,95,44,1
2.8661233775474009,96,96,51,7
1.8621900265448119,94,94,45,6
5.6630646016709187,90,91,48,7
5.0262855119980854,96,97,40,2
0.0429451655239586,92,93,48,0
5.2172844500817011,96,97,60,0
2.7200704207250692,94,95,47,2
0.3564166131721658,92,93,38,2
3.5045121121141030,94,95,45,4
0.8604829334423310,96,97,44,6
6.1417877618002850,90,90,44,3
6.0156486889907033,94,95,55,2
1.5886164600886470,94,94,48,1
3.2364140533451060,94,95,42,1
5.1917524076273631,96,97,48,2
3.1792831066261309,94,95,46,5
3.5615695533030416,96,97,49,1
0.3375063464952144,96,97,51,1
4.0603881281282179,94,95,42,5
5.4162459987402212,88,88,41,3
5.4720574782994333,94,94,51,4
5.2399141159369105,94,94,51,0
2.0919706203827140,88,88,45,7
4.2957454802508437,90,91,43,6
4.6032521035122622,94,95,46,5
3.6712606526611191,94,95,50,5
0.7709520432453952,92,92,50,2
1.2545157142305803,92,93,55,3
5.9589310453371809,90,90,48,1
2.6767274548050684,98,99,47,6
3.5103180114816870,90,91,44,7
3.7505424576473732,92,93,54,4
2.1180604088333124,92,93,54,2
5.5377728327031139,94,94,54,1
1.1659833845646401,96,97,50,4
4.3659081586839035,92,93,48,0
3.5985804462811668,90,91,47,4
1.6704638241600702,94,94,45,0
4.5563037286349228,88,88,41,7
4.6875196186965447,94,95,56,5
2.1330660065851110,94,95,59,4
3.0702286802219660,90,91,45,2
0.9930348932639069,92,92,44,0
0.6867191092958471,94,94,49,0
5.4629003366961761,96,97,45,7
5.7262481779690333,96,97,45,1
0.5913960560763335,94,95,47,2
4.6411382232092757,90,90,51,4
3.6827535372949320,90,91,50,1
5.5050623898046815,96,97,51,3
3.8289596525915286,94,94,49,6
0.1539417124777343,94,94,51,0
3.6976713436880346,94,94,52,3
0.7022254722274597,94,95,44,7
4.4797051379797592,96,96,48,4
2.7230811409547124,94,95,45,2
5.9101444587082206,96,97,49,7
6.1910911826705668,96,96,61,5
1.6755248188606173,94,94,52,5
3.3737294410974048,92,93,58,2
6.0068123907190305,96,96,45,1
1.8234362465881424,92,93,52,6
2.0716086910649154,94,94,46,3
2.1291952170543529,94,95,49,6
4.4231839870893062,94,95,52,5
0.7686441268473594,94,95,51,0
3.9131142032562711,96,97,50,2
0.5173874208815845,94,95,51,4
1.9756140721455586,94,95,46,1
5.9782201740842593,92,92,50,6
3.9727181228552109,96,96,57,7
1.5684383572725051,96,97,50,6
4.2912990259385762,96,96,60,0
2.9758163041771950,94,94,50,7
0.9088335960671279,90,90,42,1
2.8247298205980726,92,93,55,3
2.1358770646888456,96,97,48,2
1.6984873061036196,96,97,58,2
0.0275299593213650,94,95,50,1
6.0922161486604258,92,93,51,1
6.0421884458141148,90,91,57,2
5.9572434253749718,96,96,54,4
0.1510539662052686,94,95,47,0
4.3774713249619452,98,98,44,1
5.3764180794272987,94,95,48,7
0.5171205131270885,94,94,51,4
1.6228709570819093,96,97,46,6
2.0476144001908372,96,97,51,5
6.1608586995762948,94,95,47,4
4.2672136996825740,98,99,54,7
2.0996372949481499,94,94,52,7
2.0357065216042183,96,97,52,0
4.1365991384321417,94,94,54,5
4.6443147170095136,94,95,48,1
2.9704394237826794,94,94,46,7
4.7314406595558065,94,94,50,1
6.1398605064281764,96,97,51,3
5.5054949474991330,94,94,45,6
2.2652393514740394,92,93,50,2
0.6767940049961497,92,93,46,0
5.4500539684941343,96,97,48,4
0.8603752050793698,96,97,50,0
3.8142373849609847,96,96,54,2
4.9551989892060684,96,96,46,6
5.3917874110241497,94,95,45,2
5.5021232673694840,98,98,54,3
6.2476922877690031,94,94,52,1
0.7419922335038456,96,96,51,3
1.3593127516245282,92,93,46,2
4.4467165691085517,96,97,56,0
4.9117776567037872,94,95,46,3
2.2186237818462207,94,95,42,7
3.9473355191211397,94,95,44,3
4.2373219939718583,92,92,43,1
3.9186096042630911,92,92,39,7
2.5217371043998273,92,93,52,2
0.2795364364550298,94,94,53,0
4.2869296707972619,94,95,38,7
2.0641237286410736,90,90,57,4
5.2866992621626281,96,97,55,5
5.8481099005209298,90,91,48,5
6.0899052109882543,96,96,51,5
1.8423446611145249,94,95,54,1
3.2306682961545938,92,93,54,0
1.9993826093464633,94,95,49,4
5.0853188720887239,90,91,42,5
3.1954237377017045,94,95,51,2
0.1531704920265414,96,97,59,3
5.6243336936445587,92,92,54,6
4.4234258374325792,96,97,40,2
1.4137937378085541,94,95,42,1
1.3905194844495103,94,94,42,7
2.0886634344596358,94,95,48,1
4.6355327585884964,96,97,50,6
4.5924014721371513,96,96,55,1
4.6724530808152496,92,93,52,2
2.9523712745856976,92,93,44,6
2.5714054465068910,94,95,44,7
0.2104492076425224,92,93,40,0
1.7661683926880212,96,97,43,3
0.9116646258036840,96,97,46,2
3.5880906046019367,96,96,53,3
2.3643663984983552,98,98,46,1
1.6692914711905158,94,95,52,5
2.7151416951100544,96,97,61,5
4.1248498620338045,92,93,43,1
0.9788093126863855,92,92,48,6
3.5813217173556584,96,97,61,5
0.3292729826194911,96,97,51,5
3.2742621186294842,96,97,42,4
3.9380118365266683,94,94,45,0
5.6076385951129009,96,97,48,6
5.0650368322756831,96,97,48,6
3.9240517854231607,90,91,48,7
1.0161317158990564,96,96,44,6
5.0039285668259499,92,93,42,2
2.3825681483351162,94,95,42,5
2.7161057689949244,92,93,45,1
3.5337737863685490,96,96,43,5
1.8144962003445062,96,97,50,6
4.9280679899655704,98,99,53,6
2.4433507437399671,94,94,53,6
1.7092921262285745,94,95,52,1
0.8710537317575212,92,92,52,4
0.7235657148896694,94,94,53,4
4.9600442722650859,94,94,40,7
2.8307898926871213,90,91,50,3
0.6619201297828037,96,96,44,2
5.3013247389592859,94,95,48,7
5.1928095158772765,96,97,53,1
3.5263546474464071,94,95,56,7
6.1684560952116314,94,95,48,5
3.9412220459478857,96,97,57,1
4.9527192485294353,94,95,48,7
0.6367150218972780,96,97,55,5
1.7275515435360014,92,93,52,6
1.7103164773600916,96,97,41,5
0.0625299583290356,92,93,49,1
1.3274975316578568,98,98,50,7
1.7231805282534463,92,93,50,2
0.9935088128373307,96,97,51,7
3.2584034150904246,94,94,53,4
0.1686031201993563,94,94,49,4
5.8032999841216597,96,97,50,6
0.1110039123176326,94,95,51,2
5.1368900497242072,96,97,56,0
2.9145575884053767,98,98,41,4
5.3406519777876200,96,96,54,4
1.4977142930952239,92,93,50,0
4.3966176692312295,90,91,43,6
0.7544655319470072,94,95,52,7
2.7096991826078960,90,90,39,4
1.2940078964407229,98,99,45,2
3.6673324932405644,100,100,50,0
2.2495390055471107,92,93,53,5
5.5232579174246403,96,96,47,7
5.4471306397947536,94,94,46,7
3.6296563069469250,94,94,56,1
1.0158625628825819,94,94,49,4
0.8347222120434118,94,95,49,4
6.1446743112026541,92,92,41,7
4.6557276798106892,92,92,43,1
6.1544388096035494,92,93,52,4
6.0052282335842113,96,96,42,2
2.6798181884514793,96,97,46,4
2.7491445291020744,90,91,49,6
4.2013407627576971,96,97,55,1
0.9209958326592427,96,97,43,7
1.7836416735696943,92,92,49,7
3.9697956513266703,96,97,43,3
5.6031587933556573,92,93,46,6
2.5930739243620287,92,93,47,5
3.3675793261843636,94,94,46,3
0.3650064644250717,90,91,41,6
5.8743999552305759,92,92,51,7
4.3399120858734248,96,96,50,6
5.2867107934216087,94,94,55,2
2.2397342203906696,94,95,48,5
0.7573105822581674,94,95,55,0
4.3524196438459946,92,93,54,2
0.8335456073114104,96,97,51,1
5.3268511035568133,96,97,40,4
3.1960471825237180,90,91,52,5
0.7539627512206171,92,93,47,3
4.6058769341421941,96,96,54,0
4.4920236655114065,92,92,50,4
2.2486049157676433,96,96,56,6
2.5981475673781316,94,95,52,7
3.2397376141665362,94,95,54,1
1.4291181959753869,90,91,48,1
1.9841844197546985,94,94,43,4
4.7478068714122159,90,91,51,0
4.3679673033813149,94,95,51,6
0.0825086603049522,94,95,48,5
3.8607806051842575,92,93,45,3
4.6324870373390175,92,92,41,7
3.0310184501246256,94,94,50,1
4.4712698323663149,94,95,56,7
3.2553344813219445,92,93,48,2
3.8952807483407574,88,89,48,0
3.4921635047915105,94,95,55,2
2.3312516597971555,94,94,42,5
3.3709425971062856,96,97,55,7
0.0889965317505787,88,89,55,3
5.3640980439159929,92,93,47,1
0.4801009277100298,96,97,55,3
6.2666245037022685,90,91,46,3
1.2770700873447249,96,97,46,6
5.5486919236646193,94,95,44,5
0.1100427536321515,98,99,42,7
1.8947402664556663,96,96,42,0
1.6941353391369265,96,96,51,3
5.5141805096829541,86,87,42,3
4.7684859372531889,92,93,50,0
0.4604772535526611,94,95,52,7
3.2301359325582673,96,97,59,1
3.6683673170361906,94,95,53,2
1.8895212926764438,96,96,49,5
3.8197339581927920,96,96,47,7
3.0650873859161902,94,94,60,5
1.9445770919046848,90,91,47,4
5.4220718343065277,98,99,62,7
5.8489574747966557,94,95,51,0
0.2716319439085674,90,90,48,1
5.2755179884017114,92,93,48,0
3.3333129427690911,90,90,46,7
0.4819872836336833,94,95,53,2
3.8220209055634977,92,93,43,5
1.2439066867056958,96,97,41,7
0.3782172272340626,94,95,46,5
2.2356842759938487,94,95,39,0
2.9775047088733269,96,96,53,7
2.1213286758965935,94,94,51,2
6.0295435809600679,94,94,47,6
5.3342751543942217,94,94,45,2
4.9016845643822604,94,94,47,0
3.3688358279870911,94,95,40,7
1.8117028141372948,94,94,51,0
2.7736810359992763,94,95,42,1
6.0605174896281877,94,95,50,3
6.1725193572877455,94,95,44,7
5.3060146348350425,92,92,53,7
4.2247194606302445,94,94,61,4
4.3562347791614746,94,94,48,1
1.9558833471931540,96,97,46,4
1.7181529602682841,94,95,54,7
2.9740432930832741,94,94,42,3
2.4045242991753768,92,92,56,4
0.1103407571072055,96,97,49,7
6.0567210542637833,92,93,55,7
1.4751714796506894,90,90,45,0
3.2003487520735105,94,95,45,6
5.9222467990680085,94,94,47,4
6.1146781107051034,92,93,45,3
4.4024500165742833,94,94,49,0
2.2374215404896596,96,97,47,1
4.1957920845101651,90,91,50,5
0.4016272781302908,96,96,56,0
0.9821053411441791,92,93,46,0
0.9146116322029502,94,95,48,7
5.6271601781896772,94,94,51,0
0.9315880798662267,90,91,45,2
0.7580283540059348,96,96,48,4
3.2756844580352249,94,95,49,6
0.1880276899394902,96,97,53,5
4.7236206428185801,96,97,56,2
1.2664571546539625,94,95,45,2
0.5543526644498192,94,94,54,3
1.7271998042914105,96,97,46,0
3.5602612483266931,96,96,40,0
3.3032934058667278,94,95,45,0
3.7209780791376676,94,95,51,2
6.0405158061408546,94,95,51,6
4.9824773596126866,94,94,50,7
5.5071155807030809,94,95,40,3
2.4275127805234651,94,94,43,0
1.4570873238781876,94,95,53,6
5.6900912498161933,90,91,42,7
1.6336564816957218,94,94,51,0
5.7313864155601486,94,94,52,7
0.4494239265991209,94,94,45,6
1.6646797773556814,96,97,50,2
2.9069334691379307,94,94,44,5
2.3803740943695479,94,95,53,2
1.1330783383875975,94,94,51,2
0.3664424295658525,94,95,45,6
1.4716735309435605,94,94,55,6
0.5803197674571438,90,90,46,5
4.4504502941230193,92,92,36,2
1.0681191408598589,94,95,48,7
3.9154285268834288,94,95,45,2
4.4630325520114980,94,95,45,2
3.8148990274895000,94,95,47,6
5.6998800362660180,94,95,50,5
3.4737330048709967,94,95,49,6
3.7819747251650493,94,94,47,0
1.7490701488429039,92,93,45,5
1.3880928469211142,94,94,61,4
1.7473744845299519,94,95,53,6
1.3159419703291253,96,97,53,3
5.5557441356319996,88,89,46,2
3.5455495456312733,86,87,45,0
4.5885942676293023,96,97,53,3
1.4446278418671075,90,91,36,1
5.0196616725702539,92,93,56,4
0.2598374000346301,92,92,50,4
3.9865941655597283,94,94,42,1
1.7764486022385737,96,96,49,3
3.3021213771952338,90,91,50,1
1.7813288415049098,94,95,54,3
5.2165647898632743,92,92,49,7
1.3612832397469286,96,97,53,7
2.1024493990954864,96,97,52,0
3.8948637347070072,94,95,43,2
3.5165507023485501,92,93,43,5
5.2313834228206471,92,93,50,0
6.0534816320435070,96,97,53,1
4.4654081221943098,96,97,50,6
3.0479466959063068,92,93,44,4
2.5268966908996990,94,94,51,2
5.2215280653514222,96,97,48,0
1.7192388314571501,94,95,54,1
3.2299077497670861,96,96,49,1
0.9754242664505660,86,87,39,4
0.7127814819481021,96,97,60,4
1.2620536600889445,94,95,52,1
1.1678429707171167,96,97,45,1
3.4416284623245046,96,97,44,6
3.5404344727878736,92,93,49,1
3.0986437955145445,94,95,49,4
0.9603276695007086,96,96,50,2
5.5413501462808883,96,97,55,7
0.8679729489044166,94,95,50,7
3.8099360607171739,94,95,55,2
0.2866037153422921,96,97,55,7
4.7884182787536504,92,93,53,3
4.3159863810351178,92,93,45,5
3.7508954097163816,88,89,50,6
5.7579883361252371,94,95,48,1
1.2609149416939318,96,97,48,4
4.9746236350558073,94,95,50,1
4.6503676052118399,94,94,60,3
1.4782693649085870,96,96,49,5
3.6699203176128434,94,95,52,7
1.3068254064009510,94,94,46,3
5.2387422656813332,96,97,64,0
4.0738841534544790,96,97,54,2
5.8977320564417886,94,95,54,7
3.7226049377038963,96,96,46,6
0.7728169650230294,96,96,61,1
6.1623012139910189,94,94,42,5
3.5749294476626603,96,96,56,0
2.9959212154910890,94,95,41,2
0.7334885460306592,92,93,51,3
2.3222957616247575,92,92,48,6
3.8922745917655863,92,93,49,5
4.5498234033214544,96,97,57,7
0.7205759241819084,92,93,46,2
2.5086728196159269,96,96,56,4
6.1568126610482805,94,95,50,7
6.1956874416928907,94,95,47,0
3.8223063287295740,94,95,49,4
3.9843492907039879,96,97,62,2
1.6342414857188856,96,96,49,3
4.8883952072216319,94,95,48,5
5.9749843972377796,96,97,58,6
6.1692208342181862,92,93,47,7
4.1170770380041724,86,87,43,4
3.7000998781798722,94,94,55,6
0.5538416603423845,94,94,47,4
2.0305683379683983,96,97,46,6
2.9557727045980182,94,95,51,4
1.5646147832410053,92,92,50,4
2.0308094377031356,96,97,48,4
0.5586371301321769,96,97,43,1
1.9893730676800285,96,97,56,6
1.5778842326559734,92,92,53,5
3.6625771164524590,94,94,50,5
1.7386290227666445,96,96,47,5
0.5023819168685458,94,94,49,0
3.2055995288021433,96,96,45,3
2.4468981551452518,94,95,49,2
0.1076473128988807,96,96,55,3
4.2279837576439556,94,94,40,1
5.0628154866256452,96,97,56,0
2.5397201153429494,96,96,57,5
2.0970299277196425,94,95,49,2
5.2816759807883846,94,95,46,3
0.0557698891676784,96,96,55,1
3.1115120617095204,92,93,49,1
2.8218806103854335,94,95,47,4
2.6112515354321713,96,97,55,5
4.4802389748506197,96,97,55,7
3.8612568282435524,94,95,47,6
5.0204530412630382,92,92,48,0
1.8929754805382597,94,94,48,5
0.3059538742892584,94,95,51,6
2.8926846100935952,94,94,43,2
5.3330466599774544,94,95,48,7
3.7653560259142203,96,97,58,4
2.7228931811779313,94,95,41,4
5.9589057892720385,94,95,49,4
2.5801102555215820,94,94,53,0
1.8182201742099096,96,97,42,2
2.3510699877877195,92,93,47,1
1.0851382542048671,94,95,52,7
2.8001818587262934,90,91,52,1
5.9148759130067745,96,97,51,3
3.3895175887472635,92,92,48,0
1.6969959875392697,92,93,56,6
1.0622020327269828,94,95,54,1
1.6206726407677974,94,94,47,4
0.8048070156980118,96,97,54,4
5.1196414678455593,94,95,57,0
3.0580788645487367,94,95,50,3
4.6413571392205091,92,93,38,4
4.5969673509090860,94,95,48,5
0.6506690497222887,96,97,52,6
2.3127368259915824,94,95,54,5
3.1992168779690093,96,97,43,5
2.1382743664375434,92,93,47,1
3.9305576449722186,96,97,47,1
5.2325063166824917,94,95,47,6
1.2999155882741100,96,97,47,7
0.0544002512673133,96,97,56,6
6.0478811598204185,92,93,45,1
5.4681025311408451,92,93,43,1
4.1309702897237903,94,95,52,5
0.7241536091599432,94,95,44,5
1.4367462164671727,92,93,51,1
2.5774963693451785,94,95,47,6
5.8549832099434376,94,95,43,2
2.0959896531124094,96,96,54,6
1.8772150385345474,94,95,43,2
3.8720419321067929,94,94,53,2
2.8308030179321615,94,95,47,6
0.8461724636547951,96,97,42,4
1.0309728405917928,96,97,47,1
1.8618906010476191,94,95,45,6
3.7731110345272127,96,97,46,4
6.0247099968773199,96,97,51,7
5.7925207936948961,96,97,56,6
5.5265062732758414,94,95,45,2
2.6643507354523672,92,93,39,7
4.4946224996784530,94,94,54,1
2.2296059260247905,94,95,48,3
0.2396755192145552,96,97,48,6
0.1745294230828618,96,97,54,0
4.2543321302847517,94,94,45,6
0.7518722463103716,96,97,45,5
4.4403660300987600,94,95,54,3
4.0415162265857569,94,95,59,6
2.2257388520934089,94,95,47,6
2.3960067000126521,92,93,48,6
2.0689900501246687,92,93,52,4
2.9663778357633248,92,93,53,7
5.4647559501872065,96,97,42,0
2.3489402751396882,92,92,53,7
5.5106725216645520,92,93,50,0
2.1414655994654495,94,95,46,7
1.2205849449975330,92,92,43,1
0.2353192731383205,94,95,50,7
2.0010998073736408,94,95,50,5
2.0260729886320101,94,94,46,1
2.7737657233062518,90,91,37,2
0.4550972494951152,94,95,52,1
5.6094044952263520,96,96,53,5
6.2087588415314885,90,91,45,4
4.8020255439013981,96,96,47,3
4.3082201212230151,94,95,37,2
5.9503930574462149,94,95,50,3
4.9312580690729169,94,94,42,1
4.4641300929850791,94,95,51,6
5.3953183259221440,86,87,54,7
0.1311546754296256,94,94,50,1
5.4561603327274559,92,93,48,4
4.4480856211040010,92,93,43,5
0.1155263570683093,92,92,53,1
2.3697566915525847,92,92,43,1
1.7064537705420619,92,93,46,2
6.0576629085503866,94,95,46,1
0.6728530086461945,94,94,61,0
4.2215258591321367,92,93,45,7
2.8875893025663846,94,95,56,3
0.8817068671041211,94,95,54,1
3.3948048104857294,96,96,53,3
3.2311385338424774,98,98,46,3
0.2453709241944270,98,99,56,7
3.8169967504557811,96,97,52,2
4.5677190754276715,94,94,52,7
2.9858194863433449,94,95,52,7
1.4521347493286274,92,92,42,6
0.9800086620028089,96,97,47,3
0.5193955942271430,94,95,45,0
5.3669600278847680,96,96,47,3
2.6700813448803671,94,95,53,0
0.6793479477199954,94,94,46,3
2.2375907408319291,94,94,53,6
5.4188935132248428,92,93,48,2
4.8848868255344895,94,95,52,1
3.7080303051181565,96,97,46,6
2.7681684132359208,92,93,49,5
2.8161784272389294,94,95,49,6
0.0430826536608286,94,95,49,2
5.7721497683903173,90,90,37,6
3.2668336757842260,94,94,46,3
1.3312634052257273,88,89,52,0
5.9900893899771308,92,93,47,3
6.2761593268374360,94,95,49,0
5.2204138929883293,94,94,57,2
1.8526675452543049,94,95,55,4
0.9026720039478967,94,95,45,4
3.5933607936192926,96,97,51,3
2.3669894957771667,94,95,49,0
1.4791948939081636,92,93,50,0
0.0592867220526590,92,92,46,0
3.2963168406357384,96,97,55,5
4.5733159955417202,96,97,51,3
6.2380310966676538,90,91,44,7
5.1039552872931866,92,92,57,5
6.1212012849513444,94,95,49,4
2.2699110817895534,94,95,47,0
3.4627264234091593,96,97,47,5
5.3712816657089570,92,93,43,5
1.6115059686566349,88,88,52,6
0.9427346264740915,96,97,40,4
2.4886897217642874,92,93,50,6
5.3277270335593796,92,93,47,7
0.7548800569735798,94,94,48,5
3.8096884614403206,96,97,46,0
2.6006036299431008,96,97,43,1
5.6988155381208312,90,91,46,5
6.1811725250040688,96,97,50,2
3.7998033233488626,96,97,42,0
1.0897807530473125,94,95,45,6
1.4786031180030170,96,97,54,2
1.3295000555024052,92,92,47,5
5.6230062151424338,96,96,57,1
2.3533698969717269,90,91,58,5
0.1315292040925455,90,90,49,4
1.8752027594347040,94,95,51,0
1.3207916594032509,94,95,52,5
4.9208121823778681,96,97,53,1
0.1614171348707972,96,97,45,7
4.0053815505822046,94,94,50,3
2.1085405511151030,90,91,49,4
2.9135581376841420,92,93,47,1
6.0631701529658724,92,93,49,3
4.0552094356570780,98,99,37,2
3.9961898167033474,94,94,53,0
0.6676335478412305,94,95,47,4
3.6800456440809586,94,95,51,4
3.7880131235931764,96,97,47,5
6.1727832877339415,94,94,54,7
3.1525018580895914,96,96,53,1
5.9309094313073967,96,96,54,6
3.3104161439769442,94,94,56,3
2.1694356926738205,94,95,59,2
5.0192704482757149,94,94,40,1
6.0088728394719153,96,97,57,7
0.6981939106221272,94,94,51,2
1.0910213674115277,94,94,40,1
5.4432200411930500,94,95,59,4
3.7852162909873153,94,94,55,4
0.6008214524380149,94,94,54,7
1.1568134131904131,98,99,42,1
0.8304636303941367,92,93,50,6
1.1906863560468197,92,92,50,6
2.2301284812320041,94,95,43,0
2.7667884653221537,96,97,56,2
5.2751483630646216,94,95,43,4
1.9466686853341930,96,96,50,4
4.9306436899241213,94,95,52,5
0.8024067887276366,96,97,60,4
4.5319569623490876,92,93,39,3
1.3168589091067266,94,94,55,0
1.9021620007921187,94,94,44,5
6.1973121273979377,94,95,41,6
3.5756740743799087,94,94,43,0
0.7626283612740667,96,97,55,1
2.6638155827309635,92,93,48,4
2.9040808308597450,96,97,48,0
1.2691685189647568,94,95,37,0
3.3586677062364054,96,96,55,3
1.7987505272909052,92,93,46,6
4.4211561647256472,94,95,52,3
4.1400668631106656,92,92,46,4
3.5252000718062804,90,91,39,2
2.8774522263615436,96,96,55,1
4.5028373210136188,94,95,42,3
4.7694495691230534,96,96,54,2
5.2267041063316446,96,97,56,2
0.7397555859274053,90,91,37,2
4.6250864219052588,96,96,51,1
1.4530394843869259,94,95,47,2
2.3785929502287257,96,97,58,2
3.1364486796863442,94,94,47,0
0.3877930491651477,92,92,44,2
1.9891723623186672,96,97,44,2
3.6534618248850368,98,98,46,3
0.3703059644680209,94,94,53,6
0.5344977237121730,92,92,48,6
0.7945382692863269,94,95,59,6
2.0519382235974581,94,95,47,0
3.9430896084598897,96,97,51,1
0.2222797319845816,96,96,43,1
6.1125456624212440,94,95,45,4
5.2910751243406651,94,95,62,5
6.0101788132777099,94,94,49,4
1.9193155286980992,96,97,49,7
1.5465954332919671,94,94,48,7
4.1842531029602332,94,95,52,3
2.4591862867484298,94,94,50,5
0.5089214527136336,94,95,52,3
1.3538256650610117,92,93,51,7
0.4940364358372327,94,95,45,0
3.2687285573359719,94,94,54,1
5.6890034564363345,94,95,42,5
0.6200331412259240,94,95,41,4
1.0922456577730830,96,96,54,6
4.9106403311791640,92,92,50,6
4.0634022280502524,94,94,47,6
0.2126055218310581,94,95,50,1
0.2876059669081431,96,97,52,0
0.9494693131939402,96,97,52,0
1.1143802444290816,92,92,51,5
4.7436272763793870,94,95,47,6
2.7824553967963386,92,92,52,0
2.0914535470357678,94,94,57,2
1.0147033529047087,96,97,46,2
3.4743626783180908,96,97,48,2
2.6372632384533730,94,95,51,4
5.7940635890393812,94,95,51,4
2.0965639564158991,96,97,46,2
2.0332042739133631,92,93,51,3
0.8435744396310714,96,97,49,7
5.1946728595975564,94,95,53,0
2.5537316692531289,94,94,40,7
5.0780828975959169,96,97,50,4
6.0369414090252089,94,94,39,2
2.2741775926559971,92,93,43,7
2.5421348553733036,94,94,44,5
3.9923094959168486,96,97,57,7
4.3910244376295209,94,94,48,5
0.5153680091827390,96,97,51,5
6.1340399733636204,96,97,54,2
3.0457310729771718,90,90,42,1
1.9734177670242359,94,94,49,4
5.3956311422553851,92,93,51,1
5.4562088363641248,96,96,50,6
5.7627315516118429,94,95,53,2
2.0167333779500081,90,91,48,5
4.6354448676075055,88,89,38,4
3.5992208974999169,92,92,38,6
6.0503965356083080,96,97,51,5
3.0484476116245558,94,95,46,1
6.1541265843050388,94,95,46,1
5.2094867130287410,96,97,48,4
1.0836350211219055,92,92,45,1
4.0276233260500351,94,95,40,7
1.5887847539489250,94,94,50,3
3.0927798777113251,94,95,54,1
2.4902364356251119,94,95,41,4
3.1818545208557900,94,95,46,7
0.9504903696046413,96,96,51,7
2.0774561267053753,94,94,49,0
4.3270442485355636,92,93,54,2
3.2160228201818959,96,97,49,5
6.0619542001415923,96,96,43,7
0.7475967042264372,92,93,42,4
4.5986416100311489,92,92,48,2
2.7347171147094245,92,93,49,7
2.9763814079361639,96,97,54,0
0.4748893219141098,94,95,59,6
4.7223541346934201,90,90,47,0
1.7671205604948932,94,95,43,6
5.0145468947237637,92,92,38,4
0.8059890867899014,96,97,61,5
4.8845072726767542,96,96,49,3
0.1998828860831199,96,96,55,1
6.1815023942139113,96,97,47,1
1.5902832827613103,92,93,40,6
4.2707645295618830,92,92,48,4
1.2030690953592056,92,93,45,7
0.5410539110465995,92,93,48,6
2.0399123380405038,96,97,51,5
0.4907421040573300,94,94,56,1
1.1187625262414527,88,89,50,2
0.2173496930239688,96,96,47,5
6.1029710559591024,86,87,36,7
0.2219663360527262,94,95,45,2
5.0319024074831296,94,95,42,3
2.3522873616867015,96,96,58,0
2.3075499417470389,96,97,53,3
0.9320346307449813,92,93,45,5
0.9587563082788289,94,95,53,6
3.3274467373199332,92,92,52,2
2.8312091882871786,94,94,49,0
4.4526081467644625,90,90,53,6
0.1815441710916352,92,93,41,7
2.4894338538712022,96,96,57,1
4.6503369731099413,92,93,45,1
5.9780621290530309,94,95,48,7
4.0837586879595609,96,97,46,0
4.3650113537460618,88,89,52,2
5.2184845061025316,92,92,46,6
2.9541557429988914,92,93,49,3
3.4161128835603898,92,93,55,7
2.1157124959748357,96,97,55,5
4.6121899193848828,94,95,54,3
3.8945165853972274,98,99,50,7
2.0932715440304004,96,97,53,5
2.1439086437855552,94,94,49,0
5.8671461876095021,96,97,53,3
2.0362126259672473,94,95,56,5
1.9670029322663682,94,94,55,6
0.9234039531336965,92,93,45,7
4.8601886918016639,96,96,41,5
1.4573140801000004,96,97,44,0
4.3339489926486179,92,92,52,2
5.7656915400634245,94,95,44,5
2.8329018878709382,96,97,47,1
2.1486222102214172,92,93,42,2
5.1714420695775107,92,93,43,7
0.4506421178949845,92,92,44,4
1.9385745277391011,94,94,51,2
4.2584476055566789,94,95,52,1
1.1480396965432713,94,95,51,4
1.3910306603982932,96,96,53,5
4.3669430240904186,94,94,50,3
0.5777847197959826,94,95,45,6
1.7104884368049136,94,95,43,0
5.1291743883669421,94,95,42,5
5.3895189646782429,98,99,58,7
5.9380621072360382,94,94,50,5
3.7368915485297394,96,97,47,5
3.2617606412234785,92,93,59,7
0.6703762871109791,94,94,51,4
0.4921852884660992,94,94,53,6
4.5688447234601330,94,94,42,7
5.3695924923670928,88,89,47,7
2.2519211241426236,96,96,51,5
4.6305619485019891,94,95,50,3
1.4708640880848944,92,92,56,6
1.4557226307506874,96,96,45,3
2.7858448274886696,96,97,52,4
4.3941176230952195,92,92,48,4
4.3854325832953114,94,95,53,6
3.5978225815146052,94,95,45,4
3.2081189760705104,96,97,47,3
1.0325087189248099,96,96,48,6
2.3566871637959199,96,97,52,4
1.4368232831868457,90,91,47,0
5.2651364265356584,92,93,52,2
0.6370396807607819,96,97,52,0
0.0279852818652735,92,93,46,6
0.7673705727133299,92,93,57,3
5.3943672865121508,96,97,42,2
3.0279495362134106,92,93,45,7
5.4956258093624557,92,92,51,1
0.5026753321268566,94,95,48,5
0.5636376455558915,92,93,44,0
3.4074165032443009,94,95,48,1
4.8712265287019427,92,93,54,4
3.8267823228958582,96,97,56,0
4.6695690401005221,94,95,54,3
3.3502089903266832,94,95,53,0
4.5887587968450383,96,97,54,2
2.2699359289765386,94,95,50,3
0.3482914230322486,94,95,46,5
3.6124530219043058,96,96,53,5
2.4951766995727156,92,93,50,2
0.5665101044304478,94,95,51,2
4.7480612147882333,94,94,40,3
1.4367901239251537,90,91,42,3
6.1056770432818199,96,97,42,0
4.4312577688029373,94,95,48,7
4.8887626696782718,92,93,48,6
3.6737581797295902,94,95,55,4
0.3903889188217165,92,93,48,2
5.1219323086816164,96,97,50,2
0.0779243216634665,96,96,51,7
1.2284938746924652,96,96,44,4
1.7014821981410044,96,97,41,7
1.6775637032220185,96,97,50,2
4.6484100271927096,94,95,55,0
2.1781435458169249,96,97,48,2
1.9546078536141398,94,95,44,5
6.1273054261167701,92,92,47,7
1.4419937933021927,94,95,49,6
3.2344489696173495,94,95,45,0
2.6855867669414586,96,97,52,6
5.2892889139134560,94,94,46,1
5.3590559220631429,94,94,53,0
0.2714469624810333,94,95,40,1
1.2887477031578078,90,91,48,1
0.7742121339958965,96,97,53,7
4.8068744270814161,94,94,47,0
1.0379883128557903,96,97,54,6
1.4470867769975826,98,99,48,5
6.0348389720662947,90,90,50,5
1.5740970067192737,94,95,51,6
5.1746054150175906,94,94,44,5
0.9715634839073826,94,94,45,4
4.5234965942135128,92,93,52,4
2.8641411639622341,96,96,48,4
2.7280393923776747,94,95,51,6
1.4799257242946959,92,93,46,6
0.1837316713545916,94,94,49,6
3.9481728062365260,94,94,54,7
4.8462307956417154,92,93,49,1
3.5002722131069097,96,97,59,1
1.0781754511831585,90,91,46,7
4.5441233243040484,94,94,46,5
2.3829736432351964,94,95,48,3
2.7933825386903637,94,95,56,5
0.1189050278490140,96,97,52,0
1.4884312924568643,94,94,38,7
2.4933633021775865,96,97,53,1
0.3958073604355111,94,94,51,0
0.7828770746258482,90,91,48,5
4.9101745793105609,92,93,46,0
2.1249904541780431,92,93,53,1
3.3473678564571450,96,97,47,3
1.0015965973843941,92,93,54,4
1.7496853446500713,96,97,58,2
1.7672634256734694,96,96,37,3
2.1819194161798507,96,96,43,5
0.4873228507976963,98,99,52,5
2.6534495499419668,94,95,47,0
6.2023551174628802,94,94,41,0
6.1321386944274856,92,92,52,4
4.4963755581782650,94,95,49,4
4.5721390012272733,94,94,48,5
0.7768430465687903,94,95,58,5
4.2919434039440114,92,93,47,3
5.7417863513388490,96,97,46,4
2.6614464219793472,98,99,45,4
3.1640477590017486,94,94,49,6
4.7570374064551073,94,95,47,2
3.7287818396581418,92,92,42,6
1.0887560999441295,94,95,41,6
1.6779432446966425,96,97,49,3
2.9572062194149469,96,96,48,0
3.7912440224616515,94,94,56,5
0.2825771474878613,94,95,47,6
2.8018872402507613,92,93,44,6
1.5181363191061761,92,92,50,6
3.0496294864455558,94,95,45,4
1.6406067020188957,94,95,50,1
2.2178322441709186,96,96,45,5
0.0378121096882382,96,97,41,7
6.1947830756465878,96,96,51,1
0.8526740768676345,92,93,47,3
4.0982675795495638,94,95,49,4
1.6787183987947463,92,92,46,4
3.9920880559198930,94,94,52,7
4.5123713898837279,94,95,48,5
5.0191692382760991,94,95,49,2
4.2000871099627730,96,96,48,2
3.4511797856721005,92,92,53,1
0.9058981725574122,94,94,41,0
5.3045140615112381,96,97,49,1
2.0016398585778683,92,93,45,3
4.7250009904064161,94,95,48,5
3.4728503354515960,94,95,47,2
3.7858811362434039,90,91,48,1
5.4904124401477645,90,91,42,5
1.0413840972364148,92,93,50,6
3.5942094357570911,94,94,50,3
6.1559561710223125,94,95,53,0
5.5208749063563864,94,94,50,5
4.2042957602978657,94,95,49,0
0.2764544572834441,96,97,42,4
3.4849455984020645,94,95,48,1
4.4699970885258740,96,97,54,2
4.4426536644924965,92,92,45,3
2.1293977070257069,96,97,55,5
2.5057672012604688,94,94,48,1
6.2782736354098807,92,93,45,1
4.1565699055160010,92,93,45,7
0.9655582052045304,92,93,40,0
2.6714492340637861,96,96,49,5
4.0817373050515471,92,93,42,4
0.5829002497814633,94,95,50,7
1.9880260439941704,96,96,49,3
3.9559708800114457,82,83,40,1
4.9923631071302372,92,92,43,3
3.4340766134066536,96,96,46,0
5.1640375889635681,94,95,47,2
1.7890590800886850,92,93,49,1
2.4164704655245788,94,95,57,4
1.7848866577525182,94,95,49,2
5.0707474590426660,94,94,41,4
3.3167920898817060,90,90,41,0
5.6240416815537664,96,97,49,3
3.1443116414106984,96,97,45,3
2.2499428470600087,96,96,44,0
5.4664362496518075,96,96,54,0
0.7925390995503536,94,95,50,1
1.4018969886995460,92,93,45,5
3.4618862920706701,94,95,51,2
0.0687227980083226,94,94,42,5
5.6527351459198032,94,95,48,5
4.0151891816609862,96,97,46,2
5.1609918055507906,96,97,52,4
1.9605630544819301,96,97,52,2
3.1082327590663841,96,97,65,1
3.5301048830536010,96,96,46,0
1.6214130060360674,92,92,47,5
2.7463959355691978,94,95,44,7
5.1557745932015795,94,95,46,5
1.8944800862593438,96,97,57,3
4.0500138216368287,94,94,52,7
5.5571307542193287,92,93,52,0
2.3866527252334957,96,96,46,4
3.1573917033826633,94,95,55,0
3.8464941040615153,92,93,46,4
3.4567703095829136,94,94,46,3
0.8371564303318968,96,97,51,7
3.1332202863696490,96,96,46,2
3.5871776643844719,94,94,49,0
0.3057305194505624,94,95,54,1
1.2031775609848856,96,97,47,5
6.1603435570401128,92,93,47,7
1.4441663306632624,94,95,48,1
0.5392392010770442,96,97,54,4
5.1520533021256547,90,91,44,1
1.8287849115410408,96,97,49,5
1.1409676692130666,94,95,57,0
4.8269485956617091,92,93,55,7
5.6889022271185130,96,97,47,5
6.2050863575633173,94,95,50,3
1.0073228260254461,96,96,52,2
5.5967349140010203,92,93,45,5
3.8603319432022634,90,90,47,0
0.1477395068899288,90,91,49,6
1.1709702926260086,90,91,43,0
0.2649068905436144,96,97,48,2
0.0431569778581297,92,93,44,0
1.2201212421864953,96,97,50,4
1.5366627930332839,96,97,52,4
3.2861199778493284,98,98,55,0
6.0943457072518399,94,95,48,5
5.3846437513476237,94,94,41,4
0.1436461076081852,94,95,53,2
5.5433680876386315,96,97,50,2
3.1181953684948822,92,92,47,3
1.4642734883715194,84,85,43,3
2.0009304030890234,96,97,53,5
4.0093789320756859,94,94,44,1
0.6604612313975564,94,95,47,4
1.9381002075730507,94,95,48,3
0.2722334234468294,96,96,51,3
4.1369729652563247,94,95,44,1
4.8546359309503933,96,97,57,3
4.8438876453785884,94,95,55,6
0.8759243664819235,94,95,55,0
0.5442264136496404,92,93,48,2
4.2009749266630365,96,97,45,3
2.5196505257224473,96,96,55,7
6.0302967650842341,94,95,54,3
3.2779472506703664,94,95,45,6
2.8755161811358083,96,97,52,2
0.6155829856267029,94,94,47,2
0.5641439301793720,94,94,43,0
5.8860582446903313,96,97,40,0
5.2405785723067844,92,93,53,3
3.8532405302750452,92,93,51,3
1.1830914683877813,94,94,48,7
0.3064648749243744,94,94,50,3
5.9209465648148019,94,94,57,4
2.7973136599665858,94,95,48,3
3.5379109253597565,94,94,45,0
1.9572788058316026,92,93,45,1
0.6926231882537923,96,97,53,7
5.7179641518275641,92,93,46,2
6.2227786548813722,94,94,40,7
5.4826166992506442,96,96,47,5
3.2313857494461451,92,93,48,0
4.6666154112914233,94,95,48,1
3.1982212072210943,92,92,37,5
0.0494646644343669,94,95,48,3
5.6715505922450626,94,95,47,4
2.2254456477859419,88,88,41,1
4.7911541556317578,96,97,44,0
2.7952255816010689,94,95,53,0
1.6189571797568727,96,97,57,7
0.3472470021673575,96,96,48,0
3.7618111008104824,94,95,49,2
5.6451899624558983,92,93,39,3
5.3539274654455165,94,95,50,1
3.7163597179964829,94,95,53,6
1.3121245461805897,94,94,44,3
3.8513246550191549,94,94,46,7
2.8677442246440630,92,92,57,5
0.6900960675892592,96,97,48,4
1.1205501452867175,94,94,54,3
1.2376901636201001,96,97,45,7
2.9550962328076915,94,95,45,4
1.7388048242857188,94,94,51,0
4.7299622929188168,90,91,45,6
4.8304832585297133,94,95,47,2
1.8830698095693781,96,96,41,1
1.6606056430396521,92,93,44,6
0.5840372910931394,94,95,48,5
5.7758209419726985,96,97,52,2
3.4430819201328249,94,95,55,6
5.5959188155977078,92,92,55,7
2.4802993026178797,94,94,52,1
5.9194038674822362,96,96,51,7
0.0471327786567292,96,97,48,0
4.0451934471698774,96,97,58,2
1.6667866651248098,92,92,50,2
1.1645121723652201,96,97,49,7
4.8111975355353369,94,94,42,7
1.6767212440876373,94,95,49,6
1.9903524301196514,94,95,43,2
1.8418905554882976,96,97,44,4
0.7223389241755769,102,103,59,0
3.6175097472380471,96,97,59,1
6.1044636741623979,94,95,50,7
5.2813336363528540,90,91,39,6
2.2315256703897717,92,93,43,3
5.3321133742272764,92,93,47,5
1.7469172362304752,94,95,49,6
6.0322813295548352,94,95,51,4
3.3547917878684479,94,95,58,7
3.8221523814264677,94,94,49,6
0.5681981991472155,94,95,53,6
1.0298472182327472,94,94,43,2
2.1229442934046427,96,96,42,0
2.8595026410354198,94,95,47,6
0.9424712341521413,92,92,45,5
1.2074346433003542,96,96,41,7
3.8841216092112423,94,95,48,3
3.8652140847957588,96,97,46,2
4.9701718486103967,98,99,55,2
5.1973447485440705,96,97,45,7
3.1740311261606418,100,100,55,5
0.6352568938328872,90,91,47,2
5.4889606683526040,92,93,41,7
0.4290325440686902,94,94,50,5
1.3926622883610436,94,94,51,4
4.2176500218807051,94,94,48,7
0.9288936222344025,92,92,48,2
3.0112400438318510,96,97,50,0
0.3696740694137728,96,97,46,2
1.6277744900265576,94,94,57,6
0.2109748680116191,96,96,50,4
0.6206033911360853,92,92,58,6
2.0461832669527427,94,95,44,5
5.9393670586458667,94,94,46,7
0.5029847959048055,94,95,53,0
0.9697763004892540,94,95,47,0
4.5607586614329767,94,95,46,1
4.4370291790427263,90,91,41,6
1.1643995860874115,94,94,45,4
1.1594601297679052,94,95,50,1
3.2579081915351988,94,94,47,0
3.4644135226172375,94,95,42,5
5.4621851011960940,96,97,49,1
2.2912515416244874,94,94,53,4
2.5067365337355647,92,93,49,7
2.7662035928694562,96,97,59,7
1.2434342378214025,94,95,42,1
4.1396163492521545,96,97,43,1
2.9729801767615522,92,93,43,7
6.0499961179302701,94,95,47,4
3.6843891992492241,92,93,42,6
1.5995280382603330,92,93,49,1
6.0979316871289351,96,96,49,1
1.0188837313051178,92,93,44,4
1.1981133091708975,94,95,46,1
5.7413403676027492,96,97,47,1
0.6268997554439663,94,95,50,3
5.1168265279108693,90,90,45,4
5.1020730387165880,94,95,42,3
3.5958759819228598,92,93,50,0
0.5361317001502663,94,95,58,5
3.3668164067847672,94,95,49,6
1.2940662639928182,96,97,55,7
5.5637439703241158,94,95,61,4
6.2417444763687016,96,96,34,2
0.3177799495561284,96,97,49,5
3.2743385712711133,90,91,54,7
5.2775789083684099,94,95,52,5
0.0293708357625170,94,95,50,1
4.4469332972352111,92,93,48,4
5.6607199186919148,96,97,60,0
5.1519128295755685,92,93,39,3
5.8388954562604392,92,93,42,4
0.4792019507004073,92,93,48,0
2.0284880226236419,94,95,53,4
5.2605490377810993,92,93,46,4
1.6580618590933458,94,94,33,6
6.2420491293020186,94,95,49,0
2.0216439164674922,92,93,45,3
2.7889507132386178,92,93,47,7
2.2174974833458196,94,94,42,7
3.4708864117052767,94,94,55,2
4.3373677823788492,90,91,29,4
2.7269413024821643,96,96,49,1
4.0251051601846699,96,97,45,3
3.4066165941730042,96,96,49,1
4.6763747535716362,96,97,52,2
3.2397538691037981,92,92,45,7
0.3330908131983722,96,97,56,6
2.3299472822196816,96,97,52,6
0.6571520604669193,94,95,39,2
6.2469369780073443,94,95,39,6
1.8684660302125440,96,97,46,4
5.2419841125686562,92,93,42,2
5.6299845117603464,92,93,35,1
3.3135515859507239,94,94,56,1
0.8155558629912562,96,97,51,1
5.0208481630680399,96,97,48,4
4.7153469130205545,96,97,55,3
4.7850106706042048,96,97,45,1
4.4453627769490014,96,97,60,6
2.6905970410021576,96,97,55,1
1.8106492738232467,94,95,52,1
0.5573365012147469,94,95,41,2
4.3041161345290302,96,96,52,6
4.5428633520109232,94,94,51,4
5.9886218068431125,94,94,42,3
4.7726242449603085,92,92,52,0
2.4289419132139423,96,97,45,7
2.1753198744833546,96,96,58,0
1.4371180500831087,92,93,48,0
0.2619520356119371,94,95,53,6
0.9650239948915083,96,97,50,6
1.5952270469194361,94,95,41,6
3.3353766437475718,98,99,56,3
4.0727238884871628,98,98,43,0
5.7123275192987384,96,96,43,7
0.9662734828620251,92,93,42,6
5.7809327412718936,96,97,55,3
3.3178621500672425,94,95,47,6
4.7739513124742663,92,93,49,7
4.6018782481455229,94,95,43,0
2.8638869589844140,94,94,56,5
6.1746117032780568,96,96,52,0
2.2648862101331533,94,94,45,2
2.4147704622029069,98,99,53,4
4.6886676059059331,94,95,56,3
1.5327705912868765,94,95,56,7
3.5132761221174627,94,94,51,6
2.7243867292387467,94,95,47,4
0.5808537077031269,96,97,51,3
2.2134739168638040,92,93,46,2
0.4092442028124139,92,93,51,3
1.7035346565421277,96,97,49,7
1.6051101095426903,94,94,50,5
3.4242048261255538,94,95,43,2
0.9814206936742664,92,93,46,0
3.6301254080242207,94,95,51,4
2.5151927343414968,94,95,47,4
0.2967723940722966,92,93,51,3
6.1743111004188806,96,97,50,6
0.9980819889642016,92,92,48,4
0.7496276193475435,94,95,46,7
0.9589701901502752,88,88,42,4
3.2293566621510443,96,97,56,4
3.8180236881761211,94,95,59,4
1.4227971330550280,94,95,39,2
0.5243156861236495,94,95,44,3
2.4541888489289359,94,94,50,1
1.9904389359399262,96,97,48,4
1.4411101909980191,96,97,40,6
3.9183910448285983,96,96,49,7
5.7470821260106373,94,95,50,3
1.7262722100472201,96,97,45,7
6.1798435687101874,90,90,45,0
4.4300747348995886,92,93,45,1
3.8960722577184592,94,95,51,6
2.7603011586592427,92,92,47,1
5.2428548026657831,94,95,47,6
1.6453728553720324,102,102,52,5
2.8645423252032418,92,93,46,0
4.3140708409463171,94,94,49,4
1.9929029925448298,92,93,44,4
5.0187079672060149,92,92,43,7
4.2195130706911392,94,94,45,0
0.7581108116578200,94,95,52,1
2.9448629535822426,96,96,48,0
2.4771237553856582,96,96,50,4
5.5019638984109793,94,95,41,0
3.5233847598929406,94,95,44,1
1.7243392727169422,92,92,54,6
4.1192007273818794,94,94,46,5
3.1979187887758709,94,95,52,7
5.2677943459957470,98,99,51,4
3.9799918781209116,96,97,53,5
3.8134361319815935,96,97,46,4
4.8151008857238864,94,94,45,6
4.5438457537762122,96,97,45,5
4.5186586062921998,94,94,51,6
5.3421145288631378,98,99,48,5
1.8694341981197118,96,96,43,1
3.4924887819649446,94,95,47,2
1.4493018896936452,98,98,49,4
4.7925138457865382,96,97,52,4
5.5252294327183149,94,95,56,1
2.3010364794321720,94,95,58,3
4.9227908062121886,96,97,54,4
0.6789026822056394,96,97,54,0
5.6617591961916043,92,92,42,2
4.8419269375261322,90,91,51,4
2.5069727708670295,94,95,56,7
4.3908106031455478,94,95,49,2
1.9284185433067287,96,97,52,6
3.2435194980196642,94,94,48,7
5.4527117930696853,92,92,46,2
0.1959269529823946,96,97,40,6
1.8268032240673580,96,96,46,0
5.4229538102072592,96,97,61,1
4.4391652464389129,96,96,52,4
4.0024454723006606,92,93,52,6
6.0038429327321898,92,93,47,5
1.8491494638359800,96,96,50,6
2.8692372346629260,94,95,53,2
2.2622663617878280,98,98,57,2
1.4881836107008994,92,93,47,1
4.3893190706150831,94,94,49,2
2.1494102169567788,96,97,53,3
5.1341148804917340,96,97,43,3
4.4343007481360379,94,95,49,4
0.3693454323883063,96,97,44,6
0.7844986307358554,92,92,56,4
5.3778419438707719,94,95,47,2
5.2500451126539609,94,95,51,2
2.6623397763574963,92,92,61,3
5.7774455580423982,96,97,48,4
3.7003503216122486,86,86,49,6
4.1165894074727944,90,90,46,3
2.0860277358994490,94,95,47,4
1.9922905400999313,90,90,42,7
1.2205460232034548,94,94,41,4
3.4926083580197398,94,94,41,0
4.3166445553617407,94,95,51,6
4.6815389927880275,96,97,41,3
5.9964962570252354,94,94,50,3
4.3522044480862716,88,89,37,7
1.5015026394109852,96,96,49,3
4.7444393827890607,94,94,52,5
3.5235237568916209,94,95,54,3
5.3571286866639021,88,89,50,4
1.0453856778137904,94,95,54,7
3.3365549247365793,92,93,53,1
2.0533513678086908,94,94,48,7
4.5972754191554692,92,93,45,3
3.9016107516529344,96,97,38,0
5.3407324593729069,96,97,50,2
4.4746982656278407,94,95,49,6
0.6474213587606928,90,90,42,7
1.9307379450479338,96,96,63,1
5.3791971867555484,92,93,49,7
4.7415743687209062,94,95,43,2
1.7562144498331949,94,95,51,6
5.5501791175181960,94,95,39,0
2.4623803600374554,96,97,49,5
3.2709660364762190,96,96,53,3
3.4494274177277866,94,95,55,6
2.0475897086305821,94,95,54,5
3.8154182233282747,92,93,46,2
6.2748688419518732,94,94,49,4
2.3227629657741162,90,90,45,4
6.1136164614205200,92,92,51,5
4.5947195966463337,94,94,44,3
5.4792020012617257,96,97,47,1
2.7398512818024217,94,94,50,5
1.1555332351485816,94,95,44,5
3.1279322876855544,96,97,53,3
4.9267658190625205,88,89,43,7
1.9805180318911348,92,93,41,7
4.9739334084909217,94,94,45,2
2.6998787942649569,92,93,46,6
5.2654702026118354,92,93,51,3
6.1797325292031520,94,94,49,4
2.9556739444587321,94,95,52,5
6.1103493310947297,94,94,51,0
2.1508969254345058,92,92,50,4
4.7025588597006207,96,97,54,2
4.7579195272242973,92,93,46,6
5.8553969458009529,96,97,49,3
0.5413607739030428,94,95,55,2
3.8593431457741807,94,94,54,5
0.4951690760118631,94,95,41,2
0.4970473963934016,94,95,49,6
3.7708099772045922,94,95,39,4
0.8124873545736149,96,97,48,6
0.3036699178317028,90,91,49,2
5.6608485950647172,90,91,50,3
5.3852438756742771,94,95,50,5
5.3580207024557716,96,97,51,7
0.4055542133278072,94,95,50,3
0.1611879921002600,96,97,44,6
2.7285357296975010,94,94,53,0
4.5374630248456587,98,98,50,7
5.8841342693942362,96,96,41,7
2.6656107975217020,96,97,48,2
3.3864355504007646,96,97,57,1
3.7736252460820321,90,91,52,5
1.8720787018309730,96,96,40,4
5.5152082314351949,94,95,57,0
0.5362216781218204,96,97,58,0
3.2647160387063741,94,95,42,5
3.7661822887782543,98,98,59,6
6.0143618535013603,96,97,49,7
3.7969181610821261,94,95,55,0
4.8555376797784984,96,96,46,2
4.4259895156440683,92,92,41,5
4.8145964452181147,94,94,46,5
1.9466499795200249,96,96,58,0
2.6238720114161018,98,98,51,4
1.4307074511044033,94,95,50,1
2.9259798192138340,94,95,50,1
3.8044889470361620,96,97,46,2
3.0947622443813789,94,94,43,2
0.6194322702280464,92,92,44,6
6.2244211694183056,96,96,51,3
2.0362923894467322,96,97,45,1
2.6694798443167831,94,94,56,3
5.4268410077750380,94,94,39,2
0.5512032737966741,98,99,49,6
3.7397898344737217,96,97,56,2
5.5876806181085881,94,95,41,2
3.6138506407723310,94,95,57,2
0.7109739659103645,90,91,51,4
2.2609794917478565,94,95,51,0
4.3029727358810925,94,95,49,6
4.4444840248570125,90,91,47,6
3.9305819643935433,92,93,45,5
1.2779585055332034,94,94,47,2
2.7685217048141966,96,97,46,4
2.8920345865373469,96,97,51,7
5.7237682182726841,94,95,47,0
1.6325629675429034,96,97,48,6
4.3113846813717123,92,93,39,1
4.7632443116046419,94,94,45,4
5.0019417191635611,94,95,49,4
0.7770205194075537,96,97,49,5
4.5769105199970275,94,95,51,6
4.2785555725385986,92,93,49,7
2.9227255429900554,90,91,53,0
3.4649326879753817,94,95,52,5
1.8057812485251581,92,92,49,7
3.0964613749584462,92,93,59,7
1.5376228663005389,94,94,53,6
4.9115775995439943,92,92,49,7
5.2933601546383873,94,94,48,5
3.5949748318382015,96,97,58,6
5.8023409737980876,94,95,49,6
2.4132900313445873,96,96,40,6
1.8855322245083692,96,96,55,7
5.0257948268428363,94,95,46,7
0.7529820533944583,94,95,49,4
5.6122453167227020,96,96,50,2
5.0086192486050871,96,97,46,0
2.4567503445737078,92,92,50,4
5.8427461469489259,94,95,55,2
5.0013298095583378,96,97,51,5
4.5438467012311579,92,93,48,4
5.6207685936120457,94,95,47,6
5.0186042806703588,92,92,42,4
3.2710822921264424,92,93,42,0
5.8509907358327320,96,96,54,6
4.5100248452296503,94,95,56,7
2.9840684766267604,92,92,58,0
2.3411890022097941,88,89,53,5
0.6246792408625679,94,95,51,4
1.6671352335652800,94,95,52,5
3.4535653781719087,94,95,56,1
4.6147186316302928,94,94,47,4
2.0631898434149556,94,94,45,4
1.1209812387641775,94,95,35,0
4.0073592042135733,92,93,40,4
0.0493750953967201,94,94,47,0
1.2377169795626950,92,93,52,4
1.7522594346128382,92,93,48,2
1.4524696522431968,94,95,47,2
2.3173942802350327,94,95,53,2
4.5406856537156495,92,93,55,5
1.6137489493214809,96,97,52,2
6.0340190766857509,94,95,49,0
5.4425432671200014,96,96,43,1
5.0992081786076540,96,96,49,1
3.2589571991912640,94,95,46,1
5.6351311003729174,90,91,51,4
1.5095236762463078,92,93,46,4
3.8499512190985108,96,97,55,1
5.9915438653915993,88,88,43,1
3.3979515210207887,94,94,42,7
3.7437541394528773,94,94,50,1
2.7326709212363749,96,97,41,7
3.8818185224602058,94,95,50,1
1.8875092441420283,96,96,44,6
6.1247659081493859,92,92,47,1
4.6802336152212556,92,93,56,2
1.1846714215391021,96,97,51,5
1.3771030420099919,94,95,49,4
5.7919642045999966,94,94,43,4
5.9698261527271361,96,97,52,6
5.1655659083302794,92,92,51,5
2.2465299999108677,90,91,49,4
4.9753038177859130,96,97,55,5
1.2422153509438258,96,96,43,5
3.2605654455745992,96,96,45,7
4.0989638990648203,92,93,50,0
0.5153157420739460,92,93,44,6
2.2357283738002871,92,93,45,1
5.0379450889755422,92,92,44,4
3.7111215816707848,94,94,50,5
6.0730857080164533,98,99,46,5
1.5269341757496206,96,96,55,3
3.5005936131617847,96,97,52,6
4.4492796029514938,90,90,49,2
1.0146872794640889,96,97,51,7
5.2254810216656624,96,97,49,3
6.0074099797724472,92,93,49,1
2.6495685768799615,96,97,40,4
3.4569264523799474,90,91,57,4
2.4957423075078058,94,95,44,5
0.7996217649098963,94,94,50,5
4.5140946079409501,92,92,48,0
0.2377657715571225,94,94,50,1
0.9780402669357421,94,94,51,2
2.7551392408639654,96,97,55,7
1.2238759377411925,94,95,47,6
4.0348720278594525,94,95,54,7
2.4381579677853420,96,96,49,5
3.9904966145645990,96,97,61,1
5.8299366755453468,94,95,46,7
1.7002290312216009,94,95,43,6
0.0384651987805366,96,97,49,7
0.9803310152934662,96,97,46,4
4.9832156290679661,96,97,57,3
0.3320244038803542,94,95,50,3
3.4596621799990834,94,95,46,3
2.2486757471136340,94,94,44,5
1.3245260297745216,94,94,54,3
0.2911342945298085,94,94,52,3
5.4765577347041221,94,94,55,2
1.1936490914258082,92,93,44,0
4.2274568947479754,92,93,47,3
6.1833269684917331,96,97,48,2
0.2184249717882980,96,97,48,6
2.5913639830814064,94,94,55,2
2.0533517819335372,92,92,43,5
3.3428797550817162,96,97,49,1
2.7606389414973886,94,95,57,2
2.7510096165808724,96,97,44,2
3.8264066694745478,94,94,51,4
3.0762845555070988,96,97,41,7
2.4032321623180137,94,95,42,3
3.4322505781777704,96,97,53,1
5.3262666348385608,96,96,43,5
0.9023203941173747,98,99,57,4
5.7949280791018358,94,94,57,2
3.1666747717504400,96,97,49,3
0.8920658176974021,94,95,49,4
5.4878279885505314,96,96,38,6
0.3533659935925641,92,93,53,3
6.1814749663042878,94,95,48,5
0.2352726810404946,92,92,52,6
3.5277646002369596,90,91,48,7
4.4190652141314457,90,91,48,3
2.5741502686139430,94,94,48,3
3.3407641722066308,96,96,47,7
1.6022233437252540,96,97,56,4
2.0261162332699483,98,99,49,0
3.1372507977424071,94,95,42,5
2.3940085915462999,96,96,52,0
1.8537726901253064,94,94,46,7
4.2539058546223547,96,96,52,4
2.1595695298437803,94,94,50,3
3.4341453880996671,94,95,46,7
1.4653499193815771,94,95,47,6
5.4668154896188694,96,97,49,7
4.7489368091666035,94,94,56,3
4.4539862367145480,96,96,52,2
3.5419679455186546,94,95,50,5
0.8917662884262291,94,95,53,6
1.5072962386995032,96,97,56,2
1.6149098634538555,96,97,53,1
5.6834416718026093,94,94,37,2
2.3128483417651302,88,89,52,4
2.2576634085902434,94,95,62,7
2.5277840912592766,98,98,52,7
0.4770220222182638,92,92,42,2
5.2211065698235117,96,97,51,7
5.7786434801012598,94,95,48,5
2.7703457609088997,94,95,51,6
4.3868321691628385,92,93,54,6
4.1564761768270868,96,97,61,7
0.5738500750608514,92,92,44,2
2.0972005416523256,94,94,43,2
2.8965510056060824,96,97,56,2
4.2578595458501205,94,94,50,7
3.5084292337673486,96,97,48,4
2.4069459813606051,94,95,51,2
4.2603908603376830,92,93,51,3
3.5215348773687150,96,96,50,0
2.7947474697332129,90,90,45,4
4.2735688902790523,96,97,57,1
3.4171670623419654,96,96,55,3
2.2223533567565048,94,95,46,3
5.1594491284363402,96,97,44,4
4.5796466560773199,88,88,40,6
4.7978727958676624,92,93,50,6
5.7292113275244860,92,92,43,1
2.1170403194360610,94,95,50,7
2.6994247373274645,94,95,51,2
3.1270990512279777,90,90,39,2
1.9400629189806009,96,97,49,3
4.4682395831809156,92,93,49,3
1.1601639525668781,96,96,52,4
3.8510927462731486,92,93,51,5
5.2555731640858916,92,93,42,2
1.9394693724994407,94,94,45,6
6.1818072800058834,96,97,45,5
1.7815531706679213,94,95,44,3
4.0075763790764105,90,91,44,1
1.9410226554888363,92,93,57,1
1.9038289567888544,92,93,46,2
5.9695928514497867,92,92,37,5
4.6503763867822494,94,95,43,4
6.2073478682138727,92,93,55,7
3.0565502048521989,94,95,52,7
1.3001323357670054,96,97,51,7
1.1504213049050780,94,94,51,0
2.7413760913914973,100,101,53,7
0.6538992326787877,92,92,42,4
3.2911798724493977,94,95,51,4
5.9036911857742460,94,94,53,2
6.2713055830023210,94,95,47,0
2.8208307922343869,94,95,55,4
0.4799740647956370,96,96,46,2
0.6401808150927490,90,90,49,2
0.4586225856790425,94,95,44,7
4.9494553701926378,92,93,43,3
5.7083853442395416,94,94,50,5
0.8666605301702049,92,93,39,7
4.2749565796884088,96,97,53,1
5.2458748844676188,94,95,49,0
5.5024693723875018,98,99,53,0
0.4163005036100502,94,95,51,4
2.7038373040913752,94,95,46,1
1.6510363508021002,96,97,50,4
3.1143649029108462,90,90,44,1
4.9961221847152251,92,92,49,7
0.2883830075407214,96,97,46,0
3.8742498763629056,96,97,52,4
2.4095305114762211,94,95,51,0
5.0116569379055367,90,91,47,6
4.5599763725164975,96,97,53,3
1.3858014361887983,96,97,54,6
3.2991233905759461,96,97,44,6
1.1423499844812404,88,88,43,3
2.7798666445346250,94,95,41,0
4.9043389644207007,94,94,46,5
5.8710782666911214,94,95,42,5
5.5998294575147964,94,94,51,6
0.7630075227958755,94,95,48,5
1.3648562500423096,96,97,47,7
0.3709839773244881,94,95,48,3
6.1970167258989797,96,97,45,5
2.0229205245259450,92,93,50,2
0.4372741502659472,94,95,54,7
6.0432182061481559,92,93,46,0
1.9460245059294028,96,97,45,1
3.1063880040860217,90,91,48,3
2.8601190770338052,88,89,43,3
4.1180601608176479,94,95,49,2
5.5509267116965102,88,89,53,3
1.1210606396226428,94,95,51,4
5.0755117071632219,96,97,57,7
1.7421737217204933,96,97,49,5
4.7067610006956109,94,95,61,2
1.9169224373924223,88,89,49,1
4.8828316565457932,96,97,49,3
3.0156975052709276,96,97,52,2
2.3658836727221710,96,97,42,6
5.5409529221090255,94,94,46,5
3.5247858566502566,94,94,45,4
3.5981969254653370,96,96,53,5
6.2652822859573920,90,91,51,2
1.2270214802855377,96,96,47,7
4.0128895359104595,94,95,46,5
1.0721297777398113,90,91,47,2
3.5185238745367720,94,95,41,2
2.9307921004085418,96,96,47,3
0.3558299974316629,96,97,54,0
0.6772272682786820,96,97,46,4
0.9420612025809242,94,95,59,2
1.9049606201647371,94,94,42,5
2.7479970810617771,90,90,46,5
5.8517676948774664,96,97,50,0
0.1501087267966128,94,94,54,3
6.2784880548335034,96,97,48,2
5.0669687594699635,94,95,50,7
6.1174657804871941,96,96,43,1
3.9658159172663696,96,96,46,6
0.1413840309651890,90,91,50,1
3.6142325274661338,94,94,41,2
0.1636596805887383,94,95,49,0
4.6132837350708211,94,95,42,1
1.0164436548754929,92,93,60,4
0.2682929408433986,92,93,57,5
3.3170717597127881,92,92,45,5
2.8313128889016963,94,95,51,4
0.1517996093471695,88,89,41,1
5.4115897876344254,96,97,52,4
4.9604949896099217,94,95,47,6
1.9313138892555108,94,95,52,1
1.0925331385488897,94,94,52,5
3.3823825124493547,96,97,55,1
2.2002197087844584,92,92,58,0
5.1580504894568175,92,93,51,3
0.7729613305878555,94,95,46,3
2.9033304874295838,94,94,55,0
0.2316722570245371,94,94,42,7
1.9145946267459155,94,95,46,3
4.7950317532717968,94,94,46,5
2.5924146728127102,92,92,51,3
1.7712133268659647,94,95,42,5
6.1517653195456115,96,96,44,6
3.6271828043928083,94,95,44,1
5.5364581201714165,94,94,45,4
4.7738890540961645,94,95,42,7
5.6828891510246375,94,94,52,3
5.3316162698711818,94,95,49,0
5.0742799479507186,92,93,47,3
4.9609635048013043,94,94,50,3
5.9069225876159619,90,91,49,6
1.5841304601161337,90,91,49,2
0.9661009454558408,96,97,53,3
3.1511721123413570,94,95,43,4
6.1865937924238592,94,95,41,0
2.7549040383378456,94,95,60,5
1.4499215025913526,92,93,52,0
4.3582939878065332,96,97,53,5
6.1346493544985456,92,93,45,1
2.6180142573872689,92,92,49,5
3.9698116643317083,96,97,53,5
0.2550051421664264,96,96,60,0
3.8735112253341319,96,96,59,5
5.7852605536854522,96,97,47,5
3.1072658046186525,90,91,48,5
5.2408652046413629,96,96,42,4
3.4357895986080331,92,93,42,2
1.9931542091915353,94,95,45,6
5.4117578683652257,92,93,44,4
2.0717621653103939,90,91,41,6
5.2056262307212178,92,93,51,5
5.8309333774506813,90,90,40,7
4.3511988564240012,96,97,51,3
0.8491321269297328,92,92,46,0
2.9074625048498981,94,95,56,5
3.0589946169548834,90,90,47,4
0.9319615279818342,96,97,54,0
0.5297927858755433,94,95,50,3
5.9312121133608828,92,93,44,6
4.7281607717428908,96,97,35,7
4.3643105522627161,92,93,45,3
4.0912455678750295,92,92,51,7
1.2004937797541995,96,97,55,1
5.4294454302530903,96,97,55,3
3.7323848201319820,96,97,42,0
0.6941535703183922,94,94,44,7
3.7605009749821727,90,91,48,5
1.4500848957493313,92,93,46,2
2.9638533592951966,94,94,49,2
4.2806195876193067,94,95,50,1
1.1778872580772553,94,94,43,6
3.7829192539426444,94,95,40,1
5.9797113139500473,92,92,46,6
0.9130996243974996,94,95,53,6
5.5118381201662245,94,94,64,5
5.3135462360510370,98,99,44,7
2.8220944396655545,94,95,50,3
1.4694730731074532,94,95,49,2
5.8681551094206288,90,91,45,0
3.5291958122352822,96,97,51,3
4.2690959076669071,94,94,55,4
1.1948477885585553,94,94,45,0
6.2536710808484068,92,93,48,2
5.3573633216688830,96,97,46,0
2.6711452115517402,94,94,50,3
1.6129088172979038,92,93,45,1
5.2032203810139990,92,93,40,6
5.4647430656581157,94,95,46,5
3.6065316101784144,92,92,52,6
0.0437263159308966,92,92,55,1
4.8277118957472682,90,91,49,2
5.6963139984994688,94,95,43,4
3.7377995174886043,96,97,57,3
1.8801382575908085,96,97,42,2
3.5932317110740901,96,97,48,4
0.3977214931498848,94,95,48,5
3.1269166580125347,94,94,55,0
0.2723743659714739,94,95,49,0
3.5343639364083241,94,95,39,2
4.9371719606792404,96,96,45,5
4.2720318737521490,96,96,45,7
2.0852677152380248,94,94,52,3
5.4933888008045137,92,92,48,6
1.4631574944349834,92,92,54,2
5.7408822579283649,96,97,55,1
4.9107732727766296,96,96,44,2
3.9667819881669164,94,94,44,5
6.0294849428184421,94,95,49,0
2.9078743185317570,96,96,47,7
1.8024780871506552,94,95,44,3
0.6540153481009341,96,97,54,0
5.9216372964938166,96,96,59,1
3.6127157298831922,98,99,56,3
3.8006005693272273,94,95,51,2
1.4236212602017988,90,91,46,3
0.8832316233025178,92,93,42,2
1.0624823295118755,94,94,50,3
1.0718678749127708,94,95,50,1
0.8359978167047568,94,94,50,5
2.8903687702236840,92,92,49,1
4.2146883858284498,92,93,47,3
5.4288262278760637,96,97,53,1
4.6157071830300334,96,97,50,4
3.4855138742032055,94,95,47,0
5.0770576471609203,94,94,50,7
1.6555992158873822,92,93,49,1
0.2004542018661654,96,97,44,2
4.7672213098574145,92,93,62,2
0.7691582027893668,90,91,43,0
2.7248298773552553,94,95,48,3
2.2671937864305094,96,96,46,4
1.2942984276623652,94,94,52,7
2.6015179759187825,94,95,51,2
5.7210596651846402,92,93,49,1
5.0121250113864324,88,88,47,7
5.5963048376488880,92,93,43,7
0.4829101488974079,92,92,42,6
0.7205662231835253,96,97,44,6
1.9177623086068494,96,97,38,0
1.2453422731550923,94,95,49,2
0.3582819871200856,96,96,47,3
3.4606717917363854,90,91,49,2
4.1758801227229121,94,95,59,4
2.5895853488414806,94,94,42,3
5.3187817573382485,96,97,48,2
0.1126093197927144,94,95,51,4
0.7455671888568621,92,93,55,5
1.6587036353483617,96,97,52,2
4.4892460021312894,94,94,52,7
2.4707664641645430,94,95,47,4
4.3501654210943626,92,92,43,1
2.6893625453609329,94,94,46,7
2.0951167548073051,92,93,51,3
5.3917242598264874,94,95,48,1
5.7143734401181367,94,95,46,7
0.2297327006127932,96,97,54,4
5.0637319979682198,92,92,51,1
2.0368954886853281,92,92,46,2
6.2122641131572118,94,95,44,3
3.4106402638960938,88,88,44,6
4.4172972942197815,94,95,47,0
4.2536033339161570,94,95,45,2
4.4384907962042410,94,95,58,7
3.5682399848861479,90,91,45,2
0.8950387975667133,94,95,47,2
1.2818315480239868,92,92,46,0
1.3470795450603832,94,94,48,7
6.0764245292927903,92,93,51,5
1.8049261145000735,94,94,46,3
3.5946096309652904,96,97,52,2
4.9113235101215986,96,96,52,4
3.8224596315209718,90,90,55,6
0.8452988983559352,92,93,51,7
0.1901042857307083,94,95,55,0
1.8652351393989441,94,94,52,3
0.8061025988647527,94,94,39,6
3.2612398291628364,90,91,50,5
3.3609443103960097,94,94,46,1
0.6398255007325194,90,90,45,0
2.1164929327303357,92,93,51,5
4.9013503286703441,96,97,55,1
1.6485932873365974,94,95,53,0
3.0441909719259055,92,92,49,1
6.0633909824570384,92,93,46,6
5.2272698709767864,92,93,45,1
2.4737670641700271,94,95,49,4
2.1922307350329904,92,92,50,4
0.2205203666947852,96,97,41,1
0.6023566448804417,96,97,49,5
1.0071836435843031,96,97,52,6
0.6339714780479204,92,93,53,7
3.9523883940900606,90,91,51,4
4.3925555772060108,96,97,44,6
1.3678688927211977,96,97,57,5
1.7325361631168810,90,91,33,0
4.0881083409618970,90,91,48,7
3.9212727607689892,94,94,51,2
1.7742013950359581,90,91,50,7
1.4428678016390206,90,91,48,7
3.5541673082136258,96,97,49,7
4.9410379932086457,96,97,51,7
3.0972375676039761,98,98,53,4
6.1085158684349832,92,92,48,6
0.8962148655798969,94,95,41,0
0.8256445376335600,92,93,50,2
0.4491434369244248,96,97,57,7
1.7415796023324697,94,95,44,3
2.4055795604983072,94,94,54,3
2.7895414532877374,94,95,54,7
5.7750313160601570,96,96,47,1
3.5896684899010300,94,95,48,1
4.9564556112683116,94,94,50,3
2.2649762923566907,92,93,46,4
3.4805992718016565,96,96,49,3
3.1228999449215413,94,94,45,6
5.4992183115468194,96,97,56,6
1.4007875261176272,96,97,53,7
2.7837370588211572,94,95,47,0
4.8525812496851612,90,90,49,4
1.5580768755136696,94,95,52,5
4.6329743654804201,90,90,50,7
5.0437097598902838,92,93,62,0
2.4632013643976762,94,95,41,4
5.1139514486285975,94,95,60,5
2.4072914619114547,92,93,53,7
2.9677805782914843,96,97,43,5
0.0929273432205633,98,99,52,3
2.3192616360577158,94,95,45,2
0.3413513231529246,96,97,47,3
1.4579991464453457,88,89,33,7
1.0984345185341176,94,95,44,1
4.3863679823985757,88,88,51,7
1.8974238809760162,96,97,39,3
2.9736835028797266,92,93,43,1
1.6689895281115059,96,96,53,7
0.3480555661316400,96,97,52,4
2.2601254654154403,92,92,47,1
4.7914399199362352,96,96,52,6
3.1173105174547908,88,89,54,2
3.9068361451316629,96,97,51,5
3.9080013737061092,90,90,44,1
5.0759041968165652,90,91,44,3
6.0171174179261424,96,96,61,1
4.1326841452581347,92,92,52,2
2.5181585729994396,96,96,50,6
5.7096243068338079,96,97,48,4
2.2357948525560474,94,94,44,3
0.2684655748588519,94,94,51,6
5.4904224851300567,94,95,51,2
6.2292936326808350,94,94,49,2
2.0151248601310781,96,96,49,3
4.6770132761988314,92,93,47,5
4.1601944320313704,96,97,55,5
6.1436582436105809,94,94,51,6
3.4750667790232455,96,97,56,4
1.6306590494208111,96,96,53,5
3.2967484793437127,94,95,56,5
3.5118732446168481,94,95,54,1
1.4000438096458441,92,93,40,6
2.3107029443549347,88,89,43,3
6.2244870834898194,94,95,51,2
4.4285596064412420,94,95,46,5
3.5919186450957796,96,97,42,0
1.3268387611241275,92,92,44,2
5.8391214642223623,94,94,42,5
5.0869827752949375,90,91,51,6
5.2145476435185509,96,96,58,2
5.7019905763214807,92,93,48,4
1.7914480546152447,94,94,48,5
1.6680570456285184,96,97,50,6
3.6537848092058094,96,96,53,1
2.9090111340086717,96,96,46,2
3.9136266223797684,94,95,50,7
5.6616917375442624,94,94,46,5
1.1779896657318214,96,97,41,5
2.5116682415208729,96,96,51,7
4.7659510204665301,94,95,46,5
5.8411370441371933,88,88,54,4
4.4814697970197477,94,95,48,3
5.5635886157564070,96,97,49,5
0.1487792251117624,96,97,44,0
3.4617859598937297,94,95,39,0
2.1368420881165608,94,94,44,7
2.3630720622982548,94,94,49,2
1.6531243635940320,94,95,50,7
0.9780051247356497,96,97,46,4
4.2807521367079548,94,95,56,3
1.3243838807031074,96,97,52,2
2.5923109801721069,94,94,55,0
4.0563563475673652,94,95,51,2
3.2147354978959477,94,95,43,2
2.4049191346987158,96,96,54,0
1.8067495836746843,94,94,51,4
5.2776792350502664,96,96,61,1
0.2305391779801597,94,94,45,4
1.2970529165631128,88,88,43,7
6.2149419538535930,96,97,49,3
0.6811223451773231,94,95,47,6
5.0164310420429477,94,95,47,2
1.1771536543086234,96,97,51,3
4.0559531216737854,94,95,42,1
3.9109109765961736,90,90,40,1
5.3351996927833740,96,96,59,7
5.3717954478187977,94,94,52,1
5.1281901417659519,92,92,48,2
3.6818191120176937,96,96,50,6
3.7272949110831446,94,94,47,6
3.5310602500230570,92,93,47,5
0.0485082559760285,98,99,51,0
3.6278571428055288,94,94,39,0
1.5710560055803353,92,93,47,5
4.8623876337118759,96,97,48,0
5.8676130765859380,94,95,46,3
0.0168407921394764,94,95,53,6
5.4423190263155758,96,97,52,0
2.8463115699310619,92,92,41,5
0.0868062942584544,94,95,49,0
0.6511701164755278,94,95,52,5
5.3734914742630551,96,97,51,7
0.2110276114744129,94,95,48,7
3.8897705509950420,94,94,43,6
4.0911734766852241,94,95,49,2
3.6896999634485375,86,87,47,0
4.8242877683190271,92,93,57,7
4.2121917535027187,94,95,44,3
5.6440116222605594,94,95,56,5
2.3439370810947935,94,95,43,2
1.7046919823341824,92,93,43,1
3.6474236186340740,94,95,53,2
5.1767770901805257,90,91,53,2
1.5759547126880056,88,88,43,1
5.4375767793336349,96,96,45,5
0.9056785086747851,96,97,53,5
0.1557022574585391,92,92,53,1
4.1808618193079914,90,90,50,1
4.5637307149228663,94,94,54,5
1.9377840198632359,94,95,44,3
6.1653963490425694,94,95,42,7
5.2530174151703628,96,96,43,1
2.5811191891575724,94,94,41,4
5.2884776723022595,92,93,51,7
2.6175967718191506,96,97,51,5
0.0635137728928385,96,97,57,1
0.5969363840913908,90,90,45,6
3.2540303319540063,94,94,42,7
4.9832639478764040,94,95,47,2
3.8695663170852552,92,92,51,3
0.1985255405403075,94,94,49,4
3.0712344529275830,96,96,60,4
4.4259797747527339,92,93,50,4
2.1152485017102531,94,95,46,1
2.8545005920792845,92,93,48,4
2.9149037752828986,92,92,47,3
4.6749746071311753,96,97,48,6
0.3767256098901965,92,93,50,6
2.8277035766922669,96,97,53,5
0.8569460651953201,90,91,46,5
5.2892964837434810,94,94,53,6
3.8416555145887372,92,93,43,3
5.1968790607733828,92,93,54,6
3.0925666510791707,94,95,45,2
3.5595524018337241,96,96,49,7
6.0288036504405502,92,93,45,5
2.3279711501253870,94,94,49,6
0.7958497899056759,94,95,37,0
0.3037374193898066,92,93,55,1
3.8745657134834848,94,95,46,7
1.7865861520068602,96,96,54,4
0.6638981899873548,92,93,52,2
6.2280588100095065,96,96,52,2
5.8957856180165775,94,94,60,3
5.1897794852106545,96,96,49,3
1.1566620000349548,94,94,53,0
1.4012582392159365,94,94,55,0
1.3836940672571107,94,95,47,4
4.9897113991534789,94,95,54,1
1.1614211678958761,96,96,50,0
0.9661928195003326,94,95,45,2
4.6950544129686351,96,97,41,7
3.9769270768149689,96,97,51,7
1.5535885138788215,96,97,44,6
1.9874018428415106,92,92,52,2
1.5563884778394876,94,95,49,2
3.2389625537458535,94,95,63,0
1.1712635831777938,92,93,47,1
6.1213801909883259,92,93,53,7
5.6004869475532555,94,94,54,3
4.8655417428375936,94,95,48,3
1.3527101146113716,92,92,59,3
3.6640511805305511,98,98,45,6
2.5397478018114592,96,97,53,3
3.0587479512085003,88,89,40,4
5.0559337684489059,94,95,50,7
0.8585088028521588,96,97,53,1
2.2740937730003132,92,92,52,0
3.7899833551800581,94,95,53,6
2.1432524699289748,92,93,45,3
6.1328401342721337,94,94,52,5
3.6460655903318897,94,95,53,4
2.6927977879731992,94,94,53,0
0.5408076887292833,94,95,51,0
5.6229425218170759,88,89,43,3
4.1667314490596317,94,94,51,4
0.2979248712749020,94,95,40,7
2.3070858746728002,94,95,46,3
4.7539565424439605,92,92,48,4
4.8099969649096765,92,92,45,7
3.0447506557616486,96,97,52,4
4.7732931686711115,96,96,48,4
2.6698620179994861,92,93,45,1
0.8718664627920355,94,94,43,0
2.4269905342133402,92,93,53,3
4.7422483665474795,90,90,50,3
5.9967931669099412,90,91,45,2
1.8743684875941480,94,94,58,7
3.2830190759054765,94,94,64,5
4.9229937167475342,92,93,43,3
1.0314776570478901,94,94,52,5
1.7528439473922077,90,90,48,7
3.4548672559839626,96,96,47,1
3.3248494904715997,92,93,48,4
3.1526356204350989,94,94,47,4
2.1790723289488740,94,95,52,1
1.3433599737005866,94,94,48,3
6.0953674359220091,92,93,56,0
0.0873241797730890,94,95,52,1
3.4414193486607383,96,97,48,2
5.1943840666828738,94,95,47,2
6.1712950898463372,96,97,52,0
1.2663755584759591,90,91,41,2
4.5404377671899736,96,96,48,4
5.2951818167630220,96,97,61,5
4.9188663535363712,90,91,52,3
4.9870546758639174,90,91,50,7
0.7243225660483078,96,97,50,4
5.9946919156713747,92,93,46,2
2.1673456791815311,92,92,48,2
1.1101594720458192,92,93,50,6
0.7058327332034190,96,97,55,7
2.3999079728665795,92,93,53,3
0.7978763324516538,96,97,46,6
4.6250430584013875,92,93,51,3
1.9705158487321266,94,95,52,5
4.4982114684292327,94,95,53,4
5.7061460568394065,96,97,58,2
1.6271360898603739,96,97,51,1
5.2708325534612817,90,91,56,5
2.4348616367989049,94,95,51,4
3.4265672040000354,94,95,53,4
1.4171635308227817,96,96,45,3
3.3680611111391476,96,96,58,6
4.0411808251902386,92,93,39,7
2.5993156063440854,94,94,52,7
3.4576271362469142,94,95,46,1
1.8816214874322597,96,97,53,7
5.1057633326788752,94,95,54,7
5.9147017297111297,94,95,47,2
5.8757681221466127,90,91,52,1
2.6705270911756016,96,97,58,0
5.6964226728887963,90,91,49,2
0.9201914401853699,94,95,44,5
3.3381641660093599,96,97,54,2
3.5478369759723649,94,94,52,1
0.5416193250104818,92,93,48,0
0.1097419334966863,92,93,48,0
5.0794073480347963,88,89,47,1
0.9125099246000665,94,95,52,7
0.2489468170960066,92,92,35,5
2.5171813697177781,92,93,46,0
5.1081433809217192,96,97,51,5
4.7865972556371510,94,94,41,6
1.7844660323717598,94,94,56,7
1.1734353201877963,94,95,45,6
0.6838319211455823,92,92,48,0
0.8071554443335331,94,94,51,6
1.0961856211567089,92,93,51,1
5.8054994026881612,94,94,42,7
6.0330283542482546,96,97,52,4
2.8284895438659028,94,95,47,0
0.7370441978340690,94,95,55,4
2.7933874411115771,96,97,47,7
1.9973291283627188,94,95,52,3
5.0577651027998698,96,96,51,3
4.8802018182414351,96,97,41,1
4.7819855424524871,92,93,50,4
5.5755300673003951,96,97,56,4
1.9794595699624500,96,96,44,0
0.6059266701614402,96,97,56,2
5.0736879643814730,96,97,52,6
0.3804850963686798,94,94,41,4
0.0884380732137776,96,97,42,0
0.0530483651170160,96,97,53,1
2.8011330597656761,96,97,47,5
0.5216708530834068,94,94,47,0
5.6715883215935277,96,97,48,4
4.9150258241401632,94,95,51,0
4.3087039685290147,94,94,46,1
5.6633580407672381,94,94,48,3
0.2108245507900872,96,96,47,7
0.6358296317780160,94,95,52,3
1.2977702027474620,92,93,47,5
0.3793713070193484,84,84,48,0
4.6249887666145346,96,96,54,2
1.0356274322105856,98,99,51,4
0.3360199752741693,94,94,54,1
4.1254716739134603,92,93,52,0
2.1972797181562931,96,96,61,5
1.8481290701292017,94,95,55,2
6.2604066243963201,96,97,45,3
3.7033323803709091,98,99,50,5
2.5298257515824250,92,93,44,6
1.3631449659728754,94,94,37,4
3.3277768699186634,96,97,49,7
4.2787586557482529,92,92,45,5
2.1612935096518062,94,95,56,5
1.2971954316159910,94,95,52,1
4.7853050614058956,90,90,50,5
2.3573982172202657,94,94,53,2
0.1189868158990840,94,95,49,2
0.8051980852783446,96,97,44,2
1.6461809373117549,98,99,54,7
3.8595661771075203,94,95,50,5
2.3113792872682852,96,97,56,6
4.7086190655284428,96,96,54,2
1.8820354388681815,94,95,46,3
0.2105146788485804,94,95,44,1
3.8606013097840246,94,95,49,2
2.0665331607187527,94,94,51,4
0.8113965998208582,94,95,59,0
2.1201864180400825,94,94,51,4
4.0634678690769350,94,94,51,2
3.8846092463203590,94,95,49,4
6.0577394446886368,92,93,47,5
1.6218321691988296,96,97,41,1
0.8235335109866471,94,95,44,3
3.7192963644988328,96,96,51,3
6.2484121909595594,94,94,52,5
0.3204642495684469,92,92,54,6
1.3753322300475976,94,95,58,3
2.9894477029398412,92,93,53,7
0.9902179253846237,94,95,48,5
4.5966009691681142,94,95,53,6
0.6966239410790430,90,91,47,2
3.9853618909367947,90,90,45,6
5.2560113781732296,94,95,41,4
1.6805006487765313,98,99,52,1
5.0177448186810683,96,97,54,4
0.2048352776920467,94,95,55,0
4.6038467059271637,92,93,44,6
0.0199727770779287,94,95,53,2
4.1701504055578056,94,95,53,2
5.0833800912707909,92,93,37,7
0.6701333216750965,96,97,49,1
0.8402439253781180,96,97,51,7
3.5242622319270249,100,101,44,6
3.3858297385005014,94,95,50,5
2.7868216747201506,96,96,51,3
2.1634039873187163,90,91,57,6
6.0836733071592439,94,95,40,3
1.2580388560614648,94,95,40,3
3.2557333714581267,92,93,44,6
1.0851110550846936,94,95,50,7
3.9963617844886277,92,93,48,6
0.4135534714400726,94,94,52,3
2.3701840898475206,92,93,49,3
5.4213093615475554,94,94,47,4
4.4112259835390759,96,96,51,1
5.5679131189267181,96,97,50,2
1.1541087116843409,94,94,43,6
1.1419578059046822,92,93,51,3
2.5524799606758339,94,94,49,2
5.3247551496254761,94,95,41,4
1.9611328304452487,90,91,34,3
2.8840336532293973,94,95,50,5
6.1443217580824330,94,95,43,2
6.0096492274124840,92,93,52,6
3.8966020542154336,92,92,52,0
4.5389321328093981,94,95,50,5
5.6636815488246839,94,95,52,3
0.7326203522273069,94,95,53,4
0.6383750027204829,96,96,45,3
5.0960032224774992,90,91,54,3
2.4482545956475246,94,95,48,7
5.7062542728176009,92,93,41,7
4.7445487836608979,94,94,45,2
5.6576808321895244,92,93,42,6
5.1027289239716795,94,94,48,1
0.6910026103834963,94,95,52,1
6.1209128477385351,96,97,48,4
2.2153225605678473,88,88,47,3
5.0289811895130834,96,97,41,7
4.2282258037296803,90,90,48,3
0.8732455739565312,94,94,51,6
5.7912253416015398,94,95,54,3
3.5853554934110017,94,94,49,2
1.2849655218055565,92,93,54,0
4.0098463218113993,96,97,56,4
2.7737370492431128,94,94,52,7
0.1172857393901510,90,91,47,6
3.5176243371776690,96,96,52,0
2.4194252773725058,94,94,46,5
1.8198450014157119,96,96,51,5
5.9280659904680073,96,96,53,1
1.6863159365164369,94,95,62,5
2.1608088894448874,88,89,51,7
1.1213371240550303,92,92,49,1
0.9959857258942989,94,95,46,1
2.4081948415619205,94,95,53,2
5.3788133051257692,94,94,53,6
0.2529140582406822,92,92,48,4
1.3907892892368550,90,90,47,0
2.0306800065363477,96,97,46,6
5.8910375963333310,92,92,49,3
0.0165423464782441,94,94,45,0
1.8363139097976298,94,95,45,2
6.0457175440416204,92,92,54,0
4.7391643311355036,94,94,53,4
1.4999574356859093,94,95,46,7
2.1004825234234459,92,92,41,1
2.7939587328129121,90,91,49,6
3.2726987218104511,96,97,50,0
1.4481852723248887,94,95,41,4
6.1094698796592510,94,94,46,1
4.2973462131789351,96,96,34,0
3.8363648254756657,94,94,53,2
1.0548842638321785,96,96,47,3
2.0267615518081965,94,95,54,3
4.8054818425987209,96,97,38,4
4.9444968200244368,92,93,45,1
1.7771609944495170,94,95,52,3
1.1676587189560790,96,96,62,6
6.1031484829430891,96,97,46,2
6.0446001360953474,94,94,48,3
4.1885221601600247,90,91,50,5
1.4539474888513275,94,95,50,3
4.6762971010439855,96,97,46,6
0.6145806395374419,98,98,48,3
3.9911090921152539,88,88,48,2
3.7899760263322877,94,94,52,7
2.4060825548317468,96,96,56,0
3.1204784973638247,96,96,54,4
1.4795459846541983,88,88,47,5
0.5836803466577193,94,94,43,2
5.4904208540290655,94,95,46,1
0.1421648155204314,94,94,41,6
1.1103714163221212,96,97,46,0
2.9848798785803270,96,97,46,6
3.0863457323296393,96,97,53,3
5.4242379550414048,92,93,47,3
4.2093936739317313,94,95,47,2
4.0687721281706901,92,92,46,0
2.2042723701527911,96,97,56,6
2.4269027449977836,94,95,40,1
0.5804384242895438,94,95,40,5
3.5364999168158651,96,97,41,1
1.2593080774648959,94,95,49,6
4.0542730665981379,94,94,43,0
2.2201333009354083,96,97,48,4
1.6691775898891352,92,92,51,5
6.0549705694062990,94,95,46,5
0.9967698685614423,94,95,48,7
1.0351031603027123,94,94,46,1
0.5085805798648003,94,95,47,4
5.1295967817571606,96,97,49,1
1.6443257734395016,90,91,42,3
4.0126224612340211,94,95,53,6
5.0555583584077555,92,92,55,5
3.0874286762903780,94,94,48,3
2.7081207051394354,94,95,53,6
5.9165197015360400,92,92,53,1
4.6387875950329631,88,89,46,2
0.2639082450286457,92,93,48,4
0.1415690129276408,94,95,46,5
4.6680890249978226,96,96,55,7
0.5168418597711355,98,99,50,7
0.3299862513886709,102,103,61,6
5.2698460580885840,94,94,41,4
0.0732058661729234,94,95,49,2
2.2524411317244244,96,97,52,2
5.9060112820675013,92,93,55,3
5.4884098980218674,94,94,38,5
5.8493834381409648,92,92,53,7
3.7952918157191449,92,92,47,3
2.1187850881414412,94,95,47,6
3.8169838980259145,94,95,53,2
2.2041274854912061,94,95,52,5
0.6742997591865012,94,95,51,0
5.7238760859923943,94,95,49,2
3.4472788630335875,94,95,41,2
5.0694429059690789,96,96,55,3
4.7811770462721208,90,91,42,3
5.3700222813687049,94,94,49,0
0.9074668279813893,94,94,45,2
3.6140251895515108,96,96,55,3
0.7096603744633470,94,95,49,6
5.1438734224166547,96,97,47,3
3.9102386314822590,96,97,47,3
6.2067620323481245,94,94,49,6
3.4144119385591898,96,97,53,5
0.5930314092819589,94,94,50,5
1.9994891521334912,96,97,48,6
1.5760642123464301,94,95,47,2
3.5195950371527651,98,99,50,3
3.3999461715485260,92,92,46,2
3.3172745907241517,94,94,50,7
1.5767739910494645,96,96,57,5
4.2366889005307993,96,96,49,5
6.2594485230246075,94,95,59,6
5.2539279413842763,94,95,49,6
1.6924704967054998,94,94,55,0
4.0171746054553532,96,96,50,0
2.0097285968298380,92,93,47,7
4.7609137178641161,86,86,46,7
0.3578585204012307,96,97,51,7
4.8340030707346582,94,95,46,1
2.2072113258323083,94,95,60,3
2.9918327885426308,92,93,38,0
2.5940797784461749,92,93,46,6
0.7637987237793336,96,97,55,1
4.2704750522827739,94,95,53,2
1.2548776050246973,94,95,46,7
1.2258643350470027,94,94,54,7
2.3150320409518526,96,96,52,6
3.6191136889441649,94,95,57,6
1.7485625272031928,98,99,49,2
3.6627155575590735,94,95,49,6
2.8864664657410493,92,93,48,4
2.1465303503845710,94,94,51,4
5.0242834534749248,96,96,53,5
0.7599345458491263,94,95,56,7
1.0115924357347845,92,93,45,1
2.7182789298720436,94,95,55,4
2.7734376560720779,92,93,42,0
0.0242505099709379,90,91,50,7
3.7256006220642819,94,94,48,1
3.9461361474744958,92,93,57,7
3.0596199976472236,94,95,49,0
4.1294784164263092,96,97,47,7
3.2044122880587897,92,92,46,2
0.9764048182949172,96,96,36,4
1.5617488780813773,94,95,63,0
3.0610208369119314,94,94,46,3
0.2876780744881062,92,93,43,1
4.2109777971553513,96,97,54,6
2.1696677055774796,96,96,49,1
4.3336988333354656,96,97,48,6
5.0724134784029182,94,95,43,6
4.9228555305155020,94,94,40,3
1.8680245998414842,98,99,55,6
2.6060317298101903,94,94,45,2
4.3064350232966770,96,96,55,1
5.8927403973220907,92,93,42,0
2.8209718496441836,94,95,51,4
4.1015571356757974,94,95,45,6
1.6483912440404929,94,95,49,6
3.3840444082955901,94,94,50,5
1.1046260978403344,94,95,46,5
4.2881490153921797,94,94,52,5
5.9887414912620880,96,96,48,2
4.1780263618727203,96,97,59,7
5.0373589804837504,94,94,49,0
2.5270251347925767,96,97,54,0
1.4213810717735014,96,97,41,5
4.7471020554263230,92,93,54,2
2.2772706898902007,96,97,49,5
6.0319664567133131,96,96,46,2
6.0988206952838286,96,96,43,7
4.7679147793893302,94,95,53,2
2.8174397889598741,90,90,50,7
2.4638035821507884,96,96,45,1
3.1625153155442236,94,95,46,7
5.9493940349407648,90,90,50,3
4.1585035386223383,94,94,34,5
3.3460981110775849,94,95,52,5
3.9473019509619172,94,94,47,4
2.4748838227767460,90,91,47,6
5.1309863718037612,94,94,41,0
2.0353215038715740,94,95,59,0
0.5763447609110058,92,93,44,4
5.6627580733205516,96,97,56,2
4.5031200822901507,96,96,56,6
4.8640890395405032,94,94,49,0
2.3220057445218583,94,95,52,5
2.1650611436432396,94,94,51,2
1.7912763939728937,96,97,49,3
1.3831355045231519,96,96,52,2
3.7145975959118558,96,97,51,7
3.5858783857646808,96,97,47,5
2.4305130133913115,98,98,49,0
3.8005327639465518,94,95,49,0
0.1468115979756667,92,93,52,4
4.4397453952808386,96,96,48,4
1.3150470423292415,92,92,44,6
4.9699110179065018,92,92,47,5
5.3717726834302884,96,97,45,3
2.7177784217631502,96,97,45,5
2.0167527261503184,94,95,51,2
2.6931477216744093,96,96,50,2
3.5106237753271197,96,97,53,5
5.5071403710750886,92,92,49,1
4.9568311573846744,92,93,54,2
3.7211011955519862,94,94,42,3
3.8919843652032022,92,93,45,1
4.6428686656686358,96,97,50,6
2.9685547236158976,94,95,41,0
0.0587855646503001,96,97,43,7
0.5196520085989469,92,93,52,0
5.1676874629947340,96,97,49,3
1.6764029067124124,90,91,49,2
2.9509359739127490,94,95,51,4
0.6108088788412874,94,94,51,0
3.3275077885630178,96,97,49,3
3.8957515897827055,94,95,55,0
2.4809216713909219,94,94,53,4
1.6294764199073022,90,91,50,7
5.4748134934202479,92,92,46,0
0.5181038560706202,94,95,42,1
2.7665106517171667,94,95,56,5
1.3196247736988462,94,95,46,3
6.1882111851572725,92,93,55,3
3.7861802384774284,96,96,50,0
5.2398361282044510,96,96,49,7
1.1763016378973932,96,97,55,7
4.1448867084002599,94,95,50,1
5.1867955992691055,94,95,51,2
4.8514412049895714,94,94,51,6
3.9519600204213341,96,96,54,0
6.0444623457673208,92,93,52,6
5.7072881506106645,94,95,43,0
3.7812524288977674,96,97,49,5
4.0084038194411926,90,91,45,0
6.1007506689591091,96,97,56,0
5.9972879906916150,94,95,52,1
3.0176414309364539,96,97,51,5
4.9582324957778283,94,95,46,7
3.9805694036060117,94,95,51,0
3.6597470898273814,94,95,55,0
3.8789179765616359,96,97,41,3
5.1370445094344319,94,94,46,5
3.9172509939342883,92,93,48,6
5.7443601662122079,96,96,48,6
0.5044595779338494,94,94,45,0
5.6615076361174816,96,97,53,5
5.6138407873423075,94,94,48,5
0.2445856780619378,94,94,54,7
5.0150294631807322,92,93,46,0
0.8399675091343668,94,95,45,2
2.0422336132736931,96,96,53,7
3.6477133991358048,94,95,48,3
3.3669596822187917,96,97,61,1
0.2689124393170271,92,92,53,5
0.6841603453990883,92,93,47,7
4.8755631193637958,96,96,53,1
2.9160967121281316,96,96,47,7
2.2781678519799158,94,94,53,6
0.3663619985488137,92,93,48,4
0.0421560235292156,92,93,45,1
4.6120778502071573,96,97,48,4
5.0986332019027216,96,97,51,5
2.0249124339596754,94,95,48,5
1.2521850871688944,94,95,47,6
3.0382723749835630,96,97,49,1
1.7439801118105718,94,95,48,1
5.2650939478071432,94,94,43,0
5.6807015316863287,96,96,50,0
5.1763903453911766,92,93,50,2
0.0979440822519020,96,97,46,4
5.8542433541412660,96,97,47,5
1.5612825777418724,94,94,45,4
5.1735897699110058,94,95,51,0
4.2234424558990540,96,96,46,2
3.8977250887846746,96,97,48,2
0.4682449659941796,94,95,43,2
3.1138018096159730,96,97,51,7
2.9961775273664086,96,97,55,7
4.4842245790124267,96,97,56,2
5.8283490591233784,96,96,46,0
1.7766122772029755,94,95,56,5
0.4830102366992016,96,96,54,2
5.4266470158102784,90,90,52,7
1.8491987221234871,94,95,44,7
0.5455226347113387,96,97,47,1
0.2548629238469485,94,94,54,3
3.6014329895080066,92,93,49,3
1.0560875373787852,102,102,60,7
4.8182008918361250,96,96,42,0
3.0210811538493059,92,93,45,7
4.7113912610541266,96,97,50,6
3.3531114591504103,94,95,53,0
0.2591113884787790,96,97,49,5
2.6082933857323303,94,95,48,1
5.0047550758412722,90,91,37,6
1.4207589451600493,94,95,52,3
5.4056485275388049,94,94,45,4
0.4226701048001938,96,96,44,6
6.1134740308418580,94,94,59,6
0.7869575845654910,92,93,43,7
3.3835945988348173,96,96,52,2
3.0353223254328388,92,93,41,7
2.9055981264749962,90,91,54,3
5.9483805803550016,92,93,44,2
2.8381098353928813,94,95,45,6
0.8704142411703729,94,94,51,2
5.9797958462920615,92,92,54,0
3.1913973636070083,94,94,47,4
3.7593281063454720,98,99,49,2
1.7800188547428464,94,95,48,3
3.0026851176708123,92,93,41,3
5.3432474493099997,94,95,48,7
0.7667624832726309,96,97,59,7
4.3083339192066701,98,99,58,7
3.9383628248043192,94,95,51,6
5.1804818920186557,96,97,54,0
4.5947029597305447,94,95,41,0
3.1782435237597579,92,93,46,6
2.4653445550636977,96,97,46,2
0.4293227556327631,94,95,46,1
2.2112983411393592,92,93,45,1
0.3834690370727144,96,96,46,4
2.0465174713062799,94,95,44,3
5.5642857968655743,96,97,46,6
1.0385946080581221,94,95,47,0
5.6646695346584162,88,89,37,3
4.6280031681998919,96,97,51,1
5.0427070558803271,94,94,50,7
5.2960848628491579,94,94,50,3
6.0814174046919103,92,93,43,1
3.9096617444816832,96,97,50,6
5.6203380062445323,94,95,55,4
2.0090343754937527,92,92,50,4
6.1613153004648318,92,93,40,4
3.9553140149271488,94,95,50,5
4.5627822950862509,96,97,53,5
0.4144945559246603,92,92,47,5
2.3161544715915658,96,97,54,6
4.1391226780044601,96,96,55,1
3.5975022754614820,96,97,49,3
1.1838740236506138,90,91,44,7
2.3365793835762947,96,96,45,5
5.3747632131080536,92,93,52,0
0.6823776192552287,94,95,52,5
3.3116847677521601,96,97,43,7
5.7791537597595495,96,96,55,3
5.8011991300706764,88,89,49,7
3.4821640297809311,90,91,40,5
6.1279470215792058,92,93,53,7
2.6427715294132796,94,95,51,0
2.3623539357370600,92,93,48,6
3.0910632626574759,94,95,45,6
0.6559050580808076,94,94,40,7
2.9976051699212714,94,95,53,4
3.5601009603806575,94,95,44,5
3.3140316427491219,94,94,53,4
2.5065685200432766,96,96,49,5
4.1885696909618053,94,94,45,6
4.5563981730888488,94,94,45,0
4.0325297064698411,96,97,39,7
3.8084391558494843,92,92,57,1
5.1146368116093166,92,93,52,4
6.0097491011610185,96,97,46,0
1.2873325980839312,96,97,52,2
0.4467053381458294,92,93,50,0
0.4831217719840762,96,96,52,4
0.7542670750846613,94,95,52,1
5.8728479986500544,90,90,42,1
2.2550522980015160,94,95,50,7
5.3897843431068573,94,94,40,5
1.0184447901788869,92,93,44,4
4.4254036292077288,90,91,43,0
0.7616142402421531,92,93,48,0
1.0846093159303716,96,96,50,0
0.8021214128763277,94,95,53,4
1.0584148510032876,90,91,44,5
4.5311051779106242,96,96,48,4
5.5866392855000528,92,93,47,1
3.0800341618354730,96,96,53,7
4.5123832354101339,92,93,41,5
4.7873343313288048,90,91,48,1
2.9962740267503629,92,92,48,6
1.1483883025185431,94,95,47,0
6.1621689068752863,94,95,36,3
6.1073333616800518,96,96,53,1
6.0096977361763635,96,97,51,7
3.9953262914905228,96,97,47,1
4.7607720917801775,98,99,55,6
4.1013574879819368,96,97,53,5
3.5525250100152945,96,97,55,1
2.2434433354525640,96,96,52,6
2.7597156689250530,96,96,46,6
2.4397396960419782,94,95,53,6
1.5856036458451488,94,95,40,7
4.9393205900049004,90,90,37,0
1.3690264332736328,94,94,55,2
3.7141453020138924,94,94,50,3
2.9709148180023499,90,91,50,7
5.4579952864707417,92,93,47,1
4.1440104474136232,96,97,51,7
6.1472376521976484,96,97,52,0
2.3862867260589722,94,95,48,3
1.6007682278395816,94,95,45,4
5.6810243309963466,96,96,46,2
3.7308497018500990,94,94,45,2
0.2477263278640565,94,95,43,6
2.6479127467456864,96,97,55,3
5.5222069209103992,94,94,52,1
3.0013467387472015,96,97,57,1
4.7809836000525072,94,95,49,6
0.6538482299906897,90,91,38,5
0.6285706890055967,94,95,55,0
5.7888738245081877,96,96,51,3
4.0298184578001157,96,97,45,1
3.9352692006619301,92,93,46,6
3.7132757572908122,96,97,57,1
5.1309276491530591,92,93,44,4
0.5762689865202807,90,91,51,6
5.8728539371631951,94,95,52,7
0.6789979222354970,96,96,48,4
1.2414453890487713,90,91,52,7
4.7234344135735862,92,93,56,6
3.3133846705626890,90,91,44,5
1.9521459200493747,96,97,55,5
5.2317731546790993,96,97,51,5
1.9254913096133666,96,97,42,4
1.6154264517918193,94,95,45,4
4.5778575539246651,92,93,47,5
5.5199172046431242,92,92,36,0
0.5037124484912038,94,95,43,4
0.5349200164046941,92,93,57,7
5.7477186438389145,94,95,48,1
0.2433964156091766,96,96,53,3
1.3626263534046128,92,93,53,5
5.1295626427990992,94,94,33,0
2.9747051223952448,92,92,46,2
5.8783393906491757,92,93,59,7
0.5018927193841026,96,96,56,6
0.6385414680872489,94,95,57,6
5.7222037012265119,96,97,57,7
6.1030548020330473,96,97,48,2
0.4988560530831565,92,92,46,4
0.2287543363978962,90,91,35,2
5.6796896617423736,94,95,43,4
4.5406275884710592,92,92,53,3
2.8658948479334807,92,93,51,1
3.5360817406277580,88,89,45,3
3.6080027121448421,96,96,46,4
2.5140747119799856,92,93,48,4
4.5861802479963423,98,99,54,5
5.2294753378445398,94,95,40,7
2.5997879677846503,92,93,46,4
3.8837985458885331,94,95,55,0
6.0782307226278736,96,97,53,1
5.4384961908264993,94,95,57,6
5.9864223044163891,92,93,48,6
3.3283165124141938,94,95,45,6
0.5058751265120299,96,96,49,7
6.1191564855518417,96,97,55,5
5.6238325660163815,94,94,47,2
2.8649907092845659,96,97,47,1
4.3946139272996119,92,93,44,4
6.0101132510154534,92,93,57,7
3.7839723334234256,96,96,46,0
3.2853495681888041,94,95,49,0
1.8144731802194085,94,94,57,0
0.6517453361062575,90,91,41,2
2.7186385400959878,94,95,52,3
1.6235378497992881,96,97,55,5
1.4262226487347807,96,97,49,3
1.4992954808958012,90,91,36,1
5.3553782477457235,94,95,50,7
5.7031204205499124,96,97,39,7
5.0449590667591746,94,95,51,2
1.1436312109093298,96,97,51,5
5.8722625928746295,94,94,41,0
6.0422851790030245,96,96,50,6
4.9005625492216724,92,93,49,3
4.4601680403723245,94,95,46,1
3.6641104059081813,94,95,47,0
4.5177945172624803,94,94,52,5
6.2328747533028457,94,95,48,7
0.7071178680932437,92,92,47,3
1.6766966484412897,94,94,49,0
5.0960500877481429,92,93,43,7
5.0962433675638463,94,95,44,3
2.9613420666116057,90,91,43,4
0.3518190902924516,94,95,48,7
1.9959863477129982,94,94,53,6
2.3209539414439089,96,96,63,3
4.0466995445357732,94,94,46,1
0.3278094042318022,96,96,50,6
1.2228055453310880,98,99,47,6
3.6175751734348975,98,99,51,6
2.1940422498569760,92,92,50,6
5.8630473753283878,96,97,42,0
2.1954454222194588,94,94,47,2
4.8221071352268625,96,97,56,6
5.9510617988855667,96,96,56,4
5.2985974134009926,92,93,45,3
2.8938471002336574,96,96,60,0
0.3933109197443664,94,94,48,5
4.8466527566031097,90,91,45,2
3.8669041802864812,90,90,40,7
5.6422171872357074,96,96,40,4
3.1550575847334219,92,93,51,5
0.5132415245393267,96,97,52,2
2.8823069486672130,92,93,53,3
2.2676423874426437,92,92,54,6
1.7629490253561093,92,93,40,2
3.6047609118013346,96,97,50,6
4.6557552381522846,88,89,47,3
0.9467369965808330,92,93,58,0
1.8914013250954116,94,94,52,3
1.9947070391760897,94,94,59,0
2.5427504881801584,94,95,41,0
3.1354128959691709,90,91,39,6
2.7517346474346609,94,94,48,7
0.8031312221025555,94,95,43,0
4.5460992243283371,90,91,51,6
3.5171833675272004,98,99,45,4
5.9599816862965067,88,89,42,4
2.3023261678088756,96,96,58,0
1.0109394498709845,96,97,48,2
3.2923283783747692,92,93,52,2
2.8173457764631689,94,95,42,1
2.9511398495683618,96,96,46,0
1.2956642679642980,94,95,62,1
2.3535379626225779,96,97,46,4
3.5457856146195099,90,91,47,0
1.0297031681868736,92,93,47,1
4.6632472003183691,94,94,52,7
3.8074220192181416,96,97,46,2
5.3042135770319323,94,95,48,7
5.1449468484981891,92,93,55,3
5.3659640786481617,96,97,53,3
2.6348263356148443,92,93,38,0
4.8952404086779344,94,95,52,5
0.5989865243353578,94,94,54,5
5.7187050373532067,92,93,46,4
0.4846080387444392,92,93,52,6
4.2354884203902685,96,97,50,6
2.6924940818642997,96,96,53,5
2.6795298850856293,92,93,43,3
5.7578958852959259,94,94,55,6
5.6655103269876461,96,96,46,2
4.3910620681184307,96,96,60,4
1.6544940983703236,94,95,50,5
5.4621286836079959,88,89,47,7
5.6511960534407910,94,95,42,5
1.6839879976533756,94,94,50,7
0.8617186336267867,94,95,59,4
1.3425923818253109,92,92,47,3
1.9407438436231788,96,97,55,3
6.2286851223474224,90,91,49,6
1.5010430689144441,96,97,57,1
5.8776212250899418,96,97,51,5
0.9646082690555532,94,94,46,1
2.6658252731668459,98,98,51,0
1.0741087038945949,94,95,54,3
1.5544469308409035,96,97,48,2
3.3596388356600362,92,93,36,4
1.9337287328644921,92,92,50,4
6.1269007767382062,96,97,50,6
4.1379805906677110,92,93,46,0
2.3753567755042613,94,95,50,3
3.3297113117673081,94,95,41,2
0.7700406493363450,92,93,50,6
1.3109325542766881,94,94,51,0
1.2034499137218175,92,93,52,2
3.7152122331484438,94,95,53,2
3.8756627936755152,94,94,49,6
4.0250791477523489,92,93,55,5
0.1294157871680377,98,99,51,4
1.9117494895008671,96,97,62,0
1.1089064059650040,92,92,52,0
0.5143173983827543,94,95,47,4
5.2767938418641487,96,97,53,7
4.6892400116407753,94,95,53,4
5.1148925738239486,98,98,47,4
3.6110688763271583,92,93,47,5
1.3146906630025237,94,95,48,7
1.5227475890008013,94,95,50,5
2.4633224362785220,94,94,61,6
2.1285281878775519,96,97,48,6
1.2325272769437621,94,95,40,3
0.9427104871932406,96,97,46,2
0.0609272688469040,94,95,44,1
6.0476983057845271,96,97,55,5
3.0287377148460775,94,95,53,0
2.4614775229118022,94,95,56,3
4.7096782575208493,94,94,49,2
3.7337547157685180,94,95,46,7
0.7233109035805798,96,97,59,5
0.1328966933970813,94,95,48,3
5.8350636135351968,92,93,46,4
3.0584313400091214,92,93,47,7
2.1210639764375876,96,96,43,1
2.6881203123835635,92,92,52,4
2.8318552844376286,92,93,42,4
5.3488968670172587,92,92,53,5
2.2887541138001510,96,97,53,3
1.0178580241362625,96,96,48,4
5.2988124779010919,94,95,56,5
2.3994632543081851,94,95,52,7
2.4354504592936186,96,96,48,4
1.1341323157949090,96,97,42,0
4.4860796425099760,94,95,47,6
0.5591897405515599,92,93,48,6
5.9693622551849348,94,94,56,1
1.4799263124522328,92,93,43,1
1.3194079680438597,92,93,47,1
2.3054613429524697,94,94,48,7
2.0405587919835813,96,97,53,1
4.9833735635287422,94,95,52,1
3.0502974721821414,94,95,47,6
1.9788579826388519,94,95,44,1
1.6012416572700849,86,87,43,4
3.6789033357529548,94,95,46,5
3.7081237656666546,92,93,45,3
3.6213657261076042,94,95,43,2
0.1182774621002524,94,95,45,6
3.6611252623348172,96,97,46,4
2.8664225530065819,94,95,60,3
2.4370542169108087,96,97,50,0
0.5307314944156479,92,93,46,0
5.0086805420381459,88,89,44,4
0.2140881845623445,96,97,47,7
5.9572992813596635,92,93,44,2
1.4535281302851575,96,96,48,2
0.3554790649167338,96,96,44,6
5.6732986046886076,96,96,46,6
2.7807050991101341,92,92,45,5
0.1662470252849899,90,91,49,4
4.6043214056714081,94,94,47,6
6.0664655371051319,96,96,44,0
5.1141081068967260,96,96,46,0
6.1838888382575261,94,95,49,0
4.7863363318551242,96,97,48,2
1.9711691940984699,90,90,48,7
3.8280702130450983,94,94,55,2
4.0930459242858772,90,90,40,7
0.7614213506749997,96,97,54,4
1.0847626827779882,94,95,47,4
1.5545972651958435,92,92,41,3
4.8616892591357850,96,97,45,7
0.8070864702734408,94,95,40,3
4.0703523889135154,100,100,58,6
0.0139514903736188,94,94,53,0
3.9142211252235639,94,95,51,0
1.1815739818785871,96,97,52,0
5.4677332078104088,92,93,48,4
0.8108564467421165,92,92,46,2
3.7358963998604353,94,94,57,4
5.1606701368933834,96,97,50,0
2.8922691621140491,96,96,47,5
1.9624841441713003,96,96,52,2
1.9058796902407460,90,91,36,1
4.4540500144641291,98,99,52,7
5.5900704063304909,92,92,45,3
5.3796077799845365,96,96,48,0
4.7541430300124636,92,92,43,7
0.2250102873533139,94,95,46,7
5.9555607075178001,94,94,48,7
6.2582447044191190,94,95,53,0
4.3257554004780614,96,97,51,7
5.3417028698304474,94,95,43,4
3.3717637491164503,94,95,42,7
3.7934347488438926,94,95,51,4
1.4731151449823583,92,93,45,3
3.8400970208326557,90,90,44,5
5.6692670200206603,96,97,53,7
0.3589454171091570,92,93,44,6
4.3878472312882213,94,95,45,2
2.1796355272132777,96,97,48,4
3.2097414874683401,96,96,53,1
0.1451744711704098,88,89,47,3
6.1726064514512800,94,94,40,7
6.0647188606934712,94,95,50,3
5.3382816200839747,94,94,49,0
4.5509347093584580,92,92,51,3
4.8322611176265760,96,96,49,7
4.7106797396997830,96,97,45,5
3.8795358862334322,94,94,50,5
0.6583307643723468,96,97,50,6
0.0951892637175283,94,95,49,4
0.0920555796148196,94,94,52,5
3.0512698456570981,92,93,52,0
5.5004398000597954,94,94,41,2
0.7631702377010074,96,97,55,7
5.1879688677471005,94,95,46,7
3.4067995717711499,94,94,52,1
4.5287952233997224,94,95,52,3
1.8360389779828246,94,95,55,4
0.5089735857448739,94,95,48,3
0.7330647157686653,94,95,46,1
4.9856406228970354,92,92,44,4
5.1126102310785431,96,97,48,4
5.3025524436263662,94,94,50,7
4.5318868671128394,96,96,43,5
2.7936888885012592,96,97,39,7
5.7837771974095125,94,94,53,4
0.3714432786015864,94,94,48,3
1.0893969726864923,92,93,51,7
5.9990976584571767,96,97,41,3
2.4843983089623003,96,97,56,6
6.1571069931489415,94,94,49,4
3.3650029196242008,90,91,43,6
5.7251984957811013,90,91,56,5
3.9523093103637419,94,95,42,7
5.5819266393304643,94,95,50,3
1.7714295654257002,94,95,50,1
1.8639602756547244,94,94,52,5
3.6539016800259945,92,93,43,1
3.7075576441852278,90,91,38,7
5.6283395421055458,96,97,53,3
0.9341514345386991,92,93,41,7
1.5371133356180935,92,93,58,6
2.3149952857350451,94,95,45,0
1.1717462720470619,94,94,49,0
3.5535150861882716,94,95,51,6
3.0123753583075699,94,94,45,6
5.3801315793236233,90,90,50,3
1.4250199563248052,94,94,50,7
1.9384776391775167,94,94,55,2
2.4336191450261579,96,97,57,3
4.5135166113483054,88,89,46,6
0.3012331723071712,92,93,52,4
3.0806418315340518,94,95,58,1
4.5078006335808567,94,94,52,7
5.3912132597503319,94,95,53,4
3.5392867421513636,96,97,40,2
6.0638174483448264,92,92,45,5
1.7897201927112740,94,95,50,1
2.1072959491422782,96,97,44,4
3.2473972859879652,92,92,59,5
5.9011337491737317,94,94,51,6
5.9995302250283098,96,96,39,3
0.9187372556621679,94,94,45,2
4.2438720800079892,94,94,47,0
2.2875467809773165,94,95,46,7
2.2734860150682081,96,97,43,7
3.4882404139860537,94,94,44,3
6.0113389962826114,92,93,50,6
6.1007972216928090,94,94,45,2
4.9069291323529898,94,95,52,5
2.1830455261939714,94,94,50,1
4.7900027000113221,94,94,53,0
3.6291371005100932,94,95,49,0
1.5939633583241977,92,93,47,3
1.1256359532607385,94,95,55,4
2.7037780065481671,94,95,46,5
3.2357496668647650,94,95,54,5
2.1800216158973433,96,97,47,7
4.3999937397459226,94,94,45,0
2.9264442189982942,92,93,47,5
2.2916741107713134,94,95,36,3
3.6096916188837458,92,92,47,5
0.5081432661613302,96,97,55,7
5.2053844351193286,90,91,54,5
5.3409360592418516,92,93,49,7
6.1744064090392099,94,94,53,6
1.1751108248564355,92,93,51,5
4.3055952108661453,94,94,49,2
5.2464311595549704,94,95,50,1
4.7443179078502364,92,93,42,0
3.5255617959321834,92,92,50,0
4.8110200754295311,96,97,57,3
4.8724931681748203,92,92,45,3
1.9707799099170542,92,92,47,7
6.1734995882974344,94,95,42,7
2.6709034718284501,94,95,46,7
4.8103851087731933,96,97,46,6
4.4465301230342265,96,97,48,0
2.5874584781122278,94,94,56,7
5.0908015484557936,96,96,50,0
5.7445404186142097,94,95,49,6
2.2593091230480402,94,95,61,6
4.5760081005562849,96,97,59,1
4.5789723867315013,94,94,53,6
5.5756523082730043,92,93,57,3
4.3967443807126481,94,95,51,2
5.7625325759824015,94,94,47,4
0.8686910129750134,94,94,49,2
1.7848253040141759,96,96,46,0
0.9675327457967411,96,97,59,1
6.0331015246046880,96,96,49,3
1.5867362616580738,94,95,40,3
0.8525927683286472,96,97,40,6
2.2404833236997757,92,92,46,0
0.8742949426543206,94,95,45,2
5.7762394311952709,92,92,51,1
5.7915908465535129,96,97,51,7
2.2747513813151463,94,94,45,0
1.8872893876758063,94,94,47,4
5.5584548125623474,90,91,40,7
1.5484189084928055,94,94,47,2
2.2966079172469303,96,97,46,2
3.8334866477797886,96,97,44,2
2.6824704710312113,92,93,56,6
3.1367756846247219,96,97,56,4
3.1993482267094402,94,94,56,1
1.1674015063600380,90,91,50,5
3.8395281635811447,90,91,45,2
6.0260291526454131,96,97,54,4
1.8325744115762690,92,93,47,7
4.3004204368645995,96,97,52,0
5.8083590609134719,94,95,55,4
1.6666926520244523,92,93,48,0
1.9450851392286068,94,95,52,7
5.7138448407179441,96,96,43,1
5.8550664414569393,96,97,51,5
4.5958273469377948,96,97,62,6
1.1124491329030766,96,96,48,0
0.9531443655458008,88,88,49,5
4.4934913172806086,94,94,45,2
4.0459963432828046,92,92,48,2
5.7756425364448543,96,97,44,2
4.1285470526456436,94,95,51,4
3.8585625451276990,92,92,52,0
4.7263658622069018,92,93,41,7
1.8782543031899395,94,95,47,0
3.3530103301482659,96,97,43,7
5.6233932841475482,92,93,54,6
2.5338086247143186,92,92,45,3
1.3617108479573354,96,97,50,0
5.8008025011034761,92,93,55,5
4.3668443395115846,96,96,46,2
1.5186607706514990,92,93,53,7
2.1735126486085328,94,95,47,0
5.9386962381561759,94,94,49,6
5.8054981426778491,92,93,41,3
3.4314556319848477,92,93,52,0
1.9513695553827139,94,95,52,7
4.5470003883564116,94,95,53,6
4.5861625807632533,96,97,53,3
5.4353257127822996,94,94,47,0
2.3654186344513657,96,97,60,0
0.8708175920905261,96,96,48,6
6.1505490577407276,94,95,53,2
3.0458792144961953,88,89,40,0
4.2551304261074012,94,95,50,7
3.8034918144574643,96,97,53,7
2.0959117092931270,92,93,42,4
1.4257059910116534,90,91,51,4
3.4283326480535816,96,97,50,2
3.1823731572921519,94,95,48,5
2.8947401524942062,96,97,63,7
5.8846085873493674,94,95,43,2
0.2743937907465784,94,94,40,3
3.7690369159204149,94,94,44,3
2.6999406306813958,94,95,53,4
4.5565623072699948,94,94,45,0
5.9266426922524875,94,95,44,5
3.3041811373529808,96,97,52,0
4.0375695206615854,94,95,49,6
5.9072219518205129,94,94,46,5
2.4342173890228569,90,91,51,0
4.5833888451631237,96,97,51,1
0.2289785722808513,100,101,50,4
3.1858959920037377,94,95,53,0
4.2820341658082421,94,95,43,4
3.3277600351962051,96,97,49,7
1.3375671058000247,96,97,51,3
1.1202767111015177,96,97,45,1
0.6216842447865238,94,95,43,2
3.5827401550505171,92,92,41,1
2.2546218674650489,94,95,49,2
0.2491521373340967,96,97,51,3
5.2448695570544679,96,97,55,1
2.9608640452103536,90,90,49,2
0.3946639823516171,96,97,52,6
0.1086818693879884,94,95,52,5
5.7846755782987103,92,93,52,2
3.4721615787022140,92,92,53,3
4.5673847365457796,94,94,48,3
4.6717235313507537,96,97,40,4
5.3133239980082712,96,96,44,0
3.4489420516835931,96,96,45,1
4.2101039360449466,94,95,48,3
4.3065646125635526,94,94,44,1
4.8642859900143582,92,93,45,5
2.1772368498020533,96,97,50,2
4.0484168998339456,94,94,51,4
5.8817650808992870,94,95,47,2
2.3139051211085659,96,97,51,5
5.3778221374250847,94,94,49,6
0.9364038910105231,94,95,41,4
2.8852699551849068,90,90,36,1
4.5648418491165739,94,95,45,4
0.4529802700028587,94,95,43,6
1.3529859707242673,94,94,45,0
2.3224343410020052,96,97,44,4
3.5542348427055863,94,95,46,5
3.6379989407463738,96,96,55,7
4.2379215463634683,94,94,54,3
2.6351156828141193,96,96,51,1
4.7276470401427115,94,95,51,0
0.5203235220797588,92,92,39,5
2.2305536538814850,94,95,41,2
5.7344519166824091,94,95,54,5
3.7949781630096147,90,91,42,7
2.1046557018660526,92,93,47,5
3.2801994379762500,90,91,46,5
5.5182865916844213,94,95,55,4
2.2074514536914904,92,93,54,6
1.5089099086110422,96,96,43,5
1.6195202407829139,96,96,54,4
5.4326071068645980,94,95,41,6
3.3374497553293385,94,95,46,7
3.4762847187253625,96,97,48,2
3.0142452749166999,94,95,52,7
3.9596975046690632,94,95,53,6
4.1035437180486678,94,94,59,4
3.1136031398074997,94,95,51,6
6.0123900720103709,96,96,58,2
4.9234683769842214,92,93,44,2
5.7491474917184515,92,92,46,4
3.5168023166122078,94,95,44,3
0.0009065791078597,94,94,44,3
0.2114522444911987,96,97,54,0
0.9161611310981578,96,96,47,3
4.4802872536673055,94,94,47,6
2.8022064500042707,98,98,45,0
2.9823615764888793,92,92,50,4
2.8929699428804785,92,93,57,3
5.6170368598292324,94,95,46,1
6.0344967566989904,96,97,47,3
0.4677426587582594,92,92,49,7
4.2367196852366815,96,97,57,5
6.0878268724829354,96,96,44,0
0.6669166557906738,96,97,50,0
2.9016647659267942,94,94,47,2
2.9845726897851410,96,97,49,1
4.5958737659585296,96,97,48,0
5.6751721987850239,94,95,51,0
5.8686591259569045,96,97,57,3
2.7149562408734282,92,93,43,7
4.4468281164710071,94,95,50,3
1.3579971483196844,94,95,47,0
5.3919331159148625,96,97,52,0
2.2014977238466384,94,94,58,7
0.5023776025467318,96,97,36,4
3.3345829783495473,92,92,41,1
5.3117838053725874,100,100,43,7
0.2786293447098018,94,94,59,0
5.5001647540587904,94,94,40,1
4.7337596066571290,94,94,44,7
3.3318123214746902,96,97,53,3
1.5731062897610053,94,95,47,2
4.1245870329310828,94,94,50,1
2.9945485965913718,92,93,49,1
5.1132473854883447,92,93,44,2
1.8274289375780333,92,92,54,2
0.8785743118991894,94,94,45,2
4.0640428335822634,96,97,48,2
4.8055520661471398,96,96,50,4
4.8113085187156761,96,97,54,2
1.3460146729699292,92,93,48,4
4.0486525307423200,96,97,52,2
0.5408052535342567,92,93,52,4
4.2857612824161011,96,97,55,1
0.3833820398401609,96,97,45,1
0.7345189281948662,94,95,53,4
6.1439928029308719,92,92,48,0
2.2613983102010797,94,95,47,0
1.3949689959839138,96,96,53,5
3.8150474543313950,92,93,47,7
2.5607467050903590,94,95,58,1
2.4765305788560190,96,96,45,5
0.9432535926025110,94,94,53,0
0.6736494352681068,94,95,44,5
3.1830937001941813,92,92,58,2
0.6073891008783141,94,95,52,5
1.8267913889087226,92,93,53,3
0.8720507769668121,96,96,49,1
0.8152344818207860,96,97,45,7
2.6345702622842735,96,97,54,0
1.1080953203057728,90,90,47,6
6.1980125057242894,92,93,50,4
6.1837596775597961,94,95,39,4
0.0444541223092004,94,94,47,2
5.1236107406238691,90,91,51,0
4.6585761228808167,94,95,50,5
3.6753954546500611,96,97,47,3
0.0463994767807394,96,97,46,2
2.1293962883231377,96,96,47,5
2.7372094185697784,96,97,42,0
2.0650966304980116,96,97,54,4
0.0743023699228889,96,97,57,1
2.1014453453429969,94,95,43,6
5.2006738744745711,96,97,57,1
4.3430204222452691,94,94,48,1
4.2193327058439012,94,95,44,5
3.3688846480846730,92,93,43,3
2.3641093279394174,92,92,43,1
3.5728371245835420,94,94,38,1
5.8429733701768507,94,95,45,4
2.0310133267679968,96,96,45,1
5.2329002655067614,96,96,48,2
4.7944744867250968,94,95,49,0
5.9135057985662787,96,97,50,0
6.1496324041958434,96,96,52,0
5.6606761733677624,94,94,49,2
3.9274944581518034,94,95,42,5
1.1988302971751450,96,97,46,2
1.6588599528508710,94,95,48,5
1.0499522998583857,96,97,57,1
0.7220672326644306,94,95,40,5
5.6373720884622633,92,93,55,5
1.8306223199844784,100,101,58,4
1.8136127800425184,94,95,50,7
2.8779761106776456,94,94,49,6
4.5789248751328957,96,96,53,1
2.0623062692137424,92,93,52,2
3.8366810297097409,92,92,47,7
0.6351724298124307,96,97,49,1
2.8873362457254412,94,95,49,0
1.1754116402985242,96,97,49,7
1.3327806996654799,94,95,48,7
0.6705905437313939,94,94,52,1
0.1552738192578126,94,95,53,0
0.1644246585559878,94,94,43,0
4.0620391418698416,94,94,44,3
5.6937538957588405,96,96,54,6
2.3673913075947821,96,97,54,0
5.3011468911373889,90,90,52,1
2.0397876463636671,94,95,53,6
4.2762459403375574,92,92,42,6
0.9929188138078451,92,93,55,1
2.3306041824506862,94,94,46,5
4.0291676781990597,88,88,48,6
2.6708423909205905,90,90,49,0
6.1826851946309125,92,92,47,3
0.6115039375083385,94,94,49,0
3.7011889320729146,98,99,46,5
4.1641670187282251,96,97,50,4
2.2542758367469715,94,95,45,6
0.6965448550449632,96,96,45,7
1.8932204875687435,94,94,42,1
4.2052675889673230,94,94,56,5
0.5179951922067287,96,97,55,3
2.5051862175893147,96,97,55,3
3.8941188951844774,88,89,42,4
4.1600980423880936,92,93,49,1
0.4239782903509363,92,92,46,2
2.2410063334476895,92,93,52,2
0.6499239955333554,94,95,54,3
6.2285981074448795,94,95,58,1
0.0390711118696053,90,91,43,2
2.0212446017003898,92,93,46,4
1.3946068389845057,92,93,46,4
4.5740584562238453,96,97,53,5
6.1572841733396739,96,97,47,7
5.9656579364885420,94,95,50,3
0.4363422745877893,94,95,51,0
2.8328260109959897,96,96,45,7
5.6254142447018598,96,97,50,4
6.0759696415848099,94,95,45,4
6.0055894761957882,94,95,52,1
0.6717296358223911,94,95,42,7
0.0695578528416678,94,94,50,1
4.0627274298038527,94,95,47,6
5.6773822265020684,94,95,53,4
4.2414934459205744,94,95,52,5
5.8836126738406751,94,95,47,2
0.8210733673672900,96,97,44,0
2.9163086818678008,92,92,48,0
4.5366543611774723,96,97,49,5
5.6715951664439208,96,96,60,2
2.5500606524041007,94,94,49,2
0.9861798425883215,94,95,52,1
1.9309086656142709,90,91,38,3
6.0927892597688418,94,95,45,4
2.8379866750353386,94,95,50,5
3.7967104933539386,94,94,54,1
2.5995857293890245,94,95,42,3
5.1463543495209603,90,90,40,5
1.8028434291248634,96,97,60,4
5.0146216940396888,90,91,44,5
4.6806231230669040,96,97,51,3
0.0888236681237957,96,97,47,5
0.6845077256618443,90,91,44,5
6.1814387673511897,92,93,52,0
1.6421976538574463,94,94,50,7
0.4406159555030630,94,95,54,3
0.3079212113989764,96,97,44,2
5.6401211939035267,96,97,44,0
6.1036240881637633,94,95,56,7
2.4751880080727688,96,97,48,4
2.8289608918595635,96,97,46,6
4.2628974642742223,92,93,45,1
4.2244188709816344,94,95,53,0
1.1140221278756675,96,96,43,1
1.2093679876164485,94,94,51,4
6.0506272255532485,94,95,43,4
2.0812482725288630,96,96,50,0
2.9153298980906355,94,95,54,1
3.5975651306255827,96,97,52,2
4.2461939395165738,96,96,51,5
5.2355850547088707,92,93,47,7
3.6991520305019789,96,97,50,0
0.6668808453795413,94,95,47,0
3.6854306146154792,92,93,56,0
4.6685702738538168,92,93,42,4
0.3798375326737413,94,94,53,6
4.2811843527185856,96,96,56,6
2.2934576109773999,92,93,41,1
0.0381097844982341,98,99,45,2
5.5648347432672889,94,95,50,7
2.1326880255870377,94,95,50,5
3.9901688834262257,94,95,49,0
1.9071814088809653,94,95,47,4
3.6114620381565459,94,95,49,0
5.2409101284648036,96,96,53,3
2.5733985576692349,94,95,53,0
3.9422437772238963,92,93,49,3
3.0898486618576615,94,95,49,2
4.5416735894656632,94,94,48,5
4.6552375408904911,94,95,54,1
3.1818189884488310,96,96,49,5
3.4205422538642134,90,91,46,3
5.8953822621087362,94,94,50,5
2.5082565824670771,90,91,44,1
5.0680022757000298,94,95,53,4
6.0710631461148532,94,94,42,3
0.2625929607096462,94,95,49,0
3.1791985503618907,94,94,50,3
2.4428939517833443,94,95,51,2
1.2079464281057282,94,95,42,3
1.5044953340147322,92,92,51,7
1.0760171042567834,92,93,42,0
1.8568651964524223,94,95,51,6
4.2313865748915180,94,94,50,3
4.1726938671559468,94,94,46,7
1.4573955486089416,90,91,39,6
3.6241928666828831,94,94,47,2
5.4892770462654186,96,97,44,2
5.2257195133605956,94,95,44,5
4.0714519146723038,96,97,53,3
1.2830665930876322,96,97,56,6
1.1180063721076063,92,93,43,7
3.2245190817205955,92,93,49,1
0.1720859210683517,94,95,51,0
4.8039149139641468,96,96,47,1
1.3977945631280149,96,97,45,7
6.0816699233059701,94,94,50,7
5.7555955501638740,94,95,47,0
5.3238810337361668,94,95,53,6
5.9186951767393792,94,95,50,3
5.5000544299720717,96,97,49,5
5.5864778927115726,96,97,53,7
6.0767533387545143,94,95,46,3
5.0903415634235003,92,92,47,5
4.5801387736414974,96,97,49,7
3.6453887252076411,94,95,36,1
3.8453041193177695,92,93,44,2
5.3553054648690068,96,97,55,5
0.2212176709597543,96,97,50,2
3.8485496521758682,94,95,57,0
5.2589179722016315,92,93,54,4
3.2674265579334536,90,91,43,0
3.5075212730793499,94,95,44,3
0.1230404394456512,94,95,49,6
3.8166925071172080,94,95,48,7
0.9666314005461567,96,97,56,2
0.7998818276142768,92,93,45,1
1.8136870532266203,96,96,42,0
0.0846310466321941,96,96,55,1
3.7973224161718013,92,93,43,3
4.4470368009376005,94,94,53,4
5.8284704615546126,96,96,48,6
0.0599357560213480,96,96,54,0
1.4869587840286362,94,95,48,5
1.8313515349801224,96,96,55,5
1.3083173096358225,92,92,48,0
5.9002932487538695,90,91,50,1
2.6578547500830840,94,95,48,3
3.1177697652527008,96,97,55,1
0.9522281033436507,90,91,44,5
2.3742461549219351,94,95,44,1
0.3102575391049809,94,95,53,2
0.3930261179893872,94,95,53,6
1.1632858045787429,94,95,53,2
0.7514825634730464,90,90,51,2
5.6608468559856160,92,93,41,3
3.2544737509489781,96,97,40,6
1.4464170186298788,94,94,52,1
0.0720152867894739,94,95,56,3
4.6651106192729968,94,95,52,1
3.4731097899366623,94,95,55,6
2.7990648297023206,94,95,44,3
0.2658025209652625,94,94,52,3
4.7243987520810506,94,95,48,1
3.1001960894516993,94,95,37,2
2.2993906137952611,96,96,47,3
1.0777367249451697,94,95,52,7
1.1614277614531994,96,97,45,7
1.7447290827036399,94,95,45,6
3.6896176145397162,96,97,59,3
5.1235157147151309,96,96,53,5
1.5606048850596428,94,95,56,3
3.5962933753624977,94,95,47,6
2.1335869574785860,96,96,54,0
3.2777490091128594,94,95,51,2
2.4211288594776641,96,97,52,4
0.6424089360841043,94,95,51,2
3.0660667908343435,92,93,55,5
3.8361872234388903,96,96,48,6
5.4915205322712906,96,96,48,2
0.2633593513885353,94,94,52,5
2.5515246614107956,92,92,47,3
1.3718361029303932,94,95,45,4
1.3495319231486709,94,95,37,0
5.4669835949617722,94,95,56,5
0.9838312264001867,92,93,51,3
1.5666816664450003,94,95,52,5
1.7594747658022432,92,92,48,6
2.5976664664103244,94,95,50,3
1.1627620286609432,92,93,47,3
5.4221558538385608,92,93,57,3
5.6292411084474656,92,92,45,1
2.4420911826323777,90,91,40,5
0.8465354203588242,94,94,45,6
2.6735364665164778,96,97,42,4
2.7234127273123931,94,95,52,3
3.4663613328666223,94,95,41,4
3.1377366189410880,96,96,47,1
4.0857478630959516,92,92,42,4
4.4104645759776053,92,93,44,4
1.4759152303084322,90,91,40,5
5.5527246657108495,96,96,65,5
2.1800965812936410,94,94,52,1
3.2117523767685370,94,95,55,2
2.4707272360186994,90,91,51,4
4.2925265349527484,94,94,47,6
3.6690642823038275,84,84,45,5
2.5110979908078996,94,95,47,2
5.5568343855602915,92,93,53,1
5.7934990261394139,94,94,30,5
5.1150140730295899,92,93,50,2
2.0788316810819087,94,95,55,4
5.6607277476096938,94,94,51,4
4.4121836490062245,96,96,53,1
3.3645171914287006,96,97,52,4
5.7785840333072187,96,96,49,1
0.7476844239101320,94,94,47,2
0.4106974919583080,94,95,52,5
3.9797060353159726,94,94,47,4
5.8994513758518821,92,93,38,2
2.0750565742140039,94,95,52,7
4.6804689144565224,96,96,50,4
5.7672564695277337,92,92,43,1
2.2971446755004408,90,91,51,4
4.6472251349497098,94,95,54,3
4.9634698972975482,96,97,47,1
2.2401097662992844,88,89,50,0
4.5678456910276850,96,97,54,2
5.8823872836133644,94,95,52,7
0.2494185229933429,94,95,49,6
3.4259725113484558,94,95,53,0
4.4268214187217048,94,95,47,0
4.8999046738033183,96,97,48,4
4.6901301166622682,92,93,50,6
4.0134010628186516,94,94,44,1
5.2574103501596570,96,96,47,5
3.0440753185935026,94,94,47,2
0.3373011392781010,94,95,48,1
6.1256181128790868,94,95,53,0
1.8743505098609359,96,97,45,5
1.0787365027061919,94,95,41,4
3.7094558695030946,96,97,53,5
0.8685853320694478,94,94,49,2
2.8790652078597456,94,94,45,0
3.3451631107501192,92,93,47,5
1.9809095513044188,96,96,51,1
3.7893783704590560,94,94,46,3
2.7062415941422771,94,94,53,2
1.7243365444965730,92,93,44,0
4.2707543473021827,96,96,47,5
4.9494431054794257,94,95,51,2
4.0092805427149854,94,94,47,4
1.4908777825241772,94,95,48,3
0.0483012298404057,92,93,56,2
1.7480263626981589,92,93,51,1
0.2482699274771993,94,95,56,3
0.1286439099193889,92,93,43,7
6.1293500674793515,94,95,47,6
4.9366622667984874,92,93,44,6
3.8080756485063967,96,96,47,1
6.2222195239666362,94,95,54,5
0.9198946120829419,94,95,47,4
0.5930346659155571,94,94,55,6
3.5207552993026714,96,97,47,3
5.1129268800743191,94,95,42,7
2.2034445821509800,94,95,45,6
1.1893755596163709,92,93,44,4
4.3091502031126723,94,95,53,0
3.3280393227690439,96,96,48,6
4.7238618179355667,94,95,43,0
0.4166986444365100,94,94,49,2
2.2858385938705768,98,99,49,4
3.3479004369082763,90,90,49,2
1.6435013440587520,96,97,53,1
1.5242602799047615,94,94,43,6
2.9853927177996438,90,90,50,7
5.8124162381499520,94,95,40,1
1.6021299986087516,90,91,47,4
0.5331863502102335,92,93,56,4
5.3348824434850979,94,95,53,4
2.2853129322361463,92,93,58,6
4.4469620897524242,94,95,53,4
3.1196101987436764,94,95,59,4
2.3298398329716443,92,93,55,3
5.1390643045646840,96,97,52,2
4.5506373576801407,96,97,46,2
1.7826058180873252,94,95,49,4
2.3722522214846875,96,97,51,7
0.0638151582735078,86,86,47,0
5.5324805517386819,94,95,53,6
4.9419844099007211,94,94,45,2
2.8002424964288064,94,94,56,7
2.6667504282460071,96,96,47,3
3.7833304961634675,94,95,39,0
0.8584023855731859,96,96,45,7
4.6654345079522228,94,95,45,0
1.5612241164417699,94,94,43,2
4.3572087969301032,96,97,47,7
4.1083784144190671,94,95,42,3
5.0943977755346488,94,95,53,4
2.9404283908626092,96,96,54,0
2.9088504714988135,90,91,44,7
2.5719865619374853,94,95,53,4
4.4722333827641272,96,96,52,0
4.6522229579426204,94,95,52,1
4.7409310727143765,96,97,40,2
3.6665433404495191,94,94,41,6
0.2513142133350799,98,99,53,4
4.3924913007828250,94,95,49,2
3.4895492729369106,90,90,54,3
6.1325408911309243,94,95,53,0
4.1152799222718102,94,95,53,6
5.6845797197587258,94,95,54,1
3.9526616308403293,92,93,50,4
2.4748886246901565,94,95,45,0
0.4051883307177966,92,93,44,6
4.7666212047641894,94,95,56,3
4.2691046836263187,92,92,42,2
1.0652945347858782,90,91,46,1
5.1171606441939712,94,94,48,3
1.4273879433364720,90,90,44,7
2.3266489999722357,94,94,51,4
4.5184854239483228,94,94,45,2
3.6402653037472206,94,94,45,0
3.9137525358567067,96,97,49,5
2.9695164700073362,96,97,54,2
5.0523821841235712,96,97,47,5
1.6753667296068731,92,92,42,2
5.0498685689575424,94,95,43,4
0.8466986889208219,96,96,53,7
2.9234306781909898,94,95,49,2
6.1802227943902572,92,92,50,0
1.1571720073548581,94,95,54,5
0.9157608038044809,94,95,40,5
2.5613594930447752,96,97,51,3
1.5627913914289464,92,93,45,7
5.4302319396764585,92,93,43,7
6.1935444770762773,96,96,56,0
0.6881570666892624,92,93,42,0
5.4661935541863809,94,94,55,0
1.1904460204497591,94,95,59,2
0.3578479257863503,92,93,48,4
4.5898537183594232,94,95,52,7
2.9575123226257989,92,93,55,1
3.2014605556320657,96,97,54,4
4.7282407087426197,96,97,51,7
5.8692766156231357,94,95,60,3
3.7377481650238860,94,95,47,6
2.3810947261681137,94,94,49,2
0.8745822667488359,94,95,55,4
1.5595585663722986,96,96,55,1
3.0516994881507684,94,95,47,2
0.0414719534902254,94,94,47,0
4.6299140836082477,90,91,46,1
0.8885918723827295,94,94,39,2
4.7018147861324104,92,92,51,1
3.0566377705056929,92,93,42,2
4.5059056178592902,90,90,53,0
2.0061906741839666,92,93,41,5
4.7176751986365062,94,95,49,4
2.5721745379923098,96,97,48,2
5.4293542708542422,94,94,46,5
0.3010430169523818,94,94,51,0
4.1654304818497234,96,97,45,3
1.7036140830905497,94,95,51,0
3.3106731210912415,94,94,52,3
1.3422914461833653,94,95,51,4
2.0620365091077582,94,95,41,0
3.7347099824421019,96,97,40,2
2.6231957889023674,94,94,43,2
2.4079753443284053,96,97,43,1
4.6646425592412832,94,95,38,7
0.3151408691484083,90,90,41,2
5.2600276421260421,94,95,54,7
3.0766892155231984,94,95,44,7
2.7123080341068384,96,96,53,1
4.4175485986307557,92,93,48,4
2.6379511021768169,92,92,49,1
2.4196002951222528,96,96,49,5
1.0328396102912247,94,94,46,5
5.3803966479587544,94,95,47,0
2.1280962748885051,94,94,53,2
0.6127238611058781,94,95,50,3
4.1821008462949427,94,95,51,6
0.6782299012088077,100,101,56,4
0.2044629135620862,94,95,44,5
2.8422222885387147,90,91,46,1
1.4685706725182517,96,96,57,3
2.8076944913170601,96,97,46,6
0.9827146317925967,96,97,58,2
5.6389855559030364,94,95,51,6
5.3947256212425838,94,94,47,2
2.1879199858071727,92,93,55,7
4.7783691072762267,96,96,44,6
0.5666633494316127,94,94,52,1
4.0113286375458861,92,92,41,3
4.3590687347805748,96,96,46,2
0.4279836169990188,94,95,51,2
2.2587211832506733,96,96,49,3
1.0662520433862439,94,95,52,3
6.1404234040285317,92,93,41,5
5.6076874291630165,92,92,43,5
2.1055891792687365,94,95,54,5
3.3874760057336877,96,97,50,0
3.5817192379387541,94,94,50,3
4.5295966611620582,92,92,49,3
1.7031674705505360,90,90,46,7
0.9715375931464807,90,90,38,7
3.5379181794849828,94,94,48,3
3.2665261710883486,94,94,44,7
2.5285256809591163,94,95,54,7
6.0979852416219398,92,93,53,7
0.6420213697398908,94,95,59,2
3.7012078262589503,96,96,52,6
0.6353702909009480,94,95,54,1
4.9611393946315205,96,97,51,5
3.3737128595289034,94,95,50,5
0.1131441643490081,96,96,59,3
5.4421003360971154,96,97,56,4
4.6063949389494816,92,92,56,0
1.3964661280272530,96,97,53,3
2.5983209033996246,94,94,50,3
4.9189573241815401,90,91,44,7
0.0216349719065066,94,95,48,5
1.1132655525800503,96,97,52,6
6.2156204035031886,92,92,51,3
4.1937135182047882,94,95,43,4
0.3012674504265068,94,95,48,5
6.2068933169004064,94,95,46,1
5.1180171897183504,94,95,52,7
3.2475067391307118,92,93,45,7
4.3705364894411369,92,93,45,7
2.1381538965586215,94,95,47,0
1.0482303957569119,94,95,56,7
5.0593156357925180,94,95,51,4
6.2382456685954981,96,96,62,4
5.5935090379337948,94,95,51,0
4.9349950834309482,96,97,47,1
1.6862411914748270,94,95,42,1
1.5695646060702890,92,93,49,5
6.0376586416839801,92,93,48,0
2.2793833830405292,94,95,47,2
0.2352206293691570,96,97,48,0
4.7678011545719325,94,95,54,1
2.0625438883313314,94,95,60,3
6.2825665692862467,94,95,50,1
5.4910624055155735,92,93,53,1
4.2064237827585629,94,94,57,2
4.9617998502448337,92,93,47,5
5.2915408849474463,96,96,49,5
3.7319173302882751,94,95,51,6
4.8249668975622928,96,96,50,0
3.1864969802215422,92,93,46,2
5.2717935870885189,92,93,51,3
3.8263834217499255,96,97,46,6
3.0550147229514373,94,95,43,6
1.5617588136803913,92,93,43,1
1.4712476969862220,90,90,45,4
2.7019820763208502,90,90,48,5
1.2486103840787250,90,91,46,5
4.3532269148587170,94,94,44,1
4.7703374216427772,96,97,45,3
4.0434433265357974,92,93,44,4
5.1312383647948323,96,96,52,4
5.5330443980727253,94,95,49,0
2.7898287512505155,94,94,48,7
1.4561705309861419,98,98,54,1
4.2503336617138743,88,89,46,6
1.9606198625964679,94,94,52,3
1.7678891082931445,94,94,54,7
0.4243634260997750,98,99,49,4
5.4221797602090920,94,95,45,6
4.9591769194398791,94,95,53,0
4.9076266513447138,90,91,47,2
4.6864499402130413,98,99,46,1
5.8085346928097072,94,95,54,1
0.4345416226154208,94,94,45,4
0.3167084019456005,92,93,43,1
3.7670343125766736,98,98,48,5
4.0255150354951974,94,94,53,0
3.6882588513356307,92,92,44,4
0.2387617781584323,94,94,45,6
1.3792561976641000,90,90,38,1
5.0866854576866487,96,97,51,1
3.6048024540022419,94,95,40,5
5.8582485131777569,94,95,46,1
3.2350474144362438,94,95,54,1
2.6102650453381209,94,94,53,6
3.0732563475610846,94,94,41,6
3.3851524677508560,96,97,43,3
5.4824602239398406,90,90,53,6
3.1938099332962611,94,94,49,6
2.6670644665930978,94,94,49,6
2.4106851302031775,94,95,44,1
6.0076459056868634,92,93,45,1
4.3383012057968591,94,94,50,7
0.5808854362891404,94,95,48,1
4.9345983514726761,92,92,42,6
