theta,t_count,h_count,s_count,w_count
2.8746578372742824,106,107,55,0
5.5420341177169048,98,99,54,5
3.9348662145493849,96,96,49,7
5.4754611948789691,96,97,48,4
4.0951501114012805,96,96,48,2
1.7106824850079940,94,95,53,4
1.9788131332269356,92,92,50,0
0.2884961207120196,96,97,53,5
5.8530810585165680,94,94,56,3
4.2469177231552857,96,97,53,3
3.8474853894442660,98,99,50,3
6.0197027177705653,96,97,57,5
0.2056163243562475,96,97,51,1
4.5977874976306694,98,99,48,3
2.3892336191344552,96,96,49,5
0.1720868024109790,98,99,60,3
4.8142939220710659,94,95,44,5
4.0088054742914876,98,98,50,1
5.5882025617670914,96,97,51,1
2.1681963824769697,96,96,48,4
3.5767856856112896,94,94,45,4
2.2553618038400778,96,96,49,1
0.5279018225202990,92,93,53,1
0.8010753888112543,96,97,55,7
3.4136643476944983,94,94,54,1
0.5694696483221824,94,94,46,5
5.9305967608725956,96,97,53,3
4.0382225679078578,94,95,56,5
1.0620193583304454,90,91,48,7
2.8348746818473280,96,97,42,2
1.0053627790764250,92,93,41,7
0.1155629224345606,96,97,49,1
5.0935120144451229,96,97,54,4
6.1008911989056651,96,97,48,6
1.6386087778906127,92,93,51,5
1.6488261561063811,88,89,36,0
3.9220246654043565,98,99,57,0
6.0975068103079240,94,94,56,3
3.7039672911234307,96,97,46,2
5.8263493943681963,92,92,50,4
5.3046231220919831,96,97,41,7
5.3556314542813235,94,94,52,1
1.5635469748725368,96,97,47,7
5.9163120796395692,96,97,47,1
3.9208842874297489,98,99,61,2
4.2756465430267037,94,95,48,1
4.1313732355765405,94,95,44,5
5.7894689903209482,96,97,48,2
0.6587053873109870,96,97,46,2
3.5925943769882229,92,92,42,6
5.7466852896512197,96,97,52,4
1.0893281968409259,94,95,50,3
4.7730632158398381,96,97,45,3
3.0907386678064652,96,96,48,4
2.4568157514369364,96,97,44,6
4.4397901710473313,96,96,42,2
4.6618625645976417,96,97,52,0
5.2463096123348079,92,92,40,6
0.8096427557377672,96,96,34,2
4.5348480087930652,94,95,48,1
4.2396271943105575,96,97,46,6
6.1960010586912624,96,96,49,3
2.7744217972399103,96,97,38,2
4.8321651245137627,94,94,51,2
3.2324627415946834,96,97,53,1
2.2509975434334915,96,97,56,6
6.1165177606826626,90,91,41,0
1.5773480223614242,94,95,45,6
4.3025101245425121,96,96,50,0
5.7066984913601919,96,96,44,6
3.3303928637202271,98,99,44,3
2.2145308873426370,100,101,50,2
3.6640992903224618,94,95,45,0
3.1308496478867434,96,97,42,4
2.3703909694487342,96,96,52,0
3.3671807979687407,96,96,43,5
0.2710093563446532,98,99,40,5
1.1274268468392088,94,95,50,5
0.5635119538988318,96,96,56,0
2.5361363395770256,92,92,54,6
2.5903165029048107,96,97,54,2
1.7727489644160803,96,96,50,2
3.4511145774476328,98,99,46,1
0.2690434132464862,96,97,43,5
4.9897254592017797,96,96,53,3
3.2162561726890684,98,99,44,3
6.0756864360036689,96,97,54,6
0.7119596867495726,96,96,44,6
3.9874992308665256,96,97,52,4
4.5934848750746626,90,91,44,3
1.7035954276563576,94,95,45,6
4.2472841521654354,96,96,50,2
0.4536464998142166,96,96,42,6
5.8442700734953252,98,99,48,1
4.8683876606356202,96,96,51,7
0.5770233612502804,94,95,43,6
0.7667749877026201,94,95,52,3
1.9612094438736225,92,93,47,5
2.5494336902438195,92,93,44,0
0.6865569381285432,96,96,56,6
3.7020811483425162,94,95,52,7
1.0163442370674867,98,98,51,4
1.2552583410203222,96,97,44,2
1.4084759463790322,94,95,49,6
0.2295274531007577,94,94,53,0
4.0748585912163984,94,95,48,7
2.5111977012203912,96,97,47,3
5.5493325802138216,96,96,51,7
2.2130345283323956,94,95,58,5
3.0186010680573401,96,97,44,4
2.8417534816859797,100,101,56,2
0.2833337065608224,94,95,53,2
1.8933087927212200,96,96,52,6
3.3167210426976315,94,94,52,3
4.9914494064385222,94,95,41,2
4.2882924872757551,96,96,56,2
4.9894900255790215,94,95,49,0
5.4636711192282075,96,97,52,6
2.1976354548395052,98,99,48,7
5.7434717138072928,94,95,61,6
4.6761932801907236,92,92,53,7
2.3487371581483840,96,97,52,0
1.1354994088744248,96,96,49,3
0.9368134252567816,96,97,51,5
3.9995411256771218,96,96,50,0
4.8886941311511176,96,96,49,7
1.5259501359588943,98,99,53,2
3.6486060691229669,98,99,53,2
4.9816338812164229,94,95,55,4
1.8574928269343602,98,98,45,2
2.6952334991469256,98,98,47,2
1.2156271184013279,96,97,45,1
4.6286002568187170,96,97,53,7
0.6039889831161253,94,95,43,6
4.2616388565025360,96,97,49,3
2.1219494589698868,90,91,46,1
1.0398295725121960,94,95,43,2
5.7344009050024960,96,96,42,4
2.6879001190610503,92,93,60,0
1.9014893923328109,96,96,49,7
4.0377606518579698,96,97,43,7
0.8798375563270561,92,93,51,3
5.0442139537513819,96,97,49,3
2.7956972108051743,98,99,56,7
3.9339935918203288,98,99,53,6
0.7223582061702547,96,96,46,0
1.5568051823165530,96,97,50,0
2.6456694227193411,94,95,39,6
2.2773046128908883,90,90,52,3
0.0030096593265434,96,96,40,0
5.8986227069373420,98,99,48,1
2.0666133650586556,94,95,55,2
5.4897130460718921,94,95,47,2
1.3898763872301607,96,97,57,1
5.2619707440324177,98,98,69,2
2.0030696566472161,98,99,52,1
2.4951328732613143,96,96,56,6
1.3586713494993075,94,95,54,1
3.2322900487216493,96,97,46,4
5.3013551881132761,98,99,54,3
3.1726279609102805,96,97,56,4
4.9691787600317463,96,97,50,0
3.9726209556563075,94,95,51,4
4.9941263716999655,96,96,59,7
0.9964374668428979,94,95,45,2
1.5240399184954623,98,99,48,1
3.7817354925501423,96,97,50,4
2.5468711630907936,92,93,39,5
1.9893000190078574,96,97,46,2
3.4519098302199125,94,95,50,3
1.4961535973599844,96,97,56,6
1.0790258835838114,96,97,43,1
2.8922811296324045,96,96,41,1
4.7814158228595165,96,97,54,6
3.1826401087548364,96,96,41,5
0.6723100741277581,96,97,54,0
5.9675968085945481,96,97,57,3
1.8975013360303581,96,97,46,4
5.2448423363390484,94,94,51,2
0.6342757684005094,98,99,49,0
0.5534414209890482,98,99,60,3
4.4752858509246956,98,99,52,7
4.7353558537815825,94,95,47,2
1.5734246436423487,98,99,58,7
5.9841275520842867,98,98,50,3
4.8368360431339825,92,93,44,0
6.2778969398362880,96,97,49,7
2.4120557487233767,96,97,53,7
2.3299744187631770,98,99,58,7
0.4979348122795365,94,95,52,3
1.0132349934838722,96,96,52,4
3.9952510891255568,96,97,45,3
4.8931105002741058,92,92,43,3
2.6348630071227950,94,95,45,4
1.2366551517898465,96,97,55,7
0.9652394704967967,100,101,50,2
3.2970853369993165,94,95,57,6
2.1526107580933447,96,96,58,0
0.1691205698632537,96,97,48,4
4.6874544025602578,96,97,46,4
6.1659161460862242,94,95,53,4
5.0977629393239230,94,95,55,2
3.6764638879534535,96,96,37,3
3.6600393039063355,98,99,51,6
0.0994554975853188,96,97,47,1
3.6551556160456258,90,90,52,3
0.4587248123714622,98,98,53,4
5.1989031051095447,96,97,49,3
6.0976294243092690,98,99,52,7
1.0041514672954803,96,97,40,2
2.2038853352900158,94,95,46,5
5.4593759060652509,96,97,55,1
1.0889929699295871,96,96,47,1
4.5441648550868301,98,99,57,4
0.7224324128938945,94,94,48,3
3.1214865910617093,96,97,49,7
2.8264882836340588,98,98,46,1
4.5651484075561610,100,100,53,7
0.1552279839295038,96,97,48,4
2.5773363361809203,94,95,50,1
1.3113411399387962,96,96,44,0
3.4898325731781905,94,95,52,3
0.8322998883036372,96,97,49,5
5.3313352831382881,96,97,49,7
1.6459717792572361,98,99,49,6
4.9192631599211856,94,95,51,6
3.1367035001027572,94,94,60,5
3.6922782591414673,94,95,58,3
5.8375544641211965,96,97,55,1
5.4956440901231804,98,99,58,1
5.9776303948029810,96,97,50,4
3.1301192604189239,98,98,57,4
4.3764541000097772,96,97,44,6
1.3254891069654469,96,97,56,0
6.1783008491455726,96,97,47,7
2.4666001903519184,92,93,43,5
3.5751549900707977,96,96,51,1
0.0835406885704645,96,97,54,0
1.4563796406749741,96,97,46,2
5.6161441376736345,96,97,54,4
0.1269296125308783,96,96,53,5
2.6339172669784277,92,93,46,2
2.3926975668382444,96,97,43,7
2.5600652782782229,100,101,52,2
4.9745216886690873,98,99,53,4
0.3703215327939895,94,95,51,0
1.0262273303480483,96,97,49,5
2.9829301557834103,94,94,51,4
2.0431522190395102,96,97,49,3
0.1086217229369686,94,95,47,0
3.9747805252116093,94,95,46,5
5.9554001317523015,94,94,52,7
2.0254760738814945,96,97,44,6
0.5424796236932358,94,95,51,4
4.1064886045550741,98,98,49,2
1.5640601450767029,96,97,49,5
3.6699268455875842,96,97,53,1
4.1884283001942864,94,95,51,2
1.2021945040596747,96,97,54,2
5.2633597056525243,96,97,58,4
1.3657021389970119,92,92,43,7
2.5098764665459239,96,97,40,0
3.4912049045381575,98,98,52,5
2.2992717225135362,98,99,46,7
3.9324117904146938,94,94,42,3
5.6773837189154488,96,97,57,3
2.3478062652644573,98,98,55,0
4.8202295200439336,92,93,44,4
4.2911751848217055,98,99,42,1
2.8593495267233244,96,96,52,2
5.7160104634221112,96,97,52,4
5.2077814889445770,98,99,54,3
3.1608247510950518,96,97,50,0
5.6875997875387236,96,97,58,4
5.1345276704415861,96,97,50,6
0.1989481860802730,96,96,45,1
3.1000196305407046,96,97,44,2
1.7756048669239237,96,97,47,5
0.4571986272093670,98,98,57,4
1.0317613415085007,96,97,56,6
0.8314237871418947,96,97,54,0
4.5763278983412228,96,97,47,5
1.8793496702525321,98,98,52,1
1.4830081314101520,94,94,48,7
5.5856298773383024,96,97,51,7
4.2931674126463948,96,97,46,0
1.9194413618455997,96,97,43,1
5.4801525446736603,96,97,51,3
5.2873296638314411,96,97,49,7
5.8626556802509162,90,91,49,0
5.7675876351727720,96,97,56,0
6.0210568434773135,96,97,50,6
2.3641500838788287,96,97,46,0
4.0717310719121738,92,93,52,6
4.7298145037053398,94,95,47,4
6.0404238617726191,98,99,49,4
3.9913053156008704,96,96,50,4
6.0506881285481420,94,94,49,0
0.0479822389577993,96,96,50,0
0.7636950447110497,96,97,53,1
1.9220806743812295,94,94,39,6
1.6987263344478949,92,93,51,3
2.5600153221984181,98,99,57,2
1.0165964578546598,94,95,48,7
4.4689828796270170,98,99,59,0
1.0524159785329594,94,95,51,6
5.7593324560264652,96,96,35,3
1.7180177224155528,96,96,45,7
3.6604931372754668,96,97,55,7
5.2934512344397771,96,96,49,7
2.8704928435343886,92,93,58,4
4.3227114369559558,94,95,49,4
1.0767842188490917,96,96,46,4
1.9477793612191729,96,97,31,3
3.4837504001169255,94,95,50,5
2.8823665011274926,96,97,42,2
4.3082809212404003,92,92,48,4
2.9084612510701242,96,97,48,0
4.8774923026402508,96,96,43,7
0.6363884790903966,96,96,50,2
5.1886690419021777,96,97,44,0
3.9395808011613429,94,95,45,6
0.5729033767053978,96,97,46,6
2.5378045385574506,94,94,48,5
1.1985058640047455,100,100,52,0
2.4523443082704754,96,96,46,6
1.2218070059258761,92,93,48,6
1.3136665602549571,96,97,53,7
3.5872842274513639,96,96,45,7
2.8070426518315763,96,96,46,6
4.6478951448654318,92,93,45,1
1.1514055899300581,94,94,56,3
0.5349323211689870,96,96,48,4
3.8924433882791560,96,96,59,1
0.6354712863257083,98,98,51,0
4.0988157396904734,96,96,48,4
1.6102835620782523,96,97,54,2
4.3633259281360361,98,99,50,7
3.4797822610391864,96,96,40,6
2.2811708716651253,94,94,43,0
4.0157869214790161,96,97,50,6
5.0972546251147834,94,95,52,3
0.1819488662678469,96,97,47,5
4.0989203451545801,98,99,61,4
3.9430634829077902,96,96,56,0
4.8875031882587896,94,95,48,3
1.9337010402651560,96,97,49,1
2.6654564035926875,96,97,44,0
3.4652296744071847,98,99,45,2
4.7483825681770382,98,98,51,4
0.5756709529766743,96,97,48,2
0.4025885202277013,90,90,52,1
3.5861360647632026,94,95,46,7
2.3474328255678589,94,95,50,7
3.7543833065909378,94,95,48,5
4.2157010162370421,94,94,52,7
5.6866824704964278,96,97,64,0
1.0214025525196158,94,95,43,2
1.9057253910301395,96,97,54,0
4.6106547354759631,98,99,47,0
0.4895094994880838,96,97,51,7
2.9339321002135041,98,98,48,3
3.3447547746187953,94,95,63,4
5.6043322198575263,96,96,46,0
3.1604708993933119,94,95,61,2
3.5309349475023746,98,99,59,4
1.2596148101002740,94,94,45,6
0.2315642113871827,94,95,40,5
2.7263618213629215,98,98,60,5
1.9273817491810243,96,97,53,3
3.9223349372028271,94,95,58,1
0.7710909148897767,94,95,51,4
1.2957140991778315,94,95,56,5
6.1885984166381673,96,96,48,6
3.8469335736459476,96,97,58,4
1.9520665224176015,96,97,47,7
5.7837651807891355,94,95,53,2
5.2075801510074022,94,95,46,5
1.9876650477371178,96,96,45,7
4.2237341799247829,96,96,51,5
4.5448240298263007,96,96,46,6
2.7534637903335506,96,97,57,7
2.5517238384468959,100,101,44,2
4.1104775626620720,90,90,45,4
1.8999228494261680,96,96,56,0
5.4295348210332826,98,98,49,0
3.4350502871911845,92,92,46,4
0.2153923953231174,96,97,50,0
1.7763825019534667,96,96,47,3
4.4019627656497136,96,96,55,3
2.9963168426536471,96,97,52,6
5.8661690521408190,94,94,42,5
0.4912247325650749,94,95,50,1
0.7237960759002620,96,97,52,6
5.7818508475104533,92,92,40,0
1.4387922525874863,96,97,49,3
5.1671366857187540,98,98,52,3
4.3069638676104818,98,98,56,1
0.0445541006296572,94,94,48,5
1.5113604223189143,92,92,48,0
2.9645747244883198,96,96,45,1
4.7690685261748307,98,98,50,3
5.7687227398777825,96,97,52,4
1.2543685519024428,98,98,47,2
5.7088685044624805,96,97,64,4
5.2464116682484550,98,99,52,3
0.6116520181935323,96,97,59,3
1.5324623352963447,96,96,40,2
0.1095212679466604,96,97,44,6
0.2562243616399733,92,93,55,7
6.2713266728389705,96,97,51,3
2.7189367304997378,98,99,42,1
2.7681414078964135,96,97,55,1
3.6017572941703815,94,95,38,5
3.8510140919979587,96,97,62,4
4.0089770485964671,98,99,50,7
5.0412582793580265,96,97,51,1
0.9296049070347905,96,97,51,5
1.7515561629060290,96,97,51,5
0.8364298224523449,98,99,43,0
2.4127784948866031,98,99,57,6
6.2645276719434975,96,96,45,3
2.1146123444548697,94,95,55,6
2.1862423589413074,94,95,41,4
2.6024065103633864,94,95,58,5
4.2701941440876698,96,97,55,5
4.6483034808818182,96,97,54,2
3.4255423249465689,92,92,55,7
6.1532211654981408,96,97,44,0
5.5268397653098145,96,97,50,4
0.1604841122341774,96,96,45,3
2.0158068777791240,98,99,55,4
0.5360710617471908,96,96,45,3
1.4830263253023477,96,97,44,0
4.4217888463533477,96,97,45,5
4.6919678572009564,98,98,59,6
5.7362632613635718,96,97,52,2
1.5147091700009117,96,97,42,2
5.2463224580923500,96,97,54,6
5.4126726812974839,92,93,53,3
1.6679887399521083,96,97,46,4
5.1953519948156917,96,96,56,6
2.8337056555320523,94,95,37,0
5.2928540242543276,98,98,53,6
4.6036750548868133,96,96,47,3
0.9224632159141095,94,95,50,3
3.0403577300599443,96,97,49,7
5.6936701254570350,96,96,41,7
0.8896626220874057,98,98,48,5
5.8397788146490210,96,97,58,2
3.7720816395340444,96,96,47,7
4.6773331282619548,96,96,46,6
3.6757583295706007,98,98,43,2
5.2621118013313266,96,97,49,1
2.1691779950089787,90,90,49,2
3.2012302702325313,96,96,46,2
1.0066387053158743,94,95,48,7
3.9205243964821870,96,97,46,2
1.0354485315501414,94,94,46,7
0.8045884780916177,94,95,54,7
5.1433388166258185,94,95,54,5
5.2268781829775239,98,98,56,5
4.7104266477506265,96,97,53,7
2.7042930540303134,94,94,43,6
5.1796689139633427,96,97,44,4
0.6001174777016280,92,92,44,6
2.0028481930672997,92,93,54,4
2.3879997377470019,96,97,54,6
3.1156771685402562,96,96,50,2
5.6279451272798156,98,99,56,3
2.3936878448061862,94,94,48,5
1.6222447219492087,92,93,42,4
5.3886214781462360,98,99,48,3
4.1228132824410411,98,99,50,5
3.6192699009865699,98,98,49,6
1.3115344050154296,94,94,51,4
4.4615583257610600,94,95,56,3
4.2358888383467068,96,96,60,2
0.6594595347325871,96,97,50,2
2.9339858814101922,96,97,53,1
4.0587218355267405,96,97,44,4
0.1775673297453462,98,99,52,1
2.8694684670326329,94,94,44,5
2.0254111894600184,92,93,50,0
0.3095317548259182,96,97,52,2
5.1521004464049431,96,97,49,1
4.4573740117862508,96,97,49,7
2.4918062676143951,98,99,47,0
0.6724959067729253,96,97,51,3
1.9556417464403835,94,94,48,3
4.0839677976388131,98,98,61,4
6.1490889708011078,94,95,41,0
5.7993257673594307,92,93,55,3
0.4122685867055193,96,96,54,0
6.1674084649828309,96,97,50,2
1.8112947950722846,96,97,47,7
6.1319390251059032,96,96,50,2
4.6792469736740632,98,99,46,1
3.3679518376007986,94,94,48,3
2.8324593412348085,90,91,52,1
5.6121386975958929,96,97,50,0
3.3215580471074087,98,99,46,7
4.6163097944072566,94,95,44,1
4.0132481749930902,94,95,43,6
5.6669498095367610,96,97,48,6
0.9025741854267206,98,99,50,7
4.8764728799159336,96,96,45,7
2.5633036239995119,96,97,57,1
4.3478170211751417,94,95,47,2
6.0944191837880197,96,96,59,1
0.9550770290714907,98,99,41,2
0.2674420771529287,98,98,58,3
0.4499054740735434,92,93,46,2
4.0677862039154657,96,97,57,7
3.2403855456091515,96,96,53,5
6.1946656535348321,96,97,44,6
4.2550099435716202,96,97,55,5
3.7449921865195885,92,93,53,1
5.9327751032743059,94,94,46,7
5.4637230347674839,94,95,43,4
5.0401613457594099,96,96,49,5
3.6686779584469491,94,95,53,0
2.2172014514589580,94,95,45,4
3.3675037763203290,96,96,52,0
0.6692894265270910,96,96,53,7
2.9925357937918831,98,98,62,5
2.7276157457329369,98,99,53,4
0.4517992774609027,98,99,48,3
5.6146202008885666,96,97,48,0
0.4625396951808555,96,97,41,3
2.2050887402982320,96,96,45,7
4.8557803226719569,96,96,47,5
1.9024702360679184,98,99,49,0
3.3443811089291606,94,94,44,5
1.7797632171636306,98,99,44,1
4.6576604338930778,94,95,41,0
3.4551427679959374,94,94,59,2
0.1558277540869253,96,96,50,2
2.4813340991660739,96,97,53,7
0.4343709761533040,88,88,41,5
3.2022910052559208,96,96,43,7
0.8969271452230410,98,98,59,0
2.1119892379262581,96,97,52,4
4.1833924523894153,94,95,56,1
1.4966608333192088,94,94,52,3
2.7276036915679183,96,96,46,6
3.4297405936623182,96,97,53,5
5.7050189206454718,96,97,48,2
3.9208113337654575,98,98,45,4
5.5503495318251463,96,97,47,5
1.1644929270633619,92,92,45,7
5.8307008835985386,92,93,49,5
5.8058817629314374,98,99,54,5
3.0377828394514670,96,96,42,0
4.0492507735893364,96,97,55,5
4.9664933814396406,92,93,46,6
6.2334241155002132,94,95,60,1
5.6284363431784499,98,99,47,0
4.4097638520421016,96,96,43,1
1.1647564818283132,98,99,55,6
2.3752405529129694,92,93,44,2
5.1472725243696447,96,96,50,0
6.1844072017868310,94,95,43,4
5.7672724323725850,98,98,48,1
2.4985858020370104,96,97,51,3
0.1090343805532450,96,96,59,7
3.6696930503548773,94,95,47,4
1.7792998284149717,96,97,40,6
4.9915167093181418,94,95,49,0
1.2353104266577617,94,95,44,1
0.6110152033721541,96,96,51,1
1.0015113801838662,98,98,58,7
2.6979349338176912,94,95,45,2
1.7092963933422378,94,95,51,0
4.9867791517344306,96,97,48,6
6.0977446286091164,94,94,48,3
0.3366017982853419,96,97,48,0
2.0257287873013849,98,99,52,3
0.8750433708955886,96,97,55,7
2.3817005024629694,98,99,54,3
4.7633195186795767,94,94,41,2
0.9639620180545654,88,89,36,0
3.0091657176385129,96,97,51,5
1.3402812457841120,96,97,51,1
5.1846799385994728,94,95,51,0
2.3525793316643022,94,95,46,1
0.9592923663951894,96,97,52,2
2.7682098602187679,96,96,52,0
3.7068582648934747,94,94,43,6
1.6911545059282271,94,94,46,7
1.9660785096601143,96,96,41,1
2.9132594947970025,96,96,52,4
1.9961178248841023,98,98,46,7
3.8096134200261411,96,97,52,2
5.5302269800804655,96,96,59,1
3.9627535212390690,96,97,52,6
3.0030453783009459,96,97,54,0
0.4385857708898593,98,98,51,4
4.0632383167902884,98,99,49,2
1.6868457342899643,98,98,52,7
6.0593749277667515,98,98,46,1
5.3427936241710965,96,97,49,7
1.0100640933932925,94,94,49,2
1.7846656061209953,96,97,53,7
1.3047518312747153,90,91,45,2
0.4606577484977160,98,99,46,7
4.6810543800706723,94,95,51,0
5.1455387531493182,96,96,52,2
5.0821058228710223,94,94,44,1
5.3656681599794345,94,95,51,0
4.7730662815150504,96,97,63,7
4.4130036165709452,98,98,53,0
2.4710582536353707,94,95,52,1
4.6175116190905596,98,99,57,2
5.0064171782221578,96,97,56,0
4.2924846573198163,96,96,51,3
4.0238264487552255,96,97,49,1
5.3979501420560334,96,97,47,5
6.2491052929197490,96,97,44,2
1.8311226378613523,92,92,48,2
5.0358912847350314,90,91,51,6
2.9802125675995330,94,94,46,7
2.0388367762603337,96,97,51,5
2.8531105822833589,96,96,58,2
2.8474783800672014,96,97,45,1
0.7877682073211246,94,94,52,1
2.5470097220035535,96,97,44,6
2.5676254074661271,98,99,52,3
3.1980567647131641,94,95,56,1
0.0430519201823746,96,97,44,2
3.4286641834604925,92,93,55,7
3.6755288630398693,96,97,47,3
0.2346635240539169,94,95,52,7
1.7981610396775016,96,97,51,1
1.8707520485124918,94,95,48,7
4.9473121728165603,96,97,47,3
2.3500341087899952,94,94,45,6
2.6598734809834412,94,95,55,6
1.6979963457607281,96,97,41,1
3.7267190155384089,98,98,47,4
2.2554429455693112,94,95,55,0
0.9251441774063218,94,95,57,6
1.0492824921767201,94,94,50,3
4.5620188445682626,98,99,40,5
1.4853709085230633,98,99,51,0
3.9524732360430526,90,91,51,6
2.5611857134343223,94,95,50,1
1.4009981582161484,98,99,48,7
3.7441885854643089,96,96,45,3
1.4628052612335374,96,96,56,4
2.7887039146109824,96,97,42,0
3.3138535154294941,98,99,55,6
3.0175226543502500,98,99,55,6
1.2866402105712214,98,98,52,5
5.8387433759351479,90,91,46,7
5.4765509903857774,96,97,51,7
3.9806640623203076,96,97,38,0
4.4870104072601729,96,96,52,4
5.1630725059271549,94,95,50,1
2.6575193052346067,96,97,53,7
2.7886436994066748,94,95,57,0
4.6600073486351006,96,97,53,1
1.7640347648253478,96,97,54,6
6.1952669884771794,96,97,58,4
1.3984964432718459,96,96,62,0
4.5069911171337651,94,94,50,3
3.5000061775936269,96,96,50,2
2.5110335748785340,90,90,41,0
2.2715408573698777,96,97,56,0
0.2883722839048405,94,95,42,3
0.4691013143799527,96,97,49,3
1.1300818348890360,94,94,51,0
4.0848976011182270,96,97,51,7
3.3552418545813678,96,97,50,0
5.8809782899511980,94,94,51,4
4.6703178107886343,98,99,54,5
1.5721906432008697,96,97,43,3
0.9686363096705568,96,97,46,0
6.2173896248423146,94,94,48,5
4.6254709350327206,94,94,54,7
5.9752588640992270,96,96,41,7
6.1495497630949867,98,99,49,0
3.1472509208518962,94,95,36,5
0.3488978777668569,96,96,44,2
1.3934146259989622,96,97,46,0
1.1855822428635479,94,95,45,2
5.2737189224309917,96,97,51,5
2.7709631362191791,96,97,49,1
3.2427413003765562,96,96,39,5
6.0831181709517610,96,97,47,1
4.7167564656558758,94,95,53,6
2.1693112263541359,96,97,47,1
2.9756968627938774,96,96,55,7
0.9615135935791856,100,101,53,7
0.4698364316652942,98,99,48,3
0.3058917794977464,96,96,43,5
5.2446333560757363,96,96,49,3
3.6840072770411028,96,97,58,6
3.3573251979480401,98,99,51,4
0.3960635838083086,96,97,47,7
2.8876589886486927,96,97,50,4
1.4317619847792249,94,95,52,3
1.2534963661326404,96,96,52,0
4.7180135187714267,96,97,50,2
0.7448015227970795,94,95,54,1
0.7268610678920724,94,94,59,2
5.8387891145733848,96,96,56,2
5.8080590411416750,94,94,49,4
2.3462170835267995,98,98,46,7
2.3515123054933267,96,97,51,3
0.5143198752636738,96,97,59,5
1.1970675308676326,100,101,47,7
0.7801667940808039,96,97,46,6
4.6530122136396317,96,96,46,6
4.5500598885831147,100,101,68,6
6.1953779044555235,94,94,49,6
1.0250487862495361,96,96,49,3
2.6674196971922410,98,99,47,6
0.6981783101413719,94,94,53,4
1.7078673522333367,86,86,44,3
4.6351856723041420,96,97,49,7
4.3509581086830931,90,91,57,6
2.8711198900080461,94,95,56,3
5.9663246957040910,96,97,43,7
2.7905511062316846,96,97,49,5
1.6474394128338685,94,94,51,2
2.4096214989442131,96,96,51,5
5.0100301516616952,96,97,47,1
3.6447629353313387,94,95,43,6
1.9711062971675899,94,95,47,0
3.3211055703596108,96,97,58,2
0.5674771281624574,96,97,56,6
1.3713105767777312,96,97,55,7
5.7134169558934547,90,91,38,3
5.1615431475451912,96,97,49,3
2.7701901329361389,92,93,48,0
2.6152469382620800,94,95,48,7
1.4664504746627676,96,97,48,2
0.6578544242488451,94,95,45,6
2.2465107941113831,96,96,55,7
1.5098025871472309,90,90,45,4
3.2165935501215883,98,99,54,5
5.8306068121538424,94,95,54,7
1.8841996507150502,96,97,54,2
4.5877115925092680,94,95,45,6
1.8685784546613726,94,95,42,1
2.4065841154857535,98,99,46,1
0.6216051886283208,98,98,54,7
4.8124693500909057,92,92,50,4
1.1722776701866859,94,95,49,2
5.9524279524914085,98,99,48,5
1.7637061375355665,94,95,49,6
4.1982383113187023,96,97,49,5
4.8490400058746168,92,92,51,3
3.3373095615059447,96,97,53,5
6.1503732001526794,94,95,50,1
1.6112528173289160,96,97,46,0
4.1519698392957034,96,96,56,0
1.8264041104363486,94,95,55,2
1.3836555738263365,96,96,56,0
2.2672893986168363,96,97,52,0
3.7920457476664589,96,97,57,3
4.2063773366725057,98,99,50,7
5.7056449328465799,96,97,50,4
5.5442085788476447,98,98,48,3
3.2343734460390143,96,96,48,6
4.5574708328918216,98,98,48,5
3.1361349293840610,96,97,60,6
1.8698422316834880,94,94,51,4
0.7525901710594494,94,94,60,3
5.3118850619462448,98,98,48,5
0.6281277297970098,96,97,46,2
4.7147612875901270,94,95,49,2
1.7857206508996135,96,97,50,0
1.4063272698063682,94,95,62,3
0.4653991132959716,96,96,46,2
1.4151064530612065,96,96,46,6
0.4494841110238501,96,96,53,5
4.6273136042075160,96,97,47,5
1.9299793648414019,96,97,48,0
1.5158868703408348,92,93,49,1
3.9464087183513055,98,99,58,1
1.6484388138243034,96,97,56,6
4.3863188637214856,94,94,48,5
4.0561401401167831,96,96,44,2
5.6414214948357353,94,94,40,1
6.2304453064438805,92,93,54,2
2.1565022234455529,96,97,46,4
1.2439233840929174,92,93,45,7
1.7016199263166880,92,92,51,5
3.7385478597466646,96,97,56,0
1.6845608735385094,96,96,61,5
2.7886959966877769,98,99,56,3
3.1571192951780644,98,99,53,0
6.1708917927294893,98,98,49,2
1.5212125359999542,96,97,55,5
3.2570781914716394,94,95,44,5
6.1044196419029770,94,94,47,0
6.1926576154629389,94,94,54,3
1.6897817488059768,96,96,33,5
5.8046992626752330,94,95,52,3
4.1317694831485907,98,99,49,4
3.6303506661583720,98,99,67,0
3.5221917156216263,94,95,53,0
4.6548532111971612,94,95,40,7
4.6717909608557733,96,96,45,1
5.8846286153686487,96,97,55,3
2.7845222743594364,96,96,49,1
1.4003297338449274,96,97,50,6
4.6798810497008985,94,95,58,7
0.6535241283306530,96,97,52,4
5.7882501422329913,96,97,51,5
3.9480873973767308,98,99,48,1
2.0247833601942404,96,97,42,4
3.5439260136490862,92,93,53,3
5.4043631941339996,96,97,46,2
4.5810155514737785,98,99,54,7
0.7584977399478027,96,97,50,0
5.2323292004017876,92,92,45,7
3.4432611094300589,96,97,60,2
1.2610470945723768,96,96,46,2
5.0392219116781733,96,97,47,7
4.3989646040338508,98,99,52,1
2.2738055181856573,96,97,53,1
1.9507589849024183,96,97,58,4
4.0109076315340486,92,93,47,3
0.9796842608210430,96,97,54,2
3.7697952257626204,94,95,55,2
4.6486752299701317,96,97,52,0
2.2683656379871531,96,96,58,0
0.8546744754576111,94,94,52,5
2.1615790673829647,98,99,47,2
1.6868722554427842,98,99,50,7
0.9858131518425952,98,98,47,0
4.5309337806628935,98,99,53,4
3.1963290490030132,94,95,46,1
4.3798958053131027,92,93,53,7
1.4722960685422328,96,96,60,6
3.1927426146621061,98,99,56,3
2.1898801186132819,96,97,48,4
1.1501077131676258,96,96,51,3
3.7760214493757873,98,98,45,6
1.0797959991977446,96,97,52,2
0.7331674441568583,94,95,50,1
0.8132109641382520,94,95,50,7
0.5518592041415256,96,97,54,4
5.8422573871670114,96,97,53,1
1.5289308261914372,98,99,54,3
0.5591217722099850,96,97,49,3
0.6931410502381437,96,97,47,5
2.1554872856200022,96,97,44,6
2.6511452154491968,96,97,50,2
3.4155034308436192,96,97,49,7
1.7474387425719027,98,98,52,5
1.1980596255957900,96,97,49,1
5.0722693358470945,96,96,58,6
5.1867598202442284,94,95,49,0
4.0316475751823004,98,98,60,5
2.1029544256817494,98,99,50,3
5.3886703739152946,96,97,47,5
5.5767359540935253,94,95,48,3
2.2807722754192392,94,95,50,5
5.2939890759235109,96,96,50,0
0.2241502909991625,94,95,49,6
2.5385361399167365,90,90,42,7
5.1303757671875481,98,98,47,4
4.1046726046509345,96,97,53,7
5.7245927338845597,92,92,51,3
3.8964257827525404,96,97,53,1
1.3918540666694668,94,95,47,0
2.9480432285755476,96,97,48,2
1.4921404579964299,94,94,52,3
5.8073085730796636,96,97,47,1
0.6046144740662561,96,97,45,3
1.2808163487179105,92,93,48,6
4.2893834099120882,98,99,46,3
3.2427107555295862,94,94,44,3
4.3046817823826551,86,86,53,2
4.0760158682562482,92,93,54,2
0.0777332381719948,98,99,54,3
1.3457709831693776,96,96,58,0
2.2516292913545350,96,97,47,1
1.9001115409612683,96,97,46,0
5.4760965967464728,94,95,44,1
4.5512594543783109,98,98,50,7
2.7686802963123274,94,95,47,6
3.1803694303107184,94,94,50,1
3.8482942158747671,96,97,66,0
2.8422236193063011,96,96,58,0
4.5823746416923798,96,97,47,1
4.2962691663754153,94,94,46,7
2.5618652978525454,92,93,47,5
3.6638899238040241,96,96,40,6
6.1656123142021428,96,97,46,4
5.8469580486348969,94,95,53,0
1.1915204870509304,94,95,48,3
4.3144006320262251,98,99,47,6
0.2400301680664226,98,99,57,6
4.6017866349122407,90,91,43,6
0.3941715377430328,96,97,61,7
1.4737706451266157,98,99,56,7
1.5713585738809874,96,96,47,1
2.8559921534318122,92,93,55,5
3.5062089299209616,96,97,57,1
0.3202180440468770,94,95,40,7
5.4955415245415073,96,97,53,5
4.1554765632331430,96,97,45,3
5.6452184149791202,96,96,53,7
2.6364944372318653,96,97,45,3
0.4638698384633608,98,98,47,6
6.1004119861648762,94,94,51,4
4.9588111428129267,96,97,44,2
0.7956527747674935,94,95,52,7
3.3228490743907164,98,99,61,4
4.5568274947314968,92,92,50,6
4.2542922528525944,98,98,48,5
5.4327013824687285,92,93,49,7
6.0569085965000555,94,94,52,7
4.6735693978518915,96,96,48,2
2.0624837522614903,96,96,51,1
0.3317355914579491,94,95,50,3
1.8769691690185466,96,97,51,3
1.3444567684983295,94,95,47,6
0.5890259139065412,96,97,48,0
2.7964256592227552,96,96,49,7
0.5827585815024232,98,99,48,7
3.0135790827049220,96,97,52,4
1.0803394709349903,94,95,55,2
3.9601800228920587,96,97,60,6
0.3426420898336585,94,95,53,2
2.2406879896743055,96,96,49,1
1.4062331873548239,96,96,43,1
3.1638820873316664,98,99,53,0
2.4002275802976194,100,100,57,5
3.2669761633459822,98,98,52,1
1.7516948981173719,94,94,52,5
5.7211879391428075,94,95,54,7
4.4691266904974896,94,95,49,6
0.0487732745166679,98,99,50,1
0.3010590222793874,94,95,40,3
6.1146910885438519,96,97,50,6
0.7353805257696399,96,96,51,7
2.5027445135932869,94,95,57,2
4.5033350208545526,96,96,51,5
2.8969721868095735,96,97,49,7
1.7953516908616665,92,92,43,7
4.6665183383176227,98,99,47,4
3.1880498516779383,94,95,54,5
3.8867217736473063,96,97,49,5
2.8137650113098092,98,99,60,7
1.1978958836144178,92,93,53,1
4.2503525353100411,94,95,53,2
1.9781629943695609,96,97,48,2
5.3330676947963740,96,96,56,0
3.8747660883890047,94,94,44,3
2.1985361309558984,94,95,40,5
4.1245285417597009,94,94,50,5
3.1183784236346885,94,95,46,5
4.7480689973917976,98,98,51,4
0.5211980128965362,92,92,39,5
0.5482539197884503,98,99,46,5
3.3067847518295510,98,99,59,2
5.6461582647071706,90,90,41,2
1.1390183423327531,96,97,47,7
1.3026012827394038,92,92,51,1
2.9601468866285128,96,97,52,0
3.0086864781832956,96,96,37,1
0.5547745089801479,94,95,50,7
1.0631499455158837,92,93,43,1
2.2448647433041899,96,97,51,7
6.2491863072323506,94,95,47,2
2.1578623460286663,96,97,57,1
5.4766492606196602,88,89,52,4
4.8728427770755998,96,96,55,1
0.5391022822903205,96,97,44,4
1.4354556599455186,96,97,47,7
6.2086366129343293,96,97,47,7
0.7061933042583741,96,97,56,4
2.3772726014999876,98,99,49,0
2.5508981035542084,94,95,49,2
4.6059956491853926,94,95,52,7
0.1085160511154693,94,95,52,7
0.8489355170852084,96,96,51,7
1.0221062553790963,94,95,52,1
0.7692647289219691,94,95,54,3
0.3450459969360677,94,95,50,5
0.5491041394417258,96,96,42,2
0.4279106478690134,94,95,47,2
3.0799215092610028,96,97,47,1
4.2536966243707885,96,96,45,3
5.1143071471562216,98,98,52,7
4.1668496484278439,96,97,51,1
5.9978215907996111,98,98,53,6
5.8459518026630368,94,95,49,4
5.8516498720930672,96,97,47,3
2.1967342858252796,94,95,49,4
4.7554990809647251,96,97,54,0
1.8282159473812609,92,93,50,6
2.1142210614304946,96,97,48,6
4.2957415558534517,98,98,62,7
5.4182206804012356,92,93,43,5
5.6393447563842827,94,95,52,3
4.2697953709879570,96,96,52,4
2.3539187846096583,98,99,51,0
3.9659038275997700,98,99,42,5
1.3039017199802405,94,94,54,7
1.3330568542390611,96,96,49,3
2.6805485034940353,96,96,48,0
0.7530906751780422,94,94,40,5
4.1059209189804875,98,99,54,7
4.2728439061306132,98,99,55,6
5.8367569497013134,94,94,40,7
5.1431894511826259,94,94,48,7
2.4692408590096209,96,97,59,1
2.7034372291610747,98,99,46,5
5.9347081911421489,96,96,47,3
4.5401764461454182,94,95,48,5
3.3960959339835441,98,99,54,5
0.3091850100866294,94,95,51,4
3.9467884862627240,94,95,57,2
6.1028779481700299,98,98,62,5
5.6871072342086784,96,96,59,7
1.8456576593738023,96,97,53,7
1.1708917223658006,96,97,52,0
2.9015853159498732,98,99,64,5
4.7601671651398352,96,97,53,1
1.9561245873145587,98,99,58,5
4.0753996640930179,86,86,45,6
0.6211360312221080,96,97,43,3
2.2686360554363865,94,95,51,2
1.1674599740805369,92,93,44,2
3.7580337499060268,96,97,52,6
1.4556605161456744,96,97,54,4
3.8364185867385405,96,97,49,7
5.5230704275015707,96,97,56,6
4.4776011655488350,96,97,50,4
4.2112301947491462,96,96,52,0
0.7211810574197794,96,96,48,0
3.2024052884515193,94,95,50,7
3.5641177434718934,96,97,47,5
0.2385692205540345,96,96,47,1
6.0644796062447961,90,91,47,0
5.8402242541740348,98,98,47,4
1.3050458786249837,92,92,54,4
3.8315405732072438,96,97,50,4
0.2631113021088443,98,98,67,2
4.6813301310084210,98,98,51,6
0.7385633050417267,92,93,52,2
1.9145665004648591,94,94,48,5
5.7354044395552295,96,96,45,1
5.5321839524347487,100,101,53,3
0.4696524112214615,98,98,53,4
5.3299943686288547,98,99,52,7
5.3210111119081809,96,97,53,1
2.8898669609235728,92,93,43,5
3.1702502407883402,88,89,45,3
0.3643857144896845,94,94,43,0
0.7587279085138313,94,95,51,2
2.7080653639455008,92,92,53,5
2.0363528790837253,94,95,43,4
2.6113606375643861,96,97,54,0
1.4054374190347390,96,97,51,3
4.3208702994038140,94,94,45,2
5.4532054810832982,94,95,51,0
1.9655735016342539,94,95,44,7
4.5918952301889044,96,96,45,1
3.1957462146344433,98,99,52,3
3.2523887427644049,98,99,52,1
2.1162020773941648,94,95,50,3
1.2756892043074948,96,97,50,6
5.0088053234260386,94,94,55,6
1.9818172275823467,96,96,51,5
3.9889682274729386,96,96,49,3
4.0225887694369318,96,97,52,4
1.3655410798748631,96,97,55,5
4.2389309316669523,96,97,57,7
3.9900383005842630,96,97,53,1
4.7605257604165248,98,99,50,3
0.8806559784615181,96,97,57,7
1.0028644008745968,94,94,38,5
1.4331683279931524,98,99,52,7
2.3450033114119253,94,94,48,5
3.5572531173002422,96,96,54,0
4.7090273306965766,96,96,53,3
4.0001481686711688,96,97,48,2
1.7731940669054287,96,97,56,0
1.2632922540157798,96,96,62,2
2.5756344812557370,96,96,47,3
0.7976977146546348,98,98,46,7
1.5062750784109806,98,99,51,0
3.8124523624044286,98,99,46,3
1.6219400019497159,96,97,46,0
2.9993706376185680,96,96,48,4
3.5316827582097838,96,96,53,7
1.3011868586852866,98,98,60,3
0.8671809589978051,96,96,52,6
1.3739030600841196,96,97,54,4
5.9399374862104510,94,95,47,0
3.0017010715067025,94,95,47,2
1.0495145556524286,94,95,55,4
3.0679140276852066,96,96,47,3
4.5291532278811735,96,96,55,3
1.8503624451423371,94,95,46,5
3.5320758954531000,94,95,48,7
3.8624121530076660,94,95,51,4
2.4007752480664122,94,94,46,7
0.4145909461121880,94,95,42,5
6.2681319813594758,96,97,41,3
1.7191218476692443,98,99,51,0
3.2608169466504662,96,97,44,4
1.3787642835651344,96,96,48,4
5.2773142428064714,96,96,53,1
5.9914279648019590,96,97,58,4
4.8277607542892422,98,99,49,2
3.1549981189716396,94,95,52,1
1.8368699472206793,94,95,58,7
1.0225837696084070,90,91,47,2
1.4064844527462159,96,97,52,6
2.0629604707582709,98,98,56,7
2.6540320714741750,94,95,52,5
0.1693041365381956,92,92,50,2
5.7104334559701417,96,97,44,2
6.0419119250152011,94,95,44,3
0.6522793341699260,96,97,51,3
3.0530231194145645,90,91,44,3
1.0561504294900044,96,97,43,1
1.5349091822833776,96,97,52,2
1.3272747185435827,96,97,45,7
0.5136596210516868,96,97,41,1
6.0409701596090359,96,96,55,5
0.5117349265001040,98,98,52,5
3.7732502362704996,96,97,41,5
0.8372951324776974,92,93,47,1
2.3093734170831342,94,94,52,7
2.4123747119679049,98,98,59,2
0.2761629347536538,96,97,44,6
3.5175766244473445,96,97,49,3
5.9105661087504959,96,97,53,5
1.9582813781187114,92,93,54,2
5.4020563152429775,94,95,54,1
4.7979168971039714,96,97,53,1
1.9852690352421549,94,95,51,0
2.9869907354275536,96,97,49,1
2.1615251849131694,96,96,56,2
0.7726207698014678,94,95,49,0
5.2525988583911758,94,95,46,5
4.3654799612828050,96,96,47,3
3.3218747269888622,94,95,52,3
2.2279075649434796,94,95,53,0
4.3574824323080890,94,95,48,3
0.5302341238558184,94,95,47,2
3.2649850241348339,98,98,48,1
2.2495229838413460,98,98,48,1
5.5655512157123876,98,99,62,5
4.5781759691160646,94,94,43,2
3.4106986438357310,98,99,52,5
0.5036035494374558,94,94,58,7
3.0321375536462183,96,96,57,1
0.4558102918120477,94,95,45,2
4.9590449036577420,94,94,43,4
5.7480076498355599,96,97,57,5
2.6233836029573756,96,97,51,1
2.5954372597571349,96,97,49,1
0.8208566620639073,96,96,48,2
0.4670644195777394,98,99,56,3
6.0409071032886494,96,97,52,6
0.5167892645043082,96,97,48,4
4.1367505328957028,96,96,52,4
0.9853876995192727,96,97,47,1
4.3132835895356925,94,95,47,2
3.2790095181447136,96,96,45,3
4.8260623064400834,96,96,54,2
1.5502156238314375,94,95,45,0
3.7187765214625514,98,99,55,6
4.7655733747432754,98,98,51,2
3.4436132062135321,96,97,48,2
6.2074035215712513,94,94,41,4
6.0258669434320264,96,97,58,4
4.9929420570948189,98,99,60,7
4.7036768618035474,96,96,46,6
2.2772039793226146,96,97,52,6
2.2491125032674941,96,97,52,0
3.5588086927446159,94,94,48,3
0.2218892837632825,96,97,48,2
0.4777056808582404,96,97,48,4
6.0687564127478151,96,97,48,6
1.9994049078551057,96,97,56,0
3.2632041677188566,94,95,53,6
3.3766495592656165,92,93,45,1
1.2094025601395579,96,96,53,5
1.1149798365394983,98,99,59,6
3.7967585024936068,98,99,53,0
3.8867371810214610,94,94,45,6
4.9169948766646092,98,98,55,4
5.4534722101651321,96,97,52,0
4.2312571339690255,94,95,48,3
2.1562014286585165,92,93,45,1
0.0141069812572986,94,95,47,0
1.3876379368557592,94,95,55,2
5.1506458005603788,98,99,60,7
2.5867074806851553,98,99,47,4
5.1050937542939678,98,99,41,6
2.6000589595089783,94,94,38,7
5.8910178349255027,98,99,56,3
2.1862275220295864,96,97,48,6
3.9028667237681631,96,96,51,5
1.6346563721524425,94,94,48,7
4.0860391128238334,96,97,48,0
2.4594101999108280,100,101,51,7
0.4482702046431689,96,96,61,3
5.3714945736675856,94,95,44,3
3.2990139625154788,96,97,41,7
0.7109560680823105,96,97,45,5
5.9793471948231822,96,96,50,0
5.0487208097500238,96,97,56,2
1.5862945907611721,94,94,50,3
5.5229700293148323,96,96,62,2
0.2660561927063550,92,92,51,1
0.8838827116115042,94,95,50,3
4.7981484640539822,96,96,51,1
4.1536794542652977,96,97,48,2
0.3960856265751272,94,95,49,2
3.7768331454761754,94,95,56,1
1.9859286749015945,98,99,56,7
2.0046270467331966,88,88,38,4
4.8492027097866792,92,93,48,6
1.9899874222114859,94,95,58,7
6.1157958064468749,96,96,49,7
3.6622172470528311,94,95,57,6
3.4410761615473864,96,96,58,2
3.9890413626917729,94,95,49,2
0.0451429066219641,94,95,53,6
4.8571391648637192,94,95,43,4
2.7101883457010105,98,98,59,2
3.1492418341544770,98,99,53,6
5.3526208204661661,94,94,56,3
0.4113700763108131,96,96,50,2
1.6404178793414335,96,96,53,1
0.5659351934536198,94,94,46,1
3.6459854120860564,96,97,55,5
4.0943131004846327,96,96,51,7
3.4392090438174971,96,97,49,3
0.8437709891144221,88,89,45,3
5.0411769069252124,92,92,41,1
3.6941237260126463,90,90,56,5
6.0299170206607693,98,99,48,3
1.2204608675465041,96,97,40,2
0.0793560167429314,92,92,46,2
6.2209943343292062,100,101,55,5
5.3848552385899495,98,99,43,6
3.7585538414036677,96,97,46,6
5.6816354927444355,96,96,45,1
2.3384279466452638,98,99,52,1
2.2881945543523705,98,99,51,0
2.9016142817463133,94,94,56,3
0.1633479185846091,96,96,43,7
6.0738631803255911,96,96,60,6
0.4936633276937056,96,96,47,1
4.5623337837718161,94,95,51,2
0.3769324505715452,94,95,45,6
1.6623793729773042,94,94,46,7
2.2741956213753021,96,97,47,7
1.9729091200736406,94,95,49,2
2.8485968217410331,96,96,54,2
3.6570256550280491,94,95,46,3
5.4484138462957716,96,96,43,7
0.2247709855456507,96,96,50,0
2.9975022487136136,98,99,54,5
4.2878506321574577,94,95,51,6
1.2167858729197689,98,98,52,3
2.9204895799933417,90,91,37,6
5.8206855941115609,98,99,59,2
0.5278583869987306,96,97,51,7
2.4490426728598913,98,98,64,3
5.8442407155747480,96,97,56,6
5.3834075267189165,94,95,56,7
1.3236513693982714,98,99,52,1
4.4025161758892022,98,98,47,6
3.9344545314694224,96,97,43,3
3.0362364214646336,98,99,54,7
5.0798427754165854,96,96,35,5
0.3042884552501655,94,94,48,5
0.4479179643653385,96,97,40,0
4.2187393517958327,94,95,54,7
3.5713590136688826,96,97,54,6
4.9236582647950922,94,94,50,1
4.3246666737572399,94,95,53,2
2.9843859232577921,98,98,47,2
2.6370040797114265,96,96,48,0
3.2682270374944218,96,97,49,1
2.4278455080523424,96,97,53,1
6.0690835108787651,96,97,54,0
4.7243437070663745,96,96,40,6
5.4486580334019381,96,97,46,6
1.5479548913677290,96,97,48,6
1.3667023445551560,96,96,53,5
0.9491376524934777,94,94,42,7
3.8426590787821300,96,97,50,2
0.0199595172759891,98,99,59,0
3.1730046698342389,92,93,43,1
0.0580675604937134,92,93,46,4
2.4514300340461346,98,99,44,7
1.1292169800175296,96,97,50,0
5.5962272098059751,92,93,46,0
5.6876325654624109,94,94,56,5
2.2090350216220846,92,92,51,5
4.1175617037639718,96,96,55,5
6.0064319373334989,96,96,45,1
6.1978903531681340,94,94,46,5
2.4247400204073739,98,98,48,5
5.7122030753676336,96,96,49,1
5.4207455023099840,96,97,51,3
3.2887975621653118,92,92,37,7
4.8138263777178789,98,99,51,6
5.5333461053294632,98,99,62,7
1.4851092025944483,98,98,57,6
2.3738446314390105,96,96,48,2
1.1713185528734538,94,94,45,6
6.1850197900355797,94,95,57,4
0.1218228059411972,94,95,36,5
1.9061225371727484,98,99,46,3
4.6317128923761945,96,97,57,7
2.7256270633895459,90,91,44,3
1.1626672627605001,90,90,37,0
2.6532047218238533,96,96,57,7
4.8789090931669223,96,97,55,1
1.7723189143636777,96,97,50,6
3.2475265281932066,94,94,47,6
2.2824579777932050,90,91,52,3
4.3328986047746678,94,95,54,7
3.2039148140480549,96,97,52,2
3.9458411829810509,92,92,52,0
0.5057184801790707,92,93,50,4
0.4007510728334838,98,98,43,2
1.4566960253051342,94,95,47,6
2.1801405235040301,94,95,45,0
2.2403148347412403,96,97,59,1
2.0371001006463088,98,98,48,5
4.0537019239637342,96,97,45,3
1.4942536183117010,94,95,50,5
2.2572500645253135,96,96,54,0
1.9655277428650966,98,99,47,4
3.3826504971910336,94,95,49,6
6.0518236078994638,94,95,47,0
0.7051269121790380,98,98,45,4
0.8159615257565281,96,97,50,0
2.1043985905605211,92,93,47,5
0.2608259708795213,96,97,55,1
1.9433824745993691,98,99,55,6
2.7656694836373554,96,97,46,0
2.0883550876981429,92,92,45,7
5.8056019016640414,96,97,45,3
4.9720779995267348,96,97,57,3
1.7552415119761078,98,98,56,5
3.2152959220773125,94,95,53,2
3.8312185049352401,96,97,52,6
5.7724909338205617,96,97,54,2
2.7503908533488266,96,97,56,0
0.0208435224709194,98,99,63,4
4.0483115564714307,94,95,44,3
2.2524903698070573,98,99,63,4
5.5564408685590863,94,94,48,5
2.3871800352705863,94,94,55,4
3.0792897131211081,94,95,49,4
1.4008109347926543,92,92,53,5
0.7595079723205199,94,95,46,3
4.8505724237897363,96,97,60,4
1.5002431538291896,96,97,52,0
4.0909603633174516,92,93,55,1
3.9414869635635470,98,99,46,5
3.8543182735934023,96,96,47,7
0.0876157715851360,96,97,52,0
2.0739731034252622,92,93,49,5
4.4535618415281037,96,97,54,6
3.4691928221798269,96,97,50,6
0.5276221359312052,94,94,53,4
5.3661005083001676,92,93,47,3
2.1690490998193699,98,99,49,0
6.0324159025312021,98,98,50,7
2.4998915814977072,96,96,64,6
0.8734867890209157,98,98,53,4
2.5127440044988028,96,97,54,0
5.9228708049090679,96,97,57,5
4.4061117596644053,96,96,55,3
4.9302517778531723,96,96,48,6
2.5388654850008794,94,95,50,5
6.2574054922909230,94,95,40,5
5.2529095630313787,96,97,54,4
3.5762127560218073,92,93,44,0
4.2566394732966506,96,97,59,5
2.4254365289149686,96,97,51,3
2.1950175089486708,96,97,53,7
1.7107635631917639,92,93,47,3
2.2539542433850190,96,97,48,0
4.9341027048246913,90,91,53,2
2.7889993336668883,100,101,47,3
2.9401107338500099,98,99,53,0
2.7719997118318078,96,97,50,4
4.9217927608724548,96,97,45,1
5.3537363465662526,92,93,53,3
1.4436550693068930,96,97,60,2
3.7873928531786025,96,97,54,2
4.4461686530447473,96,96,41,5
0.5028568007530293,96,96,53,1
0.7735855301504331,94,95,49,0
6.2297333115433267,96,96,44,4
3.5219960240240331,98,99,39,0
4.7922808110265764,92,93,61,7
3.8574384577488434,96,97,51,5
3.9132677175401898,90,90,52,3
4.2703876472001170,98,99,45,0
2.2302847103013810,94,94,44,3
0.5028495434525758,94,95,57,2
3.2660793312803000,96,97,45,3
1.0516924747205629,94,94,54,5
1.4385234482806759,98,99,58,7
1.6379805954443236,96,97,54,2
1.3373950682570563,96,96,45,1
4.8763896590657581,96,97,52,6
2.0033103201945037,92,93,37,1
0.3514004213941288,94,94,50,3
1.5918811074831298,98,99,58,1
3.6682953283451152,94,95,45,6
0.8940669105294503,96,97,52,0
5.0715654855401420,96,97,56,6
5.3150023670743352,94,95,45,0
3.8009390666523220,96,97,64,0
5.1245666017837808,96,97,42,4
3.0289632960472344,96,96,57,1
1.0038960831422659,96,96,41,1
1.7387275029712368,94,95,58,1
2.1421969822763818,94,95,55,0
3.6463638821049806,98,99,54,1
0.6971227335980206,98,98,56,7
2.4414313254525326,96,97,49,5
6.1341319590651384,96,97,35,3
2.0572237270907552,96,97,52,0
0.0113021434367381,96,97,58,2
3.0437791272829378,96,96,56,6
3.8464459867005858,94,95,51,6
2.7955652521731915,94,94,44,3
0.5604215791575992,96,97,45,1
1.2132795979457298,96,96,39,3
0.4834911939491693,96,97,49,1
4.0385344400238283,94,95,45,0
3.9064087911444343,96,96,37,3
0.7074892611473114,94,94,43,0
5.0793554451096181,92,92,50,6
3.0888923986846777,94,95,50,5
0.4879900371875916,94,95,44,3
2.1716335264975077,94,95,52,3
2.6821088780679725,96,97,47,1
0.2494263702342703,94,95,49,4
6.1714162140195663,98,99,57,6
4.7262847469043292,96,97,55,1
4.4455795570440886,92,92,55,5
0.6121195836563954,94,95,43,6
0.3808909301733565,98,99,49,2
3.5639094323877458,94,94,55,0
4.0725865716570144,96,97,61,1
1.9632472937921819,96,96,51,1
5.7361137677499370,92,92,56,2
5.1805614035981726,96,97,53,7
1.9229982537102468,96,96,51,3
1.1233375214117907,94,95,48,1
2.1018031913451929,94,95,44,3
0.5675085935762642,94,94,47,4
1.1708491164877548,98,98,37,6
4.3927664121088732,92,92,54,2
2.2703010060102917,98,99,48,1
5.7064057362674525,96,96,50,4
3.7537013898215652,96,97,40,2
0.7466701348829066,98,98,57,0
0.7736155536887934,96,97,42,2
4.6005739774987724,94,94,55,6
1.9078600890450661,96,96,57,1
4.2934051447079442,94,94,48,7
2.8600027339882872,98,98,47,0
0.7025616332326884,96,97,45,7
0.4561449358681148,94,94,58,3
0.8508481715998967,96,97,52,2
2.9302517181319114,96,96,48,4
1.0040126413497539,96,97,47,1
1.4478048236153200,98,99,48,1
2.0242269782611073,96,96,45,3
0.3188108522351154,96,96,44,6
4.3159531034667795,94,95,46,5
0.3356410428887298,96,97,51,1
1.1858504532780538,92,93,45,7
4.8766686848210652,96,96,53,7
1.3180039173279952,94,94,48,5
4.3228206439306787,92,93,44,2
2.9188038226964932,98,99,46,3
2.2858810676856041,98,98,48,3
0.0853225494112069,96,97,51,3
3.4496785508620129,98,98,59,6
4.0839795614278831,96,97,57,1
3.7328335427219801,96,97,49,1
4.8967573872877086,96,96,45,3
1.9324216482427605,96,97,53,7
4.7286626466617836,94,95,54,5
5.1281015454187333,96,97,45,1
0.2763036530567438,96,96,45,5
0.2842428413924897,96,97,49,3
5.5153265916056187,98,99,54,7
5.8067256725033189,96,96,50,0
5.4695300507051980,96,97,41,5
2.3525563675445476,96,97,55,3
1.5935982226131813,96,97,47,5
0.5837723463004868,94,94,47,0
1.3088952726329686,96,97,56,4
3.9913627655231578,96,96,50,4
1.7531775520741688,96,97,55,7
1.9266469199861840,92,93,43,7
3.9599513466780496,96,96,53,7
1.5985157051604371,94,95,47,6
1.6575066377811469,96,97,45,1
0.2127698407809674,98,99,40,1
4.8094614970254028,98,98,45,6
1.1265875739052571,102,103,54,1
3.6164368397325224,98,99,49,4
5.7772159991422471,98,99,43,4
4.4285912919389467,98,98,46,1
0.3749213630543591,96,97,55,5
4.0715439793198156,94,94,40,3
4.8524278674467984,94,95,44,1
3.9804049083864825,96,97,50,4
6.2325589581095215,94,94,40,7
1.5298308743269891,96,97,56,6
3.7065448853036003,96,97,41,3
2.1920761481425814,96,97,58,0
3.1251254696508819,98,99,59,2
4.8102970792326936,96,97,47,3
5.5806078640948851,94,95,39,6
4.7954388079066215,96,97,56,4
3.9267230326907483,96,97,55,1
5.9004340379324862,98,99,58,1
5.1004557515961730,96,97,56,0
6.0983717689182724,96,97,61,3
0.3796160338260908,96,97,53,1
3.4792301958115974,92,93,44,0
4.4699575032840055,96,96,56,2
3.7390591242696058,96,97,56,2
2.7972742511649744,96,97,58,6
4.3121774587676409,94,95,47,2
4.7335120142979328,94,95,51,4
0.3779008899327998,98,99,46,7
3.3743975702174205,98,98,49,4
0.8790802947910692,96,96,49,5
5.8624419145388833,94,95,48,3
2.3841129023455263,96,97,59,7
2.6221900181347833,96,97,59,3
1.0627638381027775,94,94,50,5
1.8151235563926895,92,93,49,5
2.2163014514223294,90,90,46,1
3.3218461030554072,96,97,60,4
4.5561181313854995,94,95,51,2
4.5123160648962850,98,99,58,3
0.1251777395688482,96,97,47,5
3.2061029249480044,94,95,53,4
0.5963462200413162,96,96,41,7
1.4052677650896683,90,91,49,4
5.2209509850959037,96,97,51,1
0.1063618494299962,96,97,54,2
4.3028426781141880,92,93,48,4
4.4494299618448014,96,97,52,6
1.0699971756892692,96,97,50,2
5.7332308254933197,94,95,49,4
2.3338453569951585,92,93,48,2
0.6180713912600064,96,97,50,4
6.1028458008553841,94,95,46,7
5.3826267981592828,94,95,48,5
2.8976678697014155,94,95,54,1
4.4863157768025435,96,96,55,5
5.6252868264561666,96,97,55,5
3.6815654957591954,96,97,45,5
0.1763267788475847,94,94,45,0
0.6966012968185775,96,96,53,1
2.0808493955863718,94,94,48,1
4.4535962507633258,96,97,48,2
5.9619470891721180,96,97,63,1
2.1341273605803268,96,97,53,7
2.4505065685786884,92,93,53,1
2.7664809337985083,92,93,45,7
5.6136460578006213,96,96,47,5
0.8148517015670330,96,97,53,1
0.5866995669415997,92,92,48,2
2.7266492615492295,98,99,44,7
5.3934776788978711,90,91,48,3
2.1664400219966975,96,96,50,2
0.1024538929784191,96,97,53,7
0.0027619658084417,100,101,46,4
3.1023781279924330,92,93,52,6
6.1130343337918198,90,91,39,2
2.6443690778994537,96,97,51,5
2.4736414224966827,96,97,51,5
1.6845758924491567,98,99,47,4
0.1940444270159507,96,96,57,1
6.2276221484827161,94,95,47,2
4.9989114732515496,98,99,42,1
0.8858774096209840,98,99,50,3
1.2608736943689260,94,94,46,1
2.9115468624184042,96,96,48,6
0.3008761947475148,96,97,52,2
4.1198093588358136,94,95,43,4
3.1920372375023143,94,94,43,2
5.9614858426815776,96,96,49,3
4.0718906478197159,94,95,48,1
3.7511985284730045,98,98,57,0
3.6884307379792576,98,98,55,0
4.6456033163833119,98,99,53,6
5.5388350577954393,96,96,50,2
3.8973391259701304,90,91,53,2
1.5568037960675678,96,96,59,3
3.1211522006579639,98,99,46,7
5.8330000220946641,92,92,54,0
1.3416274310110947,98,99,52,3
3.3626681053300209,96,96,51,3
0.9927481757167242,98,99,50,7
1.4056272470419338,98,98,56,7
0.7287283129567423,98,98,55,2
0.0332172389817802,96,97,50,0
3.7487104267036631,96,96,43,7
0.0960390292153274,94,95,51,0
2.3488502291639426,98,99,57,2
3.3215957233160047,98,99,46,5
0.3820866121239034,98,99,56,5
1.3556100370910658,98,99,44,1
5.5848170202699343,94,95,42,3
3.2165659452927007,94,95,53,2
3.4829473159531408,94,95,53,2
3.9106403486250247,96,97,53,3
4.6013009297880885,92,92,47,7
1.1322371182687234,94,94,48,7
5.2576142621786417,94,95,56,1
2.3068195100541939,98,98,48,5
1.7332768125941183,96,97,47,7
5.9650561237416264,96,96,52,4
3.3195728643070761,96,96,52,0
1.7277129588594775,96,97,53,1
5.8803621463683067,98,99,59,0
1.2263081916106124,98,98,40,3
4.1059245935601005,98,99,45,2
5.3904468478419272,96,97,53,7
3.9228648306894698,94,95,60,1
1.2319636455309082,92,92,55,5
1.1410466192659683,96,97,42,2
3.1956758841115684,96,97,50,0
5.4427916571943618,94,95,51,0
3.7094889863608405,90,90,38,1
6.0930607547528295,96,97,42,2
0.2954549616372087,96,97,53,7
0.5391663102904339,96,97,50,4
1.2031586557995537,96,97,59,7
4.5621667412688653,94,94,52,1
2.8193173817252712,96,97,48,4
5.2883382951257856,96,96,49,3
6.1337627812242612,96,96,49,5
3.2805341191219934,94,95,45,4
0.4255705970896168,94,95,49,4
5.7497594653606896,96,97,45,7
4.8932092627004460,98,99,49,0
4.8074599190100384,98,99,56,3
0.8031929946138477,96,97,53,7
1.5401438555166005,98,99,52,7
5.9965010001245025,98,98,51,6
3.8619265279380284,96,97,54,2
3.7657046417722140,96,96,48,6
2.1451946515613387,96,97,51,5
1.3325135242159403,88,88,44,6
4.0615318964505889,98,98,54,5
2.7779012755727099,94,94,51,0
2.0822967690877219,98,99,48,7
6.0839649374971678,94,95,56,3
4.6508236273343506,98,99,55,6
6.2316322091578442,92,92,46,2
3.5485646841497727,96,97,44,4
1.1562225717717161,96,96,51,7
2.8923038826256096,96,97,53,1
0.9869196610410884,96,97,55,5
6.0285542000020769,94,95,50,3
3.6590323572809096,96,97,50,4
0.7960026521427254,96,97,48,6
4.0289277425658119,94,95,50,7
4.6635818335527404,96,96,56,6
5.0583461318718586,94,95,52,3
4.8645035825305545,94,94,49,6
5.8200506491927566,96,97,58,0
4.9745001287427959,96,97,49,3
2.7011802249935490,96,97,52,0
3.6782989487479680,94,94,41,4
3.2545655321009606,96,97,45,1
4.8540354647225747,94,95,50,5
0.8316610966610535,96,96,56,0
4.2590966078336336,94,95,48,3
1.5022223178531651,96,96,51,1
4.7859702674979685,96,96,47,1
0.7640205221072236,94,95,41,0
3.5010781886940952,96,96,57,3
2.9104192827568469,96,96,52,4
2.1346223462495435,98,99,46,1
2.8381683497135994,94,94,44,7
0.3428034670701932,96,97,49,1
5.7334276694569519,96,97,48,4
5.6376061845579919,96,97,44,0
5.3887013878499443,96,96,48,4
1.5999458572991390,96,96,57,5
2.7961748841408616,90,91,45,0
3.5787453094637387,96,97,55,7
5.4938260272465609,96,97,53,1
0.2362053515104475,98,99,56,5
2.2846561690123228,98,98,50,7
1.1022846409716598,92,92,43,1
0.4149354275318811,94,94,51,2
6.2414725994916891,96,97,50,6
6.2698954698688629,98,98,52,7
6.0125135221451727,96,97,46,0
0.9674132371048774,92,93,44,4
2.9590208717295914,96,96,46,6
0.1883763500211542,98,98,44,7
4.4151208217047513,96,96,43,7
4.6181396273668422,96,97,48,0
0.1975090881942533,92,93,53,7
5.4461553784565400,96,97,50,0
0.4592818724088118,94,95,46,7
5.9154259057518814,98,99,41,0
2.5954201456638910,98,99,54,5
2.1535629812199062,96,97,50,0
2.9241301434061038,96,96,57,7
3.4786333721206240,96,96,52,6
2.3596153182542063,96,97,47,3
4.8995362572302188,98,99,51,0
1.9513152494328532,96,97,47,3
4.1591035798105587,98,99,52,5
5.6561310856046170,96,97,39,5
5.0323209625718066,92,92,50,0
3.6929063715436570,96,97,55,3
2.3578242861418333,96,96,57,5
6.0642122548030759,96,97,57,5
4.8908313705374384,94,95,49,6
3.0232012164660325,98,99,53,4
1.0469171496995691,96,96,46,6
3.2617341039206096,96,97,43,1
0.9355982008089642,92,92,43,7
5.6947719966301200,98,99,52,5
5.5171637419644410,90,90,51,0
1.4208419365887814,92,93,48,4
4.7625044783825761,92,93,41,7
1.9747988106419885,96,97,47,5
0.1088611678158717,96,97,51,7
4.0654458367572186,96,97,53,5
5.0626762576540241,96,96,46,2
0.9203505470162937,98,99,47,0
4.5051606995934028,94,94,48,7
4.7733990910559525,96,97,52,4
4.1128568198769582,94,94,52,5
5.1666158282052779,94,95,40,7
5.2374739672567889,96,97,46,6
2.1820858488642383,94,95,53,4
4.3553172284255322,98,99,51,4
5.3658773379741609,98,99,52,3
5.1131248177142181,94,95,46,7
4.1190029763384235,98,99,57,6
1.7347778251966610,98,99,59,4
4.4192453105154836,92,93,51,7
1.1908001627239833,98,98,43,6
2.5174875249683484,92,93,43,3
3.3965127525065975,96,96,53,1
4.9119174732358726,94,94,54,7
4.7487828472826212,96,96,56,6
2.6533788126194695,98,98,48,5
2.3653590624205876,96,97,49,3
6.1238982634165993,94,94,54,1
2.8880336200458898,94,94,48,3
2.0518814091395750,94,95,48,1
2.7547254022422476,96,96,40,0
3.3038208438101972,96,96,49,5
3.6522876248875527,94,94,46,5
0.5628876277880617,94,95,51,4
6.2790731668878408,96,96,57,1
1.4104501879294786,94,94,46,3
4.4706681851028574,94,95,56,5
5.8153015675981727,96,97,48,2
3.5391629629512305,96,96,50,4
4.4825127513571736,98,99,58,7
2.9498129935089219,96,97,47,7
4.3838210669405155,96,97,53,5
2.6381333849874635,96,96,48,2
5.9506804418374282,96,96,54,6
0.4463017094247694,94,95,51,6
1.3263672570860845,92,93,42,0
0.2414801634725313,98,98,48,5
3.6630079434058267,96,96,57,5
0.9589770710241485,90,91,38,5
1.8266408007555670,94,95,57,4
2.8050430205592423,98,99,52,1
0.2544911715374030,96,96,49,1
2.8093920259960168,94,95,45,0
4.6464962170061765,94,95,51,0
5.9914536869912585,96,97,49,1
3.5437260410444686,96,97,52,4
1.9122236505777579,94,95,50,3
5.0062178155772052,96,97,49,5
3.1112679588221059,102,103,53,6
0.3063115668497953,98,98,49,2
0.5555729450000008,98,99,55,2
2.0095675544358071,94,94,56,1
4.5490792766214199,96,97,40,2
3.1654640372737912,94,94,53,4
1.5188863524359884,96,97,49,7
0.1635183273201007,98,98,40,5
2.9090244013279953,92,93,41,3
4.0408160855782524,94,95,48,5
2.8254853218135842,94,95,46,5
5.1584161407411511,96,97,48,4
0.7507342545826420,96,97,46,6
4.4896496120232801,96,97,47,5
3.2380891068831024,96,97,50,0
5.5091341651480850,96,97,55,7
0.4040413412052982,98,99,50,1
5.0430292681298523,94,94,43,4
2.7036452957076569,90,90,43,4
1.0436373265479133,94,95,49,0
5.8955697645452432,92,93,41,7
1.5544508608866214,94,95,58,1
4.8407806920287522,94,94,59,6
5.8617365993084611,94,95,45,2
2.8093292363576801,96,97,53,7
0.3392057183149796,94,95,46,5
0.7102431474588273,94,95,57,4
3.1784051439881060,96,96,50,0
3.1805733370624432,96,97,45,3
3.9881741763756824,96,96,45,3
1.7190213445858959,94,95,51,4
3.5686339700674092,92,93,49,7
1.5048426694277217,96,96,56,6
2.3873277723517119,96,97,52,0
4.8860723500412755,96,96,56,2
4.6443420428634656,96,97,53,7
4.4038635377469557,96,97,54,0
1.9512087838759389,90,91,41,0
2.2896203408637699,96,97,40,4
1.0624653728376448,94,94,48,7
4.2298514189216441,94,95,49,4
3.0725358824063957,94,95,42,5
1.0400666892271748,96,96,63,7
3.4634191721562360,94,95,45,4
4.9381541721772590,94,95,54,5
3.7671833907335359,96,97,47,1
1.6539759141025576,94,95,43,4
4.2109211962732367,96,96,51,5
4.8882400087045683,98,99,40,1
0.4156108679133547,92,92,48,2
3.6204602131745540,96,96,53,5
2.5353083481269691,96,96,60,2
3.6369717017617127,98,99,56,3
0.6445895268824081,98,99,57,0
5.8823623114855108,92,93,47,5
0.7922330080159371,96,97,50,4
3.2067121519661552,94,95,53,6
4.4725061149148928,94,95,47,0
3.4136728397221954,96,96,46,0
1.5015760605516455,96,97,52,4
2.2312247911173668,96,97,44,4
0.6459945826033082,94,95,44,7
1.2995841316308170,94,94,49,4
5.1754023198083763,94,95,57,6
5.0199171134194849,98,99,51,4
2.0565694311511038,96,96,50,6
0.0480056764124011,96,96,48,6
4.5409560928344161,98,99,47,0
4.8323750159489567,98,99,55,6
4.7887403809058089,96,97,49,7
1.0439984057610692,92,93,39,7
6.1319758526834702,92,93,46,6
5.1604944690986585,94,95,57,2
2.2857958514082211,96,96,55,1
4.7477370779966508,96,97,52,6
5.9786374635307524,96,97,53,3
5.9878766707952549,96,97,60,4
2.7651002095675437,96,96,41,3
3.2892546297412792,96,97,38,4
0.3565023484255610,96,97,51,1
0.6465918133189871,94,95,50,5
1.1216114818813505,96,96,45,7
5.4129159716480659,96,97,51,1
1.4208875399121446,98,98,52,7
2.6931691203409667,96,97,47,7
5.0011588013401260,96,97,52,2
1.8752920410458940,94,95,48,7
1.9682298954243616,96,96,44,0
1.0855796211097439,96,97,49,3
3.1832281527243103,96,97,52,4
1.0257180601706781,94,95,53,6
1.2906571348882505,98,99,49,6
2.7762277332546192,96,97,47,3
1.9643908714733604,96,96,46,4
1.4390810535213778,96,97,58,2
1.4764556806690288,96,97,46,2
3.7713018102667104,94,95,47,0
0.9355482432628651,94,94,50,7
1.7241231802785975,96,97,63,5
3.0586944488002192,92,93,47,3
1.0990918779700825,96,97,58,2
5.3041249712168810,96,96,51,3
2.1675315427308051,98,99,53,6
3.9917142656278273,98,99,46,1
0.8113324395823006,98,99,43,4
6.2143461837243965,96,96,43,1
3.5090440278160582,98,98,53,4
4.6270776841950179,94,95,41,6
4.5870398235831615,94,95,44,7
0.1940632490680967,98,99,53,4
4.0569836021365626,96,97,59,7
2.7435352240408730,96,97,50,2
0.9488375400501066,96,97,55,3
3.5988609474389146,98,98,47,0
2.2342361543593880,94,94,44,3
1.5210679396444273,92,93,44,4
0.0363102649020640,96,96,46,4
2.7633765800921091,94,94,51,0
1.2500720390821749,96,97,54,0
4.6416948478404327,96,97,53,1
4.3732674038694173,96,97,60,2
3.8557769605698122,92,93,64,2
1.7186373315998342,98,99,51,6
3.0776170287293816,92,93,46,2
5.4737585685906769,96,97,53,5
2.2738338062270187,94,94,47,2
0.5729404798075930,98,99,49,4
6.1931365405981520,96,96,48,2
3.6454145365437487,94,95,39,4
6.1654968665948431,98,99,58,3
2.1843223617831975,96,97,46,0
0.0233734015013825,98,99,35,6
3.1979641790086970,96,97,51,3
1.5662173791201683,94,95,57,0
1.9707601653072702,96,97,52,2
3.7698583119625377,96,97,57,7
4.1981346276124638,94,95,51,6
4.8148225196277830,96,97,43,7
0.7472017794632341,96,97,46,6
3.4253008968502776,96,97,49,7
3.6567200978789964,94,95,48,3
3.4104458924665195,96,97,53,3
4.5889355071838676,90,91,39,2
3.6177148811882534,94,94,59,4
5.6213363469338153,92,93,44,6
6.2481772628702030,96,97,54,2
5.1919346536243323,98,99,48,1
5.0376771224225161,92,93,43,1
3.1639628143892766,96,97,52,6
0.8496957095984525,96,97,50,2
5.4217635820046688,96,96,46,6
3.0961594176765659,98,99,49,6
0.8189173435888316,96,96,53,1
2.1241555807411427,96,96,50,2
1.8281868975372682,98,99,48,1
0.5925666515354562,96,97,50,6
0.4893708784723703,98,99,56,5
4.6258834054253128,94,94,51,4
4.0350392577586431,96,97,47,5
1.6549681898697983,94,94,49,0
1.3532532976939367,94,94,48,7
2.8745033394116368,96,97,47,7
0.5594052701065330,96,97,45,5
3.2458712964656424,96,97,57,3
4.4115945814307702,96,96,36,0
4.7399968348218131,90,91,41,4
5.6255491322611633,88,89,46,2
0.1709233337997742,98,98,54,5
2.9001415166071562,98,98,51,2
5.2666881768550633,94,94,49,6
4.1315735249621364,94,95,41,0
1.0139015673118490,94,94,47,6
5.4630949568078169,96,97,46,2
1.0158109281821632,96,97,55,7
5.6812381497326587,94,95,60,1
3.4646294499370933,94,95,47,2
1.7451904201378667,96,97,47,3
0.6001656189624098,96,97,46,4
1.8118441781959558,94,94,50,5
1.1580286425708781,98,99,48,7
5.8017762235011272,96,97,47,7
1.4270277129084097,96,97,51,1
3.5123954421855164,96,97,55,1
1.5750736724757737,92,92,49,7
5.3662731242937181,94,95,47,6
0.5904480349970492,96,96,57,3
0.5963194935262576,96,96,52,2
0.0968901001930568,98,99,58,1
5.0466404540923815,96,97,49,5
3.9406995242340268,96,97,49,1
3.0522131159280144,96,97,50,4
6.1559648679631209,96,96,52,6
1.2089592924368542,94,95,55,6
0.1159294606619996,96,97,48,4
0.9572816863771670,96,97,54,2
0.1282416073675299,96,97,46,6
3.2887768842434459,96,97,52,2
4.1294625960971736,96,97,49,1
3.2631493157894735,96,97,51,3
0.7749574627801692,94,94,56,1
3.5751163879162964,98,99,58,1
1.0976043341728847,96,96,50,6
4.2643741649954343,94,95,54,3
1.0365500494290505,94,94,47,4
5.2051463270917768,96,97,51,5
0.2973848983199153,98,99,43,0
2.5219170674784577,96,97,46,6
6.0978139370885520,94,94,39,6
0.1455897922196984,96,97,52,4
0.1789046927826667,96,97,49,1
2.8290856746496917,94,94,42,3
2.3792195088471417,96,96,46,0
0.8495238994403080,92,93,48,0
0.7784803704305576,90,91,49,2
4.5874958660895819,98,99,54,1
4.2556092186823493,94,94,49,6
4.8741373148840550,94,95,42,7
3.2051090677606271,98,99,56,3
5.5851963550987351,96,96,47,5
5.6829746680485886,96,97,51,1
0.9374837099168101,96,97,48,6
6.1968148838704042,98,99,44,1
2.0807365146988475,96,97,49,1
0.2528827402754803,92,93,49,5
6.1406238536865487,98,98,55,6
3.7700457740199167,98,98,46,3
2.7187992518557982,98,99,64,5
2.1294700579411243,98,99,45,4
0.1608221640278441,98,99,58,1
2.6582730929018714,96,96,53,1
3.8793395302727749,92,93,52,2
3.6004345374310707,96,96,43,5
5.9801894532208566,96,96,49,5
3.2756990314977843,94,95,42,1
1.4519873931865455,98,98,51,4
0.2292275487551157,94,94,47,0
5.3696824310131106,96,97,49,7
3.5300122504536446,98,98,42,1
5.8337821071022669,94,95,53,4
4.2826436805798096,98,99,45,4
3.1379083669928991,94,95,47,0
4.3216525136571198,94,95,50,1
6.2766982639826026,98,98,39,6
3.5975040434604604,94,95,48,5
4.0545268475067484,96,97,42,0
5.0324289031213691,96,97,51,1
2.9445102942525079,96,97,56,4
2.8901887731878619,98,99,47,2
0.5836378408444828,96,97,42,4
4.7339787739523373,94,95,50,7
1.3635245438238111,94,95,47,4
0.6559188779096412,96,97,50,0
2.6537763672931498,94,95,40,5
3.5273473593397657,94,94,50,1
0.5238510877981568,96,96,56,6
2.9646942495578141,96,97,42,0
0.4129645611943208,94,94,53,2
2.2004734933867245,98,99,56,1
1.2325745457423316,98,99,57,6
4.1122144197327763,94,94,50,1
1.5889494380608815,94,94,45,0
2.4237071437164062,94,95,56,7
1.6103693120765026,96,97,53,3
2.2400423299331749,98,99,47,0
2.9869409937113165,94,95,52,3
5.1004964555787700,100,100,50,2
5.0135848727060903,94,95,49,2
6.2299544961912021,98,98,51,0
0.9807710332655475,96,96,54,4
1.0576822568528481,98,99,56,3
4.4919906368360616,96,96,45,1
4.2964375041162999,92,93,49,7
3.2825869522243587,88,89,48,0
2.7680893247055520,96,97,51,7
1.3762022749334217,94,95,47,6
3.5305150338565627,96,97,46,2
5.8370306491412318,96,97,53,3
4.9149542897214271,96,96,51,1
4.3131743053394631,94,94,49,0
4.2193564436207556,92,93,55,3
2.4875879545977817,96,97,53,1
1.0388558508632977,96,97,51,5
6.1664907751279827,92,92,53,1
1.2442230758227848,92,93,49,3
2.9218545634308914,96,97,54,2
2.5071727198418809,96,97,52,4
3.6582662398526766,96,97,52,2
0.1924231763903849,94,94,50,3
2.8815874130862817,96,97,45,1
4.4110821781731699,96,97,48,4
1.8708020784725377,94,94,48,5
3.4511638922086805,96,96,41,1
2.8265232370236411,98,99,51,6
3.3566275948174495,96,97,44,4
5.4177035157791886,96,96,57,3
3.9054257140367263,86,87,46,3
4.0530923104799079,94,95,46,3
1.3053912669124241,98,99,56,1
1.2070240945985096,98,99,57,0
0.5936178955996692,90,91,49,6
3.5945361990538083,98,99,45,0
0.4812866161744753,94,94,47,4
6.1845203052635149,96,96,51,1
5.6842277044276353,96,96,56,6
3.5898154131105371,96,97,46,0
3.4146418906773293,92,92,51,3
5.8611033202565652,98,99,41,0
3.5465882330293024,96,97,61,5
2.0410411639356543,98,98,56,5
4.1749988855895213,94,95,54,3
6.0801595901897683,96,97,43,3
3.7256245559584662,92,92,42,0
3.9544714053262986,94,95,42,5
4.9421933417269672,94,94,45,4
2.0401029153154751,94,94,52,1
6.1731391282182466,98,99,55,4
3.9425174638080716,94,95,42,1
0.7543978112390194,92,93,47,7
3.2020224607844270,98,99,49,2
0.1965487930988443,90,91,46,1
5.8823503755972792,94,95,44,5
5.2345327121604139,96,97,50,6
5.1083508981953036,96,97,53,5
5.0178782910310167,96,97,48,0
1.2409501349183267,96,96,51,1
6.0020998172438400,96,97,44,2
3.0595298880914119,96,96,50,6
0.0653105096128562,94,95,55,2
3.3142598168554374,96,96,49,3
0.6938882198650873,96,97,47,1
4.2914751956945487,98,99,55,2
0.0039725514143895,96,96,38,4
0.9973429738866271,96,97,50,4
0.2371177719639559,96,96,46,2
6.0940591495894809,96,97,56,0
1.9906639361812866,96,97,53,3
5.4210382173572977,98,99,55,2
1.9104100011404228,94,95,45,0
3.3887262614856701,96,97,44,2
5.4035601142927900,96,97,50,4
4.6561585382518622,96,97,52,4
3.1040390085538889,96,97,54,2
2.5259135399729589,96,96,49,7
2.2107889709265827,98,99,56,5
2.9701829829380673,94,94,45,6
2.6847480325163393,96,97,51,5
4.7961433319134690,96,97,51,5
4.8385640477145815,96,97,51,1
3.3155942565304164,96,97,41,1
0.4991319734955094,90,90,44,1
5.4530190046898985,96,97,46,0
4.4897886719194746,96,97,47,1
5.6413883742837267,94,95,45,0
6.2251161396236396,94,95,44,5
2.8631330903229384,94,95,50,5
5.4531721743567827,96,97,45,3
1.8814901547009248,94,94,47,2
5.9556616923137629,94,95,41,6
2.5978937238342210,100,100,59,5
3.4756573960240287,94,95,48,3
2.1530015928952655,98,99,51,4
3.5976194341226226,94,95,51,2
0.5108636074398766,92,93,41,7
6.2305539342684408,94,94,44,1
4.3889269312980401,94,94,55,0
1.4686129495790692,96,96,51,7
2.6629024811133912,98,99,57,6
4.2501806510993729,94,95,47,4
3.8567499782300128,94,95,49,0
3.3399697733438818,94,94,39,2
0.0783352306572391,96,96,41,5
6.0695715337759442,96,96,54,6
3.4790571164471653,96,96,48,4
4.3371481505468781,96,96,50,6
4.7729334844832900,96,97,44,0
4.4018737239425292,96,97,46,4
2.3475390033550285,94,95,44,1
4.8935513273457492,98,99,55,0
5.3314382484527147,94,95,48,1
4.0497878326315657,94,95,57,4
0.3638980104460156,94,95,50,3
5.9176299036964419,96,96,46,2
1.6204684748654163,96,97,54,2
1.4890706440351036,94,95,44,3
2.6891449620092280,96,97,53,3
4.2448321636907798,96,97,47,7
6.2353966128126039,96,96,56,2
2.3747693446579468,94,95,55,0
1.6598967562685618,96,97,48,4
1.0197808563136972,98,99,51,0
1.6645728416392556,94,95,58,3
3.1810693876354890,92,92,48,6
5.5071798572716331,94,95,58,7
0.6030389481274457,92,93,44,2
5.0084254698617352,94,94,44,3
2.2113832574778689,98,99,52,5
3.9773237669741039,96,97,40,0
1.7525805026400345,96,97,60,4
6.0895007631416203,94,95,49,0
4.9122139919968806,96,96,55,3
5.5986361429255247,96,97,59,5
4.1874817200439134,94,94,48,5
0.7878760337923766,98,99,56,5
6.1990387879005659,96,97,52,2
1.8589440723448407,96,97,55,7
3.8108532260376857,96,97,48,6
1.5803383448583326,96,96,47,5
2.4716345296206517,96,96,52,6
3.6554914536760958,98,98,55,4
5.1751589071973303,94,95,49,4
1.9791395916526111,96,97,54,2
4.4898889551096302,96,96,51,7
2.1180498950092126,96,96,47,7
4.0634522245804829,96,96,52,4
1.0028736919931633,96,97,49,1
6.2218336068816198,94,95,45,0
5.7819685081984966,96,96,55,5
1.1902441844407188,96,97,49,5
0.0889340515880006,92,93,48,4
0.3297920521519423,96,97,54,4
2.6739601936161264,96,97,50,6
3.3602899547210772,96,97,43,1
4.1986257949952970,96,97,52,0
2.2469914788956440,94,95,51,4
2.2856875493882152,94,95,54,7
1.3989175036310040,96,97,50,0
2.3505053358560355,94,95,47,2
4.6649059451274910,96,96,49,1
4.8320823469246541,96,96,52,2
6.0489495490408176,94,95,53,4
2.3086170522603213,96,96,55,5
4.2470414516734172,96,97,47,5
4.5995363876915212,92,93,44,2
2.3663293319259062,96,97,48,4
1.4560654275389100,92,93,48,4
1.6217566356303468,96,97,49,5
4.4934691536443943,98,99,60,1
0.5369586406909179,96,97,56,4
0.1243824872869728,96,96,49,5
6.0073655468650076,94,95,52,3
4.5461027906878728,96,96,48,6
5.8331160395400685,94,95,47,0
3.3850071220258706,96,97,48,2
1.9535405347948536,94,95,43,0
5.9691948490108464,98,99,53,2
3.1237718074254301,98,98,46,5
3.0418347329297704,94,94,46,5
5.6647400523879909,96,97,51,5
4.5227026725179300,98,98,55,4
5.1416666670804938,96,97,45,7
6.0702440001055722,98,99,49,2
0.3054071296601528,98,99,51,0
1.2644490540162434,94,94,47,2
3.2852713550993360,94,95,53,0
4.7743191407283891,92,93,49,3
1.1370571319993050,96,97,46,2
2.1532942606656666,96,97,46,6
1.3885522257953189,96,97,38,2
4.9401956061651102,94,95,49,0
5.2907805103099284,96,97,55,3
1.6361562975496500,96,97,48,4
3.5640277859268275,96,96,46,0
0.2326509122622566,94,95,43,6
1.4270837523328734,98,99,57,0
5.1241238072048709,96,97,55,3
4.1822140259414651,96,97,56,0
1.7118872151729381,98,99,53,4
2.7691815252307803,96,96,50,4
0.4953764647654238,96,96,49,7
3.9147817089103487,90,90,50,7
3.7203084433331934,94,95,58,1
0.6081646066474705,98,99,57,0
0.9180463499123074,96,97,52,4
1.5296392672845451,96,96,47,3
5.9043460826058638,96,96,48,0
2.1244631328574832,98,99,52,7
3.3572155634271774,98,98,54,1
0.3750471808172157,96,96,50,2
0.8186099397833301,94,95,50,3
0.8889938677913288,96,97,49,5
0.5575084958681238,94,95,47,0
5.5300852610354339,96,97,55,3
0.1128983098088214,96,96,53,3
1.3366001296212682,94,94,53,6
5.5857549073849286,94,94,50,7
5.1423648665165098,96,97,58,6
2.2904444476634804,94,94,55,2
5.6233934921083861,92,92,47,1
5.1456034941433755,96,96,51,3
3.4576597792390475,94,95,48,5
3.4025544132972207,96,97,64,2
5.0142981658266859,96,96,48,2
1.5300391900708536,90,91,55,6
3.1266287536374149,98,98,54,7
0.8156164816639674,96,96,52,4
4.3705343565478749,96,97,50,0
4.0754960000690774,98,98,51,6
5.8622358164195800,90,90,49,4
4.6430948747323795,96,97,58,0
4.7583629949275084,98,98,57,0
5.9634311631822188,96,96,45,3
1.5728218674812371,96,96,50,4
1.1889811084048831,96,97,53,3
3.5587090772157288,96,97,51,1
6.0169324784031213,96,97,49,5
6.2632743120096759,96,96,52,2
4.4571208559715183,96,97,47,5
3.4417862921163045,96,96,45,1
0.5231337663870732,94,95,38,7
4.9337576988537180,96,97,53,3
3.7756356255263732,98,99,57,0
5.6050440550142007,88,89,51,7
1.6998006880993284,96,97,53,5
2.9595770425738119,96,97,47,3
2.0003793465570614,98,99,53,4
0.2703519050934218,82,83,43,4
3.8465699389074590,96,97,54,0
0.0430555253340008,96,96,53,7
5.2442650022063555,96,97,54,4
2.2491187858316346,96,96,54,0
6.0443965221447495,98,99,46,7
2.8767921660035833,92,93,43,7
3.7458085385951212,94,94,48,3
0.4620290821398727,98,98,49,4
0.1371378959042353,96,96,51,3
0.2536367115378321,96,97,53,1
0.2734541326473506,94,95,44,7
2.2908942649094732,98,99,47,2
3.0903590972069619,98,99,52,3
5.2018310962381022,96,97,46,6
1.3692581700116604,96,97,50,2
3.7141948576838364,96,97,51,7
5.4141479270168302,98,99,47,2
0.8253503817950981,92,93,53,7
1.1590944846183746,96,97,54,6
2.6150021626486173,96,97,43,3
4.2769255857563468,94,94,56,5
2.3352598835222445,94,95,57,4
2.8583120082691127,98,99,47,2
3.3607538025140418,98,99,56,3
5.4354182685305128,96,96,42,4
2.9561732919964192,94,95,40,3
0.9366927126258858,92,93,46,6
0.1245184080633013,94,95,40,3
5.3028259475106232,96,96,48,2
1.1795223153399779,90,90,39,4
5.7422592178404814,96,97,55,3
4.5030710883634306,96,97,46,6
3.5336654305781767,96,97,49,5
6.2381022760777078,98,99,47,4
0.4512310641857987,94,95,57,0
0.7998391757892991,96,96,45,3
0.1758447115309716,92,92,44,4
3.1801880779174057,96,97,46,2
2.9213037568414020,94,95,51,0
2.7323581751648049,94,94,54,1
0.2183560606561966,96,97,57,7
5.2648545321116922,98,98,48,1
5.4032859128671538,98,98,45,4
3.3618082698132241,96,96,50,2
3.7055690259889751,96,96,55,3
6.1346902123068645,96,97,54,6
2.2042784832989666,92,92,48,0
1.8177416641973960,98,98,47,2
5.8293563461635047,96,96,51,3
4.0611118413053777,94,95,45,2
3.9071913754061032,94,95,55,2
1.3464048504233350,94,94,43,4
5.0756516611004061,98,99,49,6
5.3328521812273708,96,97,54,2
6.2364215977657169,94,95,50,3
1.4941356477924193,96,96,49,7
5.2486743430589167,96,97,53,1
5.2338164998661965,96,97,54,6
2.2822516258278007,92,93,49,5
4.7266947095692160,96,96,52,0
1.2055376286187727,96,97,53,7
1.9163054169357951,96,97,48,2
5.2365276428120202,98,98,55,0
5.1297358400551438,94,94,43,0
5.5193606105048065,96,97,51,3
5.9274809000840536,94,94,45,6
1.9779872604285660,96,96,45,7
1.4075102248865905,96,96,55,1
0.7565547012545764,94,95,48,1
4.5955733411529458,96,97,54,6
2.6844127803805300,96,97,55,1
2.5904953594147022,96,97,59,5
3.8184679352748332,96,96,47,7
4.3099742750403012,94,94,49,4
5.8267410738158976,96,97,46,2
4.2971232491344722,98,98,57,2
0.3185890981458600,96,96,50,2
3.2361786886650656,94,95,54,5
2.4002731410274589,92,92,55,1
1.4480059420218809,94,95,50,3
0.2916783993536111,96,97,50,4
6.0119805436829212,94,95,45,2
0.4956535600945299,98,99,52,7
1.3581269127673772,94,95,54,1
2.2472574287200708,94,94,48,1
4.3460454251830338,88,89,50,6
1.7800536531354871,96,97,48,0
3.3859387888333896,96,97,48,6
3.5977640404634910,96,97,61,1
1.7336995617573161,98,99,54,5
0.6178261862939773,94,94,41,2
5.0529343299024507,96,97,55,1
0.0866537829926662,94,95,42,1
2.5810362207790871,98,98,46,5
2.1226503339233052,98,99,58,5
0.3444749283369868,90,91,47,2
0.7594145299104365,96,97,49,7
1.1538440615210355,94,94,44,7
3.8682196048951005,94,94,46,3
5.3298222068943568,96,97,58,6
3.8774510607574064,96,96,51,1
4.3560515395882335,96,97,42,0
3.5014440455430975,94,95,54,1
3.5649905568588096,94,95,49,2
4.7369581398445941,98,99,51,6
5.5907834486257517,96,97,47,5
2.6388943513347489,90,90,51,0
0.7742717668828493,96,97,46,0
6.0584794137156432,98,98,49,2
1.2423031441705850,98,98,48,7
3.0194366266888286,102,103,48,7
1.7298094191314421,96,96,55,5
1.4241284746111851,94,94,48,3
1.4782965006898059,96,97,50,6
4.9505441286700602,94,95,48,3
3.0441992769927810,98,99,49,2
5.6635575110809011,98,98,53,2
3.6748573203078156,94,95,50,1
2.5966838180946352,96,96,53,5
4.6554293741420789,96,97,55,1
4.4375390732857110,92,93,52,2
2.0663352513529141,96,97,56,0
6.1374256960686067,98,99,47,4
2.0706582852085158,94,94,41,4
0.6293894274625694,96,96,56,0
4.2039300292564867,94,94,56,7
0.5160459830500236,96,96,49,5
2.2747688567121775,94,94,47,2
0.9912675139446878,96,97,62,6
1.5810000479114363,92,93,52,4
5.3122366516981989,98,99,46,1
4.1921609267329929,94,94,48,5
3.0543098579105199,98,99,57,6
2.7359586904542073,98,98,54,3
5.8063364467561431,96,96,51,7
4.9734898897864621,94,95,49,0
2.4551818283206144,96,97,50,0
4.9632148842568524,96,97,56,4
1.7184096158913229,94,94,46,5
3.7049130644052144,92,93,47,7
1.0980939467037805,94,95,48,1
0.5110693133807515,96,96,56,2
5.5215355485449553,94,95,50,7
2.3573067775783998,98,99,45,0
3.8351964220492505,96,96,59,7
0.4090124093562460,94,94,55,4
6.1809324762618330,96,97,49,1
4.6492398952720810,98,99,45,6
5.0347104143139987,94,95,45,4
1.5426837014537746,94,95,42,1
3.3728767861120659,94,95,49,4
4.1510611507559458,98,99,53,6
0.0837963403034813,96,97,41,3
5.9595921392826252,96,97,51,1
3.8887979168655917,96,97,48,2
5.5874507574765593,96,96,46,4
3.4331483542204055,92,93,52,0
3.3417118949278013,98,99,53,6
4.1828242239634594,96,96,60,2
4.3399223824721531,102,103,49,2
4.5342721834079054,96,97,58,4
0.3231413295105535,94,95,64,5
6.1941557934310500,96,97,50,0
3.0927501706100444,94,94,44,3
5.7303122905399162,96,97,57,1
4.7621803216016589,96,97,40,6
2.7643015749227180,92,92,48,0
1.9250432323153206,94,95,50,7
3.2731395340837093,96,97,53,3
4.7135444187531448,96,96,49,5
3.8053995318375411,94,95,53,4
3.6013995057091086,98,99,47,0
1.7007964880089803,96,97,49,3
5.7947467650724986,96,97,48,2
1.7643569328763529,96,96,48,6
3.5293380392019480,98,99,62,7
0.8946832621394016,92,93,44,2
0.7245618517789041,98,98,51,4
5.2939835088939846,98,99,59,6
3.3079430005547379,96,96,48,0
6.2791142700119007,96,96,48,0
1.4596164713086288,94,95,49,0
5.7248217975038234,98,99,52,7
3.9588110121651718,96,97,58,2
6.2510348568312102,96,97,49,5
4.3548395997918155,96,96,65,1
0.3506405944240722,94,94,42,7
3.9577187821287461,94,94,45,6
4.2506629612695122,94,95,51,2
0.0838623713909292,98,99,52,5
5.4376011012493608,96,96,46,4
3.1555304477483421,94,94,49,6
0.0013784132243656,98,99,48,5
4.6058825336110738,94,95,47,2
1.2565232834081184,94,95,45,0
5.7476623092859516,96,96,44,4
3.3586202030165575,96,96,54,0
0.8908085305158526,98,99,50,3
0.3236897507947217,96,97,50,4
1.9772563547042319,98,99,53,2
3.4879594537808978,90,91,55,4
4.7543755676484238,96,97,57,5
3.2511667301477374,94,95,52,7
4.1624987269216343,96,96,46,6
4.5525682872432176,98,99,55,2
5.4472127634869389,96,96,53,1
0.1086448719367719,98,98,42,5
3.3645512103690054,98,99,60,7
2.7186852429641140,96,96,43,1
4.0240488374944903,84,84,44,6
2.9048635932030926,96,97,42,0
2.1609784005486539,96,97,52,6
1.8150844893028024,94,95,51,4
3.0965786576077381,96,97,45,5
1.5333017715878599,94,94,52,3
0.5794864563565876,98,98,51,0
1.6482333667206435,92,92,50,2
1.2833226909396060,98,99,50,5
4.5963670879599006,94,94,54,1
1.2356265414132690,96,97,45,5
2.4914569781316644,96,97,51,1
0.8527094889483496,98,99,49,2
0.7814837053912768,96,96,50,4
1.2029290953047829,96,97,50,4
4.0443506223364158,96,97,47,5
5.3841695152863824,88,89,37,5
6.0268791804239008,96,97,52,0
3.8373492616235221,96,97,52,4
1.6294865456287555,96,97,53,7
1.1797831985129008,94,94,45,4
4.0419643010947430,94,94,50,5
3.9221676913221497,94,94,46,3
2.1292150613727996,96,97,54,6
4.4419024958035171,92,92,51,7
4.0833048268702186,94,95,44,3
3.3728693933328660,98,99,56,5
2.2878293717539484,98,98,49,0
5.6134257394008422,94,95,58,5
3.6389266536292331,90,90,51,4
2.8378781165478304,98,98,48,1
0.4104934814359859,98,98,55,2
5.7371461476974073,92,92,50,0
2.9576407176722070,96,97,47,3
1.8169201946729672,94,95,52,5
5.5810627174411129,94,95,47,0
3.3164916885469711,106,107,57,0
3.7971017804581946,96,97,60,2
3.1351352282513556,96,97,52,2
1.5709684339219463,96,97,52,6
0.2062190986866028,94,95,46,7
0.5712328720858024,94,95,53,4
4.6618300366243064,92,93,43,5
5.4727503216233364,96,97,42,0
1.3594097925189024,96,96,46,6
5.8227014687162608,96,97,54,4
5.7806377351527489,98,98,51,0
2.6799843749469696,94,94,44,3
1.7985236943041043,96,97,50,6
0.9683245183467144,98,99,52,7
5.4290299195947291,94,95,52,5
5.8754865894302801,96,97,43,7
3.3642984817967712,96,97,51,3
3.1411930775810317,96,97,51,1
1.1583186268877650,96,97,53,1
1.0064452777808541,96,97,52,6
3.1685396567118205,96,97,55,3
0.1556592599818979,96,96,49,5
3.2052118656089568,98,99,53,4
5.2535383226453680,94,94,41,2
0.5909543490230812,92,93,53,1
1.5637027667100178,98,98,45,6
3.5134000228451483,96,96,49,1
1.2992199427607674,96,96,45,1
1.6912132917380318,96,96,42,4
3.7357025993360709,94,95,46,7
6.0309606131726827,94,94,51,0
2.5228433270189883,96,97,56,6
5.5920176400482369,98,99,56,1
1.3370797409206445,94,95,54,1
2.6935341474599048,96,96,45,1
1.4994523217934392,94,95,51,2
1.9816279829999512,88,89,57,7
3.2243512204655254,96,96,58,0
1.4093850679159019,96,96,52,6
3.2527525715880210,96,96,56,6
0.0709052276816925,96,97,57,3
1.2937439735358884,94,95,41,0
5.6888935680339792,94,95,46,7
5.8097711361502080,96,97,53,3
4.4969569046075017,96,97,47,5
0.4065721499815280,94,95,48,7
6.0759584330083767,94,94,55,6
3.0466912126659507,98,99,58,3
2.9826444638913996,98,99,38,1
2.4562260755227299,92,93,50,0
6.1450188808463846,98,98,47,4
5.9571354525041595,98,98,46,1
1.4166441046417875,98,98,50,7
0.7989310385761552,96,97,55,5
0.1716167813005661,94,94,51,6
2.3864145268539256,98,99,53,2
2.4933702864491867,94,95,52,1
0.4482840489936217,98,99,48,1
3.9086380718497660,96,97,58,4
1.4999009691257938,96,97,54,0
6.0487811620262928,96,97,45,5
4.0653587348488811,96,97,42,0
5.6358181183681575,94,95,49,6
5.0332028630435515,94,95,56,3
2.9034358399451863,96,97,47,3
3.9370803085722392,98,99,52,3
4.8658058200429712,94,95,43,2
6.0684607421294103,92,92,47,5
2.7472019519394570,96,96,46,2
1.6871761213290883,94,95,40,3
2.2702242772308909,98,99,55,6
5.1370669852785680,96,97,54,2
5.4708983769437083,98,99,53,0
0.1107245332427234,94,95,49,2
3.4432327730483454,94,94,44,1
5.7869464987441734,96,97,57,1
2.9106938691545654,96,96,57,7
5.7060973949686113,96,97,52,2
1.1282195078566075,96,97,41,1
1.2013152766192245,96,97,52,0
4.2275033953314427,98,98,48,3
1.9883837427408857,96,96,58,4
0.9805043430403043,96,97,54,4
3.3543249028884081,94,95,50,1
2.8934537468614159,98,99,47,2
1.4853367235780970,96,96,63,1
5.1138490459402544,96,97,41,5
4.0055031596961550,94,95,43,4
3.8464943783068311,94,95,50,3
1.9536480583903428,96,96,52,4
5.4002935159129608,94,95,49,2
2.7917135254185790,96,97,56,6
0.2900901871854398,94,94,50,5
0.9190994731380161,98,99,57,6
2.3647514288198672,96,96,48,4
4.2461121877003922,96,97,38,2
0.5588804810136655,94,95,48,1
3.6126100742132272,96,96,51,5
1.0534728316838475,96,97,48,6
5.4800229244103722,96,97,50,0
2.6087521226605261,96,97,54,0
1.2123832561443384,94,95,51,2
4.4149821342680742,94,94,56,5
0.5497024396346989,98,98,53,2
0.4679489267343373,96,97,43,7
0.6159344766072471,98,98,50,7
4.7523117821161396,96,97,43,5
1.4479872553228179,94,95,49,2
4.4049664200792931,96,96,56,6
0.8774276052786463,96,97,50,6
1.4630169235922503,92,93,45,3
5.5513585274479489,94,95,52,1
1.0746472354467540,96,97,54,0
5.4767476706690585,92,93,44,2
3.8031709735298449,98,98,44,3
5.1269291764653522,94,95,65,6
5.4487717775580817,98,99,52,7
2.8173370787697731,96,97,53,7
0.2347676014452322,92,93,47,7
5.6351615717794168,92,93,50,2
3.4186414284797420,96,97,46,6
1.6598424729180004,98,98,63,0
1.4610418989525684,96,97,52,2
3.8731800760277131,96,97,54,2
3.6701772570294597,96,97,52,6
0.6837739237797663,94,94,47,4
5.5721806135158278,96,97,38,0
2.8322444969842149,98,98,50,5
1.0575422023775409,96,96,46,0
0.1171819859737786,96,96,50,4
5.1850379702292297,96,96,50,0
5.8673946036111024,86,87,35,2
4.3244467839476082,94,94,51,6
5.7365485709618849,98,99,51,4
0.8500926676097805,96,96,52,6
2.3404970312664739,96,97,48,4
5.2865225235420779,96,97,51,1
3.7202657835493551,96,97,41,1
3.5578553608922117,98,99,50,7
5.5153133068435078,94,95,49,0
4.0894458513384926,94,95,56,7
0.7495638624110732,98,98,46,3
5.7686660883377323,96,97,48,6
5.1070042693054347,96,97,56,6
3.0420270408442600,98,99,53,0
1.4246221458226125,94,95,42,3
0.1866842380290731,96,97,54,4
2.3563085224724265,94,95,43,6
3.0832693416401460,98,99,46,1
1.8987576652908214,96,97,56,0
6.2778604880047126,96,97,45,5
0.7347501350386193,98,99,50,7
5.6216545007087539,96,97,54,2
5.6072180418100075,96,97,46,0
5.8953043873282418,96,96,49,5
4.0094166381719507,94,95,57,0
2.7630831316458893,98,98,51,0
2.7199580501009950,94,95,50,1
1.8925144875100615,96,97,53,3
4.1149340248486501,96,97,51,3
0.8943399592431285,96,96,49,1
2.5208917901447068,96,97,49,3
4.0325722270049082,94,95,53,2
4.5797414530184515,96,97,50,2
0.2297188160433855,96,97,51,3
3.9232070702012938,96,96,58,2
4.2826871235691444,96,97,48,4
1.7063754172081957,98,99,40,7
2.2250156619326154,96,97,41,5
3.9866478228731230,96,97,45,1
5.1479087813715108,96,97,53,3
3.0950195331306602,96,97,45,3
4.9823810362550480,96,97,56,2
1.7217818709706751,94,95,47,0
1.9578353048759571,92,92,48,4
4.8879944159414119,96,97,46,2
2.3203552068865827,96,97,54,6
2.8435797543062500,96,96,51,7
0.3412352201715162,94,94,42,5
3.1523378378893665,100,101,54,2
4.9276593367338322,96,97,53,1
3.7135405549642448,96,96,48,4
4.7232820928130606,94,95,47,6
5.8733038994341324,96,97,50,0
0.6749812903384795,96,96,49,5
0.4363436084183647,94,95,52,5
2.2079879922819377,94,95,48,5
4.4667761644106898,96,97,47,3
5.4624281222841882,92,93,49,7
3.3654710599273803,98,99,56,5
4.5159180399858139,100,101,52,4
5.8182193467525209,96,97,50,4
4.5459120454865136,96,97,50,6
3.5134414863522241,96,96,49,7
5.2335305037250928,92,93,43,3
1.4772045679973975,96,96,45,3
4.3290340120848514,96,97,46,0
5.9485512875740678,94,95,51,6
2.0754439784680860,98,98,49,0
1.7836714128892306,92,93,57,7
1.1116790863538966,96,96,54,0
1.8913013150734321,94,95,52,7
2.9345905567609769,96,97,46,4
5.3039979054767867,96,97,47,5
1.4640000571144451,94,95,48,1
2.8867787286292308,98,98,51,4
4.1869207083673281,96,97,49,7
1.6403873748617173,94,95,58,1
6.0287489988916407,94,95,52,5
2.8115020169489573,96,97,54,2
3.1146823238447738,98,99,46,3
2.7911534284066439,96,96,50,0
0.3900133581946644,96,96,44,0
3.7857641645051201,94,95,45,0
4.8733607775041534,96,97,48,2
5.5629776370823043,94,94,45,6
2.6826256991675326,98,99,46,5
4.1599804419098962,96,97,48,4
0.3791768206921485,94,95,40,3
5.0351678144698928,94,95,48,5
2.3327263030026812,100,100,46,6
1.9430974123048084,96,96,58,0
4.3496364733722643,96,96,43,7
4.0907605892711887,98,99,53,4
1.5393418251509676,96,96,45,7
5.8825549583384324,92,93,41,1
6.0496869002052440,98,98,51,0
6.0467491357613588,96,96,46,0
3.3919737108487364,98,99,61,2
1.2755884439822163,96,97,58,0
2.9645691042414817,90,91,54,7
0.4945736728481754,94,94,42,1
0.2051873137155808,96,96,50,4
1.8791022512300370,96,96,50,2
0.7475413480278468,96,97,37,1
2.0769553212806096,98,98,50,1
1.4433767049810107,98,99,52,7
6.1073707806505668,96,97,55,1
4.3701292758992185,94,94,45,6
0.6007645156410046,92,93,41,1
0.4063080519696368,96,97,47,7
4.7025989579723779,94,94,40,7
5.8098507470085181,96,97,46,0
3.3326339198584831,98,99,59,2
0.2831672860105068,94,94,42,7
1.6837794692905954,96,96,46,4
5.0351791508036055,96,96,44,4
4.3434156139564601,96,97,58,4
4.0247064932510117,96,97,48,2
2.3400650911468639,96,96,55,5
6.0398176814637967,96,97,48,6
1.2650167023771253,94,95,48,5
1.9915909126093456,98,99,55,0
4.9715747206681247,94,95,49,4
4.0625233396350247,98,99,45,0
0.1386346016285950,96,97,49,5
5.8804162675703626,82,83,39,0
0.1917270772419879,96,96,55,3
1.9594564441413536,96,97,51,5
1.0810814961618105,98,99,49,2
3.7955170815428372,96,97,54,4
2.2689925613264106,96,97,55,3
5.2693449942856203,98,98,48,1
4.5984879254506925,94,94,42,3
4.5953401742384843,96,96,53,5
0.4489460863418854,94,95,50,5
2.8977266911771444,92,93,53,5
5.3884211896756602,98,98,54,7
1.0396900302410856,96,96,56,2
3.5155193892878311,96,97,49,7
1.2995194244024733,96,97,51,7
2.3282046644506091,94,95,45,4
3.9373771945663147,98,99,47,0
4.2223237657884320,98,99,64,7
2.3683889911986689,96,97,52,6
4.5323280633691470,94,95,43,0
4.2304882485456163,98,98,52,5
5.6653052162603803,94,95,45,4
2.6957803498107471,96,96,59,3
5.4622171577360277,96,97,50,2
3.5650570388433902,94,94,48,5
5.3220607062664200,96,97,52,4
2.4405455080195546,96,97,59,3
3.8410097681128805,96,97,58,2
0.4465689892875701,94,94,51,4
3.2841171024476910,98,99,44,7
3.1101040557965423,96,97,55,5
3.3734779103395378,94,94,53,6
4.5395597209281879,94,95,57,4
1.5619863524311492,92,93,50,2
5.8777291780257803,94,94,47,2
6.0091889809389762,96,97,49,7
5.3617153744660611,98,98,39,0
0.8787354402877652,98,98,47,2
6.0730061673900870,94,95,44,3
4.2239610922165598,96,96,44,0
2.3561030081080809,96,97,47,3
3.2848091486929212,96,97,45,7
5.8246276473001624,96,96,58,4
0.4198965523973054,98,99,48,1
4.7409184161267612,96,96,45,1
3.7204127238766769,96,97,48,6
6.0777681234026897,96,96,55,7
5.7747078403102172,96,97,46,0
2.5512975460891902,96,97,53,3
0.2613916442116272,98,99,54,3
3.9192422251213617,94,95,55,6
0.1830096217018102,94,94,51,0
0.8900795849327673,96,96,52,6
0.2189136740237667,98,99,45,0
1.3816320463071674,96,97,54,4
1.2667314917753021,98,98,53,0
4.7604777033386219,98,99,54,5
2.8833398017874217,94,94,50,7
2.6782701157577136,96,97,49,3
3.0714490819679114,94,94,46,7
0.9403498129499159,90,91,44,3
2.8587424152971406,94,95,48,3
4.3814534166285730,94,95,51,6
5.9185807922506370,96,97,48,4
6.1849572229456991,94,95,41,6
5.1930137184577596,90,90,43,2
0.7666383510244861,96,97,44,4
3.1562963098526589,96,97,45,5
3.5429002035495314,96,97,52,0
6.1413562290950079,98,99,54,3
4.0191793984942716,96,96,51,5
1.2314455896877627,96,96,43,3
1.9659982223747836,98,99,46,5
5.5872235058430180,96,97,55,7
1.7950115210413025,94,95,54,1
0.9227172661826706,96,97,51,3
3.8078189132426177,96,96,60,4
2.2971574531415340,94,95,48,3
4.1426149114640491,96,97,48,2
0.9301816955230813,94,94,47,2
5.3173606457151879,98,98,50,3
3.2406509296935675,94,95,53,2
6.0235114090632749,98,99,56,5
3.2844613342640194,98,99,53,6
3.1265778251729044,94,95,48,1
2.3893542104082921,98,99,44,3
4.3836093275175614,98,99,53,6
4.1916526153959506,96,97,37,7
4.6121479566872967,96,97,56,2
5.0683087295908908,96,96,52,6
4.1075083508078558,96,96,50,6
3.6861953603374324,96,97,42,4
4.2050244619083275,96,97,46,0
5.9140338260353795,96,97,51,3
4.1505958519170036,98,99,53,0
5.1630826397383167,96,96,50,6
0.1972207142079380,96,96,44,6
2.3929319959327229,96,96,57,7
3.0193127745998831,96,97,48,4
3.9483411281740994,94,95,50,3
1.7350989815843543,96,97,50,6
1.8023059830194863,96,96,55,7
2.7367603057130423,96,97,60,6
1.3622603453484861,96,96,47,7
2.4243630339103435,94,94,43,0
2.4307452901811328,96,97,55,5
1.5728741120399006,98,99,39,4
3.1459864140098888,90,91,52,7
0.4183446504535518,98,99,54,1
0.0035553234409572,94,95,48,1
6.0293612698318322,94,94,47,6
1.5218257699895483,96,97,45,3
2.4983761501356425,96,97,47,1
0.2613362819511186,94,95,46,1
5.2143691412586142,94,94,55,4
1.4305563634429197,96,97,43,3
1.5268636949225249,96,97,43,1
5.0192692951352047,96,97,48,4
5.5949775134378914,96,96,53,5
3.4866564984010346,98,98,41,2
4.2796109878490478,98,99,54,7
2.8977169861350807,98,98,53,6
0.8661914253671138,98,99,57,4
5.8495748397855456,96,97,50,6
1.0765243141642844,98,99,60,3
4.9269382477333261,94,94,52,1
3.5256527960423156,96,97,46,0
5.2321472176146884,94,95,47,6
2.2639746728644692,92,93,39,5
2.0696884120694587,96,97,54,4
4.1586961626773258,96,97,51,7
3.4341798934886762,98,98,50,7
5.4974705193364395,94,95,45,4
3.8509438227282153,96,97,56,0
2.0240077469325386,94,95,59,2
1.7314140449610209,100,101,50,4
0.9979084268122118,96,97,53,5
3.9941591273717996,96,97,53,3
3.2747589187778012,94,95,49,2
5.5770618526905551,96,96,50,0
3.6008116178432554,88,88,36,2
0.8392290505698365,98,98,54,3
2.2004084317660499,98,99,58,1
0.6350465736697424,94,95,54,7
3.6623691271428060,94,94,44,3
5.9792395096420634,96,97,45,7
2.1120426126230165,94,95,51,4
3.4019440849390898,96,96,43,7
1.7686909576439445,102,103,45,0
0.8417449580265969,94,95,38,5
6.2645193916446420,94,95,50,1
3.2069366368477352,96,97,43,3
2.0955175599525568,98,99,55,0
1.4730179542674180,94,95,52,7
2.0630097687113129,98,98,45,2
3.9227105962636948,96,97,54,6
5.1772854360239222,94,95,41,4
2.2590705521887271,96,97,48,6
1.7646973371528376,96,97,54,0
5.6282265495079136,96,97,54,6
0.1028353885448134,96,96,48,6
1.2948418683881007,90,90,50,3
3.2083636939364415,94,95,47,4
1.0572095794273415,94,94,53,4
2.7806407410322853,96,96,42,2
5.9395333823115717,96,97,43,7
1.6095308285078997,98,98,52,1
4.1103170144410921,96,97,56,0
4.0233702993737088,96,96,51,3
1.1357904956989209,94,95,40,1
1.3480353415927240,96,97,48,2
2.5314204172184782,94,95,40,5
5.1811653548410179,100,100,54,6
0.4411505359640389,94,94,45,4
3.7700584082989277,94,95,50,5
3.3039814131098648,94,95,44,3
2.6361975673739648,94,94,58,3
5.7422027154307731,94,94,44,1
3.8895305617458362,96,97,45,7
3.8383071631254411,94,95,51,4
4.3064475534341513,92,93,47,7
1.2832164480008521,96,96,47,5
1.7156009536721606,90,90,44,1
2.1700748042133222,96,97,43,1
0.0490087112312579,98,98,47,6
4.6884591456699587,96,97,43,1
4.0377571615358958,96,97,46,2
1.3997361565659001,96,96,53,3
4.5348690973030461,96,97,57,1
5.0869242875173244,94,95,59,6
0.8443361031266982,96,97,47,5
1.6008082374081707,96,97,44,6
5.7953169566077030,98,99,46,7
5.0466942563232671,94,94,36,1
4.9720097087160218,94,94,44,7
0.7682850893407484,98,99,53,4
1.8152684809265347,92,93,48,4
1.7085456995459907,94,94,45,4
0.8024704076742526,94,95,48,5
5.8040627845597594,96,97,64,2
5.6504683739622212,96,96,57,1
6.1304481543497502,96,97,46,4
2.6843121582015366,94,95,45,6
3.0511930772260651,96,96,52,6
2.4783443667653522,94,95,49,0
4.8199415947700146,96,97,56,4
5.7715187433051298,92,93,44,2
2.0904683013764869,94,95,52,5
2.5661090853006141,96,97,47,1
0.8338140374030232,94,95,57,6
4.0489078797225471,96,97,43,5
4.5187235763736497,94,95,47,2
2.6410454853452654,96,97,50,4
2.5337357759345607,98,98,53,0
2.8620247294220236,90,91,44,1
0.6515297253619310,88,88,44,0
0.4965394995475262,96,96,46,4
3.1945272403744776,96,96,44,0
2.3720726123307094,96,97,56,0
4.7941664174508052,96,97,49,5
2.8802053981961806,94,95,56,3
5.1978043118324413,96,96,55,5
1.3981889970732559,98,99,49,6
3.7047687488829366,96,96,42,2
3.6261995784150187,96,97,52,2
0.0576532022136065,98,98,62,3
3.7975397966639561,90,91,44,3
2.9330048864986780,96,96,53,7
1.1361588307552444,98,98,49,0
1.0237665430884979,96,96,49,7
3.2579650523248076,96,97,47,7
0.4315942597113028,94,95,48,3
5.0366645714012215,98,98,53,0
5.2957698014587598,98,99,47,0
0.8569683099422128,96,96,52,6
2.6639179908797335,94,95,46,7
3.8731317783170742,96,96,53,7
4.0393933785847569,96,97,45,3
3.2468921609309573,96,96,47,3
3.2568275173748233,96,96,47,3
1.8996167652368015,96,97,57,7
2.5810511181725015,94,94,60,3
6.1553607884887187,96,97,51,7
1.2316800977874227,98,98,52,1
3.7730833213662489,96,96,46,0
2.1035583080305384,94,95,46,5
5.4672483100131686,92,92,52,0
2.4281127099134596,96,97,48,2
1.8767098715047774,94,95,45,2
4.9888371135492964,94,95,45,6
2.5743439773916048,96,96,52,2
4.8184472052327632,94,95,41,6
5.7247004184824899,94,95,41,0
2.7837473173755178,98,99,49,0
5.5791723922215954,98,99,55,0
3.2983150397985361,98,99,49,0
0.9186632120720672,96,96,44,0
4.5848435110397512,94,95,53,4
3.1428867401858547,96,97,52,0
1.2036427675738923,96,97,52,2
1.3082348855631365,96,97,51,7
4.5000995828099137,94,95,53,0
1.5928355244558949,96,96,52,4
6.2492956675802391,96,96,53,5
4.3803627818572446,96,97,45,1
3.2121247399879755,98,98,51,2
2.7553643920045761,96,97,53,1
3.1580452493072202,94,95,53,2
5.0152023332530389,98,99,43,0
4.8437869788944514,94,94,43,4
2.9652787994397287,94,95,49,0
5.9598584224550644,98,99,55,4
3.1236524823227056,94,94,55,2
3.4646528750640728,98,98,42,1
3.2671461951591914,96,96,50,4
2.5427741109045683,94,95,43,2
5.5099929265573246,96,97,42,2
1.2403256084891867,92,93,48,4
5.7431697101298491,98,98,56,3
6.1051241907369524,98,99,50,5
0.2388157483831083,94,95,54,1
5.4349755500619876,94,94,47,4
5.4226324005025210,96,97,63,7
1.9221807158781852,96,97,49,7
0.8302731366693837,94,95,56,7
2.2158297390530528,96,97,54,4
4.3311093762036377,92,92,54,6
3.3006257292297816,96,97,57,7
1.3015524281768360,92,93,46,4
6.2348478646334975,96,97,52,4
4.9897375316147983,96,96,61,1
1.5435515805162374,90,90,46,5
1.4144757756187427,94,95,47,2
1.0585018152094019,96,96,39,3
1.2642742372058537,96,97,58,2
1.4484894037959335,94,94,51,4
5.6382011529078779,98,99,47,6
0.3110375036151548,96,96,49,7
1.5156447980157057,96,97,37,3
5.6987416924647665,96,96,45,5
0.6293146397449333,94,95,57,0
5.8181084424202929,96,97,57,1
3.3030381330842395,96,97,49,1
1.6939726192814557,96,96,50,2
3.5635794791284936,94,95,59,4
4.1225342425120655,98,99,52,5
0.8000870038326067,88,89,45,7
0.1119244916733769,96,97,58,6
4.7675972674755158,94,95,54,3
2.9882264950801760,94,95,47,0
3.2435721851151587,94,95,52,5
5.5565755943785691,92,93,36,2
2.0597362638479075,98,99,50,5
1.4671681456166463,96,96,58,4
0.1333088953520400,94,94,51,0
5.7365853956834378,94,95,53,6
4.8642150691897470,94,94,45,4
2.1906387256247699,96,97,50,4
0.7936714903471208,94,94,48,3
5.3070215566570020,96,97,49,5
2.9574380966006997,90,91,55,4
5.3062603829138926,90,91,41,6
4.0751709015223918,98,99,51,4
6.1401775325809806,96,97,57,1
5.1840701836923309,96,97,45,3
3.6385488965838566,98,99,46,3
4.2483946867668925,96,96,52,6
1.0214282434639745,92,92,46,4
4.0441292784632905,90,90,51,4
1.7782506675549936,94,94,50,7
5.1260217975371560,96,96,50,0
0.8948985729245728,96,96,49,7
1.4593844064755159,98,99,49,0
1.2553269568508612,90,90,36,3
1.4798212376688993,98,99,48,3
1.8984125534706704,94,94,45,0
5.3346085935558589,96,96,41,3
2.7046227755661976,96,97,51,7
3.5278837844335365,96,97,42,2
1.6165309890424133,96,97,53,5
0.7547646449080986,92,93,44,4
4.1865470907534466,96,97,45,5
0.1240519547006512,92,93,51,3
2.8971419103652116,94,94,40,1
6.2723744719939756,96,97,49,3
1.8139951584235878,96,96,61,7
5.1403079523860393,94,95,46,7
3.2412122727350665,96,96,56,6
2.5694489171970680,90,90,42,5
2.5792260478536941,98,99,63,6
3.0144878062319598,94,94,53,6
6.2562530872206699,96,97,58,4
6.1626241088610092,98,99,50,3
4.4795890983179110,96,97,47,1
1.3149332194050660,94,95,51,4
2.6678998005100567,98,99,51,0
3.2349234528119899,94,95,52,7
5.1744330876497164,94,95,60,5
0.3769816339051134,94,95,47,4
2.3953003340310071,96,96,44,4
1.9791805220692216,94,94,52,7
2.2145746892826561,96,97,56,4
0.9447810922388465,94,95,42,1
0.1467044142939916,96,96,43,1
1.4691011400051888,96,97,47,3
5.9224540348538124,92,93,52,4
5.0905929977542801,98,99,47,2
2.1791992462433032,96,96,60,6
0.3008369509676522,96,96,54,2
2.5883276048328772,96,97,47,7
0.0834227815975566,96,96,51,5
0.7161741173044229,94,94,43,6
0.0776080681782542,90,90,46,1
0.2579524880330707,96,97,52,6
4.7926928696591444,96,96,51,3
1.7025668745053160,94,94,42,1
4.5805200252481866,98,99,49,0
2.7284755350880396,98,99,42,7
0.6454479251046491,94,95,54,1
2.5149197026335468,96,96,48,2
4.7046553101981914,96,96,58,2
5.8004843686751624,98,99,51,2
5.1240824634598274,96,96,48,4
5.8816688857774260,96,97,51,1
1.4114421422055106,98,98,51,2
6.1247649711678154,96,97,48,2
6.1286223359739598,92,93,46,2
0.5152383752885710,96,97,58,6
5.3054207325284706,96,97,58,6
6.0988687718653605,96,97,56,6
1.2703472409525396,96,97,51,1
2.4006573227923576,94,94,47,4
5.8056030067356579,96,97,49,3
5.3571867562043796,92,93,53,7
0.1253437663651411,98,99,57,6
0.9434525416245586,94,95,58,1
4.8025536938365709,96,97,59,7
4.1056622324212109,96,96,53,5
1.0048297380526372,98,99,56,5
5.4351457002430976,96,97,66,4
0.2000056740163079,96,96,47,3
1.1716639691233746,94,95,46,5
2.9199214691561353,96,97,41,3
2.8465676137207749,94,95,55,0
3.4680455749870620,98,98,45,4
4.7390485869088517,96,96,48,6
2.0401835401248412,96,97,53,5
3.4324616941781909,96,97,43,1
6.0364527171897056,96,96,45,1
2.5815645518253736,90,91,43,2
0.4354514442376641,94,95,47,6
1.2438765246633039,94,94,48,3
5.9783958023522423,96,97,47,3
3.1745121063407322,98,98,56,7
5.8388850989448189,96,97,50,6
2.0707371507368215,92,93,42,0
0.0813915774271933,96,97,53,5
1.2760114464862653,96,96,47,1
5.9513278985616829,90,91,50,7
6.2587938637267841,96,97,48,4
6.0045253644093712,94,95,52,7
3.0521977968961918,98,98,50,1
6.1984600462160646,96,96,49,3
1.1900705486214604,94,95,44,3
5.6132870257255538,94,94,37,0
3.4293984263483250,98,98,55,0
2.5561142772541654,94,95,55,0
3.0448781856464944,94,95,47,4
0.5236737658759798,96,96,49,1
1.0041052618230244,94,95,50,7
0.9664478954457558,96,97,45,7
4.2346854770492914,98,99,51,6
2.0884035172720301,94,94,46,7
4.2681510929317117,96,96,53,5
4.8390725640664307,96,96,48,6
2.2736738682490825,96,96,46,4
2.3013863311925533,96,97,53,3
1.6813720466256565,96,96,55,1
6.1442926924140222,96,97,50,6
4.1688085125815499,92,93,57,7
5.7559589598191208,96,97,52,2
4.5640372113213212,96,96,41,3
4.9844251339665835,96,96,50,6
3.2754337499871169,98,98,55,0
3.5093667816524974,96,97,43,5
1.6797059496362072,96,96,47,3
0.1485952837056109,98,99,53,6
2.3575103107553428,96,96,53,3
0.2195877898228292,96,97,55,5
3.9206893211010923,90,91,53,6
6.1195377723311442,96,97,47,7
1.1128399702799494,94,95,43,6
0.5466150949028479,98,98,52,5
5.2764534460157666,96,97,47,5
2.6078929915338582,98,98,51,2
2.0089978519981289,94,94,43,2
3.9621674795127126,96,97,50,4
1.7784373626358252,96,97,42,4
5.5515396437550155,96,96,58,6
3.3652528694013641,96,96,47,3
2.4616870414148009,96,97,52,2
2.3689288897962451,94,94,46,5
4.6219874357961910,94,94,44,5
3.7070101794780990,94,95,46,5
4.7660739785720141,96,97,48,4
1.1414279086720516,96,97,50,6
3.0129744999892600,96,96,50,4
1.1525776122906128,94,95,46,5
5.5482017289877748,96,97,49,1
1.4550536385221531,90,90,46,3
3.1931408837821427,94,95,50,1
0.5837876737763051,96,97,47,3
3.5780067480338222,94,95,46,7
5.4814822011781201,96,97,59,3
4.6915121218142826,90,90,50,3
1.4603959656517524,96,97,52,0
5.9038109809839510,94,94,43,2
1.5621610269627861,96,97,56,4
4.4913024766612084,98,98,42,5
3.8761373930471499,96,97,44,0
5.7057911359502045,96,97,45,3
0.4575847781723726,96,96,47,3
3.9507081985856782,96,97,50,0
2.5797499809907816,96,96,53,7
3.1142803578981435,96,97,44,2
4.8023298117419069,96,97,42,4
3.5040024921393558,96,96,54,0
1.3965746298238000,94,95,53,4
5.5298351858349211,98,98,49,6
1.5494055920794017,96,97,48,6
4.5014065495222528,98,98,44,3
1.9969971390035886,96,96,52,0
5.0857657115904038,94,94,56,1
0.2547741768690160,94,95,58,3
2.1773971838052630,96,96,34,0
5.6095749683855676,96,97,53,1
1.8643073980466993,94,94,39,0
0.5265515322066673,98,98,51,0
5.9964569108678472,96,97,49,3
2.8650610275233279,96,97,50,0
0.4126168561718410,94,95,46,5
4.7355217392548123,94,95,44,5
4.0553338160992149,94,95,48,3
6.1970740291806914,98,98,56,1
5.6716902946835335,98,98,53,6
4.6079198329542468,98,99,42,1
2.4837300131570648,94,94,54,1
0.9625076561072773,94,95,50,7
4.0561270905863758,98,99,47,6
0.5428349963047714,94,94,52,1
3.2037139636215710,98,99,51,4
3.5144707219914957,96,97,52,0
3.7964957160336823,94,94,44,3
1.9505785425954061,98,99,54,1
1.7449279479555171,96,97,54,4
5.8107594346908815,96,97,45,1
5.2372695411368841,98,99,49,0
4.2382099656780339,92,92,43,5
5.7885022272952300,98,99,40,5
0.2304803390309491,96,97,53,5
0.6036685724001786,96,96,57,3
1.1846715097528888,96,97,58,0
6.1769081796652854,94,95,53,0
0.5206457922719192,96,96,43,7
1.0032537117420279,94,95,48,3
4.9212215061257645,96,97,57,5
2.7479507370056724,96,97,57,7
5.3416144572949680,96,96,56,4
3.3101286761202444,100,101,53,5
2.3127195300094376,96,97,50,4
0.3769563106689296,92,93,50,0
2.2474831742697536,96,97,49,7
5.8310562947229005,96,97,49,5
1.1849972652424594,98,99,44,7
1.4457239286617412,96,97,57,1
0.4536281218553338,98,98,53,2
4.2160626865372075,98,98,41,2
2.5134267833146620,94,95,50,5
6.1541839299813104,94,95,45,6
6.0066273747553156,98,98,49,2
4.1368103192102561,96,97,46,4
0.7983650506964466,96,97,49,5
3.5424362854071947,96,97,50,6
4.0100260202776203,96,96,50,6
4.5304170691596095,96,96,42,4
3.2286937048758042,98,99,44,1
5.9492501535145434,98,99,61,2
3.5213503380392903,92,93,51,3
4.5344325171487165,94,95,51,0
5.8649429714980661,96,96,50,6
2.7668653698008141,96,97,49,3
3.3765736243594175,94,94,41,6
2.6953553664429184,94,94,44,1
1.8310109331609512,98,99,53,0
1.3979801054730776,94,95,48,1
4.8366059141700601,96,96,57,7
1.4779626620847417,96,96,45,3
5.1796307938619979,96,97,54,6
2.3165376959831039,96,97,51,5
6.0316146249417919,96,96,45,7
0.4376199020378796,96,97,55,7
4.7612863055506285,96,96,41,3
4.0752759673460250,94,95,41,4
3.0919798074137201,98,98,43,0
4.8720388215106665,94,95,45,6
1.7492049828655121,98,99,47,4
5.1462772905638321,84,85,48,0
3.3093303268895577,90,91,45,0
0.3201936800605321,96,97,59,5
6.0821678030091491,96,97,44,4
3.5450619945412001,96,96,47,1
4.6259660657998571,94,94,40,1
3.7908804928554583,94,94,49,0
2.8748554772619164,94,95,54,7
6.0396284489750123,94,95,52,5
2.2716390553837473,94,95,50,3
6.0588294216466592,94,94,45,6
0.7878555753271630,96,97,48,0
1.9496834527736702,96,97,41,5
0.1709770368006232,98,99,56,5
1.5458663820707239,96,97,51,7
4.6177271600223451,94,95,55,4
6.1210066711129878,90,90,37,2
6.1204608517633305,94,95,48,5
5.5775235272854493,94,95,53,2
2.4900746787000090,94,94,43,2
2.2855411478409109,98,99,54,1
0.7245855760534931,92,93,58,0
2.3710197914460354,96,96,50,0
0.9347457601425837,94,95,51,6
1.8206367101386649,94,95,56,7
5.1028110427879092,94,95,54,3
1.0410813102869165,96,96,42,0
5.2391502854427525,94,95,47,2
6.1471870720013264,94,95,48,1
4.4561619677591606,94,95,42,1
4.2092663521627713,96,97,51,3
2.0144513457490842,92,93,51,3
4.1054329188998802,96,97,49,3
1.2137995832191657,94,95,53,2
0.9888070466030972,96,97,52,4
4.0451632203091190,94,95,48,7
0.0304305949489070,96,97,48,4
0.5228989282562846,96,97,46,0
0.8328179501732370,98,99,56,3
5.1402024493171954,96,97,47,1
1.6272866765187337,94,95,46,1
2.3132240694891899,94,95,45,0
0.9447805749590331,96,96,53,1
0.8958480548892470,94,95,47,4
2.9768323904685321,100,100,52,0
2.6838030297699724,92,93,45,3
1.3211142664027751,96,97,48,0
2.1463427889599993,94,94,58,5
4.4522981959621220,98,99,56,3
0.0627311698608225,94,95,56,3
0.6277287447337916,96,96,45,1
1.1727849681931013,96,96,47,1
5.6509882284251782,94,94,55,2
5.2507708098469319,96,96,50,6
1.1612168861708343,96,96,54,2
0.2922728616433733,94,95,46,5
3.4905728842261285,94,95,48,1
4.6022832403568250,96,96,52,6
2.9189201424172171,98,99,54,7
4.9579006244233605,96,96,56,0
5.9779997521158874,98,99,43,6
1.1328156135015912,96,97,42,0
5.6381544916463815,94,95,43,4
2.5977371375967957,98,99,61,6
5.0256866073915507,96,96,50,6
0.9806745544493141,96,97,46,6
4.7392280283768313,98,99,52,5
5.8944357845874134,94,95,43,4
4.7101038846806178,98,99,52,3
2.9975949740024568,96,97,39,1
5.2409920276356416,98,99,55,4
5.7991731084655660,98,99,53,0
5.6184457986507850,98,99,62,5
1.0763241887760961,98,99,48,3
4.8394699707020088,96,96,45,7
5.5803956102143912,96,96,44,6
6.0171308770075758,94,95,47,0
5.6303531619706630,96,97,48,6
4.0070821658352598,96,97,53,5
0.5962652721175152,94,94,45,2
3.2219721992607253,94,95,53,2
5.6015907102513092,92,92,53,5
1.1833065148018957,88,89,39,7
0.1528508424728471,96,97,46,6
3.3179995962571414,94,94,52,1
1.1875887982247555,96,97,46,4
6.2543765490316092,94,95,55,4
1.4066281760819344,98,99,43,6
0.7157425608311210,96,97,49,5
0.9442159180765726,96,97,51,3
0.5979133998812902,96,97,49,1
5.7262731385203756,96,96,44,0
2.1882526910637896,92,93,50,6
4.0894829497387333,98,98,54,7
1.4161485252192767,94,95,51,6
4.4076762727348857,96,97,56,0
1.4118612017296308,96,96,44,0
2.1046166961774166,96,97,53,7
2.0382249217293968,98,99,52,7
3.6163454177805234,98,98,58,7
1.2851021069391417,96,96,51,5
2.0205126873573098,90,91,52,3
1.4656034021315589,96,97,52,0
1.6687588606887707,96,96,49,1
5.6079451476906570,92,93,55,5
0.9984941836650232,94,94,47,6
5.0078026073458775,96,96,41,7
4.5021560782405707,96,96,45,7
4.9138024840076486,94,95,41,2
2.7119616670388709,92,92,54,4
1.5659561155982837,98,99,58,7
2.3263109229060475,96,97,55,1
3.1571660622054343,96,97,44,0
6.0243373867467254,98,99,54,3
0.8945832014284489,98,99,52,5
5.6057849300973466,92,93,50,2
4.6311353751328772,98,98,43,2
2.3760602419732719,94,95,54,5
0.5791759753224349,94,94,51,4
1.1223223387311307,98,99,52,1
0.7721302954312359,98,99,43,6
2.3460921059441238,96,97,50,0
1.2123923898960960,92,92,49,5
0.3637812084746363,96,96,57,7
0.6609544297737393,96,97,41,7
2.4031798160855451,96,97,52,2
4.3258996742106790,94,94,41,6
3.5825796613656982,98,99,48,7
1.6505810144688882,92,92,50,6
1.9758062699316894,94,95,58,5
0.5898668395219580,98,98,48,7
5.4137430359956706,96,97,52,6
5.4629129751588534,94,95,49,2
3.1676205090320417,94,95,53,0
3.8156395535392549,96,97,55,1
1.5786650071843760,96,97,52,4
0.3752734970429707,96,96,51,1
5.8481041654280448,94,94,49,0
5.0400389226043165,98,99,50,3
6.0819479412567938,94,94,57,2
1.9084417221383734,92,92,46,6
5.7260941921220283,100,101,54,2
4.3701282160038444,92,93,47,5
3.3599766869889409,96,97,56,4
2.4296391070043168,96,97,44,2
0.7991204646822027,94,95,54,5
6.1839095901285841,90,90,51,6
2.2564112107507355,94,95,47,6
3.9256895027019496,98,99,53,0
6.2113363318309611,96,97,47,3
5.4370123375672899,98,99,45,4
5.0802623762266430,94,95,48,7
1.6898094748999812,94,95,62,1
2.5908014579089844,98,98,48,3
2.3622649425065898,96,97,54,2
3.7569038311156726,96,97,56,2
5.8022748794201817,96,97,52,6
3.4307468611976804,96,96,51,1
1.1845772557608287,96,97,50,6
5.8918582996747597,98,99,48,7
4.5616355920176019,96,97,42,2
0.4147821248657709,96,97,45,3
3.3732378199309809,96,97,46,0
2.7918428637519628,96,97,53,7
5.8157040226858525,94,94,42,3
4.0057668506882429,98,99,49,6
1.8509687853249779,90,91,41,6
5.9182134851715347,96,97,47,5
6.0636566470004931,94,95,48,5
2.5310043911812952,98,98,47,6
5.9440556955991593,98,99,51,4
0.8383154364307539,94,94,48,7
4.8579731400223851,96,97,50,2
5.1167116140526705,94,94,37,4
5.6824417559805909,96,96,50,2
5.1903344786720282,98,98,52,5
4.2541677258046837,96,96,38,2
5.4015819013077762,96,96,53,5
3.0486630563116899,96,97,49,1
5.5288268190084828,94,95,45,2
3.8426874843389451,96,97,53,7
5.5928961643191748,96,97,44,6
5.1307635071709434,96,97,52,2
6.2475036107495487,92,93,47,1
1.5133533538755892,96,96,43,1
2.1158246254904607,92,93,48,0
1.8834527114711179,96,97,57,3
3.6408539546803964,92,92,55,7
4.5033585699070287,96,97,54,2
5.4838963122756166,94,95,46,3
5.0834058760254281,94,95,42,5
2.6139052424873110,96,97,48,2
5.8893863513446014,96,97,51,7
1.1485494093588355,96,97,60,0
4.9218451356431805,96,96,51,5
0.0516800226561643,98,99,56,1
3.5636331483320993,96,97,45,3
0.7483084580636370,90,91,50,3
5.3551680670307515,94,95,52,3
5.9906227935523066,96,97,53,5
3.5075391712883603,94,94,44,5
2.9178357345273378,96,96,51,7
0.9813822000330094,96,96,44,2
3.2147960921746246,96,97,46,0
2.3999806482674688,94,94,47,2
3.7974929598080545,94,95,43,6
6.0884612361156059,98,99,50,5
0.7853079330478056,94,95,50,7
5.3682529480776076,96,97,48,0
1.5404894342703870,94,95,53,0
5.0053641179144277,96,97,47,1
4.5243019008894843,90,90,62,1
5.9198681613830084,98,99,53,0
4.4498579885537097,98,99,57,2
2.5219210118763087,96,96,54,4
0.0160516287330142,98,99,48,1
0.9899033642713376,92,92,54,4
2.5120933723522345,96,97,61,7
0.5417049327071666,94,95,60,1
3.2830451897575879,96,96,44,4
1.3234088763271366,96,97,49,7
3.8406420278761781,98,98,47,0
5.6345629577692025,96,96,49,5
2.5961305075165586,98,99,47,6
4.9220915348992724,96,97,44,2
5.1990959649198762,96,97,53,1
5.6470906005275321,96,96,50,2
2.5280283493882663,98,98,51,0
1.0049130099583508,96,97,49,1
6.0126851435841706,94,95,52,7
2.4281124198742341,96,97,46,6
4.4700005029302980,96,97,56,4
1.5247122784600047,94,94,51,2
3.9637905855036353,96,97,49,7
1.4590656621293869,94,95,50,3
3.7717791533845668,96,97,60,0
1.5769208024642476,94,95,45,6
4.9509157168326796,96,97,52,4
0.5857516784838050,96,97,49,7
1.4030720719276113,94,94,42,1
4.2955429129523921,98,98,51,4
4.3119203966822139,98,99,59,2
3.8579460872289193,96,97,56,4
5.7287437799231977,96,97,45,5
3.0399936946188619,94,95,49,4
1.0566688900318495,96,96,46,6
1.8050035096504951,96,96,47,5
4.9072058417438100,94,95,53,6
0.2517613235063102,98,99,50,3
2.9870094094457689,96,97,50,4
0.0421027317174676,96,97,43,7
1.3767166888638918,90,91,50,1
2.7418919693574328,96,97,40,0
3.3847689202537059,96,97,51,3
5.5113057328561847,94,95,51,4
5.2245493642348357,98,99,46,5
4.6067052369513766,94,95,53,0
4.2309770831455467,96,97,47,1
3.7782238418811134,96,97,48,2
2.6454216382163511,94,95,39,6
3.5184008854138726,94,94,52,5
2.4183730845998799,94,95,46,5
3.4131300534359736,96,96,53,3
2.9393206312722335,96,97,55,1
4.6312357154122878,96,97,56,0
5.3172532617641961,98,98,57,2
4.3416238140380417,96,97,41,3
1.2729011648746325,92,92,48,0
3.9752222948262683,98,98,50,1
3.2657129077858542,90,91,45,6
2.8111794324419286,96,97,50,6
2.8184966145191326,96,96,46,0
5.0459019541545764,98,99,59,4
5.1922229129054287,96,97,53,7
4.8275959305502250,98,98,49,4
1.7222706584270890,96,96,50,2
2.4253247096638559,98,99,52,1
0.0618277443481850,96,97,47,3
1.9917390858765551,98,98,44,3
4.5552981132190036,96,97,54,6
0.7582685056514490,94,95,54,3
5.5721143505829422,98,99,55,4
1.5761226013657317,94,95,47,6
0.6708580804882783,92,92,55,3
2.9887180610904802,96,97,44,4
5.8203317399128203,96,96,47,1
2.0392188383188010,96,97,49,7
2.6313436854508492,94,95,46,3
3.2016266011545982,98,98,48,7
1.5697861278976766,94,95,52,1
4.7240426072932058,96,97,48,0
1.3705520341839312,96,96,48,6
6.0560695545980803,96,97,46,6
5.1486606076031194,94,94,55,4
2.4872498388604130,98,99,50,7
2.4146581951909090,94,95,49,6
0.2947352100360259,94,94,53,2
1.8144158626428437,96,97,59,5
0.7050109240884775,94,95,50,1
6.1383847349401224,90,91,44,7
3.4840274145759058,98,99,43,2
3.8954032782452139,94,95,48,1
4.2391391917717449,96,97,49,1
4.4274780263784370,96,96,52,2
0.0781790044384514,96,97,55,1
2.9731507052552018,98,99,51,6
3.1843743412247054,92,92,49,1
3.3663820406463754,96,97,49,7
3.5772722244765451,98,98,46,1
4.6044678373722725,94,95,48,5
4.9188339323579369,96,96,55,5
3.0044746259310182,98,99,53,6
2.5893040681661548,98,99,55,0
6.2646756174661720,98,98,51,4
6.1339233015447290,96,97,40,2
1.3401897583566751,96,97,53,3
5.0707883674707199,92,93,43,7
6.0948783755410965,98,98,56,5
3.5013566560916956,88,89,44,4
4.1460618848031823,96,97,49,5
2.7945690676793449,92,93,54,2
0.5455461036973027,94,95,50,5
0.5750473029285891,94,94,44,7
4.8270721339266291,94,95,52,3
5.1388359024295456,96,97,55,5
4.2759364291526669,98,98,45,6
3.5318564488765847,96,96,48,6
1.7961165791114930,94,95,50,5
5.2283568856478091,92,93,50,6
5.8843983530381800,92,93,46,6
2.4435948063886048,96,96,45,1
4.1538344450418831,96,97,53,7
2.8499951127155847,92,93,49,3
0.4537348842933903,94,95,51,2
0.3314765412254268,96,97,46,0
0.2041007017313301,98,99,59,0
4.3743225644781711,96,96,51,3
0.0061269243528546,96,97,52,0
0.3443850744886923,96,97,58,6
3.6370800613216971,96,97,51,7
1.1573722418726449,98,98,45,4
6.0966159948509917,98,99,46,7
0.9569521539140866,92,93,45,5
3.1826189142505892,96,96,47,7
4.6107430694349727,96,97,54,2
0.5524932579527710,94,94,47,6
5.2767343889142921,98,99,59,6
1.4590313021343313,98,99,56,5
0.4957112510478505,94,94,51,6
2.2147479723031522,100,101,50,2
2.5291668422410725,94,95,45,4
2.3526236649933510,94,95,56,7
0.4713857872022047,96,97,46,0
2.2339362875242292,98,99,47,6
3.7871564445607211,96,96,45,1
3.2663225178023314,96,96,54,2
3.4382442331109808,92,93,45,3
3.7036291524147296,96,97,50,0
4.9525531194242118,88,89,42,2
6.2307779182131995,96,97,43,5
0.2412830125043195,96,97,50,2
0.9333447803860049,94,94,51,2
3.5840595526012566,92,93,46,0
1.4478300773105728,96,97,55,5
5.0464703110518689,98,99,53,6
3.2023185625014854,92,92,50,2
0.4398414991920480,96,97,54,0
1.9905132854101906,96,96,47,1
3.4376279172038919,96,97,56,2
1.5036069919615986,96,97,41,7
2.9670500134232540,96,97,55,5
4.6364418293230942,96,97,47,3
1.7253530404456894,96,97,52,2
3.1508526269010040,94,95,47,4
4.3905220632799269,96,97,56,0
4.7848097014164530,100,101,54,6
6.1370173987821373,98,99,51,0
3.9754307535135109,96,97,50,6
5.2345584669891432,96,97,54,0
0.9054360915158971,98,99,54,1
0.0809195659640360,94,95,46,3
6.2130032658793937,96,97,55,5
4.5607516257115988,96,97,57,7
1.1280767085360472,96,96,41,5
1.6460809730397827,96,97,50,6
0.5739220249854278,94,95,41,2
4.4022325265592643,94,95,48,5
2.5829849369185016,94,95,57,0
5.2651238571613490,94,94,43,0
2.2850520088281749,98,99,57,6
0.6946709053618064,98,99,60,1
0.2122215888952532,96,97,49,7
5.3497873522660173,96,97,57,1
3.9142351355484375,98,98,54,5
5.5278688835784964,96,96,45,7
3.6026371001414841,98,99,48,3
3.0683710908890807,98,99,47,4
1.7844387251090132,98,98,40,5
3.0703973092640382,96,96,49,1
1.4734074350701334,98,98,52,3
4.9183823346780775,96,97,54,4
5.1610914278708000,96,96,53,5
4.2981354283178668,96,96,52,2
1.6346181980095202,98,99,49,4
4.9243539160531817,92,92,45,1
5.5492572813452146,96,97,57,1
3.9950430910825188,92,92,39,3
3.0105101151468272,96,97,44,4
1.4393627238406745,94,95,51,4
2.7145611019236888,92,93,52,0
4.5768446711015063,96,97,48,2
5.3732833683262777,94,95,50,5
6.2771663845234551,96,96,50,2
0.2184410758178789,98,98,54,5
4.1132750484035281,96,97,53,3
2.4781097909311010,94,95,44,7
1.5815274649200735,96,96,37,7
2.2293919934540023,96,97,47,3
3.0972694648188765,96,97,41,5
3.4932094960234648,92,92,50,6
0.6373265011024158,92,93,44,4
5.8455587684718555,94,94,45,2
2.1632653737201406,98,99,50,5
1.9641339000258171,96,97,50,2
0.5282993225300852,96,96,45,7
3.6565158142042313,94,95,58,1
4.6044753075074389,96,97,54,6
3.0283933757109298,96,96,60,0
4.6863717276113039,104,105,52,6
5.9687890721067642,100,100,56,4
3.1851459988234061,94,95,52,3
2.9315755710128024,94,95,51,0
3.5635066088425522,96,96,50,0
5.3071932924675318,96,97,51,3
0.5514546548229303,98,99,54,1
0.6180064804502836,96,97,57,1
4.7076963118175410,96,96,52,4
2.4574601791927551,96,97,41,7
4.4424752331996791,92,92,51,5
6.0677748040263051,96,97,46,2
1.3224082647598701,98,99,52,7
2.4830260024645714,98,98,52,5
1.4847037432703556,98,98,59,6
4.2216040911982304,96,96,50,2
4.3170306020605977,96,96,47,5
2.7810594553484349,96,97,50,0
5.4957784440334247,92,92,44,2
5.6891428958983461,92,92,46,2
3.6499659916880418,96,96,54,0
2.4044359295675486,98,99,54,7
3.2634914488973439,92,93,46,6
5.1150737721674249,96,97,48,6
4.8674830164891816,98,99,50,3
1.7449972153819084,96,96,43,7
5.1116463875074256,94,94,39,0
3.4265624733594229,98,99,50,3
3.1638837489340030,96,96,37,7
2.4144772592718700,94,95,49,4
5.4178972870510931,96,96,57,5
5.4405315876239131,96,97,46,4
3.9221866122949431,98,99,58,1
6.0593534725116447,98,99,53,2
4.9587666071574263,94,95,57,0
5.5705513640043245,92,92,46,2
2.5104440760589508,92,93,47,5
4.3652395801916013,94,95,46,3
3.8526352344216486,96,97,43,5
6.2808485836238663,94,94,40,7
4.2508614819734927,98,99,47,6
2.1066593723919307,96,96,46,4
4.8370533961523723,94,95,54,5
3.9146111799165353,96,97,57,3
0.8994300403669102,96,97,54,0
4.0733460938762152,98,99,57,4
0.9478971504455656,96,97,45,5
1.7118445163841278,94,94,49,6
0.6788277214295628,98,98,56,3
2.2622812540361283,92,92,52,0
5.0983292752463294,96,96,51,5
3.6766605980677562,94,95,45,4
2.0471617047763493,96,96,46,0
4.8339586541059649,92,92,57,1
6.1500306027020883,94,95,40,5
6.0092541042974990,96,97,51,1
0.8689212160923263,94,94,46,5
0.8354424878856446,96,97,45,5
6.2101414014571610,98,99,49,6
5.1369918336997662,96,97,48,6
2.7126215503641560,98,99,53,6
3.9637977359700742,90,90,52,3
0.9612087857032290,96,96,47,5
3.1398360220303241,94,95,50,1
5.7230669635201004,94,95,48,3
1.7034484383165012,96,96,51,3
3.9388738547801800,96,97,52,6
1.2858644966212212,96,97,51,5
1.6847019702007120,92,93,45,1
3.3376395653252349,98,99,35,6
4.8628804819131615,90,90,45,6
3.3347966287800457,94,94,51,2
0.6821811807268192,94,94,55,0
4.2137022325989317,98,99,51,2
3.2762689175238653,98,99,53,2
0.9697065903590942,94,95,54,3
5.3530203652307797,96,97,51,3
2.4746421525541651,94,95,56,5
0.8006743532768619,88,89,49,1
5.9871575721604149,96,97,48,4
3.9742097778891647,94,94,42,1
5.6328239630209636,94,95,44,5
4.7239784284739414,96,96,55,7
0.3659014412996323,96,96,44,6
2.3579713590424745,94,94,57,4
4.1924932497602647,100,100,39,5
1.2243053472497165,94,95,40,5
5.8482333484161115,94,94,51,0
4.9744020391323298,94,95,45,4
0.1594018500164824,96,96,56,4
3.6387772558370015,96,97,44,2
1.0680221712720988,96,96,46,6
3.9548574637129232,94,94,46,3
0.9187259877418812,96,97,52,0
5.7231337473361776,92,93,50,0
4.6104260082422313,92,92,47,5
2.9218001507245810,98,98,50,1
4.2947065508332347,94,95,54,5
1.2687974223719358,96,97,49,1
0.7887899100993417,98,99,49,4
2.5950445553244412,98,99,56,1
3.1265404480447105,96,97,48,6
4.5593194207041075,102,103,51,0
2.8840266460404851,96,97,46,2
5.1569034437295649,98,99,52,5
3.7591120975049384,94,95,58,5
5.6869314553444070,96,97,56,0
5.8756593069622403,94,95,52,7
0.6977241817284280,98,99,55,2
1.0846915648784838,96,97,52,0
1.1052338831071866,96,97,50,2
2.6955680266079685,92,93,38,2
1.0687816793389535,96,97,54,6
1.8433777217188669,96,97,43,5
0.8109277629910986,96,96,51,7
1.5825071341042500,94,95,45,0
5.6421776751797106,98,99,53,4
0.1081344019991627,96,97,49,5
5.1744649596016199,98,99,43,0
3.4905129455911235,96,97,46,6
6.0929808621999246,98,99,56,3
6.2047740960738773,94,94,46,1
4.0490861848552955,94,94,46,3
1.3306835932385854,96,96,57,5
3.8313830448475126,96,96,48,4
1.9784002805638741,98,99,52,7
6.1034429691366405,96,97,50,6
2.8900012013887606,96,97,55,7
1.3550906352346372,96,96,51,7
3.5531718391257212,96,97,63,3
4.7159138116005703,96,97,51,5
4.9067647175910230,96,97,60,4
5.8265750721146770,96,97,46,4
1.0179585365542163,94,95,56,5
4.5354319091830124,94,94,52,3
5.0777557005881260,96,97,46,2
2.0430423040979466,92,92,57,1
2.1034997570544203,98,99,47,0
4.6310893478481976,92,92,54,0
5.4571165032340927,96,96,49,3
4.2930262460668516,96,97,52,0
5.1549293420178719,94,95,55,4
3.2359853346285363,94,95,46,1
3.1431697874536662,96,96,52,2
5.4593067272741758,96,96,50,4
1.2743003683500660,96,97,52,4
1.5693526867865271,98,98,53,2
2.5444357107485569,94,95,47,6
0.0725999640637094,96,97,43,1
1.5312903221909260,94,94,42,5
2.4742984635160234,94,94,49,6
3.7035370752458756,98,99,57,2
0.6624027477903177,96,96,44,2
3.1820288308861775,96,97,56,6
2.5354308115328155,94,95,47,4
3.4063096894303562,102,103,57,6
1.3697539129405258,94,94,49,2
5.8311005067592410,98,99,52,3
3.7933445576994900,98,98,49,4
6.0418301000838701,96,97,40,4
4.0290062014187118,96,97,58,6
5.2385393523983481,98,99,49,0
3.9288649691764559,96,97,50,6
3.9136454522688036,96,97,52,6
1.7885978173434349,98,99,52,7
3.6859501269023820,98,99,57,6
2.5888814373830416,98,99,53,4
3.6521795304714089,90,91,54,7
1.5855396731817937,94,95,47,2
4.0275489356483725,98,99,63,0
1.9161410628412809,98,99,52,1
0.7427046680662844,98,99,57,6
4.6645154731077278,96,97,53,1
5.8947993733532904,88,89,50,2
5.6308720411115045,94,95,52,7
4.8911703354302833,98,98,59,2
4.9344610083891132,94,95,44,5
3.1624478747506997,96,96,43,1
1.7545557795220523,94,95,48,7
6.0986199950389981,96,97,47,7
1.9730247081035872,94,95,41,0
3.6241737289792795,96,97,49,3
5.0655898903603607,96,96,50,4
0.6952082635346767,96,97,46,4
5.3591465946357202,96,96,56,6
3.8046087658031849,98,98,58,5
0.0723402178022986,98,99,47,0
3.3621634601469221,96,96,49,1
2.9702601691526360,90,91,42,1
0.8292957111428595,96,96,50,0
2.1781754676712795,96,97,50,2
4.5421968708170164,96,97,53,1
0.1235724099993873,96,97,49,5
4.9967961702332975,96,97,57,7
5.4736470568080051,98,98,48,3
3.5132803865227467,94,95,51,0
4.9670600436702834,94,94,40,5
0.8579684703512246,96,97,45,5
3.6779558473447760,96,97,51,7
2.2329073294406152,98,98,51,2
0.8793109376576147,96,97,52,2
0.0130482738428364,98,99,43,0
5.1659059194451897,96,97,45,7
3.8568633769842058,96,97,54,6
5.4858930167073447,96,97,56,4
4.1665041463264680,98,98,58,7
1.6604813324242667,96,97,51,1
5.0721548748920355,96,97,54,2
5.1069750753027607,98,99,49,0
0.6533323703179827,98,99,59,6
3.9697411854524129,98,99,46,5
5.8013465110765665,94,95,47,6
1.9779377825467277,94,95,41,2
5.2256712145050646,94,95,50,5
4.2405692235507493,94,95,42,1
4.5783776750413416,94,94,45,4
1.6342874410041164,96,97,52,2
1.3526048047611399,94,95,52,3
4.3165126836306298,94,95,50,5
5.0580934119177119,94,95,46,5
6.2249032822486443,96,97,54,0
1.8801997170723863,96,97,55,5
0.0333591455947964,96,97,48,6
2.1945089647116927,98,98,42,5
1.3619740986010238,96,97,48,2
5.0528476648206304,96,96,56,6
5.1718735633878081,96,97,54,6
0.1692210385018044,96,96,43,3
4.5275847937272129,96,97,48,2
2.6918030639568697,96,97,48,0
2.9183625999138907,94,95,53,2
5.3298237184504886,96,96,50,6
4.3758612431198500,100,100,57,3
5.8286763705386173,98,99,42,3
5.5873519552800657,94,95,54,1
4.4914139921011929,92,93,53,3
4.9754796363602294,92,93,44,4
5.6851941534981254,96,97,40,2
2.3687696027279448,96,97,55,3
2.4452977608417816,96,97,48,6
4.1642500115754295,96,97,50,4
5.5898523761323133,92,93,42,4
2.1522588966564911,94,95,46,5
3.6131467772030827,98,99,42,5
3.3930378935777594,90,90,42,7
0.1907913601792750,94,94,52,3
4.5971958385355975,96,96,46,4
1.1955370824078000,96,97,52,6
0.2646058447136379,96,97,53,7
3.2062869370157916,96,97,52,0
1.8549045693501989,92,92,51,7
3.2312607403902374,96,97,44,6
2.6709156805282106,96,96,53,5
6.1831776664740596,96,97,51,3
3.3080270232437856,96,97,45,1
5.7421529533721349,98,99,57,6
0.4340729334271047,98,99,47,6
4.2208697608551038,96,96,51,7
2.2646568030012388,94,94,47,4
2.7743863209695676,96,96,53,3
3.0279068203490089,94,95,48,5
5.5861398343480229,96,97,46,2
5.2288844950770326,96,97,52,2
2.9518572510355501,94,95,48,7
0.1253455132879039,90,90,44,1
1.6389610041139584,96,96,43,1
0.9353214316998841,96,96,50,0
3.5822215973613201,96,97,49,3
2.4844645678178958,96,97,54,4
2.1505610900856564,96,97,43,1
0.8350883443067162,96,96,50,6
5.0668780768875834,96,96,44,2
5.8621364658211856,94,95,40,5
5.8444745853719287,92,93,52,0
4.9681630380858746,96,96,51,7
2.8269965232435594,96,96,46,0
2.8862255933304897,94,94,50,7
4.7114206327221346,96,97,48,0
1.7878963413595421,92,93,36,6
0.7291162066326752,96,96,51,3
6.1926376415800375,92,93,50,2
4.2105432503174018,94,95,55,2
0.0547492618540795,100,101,49,7
5.9531943286229838,96,97,62,0
5.7109826966723087,94,95,46,7
3.6128248792505913,94,95,55,2
2.3648215707352218,94,95,44,7
3.4032690713516889,96,96,43,5
1.9763632044906880,94,95,57,6
2.8105016692998270,92,92,53,1
2.9356317106093419,98,99,46,1
2.6101249208356410,96,97,51,7
5.8530785349169374,96,96,40,0
0.3897995340417921,98,99,49,4
3.7693760846098008,92,92,47,1
3.3870698953943315,94,95,51,2
1.0443271219964241,96,96,53,7
2.5913628236352579,96,97,58,2
1.1104550393595292,96,96,51,7
0.3234110796042493,96,97,48,2
4.9610919390851915,96,97,55,5
2.8399471699077790,96,97,41,3
4.4561476944518592,96,96,49,5
5.9908396986867984,94,95,48,3
3.8891269953809786,96,97,54,2
3.2636397998170015,94,94,45,2
3.5893138583639876,96,97,57,1
2.9488503109759603,94,95,41,6
3.6377931893552296,94,95,55,2
4.8483122361807123,96,97,47,1
3.5866564408515007,96,96,53,3
4.5624105673980830,96,97,50,0
6.0890092312229145,96,97,51,7
2.3204246204130192,94,94,47,6
3.9272107583932372,94,95,48,5
2.0926420086191979,98,99,55,4
4.2166102742637186,94,95,50,1
1.8741489499992861,96,97,50,6
1.3414708824552051,96,97,49,7
2.7830690160978966,96,96,48,4
3.8189184851465479,90,91,47,0
4.0818577122577944,96,97,49,7
0.0220731311730117,96,96,54,2
3.3398444342109621,98,98,53,0
4.5585960924387612,94,94,46,3
6.0984390903441881,94,95,51,0
3.1242460475149914,96,97,48,0
6.0128168433855880,92,93,48,0
3.6484222212578610,96,97,41,1
4.9198265802354264,88,89,41,5
0.3135995717815760,92,92,45,1
2.3960006277620058,96,96,57,1
4.8106238995517439,96,97,55,7
3.5039728113710460,96,97,48,2
2.2342591993183452,96,97,50,2
5.9896954321844662,90,90,50,5
5.3050235466240405,92,93,49,5
3.3588815754467385,96,96,51,7
1.0729195270127649,98,98,58,3
5.2092414673232224,94,95,49,4
4.5834308052284847,94,95,44,7
4.1793935247855556,92,92,49,1
5.5219444196195191,96,97,51,3
4.6914748794532946,90,91,49,2
3.9809275056757909,96,96,39,7
3.1160680928626698,94,95,46,3
0.3873987863002707,96,97,48,4
4.0478066343858652,96,96,49,1
4.6280825845017448,94,95,51,4
5.7300849504737039,98,99,51,0
4.1123159396740823,96,97,52,2
0.3391900102803756,96,97,58,0
2.8982015633050624,98,99,53,2
4.6119126050755126,94,94,48,3
1.3858241830416664,94,94,49,2
2.2144892342017606,92,93,44,6
0.0936228548171698,98,99,58,7
0.7879201897731104,96,97,37,7
1.4876214422866465,92,92,47,5
6.2345177058224062,92,92,51,5
5.3139313842145341,96,97,52,0
2.6384130478164218,98,99,47,6
4.6692434457237351,96,96,53,1
4.1393544557042770,98,99,54,3
2.9687726288881846,96,97,46,2
0.3122881898170972,96,96,54,4
5.4590317100184427,96,96,57,7
4.8212928528913279,92,93,49,3
0.8134744510875317,94,94,39,6
5.1590603963905872,96,97,51,3
5.2405878663005288,96,97,60,2
2.5081511060021784,96,97,47,7
4.3296916993108230,96,97,50,6
5.4947333964494023,98,99,50,3
4.8742436731505530,92,93,56,6
2.6612880335658851,96,96,57,7
2.9202957700836585,96,97,46,4
3.1443891050768187,94,95,52,5
1.3853795654327135,94,94,48,1
5.7938002151616148,98,99,44,5
5.9532893959414617,92,93,44,4
5.9384063665218365,98,99,51,6
3.7021777635281801,96,96,49,1
4.4043768363525553,96,97,45,5
2.5182910428828338,94,95,45,2
2.4391212482842639,96,96,50,6
2.2834192198806633,94,95,42,3
4.8660260235246096,96,96,44,2
5.1558873250972601,96,96,43,1
6.1360153543781770,96,97,56,2
4.6648240206351597,96,97,49,7
5.2463103106458453,96,97,51,3
2.4743157110479785,96,96,45,7
1.9531207340898817,98,98,57,4
6.2703883621306522,96,97,55,7
2.6136584917272407,94,95,47,6
2.7954326738531163,98,98,56,7
1.8895059296372705,96,97,47,7
3.7765787648334164,96,96,49,5
1.1866355621989795,96,97,39,5
2.5664285224542605,98,98,47,6
5.1732184348391907,98,98,66,1
2.1954913961625300,96,97,53,1
2.6203634694239430,96,97,44,6
5.7764896318641625,92,93,53,5
5.1528353199202437,98,98,45,0
3.7259491274050269,98,98,51,4
4.9976640972883093,96,97,47,5
0.8061485571882216,98,99,51,4
1.5515971243223905,92,92,47,3
4.3610478001622734,96,97,51,7
5.4993628471174221,96,97,51,3
5.5538345067888333,96,97,55,3
2.4399935234954753,94,94,60,7
0.3979812556899535,98,99,59,6
3.8283878267136671,92,92,53,7
1.7630050352195195,96,96,45,3
4.7776661696947418,98,99,54,5
1.7369745692692677,98,98,59,4
2.5620920682626389,94,95,43,6
5.6791544949180794,94,95,50,7
4.5060240112782353,96,96,49,1
4.7468514931621195,94,95,42,7
3.2904101266239181,94,95,49,6
5.1183285835789221,96,97,48,2
1.7681435088463167,94,95,46,3
5.6808771215716183,94,95,52,3
0.8840215835978942,96,97,54,4
3.4388912520488533,94,95,44,1
1.1130028793269766,96,96,41,3
4.9270445591704206,98,99,48,3
3.5260937069171954,96,97,54,0
3.5107990821442314,98,99,48,1
2.7070643098736422,98,99,50,5
6.0650734450378057,96,97,61,1
5.7506778869974982,96,97,52,2
5.9054774955320868,90,90,50,1
5.8739406134510537,96,97,51,5
4.0975949665709539,96,96,54,6
2.1035688333979263,94,95,50,3
1.5775482825835907,96,96,54,2
5.6706994853498447,90,91,43,0
1.6933130657152844,98,99,63,0
5.6201286008488927,96,96,39,7
4.8068128366062597,96,96,51,5
2.0805328383493897,96,97,52,6
3.0180704319977170,94,94,54,7
2.1265439310682268,98,99,46,7
0.7060386541245789,96,97,53,7
5.5289001222934688,96,97,46,6
0.3390748205015565,96,97,46,0
3.1048645678557509,98,98,49,0
4.4573139849782812,94,94,40,3
1.8818469997183904,94,95,48,1
0.5537491191530847,94,94,50,5
6.0243523213939882,96,96,36,0
2.3343463781000984,96,96,43,1
5.3984848508532455,94,94,51,6
5.1855441157146913,98,98,44,5
3.9803556588207862,94,95,48,7
6.0878752835823269,94,95,48,5
0.8415117649153783,98,99,50,7
3.1809209457420864,96,97,47,1
2.4391003006578620,96,97,51,3
1.5725696146750461,96,96,46,2
4.5711805004269239,96,97,44,2
5.7565714566298816,96,96,47,3
1.2801262529143405,96,97,45,3
1.1437783863533248,94,95,48,7
2.6958478241083697,96,97,48,6
4.0139627567053715,92,93,45,3
1.7814046703013811,96,97,51,5
4.8292010907628171,94,95,50,1
3.6647882155878273,94,95,49,4
2.5992039814130141,92,93,52,6
4.9065004041506839,94,95,54,5
2.4600154511046357,96,96,54,4
1.8333233169444501,96,97,44,6
5.2344570058490776,94,94,50,1
0.1983182070476689,96,96,45,1
3.8592504630319437,98,99,48,7
5.1009932418094230,90,91,51,6
5.5652432353349885,98,99,57,6
5.5667323240341098,94,95,50,1
2.1488703538396949,96,97,51,3
4.5224997223461942,94,94,46,5
2.3739162573172568,94,95,56,5
4.5936309356071545,96,97,47,5
3.3786598101179939,96,97,48,2
3.6919787981567236,94,95,57,6
2.8226001479778184,94,94,55,2
5.9819978033922290,100,100,47,3
5.9251805015527390,96,97,57,5
0.0729133399869740,98,99,47,4
1.5680139758685598,96,97,55,3
2.6212961474581129,94,95,50,5
0.6208460041416843,94,95,49,2
3.7712271484795012,98,99,45,0
1.7180125509999236,90,91,56,3
0.5844677800019633,92,93,48,0
2.5151603201699548,90,90,49,6
1.4305577049536671,96,97,51,1
5.3329049425720658,96,96,52,0
1.5331353890915198,96,96,54,0
1.1463509883976615,94,95,44,1
3.8878179343085955,94,94,42,5
6.0582547682651935,98,99,47,4
4.6834817198518044,96,97,48,4
5.7637697738466809,96,96,53,7
5.2826050662508015,96,97,48,2
6.2082912138891029,92,93,45,7
4.0918875601154987,96,97,50,2
5.5865622645984629,94,95,57,6
1.3297920808674704,94,95,46,5
6.0943708401300238,94,95,52,7
3.6912490270255307,94,95,49,4
4.1003542510865136,96,96,57,7
5.3706464177266442,92,92,52,4
4.2571598625841567,96,96,50,4
5.1006234320640171,96,96,56,4
3.9008471068356325,92,93,45,1
2.9368047472188965,98,99,46,3
5.0481892657015788,96,96,54,6
2.0959640904458454,94,95,53,6
5.7973804515984080,94,95,47,0
5.2289220381345922,96,97,54,2
4.1766423029623292,94,95,53,6
1.1535274568180154,96,96,52,4
4.6926816780694196,94,95,53,6
3.5058972702520350,96,97,47,3
2.2550546113086622,96,97,49,5
5.6970371010031808,96,96,52,4
1.8954750283315183,94,94,53,6
3.3661924396276404,96,97,47,7
2.2071916952501471,96,97,55,1
2.1348654294144866,94,95,54,1
5.7478101298589870,96,97,51,3
1.3561161021185171,94,95,49,0
6.2532108466130891,98,98,58,5
3.9124058551627319,96,97,52,6
2.6413799949143963,94,94,57,6
6.0493522846854821,96,96,47,7
5.0692676198613009,98,98,48,5
3.7924154469828268,94,95,56,3
0.0379238281616620,96,96,39,5
0.4107837245421267,92,93,42,0
1.4962720180395030,94,94,50,1
3.3569690158066834,96,96,45,1
5.2335985496952269,94,94,50,5
5.1186959356662536,98,98,52,5
0.0108253874592884,96,97,53,3
3.2975079500662536,96,96,46,6
3.9659968464057118,96,96,48,4
3.6918716001980187,96,97,47,5
0.2000041432507360,96,97,53,5
3.1511825718869790,94,95,47,6
1.8260071416925738,98,99,55,6
1.9444126372166757,96,97,44,2
3.5176354646613497,96,97,54,4
2.6205867698211183,94,95,49,2
5.1428713085005668,92,93,56,0
2.5645399993662688,94,95,49,2
3.1310921711769861,96,97,46,6
0.9238779951423598,92,93,49,3
1.1644335207106562,96,96,46,2
0.8360684534382635,92,92,55,5
4.6746779276270951,96,97,54,0
5.3241773096115095,92,93,48,6
4.1898434528100141,96,97,44,0
1.0074699520846775,94,94,52,5
1.4688137505206116,96,97,37,1
0.0204468911063183,96,96,50,2
1.6549834696221046,94,94,51,0
0.7373040653212011,96,96,46,0
2.6993345601144392,98,98,45,4
2.5718976082420144,98,99,56,7
1.1768033508536235,98,99,53,4
4.4022934367923217,96,97,54,6
5.8884209428231227,96,97,49,7
6.2203790040048847,94,94,50,5
3.8670790326533493,96,97,40,2
5.4384641155512874,94,95,41,0
0.6871270500660859,98,99,56,3
0.8197944998269707,96,97,43,1
2.5788752544029201,96,97,47,3
1.0579997580425002,96,97,53,1
0.4752977379409210,98,99,55,0
5.4070433865413658,96,97,44,4
5.7283695942870674,98,99,44,3
5.1004229569761756,96,97,47,3
5.1924729658327511,96,97,54,2
3.1424464174719118,94,95,50,1
5.8160225024067023,94,94,40,7
3.8210135504989409,96,97,58,6
3.9103732502958390,92,92,46,0
5.4008388431475307,96,97,49,5
5.8742591027056079,98,98,62,7
1.7097299448697474,94,95,51,4
2.3269387408933646,96,97,56,2
2.3852845771930795,92,93,50,2
0.5560583999171713,94,94,48,5
2.2896159122654725,96,96,55,3
0.1331436625054046,96,97,49,3
4.6696483018364106,94,95,36,7
4.1961503720688098,96,96,51,3
3.7092266777473824,96,97,58,0
3.7329346130729482,96,96,48,2
1.3930790560687734,94,94,48,7
1.6040965109194156,96,97,46,0
3.5620286965279759,94,94,53,4
5.6018288838092927,96,96,53,3
1.6349422692727014,94,94,41,0
4.3176421015374782,96,97,53,7
1.7836307805749110,92,93,53,1
4.7963905306558816,96,96,50,2
0.8827447335111908,96,96,48,0
0.7151987216604725,98,99,48,3
5.2999494440117836,96,97,55,1
2.7458657331548868,96,96,49,3
3.7063149202380794,96,96,46,0
3.9255918130674137,96,97,45,7
1.1607487995432806,94,94,58,3
0.1321434904474227,96,96,42,4
3.6149786438160443,94,95,49,0
4.8273843665194534,96,97,51,3
0.6515020152994074,94,94,49,4
2.7428294969015519,92,93,56,4
0.2501120790203071,96,97,51,3
5.0918268933279993,96,97,53,7
3.0741004964360568,96,97,51,3
0.5696782337006285,96,97,55,7
2.7405701940524931,96,97,60,4
3.4195648739044917,96,97,41,7
0.3999965960377015,96,96,41,3
4.8282307084422555,92,92,41,1
6.1596007314864396,96,97,61,5
4.3994344087313868,96,97,51,7
5.3382719239255874,96,97,44,0
1.1838742512577116,96,96,42,6
1.4610795260192073,96,97,45,5
0.7581299834736087,94,95,54,3
0.3382903376482097,96,96,44,0
2.4508171343789340,96,97,50,0
4.6590617660532292,94,95,49,2
1.8143662607903190,94,94,45,6
4.9494391566428284,94,95,48,5
1.6099177323000817,96,96,52,4
5.2630413150238375,94,95,40,5
0.6658270082892924,98,98,54,3
6.0636592403307539,90,91,47,6
3.2557704984589790,98,99,50,1
2.9279255517868408,94,95,48,3
4.8689656353888342,94,95,44,1
3.7935354630488098,94,94,52,3
4.7261738541531342,98,99,53,0
3.4843202357913245,94,95,62,1
0.0460356671180485,96,97,43,7
5.0377256383010041,96,97,52,0
5.7703248080525098,96,97,43,1
5.7900062293636854,96,97,54,2
2.0522472454606637,96,97,50,4
2.2209563528025682,98,98,56,7
2.1599089180939792,98,98,50,7
5.7613350842845987,96,96,53,7
1.1260167565994086,96,97,46,4
3.2596882579771740,96,97,44,6
3.3317259371864005,96,96,53,5
5.6756887740562068,96,97,50,6
4.9414986007221797,92,92,52,4
6.0354330842276696,96,97,45,3
1.3857742372077118,96,97,44,0
6.0900812592491462,94,94,45,4
5.0009904639949623,96,96,50,2
2.4290849094738061,96,97,53,5
3.1883848085520565,96,97,51,7
5.6513475127012338,96,97,47,7
2.1556769159329932,96,97,40,0
2.8614746401613798,96,97,45,5
3.3752215632403457,96,97,49,3
5.7116310910015029,96,96,54,6
3.5603904673730304,98,99,56,1
4.0465028009143689,96,97,41,7
1.4522207122882107,96,96,47,7
2.7835764313009621,96,97,54,4
3.2706721102808416,92,93,49,3
5.2231864271966044,94,95,48,5
5.0259991847718615,96,97,51,1
2.5504662003473522,100,100,50,2
0.9994616434958469,96,97,54,6
1.3884155469222710,98,99,51,0
4.3558952888896734,94,95,49,2
0.2126475367531446,94,95,61,0
4.1668494967840655,96,96,53,5
2.3528458420421194,90,91,49,6
2.9185008288259144,96,97,54,0
0.8590062507551814,94,95,44,7
2.0285369414692274,96,97,52,0
3.4985292483838113,94,95,47,2
2.0500253471337411,90,91,49,6
0.4910284110195272,96,97,46,4
4.0574140728279522,96,97,45,1
5.4714917531562692,96,96,51,3
3.4858096504813640,96,97,46,0
4.6471317559682745,96,97,49,5
2.9371965504901252,96,97,52,2
3.8230685627094423,96,97,52,6
6.0014966813042996,94,94,52,5
1.0145092989849831,94,95,42,5
6.2570876459778111,92,93,54,0
4.7050133915485715,96,97,44,4
0.4195856354943379,102,103,52,3
5.6557737583780758,96,97,55,5
6.2171607083720533,94,94,45,6
3.8179736712489221,96,97,55,3
6.0765521526152266,96,97,47,3
4.8071209718649026,94,95,55,6
2.5277030842625061,94,94,47,6
0.5787702719074403,96,96,51,3
1.0748075363221754,92,93,46,6
5.5881351185120050,98,98,46,7
2.7622056375913084,92,92,44,4
3.5572352146363428,98,98,51,0
1.9712669694964420,96,97,55,7
2.6754195360651969,96,97,48,0
2.4395970408435756,96,97,49,5
1.4726301981688941,96,97,52,4
3.7864671732284441,96,97,50,0
3.3253230410976102,92,93,51,1
2.5938302113772211,96,97,36,0
1.6713927333490002,92,93,42,6
4.6935164890645931,96,97,57,3
2.5179862735379448,98,98,40,1
2.5058659940274199,96,97,48,4
1.2120851321096078,98,98,53,0
4.5665376553992481,94,95,54,7
4.2269642044808355,96,97,47,1
0.0920426834794114,92,92,47,7
0.6847560897538344,96,97,57,3
5.7315250175166605,94,94,48,1
5.3860788695448631,96,97,49,5
1.4547512927241320,96,97,41,3
6.0001899697813599,96,97,54,6
5.2169917673504633,96,97,44,0
1.3737456436042836,98,99,49,6
4.9129736608047878,96,96,50,0
2.2612203983370422,94,94,52,1
5.0006038581899155,96,97,43,5
0.7375135251947760,96,97,56,6
2.4631166402690368,96,97,49,5
1.5460162429358506,98,99,50,5
5.9034835405200869,92,93,46,2
0.7502340436115417,94,95,48,3
6.2144344659561757,96,97,47,1
3.1391706602981664,100,101,46,6
0.1858180718781879,96,97,52,4
1.9535566642791262,96,96,62,0
1.6065324118255240,94,94,51,6
1.0341064590967322,92,93,47,3
4.8850079330068787,96,97,46,4
0.2377959551667250,94,95,55,6
4.7642828358022626,94,95,48,1
5.9910224495884448,94,95,48,7
2.8805931803867053,96,97,55,5
2.2237486481194981,94,95,48,5
0.5200500315414784,96,97,49,7
4.8666547488276404,96,96,48,0
3.4100358453658561,98,98,57,6
0.5003250924674334,96,97,48,4
0.9852757221136550,96,97,42,0
2.9441966965332811,92,92,56,4
0.7435320120300501,94,94,50,7
0.0916641546865448,96,97,56,6
4.5101313102966047,98,98,53,4
4.3278638585848936,98,99,48,3
4.5049037625868387,98,99,54,5
1.5850669596516840,96,96,44,6
5.5085460032891174,96,96,54,6
2.3818160325207827,92,93,41,5
3.2294699654482524,94,95,44,1
4.1708168364633318,96,97,53,5
2.3000215916861189,96,97,44,2
2.3539030859186370,96,97,48,2
3.3376661472890148,96,97,48,2
5.5390270349416317,92,92,51,1
5.7188051148274841,94,95,53,2
3.4216104832491836,94,95,44,5
3.3021133308590733,94,95,52,3
2.5101913765826893,94,95,48,1
4.7522345350512136,98,98,52,7
2.4577047079749712,96,97,52,2
4.4592451687251033,92,92,49,1
5.0763457198886464,98,98,46,5
3.4530195836671891,96,97,46,0
2.4893152132579734,98,99,53,0
3.7331806927589035,94,95,50,1
4.4490652053990232,94,95,45,0
2.1515149182859106,94,94,47,4
5.0891694453691274,94,95,50,7
1.9850647815029496,98,99,53,2
4.7039150214707899,98,98,50,1
2.8275038142760436,94,94,36,5
3.0239782748320070,96,96,60,6
3.2270105228059043,98,99,45,2
4.2669713988126672,96,97,49,3
2.6536989918307166,94,95,45,0
4.5711906621868366,98,99,54,7
6.0256505019478750,96,97,55,5
0.4993748553582170,94,95,50,1
0.6443913546483111,98,99,51,6
3.9633746627683188,96,97,51,7
5.3202032324488986,96,97,49,5
4.8432989410970126,98,99,57,0
5.2653245191031184,96,96,50,2
6.2109569797609803,98,98,57,0
1.5642346393949940,92,93,49,7
1.8968786047326145,94,95,57,4
5.9778832513418223,96,97,52,4
0.0542285128141708,94,94,51,0
5.5666096098475135,94,95,47,0
5.9424415183730881,96,97,48,4
6.2398264847947180,96,96,42,2
5.2885753961268973,96,96,43,7
0.7464009006302121,98,99,58,5
0.2803424574625605,98,99,47,2
3.3424877639080353,98,99,52,7
2.1262226480125364,94,95,49,4
3.7854307936533069,94,95,56,5
5.5454808570085943,98,98,47,6
3.2950731334195935,98,99,52,3
5.5564090832175559,96,97,51,1
1.5106527624760020,96,97,56,4
2.0605359434362960,96,96,47,3
3.7260452231079966,96,97,49,7
0.5275929884923213,98,99,47,0
5.1675384517711231,96,96,55,7
5.6666127657573506,96,97,49,7
4.7931872298642144,98,98,53,0
5.0252522330520248,92,93,43,5
4.7433422484254448,96,96,52,0
1.4961881817983127,98,98,45,6
0.0617639576956039,96,97,47,3
6.0281583476899057,96,96,56,0
6.0862012021270440,96,97,50,4
2.8332960265461136,98,99,46,1
5.2229160630681113,98,98,50,3
1.8963098276503418,98,99,49,0
0.0370606184106310,98,99,42,5
5.5664334841203322,94,95,48,7
3.2285084025059261,96,97,66,2
4.9284369451531402,90,91,45,0
0.6423370738517744,96,97,51,7
4.5366409075815968,94,94,47,2
0.0025939889475733,92,93,42,2
5.8048566154491876,96,96,44,0
0.1069531195054472,94,95,41,2
5.7437742603729580,98,99,50,7
2.7890371635883886,98,98,46,7
1.4271284723253266,98,99,54,7
5.4476714807974007,96,97,42,6
3.4161588121199289,96,96,45,1
1.1464959231998644,98,99,53,0
5.3021853183558640,96,97,42,0
3.0745921736388726,98,99,47,4
5.3881581352008387,94,95,43,0
3.9632271532711729,92,93,42,0
2.4074382719357259,94,95,47,4
3.1377666137435960,96,97,45,1
6.1200412020353516,94,95,50,7
4.6565029696541673,94,94,56,7
5.6928024047377441,96,97,54,6
0.5907179965577063,94,95,52,5
4.7396537792729427,96,97,51,1
2.3404273693345115,94,95,57,0
2.8625588973565277,94,95,51,4
2.3182202120082018,96,96,45,3
0.5739444124653090,98,99,59,0
3.9440066206830102,96,97,54,6
1.4904980040164286,96,97,45,1
4.0626206200928792,96,97,45,7
2.8526495239498941,94,94,48,7
3.8468773555387452,96,97,49,3
0.0017261299182753,92,93,53,3
2.0307589487121329,98,99,56,1
1.2777618689212820,96,96,56,0
0.4578302887016542,94,95,47,6
0.4704543191288530,94,95,51,4
5.6625081916986666,92,93,41,3
2.9443434434196805,92,92,40,4
6.1612191390884634,96,97,44,6
0.8088825676297101,96,97,43,5
1.5330776132466324,98,99,50,7
3.0493950818219813,98,98,36,3
0.4989461897521672,96,96,46,0
3.6476229392740516,94,95,52,1
3.9801774922327677,94,94,52,3
5.2807887890314111,96,96,51,1
4.2770889195445916,94,95,56,3
5.0429549368005899,96,97,50,4
1.2071952658213547,94,95,55,4
5.8008950029889608,94,95,49,0
1.2413617033032827,98,98,54,5
1.8413729554084766,98,98,53,0
0.5668547637700805,96,97,52,4
1.7286002028706338,94,95,64,5
2.4672909189070307,98,99,56,3
0.3883860877602077,94,94,56,1
2.1419050112473341,96,97,58,0
3.3765541416721900,94,94,54,5
4.6261146779922262,96,97,46,0
3.8126773417367601,98,99,51,2
2.1639006467765052,98,99,44,1
5.7754320621549180,92,93,47,1
1.7607133983856733,96,97,53,1
2.0292422191205080,94,95,56,1
5.7380770106081735,94,94,54,7
2.1882861327157208,94,95,50,7
2.4020217813580689,96,96,54,0
4.7257434661682680,98,98,58,7
0.4176575732796994,92,93,50,4
2.8315911978232813,96,97,53,5
4.4986599373268117,92,93,50,4
1.3866557906484582,96,97,41,5
5.2473690701236535,94,94,58,1
3.2407067248540473,96,97,50,4
1.3085021669255310,94,95,57,0
0.0329444843923387,98,99,59,0
1.0069807811795899,94,95,44,7
2.7866752834715736,94,95,47,4
1.5264766231557645,96,97,56,0
2.0648543188197532,94,95,52,7
1.2933377353155326,98,99,48,1
2.5057174160344591,96,96,53,3
1.3031817659923162,94,94,35,6
1.2297288710278385,96,97,51,7
2.1631641022919905,98,98,46,3
5.7938693565541728,96,96,45,7
2.3809401013901494,98,99,53,0
5.3630645765422953,92,93,44,0
4.0662648010554037,96,97,47,1
1.6408113822735741,98,99,51,4
3.9390580370251556,96,97,47,5
5.9420356536570296,100,101,54,0
0.7570380709964738,94,94,46,7
5.8774921055063869,94,95,52,7
2.6827101845941814,96,96,51,7
3.1893982031985271,96,97,44,0
4.2253505874798671,98,99,55,6
4.1596980148082308,96,97,51,1
4.0818962326374146,92,92,49,3
1.6297279547391741,96,96,38,4
3.3762348078050870,96,96,55,1
3.1267607763260807,96,96,45,5
1.6480185642728089,96,97,57,1
2.7812979043432264,96,96,44,4
0.0098780140428608,98,98,56,5
5.0406569570569095,96,97,49,3
2.4281398364307809,96,97,51,3
5.0134274028249157,94,95,49,4
3.1855941496392175,94,95,37,0
1.6004556932824332,96,96,59,5
3.4886835059140595,96,96,50,6
2.8198173075042017,98,99,54,3
6.1574019701354139,92,93,50,0
3.6513117566336941,96,97,48,0
3.7531090021288929,88,88,43,3
5.4155262523168979,96,97,54,6
3.6556961402187986,88,89,43,7
1.0876360602669768,98,99,45,4
6.1994285247490701,94,95,46,5
3.9805330059135327,96,97,50,0
4.1120713602175538,96,97,44,0
3.6796994007285595,96,96,46,6
0.3057122431921295,94,95,47,2
3.7342350143200331,98,98,55,2
5.6086276083394351,92,93,49,3
1.0999799621182615,94,95,53,4
2.9697810068563153,94,95,61,6
4.8173639488020967,96,97,55,7
0.6642344630635310,98,99,47,0
3.2578367652292797,98,99,53,2
5.9194337110527808,96,97,45,5
6.1797989139473160,94,95,50,5
0.9469573228278849,98,98,57,6
4.2184491064523018,96,97,48,2
1.5868026416042564,96,96,51,1
4.7436270625868708,96,97,53,5
3.6950785365095946,96,97,56,0
1.6267130503009679,98,98,50,5
2.3783330963580398,96,97,51,1
3.9047979856008421,96,97,55,3
3.6991406630293091,94,95,52,1
4.4561246160417856,98,99,51,0
1.8338908901549416,96,96,52,4
2.2425133122491632,96,97,59,5
5.0250254638665792,96,97,52,4
5.1605802348374032,90,91,45,2
5.6070150251034496,94,94,45,4
4.9163893644826455,96,97,54,6
1.1677212056235109,94,95,38,5
0.7085551366999869,96,97,55,7
6.1042207835011579,96,97,51,7
4.4854317688599039,90,91,41,0
1.6212670793974258,94,94,41,4
2.9581434056003211,98,99,45,2
5.6308694201535703,94,95,48,1
1.9220201724667838,96,96,43,3
5.7875662417752753,96,96,51,1
2.5463271404056762,96,96,49,5
4.7273605765636146,94,95,44,1
4.4119098945581019,96,97,48,6
2.6182004818178100,92,93,47,7
4.3774487368616652,94,94,53,6
4.2264254541791821,96,97,55,7
5.1531058943670152,94,95,42,3
5.6772209803548073,96,97,50,4
4.2871098485500907,96,97,46,0
2.3678418518181119,94,95,51,6
5.5591545294378291,96,97,59,1
5.8573388650453566,96,97,53,1
4.2308864561375916,98,99,52,1
0.6016136423367709,92,93,47,7
0.3373124035456957,100,100,60,4
1.2703098315603507,94,95,50,7
1.6365645660962826,96,97,51,5
2.4119203003354923,96,96,44,2
4.0506391371794743,96,97,53,3
5.8553943708881109,96,97,48,4
1.1658175385383651,94,95,55,2
2.1025455875774059,92,93,53,1
2.4502551658626386,96,97,49,3
0.8725897924652323,98,98,46,7
0.9186290738755144,94,95,53,2
1.8602902049892194,96,97,49,7
2.8912560285716680,96,96,56,6
1.4237185945116957,94,94,49,4
2.1633901706927059,96,97,48,0
6.1352801121631577,92,92,48,6
0.3591524399684554,96,97,53,1
4.9948636447370252,96,97,57,3
5.7791943243188850,98,98,58,7
2.9722634796643663,94,94,51,2
2.5741766401073698,94,94,48,5
4.8557024432535174,98,99,56,7
2.0103518071901951,88,89,48,6
0.2997463406356036,96,96,43,1
5.1982165211962421,94,94,48,7
1.6403836037012118,96,97,53,1
4.2780901796910218,98,98,55,2
3.8826634492859524,98,99,49,2
2.6825292357477482,94,95,53,6
0.9380901511228923,94,95,60,1
3.0327513576826051,96,97,53,7
4.2604670398961524,96,97,57,7
6.2035433466703740,92,93,37,5
0.8080460814661855,94,95,56,3
4.8837274818521434,96,97,54,6
2.5549830443903629,96,97,55,7
4.7284916620386310,96,96,53,7
0.5255531779139820,94,95,46,7
4.4667529991074852,96,96,37,1
5.8685248315910412,94,95,51,2
1.5618686745047994,98,99,53,2
2.9193573609791770,96,97,58,6
4.6775562049515464,92,93,47,5
2.0904490518732142,96,96,45,3
5.9631355748609005,98,99,51,6
5.2612535788560457,96,97,56,0
3.0944549232166900,96,96,42,2
4.6191987467471574,96,97,51,7
5.4192044873467466,92,93,53,5
2.3699713618295304,96,97,41,1
2.6699071288300478,98,98,55,4
2.7500895973660135,96,96,48,6
4.9362111620111468,96,97,46,6
2.7915270455818542,96,97,60,4
1.8063892057418003,94,95,51,2
2.4662938326870951,94,94,38,3
3.1675867210880817,94,95,49,4
2.7523883280713646,96,96,50,6
6.1375269402740402,96,97,48,0
6.2506226691695845,98,99,48,3
5.0146145462121465,98,99,60,1
4.9328445858007868,94,95,47,0
5.3831642345251689,98,98,58,3
1.5377088913637067,90,91,41,2
3.4234349521591723,94,95,45,6
1.7097497054419575,94,95,43,0
0.7456097316692180,96,96,49,5
4.9710361958929319,92,92,47,7
4.9958940187347523,96,97,52,2
2.0677217099118721,94,95,49,6
1.6824874307995101,94,95,47,2
3.8638319689280549,98,98,50,3
0.7912630401320911,98,98,47,6
5.3206710404044202,94,95,55,6
3.1649936930503504,96,97,51,1
2.1858363306404862,96,97,56,6
4.7863775648694524,96,96,49,1
6.2113123227226499,98,99,49,4
1.8463014988303998,96,97,50,0
2.9193740021057186,96,96,50,6
3.3737692239576784,98,99,49,0
4.3284506795921720,94,94,51,4
1.7633622763082821,94,95,44,5
0.0114874609484996,98,99,54,7
0.5927267490273723,98,99,58,7
3.7862828572629650,94,95,44,5
1.6210344640744603,96,96,57,5
3.1177253916593473,94,95,46,5
5.5175181555021160,94,95,45,6
2.3396458047208122,96,97,48,2
4.2775658334881754,92,93,54,2
1.9774000310986815,96,97,57,3
5.9129148654715467,96,97,59,1
4.6255120873166531,96,96,53,7
0.6106188793106605,96,97,46,0
3.2604257880854042,98,98,49,6
5.2975085968578730,98,99,52,1
2.8803002587918232,98,99,53,2
0.6898637784173264,96,97,38,6
0.8335621206402117,96,96,44,2
2.8969104001762518,92,93,51,1
0.8716639046874961,98,99,51,2
3.5555535521512525,94,94,42,1
2.4348613588833241,96,97,48,4
5.9696650684439900,96,97,47,7
1.5004687248196231,96,97,54,0
5.4117904465984843,94,95,41,6
0.3650837698379084,94,95,48,1
2.1099658350003270,96,97,46,0
3.5025486639351855,96,96,53,7
1.9646684537640471,98,99,53,4
4.6973986594822383,96,97,58,4
0.6222657392177843,98,99,54,7
0.9293575142526412,98,99,59,2
5.4243789313763209,96,97,45,3
4.1357317707708781,96,97,55,5
3.7698299512812277,94,95,52,5
4.5456338259406612,96,97,48,4
2.7694992772015663,98,99,53,4
0.8199562344073661,94,95,40,5
1.4360450328900831,96,97,54,6
0.1942933915720485,98,98,53,6
3.3611633773950373,96,97,46,4
0.3985633019986815,96,96,44,0
3.2231075095597768,94,94,53,2
3.8250466869162358,96,97,38,4
0.3337978929574823,98,99,55,2
1.0228614204669917,96,97,53,7
2.0499461316569256,94,95,48,1
0.4914998024843270,96,97,56,2
0.4308390943330366,98,99,47,6
2.4438262777067976,98,99,54,1
5.4797116344186385,96,96,47,3
3.7106717536004812,98,99,49,0
0.5777776843523631,96,97,53,3
4.0252601034159738,98,99,43,2
0.9901845243810394,94,95,51,6
2.3054541608201746,94,95,53,6
1.8895369641865158,98,99,50,7
0.0025124546224679,94,95,58,5
3.5575770773896456,96,96,48,0
0.7491808093380070,96,97,47,1
2.1207054934531984,96,97,45,7
2.1030328626652892,96,97,57,1
1.4604027032316527,96,96,51,5
4.7423171846046719,94,94,54,7
4.3968597731434702,94,95,47,4
4.1531556881449063,94,95,45,6
1.2790974454258415,96,96,50,6
4.2255208111558513,98,98,53,0
2.7400406303633367,96,97,55,3
5.7060372976998339,94,94,55,0
2.3240516423975843,92,93,37,3
2.5979217569389825,98,99,51,4
1.6857959253667822,98,98,58,1
6.0132137432476354,96,96,50,4
3.2801661401937623,96,96,47,3
0.1611936275894351,94,95,51,6
1.2151448139719943,98,99,51,4
5.0497173536380675,98,99,58,1
3.1729453165570756,98,99,60,5
5.0533343590366346,98,99,50,7
4.4580375903762555,98,98,57,0
5.8668997785714279,96,97,48,0
4.8257466331629848,94,95,55,2
