theta,t_count,h_count,s_count,w_count
5.8586385633830940,92,92,41,1
4.0461208780505471,90,91,50,7
0.1638702611845392,90,91,51,4
0.5625312784063810,96,97,45,3
1.3898773886225082,92,93,46,2
0.3540722972711142,90,91,60,5
1.5790566929702261,94,94,46,1
1.6601162812922896,92,92,48,0
4.1972732616872293,94,94,44,3
3.4170303801447690,90,91,58,5
0.4590578635730737,94,95,47,2
4.2734781843077103,90,91,47,0
4.0748366504679234,94,95,51,0
1.7688502499277381,94,95,41,2
0.0085084315842826,94,95,48,5
3.3629575448296576,90,91,41,4
4.4543760926418576,94,95,51,2
4.0981596150579076,90,91,53,0
3.7331049649377919,92,92,52,0
2.3013394869638621,88,89,52,4
1.9541560017581567,92,93,46,0
5.9016134752896514,90,91,36,5
4.7180213525355228,92,93,47,1
0.6378178551358126,92,93,56,4
1.4923896685872131,90,91,47,2
1.2250529697403154,94,95,51,0
3.0598134832198474,92,93,54,0
2.2080992200393963,90,91,43,4
2.1038557023102253,92,93,47,7
5.4873206950089930,92,93,47,1
6.1243460309378372,90,90,49,6
0.3792102891301963,96,96,44,6
0.7869920053791556,94,94,51,6
1.3340931241604901,94,95,46,1
1.2726083727755768,88,89,44,4
2.6965152177612692,92,92,47,7
2.0465378731234489,90,91,51,0
2.3784560023068728,92,93,44,2
5.0657113658908104,90,90,46,3
2.0184656179572884,92,93,43,7
5.9731226585819659,94,94,37,4
2.2367129922071665,92,93,46,2
3.9095541912194309,94,94,46,7
3.3865335385278312,92,93,48,0
0.3893925330644759,92,93,52,0
0.1881431602324987,92,93,43,7
5.0677391931320814,92,93,46,4
1.9104509990671283,90,91,53,4
4.5826438070131150,94,95,51,4
1.3618106204270881,92,92,39,3
4.8754423859275171,94,95,46,7
1.5618942402470777,86,87,49,0
0.4334682003515263,94,95,42,1
5.5307588203514406,94,95,43,6
4.1319037283660212,90,91,54,3
2.6034314918362420,90,90,43,6
0.9517513393101157,92,93,50,6
5.9591559776497327,92,93,49,7
2.7844538146213105,94,95,50,3
1.3984000517483062,88,89,47,1
2.0482167280565782,94,95,39,2
4.7888543941349635,92,93,44,2
6.0412059778417637,94,95,40,1
2.0065082298486963,92,92,55,1
4.5385034570773843,90,91,42,1
4.3577161245247336,92,92,47,5
5.5256342025370770,92,93,47,7
0.6129932938906486,90,91,55,4
3.1472466334856386,92,93,40,6
1.1381893232270717,92,92,47,3
2.3943934670752012,86,86,40,3
4.0309697767136834,92,92,47,7
5.2155107002622003,90,90,45,6
4.1900990488579835,94,94,45,2
2.5147201311549718,90,91,53,6
5.6824647541644557,94,95,46,5
5.6369045716225239,94,94,49,6
0.2917032738842273,90,91,50,1
3.3860638834277199,92,93,46,4
6.2623581669204018,92,92,47,3
2.6849401640750692,92,93,51,3
3.1646422606620375,90,91,46,1
5.0248378330152539,94,95,49,4
6.2637031693829615,92,93,46,4
4.6270245445010021,94,94,44,5
4.5821911754775204,92,92,53,3
2.4551600877246278,92,93,44,0
1.8451999636590397,90,91,43,6
1.0802733405568530,94,95,41,4
1.5821850743855359,92,93,44,6
6.0271049864968367,94,95,49,4
2.5483190487366607,92,93,54,2
0.4667793212357459,90,90,44,5
0.1066442172154456,90,90,42,5
6.2822730534301900,90,91,50,5
5.6515086939465382,92,93,54,6
2.4049474545175062,92,93,54,4
1.1026525907387119,94,95,51,0
2.4582700535373290,94,95,50,1
5.1527600026329967,92,92,49,5
5.1580735962462914,88,89,50,6
3.6025252038267532,92,93,57,1
4.9304304075159786,94,95,37,4
1.5366417718248522,94,95,44,1
5.9311845062634001,92,93,37,1
3.4436751631169225,90,90,43,2
3.0175307494918191,90,91,43,4
4.3951044381897697,88,88,47,1
0.0446892525037214,92,93,55,3
1.8504164588999990,94,94,55,0
2.4186172465287803,90,91,40,1
4.7004212108151435,86,87,40,5
3.6776098542644928,94,95,52,1
1.6226714843837446,94,95,43,2
2.5461558785997767,88,89,40,0
1.8528233943280212,94,95,55,2
5.2039119382750085,94,95,52,1
6.0178214132081580,94,95,63,0
5.3627993847407218,90,90,44,1
1.9598935085186018,90,90,48,5
4.7076501357962508,92,93,55,1
3.0663013970570110,94,94,47,4
5.0975221036086404,92,93,52,4
3.0877157391118226,92,92,49,7
0.0207370152558893,92,93,45,5
5.5044992337160581,92,93,57,3
1.9636075325993829,94,94,50,3
4.4832655651584421,92,93,50,4
1.8401813864215752,92,93,53,7
3.9784155484276282,94,94,46,1
4.9944489052184808,90,91,49,2
2.0264358158890277,94,95,53,4
6.1254040672979464,92,93,42,6
4.0718964369270871,90,90,45,0
4.5472993793868799,90,91,49,4
5.5786172591547283,92,92,52,6
1.6273140945502802,92,92,52,2
0.7852711799802884,88,89,53,5
1.7946163570228417,94,94,45,0
5.6748054596405426,92,92,46,6
2.0723987133412267,92,93,48,6
3.0830149228527937,92,93,46,6
6.0879529068619718,94,94,49,4
5.9823081159572276,94,94,53,0
4.4860418318181869,94,95,49,4
1.4969320232507848,92,93,53,3
5.1242864135065274,92,93,45,7
2.0690679805670720,90,91,45,4
2.2887300179282302,94,94,40,1
5.9937623702206198,94,95,45,0
5.9242046458615887,92,93,51,1
4.8847461865458088,94,95,54,7
3.7550716082954683,94,95,46,1
4.4287538965062057,94,95,39,6
6.0346919957607605,94,94,47,6
2.5118555737883650,92,93,47,5
0.6254621016907163,92,93,44,6
2.3081114709292305,96,96,50,4
2.1490362900760842,92,92,47,3
4.7457967161036372,90,91,41,6
2.8035246215296419,92,93,49,7
2.3419105179053736,90,91,46,5
5.1390136418785266,94,95,48,1
0.7936484830976409,92,93,60,0
4.6262096246749334,92,92,45,7
1.7760794147902694,92,92,45,5
2.9462179118359679,90,91,48,1
4.0594281435247561,92,93,55,7
2.4115144319923387,92,93,52,4
0.7225819126691122,92,93,50,4
5.7138835889162527,92,93,47,1
3.3573394446604148,88,89,56,0
2.2840229339987634,92,92,45,5
4.4986004912132600,92,92,38,2
2.5593283094019355,90,91,49,6
3.8666577924479784,90,91,46,7
5.0811799972604081,94,95,50,5
5.5935836224627682,92,93,52,0
0.1444775669435178,94,95,48,1
5.8481606201458911,90,91,56,5
2.4654462195285882,92,93,45,5
6.0267688780836739,92,93,49,1
4.6412934373288781,90,90,52,3
3.4772094817009642,92,93,51,7
0.8601206942225539,94,94,54,5
2.3492203108811718,94,95,48,1
2.6810869033856286,94,95,56,7
1.2521579402862553,90,91,44,7
0.0328072724269877,90,90,47,4
2.7752071200296680,90,90,45,4
0.9312605355911681,92,93,50,4
2.8161059389813650,88,89,42,6
2.4264194633411882,94,95,49,0
2.2007537319873895,92,93,43,5
2.8449438246115735,92,92,40,4
0.1446227600470002,94,95,53,2
6.1974892439924050,92,93,46,6
2.5596510092053557,94,95,52,3
0.6455985226033822,94,95,52,5
1.0074382677944784,94,95,45,6
3.4043144659437794,94,95,46,3
0.2110591934061883,90,90,48,1
5.2917991777495450,94,95,49,0
2.0446502942840019,94,95,47,2
2.3393459114266930,92,92,51,5
3.0129650025158572,92,92,48,4
2.5788459812853275,90,91,53,0
1.1155456480350177,92,92,39,5
1.9092538740283336,94,95,50,7
2.8161285272609784,94,94,42,5
1.5315351951727958,92,92,51,1
5.7228520058530084,92,93,50,4
5.4465448150006770,90,91,52,3
5.4550527824239117,92,93,42,4
5.0278355306103588,92,93,42,6
0.2935838206896102,90,91,52,1
2.0469798323251860,90,91,58,7
2.0878511333080771,96,97,52,0
0.1797788599255203,92,92,51,3
2.0163080918566694,86,86,50,3
4.8143152986479274,92,92,55,5
4.8653492720226108,92,93,52,4
2.4715638430196654,88,89,42,2
5.4614587483737935,92,93,47,7
5.2201627101960133,94,94,37,0
6.1961830979998771,94,95,54,3
3.4450418105107024,92,93,41,3
6.1710972267138153,94,94,45,6
1.5210752290637104,92,92,51,3
6.0137452848441688,94,94,38,7
1.1246059984839691,92,92,46,6
3.0053911825068389,90,91,53,2
1.4725000906092971,92,92,59,1
1.9520305695044589,94,94,51,2
2.1189665972700897,92,92,50,4
0.6862266887074674,92,93,55,1
2.2276893692735817,94,95,52,3
1.5778652973164990,92,92,48,2
3.1880996204860872,92,92,43,1
6.1382313814105824,92,93,50,2
2.9929872839623388,94,95,52,7
1.1738217212615814,92,92,49,3
3.0946253729041766,94,95,55,4
3.6442125937341161,92,93,45,3
4.0404579874336317,94,95,50,3
5.7769938074182843,90,90,40,1
3.7609250311214684,86,86,44,1
5.8377813108445133,90,90,53,2
4.0533247358968501,92,93,51,1
2.3793292390367911,92,93,45,5
3.2384014364932714,92,93,42,2
2.2968545661755804,92,92,43,7
4.4383658140797113,92,92,49,5
2.8122393591239869,92,93,46,0
2.8110868163697398,94,95,50,7
5.6774647041836799,94,95,47,0
5.8261507370998782,94,94,58,5
0.8190159820435962,88,89,47,7
0.5187177362038830,90,90,47,2
5.0522442216007502,90,91,42,3
2.7714774371774560,92,93,57,3
0.5681962128813001,92,93,46,0
2.2482265382005338,90,90,38,7
3.8205659042402704,94,95,54,1
4.1629552502540070,90,90,48,3
0.1056991441810358,96,96,55,7
4.7116248638381029,94,94,44,1
2.2593397412141587,90,91,50,5
1.9976302639329533,94,95,35,4
0.7071497439674569,92,93,55,3
0.2395061457292227,94,95,53,2
2.1164687257921759,92,92,47,1
2.9822415802631768,94,95,50,7
6.0945470415400917,94,95,49,0
6.0683787821939363,92,93,47,3
4.1238665067813471,92,93,44,6
1.1081687187454772,94,95,46,3
2.3876480614318818,92,92,37,3
4.1496126577316579,90,91,53,2
0.0998493706393136,94,95,42,5
2.1849369738763507,92,92,40,2
0.2527874299125710,88,89,53,7
0.0331910705235767,92,93,48,2
6.0727202016440067,92,93,48,0
0.4888960107234153,94,95,48,1
4.7022584817609401,94,95,48,1
3.8886791916487895,94,95,46,5
3.4471429492426782,94,95,41,2
2.4295474536481216,90,90,50,1
1.9059769062567005,94,95,39,4
4.3461092412798186,92,93,54,6
0.8353265042167493,90,90,51,4
4.7108393059457239,92,93,48,4
0.0306875645094917,92,93,56,0
3.6957543942532771,94,95,51,6
2.1465102091553949,90,91,48,3
4.3236626614576563,92,92,52,6
0.0253495006935018,90,91,53,4
4.1197646908399816,94,95,45,6
0.3458000861108965,90,91,44,3
5.3830204374704991,94,95,43,4
5.2714631715828117,92,93,45,5
2.4261806402343131,94,94,42,7
2.7825662117517123,88,89,44,0
0.9449165764488604,92,92,46,2
3.6290981641484401,92,93,51,1
4.1676165403150058,94,94,52,5
2.6134469385638281,94,95,56,7
2.0078528007550109,90,91,44,7
3.4151887399150542,94,95,46,7
1.1522126522418654,94,94,47,4
4.2318989108971143,88,89,43,3
2.3801136878771096,94,95,44,3
1.4884801015991143,90,90,50,1
1.7064707711814764,94,95,48,7
1.8349239861552069,92,92,50,4
4.7023427406237630,98,99,59,0
3.0060118607938753,88,89,46,4
4.6779781730278858,92,93,45,5
4.3611140110988442,90,90,53,6
1.0380294251107536,90,91,46,5
2.8663491663208966,92,93,43,3
3.7324445266048283,92,92,54,2
0.2092708844387884,86,87,41,4
3.4720109733108409,94,95,53,4
2.6332052240921451,92,92,43,1
3.8961194394476819,94,95,49,0
1.7828427838579208,86,86,45,4
0.2444639608789487,94,95,43,0
1.6215816079300636,94,95,50,7
4.7981828683127885,90,91,46,3
4.7943082263712880,92,92,55,3
0.7955950473917844,92,93,50,2
1.5203431251396295,92,93,46,4
5.4195161323321512,92,92,55,7
5.9563807919787592,94,95,46,7
4.2939234000738162,94,95,50,1
4.9867582225707912,90,91,44,1
5.0883205363636046,92,93,46,4
6.0867255643562519,94,95,54,1
4.1946754740195304,92,93,51,5
6.1108927965378870,94,95,52,5
5.6520234418358628,94,95,48,5
6.0980517599762170,94,95,56,3
2.0682324298703190,90,91,49,0
1.7000416636421920,88,89,47,7
6.2620759995312429,94,95,47,4
5.3032079430607260,94,95,53,2
3.2522830034947070,92,92,42,6
5.2013920120613619,94,95,44,5
3.1215812165325230,94,95,42,1
0.5567483904393548,92,92,48,4
5.8477714181315168,94,95,46,3
1.2972746076936870,92,93,49,7
1.1236811572160834,94,95,46,3
2.5888928373677200,92,93,51,7
4.1052355052869718,92,92,56,6
2.8518669609324214,94,95,54,1
0.0992517288628747,94,94,49,4
3.1198454934472872,94,94,52,3
1.1675317880467571,94,95,41,6
4.6728149068185854,92,93,49,3
1.1707186676039774,94,95,51,0
1.3604272469445016,94,95,55,6
0.1914420723935721,90,91,40,5
0.5804364172924225,92,93,49,1
3.3317561131978692,92,93,51,5
0.2754365339569289,92,93,53,3
5.0292203058753815,92,93,48,2
1.8554731075932638,96,97,52,6
5.4063739584653927,94,94,48,1
5.6963744097778166,94,95,51,4
4.8568618710859361,90,90,52,5
4.2943996363043322,90,90,45,2
4.6026397200587619,90,91,54,3
4.6601076811906150,92,93,47,1
2.9715221153774967,88,88,45,3
1.1940878850854153,90,91,41,6
5.5991576374057654,92,92,39,1
0.2892924355039369,90,91,49,6
2.7654431442837182,92,93,56,6
5.4008620636916733,92,92,40,2
2.0792734080660162,92,92,36,4
3.8693016886028659,92,93,53,5
5.4879418622646314,94,95,52,1
3.6305846150525047,92,93,50,2
4.8922059608630812,94,94,50,7
3.5510319337316751,90,91,44,7
1.1256043635713702,92,93,40,2
5.7855578110170587,92,93,47,1
3.0085985277920062,94,95,39,0
3.0533294406091454,92,92,40,4
3.7478192388323794,92,93,49,5
2.8803094846888677,82,82,48,7
0.8091629801160488,90,90,45,6
4.3499569951050026,92,92,41,3
3.3121354249313466,92,93,49,7
1.4500947901118122,92,93,49,7
5.8858239738904086,86,87,49,2
5.2181900911855763,92,93,46,6
5.8400471069590463,92,93,49,3
4.4649259419645357,90,91,49,4
5.5668286560545317,88,88,45,3
3.2443230994848724,96,97,52,4
1.6812539991764446,94,95,52,3
3.6190910029028980,94,94,45,2
4.3689800647154318,92,93,47,7
5.4108979294543147,90,90,42,1
3.8329176910771747,88,88,50,0
3.0054210289338457,96,97,42,4
2.3677359011609558,94,95,53,2
1.7514151691444904,92,93,60,0
2.0499170163834237,92,92,54,0
3.4518088590067535,90,91,49,6
1.7566922680982078,92,93,48,0
3.9626701064247438,90,91,46,3
4.0340870138112166,90,91,54,3
6.2397588184185375,94,95,50,1
1.7339838735778501,88,89,53,5
6.0971924621716065,88,89,53,3
4.9326524863104551,92,92,42,6
0.3031741454034809,96,96,46,2
5.8540044523404111,92,92,41,5
5.6336875346012905,92,92,46,4
0.6218409041705414,90,91,43,6
3.9662193644452457,90,91,45,2
5.1283613861030126,90,91,54,3
3.2752352923330870,90,91,45,6
3.7551003893904693,94,95,55,6
2.7197006189802235,92,93,47,1
3.8257197114066819,92,92,43,1
1.8998757518976475,94,95,54,7
2.3881130489857183,90,91,46,3
3.4900128746009478,92,93,55,5
0.6792898162436516,94,94,52,7
1.7114975398287802,88,88,44,4
0.6035434596425595,92,93,48,6
0.4515491025750636,94,95,52,5
1.1668785830451005,94,95,41,0
2.3475550465763471,92,93,54,6
5.1915347656399344,94,95,48,3
3.2069740274561278,92,92,49,3
0.9252278642993235,92,93,46,0
2.4076383040801517,92,92,48,0
3.8346149347291436,88,89,40,0
1.6825764168701287,92,93,41,7
5.6980228020789685,94,95,47,0
5.7809744328118411,94,95,42,5
2.6352047483241465,94,94,49,0
5.7845834881157909,94,94,43,2
4.6539629509026934,94,94,50,1
5.5419139640272554,92,92,37,7
2.9601291563620560,94,94,54,1
6.0721941564777628,94,94,56,3
5.8492935423768957,92,93,43,1
0.9291418813770288,94,95,52,1
2.9603503873756414,92,93,43,7
0.8701829970942088,92,93,46,4
3.3953212474884791,96,96,47,7
6.2333565129350959,92,93,47,5
1.6297240501791896,94,95,46,5
1.1448178948218819,94,95,48,5
4.0134182904879649,92,92,41,3
4.2153169241092376,90,91,45,6
6.0845652312688019,94,95,53,6
3.3702576015892145,92,93,50,6
0.3285031970390430,92,92,53,3
5.4152777103982181,90,91,54,3
4.0103367584668552,94,94,49,2
5.4121028761242149,92,93,40,6
0.5815628082108750,94,94,51,4
1.7470778139844307,90,91,56,1
1.5446213722806950,92,93,49,7
2.5370656789307504,92,93,48,0
2.9576960525248550,92,93,48,0
1.4839435680381683,92,93,48,6
4.8687844213012292,90,91,38,7
4.8808961195063310,90,90,50,7
2.8224580802973538,92,93,58,2
3.2622907311072611,92,92,47,3
4.1429302295471908,92,92,49,5
6.0154668898694394,92,93,45,5
4.7568539104454137,94,94,49,6
5.0157251450419542,90,91,42,3
0.7236382847579470,96,96,39,1
2.1107572778748369,94,95,49,0
5.1580674468891461,92,92,46,6
1.3691925195378478,92,93,53,7
5.9821411593408413,92,92,51,5
4.8044921737611217,94,94,47,6
4.6040234026336568,86,87,31,4
4.4133062865440236,94,95,58,1
2.6249648903639469,90,91,38,1
1.1673558364609791,94,94,45,6
1.9612161206646819,90,91,54,7
0.5154439528557713,96,97,47,7
5.0749274541324363,92,93,36,0
4.1652955998683314,92,92,50,0
3.0443910214648020,92,93,55,1
4.1337224728218604,90,91,46,1
2.3946789323181954,92,92,56,4
0.8768572572003250,94,94,53,4
4.7052095701759029,92,93,44,6
0.6498376763215380,94,95,55,6
1.5440259530993541,94,95,47,4
2.6360354577063068,94,94,50,1
3.5072751283207588,94,95,50,7
3.9940341769814078,94,95,49,0
2.0683708906098612,90,91,52,1
4.9892533194441606,90,91,50,7
0.8338396509236421,94,94,43,6
1.9732312946150694,92,92,49,1
3.0439804841674825,90,90,49,6
0.2414665855741288,92,93,45,3
0.2201747913887678,94,95,45,6
4.4816094955552828,92,92,48,0
6.1765101399179319,92,92,50,6
2.7883660866212021,88,89,45,1
1.6677013730415489,90,91,40,5
5.0201861144781494,92,93,52,6
0.4997326957546301,92,93,51,1
0.7346132081632392,92,93,43,1
6.0946640383596193,94,95,53,4
1.9694085561004500,94,94,45,2
1.8604052611896285,92,92,48,2
2.6227597910238907,92,93,45,7
4.4016483281145620,92,92,40,0
1.3319020224559930,92,93,48,0
0.0089700810848404,92,92,41,3
0.5336275759920257,94,95,49,2
4.2059797837750654,90,90,43,6
0.0090831110476342,94,94,45,6
3.1316140923972515,92,92,47,1
4.2720582553120083,84,84,40,2
2.9672016288542991,92,93,42,6
1.9763510558653792,92,93,42,2
0.2016631400276646,90,91,53,4
2.4271761463155337,90,91,47,6
3.2511248114329470,94,95,55,2
6.0780178537888343,88,88,45,5
1.2005826534697464,94,95,48,1
6.2679451513978686,92,93,35,5
4.8490161293735818,92,92,46,4
4.1314967447885307,94,94,44,7
2.2732049237553245,90,91,46,3
4.6063656838109619,94,94,51,6
2.3209011919829781,92,92,48,6
0.8174934872912482,94,94,48,1
4.7556532247858456,94,94,47,0
2.8252302789622128,94,95,52,7
2.8383370286267384,92,93,42,6
3.3145306152424521,92,92,46,0
0.0550107113369831,94,94,43,2
0.9240814206334471,90,91,47,0
4.5512977416850982,90,90,48,7
1.0582265808841582,88,88,44,4
0.3419055647865636,92,93,50,2
2.2724822446761150,94,94,55,6
1.6288177211988539,92,92,50,2
1.8182019033567283,92,92,49,7
0.2526940990901587,92,93,49,3
5.1646180585562309,92,93,48,2
0.1136888120144658,92,92,47,7
0.5533277887524041,94,94,36,5
5.4907235712754137,94,95,53,6
5.5083106341989412,92,93,39,1
4.9579171001961209,90,91,51,0
3.0647474804397747,94,95,52,1
2.4043851570090484,90,91,47,2
3.8125923332746585,96,97,44,4
3.3774092280862660,94,94,53,2
2.2102681615537021,96,97,69,7
1.1697924811331040,92,93,42,2
3.6686798373995622,94,94,36,5
4.4313542225849121,92,92,48,2
3.6320690256779016,92,93,49,1
3.0490298332622099,92,92,42,0
0.9711791635149530,96,97,45,7
4.7985195065336281,94,94,44,7
1.8761036588737248,90,90,47,2
3.2772745985854055,94,95,48,5
2.2657864692913883,92,92,47,1
3.2834776559303873,92,92,55,1
1.6283589773308753,92,93,45,3
2.5611289982473990,92,93,49,7
2.7697327861770251,92,92,52,0
5.9806990012055978,94,95,45,0
0.3050995289892042,94,94,51,6
0.3750062098210438,92,93,38,6
2.5195937633487655,90,91,51,6
5.4175796698039740,94,95,47,4
3.3861550195134176,90,90,44,1
4.1245004090573101,94,95,51,2
0.8559255788260269,94,95,44,7
2.5892566539973050,92,92,46,6
2.7332347228061762,94,95,49,4
0.4898510874861053,90,91,45,0
5.5446571454160756,90,90,46,5
5.6653544925069070,90,90,41,2
3.1864749498679350,94,94,43,2
0.6677186546247197,88,89,43,3
2.9885168047376340,90,90,50,1
3.6534168278983943,94,94,50,1
4.1228810944614862,92,92,41,5
0.9515118926978996,92,93,50,4
3.6142507902774983,92,93,45,5
1.3518937185019755,92,93,51,1
3.8340777771389227,94,94,49,4
1.2782076239461284,90,91,53,6
0.9065395781450722,94,95,57,0
4.7137512356156002,92,93,47,7
0.9748861190598935,92,93,54,6
4.3341581303313603,94,94,52,7
4.7541529810551859,94,94,45,4
3.5357839252693779,92,92,50,0
0.4688932112078514,92,93,38,0
3.7595737129161564,88,88,52,0
5.6833866074207702,92,93,55,7
4.6818066570664403,88,88,47,1
5.4108617977651399,94,95,52,7
0.3202428837534269,88,88,46,4
4.2572226775086444,94,95,58,1
4.8747251999854022,98,98,52,7
1.1138808741787758,86,87,43,6
0.1275414481439646,92,93,51,3
2.5545029188289448,90,90,49,4
2.2374572222310865,92,92,44,0
2.5706599853262677,92,92,51,7
5.5308682697208615,88,89,41,7
3.9935117258777169,94,95,46,3
1.2397205315497963,92,92,48,0
0.2516293590099942,90,90,47,0
1.4434824201513170,82,82,44,3
3.3561599892884217,94,95,50,7
4.0226609906816533,90,91,48,3
2.8838635689806225,92,93,53,5
3.9319004182996338,90,90,41,4
4.2138339076993878,94,95,45,0
1.4884150697325178,92,93,45,1
1.5243892190947292,92,92,51,7
3.4056416779711882,92,92,39,1
4.0190658277781433,94,95,37,4
2.8299225047779113,88,88,46,2
4.3678872517349534,96,97,60,0
3.8145920443025862,90,90,49,0
1.1024198455892065,94,94,46,7
3.3865099915628951,92,92,44,2
1.4797669959495927,92,92,49,3
2.8506015342318443,90,90,45,4
4.4410795401504890,92,92,55,1
2.4836172363521110,94,94,49,4
1.7801829123074058,94,94,40,7
0.2500358056874891,94,95,45,6
3.1280962516078610,92,93,48,6
2.5553142372971349,94,94,54,7
1.0317409103505875,92,93,45,5
4.9557822123750022,92,93,48,6
5.7426846154830651,92,92,47,5
5.4718650235594621,92,92,58,0
5.8984016434389090,92,93,49,3
1.4203419678111791,92,92,48,4
1.1367126634970814,90,91,50,1
3.3305145301485632,92,93,44,6
4.2859822627817259,94,95,53,4
2.9690752242482339,92,93,52,4
2.2935331450983099,90,91,42,5
3.6723142679861880,88,88,48,6
1.1702064910668000,92,92,37,3
4.3659196485737324,94,95,46,7
3.8717749841758082,92,92,47,1
1.2221238746895360,94,95,50,1
5.9523090811526815,90,91,47,6
2.5086434023803466,92,93,56,2
4.3585922865043587,90,91,50,1
3.2661028247810160,94,95,51,0
1.3114141904002572,94,94,42,1
1.4594450447207514,90,91,44,3
4.4518606676955823,94,94,44,3
4.8715764516550921,90,91,49,6
3.1703526451598600,92,93,52,0
2.6367527366404344,94,95,56,1
0.9766852533642391,94,95,39,0
5.1665902158565871,88,89,57,5
1.4242423263797372,92,92,53,7
6.1374483550736558,92,92,53,3
2.0107239986227254,92,92,48,4
3.0124115352571588,94,94,50,5
3.7131993215761061,90,91,45,6
5.2482544020517405,94,95,57,4
3.0141758880437175,94,95,44,3
0.6513735078749251,92,93,50,2
5.3622768211639542,94,95,51,2
5.3046784776962275,92,93,53,1
2.6565583318306620,92,92,45,3
4.1848675056044113,94,94,37,2
5.3273960378752552,96,97,53,7
3.9662308130169488,94,95,53,6
5.9641518464495329,88,88,46,6
3.5417231347353426,90,90,48,1
3.8861605913410910,96,96,52,4
2.6139861286149504,90,90,39,0
3.2751328216531230,92,93,49,1
1.2938778561955599,94,94,53,4
2.9342192422088571,92,92,49,5
1.5052330973457504,94,95,48,3
1.6767674851159680,94,94,52,1
4.8881159643600833,90,91,35,0
2.6741697679785430,92,92,47,3
4.1806259462507445,94,95,42,7
2.4014173282331974,92,92,52,0
3.6106205342398709,94,95,42,3
4.3820245027151046,94,95,64,7
0.0232736938535180,92,93,47,7
0.3901548973035515,92,93,39,7
0.7961032937697282,90,90,46,1
0.6038299628210452,90,90,47,6
1.7357351684499258,92,92,48,4
4.7374076074074711,94,95,54,5
3.2477308198946560,94,95,49,2
1.2797850060499949,92,92,43,7
5.0578858698821501,94,94,47,4
5.8829473558833181,90,91,47,4
4.8959060181687635,94,95,53,0
4.0504222898476980,88,88,46,4
1.7567755211227869,88,89,47,1
3.1418345004129291,94,95,55,6
2.8230125364264596,94,94,41,4
1.7470521931934957,92,93,50,0
4.3353221959536405,94,94,47,6
4.7045298679857765,92,93,46,4
1.3542183220104571,90,91,40,5
3.3145816716302954,92,93,44,2
4.6632502575020469,92,93,51,7
0.9264659988580342,94,95,45,2
4.1216222252851233,88,89,46,4
0.8148884984791464,90,90,47,2
4.2780647386285029,92,93,46,2
4.0119015284800863,90,91,57,0
4.7453202534296963,94,95,50,5
6.0298718120723027,92,93,48,6
3.6007591133312480,94,94,48,3
0.2125928583074596,94,95,46,5
5.7619378280750455,94,95,47,4
3.7125518255533607,94,94,46,7
3.4107055680098255,92,93,49,1
3.8305043910051109,94,94,49,0
4.4380047779455314,94,94,51,6
3.5702427738945524,94,94,46,5
1.0525793401902579,90,91,45,0
4.7916100930984999,92,92,48,4
0.1784426566235847,92,92,50,4
1.4127511488510618,90,91,47,6
0.3495466599894479,88,88,48,2
0.4496638373832937,92,92,46,0
0.1205406455746846,94,94,51,2
2.5837463652470696,92,93,45,3
2.8810211456968982,92,93,49,3
5.9209010919418539,90,91,47,4
4.6966285319073693,94,95,43,6
4.9396036457851427,94,94,52,3
0.0644005180882917,94,95,48,1
3.5573753974248365,92,93,46,2
2.7555957890774381,92,93,47,5
1.4762284703674897,90,91,39,0
1.0064958421922121,94,94,50,1
3.9592125485734653,92,93,48,0
1.3590413617965948,92,92,50,4
1.9040964145422847,92,93,51,7
2.2362007452173414,92,93,41,3
4.3229718079043638,84,85,43,7
1.2518729956244250,92,92,48,6
1.7626600398808598,94,94,41,2
5.1933420914727755,92,92,57,3
2.2923611887348279,92,92,46,0
1.1316786432068067,94,95,50,1
0.9634670602879469,90,90,51,6
0.3793827416524709,92,93,46,4
4.5064282508532765,92,93,43,7
3.2023782787552051,92,92,44,4
2.7811082390809481,90,90,52,1
2.6607340158447048,92,92,41,3
5.3735805720934717,90,90,49,0
3.9217903683282485,92,93,44,2
2.5589992552447050,92,93,49,1
3.4810153756127900,92,92,46,4
3.9324260952153800,90,91,38,7
4.1571546201859526,92,93,49,7
1.5041038818754628,94,94,49,2
2.6296420348897689,92,92,52,6
4.4993088632320859,94,95,52,7
0.5581003075116955,92,93,48,0
5.7538745383844656,94,95,55,4
0.5170978657037429,94,94,42,1
4.0228217712430325,98,99,48,1
6.2083692357070044,92,92,45,5
5.5557919737950892,92,93,59,5
6.2656082240614497,92,92,52,2
2.6885763284830535,92,93,39,1
6.1886649950476755,92,93,42,2
3.3935321193507360,92,92,46,2
3.6803013076710296,92,93,46,6
4.8917414904899941,94,95,52,5
0.2896678156615045,92,92,45,5
4.7908505012722413,94,94,50,7
3.5381860147282440,92,93,50,4
2.5316813171659796,92,93,46,2
0.0363824139635465,92,92,53,5
1.6840307511383523,90,91,47,6
0.1874364947294596,92,93,58,4
1.9235621307667479,92,92,48,2
3.2171841676025634,94,95,47,2
4.5600960278439233,94,94,47,6
4.2211167801859037,92,92,49,3
6.0405874212016055,94,94,54,3
4.4780014615140349,96,97,44,6
1.1431625042022344,92,92,44,0
3.6294526001749898,92,92,49,3
2.2606833054739761,92,93,50,6
1.4646429635598353,94,94,46,7
2.9072605475721365,92,92,45,7
3.1774689305489061,92,93,53,7
0.4280353652188877,92,92,52,2
3.1597826049586910,92,92,60,0
2.7245701396211066,90,91,46,3
4.5870522246827683,94,95,42,5
2.2674721317979070,92,92,49,5
6.1162747571388474,94,95,57,0
5.7723492146651125,92,93,49,1
3.6707449089234001,92,93,50,4
3.2075874598918901,92,93,56,2
3.4767004652471551,92,92,49,7
0.5664320106041789,94,95,43,6
5.6846764271707864,92,93,37,1
1.6755614366667273,92,92,47,1
4.8940965523197200,92,93,48,6
0.0615149161212679,92,93,47,3
1.7955389704471238,90,91,43,6
1.0040521530631683,94,94,43,4
2.8024054104462395,92,93,33,7
4.8019339570278117,94,94,49,0
2.4841654615106425,92,93,48,0
1.8251372128099166,94,95,54,5
3.9434900372290307,88,89,39,3
5.6534395315781412,92,93,51,5
4.1787230118816057,94,95,50,1
4.8310903065337394,90,90,41,6
5.9741877292046972,88,89,35,1
0.7430329440204504,94,95,51,2
0.5952043352592538,90,91,51,6
1.1267529926871276,92,93,44,2
5.8095343991119819,90,91,44,1
2.3284134034369477,94,95,52,1
4.3955206467441013,92,93,50,2
2.4345285069490918,92,93,57,1
3.6706425359797730,92,93,51,5
1.4060913178927743,90,91,35,0
0.0450893770567274,92,93,50,0
3.6346948645760739,92,93,43,3
2.2169891740766463,90,91,44,5
4.7831789989646376,94,95,45,4
4.0645832566999722,94,95,48,3
3.3580395959002014,92,92,39,1
4.8136405703180136,92,93,46,4
4.3055608460534422,92,93,51,5
3.5102756993778521,92,92,47,3
2.2893417681397330,94,95,63,2
5.3392510778069759,92,93,44,0
2.3276534459982239,92,93,40,2
0.4882313024186757,94,95,49,0
3.4011859004242844,96,96,56,6
5.6330971836950532,92,92,42,6
4.7130622095004311,90,91,52,7
0.3049778359006499,92,92,43,1
5.6213171073120947,86,86,48,3
4.7873259483353428,92,92,52,4
0.0689991506546821,92,92,54,0
5.0949813650871247,92,93,44,0
4.8780852303349613,84,85,39,5
2.1545227251717805,90,90,50,7
0.2487332603546050,92,93,50,6
0.3236658043864548,92,92,46,4
4.1593316830545906,88,89,49,5
4.1193404708279564,90,91,47,4
1.1289105810079101,92,92,42,4
2.6449979692256353,88,89,42,4
0.4783774584922304,94,94,55,0
0.4641422181706998,94,95,52,5
4.0362931742357206,92,93,57,3
5.9755664827125594,92,93,47,5
0.2054286981776086,90,90,45,4
4.6641840215993096,90,91,43,0
4.1458608285972165,92,92,35,5
5.0892342562327322,92,93,48,4
5.4774899924495042,90,91,51,0
0.5157515073167279,94,95,50,1
1.7959868682109255,92,93,44,4
5.9995930451918760,92,92,49,3
5.0966547087067822,92,93,45,5
5.1487301343243788,94,95,56,3
4.8962432648221030,94,95,46,7
4.8594877335680904,94,95,48,5
5.0886159549218037,94,95,45,6
2.8878973803312884,94,95,51,0
1.8006307189694959,94,95,53,6
5.3203403017231956,94,95,45,4
0.7031923692571402,92,93,50,6
0.7937531762787442,92,92,44,4
3.8704641474775729,92,93,54,6
2.4794934040669481,94,94,55,4
2.4017215138815797,88,89,47,1
1.0913040375096748,94,95,48,5
0.1263662604191227,92,93,53,3
2.5639177551926875,90,91,49,2
2.8955383610468814,88,88,42,4
4.4904444502143930,94,95,45,4
0.3973329642536867,92,92,44,2
4.0094576246012998,94,94,46,3
1.4521497041609388,94,94,45,6
3.2990659592049321,92,92,38,2
2.9232817399721411,90,91,45,4
5.0471378501946127,92,92,40,6
0.8935504332214168,94,95,48,5
2.8580744418472128,92,92,40,2
0.7047916877227199,92,92,49,5
5.9348394031988772,94,94,40,7
4.5595231429237559,92,93,56,4
1.8957272439430140,92,93,53,1
0.5073901836442893,92,92,44,2
3.0098179885802052,86,87,43,6
0.6332214385807367,92,93,50,0
0.9718358109066876,90,90,46,7
3.3370433530202464,94,94,46,3
4.6279506081097699,90,91,43,6
0.2298500779802194,94,95,46,7
1.8524446766996767,92,93,51,5
5.4241092169082554,94,95,50,5
0.5751027601874982,92,93,46,2
1.8931710839183042,90,90,49,6
3.5126821554032350,92,93,48,6
1.7839079104986046,90,91,42,7
4.6294650480729196,90,91,51,6
4.4998755858204156,92,92,43,1
1.7537075929938768,92,93,56,0
4.5325983917374364,94,95,52,7
0.2375778068396207,94,95,48,7
2.9055526099340279,94,94,43,2
2.4244472285746625,90,90,44,1
4.9308154807155349,92,93,47,1
0.3943236852290817,92,93,47,5
4.3277985087878932,92,93,49,1
5.5496517789502784,92,93,50,2
3.0282258889779117,90,91,45,2
4.1604352651062833,92,93,42,6
2.8288047149275806,92,93,49,5
0.1955623252537411,92,93,47,5
4.0926283784012263,88,89,39,1
1.7307456024103327,90,91,49,0
0.3158048244654464,90,91,49,2
1.5689794362021994,92,92,48,2
5.5226941789101698,94,95,48,1
3.2568465846845136,92,93,47,7
0.1136334852872816,92,93,41,5
5.4108925720353493,92,93,49,3
5.4721754853906956,90,91,48,5
6.0960299406206566,90,91,46,3
1.1401476586060948,92,92,48,4
2.9827937628674914,92,93,45,3
1.4933785272617366,94,95,48,5
2.0453442278647005,94,95,53,4
5.2727220993431105,94,95,41,4
3.2464375928591274,92,92,49,1
4.8190574806594828,94,95,37,2
4.0841192436960725,94,94,37,4
5.9922509871644820,92,93,48,0
3.0162684711984893,92,92,47,1
6.0978461402036865,94,94,52,1
3.4384628677754798,90,91,46,5
1.6081049371581102,90,91,49,2
5.9132676895928098,94,95,44,3
5.8033568329892962,94,95,46,3
6.2675057013190569,94,95,56,5
2.5399469296263635,90,91,44,1
5.8207728061909005,92,93,58,0
5.3227285525118351,92,93,41,7
0.8099074216472811,90,91,46,5
3.1713448102045656,94,95,43,0
0.5844338500114743,92,92,45,1
5.8648656472603324,92,92,49,1
4.2813476205896333,90,91,52,3
3.4015505827185808,94,94,60,5
2.8087005728320138,90,91,49,2
2.0287864979651866,94,94,52,5
5.6490923883421713,92,93,43,5
2.7079666212852236,88,88,47,1
3.3819919042102073,92,92,46,6
3.5063375724737420,94,95,43,0
4.4115744056913240,94,94,46,3
1.0875263390261507,92,93,44,4
0.5831947109886091,92,93,48,0
5.8788668218289670,94,95,53,0
4.6486947683920317,92,93,59,1
2.7031376135527010,92,92,49,5
4.8748585103632518,92,92,42,6
3.6713224361190182,92,93,47,1
4.1851425549744201,92,93,51,7
2.6658212321979335,94,95,47,2
4.4684426100404542,94,95,45,4
3.5776711391483609,94,95,47,0
3.1572423421906182,94,95,48,7
4.8796913749432926,90,90,40,5
0.0371237888465830,90,90,44,1
5.1288106867822432,94,95,46,7
2.9867121573095203,86,87,44,3
2.5863604824500577,92,92,54,4
0.6323001582004898,92,93,49,3
4.3864794530876532,94,95,54,5
5.9726236125662071,94,94,52,3
3.1803552307517728,88,88,47,5
2.8796452174293710,94,95,42,7
1.9618904095988579,90,91,47,6
4.2819184448168794,94,94,51,0
0.4342663433155143,94,95,44,1
3.7828066104076012,92,92,51,5
5.1755954050217046,94,95,43,6
4.4058312997771862,92,92,46,6
1.7297521457832488,92,93,48,2
2.8032351536350291,92,93,58,2
0.1281133091958389,94,94,49,0
2.8335233918581810,94,94,56,7
0.4562518222325296,92,92,53,3
6.0579593863142582,84,85,59,1
3.1373337755357436,92,93,50,0
6.1452076481012385,92,93,46,2
4.0260040232954610,94,95,56,3
2.0463907242546280,92,92,53,3
5.7954996566738233,94,95,46,1
4.3644109858728655,94,94,56,7
6.2533523524026009,90,91,55,2
5.5969545554340820,92,92,47,7
4.8244875450744003,90,91,45,2
2.4301377291209607,90,91,44,5
4.2325804827505467,92,92,51,1
5.5173669536394518,94,95,53,0
2.4332574646564415,92,93,47,1
5.6038807634786290,94,94,48,7
1.1023868789429909,90,90,49,4
3.4576155545020333,90,91,37,6
3.3395215351489740,94,94,46,3
2.5084090265882213,92,93,48,4
0.6045395535073291,92,93,47,5
0.5754907778238895,92,93,46,2
1.9758833885944935,92,92,48,6
2.3985243220673649,94,95,48,1
3.2208448397774911,92,93,44,0
0.1605439520795506,88,88,47,7
3.5606885316041037,94,95,49,6
0.4897448074806937,94,95,43,0
0.9834694335331677,90,91,46,3
4.7394727079802363,94,95,48,7
1.9363395154286656,88,89,52,2
1.5851162626115156,94,94,46,7
2.1908202311582565,88,89,47,7
1.8825418468781407,94,95,51,0
5.4090616050424725,88,88,50,4
3.8083572983921545,90,90,41,2
4.9152629209081482,88,89,40,2
2.2251629023292128,92,93,59,3
5.9472685806339021,90,91,49,2
3.3333882913832378,94,94,56,3
1.7270903097740937,88,89,52,0
0.5579876434696299,94,95,50,7
3.2561608660138841,88,89,40,4
2.8267181327126596,92,93,42,4
0.5564922492120186,92,92,52,6
1.3469837521190593,92,93,49,5
3.1620199424741733,92,92,53,7
5.4176534348984733,92,93,56,2
4.1371396674183485,92,93,48,2
5.5544451777230126,94,95,52,1
0.9314405705917199,90,91,53,0
4.8126561450472094,92,92,39,7
4.2665172396108861,90,91,37,4
4.9264123538172768,92,93,41,5
0.7320192565603827,94,95,50,7
1.8810975906669185,92,93,51,3
5.6147671524475671,92,93,47,1
4.1697320117716403,90,90,44,5
3.2578230959719936,94,95,56,3
5.0918973763042201,92,93,52,6
5.2383706924995677,94,95,44,7
5.9069667565895871,92,92,58,6
2.1245743959585761,92,93,48,0
0.0292582352613585,92,93,44,6
1.3890811146642297,92,93,49,3
4.8090908051035521,92,93,48,2
2.3417748873950415,90,91,55,2
4.1828850324611029,94,94,56,3
3.8455733240227241,94,95,45,0
0.5977743987065209,94,94,49,6
3.7146956616356026,94,95,44,5
4.3491367858745233,94,95,49,0
4.8036467671925465,92,93,41,5
4.4387441044577756,94,94,53,0
3.8760502501103780,90,91,42,5
1.2211971685607146,94,94,52,7
0.8364665500205165,90,91,46,7
4.7755809813069838,92,92,48,0
3.6457780802093436,92,93,49,5
4.0519484773424415,90,91,41,2
6.2644821666504331,94,95,42,3
3.7764233359984161,94,95,50,5
3.1525138195117997,94,95,54,5
3.9500742110124833,92,92,49,7
2.3626519661092740,92,93,42,2
2.2389025528126298,92,92,51,3
0.4046936807201733,90,90,43,0
6.1032146205411149,92,93,47,7
4.7491520327456813,92,93,51,7
1.7883200676714095,92,93,47,7
3.1215548815191636,94,94,44,7
5.3567463954186278,90,91,44,3
1.9142498618259844,92,93,54,0
0.4401970046472163,94,95,51,0
1.4938993646712100,94,94,52,5
1.5321062711823046,92,93,43,7
5.0110367327835892,94,95,45,6
6.0991779151547680,96,96,42,2
4.1318366050494779,90,90,53,0
2.9133868188597707,86,86,38,7
3.4967284541270596,92,92,50,4
2.6719078596906267,94,95,45,2
1.4382737587465702,90,90,52,3
3.6226484246944839,94,95,40,5
0.6509287546048868,90,90,50,5
1.1639942073246559,94,94,49,4
4.5107097075740104,92,92,47,3
2.9414175984820043,94,95,45,6
4.8577120748436586,94,94,57,4
3.4956892563182693,92,92,52,0
5.3838187645188018,94,94,48,5
5.7926474162593911,94,95,49,0
5.0308809973869000,94,95,44,1
2.9478370347384577,94,95,45,4
2.7152007108447380,92,93,47,1
3.8006718568740925,92,93,44,6
0.4444737175609397,94,95,54,7
2.8586687296970297,92,92,48,0
5.1984400884793169,88,88,45,7
5.9580742911276499,92,92,45,7
4.8306212647829616,88,89,42,6
3.6216818334630640,90,91,40,5
0.6584777946463942,90,91,46,1
3.5084228675623179,94,94,43,2
5.3460770357768048,92,92,50,4
6.1645518486394080,92,92,56,0
1.4844348597987242,94,95,47,4
5.9652458880788499,92,93,45,5
4.8115859878885443,92,92,54,0
5.8970024860426609,92,92,44,6
0.2182473773950455,96,96,42,0
2.7639353028899794,92,92,45,3
2.9969483300408943,94,95,50,5
1.1319022722396390,92,93,49,3
2.7813684232067666,92,92,54,6
0.8268401286658577,92,93,50,6
4.8852894573575849,90,91,53,0
0.1438780627842214,92,93,48,0
5.9287628717787930,88,89,42,6
3.8364622667362487,92,93,52,2
0.2793327234461069,92,93,44,4
0.8248049451986295,92,92,40,0
0.9126148408101403,94,95,43,6
1.3474966985243446,92,92,50,4
4.9254558464655807,94,95,47,4
5.6774566319055868,98,99,57,4
2.2716856420546407,96,96,48,4
5.5824166809221234,92,92,50,0
5.0686225320507834,90,91,42,7
3.2932308184571424,94,95,54,5
5.0807979549561493,90,91,38,5
1.2772579538750068,92,93,57,5
3.8691130067590631,94,95,45,0
3.9322820599273904,90,91,46,5
2.9738609575285406,88,88,42,0
0.4524403941037207,90,90,49,6
2.3661443155887496,94,94,50,7
1.3695685900240211,94,95,55,6
1.1425228574570288,92,93,55,3
0.6579503310270887,94,94,48,3
4.6774368381091893,92,93,47,7
3.0157212448601354,86,87,43,4
6.2269803693437193,92,93,50,0
3.3599055313948711,88,89,49,3
2.3462840869731307,94,94,44,5
5.5137644790330524,92,93,42,4
0.6499521638142179,92,92,53,1
2.9941145794791675,92,93,62,4
4.2185121494366147,92,93,48,6
1.6317200158636433,92,92,51,7
0.3570244476140002,90,91,46,7
5.3223282535890526,90,91,51,0
5.3178159952437047,92,92,43,7
4.0637204237717155,94,95,46,5
4.8590634271842079,92,92,52,4
1.5647662746488531,92,93,63,7
0.5321140054953136,94,94,51,6
3.9575887787120592,92,93,54,4
5.4786443002197291,94,95,54,5
2.9863565969977008,94,95,36,7
1.0310064125769294,92,93,56,4
3.5867017843456903,92,93,44,0
2.8522960804806186,92,92,44,2
2.5545448063388703,92,93,51,7
1.4794716148424818,92,92,48,6
3.1316875399173134,94,94,52,5
2.3993093793283733,96,97,44,0
4.5836763340578166,92,93,42,6
1.9451812611356760,92,93,50,4
1.0529880778020337,92,93,53,5
5.9965847468586233,94,94,55,0
2.7506107431038846,90,91,44,3
4.5166445648363265,96,97,47,1
2.2658776141863100,90,91,45,2
3.4455098840882852,94,95,50,7
3.6382966601084554,90,91,55,6
2.7192333124188024,90,91,48,1
5.3755956334340969,86,87,40,3
4.2776421209563260,92,93,54,2
0.1446376020707965,90,91,45,0
0.3881845318507250,94,95,41,6
2.4081748292292682,92,93,49,7
5.4808214863974696,90,91,43,4
3.0262517178198807,90,90,47,6
5.1536219767325226,90,91,42,1
3.4201780987120913,94,95,52,3
1.8659802425524692,90,91,56,7
2.2829627545581430,94,95,47,6
3.3237636882576469,92,92,50,2
2.0330070195206793,94,95,48,3
5.0172854588968834,90,90,48,5
5.0469436287092257,94,94,44,7
1.5475689538396489,92,93,47,5
5.3050455956800286,94,94,45,6
1.9118415587804101,92,93,52,6
6.1221254958224955,94,95,50,7
1.7982453986583833,94,95,48,7
2.9732694957886832,94,95,45,6
1.2708013650262131,94,95,50,3
6.2742536529981052,94,94,54,1
1.2975787847666613,92,93,51,5
2.5324998889308366,92,93,50,4
0.9723390227332863,92,93,50,2
1.8999940703947715,94,94,48,1
2.4198774241534222,92,92,50,2
5.5206261726857999,92,93,45,7
4.0158015240707661,94,95,52,3
3.7274704060998043,94,94,39,4
2.4852420700187641,88,89,43,1
1.6273018486574573,92,93,50,2
2.6910186116601640,92,92,52,4
5.9472555228946460,92,92,42,4
1.0942424825293855,94,94,44,5
4.9342940175130305,92,92,48,2
4.8230123048012521,94,94,49,2
6.0665179699185696,92,92,41,7
2.1102175064628867,92,93,42,6
1.3543779420598225,92,93,45,3
5.1259440108455046,92,92,38,6
1.7481507765143596,92,93,46,6
2.5318880499496226,94,94,53,2
4.2568975639059721,94,95,50,7
5.7561460106863302,90,91,51,0
4.4850082694293825,90,91,56,7
5.0421691993599751,94,94,57,2
6.0163071424305272,92,92,45,3
5.4968257983558662,92,92,53,3
5.2003665654511657,92,92,46,0
0.4517198394696785,94,95,50,3
2.5808619282345262,92,92,47,7
0.5239650019594293,92,93,45,1
2.8092553336026258,88,89,40,4
2.3132081651494594,94,94,50,5
0.0444260871300757,94,95,48,7
0.3196148448952674,92,92,46,2
4.9487284375739877,90,90,45,6
0.8706760759041139,94,94,48,1
1.1113428594699639,92,93,49,5
3.2406818754722186,90,91,49,4
2.8413766469422295,90,91,54,5
0.8636325365598458,92,92,52,4
2.5643542782905620,92,92,43,7
0.2690156354190152,92,92,45,1
4.3631113811467124,92,92,46,6
4.2780033269760409,94,95,47,2
0.8741507683159203,94,95,49,6
5.0912124514434360,92,93,49,3
5.6388728249688151,94,94,52,7
2.4872716507583319,90,91,53,6
4.2309840667725274,92,93,46,2
2.2485659710234440,90,91,47,4
2.1378733117982871,92,92,54,4
0.2055851271469252,92,93,52,0
4.4174098164634126,90,91,42,1
2.9819774403995298,92,93,45,7
4.2031129254383366,94,95,46,7
2.7877189082021112,94,94,48,5
3.3584619782545406,92,93,49,3
4.1643387056250480,94,95,47,4
5.2091620889354715,94,94,39,4
6.0450004921237648,88,89,57,5
0.9722027595101489,86,86,48,1
0.6885119566065590,86,86,39,0
3.6460766161297617,94,95,56,7
0.2389292667552070,90,91,50,7
6.0387109178194542,92,93,41,1
4.6434069247338314,96,97,53,3
3.7474400218732233,94,94,52,7
2.5540030768986179,92,92,50,6
1.2258937389856925,92,93,47,7
1.0912974013210759,88,89,54,2
2.5276956905181041,94,95,54,5
0.9938616732718414,92,92,50,4
3.3403871657101454,94,95,50,1
4.3679417618594574,90,90,53,4
3.8764887344156236,92,93,48,0
5.3663450514315789,92,93,47,3
3.0666318166957889,90,91,46,3
3.1544147439551837,94,95,43,6
0.3021742842752836,92,92,47,3
4.4974217040952045,92,92,45,7
2.7325807140152145,94,95,45,6
1.8989422697207958,92,93,51,5
1.0705045789650578,94,95,42,3
0.0393866256876459,90,91,46,7
0.8098223649607280,94,95,52,5
4.5618948503769063,92,93,54,4
1.7668262855367651,92,93,54,6
4.9231340018816292,94,94,46,1
5.8993463364354044,86,87,49,6
0.7420532505040939,92,92,54,0
2.8840408950149601,92,93,49,5
1.1250939863582261,92,93,41,1
2.5365684329312259,94,94,61,6
4.4762081776898315,92,93,55,7
5.7450379784921735,92,93,46,6
1.9677577262599151,92,93,52,0
1.6054551640144745,90,91,50,5
1.5131513392529730,92,93,49,7
0.3604288655451347,94,94,52,1
0.4886271321175488,96,96,59,3
4.9169259392519447,94,95,47,4
4.9321891029947649,94,95,47,2
5.6496936906980864,92,93,47,7
1.0504133001056948,94,95,43,0
6.1048520024746793,92,92,41,1
0.0680469624212695,92,93,50,4
1.8669429482556710,90,90,43,4
2.6375779570237041,92,93,50,4
0.1889904787474637,90,90,43,0
4.7416610427940231,92,93,41,5
1.2745932596016487,92,93,45,3
2.1323767955782715,92,93,47,1
5.0508317783376269,92,93,49,5
0.6910223801143524,96,97,46,0
5.9149101714341192,92,92,52,0
2.0630172726741929,92,93,53,1
1.2206711808614228,92,93,44,2
1.8159085455409711,94,94,46,7
3.5848594881281559,94,94,49,4
1.2365152084999018,88,89,47,7
2.8590505582548693,90,91,57,6
5.6720940372152509,94,94,45,6
2.2034029885362902,94,95,60,3
3.0881149275210014,92,93,44,0
5.8637445154437735,92,92,46,4
4.7616615067370418,90,91,53,0
4.6110843113914521,92,93,57,1
4.3579043167894822,92,93,48,0
3.9267831211564652,94,95,48,3
3.4513326612218216,92,92,44,6
4.6249889029466758,92,93,43,7
3.9149317202489273,94,94,44,3
3.3940292233491371,92,93,50,2
1.3619338851848024,92,93,44,6
1.5475610759626868,94,94,44,7
5.1318032327524250,96,97,51,5
1.3505144321046727,94,95,50,3
6.1283646354769328,92,93,45,5
5.1051722227975667,92,92,51,7
1.1079352495275541,94,94,47,4
1.5262018446551182,90,91,44,5
6.1414437892945166,94,94,49,0
3.7590364621101524,90,91,46,5
3.3943658592683463,96,97,57,1
2.0890148228483416,94,95,42,3
5.5579547492947610,94,95,51,2
5.2900000427098046,92,92,43,7
2.1801235468888436,92,93,47,5
6.1284090833762503,92,93,47,5
4.1018248266063546,88,89,47,7
1.1863076049471826,94,94,44,5
2.2816140573419026,90,91,46,5
4.1713901667028619,92,92,43,3
2.9716042097518569,92,93,43,5
2.9961269049721015,98,98,64,7
4.0636448903461702,90,90,45,4
3.0512537338302157,92,93,51,3
1.5237423563138095,92,93,40,0
4.6967913254713212,92,93,48,0
1.2988248792164598,90,90,48,7
1.9453798059023726,92,93,47,7
3.4767058340785075,92,92,45,7
3.1972251729866534,90,91,43,2
3.8290870974416746,92,93,45,3
4.3806695395207482,90,91,52,5
3.1515899170084354,90,91,51,2
1.0550705055175533,90,91,44,1
3.6304710921914269,92,92,42,4
2.3796630617942043,92,93,51,3
2.2294132895795506,92,92,60,6
4.5866046795537727,92,93,49,1
3.2570420749151401,92,92,46,0
4.1479704571227476,94,95,40,5
1.6365279922827840,90,90,46,7
3.2430167959560277,92,93,49,1
3.9126112795145360,94,95,41,0
3.8637337413378408,88,89,34,4
4.0340201823962074,92,93,47,3
1.4879514221345893,90,91,47,0
2.1309247818310491,90,90,41,0
5.7243431824943807,90,91,42,5
4.5969659136372485,90,91,41,4
1.4554078334456644,86,87,48,3
5.9571165224773477,94,95,43,6
3.6103591037869078,92,93,47,5
4.5014507538996549,94,94,50,7
1.8187075459906201,90,91,46,3
2.6532633635010199,92,93,41,5
2.4785795303579894,94,95,56,7
4.8042412242055734,94,94,47,4
3.4483745111145723,92,93,49,5
1.1707614576709962,92,93,51,5
0.8837268674160771,94,95,48,3
2.3007250700506683,94,95,48,3
2.1479465789712848,94,94,57,0
5.8737952475692845,94,94,55,2
5.7854292142861592,94,94,46,5
5.6454878002947284,92,92,45,5
2.3985092950718507,90,90,46,5
1.9616675709820985,92,93,57,3
6.1911145036217530,94,95,55,2
3.8187790314230754,92,93,45,3
1.1025028079470827,92,92,46,2
2.9095572392970719,92,93,42,4
4.4757306975143676,92,92,42,2
4.5350781577666677,92,92,50,2
5.3201185931524391,92,93,48,2
3.5722048799053034,94,95,45,4
2.4723256501881328,90,90,49,2
5.4582294717451703,92,93,54,4
1.4969459518592771,92,92,53,3
4.3415608120871783,94,94,57,2
4.6330731915098475,90,91,47,0
0.2645610054498577,94,95,58,3
5.4399555165132805,92,93,51,1
5.9600073969574208,92,93,48,0
3.4763725226157485,92,93,52,6
0.8746949240850975,92,93,52,2
1.7997761263939911,90,91,42,5
0.6746460932438244,90,90,45,4
5.3907652766503862,90,90,47,0
2.1376063170977355,90,91,48,3
1.8645762131393755,92,93,47,7
4.9648234179543067,90,91,49,4
2.7408533152570298,94,94,46,5
2.2064247840623237,94,95,59,4
2.7130293526269527,96,97,54,4
2.9210689122164202,92,93,51,1
3.6939718271466377,90,91,40,5
3.9828284338426903,94,94,47,2
2.9920451573982367,92,93,41,3
2.1823855877396152,92,93,47,7
2.5303661651171510,90,90,40,1
0.1569404825872424,94,95,54,5
4.8654981046012251,88,88,48,0
5.4051835676715045,94,95,50,3
0.8648087761886551,94,95,47,6
3.2236753935533398,94,95,46,5
3.9325546159228844,92,93,41,7
5.9761659031680772,90,90,45,2
5.7930292781659833,90,90,52,3
2.2247001250349818,92,93,49,5
2.1944427795573493,92,93,40,0
5.1908558977214128,90,91,47,0
3.0331956038955878,94,94,45,2
5.1132139813291140,92,92,41,7
0.4268962447492077,92,93,46,6
6.2068234288867155,90,91,59,4
2.0768341986342329,94,95,46,5
1.9814606221148237,90,90,51,4
0.2738010204849270,92,93,50,0
2.1010005420310729,92,92,41,1
5.7022457810580152,92,93,50,4
3.6977699704674594,90,91,42,7
3.7271136414674064,90,91,46,3
5.1417913604510534,90,91,46,7
4.1490732876405598,92,93,50,0
5.1640348085542627,90,91,44,3
6.1766204743460511,92,93,51,1
5.6858707883564259,92,93,47,1
3.2874224440327815,90,91,46,5
3.4110416062190456,88,88,40,2
3.3131256578806938,92,93,56,2
6.0043188797078999,94,95,51,6
4.7294248673911836,94,95,54,3
3.1462237173736978,90,90,48,5
0.6170634570803584,94,94,43,6
6.2015657995466764,86,87,43,4
5.8240323724940311,92,93,52,0
1.7761091489047276,92,93,56,4
4.3543995938127082,96,97,50,0
2.1077536296183812,92,93,40,4
1.5818379965156590,90,91,54,1
5.6957914224295836,86,87,56,7
0.2355024545946928,94,95,52,5
5.2346908115387727,94,95,50,7
4.3089790374247929,92,93,45,5
2.3939875664675196,94,95,47,0
6.0735547633270404,94,95,46,7
1.5572992020449681,94,95,57,2
0.7606448483179732,92,92,47,7
1.0358489063223137,90,90,48,1
3.6233656942828167,92,93,49,3
3.3050980046554836,90,90,52,5
5.2014501051788509,92,93,51,1
2.0039346831168898,92,93,45,7
2.2887026417637903,92,93,43,3
5.0570234938801715,88,89,39,5
2.0400878643225462,92,93,44,2
2.6706285504834839,94,95,51,2
3.7785822724570179,90,91,39,6
0.3457190942329852,94,95,56,3
4.3997139069149522,94,95,46,7
5.4049486296542151,94,95,56,3
2.5355834340701024,92,93,44,2
1.2045678036267888,94,95,47,4
0.5877640569118093,94,95,44,5
3.2239395316361370,92,93,49,7
0.2121806436182721,94,94,53,0
5.1758725743341927,94,95,47,6
0.7650379698614999,94,95,50,5
6.0592701245186937,88,89,37,5
1.1213339434638105,94,94,43,6
3.5203390324326835,94,95,51,0
0.0360168097639065,94,95,56,5
1.8080095298724270,90,91,54,3
1.2919579966277634,92,92,48,4
4.9902913238614657,92,92,50,6
4.1761056699346648,90,91,39,2
0.3814088164582680,92,93,50,4
1.5898030917794974,92,93,41,7
6.1168438127433395,88,89,55,7
4.8272354295811795,90,90,47,0
3.1159519228896833,94,95,49,4
1.5631759480998890,92,93,53,3
1.6876574333942178,94,95,47,0
0.5982886072874580,90,91,58,7
1.1302558786726189,92,93,54,2
5.0886215066244294,92,92,36,2
3.8621368121511606,94,95,45,2
5.5687639856407376,90,91,51,2
5.7511239764157391,90,91,44,3
3.8614908233658531,92,92,46,6
6.0566403373023769,92,92,54,6
6.1623706381377348,94,95,55,0
4.5468075780734765,92,92,42,0
5.6142629523731777,90,90,41,6
4.3512576452048695,88,89,44,2
1.6679955937063349,92,92,36,6
1.4524117637358374,94,95,48,7
0.3755098640296954,86,87,52,3
0.8581725169248977,94,94,44,3
3.0031243569265413,92,93,45,1
0.4446832755682870,90,91,45,6
1.6121602840514033,94,94,49,2
2.7187111402557309,96,97,52,0
2.2679220964008358,92,93,49,1
2.0133116974538972,90,90,49,4
4.2269369039296603,92,93,44,6
0.9371269193700900,90,91,44,7
2.7275774586004702,90,90,45,4
4.4779691736348806,90,91,50,3
0.5309855100345996,92,93,44,0
4.4302640555989159,92,93,48,2
4.1852995338078447,92,93,42,6
4.6409542961318815,92,92,45,1
0.2709206119986307,94,95,49,6
3.7815269310946187,92,92,47,1
5.3996958481963846,92,93,52,2
5.5769531587035406,92,92,41,3
1.0491217016382239,90,91,55,6
3.8678023033900413,94,94,41,2
3.2525685554276356,94,94,49,6
4.9648380054224894,88,89,50,4
2.2152106780793632,92,92,56,0
5.4323880142390308,94,95,43,4
1.1339341699070351,94,95,56,1
2.2888900799776648,92,92,47,1
3.8516296977314366,88,88,44,0
2.6514823202434115,80,80,43,5
4.3366865273847539,94,95,50,1
4.3270769084076894,92,92,47,7
5.5020417179211636,92,93,44,2
3.7777617136643067,92,93,45,3
4.4787986808864098,92,93,51,5
3.0562760783036267,92,93,42,6
4.1333246201582083,90,90,40,7
5.6216295891609969,94,95,51,2
2.3735865886633172,92,93,50,4
3.0678581624705972,92,93,51,3
2.7046452940443073,94,95,49,2
1.6117525196153999,92,93,50,0
4.7127724601537357,96,97,53,5
4.1499666897321763,94,94,55,2
5.9865075104641567,94,95,51,2
2.0650432073394049,92,92,50,4
4.1456444414635385,94,94,41,2
0.7122844349321226,94,95,46,1
2.1606636670772068,88,88,50,2
3.2335942796098349,92,93,50,2
4.7099421183909911,92,93,40,2
5.1597335900619381,92,92,48,6
2.6379558875186895,92,93,45,5
3.2316779710417167,88,89,43,5
4.2549125676708766,92,93,49,5
4.7411113979638930,92,93,54,2
3.5052843704713541,92,93,53,1
2.3054540369590417,92,93,52,6
5.1481900750345844,94,95,49,0
1.1587020052659271,94,95,43,6
0.3233945432328614,92,93,45,7
1.3539384728092807,94,95,54,5
1.4740371858174726,90,91,50,7
0.6357220462307547,92,93,52,2
6.1868791669438208,94,95,55,6
3.8522198119844906,92,93,49,3
2.4079284888292620,92,92,48,0
4.3660797985395652,94,95,57,4
5.9825540452629493,90,91,41,0
3.3253567068986207,90,91,50,5
1.7337824114449989,94,94,41,4
5.4863235112508839,88,88,41,3
3.0525753756969962,92,93,45,7
3.0961828395745905,92,93,52,4
4.8059894397872887,92,93,46,4
5.0893293810376559,90,90,42,5
1.8213430622077622,94,95,55,4
4.8908054509655692,94,95,50,5
2.8770647348013636,92,93,50,2
4.4469648117955245,92,92,46,4
1.5396808889645968,92,93,55,5
3.4682132532588064,94,94,44,7
1.2445070458816332,94,95,46,5
0.5657061365562850,92,92,45,7
3.6734734036378800,94,94,51,0
0.5907738058210894,92,93,43,1
3.0120172846798003,92,93,48,4
0.5205157074713436,92,93,46,2
2.4049946918195650,92,93,52,0
2.0197460915791150,90,91,51,4
0.7535766060299006,94,94,47,4
4.2905505880248045,92,92,37,1
2.0492169161235263,92,93,46,6
0.1710166505875665,94,95,55,6
2.5292079608820481,94,94,42,5
5.6205868845752898,94,94,56,1
2.3260054578975944,94,95,39,0
6.2725286877192650,94,95,45,2
1.7090306757423792,94,95,57,0
0.6104246929875187,88,89,47,7
5.4567620340473058,94,94,50,1
2.4152556125062983,90,90,44,1
6.1852847316445363,90,91,51,4
2.1172755335469771,88,88,45,7
0.2945787340445902,86,86,46,5
0.9921881961574349,92,93,50,4
2.0317449729903969,94,94,45,6
5.3053373826037244,92,93,52,0
2.4944551854310859,92,93,54,0
0.7952025617203865,92,93,47,7
3.5144328384882111,94,94,51,6
3.9875037475355781,94,95,50,7
0.1301071096826514,94,94,42,1
5.9482883051250770,92,93,56,6
5.5875802948038844,94,94,41,6
3.8051832966879076,92,93,49,3
0.1231311350061577,90,91,51,6
3.4544280289296760,92,93,54,0
4.4298870719628827,94,95,53,2
2.5385948206233446,94,95,55,2
2.5681476978407987,94,94,54,1
0.4994578237031450,92,92,48,4
5.5233094721770852,92,92,46,4
1.9398382386065369,92,93,55,5
2.7923892906479493,94,94,50,3
3.2511093173371206,92,93,53,7
5.5138861229088949,92,92,43,3
0.3953230414366948,92,93,50,0
1.6290480078264249,94,94,40,1
0.2171471300942626,94,94,53,0
2.2294091723878378,96,97,51,7
5.4245944089275540,94,95,59,0
3.7306618027863356,96,97,48,0
4.0060204020549488,92,92,46,0
0.5053767460237042,94,95,51,0
6.1096699566532209,92,93,44,2
5.1087367084375632,94,94,51,4
2.0187704847412862,90,91,47,0
3.9928500577851831,90,91,46,5
0.9763950275138895,90,90,40,5
1.7670493931036357,86,86,57,2
0.5060826758191102,94,95,49,0
3.0897333806060110,90,91,48,7
1.3516338304087980,94,95,54,3
2.1065514157748400,94,95,53,4
5.8175292984385258,94,95,47,0
5.4612046937558612,94,95,50,7
5.1032040856978220,92,92,39,5
1.8445484253442468,90,91,44,1
0.0555145934577614,94,95,52,1
2.0493636564982922,94,94,45,2
1.8505462257606233,92,92,46,4
2.9957386743022241,92,93,54,0
0.5756420578285434,92,92,49,5
1.3277370166698776,90,91,53,4
3.1501820743626130,90,90,42,5
2.1054693077989177,94,94,42,5
3.9153316590483476,94,94,52,3
4.6541428222372891,94,95,41,0
6.2810077871245920,92,93,46,0
2.6855523896082247,94,94,44,5
0.1334922026926472,90,90,47,6
5.9122329048035951,88,89,44,4
1.7457447052848452,92,93,54,2
1.3010181528845719,92,93,57,5
1.8326217086563075,94,95,51,6
4.1849236738140396,90,91,49,0
1.5715844914541375,92,92,40,2
0.0306286042248964,92,93,49,5
3.0785112643824468,92,93,42,2
1.6615902010100161,94,94,49,6
5.8739548540109867,94,95,46,5
4.8006915528129692,92,93,39,3
0.2290711555077140,98,99,49,4
0.3397720021447396,92,93,45,5
2.1590105736621310,86,86,48,5
6.2221155947670024,92,93,55,7
3.4653088686966136,86,86,48,3
4.0759780743281899,94,95,47,6
0.8975864610862824,94,95,47,0
4.0903462465800047,86,87,45,4
4.3790436496240916,86,87,44,5
2.6810741221658771,94,95,50,1
4.6786601343395171,94,94,47,4
1.3973052857088921,88,89,50,4
4.6486107325617763,94,94,52,5
3.1274011645973427,92,93,43,3
2.8253452742266734,94,95,47,0
0.5551764023312330,90,90,60,3
4.6817687432404398,90,90,44,1
6.1165324223331083,94,95,58,7
2.8960844329750350,94,95,49,4
2.8253757520691645,90,91,42,7
2.4478374080513943,92,93,44,2
1.6320393660910220,92,92,50,6
1.0160368358901053,92,93,47,5
0.5991374648416131,96,97,37,5
3.9114261890097146,94,95,57,6
0.0586328735841166,90,91,49,6
4.7230865362123788,92,93,51,1
6.1186165224416289,94,95,47,2
0.7282030871913729,92,93,45,5
0.0869336209297008,92,92,50,4
3.4315832388562861,86,87,52,3
0.3321165166916791,92,92,49,5
6.2106504963640781,92,93,39,7
1.8786683898437724,92,92,47,3
0.6731024652985155,92,92,46,0
3.6835182897388918,92,93,38,2
2.3623659152040948,88,88,44,2
2.2868253473534352,94,94,47,6
0.7520471882246932,94,95,43,4
0.5147201999695323,94,94,44,5
4.3228553834495100,94,95,48,5
1.4111453177866462,94,95,52,3
1.8604363567511131,92,93,42,2
1.5565447973671653,90,90,52,1
2.4769000971076758,88,89,47,5
3.8572811140528764,94,95,52,3
0.4122393301293801,94,95,39,0
0.3510963987938291,94,94,45,0
4.9981753384801531,88,89,42,0
0.7954770200895758,92,93,55,3
4.0440821721683395,90,90,50,3
1.4453941970090411,92,93,49,1
4.0731511733200163,90,90,50,3
4.5506307933613854,92,93,48,0
0.8074061874656481,94,94,60,1
5.1243301436402700,94,95,38,1
6.0897229782546685,92,93,42,2
1.2309009647720117,92,93,51,5
2.0218563992620360,96,97,50,4
0.5885385070023091,92,93,60,2
3.6920430607538832,96,97,46,6
3.0213894011737406,92,93,56,0
5.1274310386255104,92,93,47,1
0.3499423239839871,94,94,47,2
2.3897860594947988,94,94,50,3
3.9053295538359869,92,92,41,5
0.9385817560442583,90,91,48,3
5.9129509343501292,92,93,56,6
4.9136197248702809,94,94,54,5
4.6518321606232309,88,89,51,5
2.9936851472438297,92,93,54,2
0.6838029118110943,94,95,44,1
3.4249331946274824,92,92,47,1
1.4992971299388056,92,92,51,7
2.2279293810739755,92,92,49,3
0.1764383801212641,90,90,49,2
3.5445974217798102,94,95,52,1
4.8406960686897671,90,90,44,3
3.2472086026847222,96,97,48,0
5.5748148793568486,94,95,49,6
5.2920210814498931,92,93,40,2
3.6426148834669818,88,89,45,3
2.3730852721092663,92,93,48,2
2.9008879439640527,94,94,48,3
0.1911042741637856,92,93,40,0
3.0777120627890251,94,95,51,2
2.7944097400352552,92,93,47,1
5.0886702359389862,92,93,48,6
5.2800656632292995,88,89,46,6
3.0957482466483732,92,92,48,6
4.4981263351010607,92,92,41,1
3.4689473631258494,92,93,39,7
2.2142703125537193,84,85,45,7
5.6315441227723007,92,93,55,7
5.6237269329597934,92,93,46,6
2.6706117614055409,94,95,40,1
0.6689773805912067,88,89,50,2
1.7739751361184670,92,93,53,7
4.2803428086015343,90,91,47,0
5.8092833082456723,88,88,47,5
2.8590497890424080,90,91,49,2
1.6723199686379973,94,95,55,6
3.3092072001545820,92,93,61,1
4.0453576637518811,92,93,47,3
4.3961223428666543,94,95,42,5
1.4107185229262875,90,90,44,1
3.0698056161895351,94,94,51,6
0.1030575562979730,94,95,51,0
6.0525017262775318,94,94,51,4
0.5913636297178435,94,95,47,6
0.6994472361415704,94,95,56,1
4.1727788289493279,94,94,49,6
4.7457401350050414,94,95,54,3
2.2658099967007970,94,94,49,0
3.4494440483091484,90,91,34,3
3.5543497547292033,90,91,43,6
2.3344985854720899,94,95,40,3
2.9569970482079455,92,92,53,3
1.1959666710804269,92,92,47,5
1.2016456565088454,92,92,52,0
2.6080486389632211,92,93,46,0
5.9327421695562697,94,94,54,7
2.9317780172781416,92,93,55,5
0.2956118866491274,90,90,44,1
4.8268560572729831,90,91,43,4
3.5228991118486737,94,94,58,5
3.5612208771663365,94,94,47,2
0.7473255614765606,94,95,50,3
5.8218802300433135,92,92,47,5
3.2900690368026333,92,93,42,6
3.9567854333586183,90,90,62,3
1.8024563199681882,92,93,50,4
1.2953840164373127,96,96,52,2
5.2442640566373040,96,97,53,7
6.1690159357161809,92,92,54,4
1.3398262250093058,92,93,49,1
2.2575308033079939,94,95,55,0
4.0528611690438021,92,93,49,5
0.0506078519552200,94,95,48,3
5.3505594302511099,90,91,50,3
5.4211955531966094,90,90,53,2
6.0575355879520831,94,95,48,7
6.2467570157880159,96,96,43,7
3.7031666319821164,92,92,57,5
0.5313974931727066,92,92,36,4
3.2059603119544668,90,90,51,2
5.3800419750663195,94,95,55,2
3.1401531446922633,90,91,48,7
0.2624154938025049,88,88,51,1
6.2687171242624986,92,92,42,0
0.1452035865622208,88,89,56,4
4.8102126776090541,88,88,45,3
3.2566476329833387,90,90,51,4
0.7259702986170812,92,93,46,2
3.2934039763956271,90,91,42,5
1.3156112854457198,94,94,55,4
1.6577494263449069,92,93,46,2
1.6492227769808583,94,95,44,5
1.1759769063340846,94,94,55,0
0.0631969677643446,92,93,47,3
0.4482262352970521,94,95,40,1
4.8326053386717636,92,93,45,7
3.2875215647185070,92,92,43,3
1.2585250151565623,92,92,53,7
3.1081556857465560,90,91,46,7
6.1654048330458471,90,90,42,3
4.1173098565049608,90,91,52,7
0.6916650385888415,90,90,52,3
0.3467626719505348,90,91,46,5
1.3897396880506343,92,93,54,0
5.6185890163239165,90,91,45,6
2.6818938541285666,94,95,49,2
4.1929916445627313,92,93,52,4
4.7070412041919596,92,92,43,3
2.1627449590438657,88,89,55,5
0.8782422575738871,92,92,53,3
2.5572618958760187,94,95,47,4
5.2739882563486065,94,95,46,5
0.7948735215328253,90,91,55,2
1.1422734855938528,94,95,42,5
1.1647044865723903,94,95,49,4
3.3999398621019057,94,94,57,2
0.4195118053108106,92,92,43,1
5.1765422582945302,92,93,57,3
4.7919040867469338,92,93,45,3
2.8553930332155519,94,95,48,7
5.4560535180684813,92,93,48,2
4.7836125404165264,92,93,44,2
4.7451243076141347,88,89,53,1
0.0685245396938292,88,88,47,3
4.1203141893005792,94,95,48,7
3.9571187549571025,92,92,38,2
4.5425958667483393,90,90,48,3
2.6195029704151152,92,93,58,2
2.7980072175462629,90,91,46,1
2.1899804200891930,96,97,38,0
1.5627239081197069,94,95,45,2
1.5004558211593981,88,88,48,2
5.6372902985718625,90,91,54,5
4.5821690364184695,94,94,50,7
5.9561109138818855,92,93,41,5
3.5550499508904512,92,93,46,0
1.7608645035563113,94,95,57,4
2.5634945822542257,94,95,51,6
5.1114541888548262,90,90,56,3
5.3465073977815649,92,92,44,6
5.1581641946088013,92,93,48,0
1.7024252676221716,90,90,47,6
2.8052297216216964,92,93,54,4
3.5079743673410122,90,91,52,5
0.5526323077011491,90,90,49,6
5.1277953829219989,92,93,50,4
1.4626929893618490,92,92,47,1
5.1566719890955586,90,91,47,6
2.5070598649844329,94,95,40,3
1.6501658943004776,90,91,47,2
6.2025364635590430,92,92,47,7
2.5552031074359567,92,92,43,7
4.3607189592796951,90,90,54,3
3.0665455223024982,92,93,44,6
3.9554078926235152,94,95,54,7
4.9963314006240340,92,92,46,2
1.8060415849843268,92,92,53,5
5.7411997588253385,88,89,42,4
3.0169555716604579,86,87,46,1
4.8645074927381167,92,93,49,3
2.0792808221681280,92,92,48,2
0.5094867598907262,92,93,50,0
5.9518311574318163,94,94,53,2
4.1760487872567236,92,92,41,5
3.4811139555568911,92,93,44,0
3.5382386865860513,94,95,57,0
0.4713715549178579,92,93,41,7
5.3776965142287461,90,91,36,7
4.2907478979300571,92,92,50,6
4.8708362617137082,92,92,43,1
4.8716091056147244,92,93,37,1
4.3029238189006245,94,94,46,1
4.2654624075884264,92,92,39,7
2.1102026953073070,90,90,50,1
4.3459912252924449,94,94,51,0
1.2672721067319868,92,92,49,7
2.0689334655348706,94,95,53,6
5.0577499501626377,92,93,50,2
0.7714084432051318,92,93,45,5
3.7846767293353918,90,91,44,1
4.5270171361872737,92,93,49,7
5.0113815459216520,92,93,48,0
6.1838746220917464,92,93,45,3
5.3911893843095768,92,92,48,6
2.3956716965906280,94,95,55,0
2.8231798836284665,94,95,56,1
3.3488612216582632,86,86,53,2
5.7276883866832629,94,95,53,6
0.1288639193928916,94,95,55,0
5.8280907917803004,90,90,57,2
3.2465436509462622,92,93,51,1
4.0342365876422663,92,92,48,2
2.0326141856317248,92,93,50,4
1.1637877422012448,94,95,49,0
2.9195136579436500,92,93,53,1
5.6215110907734607,88,89,45,5
2.3609197306951391,94,95,50,1
5.5055858615552262,92,93,56,2
2.4557777187338541,92,92,52,0
1.6560341804360341,92,93,52,2
4.6122389062497726,94,95,50,5
4.1778500393196172,90,91,49,0
1.3062504066787990,92,93,55,7
5.0611094334161546,92,92,38,4
1.1599922102315223,94,95,51,6
1.1644958523166440,94,95,59,0
3.6542424013207646,90,90,45,2
2.4850987535151425,94,94,54,1
4.0522091471388135,94,95,52,1
6.1923942853389882,90,91,50,3
3.1945398658367030,90,91,44,5
0.4718069225969759,94,95,38,1
5.7485757176044894,94,94,43,4
1.8540401515841980,92,93,48,0
4.4723601597279385,92,92,47,7
6.0629453048071635,92,93,44,4
6.2659263656567914,92,93,47,7
4.7127005193763631,90,91,45,0
5.6755737681326099,90,91,50,5
0.2107741505213311,94,95,38,5
1.3652482871385390,94,94,49,6
1.3082495842008375,92,93,54,0
5.6051908538897175,92,93,41,3
1.0773014635802178,96,97,53,7
0.0718868808751699,90,91,51,2
4.3602550657141776,94,94,49,6
2.9430981408988006,90,91,44,7
2.3343908613773716,94,95,43,2
4.4297177658994755,94,95,53,0
3.3193796576791805,92,93,60,4
3.4216731152929438,92,93,45,1
1.7097284392588763,94,95,47,0
3.8957108255926030,92,93,48,4
6.0167409326457921,92,92,47,5
3.8511258170805318,94,95,50,3
1.0873654630830856,92,92,51,1
4.6821060506436796,92,92,56,2
1.1181921642283748,92,93,40,2
3.4817195270495827,90,91,51,4
1.1296353448708776,90,90,42,1
4.2913131977301147,90,91,48,5
3.6714216061117919,88,88,49,5
4.3172120707545396,88,89,55,7
1.7370289789380715,94,94,46,3
2.0877576696715758,94,95,55,0
3.4985547023197290,92,93,47,5
4.1796154036495068,92,93,50,4
2.0093402055288085,92,93,51,7
1.8686474366930861,92,93,45,7
3.1627722951181223,94,94,50,5
1.0538601882072769,92,92,58,4
4.2727051232185378,92,93,52,6
0.9298610236919166,92,93,55,1
2.8411614408678743,92,93,49,3
4.7536997438953668,94,95,44,7
1.8371426271971880,92,93,44,0
4.7305051364081230,92,92,57,5
1.0493565665393185,90,91,46,3
2.8478180902866224,94,94,43,4
2.0563196307935376,92,93,51,3
5.9525831311894137,92,93,49,5
4.1485525699506578,94,94,47,6
5.3544415159332388,90,91,53,0
5.5216275553845895,94,95,57,2
1.4700844378111810,94,95,45,4
1.6380926798206576,92,92,39,1
5.4649128823751569,94,94,51,6
5.1807724480566151,90,91,43,2
4.1072056080933290,92,92,41,7
3.9951563937069428,94,94,38,5
1.4375684707463923,94,94,48,5
6.0023722510477819,90,90,43,4
2.1484621287545274,92,93,57,7
4.7128401705438376,88,89,44,6
2.0673886681115148,92,92,53,5
0.6868427135864116,90,91,46,3
3.3951037518960345,92,92,44,0
1.2485299112616961,92,92,45,1
4.0484699541536351,96,97,50,2
1.4010781127123735,92,93,49,3
6.1106906095614537,94,94,47,0
1.5081810082834273,92,92,47,5
2.8277248129250960,92,92,42,0
3.6603923217564236,90,91,45,2
1.5098780302202024,92,93,53,5
4.4458922330743489,94,95,48,7
4.8129385952390358,90,91,44,1
1.1392988373866466,92,93,49,5
5.6419697677173168,92,93,51,7
0.0860001232266283,94,95,46,5
6.2703320215639886,94,94,45,0
6.1127060340700154,96,96,46,6
3.5511082500182356,94,95,50,7
0.2077120715603795,96,97,53,3
0.9951723751906107,94,95,57,4
4.9584052490673951,94,95,50,5
1.5172230976624357,92,93,50,2
3.1760858688463958,94,95,44,5
5.8943483555657972,92,93,40,0
0.7782249721056668,94,95,45,0
1.0665721413207419,92,92,51,1
3.7793644626595908,90,91,40,3
3.8342951595452903,90,91,57,0
0.7843287142616469,90,90,45,4
5.6577308635036818,94,95,47,6
3.1175893905592171,88,89,47,7
3.2416216836095608,88,88,43,5
5.9879013096405487,94,95,51,4
3.3583939624506916,92,93,46,4
5.4366103835990591,94,94,51,6
5.5679815200865557,92,93,53,5
0.8368401833689645,92,93,48,0
1.0582117206903361,92,93,53,1
3.3619885238299019,90,91,43,0
1.5635748502263358,92,93,44,2
3.2137354680425796,94,94,51,2
5.2048871503212029,92,93,55,3
6.1485836847242377,90,90,44,3
1.5682777846009557,92,93,50,2
1.3590718364320886,94,95,55,0
4.9579284570766466,86,87,42,7
5.7460882890054341,96,97,47,1
3.5337994845942728,92,92,45,1
1.1707264603357068,94,95,48,7
4.8737702991652716,90,91,49,0
0.6641223517563801,94,95,51,6
0.1903454293022521,86,87,55,6
4.8700922667021151,92,93,52,4
3.8546917539684395,92,93,49,3
1.7292092136392256,94,94,58,7
5.9880973212702280,94,94,52,7
5.9270285068000481,94,94,58,7
1.3267697591131269,92,93,50,4
1.3030983375643663,90,91,53,0
3.9364410593763819,94,95,48,5
0.7348228638642875,94,95,51,2
1.4664539870984914,92,93,58,4
3.3946116851574377,94,95,42,1
6.0045070069454551,94,95,42,3
1.3353583271162772,92,93,41,7
4.9354413909443231,92,92,50,0
3.6275092805294626,92,92,51,1
2.2393570852547811,90,91,49,2
2.6806511030928162,94,95,48,1
3.6255469426110731,92,93,42,2
2.9001163955742588,92,92,50,2
1.1341900004707974,94,95,58,1
4.3123667675914001,88,89,49,3
5.1258627185419554,94,95,50,5
3.6383657655918387,90,90,43,6
6.0546358467783374,90,91,47,0
1.4637920920161274,92,92,49,3
5.5329703339900407,94,95,53,6
0.2197530117501161,92,93,40,0
2.1439351971106313,92,92,57,5
2.5641741854461846,94,94,47,4
5.1658709663167626,94,95,52,3
6.2585551560155377,92,93,43,5
1.5947533789382236,94,94,54,3
6.0221080200256463,92,92,49,5
5.2764949088800526,90,90,50,5
2.2019238520722957,94,94,52,3
5.5452576951586074,94,95,49,6
0.7343157239386052,94,95,52,1
5.0722713040514220,86,86,44,5
4.9243294870283938,94,95,57,0
1.9943900836420989,94,95,51,2
5.4498888218096155,92,92,50,2
2.9599072979527956,94,95,49,0
5.9519346154090469,92,93,62,0
3.1331916602652257,88,88,45,7
0.7818957592903362,92,93,48,4
3.6851571889615395,94,94,44,5
2.3740110832581669,92,93,50,2
6.0414358533718273,92,93,61,7
2.8967356034234091,92,93,45,5
2.5949528192571218,84,85,36,0
3.2929546703362655,90,91,34,1
5.8079578108922689,94,95,44,5
5.0844737699354088,92,93,51,5
3.4291113298851466,92,92,47,3
3.8349882202562990,94,94,42,5
5.9472949229311221,92,93,42,4
1.1649809134298041,92,93,41,5
5.6345807620903043,94,94,50,7
4.6803142901237029,90,90,49,4
3.0324281331690264,88,89,44,2
3.8037914547020049,94,95,46,1
3.9505759019765931,94,95,43,0
2.5911857723011731,90,91,47,6
0.1571253409601377,88,88,55,5
4.5937229516884317,92,93,55,1
1.6772792342872997,88,89,34,6
4.2367517748488588,92,93,44,4
5.3512594899400332,94,94,46,3
2.8364782666803525,94,94,52,7
1.3196198433927853,92,93,47,3
5.6167516188437316,94,94,54,1
1.1311300952270376,94,94,43,6
4.5736011556163136,100,101,63,5
4.1812828619413169,94,95,48,7
0.8449987182571114,92,93,45,7
3.7799281806568583,94,94,52,3
3.7039987580549085,94,94,43,4
0.1524577314680444,90,91,44,7
3.8124322646227866,88,89,51,5
3.4610232047440621,90,90,52,3
2.2557732631248855,94,94,52,3
4.8150102230019289,94,95,47,6
0.9671570384922616,90,91,46,3
5.3665863208087199,92,93,51,5
1.1300021138748899,92,93,53,5
2.0775821495647731,92,93,46,2
4.6392342125857251,88,88,54,2
4.7894776662924698,92,92,41,7
5.9300608111562987,92,92,43,5
0.5647666932522584,94,95,51,6
5.3218158373133013,92,93,45,3
2.1764235239136736,94,94,55,6
3.0208212491300612,90,90,40,7
3.2308048142934633,94,95,46,1
1.1312099347212199,88,89,44,2
2.6011715382746643,92,93,45,7
4.3261952054975472,94,94,56,5
1.1273331196376060,94,94,48,3
5.9207704064526148,92,92,51,1
1.9172591881392249,92,93,48,4
4.2487255681058675,94,94,57,6
1.9395912888205065,92,93,56,2
1.6613860803037224,90,91,51,2
5.2834242320803639,92,92,48,4
0.6047059199086642,92,92,51,5
0.1097150786085412,94,95,45,6
0.3177802903522805,94,95,48,3
4.9385349083104391,92,93,54,0
4.7105251368675018,92,93,43,5
1.4823915044619809,92,93,46,2
1.4719706930677006,92,93,45,1
4.4944013786079253,94,95,52,5
0.4284052128290035,92,92,55,7
2.4504737911373335,92,93,46,2
2.1487574313137978,92,92,48,4
0.6004486466887349,94,94,47,0
3.3148109857868708,92,93,47,1
0.3246955431703747,86,87,47,4
0.1021356182297336,92,92,41,1
1.0600213196787474,94,95,52,5
3.2422591671820560,92,92,53,1
1.3842630811680581,94,95,43,2
0.5472037886671681,90,90,40,5
4.5806822471735531,94,94,49,2
0.6411133525426396,92,93,52,4
5.9479640774475033,92,93,46,0
4.4674043204408038,92,93,53,7
4.1317012561435194,94,94,50,1
5.2193689471198832,92,92,43,1
4.8888365107774092,90,91,51,4
4.1334315362622078,92,92,55,1
5.3447366283194775,90,91,50,5
0.7760514311985890,94,94,44,7
4.4872901728125738,92,93,47,5
0.1298544675017196,90,91,45,4
0.3096666680221255,92,93,43,5
3.7687509134262189,94,95,54,7
0.9457024486291603,92,92,53,1
3.9086284433056959,90,91,50,7
5.6317246117579174,92,93,49,7
4.2130388875963591,94,94,41,6
1.3373943105841297,92,92,49,7
2.6114911988109037,92,93,45,7
3.9265485735421004,92,92,47,1
4.1787084103835257,92,93,48,0
2.6652340950851103,84,85,37,5
5.2072382268989337,90,91,44,5
4.8647652467974645,92,92,41,7
4.2279022171862843,92,93,42,0
0.5456063726990711,90,91,48,3
5.9744455574279209,88,89,46,6
4.1277368673429784,92,92,50,6
3.9460942856005370,94,95,45,6
5.5915472300751974,92,92,45,5
4.1610593373244606,94,95,53,0
3.5655188335098571,94,95,54,3
1.3721410472446189,92,93,51,5
1.7975741224569375,92,93,49,7
0.8455999016152538,94,95,41,6
0.8938390760419296,94,94,39,4
0.2984929061967566,92,92,43,5
0.5355549996008904,92,93,44,4
5.1816033831261663,90,91,44,1
4.9146385546777802,92,92,47,5
3.3210996196815707,94,95,50,3
2.0742258459787877,92,93,46,0
4.7947270558661925,90,91,44,5
3.3319952302282299,94,94,49,2
4.2717292502774367,90,91,40,3
1.6758834644129161,94,94,54,3
3.0901822989182248,92,93,41,7
6.0881707058691301,94,95,53,2
2.6889098059987844,88,89,40,4
3.2650863339332168,94,95,49,2
2.6401844070210556,94,95,47,0
2.5037753204547091,94,94,55,0
0.2913143309789935,90,91,54,1
1.7516631393044158,92,92,44,6
2.2434585419979043,92,93,47,1
0.8183328605503061,92,93,39,3
6.0657281066505835,92,92,42,0
3.1050139078207732,94,95,52,1
5.6208104834826065,92,92,44,6
5.9887463039196778,92,93,43,7
0.4835862349247304,92,93,49,1
4.9098842415465800,94,95,49,0
4.6738044287312714,92,93,50,2
5.4433417856294959,88,89,46,6
2.2699236164150358,94,95,47,0
1.3249785119342627,92,93,56,4
2.2551826841564626,94,94,46,1
3.8718462865444589,94,95,55,2
0.8777450731847524,92,93,56,6
3.7034428584746584,94,95,62,5
0.2790068919464519,94,95,51,6
3.4194408294174043,94,95,46,5
5.1959589740771168,94,94,42,5
5.5591349671117172,90,91,37,4
3.6879486045179388,92,93,50,0
2.9456789764269042,92,93,48,2
4.7178474966547235,90,91,39,4
1.4271452764008181,92,92,53,3
3.2151336075604244,94,94,51,6
0.1226518174726562,92,93,50,0
0.4055119109606413,92,93,53,7
4.2978860478311081,92,93,55,1
5.5727294090992805,90,91,47,2
1.3294838335748840,92,93,46,0
0.7842124688786399,92,93,42,2
1.6050364299020563,94,94,42,7
2.4145141563782579,96,97,51,1
3.4063070249434446,90,91,48,1
2.5188775586122225,92,93,49,1
5.7682693442795356,92,93,41,3
1.9703910916838256,92,92,54,6
6.2522764031998550,92,92,43,3
3.7282533592761471,94,95,43,0
1.7178681823738524,94,95,52,1
1.9399432207667575,94,95,39,6
6.0012201333873740,92,93,49,1
0.4867725271481213,92,93,55,7
5.6687439094552783,92,92,46,0
0.1777689148569395,92,93,50,0
3.8398528693723217,94,94,45,6
0.1288198130313186,90,91,48,7
3.2091184927929648,94,94,45,2
5.3270161411664647,92,93,45,1
0.1157357592734030,92,92,47,1
0.2745646905505265,92,92,52,4
3.7450270809173074,92,92,58,6
1.9131240346737290,90,91,57,0
0.2954351703074933,86,87,48,1
6.1684601253381581,90,91,44,3
1.7241139281299689,92,93,47,5
4.6531677916770802,94,95,49,6
3.8884423138916757,94,94,47,6
3.9466788323882804,92,92,38,0
5.9414319512638487,90,91,42,7
0.0652848659280009,92,93,43,7
0.0092731766935403,92,93,52,2
5.3973144825084791,92,93,48,4
1.4352344703508884,90,91,35,0
2.0820536513044874,94,94,49,4
4.5503388253132826,94,95,45,4
0.3352478389662816,94,95,45,2
5.8771441384957717,92,93,47,1
6.0453098588895049,94,95,48,1
3.2319352577296940,94,95,43,2
6.0862779020695816,92,93,49,3
1.0878071414907551,96,97,47,1
1.6778656915120516,92,93,36,6
3.7197289962134890,94,94,48,1
1.3336304797740550,94,95,49,4
1.2119916920683145,94,95,57,6
3.2575794081557992,94,95,53,6
4.4949841382492615,92,92,51,7
3.9091967109013264,92,93,43,5
1.6472824293174315,90,91,52,1
1.7486447404610987,92,93,43,1
1.6060371202116777,92,93,52,6
1.1910198626368251,92,92,42,4
3.9520361177784538,90,90,39,6
5.6453580516808746,92,92,36,6
0.4093978657149314,92,92,48,0
4.8923943444088280,92,92,40,2
4.2025483242461270,92,93,53,3
2.2847965413511053,92,93,47,1
5.0996738710507028,94,95,45,4
4.5759596306248813,94,95,47,6
0.9227415858738802,94,95,49,0
1.3601678020444863,94,95,55,6
3.2618919549196419,92,92,42,6
0.6400756375772797,94,95,50,3
3.7743057145078818,94,94,43,2
0.3674751723670572,92,93,52,6
5.8939332773335940,92,93,52,2
2.4193203694445491,94,95,48,1
4.6506110925004611,92,93,46,6
3.4312562170952789,92,93,36,0
0.4929358153951996,88,89,39,3
1.4781809780307400,92,93,50,0
2.9257621664037456,94,95,49,2
3.7490851432194852,94,95,40,5
2.0743128748522559,92,93,51,7
4.0647312866759542,94,94,47,2
4.9738564048129144,92,93,44,4
2.8978054771653645,92,92,46,6
4.1855377375187377,88,89,50,0
3.1699588595421111,94,95,49,6
5.6206712182839080,88,89,42,6
2.2572904404674894,94,95,55,6
6.2277345463289482,92,92,40,4
0.2029194597633497,94,94,44,1
3.1371144228095513,94,95,52,1
3.4704002687317121,94,95,49,0
4.3707551324208964,94,95,59,2
2.6890756839218231,92,92,49,7
0.2635762488706769,96,96,49,5
5.0586867528913988,92,92,43,7
3.8726753643908580,92,92,47,7
1.0505877329017623,90,91,41,0
4.2618758579971434,94,95,51,2
4.9272239083718912,92,93,56,4
0.6594866417252805,94,94,50,5
2.0160078214672672,92,92,48,2
4.2913372222804131,94,95,55,0
2.2795721216175209,94,94,54,7
1.4536230618546266,92,93,46,0
3.5636085773407244,96,97,57,7
1.6398201582396283,88,89,39,5
0.3461348717270392,92,93,44,0
1.3758506828993293,92,92,42,6
2.6483458903023411,92,92,44,4
2.6624266571124133,90,91,46,3
0.3046289105624835,94,94,45,6
6.2296872274247024,92,93,50,6
3.1534779700654307,90,91,44,5
5.6098724255646211,90,90,46,5
4.4855461002527468,94,94,40,7
4.4336617588817999,90,91,51,0
4.0446388229938899,92,93,48,4
2.9029384683793817,92,92,34,4
3.1637571697119560,90,91,45,6
1.9037610803191869,94,95,46,1
1.1800673096929959,92,92,50,2
5.5751976291811403,90,91,45,6
0.3135220603879453,92,92,45,3
4.6741190457214614,92,93,50,0
1.9928150207852871,92,93,53,7
0.6667540680596707,92,93,42,2
4.8194361052020467,92,92,48,4
3.2965001879387175,92,92,46,0
2.2069874299387169,90,91,43,6
1.8733944199196213,92,93,46,0
3.5834161086520719,94,95,55,4
5.5579905045293545,92,93,55,7
1.5229952114477263,92,93,44,6
0.2827054556007386,94,95,47,6
5.0188755481686194,92,92,47,7
0.8404814461941097,94,95,52,3
1.6191804431478805,92,93,46,4
6.0359676617342073,92,92,52,6
2.5614574414856444,88,89,46,0
2.9871207870608791,94,95,45,6
5.1743172305046041,90,91,34,3
1.2684530680805710,94,95,53,6
2.5288627246570670,84,85,49,5
4.7324802095237697,94,94,38,3
1.5630246468264990,94,94,45,4
4.3474154705953953,94,94,39,2
2.8381619225333448,92,92,56,2
2.8875369633167471,92,92,46,4
2.1745811113148346,92,93,57,7
4.5990978244519551,88,89,38,4
5.3663853213868160,94,95,49,0
2.2054740582704850,86,87,41,2
3.9907785649098866,92,93,49,1
0.5822654991525192,94,94,42,1
5.5730828867477209,94,95,49,6
0.8043026813119063,94,95,47,4
5.2306040330879124,94,95,48,7
2.7169456790056739,92,93,54,6
3.4829743958674855,94,95,53,2
3.7952981129387009,94,95,54,5
5.6136269418031715,90,90,48,3
5.1753477072600447,92,93,49,7
2.4485397368207518,92,93,48,4
5.0856904436556496,92,92,40,6
0.4283219983615271,96,97,59,7
6.0529246857511678,92,92,51,7
5.1792598000619323,92,92,45,3
2.2809019159116612,92,92,52,6
1.4425799223622482,90,90,53,4
6.2354841039756952,92,93,48,2
0.1677281556051859,92,93,45,1
3.2233873935545683,92,92,43,3
2.0299521927132216,90,91,60,7
2.4572564456175403,94,94,55,0
0.2153751790873725,94,95,48,7
3.2868065203041836,92,93,39,7
1.8704664917069433,94,95,48,7
3.6957010426111774,92,92,42,6
1.9168862348984692,94,95,53,6
0.8550362663204367,94,95,54,7
0.1542112043524118,94,94,52,7
2.3528723852153441,92,92,52,6
1.5547451779406583,90,91,44,7
5.9457463953515246,94,95,50,7
5.6496942157839207,92,93,41,5
4.9572678215565045,94,95,49,6
1.4709724210771369,94,95,45,0
1.3930004229563142,96,97,50,0
2.9640506301375344,90,90,51,4
6.1189662095867696,92,92,54,4
5.1621043846738299,92,92,49,1
0.1872453852147471,94,95,51,0
3.5646791396571169,92,92,37,7
2.8645706664342607,92,93,37,3
0.6157039988992894,92,93,38,2
3.2011044592614093,94,95,51,2
2.6863022339189717,92,92,47,7
2.7316371689315195,94,95,51,2
1.8540724182868817,94,95,51,0
0.5315066486909431,90,91,46,5
6.1665449839151192,92,93,48,0
4.7390698095826815,94,95,48,1
4.6820845394260688,92,93,52,4
0.2605721866509837,94,95,55,2
5.8795483622506568,94,95,50,3
6.1911214781678261,88,88,48,4
0.4471667248011138,88,88,52,0
3.6481863936278591,94,95,54,1
2.1681860183614394,94,95,50,5
3.3016990918819729,92,93,53,3
5.4729370321235455,94,95,53,4
4.3800579578008048,90,91,45,4
0.7726739175949463,92,92,55,5
4.3397543343162504,94,95,40,3
2.4183362772359396,94,95,53,2
3.7639268100676913,92,93,51,1
4.1779476247795584,90,91,57,6
2.7310137425097785,92,93,34,6
4.4492949156615307,94,95,38,7
3.8153569526016642,94,95,47,6
0.5151019255188071,88,89,44,4
4.7949221213497815,86,86,53,0
0.3322288240298163,94,95,63,4
5.0218831575825682,92,92,42,6
4.1262137657624542,94,94,48,7
2.6399511393566728,94,95,56,3
4.4542054068995434,94,94,52,7
2.2153468669852763,94,94,45,4
4.1094251810058875,94,95,51,0
0.9128102765527432,92,92,47,7
2.0035437814009875,94,95,51,0
3.8498777882913275,92,93,53,5
6.0506961930120040,84,85,42,0
2.4864427772645836,92,93,52,6
6.0847169745297514,90,91,44,3
0.8594429760323841,92,93,42,6
0.2427741054981950,94,95,47,6
5.7307544830762156,94,94,46,3
0.8172182161266701,96,96,49,7
4.8833697239770339,92,93,36,2
3.3645664577236127,94,95,45,2
5.1390606138455910,90,91,54,5
3.3988369908065716,94,94,48,3
1.7485202740517238,94,95,46,7
4.3845292291222435,94,95,41,0
2.7224427809701250,92,93,53,3
3.7614023173210134,92,93,46,4
3.5033916817212356,90,91,50,1
1.1647487603019491,90,90,48,5
4.4227285500978990,94,94,35,4
2.8424670305169917,90,90,43,2
0.2712337745370311,92,93,47,7
0.2300672665409931,90,91,52,1
1.5747069730601502,94,94,56,5
3.7841589259286925,92,93,50,6
5.9771696309764071,92,92,44,4
3.9950950131850442,92,92,46,2
5.2043431370875455,94,95,53,0
5.0354903125848178,92,93,48,6
0.0904759135955455,94,94,52,7
3.1219063676832031,90,91,55,4
2.9244061772023917,90,91,42,3
1.3638589511973687,94,94,45,6
5.1825794255929765,92,93,49,5
0.6026562666024649,94,95,51,6
5.3367469630224962,92,93,50,4
5.1288872580345499,92,92,41,5
0.6830762547818423,94,94,46,7
4.5603690994716333,94,94,51,2
4.1873527091490583,94,94,46,3
6.0181377836007117,94,94,45,0
5.7106013648843463,92,93,52,2
2.5107696471007555,92,92,47,5
3.3091999800714582,88,89,48,4
3.6681918776169846,94,95,51,4
5.7517389905419929,92,92,43,3
1.6197130663274262,92,93,45,1
2.8609849921636643,92,92,52,4
1.6330123152095923,94,95,49,2
6.2774946813783430,92,92,55,3
6.2694739975814739,94,95,48,5
1.0521721581716750,92,93,53,3
2.8759381807545363,94,94,59,6
0.9107715618363442,90,91,45,4
4.3798519158253830,90,91,54,5
1.3705853591501094,92,93,44,0
1.1461901790398239,86,87,44,5
4.2938110191344663,92,93,50,6
5.9987456517613982,92,93,47,7
4.2128618748951299,90,91,47,4
1.2531055222916365,94,94,54,1
4.7117133184904034,92,92,51,5
3.4183608141952098,90,91,47,4
4.1618862021541565,94,95,48,3
3.6500430232359413,92,93,44,0
4.7018074918451482,94,94,53,2
1.8344982244023340,90,91,46,1
2.9696990578537981,90,91,55,0
5.4921508531003118,92,92,46,0
0.5648015190998137,94,95,46,5
5.8441812068152288,90,91,38,3
0.6284478211312733,92,93,48,6
5.5661016547290973,92,92,59,1
3.5610322716269107,94,94,54,1
2.7798994266747385,94,95,51,2
2.3217808393175949,94,95,49,2
2.4143581825371054,94,95,52,5
4.3039711612169240,94,95,50,7
0.7944412096469420,94,95,45,2
0.9174380031341544,94,94,43,4
5.5806548174308235,94,95,44,5
4.2969824266050258,90,90,54,5
5.7000576764728965,92,92,50,6
0.2755144249400833,92,92,43,5
4.9871858795459971,86,87,49,4
4.7107443009798668,94,94,48,7
2.1958915265430576,92,92,46,0
1.2052268050741477,92,92,50,6
0.3710730360277351,86,87,45,0
4.8631923210304109,86,86,46,5
3.8938602620040905,92,93,48,0
5.1031974422266346,92,93,44,2
0.2769719113715081,92,93,52,2
5.4571936398679481,94,94,54,5
4.6127753915702296,90,91,41,4
2.8085183127910844,90,90,47,0
2.0623921958027798,86,87,42,7
4.0276037162511020,90,91,44,7
4.4456365356195091,92,92,50,2
3.6893087369546262,94,95,48,7
2.6951270320535214,90,91,46,7
2.4597268921070556,94,95,51,0
2.2868665712908207,92,92,50,0
2.0337378256074121,92,93,49,5
3.3148646647387752,92,92,50,6
2.4815533703023633,92,92,35,3
0.9702807380272866,94,95,48,3
3.0727647690242419,94,94,47,0
1.6316990719894326,92,93,35,3
1.2799103710145794,92,93,42,0
3.5555864962415291,92,93,47,3
2.1356886583708352,92,92,52,0
2.8961702242435616,88,89,36,4
0.4603356785862167,94,94,46,3
1.2534857446955008,94,95,49,2
4.4540282750260740,92,92,47,5
1.3810093768764913,90,91,45,4
3.6664251027364156,92,93,45,7
5.8118158652342835,92,93,53,1
2.8334840126478880,92,92,56,4
0.3734590373660537,88,88,37,7
4.9899230880072523,90,90,42,3
1.9929600017906866,92,93,49,5
0.4410977482899791,88,89,41,5
2.4192717760688942,92,92,48,0
5.1579033681292579,94,95,56,7
4.6981640109218681,88,89,42,4
5.8448795021034519,92,93,50,6
3.8492118801932049,92,93,48,6
4.0766760311986792,94,95,47,4
2.6166820679827514,92,93,42,2
0.5130149510731342,92,93,53,1
3.6169706925721568,90,91,46,3
0.8241754140386409,90,91,48,7
1.9563417286513878,94,95,44,7
4.4601344882138561,94,94,44,1
4.6290552084850534,94,94,51,6
0.6112212102685289,90,91,39,2
2.7285185610645306,92,93,44,6
4.4171756902820567,92,93,47,5
2.5310239010225652,92,93,53,7
1.5604878865492489,90,91,43,0
2.4217536996149760,92,93,47,3
0.0417185945273079,92,93,50,2
1.9512779596872292,90,91,46,5
4.0172012842154619,94,95,55,0
0.6717402503140244,90,91,56,1
0.0139549842062359,94,95,50,7
3.3000132960111834,94,95,61,0
0.5505495827147915,92,92,47,5
3.3641738841423581,92,93,55,1
1.5851026749748593,92,93,49,1
2.0839818606664475,94,94,48,1
6.0988867643947637,94,94,43,2
0.9231987926972587,90,91,50,7
0.0124966225130147,92,92,41,7
1.2290006024434863,86,86,46,3
0.5285614257846728,90,91,58,7
1.0239457352314434,90,91,60,3
0.5528574823344331,94,95,52,1
2.2124291435718120,92,93,46,0
2.2551749251115103,92,92,48,6
0.0179913493762398,94,95,51,0
5.6063611978503687,90,90,47,0
2.4939274446940725,92,93,49,1
2.1658311343922980,90,90,57,4
3.4423891797848754,90,91,53,4
3.0565468444243873,92,93,45,7
3.1515511041081035,90,91,59,6
2.6029012652666239,94,95,53,2
0.7482372720634202,88,89,52,2
6.2208245191513667,88,89,38,4
1.6093120920498785,92,93,44,4
3.1903650614938668,92,93,54,2
0.0811486081503549,92,93,40,6
4.7640788647618368,92,92,48,2
3.5051320063021647,92,92,52,6
2.2299984180554850,92,92,49,7
1.1173117783206379,88,88,47,1
0.8837036948385109,94,94,55,0
0.3325562930282356,94,94,31,4
3.9314733075985213,90,91,40,5
0.2191773273676100,92,92,43,3
2.7182480096578323,90,91,51,2
5.6029506600710075,92,93,55,7
2.8714517621768687,90,91,51,0
4.4345681792165434,94,95,49,0
0.1456509501646751,94,95,47,0
2.0914459189694816,94,95,55,0
3.2036214001100163,92,93,44,0
1.2896787575188171,92,92,47,3
5.0087987919854884,92,93,53,5
1.7281731286621764,92,92,53,3
0.3988217330997120,90,90,43,4
0.3805445877879234,94,95,57,2
5.2873922014243533,92,93,54,6
0.4963440740780460,92,93,55,7
0.7545306395007810,90,91,49,4
1.9281655569852219,94,95,49,0
1.2371927458795042,92,92,49,3
4.9887538730082630,92,93,46,2
0.0361084346645683,92,93,51,3
1.8154800000727853,92,93,55,7
2.9923022270411472,94,95,55,6
3.3400883023510595,92,92,50,6
4.9726708592684119,90,91,44,3
0.9938968988986809,92,93,55,5
5.8005999721352772,90,90,46,5
1.8320717299430682,92,93,45,1
5.4269954792939332,92,93,45,1
1.8241865979132899,90,91,60,5
4.1801042152907870,94,95,44,5
5.0211654278812130,94,94,42,7
3.6978755740882758,92,93,57,7
5.4797319192024867,94,95,51,0
0.9960977297557717,88,89,38,0
3.7861776432251166,94,95,53,2
5.5193335619548849,90,91,54,7
2.8030820505671858,92,92,41,3
4.1345300132482770,92,92,48,4
0.2374154714257243,94,95,47,2
1.5378979954659062,94,94,48,1
0.9417415674578566,92,93,49,1
1.7592426630323166,92,93,51,1
4.5009211279472758,92,93,51,7
2.7011574816439539,88,89,52,6
0.6612497230878915,94,95,39,2
5.7744154141444870,94,95,57,0
3.3062668949563077,90,90,41,0
2.4253423863700299,94,95,55,0
5.9460064600864415,90,90,48,3
4.9981485851087610,94,95,48,3
3.9883635469756622,92,92,44,2
1.9915220973908641,94,94,47,4
3.3894284428991694,88,88,46,6
2.2210681506554133,90,90,50,1
3.3134114717190783,92,92,41,7
6.0268476712508310,94,94,48,1
1.7224615911091750,92,93,49,7
4.5097865997605862,92,93,52,2
4.7675796015781753,92,92,39,1
4.2278757212131231,94,95,46,1
2.7506565311627220,92,93,55,5
5.5344982612268341,90,90,36,5
3.7827780787060470,90,90,48,3
4.6066710110395155,90,90,46,1
0.1144443908841973,94,94,44,7
4.6950797182332398,92,93,52,6
0.2769966774885368,92,93,54,0
2.4564393889215279,90,91,53,2
0.5556464909944444,92,93,58,0
1.6522686748566728,92,92,50,2
3.0041993149978810,92,93,50,4
4.7617087008885095,96,97,48,6
5.1629490479808595,92,93,44,6
5.2123663299453433,92,92,42,4
1.0886858656977596,94,95,46,7
0.3489109359078979,92,93,48,6
3.5473221032325060,94,94,47,4
0.9647533225611986,92,93,47,1
4.1212224948327574,92,93,47,3
0.9314201774823732,92,93,47,7
5.8731507369571707,94,95,53,0
0.9319449316882963,94,94,52,3
3.9959942211897204,94,94,60,7
0.5652207297107652,92,92,51,5
3.0928614873011142,92,93,42,4
2.8336079993124339,94,95,49,6
6.1913478930634627,94,94,48,5
4.0611873994801817,92,93,55,7
4.7492991885032430,92,93,55,3
0.1095569275769113,90,91,51,6
6.0567939130076622,92,93,47,5
4.4388591871635947,94,94,49,6
0.4083146053282820,94,95,42,5
5.7046705303290324,94,95,59,6
3.4574459263954243,88,88,46,4
5.9404886617392325,94,95,60,3
0.0209472789842343,92,93,51,1
1.2805452472798371,88,89,54,0
4.4363932636143435,92,93,58,6
1.3668780135916045,94,95,45,0
2.9470884221352986,92,92,44,0
6.2418361967583857,90,90,47,4
1.3039239922297163,90,91,46,3
2.8049750460098970,90,90,53,6
2.9953583697944559,94,95,46,5
4.4526513274163069,94,95,53,4
2.1339435266876854,94,95,51,4
2.3775519358602213,94,94,45,2
3.7254731812573296,88,89,45,1
4.6711761901390423,88,88,48,0
3.4676232922081871,90,91,43,2
0.1424223532984681,94,95,52,7
2.6069781157812377,92,92,41,1
6.1180474089915018,94,94,55,0
2.7754738655519016,92,93,50,0
2.7356000941373466,94,94,37,2
0.3248627035848506,94,95,49,0
3.4508729559241269,92,93,51,5
4.3639416260968762,92,93,50,6
2.3407494138035898,92,92,44,0
3.8116699075274694,92,92,42,4
1.6129278035229229,92,92,43,5
0.1164455677004246,94,95,53,2
3.8074303123315896,86,87,41,4
3.4005557779784903,92,92,51,3
1.8590407537393203,90,90,46,5
1.8665788353863331,94,95,51,2
4.3598867914103261,90,91,57,4
3.2986840112389242,94,95,50,5
2.2223936501873247,94,94,40,3
5.8831460895821364,94,95,43,0
4.7954701894715939,94,95,51,2
5.4033552861114931,94,94,51,6
3.2170582282162923,90,90,51,0
2.0786438850878697,94,94,49,0
3.1817897694096202,92,93,48,4
2.7465038624124349,90,91,50,3
0.4649942788153315,92,93,48,0
5.2962871814925983,92,93,48,6
0.8903645596481798,90,91,42,1
5.2404951569397822,90,91,48,1
5.9618564406447421,90,91,47,6
5.2621463969017022,94,94,46,1
4.5648585866408018,92,93,48,4
5.5026969175254923,90,91,39,0
4.7988718810321780,92,92,48,2
3.7613407614064318,94,95,54,3
3.8764838028285982,92,93,46,4
6.2693900108370046,90,91,42,7
1.0610063419527969,90,90,47,6
2.5235552035705728,90,91,44,7
0.5501813188355614,92,93,47,3
2.6015353521799724,92,93,49,5
4.2113315319479101,86,87,41,4
3.7076705422659253,94,95,57,6
3.9270564258847238,92,92,46,0
6.0133410447382811,92,92,50,4
2.0675763557348263,92,93,41,5
3.1457436116814415,90,91,50,5
5.0392107442602621,88,88,41,7
3.9215320561691978,94,95,50,3
4.8983489744005890,92,93,47,5
3.6645186849975793,92,93,41,1
3.3031092041048074,92,92,55,7
5.3208013443177089,94,94,40,3
5.6990494388711381,90,90,47,0
5.0094749905291946,88,88,40,2
2.3454991294432936,92,93,52,4
6.0279913061107511,92,93,53,5
5.7248673016661300,92,93,50,6
0.5707360527325823,94,95,47,4
5.3327231116452589,92,92,47,1
5.6826405276560630,94,94,53,2
0.1938561957003546,92,93,56,4
5.2245984535451324,92,93,43,3
2.1564767343282623,92,93,45,1
2.4733961658562915,94,95,43,0
0.2040360236725711,88,89,48,6
2.0036761002756696,90,91,45,4
4.2915171755091244,94,94,52,1
5.8127171797322044,92,93,42,6
4.4372759789629441,92,92,41,5
6.2267385959923480,94,95,63,6
1.3458800254444443,94,95,44,7
1.7358705780348411,94,94,49,2
4.7352731164407755,90,91,46,1
1.4931857795721790,94,94,47,4
4.8465417808653948,92,93,52,6
0.0885565182690933,92,93,53,3
0.8237120100069565,90,91,46,3
2.2212104327866453,94,94,51,0
0.1285338888217115,92,92,51,1
6.2293390460142275,94,95,51,0
2.2252596755053293,90,91,46,7
6.2424717573343473,92,92,43,7
4.2904876052445644,94,94,48,1
3.7355349791840848,94,95,49,0
2.1211886387723502,94,95,56,7
1.1290577707846241,90,90,57,6
5.3650858876794612,92,93,48,6
3.0274458343024957,90,91,55,4
3.2878693478325918,92,92,44,2
5.5628167602127219,92,93,37,3
4.8903568684842815,92,92,53,1
4.3889702370053945,94,95,47,2
4.0132898840674596,88,88,45,5
3.8271650074658670,90,91,47,2
3.8984986799008587,94,95,60,5
1.8674308907888200,94,94,46,1
0.8789291975458116,90,91,37,0
5.0843419068402946,92,93,53,3
5.5281554066414644,90,91,46,1
2.3785442849544274,94,94,47,6
5.8207945330211430,92,92,51,7
1.3616543014294624,92,93,45,5
4.7821215238497903,92,92,40,6
3.2939343635638942,92,93,49,3
5.3324790307850920,98,99,43,0
3.2775365182635925,92,92,49,5
6.1813634425730486,90,91,48,5
5.4754564497753755,92,93,47,5
1.1605566194216335,92,92,44,0
4.3381271718325314,90,91,44,7
1.7446254930263019,92,92,52,2
2.9936952772093739,94,95,51,0
5.6720374441440180,92,93,49,7
1.1449313613014429,94,95,53,0
0.3796354740306154,94,95,47,0
2.4937506070964894,90,91,50,3
1.2551973934671248,92,93,39,3
5.0283947553176080,92,93,41,7
0.9484016627175572,92,92,51,3
2.6639742278285157,92,92,46,4
5.1277034983390894,94,95,37,0
4.9690000345426153,94,94,54,1
5.5638490783080474,92,92,61,7
5.8543685369833920,92,92,50,6
0.5117429543291688,94,95,49,6
3.8779590147123710,92,92,49,1
3.1551535659376739,90,91,44,3
5.7167721702685341,94,95,42,1
5.0760020667658790,90,91,41,0
1.4570685254594304,90,91,54,1
3.7415879082817227,90,91,45,6
3.8476287892544421,92,92,51,1
2.8876148279424818,94,94,52,1
0.9815254342128704,92,93,42,2
5.5027277202798608,94,94,51,6
4.0706484604154651,92,93,47,5
5.0195744671431077,90,91,44,7
3.6713210474227820,92,93,49,7
0.1869274472568907,92,93,38,2
5.0575743569716725,94,95,47,0
4.9040446758841343,92,93,44,4
4.1732509379490095,90,91,49,4
2.6254950229142211,92,93,52,2
4.1154561917073655,94,95,46,5
3.0047818031324240,92,93,44,2
4.6858482406221862,94,95,52,3
4.2776236830825827,92,93,53,1
5.5461962224615959,94,94,42,7
5.7711407854088517,92,93,48,4
3.1876219349319008,90,91,53,6
4.2850216958886831,92,92,53,3
0.1708684395603851,92,93,37,1
1.4116992641792880,90,90,45,4
4.0558462677999794,94,95,57,6
0.1387366456674417,90,91,55,6
1.8934371034463637,92,93,47,1
4.1662860837281501,92,92,53,1
0.2215344856522850,96,97,52,4
4.2235626333002143,94,94,48,5
1.4396367140699589,92,93,53,5
4.8579884742527080,92,93,42,0
5.2464696246756217,92,92,43,7
5.5473168224543565,90,91,41,2
5.1660930453709204,94,94,46,3
3.6834284451190293,96,97,56,4
4.5361251353186658,92,93,46,4
0.9319264417743643,90,90,45,4
5.7110588219978897,92,92,46,0
3.0232466794023125,92,93,41,7
3.9127004219276897,92,92,43,3
4.9174465846734554,88,89,57,7
2.9219503647283238,92,93,41,7
2.4602627420021039,92,93,62,0
5.6322610748413870,92,93,45,7
0.4915184322395253,92,92,51,5
3.3606028144287849,92,92,48,4
2.5959195313284829,94,95,38,1
2.5669361577051220,86,86,46,1
0.1078380015302540,94,94,49,0
3.7570049708693491,92,93,41,5
6.0331660613965647,92,92,50,0
6.1029751738568114,80,80,41,1
3.9153360163199933,92,92,42,0
5.4811486850281712,94,95,43,6
5.4283257233765019,94,95,48,5
2.0142356144176374,92,93,45,5
0.1526907819229734,94,94,45,2
5.0427054715758066,94,95,55,0
6.1737684920273823,92,92,51,3
3.2054715500379136,90,90,43,2
4.2771502390243663,88,89,37,5
1.5799521688537461,94,95,61,2
5.0403670332816946,94,95,43,6
4.5041156344375715,92,93,50,0
4.1353323552926033,88,89,40,6
4.1978609390178390,92,93,40,6
5.8370261479440417,90,90,55,4
5.8941216498357010,92,93,43,5
4.4499363076056042,92,93,37,5
1.6774547812323144,92,93,57,5
0.1678101194151237,96,97,48,2
4.3803873870490273,94,94,46,3
6.1631396914111463,90,90,52,7
4.3057712976424547,94,94,42,5
6.1722261154664002,92,92,47,5
2.5694323496828164,90,90,49,4
3.7765660476500793,92,93,49,3
3.4865583346338971,92,92,47,1
5.8922282833173574,92,93,48,0
5.9449590975228590,92,92,43,1
5.1717648191750998,88,89,46,6
5.0845979321968047,94,95,49,2
2.8492569271710386,94,94,47,0
1.7716925528191281,86,87,48,1
2.7115780603647197,96,97,58,6
4.3833627060925080,94,95,55,6
5.1165646816617132,92,93,51,5
4.8747898651432484,92,92,41,7
0.8688015393109394,94,95,39,6
4.3432468678770535,90,91,46,1
3.7405539425622263,92,92,50,4
0.5515105784149387,92,93,44,4
1.4155967478171898,88,89,46,2
5.0368885833173049,92,93,48,0
0.1503766856126101,94,95,61,4
3.8053349882965763,88,89,42,4
1.0769097043674252,92,92,52,2
3.0666726718118373,90,90,44,1
5.5167945888750545,94,94,45,2
1.9660673656189307,94,94,38,3
6.0900658812530226,90,91,44,3
4.1314717342445952,92,93,51,5
5.6162171680358535,88,89,50,0
0.8855918217014535,90,90,60,3
0.0923061463917670,92,93,47,7
2.1922963536911348,92,93,44,0
0.5284148900247555,94,94,60,1
3.8301065144395992,90,90,47,4
0.9550564707737963,92,93,48,6
3.3185409843628690,92,93,45,5
2.6160487303823849,88,88,42,6
3.6851679367692833,92,93,42,6
4.4817009434461372,92,93,46,0
4.5321951743526983,94,95,44,1
2.7062051012355575,92,92,49,7
3.2920043860203241,94,95,53,0
3.0387847960349696,98,99,59,2
3.0018209246389671,94,95,53,4
1.5607439229717655,96,96,44,4
4.3097976634045283,90,91,51,6
0.5971806116157791,92,93,51,5
4.0235956886844528,86,87,33,2
5.0777929457313826,94,95,52,3
1.2156154210466230,94,95,49,6
4.3283816330445788,94,95,37,4
5.4846772001031416,92,93,49,5
2.6693854994571589,92,92,47,1
2.5888763499929461,92,93,51,7
0.6627436842378103,92,93,58,6
3.8724236182751346,90,91,52,1
1.5773011981910605,88,88,39,3
1.6219731608788055,92,93,52,6
3.0407517409161775,94,94,46,5
0.4422819071971179,94,95,52,1
4.3278052676004579,94,94,47,0
5.4562761891955729,88,89,48,0
0.7784792424924543,94,95,52,7
6.0890566888744670,94,95,51,4
4.1759988795578602,94,94,47,2
0.1422312321835452,94,95,58,7
5.4014876860491263,92,93,50,4
0.5156142788266980,94,94,52,1
5.5593818482801591,94,95,51,4
4.4951595001485449,94,94,41,6
5.3826286717328617,94,94,51,0
4.8168743322384344,92,92,54,2
4.3623796433732052,94,95,42,3
5.8759091681327114,94,94,48,5
0.8173097769867047,92,93,42,2
1.1175531340622959,92,93,45,7
0.8356947248887038,90,91,44,7
0.7806381138862439,94,94,42,5
1.5597617742831809,94,94,52,5
2.1766096635473233,92,93,45,5
4.7106245762197743,92,92,47,7
1.2197717373941386,94,95,42,1
4.3562709227307188,92,92,42,0
1.0938864690921364,92,93,38,0
3.8241389206431085,94,95,47,2
1.8196585852149929,94,95,50,1
2.4357849042411241,92,93,59,7
4.3446489340957628,92,93,41,7
0.2721269765844849,94,95,52,7
2.7859241602078306,92,93,51,5
3.7705752200228595,94,94,53,2
4.2648184045053377,92,92,42,4
3.1960473883736018,88,88,37,1
3.2601973448149510,88,88,48,6
2.0765895472018538,94,94,47,4
2.2149031961086898,96,97,59,7
2.6113548545927689,92,93,47,3
1.1851991426703805,94,95,51,0
4.7719870399046167,92,93,43,1
4.7683666270448359,92,93,47,5
2.8702328065845562,90,90,46,5
5.4361454196183434,92,92,49,3
4.8325007861687919,90,90,45,2
1.3013449103675767,90,91,42,7
1.0721504982789540,92,93,51,7
0.0207040593892069,94,95,54,3
4.8055144316240463,90,91,41,6
2.8711714907427508,92,92,49,7
2.6275386954220918,94,95,53,4
1.7962814668380322,94,95,51,4
5.8723036513120581,92,93,37,5
2.5273357099618576,92,93,43,3
5.9279376777013280,94,94,44,5
4.0794984452876770,94,95,54,3
0.0667482885411773,94,94,40,7
3.0628723821283503,94,95,52,1
0.0824559992180772,94,94,44,7
4.5247490659336203,92,93,48,0
2.8186862747419701,92,93,50,6
5.5274665541525367,92,93,39,7
2.9729001338467800,92,92,48,4
2.1518914818016222,90,90,54,1
5.5127108588505811,94,94,45,0
0.9403106225820786,94,94,53,2
6.1470008325073806,94,95,46,7
5.8814903302151897,92,93,41,1
2.3713814275050504,92,93,53,1
0.0576705107709006,92,92,42,0
0.9358684233895228,94,95,48,7
2.5208789778086724,92,92,50,4
5.9948135982357078,92,93,51,7
2.3794037808629445,92,93,43,7
0.3152144454257365,92,93,42,2
1.0388727452851203,92,93,48,2
1.6193811610913040,94,94,45,6
0.6354241198483705,92,93,49,5
5.9821607686324985,94,95,50,7
4.6718423051250619,92,93,51,5
5.6024129572071075,94,95,49,6
5.0250369590201327,92,92,47,1
0.0888919178471792,90,91,49,4
2.3388518921485826,98,99,53,0
3.1794332825299576,90,91,44,1
4.4317091340120180,92,93,53,5
4.9905324654563161,94,95,46,1
3.8443333635462982,94,95,46,1
5.6194826025180209,94,95,44,1
5.5867156031553069,92,93,52,6
2.5883586642512935,94,95,53,0
3.7194654369746214,94,95,51,2
5.1479965346286320,88,89,44,0
5.0715729875162525,90,91,51,4
3.9868669679797755,94,94,50,3
2.5285790654718583,92,93,46,2
4.9270905774414633,92,93,37,1
0.1972789437174633,94,95,42,5
4.6257280139913846,90,90,47,4
4.0976397951695445,90,91,44,7
2.4960981295120099,92,92,54,4
6.2660220838066163,92,93,55,7
1.4162908447161275,92,93,49,5
0.9771500272497516,92,93,51,3
4.1415045270744351,92,92,51,1
1.9351986082727297,94,95,54,5
5.5868786305522811,92,93,52,2
4.2372554147966524,94,95,43,4
3.6441002873104575,92,92,50,0
1.7227550484503860,90,91,44,5
3.5729201934138630,92,93,44,2
6.0581893519831969,94,95,52,5
2.6818613598782104,92,93,45,1
0.9598168783978215,88,89,54,0
6.0177474072086632,94,95,43,0
3.4313923347932977,92,93,44,2
5.7463805368072149,92,93,40,2
1.8552890766056807,92,93,53,1
3.9541886353122515,94,94,51,0
0.1863490360381426,92,93,42,2
1.1667007082268408,92,92,45,7
2.8134952667191020,92,93,49,3
3.3646495917941617,92,92,51,3
2.3746811994552930,90,91,47,4
1.8188281335883718,92,93,46,6
4.5018797654352793,92,92,44,0
3.4734104087080810,90,91,45,4
4.5138597259575040,92,92,48,0
6.1940299106653551,94,94,38,1
1.2318264593935380,92,92,51,1
2.5872055997031671,90,90,48,3
3.6689996289013043,92,92,55,3
3.0501337762633915,92,92,49,7
4.2109245361799266,92,93,48,4
1.8522355991092700,94,95,61,6
5.6075343264923614,88,88,39,7
4.6025676731123069,92,93,43,7
0.5977401249924588,96,97,54,4
1.5797226463880321,94,95,53,6
1.0356832986823037,94,95,49,4
1.5708159342875210,92,93,52,2
2.8239223504846507,92,93,50,2
3.8271608293765143,92,92,47,7
2.5516334085301500,94,94,55,0
4.4157467846479905,92,93,41,7
3.6094511080570983,94,94,44,1
0.7868967287154137,96,97,56,2
3.1660914283254495,90,90,41,4
2.7660629823396752,92,93,53,7
0.4456576853243974,86,87,49,2
3.0200230277651889,94,95,45,0
0.0888582423930286,88,89,41,7
3.8268754046374553,94,94,48,7
0.5771641905694938,94,94,53,2
0.6443679234158756,90,91,50,5
4.6223334021081515,90,90,42,5
3.6309746553208280,88,88,48,4
4.7162542264837191,94,95,51,6
2.4183752121753836,92,92,48,2
1.8539003482343717,92,93,45,3
2.3807815884581673,94,94,44,1
3.5509288059368171,94,95,48,1
4.5954860789630692,90,91,52,5
1.9395009319827405,94,94,46,3
4.0960704767960525,94,95,48,1
1.4433176616879884,88,89,47,5
2.8680424818838559,94,94,54,7
5.7687175599655065,88,89,51,7
3.3651259082562182,90,91,49,0
2.2274202598701209,94,95,48,1
0.7216978192310475,94,95,42,3
0.6477148861585378,94,95,49,0
3.5995639410098668,92,93,44,4
2.1229935243029936,92,92,46,6
1.9167659583213306,88,89,48,0
3.7641191669327494,94,95,52,3
5.4498488554339239,94,94,47,4
2.5476260473636745,90,91,50,7
2.9827745681000581,90,91,52,3
1.3657533039087528,92,92,44,2
2.6674093668494847,94,94,55,6
2.8158148791342805,92,92,47,5
1.1938441837817562,92,92,50,4
2.8805140918776972,90,90,47,4
3.7394964427453590,94,95,46,7
4.3453258837527571,94,95,51,6
1.3181035465265485,92,92,41,5
3.7923242040219356,92,93,50,0
1.8488964196166366,92,93,51,3
5.6014806500988819,94,95,53,2
5.8070677087724993,92,92,51,1
3.0238461594525292,90,91,48,7
0.3586193686001662,92,92,53,3
1.6328154438172882,92,93,47,3
5.6948314019105810,90,91,41,2
3.5248079580217033,92,92,55,7
2.9992608902211493,86,87,48,3
2.0144590510257698,90,91,46,5
4.6868441987904150,92,92,42,2
3.1684157797977006,94,95,45,0
2.2782023674969882,92,93,51,5
4.1906571948729230,90,91,44,1
5.7150802067734370,94,95,48,3
0.7476318205331762,88,89,48,4
3.6736690317722531,92,93,56,6
0.6667354739935392,90,91,45,2
2.1183954632234405,92,92,49,3
4.8158260059611120,92,92,50,6
2.5528125209087764,92,92,52,4
1.9707912010274489,94,95,44,1
1.9291107001054633,94,95,50,3
0.3639259161871197,92,93,52,2
1.0691757098472112,94,94,57,6
3.4469996668081091,92,93,49,5
2.8035320580150653,90,90,46,3
3.9549428182117463,92,93,50,6
1.7439040691045087,92,93,44,4
1.7358803230575943,92,93,50,6
0.9217766397166172,88,89,44,4
3.4317750256480410,94,94,53,4
2.4950931271330861,92,93,52,4
3.0728172003854679,92,93,50,0
2.9378148678254865,92,92,44,0
2.1913767100650356,92,92,47,5
3.3810960666481518,94,94,46,1
0.9831677465800790,94,94,43,4
4.9316625361750113,94,94,45,6
2.3410241020533178,94,94,45,2
3.2912279566299962,90,91,54,5
2.2355886618529963,94,95,53,2
4.5291469355054224,86,87,38,3
5.9784898064805985,94,94,45,0
1.3200792995433979,94,94,48,7
5.0944623466286023,94,94,41,4
6.2828898696387450,92,93,49,1
4.9571942279525443,94,95,49,0
5.8146590873125863,92,93,47,7
4.4450105782287528,94,95,58,5
6.1543868098877521,94,95,43,6
1.2268012755823439,92,93,52,0
5.6557686248710910,90,91,39,0
3.7085050214386617,90,91,53,2
5.2970165539178931,92,92,45,7
5.3705232669057512,92,93,50,2
6.1001932775782386,94,95,54,5
1.4947262054681143,94,94,45,2
3.9632749955476250,92,93,46,2
1.2513517235252436,92,93,44,2
5.0288748674085957,92,92,49,5
1.5962152808365815,92,92,55,7
2.4552071311285477,92,93,52,0
6.0903570241412259,92,92,51,3
2.7496100441894664,92,93,48,0
0.6608619053844279,92,92,49,7
4.9682910777866507,90,91,44,1
2.1490346965009985,94,94,41,6
0.0978313677103766,92,93,44,6
5.7928345392435334,92,92,48,2
0.2617036647167996,94,94,43,0
4.4206806958778699,92,93,47,7
0.0211084963302535,90,90,48,3
2.1264207347088560,94,95,52,5
4.7769457141367155,92,93,45,7
0.5720843612783167,92,92,53,7
0.3728896005956858,94,95,39,6
3.4843588408222219,92,93,44,6
3.6491639714343664,92,93,54,4
3.8530372811451503,92,93,56,4
2.3803811056945023,92,93,45,5
3.9325692011170101,92,92,58,2
0.0246517824364864,94,95,41,6
3.9262009434262666,90,90,44,5
0.4932678285420143,92,93,43,5
0.4001813748957117,92,93,42,0
5.3939226926695039,86,87,45,2
0.3488877046604164,92,92,48,4
5.2398698937223598,94,95,47,2
2.3841989722518080,88,88,50,6
3.1565899941493432,92,93,39,3
4.6799564207743183,92,93,43,5
0.5061181169178456,94,95,45,6
3.9069002370527408,88,89,44,0
1.9183486165744046,94,95,45,4
4.7685486809612474,94,95,48,1
4.7944386079165442,94,94,57,4
1.1078966545935809,92,92,50,6
3.7764256980157880,86,87,44,3
0.9574940645387722,90,91,48,5
4.8450267406561904,94,95,49,2
1.6166534407411466,92,93,52,6
2.9506496541168521,92,93,41,1
1.8143489076362294,88,88,42,2
5.4597598162934320,94,94,44,3
1.2848659162443514,90,91,51,6
3.1180518562386039,94,95,53,6
0.3372206070147898,92,93,35,1
3.4055859967643878,94,95,46,7
1.8769987518628317,94,94,54,5
1.1485606648310884,90,90,47,4
4.9055834908118117,94,94,50,1
2.8482005697492991,88,88,41,1
4.6717478500300595,94,95,44,3
5.8837630385538722,94,95,50,1
1.4472565185137285,94,95,44,5
3.3316643861400719,92,93,44,0
2.5170313266920799,92,93,47,5
2.1835636889134373,92,93,50,2
0.5743377347936762,94,95,51,6
2.3452428691032319,92,93,49,5
3.2100572420240456,90,90,44,5
0.2091367247429853,96,97,52,0
0.2688147512678384,94,94,53,2
4.1148456510424900,92,93,46,6
4.1496070135732106,90,91,49,6
3.4041475205242859,92,93,59,5
3.7442234297352255,90,91,51,6
0.8801632455313635,92,93,44,2
6.0577882747980665,92,93,51,3
1.0008793338653426,94,94,48,5
3.5321754287756910,92,93,44,2
1.4530785565646671,94,95,47,6
4.2733661240204190,90,90,43,2
4.1305466355405649,92,93,43,7
1.6752186404436538,96,97,40,2
2.7990669883653885,90,91,50,3
4.7022457167690694,94,95,44,5
5.9026535547550827,92,93,43,7
2.4135704171571915,92,93,45,7
0.9580202749570593,94,95,55,4
6.0959150060897533,90,90,49,2
3.9743061564980247,94,95,52,7
4.5619461670970223,90,91,55,6
3.6500522188610240,90,91,46,7
3.1248933699457013,90,91,48,3
3.8165819068460336,92,93,51,3
4.2881530039829174,92,92,48,6
1.8775868918042484,94,95,52,1
2.9313712194814516,92,93,49,1
3.4603533843209853,94,94,52,7
1.6122099824446150,94,95,52,1
5.6574456119831389,92,93,47,5
3.8952312463721235,92,92,52,0
3.7697800369585193,92,92,50,6
5.4973917133580210,94,95,48,5
3.5550260764609822,92,93,54,4
6.2773555187516576,90,90,51,2
0.3191665683977185,90,91,43,2
2.5707998225459816,92,92,52,2
1.6866194158468715,90,90,46,5
2.3939037852113008,92,92,43,5
4.7558004961641611,94,94,43,4
1.9775633099643155,90,91,43,0
4.7227152741520841,92,92,41,5
3.6312899501040912,92,92,50,6
4.8757549147792361,92,93,51,1
5.0304449501532700,92,92,54,0
3.2489102144421649,92,93,51,1
5.3741143296686102,90,91,48,5
1.0571264005709013,94,95,55,4
1.4055513247026443,94,95,39,6
2.1397233186048648,92,93,45,1
5.0707860028879441,92,93,57,5
3.2816740881391846,90,90,50,5
0.9355148949344975,94,94,41,6
2.3673807454696569,92,93,45,5
2.9196529128648976,92,93,49,3
3.8353388099688748,92,92,44,4
2.7206287421256148,92,93,45,1
4.6681605578820742,94,95,55,6
3.2256094846004748,92,92,42,2
5.0351448813343662,90,91,56,7
5.7525446044742816,92,92,48,4
0.2644809149133894,94,95,58,7
2.1298689308321515,94,95,50,5
5.9445520600501789,94,95,48,1
3.6095922678854979,94,94,44,1
6.1483603515104450,92,93,48,0
1.6685259729614781,94,95,60,7
4.5218184413490130,90,91,52,3
5.0982178456853404,92,93,45,3
3.1258180922769565,92,93,50,0
4.0750225178142392,90,90,48,1
6.0924650609156439,94,95,49,0
3.2867037507849677,90,90,39,6
0.7773030568569591,92,93,48,6
3.2621433266611071,94,95,52,7
4.2276098594795748,90,91,42,7
4.5387613230837074,90,91,52,3
3.4766657679057640,90,90,53,4
0.0345431531170364,90,90,43,2
2.0101596515201035,92,93,45,7
5.4239855916239961,92,93,52,6
4.5680680721662972,92,92,49,1
5.0259036908387822,94,95,49,0
0.0742484644406028,94,94,48,3
2.0462564959334943,94,95,56,1
4.5958928659830169,94,94,49,4
3.7821727392892721,92,93,44,0
5.7584233775472295,92,93,40,2
2.2673426176154616,94,95,48,1
0.5623421621198269,96,97,47,1
5.5613828268149961,90,91,50,1
3.0209571268007762,90,91,51,4
3.9767688781717352,94,95,47,0
2.4574684238456097,88,89,46,4
1.6179746906187973,92,93,46,4
2.0841462716167816,90,91,51,6
5.9506286397302315,92,92,47,7
3.7237537311641775,92,93,47,3
4.9460741046446408,88,88,47,1
3.3949257866456204,94,94,49,4
0.0621065899182997,94,95,51,4
5.7170031518703404,90,90,48,3
0.9231589364629591,94,94,44,5
3.9034510775058164,92,93,47,7
0.4865703043713744,92,92,49,7
2.5459938040938952,90,91,51,4
4.7613239271568908,90,91,40,3
4.2504379334490237,94,95,52,5
2.1073346164180808,90,90,48,7
1.9219764247425113,88,88,46,0
2.2000808653453925,94,94,57,6
5.9816277096033987,92,93,52,2
0.2773467166847706,90,91,36,5
3.3062264422597183,94,94,52,7
0.9158689956408952,94,95,53,6
3.2063388182346753,92,92,52,2
3.0805224362667656,90,91,40,7
4.7218331644030753,96,97,58,4
0.0890251964864285,92,93,49,5
4.3611905382525569,92,93,43,3
1.4850794462354187,88,88,48,2
1.3266471360099046,92,92,45,7
5.8844465373476309,90,91,53,6
1.2248906811302276,96,97,48,4
2.9757258055786626,88,88,40,2
1.9540727990519844,94,94,51,6
1.2898058787061055,94,95,43,4
3.1273563111046974,94,94,49,6
0.7762620460313566,90,90,41,4
6.0846444610351673,92,93,53,7
1.4233217859970559,94,95,53,4
2.5776433425432073,92,92,46,4
0.5143778126894779,88,89,43,3
4.3247017922895363,92,92,50,2
4.1915696267702760,88,88,47,5
0.7910681432019627,92,92,59,1
2.3134399571080579,92,92,46,6
1.7731446840027789,92,93,51,1
4.0325456270673206,90,91,43,6
3.2616624808841763,90,91,49,4
5.6952146906032848,92,92,46,2
1.3020444815308132,88,89,46,2
1.9235599608901612,90,91,51,4
5.0796267064112754,94,95,46,7
4.0697337590490319,90,90,42,3
1.1952048916783147,92,93,47,1
1.2689192413856571,92,93,49,7
1.1095467099892258,92,92,50,4
0.7269606111621447,94,95,46,7
0.2509958155832819,92,93,44,2
5.1350474884596524,94,94,54,5
4.8102932179539852,94,95,45,2
3.1316454860275011,92,92,46,6
4.0173848461542532,92,93,50,4
0.7271924409039744,94,94,51,0
4.7990520976600468,88,89,51,3
2.1510709898618288,94,94,47,4
3.9423522378526288,92,93,46,0
2.8387710504186203,92,92,47,3
3.7660877439227360,92,92,53,1
5.7438702043286822,92,93,45,3
4.2460322873920484,92,92,48,0
2.4883616998042957,92,93,59,7
4.9666429594525967,92,93,43,1
3.5438826835991262,90,91,40,7
2.2831147992121630,92,93,36,0
3.9845678810221514,92,93,45,5
3.6125902651134494,88,89,46,0
0.5084980451311768,92,92,53,5
5.3825959268804375,90,91,63,2
1.5864532738843569,92,93,47,1
2.3294018261523406,92,92,47,5
2.7667201713967127,94,95,54,5
6.1999633211563427,94,95,54,1
1.7151915195911136,94,95,50,5
2.7841234091361020,94,95,46,5
1.7359838367324383,90,91,53,4
0.4942162291181351,94,95,48,1
5.4309523787705132,94,94,56,5
0.9678359164078997,92,92,55,5
4.5779119787191913,92,93,52,6
0.2378822820576067,94,94,53,6
5.7565610850304765,92,92,48,4
1.2157833072041597,92,93,47,5
2.1570942871532175,92,93,40,0
2.1251699016296821,94,94,48,1
1.5000271390345317,92,93,46,4
1.9944835309037392,92,93,42,0
0.9042114036844658,84,85,50,6
1.7945797586343561,94,95,55,0
3.9167964240532749,94,95,39,6
5.7854603879675981,94,95,50,5
6.1829425890078742,94,94,49,0
6.2831135334866985,94,95,45,0
4.5169136970203851,94,94,59,2
5.5275293468360944,94,95,53,0
2.1061906444083460,88,88,53,3
1.2965010755064306,94,95,43,6
0.2367721593481855,94,94,45,0
3.5600120815477845,92,93,42,4
6.0811776017002410,94,95,45,0
2.8851604874101318,92,93,49,1
2.3034956997111786,94,95,44,7
3.3843534317094961,90,91,50,5
5.9334418535612850,90,91,44,5
0.0798294061191560,94,94,49,0
3.7648073629438032,90,91,51,6
5.6300537672740871,92,93,57,1
5.8563972835223392,92,93,54,4
2.3243607990930819,92,93,47,1
3.8215892313865081,94,95,51,4
3.5741832105181759,92,93,53,3
0.0336585573325831,94,95,46,3
4.9819429315216874,92,92,53,7
1.7106743464620400,92,93,59,5
3.5122060069952581,94,94,47,0
3.3725022796385966,92,93,47,3
3.3813958128236150,88,88,34,2
5.2441263765513160,94,94,46,5
6.0614304661936611,94,95,47,4
3.1259988773589642,92,92,52,2
5.0159609433483530,92,92,57,5
0.0443228053598204,92,93,45,1
0.9180222005151771,96,97,53,1
2.7189251037632514,92,93,50,2
4.4987078618010292,96,97,50,4
2.1822228359044238,86,87,46,1
5.6289299883458987,92,92,31,3
5.1504392468687925,94,94,55,6
5.2405289122897019,94,94,41,2
4.0931646423837966,90,91,46,7
1.4550972325473488,94,94,46,1
2.5850980424477878,92,93,44,2
5.6030149942532894,94,95,40,7
1.2146419791410255,94,95,47,6
5.5714366282176702,92,93,54,6
1.2809327191346684,94,95,54,3
1.1678888377529690,90,91,50,5
4.3260955176369542,90,90,43,6
0.4351523396930331,94,95,56,1
0.9052008312434662,88,89,46,0
6.2347110915665294,92,93,42,4
2.5122600992341702,90,91,51,2
4.6266418294538365,90,91,47,2
2.3847941748306116,94,95,43,4
1.1391452156933930,92,93,44,4
5.8381957858238280,94,94,44,5
2.8522433719974423,94,94,44,1
1.2856387496730954,96,97,51,7
2.2709218403360643,90,90,45,0
2.5538432904658643,92,93,49,3
4.8970323406760317,94,95,49,0
0.2792433951788051,92,92,50,4
2.5168849133112268,88,89,51,1
5.6886054669565898,94,95,49,2
2.0775248027434015,92,93,45,7
0.6557510285520016,94,95,47,6
0.6228001438438419,94,95,39,2
1.0312450249685012,96,97,54,6
0.2983918788364563,94,95,41,4
5.6208809383765850,92,93,46,0
6.2241590888227147,92,93,55,1
0.5958140338128298,92,92,45,1
4.2436248013077327,94,94,52,1
4.8971824284683878,92,93,53,7
4.3052495567663014,90,91,39,2
4.8095295512534388,92,92,56,4
1.9129407173274937,92,93,53,5
5.0045027320697724,94,95,47,4
3.3889743198187015,94,94,43,4
1.0585897519880283,92,93,57,7
5.2489198775566965,94,95,47,2
0.9589527050560608,92,93,44,4
4.9565324213629403,98,99,55,0
1.9728012143186955,92,93,48,2
2.4144932531191827,92,92,50,6
2.2866919457859001,90,90,51,0
5.0559820198569021,92,93,37,5
1.6503666975216238,94,95,48,7
4.4698190724703437,88,88,52,4
0.8908135880009200,90,90,43,4
0.6923426233442722,94,95,45,2
2.2826659921926939,94,95,51,4
5.7692585450963172,90,90,42,7
2.2510319997757162,92,93,53,1
5.3589405275830986,92,92,46,6
4.2702595499520912,94,95,56,1
2.2590007896119282,92,93,40,2
4.0917296576862032,92,92,44,4
0.1281002749836984,88,89,40,6
3.4704376803624801,92,93,45,5
1.1083862154224633,92,93,48,2
1.5664995751040935,92,92,49,1
4.9647715676106676,94,94,57,6
0.4664626668462946,96,97,44,6
2.1632829369628270,94,94,53,0
5.4440905643458670,92,92,49,1
2.6231883471446000,94,94,50,3
1.3511151820666234,94,95,54,5
5.3866940180003544,92,93,53,1
0.0816705914547176,94,94,51,2
6.0835790984580971,92,93,41,3
1.0373171907638628,94,95,59,4
3.9720087894195943,94,95,43,4
2.2109944366048593,94,95,55,2
3.1986256184990847,92,92,42,2
5.2156314226647416,92,92,43,7
0.8508425630109291,94,94,50,1
2.3729924285662345,92,93,50,4
0.4791870005008348,90,90,46,7
2.6163141544373070,92,92,51,1
0.2579322353032181,92,93,42,0
2.1496440065035087,92,93,47,7
4.7503675033708834,92,93,49,1
4.2990644528505637,90,91,43,4
5.0729552132877922,90,91,49,6
4.9508192939338249,92,93,48,2
3.5606841820495414,88,88,53,3
1.5481392411269468,90,91,42,1
4.9505055511354588,92,93,51,1
0.9450880477612661,94,95,52,7
2.2957334273140444,88,89,49,5
5.2026215479579525,92,93,52,4
4.9284004694490067,90,91,49,2
5.1006316969938368,92,92,47,1
3.2695886902448787,92,93,53,3
0.7479236938621769,92,93,52,0
1.6388491124366988,92,93,50,6
3.4227785274726541,92,93,47,3
5.9568557803777615,92,92,51,3
5.7064503329199221,92,92,37,3
0.1264174064283023,94,95,52,1
2.6355704659216230,90,91,36,1
5.5094572691748773,94,94,47,4
3.3459246802538787,90,91,47,4
6.0067708305510470,92,92,43,3
5.8938462453469809,90,91,40,3
1.4901920822354182,92,93,43,5
1.0198227432931859,94,95,52,7
5.9538548862816505,92,92,48,6
1.7568664861517191,92,93,45,5
1.7542790637640751,90,90,35,6
0.0883672741074429,90,91,52,7
0.2604812662933010,94,95,50,1
3.6084049698388969,92,92,51,5
2.1803494366757108,94,94,49,4
1.5990044330731989,92,93,44,4
3.7316369062358010,88,88,50,0
2.5540685842901865,94,95,45,6
3.5985014827848620,94,95,44,7
3.0391595823882698,88,89,43,3
4.9259179566639526,94,95,43,0
4.8190333046638596,90,91,41,4
5.9938808829638495,94,95,51,6
0.6415015495948545,94,95,48,1
0.9044393322810196,92,92,54,2
3.0456422742709828,90,90,46,7
4.7484144673848432,94,94,53,4
6.0079693513065688,92,92,49,7
6.0058649173199976,92,92,58,6
1.7336835978077134,94,95,41,0
1.1976762521364719,94,94,51,4
4.6113345933462906,92,93,50,6
5.1233308488865781,92,93,53,1
5.3322476052763985,90,91,55,4
1.7133552398416556,92,92,36,2
0.7450584146915489,90,90,59,4
0.4935843552855467,92,93,46,2
6.0699833929609603,92,93,47,5
0.5655099541461464,94,95,56,5
1.1227464869360055,94,94,55,6
4.7150207692982269,92,92,52,6
1.3669961740580465,92,93,47,1
2.3491549532793226,92,93,43,7
1.4769833405456088,92,93,44,0
4.0619613606980316,94,94,48,3
4.0460684667900555,92,92,39,5
1.0355309824744445,92,92,41,5
5.9993755664598813,90,91,48,3
4.6846428853206774,92,92,51,3
0.8767217436231350,88,89,35,5
2.3581567800178598,90,91,47,4
2.5638710716476054,94,95,56,5
6.0242732965485501,94,95,40,3
1.2844207596906774,88,89,49,1
1.0446110719739026,94,95,55,6
2.0116612303860144,94,94,43,0
1.3075629576162051,94,95,50,3
5.1854999031292275,92,92,49,3
0.7704339897853164,92,93,47,3
5.3602478160117411,94,95,53,0
0.7827821365263350,94,94,51,6
3.1777907411638862,94,95,47,2
3.2708863328158206,90,91,47,6
5.4244904365412774,94,95,47,0
0.1408921619571286,90,91,44,1
4.1580876055572604,90,90,44,5
5.5133729271279730,88,88,51,5
5.2751196576209676,94,95,53,0
4.1094332508719296,88,88,45,1
3.1600153044440877,92,92,55,3
2.1207110004095924,92,93,46,6
2.5089308863178670,94,95,55,2
0.5737183764244426,92,93,42,2
3.1913013714581573,90,91,48,3
3.1956519582226055,90,91,49,6
4.1913452876046966,92,93,47,1
0.6279329804088453,94,95,51,4
4.9446567215218398,92,93,43,3
1.4832173302794733,90,90,44,3
2.5024034539192006,94,94,51,2
4.2365386056843777,94,95,45,4
5.3236932008646294,94,95,37,6
5.5157572865240114,90,90,48,7
5.3862429690817546,88,88,50,4
3.3952156992317821,90,91,50,3
2.8796401089964037,94,95,54,3
2.5167446916475229,92,93,50,6
4.3222164469792963,94,95,50,5
0.9178512462931713,92,93,43,1
3.0487989039227488,92,93,51,7
3.3508765857898899,90,90,48,7
2.2287038119030282,92,93,48,0
4.8404539186560820,92,92,55,5
3.2395626666064254,90,91,53,4
2.2839177548952625,94,94,43,0
4.9087902312857583,92,92,47,5
3.5590952441757113,94,95,45,4
5.0208077061334411,90,90,44,3
2.7163401887559160,92,92,40,2
6.0293379757006047,94,95,37,6
0.9536310018950114,94,94,50,1
4.5300352321622714,92,92,42,6
1.3791202096478172,92,92,49,7
4.9971614302907916,92,93,53,1
2.3140709247821811,92,93,44,4
5.8074982494424532,92,93,49,7
5.0349784357234526,92,93,51,5
1.2545041738580771,92,93,51,5
2.6591646192280018,88,88,41,7
5.3095348740722290,92,93,45,7
1.0682868647644121,92,93,45,5
1.4311429803173474,96,96,54,6
2.7918816011414789,92,93,39,7
0.4176982789072855,94,95,57,4
3.4172938570420346,94,95,50,3
1.4543243316506933,94,95,51,6
2.7064188345410911,94,95,44,1
4.3585585027666562,92,93,58,2
0.0661681938068220,92,93,48,2
1.5514280704862649,90,91,43,4
1.4247791875487705,92,93,53,1
2.0109378443743346,90,91,39,6
4.7562564875265929,88,88,48,4
0.1137535519120541,92,93,47,7
3.1070453040448363,90,90,44,1
3.8491601933328505,92,93,51,7
5.8164926879091938,94,95,48,7
5.1337152942562367,92,92,47,7
0.1446184245265500,90,91,50,7
5.3623049734177233,94,94,50,5
0.5949912754953801,92,93,52,4
2.1862247268993809,92,93,58,0
1.1226873380582407,88,89,49,3
5.8247991717669096,92,93,38,2
4.8239433449661764,92,93,45,1
2.2280230994872645,94,95,50,7
0.6171843106021110,94,94,50,7
1.7154022691916824,92,93,45,7
1.5292652216105069,90,91,49,6
2.1045880917468209,92,93,46,2
2.6939939518795950,92,93,49,1
1.1334742592313247,92,93,51,7
4.5378861236907424,94,94,45,4
4.0713319795690532,90,90,39,2
6.2667896309837214,92,93,61,7
5.1245363461348985,92,93,49,1
1.2865480097050253,92,92,49,7
4.5252421969959844,94,95,43,0
3.5017293588711591,92,93,42,0
0.4971965223631806,92,92,44,0
5.5882971184833492,90,90,49,2
2.8645839569556442,94,95,50,3
6.1151499595680177,92,93,55,1
0.7393480902868436,90,91,52,5
1.0943807819517872,90,91,53,6
3.8247093143980471,92,93,46,6
4.9273573130735002,94,95,50,5
1.0088393217175904,92,93,42,4
2.4162759696095293,94,95,50,5
6.0927557712128877,92,93,56,2
1.8954471202253980,92,93,49,5
6.0825101005831188,88,89,51,1
6.2282045231557239,92,92,54,2
5.9472405435245603,94,94,45,4
1.7974195800576607,92,93,50,0
2.3305994934880840,92,93,48,0
5.9356349919701392,92,92,44,2
4.4442686318677493,92,93,51,5
4.3998863758851954,94,95,45,0
2.5505961551213665,94,95,38,3
0.8834942891700480,94,94,51,4
2.1667268946906075,92,93,47,7
1.7943249959736407,94,95,48,5
0.4617909111785689,94,95,45,6
0.6816128300893047,94,95,47,4
1.4718661695016981,94,94,53,6
5.0791187618177887,92,92,41,7
6.2185078802314644,94,95,53,2
3.3204197402686138,92,93,35,7
4.3242821024738456,92,92,43,1
1.8652089317354474,90,91,47,0
3.0742663306970068,90,91,58,1
3.2404285734505733,94,95,44,5
0.1615073938344485,92,93,53,5
3.4990829207857770,92,93,45,7
3.0371523546790424,92,93,48,0
5.2954084821062803,94,95,49,2
3.1588747259086944,92,93,49,5
2.0379629168061806,92,93,50,6
4.6086164109782093,94,95,45,0
2.3351180982117730,94,95,52,1
0.0202619025673712,94,95,52,5
1.3263277393590598,92,93,41,1
0.7224190840944512,88,88,39,3
0.6659177281468629,94,95,46,1
5.8895109887733579,92,93,46,4
2.6088399461431080,94,94,48,3
5.0535970866239879,90,91,35,0
2.3131863123025238,92,93,50,4
4.4876225639178067,94,95,45,6
1.0048660804961278,94,94,41,4
5.5747566451629904,94,94,51,6
3.1393960028128407,94,94,42,1
0.7990041287654757,88,88,42,6
5.8314248829640745,90,91,56,3
5.1534628623419145,94,95,52,5
3.7830295982439539,92,93,44,6
1.3797221330776328,92,93,55,3
4.6140775599325670,92,93,54,2
4.8878668417598368,94,95,51,2
2.4359189846091223,94,94,45,4
0.1903981297033952,84,85,42,4
1.2211422387230275,92,92,55,5
5.4277094958622962,92,93,51,7
4.1185047044175631,94,94,47,2
2.7834823389650483,92,92,46,2
0.0775821243843824,92,93,42,2
2.6816534501951943,94,95,44,5
1.4669376631799125,90,91,46,3
5.0393698512937855,94,94,55,4
1.6498466078580272,94,95,39,4
3.5734417130784091,94,95,53,0
3.9144442561723110,90,90,40,3
5.6128681254134927,94,94,47,6
6.1349056431878335,92,92,36,2
1.5106387905339886,92,93,51,5
2.1043553354806268,94,95,52,5
1.9599964546968942,92,92,49,7
0.4657810983009785,92,93,55,3
3.8254820156559188,94,94,47,2
3.8023780379552998,92,93,43,3
4.2166380166154926,94,95,42,3
5.4763830499904751,94,95,52,7
5.8575973240938710,92,93,51,1
0.9415099468845235,94,95,55,6
1.6278611836451355,88,88,38,2
5.7020735050536064,90,91,56,3
5.7109437588081633,94,95,44,1
3.5364295250569384,88,89,50,6
3.8741282702435575,88,88,36,2
0.1214379635197484,90,91,46,5
2.5813070785364780,92,93,43,7
3.6153305193790075,92,92,52,2
4.3323095676669734,90,91,46,1
5.9823218443208868,90,90,41,0
1.1310571356236900,94,94,57,2
5.4998592562596746,94,95,45,6
4.7144047585588895,94,94,52,7
2.2183509381585003,90,91,38,3
3.7598906220422075,94,94,41,0
3.6275189072778975,92,92,46,2
4.3988474169770573,94,95,42,1
3.2414961090317767,90,91,58,3
2.5574913985894541,94,94,51,4
2.5217046830492604,92,93,46,2
3.0606685114919694,92,92,46,4
6.0021672906270007,92,93,47,5
3.2746913946263003,92,93,41,3
1.7847907820045634,94,95,51,0
5.8358924643577108,94,95,51,4
3.6542840198400670,94,95,53,6
1.6907292841665027,90,90,52,1
0.3998776012417867,88,89,45,7
0.6661413805008359,90,90,49,6
5.3292704623267113,92,93,47,5
4.4198876909877178,88,89,43,3
2.8120276825991626,90,91,43,0
5.5753147139228973,94,95,41,2
5.4374523549266369,88,88,40,6
3.2898636961320578,96,97,49,3
0.1113826971612581,86,87,52,1
6.0945553014827070,92,93,36,6
3.1972921146582034,94,95,53,2
1.2549476331690703,94,94,44,1
0.6510577851193771,92,92,49,7
5.2850033054345671,92,93,50,2
5.7251015124744953,94,95,52,3
3.7426458534359042,94,95,41,4
2.3199501593290393,92,93,41,1
0.7034854880771775,94,95,58,1
4.4848781795930579,92,92,50,6
3.1152419934688864,92,92,45,7
0.1836108314634786,88,89,44,0
3.5921527033388356,94,95,52,3
3.2244539243850339,90,91,50,5
5.1348010099296957,94,95,45,2
1.4458730300527105,94,94,47,0
5.0016543973693599,92,93,44,2
2.4462815746161075,92,93,51,3
1.0182294729378414,92,93,53,5
5.9476475829210456,92,92,50,0
4.2745861661243465,90,90,48,3
2.3303278677989128,94,95,55,2
3.9068321834373023,94,95,49,6
2.8814347049890361,96,97,48,0
4.8392744249532047,92,92,45,3
6.2049977747963894,90,91,53,2
3.5103072288981285,92,93,54,6
6.0807164260753686,88,89,46,6
3.9302070032478187,92,92,47,1
5.5376724344069119,94,95,45,6
3.5156663477835282,94,95,45,2
1.2084206473099079,92,93,50,6
6.1852685645818521,92,93,47,1
5.6940671230936113,92,93,49,5
2.4293602298914387,94,95,48,1
0.6710524938184825,92,92,48,4
1.6197359175364485,92,93,40,0
5.5075610476089158,94,94,54,7
1.6466629341286043,94,95,51,6
2.1527625426677388,92,93,42,2
4.9888405144771468,94,95,44,5
4.6924171492505060,90,90,45,4
1.8643305832855825,94,94,50,1
2.4837799490954398,94,95,57,4
4.3802865074802835,90,91,50,1
3.1597971523868238,92,93,46,0
4.3104022924633343,86,87,39,4
2.6493452312632386,90,91,49,0
3.4163949966542644,90,90,46,3
3.1853439981025757,92,93,44,2
5.3499424687971091,94,95,46,7
4.6808083131153948,94,95,51,0
4.6091138557642450,92,92,48,6
1.9297096579513848,92,92,46,2
3.2266401321322573,94,95,47,0
6.0077663036977222,94,94,48,5
1.2862192983726437,92,93,45,5
5.4741291618654371,90,91,45,0
5.0556693015629950,92,92,57,7
2.5581870836627645,94,95,47,4
4.5326786293642121,90,91,38,5
1.2379907486812840,94,95,45,6
1.2126974296288435,94,94,59,6
6.2572122468341522,90,90,46,5
0.3005443415823256,88,89,42,4
5.9985892373825598,94,94,47,2
5.2545044606983113,92,93,43,7
3.1619841535932602,92,92,49,1
3.5139127463537170,94,95,54,1
2.7369940013280676,94,95,38,3
4.1538116377609233,94,94,43,2
6.1307035591264709,90,90,43,6
5.2635505897530379,90,90,43,2
0.9911136905587584,90,90,47,4
0.6221624595925842,88,89,40,2
0.7525394261836031,92,92,52,2
6.1349432955667043,94,94,52,3
5.2905510444547170,92,92,44,4
4.0261796320828456,94,94,40,3
5.4207900693896898,94,94,50,7
2.1830796605743115,94,94,52,1
2.1076105851653923,94,94,45,6
2.5525365900312225,92,92,45,1
0.7909042124882117,92,92,49,1
1.9815746813984805,90,90,51,4
2.5433329503269300,94,95,51,4
3.3334976053152556,94,95,50,7
3.7121994314094384,94,94,52,1
5.3164639546999739,96,97,40,2
1.9483468346228243,88,89,46,4
2.5751275941396909,92,93,55,7
2.0330678404729685,92,93,47,5
0.8563553339258185,96,97,49,7
0.1956289076934002,94,95,50,3
4.8462728604164003,94,94,52,1
4.7676364058795100,94,95,43,4
4.7880597445161435,94,95,51,2
6.0674344692347448,96,97,51,1
2.4576996040361601,90,91,52,3
3.3561930083822205,96,96,47,7
4.5641943090106531,90,91,40,5
3.1671540817677704,96,97,59,1
5.7212263840843463,90,90,44,1
4.2435805679056600,92,92,51,7
1.8131635609542851,94,95,46,7
1.4742210881420490,94,95,53,0
0.5484773643213742,94,95,51,0
0.4832242496933440,94,94,42,5
2.8844722953717374,92,92,47,3
0.9624912190260519,94,94,51,6
0.9750991731588486,94,94,52,1
2.6711884240998871,94,95,46,5
4.1323410755956447,92,93,45,1
0.5352188783684290,86,87,44,1
2.4244526933183623,92,93,45,3
3.2526345797858331,94,94,48,7
2.9538416147289093,90,91,42,3
4.9335041842600047,94,94,49,4
0.6413312610001102,92,92,48,6
3.0887683596093294,88,88,52,2
6.1829202849694154,90,91,54,5
1.5790213902546608,94,95,48,7
2.4080870567678314,92,93,52,2
4.5783511072842336,96,97,56,4
3.5319228337154236,92,93,41,3
5.9414009223273299,92,92,49,7
6.2526956025896077,90,91,45,4
2.7575004029598498,94,95,48,3
5.0668838959204017,90,91,46,7
1.7888477772675619,92,92,45,7
4.0031504169884684,92,92,46,2
1.2054320159768981,92,92,53,7
1.0092651030326600,90,91,52,7
4.1181666700951336,94,95,45,2
5.2529776843906362,94,94,52,1
5.7326776171671296,92,92,48,0
2.9174364601718668,92,92,47,7
4.1877720763158841,92,93,50,0
0.5456547610684397,94,95,55,0
3.7737156377843211,94,94,50,7
5.2397707448542903,90,91,50,5
3.6787647846324023,94,94,48,3
5.7327710384325643,90,90,41,4
5.4324407108256949,92,93,46,0
3.5443511532791216,88,89,51,7
4.2791002728822836,92,93,48,4
0.9606958022313213,90,91,51,4
1.0882235832832645,94,94,44,7
4.9591890307894815,90,91,44,1
5.4805441785444842,90,90,42,7
2.6285925780480994,92,92,53,3
2.0717784012296212,92,93,47,1
3.6311340569971966,92,92,55,5
0.1615928474819591,92,92,58,2
6.0752508278733020,94,94,65,2
2.2402381664242279,92,93,42,6
3.9058206111680667,92,92,60,2
2.3259462942038245,92,92,47,7
0.8344320311662365,94,95,56,5
5.9725916293308892,94,94,47,2
1.3763915735136363,94,95,49,6
5.9444153728611973,94,95,49,4
3.6957730496832806,94,94,48,7
5.8603988936278109,94,95,52,3
1.6677506684022352,90,91,51,2
4.3841375906898090,92,93,49,5
5.5720731719862915,92,92,52,0
4.9560210153566793,92,92,51,5
5.9974830893621842,92,92,52,4
4.2730293806359469,92,93,36,6
5.4805395566062467,94,94,36,1
3.0072304335448474,92,92,52,6
3.6249475729962017,92,92,56,2
2.2025685672032171,92,93,49,1
0.8302923026577639,88,89,45,1
5.4207519683463836,94,95,46,7
2.3633501221355382,92,93,57,5
0.1148914668869724,94,94,52,7
3.7880276844028242,94,95,44,1
2.9293810931188626,94,94,52,1
5.8262613377390888,92,93,43,7
5.0948192470238780,92,93,46,2
0.0372056145548106,92,92,48,6
3.2123756331842901,92,93,50,2
5.5812284432433499,92,93,61,5
4.7605334031379956,94,95,49,0
2.0376274809905386,92,92,42,6
1.2096476679892991,92,93,50,0
0.5605356323086705,94,95,52,7
0.2009353633433042,92,93,48,4
4.7093124984242776,92,92,42,2
2.5260275757314732,88,89,46,6
5.8680770497324772,94,94,54,1
5.5971234849784608,92,93,52,4
2.3824302081102799,92,93,41,3
5.7393987530060127,92,93,47,5
4.9586120069234685,92,93,46,4
2.1597964521101720,92,93,44,6
4.7964961722974850,90,90,50,5
1.8277905668727079,90,91,43,4
0.1384966432498357,90,90,56,1
0.2265967704554649,94,94,43,2
2.3598826218277527,94,94,56,3
5.6939055795206865,92,93,38,2
6.1411325865195243,94,95,41,2
5.3895696763610506,90,90,45,2
1.1568322850487409,98,99,60,7
5.4009447338893333,92,93,61,3
1.2903315134657412,92,92,46,0
0.9385391199117619,92,93,46,6
4.3684254502172806,92,93,43,7
4.8287109000210222,92,93,46,4
0.7949380731832071,88,88,42,2
3.8151809145203166,94,95,54,5
0.7411141862041035,92,93,47,7
4.9211026001753888,94,94,46,5
2.8191745052022288,90,91,47,4
2.1575416688161084,90,91,44,5
0.3741382926705958,88,89,52,2
4.2273552177391887,90,91,50,3
4.8075321502361312,94,94,53,0
2.7808582913156452,92,92,40,0
4.7359900047459282,92,92,48,6
5.1377662689855557,94,95,45,0
2.1957596151597438,92,92,52,2
3.5050226760020879,88,88,46,6
3.8964964281527292,90,91,46,5
0.9856013904092881,92,92,55,1
3.1479658886453064,92,93,50,0
4.8431545086272809,88,89,40,4
5.0139283835343225,94,94,48,3
3.8589380303686456,94,94,39,0
2.3996330532617027,94,95,48,3
3.1663066711079382,94,95,54,7
5.3548320870501005,94,94,51,4
4.3203983794250513,92,92,51,7
3.6703875352332878,94,94,43,6
2.9682593870724001,94,94,44,5
6.0723916479506412,92,92,47,7
5.8573426985958363,96,97,64,6
3.1642791666907901,98,99,51,4
4.9451631644323282,92,93,43,1
5.4250474664844788,94,95,44,3
6.2088933558956620,94,95,49,4
1.3945568588572894,92,93,49,3
3.3221306913280899,94,94,51,2
4.5720978594046651,92,93,51,3
2.7074051882192354,90,90,37,0
6.2286848485935362,92,93,48,6
6.0814881633409295,92,92,58,2
4.5040444624464318,92,93,47,1
3.5559499398546142,88,89,54,2
5.1616977753134901,92,93,50,2
0.7455142217149515,94,95,51,4
2.7367638214450807,92,93,37,1
3.4599185838406874,92,93,54,6
5.2795924699844452,92,93,47,1
4.1190974909339992,88,89,49,3
1.2066049877902998,90,90,33,0
5.8569258309085788,92,93,45,3
1.0533682128746753,92,93,45,7
2.8589657190457212,92,93,45,3
2.9603341624673787,94,95,51,6
4.7509150045314463,92,93,44,2
3.1111154385213919,90,91,56,5
2.0267739673685954,92,93,46,2
6.2665740146836022,94,94,57,4
5.0590164775911770,92,93,46,0
1.6465135678240865,92,93,42,6
5.6174207277429922,94,94,50,1
3.3433023611472144,90,91,43,6
6.1893120982245895,92,92,40,0
1.9299420684664295,92,93,55,7
5.6333467900836478,94,94,43,4
1.1280412036727983,94,95,57,2
5.5643244526798750,94,95,56,3
5.4403076615329873,92,93,42,6
0.4466979624233519,92,92,54,4
5.2334039047220111,92,93,44,0
0.6374702763815019,92,93,45,1
3.7610253393858080,92,92,48,4
0.2068799449514850,92,93,47,1
4.3996888413794206,94,95,51,4
6.1720476199022380,88,89,47,7
0.9812810817105503,96,97,40,2
0.3787328437480807,90,91,47,4
1.6364813019435600,92,93,53,3
1.2258741734771545,94,94,47,0
2.9975017322026813,94,95,45,4
2.9944896481091119,92,93,41,1
1.0196756215151903,94,94,48,1
4.2310538276969716,92,93,42,2
5.3528958860375981,90,91,47,4
3.4630965608399800,92,93,56,0
0.1047454543456027,92,92,51,3
4.2073785109247499,92,92,53,3
4.4622382552537045,94,94,49,4
2.6515847854902534,92,92,51,3
5.0483256129997240,94,95,49,6
3.2089838072331944,92,93,36,0
6.1422074154865332,86,87,39,4
5.0800627824887279,94,94,46,7
3.1558772919550884,92,93,54,6
1.2872372296145529,92,93,50,2
4.1095265567422743,94,95,54,1
3.9447688879905058,92,92,44,6
1.6428147628466596,94,94,46,5
1.6736286996946215,94,95,45,2
4.3384091637107334,92,92,50,6
0.3377379923499648,92,92,48,6
2.1299578984802467,92,93,50,6
5.4891184394213060,94,95,44,1
3.0074379595301384,92,93,49,5
4.1415544029894589,92,92,46,4
2.4669238298971816,92,92,51,5
5.7888353153252394,92,93,52,0
2.9577505033660363,92,92,49,3
1.3966224852207951,90,91,43,6
2.6237712948775256,92,93,47,1
1.6417755487985961,92,93,44,4
5.8312871742462145,90,91,41,6
4.3760171505601839,92,93,44,6
0.3010585265674506,92,92,44,2
1.2071345860575846,94,95,51,0
4.1297785349417415,92,93,42,0
6.2447895223869967,90,91,52,7
1.7437946517034941,94,94,51,2
3.6058113192713925,92,93,49,7
2.2983657012734997,96,97,44,0
4.2962786122296182,92,93,52,6
1.0297225805289876,94,95,42,3
0.2977043458755974,94,95,43,2
2.7056303456190109,92,92,42,0
6.0547670910628080,94,94,53,6
5.2557689875010034,94,95,46,5
5.0705373327813952,90,91,55,6
2.4457297216043328,92,93,41,3
1.8073723167572624,96,96,51,3
3.3860199335126833,92,93,49,5
1.3077189332957002,92,92,43,3
0.0372050133071665,92,92,47,3
2.1739291846062310,92,92,49,3
0.7710453065773943,88,88,41,3
0.8266631360456632,92,93,44,2
0.5386421841288159,94,94,50,7
5.1406196130192114,94,95,53,4
4.2303949479372003,90,91,47,0
2.6315626117668871,88,89,50,6
5.5026938229683200,90,91,54,5
4.2562743477894864,92,93,48,0
4.4814252004546358,90,90,51,0
0.5631152363058874,94,95,46,5
2.0812359706901615,94,95,42,3
6.2001605892788785,94,95,38,7
6.2482354301107659,94,94,45,6
4.5893809408173167,94,94,52,5
3.7296408851513432,92,92,45,1
3.3785026326589054,88,88,39,7
0.7675462221149860,92,93,60,6
3.3287366764138051,90,91,41,4
2.2003468419825913,92,92,47,3
5.9018252363147390,90,91,58,3
0.3187487811139232,92,93,52,6
2.5850409704355686,92,93,45,5
0.7701036529270137,92,93,52,6
0.8105821782884167,94,95,45,0
4.7799578484038685,90,90,39,6
3.0100649854508292,94,95,49,4
4.5998194381695496,94,95,45,0
3.1905341447211994,92,92,44,2
1.9348878986011475,94,95,47,6
2.7212249498187084,94,95,47,4
5.7446735165788594,92,93,50,2
4.2141377606228332,90,90,41,4
3.9731695231445476,88,89,36,2
3.9246433855249365,92,93,44,2
0.3163996580599956,94,95,44,1
1.8521638286981024,90,91,44,1
1.3716265771324700,94,95,51,0
1.0907910594992789,94,95,50,5
3.9335780867415249,90,91,46,3
3.4385477038171315,96,96,43,3
2.7672183817001139,94,95,52,7
3.6395835743397322,92,92,46,2
1.6842397809786589,92,93,53,5
3.7518453956889024,92,92,45,3
3.1218534467465826,92,93,49,3
1.1259755986761306,96,97,53,7
4.9114714575442973,90,91,50,1
1.6296118373836135,94,95,51,4
3.6845919721637634,90,91,48,3
3.9516229277309494,92,92,35,7
4.6133246223645408,92,93,51,3
2.4164582402049914,92,93,55,7
5.8564260990962671,90,91,52,1
6.1328812540221458,90,91,39,0
1.5512793979857142,94,95,48,7
1.3519619506065585,92,93,55,3
3.8591592316588512,90,90,44,1
6.0625526179935889,84,85,45,7
1.0126489272680603,94,95,48,1
5.2364310961447353,90,91,34,7
1.6739407950815213,94,94,42,5
0.2266810061571964,94,95,38,7
3.4712674945807942,94,95,48,7
0.2883596151346053,94,95,52,1
1.4655645213323447,92,93,48,6
1.8079808453595809,94,95,47,0
1.6893199236752126,94,94,49,0
5.7690940883537962,92,92,45,1
0.2684752545238917,88,89,48,0
0.4322767196327424,92,93,49,1
5.3146384093771450,90,91,41,0
5.0192870141842434,94,95,50,7
5.9464081531892967,90,90,50,7
1.3249034919991269,92,92,47,5
2.0695073609293870,92,92,48,6
3.7330678234669246,96,96,45,7
1.7352291401051245,86,87,53,4
5.3012701415873398,94,95,44,1
1.2617508829228561,92,93,38,4
4.9235057308128889,92,93,45,7
5.2439131030658350,90,91,51,4
2.1154144335143568,92,92,54,6
2.4852207382845757,92,92,46,0
3.1700453721389863,94,94,57,0
2.8941328034566514,92,93,48,0
4.6269609463897803,92,92,41,3
2.1819600806676673,92,93,49,5
1.2711951111429303,92,92,47,3
0.5350539752669503,90,91,49,0
4.7986817159540989,90,91,46,1
5.1571913619269205,92,93,44,6
6.0091975230689965,92,93,49,1
5.8695296861911315,94,95,46,5
5.0642640488570896,92,92,48,0
4.2268447472783874,92,92,51,5
2.9876668633044208,90,91,44,1
4.2241472422655262,90,90,57,2
2.6992984650190208,88,89,45,3
3.8459515280422369,90,90,40,1
0.9560541194786152,92,93,55,1
3.3958441730601523,92,92,45,1
0.6439600450075026,92,92,46,4
4.0050168467001139,92,92,52,2
4.9122627082945600,92,93,49,7
2.9382930471111028,92,93,47,5
1.3351412244817857,94,95,45,0
6.0388216531485224,94,94,49,2
1.1997429494429432,88,89,54,2
5.9468179399077599,92,93,45,3
5.6876709028862180,90,91,51,6
5.8543431176822311,90,91,51,0
4.9646279901951971,92,93,41,1
2.2465038302587081,90,91,42,1
0.4423044378880433,86,87,48,5
5.7531581519944277,90,91,44,5
3.1057617137829188,90,91,46,3
0.4020898267567578,94,95,53,6
3.2129865013015646,94,95,52,1
3.1860299203941151,94,94,53,0
2.2660487010980748,90,91,50,5
5.7781555840990633,96,97,52,4
1.9278733882851020,92,92,55,7
2.0028360339256994,92,92,51,3
2.1368415507211718,92,92,43,5
2.7548188548352872,94,95,50,3
0.9408705742957767,94,95,45,4
5.8746028966567074,90,91,47,0
3.4401185521880917,94,95,59,4
0.2023631418547797,92,92,49,3
2.6244981397912781,92,92,53,1
2.9844872441949759,94,95,48,1
1.1047893889750364,92,93,44,0
3.8278539555983704,90,91,50,5
4.8477345399142155,92,93,52,4
3.4211556197670756,90,90,39,4
0.4605260384424129,92,92,43,7
1.6595355431734731,90,90,45,2
5.2620921434507508,90,90,50,1
3.0761565843118248,94,95,50,1
1.1820217363584544,92,93,43,3
2.8544313370995931,94,95,55,0
3.5279675304264759,92,92,49,7
0.6486966039579667,92,93,39,7
2.8163447425500512,90,91,45,4
5.3195468231607475,92,93,53,3
6.1740009993208922,92,93,50,4
5.9294486447507184,94,94,55,0
5.5641670309410358,92,92,49,1
0.0583252209658312,94,95,56,5
3.4075131270319106,94,95,49,2
1.2666822188694942,92,93,44,4
1.4704675866811567,92,93,51,1
0.8618735654533304,92,92,41,5
1.6744205557687295,92,93,47,7
2.7844272924002853,88,89,61,5
5.0706082137538129,90,91,36,7
3.3854069374272080,94,94,42,3
4.4251576936774235,94,95,41,2
2.2965271904298290,94,94,43,4
0.5719348729743198,92,93,57,1
2.9513590511219321,92,93,54,4
0.8880374501674579,94,95,51,2
4.0244897205040759,92,93,49,3
3.0124305021044133,92,93,45,1
2.3709878090296659,92,93,44,6
3.0900459872076285,92,93,46,0
4.1804600027343559,90,91,39,0
2.3459579563802908,92,93,50,4
3.4039342920377607,92,92,47,7
3.6602332843520031,94,94,42,3
5.0705550673991180,92,92,50,4
5.5148745369593817,94,95,55,6
2.0744599130731767,94,94,51,2
0.3183384141460903,92,93,43,3
0.8528830216134954,88,88,44,6
6.2815034923836537,90,91,50,1
4.0078278435344652,92,93,54,4
1.3665440376184221,92,93,53,1
6.0129959259316887,92,92,42,0
4.6240118654310605,88,88,40,2
5.8600151868203385,90,91,35,6
2.0474467292046161,90,91,55,0
6.0637687780192655,92,93,46,6
5.9445034962001229,92,93,58,4
0.5212482785540414,94,95,42,7
3.7369665277151523,86,87,44,5
0.8429694219067654,90,91,50,5
0.1764688456751755,96,97,43,5
6.1130317651733179,92,92,51,5
4.4541103657531353,92,92,46,0
1.6630623808375804,92,93,57,3
4.4364668333577040,90,91,42,5
1.3777910328340974,94,95,47,2
4.9906445961744206,94,95,50,5
4.5717806929714673,86,87,38,3
2.9370297443775546,92,93,43,7
2.2365994353494001,96,97,49,3
6.2106902284783558,94,95,51,0
5.2651518504846058,92,93,49,5
0.4086975044508117,94,95,49,6
5.0054123023012211,94,95,52,3
3.6092993366860173,94,94,43,6
3.4539224050708852,92,93,37,7
1.1386355659049170,94,95,53,2
2.8958305400299795,92,93,51,1
4.8332244842399383,92,93,53,7
2.6536827773618046,94,94,44,3
3.0166025726176460,96,97,52,6
3.3175877074511915,92,93,44,6
3.8190519751395446,92,92,55,1
2.7481187890504195,92,93,42,6
0.4844668786775399,94,94,50,3
4.6571242762253782,94,95,52,7
1.2967733795235199,88,88,41,3
4.3890127510378658,92,93,46,4
4.4033749120264716,88,89,40,0
0.4760365358523913,90,91,51,0
5.2608772666240009,92,92,37,5
0.3840541409004082,94,94,56,1
4.3918873738783972,88,89,51,3
5.3719685370357588,90,91,50,1
5.6503153224405969,90,90,48,5
5.4413520487902858,92,92,44,6
2.4268345052215547,92,93,43,7
1.0624029250741394,92,92,46,6
1.3375317138393223,92,92,49,7
3.6899758763158892,92,93,55,5
1.8879586731674465,88,89,39,3
0.0818630468145699,90,91,55,2
1.3769990379850654,96,97,55,7
5.5768768671950362,92,93,51,5
1.0418759428249980,92,93,49,5
3.1243056582060249,88,88,49,1
1.7916750987550549,90,91,55,4
4.4012551496371213,86,87,49,2
1.6257610969736123,94,95,42,7
0.9455605133073354,94,95,54,7
3.7756381067797893,86,86,32,1
2.8623810579209623,88,88,47,3
1.6807572767785661,92,93,56,2
4.8964692211067504,92,93,50,2
3.2817798118280526,92,93,51,3
5.1019393779796509,92,93,40,6
5.0899593853259875,84,84,42,4
2.9264567462010644,94,95,52,5
5.9245744284072943,94,95,58,3
4.2491813766558186,92,92,46,4
3.3218719907705014,90,91,44,7
4.7615315384147499,94,95,42,5
5.6289732648879029,94,95,50,1
4.7462449208123552,86,86,46,7
5.6435401313254552,92,93,39,3
0.3105981056104546,92,93,44,2
2.7640372805979476,90,91,52,5
4.6559710165054238,90,91,38,7
1.3749951319297748,92,92,53,1
4.8068990568943732,92,93,51,7
4.2395133816925314,92,92,43,1
4.5163650080495055,94,95,43,4
5.3046187895019425,94,94,51,0
1.6683411154905721,94,95,48,1
5.4286338770861358,86,87,39,0
5.8954521263364379,94,95,44,1
2.1440244261208234,94,94,57,2
0.2111251206991180,94,94,48,1
0.7102566002639925,94,94,43,4
0.7059462967455444,94,95,50,7
3.5531068101039693,92,93,55,1
6.0454736214677025,94,95,41,6
0.4912575448987153,96,97,53,1
5.7413626300031320,92,93,43,5
0.3179909922083500,92,92,44,6
4.4158371649341905,90,90,42,1
2.8394807866158782,92,93,45,1
5.0478038071266953,94,95,42,7
5.1996761934017686,92,92,47,5
3.2237972889232620,90,91,53,4
5.1682694588602782,92,93,41,1
3.5767838774061897,94,94,44,1
5.0332703391547469,92,92,41,3
5.6823193926352245,92,93,49,3
1.2989327133734085,94,95,57,0
0.4494913900473038,96,97,55,5
2.5653227071695923,92,93,40,2
0.6935096170050362,92,93,42,4
4.3724837908348562,92,93,55,1
0.6632872145892657,92,93,37,1
0.1777644852758141,86,86,51,4
4.8430957181620373,94,94,46,3
5.9398679260802254,92,93,46,4
0.6323084280827279,90,91,51,6
2.7349063399046791,90,90,46,5
1.1812201783781742,98,99,47,6
5.8848072648390319,92,93,58,4
4.1196545542906584,90,91,45,2
2.6656706944684969,94,95,49,6
5.1159214209087036,92,92,44,0
1.4494851301116705,92,93,47,3
4.6133552255460915,92,93,47,5
1.7679156563131335,92,92,50,4
1.0770743467846817,92,92,37,3
2.8973617505494516,94,95,55,2
0.7717750584050710,94,94,46,7
5.4238031957019439,94,95,57,0
0.8208236998050558,94,95,44,1
0.7962285397965355,94,95,55,6
1.4362142665204516,92,92,49,5
2.0705790524769472,94,95,49,2
4.9978965655400334,90,90,46,1
3.1684818937784498,92,92,52,2
5.4640963475345607,92,93,42,4
1.5580639135973482,88,89,46,0
1.9889264235409838,90,91,45,6
2.0955227010769413,94,95,54,5
2.0544074520729092,94,95,57,2
4.4007350104240750,92,92,48,2
4.9367176532330079,92,92,50,0
3.5519130914341246,94,94,50,3
1.0605170415927132,94,94,45,2
3.9374112145097646,94,95,44,7
1.8701713925242018,90,91,39,2
3.8224730541396683,94,94,52,7
0.2240013141385541,92,93,54,2
4.7613348679180856,92,93,49,1
0.8307699829047559,92,93,41,3
1.5641557774777621,94,94,45,0
1.7229644690379724,90,91,48,1
3.9435737668411863,94,95,47,4
0.7891772286543841,90,91,55,6
0.8083238225820782,94,95,47,4
4.9129526693324461,92,93,48,4
2.8428384064609440,90,91,47,6
6.2480989746839741,92,93,50,2
3.3340244475159069,88,89,49,1
0.1911140860558092,90,91,50,3
1.5076572497938878,92,92,46,6
4.4438355561346032,94,95,58,3
0.9246576591907758,94,94,51,0
6.1345047923640745,94,95,58,5
0.6391177653333719,94,95,48,5
3.7517005050790329,92,92,47,3
3.0085980166508888,94,95,55,6
3.1695834402947707,94,95,54,7
0.6785273652644898,96,97,52,2
1.4119590687907186,88,88,41,1
2.9174583832951031,90,90,42,3
3.7968001813572405,92,92,47,5
2.1850396611744074,92,93,58,0
3.8043850593633497,92,92,48,6
4.7594373588902714,90,91,45,2
1.5892402423226757,92,93,53,1
1.1875605888501388,92,92,57,3
4.8914708717473765,92,92,55,7
4.4897791666778826,92,92,47,7
3.2352386707535894,94,95,47,6
2.0217904101380482,90,91,47,0
2.0071332150165260,92,92,55,5
4.4401861195855945,84,85,44,6
1.3728026674966751,94,95,47,4
5.3401231067673605,94,95,47,2
5.3600511372163737,92,92,52,6
1.8036170138322241,94,95,48,3
0.3131887863688914,94,94,55,2
3.6671856634136790,90,91,44,3
5.1168203716297356,90,90,43,0
2.2806314073277347,92,93,48,6
2.5534106807549333,92,93,52,6
0.6715944645998271,94,94,43,4
0.1351692149689181,94,95,52,3
1.6941035014071657,94,95,52,5
2.5921136927522119,94,94,40,5
5.7385708543489766,94,95,42,3
3.5508643433459723,92,93,54,6
0.8447964536133505,94,94,50,1
3.0611767659151576,94,95,48,3
5.4931255668777768,94,95,45,0
0.7006378314580672,94,95,47,6
0.7031200757935638,92,93,39,3
2.8259787005772798,92,93,52,0
6.2246876454495901,94,94,50,5
4.7651244041631848,94,95,48,5
2.9705056877757721,92,93,42,6
5.2336933223874356,90,91,47,4
0.4659811133145279,92,92,49,5
2.4399475034290439,90,91,47,6
5.5802616598606631,92,92,41,3
1.9944541347762967,90,90,51,4
3.7435770073856061,90,91,43,0
5.9401560221100684,88,89,38,0
4.0074581682325503,94,95,52,5
3.5595545971112044,92,93,45,7
4.1239291664709601,90,91,46,7
1.5865477141315056,94,94,36,5
2.1390204058284912,90,91,47,2
4.8442340971626123,92,92,45,1
1.4658966367867488,90,90,44,3
1.1649042211223126,92,92,44,2
1.5244905567937557,92,93,46,4
5.0075259977745565,90,91,50,7
6.0821848623236470,92,93,49,7
1.1965441383461888,92,93,47,7
2.5052771455557141,92,93,40,0
3.4366252373353383,92,92,46,6
5.7964989932121469,90,90,44,1
3.9439978390534445,90,91,49,6
2.1849248761446391,92,92,48,4
5.9745807212290671,94,94,45,0
5.1457938821506657,88,88,55,1
0.1740419504376297,94,94,54,1
5.9486308837175326,92,93,49,1
0.7085713527075853,94,95,46,5
3.9714251011450048,92,93,48,2
0.5157325790648820,94,95,54,3
5.4603313883991857,92,93,48,6
4.9203844732512838,94,94,54,1
6.1767893341331463,90,90,50,5
4.6512300493907031,92,93,46,0
2.7481256342005671,92,92,50,6
3.1602788704058944,92,92,56,0
5.0320516336465255,94,95,50,5
4.0667795558957547,90,90,45,2
0.1363063827380213,90,91,46,1
3.8187647304782466,90,90,35,0
2.6032845784995300,92,92,45,5
1.4157345798215382,94,95,44,3
3.6964698153884301,92,92,52,2
2.1282524451039326,94,95,57,0
0.0833733208628723,94,95,58,3
1.5346849991936973,94,95,44,3
3.3150952292579290,94,95,47,0
4.4296688513346920,94,94,48,1
3.3922749319888590,92,93,46,4
2.8977146039869064,92,93,49,7
3.0452685981944678,94,95,39,2
5.5317918605766803,90,91,53,0
1.4152406377358457,92,92,51,1
3.1362572947210818,92,92,46,6
5.3226765984067503,90,90,55,4
1.1440789882829494,92,93,37,7
4.6902294273119871,92,93,49,3
2.2206713783513656,94,94,48,1
4.2051181579655248,94,95,47,0
0.7327871931074831,90,91,50,1
3.6652892899220939,92,92,44,0
4.9267668047706898,96,97,47,3
0.2725028695692064,94,95,53,0
2.5418714087422392,94,94,49,4
0.0184708686385451,94,95,46,5
3.6471142971850883,92,92,45,1
4.4653852037268171,94,95,48,7
0.7967250026655748,92,93,53,3
5.8773140079557207,92,93,51,5
0.9082105255308011,94,95,45,0
5.6001800121189778,88,89,39,5
2.7288896404087155,90,91,46,5
0.2476326637636261,94,94,57,4
0.2396499270276011,90,91,38,7
5.8233305982263275,94,95,55,0
2.2627302553786151,88,88,47,5
1.6671276196525309,92,92,46,0
4.2065906208949650,92,93,55,3
5.8210174481943922,94,94,42,3
5.5287185400675432,92,93,41,7
4.7055369701996232,92,93,47,3
5.1988197459787715,92,93,48,6
2.3345930131959345,88,89,52,4
2.8423895142454811,92,92,45,5
5.3930486199993215,92,92,43,5
1.5539776540817418,92,92,46,6
3.3387500103951324,92,92,51,3
3.3368797419631906,94,94,43,6
1.8946802237106961,84,84,36,2
4.8326580254093336,92,93,50,2
4.8200278533790879,94,95,48,1
4.0142368636554755,92,92,45,3
3.7909773763401438,92,92,51,5
3.4624246559554575,94,95,41,6
3.9410147795082922,88,88,40,2
1.0269250065071807,88,89,52,2
5.1582193784752368,94,95,46,5
4.6647508320542492,94,95,45,0
4.5949367936009988,92,93,49,3
0.9020701393063921,92,93,51,7
0.4205053221862335,90,91,50,1
4.3795695954463056,90,90,46,5
4.9720007939861759,94,95,46,3
0.7194498389530012,96,96,54,0
1.9002157648242184,90,90,48,1
2.1204497122427579,92,92,45,7
4.2695301567829738,92,93,44,6
4.8337614326101397,90,90,41,0
0.8864149766694479,94,95,44,5
4.7945694875823053,90,90,46,1
0.0544483830117186,92,92,47,5
0.2857099893521552,94,95,46,3
3.7257740131507697,94,94,54,1
5.7441949339633460,92,92,45,5
4.3864579847561158,92,92,56,6
2.5101122229225763,92,93,55,3
0.2504072800728722,94,95,47,2
1.5913127862973659,94,95,49,0
5.4013407597759819,90,91,44,7
4.4303646305951911,92,92,49,7
1.3357494325607071,92,92,52,0
3.1484815954553547,92,92,47,7
3.4978984292305926,92,93,57,1
5.3162828807796760,88,89,42,2
4.0714465031521776,92,92,39,7
6.2593587728907627,90,91,41,2
1.1925181269291489,94,94,42,5
5.0518423601186644,94,95,44,3
4.1412164548572097,90,90,42,3
5.4933753113862984,94,94,53,2
4.4435116097878664,94,95,54,1
3.5685126406482932,92,93,48,2
3.6335468446469794,94,95,52,5
4.5814713306012278,94,95,43,2
5.0568785959659595,94,94,51,4
0.7614062306541864,90,91,43,2
3.2890043428561397,94,95,47,4
5.9170133133216227,94,94,41,0
0.3498875751022312,90,90,49,2
1.4016784461483560,92,93,44,0
6.1918807711654118,92,93,52,0
1.3993488289864981,94,95,47,0
5.5496907479217272,92,93,45,1
2.3472386979988520,94,95,53,2
2.4580161596882326,88,88,41,7
2.8186357390167500,94,95,46,1
1.3023498699818064,94,95,52,1
0.1490084846322401,92,93,51,3
0.1510645670309399,94,95,47,2
4.4423960713754562,92,93,47,3
2.9277743088420323,92,93,57,3
4.3523206768775839,92,93,46,6
3.0780468998859458,92,92,49,1
3.7315368586898425,92,92,49,7
1.0488676526674114,94,95,50,5
1.0838842854005202,94,95,50,3
5.2851672173564639,94,94,54,3
5.1682006980262569,94,95,55,6
2.6341535066561494,90,91,49,4
2.7949706283069098,92,92,48,2
0.8600677395514104,94,95,46,1
1.0890289299120253,90,90,52,3
6.2059667212224285,92,93,41,5
1.5680595215472422,94,95,46,7
2.6709960706596116,92,93,44,4
4.9683614130405349,92,93,46,4
3.6742976395030076,90,91,53,4
0.7949321819434292,92,93,46,4
0.0446327088201220,94,95,48,3
3.5889820942326347,92,92,43,7
5.1802502127534806,88,88,49,5
3.7837080376646046,94,95,45,4
1.4489530617825377,92,93,54,0
0.3499912627999845,94,95,41,2
2.1899848240473405,92,92,43,7
2.2997857715447667,94,94,49,6
4.6053770983871640,90,91,44,1
1.0321117869565979,92,92,51,5
1.7171186516859789,92,93,47,1
2.6584819970258335,92,93,36,4
0.9946609141646987,88,88,44,4
2.0680448772345357,92,93,50,2
4.2171845766722473,94,95,44,5
3.5827645862352355,92,92,49,3
0.7009658299354367,92,93,50,2
4.4747255435740234,90,90,45,4
6.0339074795629335,90,91,46,7
2.6498464080844033,90,91,45,6
4.0579141164781127,94,94,54,1
4.3048062269180125,94,95,51,0
6.0067836381752393,90,90,43,0
0.5503179390636763,94,95,56,5
2.5800750315842214,94,94,42,3
2.2072456730543815,94,95,57,0
0.2545566192965901,94,94,53,4
4.4030257331860518,94,95,57,2
4.7752846517415204,92,92,50,4
0.5944635193891710,94,94,45,4
2.6340765716807168,92,93,44,4
5.4543260867824568,94,95,44,1
3.2508067043248845,94,95,51,0
3.3167793687178051,90,91,47,4
1.8439412796323167,94,94,54,7
1.3203564900799638,92,93,40,4
1.4669391452962999,92,93,51,3
3.1313113306797886,92,93,52,2
1.5140543438620284,92,93,56,0
2.1423886572892177,92,93,46,4
4.1786155975116355,90,91,48,5
4.2900866691419326,94,95,50,3
2.1619943296253901,90,90,50,3
1.5553807445234937,90,91,51,2
1.9858298690404741,92,93,49,1
2.8418145369229384,92,92,46,4
5.3652576248898871,94,94,45,0
5.2447336971374048,94,95,41,6
1.1080198517629112,92,93,50,6
3.3761797836097998,90,90,48,3
4.9762443321860363,92,93,43,5
5.3983409558998732,90,91,44,1
5.3287845701401073,94,95,54,3
3.9720559649090745,92,93,46,2
1.7926938334428262,90,90,48,3
3.3667987662972303,94,94,49,0
3.4252994558204395,92,92,56,2
